t,frameMs,tickMs,buildMs,encodeMs,gpuMs,inkMs,instances
0.000,31.88,0.00,0.16,513.14,0.00,0.00,374
0.519,518.88,0.00,0.10,0.78,2.59,0.08,374
0.533,14.52,0.00,0.08,0.68,5.47,0.01,373
0.550,16.67,0.02,0.08,0.13,3.50,0.02,373
0.567,16.67,0.00,0.09,0.09,1.99,0.00,371
0.583,16.61,0.00,0.09,0.11,4.72,0.04,373
0.600,16.72,0.00,0.09,0.10,4.77,0.00,372
0.617,16.67,0.00,0.09,0.11,4.80,0.05,373
0.633,16.67,0.00,0.10,0.11,4.83,0.00,371
0.650,16.67,0.00,0.11,0.14,4.79,0.07,369
0.667,16.61,0.00,0.12,0.13,4.83,0.00,369
0.684,17.31,0.01,0.17,0.31,2.02,0.06,371
0.700,16.01,0.01,0.11,0.17,4.89,0.00,370
0.717,16.73,0.00,0.09,0.11,3.60,0.04,369
0.733,16.67,0.00,0.09,0.09,4.81,0.00,369
0.750,16.60,0.00,0.09,0.11,4.78,0.05,369
0.767,16.75,0.00,0.11,0.11,2.61,0.00,369
0.783,16.64,0.00,0.12,0.16,2.78,0.06,369
0.800,16.63,0.00,0.13,0.13,2.06,0.00,368
0.817,16.68,0.00,0.12,0.16,2.01,0.06,367
0.833,16.64,0.01,0.23,0.38,2.00,0.00,366
0.850,16.76,0.01,0.27,0.37,2.00,0.13,362
0.867,16.65,0.01,0.31,0.43,1.97,0.00,363
0.883,16.68,0.01,0.21,0.33,2.00,0.13,364
0.900,16.61,0.02,0.58,0.65,1.99,0.00,363
0.917,16.73,0.02,0.56,0.77,2.00,0.29,362
0.933,16.62,0.02,0.56,0.65,1.95,0.00,361
0.950,16.65,0.01,0.24,0.36,1.95,0.12,361
0.967,16.65,0.02,0.30,0.40,1.95,0.00,361
0.983,16.67,0.01,0.41,0.56,1.93,0.22,361
1.000,16.67,0.03,0.45,0.53,1.94,0.00,357
1.017,16.68,0.02,0.58,0.75,1.95,0.30,356
1.033,16.67,0.02,0.55,0.64,1.95,0.00,353
1.050,16.79,0.02,0.56,0.72,1.95,0.29,351
1.067,16.54,0.02,0.56,0.61,1.92,0.00,349
1.083,16.66,0.03,0.53,0.70,1.91,0.29,347
1.100,16.68,0.02,0.55,0.62,1.91,0.00,346
1.117,16.76,0.02,0.56,0.79,1.90,0.29,345
1.133,16.60,0.02,0.55,0.63,1.91,0.00,345
1.150,16.64,0.03,0.51,0.69,1.88,0.29,342
1.167,16.67,0.02,0.56,0.61,1.91,0.00,342
1.183,16.68,0.02,0.54,0.73,1.93,0.29,342
1.200,16.71,0.02,0.55,0.65,1.90,0.00,339
1.217,16.62,0.02,0.55,0.75,1.90,0.29,337
1.233,16.65,0.03,0.54,0.58,1.88,0.00,340
1.250,16.73,0.01,0.51,0.71,1.89,0.29,341
1.267,16.75,0.02,0.56,0.58,1.87,0.00,340
1.283,16.54,0.02,0.51,0.69,1.90,0.28,340
1.300,16.65,0.03,0.53,0.59,1.89,0.00,339
1.317,16.66,0.03,0.52,0.68,1.89,0.29,339
1.333,16.67,0.03,0.53,0.60,1.91,0.00,338
1.350,16.67,0.03,0.52,0.70,1.91,0.29,335
1.367,16.69,0.03,0.55,0.60,1.89,0.00,334
1.383,16.66,0.02,0.53,0.70,1.89,0.29,333
1.400,16.66,0.03,0.51,0.59,1.89,0.00,331
1.417,16.66,0.03,0.53,0.71,1.90,0.29,328
1.433,16.68,0.03,0.54,0.61,1.89,0.00,330
1.450,16.66,0.03,0.53,0.72,1.90,0.29,330
1.467,16.75,0.02,0.56,0.63,1.91,0.00,331
1.484,16.66,0.02,0.56,0.78,1.92,0.29,330
1.500,16.61,0.02,0.56,0.60,1.99,0.00,328
1.517,16.73,0.05,0.59,0.76,1.88,0.29,328
1.534,16.64,0.02,0.59,0.62,1.86,0.00,329
1.550,16.63,0.02,0.55,0.72,1.86,0.29,326
1.567,16.66,0.02,0.57,0.65,1.86,0.00,326
1.583,16.67,0.02,0.56,0.75,1.85,0.29,327
1.600,16.70,0.03,0.65,0.62,1.85,0.00,325
1.617,16.65,0.02,0.56,0.71,1.87,0.29,324
1.633,16.66,0.02,0.57,0.63,1.86,0.00,324
1.650,16.76,0.02,0.52,0.69,1.86,0.29,322
1.667,16.57,0.02,0.55,0.58,1.84,0.00,320
1.683,16.67,0.02,0.52,0.70,1.83,0.29,320
1.700,16.68,0.02,0.54,0.59,1.83,0.00,320
1.717,16.65,0.02,0.55,0.81,1.83,0.30,319
1.733,16.67,0.02,0.51,0.63,1.84,0.00,319
1.750,16.73,0.02,0.53,0.74,1.84,0.29,317
1.767,16.56,0.01,0.20,0.26,1.85,0.00,316
1.783,16.72,0.01,0.19,0.27,1.83,0.10,316
1.800,16.67,0.01,0.21,0.29,1.84,0.00,315
1.817,16.61,0.01,0.17,0.29,1.82,0.10,311
1.833,16.70,0.01,0.19,0.26,1.82,0.00,310
1.850,16.64,0.01,0.17,0.27,1.81,0.10,310
1.867,16.69,0.01,0.20,0.26,1.80,0.00,311
1.883,16.64,0.01,0.18,0.29,1.79,0.10,311
1.900,16.67,0.17,0.39,0.30,1.80,0.00,363
1.917,16.67,0.04,0.33,0.42,2.69,0.19,362
1.933,16.67,0.03,0.35,0.33,2.67,0.00,361
1.950,16.66,0.03,0.33,0.34,2.68,0.12,359
1.967,16.70,0.03,0.34,0.32,2.67,0.00,357
1.983,16.64,0.02,0.32,0.31,2.67,0.12,356
2.000,16.72,0.03,0.34,0.35,2.66,0.00,355
2.017,16.61,0.02,0.31,0.32,2.67,0.12,353
2.033,16.68,0.03,0.35,0.33,2.65,0.00,353
2.050,16.69,0.03,0.33,0.37,2.67,0.12,353
2.067,16.66,0.03,0.35,0.37,2.67,0.00,352
2.083,16.67,0.04,0.43,0.48,2.68,0.16,352
2.100,16.66,0.05,0.43,0.41,2.69,0.00,353
2.117,16.66,0.03,0.41,0.38,2.72,0.15,382
2.133,16.67,0.03,0.44,0.37,2.76,0.00,388
2.150,16.67,0.03,0.41,0.37,2.78,0.15,389
2.167,16.69,0.03,0.42,0.35,2.79,0.00,391
2.183,16.65,0.03,0.40,0.36,2.82,0.14,392
2.200,16.72,0.04,0.44,0.37,2.81,0.00,395
2.217,16.62,0.03,0.40,0.40,2.84,0.15,395
2.233,16.67,0.03,0.43,0.35,2.82,0.00,395
2.250,16.67,0.03,0.43,0.39,2.85,0.15,396
2.267,16.66,0.03,0.43,0.34,2.84,0.00,399
2.283,16.67,0.03,0.41,0.37,2.86,0.15,401
2.300,16.68,0.03,0.43,0.37,2.84,0.00,402
2.317,16.66,0.03,0.41,0.37,2.27,0.15,406
2.334,16.73,0.04,0.45,0.37,2.27,0.00,408
2.350,16.77,0.03,0.39,0.45,2.29,0.15,412
2.367,16.52,0.03,0.40,0.41,2.30,0.00,415
2.384,16.68,0.03,0.38,0.40,2.31,0.15,416
2.400,16.64,0.12,0.43,0.35,2.31,0.00,456
2.417,16.70,0.02,0.41,0.38,2.51,0.15,466
2.434,16.64,0.03,0.43,0.36,2.60,0.00,473
2.450,16.69,0.04,0.60,0.56,2.62,0.21,475
2.467,16.64,0.03,0.44,0.44,2.60,0.00,477
2.484,16.74,0.03,0.44,0.42,2.58,0.15,477
2.500,16.61,0.06,0.61,0.47,2.58,0.00,479
2.517,16.67,0.04,0.59,0.52,2.61,0.21,480
2.534,16.68,0.05,0.62,0.50,2.58,0.00,480
2.550,16.65,0.06,0.61,0.58,2.59,0.21,478
2.567,16.66,0.05,0.60,0.45,2.55,0.00,478
2.584,16.67,0.05,0.59,0.51,2.55,0.21,478
2.600,16.69,0.06,0.61,0.47,2.52,0.00,481
2.617,16.67,0.04,0.58,0.52,2.51,0.21,480
2.634,16.65,0.05,0.61,0.46,2.49,0.00,483
2.650,16.75,0.05,0.60,0.53,2.49,0.21,482
2.667,16.59,0.06,0.61,0.46,2.47,0.00,484
2.684,16.68,0.04,0.60,0.54,2.48,0.21,483
2.700,16.65,0.04,0.62,0.47,2.45,0.00,484
2.717,16.67,0.05,0.60,0.53,2.46,0.21,483
2.734,16.67,0.05,0.61,0.47,2.43,0.00,483
2.750,16.67,0.04,0.58,0.52,2.44,0.21,484
2.767,16.66,0.05,0.61,0.46,2.42,0.00,487
2.784,16.67,0.05,0.59,0.51,2.43,0.21,487
2.800,16.67,0.05,0.62,0.47,2.41,0.00,489
2.817,16.76,0.04,0.60,0.53,2.44,0.21,492
2.834,16.59,0.05,0.58,0.48,2.42,0.00,491
2.850,16.66,0.05,0.60,0.56,2.42,0.21,490
2.867,16.68,0.04,0.61,0.50,2.41,0.00,489
2.884,16.66,0.05,0.60,0.56,2.39,0.21,491
2.900,16.71,0.05,0.80,0.57,2.40,0.00,493
2.917,16.63,0.07,0.80,0.71,2.42,0.29,494
2.934,16.74,0.05,0.80,0.59,2.40,0.00,492
2.950,16.65,0.07,0.88,0.82,2.39,0.31,489
2.967,16.62,0.06,0.82,0.61,2.40,0.00,487
2.984,16.66,0.07,0.79,0.71,2.41,0.29,493
3.000,16.66,0.07,0.81,0.62,2.40,0.00,494
3.017,16.74,0.05,0.80,0.71,2.40,0.29,493
3.034,16.59,0.07,0.81,0.64,2.40,0.00,492
3.050,16.67,0.06,0.81,0.73,2.40,0.28,492
3.067,16.67,0.06,0.81,0.60,2.39,0.00,490
3.084,16.68,0.05,0.78,0.68,2.40,0.28,489
3.100,16.66,0.06,0.83,0.60,2.39,0.00,488
3.117,16.66,0.06,0.77,0.69,2.42,0.28,488
3.134,16.67,0.06,0.81,0.59,2.41,0.00,484
3.150,16.67,0.05,0.80,0.71,2.43,0.29,483
3.167,16.68,0.06,0.84,0.65,2.42,0.00,480
3.184,16.67,0.07,0.83,0.80,2.41,0.29,481
3.200,16.66,0.07,0.81,0.61,2.42,0.00,482
3.217,16.69,0.05,0.81,0.74,2.42,0.29,481
3.234,16.64,0.07,0.80,0.61,2.42,0.00,476
3.250,16.67,0.07,0.79,0.69,2.43,0.28,475
3.267,16.67,0.05,0.82,0.63,2.44,0.00,473
3.284,16.66,0.07,0.81,0.72,2.44,0.29,467
3.300,16.68,0.06,0.80,0.61,2.43,0.00,463
3.317,16.67,0.05,0.77,0.67,2.44,0.28,459
3.334,16.67,0.07,0.81,0.61,2.42,0.00,457
3.350,16.66,0.07,0.78,0.72,2.43,0.28,452
3.367,16.67,0.06,0.78,0.58,2.41,0.00,446
3.384,16.66,0.07,0.77,0.68,2.42,0.28,437
3.400,16.71,0.06,0.75,0.57,2.39,0.00,431
3.417,16.62,0.06,0.74,0.68,2.16,0.29,430
3.434,16.69,0.06,0.76,0.59,2.14,0.00,429
3.450,16.65,0.06,0.73,0.70,2.14,0.28,427
3.467,16.67,0.07,0.77,0.61,2.12,0.00,426
3.484,16.66,0.06,0.76,0.76,2.12,0.29,424
3.500,16.68,0.07,0.78,0.58,2.10,0.00,422
3.517,16.68,0.06,0.74,0.70,2.10,0.28,421
3.534,16.65,0.05,0.76,0.59,2.09,0.00,421
3.550,16.67,0.09,1.02,0.88,2.07,0.49,478
3.567,16.68,0.09,1.03,0.65,2.91,0.00,478
3.584,16.66,0.08,1.02,0.76,2.90,0.30,477
3.600,16.66,0.08,0.99,0.59,2.88,0.00,473
3.617,16.66,0.09,1.00,0.71,2.89,0.29,472
3.634,16.67,0.08,1.00,0.59,2.87,0.00,470
3.650,16.68,0.06,0.99,0.68,2.87,0.29,469
3.667,16.67,0.09,1.02,0.63,2.86,0.00,467
3.684,16.66,0.08,1.00,0.70,2.86,0.30,465
3.700,16.66,0.08,1.03,0.61,2.84,0.00,464
3.717,16.66,0.08,0.99,0.72,2.87,0.30,464
3.734,16.68,0.09,1.01,0.60,2.85,0.00,463
3.750,16.66,0.08,1.02,0.71,2.88,0.30,462
3.767,16.68,0.09,1.00,0.57,2.87,0.00,478
3.784,16.66,0.07,1.01,0.73,2.93,0.30,478
3.800,16.67,0.08,1.01,0.59,2.94,0.00,474
3.817,16.75,0.06,0.99,0.71,2.95,0.29,475
3.834,16.64,0.06,1.03,0.63,2.96,0.00,476
3.850,16.60,0.05,0.53,0.46,2.96,0.16,473
3.867,16.71,0.09,0.84,0.62,2.97,0.00,461
3.884,16.67,0.06,0.82,0.71,2.97,0.29,464
3.900,16.70,0.06,0.83,0.60,2.97,0.00,464
3.917,16.61,0.07,0.79,0.70,2.98,0.28,465
3.934,16.69,0.08,0.81,0.63,2.98,0.00,468
3.950,16.75,0.07,0.87,0.79,2.98,0.29,468
3.967,16.61,0.07,0.82,0.60,2.43,0.00,468
3.984,16.63,0.07,0.83,0.76,2.42,0.29,470
4.000,16.67,0.09,0.83,0.63,2.42,0.00,471
4.017,16.66,0.06,0.81,0.76,2.47,0.29,471
4.034,16.68,0.08,0.83,0.61,2.47,0.00,473
4.050,16.66,0.07,0.79,0.68,2.48,0.28,474
4.067,16.68,0.08,0.80,0.58,2.48,0.00,475
4.084,16.74,0.06,0.79,0.75,2.50,0.29,479
4.100,16.67,0.07,0.85,0.66,2.49,0.00,482
4.117,16.61,0.07,0.84,0.75,2.50,0.29,484
4.134,16.65,0.08,0.81,0.59,2.51,0.00,485
4.150,16.68,0.09,0.83,0.74,2.53,0.28,487
4.167,16.65,0.08,0.80,0.59,2.55,0.00,489
4.184,16.71,0.10,0.85,0.77,2.58,0.29,492
4.200,16.63,0.08,0.82,0.61,2.56,0.00,492
4.217,16.66,0.07,0.80,0.73,2.57,0.29,494
4.234,16.69,0.07,0.84,0.61,2.56,0.00,499
4.250,16.73,0.06,0.80,0.70,2.57,0.28,503
4.267,16.59,0.06,0.81,0.59,2.57,0.00,504
4.284,16.70,0.06,0.79,0.72,2.58,0.28,506
4.300,16.64,0.08,0.83,0.62,2.57,0.00,508
4.317,16.68,0.07,0.80,0.70,2.62,0.28,509
4.334,16.66,0.07,0.80,0.59,2.60,0.00,511
4.350,16.66,0.07,0.80,0.69,2.62,0.28,509
4.367,16.67,0.06,0.76,0.59,2.58,0.00,508
4.384,16.67,0.07,0.73,0.74,2.58,0.29,509
4.400,16.66,0.22,0.84,0.59,2.54,0.00,569
4.417,16.67,0.11,0.80,0.69,2.71,0.29,579
4.434,16.67,0.08,0.83,0.57,2.80,0.00,581
4.450,16.69,0.08,0.82,0.74,2.81,0.29,580
4.467,16.65,0.12,0.90,0.71,2.79,0.00,579
4.484,16.67,0.06,0.63,0.60,2.80,0.21,578
4.500,16.71,0.09,0.88,0.68,2.77,0.00,577
4.517,16.63,0.10,0.83,0.72,2.77,0.29,578
4.534,16.69,0.10,0.84,0.64,2.76,0.00,578
4.550,16.66,0.08,0.84,0.72,2.76,0.28,578
4.567,16.65,0.11,0.84,0.62,2.75,0.00,580
4.584,16.67,0.10,0.86,0.79,2.76,0.28,581
4.600,16.68,0.11,0.86,0.65,2.74,0.00,581
4.617,16.66,0.09,0.84,0.72,2.76,0.28,582
4.634,16.71,0.08,0.84,0.61,2.76,0.00,582
4.650,16.66,0.07,0.84,0.71,2.75,0.28,580
4.667,16.64,0.10,0.85,0.62,2.75,0.00,580
4.684,16.67,0.09,0.84,0.73,2.76,0.28,579
4.700,16.67,0.09,0.85,0.60,2.73,0.00,576
4.717,16.67,0.09,0.84,0.74,2.74,0.29,574
4.734,16.68,0.10,0.84,0.62,2.74,0.00,572
4.750,16.65,0.08,0.82,0.71,2.74,0.29,573
4.767,16.67,0.10,0.85,0.62,2.74,0.00,573
4.784,16.68,0.09,0.84,0.73,2.76,0.28,573
4.800,16.67,0.09,0.85,0.62,2.75,0.00,572
4.817,16.74,0.07,0.84,0.71,2.74,0.29,568
4.834,16.58,0.09,0.84,0.62,2.73,0.00,568
4.850,16.67,0.10,0.82,0.71,2.74,0.28,568
4.867,16.67,0.09,0.83,0.61,2.72,0.00,568
4.884,16.67,0.07,0.81,0.71,2.73,0.29,568
4.900,16.67,0.11,0.83,0.61,2.71,0.00,565
4.917,16.67,0.09,0.84,0.72,2.75,0.28,566
4.934,16.66,0.05,0.44,0.41,2.73,0.00,563
4.950,16.71,0.04,0.30,0.36,2.72,0.10,561
4.967,16.67,0.11,0.87,0.72,2.71,0.00,558
4.984,16.63,0.10,0.86,0.77,2.72,0.29,552
5.000,16.68,0.10,0.85,0.61,2.70,0.00,548
5.017,16.66,0.09,0.84,0.72,2.70,0.28,546
5.034,16.68,0.11,0.85,0.64,2.68,0.00,544
5.050,16.66,0.09,0.80,0.70,2.68,0.29,539
5.067,16.73,0.08,0.81,0.62,2.32,0.00,538
5.084,16.60,0.08,0.80,0.71,2.33,0.28,537
5.100,16.67,0.11,0.82,0.64,2.31,0.00,535
5.117,16.67,0.07,0.81,0.72,2.31,0.28,533
5.134,16.69,0.09,0.78,0.58,2.29,0.00,533
5.150,16.66,0.08,0.80,0.72,2.30,0.28,533
5.167,16.66,0.09,0.84,0.60,2.27,0.00,530
5.184,16.67,0.12,0.77,0.70,2.28,0.28,528
5.200,16.70,0.11,0.82,0.66,2.26,0.00,528
5.217,16.66,0.08,0.77,0.74,2.27,0.28,525
5.234,16.65,0.08,0.80,0.61,2.25,0.00,525
5.250,16.65,0.09,0.77,0.68,2.25,0.28,522
5.267,16.67,0.09,0.77,0.59,2.22,0.00,518
5.284,16.68,0.07,0.80,0.72,2.22,0.29,516
5.300,16.66,0.09,0.81,0.63,2.20,0.00,514
5.317,16.65,0.09,0.77,0.72,2.20,0.29,512
5.334,16.68,0.08,0.78,0.57,2.17,0.00,509
5.350,16.67,0.08,0.78,0.69,2.17,0.28,508
5.367,16.65,0.09,0.78,0.56,2.16,0.00,507
5.384,16.67,0.09,0.75,0.70,2.16,0.28,504
5.400,16.69,0.06,0.80,0.60,2.13,0.00,499
5.417,16.65,0.06,0.60,0.59,2.12,0.21,495
5.434,16.65,0.03,0.34,0.34,2.10,0.00,490
5.450,16.70,0.06,0.78,0.74,2.08,0.29,488
5.467,16.75,0.07,0.80,0.66,2.07,0.00,485
5.484,16.64,0.06,0.83,0.79,2.07,0.29,482
5.500,16.61,0.08,0.81,0.67,2.04,0.00,480
5.517,16.66,0.07,0.58,0.70,2.06,0.29,460
5.534,16.70,0.06,0.57,0.59,2.03,0.00,458
5.550,16.64,0.08,0.59,0.72,2.03,0.28,454
5.567,16.66,0.08,0.57,0.61,2.01,0.00,453
5.584,16.71,0.06,0.60,0.75,2.01,0.28,452
5.601,16.66,0.06,0.60,0.60,1.99,0.00,446
5.617,16.66,0.08,0.58,0.76,1.98,0.26,446
5.634,16.64,0.08,0.64,0.61,1.97,0.00,446
5.650,16.67,0.12,0.83,0.82,1.98,0.41,500
5.667,16.71,0.09,0.85,0.60,2.89,0.00,498
5.684,16.63,0.09,0.82,0.65,2.91,0.25,498
5.700,16.65,0.10,0.86,0.61,2.89,0.00,495
5.717,16.71,0.10,0.86,0.72,2.90,0.26,493
5.734,16.70,0.09,0.86,0.62,2.88,0.00,493
5.750,16.61,0.09,0.83,0.65,2.88,0.25,491
5.767,16.68,0.11,0.86,0.63,2.87,0.00,492
5.784,16.65,0.12,0.85,0.69,2.88,0.26,491
5.800,16.67,0.11,0.86,0.61,2.87,0.00,490
5.817,16.77,0.09,0.85,0.70,2.87,0.26,491
5.834,16.58,0.09,0.85,0.60,2.87,0.00,493
5.850,16.66,0.11,0.86,0.70,2.87,0.26,492
5.867,16.67,0.10,0.86,0.59,2.86,0.00,491
5.884,16.66,0.11,0.86,0.65,2.89,0.25,491
5.900,16.68,0.10,0.87,0.59,2.87,0.00,491
5.917,16.66,0.11,0.87,0.69,2.87,0.26,492
5.934,16.68,0.09,0.88,0.61,2.87,0.00,491
5.951,16.69,0.09,0.84,0.68,2.90,0.26,492
5.967,16.69,0.12,0.90,0.64,2.90,0.00,493
5.984,16.63,0.12,0.87,0.70,2.90,0.26,492
6.000,16.66,0.11,0.88,0.61,2.90,0.00,492
6.017,16.67,0.10,0.85,0.69,2.91,0.25,493
6.034,16.68,0.10,0.87,0.61,2.90,0.00,492
6.051,16.68,0.11,0.87,0.73,2.91,0.26,492
6.067,16.65,0.10,0.88,0.61,2.33,0.00,489
6.084,16.67,0.08,0.83,0.66,2.34,0.26,488
6.101,16.67,0.10,0.86,0.62,2.33,0.00,490
6.117,16.67,0.10,0.85,0.68,2.36,0.26,491
6.134,16.68,0.09,0.88,0.61,2.36,0.00,494
6.151,16.67,0.08,0.85,0.65,2.37,0.25,495
6.167,16.65,0.10,0.86,0.59,2.36,0.00,499
6.184,16.67,0.10,0.82,0.65,2.38,0.25,500
6.201,16.68,0.09,0.88,0.63,2.36,0.00,501
6.217,16.67,0.10,0.86,0.71,2.37,0.25,501
6.234,16.69,0.08,0.88,0.60,2.36,0.00,503
6.251,16.67,0.10,0.87,0.70,2.37,0.26,509
6.267,16.64,0.10,0.85,0.60,2.40,0.00,510
6.284,16.68,0.08,0.84,0.66,2.41,0.25,511
6.301,16.65,0.10,0.86,0.60,2.40,0.00,513
6.317,16.69,0.08,0.83,0.67,2.41,0.25,514
6.334,16.64,0.09,0.85,0.58,2.40,0.00,515
6.351,16.67,0.09,0.87,0.74,2.41,0.26,516
6.367,16.68,0.09,0.82,0.62,2.40,0.00,516
6.384,16.66,0.10,0.77,0.67,2.41,0.26,518
6.401,16.67,0.24,0.90,0.60,2.40,0.00,565
6.417,16.67,0.10,0.89,0.69,2.67,0.25,571
6.434,16.67,0.09,0.92,0.62,2.71,0.00,572
6.451,16.67,0.10,0.88,0.67,2.72,0.26,573
6.467,16.66,0.09,0.91,0.61,2.71,0.00,573
6.484,16.67,0.10,0.93,0.75,2.71,0.26,573
6.501,16.68,0.08,0.91,0.61,2.71,0.00,574
6.517,16.69,0.08,0.91,0.69,2.72,0.25,576
6.534,16.65,0.10,0.91,0.59,2.70,0.00,577
6.551,16.66,0.10,0.91,0.69,2.71,0.26,575
6.567,16.67,0.10,0.91,0.62,2.71,0.00,575
6.584,16.67,0.09,0.90,0.69,2.73,0.28,574
6.601,16.68,0.09,0.92,0.64,2.70,0.00,572
6.617,16.66,0.09,0.90,0.71,2.72,0.27,572
6.634,16.80,0.09,0.93,0.61,2.70,0.00,571
6.651,16.54,0.10,0.90,0.71,2.70,0.28,572
6.667,16.67,0.10,0.91,0.60,2.69,0.00,572
6.684,16.69,0.11,0.91,0.72,2.70,0.28,572
6.701,16.79,0.09,0.92,0.62,2.70,0.00,572
6.717,16.54,0.11,0.93,0.78,2.71,0.29,572
6.734,16.67,0.10,0.92,0.64,2.72,0.00,571
6.751,16.66,0.11,0.91,0.74,2.70,0.28,570
6.767,16.66,0.10,0.91,0.60,2.70,0.00,571
6.784,16.67,0.09,0.90,0.70,2.70,0.28,570
6.801,16.69,0.09,0.94,0.63,2.70,0.00,568
6.817,16.66,0.10,0.88,0.69,2.70,0.28,568
6.834,16.66,0.10,0.92,0.59,2.69,0.00,570
6.851,16.66,0.11,0.88,0.70,2.70,0.28,567
6.867,16.67,0.10,0.93,0.63,2.71,0.00,568
6.884,16.67,0.10,0.90,0.71,2.73,0.29,567
6.901,16.67,0.10,0.92,0.59,2.70,0.00,567
6.917,16.69,0.09,0.91,0.74,2.71,0.29,564
6.934,16.72,0.07,0.73,0.58,2.70,0.00,559
6.951,16.67,0.07,0.71,0.61,2.69,0.23,558
6.967,16.60,0.11,0.95,0.66,2.69,0.00,558
6.984,16.67,0.10,0.91,0.73,2.69,0.29,560
7.001,16.67,0.14,1.24,0.62,2.69,0.00,613
7.017,16.67,0.10,1.22,0.88,3.59,0.47,614
7.034,16.65,0.12,1.24,0.61,3.57,0.00,614
7.051,16.67,0.11,1.21,0.69,3.59,0.28,611
7.067,16.67,0.12,1.24,0.63,3.57,0.00,608
7.084,16.67,0.11,1.22,0.70,3.59,0.29,604
7.101,16.70,0.10,1.23,0.59,3.56,0.00,600
7.117,16.64,0.12,1.21,0.70,3.57,0.30,592
7.134,16.67,0.12,1.24,0.59,3.55,0.00,584
7.151,16.66,0.11,1.22,0.71,3.56,0.28,579
7.167,16.68,0.12,1.26,0.61,3.16,0.00,579
7.184,16.67,0.10,1.22,0.69,3.20,0.28,576
7.201,16.67,0.11,1.27,0.61,3.18,0.00,576
7.217,16.66,0.11,1.25,0.71,3.21,0.28,578
7.234,16.69,0.13,1.28,0.65,3.20,0.00,579
7.251,16.75,0.11,1.29,0.76,3.20,0.29,577
7.267,16.57,0.12,1.27,0.62,3.20,0.00,575
7.284,16.67,0.11,1.25,0.71,3.23,0.28,575
7.301,16.67,0.13,1.27,0.61,3.21,0.00,579
7.317,16.66,0.11,1.24,0.71,3.27,0.28,581
7.334,16.68,0.10,1.26,0.59,3.25,0.00,581
7.351,16.67,0.10,1.24,0.75,3.28,0.30,580
7.367,16.69,0.11,1.27,0.66,3.26,0.00,580
7.384,16.65,0.13,1.28,0.76,3.27,0.30,581
7.401,16.68,0.12,1.26,0.60,3.27,0.00,581
7.417,16.65,0.11,1.27,0.74,2.71,0.28,583
7.434,16.68,0.12,1.28,0.63,2.70,0.00,585
7.451,16.68,0.10,1.28,0.76,2.73,0.29,589
7.467,16.68,0.10,1.26,0.61,2.76,0.00,589
7.484,16.65,0.12,1.28,0.78,2.77,0.29,589
7.501,16.66,0.11,1.27,0.61,2.77,0.00,591
7.517,16.66,0.11,1.23,0.70,2.79,0.28,590
7.534,16.67,0.11,1.28,0.62,2.78,0.00,587
7.551,16.69,0.09,1.25,0.72,2.81,0.29,588
7.567,16.64,0.11,1.29,0.60,2.80,0.00,587
7.584,16.67,0.11,1.26,0.71,2.82,0.29,590
7.601,16.70,0.11,1.26,0.61,2.83,0.00,589
7.617,16.66,0.09,1.00,0.71,2.87,0.29,587
7.634,16.64,0.11,1.01,0.58,2.87,0.00,590
7.651,16.67,0.11,1.01,0.74,2.90,0.29,591
7.667,16.71,0.09,1.01,0.61,2.89,0.00,591
7.684,16.63,0.11,1.01,0.73,2.91,0.30,593
7.701,16.66,0.11,1.03,0.61,2.90,0.00,595
7.717,16.73,0.09,1.01,0.71,2.93,0.29,595
7.734,16.61,0.11,1.00,0.62,2.92,0.00,594
7.751,16.67,0.12,1.02,0.77,2.93,0.29,598
7.767,16.67,0.10,0.98,0.60,2.96,0.00,598
7.784,16.66,0.09,1.01,0.71,2.98,0.28,600
7.801,16.66,0.12,1.02,0.62,2.97,0.00,601
7.817,16.76,0.09,0.99,0.69,2.98,0.29,605
7.834,16.58,0.12,1.02,0.63,2.96,0.00,604
7.851,16.66,0.10,0.99,0.70,2.99,0.29,605
7.867,16.69,0.11,1.01,0.60,2.98,0.00,605
7.884,16.65,0.11,0.96,0.69,2.99,0.29,605
7.901,16.70,0.09,1.01,0.61,2.97,0.00,605
7.917,16.63,0.10,1.00,0.70,3.01,0.29,606
7.934,16.67,0.11,1.01,0.61,3.00,0.00,609
7.951,16.68,0.09,0.98,0.75,3.01,0.29,609
7.967,16.74,0.09,0.99,0.61,2.99,0.00,611
7.984,16.64,0.10,0.99,0.73,3.00,0.29,611
8.001,16.65,0.11,1.00,0.64,2.98,0.00,612
8.017,16.65,0.11,0.97,0.74,2.98,0.28,611
8.034,16.66,0.11,1.00,0.63,2.96,0.00,615
8.051,16.70,0.09,0.97,0.68,2.96,0.27,616
8.067,16.65,0.11,0.99,0.61,3.01,0.00,615
8.084,16.66,0.10,0.99,0.67,3.01,0.25,618
8.101,16.66,0.12,0.99,0.59,2.99,0.00,620
8.117,16.67,0.10,0.97,0.64,3.00,0.23,630
8.134,16.66,0.11,0.98,0.60,2.99,0.00,631
8.151,16.68,0.10,0.95,0.64,3.02,0.22,631
8.167,16.66,0.11,0.98,0.63,3.00,0.00,633
8.184,16.67,0.10,0.96,0.65,3.00,0.20,629
8.201,16.67,0.12,0.99,0.62,2.98,0.00,631
8.217,16.68,0.10,0.96,0.69,3.00,0.27,632
8.234,16.68,0.11,1.00,0.62,2.98,0.00,631
8.251,16.68,0.11,0.98,0.78,2.98,0.28,632
8.267,16.77,0.09,1.00,0.62,2.97,0.00,631
8.284,16.53,0.10,0.98,0.73,2.96,0.29,628
8.301,16.68,0.11,0.98,0.60,2.95,0.00,628
8.317,16.66,0.10,0.96,0.69,2.95,0.29,628
8.334,16.67,0.11,0.98,0.61,2.94,0.00,630
8.351,16.68,0.10,0.95,0.70,2.96,0.29,630
8.367,16.67,0.11,0.89,0.67,2.95,0.00,629
8.384,16.67,0.09,0.84,0.71,2.95,0.29,627
8.401,16.65,0.24,0.97,0.62,2.94,0.00,644
8.417,16.70,0.09,0.93,0.72,3.05,0.29,646
8.434,16.63,0.10,0.97,0.60,3.09,0.00,644
8.451,16.67,0.10,0.93,0.70,3.10,0.28,641
8.467,16.68,0.11,0.97,0.62,3.07,0.00,633
8.484,16.72,0.12,0.96,0.76,3.07,0.28,621
8.501,16.65,0.11,0.93,0.60,3.04,0.00,615
8.517,16.63,0.11,0.92,0.72,2.62,0.29,614
8.534,16.67,0.11,0.93,0.59,2.61,0.00,615
8.551,16.69,0.09,0.90,0.70,2.62,0.30,614
8.567,16.64,0.11,0.94,0.62,2.60,0.00,612
8.584,16.67,0.10,0.92,0.72,2.61,0.29,612
8.601,16.66,0.10,0.92,0.61,2.59,0.00,612
8.617,16.67,0.10,0.90,0.71,2.60,0.29,612
8.634,16.66,0.10,0.92,0.60,2.58,0.00,612
8.651,16.68,0.09,0.91,0.70,2.59,0.29,612
8.667,16.68,0.10,0.93,0.60,2.60,0.00,612
8.684,16.65,0.11,0.91,0.71,2.61,0.28,612
8.701,16.67,0.11,0.93,0.60,2.57,0.00,611
8.717,16.69,0.09,0.89,0.70,2.59,0.29,611
8.734,16.67,0.09,0.92,0.60,2.55,0.00,611
8.751,16.69,0.11,0.92,0.79,2.57,0.29,609
8.767,16.69,0.11,0.94,0.65,2.53,0.00,606
8.784,16.61,0.10,0.91,0.73,2.54,0.28,607
8.801,16.67,0.10,0.92,0.62,2.52,0.00,607
8.817,16.74,0.09,0.90,0.70,2.57,0.29,607
8.834,16.59,0.10,0.92,0.61,2.54,0.00,604
8.851,16.67,0.11,0.89,0.70,2.54,0.29,600
8.867,16.67,0.11,0.93,0.63,2.52,0.00,600
8.884,16.66,0.10,0.89,0.70,2.52,0.28,596
8.901,16.67,0.11,0.93,0.63,2.50,0.00,594
8.917,16.70,0.10,0.91,0.71,2.50,0.28,590
8.934,16.64,0.11,0.92,0.59,2.49,0.00,586
8.951,16.67,0.27,1.32,1.49,2.49,1.04,645
8.967,16.67,0.11,1.04,0.61,3.45,0.00,614
8.984,16.66,0.12,1.05,0.76,3.46,0.30,616
9.001,16.68,0.13,1.05,0.63,3.43,0.00,614
9.017,16.66,0.12,1.03,0.73,3.43,0.30,593
9.034,16.68,0.11,1.04,0.61,3.39,0.00,593
9.051,16.66,0.12,1.03,0.72,3.40,0.29,594
9.067,16.66,0.12,1.03,0.58,3.39,0.00,593
9.084,16.69,0.11,1.02,0.69,3.40,0.29,595
9.101,16.65,0.12,1.05,0.58,3.39,0.00,597
9.118,16.76,0.13,1.09,0.79,3.36,0.31,600
9.134,16.58,0.14,1.06,0.62,3.37,0.00,604
9.151,16.67,0.12,1.06,0.73,3.38,0.29,606
9.167,16.68,0.14,1.08,0.63,3.38,0.00,606
9.184,16.65,0.13,1.07,0.72,3.41,0.30,609
9.201,16.76,0.14,1.08,0.60,3.40,0.00,613
9.217,16.58,0.12,1.07,0.72,3.42,0.29,615
9.234,16.69,0.11,1.08,0.60,3.43,0.00,617
9.251,16.68,0.11,1.07,0.75,3.43,0.30,616
9.267,16.65,0.12,1.12,0.65,3.46,0.00,619
9.284,16.66,0.12,1.10,0.78,3.48,0.30,620
9.301,16.66,0.12,1.09,0.64,3.48,0.00,620
9.317,16.66,0.11,1.06,0.70,3.49,0.29,623
9.334,16.66,0.12,1.10,0.62,3.49,0.00,625
9.351,16.67,0.11,1.07,0.71,3.53,0.29,623
9.367,16.67,0.12,1.12,0.63,2.93,0.00,623
9.384,16.67,0.11,1.06,0.69,2.95,0.29,622
9.401,16.68,0.12,1.09,0.59,2.95,0.00,622
9.417,16.64,0.11,1.07,0.70,3.01,0.29,624
9.434,16.67,0.12,1.12,0.62,3.00,0.00,626
9.451,16.68,0.10,1.07,0.71,3.03,0.30,632
9.467,16.66,0.13,1.10,0.60,3.02,0.00,632
9.484,16.67,0.11,1.09,0.71,3.03,0.30,635
9.501,16.73,0.11,1.09,0.61,3.03,0.00,635
9.517,16.62,0.10,1.06,0.71,3.06,0.30,636
9.534,16.69,0.12,1.07,0.61,3.06,0.00,637
9.551,16.65,0.11,1.08,0.75,3.07,0.30,641
9.568,16.74,0.11,1.08,0.64,3.09,0.00,646
9.584,16.58,0.13,1.10,0.81,3.12,0.31,651
9.601,16.68,0.11,1.08,0.65,3.13,0.00,651
9.617,16.66,0.13,1.07,0.81,3.14,0.29,651
9.634,16.70,0.11,1.07,0.64,3.14,0.00,651
9.651,16.66,0.10,1.06,0.73,3.15,0.28,655
9.668,16.66,0.11,1.08,0.63,3.16,0.00,659
9.684,16.66,0.10,1.05,0.76,3.17,0.28,663
9.701,16.68,0.12,1.08,0.69,3.18,0.00,664
9.718,16.65,0.12,1.06,0.79,3.21,0.30,662
9.734,16.71,0.12,1.06,0.66,3.22,0.00,663
9.751,16.68,0.11,1.05,0.78,3.23,0.29,666
9.768,16.61,0.11,1.04,0.65,3.22,0.00,667
9.784,16.75,0.12,1.04,0.80,3.22,0.29,669
9.801,16.60,0.11,1.08,0.72,3.23,0.00,670
9.818,16.71,0.10,1.02,0.78,3.23,0.29,670
9.834,16.59,0.10,1.06,0.64,3.23,0.00,672
9.851,16.67,0.10,1.00,0.74,3.24,0.30,671
9.868,16.68,0.11,1.04,0.68,3.28,0.00,674
9.884,16.78,0.11,1.05,0.80,3.28,0.29,675
9.901,16.59,0.13,1.02,0.64,3.27,0.00,675
9.918,16.64,0.13,0.99,0.79,3.26,0.29,677
9.934,16.67,0.13,1.02,0.66,3.25,0.00,678
9.951,16.66,0.10,0.99,0.79,3.25,0.29,677
9.968,16.78,0.10,0.98,0.65,3.26,0.00,675
9.984,16.54,0.10,0.96,0.74,3.25,0.29,673
10.001,16.78,0.11,0.98,0.65,3.25,0.00,675
10.018,16.62,0.12,0.97,0.79,3.28,0.29,676
10.034,16.71,0.11,1.00,0.66,3.27,0.00,674
10.051,16.59,0.12,0.97,0.80,3.26,0.30,673
10.068,16.66,0.11,0.95,0.66,3.26,0.00,670
10.084,16.67,0.11,0.95,0.78,3.26,0.29,666
10.101,16.67,0.11,0.98,0.65,3.25,0.00,664
10.118,16.66,0.11,0.95,0.76,3.26,0.30,663
10.134,16.67,0.10,0.94,0.61,3.25,0.00,662
10.151,16.66,0.11,0.94,0.78,3.24,0.29,663
10.168,16.68,0.10,0.96,0.64,3.31,0.00,663
10.184,16.69,0.10,0.93,0.77,3.31,0.29,659
10.201,16.65,0.11,0.97,0.70,3.31,0.00,659
10.218,16.68,0.11,1.01,0.79,3.31,0.29,663
10.234,16.64,0.06,0.52,0.42,3.33,0.00,665
10.251,16.68,0.06,0.51,0.48,3.36,0.15,664
10.268,16.63,0.04,0.33,0.33,3.35,0.00,664
10.284,16.69,0.06,0.50,0.47,3.34,0.14,663
10.301,16.69,0.08,0.71,0.53,3.34,0.00,663
10.318,16.64,0.07,0.68,0.56,3.35,0.21,662
10.334,16.67,0.10,0.74,0.53,3.34,0.00,654
10.351,16.65,0.05,0.50,0.46,3.33,0.16,647
10.368,16.67,0.05,0.30,0.35,3.32,0.00,639
10.384,16.69,0.07,0.45,0.47,3.30,0.15,635
10.401,16.65,0.10,0.34,0.34,3.29,0.00,663
10.418,16.69,0.08,0.76,0.63,3.49,0.22,670
10.434,16.73,0.06,0.42,0.38,3.66,0.00,664
10.451,16.65,0.06,0.49,0.56,3.67,0.18,654
10.468,16.61,0.09,0.69,0.51,2.87,0.00,654
10.484,16.67,0.10,0.70,0.61,2.87,0.21,653
10.501,16.67,0.10,0.72,0.54,2.86,0.00,653
10.518,16.66,0.08,0.70,0.58,2.86,0.21,650
10.534,16.66,0.05,0.40,0.34,2.86,0.00,648
10.551,16.67,0.05,0.46,0.40,2.86,0.15,648
10.568,16.69,0.09,0.70,0.52,2.85,0.00,646
10.584,16.69,0.08,0.69,0.62,2.85,0.22,645
10.601,16.65,0.10,0.69,0.51,2.84,0.00,643
10.618,16.67,0.10,0.68,0.59,2.86,0.21,642
10.634,16.68,0.08,0.71,0.53,2.85,0.00,643
10.651,16.65,0.09,0.69,0.58,2.84,0.21,641
10.668,16.68,0.10,0.94,0.66,2.83,0.00,642
10.684,16.67,0.11,0.94,0.80,2.83,0.29,642
10.701,16.70,0.11,0.93,0.66,2.80,0.00,642
10.718,16.63,0.12,0.92,0.78,2.79,0.28,642
10.734,16.69,0.12,0.93,0.65,2.78,0.00,642
10.751,16.66,0.12,0.92,0.80,2.79,0.29,640
10.768,16.71,0.11,0.92,0.64,2.78,0.00,639
10.784,16.63,0.10,0.90,0.80,2.78,0.29,638
10.801,16.64,0.06,0.48,0.41,2.75,0.00,637
10.818,16.67,0.04,0.32,0.35,2.74,0.10,637
10.834,16.69,0.04,0.32,0.34,2.73,0.00,635
10.851,16.64,0.04,0.31,0.38,2.71,0.10,637
10.868,16.67,0.10,0.71,0.53,2.70,0.00,634
10.884,16.70,0.12,0.93,0.79,2.70,0.29,632
10.901,16.67,0.12,0.95,0.69,2.67,0.00,632
10.918,16.68,0.10,0.68,0.79,2.68,0.29,629
10.934,16.72,0.10,0.70,0.66,2.67,0.00,628
10.951,16.58,0.10,0.65,0.75,2.66,0.29,627
10.968,16.67,0.11,0.65,0.59,2.64,0.00,625
10.984,16.66,0.11,0.66,0.75,2.64,0.29,625
11.001,16.68,0.12,0.66,0.62,2.62,0.00,625
11.018,16.69,0.10,0.66,0.79,2.63,0.28,625
11.034,16.68,0.10,0.69,0.65,2.60,0.00,624
11.051,16.72,0.11,0.67,0.79,2.60,0.29,622
11.068,16.58,0.13,0.68,0.66,2.61,0.00,621
11.084,16.65,0.11,0.65,0.72,2.61,0.29,618
11.101,16.81,0.10,0.65,0.64,2.59,0.00,615
11.118,16.54,0.11,0.67,0.76,2.59,0.28,616
11.134,16.67,0.10,0.65,0.64,2.58,0.00,616
11.151,16.69,0.10,0.64,0.74,2.58,0.28,616
11.168,16.64,0.12,0.68,0.64,2.58,0.00,613
11.184,16.70,0.10,0.66,0.79,2.58,0.29,612
11.201,16.68,0.11,0.68,0.67,2.57,0.00,609
11.218,16.66,0.10,0.67,0.79,2.60,0.29,608
11.234,16.70,0.09,0.66,0.63,2.59,0.00,607
11.251,16.60,0.11,0.66,0.77,2.59,0.29,605
11.268,16.68,0.09,0.66,0.61,2.57,0.00,584
11.284,16.67,0.09,0.62,0.75,2.55,0.28,583
11.301,16.68,0.10,0.65,0.61,2.54,0.00,582
11.318,16.66,0.11,0.67,0.75,2.53,0.29,580
11.334,16.72,0.11,0.66,0.61,2.53,0.00,579
11.351,16.61,0.12,0.66,0.77,2.54,0.28,578
11.368,16.68,0.09,0.66,0.69,2.54,0.00,578
11.384,16.67,0.09,0.67,0.75,2.54,0.28,577
11.401,16.65,0.08,0.66,0.59,2.54,0.00,576
11.418,16.66,0.10,0.62,0.71,2.56,0.29,578
11.434,16.70,0.10,0.65,0.58,2.53,0.00,579
11.451,16.64,0.10,0.66,0.76,2.54,0.28,581
11.468,16.69,0.09,0.66,0.58,2.54,0.00,581
11.484,16.65,0.10,0.65,0.72,2.54,0.28,581
11.501,16.76,0.10,0.68,0.66,2.53,0.00,581
11.518,16.69,0.10,0.69,0.79,2.56,0.29,581
11.534,16.57,0.11,0.66,0.66,2.54,0.00,579
11.551,16.66,0.09,0.67,0.77,2.55,0.29,577
11.568,16.70,0.09,0.65,0.63,2.54,0.00,576
11.584,16.63,0.05,0.35,0.69,2.53,0.24,577
11.601,16.68,0.10,0.68,0.61,2.52,0.00,577
11.618,16.67,0.10,0.66,0.72,2.54,0.29,578
11.634,16.68,0.10,0.66,0.60,2.52,0.00,576
11.651,16.72,0.09,0.67,0.80,2.52,0.28,575
11.668,16.66,0.09,0.66,0.64,2.54,0.00,575
11.684,16.61,0.10,0.63,0.78,2.53,0.28,573
11.701,16.70,0.11,0.69,0.63,2.51,0.00,571
11.718,16.65,0.11,0.66,0.72,2.51,0.28,571
11.734,16.66,0.10,0.67,0.60,2.50,0.00,571
11.751,16.72,0.09,0.67,0.75,2.52,0.29,569
11.768,16.62,0.10,0.67,0.62,2.50,0.00,568
11.784,16.76,0.09,0.63,0.73,2.50,0.28,567
11.801,16.59,0.10,0.69,0.66,2.49,0.00,568
11.818,16.76,0.11,0.69,0.78,2.51,0.29,569
11.834,16.57,0.09,0.74,0.75,2.50,0.00,569
11.851,16.68,0.10,0.68,0.80,2.50,0.29,568
11.868,16.66,0.10,0.67,0.61,2.49,0.00,567
11.884,16.65,0.11,0.65,0.72,2.50,0.28,569
11.901,16.67,0.10,0.69,0.64,2.49,0.00,561
11.918,16.69,0.10,0.67,0.79,2.50,0.29,560
11.934,16.67,0.11,0.68,0.67,2.48,0.00,556
11.951,16.66,0.11,0.65,0.77,2.48,0.29,556
11.968,16.65,0.10,0.66,0.61,2.49,0.00,554
11.984,16.68,0.10,0.68,0.80,2.50,0.28,552
12.001,16.68,0.05,0.35,0.40,2.49,0.00,552
12.018,16.65,0.09,0.51,0.58,2.49,0.21,552
12.034,16.68,0.07,0.51,0.50,2.48,0.00,551
12.051,16.64,0.07,0.50,0.54,2.48,0.22,550
12.068,16.67,0.08,0.50,0.51,2.48,0.00,547
12.084,16.73,0.07,0.50,0.55,2.48,0.21,547
12.101,16.60,0.07,0.50,0.46,2.47,0.00,545
12.118,16.66,0.06,0.48,0.52,2.49,0.21,541
12.134,16.67,0.08,0.50,0.52,2.48,0.00,541
12.151,16.68,0.09,0.49,0.63,2.48,0.21,539
12.168,16.67,0.07,0.51,0.57,2.47,0.00,534
12.184,16.67,0.10,0.66,0.75,2.48,0.29,534
12.201,16.68,0.08,0.68,0.64,2.45,0.00,532
12.218,16.65,0.09,0.63,0.69,2.46,0.28,529
12.234,16.67,0.10,0.67,0.59,2.44,0.00,529
12.251,16.69,0.09,0.69,0.75,2.45,0.29,529
12.268,16.65,0.10,0.67,0.66,2.45,0.00,526
12.284,16.69,0.09,0.68,0.77,2.45,0.28,525
12.301,16.65,0.10,0.67,0.67,2.44,0.00,524
12.318,16.69,0.09,0.68,0.84,2.43,0.29,521
12.334,16.65,0.10,0.69,0.64,2.42,0.00,520
12.351,16.70,0.08,0.65,0.77,2.42,0.28,516
12.368,16.63,0.10,0.58,0.67,2.40,0.00,515
12.384,16.68,0.07,0.43,0.65,2.40,0.23,514
12.401,16.66,0.26,0.66,0.64,2.39,0.00,533
12.418,16.67,0.11,0.65,0.75,2.52,0.28,534
12.434,16.66,0.11,0.66,0.66,2.50,0.00,534
12.451,16.67,0.12,0.66,0.84,2.49,0.30,531
12.468,16.68,0.09,0.69,0.76,2.48,0.00,532
12.484,16.66,0.11,0.67,0.77,2.46,0.29,531
12.501,16.72,0.09,0.67,0.65,2.45,0.00,530
12.518,16.62,0.11,0.67,0.79,2.44,0.29,527
12.534,16.69,0.09,0.67,0.61,2.43,0.00,526
12.551,16.64,0.12,0.98,0.91,2.42,0.49,566
12.568,16.66,0.13,1.00,0.61,3.31,0.00,569
12.584,16.67,0.11,0.97,0.71,3.38,0.30,570
12.601,16.69,0.10,1.00,0.65,3.35,0.00,568
12.618,16.66,0.11,1.00,0.80,3.35,0.29,568
12.634,16.69,0.13,1.01,0.63,3.34,0.00,568
12.651,16.63,0.11,0.99,0.71,3.35,0.30,568
12.668,16.68,0.13,1.00,0.63,3.33,0.00,567
12.684,16.67,0.13,1.01,0.82,3.34,0.30,563
12.701,16.67,0.13,1.04,0.68,3.34,0.00,564
12.718,16.66,0.12,1.01,0.74,3.36,0.30,560
12.734,16.68,0.12,1.02,0.63,3.34,0.00,559
12.751,16.65,0.11,1.00,0.77,3.35,0.29,557
12.768,16.71,0.12,1.02,0.67,3.33,0.00,557
12.784,16.67,0.11,1.04,0.89,3.35,0.33,555
12.801,16.64,0.11,1.04,0.67,3.33,0.00,553
12.818,16.75,0.10,1.02,0.74,3.35,0.30,555
12.834,16.59,0.11,1.01,0.62,3.34,0.00,556
12.851,16.71,0.10,1.02,0.81,3.37,0.31,556
12.868,16.65,0.10,1.04,0.66,3.36,0.00,556
12.884,16.67,0.11,1.01,0.80,3.37,0.28,558
12.901,16.64,0.12,1.05,0.68,3.37,0.00,555
12.918,16.69,0.12,1.03,0.78,3.37,0.30,556
12.934,16.66,0.10,1.01,0.70,3.38,0.00,557
12.951,16.66,0.11,0.99,0.74,3.40,0.30,559
12.968,16.66,0.11,1.02,0.62,2.82,0.00,558
12.984,16.68,0.11,0.98,0.74,2.86,0.30,557
13.001,16.73,0.09,0.98,0.59,2.84,0.00,558
13.018,16.61,0.12,1.01,0.77,2.88,0.30,562
13.035,16.75,0.14,0.99,0.61,2.86,0.00,564
13.051,16.58,0.12,0.99,0.73,2.87,0.29,563
13.068,16.70,0.10,1.01,0.66,2.87,0.00,563
13.084,16.66,0.11,1.01,0.78,2.88,0.27,561
13.101,16.68,0.11,1.02,0.67,2.87,0.00,561
13.118,16.66,0.11,1.02,0.82,2.88,0.28,559
13.134,16.65,0.11,1.02,0.69,2.91,0.00,558
13.151,16.69,0.11,1.01,0.79,2.91,0.26,559
13.168,16.65,0.11,1.02,0.69,2.92,0.00,561
13.184,16.68,0.12,1.00,0.76,2.93,0.26,558
13.201,16.68,0.10,1.02,0.67,2.92,0.00,559
13.218,16.68,0.12,1.03,0.82,2.94,0.27,559
13.234,16.68,0.09,1.04,0.68,2.93,0.00,562
13.251,16.65,0.12,0.99,0.77,2.95,0.27,564
13.268,16.66,0.16,1.25,0.68,2.94,0.00,617
13.284,16.66,0.13,1.25,0.92,3.82,0.43,617
13.301,16.69,0.12,1.23,0.59,3.81,0.00,619
13.318,16.67,0.10,1.22,0.68,3.81,0.26,620
13.334,16.64,0.12,1.24,0.60,3.81,0.00,621
13.351,16.67,0.12,1.22,0.69,3.82,0.26,623
13.368,16.67,0.13,1.23,0.60,3.81,0.00,625
13.384,16.66,0.12,1.20,0.66,3.81,0.25,625
13.401,16.67,0.14,1.24,0.59,3.79,0.00,625
13.418,16.66,0.12,1.22,0.68,3.78,0.25,626
13.434,16.67,0.14,1.27,0.64,3.77,0.00,627
13.451,16.67,0.13,1.24,0.70,3.78,0.26,627
13.468,16.67,0.14,1.25,0.61,3.76,0.00,631
13.484,16.66,0.13,1.23,0.68,3.79,0.26,631
13.501,16.68,0.13,1.24,0.59,3.76,0.00,633
13.518,16.66,0.13,1.25,0.73,3.76,0.27,634
13.535,16.70,0.11,1.24,0.61,3.76,0.00,635
13.551,16.63,0.11,1.21,0.67,3.77,0.27,634
13.568,16.67,0.14,1.23,0.60,3.78,0.00,634
13.584,16.66,0.12,1.21,0.66,3.79,0.27,636
13.601,16.68,0.13,1.26,0.61,3.76,0.00,638
13.618,16.67,0.10,1.23,0.69,3.77,0.25,639
13.635,16.69,0.12,1.26,0.61,3.76,0.00,639
13.651,16.65,0.12,1.21,0.68,3.77,0.26,641
13.668,16.66,0.13,1.22,0.61,3.73,0.00,643
13.684,16.67,0.12,1.23,0.71,3.17,0.26,645
13.701,16.67,0.12,1.23,0.60,3.18,0.00,647
13.718,16.66,0.10,1.20,0.68,3.19,0.25,647
13.734,16.67,0.12,1.22,0.61,3.18,0.00,649
13.751,16.66,0.11,1.20,0.66,3.19,0.27,649
13.768,16.68,0.12,1.23,0.63,3.17,0.00,649
13.785,16.71,0.10,1.20,0.68,3.18,0.26,649
13.801,16.64,0.11,1.22,0.59,3.16,0.00,647
13.818,16.72,0.10,1.20,0.67,3.17,0.26,647
13.835,16.61,0.12,1.24,0.61,3.16,0.00,650
13.851,16.66,0.11,1.21,0.69,3.20,0.26,648
13.868,16.68,0.12,1.24,0.63,3.18,0.00,651
13.885,16.66,0.12,1.21,0.68,3.19,0.27,648
13.901,16.68,0.12,1.24,0.64,3.18,0.00,646
13.918,16.66,0.11,1.20,0.69,3.19,0.27,640
13.935,16.67,0.11,1.21,0.60,3.17,0.00,639
13.951,16.66,0.11,1.19,0.65,3.20,0.26,638
13.968,16.75,0.10,1.22,0.60,3.17,0.00,637
13.985,16.58,0.11,1.21,0.72,3.23,0.27,636
14.001,16.70,0.12,1.23,0.64,3.20,0.00,632
14.018,16.67,0.11,1.21,0.71,3.22,0.26,626
14.035,16.64,0.12,1.27,0.64,3.19,0.00,618
14.051,16.66,0.11,1.18,0.69,3.20,0.27,612
14.068,16.68,0.12,1.20,0.60,2.85,0.00,611
14.085,16.65,0.10,1.16,0.67,2.86,0.26,610
14.101,16.68,0.11,1.20,0.61,2.85,0.00,610
14.118,16.67,0.10,1.22,0.74,2.87,0.26,611
14.135,16.66,0.12,1.19,0.62,2.88,0.00,611
14.151,16.66,0.11,1.19,0.71,2.88,0.27,611
14.168,16.68,0.12,1.20,0.61,2.87,0.00,610
14.185,16.68,0.11,1.18,0.74,2.89,0.27,609
14.201,16.65,0.11,1.17,0.63,2.87,0.00,609
14.218,16.68,0.11,1.17,0.70,2.88,0.25,609
14.235,16.65,0.11,1.19,0.62,2.87,0.00,608
14.251,16.66,0.10,1.16,0.66,2.87,0.27,608
14.268,16.68,0.12,1.18,0.62,2.87,0.00,608
14.285,16.66,0.10,1.21,0.75,2.89,0.26,609
14.301,16.67,0.11,1.20,0.63,2.88,0.00,608
14.318,16.66,0.10,1.17,0.70,2.88,0.27,608
14.335,16.67,0.12,1.18,0.60,2.87,0.00,609
14.351,16.68,0.17,1.17,0.71,2.88,0.26,609
14.368,16.66,0.12,1.11,0.60,2.85,0.00,611
14.385,16.67,0.11,1.11,0.70,2.86,0.27,609
14.401,16.66,0.25,1.22,0.64,2.84,0.00,627
14.418,16.67,0.12,1.21,0.73,3.00,0.27,634
14.435,16.66,0.11,1.22,0.60,3.07,0.00,633
14.451,16.67,0.10,1.20,0.69,3.07,0.27,632
14.468,16.68,0.11,1.22,0.64,3.06,0.00,633
14.485,16.67,0.10,1.22,0.67,3.06,0.25,633
14.501,16.68,0.11,1.19,0.58,3.06,0.00,630
14.518,16.70,0.11,1.01,0.72,3.06,0.26,617
14.535,16.66,0.11,0.95,0.63,3.04,0.00,617
14.551,16.62,0.11,0.91,0.68,3.05,0.26,619
14.568,16.69,0.12,0.95,0.64,3.06,0.00,618
14.585,16.65,0.10,0.91,0.70,3.07,0.27,620
14.601,16.68,0.11,0.94,0.60,3.05,0.00,622
14.618,16.66,0.11,0.91,0.70,3.07,0.28,618
14.635,16.67,0.11,0.91,0.59,3.04,0.00,615
14.651,16.66,0.11,0.92,0.70,3.06,0.28,614
14.668,16.68,0.12,0.94,0.61,3.04,0.00,608
14.685,16.66,0.10,0.91,0.69,3.04,0.28,605
14.701,16.68,0.09,0.93,0.61,3.04,0.00,597
14.718,16.66,0.10,0.94,0.73,3.05,0.29,592
14.735,16.68,0.11,0.95,0.62,3.03,0.00,584
14.751,16.66,0.10,0.90,0.70,3.03,0.28,569
14.768,16.67,0.11,0.89,0.60,3.00,0.00,552
14.785,16.67,0.11,0.86,0.72,2.62,0.28,550
14.801,16.67,0.11,0.90,0.62,2.61,0.00,550
14.818,16.75,0.09,0.88,0.72,2.61,0.30,548
14.835,16.59,0.11,0.90,0.62,2.59,0.00,550
14.851,16.67,0.11,0.86,0.72,2.63,0.28,547
14.868,16.66,0.11,0.89,0.62,2.60,0.00,547
14.885,16.67,0.10,0.88,0.71,2.61,0.28,546
14.901,16.67,0.10,0.90,0.61,2.59,0.00,545
14.918,16.66,0.10,0.86,0.73,2.59,0.28,543
14.935,16.67,0.11,0.88,0.59,2.58,0.00,543
14.951,16.67,0.11,0.88,0.71,2.59,0.28,543
14.968,16.67,0.11,0.88,0.60,2.56,0.00,545
14.985,16.68,0.11,0.88,0.75,2.60,0.28,545
15.001,16.67,0.12,0.99,0.66,2.58,0.00,542
15.018,16.68,0.11,0.89,0.73,2.57,0.28,543
15.035,16.64,0.11,0.91,0.64,2.56,0.00,543
15.051,16.67,0.11,0.88,0.70,2.55,0.28,540
15.068,16.66,0.11,0.89,0.61,2.54,0.00,538
15.085,16.67,0.10,0.85,0.67,2.54,0.28,536
15.101,16.68,0.11,0.90,0.61,2.53,0.00,532
15.118,16.67,0.10,0.88,0.72,2.52,0.28,528
15.135,16.66,0.11,0.89,0.62,2.51,0.00,527
15.151,16.66,0.10,0.86,0.71,2.52,0.28,526
15.168,16.68,0.12,0.88,0.63,2.49,0.00,524
15.185,16.66,0.10,0.84,0.68,2.48,0.28,520
15.201,16.66,0.11,0.87,0.64,2.46,0.00,519
15.218,16.68,0.11,0.86,0.72,2.46,0.29,512
15.235,16.67,0.10,0.66,0.59,2.42,0.00,498
15.251,16.66,0.10,0.64,0.70,2.42,0.29,497
15.268,16.68,0.15,1.10,0.62,2.40,0.00,580
15.285,16.68,0.12,1.11,1.51,3.44,1.06,579
15.301,16.66,0.14,1.11,0.59,3.42,0.00,580
15.318,16.67,0.13,1.10,0.73,3.43,0.30,578
15.335,16.66,0.13,1.12,0.61,3.42,0.00,576
15.351,16.66,0.12,1.10,0.71,3.43,0.29,580
15.368,16.67,0.14,1.14,0.62,3.42,0.00,577
15.385,16.67,0.13,1.12,0.72,3.43,0.30,576
15.401,16.66,0.13,1.14,0.60,3.42,0.00,574
15.418,16.68,0.12,1.10,0.70,3.43,0.29,575
15.435,16.69,0.13,1.13,0.63,3.43,0.00,579
15.451,16.64,0.12,1.10,0.69,3.46,0.30,579
15.468,16.67,0.12,1.14,0.63,3.44,0.00,580
15.485,16.67,0.13,1.12,0.72,3.47,0.30,579
15.501,16.67,0.13,1.14,0.60,3.45,0.00,582
15.518,16.65,0.12,1.10,0.73,3.48,0.28,583
15.535,16.68,0.11,1.14,0.61,3.47,0.00,585
15.551,16.66,0.13,1.15,0.74,3.52,0.30,585
15.568,16.67,0.12,1.13,0.62,3.52,0.00,586
15.585,16.67,0.11,1.13,0.71,3.55,0.30,588
15.601,16.66,0.12,1.14,0.62,3.54,0.00,589
15.618,16.66,0.11,1.14,0.71,3.57,0.30,592
15.635,16.67,0.13,1.16,0.62,3.57,0.00,598
15.651,16.66,0.12,1.14,0.71,3.59,0.30,600
15.668,16.67,0.13,1.17,0.63,3.60,0.00,603
15.685,16.66,0.12,1.12,0.70,3.06,0.28,602
15.701,16.69,0.13,1.16,0.59,3.08,0.00,606
15.718,16.66,0.11,1.16,0.72,3.10,0.29,607
15.735,16.67,0.13,1.16,0.60,3.10,0.00,609
15.751,16.67,0.13,1.16,0.77,3.14,0.28,616
15.768,16.67,0.13,1.16,0.61,3.14,0.00,619
15.785,16.70,0.12,1.15,0.77,3.17,0.28,620
15.801,16.64,0.13,1.15,0.61,3.17,0.00,624
15.818,16.75,0.10,1.15,0.71,3.23,0.28,627
15.835,16.59,0.12,1.13,0.60,3.24,0.00,630
15.851,16.67,0.11,1.14,0.73,3.26,0.29,632
15.868,16.67,0.13,1.14,0.61,3.27,0.00,634
15.885,16.67,0.11,1.13,0.71,3.30,0.28,635
15.901,16.66,0.12,1.15,0.61,3.31,0.00,639
15.918,16.67,0.10,1.13,0.72,3.34,0.30,642
15.935,16.67,0.12,1.12,0.59,3.33,0.00,642
15.951,16.67,0.12,1.12,0.76,3.39,0.30,642
15.968,16.70,0.12,1.11,0.60,3.38,0.00,645
15.985,16.64,0.11,1.08,0.71,3.40,0.30,648
16.001,16.68,0.12,1.12,0.61,3.41,0.00,649
16.018,16.65,0.11,1.09,0.71,3.42,0.30,651
16.035,16.69,0.12,1.16,0.65,3.43,0.00,653
16.051,16.70,0.13,1.11,0.78,3.44,0.29,654
16.068,16.63,0.12,1.11,0.61,3.44,0.00,657
16.085,16.66,0.11,1.08,0.71,3.50,0.29,658
16.101,16.67,0.12,1.09,0.59,3.48,0.00,659
16.118,16.67,0.11,1.09,0.70,3.49,0.30,658
16.135,16.68,0.13,1.10,0.61,3.47,0.00,659
16.151,16.66,0.11,1.06,0.71,3.48,0.29,661
16.168,16.67,0.12,1.07,0.60,3.48,0.00,660
16.185,16.67,0.11,1.05,0.70,3.49,0.30,661
16.201,16.67,0.12,1.09,0.62,3.49,0.00,661
16.218,16.66,0.09,1.06,0.71,3.50,0.28,661
16.235,16.67,0.11,1.09,0.65,3.51,0.00,662
16.251,16.74,0.10,1.06,0.72,3.52,0.29,663
16.268,16.60,0.12,1.06,0.61,3.51,0.00,661
16.285,16.67,0.11,1.06,0.74,3.53,0.30,664
16.301,16.66,0.12,1.07,0.62,3.51,0.00,663
16.318,16.66,0.11,1.06,0.74,3.51,0.30,662
16.335,16.67,0.11,1.07,0.61,3.50,0.00,660
16.351,16.66,0.10,1.05,0.70,3.51,0.30,661
16.368,16.68,0.12,0.97,0.62,3.53,0.00,659
16.385,16.66,0.10,0.93,0.69,3.54,0.28,659
16.401,16.67,0.25,1.03,0.60,3.51,0.00,670
16.418,16.69,0.09,1.02,0.70,3.65,0.30,675
16.435,16.65,0.11,1.03,0.59,3.70,0.00,675
16.451,16.66,0.11,1.04,0.74,3.71,0.30,678
16.468,16.68,0.12,1.05,0.62,3.69,0.00,678
16.485,16.71,0.10,1.03,0.72,3.69,0.30,678
16.501,16.62,0.12,1.03,0.61,3.71,0.00,676
16.518,16.67,0.11,1.02,0.72,3.71,0.30,674
16.535,16.66,0.11,1.03,0.63,3.69,0.00,669
16.551,16.67,0.10,1.01,0.72,3.68,0.30,667
16.568,16.67,0.12,1.03,0.63,3.67,0.00,661
16.585,16.67,0.09,0.99,0.71,3.67,0.30,657
16.601,16.68,0.11,1.00,0.59,3.65,0.00,651
16.618,16.66,0.12,1.00,0.72,3.64,0.30,645
16.635,16.69,0.11,1.01,0.63,3.64,0.00,640
16.651,16.65,0.11,0.98,0.72,3.64,0.30,637
16.668,16.67,0.10,0.99,0.59,3.60,0.00,633
16.685,16.66,0.11,0.96,0.72,3.61,0.29,631
16.701,16.67,0.11,0.99,0.61,3.58,0.00,628
16.718,16.67,0.10,0.97,0.70,3.57,0.29,627
16.735,16.67,0.12,1.00,0.63,3.55,0.00,622
16.751,16.66,0.11,0.97,0.71,3.53,0.29,612
16.768,16.66,0.11,0.94,0.62,3.52,0.00,606
16.785,16.67,0.11,0.93,0.74,2.72,0.28,607
16.801,16.70,0.12,0.94,0.64,2.68,0.00,607
16.818,16.65,0.11,0.92,0.72,2.68,0.29,606
16.835,16.67,0.09,0.94,0.62,2.66,0.00,602
16.851,16.66,0.10,0.92,0.70,2.66,0.27,600
16.868,16.67,0.09,0.92,0.61,2.64,0.00,599
16.885,16.67,0.10,0.91,0.68,2.64,0.26,598
16.901,16.66,0.11,0.94,0.60,2.64,0.00,597
16.918,16.70,0.10,0.91,0.68,2.65,0.27,593
16.935,16.64,0.11,0.91,0.61,2.62,0.00,593
16.951,16.66,0.11,0.92,0.69,2.62,0.26,593
16.968,16.76,0.09,0.93,0.64,2.59,0.00,589
16.985,16.57,0.09,0.93,0.68,2.59,0.26,586
17.001,16.67,0.10,0.92,0.60,2.57,0.00,582
17.018,16.68,0.10,0.88,0.67,2.58,0.26,580
17.035,16.66,0.11,0.93,0.64,2.55,0.00,578
17.051,16.68,0.11,0.93,0.73,2.57,0.26,578
17.068,16.66,0.11,0.93,0.65,2.55,0.00,576
17.085,16.66,0.11,0.92,0.71,2.54,0.26,574
17.101,16.68,0.09,0.93,0.60,2.52,0.00,573
17.118,16.66,0.10,0.91,0.70,2.53,0.26,570
17.135,16.67,0.11,0.92,0.60,2.50,0.00,568
17.151,16.66,0.10,0.88,0.65,2.50,0.26,568
17.168,16.67,0.14,1.18,0.63,2.49,0.00,616
17.185,16.67,0.12,1.15,0.84,3.38,0.43,615
17.201,16.68,0.13,1.18,0.62,3.37,0.00,611
17.218,16.66,0.12,1.16,0.67,3.37,0.27,608
17.235,16.68,0.12,0.93,0.67,3.35,0.00,563
17.251,16.66,0.12,0.89,0.70,3.32,0.26,561
17.268,16.67,0.11,0.91,0.61,3.31,0.00,559
17.285,16.68,0.13,0.92,0.73,3.30,0.27,559
17.301,16.65,0.12,0.92,0.59,3.28,0.00,559
17.318,16.68,0.13,0.88,0.67,3.30,0.25,556
17.335,16.67,0.13,0.92,0.61,3.28,0.00,558
17.351,16.66,0.12,0.89,0.67,3.29,0.26,558
17.368,16.67,0.13,0.92,0.59,3.26,0.00,560
17.385,16.67,0.13,0.93,0.71,3.28,0.26,561
17.401,16.67,0.10,0.70,0.52,3.24,0.00,561
17.418,16.70,0.13,0.91,0.71,3.24,0.26,562
17.435,16.68,0.13,0.92,0.64,3.23,0.00,563
17.451,16.62,0.12,0.92,0.68,3.26,0.26,563
17.468,16.68,0.13,0.93,0.60,3.25,0.00,563
17.485,16.65,0.12,0.92,0.70,3.26,0.26,563
17.502,16.71,0.11,0.91,0.65,3.23,0.00,564
17.518,16.64,0.12,0.91,0.70,3.24,0.26,564
17.535,16.66,0.12,0.93,0.63,3.23,0.00,565
17.551,16.67,0.12,0.90,0.69,3.23,0.26,566
17.568,16.68,0.14,0.94,0.66,3.23,0.00,564
17.585,16.72,0.11,0.93,0.74,2.68,0.26,567
17.602,16.61,0.11,0.92,0.62,2.68,0.00,568
17.618,16.65,0.11,0.93,0.69,2.69,0.26,568
17.635,16.67,0.12,0.92,0.61,2.67,0.00,566
17.651,16.67,0.11,0.92,0.70,2.69,0.26,566
17.668,16.68,0.12,0.94,0.64,2.67,0.00,566
17.685,16.65,0.12,0.94,0.72,2.68,0.26,568
17.702,16.69,0.12,0.93,0.61,2.68,0.00,566
17.718,16.65,0.12,0.89,0.68,2.71,0.26,565
17.735,16.67,0.12,0.94,0.62,2.70,0.00,566
17.752,16.66,0.10,0.91,0.70,2.71,0.26,566
17.768,16.68,0.12,0.94,0.62,2.70,0.00,567
17.785,16.67,0.11,0.92,0.72,2.71,0.26,567
17.802,16.65,0.11,0.93,0.62,2.70,0.00,566
17.818,16.74,0.10,0.91,0.68,2.71,0.27,567
17.835,16.60,0.13,0.92,0.62,2.70,0.00,568
17.852,16.66,0.11,0.91,0.68,2.71,0.25,572
17.868,16.67,0.12,0.93,0.65,2.73,0.00,573
17.885,16.66,0.12,0.91,0.67,2.75,0.26,577
17.902,16.67,0.11,0.93,0.62,2.74,0.00,575
17.918,16.66,0.10,0.91,0.69,2.74,0.27,576
17.935,16.68,0.12,0.92,0.59,2.73,0.00,578
17.952,16.66,0.10,0.89,0.68,2.76,0.26,579
17.968,16.68,0.11,0.93,0.63,2.73,0.00,579
17.985,16.66,0.11,0.89,0.68,2.74,0.26,584
18.002,16.67,0.12,0.92,0.62,2.76,0.00,586
18.018,16.67,0.11,0.89,0.68,2.77,0.25,584
18.035,16.67,0.10,0.93,0.61,2.75,0.00,590
18.052,16.67,0.12,0.92,0.72,2.77,0.26,593
18.068,16.69,0.10,0.94,0.65,2.76,0.00,591
18.085,16.65,0.12,0.91,0.73,2.77,0.26,591
18.102,16.69,0.12,0.93,0.64,2.75,0.00,592
18.118,16.64,0.11,0.89,0.67,2.76,0.25,595
18.135,16.68,0.12,0.92,0.61,2.78,0.00,597
18.152,16.66,0.11,0.88,0.68,2.81,0.25,596
18.168,16.67,0.12,0.91,0.61,2.78,0.00,596
18.185,16.66,0.11,0.89,0.68,2.81,0.26,593
18.202,16.68,0.12,0.92,0.61,2.78,0.00,594
18.218,16.65,0.11,0.91,0.70,2.78,0.26,593
18.235,16.67,0.11,0.91,0.60,2.77,0.00,592
18.252,16.67,0.12,0.92,0.73,2.78,0.26,594
18.268,16.67,0.12,0.91,0.62,2.80,0.00,596
18.285,16.67,0.10,0.87,0.72,2.79,0.26,598
18.302,16.66,0.09,0.69,0.48,2.79,0.00,594
18.318,16.67,0.07,0.67,0.52,2.79,0.19,593
18.335,16.67,0.08,0.69,0.47,2.77,0.00,594
18.352,16.67,0.07,0.68,0.56,2.79,0.19,596
18.368,16.67,0.08,0.63,0.47,2.78,0.00,594
18.385,16.72,0.08,0.62,0.53,2.78,0.19,595
18.402,16.63,0.18,0.70,0.46,2.83,0.00,615
18.418,16.67,0.08,0.68,0.54,2.95,0.19,629
18.435,16.66,0.09,0.70,0.48,3.05,0.00,630
18.452,16.66,0.07,0.67,0.51,3.09,0.19,652
18.468,16.68,0.11,0.93,0.61,3.11,0.00,654
18.485,16.67,0.12,0.91,0.68,3.13,0.26,653
18.502,16.68,0.12,0.93,0.60,3.13,0.00,653
18.518,16.67,0.12,0.92,0.67,3.13,0.26,656
18.535,16.68,0.11,0.96,0.63,3.17,0.00,656
18.552,16.65,0.07,0.69,0.52,3.17,0.20,658
18.568,16.68,0.08,0.70,0.45,3.17,0.00,656
18.585,16.73,0.08,0.70,0.56,3.13,0.21,655
18.602,16.61,0.09,0.70,0.48,3.12,0.00,652
18.618,16.66,0.08,0.70,0.55,3.12,0.21,649
18.635,16.67,0.08,0.69,0.47,3.11,0.00,636
18.652,16.66,0.07,0.69,0.54,3.10,0.21,618
18.668,16.68,0.08,0.67,0.49,3.08,0.00,606
18.685,16.73,0.08,0.66,0.55,2.74,0.22,605
18.702,16.61,0.11,0.90,0.61,2.72,0.00,606
18.718,16.67,0.10,0.87,0.69,2.75,0.28,605
18.735,16.67,0.11,0.90,0.62,2.73,0.00,606
18.752,16.66,0.11,0.87,0.71,2.73,0.29,605
18.768,16.67,0.11,0.90,0.62,2.72,0.00,602
18.785,16.66,0.10,0.90,0.73,2.73,0.29,601
18.802,16.68,0.12,0.91,0.62,2.70,0.00,601
18.818,16.73,0.09,0.86,0.71,2.74,0.29,600
18.835,16.60,0.12,0.87,0.62,2.72,0.00,600
18.852,16.67,0.10,0.89,0.71,2.72,0.28,599
18.868,16.67,0.11,0.89,0.61,2.71,0.00,598
18.885,16.66,0.10,0.87,0.70,2.71,0.28,596
18.902,16.68,0.11,0.88,0.60,2.70,0.00,595
18.918,16.67,0.09,0.87,0.75,2.70,0.29,593
18.935,16.67,0.11,0.91,0.61,2.68,0.00,591
18.952,16.66,0.10,0.86,0.70,2.70,0.28,585
18.968,16.67,0.10,0.89,0.62,2.69,0.00,584
18.985,16.71,0.09,0.87,0.70,2.69,0.28,584
19.002,16.65,0.11,0.89,0.60,2.67,0.00,584
19.018,16.66,0.09,0.90,0.73,2.67,0.28,582
19.035,16.66,0.11,0.90,0.62,2.66,0.00,581
19.052,16.68,0.12,0.90,0.76,2.65,0.28,580
19.068,16.66,0.10,0.89,0.60,2.64,0.00,578
19.085,16.66,0.10,0.86,0.70,2.66,0.29,575
19.102,16.68,0.10,0.90,0.61,2.64,0.00,574
19.118,16.68,0.10,0.92,0.76,2.63,0.29,574
19.135,16.65,0.11,0.66,0.63,2.62,0.00,560
19.152,16.68,0.09,0.65,0.72,2.60,0.29,560
19.168,16.66,0.11,0.66,0.61,2.59,0.00,561
19.185,16.66,0.10,0.63,0.69,2.61,0.28,563
19.202,16.68,0.11,0.65,0.59,2.60,0.00,563
19.218,16.68,0.09,0.62,0.71,2.63,0.28,563
19.235,16.67,0.11,0.66,0.64,2.60,0.00,563
19.252,16.66,0.10,0.65,0.72,2.60,0.28,563
19.268,16.67,0.11,0.66,0.59,2.59,0.00,561
19.285,16.67,0.09,0.66,0.72,2.60,0.28,563
19.302,16.66,0.12,0.67,0.65,2.59,0.00,562
19.318,16.66,0.10,0.64,0.69,2.58,0.28,563
19.335,16.70,0.11,0.67,0.63,2.57,0.00,565
19.352,16.65,0.11,0.63,0.73,2.61,0.28,564
19.368,16.67,0.09,0.66,0.59,2.58,0.00,563
19.385,16.66,0.09,0.65,0.69,2.57,0.28,564
19.402,16.67,0.11,0.65,0.58,2.57,0.00,562
19.418,16.67,0.10,0.63,0.70,2.57,0.28,561
19.435,16.69,0.11,0.67,0.62,2.55,0.00,559
19.452,16.65,0.10,0.64,0.68,2.55,0.28,559
19.468,16.67,0.10,0.66,0.61,2.53,0.00,558
19.485,16.66,0.10,0.62,0.71,2.53,0.29,555
19.502,16.68,0.11,0.66,0.59,2.54,0.00,556
19.518,16.66,0.11,0.64,0.71,2.55,0.28,556
19.535,16.68,0.11,0.64,0.61,2.52,0.00,555
19.552,16.67,0.10,0.65,0.74,2.53,0.29,545
19.568,16.66,0.11,0.66,0.60,2.48,0.00,541
19.585,16.68,0.10,0.63,0.69,2.48,0.28,537
19.602,16.66,0.11,0.65,0.60,2.46,0.00,536
19.618,16.66,0.10,0.64,0.71,2.47,0.28,534
19.635,16.68,0.10,0.66,0.60,2.43,0.00,533
19.652,16.67,0.10,0.64,0.68,2.44,0.28,531
19.668,16.66,0.11,0.63,0.58,2.42,0.00,531
19.685,16.67,0.11,0.65,0.70,2.43,0.28,531
19.702,16.68,0.10,0.62,0.63,2.41,0.00,529
19.718,16.67,0.11,0.66,0.75,2.42,0.29,528
19.735,16.66,0.11,0.66,0.61,2.41,0.00,528
19.752,16.66,0.13,0.93,0.89,2.40,0.48,570
19.768,16.68,0.12,0.96,0.60,3.30,0.00,573
19.785,16.67,0.12,0.94,0.72,3.30,0.29,574
19.802,16.66,0.12,0.96,0.62,3.29,0.00,574
19.818,16.74,0.10,0.93,0.70,3.29,0.29,574
19.835,16.61,0.12,0.96,0.62,3.27,0.00,572
19.852,16.66,0.12,0.94,0.70,3.29,0.29,572
19.868,16.69,0.12,0.97,0.61,3.27,0.00,573
19.885,16.66,0.12,0.93,0.70,3.28,0.29,571
19.902,16.67,0.12,0.97,0.61,3.27,0.00,570
19.918,16.68,0.12,0.97,0.79,3.28,0.30,570
19.935,16.75,0.11,0.98,0.62,3.27,0.00,571
19.952,16.57,0.12,0.95,0.74,3.28,0.30,572
19.968,16.67,0.13,0.95,0.60,3.26,0.00,570
19.985,16.66,0.11,0.95,0.69,3.27,0.29,567
20.002,16.68,0.12,0.98,0.61,3.25,0.00,569
20.018,16.66,0.12,0.97,0.73,3.30,0.30,569
20.035,16.68,0.12,1.01,0.64,3.28,0.00,569
20.052,16.67,0.11,0.98,0.77,3.28,0.29,568
20.068,16.68,0.12,0.97,0.60,3.27,0.00,568
20.085,16.65,0.09,0.93,0.72,3.29,0.28,570
20.102,16.68,0.13,0.97,0.63,3.27,0.00,575
20.118,16.66,0.11,0.97,0.72,3.28,0.30,572
20.135,16.67,0.14,1.00,0.64,3.28,0.00,573
20.152,16.67,0.12,0.96,0.73,3.30,0.30,572
20.168,16.67,0.12,0.99,0.66,2.71,0.00,573
20.185,16.66,0.12,0.95,0.73,2.72,0.29,573
20.202,16.66,0.11,0.97,0.61,2.71,0.00,574
20.218,16.67,0.10,0.94,0.68,2.73,0.29,574
20.235,16.70,0.11,0.97,0.61,2.71,0.00,572
20.252,16.65,0.10,0.95,0.72,2.72,0.29,571
20.268,16.66,0.12,0.98,0.62,2.71,0.00,572
20.285,16.67,0.11,0.94,0.72,2.76,0.30,572
20.302,16.66,0.11,0.95,0.61,2.74,0.00,574
20.318,16.67,0.10,0.93,0.70,2.75,0.29,572
20.335,16.70,0.11,0.98,0.65,2.74,0.00,573
20.352,16.63,0.10,0.95,0.72,2.74,0.29,568
20.368,16.67,0.11,0.87,0.59,2.74,0.00,563
20.385,16.67,0.11,0.85,0.69,2.76,0.28,561
20.402,16.68,0.25,0.99,0.62,2.74,0.00,600
20.418,16.67,0.11,0.97,0.74,2.99,0.30,614
20.435,16.67,0.11,0.96,0.59,3.12,0.00,614
20.452,16.67,0.11,0.97,0.71,3.13,0.29,614
20.468,16.68,0.12,0.98,0.65,3.12,0.00,617
20.485,16.68,0.11,0.97,0.78,3.11,0.30,617
20.502,16.65,0.11,0.96,0.61,3.10,0.00,615
20.518,16.66,0.10,0.94,0.69,3.12,0.28,617
20.535,16.67,0.12,0.97,0.59,3.10,0.00,618
20.552,16.67,0.12,0.98,0.75,3.13,0.30,618
20.568,16.67,0.11,0.98,0.59,3.10,0.00,617
20.585,16.66,0.10,0.95,0.70,3.11,0.29,621
20.602,16.70,0.10,0.99,0.65,3.10,0.00,624
20.618,16.63,0.11,0.97,0.74,3.10,0.29,624
20.635,16.67,0.12,0.97,0.61,3.08,0.00,623
20.652,16.67,0.11,0.94,0.70,3.08,0.28,621
20.668,16.67,0.11,0.97,0.60,3.08,0.00,622
20.685,16.66,0.11,0.95,0.69,3.09,0.29,622
20.702,16.71,0.10,0.97,0.62,3.06,0.00,620
20.718,16.63,0.11,0.97,0.71,3.06,0.29,621
20.735,16.67,0.12,0.98,0.63,3.03,0.00,620
20.752,16.65,0.10,0.94,0.70,3.03,0.28,622
20.768,16.67,0.12,0.97,0.61,3.02,0.00,618
20.785,16.67,0.11,0.94,0.71,3.02,0.29,618
20.802,16.68,0.12,0.98,0.63,3.02,0.00,616
20.819,16.74,0.09,0.96,0.73,3.02,0.30,615
20.835,16.60,0.11,0.95,0.60,3.00,0.00,616
20.852,16.67,0.11,0.95,0.70,3.00,0.29,615
20.868,16.66,0.12,0.97,0.63,2.99,0.00,615
20.885,16.66,0.10,0.95,0.71,2.99,0.29,615
20.902,16.67,0.10,0.95,0.59,2.98,0.00,612
20.918,16.68,0.11,0.94,0.69,2.99,0.29,612
20.935,16.67,0.11,0.96,0.62,3.00,0.00,609
20.952,16.67,0.10,0.94,0.71,3.01,0.29,607
20.968,16.67,0.10,0.96,0.63,2.98,0.00,610
20.985,16.67,0.11,0.94,0.73,3.00,0.29,609
21.002,16.67,0.11,0.97,0.61,2.98,0.00,608
21.018,16.66,0.10,0.95,0.70,2.99,0.29,604
21.035,16.69,0.11,0.97,0.61,2.97,0.00,605
21.052,16.66,0.11,0.97,0.78,2.98,0.30,606
21.068,16.66,0.10,0.97,0.61,2.99,0.00,606
21.085,16.67,0.10,0.94,0.70,3.00,0.29,605
21.102,16.67,0.10,0.96,0.61,2.99,0.00,607
21.118,16.66,0.10,0.93,0.71,3.01,0.28,606
21.135,16.68,0.09,0.94,0.59,2.98,0.00,605
21.152,16.67,0.10,0.93,0.69,3.00,0.28,601
21.169,16.71,0.10,0.98,0.66,2.99,0.00,598
21.185,16.64,0.11,0.96,0.76,3.03,0.30,594
21.202,16.66,0.11,0.96,0.64,3.03,0.00,591
21.218,16.66,0.10,0.93,0.72,3.02,0.30,589
21.235,16.68,0.11,0.96,0.61,3.00,0.00,582
21.252,16.67,0.11,0.91,0.72,3.02,0.28,578
21.268,16.67,0.10,0.92,0.62,2.55,0.00,577
21.285,16.66,0.10,0.91,0.72,2.58,0.28,573
21.302,16.70,0.09,0.92,0.63,2.56,0.00,571
21.318,16.64,0.11,0.88,0.71,2.58,0.29,571
21.335,16.67,0.11,0.92,0.64,2.58,0.00,569
21.352,16.66,0.10,0.90,0.71,2.58,0.29,569
21.368,16.68,0.11,0.92,0.62,2.57,0.00,568
21.385,16.67,0.11,0.89,0.74,2.58,0.29,568
21.402,16.66,0.11,0.92,0.62,2.56,0.00,566
21.418,16.66,0.10,0.90,0.71,2.57,0.28,565
21.435,16.68,0.11,0.92,0.59,2.55,0.00,562
21.452,16.66,0.10,0.90,0.69,2.58,0.28,561
21.468,16.67,0.10,0.93,0.61,2.57,0.00,561
21.485,16.66,0.10,0.89,0.70,2.57,0.29,560
21.502,16.68,0.10,0.92,0.62,2.55,0.00,560
21.518,16.66,0.09,0.89,0.73,2.55,0.29,559
21.535,16.66,0.10,0.92,0.60,2.53,0.00,559
21.552,16.68,0.11,0.94,0.73,2.54,0.28,558
21.569,16.67,0.11,0.93,0.62,2.53,0.00,556
21.585,16.66,0.10,0.88,0.70,2.54,0.28,554
21.602,16.68,0.11,0.91,0.61,2.53,0.00,554
21.619,16.66,0.10,0.91,0.74,2.53,0.28,554
21.635,16.67,0.10,0.92,0.61,2.52,0.00,553
21.652,16.68,0.10,0.89,0.71,2.53,0.28,553
21.669,16.66,0.10,0.90,0.61,2.51,0.00,551
21.685,16.66,0.10,0.88,0.69,2.51,0.28,547
21.702,16.67,0.10,0.91,0.60,2.52,0.00,546
21.719,16.67,0.10,0.66,0.69,2.52,0.28,544
21.735,16.66,0.10,0.68,0.59,2.50,0.00,543
21.752,16.67,0.10,0.67,0.69,2.51,0.29,543
21.769,16.69,0.10,0.68,0.61,2.49,0.00,541
21.785,16.74,0.09,0.67,0.70,2.50,0.28,540
21.802,16.63,0.11,0.70,0.64,2.48,0.00,539
21.819,16.62,0.11,0.65,0.72,2.48,0.29,539
21.835,16.68,0.10,0.69,0.61,2.49,0.00,539
21.852,16.67,0.10,0.67,0.71,2.49,0.28,539
21.869,16.65,0.10,0.69,0.62,2.47,0.00,538
21.885,16.67,0.10,0.67,0.70,2.49,0.28,537
21.902,16.67,0.10,0.69,0.58,2.47,0.00,534
21.919,16.68,0.10,0.67,0.72,2.48,0.29,533
21.935,16.68,0.10,0.68,0.58,2.46,0.00,528
21.952,16.65,0.13,0.98,0.89,2.48,0.48,572
21.969,16.67,0.13,1.02,0.60,3.29,0.00,569
21.985,16.67,0.11,0.99,0.69,3.30,0.29,570
22.002,16.70,0.13,1.02,0.63,3.28,0.00,569
22.019,16.64,0.11,0.99,0.72,3.29,0.30,570
22.035,16.66,0.13,1.02,0.60,3.29,0.00,568
22.052,16.69,0.12,1.02,0.76,3.31,0.30,566
22.069,16.66,0.14,1.04,0.65,3.31,0.00,565
22.085,16.65,0.11,1.01,0.70,3.32,0.30,566
22.102,16.68,0.13,1.04,0.62,3.32,0.00,569
22.119,16.66,0.12,1.02,0.71,3.34,0.29,564
22.135,16.67,0.13,1.05,0.61,3.33,0.00,566
22.152,16.66,0.12,1.03,0.70,3.35,0.29,566
22.169,16.67,0.12,1.07,0.63,3.35,0.00,565
22.185,16.66,0.11,1.03,0.71,3.37,0.29,564
22.202,16.71,0.13,1.05,0.63,3.37,0.00,568
22.219,16.65,0.10,1.05,0.73,3.42,0.30,571
22.235,16.66,0.10,1.07,0.60,3.41,0.00,572
22.252,16.75,0.10,1.05,0.70,3.43,0.28,576
22.269,16.59,0.12,1.06,0.60,3.42,0.00,578
22.285,16.65,0.11,1.05,0.72,3.43,0.29,579
22.302,16.77,0.10,1.08,0.64,3.43,0.00,580
22.319,16.58,0.12,1.07,0.75,3.44,0.30,579
22.335,16.67,0.12,1.06,0.61,3.47,0.00,581
22.352,16.67,0.11,1.05,0.71,3.48,0.29,584
22.369,16.68,0.12,0.98,0.62,2.90,0.00,584
22.385,16.67,0.09,0.96,0.71,2.91,0.29,588
22.402,16.69,0.24,1.09,0.69,2.90,0.00,620
22.419,16.65,0.12,1.09,0.78,3.02,0.30,626
22.435,16.70,0.12,1.09,0.64,3.12,0.00,626
22.452,16.62,0.12,1.05,0.71,3.13,0.29,626
22.469,16.67,0.12,1.08,0.61,3.15,0.00,628
22.485,16.66,0.11,1.07,0.70,3.16,0.29,628
22.502,16.68,0.12,1.09,0.64,3.14,0.00,628
22.519,16.68,0.11,1.08,0.77,3.14,0.30,627
22.535,16.66,0.12,1.10,0.65,3.14,0.00,628
22.552,16.66,0.12,1.13,0.79,3.15,0.30,625
22.569,16.67,0.12,1.11,0.65,3.15,0.00,625
22.585,16.66,0.11,1.08,0.74,3.18,0.30,626
22.602,16.75,0.11,1.10,0.66,3.17,0.00,628
22.619,16.59,0.11,1.06,0.74,3.18,0.29,629
22.635,16.67,0.12,1.08,0.60,3.17,0.00,631
22.652,16.66,0.10,1.06,0.70,3.19,0.30,631
22.669,16.69,0.10,1.09,0.64,3.18,0.00,630
22.685,16.65,0.12,1.09,0.74,3.19,0.30,634
22.702,16.67,0.11,1.08,0.60,3.20,0.00,635
22.719,16.66,0.11,1.06,0.69,3.21,0.29,638
22.735,16.68,0.11,1.07,0.61,3.21,0.00,639
22.752,16.66,0.12,1.08,0.72,3.22,0.29,641
22.769,16.66,0.12,1.09,0.61,3.21,0.00,642
22.785,16.67,0.10,1.04,0.72,3.23,0.28,643
22.802,16.72,0.11,1.08,0.62,3.22,0.00,647
22.819,16.70,0.10,1.07,0.78,3.24,0.29,646
22.835,16.60,0.10,1.08,0.64,3.25,0.00,645
22.852,16.67,0.12,1.05,0.79,3.26,0.30,645
22.869,16.66,0.10,1.07,0.64,3.26,0.00,647
22.885,16.66,0.11,1.06,0.75,3.26,0.30,653
22.902,16.67,0.11,1.05,0.64,3.27,0.00,651
22.919,16.67,0.12,1.07,0.76,3.27,0.30,653
22.935,16.66,0.12,1.07,0.62,3.27,0.00,654
22.952,16.67,0.11,1.05,0.71,3.31,0.29,653
22.969,16.68,0.12,1.07,0.66,3.29,0.00,651
22.985,16.68,0.09,1.05,0.72,3.30,0.30,654
23.002,16.65,0.12,1.03,0.59,3.30,0.00,654
23.019,16.67,0.11,1.04,0.74,3.30,0.29,653
23.035,16.66,0.11,1.05,0.60,3.29,0.00,652
23.052,16.66,0.12,1.06,0.74,3.31,0.30,648
23.069,16.70,0.11,1.05,0.63,3.29,0.00,649
23.085,16.64,0.10,1.03,0.71,3.32,0.30,648
23.102,16.67,0.11,1.05,0.62,3.31,0.00,648
23.119,16.66,0.10,1.04,0.72,3.32,0.29,644
23.135,16.68,0.11,1.05,0.62,3.29,0.00,645
23.152,16.66,0.11,1.03,0.70,3.30,0.30,644
23.169,16.67,0.10,1.05,0.62,3.28,0.00,646
23.185,16.67,0.11,1.03,0.72,3.29,0.30,645
23.202,16.68,0.11,1.04,0.61,3.31,0.00,645
23.219,16.66,0.10,1.02,0.71,3.30,0.30,643
23.235,16.72,0.10,1.07,0.63,3.28,0.00,635
23.252,16.62,0.11,1.01,0.71,3.27,0.30,632
23.269,16.68,0.11,1.04,0.60,3.25,0.00,629
23.285,16.66,0.11,1.02,0.72,3.25,0.29,624
23.302,16.68,0.11,1.04,0.66,3.21,0.00,617
23.319,16.66,0.12,1.04,0.75,3.22,0.28,613
23.335,16.67,0.12,1.03,0.63,3.20,0.00,610
23.352,16.66,0.10,1.01,0.71,3.19,0.30,607
23.369,16.68,0.11,1.02,0.60,3.16,0.00,603
23.385,16.68,0.10,1.02,0.70,3.16,0.29,604
23.402,16.65,0.11,1.01,0.60,3.12,0.00,603
23.419,16.66,0.10,1.00,0.77,3.13,0.31,601
23.435,16.68,0.16,1.45,0.61,3.09,0.00,662
23.452,16.68,0.13,1.44,1.52,4.07,1.04,663
23.469,16.66,0.13,1.44,0.60,3.62,0.00,660
23.485,16.68,0.15,1.44,0.77,3.63,0.28,659
23.502,16.66,0.14,1.44,0.66,3.62,0.00,661
23.519,16.74,0.12,1.42,0.78,3.61,0.28,660
23.535,16.59,0.11,1.44,0.67,3.61,0.00,661
23.552,16.67,0.13,1.44,0.76,3.61,0.28,661
23.569,16.67,0.13,1.46,0.65,3.61,0.00,660
23.585,16.68,0.14,1.47,0.80,3.62,0.28,661
23.602,16.68,0.14,1.47,0.65,3.60,0.00,660
23.619,16.66,0.13,1.46,0.79,3.61,0.28,659
23.635,16.67,0.13,1.48,0.69,3.60,0.00,658
23.652,16.67,0.14,1.45,0.79,3.61,0.28,660
23.669,16.67,0.13,1.46,0.65,3.61,0.00,657
23.685,16.67,0.13,1.45,0.75,3.62,0.29,661
23.702,16.67,0.13,1.48,0.68,3.65,0.00,660
23.719,16.71,0.13,1.44,0.81,3.65,0.28,660
23.735,16.65,0.14,1.48,0.64,3.67,0.00,659
23.752,16.65,0.13,1.42,0.79,3.67,0.28,659
23.769,16.68,0.11,1.43,0.66,3.67,0.00,658
23.785,16.66,0.13,1.45,0.81,3.68,0.28,659
23.802,16.66,0.13,1.48,0.67,3.69,0.00,659
23.819,16.72,0.12,1.49,0.79,3.72,0.28,658
23.835,16.63,0.11,1.47,0.66,3.73,0.00,655
23.852,16.66,0.13,1.46,0.81,3.17,0.28,654
23.869,16.67,0.12,1.48,0.68,3.17,0.00,652
23.885,16.67,0.12,1.46,0.82,3.18,0.28,644
23.902,16.66,0.12,1.45,0.65,3.18,0.00,641
23.919,16.66,0.13,1.15,0.76,3.18,0.28,627
23.935,16.68,0.13,1.17,0.69,3.21,0.00,623
23.952,16.68,0.12,1.16,0.83,3.23,0.31,621
23.969,16.66,0.11,1.16,0.69,3.23,0.00,623
23.985,16.66,0.10,1.16,0.77,3.25,0.29,623
24.002,16.66,0.13,1.15,0.65,3.24,0.00,622
24.019,16.67,0.13,1.14,0.80,3.24,0.30,622
24.035,16.68,0.11,1.19,0.76,3.25,0.00,622
24.052,16.65,0.12,1.16,0.84,3.26,0.30,628
24.069,16.67,0.12,1.15,0.65,3.31,0.00,629
24.085,16.67,0.13,1.14,0.81,3.32,0.29,630
24.102,16.66,0.12,1.14,0.65,3.32,0.00,627
24.119,16.71,0.11,1.17,0.84,3.33,0.30,630
24.135,16.62,0.13,1.12,0.66,3.33,0.00,635
24.152,16.67,0.12,1.12,0.79,3.34,0.30,636
24.169,16.67,0.13,1.11,0.67,3.34,0.00,639
24.185,16.66,0.12,1.08,0.76,3.45,0.29,640
24.202,16.69,0.11,1.12,0.70,3.45,0.00,640
24.219,16.65,0.11,1.07,0.76,3.46,0.30,641
24.235,16.67,0.12,1.10,0.64,3.46,0.00,655
24.252,16.67,0.13,1.08,0.79,3.48,0.29,655
24.269,16.68,0.11,1.10,0.68,3.50,0.00,655
24.285,16.69,0.10,1.08,0.78,3.50,0.30,658
24.302,16.63,0.13,1.09,0.66,3.49,0.00,659
24.319,16.68,0.11,1.12,0.80,3.48,0.30,661
24.335,16.64,0.12,1.08,0.65,3.47,0.00,663
24.352,16.70,0.10,1.06,0.85,3.48,0.29,661
24.369,16.68,0.12,0.99,0.66,3.46,0.00,660
24.385,16.65,0.11,0.97,0.78,3.47,0.29,662
24.402,16.68,0.26,1.07,0.66,3.46,0.00,680
24.419,16.70,0.10,1.07,0.84,3.62,0.28,693
24.435,16.62,0.12,1.11,0.74,3.81,0.00,689
24.452,16.68,0.12,1.07,0.79,3.82,0.29,688
24.469,16.67,0.12,1.08,0.70,3.81,0.00,689
24.485,16.65,0.10,1.03,0.83,3.81,0.30,689
24.502,16.69,0.12,1.08,0.69,3.80,0.00,691
24.519,16.65,0.12,1.16,0.93,3.80,0.31,690
24.535,16.65,0.14,1.12,0.65,3.80,0.00,691
24.552,16.66,0.08,0.79,0.65,3.83,0.21,689
24.569,16.68,0.11,1.16,0.74,3.81,0.00,687
24.585,16.67,0.13,1.05,0.85,3.80,0.28,687
24.602,16.66,0.13,1.05,0.75,3.81,0.00,685
24.619,16.67,0.12,1.03,0.78,3.81,0.30,686
24.635,16.66,0.12,1.05,0.68,3.80,0.00,687
24.652,16.66,0.10,1.01,0.75,3.82,0.29,686
24.669,16.68,0.12,1.02,0.66,3.81,0.00,684
24.685,16.67,0.11,1.00,0.72,3.83,0.29,681
24.702,16.68,0.11,1.01,0.61,3.81,0.00,680
24.719,16.66,0.10,0.97,0.74,3.81,0.29,680
24.735,16.67,0.11,1.00,0.62,3.79,0.00,680
24.752,16.66,0.10,0.98,0.70,3.80,0.29,679
24.769,16.68,0.12,1.00,0.60,3.79,0.00,679
24.785,16.66,0.11,0.98,0.70,3.78,0.29,676
24.802,16.67,0.11,0.98,0.60,3.78,0.00,670
24.819,16.76,0.10,1.01,0.76,3.79,0.30,664
24.835,16.58,0.11,0.99,0.63,3.77,0.00,661
24.852,16.69,0.09,0.95,0.72,3.76,0.29,657
24.869,16.64,0.10,0.99,0.62,3.74,0.00,655
24.885,16.66,0.10,0.96,0.71,3.73,0.30,654
24.902,16.70,0.11,0.97,0.61,3.70,0.00,649
24.919,16.63,0.11,0.97,0.72,3.69,0.30,646
24.936,16.75,0.09,0.94,0.63,3.71,0.00,643
24.952,16.59,0.10,0.92,0.70,2.87,0.29,639
24.969,16.67,0.10,0.93,0.60,2.84,0.00,636
24.985,16.67,0.10,0.91,0.71,2.86,0.28,636
25.002,16.69,0.11,0.93,0.60,2.82,0.00,636
25.019,16.65,0.10,0.93,0.71,2.83,0.28,636
25.035,16.67,0.11,0.93,0.61,2.79,0.00,633
25.052,16.66,0.10,0.90,0.69,2.83,0.28,630
25.069,16.68,0.10,0.93,0.63,2.80,0.00,629
25.085,16.67,0.10,0.93,0.72,2.80,0.28,626
25.102,16.67,0.11,0.95,0.62,2.77,0.00,627
25.119,16.66,0.10,0.92,0.69,2.77,0.28,627
25.135,16.67,0.10,0.94,0.60,2.74,0.00,628
25.152,16.67,0.12,0.93,0.72,2.75,0.29,625
25.169,16.67,0.12,0.99,0.67,2.71,0.00,621
25.185,16.68,0.10,0.92,0.73,2.73,0.28,620
25.202,16.66,0.11,0.95,0.65,2.71,0.00,618
25.219,16.70,0.09,0.92,0.73,2.69,0.30,611
25.235,16.64,0.11,0.93,0.61,2.66,0.00,609
25.252,16.75,0.09,0.93,0.71,2.64,0.29,608
25.269,16.58,0.11,0.94,0.62,2.62,0.00,606
25.285,16.66,0.11,0.92,0.71,2.63,0.30,604
25.302,16.67,0.11,0.93,0.61,2.61,0.00,604
25.319,16.67,0.09,0.90,0.71,2.61,0.28,602
25.335,16.67,0.10,0.92,0.61,2.59,0.00,598
25.352,16.68,0.12,0.95,0.77,2.60,0.28,597
25.369,16.66,0.10,0.95,0.62,2.57,0.00,596
25.385,16.67,0.10,0.91,0.69,2.58,0.28,592
25.402,16.68,0.11,0.68,0.61,2.56,0.00,590
25.419,16.65,0.11,0.68,0.72,2.59,0.28,588
25.436,16.68,0.11,0.66,0.61,2.57,0.00,588
25.452,16.67,0.10,0.68,0.72,2.58,0.28,588
25.469,16.68,0.09,0.64,0.59,2.56,0.00,590
25.486,16.67,0.14,0.66,0.78,2.56,0.29,588
25.502,16.66,0.11,0.70,0.64,2.56,0.00,587
25.519,16.74,0.12,0.76,0.74,2.57,0.28,587
25.536,16.59,0.11,0.69,0.59,2.56,0.00,583
25.552,16.69,0.10,0.69,0.78,2.59,0.29,582
25.569,16.66,0.11,0.69,0.64,2.58,0.00,581
25.586,16.68,0.11,0.68,0.74,2.58,0.29,581
25.602,16.65,0.11,0.68,0.61,2.58,0.00,580
25.619,16.66,0.10,0.67,0.70,2.59,0.29,579
25.636,16.68,0.11,0.71,0.61,2.58,0.00,576
25.652,16.67,0.11,0.68,0.72,2.59,0.28,575
25.669,16.66,0.10,0.68,0.60,2.60,0.00,573
25.686,16.67,0.10,0.65,0.72,2.63,0.29,571
25.702,16.68,0.11,0.69,0.61,2.60,0.00,571
25.719,16.66,0.10,0.66,0.69,2.62,0.28,568
25.736,16.68,0.10,0.69,0.64,2.61,0.00,565
25.752,16.66,0.10,0.66,0.69,2.63,0.28,564
25.769,16.67,0.09,0.69,0.61,2.61,0.00,562
25.786,16.67,0.10,0.66,0.70,2.63,0.28,561
25.802,16.66,0.10,0.69,0.59,2.64,0.00,559
25.819,16.75,0.10,0.68,0.73,2.66,0.29,556
25.836,16.60,0.10,0.70,0.62,2.64,0.00,557
25.852,16.68,0.09,0.67,0.71,2.66,0.29,554
25.869,16.66,0.10,0.67,0.61,2.63,0.00,553
25.886,16.66,0.10,0.68,0.72,2.64,0.29,553
25.902,16.67,0.11,0.69,0.59,2.63,0.00,552
25.919,16.68,0.08,0.65,0.71,2.66,0.28,548
25.936,16.65,0.10,0.68,0.60,2.64,0.00,548
25.952,16.68,0.10,0.67,0.70,2.65,0.28,546
25.969,16.66,0.11,0.69,0.60,2.62,0.00,546
25.986,16.66,0.10,0.66,0.71,2.62,0.28,543
26.002,16.68,0.11,0.70,0.59,2.60,0.00,541
26.019,16.66,0.13,1.00,0.89,2.61,0.48,582
26.036,16.68,0.13,1.02,0.61,3.39,0.00,581
26.052,16.66,0.12,1.00,0.73,3.40,0.30,581
26.069,16.68,0.13,1.03,0.62,3.37,0.00,579
26.086,16.66,0.12,1.02,0.75,3.37,0.30,579
26.102,16.68,0.11,1.03,0.62,3.36,0.00,577
26.119,16.66,0.12,1.02,0.72,3.36,0.29,576
26.136,16.67,0.12,1.04,0.61,3.35,0.00,576
26.152,16.66,0.12,1.00,0.72,3.36,0.29,574
26.169,16.68,0.12,1.06,0.62,3.34,0.00,575
26.186,16.67,0.11,1.02,0.73,3.35,0.29,576
26.202,16.67,0.13,1.05,0.62,3.33,0.00,576
26.219,16.67,0.12,1.02,0.70,3.34,0.29,576
26.236,16.67,0.13,1.03,0.60,3.33,0.00,572
26.252,16.66,0.12,1.04,0.72,3.35,0.30,570
26.269,16.67,0.12,1.05,0.61,3.33,0.00,571
26.286,16.66,0.12,1.03,0.71,3.37,0.29,571
26.302,16.67,0.13,1.04,0.59,3.36,0.00,572
26.319,16.68,0.12,1.03,0.74,3.37,0.29,571
26.336,16.65,0.12,1.05,0.63,3.36,0.00,571
26.352,16.67,0.12,1.03,0.76,3.37,0.29,570
26.369,16.67,0.12,0.94,0.59,3.36,0.00,569
26.386,16.66,0.11,0.94,0.74,3.37,0.29,570
26.402,16.68,0.25,1.05,0.64,3.37,0.00,600
26.419,16.66,0.11,1.02,0.71,3.56,0.29,610
26.436,16.69,0.12,1.06,0.61,3.08,0.00,610
26.452,16.66,0.11,1.01,0.70,3.09,0.30,610
26.469,16.67,0.12,1.05,0.60,3.08,0.00,611
26.486,16.67,0.10,1.02,0.71,3.10,0.29,613
26.502,16.67,0.10,1.03,0.62,3.10,0.00,612
26.519,16.66,0.12,1.04,0.73,3.11,0.29,609
26.536,16.67,0.13,1.05,0.63,3.12,0.00,610
26.552,16.67,0.11,1.04,0.71,3.13,0.29,609
26.569,16.67,0.12,1.04,0.61,3.12,0.00,608
26.586,16.67,0.12,1.04,0.75,3.13,0.30,607
26.602,16.66,0.12,1.05,0.60,3.13,0.00,604
26.619,16.67,0.11,1.02,0.71,3.14,0.30,605
26.636,16.66,0.12,1.05,0.61,3.14,0.00,605
26.652,16.66,0.11,1.04,0.71,3.18,0.30,604
26.669,16.69,0.10,1.03,0.59,3.18,0.00,604
26.686,16.65,0.10,1.00,0.70,3.19,0.30,603
26.702,16.67,0.11,1.04,0.59,3.18,0.00,604
26.719,16.67,0.11,1.00,0.70,3.19,0.30,605
26.736,16.66,0.11,1.01,0.59,3.19,0.00,604
26.752,16.68,0.09,1.01,0.69,3.21,0.29,607
26.769,16.66,0.12,1.04,0.60,3.20,0.00,607
26.786,16.66,0.10,1.00,0.73,3.24,0.30,608
26.802,16.67,0.12,1.04,0.62,3.23,0.00,608
26.819,16.70,0.10,1.05,0.72,3.23,0.30,609
26.836,16.64,0.11,1.03,0.61,3.22,0.00,609
26.852,16.68,0.11,0.98,0.72,3.24,0.29,607
26.869,16.65,0.11,1.03,0.62,3.23,0.00,606
26.886,16.66,0.11,1.00,0.71,3.23,0.30,607
26.902,16.67,0.11,1.00,0.62,3.25,0.00,604
26.919,16.72,0.10,1.03,0.78,3.25,0.30,603
26.936,16.63,0.11,1.03,0.64,3.24,0.00,604
26.952,16.65,0.10,1.00,0.73,3.25,0.30,604
26.969,16.68,0.11,1.03,0.61,3.24,0.00,604
26.986,16.66,0.10,0.99,0.71,3.24,0.29,604
27.002,16.67,0.11,1.02,0.60,3.22,0.00,604
27.019,16.67,0.11,0.99,0.70,3.23,0.29,592
27.036,16.70,0.11,1.02,0.63,3.22,0.00,594
27.052,16.64,0.11,1.00,0.73,3.21,0.29,595
27.069,16.68,0.10,0.97,0.60,3.21,0.00,598
27.086,16.66,0.10,1.00,0.74,3.20,0.30,600
27.102,16.67,0.11,1.01,0.61,3.20,0.00,602
27.119,16.66,0.10,0.99,0.70,3.20,0.29,603
27.136,16.67,0.11,1.01,0.61,3.19,0.00,602
27.152,16.67,0.09,0.98,0.72,3.22,0.29,603
27.169,16.68,0.11,1.00,0.61,3.21,0.00,602
27.186,16.67,0.10,0.98,0.71,3.22,0.29,603
27.202,16.67,0.10,1.00,0.60,3.20,0.00,604
27.219,16.67,0.11,0.99,0.73,3.22,0.29,605
27.236,16.66,0.10,1.00,0.61,3.20,0.00,603
27.252,16.67,0.11,0.98,0.72,3.21,0.30,606
27.269,16.68,0.11,1.00,0.61,3.22,0.00,605
27.286,16.67,0.11,0.97,0.71,3.23,0.30,606
27.302,16.67,0.11,0.99,0.61,3.22,0.00,607
27.319,16.67,0.10,0.99,0.71,3.23,0.28,609
27.336,16.68,0.09,0.99,0.62,3.21,0.00,609
27.352,16.65,0.10,0.96,0.68,3.21,0.28,609
27.369,16.68,0.11,1.00,0.62,3.21,0.00,609
27.386,16.67,0.14,1.31,1.00,3.21,0.50,663
27.402,16.75,0.11,1.00,0.47,4.03,0.00,664
27.419,16.65,0.09,0.97,0.63,4.35,0.21,662
27.436,16.58,0.05,0.55,0.35,4.01,0.00,661
27.452,16.67,0.05,0.50,0.31,4.02,0.12,658
27.469,16.67,0.05,0.53,0.31,4.00,0.00,654
27.486,16.66,0.05,0.51,0.31,4.01,0.12,643
27.502,16.67,0.05,0.53,0.30,3.98,0.00,629
27.519,16.67,0.05,0.52,0.34,3.97,0.12,621
27.536,16.68,0.06,0.53,0.34,3.54,0.00,622
27.552,16.66,0.05,0.51,0.31,3.55,0.12,621
27.569,16.67,0.06,0.53,0.31,3.55,0.00,624
27.586,16.67,0.05,0.53,0.35,3.58,0.12,624
27.602,16.67,0.05,0.54,0.31,3.57,0.00,626
27.619,16.66,0.05,0.52,0.34,3.60,0.11,627
27.636,16.72,0.07,0.70,0.48,3.61,0.00,635
27.652,16.63,0.06,0.68,0.58,3.65,0.22,637
27.669,16.69,0.06,0.69,0.49,3.65,0.00,639
27.686,16.66,0.06,0.67,0.58,3.66,0.22,639
27.702,16.72,0.06,0.69,0.40,3.65,0.00,644
27.719,16.60,0.06,0.67,0.57,3.67,0.22,643
27.736,16.67,0.06,0.70,0.40,3.67,0.00,644
27.752,16.66,0.06,0.67,0.58,3.69,0.22,643
27.769,16.72,0.06,0.70,0.48,3.70,0.00,646
27.786,16.61,0.06,0.67,0.57,3.73,0.22,649
27.802,16.68,0.06,0.70,0.38,3.13,0.00,650
27.819,16.71,0.05,0.69,0.57,3.14,0.22,649
27.836,16.63,0.06,0.70,0.38,3.12,0.00,648
27.852,16.67,0.05,0.68,0.39,3.14,0.15,648
27.869,16.67,0.06,0.69,0.49,3.13,0.00,650
27.886,16.67,0.05,0.67,0.54,3.18,0.20,649
27.902,16.67,0.06,0.71,0.36,3.17,0.00,647
27.919,16.67,0.06,0.68,0.40,3.17,0.15,650
27.936,16.67,0.06,0.71,0.39,3.16,0.00,648
27.952,16.68,0.05,0.66,0.39,3.17,0.15,647
27.969,16.68,0.08,1.00,0.48,3.16,0.00,646
27.986,16.65,0.07,0.79,0.59,3.18,0.22,635
28.002,16.69,0.08,0.82,0.48,3.17,0.00,637
28.019,16.65,0.07,0.78,0.54,3.22,0.22,638
28.036,16.75,0.07,0.81,0.49,3.20,0.00,639
28.052,16.59,0.08,0.81,0.62,3.21,0.22,639
28.069,16.68,0.08,0.81,0.49,3.22,0.00,641
28.086,16.66,0.08,0.84,0.59,3.23,0.21,641
28.102,16.67,0.10,0.81,0.47,3.21,0.00,642
28.119,16.67,0.08,0.79,0.54,3.24,0.22,646
28.136,16.68,0.08,0.82,0.47,3.26,0.00,647
28.152,16.66,0.08,0.79,0.58,3.27,0.22,649
28.169,16.67,0.08,0.82,0.47,3.27,0.00,651
28.186,16.74,0.08,0.80,0.59,3.28,0.22,655
28.202,16.61,0.08,0.81,0.48,3.28,0.00,658
28.219,16.66,0.07,0.78,0.53,3.29,0.22,658
28.236,16.71,0.08,0.80,0.49,3.28,0.00,657
28.252,16.64,0.07,0.79,0.58,3.29,0.22,660
28.269,16.67,0.12,1.09,0.62,3.32,0.00,661
28.286,16.66,0.10,1.06,0.72,3.33,0.30,660
28.302,16.68,0.11,1.07,0.61,3.32,0.00,662
28.319,16.67,0.11,1.06,0.72,3.33,0.30,662
28.336,16.69,0.11,1.07,0.63,3.32,0.00,662
28.352,16.64,0.11,1.07,0.75,3.31,0.30,663
28.369,16.67,0.11,0.97,0.61,3.31,0.00,663
28.386,16.66,0.10,0.94,0.69,3.35,0.28,663
28.402,16.67,0.26,1.04,0.60,3.33,0.00,682
28.419,16.67,0.11,1.05,0.71,3.45,0.29,703
28.436,16.68,0.11,1.08,0.62,3.67,0.00,703
28.452,16.67,0.10,1.08,0.78,3.67,0.28,702
28.469,16.72,0.14,1.10,0.67,3.66,0.00,703
28.486,16.65,0.14,1.06,0.77,3.65,0.30,704
28.502,16.65,0.12,1.08,0.63,3.68,0.00,700
28.519,16.67,0.11,1.05,0.71,3.67,0.28,696
28.536,16.66,0.13,1.04,0.67,3.64,0.00,693
28.552,16.66,0.11,1.01,0.76,3.66,0.30,689
28.569,16.67,0.12,1.03,0.68,3.62,0.00,688
28.586,16.67,0.12,1.00,0.78,3.63,0.29,687
28.602,16.67,0.12,1.03,0.68,3.62,0.00,684
28.619,16.66,0.10,1.00,0.72,3.62,0.30,682
28.636,16.68,0.12,1.02,0.62,3.61,0.00,682
28.652,16.66,0.11,0.99,0.72,3.62,0.29,682
28.669,16.67,0.11,1.01,0.63,3.59,0.00,680
28.686,16.66,0.11,0.98,0.73,3.58,0.30,679
28.702,16.67,0.11,1.01,0.61,3.56,0.00,678
28.719,16.66,0.11,0.99,0.70,3.57,0.29,678
28.736,16.67,0.12,1.05,0.61,3.55,0.00,677
28.752,16.67,0.11,0.97,0.70,3.56,0.29,674
28.769,16.67,0.11,0.99,0.61,3.54,0.00,673
28.786,16.66,0.09,0.97,0.70,3.54,0.29,673
28.802,16.67,0.12,0.99,0.61,3.51,0.00,671
28.819,16.76,0.10,0.99,0.71,3.50,0.30,669
28.836,16.59,0.12,1.00,0.64,3.47,0.00,668
28.852,16.67,0.11,0.99,0.77,3.45,0.30,666
28.869,16.67,0.12,0.99,0.64,3.43,0.00,665
28.886,16.66,0.11,0.95,0.73,3.45,0.30,663
28.902,16.67,0.12,0.95,0.59,2.99,0.00,663
28.919,16.67,0.11,0.95,0.74,3.00,0.29,662
28.936,16.66,0.11,0.94,0.60,2.96,0.00,661
28.952,16.67,0.10,0.94,0.72,2.96,0.28,662
28.969,16.75,0.10,0.95,0.60,2.93,0.00,660
28.986,16.60,0.11,0.93,0.69,2.93,0.29,653
29.002,16.67,0.12,0.97,0.62,2.92,0.00,652
29.019,16.66,0.11,0.94,0.71,2.93,0.30,649
29.036,16.67,0.12,0.94,0.61,2.89,0.00,645
29.052,16.67,0.10,0.95,0.77,2.88,0.30,643
29.069,16.67,0.11,0.94,0.62,2.85,0.00,642
29.086,16.67,0.11,0.92,0.73,2.85,0.28,640
29.102,16.67,0.12,0.93,0.60,2.82,0.00,637
29.119,16.68,0.10,0.97,0.79,2.84,0.30,636
29.136,16.67,0.11,0.95,0.63,2.81,0.00,635
29.152,16.65,0.10,0.92,0.70,2.81,0.28,634
29.169,16.69,0.11,0.95,0.63,2.79,0.00,633
29.186,16.65,0.09,0.91,0.71,2.77,0.29,632
29.203,16.69,0.10,0.93,0.63,2.75,0.00,630
29.219,16.66,0.11,0.90,0.69,2.75,0.26,630
29.236,16.66,0.12,0.94,0.63,2.73,0.00,626
29.252,16.66,0.11,0.94,0.70,2.76,0.25,624
29.269,16.67,0.11,0.91,0.62,2.73,0.00,622
29.286,16.66,0.10,0.92,0.71,2.74,0.26,620
29.303,16.67,0.11,0.93,0.62,2.72,0.00,615
29.319,16.66,0.10,0.90,0.67,2.71,0.25,610
29.336,16.68,0.11,0.93,0.61,2.68,0.00,606
29.353,16.66,0.12,0.62,0.73,2.69,0.26,576
29.369,16.67,0.11,0.63,0.62,2.67,0.00,574
29.386,16.67,0.11,0.59,0.66,2.68,0.26,573
29.403,16.67,0.11,0.64,0.60,2.65,0.00,572
29.419,16.66,0.10,0.60,0.67,2.66,0.25,573
29.436,16.67,0.11,0.63,0.61,2.64,0.00,573
29.453,16.68,0.11,0.64,0.75,2.65,0.25,574
29.469,16.67,0.11,0.64,0.62,2.63,0.00,573
29.486,16.66,0.09,0.61,0.68,2.64,0.26,572
29.503,16.73,0.09,0.63,0.60,2.63,0.00,574
29.519,16.61,0.09,0.61,0.67,2.65,0.25,574
29.536,16.67,0.10,0.63,0.60,2.62,0.00,576
29.553,16.67,0.10,0.60,0.67,2.63,0.26,577
29.569,16.67,0.10,0.63,0.60,2.61,0.00,576
29.586,16.68,0.12,0.62,0.71,2.61,0.26,577
29.603,16.66,0.11,0.63,0.62,2.59,0.00,576
29.619,16.68,0.10,0.60,0.66,2.61,0.26,577
29.636,16.65,0.11,0.62,0.60,2.60,0.00,577
29.653,16.69,0.10,0.60,0.66,2.61,0.26,576
29.669,16.67,0.11,0.63,0.60,2.58,0.00,575
29.686,16.65,0.11,0.61,0.67,2.59,0.26,575
29.703,16.69,0.09,0.60,0.61,2.57,0.00,574
29.719,16.64,0.12,0.62,0.69,2.58,0.26,572
29.736,16.68,0.10,0.62,0.67,2.58,0.00,570
29.753,16.68,0.11,0.64,0.74,2.57,0.26,569
29.769,16.66,0.09,0.63,0.69,2.57,0.00,563
29.786,16.73,0.08,0.48,0.59,2.56,0.19,563
29.803,16.59,0.09,0.64,0.67,2.56,0.00,562
29.819,16.69,0.11,0.65,0.74,2.55,0.26,558
29.836,16.64,0.11,0.65,0.63,2.55,0.00,556
29.853,16.68,0.11,0.63,0.72,2.55,0.26,555
29.869,16.66,0.10,0.62,0.60,2.56,0.00,555
29.886,16.67,0.11,0.60,0.69,2.57,0.26,553
29.903,16.67,0.11,0.63,0.63,2.55,0.00,552
29.919,16.67,0.10,0.60,0.70,2.56,0.26,549
29.936,16.74,0.09,0.63,0.61,2.55,0.00,545
29.953,16.60,0.11,0.64,0.73,2.56,0.26,545
29.969,16.67,0.12,0.63,0.63,2.54,0.00,544
29.986,16.66,0.12,0.61,0.72,2.57,0.26,542
30.003,16.66,0.10,0.63,0.59,2.55,0.00,542
30.019,16.67,0.10,0.59,0.68,2.57,0.26,542
30.036,16.68,0.11,0.64,0.63,2.54,0.00,540
30.053,16.67,0.10,0.62,0.70,2.57,0.26,539
30.069,16.66,0.12,0.64,0.62,2.55,0.00,537
30.086,16.66,0.11,0.62,0.72,2.56,0.26,536
30.103,16.70,0.11,0.64,0.62,2.56,0.00,529
30.119,16.64,0.12,0.62,0.69,2.58,0.26,529
30.136,16.67,0.12,0.63,0.60,2.57,0.00,529
30.153,16.67,0.09,0.60,0.67,2.58,0.26,527
30.169,16.66,0.09,0.63,0.62,2.56,0.00,527
30.186,16.68,0.10,0.60,0.69,2.58,0.26,524
30.203,16.66,0.11,0.65,0.64,2.56,0.00,522
30.219,16.66,0.11,0.63,0.73,2.57,0.26,519
30.236,16.67,0.11,0.63,0.62,2.58,0.00,519
30.253,16.67,0.11,0.61,0.71,2.58,0.26,520
30.269,16.69,0.09,0.63,0.69,2.57,0.00,517
30.286,16.66,0.11,0.63,0.73,2.57,0.26,515
30.303,16.65,0.11,0.62,0.62,2.56,0.00,512
30.319,16.66,0.09,0.59,0.68,2.56,0.26,511
30.336,16.68,0.11,0.60,0.60,2.55,0.00,507
30.353,16.72,0.10,0.64,0.77,2.57,0.26,506
30.369,16.62,0.12,0.57,0.68,2.56,0.00,506
30.386,16.65,0.10,0.56,0.69,2.55,0.26,506
30.403,16.66,0.25,0.65,0.59,2.53,0.00,538
30.419,16.68,0.10,0.62,0.66,2.71,0.25,536
30.436,16.66,0.11,0.65,0.61,2.68,0.00,534
30.453,16.66,0.11,0.65,0.68,2.69,0.25,531
30.469,16.67,0.11,0.64,0.62,2.66,0.00,530
30.486,16.75,0.09,0.66,0.70,2.68,0.25,528
30.503,16.59,0.11,0.65,0.60,2.65,0.00,526
30.519,16.67,0.11,0.62,0.65,2.64,0.25,526
30.536,16.66,0.11,0.67,0.61,2.62,0.00,526
30.553,16.66,0.11,0.64,0.68,2.62,0.25,525
30.569,16.68,0.10,0.66,0.60,2.59,0.00,522
30.586,16.74,0.10,0.63,0.69,2.60,0.25,522
30.603,16.59,0.11,0.65,0.60,2.58,0.00,521
30.619,16.67,0.10,0.62,0.72,2.57,0.26,520
30.636,16.69,0.09,0.68,0.66,2.55,0.00,520
30.653,16.65,0.11,0.65,0.68,2.56,0.26,519
30.669,16.67,0.10,0.64,0.58,2.54,0.00,519
30.686,16.67,0.11,0.63,0.66,2.53,0.26,518
30.703,16.74,0.09,0.64,0.58,2.50,0.00,517
30.719,16.61,0.13,0.90,0.86,2.50,0.42,568
30.736,16.65,0.13,0.91,0.59,3.41,0.00,574
30.753,16.67,0.10,0.88,0.66,3.50,0.26,573
30.769,16.68,0.13,0.92,0.62,3.47,0.00,572
30.786,16.68,0.10,0.89,0.69,3.49,0.26,570
30.803,16.66,0.13,0.93,0.63,3.47,0.00,570
30.819,16.74,0.11,0.90,0.68,3.47,0.27,569
30.836,16.66,0.12,0.92,0.60,3.45,0.00,566
30.853,16.60,0.13,0.94,0.74,3.45,0.28,563
30.869,16.66,0.13,0.93,0.60,3.43,0.00,564
30.886,16.66,0.12,0.90,0.68,3.46,0.27,565
30.903,16.67,0.13,0.92,0.61,3.44,0.00,567
30.919,16.67,0.11,0.92,0.73,3.47,0.30,569
30.936,16.67,0.12,0.94,0.61,3.46,0.00,569
30.953,16.66,0.12,0.90,0.71,3.49,0.29,568
30.969,16.67,0.12,0.94,0.61,3.49,0.00,566
30.986,16.67,0.12,0.89,0.69,3.49,0.28,566
31.003,16.69,0.13,0.94,0.66,3.48,0.00,566
31.019,16.64,0.12,0.91,0.72,3.48,0.30,575
31.036,16.69,0.11,0.92,0.59,3.48,0.00,573
31.053,16.74,0.11,0.94,0.77,3.51,0.30,572
31.069,16.58,0.13,0.94,0.63,3.49,0.00,572
31.086,16.66,0.10,0.91,0.72,3.50,0.29,570
31.103,16.67,0.10,0.92,0.61,3.51,0.00,570
31.119,16.66,0.07,0.67,0.54,3.52,0.21,569
31.136,16.68,0.08,0.70,0.48,2.92,0.00,569
31.153,16.73,0.08,0.68,0.65,2.95,0.26,571
31.169,16.60,0.08,0.70,0.48,2.94,0.00,570
31.186,16.73,0.08,0.68,0.55,2.95,0.23,570
31.203,16.60,0.08,0.70,0.48,2.94,0.00,571
31.219,16.73,0.07,0.67,0.58,2.98,0.21,570
31.236,16.63,0.08,0.69,0.47,2.96,0.00,570
31.253,16.72,0.08,0.67,0.65,2.98,0.27,571
31.269,16.60,0.08,0.70,0.48,2.97,0.00,572
31.286,16.67,0.11,0.89,0.70,3.00,0.28,572
31.303,16.68,0.12,0.92,0.60,2.99,0.00,571
31.319,16.67,0.11,0.92,0.72,2.99,0.28,571
31.336,16.66,0.12,0.93,0.61,2.98,0.00,572
31.353,16.69,0.12,0.90,0.75,3.01,0.30,571
31.369,16.65,0.08,0.69,0.45,3.00,0.00,569
31.386,16.68,0.11,0.88,0.73,3.01,0.29,570
31.403,16.67,0.12,0.93,0.61,3.01,0.00,570
31.419,16.66,0.11,0.89,0.69,3.02,0.28,571
31.436,16.68,0.12,0.93,0.62,3.00,0.00,571
31.453,16.66,0.12,0.90,0.71,3.02,0.28,570
31.469,16.67,0.12,0.90,0.63,3.02,0.00,570
31.486,16.66,0.11,0.89,0.69,3.04,0.28,570
31.503,16.68,0.12,0.92,0.60,3.01,0.00,570
31.519,16.66,0.11,0.89,0.74,3.04,0.28,570
31.536,16.68,0.11,0.93,0.64,3.00,0.00,572
31.553,16.65,0.11,0.90,0.70,3.02,0.28,572
31.569,16.66,0.11,0.91,0.61,3.01,0.00,570
31.586,16.66,0.11,0.90,0.71,3.01,0.28,569
31.603,16.69,0.11,0.93,0.63,3.03,0.00,571
31.619,16.68,0.12,0.89,0.74,3.02,0.28,571
31.636,16.63,0.11,0.89,0.59,3.02,0.00,573
31.653,16.67,0.11,0.91,0.72,3.02,0.28,572
31.669,16.68,0.11,0.93,0.63,3.02,0.00,573
31.686,16.66,0.12,0.91,0.71,3.02,0.28,575
31.703,16.67,0.12,0.92,0.59,3.02,0.00,573
31.719,16.66,0.11,0.91,0.70,3.05,0.28,573
31.736,16.67,0.11,0.91,0.59,3.03,0.00,573
31.753,16.67,0.11,0.90,0.69,3.03,0.28,573
31.769,16.68,0.12,0.93,0.62,3.01,0.00,574
31.786,16.74,0.10,0.92,0.71,3.03,0.29,574
31.803,16.63,0.11,0.93,0.63,3.02,0.00,575
31.819,16.63,0.15,1.33,1.47,3.02,1.04,638
31.836,16.66,0.14,1.34,0.64,3.99,0.00,640
31.853,16.67,0.12,1.32,0.76,3.99,0.29,640
31.869,16.69,0.14,1.36,0.63,3.99,0.00,641
31.886,16.64,0.13,1.33,0.70,4.02,0.28,643
31.903,16.67,0.14,1.36,0.60,4.00,0.00,643
31.919,16.66,0.14,1.35,0.70,4.02,0.28,642
31.936,16.70,0.14,1.38,0.61,4.03,0.00,644
31.953,16.66,0.12,1.35,0.70,4.05,0.28,641
31.969,16.75,0.12,1.38,0.59,4.02,0.00,641
31.986,16.57,0.13,1.37,0.70,4.07,0.29,642
32.003,16.69,0.14,1.38,0.59,4.07,0.00,648
32.019,16.65,0.13,1.36,0.70,4.12,0.28,650
32.036,16.66,0.14,1.39,0.61,4.12,0.00,653
32.053,16.67,0.13,1.37,0.72,4.14,0.28,656
32.069,16.67,0.14,1.40,0.62,4.16,0.00,660
32.086,16.68,0.13,1.38,0.70,4.21,0.29,660
32.103,16.66,0.14,1.42,0.62,4.21,0.00,660
32.119,16.67,0.13,1.39,0.75,4.23,0.29,664
32.136,16.67,0.14,1.41,0.62,4.24,0.00,663
32.153,16.67,0.13,1.37,0.71,4.26,0.28,666
32.169,16.67,0.13,1.41,0.60,4.26,0.00,667
32.186,16.66,0.12,1.39,0.70,4.29,0.28,665
32.203,16.67,0.14,1.42,0.60,4.29,0.00,665
32.219,16.70,0.11,1.36,0.69,4.34,0.28,660
32.236,16.65,0.13,1.39,0.63,3.38,0.00,664
32.253,16.65,0.12,1.36,0.71,3.39,0.28,666
32.269,16.68,0.13,1.39,0.62,3.39,0.00,665
32.286,16.66,0.12,1.35,0.71,3.41,0.28,669
32.303,16.67,0.13,1.40,0.64,3.40,0.00,670
32.319,16.66,0.12,1.35,0.69,3.42,0.28,671
32.336,16.67,0.13,1.37,0.66,3.47,0.00,672
32.353,16.67,0.12,1.38,0.74,3.46,0.29,672
32.369,16.67,0.13,1.26,0.61,3.44,0.00,671
32.386,16.66,0.11,1.26,0.69,3.47,0.28,673
32.403,16.68,0.28,1.35,0.63,3.45,0.00,687
32.419,16.66,0.11,1.37,0.79,3.55,0.28,690
32.436,16.73,0.10,1.03,0.57,3.60,0.00,692
32.453,16.62,0.13,1.36,0.79,3.62,0.29,693
32.469,16.66,0.13,1.39,0.66,3.62,0.00,692
32.486,16.66,0.12,1.33,0.75,3.63,0.29,689
32.503,16.67,0.14,1.33,0.64,3.62,0.00,686
32.519,16.67,0.12,1.32,0.76,3.63,0.29,687
32.536,16.67,0.13,1.36,0.70,3.62,0.00,690
32.553,16.66,0.12,1.32,0.75,3.64,0.29,691
32.569,16.70,0.14,1.35,0.70,3.63,0.00,690
32.586,16.64,0.13,1.30,0.75,3.66,0.29,687
32.603,16.71,0.12,1.35,0.67,3.67,0.00,688
32.619,16.64,0.12,1.32,0.76,3.68,0.28,689
32.636,16.66,0.12,1.31,0.65,3.67,0.00,689
32.653,16.66,0.13,1.30,0.77,3.68,0.27,689
32.669,16.71,0.13,1.33,0.70,3.67,0.00,689
32.686,16.63,0.19,1.42,0.86,3.68,0.41,747
32.703,16.67,0.17,1.41,0.60,4.59,0.00,743
32.719,16.66,0.16,1.39,0.68,4.58,0.26,745
32.736,16.67,0.18,1.40,0.62,4.58,0.00,746
32.753,16.67,0.16,1.36,0.67,4.59,0.25,745
32.769,16.67,0.17,1.42,0.60,4.57,0.00,744
32.786,16.67,0.17,1.39,0.67,4.58,0.25,748
32.803,16.68,0.19,1.41,0.62,4.58,0.00,748
32.820,16.75,0.16,1.38,0.67,4.59,0.25,745
32.836,16.60,0.18,1.41,0.59,4.59,0.00,746
32.853,16.67,0.18,1.39,0.69,4.61,0.26,747
32.869,16.65,0.19,1.41,0.63,4.62,0.00,749
32.886,16.66,0.17,1.39,0.69,4.63,0.26,751
32.903,16.74,0.17,1.40,0.61,4.64,0.00,750
32.919,16.61,0.16,1.39,0.71,4.63,0.26,752
32.936,16.65,0.18,1.40,0.60,4.63,0.00,752
32.953,16.67,0.17,1.37,0.68,4.66,0.26,752
32.969,16.66,0.16,1.38,0.59,4.65,0.00,749
32.986,16.67,0.14,1.37,0.69,4.66,0.26,748
33.003,16.67,0.15,1.36,0.59,4.64,0.00,749
33.019,16.67,0.14,1.34,0.69,4.67,0.26,748
33.036,16.67,0.16,1.37,0.60,4.66,0.00,750
33.053,16.66,0.14,1.35,0.70,4.68,0.26,751
33.070,16.68,0.15,1.38,0.63,4.68,0.00,747
33.086,16.65,0.14,1.37,0.69,4.68,0.26,747
33.103,16.68,0.16,1.39,0.63,4.09,0.00,747
33.119,16.66,0.14,1.38,0.71,4.12,0.26,747
33.136,16.68,0.15,1.41,0.63,4.11,0.00,746
33.153,16.66,0.14,1.35,0.67,4.12,0.26,743
33.169,16.66,0.15,1.37,0.62,4.10,0.00,740
33.186,16.68,0.15,1.35,0.72,4.12,0.26,730
33.203,16.67,0.16,1.36,0.61,4.12,0.00,718
33.219,16.66,0.15,1.35,0.67,4.11,0.26,712
33.236,16.67,0.15,1.35,0.60,4.08,0.00,706
33.253,16.67,0.14,1.33,0.67,4.09,0.25,703
33.270,16.68,0.16,1.35,0.63,4.07,0.00,699
33.286,16.66,0.14,1.28,0.72,4.10,0.25,694
33.303,16.67,0.15,1.31,0.68,4.06,0.00,688
33.320,16.69,0.13,1.25,0.72,4.06,0.25,681
33.336,16.67,0.16,1.27,0.64,3.26,0.00,682
33.353,16.66,0.16,1.26,0.77,3.26,0.26,686
33.370,16.67,0.15,1.26,0.68,3.27,0.00,687
33.386,16.66,0.14,1.26,0.75,3.27,0.26,685
33.403,16.68,0.15,1.24,0.63,3.25,0.00,685
33.420,16.67,0.14,1.26,0.69,3.26,0.25,682
33.436,16.65,0.15,1.26,0.61,3.23,0.00,681
33.453,16.67,0.14,1.22,0.67,3.28,0.26,682
33.470,16.69,0.13,1.23,0.61,3.26,0.00,682
33.486,16.64,0.14,1.23,0.74,3.26,0.26,684
33.503,16.66,0.15,1.22,0.64,3.25,0.00,685
33.520,16.67,0.15,1.21,0.71,3.28,0.25,684
33.536,16.67,0.15,1.24,0.68,3.25,0.00,683
33.553,16.66,0.14,1.21,0.70,3.26,0.26,681
33.570,16.67,0.15,1.22,0.62,3.24,0.00,682
33.586,16.66,0.14,1.19,0.68,3.24,0.25,682
33.603,16.69,0.15,1.22,0.63,3.25,0.00,682
33.620,16.66,0.14,1.21,0.72,3.26,0.26,680
33.636,16.67,0.14,1.22,0.60,3.23,0.00,682
33.653,16.67,0.13,1.19,0.67,3.24,0.25,681
33.670,16.69,0.15,1.23,0.66,3.22,0.00,680
33.686,16.64,0.13,1.21,0.70,3.29,0.26,676
33.703,16.68,0.14,1.22,0.65,3.27,0.00,676
33.720,16.66,0.14,1.21,0.70,3.29,0.26,669
33.736,16.67,0.14,1.21,0.60,3.28,0.00,668
33.753,16.66,0.15,1.20,0.68,3.30,0.26,669
33.770,16.66,0.14,1.21,0.59,3.28,0.00,666
33.786,16.68,0.13,0.94,0.68,3.29,0.27,656
33.803,16.67,0.15,0.94,0.59,3.27,0.00,655
33.820,16.74,0.13,1.01,0.67,3.27,0.27,657
33.836,16.59,0.16,1.64,0.60,3.26,0.00,674
33.853,16.68,0.13,1.08,1.00,3.32,0.54,674
33.870,16.66,0.15,1.08,0.61,3.33,0.00,677
33.886,16.70,0.13,1.08,0.70,3.34,0.27,682
33.903,16.64,0.14,1.08,0.60,3.33,0.00,682
33.920,16.66,0.14,1.05,0.75,3.37,0.27,685
33.936,16.67,0.15,1.09,0.66,3.38,0.00,685
33.953,16.66,0.13,1.06,0.73,3.39,0.27,685
33.970,16.68,0.15,1.09,0.66,3.38,0.00,686
33.986,16.66,0.12,1.06,0.75,3.39,0.26,687
34.003,16.68,0.13,1.07,0.62,3.37,0.00,690
34.020,16.67,0.14,1.08,0.75,3.41,0.27,692
34.036,16.72,0.13,1.09,0.67,3.40,0.00,693
34.053,16.61,0.13,1.07,0.71,3.41,0.26,693
34.070,16.67,0.15,1.10,0.65,3.39,0.00,693
34.086,16.67,0.14,1.07,0.74,3.40,0.27,692
34.103,16.67,0.14,1.10,0.68,3.41,0.00,690
34.120,16.70,0.12,1.08,0.78,3.43,0.26,690
34.136,16.67,0.14,1.11,0.68,3.40,0.00,688
34.153,16.64,0.14,1.09,0.76,3.40,0.27,684
34.170,16.67,0.15,1.10,0.63,3.37,0.00,666
34.186,16.66,0.13,1.07,0.70,3.39,0.27,654
34.203,16.67,0.14,1.06,0.59,3.05,0.00,652
34.220,16.67,0.13,1.05,0.67,3.07,0.27,650
34.236,16.67,0.14,1.07,0.61,3.05,0.00,650
34.253,16.66,0.13,1.05,0.67,3.05,0.26,650
34.270,16.67,0.13,1.06,0.61,3.06,0.00,649
34.286,16.67,0.14,1.06,0.71,3.06,0.27,649
34.303,16.68,0.14,1.07,0.61,3.04,0.00,648
34.320,16.68,0.12,1.03,0.67,3.05,0.25,648
34.336,16.65,0.14,1.07,0.60,3.04,0.00,649
34.353,16.67,0.13,1.04,0.69,3.08,0.27,648
34.370,16.67,0.13,1.00,0.63,3.05,0.00,648
34.386,16.67,0.14,1.00,0.72,3.04,0.25,648
34.403,16.66,0.26,1.13,0.60,3.04,0.00,699
34.420,16.66,0.13,1.14,0.66,3.30,0.26,711
34.436,16.68,0.14,1.13,0.60,3.44,0.00,713
34.453,16.66,0.13,1.17,0.71,3.46,0.28,712
34.470,16.67,0.14,1.16,0.61,3.44,0.00,711
34.486,16.67,0.13,1.14,0.70,3.45,0.30,710
34.503,16.68,0.14,1.13,0.62,3.44,0.00,709
34.520,16.66,0.13,1.15,0.72,3.46,0.29,708
34.536,16.67,0.14,1.16,0.62,3.45,0.00,708
34.553,16.66,0.13,1.14,0.71,3.46,0.28,708
34.570,16.66,0.13,1.15,0.60,3.45,0.00,709
34.586,16.69,0.12,1.12,0.72,3.45,0.28,707
34.603,16.66,0.15,1.16,0.63,3.46,0.00,707
34.620,16.66,0.16,1.13,0.74,3.45,0.28,705
34.636,16.66,0.10,0.88,0.50,3.45,0.00,702
34.653,16.74,0.09,0.70,0.55,3.45,0.22,702
34.670,16.60,0.10,0.72,0.49,3.43,0.00,701
34.686,16.74,0.09,0.68,0.59,3.45,0.22,701
34.703,16.59,0.09,0.71,0.47,3.48,0.00,700
34.720,16.67,0.09,0.68,0.53,3.47,0.21,701
34.736,16.67,0.09,0.70,0.47,3.46,0.00,701
34.753,16.66,0.10,0.69,0.65,3.47,0.26,701
34.770,16.68,0.09,0.72,0.49,3.47,0.00,698
34.786,16.66,0.09,0.71,0.61,3.47,0.22,697
34.803,16.67,0.09,0.72,0.50,3.46,0.00,696
34.820,16.77,0.12,0.93,0.72,3.47,0.29,696
34.836,16.58,0.14,0.91,0.67,3.47,0.00,693
34.853,16.70,0.12,0.90,0.76,3.47,0.30,691
34.870,16.63,0.09,0.72,0.50,3.44,0.00,670
34.886,16.65,0.09,0.68,0.58,3.42,0.21,668
34.903,16.67,0.12,0.70,0.55,3.39,0.00,668
34.920,16.66,0.09,0.66,0.55,3.40,0.21,668
34.936,16.73,0.10,0.69,0.48,3.39,0.00,668
34.953,16.61,0.09,0.67,0.55,3.40,0.21,668
34.970,16.67,0.09,0.70,0.48,3.37,0.00,666
34.986,16.67,0.13,0.93,0.77,3.37,0.29,668
35.003,16.70,0.13,0.95,0.66,3.36,0.00,669
35.020,16.64,0.14,0.93,0.79,3.36,0.28,670
35.036,16.68,0.12,0.94,0.66,3.37,0.00,672
35.053,16.65,0.13,0.94,0.78,3.36,0.29,672
35.070,16.69,0.15,0.92,0.67,3.35,0.00,669
35.086,16.67,0.12,0.96,0.80,3.36,0.30,668
35.103,16.65,0.14,0.96,0.67,3.34,0.00,665
35.120,16.68,0.14,0.93,0.77,3.32,0.30,663
35.136,16.66,0.15,0.93,0.66,3.32,0.00,665
35.153,16.70,0.14,0.96,0.79,3.32,0.30,664
35.170,16.64,0.14,0.95,0.67,3.32,0.00,662
35.186,16.68,0.14,1.00,0.81,3.30,0.29,659
35.203,16.66,0.14,0.95,0.69,3.29,0.00,657
35.220,16.66,0.13,0.95,0.80,3.28,0.28,654
35.236,16.66,0.16,0.99,0.69,3.26,0.00,652
35.253,16.74,0.09,0.73,0.62,3.29,0.21,651
35.270,16.60,0.12,0.97,0.68,3.27,0.00,645
35.286,16.69,0.14,0.95,0.81,3.26,0.28,641
35.303,16.65,0.14,0.95,0.68,3.24,0.00,640
35.320,16.68,0.30,1.28,1.07,3.24,0.47,684
35.336,16.65,0.18,1.22,0.69,4.11,0.00,681
35.353,16.67,0.20,1.25,0.87,3.80,0.29,680
35.370,16.69,0.19,1.29,0.69,3.79,0.00,680
35.386,16.63,0.19,1.27,0.81,3.75,0.29,680
35.403,16.68,0.17,1.29,0.70,3.76,0.00,678
35.420,16.66,0.16,1.27,0.78,3.75,0.29,679
35.436,16.68,0.20,1.32,0.75,3.77,0.00,685
35.453,16.67,0.17,1.34,0.82,3.78,0.28,687
35.470,16.67,0.20,1.36,0.75,3.78,0.00,690
35.486,16.70,0.16,1.43,0.83,3.75,0.29,689
35.503,16.62,0.18,1.38,0.73,3.74,0.00,690
35.520,16.67,0.18,1.36,0.86,3.75,0.29,690
35.536,16.67,0.18,1.42,0.74,3.75,0.00,694
35.553,16.66,0.19,1.36,0.82,3.76,0.29,695
35.570,16.66,0.19,1.40,0.70,3.81,0.00,694
35.586,16.68,0.18,1.36,0.92,3.81,0.30,693
35.603,16.66,0.18,1.44,0.67,3.81,0.00,696
35.620,16.69,0.18,1.38,0.83,3.80,0.28,695
35.636,16.64,0.18,1.38,0.66,3.81,0.00,693
35.653,16.66,0.17,1.34,0.74,3.81,0.28,691
35.670,16.66,0.17,1.36,0.64,3.80,0.00,694
35.686,16.67,0.17,1.35,0.75,3.83,0.28,695
35.703,16.69,0.17,1.37,0.65,3.84,0.00,694
35.720,16.65,0.16,1.40,0.72,3.85,0.29,696
35.736,16.67,0.18,1.37,0.69,3.26,0.00,695
35.753,16.66,0.17,1.38,0.71,3.27,0.29,696
35.770,16.66,0.17,1.37,0.63,3.26,0.00,695
35.786,16.68,0.16,1.37,0.70,3.27,0.28,696
35.803,16.67,0.17,1.28,0.63,3.29,0.00,699
35.820,16.75,0.16,1.27,0.74,3.30,0.28,698
35.836,16.58,0.17,1.27,0.64,3.28,0.00,701
35.853,16.68,0.16,1.25,0.71,3.29,0.29,700
35.870,16.67,0.17,1.27,0.66,3.28,0.00,700
35.886,16.67,0.18,1.24,0.79,3.28,0.28,700
35.903,16.68,0.17,1.26,0.67,3.26,0.00,698
35.920,16.77,0.16,1.29,0.87,3.30,0.29,698
35.936,16.55,0.18,1.26,0.68,3.28,0.00,697
35.953,16.70,0.17,1.26,0.81,3.27,0.30,698
35.970,16.65,0.15,1.26,0.73,3.28,0.00,699
35.986,16.66,0.18,1.26,0.81,3.27,0.29,697
36.003,16.66,0.15,1.25,0.66,3.26,0.00,698
36.020,16.72,0.16,1.20,0.86,3.26,0.29,695
36.036,16.62,0.18,1.24,0.79,3.34,0.00,692
36.053,16.66,0.15,1.16,0.84,3.33,0.29,685
36.070,16.67,0.14,1.18,0.70,3.30,0.00,685
36.086,16.67,0.14,1.25,0.79,3.31,0.28,711
36.103,16.66,0.13,1.22,0.71,3.34,0.00,715
36.120,16.76,0.12,1.21,0.81,3.35,0.27,712
36.136,16.59,0.14,1.20,0.68,3.34,0.00,713
36.153,16.69,0.12,1.21,0.83,3.37,0.29,713
36.170,16.65,0.15,1.20,0.68,3.35,0.00,712
36.186,16.65,0.13,1.14,0.72,3.36,0.28,709
36.203,16.68,0.12,1.19,0.66,3.34,0.00,712
36.220,16.68,0.12,1.15,0.73,3.35,0.28,708
36.236,16.65,0.13,1.13,0.61,3.34,0.00,707
36.253,16.67,0.13,1.14,0.74,3.36,0.30,708
36.270,16.67,0.13,1.16,0.65,3.38,0.00,709
36.286,16.66,0.13,1.13,0.71,3.39,0.28,708
36.303,16.67,0.12,1.15,0.62,3.36,0.00,708
36.320,16.67,0.12,1.11,0.70,3.37,0.29,708
36.336,16.66,0.14,1.14,0.62,3.35,0.00,709
36.353,16.67,0.12,1.09,0.73,3.36,0.29,710
36.370,16.67,0.13,1.04,0.62,3.35,0.00,711
36.386,16.66,0.13,1.04,0.75,3.36,0.30,711
36.403,16.67,0.28,1.14,0.64,3.36,0.00,733
36.420,16.67,0.12,1.11,0.72,3.50,0.29,740
36.436,16.70,0.13,1.13,0.63,3.58,0.00,739
36.453,16.64,0.13,1.12,0.71,3.59,0.30,738
36.470,16.66,0.13,1.13,0.62,3.58,0.00,738
36.486,16.70,0.12,1.11,0.69,3.58,0.28,738
36.503,16.63,0.13,1.11,0.60,3.57,0.00,739
36.520,16.67,0.12,1.08,0.71,3.59,0.29,735
36.536,16.67,0.14,1.14,0.66,3.57,0.00,734
36.553,16.67,0.12,1.08,0.75,3.56,0.30,732
36.570,16.67,0.13,1.10,0.61,3.54,0.00,731
36.586,16.67,0.12,1.08,0.71,3.55,0.29,732
36.603,16.67,0.13,1.09,0.59,3.52,0.00,732
36.620,16.66,0.13,1.08,0.73,3.53,0.29,731
36.636,16.70,0.14,1.13,0.66,3.53,0.00,730
36.653,16.63,0.12,1.09,0.71,3.53,0.30,725
36.670,16.69,0.13,1.08,0.62,3.51,0.00,726
36.686,16.66,0.13,1.09,0.72,3.50,0.30,726
36.703,16.65,0.13,1.10,0.62,3.48,0.00,722
36.720,16.66,0.11,1.07,0.72,3.48,0.30,721
36.736,16.68,0.14,1.06,0.62,3.45,0.00,717
36.753,16.66,0.12,1.05,0.71,3.48,0.29,714
36.770,16.69,0.13,1.08,0.63,3.44,0.00,713
36.786,16.65,0.12,1.06,0.72,3.45,0.29,712
36.803,16.68,0.14,1.09,0.63,3.42,0.00,711
36.820,16.65,0.11,1.02,0.71,3.41,0.29,708
36.836,16.68,0.14,1.05,0.65,3.03,0.00,709
36.853,16.66,0.14,1.03,0.72,3.04,0.30,707
36.870,16.66,0.13,1.04,0.63,3.03,0.00,708
36.886,16.68,0.14,1.02,0.78,3.03,0.30,707
36.903,16.68,0.12,1.03,0.60,3.00,0.00,705
36.920,16.64,0.12,1.01,0.73,3.00,0.29,703
36.937,16.69,0.12,1.02,0.59,2.98,0.00,700
36.953,16.65,0.11,0.99,0.70,2.98,0.29,699
36.970,16.66,0.11,1.02,0.60,2.95,0.00,698
36.987,16.70,0.11,1.02,0.72,2.98,0.30,697
37.003,16.66,0.13,0.99,0.63,2.95,0.00,694
37.020,16.65,0.13,0.97,0.74,2.96,0.30,691
37.037,16.67,0.13,0.99,0.66,2.92,0.00,692
37.053,16.67,0.13,0.98,0.76,2.92,0.30,691
37.070,16.67,0.14,1.00,0.66,2.91,0.00,689
37.087,16.66,0.14,0.98,0.84,2.90,0.29,687
37.103,16.70,0.13,0.99,0.69,2.91,0.00,685
37.120,16.64,0.13,0.98,0.80,2.89,0.30,684
37.137,16.67,0.12,0.99,0.69,2.88,0.00,684
37.153,16.68,0.12,0.95,0.75,2.88,0.29,684
37.170,16.65,0.12,0.98,0.59,2.86,0.00,681
37.187,16.67,0.12,0.95,0.70,2.87,0.29,679
37.203,16.68,0.14,0.99,0.61,2.84,0.00,675
37.220,16.66,0.13,0.98,0.74,2.87,0.29,670
37.237,16.81,0.12,0.96,0.59,2.85,0.00,661
37.253,16.62,0.10,0.99,0.72,2.85,0.28,659
37.270,16.62,0.11,0.98,0.65,2.82,0.00,655
37.287,16.62,0.12,0.71,0.73,2.82,0.28,630
37.303,16.68,0.13,0.72,0.62,2.79,0.00,630
37.320,16.69,0.16,1.00,0.89,2.79,0.47,672
37.337,16.64,0.18,1.02,0.63,3.62,0.00,671
37.353,16.70,0.17,1.01,0.75,3.64,0.30,668
37.370,16.64,0.17,1.01,0.62,3.59,0.00,641
37.387,16.66,0.16,0.99,0.73,3.58,0.30,640
37.403,16.67,0.17,1.02,0.62,3.55,0.00,638
37.420,16.67,0.16,0.99,0.71,3.57,0.29,638
37.437,16.69,0.17,1.04,0.66,3.56,0.00,638
37.453,16.64,0.13,1.04,0.79,3.52,0.30,641
37.470,16.68,0.18,1.04,0.63,3.54,0.00,641
37.487,16.66,0.16,1.01,0.71,3.56,0.29,642
37.503,16.68,0.18,1.04,0.60,3.54,0.00,643
37.520,16.67,0.17,1.04,0.72,3.57,0.30,643
37.537,16.68,0.17,1.03,0.61,3.55,0.00,644
37.553,16.66,0.17,1.04,0.76,3.58,0.30,646
37.570,16.67,0.17,1.05,0.61,3.61,0.00,642
37.587,16.66,0.14,1.03,0.71,3.62,0.30,641
37.603,16.68,0.14,1.04,0.61,3.59,0.00,638
37.620,16.66,0.13,1.01,0.72,3.61,0.30,640
37.637,16.68,0.14,1.06,0.62,3.59,0.00,639
37.653,16.68,0.14,1.09,0.80,3.61,0.31,640
37.670,16.70,0.16,1.04,0.64,3.58,0.00,639
37.687,16.61,0.14,1.04,0.74,3.60,0.29,641
37.703,16.67,0.14,1.05,0.60,3.60,0.00,641
37.720,16.73,0.12,1.02,0.70,3.60,0.30,644
37.737,16.60,0.14,1.04,0.63,3.01,0.00,645
37.753,16.65,0.13,1.04,0.74,3.00,0.30,646
37.770,16.67,0.14,1.04,0.64,2.99,0.00,645
37.787,16.67,0.13,1.02,0.71,2.99,0.30,648
37.803,16.67,0.14,1.04,0.61,3.00,0.00,650
37.820,16.75,0.11,1.02,0.71,3.03,0.30,648
37.837,16.59,0.12,1.04,0.61,3.00,0.00,646
37.853,16.68,0.12,1.00,0.70,3.01,0.29,646
37.870,16.67,0.14,1.04,0.63,2.98,0.00,645
37.887,16.72,0.12,1.03,0.73,2.99,0.30,644
37.903,16.61,0.14,1.02,0.59,2.97,0.00,644
37.920,16.67,0.13,1.02,0.69,3.01,0.29,645
37.937,16.67,0.14,1.03,0.62,3.00,0.00,641
37.953,16.67,0.13,1.00,0.71,3.00,0.29,641
37.970,16.74,0.12,1.03,0.61,2.99,0.00,642
37.987,16.60,0.13,1.02,0.74,3.00,0.29,642
38.003,16.67,0.13,1.03,0.61,2.98,0.00,640
38.020,16.67,0.12,0.99,0.71,3.00,0.29,641
38.037,16.67,0.13,1.02,0.60,3.01,0.00,641
38.053,16.66,0.13,1.02,0.73,3.03,0.30,639
38.070,16.67,0.13,1.02,0.62,3.02,0.00,639
38.087,16.67,0.13,0.99,0.71,3.03,0.30,639
38.103,16.70,0.13,1.03,0.64,3.02,0.00,640
38.120,16.64,0.13,1.02,0.76,3.03,0.29,638
38.137,16.67,0.14,1.01,0.58,3.03,0.00,643
38.153,16.66,0.13,0.99,0.71,3.07,0.30,644
38.170,16.67,0.13,1.01,0.63,3.07,0.00,645
38.187,16.66,0.14,0.99,0.73,3.09,0.30,644
38.203,16.68,0.14,1.00,0.60,3.07,0.00,646
38.220,16.66,0.13,0.99,0.69,3.09,0.30,645
38.237,16.67,0.13,1.03,0.61,3.08,0.00,644
38.253,16.66,0.13,1.00,0.70,3.11,0.29,646
38.270,16.68,0.14,1.01,0.60,3.12,0.00,649
38.287,16.74,0.11,1.01,0.78,3.13,0.30,649
38.303,16.59,0.13,1.02,0.62,3.13,0.00,650
38.320,16.66,0.12,0.98,0.72,3.13,0.30,651
38.337,16.67,0.13,1.02,0.61,3.14,0.00,652
38.353,16.67,0.12,0.98,0.71,3.15,0.30,652
38.370,16.68,0.14,0.93,0.63,3.14,0.00,656
38.387,16.66,0.13,0.90,0.74,3.18,0.29,658
38.403,16.67,0.27,1.02,0.62,3.17,0.00,674
38.420,16.68,0.12,0.99,0.77,3.35,0.29,686
38.437,16.65,0.13,1.01,0.63,3.50,0.00,683
38.453,16.67,0.12,1.00,0.75,3.52,0.30,683
38.470,16.67,0.14,1.04,0.62,3.50,0.00,682
38.487,16.67,0.13,1.03,0.78,3.51,0.30,684
38.503,16.66,0.14,1.02,0.65,3.52,0.00,684
38.520,16.68,0.13,0.99,0.74,3.54,0.29,684
38.537,16.67,0.13,1.01,0.64,3.53,0.00,686
38.553,16.70,0.11,1.00,0.75,3.55,0.29,690
38.570,16.64,0.13,1.02,0.65,3.54,0.00,693
38.587,16.66,0.13,0.98,0.76,3.55,0.29,693
38.603,16.67,0.13,1.03,0.65,3.54,0.00,693
38.620,16.69,0.12,1.00,0.77,3.55,0.29,695
38.637,16.64,0.14,1.02,0.67,3.56,0.00,695
38.653,16.67,0.12,1.00,0.77,3.56,0.29,694
38.670,16.67,0.12,1.01,0.64,3.55,0.00,693
38.687,16.67,0.13,0.98,0.73,3.56,0.29,693
38.703,16.67,0.13,1.03,0.64,3.53,0.00,689
38.720,16.67,0.12,0.98,0.76,3.54,0.29,689
38.737,16.67,0.14,1.03,0.65,3.51,0.00,687
38.753,16.67,0.12,1.00,0.74,3.53,0.29,684
38.770,16.67,0.13,0.99,0.59,3.50,0.00,682
38.787,16.67,0.12,1.02,0.75,3.50,0.30,680
38.803,16.67,0.13,1.04,0.63,3.47,0.00,675
38.820,16.74,0.11,0.98,0.73,3.46,0.29,669
38.837,16.59,0.13,0.98,0.60,3.00,0.00,666
38.853,16.68,0.12,0.96,0.70,2.99,0.29,664
38.870,16.68,0.12,0.98,0.60,2.99,0.00,662
38.887,16.65,0.12,0.97,0.71,2.99,0.29,661
38.903,16.70,0.12,0.99,0.62,2.97,0.00,659
38.920,16.64,0.12,0.96,0.70,2.96,0.30,658
38.937,16.68,0.13,0.97,0.60,2.95,0.00,653
38.953,16.66,0.11,0.97,0.72,2.95,0.29,650
38.970,16.66,0.13,0.96,0.60,2.92,0.00,650
38.987,16.68,0.12,0.93,0.70,2.95,0.29,649
39.003,16.67,0.13,0.98,0.62,2.93,0.00,647
39.020,16.66,0.12,0.94,0.70,2.93,0.29,641
39.037,16.66,0.12,0.97,0.61,2.90,0.00,641
39.053,16.67,0.11,0.95,0.69,2.92,0.29,641
39.070,16.67,0.13,0.99,0.64,2.90,0.00,640
39.087,16.69,0.11,0.96,0.71,2.90,0.29,639
39.103,16.64,0.13,0.96,0.60,2.91,0.00,639
39.120,16.68,0.12,1.02,0.80,2.91,0.30,639
39.137,16.68,0.12,0.99,0.63,2.90,0.00,639
39.153,16.65,0.13,0.95,0.73,2.90,0.29,638
39.170,16.66,0.12,0.98,0.64,2.89,0.00,639
39.187,16.67,0.11,0.95,0.71,2.90,0.29,637
39.203,16.68,0.14,0.97,0.65,2.89,0.00,637
39.220,16.66,0.12,0.96,0.71,2.91,0.30,632
39.237,16.67,0.12,0.97,0.63,2.88,0.00,630
39.253,16.66,0.12,0.94,0.71,2.89,0.29,626
39.270,16.68,0.12,0.98,0.61,2.87,0.00,625
39.287,16.66,0.12,0.69,0.71,2.87,0.28,623
39.303,16.67,0.12,0.73,0.60,2.85,0.00,622
39.320,16.66,0.11,0.70,0.71,2.85,0.28,622
39.337,16.67,0.12,0.71,0.58,2.87,0.00,622
39.353,16.68,0.12,0.68,0.71,2.88,0.29,621
39.370,16.68,0.11,0.72,0.61,2.85,0.00,621
39.387,16.66,0.12,0.71,0.75,2.86,0.29,619
39.403,16.70,0.12,0.73,0.64,2.85,0.00,618
39.420,16.65,0.11,0.70,0.72,2.85,0.29,616
39.437,16.66,0.12,0.72,0.61,2.83,0.00,615
39.453,16.67,0.11,0.70,0.73,2.86,0.29,615
39.470,16.67,0.13,0.70,0.59,2.85,0.00,614
39.487,16.68,0.10,0.70,0.71,2.85,0.28,612
39.503,16.66,0.13,0.73,0.64,2.83,0.00,611
39.520,16.68,0.11,0.71,0.71,2.83,0.29,609
39.537,16.65,0.12,0.73,0.62,2.82,0.00,606
39.553,16.67,0.11,0.70,0.71,2.82,0.29,606
39.570,16.67,0.12,0.73,0.60,2.82,0.00,606
39.587,16.67,0.12,0.71,0.72,2.83,0.28,605
39.603,16.68,0.12,0.73,0.61,2.81,0.00,603
39.620,16.66,0.11,0.68,0.70,2.81,0.28,603
39.637,16.68,0.13,0.73,0.67,2.79,0.00,601
39.653,16.68,0.12,0.73,0.74,2.80,0.29,601
39.670,16.65,0.13,0.71,0.63,2.77,0.00,602
39.687,16.67,0.11,0.70,0.70,2.81,0.29,602
39.703,16.68,0.13,0.74,0.64,2.79,0.00,600
39.720,16.65,0.10,0.73,0.73,2.78,0.29,599
39.737,16.68,0.12,0.73,0.64,2.78,0.00,598
39.753,16.67,0.10,0.72,0.72,2.78,0.28,597
39.770,16.65,0.11,0.73,0.59,2.78,0.00,594
39.787,16.67,0.12,0.71,0.72,2.77,0.28,595
39.803,16.67,0.12,0.73,0.61,2.78,0.00,595
39.820,16.74,0.11,0.73,0.75,2.78,0.28,592
39.837,16.59,0.12,0.72,0.59,2.77,0.00,591
39.853,16.67,0.10,0.69,0.69,2.78,0.28,591
39.870,16.67,0.12,0.74,0.60,2.76,0.00,588
39.887,16.66,0.10,0.73,0.72,2.78,0.28,588
39.903,16.67,0.12,0.73,0.61,2.76,0.00,584
39.920,16.66,0.12,0.73,0.71,2.78,0.29,583
39.937,16.75,0.10,0.72,0.59,2.77,0.00,583
39.953,16.60,0.11,0.73,0.75,2.78,0.28,582
39.970,16.67,0.12,0.73,0.59,2.76,0.00,582
39.987,16.66,0.11,0.69,0.69,2.77,0.29,580
40.003,16.67,0.12,0.74,0.62,2.76,0.00,578
40.020,16.67,0.12,0.71,0.71,2.76,0.28,584
40.037,16.67,0.12,0.75,0.62,2.79,0.00,584
40.053,16.66,0.12,0.70,0.70,2.81,0.29,583
40.070,16.67,0.12,0.75,0.61,2.79,0.00,581
40.087,16.66,0.11,0.73,0.71,2.79,0.29,578
40.103,16.67,0.11,0.72,0.59,2.78,0.00,577
40.120,16.67,0.11,0.70,0.71,2.78,0.29,577
40.137,16.66,0.15,1.06,0.62,2.77,0.00,612
40.153,16.67,0.13,1.06,0.91,3.60,0.49,612
40.170,16.68,0.14,1.09,0.62,3.59,0.00,611
40.187,16.66,0.13,1.05,0.71,3.59,0.29,609
40.203,16.67,0.14,1.07,0.60,3.59,0.00,612
40.220,16.67,0.13,1.04,0.70,3.59,0.29,613
40.237,16.68,0.14,1.10,0.62,3.59,0.00,614
40.254,16.75,0.12,1.09,0.70,3.60,0.29,611
40.270,16.58,0.14,1.10,0.60,3.60,0.00,611
40.287,16.68,0.12,1.06,0.71,3.61,0.29,612
40.303,16.65,0.13,1.10,0.60,3.60,0.00,610
40.320,16.69,0.14,1.11,0.76,3.61,0.30,610
40.337,16.64,0.14,1.10,0.62,3.60,0.00,610
40.353,16.68,0.12,1.09,0.70,3.61,0.29,609
40.370,16.67,0.14,1.01,0.61,3.60,0.00,611
40.387,16.68,0.14,1.03,0.77,3.64,0.29,611
40.403,16.65,0.27,1.09,0.62,3.64,0.00,643
40.420,16.67,0.12,1.08,0.70,3.78,0.30,658
40.437,16.66,0.13,1.10,0.58,3.93,0.00,658
40.453,16.67,0.11,1.07,0.69,3.93,0.29,658
40.470,16.68,0.14,1.13,0.62,3.92,0.00,661
40.487,16.66,0.13,1.09,0.73,3.96,0.30,666
40.503,16.67,0.13,1.11,0.62,3.95,0.00,666
40.520,16.66,0.12,1.10,0.72,3.96,0.29,665
40.537,16.69,0.13,1.13,0.65,3.94,0.00,666
40.553,16.64,0.12,1.11,0.74,3.37,0.30,665
40.570,16.67,0.13,1.12,0.63,3.37,0.00,666
40.587,16.66,0.12,1.11,0.71,3.38,0.29,666
40.603,16.67,0.14,1.12,0.62,3.39,0.00,669
40.620,16.67,0.13,1.11,0.72,3.40,0.29,669
40.637,16.69,0.13,1.14,0.65,3.40,0.00,669
40.653,16.65,0.12,1.11,0.76,3.41,0.30,671
40.670,16.65,0.12,1.12,0.60,3.41,0.00,671
40.687,16.67,0.12,1.09,0.71,3.43,0.30,671
40.703,16.67,0.13,1.11,0.58,3.42,0.00,673
40.720,16.67,0.13,1.11,0.74,3.46,0.30,668
40.737,16.68,0.13,1.12,0.68,3.44,0.00,669
40.754,16.69,0.13,1.12,0.77,3.45,0.30,668
40.770,16.64,0.13,1.11,0.60,3.46,0.00,664
40.787,16.67,0.11,1.08,0.71,3.47,0.29,664
40.803,16.67,0.13,1.12,0.61,3.46,0.00,663
40.820,16.74,0.11,1.09,0.70,3.49,0.28,662
40.837,16.61,0.17,1.11,0.64,3.48,0.00,660
40.854,16.65,0.12,1.11,0.73,3.50,0.30,658
40.870,16.66,0.13,1.10,0.61,3.49,0.00,655
40.887,16.67,0.11,1.10,0.75,3.52,0.30,653
40.904,16.66,0.12,1.11,0.62,3.51,0.00,651
40.920,16.66,0.11,1.08,0.70,3.51,0.29,652
40.937,16.75,0.12,0.83,0.55,3.52,0.00,652
40.954,16.63,0.12,1.11,0.77,3.53,0.29,653
40.970,16.63,0.13,1.12,0.63,3.52,0.00,653
40.987,16.66,0.11,1.07,0.70,3.53,0.29,653
41.004,16.68,0.13,1.10,0.62,3.51,0.00,653
41.020,16.67,0.11,1.06,0.69,3.53,0.28,650
41.037,16.67,0.14,1.10,0.62,3.51,0.00,646
41.054,16.66,0.12,1.07,0.67,3.53,0.27,647
41.070,16.69,0.12,1.10,0.65,3.52,0.00,648
41.087,16.66,0.12,1.06,0.68,3.53,0.27,647
41.104,16.67,0.12,1.08,0.62,3.51,0.00,647
41.120,16.66,0.11,1.06,0.68,3.50,0.27,646
41.137,16.68,0.12,1.07,0.62,3.50,0.00,647
41.154,16.67,0.11,1.08,0.69,3.51,0.27,647
41.170,16.67,0.11,1.05,0.66,3.52,0.00,650
41.187,16.66,0.12,1.06,0.69,3.52,0.27,650
41.204,16.67,0.12,1.07,0.62,3.50,0.00,649
41.220,16.66,0.13,1.07,0.75,3.51,0.27,648
41.237,16.67,0.12,1.07,0.61,3.49,0.00,646
41.254,16.67,0.11,1.03,0.69,3.50,0.27,647
41.270,16.67,0.13,1.06,0.61,3.50,0.00,649
41.287,16.66,0.11,1.03,0.69,3.51,0.27,647
41.304,16.67,0.12,1.05,0.59,3.48,0.00,646
41.320,16.67,0.11,1.02,0.67,3.49,0.27,646
41.337,16.68,0.11,1.06,0.62,3.46,0.00,647
41.354,16.65,0.11,1.03,0.68,3.47,0.27,643
41.370,16.67,0.12,1.04,0.62,3.45,0.00,643
41.387,16.68,0.13,1.05,0.74,3.46,0.27,642
41.404,16.66,0.12,1.12,0.59,3.45,0.00,639
41.420,16.66,0.12,1.03,0.72,3.45,0.27,636
41.437,16.70,0.11,1.04,0.61,3.42,0.00,636
41.454,16.64,0.11,1.01,0.67,3.43,0.27,636
41.470,16.67,0.11,1.02,0.58,3.40,0.00,637
41.487,16.67,0.11,1.02,0.66,3.40,0.27,634
41.504,16.67,0.12,1.05,0.64,3.40,0.00,633
41.520,16.67,0.11,1.00,0.71,3.39,0.27,629
41.537,16.67,0.12,1.03,0.66,3.38,0.00,624
41.554,16.66,0.12,1.03,0.71,3.36,0.27,619
41.570,16.67,0.12,1.02,0.60,3.34,0.00,617
41.587,16.67,0.15,1.24,0.86,3.33,0.42,663
41.604,16.66,0.14,1.27,0.59,4.19,0.00,653
41.620,16.70,0.12,1.26,0.67,4.18,0.26,648
41.637,16.65,0.14,1.25,0.62,4.15,0.00,643
41.654,16.67,0.13,1.22,0.70,3.71,0.28,643
41.670,16.68,0.14,1.25,0.62,3.69,0.00,643
41.687,16.66,0.12,1.21,0.68,3.70,0.26,643
41.704,16.68,0.13,1.27,0.65,3.68,0.00,644
41.720,16.69,0.12,1.26,0.68,3.69,0.26,642
41.737,16.63,0.14,1.24,0.60,3.67,0.00,644
41.754,16.67,0.12,1.22,0.70,3.68,0.26,643
41.770,16.66,0.14,1.24,0.59,3.66,0.00,644
41.787,16.76,0.12,1.27,0.73,3.65,0.26,644
41.804,16.59,0.14,1.26,0.64,3.63,0.00,643
41.820,16.66,0.14,1.22,0.71,3.64,0.26,641
41.837,16.67,0.14,1.27,0.61,3.64,0.00,641
41.854,16.68,0.12,1.28,0.79,3.65,0.30,643
41.870,16.66,0.14,1.27,0.66,3.62,0.00,643
41.887,16.67,0.12,1.24,0.72,3.63,0.26,640
41.904,16.66,0.13,1.27,0.62,3.62,0.00,636
41.920,16.67,0.12,1.25,0.70,3.61,0.26,635
41.937,16.68,0.15,1.27,0.63,3.60,0.00,638
41.954,16.66,0.12,1.24,0.68,3.64,0.26,638
41.970,16.66,0.14,1.26,0.62,3.62,0.00,635
41.987,16.67,0.12,1.23,0.68,3.62,0.26,629
42.004,16.67,0.13,1.26,0.62,3.02,0.00,626
42.020,16.67,0.11,1.25,0.67,3.02,0.26,623
42.037,16.67,0.13,1.25,0.61,3.00,0.00,616
42.054,16.66,0.12,1.24,0.71,3.04,0.26,614
42.070,16.68,0.13,1.25,0.64,3.02,0.00,607
42.087,16.65,0.12,1.22,0.69,3.02,0.26,600
42.104,16.66,0.13,0.95,0.60,3.00,0.00,570
42.120,16.68,0.13,0.96,0.75,2.99,0.27,569
42.137,16.67,0.12,0.97,0.64,2.97,0.00,568
42.154,16.66,0.12,0.93,0.67,2.98,0.26,568
42.170,16.73,0.11,0.95,0.78,2.99,0.15,568
42.187,16.60,0.13,0.96,0.63,2.98,0.00,567
42.204,16.67,0.12,0.92,0.43,2.98,0.00,566
42.220,16.67,0.11,0.92,0.79,2.98,0.38,564
42.237,16.66,0.11,0.92,0.60,2.98,0.00,562
42.254,16.68,0.10,0.92,0.65,2.97,0.26,563
42.270,16.66,0.13,0.96,0.61,2.95,0.00,565
42.287,16.66,0.12,0.93,0.69,3.05,0.26,563
42.304,16.67,0.12,0.95,0.61,3.03,0.00,565
42.320,16.67,0.11,0.93,0.67,3.05,0.25,578
42.337,16.67,0.12,0.96,0.61,3.04,0.00,582
42.354,16.67,0.11,0.92,0.65,3.08,0.24,583
42.370,16.67,0.13,0.89,0.62,3.05,0.00,583
42.387,16.66,0.13,0.88,0.72,3.08,0.26,584
42.404,16.67,0.27,0.96,0.63,3.06,0.00,636
42.420,16.68,0.12,0.95,0.70,3.23,0.27,649
42.437,16.67,0.14,0.97,0.62,3.34,0.00,649
42.454,16.67,0.12,0.96,0.77,3.35,0.26,652
42.470,16.68,0.13,0.97,0.66,3.36,0.00,653
42.487,16.66,0.13,0.96,0.74,3.36,0.27,653
42.504,16.69,0.13,0.96,0.77,3.38,0.15,652
42.520,16.67,0.13,0.96,0.63,3.38,0.00,652
42.537,16.63,0.12,0.96,0.45,3.38,0.00,653
42.554,16.67,0.12,0.96,0.87,3.37,0.41,655
42.570,16.67,0.11,0.94,0.62,3.37,0.00,657
42.587,16.66,0.11,0.93,0.69,3.39,0.28,659
42.604,16.68,0.13,0.96,0.63,3.37,0.00,658
42.620,16.66,0.12,0.92,0.72,3.40,0.30,661
42.637,16.69,0.11,0.97,0.80,3.39,0.17,663
42.654,16.66,0.13,0.95,0.61,3.39,0.00,663
42.670,16.67,0.12,0.95,0.48,3.39,0.00,662
42.687,16.66,0.11,0.95,0.84,3.40,0.41,659
42.704,16.67,0.12,0.95,0.63,3.39,0.00,659
42.720,16.66,0.11,0.92,0.70,3.40,0.30,663
42.737,16.67,0.12,0.96,0.62,3.41,0.00,664
42.754,16.69,0.11,0.96,0.72,3.43,0.29,663
42.770,16.66,0.11,0.95,0.80,3.41,0.16,662
42.787,16.65,0.12,0.95,0.61,3.40,0.00,663
42.804,16.67,0.11,0.91,0.41,3.41,0.00,663
42.820,16.76,0.10,0.93,0.82,3.42,0.41,662
42.837,16.59,0.12,0.95,0.78,3.42,0.17,662
42.854,16.66,0.12,0.97,0.65,3.42,0.00,662
42.870,16.68,0.11,0.94,0.72,3.41,0.30,663
42.887,16.66,0.12,0.96,0.65,3.42,0.00,663
42.904,16.66,0.12,0.92,0.71,3.41,0.29,662
42.920,16.67,0.12,0.96,0.62,3.40,0.00,663
42.937,16.67,0.12,0.91,0.71,3.40,0.30,665
42.954,16.66,0.12,0.94,0.60,3.40,0.00,661
42.970,16.67,0.11,0.93,0.70,3.41,0.29,656
42.987,16.67,0.11,0.95,0.66,3.38,0.00,653
43.004,16.66,0.11,0.91,0.72,3.37,0.28,653
43.020,16.69,0.12,0.93,0.60,3.35,0.00,648
43.037,16.65,0.11,0.93,0.71,3.35,0.28,644
43.054,16.67,0.14,0.95,0.62,3.33,0.00,637
43.070,16.67,0.11,0.92,0.74,3.33,0.29,629
43.087,16.68,0.12,0.89,0.62,3.30,0.00,625
43.104,16.66,0.11,0.90,0.73,2.94,0.28,624
43.120,16.68,0.12,0.91,0.63,2.92,0.00,625
43.137,16.66,0.10,0.89,0.74,2.91,0.31,626
43.154,16.67,0.13,0.91,0.62,2.88,0.00,624
43.170,16.66,0.11,0.90,0.74,2.89,0.29,624
43.187,16.67,0.13,0.91,0.64,2.86,0.00,624
43.204,16.66,0.11,0.89,0.73,2.86,0.28,619
43.220,16.67,0.13,0.90,0.61,2.84,0.00,617
43.237,16.68,0.09,0.89,0.70,2.82,0.29,616
43.254,16.65,0.11,0.90,0.59,2.80,0.00,616
43.270,16.68,0.10,0.88,0.69,2.80,0.28,613
43.287,16.66,0.11,0.90,0.66,2.78,0.00,612
43.304,16.69,0.12,0.90,0.74,2.78,0.28,612
43.320,16.64,0.12,0.90,0.62,2.75,0.00,608
43.337,16.67,0.11,0.86,0.71,2.75,0.29,605
43.354,16.67,0.12,0.88,0.59,2.72,0.00,604
43.370,16.67,0.11,0.91,0.73,2.73,0.29,604
43.387,16.67,0.13,0.91,0.63,2.71,0.00,604
43.404,16.66,0.10,0.90,0.76,2.71,0.30,602
43.420,16.68,0.12,0.88,0.60,2.69,0.00,601
43.437,16.65,0.12,0.91,0.73,2.69,0.30,597
43.454,16.67,0.12,0.90,0.60,2.66,0.00,595
43.470,16.67,0.10,0.90,0.73,2.67,0.29,594
43.487,16.68,0.11,0.90,0.66,2.66,0.00,591
43.504,16.65,0.15,1.10,0.90,2.65,0.48,646
43.520,16.66,0.14,1.12,0.63,3.57,0.00,643
43.537,16.68,0.14,1.19,0.76,3.55,0.30,642
43.554,16.67,0.15,0.90,0.64,3.54,0.00,597
43.570,16.65,0.14,0.90,0.76,3.52,0.29,595
43.587,16.67,0.14,0.88,0.62,3.50,0.00,594
43.604,16.67,0.14,0.90,0.76,3.51,0.29,595
43.620,16.67,0.14,0.89,0.60,3.56,0.00,593
43.637,16.68,0.13,0.89,0.72,3.57,0.28,591
43.654,16.67,0.15,0.90,0.64,3.55,0.00,611
43.670,16.67,0.13,0.90,0.75,3.59,0.29,612
43.687,16.67,0.14,0.88,0.60,3.58,0.00,615
43.704,16.66,0.13,0.90,0.74,3.60,0.29,615
43.720,16.67,0.14,0.89,0.60,3.55,0.00,617
43.737,16.67,0.13,0.87,0.69,3.56,0.29,619
43.754,16.66,0.14,0.90,0.61,3.55,0.00,620
43.770,16.67,0.13,0.88,0.71,3.56,0.28,620
43.787,16.67,0.13,0.90,0.62,3.55,0.00,623
43.804,16.66,0.12,0.90,0.73,3.57,0.30,625
43.820,16.74,0.13,0.88,0.61,3.55,0.00,627
43.837,16.61,0.12,0.89,0.72,3.59,0.30,625
43.854,16.66,0.13,0.87,0.60,3.59,0.00,627
43.870,16.67,0.13,0.87,0.69,3.60,0.28,629
43.887,16.68,0.13,0.87,0.58,3.58,0.00,630
43.904,16.66,0.13,0.88,0.72,3.59,0.29,628
43.920,16.68,0.12,0.90,0.65,3.00,0.00,628
43.937,16.66,0.13,0.87,0.72,3.05,0.30,630
43.954,16.67,0.13,0.88,0.59,3.02,0.00,632
43.971,16.76,0.11,0.89,0.73,3.04,0.30,630
43.987,16.57,0.13,0.89,0.62,3.01,0.00,629
44.004,16.69,0.12,0.87,0.73,3.02,0.28,627
44.020,16.66,0.12,0.88,0.60,3.01,0.00,628
44.037,16.67,0.12,0.86,0.70,3.01,0.29,626
44.054,16.68,0.13,0.88,0.60,3.03,0.00,627
44.070,16.66,0.12,0.86,0.71,3.04,0.28,626
44.087,16.67,0.13,0.89,0.62,3.01,0.00,625
44.104,16.66,0.13,0.88,0.74,3.04,0.29,626
44.120,16.69,0.13,0.88,0.62,3.01,0.00,624
44.137,16.65,0.12,0.86,0.71,3.00,0.29,625
44.154,16.68,0.14,0.89,0.63,3.04,0.00,626
44.170,16.65,0.12,0.88,0.74,3.03,0.29,623
44.187,16.68,0.11,0.87,0.62,3.01,0.00,623
44.204,16.67,0.11,0.87,0.71,3.04,0.28,620
44.220,16.66,0.12,0.89,0.63,3.01,0.00,618
44.237,16.66,0.12,0.86,0.71,3.04,0.28,615
44.254,16.67,0.14,0.89,0.62,3.03,0.00,614
44.270,16.66,0.12,0.86,0.72,3.04,0.29,613
44.287,16.67,0.12,0.87,0.61,3.03,0.00,613
44.304,16.67,0.11,0.85,0.69,3.05,0.28,612
44.320,16.67,0.12,0.88,0.61,3.02,0.00,610
44.337,16.68,0.11,0.84,0.71,3.04,0.29,609
44.354,16.66,0.13,0.86,0.63,3.02,0.00,611
44.370,16.66,0.13,0.82,0.72,3.08,0.29,610
44.387,16.67,0.12,0.81,0.60,3.05,0.00,610
44.404,16.67,0.25,0.90,0.75,3.05,0.29,671
44.420,16.67,0.12,0.96,0.65,3.26,0.00,679
44.437,16.66,0.12,0.91,0.71,3.38,0.28,681
44.454,16.67,0.13,0.91,0.61,3.37,0.00,680
44.470,16.67,0.12,0.89,0.69,3.40,0.28,680
44.487,16.69,0.12,0.93,0.65,3.40,0.00,677
44.504,16.65,0.11,0.92,0.75,3.39,0.29,678
44.521,16.69,0.13,0.91,0.68,3.38,0.00,678
44.537,16.71,0.11,1.00,0.73,3.38,0.30,676
44.554,16.61,0.12,0.91,0.65,3.37,0.00,677
44.570,16.66,0.14,0.94,0.80,3.38,0.28,677
44.587,16.67,0.13,0.92,0.62,3.40,0.00,677
44.604,16.67,0.12,0.91,0.71,3.40,0.30,677
44.621,16.69,0.13,0.93,0.62,3.39,0.00,675
44.637,16.66,0.12,0.92,0.72,3.40,0.30,674
44.654,16.66,0.12,0.92,0.63,3.39,0.00,673
44.671,16.67,0.11,0.91,0.72,3.41,0.29,672
44.687,16.66,0.13,0.92,0.62,3.42,0.00,674
44.704,16.66,0.10,0.88,0.72,3.41,0.28,675
44.721,16.68,0.13,0.92,0.61,3.42,0.00,674
44.737,16.66,0.12,0.89,0.70,3.43,0.28,671
44.754,16.66,0.12,0.92,0.62,3.42,0.00,671
44.770,16.66,0.12,0.90,0.70,3.42,0.28,671
44.787,16.67,0.13,0.92,0.60,3.42,0.00,671
44.804,16.67,0.12,0.91,0.70,3.44,0.30,669
44.821,16.74,0.11,0.92,0.59,3.40,0.00,667
44.837,16.60,0.12,0.90,0.70,3.42,0.29,665
44.854,16.67,0.14,0.92,0.59,3.39,0.00,664
44.871,16.66,0.12,0.89,0.69,3.39,0.29,661
44.887,16.66,0.12,0.91,0.58,3.37,0.00,657
44.904,16.70,0.11,0.92,0.75,3.39,0.30,654
44.921,16.64,0.13,0.93,0.62,3.38,0.00,650
44.937,16.73,0.11,0.92,0.75,3.34,0.30,638
44.954,16.60,0.11,0.93,0.60,3.32,0.00,632
44.971,16.67,0.12,0.91,0.71,3.30,0.30,627
44.987,16.67,0.13,0.91,0.59,3.27,0.00,624
45.004,16.67,0.12,0.86,0.77,3.28,0.30,619
45.021,16.67,0.11,0.90,0.65,2.88,0.00,618
45.037,16.71,0.10,0.89,0.74,2.89,0.28,619
45.054,16.61,0.13,0.88,0.63,2.87,0.00,617
45.071,16.67,0.13,0.86,0.73,2.87,0.29,615
45.087,16.66,0.12,0.88,0.62,2.85,0.00,614
45.104,16.67,0.12,0.87,0.71,2.86,0.28,613
45.121,16.67,0.12,0.87,0.61,2.85,0.00,612
45.137,16.67,0.12,0.86,0.70,2.85,0.28,610
45.154,16.66,0.13,0.89,0.63,2.83,0.00,608
45.171,16.69,0.13,0.90,0.78,2.83,0.29,604
45.187,16.66,0.13,0.87,0.65,2.81,0.00,602
45.204,16.67,0.12,0.89,0.73,2.81,0.29,599
45.221,16.66,0.13,0.86,0.58,2.82,0.00,598
45.237,16.67,0.12,0.89,0.69,2.82,0.28,599
45.254,16.71,0.10,0.86,0.60,2.81,0.00,597
45.271,16.62,0.12,0.86,0.72,2.82,0.28,595
45.287,16.68,0.12,0.89,0.63,2.80,0.00,590
45.304,16.66,0.15,1.17,0.91,2.81,0.47,638
45.321,16.66,0.14,1.16,0.60,3.66,0.00,635
45.337,16.67,0.13,1.15,0.71,3.67,0.30,634
45.354,16.67,0.15,1.18,0.61,3.65,0.00,631
45.371,16.69,0.12,1.16,0.72,3.66,0.29,630
45.387,16.64,0.15,1.17,0.59,3.64,0.00,626
45.404,16.67,0.14,1.15,0.72,3.65,0.29,624
45.421,16.69,0.14,1.16,0.58,3.65,0.00,626
45.437,16.65,0.14,1.17,0.73,3.65,0.29,625
45.454,16.68,0.14,1.19,0.62,3.64,0.00,625
45.471,16.65,0.14,1.01,0.70,3.65,0.29,625
45.487,16.67,0.15,1.03,0.62,3.63,0.00,624
45.504,16.66,0.14,1.04,0.77,3.65,0.29,622
45.521,16.71,0.13,1.03,0.64,3.63,0.00,623
45.537,16.63,0.14,1.00,0.73,3.67,0.29,618
45.554,16.67,0.14,1.00,0.66,3.67,0.00,623
45.571,16.66,0.14,1.03,0.75,3.67,0.30,622
45.587,16.68,0.15,1.03,0.63,3.65,0.00,623
45.604,16.67,0.12,1.01,0.71,3.66,0.30,622
45.621,16.65,0.14,1.02,0.63,3.64,0.00,622
45.637,16.68,0.12,1.01,0.73,3.69,0.30,620
45.654,16.67,0.13,1.02,0.62,3.66,0.00,622
45.671,16.66,0.14,0.99,0.70,3.66,0.29,622
45.687,16.67,0.13,1.01,0.63,3.66,0.00,620
45.704,16.68,0.12,1.01,0.72,3.66,0.29,619
45.721,16.67,0.14,1.02,0.60,3.06,0.00,621
45.737,16.66,0.13,1.01,0.72,3.11,0.30,623
45.754,16.67,0.14,1.02,0.62,3.09,0.00,623
45.771,16.67,0.11,1.01,0.71,3.08,0.29,622
45.787,16.66,0.12,1.03,0.62,3.07,0.00,622
45.804,16.67,0.13,0.99,0.70,3.08,0.30,621
45.821,16.77,0.12,1.02,0.61,3.06,0.00,624
45.837,16.56,0.13,0.99,0.70,3.09,0.29,625
45.854,16.69,0.11,1.01,0.61,3.07,0.00,624
45.871,16.65,0.12,0.97,0.70,3.08,0.29,620
45.887,16.67,0.13,1.01,0.62,3.06,0.00,619
45.904,16.67,0.13,1.01,0.75,3.06,0.30,616
45.921,16.68,0.14,1.01,0.60,3.04,0.00,615
45.937,16.66,0.13,1.00,0.73,3.07,0.30,615
45.954,16.67,0.14,1.01,0.65,3.07,0.00,616
45.971,16.66,0.12,0.98,0.71,3.07,0.30,617
45.987,16.66,0.13,1.00,0.60,3.04,0.00,615
46.004,16.67,0.12,0.98,0.70,3.05,0.29,614
46.021,16.67,0.14,1.01,0.63,3.03,0.00,616
46.037,16.66,0.13,0.97,0.70,3.11,0.29,615
46.054,16.68,0.13,0.98,0.58,3.09,0.00,620
46.071,16.66,0.13,1.00,0.74,3.12,0.29,637
46.087,16.67,0.13,0.97,0.60,3.12,0.00,634
46.104,16.68,0.11,0.96,0.70,3.15,0.28,633
46.121,16.67,0.12,0.98,0.59,3.13,0.00,634
46.137,16.65,0.13,0.97,0.69,3.15,0.29,633
46.154,16.69,0.15,1.00,0.65,3.14,0.00,636
46.171,16.70,0.11,0.98,0.72,3.14,0.29,637
46.187,16.62,0.12,0.99,0.63,3.14,0.00,635
46.204,16.66,0.12,0.96,0.70,3.14,0.29,637
46.221,16.67,0.14,0.97,0.59,3.13,0.00,637
46.237,16.66,0.12,0.95,0.68,3.18,0.29,639
46.254,16.70,0.10,0.97,0.61,3.16,0.00,640
46.271,16.64,0.12,0.97,0.73,3.16,0.29,642
46.287,16.66,0.12,0.96,0.60,3.16,0.00,644
46.304,16.68,0.12,0.95,0.69,3.18,0.29,642
46.321,16.66,0.13,0.97,0.58,3.17,0.00,644
46.337,16.67,0.11,0.95,0.68,3.21,0.29,644
46.354,16.75,0.11,0.95,0.61,3.20,0.00,643
46.371,16.59,0.11,0.90,0.73,3.21,0.29,643
46.387,16.67,0.14,0.91,0.63,3.19,0.00,641
46.404,16.66,0.25,0.98,0.75,3.20,0.29,668
46.421,16.67,0.14,1.00,0.67,3.31,0.00,687
46.437,16.67,0.13,0.98,0.79,3.55,0.29,687
46.454,16.67,0.13,0.98,0.66,3.55,0.00,684
46.471,16.67,0.14,1.00,0.84,3.54,0.30,687
46.487,16.68,0.12,0.98,0.66,3.54,0.00,687
46.504,16.66,0.13,0.95,0.75,3.55,0.29,688
46.521,16.67,0.14,1.00,0.68,3.54,0.00,687
46.537,16.66,0.12,0.94,0.74,3.56,0.29,688
46.554,16.67,0.13,0.98,0.67,3.56,0.00,689
46.571,16.66,0.13,1.01,0.84,3.55,0.29,694
46.587,16.68,0.14,0.99,0.74,3.54,0.00,694
46.604,16.68,0.12,0.99,0.86,3.54,0.30,695
46.621,16.77,0.12,1.03,0.68,3.54,0.00,697
46.637,16.55,0.14,1.05,0.80,3.53,0.29,698
46.654,16.67,0.13,1.07,0.66,3.55,0.00,699
46.671,16.71,0.13,1.02,0.80,3.55,0.30,700
46.687,16.63,0.13,1.03,0.68,3.53,0.00,700
46.704,16.67,0.13,1.01,0.76,3.53,0.30,699
46.721,16.68,0.13,0.99,0.71,3.52,0.00,695
46.737,16.68,0.13,1.00,0.84,3.52,0.30,691
46.754,16.64,0.13,0.98,0.71,3.51,0.00,690
46.771,16.77,0.11,0.96,0.83,3.50,0.28,685
46.787,16.58,0.13,0.99,0.69,3.48,0.00,682
46.804,16.65,0.14,0.95,0.81,3.46,0.29,680
46.821,16.67,0.09,0.70,0.53,3.07,0.00,679
46.837,16.68,0.12,0.96,0.79,3.06,0.28,680
46.854,16.71,0.12,0.95,0.71,3.07,0.00,683
46.871,16.63,0.12,0.97,0.82,3.07,0.30,681
46.887,16.65,0.10,0.70,0.54,3.04,0.00,680
46.904,16.69,0.13,0.98,0.79,3.03,0.30,679
46.921,16.64,0.14,0.95,0.67,3.03,0.00,679
46.937,16.70,0.13,1.02,0.80,3.02,0.30,679
46.954,16.64,0.13,0.97,0.68,3.03,0.00,679
46.971,16.77,0.11,0.95,0.79,3.03,0.30,677
46.987,16.61,0.12,0.94,0.66,3.01,0.00,679
47.004,16.63,0.13,0.96,0.83,3.00,0.28,679
47.021,16.66,0.11,0.96,0.68,2.98,0.00,675
47.037,16.74,0.11,0.95,0.82,2.97,0.29,673
47.054,16.64,0.13,0.95,0.65,2.98,0.00,674
47.071,16.64,0.13,0.97,0.84,2.97,0.29,673
47.087,16.65,0.13,0.95,0.66,2.96,0.00,673
47.104,16.67,0.13,0.95,0.78,2.96,0.28,673
47.121,16.69,0.13,0.95,0.78,2.93,0.00,672
47.137,16.64,0.13,0.95,0.79,2.93,0.28,669
47.154,16.68,0.12,0.95,0.70,2.94,0.00,668
47.171,16.66,0.14,0.95,0.81,2.94,0.28,668
47.187,16.68,0.12,0.95,0.70,2.93,0.00,668
47.204,16.67,0.12,0.95,0.79,2.92,0.29,665
47.221,16.67,0.11,0.93,0.68,2.91,0.00,664
47.237,16.65,0.14,0.96,0.78,2.91,0.29,661
47.254,16.66,0.13,0.94,0.67,2.93,0.00,660
47.271,16.72,0.11,0.77,0.78,2.92,0.29,650
47.287,16.63,0.13,0.72,0.67,2.87,0.00,639
47.304,16.69,0.13,0.72,0.86,2.87,0.30,638
47.321,16.65,0.11,0.72,0.68,2.84,0.00,634
47.337,16.66,0.13,0.71,0.78,2.85,0.28,631
47.354,16.67,0.12,0.69,0.70,2.85,0.00,628
47.371,16.67,0.10,0.72,0.80,2.84,0.30,631
47.387,16.66,0.13,0.71,0.66,2.83,0.00,631
47.404,16.67,0.12,0.69,0.79,2.83,0.29,631
47.421,16.68,0.11,0.73,0.68,2.82,0.00,629
47.437,16.67,0.12,0.70,0.78,2.82,0.28,629
47.454,16.67,0.11,0.69,0.68,2.83,0.00,628
47.471,16.66,0.08,0.53,0.62,2.83,0.22,626
47.487,16.68,0.13,0.72,0.70,2.81,0.00,627
47.504,16.66,0.10,0.69,0.72,2.81,0.28,625
47.521,16.67,0.12,0.71,0.61,2.80,0.00,623
47.537,16.67,0.11,0.68,0.70,2.80,0.28,620
47.554,16.66,0.11,0.72,0.68,2.79,0.00,618
47.571,16.66,0.10,0.68,0.73,2.79,0.29,618
47.587,16.70,0.11,0.71,0.65,2.77,0.00,619
47.604,16.70,0.10,0.70,0.76,2.78,0.28,619
47.621,16.67,0.10,0.73,0.66,2.75,0.00,619
47.637,16.61,0.12,0.68,0.72,2.75,0.28,615
47.654,16.66,0.12,0.71,0.62,2.75,0.00,615
47.671,16.68,0.11,0.70,0.76,2.75,0.28,613
47.687,16.65,0.10,0.71,0.62,2.73,0.00,611
47.704,16.66,0.07,0.52,0.54,2.73,0.21,610
47.721,16.67,0.08,0.54,0.50,2.72,0.00,607
47.737,16.66,0.07,0.51,0.53,2.70,0.21,607
47.754,16.67,0.08,0.54,0.47,2.70,0.00,606
47.771,16.67,0.07,0.50,0.52,2.73,0.21,605
47.787,16.67,0.08,0.53,0.45,2.71,0.00,603
47.804,16.72,0.07,0.52,0.55,2.71,0.21,602
47.821,16.72,0.10,0.71,0.63,2.69,0.00,600
47.837,16.59,0.10,0.69,0.73,2.70,0.29,596
47.854,16.67,0.12,0.70,0.61,2.68,0.00,594
47.871,16.65,0.11,0.67,0.70,2.70,0.28,592
47.887,16.68,0.11,0.69,0.58,2.68,0.00,589
47.904,16.68,0.09,0.70,0.72,2.69,0.28,588
47.921,16.66,0.10,0.71,0.61,2.67,0.00,584
47.937,16.68,0.10,0.70,0.75,2.68,0.29,582
47.954,16.65,0.12,0.69,0.60,2.66,0.00,578
47.971,16.67,0.11,0.67,0.71,2.69,0.28,573
47.987,16.67,0.11,0.70,0.61,2.67,0.00,572
48.004,16.68,0.09,0.69,0.70,2.68,0.29,570
48.021,16.64,0.11,0.68,0.60,2.66,0.00,570
48.037,16.68,0.11,0.66,0.70,2.67,0.28,568
48.054,16.67,0.12,0.70,0.61,2.66,0.00,564
48.071,16.67,0.11,0.68,0.70,2.70,0.28,560
48.087,16.68,0.12,0.69,0.61,2.69,0.00,559
48.104,16.67,0.09,0.69,0.71,2.68,0.29,558
48.121,16.67,0.11,0.68,0.61,2.68,0.00,556
48.137,16.66,0.12,0.69,0.78,2.70,0.28,555
48.154,16.66,0.14,0.95,0.61,2.69,0.00,606
48.171,16.68,0.13,0.94,0.94,3.57,0.49,605
48.187,16.67,0.13,0.95,0.66,3.55,0.00,605
48.204,16.67,0.12,0.94,0.77,3.54,0.29,604
48.221,16.66,0.13,0.94,0.63,3.54,0.00,603
48.237,16.67,0.13,0.94,0.73,3.55,0.30,602
48.254,16.67,0.14,0.93,0.60,3.54,0.00,601
48.271,16.66,0.12,0.95,0.72,3.63,0.29,601
48.287,16.67,0.12,0.94,0.62,3.63,0.00,601
48.304,16.66,0.12,0.93,0.72,3.65,0.29,609
48.321,16.71,0.12,0.97,0.60,3.68,0.00,611
48.337,16.63,0.13,0.95,0.70,3.70,0.28,613
48.354,16.67,0.14,0.96,0.61,3.72,0.00,613
48.371,16.67,0.12,0.86,0.69,3.69,0.28,617
48.387,16.66,0.13,0.88,0.59,3.68,0.00,618
48.404,16.67,0.25,0.97,0.69,3.70,0.29,664
48.421,16.67,0.13,1.01,0.64,3.90,0.00,681
48.437,16.66,0.12,1.00,0.72,4.10,0.30,681
48.454,16.68,0.14,1.00,0.60,4.10,0.00,680
48.471,16.74,0.11,0.96,0.70,4.11,0.30,680
48.487,16.59,0.12,1.01,0.62,4.10,0.00,680
48.504,16.66,0.13,0.99,0.74,4.10,0.30,682
48.521,16.67,0.13,1.00,0.61,4.08,0.00,682
48.537,16.67,0.13,1.00,0.75,4.08,0.28,683
48.554,16.67,0.13,0.98,0.60,4.06,0.00,681
48.571,16.66,0.12,0.96,0.70,3.49,0.30,682
48.587,16.67,0.12,0.98,0.59,3.48,0.00,682
48.604,16.67,0.12,0.98,0.70,3.46,0.29,681
48.621,16.69,0.12,1.01,0.66,3.44,0.00,681
48.638,16.67,0.13,0.99,0.77,3.43,0.30,682
48.654,16.65,0.13,0.99,0.60,3.42,0.00,679
48.671,16.67,0.13,0.99,0.75,3.43,0.30,677
48.688,16.66,0.12,0.98,0.59,3.41,0.00,678
48.704,16.67,0.13,0.97,0.73,3.41,0.30,676
48.721,16.67,0.12,0.98,0.61,3.39,0.00,678
48.738,16.67,0.12,0.98,0.72,3.39,0.29,679
48.754,16.67,0.14,1.00,0.63,3.37,0.00,679
48.771,16.67,0.12,0.97,0.71,3.38,0.30,678
48.788,16.66,0.12,0.97,0.60,3.36,0.00,677
48.804,16.67,0.11,0.94,0.69,3.36,0.29,678
48.821,16.75,0.11,0.98,0.61,3.34,0.00,679
48.838,16.58,0.12,0.95,0.70,3.34,0.29,680
48.854,16.70,0.13,1.00,0.63,3.32,0.00,680
48.871,16.64,0.12,0.97,0.72,3.33,0.30,682
48.888,16.66,0.13,0.96,0.65,3.34,0.00,683
48.904,16.67,0.12,0.93,0.69,3.33,0.29,682
48.921,16.66,0.12,0.97,0.61,3.32,0.00,679
48.938,16.68,0.11,0.95,0.71,3.32,0.30,679
48.954,16.66,0.13,0.98,0.61,3.30,0.00,678
48.971,16.68,0.12,0.94,0.70,3.31,0.29,675
48.988,16.66,0.12,0.96,0.61,3.32,0.00,674
49.004,16.67,0.10,0.94,0.69,3.33,0.30,672
49.021,16.67,0.11,0.98,0.67,3.30,0.00,672
49.038,16.66,0.12,0.96,0.73,3.32,0.30,671
49.054,16.67,0.12,0.97,0.59,3.31,0.00,670
49.071,16.67,0.11,0.94,0.71,3.31,0.30,671
49.088,16.67,0.13,0.96,0.62,3.33,0.00,669
49.104,16.67,0.11,0.93,0.70,3.33,0.29,669
49.121,16.67,0.11,0.97,0.64,3.31,0.00,671
49.138,16.66,0.12,0.94,0.70,3.32,0.30,671
49.154,16.74,0.12,0.98,0.62,3.30,0.00,670
49.171,16.59,0.12,0.98,0.76,3.32,0.29,670
49.188,16.67,0.13,0.97,0.62,3.32,0.00,669
49.204,16.67,0.12,0.95,0.72,3.33,0.29,671
49.221,16.68,0.10,0.95,0.58,3.31,0.00,669
49.238,16.66,0.11,0.94,0.70,3.32,0.29,672
49.254,16.67,0.13,0.97,0.62,3.31,0.00,672
49.271,16.66,0.11,0.93,0.71,3.32,0.29,675
49.288,16.67,0.12,0.96,0.64,3.33,0.00,673
49.304,16.68,0.09,0.98,0.72,3.34,0.31,673
49.321,16.65,0.12,0.94,0.60,3.32,0.00,671
49.338,16.67,0.11,0.93,0.74,3.32,0.30,670
49.354,16.67,0.12,0.95,0.60,3.31,0.00,669
49.371,16.67,0.12,0.92,0.69,3.32,0.28,666
49.388,16.67,0.13,0.95,0.66,3.31,0.00,665
49.404,16.67,0.11,0.91,0.71,3.32,0.28,661
49.421,16.68,0.11,0.96,0.63,3.31,0.00,661
49.438,16.66,0.11,0.95,0.73,3.31,0.30,659
49.454,16.67,0.12,0.95,0.62,3.29,0.00,658
49.471,16.67,0.12,0.94,0.73,3.30,0.29,656
49.488,16.67,0.13,0.95,0.64,3.30,0.00,654
49.504,16.67,0.11,0.93,0.71,3.31,0.28,651
49.521,16.67,0.10,0.94,0.60,3.28,0.00,649
49.538,16.65,0.11,0.95,0.73,3.29,0.30,646
49.554,16.67,0.12,0.94,0.61,3.27,0.00,645
49.571,16.67,0.12,0.93,0.71,3.27,0.30,644
49.588,16.67,0.12,0.94,0.62,3.27,0.00,641
49.604,16.67,0.11,0.93,0.69,3.28,0.29,640
49.621,16.67,0.12,0.95,0.64,3.23,0.00,613
49.638,16.69,0.10,0.96,0.82,3.22,0.35,610
49.654,16.66,0.13,0.92,0.63,3.18,0.00,605
49.671,16.65,0.12,0.92,0.76,2.91,0.29,600
49.688,16.67,0.12,0.91,0.62,2.90,0.00,599
49.704,16.68,0.11,0.90,0.75,2.91,0.30,597
49.721,16.66,0.12,0.92,0.63,2.88,0.00,596
49.738,16.66,0.10,0.90,0.72,2.89,0.28,595
49.754,16.68,0.12,0.91,0.61,2.87,0.00,591
49.771,16.66,0.12,0.90,0.70,2.87,0.29,589
49.788,16.67,0.12,0.90,0.62,2.88,0.00,588
49.804,16.66,0.11,0.87,0.70,2.89,0.29,587
49.821,16.73,0.10,0.90,0.60,2.87,0.00,586
49.838,16.61,0.11,0.87,0.70,2.87,0.28,585
49.854,16.68,0.11,0.89,0.61,2.85,0.00,584
49.871,16.66,0.10,0.90,0.73,2.86,0.29,582
49.888,16.68,0.11,0.91,0.62,2.86,0.00,582
49.904,16.65,0.10,0.87,0.72,2.86,0.28,581
49.921,16.67,0.12,0.91,0.65,2.85,0.00,580
49.938,16.74,0.09,0.90,0.73,2.85,0.30,579
49.954,16.59,0.13,0.90,0.64,2.82,0.00,579
49.971,16.67,0.11,0.86,0.70,2.82,0.29,575
49.988,16.68,0.12,0.91,0.61,2.81,0.00,573
50.004,16.67,0.10,0.90,0.75,2.84,0.30,573
50.021,16.67,0.11,0.89,0.61,2.82,0.00,570
50.038,16.65,0.11,0.86,0.72,2.82,0.29,570
50.054,16.66,0.12,0.89,0.58,2.80,0.00,565
50.071,16.67,0.11,0.90,0.73,2.80,0.29,557
50.088,16.74,0.13,1.21,0.59,2.77,0.00,606
50.104,16.61,0.14,1.19,0.90,3.66,0.47,606
50.121,16.66,0.14,1.01,0.60,3.64,0.00,600
50.138,16.69,0.12,1.00,0.72,3.64,0.30,596
50.154,16.65,0.14,0.98,0.60,3.62,0.00,594
50.171,16.67,0.14,1.02,0.76,3.63,0.30,593
50.188,16.66,0.14,1.00,0.61,3.63,0.00,592
50.204,16.66,0.13,1.01,0.74,3.63,0.30,590
50.221,16.68,0.13,1.00,0.60,3.61,0.00,586
50.238,16.66,0.13,0.97,0.69,3.62,0.29,586
50.254,16.68,0.11,1.01,0.61,3.60,0.00,581
50.271,16.66,0.13,0.98,0.71,3.60,0.29,582
50.288,16.66,0.13,1.00,0.59,3.63,0.00,582
50.304,16.68,0.11,0.99,0.69,3.63,0.29,581
50.321,16.66,0.14,1.00,0.61,3.62,0.00,583
50.338,16.66,0.12,1.00,0.74,3.62,0.30,584
50.354,16.66,0.13,1.00,0.59,3.60,0.00,584
50.371,16.67,0.12,0.91,0.72,3.60,0.29,581
50.388,16.67,0.14,0.92,0.58,3.61,0.00,579
50.404,16.67,0.26,0.99,0.68,3.62,0.28,647
50.421,16.68,0.12,1.04,0.62,3.75,0.00,669
50.438,16.65,0.13,1.02,0.72,3.98,0.29,669
50.454,16.67,0.13,1.01,0.62,3.96,0.00,667
50.471,16.67,0.13,1.00,0.71,3.96,0.30,669
50.488,16.68,0.14,1.03,0.64,3.96,0.00,669
50.504,16.68,0.11,1.02,0.72,3.83,0.29,668
50.521,16.67,0.13,1.00,0.60,3.36,0.00,668
50.538,16.65,0.12,1.02,0.75,3.36,0.29,666
50.554,16.66,0.13,1.01,0.61,3.34,0.00,665
50.571,16.67,0.13,1.00,0.73,3.33,0.30,664
50.588,16.67,0.13,1.01,0.60,3.34,0.00,664
50.604,16.68,0.11,0.99,0.71,3.34,0.29,666
50.621,16.67,0.12,1.01,0.60,3.32,0.00,664
50.638,16.68,0.11,0.99,0.69,3.33,0.29,664
50.654,16.65,0.14,1.02,0.61,3.31,0.00,663
50.671,16.72,0.11,1.06,0.78,3.34,0.30,664
50.688,16.62,0.12,1.01,0.61,3.33,0.00,665
50.704,16.68,0.12,1.01,0.76,3.33,0.30,665
50.721,16.66,0.13,1.02,0.61,3.31,0.00,667
50.738,16.79,0.12,0.99,0.70,3.32,0.28,666
50.754,16.54,0.14,1.02,0.62,3.30,0.00,666
50.771,16.67,0.13,1.01,0.72,3.34,0.30,666
50.788,16.66,0.12,1.01,0.59,3.32,0.00,666
50.804,16.68,0.12,0.98,0.71,3.33,0.29,666
50.821,16.75,0.12,1.02,0.59,3.31,0.00,667
50.838,16.59,0.11,1.00,0.71,3.32,0.29,667
50.854,16.67,0.12,1.01,0.59,3.31,0.00,664
50.871,16.66,0.12,0.98,0.71,3.35,0.29,660
50.888,16.67,0.13,1.01,0.62,3.33,0.00,660
50.904,16.66,0.12,0.98,0.71,3.33,0.30,659
50.921,16.67,0.12,1.02,0.61,3.32,0.00,658
50.938,16.68,0.12,0.98,0.75,3.33,0.30,658
50.954,16.66,0.14,1.01,0.63,3.31,0.00,658
50.971,16.67,0.12,0.98,0.70,3.35,0.29,657
50.988,16.68,0.13,0.99,0.61,3.33,0.00,659
51.004,16.67,0.12,1.00,0.73,3.34,0.29,657
51.021,16.66,0.12,1.00,0.59,3.32,0.00,659
51.038,16.68,0.12,0.96,0.72,3.34,0.30,662
51.054,16.66,0.13,1.01,0.65,3.31,0.00,664
51.071,16.67,0.12,1.00,0.76,3.34,0.30,666
51.088,16.66,0.13,1.01,0.65,3.33,0.00,666
51.104,16.67,0.12,0.98,0.72,3.34,0.30,670
51.121,16.67,0.13,1.00,0.65,3.32,0.00,673
51.138,16.69,0.11,0.99,0.70,3.32,0.29,676
51.154,16.65,0.13,0.99,0.62,3.33,0.00,673
51.171,16.74,0.11,0.99,0.72,3.33,0.30,671
51.188,16.60,0.13,1.00,0.62,3.30,0.00,671
51.204,16.75,0.11,0.99,0.74,3.30,0.30,672
51.221,16.58,0.12,0.99,0.60,3.28,0.00,672
51.238,16.67,0.13,0.96,0.72,3.28,0.30,670
51.254,16.67,0.13,1.00,0.63,3.29,0.00,667
51.271,16.66,0.11,0.99,0.74,3.30,0.29,664
51.288,16.66,0.12,0.97,0.60,3.26,0.00,662
51.304,16.67,0.11,0.98,0.72,3.27,0.30,662
51.321,16.67,0.13,0.99,0.63,3.25,0.00,661
51.338,16.69,0.10,0.95,0.71,3.26,0.30,658
51.354,16.63,0.12,0.98,0.60,3.25,0.00,656
51.371,16.68,0.11,0.97,0.71,3.26,0.30,655
51.388,16.66,0.12,0.98,0.60,3.23,0.00,655
51.404,16.67,0.11,0.96,0.70,3.24,0.29,654
51.421,16.66,0.12,0.98,0.59,3.21,0.00,651
51.438,16.67,0.12,0.96,0.72,3.21,0.30,647
51.454,16.71,0.13,0.96,0.61,3.21,0.00,641
51.471,16.62,0.11,0.98,0.72,3.21,0.29,636
51.488,16.67,0.12,1.00,0.66,3.18,0.00,632
51.504,16.67,0.12,0.96,0.73,3.18,0.30,630
51.521,16.67,0.13,0.98,0.62,3.16,0.00,630
51.538,16.66,0.11,0.96,0.73,3.16,0.29,625
51.554,16.68,0.12,0.98,0.63,3.16,0.00,623
51.571,16.68,0.10,0.95,0.73,3.16,0.30,621
51.588,16.66,0.12,0.94,0.62,3.14,0.00,612
51.604,16.67,0.10,0.91,0.71,2.81,0.30,611
51.621,16.68,0.10,0.93,0.60,2.79,0.00,611
51.638,16.65,0.11,0.94,0.74,2.81,0.29,610
51.654,16.66,0.11,0.93,0.60,2.79,0.00,610
51.671,16.67,0.11,0.94,0.75,2.79,0.28,610
51.688,16.69,0.11,0.95,0.65,2.78,0.00,607
51.704,16.65,0.12,0.93,0.75,2.78,0.30,605
51.721,16.68,0.12,0.94,0.62,2.76,0.00,605
51.738,16.65,0.10,0.91,0.70,2.79,0.28,604
51.754,16.66,0.11,0.93,0.60,2.78,0.00,603
51.771,16.67,0.10,0.94,0.72,2.77,0.30,600
51.788,16.70,0.10,0.95,0.65,2.76,0.00,600
51.804,16.69,0.10,0.95,0.78,2.76,0.30,599
51.821,16.62,0.12,0.95,0.62,2.75,0.00,598
51.838,16.67,0.11,0.93,0.73,2.77,0.30,596
51.854,16.67,0.11,0.93,0.61,2.76,0.00,595
51.871,16.66,0.10,0.92,0.69,2.77,0.29,593
51.888,16.67,0.12,0.94,0.64,2.75,0.00,592
51.904,16.67,0.11,0.91,0.70,2.76,0.29,591
51.921,16.70,0.10,0.94,0.61,2.74,0.00,590
51.938,16.65,0.10,0.94,0.78,2.77,0.30,587
51.954,16.65,0.11,0.93,0.61,2.75,0.00,587
51.971,16.67,0.11,0.92,0.72,2.76,0.28,584
51.988,16.67,0.12,0.95,0.61,2.74,0.00,581
52.004,16.67,0.11,0.93,0.71,2.75,0.30,580
52.021,16.67,0.13,0.95,0.61,2.73,0.00,574
52.038,16.68,0.09,0.93,0.70,2.75,0.29,573
52.054,16.67,0.11,0.69,0.60,2.74,0.00,566
52.071,16.66,0.11,0.69,0.70,2.74,0.28,565
52.088,16.68,0.11,0.72,0.65,2.71,0.00,564
52.104,16.66,0.12,0.68,0.68,2.72,0.28,563
52.121,16.67,0.12,0.69,0.60,2.73,0.00,561
52.138,16.67,0.11,0.66,0.69,2.74,0.29,559
52.154,16.67,0.12,0.70,0.62,2.71,0.00,559
52.171,16.66,0.10,0.70,0.74,2.73,0.28,559
52.188,16.68,0.10,0.70,0.62,2.70,0.00,557
52.204,16.65,0.11,0.69,0.78,2.71,0.29,555
52.221,16.68,0.12,0.70,0.60,2.71,0.00,552
52.238,16.65,0.09,0.68,0.69,2.72,0.29,551
52.255,16.74,0.10,0.71,0.63,2.70,0.00,550
52.271,16.62,0.09,0.67,0.70,2.72,0.28,546
52.288,16.65,0.11,0.70,0.61,2.69,0.00,544
52.304,16.66,0.15,0.97,0.91,2.70,0.48,595
52.321,16.67,0.14,0.99,0.61,3.55,0.00,592
52.338,16.67,0.12,0.97,0.71,3.57,0.29,590
52.354,16.65,0.13,0.99,0.59,3.55,0.00,592
52.371,16.68,0.11,0.90,0.70,3.56,0.30,586
52.388,16.65,0.13,0.92,0.62,3.53,0.00,586
52.404,16.67,0.25,0.98,0.70,3.54,0.28,605
52.421,16.67,0.14,1.03,0.62,3.67,0.00,606
52.438,16.67,0.14,1.01,0.73,3.72,0.30,605
52.454,16.67,0.14,1.01,0.58,3.73,0.00,605
52.471,16.66,0.14,1.04,0.75,3.76,0.30,602
52.488,16.71,0.15,1.05,0.66,3.74,0.00,602
52.505,16.64,0.15,1.04,0.79,3.76,0.30,602
52.521,16.66,0.14,1.04,0.62,3.78,0.00,600
52.538,16.67,0.13,1.00,0.71,3.80,0.30,599
52.555,16.67,0.15,1.04,0.61,3.79,0.00,598
52.571,16.69,0.13,1.03,0.75,3.80,0.30,595
52.588,16.64,0.17,1.35,0.60,3.80,0.00,649
52.605,16.68,0.16,1.38,0.94,4.06,0.48,648
52.621,16.67,0.15,1.35,0.60,4.05,0.00,648
52.638,16.66,0.16,1.31,0.73,4.05,0.28,645
52.655,16.66,0.16,1.33,0.58,4.04,0.00,645
52.671,16.72,0.14,1.33,0.73,4.06,0.28,643
52.688,16.64,0.15,1.37,0.64,4.04,0.00,644
52.705,16.65,0.16,1.36,0.72,4.04,0.28,645
52.721,16.68,0.17,1.36,0.63,4.04,0.00,645
52.738,16.66,0.16,1.36,0.73,4.06,0.28,646
52.755,16.68,0.17,1.35,0.59,4.06,0.00,646
52.771,16.65,0.16,1.35,0.72,4.08,0.28,647
52.788,16.66,0.17,1.35,0.59,4.08,0.00,647
52.805,16.67,0.15,1.34,0.71,4.14,0.29,646
52.821,16.74,0.15,1.35,0.59,4.13,0.00,645
52.838,16.62,0.14,1.35,0.73,4.14,0.28,644
52.855,16.66,0.14,1.37,0.62,4.12,0.00,640
52.871,16.65,0.15,1.34,0.73,4.14,0.28,639
52.888,16.69,0.14,1.37,0.60,4.12,0.00,642
52.905,16.65,0.13,1.33,0.71,4.17,0.30,641
52.921,16.68,0.16,1.36,0.62,4.15,0.00,641
52.938,16.66,0.15,1.36,0.72,4.16,0.29,638
52.955,16.67,0.15,1.34,0.61,4.14,0.00,639
52.971,16.74,0.13,1.35,0.74,4.15,0.29,637
52.988,16.60,0.16,1.35,0.61,4.14,0.00,636
53.005,16.67,0.14,1.33,0.71,3.61,0.28,634
53.021,16.66,0.14,1.34,0.58,3.59,0.00,633
53.038,16.67,0.14,1.32,0.70,3.60,0.28,631
53.055,16.68,0.15,1.34,0.63,3.57,0.00,629
53.071,16.67,0.14,1.35,0.70,3.58,0.28,634
53.088,16.67,0.15,1.36,0.61,3.60,0.00,634
53.105,16.67,0.14,1.32,0.72,3.62,0.29,636
53.121,16.67,0.13,1.34,0.61,3.59,0.00,636
53.138,16.67,0.14,1.33,0.70,3.60,0.28,637
53.155,16.66,0.13,1.33,0.61,3.59,0.00,637
53.171,16.67,0.13,1.32,0.70,3.60,0.28,637
53.188,16.68,0.15,1.33,0.64,3.61,0.00,638
53.205,16.66,0.13,1.34,0.73,3.63,0.29,640
53.221,16.68,0.15,1.33,0.63,3.61,0.00,643
53.238,16.66,0.13,1.31,0.75,3.62,0.28,643
53.255,16.67,0.14,1.34,0.63,3.63,0.00,645
53.271,16.66,0.14,1.31,0.71,3.64,0.28,650
53.288,16.68,0.16,1.32,0.63,3.67,0.00,650
53.305,16.67,0.12,1.32,0.77,3.68,0.28,651
53.321,16.67,0.15,1.31,0.66,3.67,0.00,654
53.338,16.66,0.13,1.33,0.75,3.70,0.28,656
53.355,16.67,0.14,1.32,0.62,3.69,0.00,658
53.371,16.66,0.14,1.32,0.74,3.71,0.28,661
53.388,16.67,0.15,1.31,0.61,3.73,0.00,663
53.405,16.66,0.14,1.31,0.73,3.76,0.29,668
53.421,16.67,0.14,1.31,0.61,3.75,0.00,667
53.438,16.67,0.13,1.30,0.74,3.79,0.28,674
53.455,16.66,0.14,1.31,0.59,3.80,0.00,676
53.471,16.67,0.14,1.29,0.73,3.81,0.28,679
53.488,16.68,0.13,1.29,0.61,3.83,0.00,679
53.505,16.66,0.13,1.29,0.71,3.86,0.29,675
53.521,16.67,0.14,1.30,0.63,3.85,0.00,675
53.538,16.67,0.13,1.29,0.71,3.87,0.29,675
53.555,16.68,0.15,1.29,0.61,3.86,0.00,680
53.571,16.66,0.13,1.31,0.71,3.92,0.28,681
53.588,16.67,0.14,1.29,0.64,3.91,0.00,683
53.605,16.67,0.14,1.29,0.80,3.94,0.28,686
53.621,16.68,0.13,1.27,0.64,3.93,0.00,691
53.638,16.66,0.13,1.26,0.75,3.96,0.28,691
53.655,16.67,0.14,1.29,0.66,3.95,0.00,693
53.671,16.66,0.13,1.28,0.75,3.99,0.29,692
53.688,16.68,0.12,1.26,0.65,3.98,0.00,692
53.705,16.67,0.13,1.28,0.77,4.00,0.29,691
53.721,16.67,0.13,1.28,0.69,3.99,0.00,690
53.738,16.66,0.12,1.25,0.74,4.00,0.28,688
53.755,16.67,0.14,1.28,0.68,3.98,0.00,690
53.771,16.67,0.13,1.25,0.74,4.01,0.28,688
53.788,16.67,0.14,1.25,0.63,3.99,0.00,685
53.805,16.66,0.13,1.25,0.78,3.99,0.28,683
53.821,16.73,0.12,1.23,0.66,3.58,0.00,683
53.838,16.62,0.14,1.28,0.82,3.59,0.28,683
53.855,16.69,0.13,1.28,0.71,3.55,0.00,687
53.871,16.63,0.13,1.25,0.77,3.68,0.29,687
53.888,16.69,0.13,1.24,0.65,3.66,0.00,687
53.905,16.65,0.13,1.23,0.75,3.67,0.28,684
53.921,16.67,0.14,1.27,0.66,3.64,0.00,686
53.938,16.67,0.13,1.25,0.77,3.65,0.26,686
53.955,16.67,0.14,1.38,0.63,3.62,0.00,691
53.971,16.66,0.13,1.31,1.12,3.59,0.64,692
53.988,16.67,0.15,1.33,0.66,3.58,0.00,689
54.005,16.67,0.13,1.32,0.74,3.58,0.28,691
54.021,16.66,0.13,1.29,0.65,3.58,0.00,691
54.038,16.67,0.13,1.29,0.76,3.60,0.28,690
54.055,16.66,0.14,1.30,0.64,3.60,0.00,686
54.071,16.68,0.12,1.28,0.71,3.59,0.28,682
54.088,16.67,0.14,1.31,0.64,3.57,0.00,677
54.105,16.66,0.13,1.28,0.71,3.17,0.28,678
54.121,16.68,0.14,1.31,0.64,3.16,0.00,677
54.138,16.67,0.13,1.27,0.72,3.16,0.29,678
54.155,16.66,0.14,1.30,0.64,3.18,0.00,677
54.171,16.67,0.15,1.30,0.78,3.18,0.29,677
54.188,16.67,0.14,1.31,0.66,3.15,0.00,675
54.205,16.66,0.13,1.28,0.71,3.16,0.28,675
54.221,16.67,0.13,1.29,0.62,3.15,0.00,674
54.238,16.67,0.13,1.26,0.71,3.16,0.28,675
54.255,16.66,0.13,1.27,0.60,3.17,0.00,673
54.271,16.67,0.12,1.07,0.70,3.19,0.29,673
54.288,16.66,0.13,1.08,0.61,3.15,0.00,670
54.305,16.67,0.11,1.05,0.70,3.16,0.30,671
54.321,16.71,0.12,1.10,0.62,3.15,0.00,671
54.338,16.66,0.11,1.07,0.72,3.17,0.30,672
54.355,16.63,0.12,1.07,0.59,3.19,0.00,671
54.371,16.67,0.12,0.97,0.70,3.19,0.29,671
54.388,16.67,0.12,0.99,0.61,3.17,0.00,671
54.405,16.66,0.26,1.08,0.75,3.19,0.28,695
54.421,16.68,0.13,1.15,0.61,3.33,0.00,701
54.438,16.66,0.13,1.14,0.73,3.43,0.29,701
54.455,16.67,0.14,1.16,0.64,3.41,0.00,700
54.471,16.66,0.13,1.13,0.75,3.43,0.30,699
54.488,16.66,0.09,0.86,0.52,3.42,0.00,697
54.505,16.67,0.13,1.13,0.72,3.42,0.29,697
54.521,16.66,0.14,1.14,0.59,3.41,0.00,698
54.538,16.67,0.13,1.12,0.71,3.46,0.29,696
54.555,16.68,0.14,0.86,0.63,3.43,0.00,682
54.571,16.66,0.11,0.87,0.73,3.43,0.29,680
54.588,16.66,0.14,0.85,0.62,3.42,0.00,680
54.605,16.69,0.12,0.85,0.70,3.44,0.28,680
54.621,16.67,0.14,0.87,0.62,3.42,0.00,679
54.638,16.65,0.13,0.84,0.70,3.45,0.28,677
54.655,16.66,0.13,0.86,0.60,3.44,0.00,678
54.671,16.67,0.12,0.87,0.72,3.45,0.29,677
54.688,16.67,0.14,0.97,0.64,3.43,0.00,677
54.705,16.68,0.11,0.85,0.73,3.43,0.29,677
54.721,16.66,0.13,0.87,0.63,3.43,0.00,678
54.738,16.72,0.09,0.63,0.53,3.46,0.22,678
54.755,16.60,0.09,0.66,0.47,3.43,0.00,677
54.771,16.73,0.09,0.65,0.57,3.44,0.21,676
54.788,16.61,0.09,0.64,0.46,3.42,0.00,677
54.805,16.67,0.09,0.64,0.54,3.43,0.22,676
54.821,16.73,0.09,0.65,0.46,3.41,0.00,676
54.838,16.68,0.08,0.65,0.58,3.45,0.22,674
54.855,16.62,0.09,0.64,0.48,3.42,0.00,677
54.871,16.66,0.13,0.88,0.77,3.42,0.28,678
54.888,16.66,0.13,0.86,0.60,3.41,0.00,677
54.905,16.67,0.11,0.86,0.72,3.41,0.28,677
54.921,16.68,0.19,1.22,0.63,3.41,0.00,729
54.938,16.74,0.16,1.23,0.92,4.31,0.48,728
54.955,16.59,0.19,1.22,0.65,4.29,0.00,725
54.971,16.67,0.17,1.30,0.74,4.30,0.29,728
54.988,16.67,0.18,1.22,0.64,4.28,0.00,728
55.005,16.67,0.18,1.20,0.72,4.30,0.29,728
55.021,16.66,0.18,1.22,0.62,4.28,0.00,728
55.038,16.68,0.15,1.20,0.72,4.29,0.29,726
55.055,16.66,0.15,1.22,0.61,4.28,0.00,727
55.071,16.67,0.14,1.22,0.74,4.29,0.28,725
55.088,16.68,0.16,1.26,0.65,4.27,0.00,725
55.105,16.66,0.15,1.22,0.72,4.28,0.29,727
55.121,16.67,0.15,1.25,0.61,4.32,0.00,725
55.138,16.67,0.15,1.23,0.71,4.32,0.29,726
55.155,16.67,0.15,1.25,0.62,4.31,0.00,725
55.171,16.67,0.16,1.23,0.71,4.32,0.28,725
55.188,16.67,0.15,1.25,0.61,4.32,0.00,725
55.205,16.67,0.14,1.25,0.76,4.36,0.28,724
55.221,16.68,0.15,1.23,0.63,4.36,0.00,722
55.238,16.66,0.15,1.25,0.76,4.35,0.29,712
55.255,16.68,0.15,1.24,0.60,4.34,0.00,709
55.271,16.65,0.14,1.24,0.71,4.34,0.28,711
55.288,16.66,0.15,1.28,0.62,4.34,0.00,712
55.305,16.69,0.12,1.25,0.73,4.38,0.28,712
55.321,16.70,0.13,1.26,0.61,4.36,0.00,710
55.338,16.63,0.14,1.26,0.72,3.80,0.29,709
55.355,16.66,0.14,1.27,0.60,3.80,0.00,708
55.371,16.68,0.14,1.26,0.75,3.81,0.29,707
55.388,16.67,0.14,1.29,0.63,3.83,0.00,705
55.405,16.67,0.13,1.24,0.71,3.85,0.28,705
55.421,16.67,0.14,1.29,0.61,3.83,0.00,709
55.438,16.67,0.13,1.26,0.71,3.85,0.28,708
55.455,16.67,0.14,1.25,0.62,3.85,0.00,704
55.471,16.66,0.13,1.22,0.71,3.48,0.29,707
55.488,16.68,0.14,1.26,0.63,3.51,0.00,707
55.505,16.66,0.13,1.22,0.72,3.51,0.28,704
55.521,16.67,0.13,1.23,0.60,3.52,0.00,705
55.538,16.67,0.12,1.24,0.74,3.53,0.29,702
55.555,16.65,0.14,1.24,0.60,3.50,0.00,706
55.571,16.67,0.13,1.22,0.75,3.66,0.28,705
55.588,16.72,0.12,1.27,0.67,3.66,0.00,704
55.605,16.61,0.13,1.24,0.73,3.67,0.28,711
55.621,16.67,0.14,1.26,0.64,3.67,0.00,711
55.638,16.67,0.13,1.22,0.70,3.69,0.27,712
55.655,16.67,0.14,1.26,0.63,3.69,0.00,713
55.671,16.67,0.13,1.21,0.71,3.69,0.28,714
55.688,16.66,0.13,1.25,0.62,3.67,0.00,711
55.705,16.67,0.13,1.23,0.74,3.69,0.29,711
55.721,16.67,0.14,1.25,0.60,3.67,0.00,711
55.738,16.67,0.14,1.24,0.74,3.68,0.29,712
55.755,16.67,0.14,1.23,0.60,3.69,0.00,713
55.771,16.67,0.13,1.24,0.71,3.71,0.28,712
55.788,16.70,0.14,1.26,0.66,3.68,0.00,712
55.805,16.63,0.13,1.22,0.76,3.69,0.28,710
55.822,16.75,0.12,1.25,0.60,3.66,0.00,711
55.838,16.59,0.14,1.21,0.72,3.66,0.29,712
55.855,16.67,0.14,1.23,0.60,3.68,0.00,712
55.871,16.66,0.13,1.20,0.71,3.67,0.28,709
55.888,16.70,0.12,1.22,0.63,3.65,0.00,710
55.905,16.64,0.13,1.21,0.72,3.65,0.29,708
55.921,16.67,0.14,1.18,0.61,3.63,0.00,707
55.938,16.67,0.13,1.15,0.72,3.67,0.30,707
55.955,16.67,0.13,1.18,0.64,3.64,0.00,709
55.971,16.66,0.12,1.17,0.75,3.65,0.30,709
55.988,16.68,0.12,1.18,0.64,3.63,0.00,708
56.005,16.65,0.13,1.16,0.73,3.63,0.30,707
56.022,16.72,0.12,1.17,0.61,3.61,0.00,710
56.038,16.62,0.13,1.14,0.74,3.65,0.30,709
56.055,16.68,0.13,1.15,0.60,3.62,0.00,711
56.071,16.66,0.12,1.13,0.72,3.63,0.29,712
56.088,16.68,0.14,1.18,0.67,3.60,0.00,711
56.105,16.64,0.14,1.15,0.74,3.60,0.29,712
56.121,16.67,0.14,1.14,0.61,3.59,0.00,713
56.138,16.68,0.11,1.14,0.72,3.61,0.29,713
56.155,16.67,0.12,1.15,0.67,3.60,0.00,709
56.171,16.65,0.12,1.12,0.70,3.59,0.29,708
56.188,16.67,0.14,1.14,0.61,3.58,0.00,705
56.205,16.67,0.13,1.14,0.75,3.60,0.30,706
56.221,16.66,0.13,1.14,0.59,3.60,0.00,706
56.238,16.67,0.13,1.14,0.75,3.60,0.30,704
56.255,16.67,0.14,1.13,0.59,3.58,0.00,702
56.271,16.66,0.12,1.14,0.74,3.58,0.29,700
56.288,16.67,0.13,1.15,0.63,3.56,0.00,698
56.305,16.67,0.13,1.11,0.72,3.56,0.30,697
56.321,16.67,0.13,1.11,0.68,3.58,0.00,693
56.338,16.67,0.12,1.06,0.74,3.57,0.30,687
56.355,16.67,0.13,1.10,0.65,3.56,0.00,683
56.372,16.67,0.12,1.00,0.72,3.56,0.30,677
56.388,16.66,0.13,1.00,0.59,3.53,0.00,675
56.405,16.67,0.25,1.12,0.70,3.57,0.28,704
56.422,16.66,0.13,1.10,0.60,3.70,0.00,712
56.438,16.68,0.13,1.07,0.71,3.44,0.30,713
56.455,16.67,0.13,1.11,0.63,3.43,0.00,713
56.472,16.67,0.10,1.07,0.71,3.44,0.30,713
56.488,16.68,0.14,1.10,0.63,3.42,0.00,713
56.505,16.65,0.13,1.09,0.75,3.44,0.30,713
56.522,16.67,0.13,1.10,0.62,3.42,0.00,712
56.538,16.66,0.12,1.07,0.71,3.41,0.30,711
56.555,16.67,0.13,1.11,0.61,3.39,0.00,711
56.572,16.67,0.13,1.10,0.74,3.39,0.30,709
56.588,16.68,0.13,1.10,0.63,3.39,0.00,709
56.605,16.69,0.14,1.10,0.78,3.38,0.30,708
56.622,16.65,0.13,1.12,0.65,3.37,0.00,705
56.638,16.66,0.12,1.09,0.71,3.36,0.29,704
56.655,16.66,0.13,1.11,0.62,3.33,0.00,704
56.672,16.67,0.13,1.09,0.72,3.33,0.30,704
56.688,16.66,0.14,1.10,0.60,3.33,0.00,701
56.705,16.67,0.13,1.09,0.74,3.32,0.30,699
56.722,16.67,0.13,1.09,0.61,3.29,0.00,699
56.738,16.67,0.13,1.08,0.74,3.29,0.30,698
56.755,16.67,0.14,1.07,0.67,3.26,0.00,695
56.772,16.66,0.13,1.03,0.76,3.28,0.30,695
56.788,16.67,0.13,1.07,0.66,3.25,0.00,693
56.805,16.68,0.14,1.07,0.84,3.25,0.30,691
56.822,16.65,0.13,1.07,0.65,3.22,0.00,687
56.838,16.66,0.12,1.03,0.71,3.22,0.29,682
56.855,16.68,0.12,1.08,0.60,3.19,0.00,680
56.872,16.66,0.12,1.04,0.72,3.21,0.30,675
56.888,16.66,0.12,0.76,0.57,3.18,0.00,624
56.905,16.67,0.12,0.72,0.72,3.13,0.28,623
56.922,16.67,0.13,0.77,0.60,3.09,0.00,621
56.938,16.67,0.13,0.77,0.74,3.09,0.29,620
56.955,16.67,0.12,0.77,0.62,3.07,0.00,620
56.972,16.68,0.11,0.75,0.69,3.08,0.28,618
56.988,16.66,0.12,0.76,0.61,3.05,0.00,616
57.005,16.66,0.12,0.73,0.70,3.05,0.29,616
57.022,16.67,0.13,0.77,0.60,3.04,0.00,615
57.038,16.67,0.12,0.74,0.72,3.03,0.29,614
57.055,16.66,0.12,0.75,0.59,3.03,0.00,615
57.072,16.79,0.11,0.77,0.75,3.04,0.29,613
57.088,16.57,0.12,0.77,0.63,3.02,0.00,612
57.105,16.66,0.12,0.76,0.73,3.02,0.28,611
57.122,16.67,0.13,0.77,0.65,2.99,0.00,608
57.138,16.65,0.11,0.74,0.71,3.02,0.28,607
57.155,16.67,0.12,0.78,0.62,3.00,0.00,606
57.172,16.67,0.12,0.75,0.71,3.01,0.28,603
57.188,16.67,0.12,0.76,0.62,2.98,0.00,602
57.205,16.67,0.12,0.75,0.72,2.98,0.29,602
57.222,16.67,0.13,0.77,0.63,2.96,0.00,598
57.238,16.67,0.12,0.75,0.76,2.99,0.29,598
57.255,16.67,0.12,0.77,0.61,2.97,0.00,597
57.272,16.67,0.10,0.75,0.72,2.98,0.29,595
57.288,16.67,0.12,0.77,0.65,2.95,0.00,594
57.305,16.67,0.13,1.05,0.90,2.96,0.49,647
57.322,16.66,0.15,1.07,0.62,3.85,0.00,645
57.338,16.66,0.14,1.06,0.72,3.85,0.30,645
57.355,16.67,0.14,1.06,0.59,3.83,0.00,643
57.372,16.67,0.14,1.06,0.73,3.84,0.30,641
57.388,16.68,0.14,1.05,0.59,3.82,0.00,642
57.405,16.66,0.14,1.03,0.70,3.83,0.30,644
57.422,16.68,0.14,1.09,0.60,3.80,0.00,644
57.438,16.66,0.15,1.08,0.75,3.82,0.30,645
57.455,16.67,0.14,1.09,0.62,3.80,0.00,648
57.472,16.70,0.12,1.06,0.71,3.83,0.29,648
57.488,16.63,0.16,1.10,0.65,3.84,0.00,650
57.505,16.68,0.13,1.06,0.78,3.87,0.31,649
57.522,16.67,0.14,1.09,0.65,3.85,0.00,648
57.538,16.69,0.13,1.05,0.75,3.85,0.29,646
57.555,16.66,0.14,1.11,0.63,3.84,0.00,645
57.572,16.65,0.15,1.09,0.75,3.84,0.29,646
57.588,16.67,0.16,1.07,0.59,3.83,0.00,647
57.605,16.67,0.15,1.05,0.71,3.92,0.30,648
57.622,16.67,0.14,1.06,0.61,3.90,0.00,647
57.638,16.68,0.12,1.04,0.70,3.92,0.30,668
57.655,16.68,0.14,1.13,0.66,3.95,0.00,666
57.672,16.66,0.14,1.06,0.73,3.95,0.30,667
57.688,16.65,0.14,1.05,0.60,3.93,0.00,667
57.705,16.69,0.13,1.06,0.78,3.94,0.29,667
57.722,16.65,0.15,1.07,0.67,3.35,0.00,666
57.738,16.68,0.14,1.07,0.79,3.35,0.30,667
57.755,16.69,0.14,1.07,0.65,3.34,0.00,668
57.772,16.65,0.14,1.08,0.79,3.35,0.30,668
57.788,16.67,0.14,1.05,0.65,3.37,0.00,669
57.805,16.65,0.14,1.04,0.72,3.38,0.30,668
57.822,16.76,0.12,1.07,0.62,3.36,0.00,670
57.838,16.62,0.13,1.07,0.81,3.37,0.30,670
57.855,16.65,0.14,1.08,0.67,3.36,0.00,668
57.872,16.67,0.15,1.06,0.78,3.38,0.29,668
57.888,16.67,0.13,1.07,0.66,3.37,0.00,666
57.905,16.66,0.15,1.05,0.77,3.38,0.30,664
57.922,16.71,0.14,1.06,0.65,3.37,0.00,661
57.938,16.63,0.14,1.02,0.76,3.37,0.30,661
57.955,16.72,0.14,1.06,0.64,3.37,0.00,660
57.972,16.63,0.13,1.04,0.76,3.41,0.30,661
57.988,16.75,0.13,1.03,0.64,3.41,0.00,660
58.005,16.57,0.11,0.79,0.60,3.40,0.21,661
58.022,16.67,0.10,0.79,0.53,3.40,0.00,660
58.038,16.69,0.10,0.77,0.62,3.41,0.21,658
58.055,16.66,0.16,1.18,0.68,3.41,0.00,665
58.072,16.74,0.13,1.11,1.15,3.45,0.65,668
58.088,16.59,0.15,1.11,0.68,3.46,0.00,670
58.105,16.67,0.14,1.12,0.80,3.49,0.30,669
58.122,16.68,0.14,1.12,0.69,3.50,0.00,670
58.138,16.65,0.15,1.10,0.79,3.52,0.30,672
58.155,16.67,0.15,1.12,0.66,3.54,0.00,670
58.172,16.67,0.14,1.11,0.79,3.54,0.30,669
58.188,16.70,0.12,1.08,0.65,3.54,0.00,668
58.205,16.63,0.12,1.12,0.78,3.56,0.30,668
58.222,16.67,0.11,0.85,0.55,3.56,0.00,668
58.238,16.66,0.09,0.88,0.61,3.57,0.23,667
58.255,16.81,0.09,0.82,0.54,3.59,0.00,672
58.272,16.52,0.09,0.83,0.60,3.59,0.21,668
58.288,16.69,0.14,1.12,0.70,3.60,0.00,668
58.305,16.66,0.14,1.11,0.78,3.60,0.29,669
58.322,16.70,0.12,1.13,0.66,3.60,0.00,670
58.338,16.63,0.14,1.10,0.80,3.64,0.30,669
58.355,16.67,0.14,1.12,0.70,3.63,0.00,670
58.372,16.66,0.13,1.01,0.78,3.63,0.30,669
58.388,16.68,0.13,1.04,0.67,3.64,0.00,673
58.405,16.66,0.27,1.17,0.81,3.65,0.28,702
58.422,16.66,0.14,1.18,0.70,3.82,0.00,710
58.438,16.68,0.14,1.19,0.80,3.94,0.28,710
58.455,16.66,0.12,1.17,0.66,3.92,0.00,708
58.472,16.86,0.13,0.89,0.69,3.92,0.22,707
58.488,16.46,0.12,0.91,0.55,3.91,0.00,708
58.505,16.68,0.10,0.90,0.63,3.90,0.21,707
58.522,16.66,0.11,0.90,0.54,3.91,0.00,706
58.538,16.68,0.09,0.88,0.66,3.91,0.21,706
58.555,16.65,0.10,0.90,0.53,3.90,0.00,705
58.572,16.66,0.09,0.85,0.65,3.89,0.22,705
58.588,16.68,0.11,0.87,0.57,3.88,0.00,705
58.605,16.67,0.09,0.88,0.61,3.88,0.21,705
58.622,16.69,0.10,0.88,0.53,3.88,0.00,702
58.638,16.65,0.09,0.87,0.60,3.88,0.22,701
58.655,16.71,0.10,0.88,0.58,3.85,0.00,699
58.672,16.64,0.13,1.17,0.78,3.85,0.29,697
58.688,16.67,0.14,1.14,0.70,3.84,0.00,694
58.705,16.69,0.12,1.14,0.85,3.86,0.29,693
58.722,16.65,0.14,1.13,0.73,3.84,0.00,695
58.738,16.66,0.13,1.14,0.86,3.83,0.30,694
58.755,16.67,0.13,1.15,0.71,3.82,0.00,693
58.772,16.67,0.14,1.14,0.83,3.81,0.30,692
58.788,16.67,0.14,1.15,0.71,3.79,0.00,692
58.805,16.68,0.12,1.13,0.92,3.82,0.30,692
58.822,16.65,0.13,1.09,0.69,3.40,0.00,691
58.838,16.67,0.13,1.11,0.82,3.41,0.29,690
58.855,16.69,0.12,1.11,0.71,3.39,0.00,689
58.872,16.64,0.17,1.46,0.99,3.40,0.48,745
58.888,16.68,0.15,1.50,0.67,4.30,0.00,746
58.905,16.66,0.14,1.44,0.73,4.31,0.28,744
58.922,16.67,0.15,1.45,0.63,4.28,0.00,735
58.938,16.67,0.14,1.42,0.73,4.28,0.28,732
58.955,16.67,0.15,1.48,0.62,4.26,0.00,732
58.972,16.74,0.13,1.44,0.73,4.26,0.29,731
58.988,16.59,0.15,1.47,0.63,4.27,0.00,730
59.005,16.67,0.15,1.45,0.73,4.27,0.29,732
59.022,16.66,0.14,1.46,0.60,4.27,0.00,731
59.038,16.68,0.13,1.42,0.71,4.28,0.28,731
59.055,16.66,0.15,1.46,0.62,4.26,0.00,734
59.072,16.67,0.14,1.42,0.70,4.30,0.28,734
59.088,16.66,0.15,1.44,0.61,4.29,0.00,733
59.105,16.67,0.14,1.44,0.70,4.30,0.27,730
59.122,16.69,0.14,1.48,0.64,4.28,0.00,725
59.138,16.65,0.15,1.44,0.67,4.28,0.26,727
59.155,16.66,0.15,1.47,0.61,4.37,0.00,726
59.172,16.67,0.14,1.43,0.67,4.36,0.23,723
59.188,16.66,0.15,1.45,0.58,4.37,0.00,723
59.205,16.69,0.14,1.47,0.71,4.40,0.22,722
59.222,16.67,0.16,1.49,0.67,4.39,0.00,723
59.238,16.66,0.14,1.44,0.72,4.37,0.26,720
59.255,16.67,0.15,1.47,0.67,4.37,0.00,720
59.272,16.66,0.14,1.21,0.72,4.37,0.28,718
59.288,16.66,0.14,1.24,0.62,3.78,0.00,715
59.305,16.69,0.12,1.21,0.73,3.81,0.28,712
59.322,16.67,0.20,1.54,0.61,3.78,0.00,732
59.338,16.65,0.16,1.47,1.09,3.85,0.64,734
59.355,16.68,0.17,1.45,0.61,3.85,0.00,736
59.372,16.66,0.17,1.46,0.73,3.89,0.29,734
59.388,16.66,0.16,1.49,0.60,3.86,0.00,737
59.405,16.67,0.16,1.47,0.70,3.90,0.29,740
59.422,16.67,0.17,1.49,0.61,3.92,0.00,737
59.438,16.68,0.14,1.46,0.70,3.93,0.28,737
59.455,16.65,0.16,1.50,0.62,3.91,0.00,737
59.472,16.67,0.16,1.49,0.74,3.92,0.29,735
59.488,16.67,0.17,1.49,0.59,3.90,0.00,736
59.505,16.67,0.16,1.49,0.73,3.96,0.28,735
59.522,16.66,0.16,1.50,0.60,3.93,0.00,733
59.538,16.67,0.15,1.52,0.71,3.95,0.28,734
59.555,16.67,0.16,1.50,0.61,3.94,0.00,734
59.572,16.67,0.16,1.46,0.72,3.59,0.29,736
59.588,16.66,0.16,1.48,0.58,3.62,0.00,737
59.605,16.69,0.14,1.47,0.70,3.64,0.29,738
59.622,16.66,0.16,1.49,0.60,3.63,0.00,737
59.638,16.66,0.16,1.48,0.71,3.64,0.28,738
59.655,16.68,0.16,1.51,0.60,3.64,0.00,738
59.672,16.66,0.15,1.47,0.71,3.65,0.29,740
59.688,16.67,0.18,1.51,0.61,3.67,0.00,737
59.705,16.73,0.14,1.49,0.72,3.69,0.28,737
59.722,16.61,0.15,1.49,0.61,3.68,0.00,738
59.738,16.66,0.15,1.48,0.70,3.70,0.28,736
59.755,16.68,0.15,1.50,0.63,3.69,0.00,739
59.772,16.66,0.15,1.49,0.72,3.74,0.28,738
59.788,16.65,0.15,1.49,0.61,3.74,0.00,739
59.805,16.68,0.15,1.47,0.70,3.76,0.28,740
59.822,16.76,0.14,1.49,0.58,3.75,0.00,739
59.838,16.59,0.14,1.46,0.69,3.77,0.28,742
59.855,16.67,0.16,1.48,0.59,3.79,0.00,742
59.872,16.67,0.14,1.46,0.70,3.81,0.29,742
59.889,16.68,0.17,1.47,0.62,3.80,0.00,743
59.905,16.64,0.13,1.48,0.72,3.81,0.28,741
59.922,16.66,0.12,1.48,0.60,3.82,0.00,741
59.939,16.75,0.12,1.48,0.72,3.87,0.29,742
59.955,16.58,0.13,1.48,0.59,3.86,0.00,742
59.972,16.67,0.13,1.45,0.73,3.86,0.28,742
59.988,16.68,0.14,1.50,0.65,3.86,0.00,742
60.005,16.66,0.13,1.46,0.73,3.87,0.28,742
60.022,16.67,0.13,1.43,0.61,3.86,0.00,742
60.038,16.67,0.13,1.40,0.71,3.90,0.28,743
60.055,16.67,0.13,1.40,0.60,3.88,0.00,742
60.072,16.70,0.11,1.40,0.71,3.89,0.28,740
60.089,16.66,0.12,1.41,0.66,3.87,0.00,739
60.105,16.69,0.14,1.42,0.75,3.86,0.26,739
60.122,16.67,0.13,1.43,0.68,3.93,0.00,738
60.138,16.63,0.12,1.40,0.71,3.95,0.24,739
60.155,16.68,0.13,1.39,0.59,3.94,0.00,739
60.172,16.68,0.11,1.41,0.64,3.94,0.21,736
60.188,16.64,0.13,1.40,0.60,3.93,0.00,736
60.205,16.67,0.12,1.38,0.70,3.93,0.26,735
60.222,16.68,0.13,1.40,0.61,3.92,0.00,734
60.239,16.66,0.11,1.35,0.71,3.91,0.28,733
60.255,16.67,0.13,1.39,0.62,3.90,0.00,729
60.272,16.67,0.12,1.36,0.70,3.89,0.29,727
60.289,16.66,0.13,1.40,0.62,3.91,0.00,728
60.305,16.68,0.12,1.38,0.71,3.91,0.29,728
60.322,16.66,0.12,1.39,0.60,3.89,0.00,728
60.339,16.67,0.12,1.37,0.72,3.88,0.28,723
60.355,16.68,0.13,1.38,0.57,3.86,0.00,722
60.372,16.76,0.10,0.96,0.60,3.86,0.21,720
60.389,16.57,0.13,1.32,0.64,3.44,0.00,720
60.405,16.67,0.27,1.37,0.78,3.44,0.29,735
60.422,16.69,0.13,1.38,0.63,3.53,0.00,744
60.439,16.63,0.13,1.33,0.72,3.66,0.28,744
60.455,16.67,0.14,1.39,0.64,3.64,0.00,742
60.472,16.67,0.14,1.36,0.80,3.66,0.29,742
60.489,16.67,0.13,1.35,0.63,3.65,0.00,741
60.505,16.66,0.12,1.34,0.76,3.65,0.28,741
60.522,16.68,0.13,1.36,0.64,3.64,0.00,740
60.539,16.66,0.13,1.35,0.73,3.64,0.28,738
60.555,16.67,0.13,1.34,0.63,3.65,0.00,738
60.572,16.67,0.12,1.48,0.76,3.64,0.30,736
60.589,16.68,0.13,1.35,0.63,3.63,0.00,736
60.605,16.66,0.12,1.33,0.74,3.63,0.29,736
60.622,16.67,0.14,1.38,0.65,3.61,0.00,734
60.639,16.66,0.12,1.32,0.75,3.62,0.28,734
60.655,16.67,0.12,1.32,0.59,3.61,0.00,734
60.672,16.68,0.12,1.30,0.72,3.60,0.29,734
60.689,16.66,0.13,1.33,0.62,3.58,0.00,733
60.705,16.67,0.13,1.33,0.74,3.59,0.28,732
60.722,16.67,0.13,1.33,0.64,3.57,0.00,731
60.739,16.66,0.12,1.31,0.73,3.58,0.29,730
60.755,16.68,0.13,1.31,0.63,3.56,0.00,729
60.772,16.66,0.13,1.30,0.74,3.55,0.29,724
60.789,16.67,0.13,1.31,0.63,3.54,0.00,721
60.805,16.67,0.11,1.27,0.73,3.53,0.29,719
60.822,16.75,0.11,1.32,0.64,3.52,0.00,715
60.839,16.59,0.12,0.98,0.75,3.09,0.30,701
60.855,16.70,0.12,0.99,0.64,3.06,0.00,701
60.872,16.64,0.13,0.97,0.76,3.05,0.29,699
60.889,16.67,0.14,1.00,0.63,3.04,0.00,697
60.905,16.67,0.12,0.97,0.73,3.07,0.30,696
60.922,16.67,0.13,0.95,0.61,3.05,0.00,696
60.939,16.66,0.13,0.94,0.78,3.04,0.30,695
60.955,16.67,0.13,0.94,0.67,3.03,0.00,690
60.972,16.68,0.13,0.94,0.79,3.02,0.30,689
60.989,16.71,0.13,0.75,0.56,3.00,0.00,688
61.005,16.63,0.13,0.95,0.84,3.01,0.29,684
61.022,16.67,0.13,0.95,0.63,2.98,0.00,664
61.039,16.66,0.11,0.90,0.72,2.96,0.29,657
61.055,16.67,0.13,0.92,0.62,2.92,0.00,656
61.072,16.67,0.11,0.94,0.73,2.93,0.30,654
61.089,16.66,0.13,0.93,0.62,2.91,0.00,651
61.105,16.68,0.12,0.91,0.71,2.90,0.28,648
61.122,16.67,0.13,0.94,0.64,2.88,0.00,644
61.139,16.65,0.12,0.92,0.73,2.87,0.30,641
61.155,16.67,0.13,0.94,0.63,2.85,0.00,638
61.172,16.68,0.10,0.91,0.72,2.86,0.29,633
61.189,16.67,0.12,0.93,0.62,2.84,0.00,631
61.205,16.66,0.10,0.90,0.72,2.83,0.30,625
61.222,16.67,0.13,0.93,0.63,2.79,0.00,621
61.239,16.67,0.17,1.15,0.91,2.80,0.47,677
61.255,16.68,0.18,1.17,0.61,3.65,0.00,674
61.272,16.65,0.16,1.16,0.74,3.64,0.30,667
61.289,16.67,0.16,0.88,0.62,3.60,0.00,637
61.305,16.68,0.16,0.85,0.70,3.58,0.28,633
61.322,16.66,0.17,0.88,0.62,3.57,0.00,631
61.339,16.71,0.17,0.91,0.78,3.57,0.29,631
61.355,16.64,0.17,0.91,0.62,3.58,0.00,632
61.372,16.66,0.16,0.90,0.74,3.61,0.29,654
61.389,16.71,0.18,0.93,0.66,3.63,0.00,653
61.405,16.64,0.16,0.90,0.72,3.65,0.29,654
61.422,16.67,0.18,0.92,0.61,3.65,0.00,653
61.439,16.68,0.15,0.88,0.71,3.67,0.30,655
61.455,16.65,0.18,0.91,0.63,3.66,0.00,654
61.472,16.66,0.16,0.90,0.74,3.67,0.30,650
61.489,16.67,0.17,0.91,0.61,3.64,0.00,649
61.505,16.76,0.16,0.93,0.78,3.64,0.30,652
61.522,16.59,0.17,0.89,0.62,3.65,0.00,652
61.539,16.67,0.14,0.91,0.73,3.65,0.30,652
61.555,16.65,0.16,0.89,0.59,3.64,0.00,655
61.572,16.67,0.15,0.88,0.73,3.64,0.28,652
61.589,16.67,0.14,0.88,0.59,3.62,0.00,649
61.605,16.68,0.12,0.87,0.69,3.66,0.28,647
61.622,16.66,0.14,0.93,0.64,3.64,0.00,644
61.639,16.67,0.12,0.88,0.73,3.64,0.29,644
61.655,16.67,0.14,0.89,0.60,3.04,0.00,643
61.672,16.66,0.13,0.88,0.72,3.04,0.28,642
61.689,16.69,0.14,0.90,0.67,3.03,0.00,643
61.705,16.66,0.13,0.87,0.72,3.06,0.29,642
61.722,16.67,0.13,0.91,0.63,3.05,0.00,640
61.739,16.67,0.12,0.87,0.70,3.05,0.29,634
61.755,16.65,0.13,0.96,0.62,3.03,0.00,634
61.772,16.68,0.14,0.89,0.77,3.03,0.30,635
61.789,16.74,0.12,0.87,0.63,3.06,0.00,635
61.805,16.59,0.14,0.89,0.75,3.04,0.29,635
61.822,16.69,0.11,0.89,0.61,3.03,0.00,637
61.839,16.63,0.13,0.86,0.70,3.04,0.29,635
61.855,16.68,0.14,0.90,0.62,3.02,0.00,637
61.872,16.66,0.12,0.88,0.71,3.07,0.28,635
61.889,16.76,0.11,0.90,0.61,3.04,0.00,636
61.905,16.57,0.12,0.86,0.71,3.05,0.29,635
61.922,16.67,0.13,0.90,0.61,3.03,0.00,633
61.939,16.67,0.12,0.87,0.71,3.03,0.29,632
61.955,16.66,0.14,0.90,0.62,3.05,0.00,632
61.972,16.75,0.11,0.88,0.73,3.05,0.30,633
61.989,16.59,0.13,0.90,0.63,3.03,0.00,632
62.005,16.67,0.12,0.85,0.73,3.04,0.31,630
62.022,16.69,0.13,0.88,0.62,3.01,0.00,631
62.039,16.65,0.12,0.88,0.73,3.01,0.28,633
62.055,16.67,0.13,0.88,0.61,3.03,0.00,633
62.072,16.66,0.12,0.86,0.71,3.04,0.28,634
62.089,16.67,0.13,0.88,0.62,3.02,0.00,634
62.105,16.68,0.11,0.88,0.71,3.01,0.29,637
62.122,16.65,0.13,0.88,0.60,2.99,0.00,639
62.139,16.67,0.12,0.86,0.74,3.03,0.29,634
62.155,16.66,0.13,0.87,0.61,3.01,0.00,635
62.172,16.67,0.12,0.87,0.72,3.01,0.28,636
62.189,16.67,0.12,0.88,0.62,2.99,0.00,636
62.205,16.67,0.12,0.86,0.70,2.99,0.28,637
62.222,16.67,0.11,0.88,0.63,3.01,0.00,635
62.239,16.69,0.10,0.84,0.70,3.00,0.29,636
62.255,16.64,0.13,0.87,0.62,2.99,0.00,638
62.272,16.67,0.13,0.85,0.74,2.99,0.29,636
62.289,16.67,0.13,0.88,0.61,2.97,0.00,637
62.305,16.67,0.12,0.84,0.71,3.00,0.29,634
62.322,16.67,0.12,0.88,0.61,2.98,0.00,630
62.339,16.67,0.11,0.88,0.72,2.98,0.30,633
62.355,16.66,0.13,0.87,0.59,2.97,0.00,630
62.372,16.68,0.11,0.82,0.70,2.96,0.30,629
62.389,16.68,0.13,0.84,0.63,2.94,0.00,632
62.405,16.65,0.26,0.95,0.72,2.98,0.29,701
62.422,16.68,0.12,1.04,0.69,3.21,0.00,716
62.439,16.65,0.11,0.96,0.74,3.37,0.30,714
62.455,16.68,0.13,0.98,0.62,3.36,0.00,713
62.472,16.78,0.11,0.94,0.72,3.37,0.28,712
62.489,16.54,0.13,0.99,0.62,3.38,0.00,712
62.505,16.67,0.14,0.98,0.78,3.39,0.30,712
62.522,16.68,0.11,0.97,0.69,3.37,0.00,711
62.539,16.70,0.14,0.99,0.79,3.37,0.30,707
62.555,16.64,0.13,0.99,0.63,3.35,0.00,706
62.572,16.67,0.12,0.97,0.79,3.37,0.29,705
62.589,16.68,0.14,1.00,0.66,3.36,0.00,704
62.605,16.67,0.12,1.01,0.79,3.37,0.30,703
62.622,16.69,0.11,0.98,0.61,3.35,0.00,701
62.639,16.62,0.12,0.96,0.74,3.36,0.30,699
62.655,16.67,0.13,0.97,0.63,3.35,0.00,696
62.672,16.67,0.12,0.90,0.75,3.35,0.30,691
62.689,16.68,0.13,0.96,0.67,3.33,0.00,690
62.705,16.68,0.11,0.93,0.76,3.33,0.29,686
62.722,16.64,0.12,0.96,0.62,3.31,0.00,682
62.739,16.67,0.13,0.89,0.73,3.30,0.28,679
62.755,16.67,0.13,0.93,0.64,3.04,0.00,679
62.772,16.66,0.12,0.90,0.75,3.03,0.28,677
62.789,16.67,0.12,0.92,0.62,3.01,0.00,675
62.805,16.67,0.10,0.88,0.71,3.02,0.30,673
62.822,16.75,0.11,0.91,0.59,2.99,0.00,673
62.839,16.59,0.12,0.90,0.73,3.01,0.29,673
62.855,16.67,0.11,0.91,0.61,2.98,0.00,674
62.872,16.66,0.12,0.87,0.70,2.99,0.28,675
62.889,16.67,0.13,0.89,0.59,2.96,0.00,673
62.905,16.67,0.11,0.91,0.72,2.96,0.29,672
62.922,16.68,0.12,0.91,0.63,2.95,0.00,672
62.939,16.67,0.11,0.90,0.71,2.96,0.29,671
62.955,16.65,0.13,0.91,0.60,2.92,0.00,670
62.972,16.68,0.12,0.90,0.73,2.91,0.30,667
62.989,16.67,0.13,0.92,0.65,2.90,0.00,667
63.005,16.66,0.13,0.88,0.72,2.90,0.28,665
63.022,16.68,0.13,0.91,0.62,2.89,0.00,661
63.039,16.67,0.11,0.91,0.75,2.88,0.30,661
63.055,16.66,0.13,0.91,0.63,2.87,0.00,659
63.072,16.67,0.12,0.89,0.71,2.86,0.29,657
63.089,16.66,0.13,0.91,0.61,2.85,0.00,656
63.105,16.68,0.11,0.90,0.71,2.87,0.30,653
63.122,16.65,0.12,0.91,0.61,2.84,0.00,653
63.139,16.69,0.10,0.90,0.71,2.84,0.28,652
63.155,16.67,0.13,0.93,0.62,2.83,0.00,647
63.172,16.66,0.12,0.89,0.73,2.82,0.30,646
63.189,16.65,0.13,0.92,0.63,2.83,0.00,644
63.205,16.67,0.12,0.71,0.72,2.83,0.28,641
63.222,16.66,0.12,0.72,0.57,2.81,0.00,640
63.239,16.68,0.12,0.72,0.72,2.82,0.28,637
63.255,16.68,0.13,0.72,0.62,2.79,0.00,635
63.272,16.65,0.12,0.73,0.76,2.81,0.28,634
63.289,16.67,0.13,0.73,0.63,2.81,0.00,632
63.305,16.67,0.11,0.71,0.70,2.81,0.29,633
63.322,16.72,0.11,0.74,0.64,2.79,0.00,632
63.339,16.62,0.13,0.73,0.77,2.79,0.28,628
63.355,16.67,0.12,0.73,0.65,2.78,0.00,628
63.372,16.67,0.10,0.73,0.79,2.80,0.28,627
63.389,16.67,0.11,0.75,0.62,2.79,0.00,626
63.405,16.66,0.11,0.73,0.72,2.80,0.29,624
63.422,16.69,0.12,0.75,0.63,2.79,0.00,624
63.439,16.66,0.10,0.73,0.71,2.81,0.28,622
63.455,16.65,0.13,0.73,0.59,2.81,0.00,622
63.472,16.67,0.12,0.72,0.72,2.81,0.28,621
63.489,16.69,0.10,0.74,0.63,2.81,0.00,619
63.505,16.66,0.10,0.73,0.74,2.81,0.28,618
63.522,16.66,0.15,1.06,0.62,2.80,0.00,665
63.539,16.66,0.12,1.04,0.90,3.67,0.49,665
63.555,16.67,0.14,1.07,0.61,3.65,0.00,666
63.572,16.67,0.14,1.07,0.75,3.66,0.30,665
63.589,16.69,0.15,1.08,0.64,3.65,0.00,659
63.605,16.66,0.12,1.05,0.70,3.65,0.29,658
63.622,16.66,0.14,1.06,0.62,3.65,0.00,657
63.639,16.68,0.11,1.04,0.69,3.65,0.29,653
63.655,16.66,0.15,1.09,0.58,3.64,0.00,650
63.672,16.68,0.14,1.10,0.77,3.64,0.30,647
63.689,16.65,0.14,1.08,0.61,3.63,0.00,644
63.705,16.68,0.13,1.06,0.71,3.67,0.29,644
63.722,16.67,0.15,1.10,0.62,3.66,0.00,641
63.739,16.74,0.13,1.08,0.74,3.66,0.28,641
63.755,16.58,0.14,1.10,0.62,3.65,0.00,640
63.772,16.67,0.13,1.09,0.76,3.65,0.30,638
63.789,16.67,0.14,1.11,0.62,3.67,0.00,636
63.805,16.66,0.13,1.08,0.74,3.68,0.30,636
63.822,16.75,0.12,1.10,0.64,3.66,0.00,639
63.839,16.60,0.12,1.08,0.73,3.68,0.30,638
63.855,16.67,0.12,1.09,0.61,3.66,0.00,638
63.872,16.65,0.13,1.09,0.72,3.69,0.30,641
63.889,16.68,0.12,1.09,0.58,3.68,0.00,640
63.905,16.66,0.13,1.06,0.71,3.67,0.30,639
63.922,16.66,0.13,1.09,0.61,3.68,0.00,638
63.939,16.68,0.13,1.06,0.71,3.10,0.29,639
63.955,16.66,0.13,1.09,0.57,3.17,0.00,638
63.972,16.68,0.11,1.06,0.70,3.17,0.30,637
63.989,16.66,0.13,1.11,0.64,3.18,0.00,662
64.005,16.66,0.11,1.07,0.72,3.24,0.30,664
64.022,16.68,0.13,1.10,0.62,3.22,0.00,665
64.039,16.65,0.11,1.06,0.73,3.23,0.30,665
64.055,16.66,0.13,1.09,0.62,3.23,0.00,666
64.072,16.68,0.12,1.09,0.73,3.24,0.28,668
64.089,16.67,0.14,1.11,0.65,3.24,0.00,668
64.106,16.66,0.12,1.08,0.72,3.24,0.30,670
64.122,16.71,0.12,1.11,0.66,3.27,0.00,669
64.139,16.64,0.13,1.18,0.74,3.29,0.30,668
64.156,16.66,0.13,1.09,0.62,3.28,0.00,668
64.172,16.68,0.10,1.06,0.71,3.29,0.29,670
64.189,16.65,0.13,1.08,0.63,3.28,0.00,673
64.206,16.68,0.10,1.06,0.72,3.34,0.30,673
64.222,16.66,0.13,1.09,0.62,3.33,0.00,673
64.239,16.68,0.13,1.13,0.78,3.35,0.29,673
64.256,16.66,0.13,1.08,0.64,3.34,0.00,675
64.272,16.70,0.11,1.08,0.77,3.35,0.30,674
64.289,16.67,0.11,1.09,0.65,3.37,0.00,675
64.306,16.64,0.11,1.05,0.71,3.38,0.30,674
64.322,16.67,0.12,1.08,0.61,3.37,0.00,673
64.339,16.67,0.12,1.06,0.72,3.38,0.29,672
64.356,16.66,0.13,1.07,0.58,3.37,0.00,673
64.372,16.68,0.10,0.95,0.70,3.43,0.29,673
64.389,16.65,0.13,0.97,0.60,3.41,0.00,671
64.406,16.67,0.25,1.10,0.74,3.42,0.29,704
64.422,16.66,0.13,1.11,0.61,3.53,0.00,710
64.439,16.67,0.13,1.08,0.71,3.59,0.29,709
64.456,16.66,0.13,1.09,0.61,3.60,0.00,709
64.472,16.67,0.12,1.07,0.72,3.60,0.29,709
64.489,16.67,0.12,1.08,0.60,3.57,0.00,706
64.506,16.67,0.12,1.10,0.72,3.57,0.30,704
64.522,16.69,0.14,1.15,0.71,3.56,0.00,703
64.539,16.70,0.12,1.16,0.80,3.57,0.31,700
64.556,16.63,0.16,1.10,0.66,3.56,0.00,700
64.572,16.68,0.12,1.12,0.80,3.55,0.30,698
64.589,16.70,0.12,1.12,0.65,3.53,0.00,698
64.606,16.62,0.13,1.09,0.75,3.52,0.28,699
64.622,16.68,0.12,1.08,0.63,3.53,0.00,698
64.639,16.68,0.14,1.11,0.79,3.52,0.30,696
64.656,16.64,0.13,1.10,0.63,3.50,0.00,696
64.672,16.67,0.13,1.09,0.79,3.51,0.30,696
64.689,16.67,0.18,1.40,0.62,3.47,0.00,749
64.706,16.68,0.17,1.39,0.95,4.38,0.47,748
64.722,16.65,0.18,1.39,0.61,4.35,0.00,747
64.739,16.68,0.16,1.37,0.73,4.35,0.29,749
64.756,16.67,0.16,1.42,0.67,4.33,0.00,746
64.772,16.68,0.18,1.48,0.76,4.32,0.29,744
64.789,16.64,0.18,1.38,0.63,4.28,0.00,744
64.806,16.68,0.17,1.38,0.71,4.30,0.28,744
64.822,16.75,0.16,1.42,0.62,4.28,0.00,745
64.839,16.59,0.16,1.42,0.72,4.30,0.28,743
64.856,16.67,0.18,1.42,0.61,4.28,0.00,739
64.872,16.66,0.17,1.39,0.70,4.33,0.28,736
64.889,16.66,0.15,1.43,0.63,4.30,0.00,733
64.906,16.67,0.14,1.40,0.72,4.32,0.28,731
64.922,16.66,0.14,1.41,0.60,4.28,0.00,723
64.939,16.77,0.15,1.41,0.69,4.29,0.26,723
64.956,16.57,0.15,1.41,0.60,4.32,0.00,721
64.972,16.67,0.13,1.39,0.66,4.32,0.24,722
64.989,16.70,0.14,1.41,0.66,4.31,0.00,712
65.006,16.64,0.13,1.39,0.64,4.28,0.22,712
65.022,16.67,0.14,1.40,0.63,4.26,0.00,710
65.039,16.66,0.14,1.37,0.70,3.83,0.26,711
65.056,16.67,0.14,1.40,0.61,3.81,0.00,712
65.072,16.67,0.13,1.39,0.70,3.82,0.28,711
65.089,16.67,0.14,1.41,0.63,3.81,0.00,711
65.106,16.66,0.15,1.39,0.73,3.24,0.29,710
65.122,16.67,0.15,1.41,0.62,3.24,0.00,709
65.139,16.67,0.13,1.38,0.71,3.25,0.28,709
65.156,16.66,0.13,1.39,0.59,3.24,0.00,709
65.172,16.70,0.12,1.37,0.71,3.23,0.28,707
65.189,16.65,0.15,1.40,0.64,3.23,0.00,705
65.206,16.66,0.13,1.39,0.72,3.26,0.28,702
65.222,16.66,0.13,1.40,0.62,3.25,0.00,702
65.239,16.68,0.13,1.39,0.74,3.25,0.29,698
65.256,16.67,0.13,1.40,0.59,3.23,0.00,696
65.272,16.68,0.16,1.61,1.11,3.24,0.67,713
65.289,16.65,0.18,1.53,0.64,3.26,0.00,712
65.306,16.67,0.14,1.49,0.71,3.28,0.28,711
65.322,16.67,0.17,1.52,0.62,3.28,0.00,712
65.339,16.66,0.15,1.50,0.70,3.31,0.28,710
65.356,16.68,0.14,1.54,0.62,3.30,0.00,704
65.372,16.66,0.12,1.52,0.71,3.35,0.28,703
65.389,16.65,0.13,1.52,0.60,3.34,0.00,703
65.406,16.67,0.13,1.51,0.71,3.35,0.28,702
65.422,16.67,0.13,1.53,0.59,3.35,0.00,697
65.439,16.67,0.13,1.52,0.70,3.35,0.28,696
65.456,16.66,0.13,1.49,0.63,3.38,0.00,695
65.472,16.67,0.14,1.48,0.74,3.39,0.28,689
65.489,16.67,0.13,1.23,0.62,3.37,0.00,678
65.506,16.66,0.14,1.21,0.72,3.39,0.29,679
65.522,16.68,0.14,1.22,0.61,3.37,0.00,677
65.539,16.67,0.12,1.26,0.74,3.42,0.29,676
65.556,16.67,0.13,1.24,0.63,3.41,0.00,676
65.572,16.66,0.13,1.21,0.72,3.42,0.29,675
65.589,16.67,0.13,1.22,0.59,3.41,0.00,676
65.606,16.75,0.12,1.24,0.74,3.43,0.28,675
65.622,16.61,0.12,1.23,0.65,3.44,0.00,677
65.639,16.66,0.14,1.21,0.72,3.45,0.29,678
65.656,16.66,0.13,1.24,0.63,3.44,0.00,682
65.672,16.67,0.12,1.21,0.71,3.45,0.28,682
65.689,16.66,0.14,1.23,0.61,3.43,0.00,682
65.706,16.68,0.13,1.22,0.83,3.47,0.29,683
65.722,16.65,0.13,1.22,0.65,3.47,0.00,684
65.739,16.69,0.12,1.22,0.78,3.48,0.28,684
65.756,16.65,0.13,1.22,0.67,3.48,0.00,685
65.772,16.67,0.13,1.20,0.76,3.49,0.29,691
65.789,16.66,0.13,1.21,0.65,3.51,0.00,690
65.806,16.68,0.11,1.22,0.74,3.52,0.28,692
65.822,16.74,0.11,1.22,0.66,3.50,0.00,691
65.839,16.61,0.11,1.21,0.75,3.52,0.27,690
65.856,16.66,0.13,1.20,0.65,3.50,0.00,691
65.872,16.66,0.12,1.20,0.72,3.55,0.25,691
65.889,16.66,0.13,1.19,0.65,3.55,0.00,694
65.906,16.68,0.11,1.25,0.63,3.56,0.23,696
65.922,16.68,0.12,1.25,0.62,3.56,0.00,697
65.939,16.66,0.12,1.23,0.69,3.58,0.24,697
65.956,16.66,0.13,1.24,0.61,3.59,0.00,696
65.972,16.68,0.11,1.21,0.69,3.60,0.27,700
65.989,16.75,0.12,1.26,0.63,3.59,0.00,702
66.006,16.58,0.12,1.24,0.73,3.60,0.28,701
66.022,16.66,0.13,1.23,0.61,3.59,0.00,703
66.039,16.67,0.12,1.24,0.75,3.63,0.28,702
66.056,16.67,0.14,1.22,0.61,3.61,0.00,703
66.072,16.67,0.12,1.23,0.73,3.62,0.28,705
66.089,16.66,0.13,1.24,0.61,3.61,0.00,701
66.106,16.68,0.11,1.23,0.73,3.61,0.28,697
66.122,16.66,0.12,1.22,0.62,3.63,0.00,696
66.139,16.66,0.12,1.20,0.77,3.64,0.28,693
66.156,16.67,0.13,1.18,0.65,3.62,0.00,687
66.172,16.79,0.11,1.19,0.71,3.63,0.29,681
66.189,16.55,0.13,1.18,0.66,3.60,0.00,678
66.206,16.67,0.12,1.15,0.71,3.28,0.29,676
66.222,16.66,0.12,1.16,0.59,3.26,0.00,676
66.239,16.67,0.12,1.14,0.70,3.27,0.28,675
66.256,16.67,0.14,1.17,0.62,3.24,0.00,678
66.272,16.66,0.12,1.14,0.70,3.25,0.28,682
66.289,16.68,0.12,1.17,0.62,3.27,0.00,682
66.306,16.66,0.12,1.14,0.71,3.26,0.29,680
66.322,16.68,0.12,1.17,0.61,3.24,0.00,682
66.339,16.65,0.12,1.15,0.69,3.25,0.29,680
66.356,16.68,0.13,1.18,0.61,3.22,0.00,680
66.372,16.65,0.12,1.09,0.74,3.22,0.29,681
66.389,16.67,0.12,1.09,0.60,3.23,0.00,682
66.406,16.68,0.26,1.22,0.72,3.22,0.28,712
66.422,16.67,0.13,1.21,0.61,3.39,0.00,724
66.439,16.66,0.12,1.21,0.71,3.54,0.29,722
66.456,16.66,0.13,1.20,0.59,3.50,0.00,722
66.472,16.69,0.10,1.18,0.70,3.55,0.29,720
66.489,16.66,0.12,1.21,0.61,3.51,0.00,721
66.506,16.65,0.13,1.19,0.73,3.51,0.30,720
66.522,16.67,0.13,1.21,0.63,3.50,0.00,719
66.539,16.67,0.14,1.23,0.79,3.49,0.29,719
66.556,16.68,0.13,1.22,0.67,3.49,0.00,719
66.572,16.66,0.12,1.20,0.73,3.49,0.30,719
66.589,16.66,0.13,1.21,0.59,3.47,0.00,720
66.606,16.68,0.11,1.18,0.72,3.46,0.28,719
66.622,16.67,0.14,1.21,0.66,3.44,0.00,715
66.639,16.65,0.12,1.19,0.74,3.46,0.28,714
66.656,16.67,0.13,0.93,0.63,3.42,0.00,711
66.672,16.66,0.12,0.92,0.73,3.41,0.29,711
66.689,16.67,0.12,0.93,0.63,3.39,0.00,709
66.706,16.69,0.11,0.90,0.72,3.39,0.30,706
66.722,16.64,0.13,0.92,0.63,3.37,0.00,704
66.739,16.70,0.12,0.89,0.81,3.36,0.28,692
66.756,16.64,0.14,0.90,0.71,3.32,0.00,689
66.772,16.67,0.11,0.86,0.78,3.31,0.29,685
66.789,16.66,0.13,0.86,0.64,2.93,0.00,682
66.806,16.66,0.13,0.85,0.75,2.93,0.29,682
66.822,16.67,0.12,0.86,0.61,2.91,0.00,679
66.839,16.67,0.12,0.86,0.72,2.91,0.28,678
66.856,16.68,0.12,0.87,0.61,2.89,0.00,676
66.872,16.67,0.11,0.85,0.72,2.90,0.28,674
66.889,16.65,0.12,0.85,0.59,2.89,0.00,672
66.906,16.67,0.12,0.83,0.71,2.90,0.28,670
66.922,16.66,0.12,0.84,0.59,2.87,0.00,663
66.939,16.70,0.10,0.83,0.70,2.89,0.29,661
66.956,16.65,0.13,0.87,0.64,2.86,0.00,660
66.972,16.66,0.12,0.85,0.70,2.89,0.29,659
66.989,16.66,0.12,0.85,0.60,2.86,0.00,657
67.006,16.67,0.12,0.85,0.72,2.86,0.28,656
67.022,16.67,0.12,0.87,0.62,2.85,0.00,653
67.039,16.66,0.12,0.86,0.75,2.84,0.28,649
67.056,16.67,0.11,0.84,0.60,2.85,0.00,647
67.072,16.67,0.11,0.82,0.68,2.86,0.28,645
67.089,16.67,0.22,0.89,0.63,2.83,0.00,642
67.106,16.66,0.12,0.87,0.74,2.84,0.29,641
67.122,16.68,0.12,0.86,0.60,2.82,0.00,636
67.139,16.66,0.12,0.84,0.71,2.85,0.28,634
67.156,16.66,0.12,0.85,0.60,2.82,0.00,630
67.172,16.67,0.12,0.84,0.71,2.83,0.28,627
67.189,16.68,0.12,0.87,0.62,2.81,0.00,624
67.206,16.66,0.12,0.85,0.72,2.81,0.28,623
67.222,16.66,0.11,0.85,0.61,2.82,0.00,619
67.239,16.67,0.12,0.68,0.71,2.82,0.28,595
67.256,16.68,0.12,0.68,0.62,2.79,0.00,595
67.272,16.66,0.11,0.69,0.72,2.78,0.29,591
67.289,16.66,0.15,0.94,0.64,2.77,0.00,642
67.306,16.67,0.13,0.92,1.49,3.71,1.06,638
67.322,16.66,0.14,0.94,0.59,3.69,0.00,631
67.339,16.67,0.13,0.93,0.70,3.68,0.29,623
67.356,16.68,0.13,0.96,0.63,3.65,0.00,620
67.372,16.67,0.12,0.94,0.70,3.65,0.29,611
67.389,16.65,0.13,0.94,0.60,3.69,0.00,607
67.406,16.68,0.12,0.95,0.70,3.71,0.29,636
67.422,16.67,0.14,0.95,0.64,3.70,0.00,631
67.439,16.66,0.13,0.93,0.71,3.72,0.29,628
67.456,16.66,0.14,0.96,0.61,3.69,0.00,623
67.472,16.68,0.12,0.93,0.72,3.66,0.30,618
67.489,16.66,0.13,0.96,0.62,3.63,0.00,611
67.506,16.67,0.13,0.93,0.73,3.63,0.28,608
67.522,16.68,0.14,0.97,0.63,3.61,0.00,604
67.539,16.66,0.10,0.73,0.61,3.60,0.21,601
67.556,16.70,0.14,0.98,0.65,3.61,0.00,596
67.572,16.62,0.13,0.96,0.74,3.59,0.30,590
67.589,16.67,0.14,0.95,0.65,3.58,0.00,584
67.606,16.66,0.12,0.92,0.73,3.57,0.29,573
67.622,16.67,0.14,0.95,0.61,3.54,0.00,569
67.639,16.67,0.13,0.92,0.72,3.56,0.29,555
67.656,16.66,0.13,0.94,0.59,3.51,0.00,537
67.673,16.70,0.11,0.93,0.71,3.48,0.30,497
67.689,16.65,0.13,0.94,0.61,3.41,0.00,367
67.706,16.67,0.11,0.93,0.70,2.62,0.30,366
67.722,16.66,0.12,0.93,0.62,2.64,0.00,366
67.739,16.68,0.13,0.95,0.75,2.65,0.29,364
67.756,16.67,0.13,0.94,0.63,2.64,0.00,364
67.772,16.67,0.11,0.93,0.72,2.66,0.30,362
67.789,16.67,0.11,0.94,0.62,2.63,0.00,362
67.806,16.65,0.12,0.89,0.68,2.70,0.28,361
67.823,16.73,0.11,0.94,0.61,2.66,0.00,359
67.839,16.61,0.12,0.91,0.71,2.67,0.30,359
67.856,16.67,0.11,0.93,0.60,2.66,0.00,359
67.873,16.67,0.12,0.90,0.73,2.70,0.30,359
67.889,16.66,0.12,0.91,0.59,2.70,0.00,358
67.906,16.67,0.12,0.91,0.68,2.71,0.28,358
67.923,16.68,0.13,0.93,0.63,2.70,0.00,357
67.939,16.65,0.12,0.93,0.72,2.71,0.30,355
67.956,16.67,0.13,0.91,0.60,2.70,0.00,355
67.973,16.75,0.11,0.93,0.72,2.75,0.29,354
67.989,16.57,0.12,0.91,0.61,2.73,0.00,352
68.006,16.68,0.13,0.89,0.72,2.75,0.29,350
68.023,16.66,0.12,0.91,0.58,2.74,0.00,350
68.039,16.69,0.11,0.90,0.73,2.75,0.30,350
68.056,16.66,0.13,0.91,0.62,2.77,0.00,349
68.073,16.66,0.12,0.90,0.72,2.78,0.29,349
68.089,16.66,0.13,0.92,0.63,2.76,0.00,347
68.106,16.67,0.12,0.91,0.71,2.78,0.30,346
68.123,16.67,0.11,0.91,0.59,2.76,0.00,346
68.139,16.66,0.12,0.88,0.69,2.82,0.28,345
68.156,16.66,0.12,0.91,0.59,2.79,0.00,345
68.173,16.67,0.11,0.90,0.70,2.80,0.28,344
68.189,16.66,0.12,0.91,0.61,2.79,0.00,343
68.206,16.69,0.10,0.89,0.70,2.80,0.28,343
68.223,16.65,0.12,0.90,0.59,2.80,0.00,342
68.239,16.67,0.11,0.88,0.68,2.80,0.28,338
68.256,16.66,0.12,0.89,0.59,2.76,0.00,337
68.273,16.67,0.11,0.89,0.69,2.76,0.28,337
68.289,16.68,0.12,0.91,0.61,2.73,0.00,335
68.306,16.66,0.11,0.90,0.73,2.75,0.30,333
68.323,16.66,0.12,0.89,0.58,2.72,0.00,333
68.339,16.68,0.10,0.87,0.68,2.73,0.28,333
68.356,16.65,0.12,0.89,0.58,2.70,0.00,333
68.373,16.70,0.10,0.81,0.73,2.71,0.29,333
68.389,16.64,0.12,0.84,0.64,2.72,0.00,333
68.406,16.68,0.25,0.93,0.76,2.70,0.29,348
68.423,16.81,0.11,0.97,0.63,2.78,0.00,355
68.439,16.51,0.10,0.95,0.74,2.87,0.30,354
68.456,16.68,0.13,0.95,0.61,2.86,0.00,353
68.473,16.66,0.11,0.94,0.71,2.87,0.30,353
68.489,16.66,0.12,0.95,0.61,2.84,0.00,352
68.506,16.67,0.12,0.93,0.73,2.85,0.30,352
68.523,16.68,0.13,0.96,0.63,2.82,0.00,350
68.539,16.66,0.12,0.95,0.78,2.81,0.30,349
68.556,16.66,0.21,0.96,0.62,2.83,0.00,352
68.573,16.67,0.12,0.94,0.87,2.82,0.45,435
68.589,16.75,0.12,0.98,0.67,2.87,0.00,465
68.606,16.62,0.11,0.97,0.73,2.91,0.30,482
68.623,16.65,0.12,0.96,0.60,2.92,0.00,467
68.639,16.65,0.11,0.93,0.72,2.94,0.30,467
68.656,16.66,0.12,0.94,0.58,2.93,0.00,460
68.673,16.67,0.11,0.95,0.69,2.93,0.29,455
68.689,16.70,0.13,0.97,0.60,2.92,0.00,455
68.706,16.66,0.11,0.95,0.73,2.93,0.30,454
68.723,16.64,0.12,0.96,0.62,2.93,0.00,447
68.739,16.67,0.12,0.95,0.70,2.94,0.29,445
68.756,16.67,0.13,0.95,0.62,2.94,0.00,444
68.773,16.67,0.12,0.93,0.71,2.93,0.29,444
68.789,16.67,0.13,0.97,0.60,2.92,0.00,428
68.806,16.68,0.12,0.94,0.76,2.59,0.28,427
68.823,16.71,0.10,0.94,0.59,2.57,0.00,418
68.839,16.63,0.11,0.98,0.76,2.57,0.30,418
68.856,16.66,0.12,0.96,0.63,2.56,0.00,416
68.873,16.65,0.12,0.93,0.71,2.57,0.30,413
68.889,16.67,0.12,0.95,0.63,2.58,0.00,411
68.906,16.66,0.11,0.93,0.71,2.59,0.28,411
68.923,16.68,0.12,0.94,0.65,2.58,0.00,410
68.939,16.68,0.10,0.93,0.71,2.58,0.30,408
68.956,16.66,0.12,0.93,0.60,2.57,0.00,405
68.973,16.67,0.11,0.93,0.70,2.60,0.29,405
68.989,16.67,0.11,0.93,0.60,2.59,0.00,404
69.006,16.66,0.11,0.94,0.75,2.58,0.29,403
69.023,16.67,0.12,0.95,0.62,2.58,0.00,374
69.039,16.67,0.13,1.25,0.89,2.56,0.47,400
69.056,16.68,0.13,1.25,0.62,3.34,0.00,473
69.073,16.68,0.11,1.24,0.73,3.45,0.28,502
69.089,16.65,0.14,1.24,0.61,3.47,0.00,513
69.106,16.68,0.11,1.23,0.71,3.48,0.28,538
69.123,16.67,0.14,1.29,0.63,3.51,0.00,555
69.139,16.68,0.12,1.24,0.73,3.52,0.29,568
69.156,16.65,0.13,1.27,0.60,3.53,0.00,580
69.173,16.67,0.12,1.28,0.69,3.57,0.28,591
69.189,16.66,0.13,1.28,0.61,3.57,0.00,598
69.206,16.68,0.14,1.26,0.70,3.61,0.28,604
69.223,16.67,0.13,1.28,0.59,3.63,0.00,607
69.239,16.66,0.12,1.27,0.69,3.66,0.28,609
69.256,16.66,0.14,1.10,0.63,3.66,0.00,598
69.273,16.68,0.14,1.07,0.74,3.66,0.30,604
69.289,16.67,0.14,1.10,0.64,3.64,0.00,609
69.306,16.70,0.15,1.12,0.81,3.69,0.30,618
69.323,16.64,0.14,1.10,0.67,3.68,0.00,622
69.339,16.66,0.14,1.10,0.78,3.70,0.30,626
69.356,16.67,0.14,1.13,0.67,3.70,0.00,627
69.373,16.66,0.14,1.09,0.76,3.71,0.30,633
69.389,16.68,0.14,1.11,0.67,3.75,0.00,635
69.406,16.69,0.13,1.12,0.81,3.75,0.30,640
69.423,16.69,0.12,1.12,0.66,3.76,0.00,645
69.439,16.69,0.12,1.12,0.78,3.76,0.28,645
69.456,16.64,0.14,1.12,0.66,3.18,0.00,645
69.473,16.64,0.13,1.10,0.81,3.23,0.31,644
69.489,16.69,0.14,1.12,0.66,3.22,0.00,645
69.506,16.67,0.11,1.12,0.78,3.24,0.30,644
69.523,16.64,0.13,1.11,0.66,3.22,0.00,645
69.539,16.66,0.14,1.10,0.77,3.24,0.30,646
69.556,16.69,0.14,1.10,0.64,3.27,0.00,648
69.573,16.68,0.13,1.12,0.79,3.28,0.30,647
69.589,16.64,0.13,1.12,0.66,3.28,0.00,648
69.606,16.67,0.11,1.10,0.79,3.29,0.30,647
69.623,16.76,0.12,1.12,0.68,3.28,0.00,648
69.639,16.59,0.14,1.12,0.81,3.36,0.30,646
69.656,16.70,0.12,1.11,0.65,3.36,0.00,667
69.673,16.62,0.12,1.09,0.76,3.41,0.29,669
69.689,16.69,0.12,1.11,0.69,3.44,0.00,669
69.706,16.67,0.11,1.14,0.78,3.44,0.28,670
69.723,16.71,0.07,0.58,0.41,3.45,0.00,671
69.739,16.62,0.13,1.11,0.82,3.46,0.30,670
69.756,16.69,0.11,1.12,0.66,3.46,0.00,671
69.773,16.77,0.10,0.82,0.61,3.48,0.21,671
69.789,16.55,0.09,0.84,0.52,3.47,0.00,672
69.806,16.67,0.08,0.82,0.68,3.52,0.21,670
69.823,16.68,0.11,1.10,0.63,3.51,0.00,672
69.839,16.70,0.12,1.10,0.81,3.53,0.30,673
69.856,16.64,0.13,1.11,0.67,3.52,0.00,672
69.873,16.64,0.15,1.12,0.84,3.53,0.30,671
69.889,16.68,0.11,1.12,0.68,3.55,0.00,670
69.906,16.67,0.11,1.08,0.82,3.55,0.30,671
69.923,16.72,0.11,1.15,0.66,3.55,0.00,670
69.939,16.68,0.11,1.08,0.88,3.57,0.29,669
69.956,16.59,0.13,1.11,0.68,3.55,0.00,670
69.973,16.67,0.13,1.16,0.80,3.59,0.30,671
69.989,16.68,0.12,1.08,0.67,3.57,0.00,670
70.006,16.66,0.12,1.09,0.78,3.55,0.29,670
70.023,16.69,0.12,1.11,0.72,3.55,0.00,671
70.039,16.64,0.13,1.10,0.81,3.55,0.30,670
70.056,16.70,0.13,1.09,0.67,3.56,0.00,670
70.073,16.65,0.10,1.05,0.77,3.56,0.28,672
70.089,16.70,0.11,1.08,0.66,3.54,0.00,673
70.106,16.64,0.13,1.14,0.85,3.54,0.30,674
70.123,16.67,0.12,1.07,0.66,3.51,0.00,673
70.139,16.67,0.12,1.09,0.80,3.54,0.30,674
70.156,16.68,0.13,1.07,0.65,3.51,0.00,671
70.173,16.65,0.13,1.06,0.78,3.50,0.29,671
70.189,16.67,0.13,1.06,0.65,3.48,0.00,672
70.206,16.66,0.12,1.08,0.76,3.47,0.29,672
70.223,16.75,0.11,1.10,0.75,3.48,0.00,672
70.239,16.58,0.13,1.07,0.79,3.47,0.30,671
70.256,16.68,0.13,1.06,0.66,3.45,0.00,672
70.273,16.65,0.11,1.05,0.74,3.44,0.29,671
70.289,16.68,0.13,1.06,0.64,3.42,0.00,671
70.306,16.70,0.12,1.06,0.79,3.45,0.30,671
70.323,16.67,0.11,1.06,0.64,3.43,0.00,667
70.339,16.62,0.11,1.04,0.79,3.41,0.29,667
70.356,16.68,0.13,1.07,0.71,3.40,0.00,666
70.373,16.65,0.12,0.96,0.76,3.39,0.29,664
70.389,16.67,0.12,0.95,0.66,3.39,0.00,662
70.406,16.68,0.26,1.04,0.76,3.38,0.30,678
70.423,16.71,0.13,1.07,0.71,3.50,0.00,685
70.439,16.63,0.11,1.05,0.74,3.60,0.29,682
70.456,16.66,0.13,1.07,0.66,3.57,0.00,680
70.473,16.71,0.10,1.05,0.78,3.60,0.29,678
70.489,16.66,0.12,1.08,0.69,3.58,0.00,677
70.506,16.65,0.12,1.07,0.79,3.56,0.30,676
70.523,16.68,0.13,1.06,0.65,3.54,0.00,672
70.539,16.63,0.12,1.01,0.75,3.54,0.29,668
70.556,16.68,0.12,1.01,0.63,3.16,0.00,668
70.573,16.67,0.13,1.03,0.81,3.16,0.28,666
70.589,16.69,0.13,1.03,0.66,3.14,0.00,652
70.606,16.63,0.12,1.03,0.79,3.11,0.30,652
70.623,16.68,0.13,1.05,0.72,3.10,0.00,648
70.639,16.65,0.12,1.02,0.77,3.10,0.30,646
70.656,16.67,0.13,1.05,0.65,3.08,0.00,646
70.673,16.67,0.12,1.01,0.75,3.09,0.30,643
70.689,16.67,0.13,1.04,0.69,3.08,0.00,643
70.706,16.68,0.16,1.04,0.85,3.08,0.31,641
70.723,16.68,0.12,1.04,0.67,3.09,0.00,640
70.739,16.64,0.12,1.04,0.78,3.08,0.29,639
70.756,16.81,0.10,1.03,0.67,3.07,0.00,638
70.773,16.55,0.12,1.04,0.79,3.07,0.30,637
70.789,16.67,0.12,1.04,0.68,3.05,0.00,634
70.806,16.64,0.12,1.01,0.76,3.08,0.29,634
70.823,16.75,0.10,1.02,0.62,3.06,0.00,633
70.839,16.58,0.12,1.00,0.72,3.07,0.29,632
70.856,16.68,0.12,1.02,0.61,3.04,0.00,631
70.873,16.65,0.11,1.00,0.72,3.04,0.29,630
70.889,16.67,0.13,1.03,0.67,3.03,0.00,630
70.906,16.69,0.12,1.01,0.76,3.02,0.29,629
70.923,16.65,0.11,1.02,0.62,3.01,0.00,627
70.939,16.69,0.10,1.02,0.79,2.99,0.29,622
70.956,16.65,0.13,1.02,0.63,2.96,0.00,618
70.973,16.67,0.11,0.99,0.71,2.98,0.29,617
70.989,16.69,0.13,1.03,0.64,2.95,0.00,612
71.006,16.65,0.11,0.71,0.72,2.95,0.29,569
71.023,16.68,0.12,0.71,0.60,2.89,0.00,569
71.039,16.68,0.14,1.04,0.94,2.88,0.49,613
71.056,16.66,0.12,1.04,0.65,3.73,0.00,610
71.073,16.66,0.12,1.03,0.73,3.71,0.29,609
71.089,16.67,0.13,1.04,0.59,3.70,0.00,608
71.106,16.74,0.13,1.03,0.71,3.69,0.28,609
71.123,16.59,0.14,1.05,0.63,3.67,0.00,609
71.139,16.67,0.12,1.04,0.76,3.69,0.30,608
71.156,16.67,0.15,1.04,0.63,3.67,0.00,606
71.173,16.66,0.14,1.03,0.72,3.66,0.29,606
71.189,16.66,0.14,1.03,0.62,3.65,0.00,607
71.206,16.69,0.12,1.02,0.71,3.67,0.30,609
71.223,16.65,0.14,1.04,0.59,3.67,0.00,608
71.239,16.67,0.13,1.01,0.71,3.68,0.29,608
71.256,16.67,0.14,1.02,0.62,3.66,0.00,608
71.273,16.68,0.14,1.01,0.74,3.67,0.30,606
71.289,16.66,0.14,1.01,0.61,3.65,0.00,606
71.306,16.68,0.13,0.99,0.74,3.72,0.30,608
71.323,16.68,0.14,1.03,0.61,3.71,0.00,608
71.339,16.70,0.12,1.01,0.70,3.74,0.28,638
71.356,16.63,0.14,1.01,0.59,3.78,0.00,641
71.373,16.68,0.11,0.99,0.70,3.79,0.29,641
71.389,16.66,0.13,1.02,0.61,3.79,0.00,641
71.406,16.66,0.12,1.00,0.72,3.81,0.30,641
71.423,16.67,0.11,1.02,0.63,3.80,0.00,641
71.439,16.66,0.12,0.99,0.71,3.82,0.29,639
71.456,16.70,0.14,1.03,0.64,3.24,0.00,638
71.473,16.64,0.14,0.99,0.76,3.28,0.30,640
71.489,16.68,0.13,0.99,0.59,3.27,0.00,640
71.506,16.66,0.12,1.01,0.75,3.28,0.30,642
71.523,16.67,0.13,1.01,0.61,3.28,0.00,641
71.539,16.66,0.13,0.99,0.71,3.28,0.30,641
71.556,16.69,0.11,1.01,0.61,3.31,0.00,641
71.573,16.65,0.11,0.99,0.73,3.32,0.30,640
71.590,16.75,0.12,1.00,0.68,3.32,0.00,642
71.606,16.58,0.12,1.00,0.73,3.33,0.30,642
71.623,16.70,0.13,1.00,0.62,3.32,0.00,642
71.639,16.64,0.13,1.00,0.73,3.36,0.29,641
71.656,16.66,0.12,0.99,0.60,3.36,0.00,642
71.673,16.72,0.10,0.98,0.70,3.37,0.30,645
71.689,16.62,0.13,1.00,0.61,3.35,0.00,645
71.706,16.68,0.12,0.98,0.73,3.38,0.30,643
71.723,16.66,0.12,0.99,0.60,3.40,0.00,643
71.739,16.67,0.12,0.98,0.72,3.41,0.29,644
71.756,16.66,0.13,0.99,0.61,3.39,0.00,642
71.773,16.68,0.13,0.97,0.75,3.41,0.30,642
71.790,16.75,0.11,1.00,0.66,3.40,0.00,644
71.806,16.65,0.11,1.00,0.76,3.42,0.30,645
71.823,16.61,0.08,0.75,0.52,3.42,0.00,647
71.839,16.65,0.08,0.71,0.53,3.42,0.22,646
71.856,16.75,0.08,0.74,0.48,3.40,0.00,647
71.873,16.60,0.12,0.98,0.74,3.41,0.30,644
71.890,16.66,0.12,0.97,0.59,3.42,0.00,645
71.906,16.68,0.10,0.95,0.72,3.42,0.30,644
71.923,16.75,0.10,0.97,0.63,3.41,0.00,642
71.940,16.60,0.11,0.97,0.74,3.41,0.30,643
71.956,16.65,0.11,0.97,0.60,3.40,0.00,644
71.973,16.67,0.12,0.97,0.76,3.43,0.30,645
71.990,16.66,0.12,0.98,0.60,3.41,0.00,648
72.006,16.68,0.10,0.96,0.71,3.42,0.30,649
72.023,16.65,0.12,0.97,0.63,3.39,0.00,649
72.040,16.70,0.10,0.93,0.71,3.39,0.30,650
72.056,16.65,0.12,0.99,0.61,3.41,0.00,651
72.073,16.67,0.10,0.94,0.72,3.41,0.29,650
72.090,16.66,0.13,0.97,0.62,3.40,0.00,649
72.106,16.67,0.12,0.96,0.75,3.39,0.30,650
72.123,16.66,0.12,0.95,0.61,3.38,0.00,650
72.140,16.69,0.10,0.93,0.70,3.42,0.29,651
72.156,16.65,0.12,0.95,0.60,3.39,0.00,650
72.173,16.75,0.11,0.96,0.72,3.39,0.28,650
72.190,16.59,0.12,0.96,0.61,3.36,0.00,649
72.206,16.67,0.13,0.96,0.79,3.37,0.30,648
72.223,16.67,0.12,0.96,0.63,3.38,0.00,649
72.240,16.67,0.11,0.93,0.72,3.37,0.30,649
72.256,16.67,0.12,0.95,0.63,3.34,0.00,647
72.273,16.66,0.11,0.95,0.75,3.34,0.30,648
72.290,16.67,0.13,0.95,0.61,3.30,0.00,645
72.306,16.69,0.10,0.93,0.70,3.33,0.29,645
72.323,16.66,0.12,0.94,0.62,3.30,0.00,643
72.340,16.66,0.11,0.94,0.71,3.31,0.28,644
72.356,16.66,0.12,0.94,0.60,3.28,0.00,642
72.373,16.67,0.12,0.89,0.77,3.29,0.28,641
72.390,16.68,0.12,0.89,0.64,3.30,0.00,638
72.406,16.65,0.25,0.94,0.72,3.30,0.30,658
72.423,16.69,0.11,0.96,0.63,3.42,0.00,661
72.440,16.65,0.11,0.93,0.71,3.52,0.29,658
72.456,16.66,0.13,0.96,0.60,3.50,0.00,652
72.473,16.69,0.10,0.94,0.70,3.52,0.30,649
72.490,16.66,0.11,0.96,0.59,3.49,0.00,647
72.506,16.66,0.11,0.93,0.71,3.48,0.29,644
72.523,16.69,0.13,0.96,0.65,3.45,0.00,641
72.540,16.65,0.12,0.92,0.75,3.45,0.30,634
72.556,16.68,0.06,0.49,0.40,3.05,0.00,633
72.573,16.69,0.12,0.93,0.76,3.04,0.30,632
72.590,16.65,0.12,0.93,0.64,3.03,0.00,629
72.606,16.66,0.11,0.91,0.72,3.03,0.29,628
72.623,16.67,0.12,0.93,0.61,3.01,0.00,624
72.640,16.67,0.11,0.89,0.69,3.03,0.28,622
72.656,16.68,0.12,0.91,0.62,3.00,0.00,620
72.673,16.66,0.11,0.90,0.73,3.01,0.29,616
72.690,16.66,0.12,0.92,0.60,2.96,0.00,613
72.706,16.69,0.10,0.89,0.71,2.96,0.29,605
72.723,16.66,0.11,0.91,0.61,2.96,0.00,604
72.740,16.66,0.11,0.89,0.71,2.96,0.28,602
72.756,16.66,0.12,0.90,0.62,2.93,0.00,602
72.773,16.67,0.11,0.90,0.75,2.94,0.28,600
72.790,16.66,0.12,0.90,0.61,2.89,0.00,596
72.806,16.69,0.10,0.88,0.70,2.91,0.28,596
72.823,16.73,0.11,0.91,0.62,2.89,0.00,593
72.840,16.63,0.10,0.91,0.76,2.87,0.30,592
72.856,16.66,0.12,0.90,0.66,2.84,0.00,590
72.873,16.64,0.11,0.87,0.71,2.84,0.29,584
72.890,16.66,0.12,0.90,0.61,2.83,0.00,580
72.906,16.68,0.09,0.86,0.71,2.83,0.29,579
72.923,16.65,0.11,0.90,0.59,2.79,0.00,575
72.940,16.67,0.11,0.88,0.70,2.80,0.29,570
72.956,16.66,0.15,1.13,0.61,2.76,0.00,625
72.973,16.67,0.13,1.12,0.90,3.68,0.45,622
72.990,16.68,0.14,1.11,0.59,3.66,0.00,618
73.006,16.68,0.12,0.89,0.72,3.65,0.29,607
73.023,16.68,0.13,0.90,0.65,3.62,0.00,603
73.040,16.66,0.12,0.90,0.69,3.61,0.26,606
73.056,16.66,0.14,0.91,0.61,3.61,0.00,605
73.073,16.66,0.14,0.89,0.71,3.63,0.24,605
73.090,16.66,0.15,0.92,0.60,3.61,0.00,606
73.106,16.69,0.12,0.90,0.65,3.65,0.22,607
73.123,16.65,0.15,0.92,0.63,3.65,0.00,606
73.140,16.68,0.12,0.89,0.69,3.67,0.26,607
73.156,16.65,0.13,0.89,0.61,3.65,0.00,607
73.173,16.67,0.13,0.90,0.70,3.65,0.29,605
73.190,16.67,0.14,0.90,0.59,3.63,0.00,603
73.206,16.68,0.12,0.89,0.70,3.64,0.28,603
73.223,16.66,0.14,0.91,0.61,3.63,0.00,602
73.240,16.67,0.13,0.88,0.73,3.63,0.28,599
73.256,16.66,0.14,0.91,0.60,3.62,0.00,598
73.273,16.67,0.13,0.89,0.73,3.63,0.28,598
73.290,16.66,0.15,1.08,0.58,3.61,0.00,613
73.306,16.67,0.13,1.00,1.09,3.64,0.67,612
73.323,16.67,0.14,1.03,0.64,3.65,0.00,615
73.340,16.71,0.12,1.00,0.71,3.65,0.30,616
73.356,16.63,0.14,1.03,0.63,3.67,0.00,617
73.373,16.68,0.12,1.02,0.71,3.12,0.29,614
73.390,16.65,0.14,1.04,0.60,3.14,0.00,613
73.406,16.67,0.13,1.00,0.71,3.15,0.28,612
73.423,16.66,0.14,1.02,0.58,3.15,0.00,611
73.440,16.67,0.12,1.01,0.69,3.17,0.29,612
73.456,16.67,0.14,1.04,0.62,3.15,0.00,613
73.473,16.67,0.13,1.02,0.72,3.20,0.30,613
73.490,16.67,0.13,1.05,0.62,3.19,0.00,614
73.506,16.69,0.11,1.01,0.73,3.19,0.29,615
73.523,16.67,0.15,1.04,0.61,3.20,0.00,615
73.540,16.65,0.13,1.02,0.72,3.21,0.30,617
73.556,16.69,0.13,1.02,0.60,3.24,0.00,620
73.573,16.65,0.13,1.03,0.75,3.25,0.30,620
73.590,16.67,0.13,1.03,0.59,3.24,0.00,620
73.606,16.67,0.12,1.01,0.70,3.26,0.29,620
73.623,16.67,0.13,1.01,0.60,3.25,0.00,620
73.640,16.76,0.11,1.01,0.71,3.29,0.30,621
73.656,16.58,0.13,1.03,0.61,3.29,0.00,622
73.673,16.67,0.12,1.03,0.71,3.31,0.29,621
73.690,16.68,0.13,1.03,0.63,3.28,0.00,623
73.706,16.68,0.11,1.02,0.71,3.30,0.29,624
73.723,16.65,0.14,1.03,0.61,3.32,0.00,626
73.740,16.66,0.12,1.03,0.72,3.33,0.29,629
73.756,16.66,0.13,1.02,0.59,3.33,0.00,631
73.773,16.80,0.11,1.01,0.73,3.34,0.30,632
73.790,16.53,0.13,1.03,0.62,3.32,0.00,634
73.806,16.68,0.11,1.00,0.70,3.37,0.29,632
73.823,16.73,0.11,1.03,0.62,3.36,0.00,632
73.840,16.60,0.12,1.00,0.71,3.37,0.30,633
73.856,16.68,0.12,1.01,0.60,3.36,0.00,633
73.873,16.67,0.11,0.99,0.71,3.37,0.29,631
73.890,16.68,0.11,0.99,0.57,3.36,0.00,631
73.906,16.64,0.12,1.01,0.74,3.40,0.30,629
73.923,16.67,0.12,1.01,0.61,3.37,0.00,631
73.940,16.67,0.12,0.99,0.70,3.39,0.28,631
73.956,16.66,0.13,1.01,0.60,3.37,0.00,633
73.973,16.76,0.11,0.98,0.66,3.38,0.26,633
73.990,16.58,0.12,1.00,0.60,3.41,0.00,635
74.006,16.67,0.12,1.00,0.66,3.44,0.24,635
74.023,16.68,0.11,1.08,0.62,3.42,0.00,636
74.040,16.68,0.13,1.01,0.71,3.44,0.22,634
74.056,16.64,0.13,1.01,0.60,3.44,0.00,637
74.073,16.67,0.12,1.00,0.75,3.48,0.28,638
74.090,16.67,0.13,1.01,0.63,3.47,0.00,638
74.106,16.66,0.12,1.03,0.75,3.50,0.29,638
74.123,16.68,0.11,1.04,0.67,3.48,0.00,639
74.140,16.66,0.12,1.15,0.78,3.49,0.30,642
74.156,16.68,0.13,1.02,0.63,3.51,0.00,642
74.173,16.66,0.12,1.01,0.77,3.53,0.30,641
74.190,16.66,0.12,1.00,0.60,3.52,0.00,640
74.206,16.70,0.11,1.00,0.71,3.54,0.29,639
74.223,16.65,0.13,0.97,0.58,3.54,0.00,639
74.240,16.67,0.12,1.01,0.72,3.58,0.29,639
74.256,16.66,0.12,1.00,0.59,3.57,0.00,642
74.273,16.67,0.11,0.98,0.73,3.59,0.31,643
74.290,16.66,0.12,1.00,0.61,3.58,0.00,642
74.306,16.67,0.11,0.98,0.69,3.60,0.30,643
74.323,16.68,0.13,1.02,0.64,3.62,0.00,644
74.340,16.70,0.11,1.00,0.70,3.63,0.29,646
74.356,16.62,0.12,1.01,0.61,3.62,0.00,645
74.373,16.67,0.11,0.95,0.71,3.63,0.28,644
74.390,16.67,0.13,0.96,0.59,3.61,0.00,643
74.406,16.67,0.26,1.08,0.71,3.67,0.28,696
74.423,16.66,0.13,1.10,0.62,3.80,0.00,709
74.440,16.68,0.12,1.09,0.73,3.94,0.30,708
74.456,16.66,0.12,1.07,0.62,3.92,0.00,706
74.473,16.67,0.12,1.06,0.71,3.56,0.30,705
74.490,16.68,0.12,1.08,0.61,3.56,0.00,704
74.506,16.66,0.10,1.07,0.72,3.57,0.30,703
74.523,16.65,0.12,1.06,0.59,3.54,0.00,703
74.540,16.67,0.12,1.08,0.74,3.54,0.29,701
74.556,16.68,0.12,1.08,0.62,3.53,0.00,701
74.573,16.68,0.12,1.09,0.76,3.55,0.30,699
74.590,16.65,0.13,1.09,0.63,3.52,0.00,699
74.606,16.70,0.10,1.07,0.73,3.51,0.29,699
74.623,16.64,0.13,1.09,0.65,3.49,0.00,699
74.640,16.67,0.12,1.09,0.78,3.48,0.30,699
74.656,16.68,0.13,1.09,0.64,3.49,0.00,697
74.673,16.65,0.10,1.04,0.76,3.49,0.29,695
74.690,16.66,0.12,1.04,0.64,3.47,0.00,691
74.706,16.68,0.11,1.02,0.76,3.48,0.29,691
74.723,16.78,0.11,1.04,0.66,3.45,0.00,690
74.740,16.56,0.10,1.02,0.75,3.48,0.29,689
74.756,16.66,0.12,1.06,0.68,3.44,0.00,689
74.773,16.67,0.11,1.04,0.75,3.43,0.29,688
74.790,16.66,0.12,1.01,0.67,3.42,0.00,685
74.806,16.69,0.10,0.99,0.75,3.04,0.30,683
74.823,16.73,0.11,1.01,0.62,3.04,0.00,682
74.840,16.60,0.11,0.99,0.71,3.03,0.29,666
74.856,16.68,0.13,1.02,0.61,3.00,0.00,662
74.873,16.66,0.11,1.01,0.73,2.99,0.29,660
74.890,16.66,0.12,1.02,0.60,2.98,0.00,654
74.906,16.67,0.11,1.00,0.71,2.98,0.30,650
74.923,16.66,0.13,0.83,0.61,2.98,0.00,644
74.940,16.76,0.10,0.82,0.69,2.97,0.28,644
74.956,16.61,0.10,0.83,0.61,2.95,0.00,644
74.973,16.65,0.12,0.81,0.68,2.96,0.29,639
74.990,16.66,0.12,0.84,0.61,2.95,0.00,638
75.006,16.67,0.11,0.82,0.72,2.96,0.29,637
75.023,16.67,0.12,0.81,0.60,2.93,0.00,636
75.040,16.67,0.13,0.83,0.75,2.95,0.29,637
75.056,16.67,0.13,0.84,0.62,2.91,0.00,638
75.073,16.67,0.12,0.86,0.73,2.97,0.28,635
75.090,16.66,0.12,0.84,0.63,2.93,0.00,635
75.106,16.67,0.11,0.83,0.73,2.93,0.28,634
75.123,16.66,0.12,0.84,0.60,2.92,0.00,631
75.140,16.67,0.12,0.83,0.75,2.92,0.28,625
75.156,16.69,0.12,0.86,0.66,2.91,0.00,620
75.173,16.65,0.11,0.83,0.74,2.91,0.30,619
75.190,16.66,0.12,0.85,0.62,2.89,0.00,618
75.206,16.67,0.11,0.82,0.71,2.89,0.28,616
75.223,16.68,0.13,0.85,0.62,2.88,0.00,611
75.240,16.66,0.11,0.82,0.73,2.90,0.28,609
75.256,16.67,0.12,0.71,0.60,2.87,0.00,602
75.273,16.66,0.11,0.68,0.70,2.87,0.29,601
75.290,16.68,0.10,0.71,0.63,2.85,0.00,601
75.306,16.67,0.10,0.68,0.72,2.85,0.28,600
75.323,16.68,0.11,0.74,0.65,2.85,0.00,597
75.340,16.68,0.12,0.72,0.74,2.84,0.28,594
75.356,16.64,0.13,0.72,0.64,2.83,0.00,591
75.373,16.67,0.11,0.70,0.70,2.82,0.28,590
75.390,16.66,0.14,1.02,0.60,2.79,0.00,639
75.406,16.67,0.12,1.02,1.48,3.71,1.05,635
75.423,16.67,0.13,1.04,0.61,3.68,0.00,633
75.440,16.66,0.13,1.01,0.73,3.68,0.30,625
75.456,16.67,0.14,1.04,0.61,3.65,0.00,620
75.473,16.69,0.12,1.04,0.72,3.66,0.30,618
75.490,16.64,0.13,1.03,0.60,3.64,0.00,613
75.506,16.67,0.12,1.01,0.72,3.63,0.29,607
75.523,16.66,0.14,1.03,0.60,3.60,0.00,601
75.540,16.66,0.13,1.04,0.75,3.61,0.30,595
75.556,16.67,0.14,1.04,0.61,3.58,0.00,593
75.573,16.67,0.13,1.01,0.72,3.60,0.29,588
75.590,16.67,0.14,1.04,0.65,3.57,0.00,581
75.607,16.66,0.12,1.00,0.72,3.56,0.29,573
75.623,16.67,0.14,1.04,0.65,3.53,0.00,568
75.640,16.68,0.11,1.00,0.72,3.53,0.29,564
75.657,16.66,0.13,1.05,0.63,3.59,0.00,557
75.673,16.66,0.13,1.03,0.73,3.57,0.30,588
75.690,16.66,0.13,1.03,0.61,3.58,0.00,582
75.707,16.69,0.11,1.02,0.68,3.60,0.27,576
75.723,16.64,0.13,1.04,0.62,3.56,0.00,569
75.740,16.68,0.11,1.02,0.72,3.58,0.29,560
75.757,16.65,0.13,1.02,0.63,3.51,0.00,540
75.773,16.67,0.13,1.05,0.77,3.47,0.30,509
75.790,16.66,0.13,1.02,0.60,3.40,0.00,363
75.807,16.67,0.12,0.98,0.72,2.60,0.30,363
75.823,16.75,0.11,1.02,0.61,2.62,0.00,363
75.840,16.59,0.12,1.02,0.74,2.62,0.30,362
75.857,16.68,0.13,1.01,0.64,2.61,0.00,361
75.873,16.66,0.13,1.00,0.72,2.61,0.30,361
75.890,16.67,0.13,1.01,0.60,2.60,0.00,359
75.907,16.67,0.12,0.98,0.72,2.64,0.30,359
75.923,16.66,0.13,1.00,0.60,2.62,0.00,359
75.940,16.67,0.11,0.99,0.71,2.64,0.30,359
75.957,16.66,0.12,1.00,0.60,2.62,0.00,359
75.973,16.68,0.12,1.00,0.72,2.63,0.30,358
75.990,16.66,0.12,1.00,0.59,2.65,0.00,358
76.007,16.67,0.12,0.99,0.70,2.65,0.29,358
76.023,16.66,0.12,1.00,0.60,2.65,0.00,358
76.040,16.68,0.13,0.98,0.74,2.63,0.29,357
76.057,16.69,0.12,1.02,0.68,2.64,0.00,357
76.073,16.69,0.13,1.00,0.80,2.67,0.30,356
76.090,16.62,0.13,1.01,0.63,2.67,0.00,355
76.107,16.66,0.12,0.97,0.72,2.67,0.29,354
76.123,16.67,0.13,0.99,0.61,2.66,0.00,353
76.140,16.66,0.12,0.95,0.71,2.67,0.29,352
76.157,16.68,0.12,1.00,0.64,2.69,0.00,352
76.173,16.66,0.11,0.97,0.75,2.70,0.30,352
76.190,16.68,0.12,0.99,0.62,2.69,0.00,352
76.207,16.66,0.12,0.96,0.72,2.71,0.29,352
76.223,16.66,0.12,0.99,0.61,2.68,0.00,352
76.240,16.67,0.12,0.97,0.70,2.73,0.30,352
76.257,16.67,0.12,0.97,0.60,2.71,0.00,351
76.273,16.68,0.10,0.93,0.69,2.70,0.29,351
76.290,16.65,0.12,0.98,0.62,2.69,0.00,350
76.307,16.69,0.11,0.97,0.72,2.69,0.30,349
76.323,16.65,0.12,0.96,0.58,2.72,0.00,348
76.340,16.67,0.12,0.96,0.76,2.72,0.30,347
76.357,16.69,0.14,0.99,0.66,2.70,0.00,347
76.373,16.65,0.11,0.88,0.75,2.69,0.29,347
76.390,16.67,0.12,0.88,0.60,2.67,0.00,347
76.407,16.67,0.25,0.94,0.70,2.69,0.29,360
76.423,16.67,0.12,0.97,0.59,2.80,0.00,368
76.440,16.67,0.11,0.94,0.70,2.91,0.29,368
76.457,16.67,0.13,0.97,0.61,2.88,0.00,368
76.473,16.67,0.12,0.93,0.72,2.89,0.30,367
76.490,16.68,0.12,0.96,0.58,2.87,0.00,366
76.507,16.65,0.11,0.94,0.69,2.87,0.29,364
76.523,16.67,0.13,0.97,0.61,2.83,0.00,367
76.540,16.67,0.12,0.98,0.86,2.83,0.43,428
76.557,16.67,0.12,0.96,0.57,2.87,0.00,431
76.573,16.67,0.12,0.96,0.70,2.89,0.28,444
76.590,16.67,0.13,0.99,0.64,2.89,0.00,443
76.607,16.66,0.12,0.95,0.71,2.89,0.29,443
76.623,16.66,0.12,0.98,0.59,2.87,0.00,437
76.640,16.67,0.12,0.95,0.70,2.87,0.29,436
76.657,16.69,0.13,0.99,0.61,2.87,0.00,428
76.673,16.65,0.12,0.96,0.71,2.87,0.29,427
76.690,16.66,0.12,0.97,0.58,2.85,0.00,426
76.707,16.69,0.11,0.97,0.70,2.86,0.29,425
76.723,16.64,0.13,0.98,0.58,2.84,0.00,424
76.740,16.67,0.12,0.96,0.69,2.86,0.29,420
76.757,16.67,0.12,0.97,0.58,2.84,0.00,419
76.773,16.70,0.11,0.97,0.72,2.84,0.30,418
76.790,16.64,0.13,1.01,0.64,2.82,0.00,409
76.807,16.68,0.11,0.96,0.75,2.81,0.30,403
76.823,16.68,0.13,0.98,0.59,2.83,0.00,402
76.840,16.65,0.13,0.95,0.74,2.84,0.30,402
76.857,16.67,0.12,0.98,0.60,2.82,0.00,402
76.873,16.66,0.12,0.96,0.70,2.83,0.29,402
76.890,16.68,0.12,0.95,0.61,2.81,0.00,400
76.907,16.72,0.10,0.93,0.72,2.53,0.30,394
76.923,16.63,0.11,0.94,0.58,2.51,0.00,393
76.940,16.66,0.11,0.91,0.69,2.51,0.28,393
76.957,16.68,0.13,0.95,0.61,2.49,0.00,391
76.973,16.74,0.11,0.95,0.69,2.48,0.27,383
76.990,16.58,0.13,0.94,0.58,2.49,0.00,363
77.007,16.67,0.11,0.92,0.66,2.46,0.27,351
77.023,16.67,0.13,0.91,0.60,2.45,0.00,332
77.040,16.67,0.12,0.88,0.68,2.35,0.26,332
77.057,16.69,0.12,0.91,0.60,2.35,0.00,332
77.073,16.64,0.11,0.88,0.68,2.37,0.27,331
77.090,16.69,0.13,0.91,0.64,2.36,0.00,329
77.107,16.65,0.11,0.89,0.71,2.35,0.28,328
77.123,16.67,0.12,0.91,0.60,2.35,0.00,328
77.140,16.68,0.13,1.18,0.89,2.35,0.47,384
77.157,16.66,0.14,1.20,0.60,3.19,0.00,472
77.173,16.66,0.15,1.20,0.74,3.41,0.28,495
77.190,16.67,0.15,1.22,0.65,3.42,0.00,515
77.207,16.66,0.14,1.19,0.70,3.44,0.28,530
77.223,16.66,0.16,1.23,0.63,3.45,0.00,539
77.240,16.67,0.13,1.22,0.72,3.47,0.28,548
77.257,16.67,0.14,1.23,0.61,3.47,0.00,554
77.273,16.69,0.12,1.21,0.71,3.49,0.29,564
77.290,16.70,0.13,1.23,0.63,3.48,0.00,567
77.307,16.62,0.14,1.21,0.72,3.49,0.28,571
77.323,16.67,0.14,1.21,0.60,3.50,0.00,570
77.340,16.67,0.14,1.22,0.74,3.52,0.28,576
77.357,16.67,0.14,0.97,0.59,3.51,0.00,562
77.373,16.68,0.12,0.95,0.69,3.50,0.29,565
77.390,16.65,0.14,1.00,0.61,3.48,0.00,571
77.407,16.75,0.12,0.99,0.73,3.53,0.30,575
77.423,16.60,0.14,0.99,0.61,3.51,0.00,580
77.440,16.67,0.13,0.98,0.71,3.52,0.29,588
77.457,16.67,0.13,1.00,0.61,3.50,0.00,591
77.473,16.68,0.12,0.97,0.70,3.50,0.29,595
77.490,16.66,0.14,0.98,0.60,3.52,0.00,600
77.507,16.66,0.12,0.96,0.71,3.53,0.29,600
77.523,16.67,0.13,0.99,0.60,3.51,0.00,602
77.540,16.67,0.11,1.05,0.76,3.51,0.30,605
77.557,16.67,0.14,1.00,0.62,2.92,0.00,602
77.573,16.68,0.13,0.53,0.47,2.94,0.15,603
77.590,16.66,0.14,1.00,0.67,2.93,0.00,604
77.607,16.68,0.14,0.99,0.77,2.94,0.29,604
77.623,16.66,0.13,0.99,0.63,2.92,0.00,604
77.640,16.67,0.11,0.95,0.71,2.93,0.29,606
77.657,16.69,0.11,1.01,0.64,2.95,0.00,605
77.673,16.66,0.11,0.96,0.72,2.95,0.29,608
77.690,16.64,0.13,0.98,0.61,2.95,0.00,609
77.707,16.68,0.12,0.97,0.73,2.94,0.29,611
77.723,16.66,0.14,0.96,0.60,2.94,0.00,613
77.740,16.66,0.11,0.94,0.70,2.98,0.29,615
77.757,16.67,0.12,0.97,0.60,2.97,0.00,616
77.773,16.67,0.12,0.95,0.70,2.98,0.29,616
77.790,16.66,0.14,0.96,0.62,2.97,0.00,616
77.807,16.67,0.12,0.97,0.72,2.98,0.30,618
77.823,16.74,0.12,0.97,0.61,3.04,0.00,619
77.840,16.59,0.12,0.96,0.74,3.06,0.30,622
77.857,16.68,0.13,0.98,0.62,3.07,0.00,631
77.873,16.67,0.10,0.96,0.71,3.11,0.29,633
77.890,16.65,0.12,0.96,0.60,3.11,0.00,636
77.907,16.67,0.11,0.97,0.74,3.10,0.28,633
77.923,16.66,0.13,0.98,0.62,3.10,0.00,634
77.940,16.67,0.12,0.96,0.73,3.11,0.29,636
77.957,16.67,0.12,0.97,0.60,3.10,0.00,637
77.973,16.68,0.11,0.95,0.71,3.12,0.30,635
77.990,16.66,0.13,0.96,0.59,3.14,0.00,633
78.007,16.67,0.12,0.95,0.72,3.16,0.29,634
78.023,16.68,0.12,0.97,0.61,3.15,0.00,637
78.040,16.69,0.11,0.95,0.76,3.16,0.30,638
78.057,16.66,0.12,0.97,0.62,3.15,0.00,637
78.073,16.65,0.12,0.94,0.70,3.18,0.29,638
78.090,16.67,0.13,0.96,0.63,3.17,0.00,642
78.107,16.66,0.13,0.95,0.72,3.17,0.29,642
78.123,16.67,0.12,0.97,0.61,3.16,0.00,642
78.140,16.67,0.12,0.94,0.71,3.17,0.30,642
78.157,16.66,0.12,0.96,0.60,3.18,0.00,640
78.173,16.67,0.11,0.94,0.72,3.20,0.29,642
78.190,16.67,0.13,0.98,0.64,3.17,0.00,644
78.207,16.67,0.12,0.94,0.71,3.18,0.29,645
78.223,16.68,0.13,0.98,0.64,3.16,0.00,650
78.240,16.68,0.10,0.95,0.72,3.19,0.29,651
78.257,16.64,0.12,0.96,0.62,3.18,0.00,653
78.273,16.67,0.11,0.92,0.71,3.20,0.30,653
78.290,16.66,0.12,0.96,0.62,3.17,0.00,657
78.307,16.68,0.12,0.95,0.74,3.16,0.29,658
78.323,16.67,0.12,0.95,0.60,3.19,0.00,656
78.340,16.66,0.12,0.94,0.75,3.20,0.29,657
78.357,16.68,0.13,0.96,0.61,3.17,0.00,658
78.373,16.66,0.11,0.88,0.70,3.18,0.28,661
78.390,16.67,0.13,0.89,0.61,3.16,0.00,663
78.407,16.67,0.25,0.96,0.75,3.21,0.28,686
78.423,16.68,0.13,1.00,0.68,3.31,0.00,694
78.440,16.66,0.11,0.97,0.76,3.42,0.29,695
78.457,16.66,0.12,1.01,0.61,3.40,0.00,696
78.473,16.68,0.11,0.95,0.76,3.40,0.30,695
78.490,16.67,0.13,0.99,0.66,3.41,0.00,694
78.507,16.66,0.11,0.96,0.76,3.40,0.30,695
78.523,16.66,0.12,0.98,0.65,3.39,0.00,694
78.540,16.68,0.12,0.95,0.78,3.40,0.29,694
78.557,16.67,0.13,0.99,0.67,3.37,0.00,690
78.573,16.67,0.13,0.98,0.79,3.38,0.29,687
78.590,16.67,0.14,1.00,0.63,3.36,0.00,681
78.607,16.66,0.11,0.97,0.70,3.35,0.30,674
78.623,16.66,0.13,1.00,0.62,3.32,0.00,665
78.640,16.67,0.12,0.93,0.73,3.31,0.30,659
78.657,16.73,0.10,0.96,0.60,2.90,0.00,657
78.673,16.61,0.11,0.92,0.70,2.91,0.28,654
78.690,16.66,0.11,0.95,0.62,2.86,0.00,631
78.707,16.69,0.10,0.94,0.72,2.83,0.30,628
78.723,16.65,0.12,0.94,0.59,2.81,0.00,627
78.740,16.68,0.10,0.92,0.70,2.83,0.29,627
78.757,16.66,0.12,0.95,0.62,2.81,0.00,625
78.773,16.67,0.12,0.92,0.72,2.83,0.29,624
78.790,16.66,0.12,0.95,0.60,2.80,0.00,621
78.807,16.68,0.12,0.92,0.73,2.80,0.29,618
78.824,16.75,0.10,0.96,0.62,2.81,0.00,618
78.840,16.66,0.11,0.97,0.74,2.81,0.28,617
78.857,16.60,0.12,0.96,0.62,2.80,0.00,614
78.873,16.68,0.10,0.95,0.72,2.80,0.30,614
78.890,16.65,0.12,0.95,0.59,2.78,0.00,610
78.907,16.72,0.10,0.93,0.71,2.80,0.30,610
78.923,16.62,0.12,0.96,0.65,2.78,0.00,608
78.940,16.68,0.10,0.92,0.71,2.80,0.30,607
78.957,16.65,0.12,0.95,0.61,2.77,0.00,605
78.973,16.69,0.11,0.93,0.71,2.77,0.29,604
78.990,16.66,0.11,0.95,0.59,2.77,0.00,603
79.007,16.67,0.11,0.93,0.72,2.77,0.30,601
79.023,16.66,0.12,0.95,0.60,2.74,0.00,599
79.040,16.67,0.11,0.92,0.69,2.75,0.29,595
79.057,16.67,0.11,0.95,0.61,2.71,0.00,591
79.073,16.66,0.11,0.94,0.72,2.73,0.30,588
79.090,16.67,0.12,0.95,0.61,2.71,0.00,583
79.107,16.67,0.12,0.66,0.73,2.68,0.29,570
79.123,16.68,0.11,0.71,0.65,2.66,0.00,569
79.140,16.67,0.16,0.98,0.94,2.64,0.48,614
79.157,16.65,0.13,1.00,0.60,3.47,0.00,613
79.173,16.67,0.13,0.95,0.72,3.47,0.29,611
79.190,16.67,0.13,0.96,0.59,3.44,0.00,609
79.207,16.67,0.12,0.95,0.69,3.44,0.29,606
79.223,16.67,0.14,0.98,0.61,3.42,0.00,600
79.240,16.70,0.14,1.00,0.79,3.43,0.30,599
79.257,16.63,0.14,0.98,0.62,3.41,0.00,598
79.273,16.67,0.14,0.97,0.74,3.41,0.29,600
79.290,16.67,0.13,1.01,0.65,3.39,0.00,598
79.307,16.67,0.13,0.99,0.76,3.40,0.30,600
79.323,16.67,0.13,0.98,0.60,3.41,0.00,600
79.340,16.71,0.12,0.96,0.70,3.42,0.29,603
79.357,16.62,0.14,0.98,0.61,3.40,0.00,602
79.373,16.68,0.12,0.97,0.71,3.40,0.30,602
79.390,16.67,0.13,0.97,0.61,3.39,0.00,600
79.407,16.67,0.12,0.98,0.74,3.43,0.30,603
79.423,16.66,0.13,1.00,0.61,3.41,0.00,605
79.440,16.69,0.11,0.96,0.71,3.42,0.30,604
79.457,16.65,0.13,0.98,0.62,3.40,0.00,600
79.474,16.68,0.11,0.97,0.71,3.41,0.29,597
79.490,16.66,0.13,0.99,0.62,3.42,0.00,599
79.507,16.77,0.11,0.98,0.73,3.44,0.29,599
79.523,16.56,0.13,0.99,0.61,3.42,0.00,596
79.540,16.69,0.10,0.96,0.71,3.43,0.30,595
79.557,16.76,0.12,0.99,0.62,2.83,0.00,596
79.574,16.56,0.13,0.99,0.73,2.87,0.29,595
79.590,16.67,0.13,0.97,0.60,2.85,0.00,597
79.607,16.67,0.11,0.98,0.74,2.87,0.30,597
79.624,16.66,0.13,0.97,0.59,2.86,0.00,597
79.640,16.67,0.12,0.96,0.70,2.87,0.29,595
79.657,16.69,0.12,1.03,0.61,2.89,0.00,597
79.674,16.65,0.12,0.96,0.72,2.90,0.30,597
79.690,16.66,0.13,0.98,0.61,2.88,0.00,596
79.707,16.68,0.11,0.95,0.73,2.90,0.30,597
79.724,16.67,0.13,0.98,0.62,2.89,0.00,598
79.740,16.67,0.11,0.98,0.73,2.98,0.30,602
79.757,16.66,0.13,0.96,0.60,2.98,0.00,603
79.774,16.70,0.10,0.96,0.71,3.01,0.30,620
79.790,16.64,0.12,0.96,0.60,3.02,0.00,621
79.807,16.67,0.12,0.95,0.73,3.06,0.30,622
79.824,16.75,0.12,0.98,0.64,3.02,0.00,624
79.840,16.58,0.12,0.96,0.70,3.04,0.29,622
79.857,16.68,0.12,0.96,0.63,3.02,0.00,623
79.874,16.65,0.12,0.96,0.74,3.02,0.30,624
79.890,16.66,0.13,0.96,0.61,3.03,0.00,625
79.907,16.74,0.10,0.95,0.73,3.07,0.30,628
79.924,16.60,0.13,0.96,0.59,3.06,0.00,628
79.940,16.75,0.11,0.94,0.74,3.06,0.30,628
79.957,16.58,0.12,0.95,0.58,3.05,0.00,627
79.974,16.67,0.12,0.93,0.71,3.07,0.29,628
79.990,16.66,0.12,0.95,0.61,3.08,0.00,631
80.007,16.68,0.11,0.93,0.70,3.09,0.29,630
80.024,16.66,0.12,0.96,0.61,3.07,0.00,634
80.040,16.69,0.10,0.95,0.72,3.08,0.30,633
80.057,16.65,0.12,0.95,0.61,3.06,0.00,632
80.074,16.67,0.11,0.93,0.72,3.09,0.30,632
80.090,16.67,0.12,0.95,0.60,3.07,0.00,634
80.107,16.68,0.12,0.96,0.74,3.09,0.29,634
80.124,16.66,0.13,0.95,0.59,3.06,0.00,634
80.140,16.68,0.11,0.94,0.70,3.07,0.30,635
80.157,16.66,0.12,0.94,0.58,3.09,0.00,636
80.174,16.66,0.11,0.93,0.73,3.09,0.30,636
80.190,16.67,0.12,0.94,0.61,3.07,0.00,639
80.207,16.67,0.11,0.93,0.71,3.07,0.29,640
80.224,16.68,0.12,0.94,0.60,3.06,0.00,638
80.240,16.65,0.13,0.95,0.77,3.09,0.30,635
80.257,16.69,0.11,0.97,0.64,3.08,0.00,635
80.274,16.66,0.10,0.92,0.72,3.08,0.30,635
80.290,16.65,0.13,0.96,0.62,3.07,0.00,635
80.307,16.68,0.13,0.95,0.78,3.06,0.30,636
80.324,16.66,0.11,0.94,0.60,3.09,0.00,639
80.340,16.68,0.11,0.95,0.74,3.10,0.30,638
80.357,16.68,0.12,0.95,0.62,3.08,0.00,637
80.374,16.66,0.12,0.88,0.77,3.09,0.28,637
80.390,16.66,0.13,0.88,0.63,3.08,0.00,638
80.407,16.67,0.25,1.01,0.74,3.12,0.30,672
80.424,16.66,0.12,0.96,0.65,3.31,0.00,687
80.440,16.67,0.11,0.95,0.76,3.49,0.29,686
80.457,16.67,0.12,0.95,0.63,3.47,0.00,686
80.474,16.66,0.12,0.98,0.81,3.48,0.30,686
80.490,16.67,0.12,0.97,0.67,3.50,0.00,685
80.507,16.67,0.12,0.96,0.77,3.51,0.30,685
80.524,16.66,0.12,0.96,0.65,3.50,0.00,687
80.540,16.67,0.11,0.94,0.76,3.52,0.30,684
80.557,16.67,0.12,0.97,0.62,3.49,0.00,678
80.574,16.68,0.12,0.97,0.76,3.52,0.30,677
80.590,16.66,0.11,0.97,0.61,3.50,0.00,671
80.607,16.67,0.11,0.98,0.77,3.48,0.29,657
80.624,16.68,0.12,0.98,0.62,3.46,0.00,650
80.640,16.65,0.12,0.91,0.72,3.44,0.29,643
80.657,16.74,0.11,0.94,0.64,3.00,0.00,643
80.674,16.61,0.10,0.94,0.76,3.01,0.29,643
80.690,16.66,0.12,0.94,0.64,2.99,0.00,643
80.707,16.68,0.10,0.92,0.74,3.00,0.29,643
80.724,16.65,0.13,0.92,0.61,2.97,0.00,641
80.740,16.67,0.11,0.92,0.73,3.00,0.28,640
80.757,16.66,0.12,0.94,0.60,2.98,0.00,639
80.774,16.68,0.12,0.93,0.72,2.98,0.29,637
80.790,16.66,0.11,0.94,0.61,2.96,0.00,636
80.807,16.68,0.11,0.93,0.79,2.96,0.30,635
80.824,16.74,0.11,0.92,0.63,2.95,0.00,636
80.840,16.59,0.11,0.94,0.72,2.94,0.29,636
80.857,16.67,0.12,0.95,0.63,2.93,0.00,637
80.874,16.67,0.11,0.91,0.71,2.92,0.29,637
80.890,16.67,0.12,0.94,0.61,2.90,0.00,640
80.907,16.74,0.10,0.93,0.73,2.91,0.29,639
80.924,16.59,0.12,0.94,0.61,2.88,0.00,637
80.940,16.67,0.11,0.92,0.70,2.88,0.28,637
80.957,16.67,0.12,0.94,0.61,2.85,0.00,636
80.974,16.67,0.12,0.91,0.72,2.86,0.28,633
80.990,16.66,0.12,0.94,0.62,2.84,0.00,632
81.007,16.68,0.12,0.94,0.75,2.82,0.28,627
81.024,16.70,0.11,0.96,0.64,2.80,0.00,624
81.040,16.64,0.10,0.95,0.73,2.80,0.29,623
81.057,16.67,0.11,0.95,0.65,2.77,0.00,619
81.074,16.66,0.11,0.95,0.77,2.79,0.30,616
81.090,16.66,0.12,0.93,0.61,2.76,0.00,615
81.107,16.67,0.11,0.68,0.78,2.76,0.29,604
81.124,16.67,0.12,0.68,0.61,2.72,0.00,603
81.140,16.66,0.11,0.68,0.72,2.73,0.28,597
81.157,16.68,0.12,0.70,0.64,2.72,0.00,597
81.174,16.66,0.11,0.68,0.78,2.72,0.29,595
81.190,16.67,0.12,0.70,0.63,2.70,0.00,594
81.207,16.70,0.11,0.69,0.76,2.70,0.28,592
81.224,16.65,0.12,0.69,0.61,2.68,0.00,589
81.240,16.66,0.10,0.68,0.77,2.71,0.28,589
81.257,16.67,0.12,0.67,0.61,2.69,0.00,590
81.274,16.66,0.11,0.69,0.76,2.70,0.28,589
81.290,16.69,0.12,0.70,0.63,2.67,0.00,588
81.307,16.66,0.10,0.66,0.76,2.68,0.29,583
81.324,16.69,0.11,0.69,0.63,2.68,0.00,582
81.340,16.65,0.09,0.70,0.80,2.68,0.28,579
81.357,16.66,0.12,0.70,0.67,2.67,0.00,579
81.374,16.68,0.09,0.66,0.78,2.67,0.30,577
81.390,16.65,0.12,0.71,0.66,2.65,0.00,574
81.407,16.69,0.12,0.70,0.78,2.66,0.28,571
81.424,16.65,0.13,0.69,0.66,2.66,0.00,569
81.440,16.66,0.11,0.70,0.77,2.66,0.29,569
81.457,16.67,0.12,0.69,0.62,2.65,0.00,567
81.474,16.67,0.11,0.68,0.76,2.66,0.28,563
81.490,16.70,0.12,0.70,0.65,2.64,0.00,560
81.507,16.64,0.11,0.66,0.69,2.66,0.28,558
81.524,16.70,0.12,0.69,0.65,2.65,0.00,557
81.540,16.64,0.10,0.67,0.76,2.66,0.29,557
81.557,16.69,0.11,0.68,0.67,2.64,0.00,556
81.574,16.68,0.10,0.69,0.79,2.64,0.35,605
81.590,16.63,0.14,0.94,0.63,3.52,0.00,599
81.607,16.69,0.13,0.95,0.78,3.52,0.28,598
81.624,16.65,0.14,0.94,0.64,3.50,0.00,595
81.640,16.68,0.12,0.92,0.71,3.50,0.30,591
81.657,16.68,0.13,0.94,0.65,3.59,0.00,589
81.674,16.68,0.12,0.95,0.81,3.59,0.30,588
81.690,16.69,0.15,0.96,0.68,3.59,0.00,617
81.707,16.63,0.13,0.93,0.75,3.64,0.28,616
81.724,16.65,0.14,0.94,0.63,3.62,0.00,611
81.740,16.70,0.11,0.92,0.71,3.60,0.30,609
81.757,16.67,0.12,0.93,0.64,3.58,0.00,610
81.774,16.73,0.12,0.95,0.79,3.58,0.28,608
81.790,16.63,0.12,0.94,0.62,3.57,0.00,609
81.807,16.63,0.13,1.03,0.79,3.56,0.30,610
81.824,16.67,0.13,0.98,0.68,3.59,0.00,612
81.840,16.69,0.13,0.96,0.81,3.57,0.29,613
81.857,16.64,0.12,0.93,0.68,3.58,0.00,612
81.874,16.65,0.08,0.70,0.60,3.56,0.21,609
81.890,16.66,0.09,0.69,0.48,3.55,0.00,609
81.907,16.68,0.12,0.93,0.77,3.57,0.30,605
81.924,16.67,0.13,0.95,0.65,3.56,0.00,606
81.940,16.69,0.10,0.93,0.71,3.55,0.29,608
81.957,16.64,0.13,0.95,0.65,3.54,0.00,606
81.974,16.66,0.11,0.92,0.72,3.56,0.29,605
81.990,16.69,0.14,0.93,0.65,2.97,0.00,607
82.007,16.65,0.13,0.95,0.77,2.96,0.28,606
82.024,16.66,0.12,0.92,0.62,2.95,0.00,606
82.040,16.73,0.11,0.95,0.80,2.95,0.30,609
82.057,16.66,0.11,0.95,0.76,2.97,0.00,609
82.074,16.62,0.12,0.95,0.80,2.96,0.29,610
82.090,16.74,0.11,0.94,0.66,2.95,0.00,612
82.107,16.68,0.11,0.91,0.76,2.95,0.30,613
82.124,16.64,0.08,0.70,0.51,2.94,0.00,611
82.140,16.61,0.08,0.70,0.61,2.97,0.21,609
82.157,16.70,0.09,0.70,0.52,2.96,0.00,611
82.174,16.63,0.08,0.70,0.60,2.97,0.22,614
82.190,16.67,0.08,0.69,0.49,2.95,0.00,614
82.207,16.67,0.08,0.68,0.55,2.96,0.21,615
82.224,16.68,0.09,0.72,0.56,2.98,0.00,614
82.240,16.73,0.08,0.68,0.64,2.98,0.23,617
82.257,16.61,0.08,0.70,0.52,2.97,0.00,614
82.274,16.73,0.08,0.67,0.57,2.97,0.22,615
82.290,16.61,0.08,0.71,0.50,3.00,0.00,614
82.307,16.67,0.08,0.68,0.61,3.01,0.21,612
82.324,16.67,0.08,0.70,0.51,2.98,0.00,611
82.340,16.68,0.12,0.92,0.74,2.97,0.29,610
82.357,16.67,0.15,0.94,0.66,2.98,0.00,611
82.374,16.72,0.08,0.63,0.54,3.01,0.22,612
82.390,16.61,0.10,0.65,0.54,3.00,0.00,611
82.407,16.70,0.19,0.72,0.72,3.00,0.25,632
82.424,16.65,0.09,0.69,0.53,3.11,0.00,639
82.440,16.65,0.08,0.70,0.55,3.21,0.22,639
82.457,16.67,0.09,0.70,0.50,3.22,0.00,638
82.474,16.68,0.11,0.93,0.73,3.21,0.29,637
82.490,16.70,0.12,0.95,0.65,3.18,0.00,632
82.507,16.66,0.12,0.97,0.83,3.16,0.30,632
82.524,16.67,0.13,0.95,0.67,3.14,0.00,629
82.540,16.67,0.10,0.92,0.72,3.15,0.30,628
82.557,16.66,0.12,0.93,0.62,3.13,0.00,628
82.574,16.66,0.13,0.94,0.79,3.13,0.30,627
82.590,16.68,0.09,0.71,0.52,3.11,0.00,626
82.607,16.69,0.13,0.95,0.82,3.09,0.31,626
82.624,16.65,0.13,0.95,0.71,3.11,0.00,626
82.640,16.65,0.12,0.92,0.72,3.10,0.28,628
82.657,16.75,0.11,0.94,0.63,3.08,0.00,624
82.674,16.60,0.12,0.94,0.74,3.08,0.29,625
82.690,16.68,0.12,0.95,0.63,3.08,0.00,623
82.707,16.71,0.13,0.97,0.83,3.06,0.30,623
82.724,16.61,0.12,0.94,0.62,3.04,0.00,627
82.740,16.68,0.11,0.94,0.78,3.04,0.30,627
82.757,16.68,0.13,0.95,0.65,3.02,0.00,624
82.774,16.66,0.12,0.94,0.76,3.04,0.30,619
82.791,16.74,0.11,0.92,0.61,3.02,0.00,613
82.807,16.60,0.10,0.93,0.73,3.01,0.30,610
82.824,16.75,0.10,0.91,0.61,2.98,0.00,608
82.840,16.60,0.12,0.92,0.77,2.97,0.30,608
82.857,16.65,0.13,0.94,0.65,2.97,0.00,604
82.874,16.67,0.13,0.95,0.80,2.97,0.30,603
82.890,16.67,0.13,0.95,0.64,2.95,0.00,605
82.907,16.66,0.13,0.91,0.78,2.95,0.28,603
82.924,16.67,0.12,0.91,0.60,2.93,0.00,603
82.940,16.67,0.11,0.92,0.74,2.95,0.29,603
82.957,16.69,0.12,0.94,0.70,2.93,0.00,596
82.974,16.72,0.10,0.94,0.78,2.92,0.30,594
82.990,16.59,0.29,0.87,0.67,2.90,0.00,568
83.007,16.67,0.06,0.84,1.18,2.58,0.76,568
83.024,16.68,0.09,0.86,0.64,2.56,0.00,563
83.041,16.68,0.09,1.06,0.62,2.56,0.12,594
83.057,16.64,0.10,1.07,0.65,2.72,0.00,586
83.074,16.66,0.09,1.02,0.51,2.71,0.04,576
83.090,16.67,0.08,1.24,0.64,2.42,0.00,609
83.107,16.68,0.07,1.22,0.56,2.60,0.12,607
83.124,16.66,0.09,1.25,0.64,2.57,0.00,606
83.140,16.68,0.14,1.49,0.70,2.56,0.13,641
83.157,16.67,0.10,1.47,0.62,2.71,0.00,641
83.174,16.66,0.12,1.47,0.54,2.70,0.04,642
83.190,16.65,0.13,1.65,0.63,2.68,0.00,675
83.207,16.68,0.11,1.63,0.54,2.86,0.12,674
83.224,16.69,0.11,1.67,0.60,2.82,0.00,675
83.241,16.65,0.11,1.89,0.55,2.81,0.13,710
83.257,16.65,0.13,1.92,0.60,2.98,0.00,709
83.274,16.68,0.11,1.91,0.46,2.97,0.04,709
83.291,16.68,0.14,2.19,0.64,2.92,0.00,742
83.307,16.65,0.11,2.12,0.55,3.10,0.13,744
83.324,16.68,0.13,2.18,0.63,3.06,0.00,747
83.341,16.67,0.13,2.37,0.55,3.04,0.13,782
83.357,16.66,0.11,2.38,0.59,3.18,0.00,783
83.374,16.67,0.13,2.39,0.48,3.15,0.04,784
83.391,16.66,0.14,2.66,0.60,3.11,0.00,820
83.407,16.73,0.10,2.64,0.58,3.28,0.12,819
83.424,16.61,0.14,2.67,0.65,3.22,0.00,821
83.441,16.66,0.14,2.85,0.57,3.20,0.13,857
83.457,16.67,0.14,2.86,0.60,3.32,0.00,856
83.474,16.68,0.11,2.88,0.46,3.30,0.04,857
83.491,16.65,0.14,3.10,0.62,3.25,0.00,889
83.507,16.67,0.13,3.13,0.61,3.40,0.12,889
83.524,16.68,0.12,3.16,0.64,3.34,0.00,887
83.541,16.66,0.14,3.12,0.57,3.31,0.12,920
83.557,16.67,0.14,3.16,0.65,3.43,0.00,921
83.574,16.67,0.13,3.16,0.52,3.40,0.04,921
83.591,16.66,0.15,3.43,0.62,3.34,0.00,972
83.607,16.67,0.13,3.42,0.73,3.57,0.31,973
83.624,16.68,0.12,3.45,0.64,3.52,0.00,973
83.641,16.70,0.15,3.45,0.54,3.49,0.04,976
83.657,16.63,0.14,3.43,0.62,3.46,0.00,976
83.674,16.68,0.13,3.44,0.53,3.45,0.04,976
83.691,16.66,0.13,3.42,0.61,3.40,0.00,974
83.707,16.69,0.14,3.46,0.58,3.38,0.05,968
83.724,16.67,0.13,3.43,0.65,3.33,0.00,968
83.741,16.65,0.14,3.45,0.54,3.31,0.04,969
83.757,16.68,0.15,3.41,0.68,3.28,0.00,964
83.774,16.66,0.15,3.41,0.55,3.26,0.04,961
83.791,16.67,0.19,3.74,0.63,3.21,0.00,1024
83.807,16.66,0.17,3.74,0.86,3.53,0.37,1019
83.824,16.74,0.17,3.77,0.76,3.49,0.00,1016
83.841,16.61,0.20,4.30,1.14,3.48,0.64,1127
83.857,16.66,0.18,4.27,0.59,4.05,0.00,1125
83.874,16.67,0.18,4.29,0.49,4.04,0.04,1126
83.891,16.76,0.18,3.81,0.53,4.03,0.00,1123
83.907,16.62,0.19,4.25,0.53,4.03,0.04,1120
83.924,16.64,0.20,4.24,0.66,4.02,0.00,1114
83.941,16.65,0.19,4.15,0.52,4.03,0.04,1106
83.957,16.71,0.20,4.51,0.68,4.03,0.00,1168
83.974,16.63,0.18,4.47,0.85,4.37,0.37,1162
83.991,16.68,0.21,4.69,0.64,4.37,0.00,1243
84.007,16.67,0.20,4.98,1.17,4.78,0.69,1297
84.024,16.66,0.20,4.94,0.54,5.09,0.00,1289
84.041,16.66,0.19,4.93,0.50,5.12,0.04,1284
84.057,16.67,0.21,4.89,0.56,5.12,0.00,1278
84.074,16.66,0.15,4.04,0.65,5.17,0.27,1336
84.091,16.67,0.15,3.85,0.49,5.51,0.00,1335
84.107,16.68,0.19,5.15,0.47,5.54,0.04,1327
84.124,16.73,0.20,5.15,0.59,5.56,0.00,1321
84.141,16.61,0.19,4.51,0.43,5.61,0.03,1316
84.157,16.67,0.20,5.08,0.57,5.64,0.00,1307
84.174,16.66,0.21,5.04,0.60,5.67,0.24,1358
84.191,16.66,0.15,5.08,0.58,5.99,0.00,1351
84.207,16.68,0.20,5.61,0.64,5.82,0.26,1413
84.224,16.66,0.16,4.10,0.50,6.20,0.00,1402
84.241,16.67,0.21,5.50,0.51,6.25,0.04,1398
84.257,16.67,0.15,4.07,0.51,6.30,0.00,1398
84.274,16.67,0.20,5.85,0.70,6.36,0.31,1467
84.291,16.66,0.16,4.34,0.51,6.76,0.00,1465
84.307,16.67,0.14,4.26,0.39,6.82,0.03,1452
84.324,16.67,0.17,4.26,0.51,6.86,0.00,1445
84.341,16.74,0.13,4.58,0.38,6.92,0.03,1439
84.357,16.63,0.14,4.62,0.49,6.96,0.00,1426
84.374,16.64,0.20,5.49,0.50,7.00,0.04,1413
84.391,16.66,0.15,4.02,0.52,7.02,0.00,1404
84.407,16.73,0.19,5.23,0.40,6.78,0.03,1395
84.424,16.62,0.14,3.98,0.50,6.80,0.00,1389
84.441,16.65,0.13,3.95,0.41,6.88,0.03,1384
84.457,16.68,0.19,5.34,0.55,6.35,0.00,1380
84.474,16.73,0.13,3.87,0.42,6.41,0.03,1374
84.491,16.62,0.14,4.15,0.56,6.43,0.00,1368
84.507,16.67,0.19,5.18,0.44,6.45,0.04,1362
84.524,16.67,0.16,4.66,0.55,6.49,0.00,1425
84.541,16.66,0.18,5.08,0.65,6.86,0.29,1417
84.557,16.67,0.16,4.15,0.56,6.86,0.00,1415
84.574,16.66,0.17,4.13,0.44,6.58,0.03,1412
84.591,16.66,0.16,4.38,0.52,6.60,0.00,1477
84.607,16.68,0.20,5.87,0.68,6.76,0.29,1470
84.624,16.67,0.16,4.33,0.52,6.49,0.00,1462
84.641,16.66,0.16,4.31,0.43,6.52,0.03,1459
84.657,16.67,0.16,4.31,0.52,6.55,0.00,1457
84.674,16.69,0.19,5.71,0.38,6.56,0.03,1454
84.691,16.65,0.15,4.32,0.52,6.29,0.00,1455
84.707,16.66,0.14,4.30,0.39,6.33,0.03,1445
84.724,16.68,0.22,5.80,0.57,6.34,0.00,1439
84.741,16.66,0.13,4.25,0.39,6.37,0.03,1435
84.757,16.67,0.15,4.25,0.50,6.36,0.00,1432
84.774,16.69,0.19,5.72,0.44,6.40,0.04,1426
84.791,16.67,0.15,4.21,0.55,6.14,0.00,1424
84.807,16.65,0.16,4.21,0.41,6.15,0.03,1417
84.824,16.73,0.14,4.58,0.50,5.97,0.00,1413
84.841,16.62,0.18,5.64,0.44,5.98,0.04,1409
84.857,16.70,0.16,4.19,0.51,6.00,0.00,1408
84.874,16.64,0.20,4.53,0.41,6.03,0.03,1406
84.891,16.65,0.16,4.27,0.51,5.69,0.00,1462
84.907,16.73,0.14,4.27,0.62,6.00,0.27,1462
84.924,16.62,0.16,4.27,0.51,5.99,0.00,1461
84.941,16.73,0.19,5.79,0.46,6.01,0.04,1461
84.957,16.60,0.15,4.28,0.50,6.00,0.00,1463
84.974,16.73,0.14,4.26,0.38,6.03,0.03,1463
84.991,16.60,0.15,4.63,0.51,6.02,0.00,1463
85.007,16.68,0.19,5.82,0.46,6.05,0.04,1463
85.024,16.65,0.16,4.30,0.49,6.04,0.00,1463
85.041,16.67,0.15,4.37,0.62,6.08,0.26,1519
85.057,16.67,0.15,4.38,0.50,6.33,0.00,1519
85.074,16.68,0.20,5.93,0.49,6.36,0.04,1520
85.091,16.66,0.14,4.42,0.57,6.37,0.00,1520
85.107,16.68,0.15,4.40,0.42,6.39,0.03,1520
85.124,16.66,0.17,4.40,0.51,6.38,0.00,1519
85.141,16.66,0.15,4.71,0.38,6.10,0.03,1519
85.157,16.74,0.20,5.95,0.57,6.05,0.00,1519
85.174,16.60,0.15,4.38,0.39,6.09,0.03,1519
85.191,16.67,0.16,4.73,0.50,6.07,0.00,1594
85.207,16.67,0.15,4.71,0.63,6.19,0.25,1593
85.224,16.67,0.17,4.72,0.52,6.17,0.00,1590
85.241,16.68,0.15,4.71,0.40,6.18,0.03,1588
85.257,16.66,0.15,4.72,0.51,6.19,0.00,1588
85.274,16.66,0.14,4.71,0.38,6.17,0.03,1589
85.291,16.68,0.15,4.74,0.50,6.19,0.00,1588
85.307,16.67,0.22,6.67,0.65,6.20,0.26,1650
85.324,16.66,0.16,4.94,0.51,6.48,0.00,1650
85.341,16.66,0.15,4.59,0.29,6.48,0.02,1649
85.357,16.68,0.16,4.96,0.40,6.47,0.00,1649
85.374,16.66,0.23,5.15,0.63,6.50,0.20,1710
85.391,16.66,0.23,5.03,0.39,6.77,0.00,1776
85.407,16.74,0.22,4.92,0.43,7.14,0.14,1775
85.424,16.60,0.23,4.49,0.39,7.11,0.00,1838
85.441,16.66,0.22,5.08,0.47,7.45,0.19,1836
85.457,16.66,0.15,4.79,0.41,7.44,0.00,1837
85.474,16.68,0.20,4.49,0.33,7.50,0.02,1837
85.491,16.74,0.21,4.39,0.40,7.49,0.00,1836
85.507,16.60,0.22,5.25,0.53,7.26,0.18,1894
85.524,16.66,0.24,4.57,0.43,7.56,0.00,1894
85.541,16.74,0.23,4.85,0.32,7.53,0.03,1894
85.557,16.60,0.24,4.71,0.42,7.55,0.00,1894
85.574,16.67,0.24,5.31,0.36,7.54,0.03,1894
85.591,16.67,0.24,4.73,0.41,7.54,0.00,1894
85.607,16.66,0.21,4.43,0.34,7.57,0.03,1894
85.624,16.68,0.26,5.28,0.42,7.60,0.00,1974
85.641,16.66,0.22,4.51,0.49,8.00,0.18,1973
85.657,16.66,0.17,3.99,0.44,7.77,0.00,1973
85.674,16.68,0.22,4.70,0.31,7.81,0.02,1973
85.691,16.67,0.25,5.02,0.42,7.80,0.00,2045
85.707,16.67,0.24,5.35,0.50,8.21,0.19,2045
85.724,16.68,0.25,4.82,0.41,8.19,0.00,2045
85.741,16.65,0.22,5.88,0.31,8.21,0.02,2045
85.757,16.67,0.23,5.33,0.42,8.21,0.00,2044
85.774,16.68,0.23,4.53,0.31,8.24,0.03,2044
85.791,16.66,0.22,4.89,0.40,8.26,0.00,2041
85.807,16.67,0.24,5.33,0.44,8.02,0.15,2115
85.824,16.75,0.28,5.06,0.42,8.38,0.00,2171
85.841,16.66,0.24,4.48,0.44,8.66,0.15,2171
85.857,16.60,0.23,4.96,0.41,8.67,0.00,2171
85.874,16.66,0.24,4.47,0.33,8.70,0.02,2172
85.891,16.68,0.25,5.54,0.42,8.70,0.00,2173
85.907,16.66,0.22,5.17,0.31,8.69,0.02,2171
85.924,16.68,0.24,4.19,0.41,8.47,0.00,2170
85.941,16.65,0.22,5.17,0.30,8.51,0.02,2169
85.957,16.67,0.23,4.65,0.41,8.49,0.00,2168
85.974,16.66,0.22,4.68,0.39,8.45,0.03,2167
85.991,16.73,0.24,4.67,0.50,8.29,0.00,2166
86.007,16.60,0.23,4.67,0.40,8.15,0.03,2165
86.024,16.67,0.23,4.68,0.55,8.12,0.00,2165
86.041,16.66,0.22,4.32,0.41,7.85,0.03,2165
86.057,16.68,0.23,4.34,0.55,7.86,0.00,2166
86.074,16.69,0.22,4.35,0.46,7.86,0.03,2165
86.091,16.64,0.25,4.34,0.52,7.83,0.00,2165
86.107,16.68,0.31,5.88,0.49,7.87,0.04,2165
86.124,16.66,0.23,4.39,0.55,7.60,0.00,2165
86.141,16.67,0.23,4.16,0.41,7.60,0.03,2165
86.157,16.67,0.24,4.15,0.55,7.57,0.00,2165
86.174,16.68,0.31,5.14,0.48,7.57,0.04,2165
86.191,16.67,0.24,3.82,0.54,7.53,0.00,2164
86.207,16.68,0.30,5.15,0.48,7.55,0.04,2164
86.224,16.65,0.32,5.18,0.61,7.52,0.00,2163
86.241,16.67,0.32,4.43,0.45,7.23,0.03,2163
86.257,16.67,0.36,5.03,0.61,7.17,0.00,2231
86.274,16.67,0.32,4.10,0.62,7.53,0.22,2231
86.291,16.65,0.25,3.73,0.58,7.46,0.00,2230
86.307,16.73,0.26,4.07,0.46,7.19,0.03,2228
86.324,16.62,0.24,4.09,0.59,7.16,0.00,2228
86.341,16.66,0.33,5.46,0.75,7.16,0.31,2302
86.357,16.67,0.25,4.06,0.55,7.46,0.00,2301
86.374,16.67,0.33,5.17,0.68,7.46,0.27,2379
86.391,16.68,0.25,4.21,0.54,7.81,0.00,2379
86.407,16.65,0.26,4.39,0.66,7.78,0.27,2456
86.424,16.68,0.25,4.41,0.57,8.01,0.00,2455
86.441,16.68,0.32,5.95,0.51,7.81,0.04,2454
86.457,16.72,0.27,4.65,0.55,7.79,0.00,2516
86.474,16.66,0.25,4.66,0.67,8.19,0.27,2516
86.491,16.62,0.27,4.34,0.52,8.04,0.00,2516
86.507,16.66,0.24,4.33,0.43,8.05,0.03,2514
86.524,16.67,0.25,4.35,0.55,8.02,0.00,2514
86.541,16.67,0.25,4.34,0.45,8.04,0.03,2514
86.557,16.67,0.28,4.02,0.56,8.04,0.00,2513
86.574,16.67,0.24,4.05,0.44,8.00,0.03,2513
86.591,16.68,0.35,5.44,0.61,8.00,0.00,2513
86.607,16.66,0.26,4.03,0.43,8.03,0.03,2513
86.624,16.70,0.27,4.04,0.54,7.96,0.00,2513
86.641,16.65,0.34,5.54,0.54,8.01,0.04,2512
86.657,16.70,0.25,4.05,0.57,7.95,0.00,2509
86.674,16.63,0.24,4.04,0.43,7.96,0.03,2508
86.691,16.67,0.29,4.35,0.56,7.94,0.00,2508
86.707,16.70,0.35,5.50,0.53,7.95,0.04,2507
86.724,16.64,0.26,4.06,0.55,7.89,0.00,2505
86.741,16.68,0.35,5.48,0.51,7.91,0.04,2504
86.757,16.66,0.25,4.07,0.55,7.89,0.00,2504
86.774,16.66,0.24,4.07,0.44,7.89,0.03,2504
86.791,16.77,0.36,4.85,0.57,7.86,0.00,2503
86.807,16.57,0.27,5.39,0.51,7.85,0.04,2503
86.824,16.68,0.26,4.11,0.55,7.83,0.00,2502
86.841,16.68,0.35,5.52,0.50,7.83,0.04,2502
86.857,16.65,0.25,4.02,0.57,7.76,0.00,2501
86.874,16.67,0.25,4.00,0.44,7.60,0.03,2501
86.891,16.67,0.26,4.22,0.56,7.58,0.00,2500
86.907,16.68,0.35,5.40,0.48,7.56,0.04,2500
86.924,16.67,0.26,4.01,0.53,7.54,0.00,2500
86.941,16.67,0.34,5.39,0.49,7.52,0.04,2499
86.957,16.67,0.33,5.42,0.64,7.27,0.00,2498
86.974,16.67,0.31,5.43,0.48,7.24,0.04,2497
86.991,16.66,0.27,4.02,0.55,7.01,0.00,2497
87.007,16.67,0.24,3.97,0.44,7.00,0.03,2496
87.024,16.70,0.33,5.34,0.63,6.66,0.00,2496
87.041,16.66,0.33,5.33,0.49,6.64,0.04,2496
87.057,16.65,0.26,3.96,0.56,6.58,0.00,2495
87.074,16.67,0.24,3.95,0.45,6.35,0.03,2495
87.091,16.67,0.36,5.34,0.61,6.30,0.00,2494
87.107,16.66,0.24,3.94,0.44,6.29,0.03,2494
87.124,16.67,0.26,3.94,0.56,6.22,0.00,2493
87.141,16.68,0.34,5.33,0.53,6.19,0.04,2489
87.158,16.70,0.26,3.57,0.55,6.17,0.00,2471
87.174,16.64,0.33,4.12,0.44,6.12,0.03,2470
87.191,16.67,0.35,4.81,0.61,6.08,0.00,2469
87.207,16.67,0.34,4.82,0.48,6.06,0.04,2469
87.224,16.66,0.28,3.58,0.56,6.04,0.00,2469
87.241,16.68,0.34,4.82,0.51,6.01,0.04,2469
87.258,16.67,0.26,3.57,0.55,5.93,0.00,2470
87.274,16.67,0.34,4.48,0.47,5.93,0.04,2470
87.291,16.67,0.35,4.51,0.61,5.86,0.00,2467
87.308,16.69,0.33,4.49,0.50,5.84,0.04,2466
87.324,16.65,0.36,4.49,0.61,5.78,0.00,2466
87.341,16.68,0.35,4.17,0.53,5.75,0.04,2465
87.358,16.66,0.35,4.04,0.60,5.74,0.00,2463
87.374,16.68,0.32,4.02,0.48,5.71,0.04,2464
87.391,16.66,0.36,3.90,0.64,5.69,0.00,2464
87.408,16.73,0.35,3.99,0.56,5.63,0.05,2463
87.424,16.63,0.40,4.03,0.66,5.60,0.00,2463
87.441,16.62,0.19,3.01,0.57,5.61,0.04,2461
87.457,16.67,0.20,2.99,0.70,5.55,0.00,2461
87.474,16.67,0.18,2.93,0.56,5.53,0.04,2462
87.491,16.67,0.20,2.88,0.71,5.47,0.00,2462
87.507,16.66,0.18,2.88,0.58,5.47,0.04,2462
87.524,16.67,0.20,2.90,0.73,5.44,0.00,2459
87.541,16.67,0.20,2.90,0.55,5.42,0.04,2459
87.558,16.67,0.20,2.88,0.72,5.37,0.00,2458
87.574,16.66,0.18,2.89,0.57,5.35,0.05,2455
87.591,16.67,0.21,2.60,0.74,5.31,0.00,2431
87.608,16.70,0.19,2.20,0.52,5.25,0.03,2430
87.624,16.64,0.20,2.62,0.73,5.21,0.00,2429
87.641,16.68,0.26,2.63,0.61,5.18,0.05,2429
87.658,16.70,0.28,2.56,0.74,5.15,0.00,2425
87.674,16.65,0.25,2.40,0.64,5.12,0.05,2425
87.691,16.65,0.25,2.21,0.64,5.11,0.00,2425
87.708,16.74,0.25,2.20,0.58,5.06,0.04,2425
87.724,16.59,0.25,2.19,0.65,5.06,0.00,2425
87.741,16.67,0.25,2.63,0.55,5.02,0.04,2424
87.758,16.67,0.25,2.22,0.67,5.00,0.00,2424
87.774,16.66,0.25,2.50,0.56,4.96,0.04,2424
87.791,16.67,0.24,1.89,0.66,4.90,0.00,2424
87.808,16.66,0.25,2.21,0.54,4.89,0.04,2424
87.824,16.79,0.27,1.89,0.63,4.86,0.00,2422
87.841,16.62,0.27,1.88,0.49,4.85,0.03,2421
87.858,16.60,0.25,1.91,0.65,4.82,0.00,2420
87.874,16.66,0.25,2.23,0.57,4.79,0.04,2421
87.891,16.74,0.27,1.89,0.62,4.75,0.00,2421
87.908,16.60,0.26,1.89,0.51,4.72,0.03,2419
87.924,16.74,0.26,1.90,0.60,4.71,0.00,2419
87.941,16.62,0.32,2.55,0.56,4.67,0.04,2419
87.958,16.66,0.37,2.58,0.73,4.63,0.00,2419
87.974,16.67,0.31,2.56,0.55,4.62,0.04,2419
87.991,16.65,0.35,2.58,0.69,4.58,0.00,2419
88.008,16.66,0.32,2.56,0.55,4.57,0.04,2419
88.024,16.67,0.35,2.57,0.68,4.50,0.00,2420
88.041,16.67,0.33,2.57,0.56,4.52,0.04,2421
88.058,16.67,0.34,2.58,0.69,4.44,0.00,2420
88.074,16.69,0.33,2.57,0.55,4.43,0.04,2419
88.091,16.64,0.35,2.56,0.69,4.38,0.00,2418
88.108,16.68,0.32,2.58,0.57,4.37,0.04,2418
88.124,16.65,0.35,2.60,0.69,4.31,0.00,2417
88.141,16.68,0.34,2.59,0.58,4.30,0.04,2416
88.158,16.66,0.34,2.60,0.73,4.25,0.00,2416
88.174,16.67,0.33,2.58,0.55,4.24,0.04,2414
88.191,16.67,0.36,2.59,0.69,4.19,0.00,2412
88.208,16.67,0.32,2.59,0.54,4.18,0.04,2410
88.224,16.66,0.35,2.19,0.72,4.12,0.00,2400
88.241,16.68,0.35,2.22,0.61,4.09,0.04,2396
88.258,16.66,0.35,2.19,0.70,4.04,0.00,2389
88.274,16.68,0.32,2.17,0.57,4.01,0.04,2384
88.291,16.66,0.34,2.19,0.70,3.99,0.00,2379
88.308,16.68,0.32,1.69,0.54,3.95,0.04,2348
88.324,16.65,0.33,1.71,0.68,3.89,0.00,2348
88.341,16.68,0.32,1.55,0.56,3.88,0.04,2345
88.358,16.66,0.33,1.56,0.69,3.83,0.00,2342
88.374,16.67,0.32,1.36,0.55,3.82,0.04,2339
88.391,16.68,0.35,1.39,0.69,3.78,0.00,2334
88.408,16.71,0.32,1.37,0.55,3.79,0.04,2325
88.424,16.61,0.34,0.94,0.71,3.73,0.00,2254
88.441,16.67,0.32,0.93,0.55,3.66,0.04,2252
88.458,16.68,0.35,0.98,0.73,3.63,0.00,2250
88.474,16.66,0.37,0.99,0.66,3.64,0.05,2245
88.491,16.68,0.36,0.97,0.72,3.59,0.00,2244
88.508,16.73,0.32,0.95,0.58,3.58,0.05,2242
88.524,16.57,0.33,0.95,0.70,3.54,0.00,2240
88.541,16.67,0.33,0.94,0.56,3.56,0.05,2237
88.558,16.66,0.33,0.95,0.70,3.50,0.00,2232
88.574,16.67,0.33,0.95,0.54,3.51,0.05,2228
88.591,16.67,0.35,0.94,0.71,3.46,0.00,2224
88.608,16.68,0.32,0.95,0.58,3.46,0.06,2220
88.624,16.66,0.35,0.94,0.68,3.44,0.00,2215
88.641,16.74,0.32,0.95,0.62,3.41,0.05,2213
88.658,16.64,0.33,0.96,0.70,3.38,0.00,2209
88.674,16.62,0.34,0.95,0.58,3.37,0.05,2206
88.691,16.68,0.34,0.96,0.69,3.34,0.00,2202
88.708,16.67,0.34,0.96,0.55,3.33,0.04,2200
88.724,16.66,0.35,0.96,0.73,3.29,0.00,2193
88.741,16.67,0.33,0.94,0.56,3.29,0.04,2191
88.758,16.67,0.35,0.95,0.72,3.26,0.00,2190
88.774,16.69,0.32,0.94,0.57,3.25,0.04,2190
88.791,16.64,0.35,0.96,0.69,3.24,0.00,2187
88.808,16.67,0.33,0.94,0.56,3.23,0.05,2180
88.824,16.74,0.34,0.95,0.67,3.21,0.00,2173
88.841,16.60,0.36,0.96,0.58,3.18,0.05,2171
88.858,16.66,0.34,0.95,0.71,3.16,0.00,2167
88.874,16.67,0.33,0.95,0.54,3.15,0.05,2159
88.891,16.67,0.34,0.97,0.68,3.12,0.00,2158
88.908,16.70,0.33,0.96,0.55,3.11,0.04,2155
88.924,16.64,0.33,0.97,0.70,3.07,0.00,2153
88.941,16.68,0.33,0.94,0.55,3.07,0.05,2150
88.958,16.66,0.33,0.95,0.65,3.03,0.00,2145
88.974,16.75,0.31,0.94,0.53,3.04,0.04,2143
88.991,16.58,0.34,0.96,0.69,3.01,0.00,2140
89.008,16.67,0.33,0.94,0.53,3.01,0.04,2137
89.024,16.68,0.34,0.95,0.67,2.97,0.00,2129
89.041,16.66,0.34,0.96,0.57,2.99,0.05,2124
89.058,16.67,0.35,0.95,0.70,2.93,0.00,2121
89.074,16.66,0.34,0.94,0.56,2.94,0.04,2117
89.091,16.67,0.34,0.95,0.70,2.91,0.00,2111
89.108,16.66,0.32,0.94,0.55,2.90,0.04,2107
89.124,16.68,0.32,0.96,0.71,2.88,0.00,2099
89.141,16.66,0.33,0.95,0.58,2.88,0.05,2089
89.158,16.66,0.34,0.95,0.68,2.84,0.00,2083
89.174,16.66,0.30,0.94,0.53,2.86,0.04,2076
89.191,16.67,0.33,0.94,0.66,2.81,0.00,2071
89.208,16.67,0.30,0.93,0.53,2.80,0.04,2065
89.224,16.67,0.33,0.94,0.71,2.79,0.00,2061
89.241,16.66,0.32,0.93,0.52,2.77,0.04,2058
89.258,16.66,0.33,0.95,0.70,2.77,0.00,2052
89.274,16.67,0.32,0.93,0.55,2.75,0.04,2044
89.291,16.67,0.32,0.94,0.68,2.73,0.00,2038
89.308,16.67,0.32,0.90,0.50,2.72,0.04,2033
89.324,16.67,0.33,0.93,0.72,2.70,0.00,2024
89.341,16.67,0.32,0.93,0.55,2.69,0.04,2018
89.358,16.66,0.33,0.92,0.68,2.66,0.00,2011
89.374,16.68,0.31,0.93,0.54,2.66,0.04,2007
89.391,16.66,0.32,0.94,0.68,2.64,0.00,2001
89.408,16.68,0.33,0.95,0.58,2.63,0.05,1992
89.424,16.66,0.32,0.92,0.67,2.62,0.00,1985
89.441,16.68,0.30,0.91,0.52,2.61,0.04,1976
89.458,16.65,0.33,0.93,0.67,2.59,0.00,1971
89.474,16.69,0.32,0.93,0.60,2.58,0.04,1959
89.491,16.66,0.34,0.95,0.70,2.56,0.00,1951
89.508,16.72,0.31,0.91,0.53,2.56,0.06,1945
89.524,16.61,0.33,0.92,0.65,2.54,0.00,1933
89.541,16.66,0.31,0.91,0.54,2.53,0.04,1930
89.558,16.67,0.32,0.91,0.68,2.51,0.00,1921
89.574,16.68,0.30,0.91,0.53,2.51,0.04,1917
89.591,16.74,0.32,0.93,0.71,2.49,0.00,1907
89.608,16.59,0.30,0.91,0.53,2.47,0.04,1898
89.624,16.68,0.33,0.91,0.66,2.45,0.00,1892
89.641,16.66,0.31,0.89,0.51,2.45,0.04,1882
89.658,16.75,0.32,0.91,0.69,2.42,0.00,1875
89.674,16.59,0.30,0.91,0.54,2.42,0.04,1863
89.691,16.66,0.31,0.91,0.67,2.40,0.00,1857
89.708,16.70,0.33,0.90,0.58,2.39,0.06,1845
89.724,16.64,0.31,0.90,0.70,2.38,0.00,1842
89.741,16.67,0.31,0.88,0.53,2.38,0.04,1837
89.758,16.68,0.31,0.89,0.68,2.37,0.00,1831
89.774,16.66,0.31,0.90,0.57,2.36,0.04,1825
89.791,16.68,0.31,0.90,0.71,2.33,0.00,1814
89.808,16.65,0.30,0.88,0.53,2.35,0.04,1808
89.824,16.76,0.31,0.89,0.68,2.31,0.00,1803
89.841,16.61,0.30,0.94,0.55,2.32,0.05,1798
89.858,16.63,0.22,0.66,0.52,2.30,0.00,1793
89.874,16.67,0.21,0.65,0.40,2.28,0.03,1784
89.891,16.68,0.31,0.89,0.68,2.27,0.00,1777
89.908,16.68,0.33,0.89,0.55,2.28,0.04,1768
89.924,16.68,0.30,0.88,0.65,2.25,0.00,1764
89.941,16.74,0.29,0.87,0.55,2.26,0.05,1754
89.958,16.58,0.31,0.88,0.66,2.24,0.00,1745
89.974,16.68,0.28,0.87,0.53,2.24,0.04,1737
89.991,16.66,0.31,0.88,0.66,2.21,0.00,1728
90.008,16.67,0.30,0.87,0.53,2.22,0.04,1721
90.024,16.67,0.31,0.86,0.71,2.20,0.00,1713
90.041,16.68,0.29,0.85,0.53,2.20,0.04,1708
90.058,16.66,0.31,0.87,0.70,2.18,0.00,1698
90.074,16.66,0.30,0.83,0.53,2.17,0.04,1687
90.091,16.67,0.30,0.89,0.66,2.16,0.00,1677
90.108,16.67,0.29,0.85,0.51,2.16,0.04,1672
90.124,16.69,0.31,0.85,0.65,2.15,0.00,1664
90.141,16.64,0.30,0.84,0.51,2.16,0.04,1654
90.158,16.67,0.31,0.86,0.67,2.13,0.00,1644
90.174,16.67,0.30,0.85,0.51,2.12,0.04,1639
90.191,16.67,0.31,0.86,0.68,2.11,0.00,1630
90.208,16.68,0.27,0.83,0.53,2.12,0.04,1621
90.224,16.65,0.30,0.86,0.69,2.10,0.00,1612
90.241,16.67,0.29,0.84,0.51,2.09,0.04,1605
90.258,16.68,0.31,0.84,0.68,2.08,0.00,1600
90.274,16.65,0.28,0.82,0.51,2.08,0.04,1594
90.291,16.67,0.29,0.83,0.66,2.07,0.00,1587
90.308,16.68,0.27,0.82,0.48,2.07,0.04,1578
90.324,16.66,0.30,0.84,0.68,2.05,0.00,1572
90.341,16.68,0.27,0.81,0.50,2.05,0.04,1562
90.358,16.67,0.29,0.82,0.67,2.03,0.00,1554
90.374,16.68,0.27,0.84,0.52,2.03,0.04,1550
90.391,16.64,0.29,0.83,0.65,2.01,0.00,1543
90.408,16.67,0.29,0.80,0.54,2.03,0.04,1532
90.424,16.69,0.33,0.83,0.65,2.01,0.00,1522
90.441,16.65,0.26,0.80,0.50,2.02,0.04,1514
90.458,16.67,0.29,0.82,0.69,1.99,0.00,1507
90.474,16.67,0.27,0.79,0.50,2.00,0.04,1504
90.491,16.68,0.31,0.82,0.68,1.98,0.00,1502
90.508,16.66,0.27,0.80,0.51,1.98,0.04,1498
90.524,16.67,0.29,0.81,0.64,1.97,0.00,1490
90.541,16.67,0.27,0.81,0.52,1.98,0.04,1483
90.558,16.67,0.29,0.82,0.67,1.96,0.00,1474
90.574,16.67,0.29,0.81,0.52,1.96,0.04,1467
90.591,16.67,0.29,0.82,0.65,1.94,0.00,1459
90.608,16.67,0.28,0.81,0.53,1.95,0.04,1453
90.624,16.68,0.28,0.82,0.69,1.94,0.00,1448
90.641,16.66,0.27,0.78,0.52,1.94,0.04,1443
90.658,16.67,0.24,0.80,0.67,1.93,0.00,1435
90.674,16.66,0.21,0.77,0.49,1.92,0.04,1428
90.691,16.68,0.21,0.79,0.64,1.92,0.00,1418
90.708,16.73,0.21,0.79,0.54,1.92,0.04,1413
90.724,16.60,0.22,0.80,0.67,1.90,0.00,1405
90.741,16.67,0.21,0.77,0.50,1.91,0.04,1402
90.758,16.66,0.21,0.80,0.64,1.89,0.00,1395
90.774,16.67,0.20,0.77,0.50,1.90,0.04,1393
90.791,16.68,0.21,0.81,0.69,1.89,0.00,1385
90.808,16.67,0.21,0.71,0.59,1.88,0.04,1374
90.825,16.74,0.22,0.73,0.73,1.87,0.00,1368
90.841,16.59,0.19,0.70,0.50,1.89,0.04,1361
90.858,16.66,0.22,0.72,0.68,1.86,0.00,1356
90.874,16.67,0.20,0.69,0.49,1.87,0.05,1349
90.891,16.67,0.23,0.73,0.66,1.85,0.00,1346
90.908,16.67,0.21,0.72,0.53,1.85,0.05,1342
90.925,16.69,0.20,0.71,0.64,1.84,0.00,1337
90.941,16.65,0.21,0.70,0.49,1.85,0.04,1330
90.958,16.67,0.21,0.69,0.63,1.84,0.00,1323
90.974,16.67,0.20,0.69,0.47,1.85,0.05,1318
90.991,16.66,0.22,0.71,0.65,1.83,0.00,1315
91.008,16.69,0.13,0.39,0.57,1.83,0.05,1308
91.025,16.66,0.22,0.72,0.68,1.82,0.00,1301
91.041,16.66,0.22,0.72,0.54,1.82,0.04,1294
91.058,16.67,0.22,0.71,0.68,1.81,0.00,1282
91.075,16.68,0.19,0.70,0.49,1.82,0.05,1277
91.091,16.65,0.21,0.71,0.66,1.81,0.00,1270
91.108,16.67,0.21,0.68,0.52,1.81,0.04,1262
91.125,16.67,0.21,0.70,0.69,1.79,0.00,1258
91.141,16.67,0.19,0.68,0.50,1.79,0.05,1251
91.158,16.68,0.19,0.70,0.65,1.79,0.00,1245
91.175,16.66,0.20,0.71,0.52,1.79,0.04,1242
91.191,16.66,0.20,0.69,0.65,1.79,0.00,1226
91.208,16.68,0.20,0.69,0.52,1.79,0.05,1219
91.225,16.68,0.21,0.69,0.65,1.78,0.00,1210
91.241,16.67,0.18,0.67,0.51,1.78,0.04,1204
91.258,16.65,0.20,0.68,0.66,1.76,0.00,1201
91.275,16.67,0.20,0.66,0.51,1.77,0.04,1192
91.291,16.66,0.20,0.68,0.64,1.76,0.00,1183
91.308,16.67,0.19,0.64,0.50,1.77,0.05,1178
91.325,16.67,0.22,0.69,0.70,1.75,0.00,1175
91.341,16.68,0.20,0.69,0.55,1.76,0.04,1171
91.358,16.69,0.19,0.68,0.68,1.75,0.00,1164
91.375,16.64,0.18,0.67,0.54,1.76,0.04,1163
91.391,16.68,0.20,0.68,0.67,1.75,0.00,1160
91.408,16.65,0.20,0.67,0.54,1.75,0.04,1157
91.425,16.66,0.20,0.66,0.66,1.75,0.00,1154
91.441,16.67,0.19,0.65,0.50,1.76,0.05,1149
91.458,16.67,0.19,0.66,0.64,1.73,0.00,1138
91.475,16.67,0.18,0.65,0.50,1.75,0.04,1131
91.491,16.67,0.19,0.66,0.65,1.73,0.00,1125
91.508,16.66,0.19,0.66,0.51,1.75,0.04,1120
91.525,16.67,0.19,0.65,0.67,1.72,0.00,1109
91.541,16.67,0.19,0.63,0.49,1.72,0.04,1101
91.558,16.67,0.20,0.66,0.67,1.72,0.00,1095
91.575,16.67,0.20,0.65,0.52,1.73,0.04,1085
91.591,16.70,0.20,0.65,0.65,1.71,0.00,1080
91.608,16.63,0.19,0.64,0.51,1.74,0.04,1074
91.625,16.66,0.11,0.34,0.43,1.71,0.00,1063
91.641,16.68,0.20,0.62,0.52,1.71,0.05,1055
91.658,16.68,0.20,0.64,0.66,1.71,0.00,1046
91.675,16.67,0.17,0.61,0.47,1.72,0.04,1041
91.691,16.66,0.19,0.63,0.64,1.71,0.00,1032
91.708,16.69,0.17,0.60,0.49,1.72,0.04,1026
91.725,16.65,0.18,0.63,0.64,1.71,0.00,1023
91.741,16.67,0.17,0.61,0.50,1.71,0.04,1016
91.758,16.67,0.19,0.62,0.61,1.71,0.00,1007
91.775,16.68,0.18,0.62,0.48,1.71,0.04,1004
91.791,16.67,0.19,0.67,0.62,1.68,0.00,994
91.808,16.69,0.19,0.62,0.51,1.69,0.04,985
91.825,16.65,0.18,0.63,0.66,1.69,0.00,976
91.841,16.66,0.17,0.58,0.48,1.70,0.04,971
91.858,16.68,0.19,0.62,0.66,1.69,0.00,969
91.875,16.66,0.18,0.60,0.48,1.69,0.05,964
91.891,16.70,0.19,0.62,0.70,1.67,0.00,959
91.908,16.64,0.19,0.61,0.53,1.69,0.05,948
91.925,16.68,0.18,0.61,0.62,1.67,0.00,941
91.941,16.65,0.17,0.59,0.49,1.69,0.04,934
91.958,16.69,0.17,0.61,0.62,1.67,0.00,929
91.975,16.73,0.16,0.60,0.56,1.68,0.04,927
91.991,16.58,0.17,0.59,0.63,1.67,0.00,920
92.008,16.67,0.16,0.57,0.47,1.68,0.05,910
92.025,16.68,0.18,0.61,0.67,1.66,0.00,905
92.041,16.67,0.15,0.58,0.53,1.68,0.05,899
92.058,16.65,0.18,0.60,0.63,1.67,0.00,891
92.075,16.67,0.16,0.59,0.48,1.67,0.05,883
92.091,16.66,0.17,0.59,0.60,1.65,0.00,877
92.108,16.67,0.13,0.56,0.50,1.67,0.04,865
92.125,16.67,0.13,0.59,0.63,1.65,0.00,858
92.141,16.70,0.12,0.56,0.48,1.65,0.04,849
92.158,16.66,0.12,0.58,0.63,1.64,0.00,840
92.175,16.65,0.12,0.56,0.45,1.65,0.04,838
92.191,16.66,0.14,0.56,0.60,1.64,0.00,825
92.208,16.68,0.12,0.54,0.45,1.65,0.04,816
92.225,16.67,0.13,0.54,0.58,1.64,0.00,809
92.241,16.67,0.11,0.56,0.46,1.63,0.04,804
92.258,16.72,0.13,0.58,0.67,1.63,0.00,799
92.275,16.62,0.14,0.57,0.50,1.64,0.05,790
92.291,16.66,0.13,0.56,0.62,1.64,0.00,783
92.308,16.68,0.11,0.54,0.45,1.62,0.04,773
92.325,16.68,0.11,0.56,0.62,1.64,0.00,768
92.341,16.64,0.12,0.53,0.47,1.65,0.04,763
92.358,16.67,0.14,0.56,0.64,1.63,0.00,758
92.375,16.68,0.11,0.55,0.46,1.62,0.04,748
92.391,16.66,0.13,0.55,0.62,1.62,0.00,734
92.408,16.67,0.11,0.53,0.47,1.63,0.04,730
92.425,16.66,0.14,0.54,0.65,1.63,0.00,720
92.441,16.66,0.11,0.53,0.48,1.62,0.04,714
92.458,16.67,0.12,0.53,0.59,1.62,0.00,708
92.475,16.66,0.11,0.51,0.46,1.63,0.05,702
92.491,16.67,0.13,0.55,0.61,1.60,0.00,696
92.508,16.67,0.11,0.48,0.51,1.60,0.04,689
92.525,16.66,0.12,0.49,0.63,1.60,0.00,679
92.541,16.67,0.12,0.46,0.45,1.62,0.04,672
92.558,16.67,0.12,0.49,0.58,1.61,0.00,667
92.575,16.66,0.11,0.45,0.45,1.61,0.04,660
92.591,16.68,0.12,0.50,0.60,1.61,0.00,653
92.608,16.67,0.12,0.48,0.54,1.61,0.05,651
92.625,16.74,0.13,0.48,0.65,1.60,0.00,644
92.641,16.60,0.13,0.48,0.55,1.60,0.05,639
92.658,16.65,0.13,0.48,0.64,1.59,0.00,631
92.675,16.66,0.12,0.45,0.49,1.58,0.05,627
92.691,16.67,0.12,0.47,0.60,1.59,0.00,620
92.708,16.67,0.11,0.47,0.45,1.60,0.05,618
92.725,16.66,0.12,0.47,0.62,1.58,0.00,612
92.741,16.67,0.11,0.46,0.47,1.59,0.04,608
92.758,16.68,0.12,0.47,0.62,1.59,0.00,604
92.775,16.65,0.11,0.43,0.48,1.59,0.04,591
92.791,16.67,0.11,0.45,0.61,1.60,0.00,578
92.808,16.67,0.11,0.42,0.47,1.57,0.04,569
92.825,16.75,0.10,0.48,0.65,1.57,0.00,563
92.841,16.62,0.10,0.47,0.51,1.58,0.05,557
92.858,16.64,0.12,0.46,0.64,1.57,0.00,549
92.875,16.68,0.09,0.43,0.46,1.56,0.04,542
92.891,16.65,0.11,0.45,0.61,1.56,0.00,535
92.908,16.68,0.09,0.42,0.48,1.56,0.04,528
92.925,16.66,0.10,0.45,0.63,1.56,0.00,524
92.941,16.66,0.08,0.43,0.44,1.56,0.04,510
92.958,16.69,0.08,0.44,0.63,1.56,0.00,503
92.975,16.66,0.07,0.45,0.45,1.55,0.04,495
92.991,16.66,0.09,0.44,0.62,1.55,0.00,490
93.008,16.69,0.07,0.41,0.45,1.55,0.04,483
93.025,16.65,0.08,0.43,0.60,1.55,0.00,474
93.041,16.70,0.06,0.43,0.46,1.56,0.04,468
93.058,16.64,0.08,0.42,0.59,1.55,0.00,461
93.075,16.68,0.06,0.41,0.46,1.55,0.04,452
93.091,16.66,0.08,0.43,0.60,1.54,0.00,441
93.108,16.67,0.08,0.43,0.49,1.55,0.04,434
93.125,16.66,0.08,0.43,0.61,1.54,0.00,426
93.141,16.67,0.07,0.39,0.44,1.55,0.05,419
93.158,16.68,0.06,0.40,0.60,1.54,0.00,410
93.175,16.66,0.07,0.40,0.48,1.56,0.04,402
93.191,16.67,0.08,0.43,0.61,1.54,0.00,395
93.208,16.68,0.05,0.39,0.46,1.55,0.05,384
93.225,16.66,0.07,0.40,0.61,1.54,0.00,376
93.241,16.66,0.05,0.40,0.44,1.54,0.04,366
93.258,16.68,0.04,0.43,0.64,1.54,0.00,360
93.275,16.66,0.06,0.42,0.49,1.54,0.04,358
93.291,16.67,0.05,0.39,0.60,1.53,0.00,351
93.308,16.67,0.06,0.39,0.42,1.54,0.04,336
93.325,16.67,0.06,0.41,0.59,1.54,0.00,327
93.341,16.67,0.05,0.39,0.44,1.55,0.05,323
93.358,16.68,0.04,0.43,0.62,1.54,0.00,316
93.375,16.69,0.04,0.39,0.44,1.54,0.04,312
93.391,16.63,0.04,0.39,0.62,1.53,0.00,309
93.408,16.69,0.04,0.35,0.45,1.54,0.04,298
93.425,16.68,0.05,0.37,0.60,1.52,0.00,294
93.441,16.66,0.04,0.35,0.41,1.53,0.04,291
93.458,16.65,0.04,0.36,0.55,1.53,0.00,277
93.475,16.67,0.03,0.34,0.45,1.53,0.04,268
93.491,16.68,0.03,0.38,0.60,1.52,0.00,257
93.508,16.66,0.04,0.36,0.46,1.53,0.04,251
93.525,16.66,0.01,0.37,0.58,1.53,0.00,248
93.541,16.67,0.01,0.35,0.43,1.53,0.04,243
93.558,16.67,0.02,0.39,0.59,1.52,0.00,267
