t,frameMs,tickMs,buildMs,encodeMs,gpuMs,inkMs,instances
0.000,28.94,0.00,0.16,1.47,0.00,0.00,375
0.017,16.69,0.00,0.09,0.69,8.12,0.00,375
0.033,16.70,0.01,0.18,0.73,2.42,0.00,374
0.050,16.69,0.00,0.12,0.11,7.96,0.00,374
0.067,16.59,0.00,0.13,0.12,8.63,0.00,373
0.083,16.69,0.00,0.11,0.10,7.38,0.00,374
0.100,16.65,0.00,0.11,0.11,8.01,0.00,374
0.117,16.76,0.00,0.13,0.12,7.88,0.00,374
0.133,16.67,0.08,0.19,0.30,7.87,0.00,373
0.150,16.65,0.02,0.29,0.37,6.74,0.00,373
0.167,16.58,0.01,0.21,0.36,6.93,0.00,373
0.183,16.67,0.02,0.24,0.36,4.34,0.00,373
0.202,18.18,0.01,0.24,15.03,5.76,0.00,372
0.239,37.57,0.02,0.26,0.53,2.53,0.00,373
0.267,27.58,0.01,0.24,0.37,3.88,0.00,371
0.283,16.67,0.02,0.24,0.38,5.70,0.00,366
0.300,16.73,0.01,0.24,0.36,5.60,0.00,365
0.317,16.62,0.01,0.24,0.36,5.62,0.00,364
0.333,16.71,0.01,0.22,0.36,5.47,0.00,363
0.376,42.13,0.01,0.35,0.64,5.51,0.00,363
0.377,1.09,0.01,0.21,0.74,5.51,0.00,362
0.383,6.72,0.01,0.32,15.98,3.82,0.00,361
0.400,16.72,0.01,0.16,16.36,5.50,0.00,363
0.417,16.63,0.01,0.14,16.36,5.53,0.00,362
0.433,16.68,0.01,0.14,16.28,5.43,0.00,361
0.450,16.71,0.00,0.14,16.47,5.45,0.00,359
0.467,16.70,0.01,0.28,16.28,5.50,0.00,359
0.484,16.99,0.01,0.30,15.95,5.50,0.00,357
0.503,18.94,0.01,0.31,13.70,5.48,0.00,357
0.517,14.08,0.01,0.39,16.15,4.25,0.00,357
0.538,21.54,0.02,0.34,11.37,5.55,0.00,356
0.550,12.10,0.01,0.31,16.10,2.55,0.00,355
0.567,16.49,0.01,0.30,16.25,2.57,0.00,354
0.584,16.65,0.02,0.26,16.32,2.55,0.00,351
0.600,16.67,0.01,0.38,16.03,5.55,0.00,351
0.617,16.50,0.01,0.39,16.21,5.49,0.00,351
0.633,16.70,0.01,0.30,16.31,5.50,0.00,350
0.650,16.72,0.01,0.26,16.17,5.54,0.00,350
0.667,16.52,0.01,0.41,16.11,2.58,0.00,349
0.683,16.67,0.00,0.09,16.16,2.57,0.00,349
0.700,16.68,0.00,0.10,16.18,5.61,0.00,349
0.717,16.72,0.00,0.12,16.37,5.55,0.00,349
0.733,16.60,0.01,0.23,16.49,5.58,0.00,347
0.751,17.42,0.01,0.25,15.01,3.32,0.00,344
0.767,15.94,0.01,0.22,15.84,3.28,0.00,343
0.783,16.71,0.01,0.20,15.64,2.75,0.00,342
0.800,16.61,0.01,0.20,15.73,2.49,0.00,341
0.817,16.70,0.01,0.21,16.06,2.49,0.00,339
0.833,16.67,0.01,0.40,15.61,2.48,0.00,339
0.850,16.64,0.01,0.52,15.70,2.47,0.00,340
0.867,16.70,0.01,0.61,15.57,2.66,0.00,340
0.889,22.16,0.02,0.54,10.06,2.45,0.00,339
0.900,11.23,0.01,0.38,15.65,2.46,0.00,339
0.917,16.65,0.01,0.41,15.41,2.45,0.00,339
0.933,16.58,0.01,0.20,16.08,2.41,0.00,337
0.950,16.69,0.03,0.43,15.65,2.43,0.00,335
0.967,16.69,0.01,0.41,15.67,2.42,0.00,336
0.983,16.65,0.01,0.39,15.82,2.41,0.00,335
1.000,16.68,0.01,0.40,15.77,2.40,0.00,334
1.017,16.67,0.01,0.42,15.69,2.39,0.00,334
1.033,16.66,0.02,0.43,15.67,2.39,0.00,332
1.050,16.67,0.01,0.43,15.70,2.41,0.00,332
1.067,16.66,0.01,0.40,15.83,2.40,0.00,332
1.083,16.66,0.01,0.30,15.63,2.38,0.00,332
1.100,16.68,0.01,0.29,16.00,2.34,0.00,328
1.117,16.70,0.02,0.43,15.69,2.38,0.00,327
1.133,16.68,0.02,0.56,15.76,2.37,0.00,327
1.150,16.64,0.02,0.53,15.85,2.37,0.00,326
1.167,16.71,0.02,0.97,15.50,2.36,0.00,325
1.183,16.63,0.02,0.58,15.73,2.36,0.00,324
1.200,16.67,0.03,0.54,15.77,2.37,0.00,324
1.217,16.66,0.02,0.55,15.78,2.38,0.00,324
1.233,16.65,0.01,0.53,15.71,2.36,0.00,322
1.250,16.68,0.02,0.56,15.61,2.37,0.00,319
1.267,16.68,0.02,0.55,15.73,2.36,0.00,318
1.283,16.68,0.02,0.51,15.67,2.35,0.00,318
1.300,16.64,0.02,0.53,15.83,2.35,0.00,318
1.317,16.66,0.01,0.52,15.70,2.36,0.00,317
1.333,16.70,0.02,0.51,15.67,2.36,0.00,315
1.350,16.64,0.01,0.50,15.71,2.37,0.00,314
1.367,16.70,0.02,0.51,15.76,2.38,0.00,313
1.383,16.64,0.02,0.54,15.94,2.37,0.00,312
1.400,16.66,0.02,0.54,15.84,2.38,0.00,311
1.417,16.68,0.02,0.52,15.77,2.38,0.00,308
1.434,16.75,0.02,0.49,15.63,2.37,0.00,308
1.450,16.59,0.02,0.51,15.70,2.38,0.00,309
1.467,16.78,0.02,0.51,15.88,2.38,0.00,310
1.483,16.53,0.23,0.91,15.12,2.46,0.00,359
1.500,16.72,0.06,0.77,15.44,3.33,0.00,356
1.517,16.82,0.04,0.76,15.47,3.30,0.00,355
1.533,16.51,0.04,0.81,15.54,3.29,0.00,353
1.550,16.65,0.04,0.77,15.43,3.29,0.00,352
1.567,16.68,0.04,0.76,15.52,3.29,0.00,351
1.583,16.72,0.06,0.75,15.39,3.28,0.00,351
1.600,16.64,0.06,0.76,15.38,3.29,0.00,349
1.617,16.72,0.04,0.75,15.50,3.27,0.00,350
1.634,16.68,0.04,0.80,15.50,3.26,0.00,350
1.650,16.56,0.04,0.79,15.53,3.32,0.00,350
1.667,16.68,0.04,0.82,15.55,3.35,0.00,351
1.683,16.67,0.07,0.82,15.51,3.36,0.00,352
1.700,16.67,0.04,0.82,15.57,3.36,0.00,383
1.717,16.65,0.04,0.81,15.53,3.38,0.00,384
1.733,16.68,0.08,0.87,15.51,3.36,0.00,385
1.750,16.65,0.03,0.79,14.98,3.37,0.00,388
1.767,16.65,0.01,0.27,15.48,3.35,0.00,390
1.784,16.74,0.01,0.25,15.52,3.37,0.00,392
1.800,16.60,0.01,0.25,15.56,3.34,0.00,394
1.817,16.68,0.01,0.24,15.53,3.34,0.00,396
1.833,16.66,0.01,0.24,15.60,3.33,0.00,397
1.850,16.67,0.01,0.25,15.56,3.33,0.00,402
1.867,16.66,0.01,0.25,15.65,3.32,0.00,403
1.883,16.67,0.01,0.32,15.58,3.32,0.00,404
1.900,16.67,0.01,0.33,15.50,2.74,0.00,406
1.917,16.74,0.01,0.31,15.49,2.74,0.00,410
1.933,16.60,0.02,0.30,15.50,2.74,0.00,414
1.950,16.67,0.01,0.29,15.54,2.76,0.00,414
1.967,16.69,0.01,0.29,15.52,2.75,0.00,414
1.983,16.64,0.08,0.32,15.45,2.76,0.00,460
2.000,16.67,0.01,0.32,15.51,2.95,0.00,472
2.017,16.67,0.01,0.31,15.66,3.05,0.00,478
2.033,16.67,0.02,0.34,15.61,3.08,0.00,478
2.050,16.66,0.02,0.34,15.54,3.08,0.00,480
2.067,16.67,0.02,0.33,15.56,3.03,0.00,483
2.083,16.68,0.02,0.42,15.51,3.06,0.00,484
2.100,16.67,0.02,0.41,15.53,3.08,0.00,488
2.117,16.66,0.02,0.42,15.52,3.07,0.00,488
2.133,16.67,0.02,0.43,15.65,3.07,0.00,486
2.150,16.72,0.02,0.43,15.53,3.04,0.00,486
2.167,16.65,0.02,0.44,15.55,3.03,0.00,488
2.183,16.64,0.02,0.43,15.69,3.02,0.00,490
2.200,16.72,0.02,0.42,15.59,3.00,0.00,490
2.217,16.70,0.02,0.44,15.38,3.00,0.00,492
2.233,16.60,0.02,0.42,15.50,3.00,0.00,494
2.250,16.66,0.02,0.41,15.46,3.00,0.00,493
2.267,16.69,0.02,0.42,15.44,3.01,0.00,494
2.283,16.66,0.02,0.41,15.54,2.99,0.00,493
2.300,16.66,0.02,0.42,15.50,3.00,0.00,495
2.317,16.67,0.02,0.41,15.65,3.00,0.00,497
2.334,16.68,0.02,0.58,15.46,2.99,0.00,497
2.350,16.75,0.02,0.57,15.37,2.99,0.00,497
2.367,16.61,0.03,0.58,15.46,3.00,0.00,497
2.384,16.64,0.04,0.60,15.42,2.99,0.00,498
2.400,16.67,0.02,0.58,15.43,3.02,0.00,499
2.417,16.74,0.02,0.58,15.40,3.02,0.00,496
2.434,16.59,0.03,0.57,15.44,3.00,0.00,492
2.450,16.74,0.02,0.56,15.38,3.01,0.00,492
2.467,16.63,0.02,0.57,15.42,3.01,0.00,491
2.484,16.71,0.02,0.59,15.37,2.99,0.00,491
2.500,16.59,0.02,0.59,15.46,3.00,0.00,491
2.517,16.72,0.02,0.57,15.51,2.99,0.00,489
2.534,16.62,0.03,0.61,15.67,2.97,0.00,488
2.550,16.68,0.03,0.61,15.50,2.99,0.00,486
2.567,16.68,0.02,0.59,15.40,2.99,0.00,489
2.584,16.68,0.02,0.55,15.44,2.99,0.00,490
2.600,16.62,0.02,0.56,15.48,2.98,0.00,489
2.617,16.76,0.02,0.60,15.54,2.98,0.00,490
2.634,16.61,0.03,0.84,15.32,2.96,0.00,488
2.650,16.66,0.05,0.78,15.37,2.96,0.00,486
2.667,16.66,0.03,0.79,15.34,2.96,0.00,480
2.684,16.69,0.03,0.81,15.34,2.93,0.00,480
2.700,16.70,0.03,0.83,15.26,2.96,0.00,479
2.717,16.61,0.04,0.79,15.52,2.95,0.00,482
2.734,16.68,0.05,0.79,15.38,2.95,0.00,479
2.750,16.68,0.03,0.80,15.37,2.93,0.00,476
2.767,16.68,0.03,0.79,15.60,2.92,0.00,475
2.784,16.65,0.03,0.87,15.41,2.87,0.00,474
2.800,16.76,0.03,0.82,15.10,2.92,0.00,471
2.817,16.57,0.02,0.58,15.49,2.91,0.00,469
2.834,16.67,0.03,0.59,15.45,2.90,0.00,465
2.850,16.74,0.02,0.57,15.37,2.92,0.00,465
2.867,16.62,0.02,0.58,15.45,2.91,0.00,461
2.884,16.64,0.02,0.57,15.80,2.89,0.00,462
2.900,16.68,0.05,0.80,15.40,2.89,0.00,458
2.917,16.68,0.03,0.77,15.40,2.90,0.00,455
2.934,16.69,0.03,0.80,15.34,2.89,0.00,450
2.950,16.65,0.03,0.80,15.34,2.87,0.00,447
2.967,16.67,0.03,0.78,15.38,2.86,0.00,442
2.984,16.65,0.03,0.74,15.39,2.87,0.00,435
3.000,16.68,0.03,0.75,15.44,2.61,0.00,432
3.017,16.66,0.03,0.72,15.58,2.61,0.00,427
3.034,16.67,0.04,0.77,15.51,2.60,0.00,426
3.050,16.76,0.03,0.79,15.22,2.56,0.00,424
3.067,16.56,0.03,0.58,15.43,2.59,0.00,423
3.084,16.67,0.02,0.55,15.47,2.58,0.00,421
3.100,16.70,0.02,0.54,15.48,2.59,0.00,420
3.117,16.73,0.02,0.55,15.69,2.58,0.00,418
3.134,16.64,0.06,1.00,15.17,2.59,0.00,473
3.150,16.65,0.04,0.97,15.18,3.42,0.00,472
3.167,16.66,0.05,1.00,15.16,3.41,0.00,471
3.184,16.65,0.04,0.98,15.20,3.41,0.00,468
3.200,16.69,0.04,0.99,15.14,3.40,0.00,466
3.217,16.66,0.04,0.99,15.12,3.40,0.00,465
3.234,16.66,0.05,1.01,15.16,3.40,0.00,463
3.250,16.67,0.05,0.98,15.12,3.40,0.00,460
3.267,16.67,0.05,0.98,15.33,3.40,0.00,459
3.284,16.67,0.07,0.99,15.32,3.40,0.00,460
3.300,16.67,0.08,1.06,14.92,3.44,0.00,458
3.317,16.65,0.04,0.78,15.41,3.45,0.00,456
3.334,16.69,0.04,1.01,15.16,3.47,0.00,453
3.350,16.70,0.05,0.98,15.14,3.48,0.00,465
3.367,16.63,0.04,0.99,15.31,3.53,0.00,466
3.384,16.67,0.06,1.00,15.10,3.54,0.00,466
3.400,16.68,0.06,0.99,15.15,3.56,0.00,467
3.417,16.67,0.05,0.97,15.21,3.58,0.00,466
3.434,16.67,0.13,0.97,15.27,3.58,0.00,468
3.450,16.65,0.04,0.87,15.31,3.52,0.00,468
3.467,16.68,0.04,0.83,15.31,3.53,0.00,469
3.484,16.70,0.04,0.82,15.27,3.54,0.00,469
3.500,16.62,0.05,0.77,15.37,3.54,0.00,469
3.517,16.69,0.04,0.80,15.33,3.55,0.00,471
3.534,16.68,0.04,0.78,15.49,3.55,0.00,472
3.550,16.65,0.04,0.84,15.47,2.97,0.00,472
3.567,16.66,0.04,0.80,15.50,2.98,0.00,474
3.584,16.71,0.05,0.82,15.40,2.97,0.00,475
3.600,16.67,0.04,0.78,15.31,3.01,0.00,476
3.617,16.61,0.04,0.77,15.52,3.00,0.00,477
3.634,16.69,0.05,0.85,15.27,3.00,0.00,477
3.650,16.65,0.06,0.79,15.38,3.00,0.00,480
3.667,16.67,0.05,0.80,15.34,3.00,0.00,481
3.684,16.68,0.04,0.80,15.31,3.00,0.00,483
3.700,16.68,0.04,0.81,15.27,3.00,0.00,483
3.717,16.66,0.04,0.79,15.36,3.00,0.00,484
3.734,16.68,0.04,0.79,15.33,3.01,0.00,486
3.750,16.68,0.04,0.81,15.29,3.03,0.00,487
3.767,16.64,0.04,0.78,15.36,3.03,0.00,491
3.784,16.67,0.04,0.80,15.37,3.03,0.00,492
3.800,16.64,0.05,0.80,15.40,3.02,0.00,496
3.817,16.67,0.04,0.81,15.37,3.03,0.00,499
3.834,16.66,0.04,0.80,15.32,3.02,0.00,499
3.850,16.67,0.04,0.78,15.38,3.02,0.00,500
3.867,16.69,0.04,0.81,15.46,3.02,0.00,503
3.884,16.66,0.04,0.84,15.29,3.03,0.00,505
3.900,16.67,0.04,0.79,15.32,3.05,0.00,508
3.917,16.66,0.04,0.78,15.35,3.06,0.00,509
3.934,16.66,0.04,0.78,15.51,3.06,0.00,508
3.950,16.66,0.04,0.76,15.42,3.03,0.00,506
3.967,16.67,0.04,0.74,15.44,3.04,0.00,507
3.984,16.70,0.19,0.82,15.16,3.04,0.00,569
4.000,16.73,0.08,0.82,15.21,3.17,0.00,581
4.017,16.58,0.07,0.82,15.42,3.28,0.00,582
4.034,16.68,0.07,0.79,15.60,3.28,0.00,581
4.050,16.64,0.06,0.85,15.56,3.29,0.00,580
4.067,16.67,0.07,1.01,15.39,3.29,0.00,581
4.084,16.66,0.07,0.84,15.28,3.29,0.00,579
4.100,16.70,0.08,0.83,15.41,3.30,0.00,579
4.117,16.65,0.08,0.82,15.46,3.30,0.00,579
4.134,16.72,0.07,0.84,15.35,3.29,0.00,579
4.150,16.64,0.06,0.79,15.32,3.29,0.00,579
4.167,16.67,0.06,0.78,15.50,3.29,0.00,579
4.184,16.64,0.15,0.88,15.38,3.29,0.00,579
4.200,16.67,0.06,0.82,15.48,3.31,0.00,579
4.217,16.70,0.09,0.83,15.28,3.32,0.00,580
4.234,16.69,0.06,0.85,15.25,3.32,0.00,577
4.250,16.65,0.06,0.81,15.41,3.31,0.00,576
4.267,16.65,0.06,0.84,15.28,3.31,0.00,576
4.284,16.68,0.06,0.80,15.46,3.31,0.00,573
4.300,16.68,0.07,0.86,15.37,3.31,0.00,572
4.317,16.64,0.09,0.82,15.53,3.31,0.00,569
4.334,16.71,0.07,0.82,15.44,3.30,0.00,567
4.350,16.62,0.09,0.85,15.43,3.33,0.00,570
4.367,16.67,0.07,0.84,15.34,3.32,0.00,565
4.384,16.66,0.07,0.85,15.31,3.30,0.00,562
4.400,16.67,0.08,0.80,15.39,3.30,0.00,561
4.417,16.72,0.06,0.82,15.27,3.28,0.00,559
4.434,16.70,0.06,0.83,15.33,3.28,0.00,558
4.450,16.61,0.06,0.83,15.41,3.26,0.00,556
4.467,16.64,0.06,0.82,15.32,3.26,0.00,556
4.484,16.69,0.07,0.79,15.36,3.25,0.00,552
4.500,16.65,0.06,0.83,15.31,3.27,0.00,548
4.517,16.69,0.07,0.80,15.33,3.24,0.00,544
4.534,16.66,0.08,0.81,15.36,3.23,0.00,540
4.550,16.69,0.06,0.79,15.46,3.22,0.00,540
4.567,16.65,0.07,0.85,15.52,3.20,0.00,539
4.584,16.66,0.06,0.81,15.51,3.16,0.00,535
4.600,16.68,0.08,0.83,15.31,3.18,0.00,534
4.617,16.69,0.06,0.88,15.23,3.15,0.00,533
4.634,16.70,0.06,0.76,15.47,3.15,0.00,528
4.650,16.66,0.10,0.79,15.28,2.80,0.00,525
4.667,16.64,0.06,0.78,15.34,2.78,0.00,524
4.684,16.65,0.06,0.77,15.31,2.77,0.00,521
4.700,16.72,0.06,0.84,15.19,2.76,0.00,520
4.717,16.61,0.08,0.60,15.84,2.74,0.00,518
4.734,16.64,0.06,0.86,15.35,2.75,0.00,516
4.750,16.72,0.06,0.80,15.34,2.73,0.00,513
4.767,16.68,0.06,0.78,15.32,2.74,0.00,513
4.784,16.64,0.06,0.78,15.45,2.72,0.00,513
4.800,16.68,0.06,0.82,15.45,2.74,0.00,512
4.817,16.73,0.07,0.79,15.26,2.73,0.00,510
4.834,16.62,0.06,0.81,15.24,2.71,0.00,506
4.850,16.64,0.06,0.77,15.38,2.70,0.00,503
4.867,16.67,0.08,0.77,15.33,2.70,0.00,501
4.884,16.68,0.06,0.76,15.46,2.69,0.00,500
4.900,16.65,0.06,0.74,15.39,2.68,0.00,498
4.917,16.66,0.08,0.78,15.61,2.67,0.00,494
4.934,16.75,0.08,0.77,15.08,2.63,0.00,492
4.950,16.57,0.04,0.38,15.53,2.69,0.00,490
4.967,16.70,0.02,0.27,16.06,2.68,0.00,488
4.984,16.65,0.04,0.80,15.40,2.67,0.00,481
5.000,16.67,0.07,0.78,15.37,2.64,0.00,477
5.017,16.67,0.05,0.77,15.30,2.66,0.00,476
5.034,16.68,0.04,0.74,15.40,2.64,0.00,473
5.050,16.65,0.04,0.79,15.49,2.62,0.00,469
5.067,16.68,0.04,0.79,15.39,2.62,0.00,464
5.084,16.69,0.05,0.77,15.36,2.60,0.00,457
5.100,16.67,0.04,0.57,15.58,2.62,0.00,444
5.117,16.68,0.04,0.58,15.55,2.60,0.00,443
5.134,16.63,0.04,0.55,15.75,2.60,0.00,441
5.150,16.69,0.04,0.55,15.60,2.59,0.00,440
5.167,16.65,0.04,0.56,15.58,2.57,0.00,437
5.184,16.68,0.04,0.60,15.55,2.55,0.00,437
5.200,16.65,0.05,0.58,15.71,2.55,0.00,437
5.217,16.71,0.04,0.62,15.54,2.54,0.00,435
5.234,16.62,0.09,0.81,15.31,2.54,0.00,489
5.250,16.69,0.08,0.81,15.28,3.46,0.00,488
5.267,16.70,0.07,0.81,15.25,3.45,0.00,485
5.284,16.61,0.10,0.81,15.28,3.44,0.00,484
5.300,16.69,0.09,0.81,15.44,3.43,0.00,482
5.317,16.71,0.08,0.83,15.37,3.43,0.00,479
5.334,16.62,0.07,0.80,15.55,3.41,0.00,479
5.350,16.65,0.08,0.88,15.49,3.41,0.00,478
5.367,16.68,0.09,0.95,15.38,3.41,0.00,478
5.384,16.67,0.08,0.91,15.37,3.39,0.00,474
5.400,16.72,0.08,0.84,15.33,3.37,0.00,475
5.417,16.67,0.08,0.83,15.12,3.36,0.00,478
5.434,16.60,0.05,0.44,16.03,3.37,0.00,477
5.450,16.64,0.08,0.84,15.45,3.36,0.00,478
5.467,16.71,0.08,0.86,15.41,3.38,0.00,479
5.484,16.67,0.08,0.84,15.29,3.37,0.00,479
5.501,16.72,0.08,0.83,15.25,3.36,0.00,480
5.517,16.63,0.07,0.83,15.31,3.37,0.00,479
5.534,16.69,0.08,0.85,15.21,3.37,0.00,485
5.550,16.65,0.07,0.88,15.27,3.40,0.00,487
5.567,16.67,0.08,0.87,15.36,3.40,0.00,487
5.584,16.66,0.09,1.02,15.25,3.38,0.00,487
5.600,16.66,0.07,0.88,15.37,3.39,0.00,489
5.617,16.67,0.07,0.84,15.27,3.39,0.00,490
5.634,16.67,0.07,0.87,15.40,3.39,0.00,489
5.651,16.71,0.08,0.86,15.22,2.81,0.00,490
5.667,16.63,0.08,0.86,15.25,2.82,0.00,490
5.684,16.66,0.08,0.83,15.30,2.81,0.00,492
5.700,16.67,0.09,0.85,15.21,2.85,0.00,496
5.717,16.67,0.07,0.85,15.30,2.86,0.00,497
5.734,16.69,0.07,0.86,15.28,2.85,0.00,498
5.751,16.67,0.07,0.85,15.25,2.86,0.00,498
5.767,16.63,0.08,0.82,15.31,2.86,0.00,502
5.784,16.67,0.08,0.83,15.28,2.86,0.00,502
5.800,16.69,0.07,0.83,15.32,2.87,0.00,503
5.817,16.66,0.11,0.87,15.43,2.87,0.00,504
5.834,16.66,0.08,0.87,15.20,2.89,0.00,505
5.850,16.66,0.05,0.64,15.21,2.92,0.00,503
5.867,16.65,0.04,0.36,15.45,2.94,0.00,505
5.884,16.67,0.03,0.34,15.54,2.90,0.00,506
5.900,16.67,0.03,0.36,15.46,2.89,0.00,507
5.917,16.67,0.03,0.33,15.49,2.91,0.00,509
5.934,16.67,0.03,0.33,15.49,2.91,0.00,510
5.950,16.67,0.03,0.32,15.49,2.93,0.00,509
5.967,16.67,0.03,0.31,15.51,2.92,0.00,512
5.984,16.67,0.10,0.35,15.39,2.93,0.00,558
6.000,16.67,0.03,0.36,15.45,3.18,0.00,565
6.017,16.67,0.04,0.35,15.41,3.25,0.00,564
6.034,16.67,0.03,0.36,15.49,3.23,0.00,565
6.050,16.66,0.03,0.36,15.49,3.25,0.00,565
6.067,16.67,0.03,0.36,15.56,3.24,0.00,568
6.084,16.67,0.04,0.49,15.47,3.28,0.00,568
6.101,16.69,0.04,0.49,15.37,3.27,0.00,570
6.117,16.65,0.04,0.47,15.43,3.27,0.00,572
6.134,16.67,0.04,0.46,15.45,3.29,0.00,572
6.150,16.66,0.04,0.46,15.41,3.28,0.00,574
6.167,16.67,0.04,0.45,15.44,3.29,0.00,573
6.184,16.67,0.04,0.46,15.44,3.28,0.00,571
6.200,16.67,0.04,0.46,15.44,3.27,0.00,572
6.217,16.67,0.04,0.46,15.42,3.27,0.00,572
6.234,16.67,0.04,0.46,15.42,3.28,0.00,575
6.250,16.66,0.04,0.45,15.42,3.26,0.00,575
6.267,16.67,0.04,0.46,15.42,3.25,0.00,577
6.284,16.66,0.04,0.45,15.44,3.24,0.00,579
6.300,16.67,0.04,0.46,15.46,3.25,0.00,581
6.317,16.66,0.04,0.47,15.53,3.26,0.00,581
6.334,16.72,0.05,0.65,15.34,3.24,0.00,578
6.351,16.66,0.05,0.68,15.29,3.22,0.00,578
6.367,16.67,0.05,0.67,15.32,3.22,0.00,581
6.384,16.64,0.06,0.66,15.38,3.20,0.00,580
6.401,16.67,0.07,0.67,15.36,3.20,0.00,581
6.417,16.67,0.05,0.67,15.38,3.18,0.00,581
6.434,16.67,0.06,0.67,15.37,3.19,0.00,581
6.451,16.76,0.06,0.67,15.22,3.20,0.00,582
6.467,16.67,0.06,0.68,15.20,3.19,0.00,580
6.484,16.60,0.05,0.64,15.40,3.19,0.00,577
6.501,16.64,0.06,0.68,15.30,3.17,0.00,576
6.517,16.73,0.06,0.65,15.29,3.17,0.00,571
6.534,16.60,0.05,0.66,15.33,3.16,0.00,569
6.551,16.75,0.06,0.67,15.52,3.16,0.00,569
6.567,16.60,0.08,0.90,15.33,3.15,0.00,573
6.584,16.68,0.11,1.19,15.14,3.15,0.00,623
6.601,16.64,0.10,1.24,15.10,4.05,0.00,624
6.617,16.68,0.09,1.21,14.92,4.04,0.00,620
6.634,16.67,0.10,1.19,15.04,4.04,0.00,618
6.651,16.74,0.09,1.24,14.79,4.03,0.00,613
6.667,16.60,0.09,1.21,14.90,4.05,0.00,612
6.684,16.64,0.10,1.19,14.92,4.04,0.00,606
6.701,16.69,0.10,1.20,14.90,4.04,0.00,596
6.717,16.68,0.09,1.22,15.00,4.03,0.00,587
6.734,16.68,0.09,1.19,14.90,4.02,0.00,580
6.751,16.64,0.09,1.22,14.90,3.66,0.00,578
6.767,16.68,0.10,1.20,14.88,3.67,0.00,578
6.784,16.64,0.09,1.19,14.96,3.70,0.00,579
6.801,16.70,0.09,1.25,14.98,3.69,0.00,580
6.817,16.69,0.09,1.22,14.86,3.72,0.00,582
6.834,16.63,0.10,1.21,15.00,3.74,0.00,583
6.851,16.67,0.09,1.20,15.42,3.74,0.00,582
6.867,16.83,0.09,1.29,14.91,3.77,0.00,584
6.884,16.50,0.10,1.25,14.98,3.77,0.00,585
6.901,16.67,0.09,1.24,14.88,3.82,0.00,587
6.917,16.66,0.10,1.24,14.90,3.83,0.00,589
6.934,16.69,0.12,1.26,15.01,3.84,0.00,588
6.951,16.66,0.09,1.25,14.87,3.85,0.00,588
6.967,16.67,0.08,1.24,14.87,3.85,0.00,590
6.984,16.68,0.08,1.26,14.85,3.85,0.00,593
7.001,16.66,0.09,1.23,14.90,3.30,0.00,594
7.017,16.69,0.08,1.25,14.82,3.31,0.00,596
7.034,16.65,0.08,1.25,15.06,3.30,0.00,599
7.051,16.65,0.08,1.26,15.03,3.34,0.00,601
7.067,16.67,0.08,1.23,15.01,3.35,0.00,600
7.084,16.70,0.08,1.27,15.06,3.35,0.00,601
7.101,16.64,0.08,1.28,15.02,3.35,0.00,600
7.117,16.66,0.08,1.33,14.93,3.36,0.00,600
7.134,16.67,0.09,1.24,15.05,3.36,0.00,599
7.151,16.66,0.08,1.24,14.90,3.36,0.00,599
7.167,16.71,0.08,1.25,14.86,3.36,0.00,600
7.184,16.64,0.10,1.24,15.01,3.37,0.00,599
7.201,16.73,0.08,1.02,15.04,3.40,0.00,595
7.217,16.64,0.09,1.02,15.07,3.40,0.00,596
7.234,16.65,0.09,0.98,15.14,3.40,0.00,597
7.251,16.66,0.08,0.99,15.06,3.41,0.00,599
7.267,16.67,0.08,1.00,15.10,3.40,0.00,601
7.284,16.66,0.09,0.99,15.11,3.41,0.00,603
7.301,16.68,0.08,1.00,15.11,3.40,0.00,604
7.317,16.77,0.09,1.02,15.19,3.40,0.00,604
7.334,16.55,0.14,1.02,15.15,3.41,0.00,604
7.351,16.69,0.08,1.00,15.13,3.44,0.00,604
7.367,16.64,0.08,0.98,15.15,3.45,0.00,605
7.384,16.75,0.08,0.98,15.06,3.44,0.00,605
7.401,16.62,0.08,0.96,15.12,3.44,0.00,606
7.417,16.63,0.08,0.99,15.14,3.44,0.00,608
7.434,16.68,0.09,0.96,15.21,3.45,0.00,609
7.451,16.69,0.08,1.03,15.19,3.43,0.00,611
7.467,16.64,0.10,0.97,15.14,3.44,0.00,613
7.484,16.68,0.08,0.97,15.13,3.43,0.00,614
7.501,16.67,0.08,0.98,15.16,3.48,0.00,613
7.517,16.66,0.08,1.00,15.34,3.48,0.00,612
7.534,16.65,0.10,1.01,15.08,3.47,0.00,613
7.551,16.68,0.09,0.97,15.30,3.47,0.00,615
7.567,16.69,0.08,1.00,15.22,3.47,0.00,616
7.584,16.65,0.10,0.98,15.13,3.46,0.00,615
7.601,16.67,0.08,0.97,15.29,3.47,0.00,615
7.617,16.71,0.09,0.99,15.07,3.45,0.00,615
7.634,16.65,0.08,0.97,15.41,3.46,0.00,618
7.651,16.64,0.08,0.99,15.16,3.52,0.00,620
7.667,16.70,0.07,0.96,15.30,3.51,0.00,622
7.684,16.71,0.08,0.99,15.05,3.53,0.00,624
7.701,16.68,0.08,0.97,15.08,3.52,0.00,633
7.717,16.57,0.08,0.96,15.26,3.54,0.00,633
7.734,16.66,0.09,0.97,15.19,3.54,0.00,634
7.751,16.67,0.08,0.98,15.15,3.55,0.00,634
7.767,16.69,0.07,0.97,15.09,3.53,0.00,633
7.784,16.69,0.08,0.96,15.24,3.54,0.00,635
7.801,16.62,0.09,0.94,15.18,3.53,0.00,636
7.817,16.68,0.09,1.01,15.21,3.52,0.00,634
7.834,16.68,0.09,0.98,15.13,3.53,0.00,637
7.851,16.67,0.08,0.96,15.29,3.52,0.00,636
7.867,16.70,0.08,0.96,15.11,3.52,0.00,634
7.884,16.62,0.08,0.95,15.21,3.52,0.00,635
7.901,16.74,0.08,1.04,14.86,3.50,0.00,636
7.917,16.68,0.06,0.70,15.17,3.50,0.00,632
7.934,16.56,0.06,0.70,15.30,3.49,0.00,634
7.951,16.74,0.06,0.62,15.29,3.51,0.00,635
7.967,16.63,0.06,0.62,15.35,3.50,0.00,632
7.984,16.73,0.19,0.68,15.09,3.51,0.00,645
8.001,16.57,0.06,0.70,15.29,3.60,0.00,648
8.017,16.75,0.06,0.69,15.34,3.65,0.00,645
8.034,16.60,0.09,0.92,15.22,3.64,0.00,644
8.051,16.76,0.09,0.97,15.18,3.62,0.00,634
8.067,16.62,0.08,0.92,15.35,3.60,0.00,622
8.084,16.62,0.09,0.92,15.21,3.57,0.00,617
8.101,16.71,0.07,0.89,15.36,3.15,0.00,616
8.117,16.72,0.08,0.91,15.35,3.13,0.00,616
8.134,16.57,0.08,0.91,15.40,3.13,0.00,615
8.151,16.75,0.13,0.92,15.22,3.11,0.00,613
8.167,16.60,0.10,0.90,15.21,3.10,0.00,613
8.184,16.67,0.10,0.91,15.21,3.09,0.00,613
8.201,16.68,0.07,0.89,15.27,3.08,0.00,613
8.217,16.67,0.08,0.88,15.23,3.07,0.00,612
8.234,16.67,0.08,0.88,15.22,3.07,0.00,612
8.251,16.66,0.07,0.86,15.19,3.07,0.00,612
8.267,16.67,0.07,0.90,15.18,3.06,0.00,611
8.284,16.66,0.08,0.90,15.24,3.05,0.00,610
8.301,16.68,0.08,0.88,15.21,3.04,0.00,608
8.317,16.64,0.10,0.89,15.42,3.02,0.00,608
8.334,16.66,0.10,0.92,15.36,3.01,0.00,605
8.351,16.67,0.12,0.90,15.22,3.01,0.00,603
8.367,16.67,0.08,0.88,15.25,3.00,0.00,601
8.384,16.68,0.09,0.87,15.23,2.99,0.00,599
8.401,16.67,0.09,0.91,15.22,3.00,0.00,597
8.417,16.66,0.10,0.91,15.22,3.01,0.00,596
8.434,16.70,0.07,0.90,15.24,2.99,0.00,594
8.451,16.69,0.08,0.91,15.16,2.99,0.00,593
8.467,16.62,0.08,0.90,15.22,2.98,0.00,591
8.484,16.68,0.08,0.86,15.29,2.99,0.00,587
8.501,16.71,0.08,0.89,15.19,2.98,0.00,579
8.517,16.63,0.09,0.91,15.17,2.97,0.00,573
8.534,16.66,0.25,1.29,14.68,2.96,0.00,632
8.551,16.67,0.10,0.97,15.15,3.98,0.00,599
8.567,16.67,0.10,0.99,15.23,3.94,0.00,599
8.584,16.66,0.12,1.01,15.09,3.93,0.00,597
8.601,16.68,0.09,1.04,15.17,3.91,0.00,585
8.617,16.65,0.10,0.98,15.14,3.92,0.00,585
8.634,16.67,0.11,1.00,15.24,3.91,0.00,583
8.651,16.67,0.10,1.03,15.28,3.91,0.00,583
8.667,16.66,0.10,1.04,15.08,3.91,0.00,584
8.684,16.69,0.10,1.01,15.10,3.92,0.00,582
8.701,16.65,0.10,1.01,15.32,3.90,0.00,583
8.717,16.68,0.15,1.04,15.00,3.90,0.00,584
8.734,16.67,0.11,1.12,14.98,3.93,0.00,585
8.751,16.66,0.11,1.02,15.04,3.92,0.00,587
8.767,16.70,0.10,1.07,15.13,3.96,0.00,590
8.784,16.68,0.10,1.02,15.06,3.95,0.00,592
8.801,16.66,0.09,1.04,15.03,3.97,0.00,593
8.817,16.66,0.11,1.08,15.07,3.98,0.00,596
8.834,16.67,0.11,1.07,15.00,3.99,0.00,596
8.851,16.70,0.09,1.03,15.16,4.01,0.00,597
8.867,16.63,0.09,1.07,15.17,4.03,0.00,599
8.884,16.64,0.09,1.04,15.07,4.02,0.00,600
8.901,16.69,0.09,1.08,15.16,4.03,0.00,602
8.917,16.68,0.10,1.12,14.99,4.03,0.00,609
8.934,16.68,0.09,1.06,15.03,4.04,0.00,610
8.951,16.63,0.09,1.07,15.18,3.46,0.00,610
8.967,16.68,0.10,1.11,15.06,3.47,0.00,612
8.984,16.66,0.12,1.09,15.00,3.48,0.00,615
9.001,16.67,0.09,1.06,15.03,3.51,0.00,619
9.017,16.67,0.09,1.04,15.11,3.52,0.00,621
9.034,16.66,0.09,1.04,15.14,3.53,0.00,624
9.051,16.69,0.09,1.08,15.14,3.53,0.00,625
9.067,16.71,0.09,1.08,15.13,3.52,0.00,628
9.084,16.59,0.11,1.09,15.01,3.54,0.00,633
9.101,16.69,0.08,1.04,15.08,3.55,0.00,632
9.117,16.69,0.09,1.09,14.99,3.55,0.00,635
9.134,16.65,0.09,1.05,15.22,3.56,0.00,638
9.151,16.65,0.10,1.07,15.26,3.59,0.00,642
9.167,16.70,0.09,1.09,15.18,3.60,0.00,644
9.184,16.65,0.09,1.07,15.06,3.60,0.00,648
9.201,16.66,0.09,1.07,15.06,3.61,0.00,649
9.217,16.66,0.09,1.04,15.08,3.62,0.00,651
9.234,16.69,0.08,1.06,15.05,3.62,0.00,655
9.251,16.64,0.09,1.03,15.20,3.64,0.00,659
9.267,16.67,0.10,1.07,15.08,3.64,0.00,660
9.284,16.67,0.09,1.03,15.10,3.65,0.00,663
9.301,16.70,0.08,1.03,15.04,3.68,0.00,664
9.317,16.64,0.08,1.06,15.08,3.70,0.00,667
9.334,16.71,0.09,1.04,15.01,3.70,0.00,669
9.351,16.62,0.10,1.00,15.11,3.72,0.00,671
9.367,16.68,0.10,1.04,15.22,3.72,0.00,672
9.384,16.65,0.12,1.06,15.15,3.72,0.00,673
9.401,16.68,0.09,1.03,15.22,3.73,0.00,675
9.417,16.67,0.10,1.02,15.08,3.74,0.00,675
9.434,16.69,0.09,1.00,15.21,3.75,0.00,674
9.451,16.69,0.09,1.00,15.05,3.78,0.00,674
9.467,16.62,0.10,1.00,15.11,3.79,0.00,677
9.484,16.68,0.10,0.99,15.08,3.79,0.00,678
9.501,16.66,0.09,1.03,15.06,3.79,0.00,677
9.517,16.66,0.08,1.00,15.14,3.79,0.00,675
9.534,16.65,0.09,0.97,15.12,3.79,0.00,676
9.551,16.68,0.08,0.96,15.13,3.81,0.00,672
9.567,16.69,0.08,0.96,15.27,3.80,0.00,670
9.584,16.64,0.09,0.96,15.20,3.80,0.00,671
9.601,16.71,0.09,0.98,15.36,3.82,0.00,672
9.617,16.62,0.10,1.00,15.50,3.82,0.00,669
9.634,16.72,0.09,0.98,15.29,3.78,0.00,667
9.651,16.61,0.08,0.95,15.45,3.82,0.00,665
9.667,16.68,0.08,1.05,15.29,3.81,0.00,662
9.684,16.67,0.08,0.98,15.30,3.81,0.00,661
9.701,16.80,0.09,0.94,15.17,3.81,0.00,661
9.717,16.56,0.10,0.97,15.38,3.81,0.00,660
9.734,16.62,0.08,0.72,15.80,3.82,0.00,663
9.751,16.73,0.09,0.95,15.37,3.91,0.00,658
9.767,16.63,0.10,0.98,15.35,3.90,0.00,656
9.784,16.68,0.12,0.94,15.37,3.86,0.00,656
9.801,16.65,0.09,0.96,15.49,3.91,0.00,659
9.817,16.66,0.08,0.98,15.36,3.90,0.00,659
9.834,16.73,0.08,0.94,15.39,3.91,0.00,658
9.851,16.61,0.10,1.00,15.27,3.89,0.00,657
9.868,16.79,0.08,0.91,15.21,3.88,0.00,656
9.884,16.56,0.08,0.98,15.29,3.88,0.00,652
9.901,16.76,0.11,0.93,15.29,3.86,0.00,649
9.917,16.56,0.10,0.92,15.50,3.85,0.00,644
9.934,16.64,0.08,0.94,15.23,3.84,0.00,631
9.951,16.75,0.08,0.85,15.54,3.83,0.00,626
9.967,16.61,0.08,0.85,15.58,3.81,0.00,624
9.984,16.65,0.24,0.99,15.15,3.80,0.00,647
10.001,16.78,0.08,0.94,15.19,3.97,0.00,659
10.018,16.67,0.09,0.97,15.26,4.15,0.00,655
10.034,16.60,0.09,0.89,15.27,4.14,0.00,651
10.051,16.68,0.09,0.87,15.48,3.34,0.00,652
10.068,16.64,0.08,0.86,15.53,3.34,0.00,652
10.084,16.67,0.09,0.90,15.44,3.33,0.00,651
10.101,16.69,0.09,0.90,15.49,3.32,0.00,649
10.118,16.69,0.10,0.96,15.38,3.32,0.00,648
10.134,16.63,0.08,0.92,15.41,3.32,0.00,648
10.151,16.79,0.09,0.92,15.27,3.31,0.00,644
10.168,16.55,0.10,0.93,15.44,3.31,0.00,643
10.184,16.66,0.09,0.96,15.46,3.30,0.00,641
10.201,16.65,0.08,0.98,15.38,3.32,0.00,642
10.218,16.69,0.09,0.91,15.47,3.31,0.00,644
10.234,16.67,0.09,0.91,15.54,3.31,0.00,642
10.251,16.67,0.11,0.98,15.33,3.26,0.00,643
10.268,16.67,0.08,0.89,15.55,3.30,0.00,641
10.284,16.66,0.08,0.94,15.50,3.24,0.00,644
10.301,16.66,0.08,1.04,15.38,3.29,0.00,644
10.318,16.68,0.09,0.96,15.55,3.27,0.00,645
10.334,16.73,0.09,0.91,15.58,3.28,0.00,642
10.351,16.69,0.08,1.02,15.30,3.29,0.00,642
10.368,16.61,0.08,0.99,15.36,3.28,0.00,642
10.384,16.65,0.09,0.92,15.46,3.29,0.00,639
10.401,16.66,0.08,0.89,15.46,3.27,0.00,639
10.418,16.69,0.08,0.92,15.38,3.26,0.00,640
10.434,16.66,0.10,0.86,15.57,3.27,0.00,640
10.451,16.66,0.08,0.94,15.43,3.26,0.00,640
10.468,16.72,0.09,0.93,15.40,3.25,0.00,639
10.484,16.61,0.08,0.92,15.23,3.25,0.00,637
10.501,16.67,0.07,0.52,15.94,3.26,0.00,636
10.518,16.66,0.08,0.69,15.68,3.24,0.00,637
10.534,16.67,0.10,0.68,15.70,3.24,0.00,634
10.551,16.69,0.08,0.73,15.74,3.19,0.00,634
10.568,16.66,0.08,0.74,15.59,3.23,0.00,633
10.584,16.67,0.10,0.68,15.72,3.22,0.00,631
10.601,16.63,0.08,0.67,15.87,3.21,0.00,630
10.618,16.73,0.08,0.76,15.52,3.20,0.00,630
10.634,16.64,0.11,0.67,15.62,3.19,0.00,627
10.651,16.73,0.08,0.69,15.71,3.20,0.00,626
10.668,16.61,0.08,0.82,15.69,3.19,0.00,626
10.684,16.70,0.10,0.67,15.64,3.18,0.00,625
10.701,16.62,0.08,0.68,15.71,3.17,0.00,625
10.718,16.67,0.09,0.69,15.78,3.17,0.00,624
10.734,16.68,0.08,0.66,15.67,3.16,0.00,622
10.751,16.66,0.08,0.66,15.70,3.14,0.00,619
10.768,16.66,0.09,0.74,15.60,3.12,0.00,617
10.784,16.69,0.10,0.70,15.74,3.12,0.00,614
10.801,16.66,0.08,0.76,15.58,3.14,0.00,613
10.818,16.66,0.10,0.68,15.69,3.12,0.00,611
10.834,16.67,0.08,0.68,15.74,3.11,0.00,609
10.851,16.66,0.09,0.71,15.56,3.09,0.00,587
10.868,16.68,0.09,0.66,15.62,3.05,0.00,585
10.884,16.67,0.09,0.68,15.72,3.05,0.00,583
10.901,16.67,0.08,0.71,15.68,3.02,0.00,581
10.918,16.66,0.07,0.73,15.43,3.02,0.00,578
10.934,16.67,0.09,0.66,15.48,3.01,0.00,578
10.951,16.73,0.07,0.67,15.40,3.01,0.00,580
10.968,16.68,0.07,0.65,15.40,3.01,0.00,579
10.984,16.66,0.08,0.67,15.49,3.00,0.00,578
11.001,16.62,0.11,0.62,15.50,2.99,0.00,578
11.018,16.67,0.10,0.66,15.46,2.99,0.00,579
11.034,16.69,0.07,0.63,15.47,2.99,0.00,579
11.051,16.64,0.07,0.61,15.52,2.98,0.00,579
11.068,16.66,0.09,0.65,15.60,2.99,0.00,579
11.084,16.71,0.08,0.65,15.38,3.00,0.00,580
11.101,16.63,0.07,0.68,15.45,3.00,0.00,580
11.118,16.70,0.07,0.68,15.43,3.01,0.00,578
11.134,16.66,0.07,0.63,15.47,3.00,0.00,578
11.151,16.64,0.08,0.66,15.60,3.00,0.00,577
11.168,16.76,0.08,0.66,15.40,3.00,0.00,575
11.184,16.57,0.07,0.63,15.58,3.00,0.00,575
11.201,16.70,0.12,0.67,15.39,3.01,0.00,576
11.218,16.63,0.07,0.67,15.81,3.00,0.00,574
11.234,16.67,0.08,0.70,15.68,3.00,0.00,576
11.251,16.66,0.08,0.68,15.73,3.02,0.00,578
11.268,16.76,0.09,0.69,15.45,3.03,0.00,575
11.284,16.62,0.08,0.69,15.42,3.04,0.00,574
11.301,16.65,0.07,0.65,15.45,3.03,0.00,573
11.318,16.67,0.07,0.70,15.57,3.04,0.00,572
11.334,16.77,0.07,0.68,15.32,3.04,0.00,570
11.351,16.58,0.07,0.66,15.47,3.04,0.00,568
11.368,16.66,0.07,0.63,15.59,3.05,0.00,566
11.384,16.69,0.08,0.66,15.41,3.06,0.00,565
11.401,16.64,0.07,0.64,15.58,3.08,0.00,566
11.418,16.66,0.11,0.69,15.43,3.07,0.00,564
11.434,16.71,0.07,0.63,15.50,3.07,0.00,562
11.451,16.63,0.09,0.65,15.46,3.07,0.00,563
11.468,16.66,0.09,0.66,15.45,3.07,0.00,562
11.484,16.67,0.07,0.66,15.44,3.07,0.00,555
11.501,16.69,0.07,0.67,15.41,3.08,0.00,554
11.518,16.65,0.07,0.66,15.45,3.07,0.00,549
11.534,16.68,0.07,0.70,15.40,3.08,0.00,549
11.551,16.67,0.07,0.64,15.50,3.08,0.00,546
11.568,16.70,0.07,0.66,15.58,3.07,0.00,546
11.584,16.69,0.07,0.67,15.34,3.06,0.00,543
11.601,16.67,0.07,0.65,15.58,3.06,0.00,542
11.618,16.66,0.07,0.66,15.54,3.05,0.00,543
11.634,16.60,0.07,0.63,15.64,3.05,0.00,542
11.651,16.79,0.07,0.67,15.46,3.03,0.00,539
11.668,16.57,0.07,0.63,15.63,3.02,0.00,538
11.684,16.66,0.07,0.67,15.59,3.02,0.00,535
11.701,16.67,0.07,0.66,15.48,3.02,0.00,533
11.718,16.69,0.07,0.69,15.47,3.01,0.00,533
11.734,16.64,0.07,0.66,15.45,2.99,0.00,532
11.751,16.69,0.07,0.67,15.44,2.98,0.00,527
11.768,16.67,0.07,0.68,15.41,2.97,0.00,526
11.784,16.65,0.07,0.65,15.69,2.95,0.00,526
11.801,16.72,0.09,0.72,15.58,2.94,0.00,525
11.818,16.60,0.08,0.68,15.57,2.94,0.00,524
11.834,16.68,0.12,0.70,15.68,2.92,0.00,522
11.851,16.68,0.07,0.73,15.48,2.92,0.00,520
11.868,16.68,0.07,0.67,15.59,2.92,0.00,520
11.884,16.70,0.07,0.66,15.42,2.92,0.00,518
11.901,16.63,0.10,0.68,15.40,2.91,0.00,515
11.918,16.65,0.08,0.66,15.60,2.89,0.00,515
11.934,16.70,0.11,0.66,15.41,2.88,0.00,514
11.951,16.64,0.07,0.55,15.58,2.88,0.00,513
11.968,16.70,0.07,0.58,15.54,2.86,0.00,512
11.984,16.64,0.21,0.64,15.37,2.86,0.00,532
12.001,16.66,0.09,0.64,15.49,2.98,0.00,532
12.018,16.71,0.07,0.64,15.35,2.98,0.00,531
12.034,16.61,0.07,0.63,15.51,2.96,0.00,529
12.051,16.66,0.08,0.64,15.47,2.96,0.00,528
12.068,16.69,0.07,0.67,15.45,2.95,0.00,527
12.084,16.76,0.08,0.72,15.32,2.94,0.00,527
12.101,16.57,0.09,0.64,15.49,2.94,0.00,525
12.118,16.67,0.08,0.63,15.51,2.93,0.00,523
12.134,16.68,0.13,0.95,15.29,2.92,0.00,569
12.151,16.66,0.11,0.97,15.12,3.83,0.00,572
12.168,16.70,0.09,0.96,15.24,3.88,0.00,572
12.184,16.66,0.11,0.98,15.12,3.88,0.00,569
12.201,16.64,0.11,0.93,15.15,3.87,0.00,565
12.218,16.69,0.09,0.95,15.13,3.87,0.00,566
12.234,16.66,0.09,0.98,15.13,3.88,0.00,566
12.251,16.65,0.13,0.96,15.07,3.88,0.00,566
12.268,16.70,0.09,0.98,15.11,3.88,0.00,562
12.284,16.67,0.09,0.97,15.14,3.90,0.00,562
12.301,16.68,0.09,0.99,15.06,3.90,0.00,560
12.318,16.64,0.08,1.01,15.10,3.90,0.00,558
12.334,16.66,0.09,1.01,15.29,3.90,0.00,558
12.351,16.67,0.13,0.98,15.14,3.90,0.00,556
12.368,16.67,0.09,0.97,15.18,3.91,0.00,553
12.384,16.67,0.10,0.96,15.30,3.90,0.00,551
12.401,16.67,0.09,1.00,15.12,3.91,0.00,550
12.418,16.68,0.09,0.99,15.26,3.92,0.00,553
12.434,16.65,0.09,0.99,15.26,3.94,0.00,552
12.451,16.76,0.08,0.96,15.11,3.93,0.00,552
12.468,16.60,0.12,0.98,15.26,3.93,0.00,552
12.484,16.65,0.08,0.99,15.15,3.93,0.00,551
12.501,16.71,0.08,1.05,15.09,3.92,0.00,551
12.518,16.63,0.12,0.96,15.32,3.92,0.00,553
12.534,16.67,0.08,0.98,15.19,3.93,0.00,556
12.551,16.64,0.08,1.00,15.15,3.37,0.00,555
12.568,16.68,0.08,0.98,15.13,3.38,0.00,554
12.584,16.68,0.10,1.00,15.23,3.38,0.00,556
12.601,16.65,0.08,0.97,15.26,3.38,0.00,557
12.618,16.68,0.08,0.97,15.10,3.38,0.00,556
12.634,16.65,0.09,0.98,15.17,3.38,0.00,553
12.651,16.72,0.07,0.98,15.09,3.36,0.00,553
12.668,16.61,0.08,0.95,15.32,3.37,0.00,553
12.684,16.67,0.11,0.99,15.15,3.38,0.00,551
12.701,16.68,0.09,0.98,15.14,3.37,0.00,547
12.718,16.70,0.08,1.00,15.07,3.39,0.00,548
12.734,16.63,0.09,0.95,15.23,3.40,0.00,547
12.751,16.65,0.09,0.97,15.15,3.40,0.00,545
12.768,16.68,0.08,0.96,15.15,3.40,0.00,542
12.784,16.69,0.07,0.98,15.07,3.40,0.00,541
12.801,16.66,0.08,0.98,15.15,3.39,0.00,540
12.818,16.64,0.07,0.94,15.20,3.40,0.00,540
12.834,16.67,0.07,0.96,15.32,3.40,0.00,542
12.851,16.67,0.11,1.21,15.08,3.41,0.00,599
12.868,16.73,0.09,1.20,14.87,4.28,0.00,602
12.884,16.62,0.11,1.21,15.02,4.27,0.00,604
12.901,16.65,0.09,1.20,15.05,4.27,0.00,605
12.918,16.67,0.10,1.22,15.04,4.27,0.00,607
12.934,16.66,0.13,1.31,14.94,4.23,0.00,609
12.951,16.67,0.13,1.31,14.88,4.23,0.00,610
12.968,16.69,0.10,1.24,15.20,4.26,0.00,609
12.984,16.67,0.10,1.25,15.05,4.22,0.00,608
13.001,16.64,0.10,1.23,15.11,4.23,0.00,612
13.018,16.67,0.10,1.23,14.94,4.24,0.00,614
13.034,16.71,0.10,1.22,14.97,4.25,0.00,616
13.051,16.66,0.10,1.20,14.89,4.25,0.00,616
13.068,16.66,0.10,1.21,14.87,4.25,0.00,617
13.084,16.67,0.10,1.21,14.92,4.26,0.00,618
13.101,16.65,0.12,1.23,14.99,4.26,0.00,622
13.118,16.67,0.11,1.21,14.90,4.27,0.00,621
13.134,16.67,0.10,1.21,15.04,4.27,0.00,620
13.151,16.72,0.10,1.23,14.84,4.29,0.00,621
13.168,16.64,0.09,1.19,15.04,4.29,0.00,624
13.184,16.67,0.12,1.23,14.86,4.29,0.00,624
13.201,16.66,0.10,1.20,14.87,4.29,0.00,624
13.218,16.66,0.11,1.20,14.88,4.29,0.00,625
13.234,16.69,0.09,1.24,14.86,4.28,0.00,629
13.251,16.66,0.09,1.21,14.83,4.28,0.00,632
13.268,16.67,0.09,1.19,14.94,3.70,0.00,633
13.284,16.66,0.10,1.21,14.86,3.73,0.00,635
13.301,16.73,0.09,1.19,14.85,3.72,0.00,632
13.318,16.62,0.09,1.21,14.89,3.72,0.00,633
13.334,16.65,0.09,1.23,15.17,3.71,0.00,635
13.351,16.66,0.10,1.19,14.88,3.71,0.00,638
13.368,16.70,0.09,1.27,14.96,3.70,0.00,638
13.384,16.65,0.11,1.19,14.92,3.70,0.00,641
13.401,16.66,0.10,1.22,14.87,3.69,0.00,639
13.418,16.68,0.09,1.22,15.03,3.69,0.00,639
13.434,16.67,0.09,1.19,14.88,3.71,0.00,637
13.451,16.68,0.09,1.21,14.89,3.71,0.00,637
13.468,16.66,0.08,1.17,14.94,3.71,0.00,638
13.484,16.68,0.09,1.18,14.92,3.70,0.00,635
13.501,16.65,0.10,1.20,15.05,3.69,0.00,634
13.518,16.67,0.13,1.20,15.00,3.68,0.00,635
13.535,16.69,0.08,1.18,14.92,3.68,0.00,632
13.551,16.65,0.09,1.21,14.83,3.68,0.00,630
13.568,16.66,0.08,1.20,14.91,3.70,0.00,629
13.584,16.67,0.09,1.21,14.89,3.70,0.00,624
13.601,16.72,0.09,1.21,14.97,3.69,0.00,620
13.618,16.68,0.08,1.20,14.87,3.68,0.00,610
13.634,16.62,0.08,1.16,14.95,3.67,0.00,607
13.651,16.65,0.08,1.19,14.88,3.33,0.00,607
13.668,16.67,0.08,1.14,15.10,3.33,0.00,605
13.684,16.67,0.10,1.19,14.96,3.33,0.00,604
13.701,16.70,0.08,1.16,14.91,3.32,0.00,606
13.718,16.66,0.08,1.16,14.96,3.36,0.00,606
13.735,16.66,0.08,1.21,14.86,3.35,0.00,606
13.751,16.65,0.09,1.16,14.96,3.35,0.00,606
13.768,16.70,0.08,1.22,14.89,3.35,0.00,604
13.785,16.67,0.08,1.19,14.92,3.35,0.00,604
13.801,16.65,0.08,1.18,14.93,3.34,0.00,604
13.818,16.67,0.08,1.19,14.91,3.34,0.00,602
13.835,16.67,0.08,1.15,15.08,3.34,0.00,601
13.851,16.66,0.12,1.16,14.92,3.33,0.00,601
13.868,16.67,0.08,1.17,15.07,3.36,0.00,601
13.885,16.64,0.08,1.17,14.95,3.37,0.00,600
13.901,16.67,0.09,1.15,14.98,3.36,0.00,600
13.918,16.71,0.08,1.13,15.09,3.36,0.00,599
13.935,16.64,0.11,1.17,14.90,3.36,0.00,596
13.951,16.68,0.08,1.10,14.98,3.36,0.00,594
13.968,16.72,0.08,1.07,15.01,3.36,0.00,594
13.985,16.61,0.22,1.17,14.81,3.35,0.00,614
14.001,16.70,0.08,1.19,15.09,3.50,0.00,621
14.018,16.69,0.08,1.22,14.96,3.55,0.00,621
14.035,16.63,0.10,1.23,14.86,3.59,0.00,621
14.051,16.66,0.08,1.21,14.89,3.59,0.00,619
14.068,16.66,0.08,1.20,14.89,3.58,0.00,619
14.085,16.65,0.11,1.19,15.02,3.58,0.00,617
14.101,16.68,0.08,0.93,15.32,3.58,0.00,609
14.118,16.70,0.11,0.95,15.16,3.58,0.00,611
14.135,16.63,0.09,0.92,15.22,3.58,0.00,612
14.151,16.68,0.08,0.98,15.27,3.61,0.00,610
14.168,16.67,0.10,0.93,15.40,3.60,0.00,609
14.185,16.63,0.10,0.93,15.19,3.58,0.00,609
14.201,16.74,0.08,0.90,15.18,3.59,0.00,603
14.218,16.62,0.09,0.92,15.18,3.60,0.00,602
14.235,16.67,0.10,0.90,15.20,3.59,0.00,603
14.251,16.65,0.09,0.91,15.16,3.60,0.00,601
14.268,16.68,0.09,0.92,15.17,3.59,0.00,596
14.285,16.68,0.08,0.91,15.32,3.60,0.00,592
14.301,16.70,0.08,0.94,15.15,3.59,0.00,588
14.318,16.64,0.08,0.92,15.17,3.58,0.00,576
14.335,16.69,0.08,0.93,15.28,3.55,0.00,559
14.351,16.65,0.08,0.90,15.17,3.54,0.00,550
14.368,16.67,0.08,0.89,15.23,3.16,0.00,549
14.385,16.72,0.07,0.85,15.21,3.15,0.00,549
14.401,16.66,0.08,0.88,15.19,3.14,0.00,548
14.418,16.60,0.08,0.86,15.39,3.14,0.00,546
14.435,16.67,0.12,0.87,15.24,3.13,0.00,546
14.451,16.67,0.07,0.85,15.27,3.12,0.00,546
14.468,16.66,0.09,0.87,15.22,3.11,0.00,543
14.485,16.69,0.07,0.89,15.19,3.10,0.00,541
14.501,16.65,0.08,0.88,15.38,3.08,0.00,540
14.518,16.74,0.11,0.93,15.34,3.06,0.00,539
14.535,16.59,0.09,0.91,15.24,3.06,0.00,539
14.551,16.68,0.09,0.90,15.24,3.04,0.00,538
14.568,16.67,0.10,0.88,15.21,3.06,0.00,537
14.585,16.67,0.09,0.86,15.43,3.05,0.00,535
14.601,16.67,0.08,0.91,15.22,3.03,0.00,535
14.618,16.69,0.07,0.86,15.25,3.02,0.00,533
14.635,16.66,0.07,0.88,15.30,3.02,0.00,530
14.651,16.66,0.10,0.91,15.15,3.00,0.00,528
14.668,16.66,0.08,0.89,15.20,2.99,0.00,526
14.685,16.67,0.09,0.91,15.33,2.98,0.00,524
14.701,16.68,0.10,0.88,15.21,2.97,0.00,523
14.718,16.71,0.08,0.88,15.18,2.97,0.00,521
14.735,16.64,0.08,0.87,15.32,2.99,0.00,520
14.751,16.64,0.06,0.65,15.64,2.95,0.00,519
14.768,16.66,0.08,0.87,15.29,2.96,0.00,516
14.785,16.72,0.08,0.88,15.22,2.95,0.00,514
14.801,16.63,0.11,0.85,15.18,2.94,0.00,511
14.818,16.68,0.07,0.64,15.49,2.93,0.00,491
14.835,16.66,0.07,0.63,15.51,2.91,0.00,489
14.851,16.67,0.14,1.06,14.94,2.89,0.00,573
14.868,16.67,0.10,1.08,15.01,3.95,0.00,571
14.885,16.65,0.11,1.06,15.04,3.94,0.00,572
14.901,16.67,0.11,1.06,15.04,3.94,0.00,572
14.918,16.67,0.10,1.06,15.05,3.96,0.00,569
14.935,16.70,0.10,1.09,15.04,3.95,0.00,569
14.951,16.65,0.12,1.09,14.97,3.96,0.00,568
14.968,16.71,0.10,1.10,15.07,3.96,0.00,568
14.985,16.62,0.13,1.11,14.93,3.97,0.00,568
15.001,16.67,0.12,1.11,15.00,3.99,0.00,568
15.018,16.68,0.15,1.13,15.06,4.00,0.00,569
15.035,16.66,0.10,1.11,15.09,4.00,0.00,569
15.051,16.72,0.11,1.11,15.06,4.01,0.00,571
15.068,16.61,0.14,1.11,14.98,4.02,0.00,573
15.085,16.72,0.10,1.09,15.02,4.03,0.00,575
15.101,16.63,0.10,1.11,15.15,4.04,0.00,575
15.118,16.71,0.10,1.12,14.90,4.05,0.00,578
15.135,16.61,0.10,1.13,14.96,4.09,0.00,581
15.151,16.71,0.10,1.12,14.92,4.09,0.00,582
15.168,16.64,0.09,1.14,14.92,4.10,0.00,582
15.185,16.67,0.10,1.16,15.07,4.10,0.00,584
15.201,16.65,0.11,1.14,15.11,4.11,0.00,588
15.218,16.67,0.12,1.17,14.93,4.11,0.00,592
15.235,16.66,0.09,1.12,15.00,4.13,0.00,594
15.251,16.67,0.10,1.14,14.96,4.14,0.00,599
15.268,16.67,0.09,1.12,15.00,3.61,0.00,599
15.285,16.67,0.11,1.12,14.98,3.61,0.00,599
15.301,16.69,0.11,1.12,14.97,3.62,0.00,603
15.318,16.65,0.09,1.15,14.95,3.63,0.00,607
15.335,16.69,0.09,1.11,15.10,3.63,0.00,611
15.351,16.70,0.12,1.16,14.99,3.65,0.00,614
15.368,16.61,0.09,1.13,14.98,3.66,0.00,614
15.385,16.68,0.09,1.11,14.97,3.67,0.00,618
15.401,16.67,0.09,1.13,15.01,3.72,0.00,620
15.418,16.64,0.09,1.15,15.06,3.71,0.00,621
15.435,16.67,0.09,1.13,15.12,3.73,0.00,623
15.451,16.66,0.09,1.16,14.98,3.74,0.00,625
15.468,16.68,0.09,1.12,14.99,3.76,0.00,629
15.485,16.66,0.10,1.11,14.98,3.78,0.00,634
15.501,16.69,0.09,1.15,14.96,3.78,0.00,638
15.518,16.66,0.09,1.09,14.98,3.79,0.00,639
15.535,16.69,0.09,1.16,15.09,3.82,0.00,641
15.551,16.64,0.09,1.11,15.11,3.84,0.00,640
15.568,16.69,0.08,1.11,15.00,3.84,0.00,643
15.585,16.64,0.09,1.10,15.13,3.86,0.00,646
15.601,16.68,0.09,1.08,15.22,3.88,0.00,649
15.618,16.65,0.12,1.11,15.01,3.89,0.00,651
15.635,16.68,0.09,1.09,15.03,3.89,0.00,651
15.651,16.70,0.08,1.11,14.98,3.91,0.00,656
15.668,16.65,0.09,1.08,14.99,3.92,0.00,658
15.685,16.65,0.11,1.07,15.18,3.96,0.00,658
15.701,16.74,0.08,1.10,14.95,3.96,0.00,659
15.718,16.62,0.08,1.10,15.01,3.96,0.00,660
15.735,16.66,0.10,1.05,15.06,3.98,0.00,662
15.751,16.67,0.08,1.06,15.07,3.99,0.00,661
15.768,16.65,0.10,1.09,14.98,3.99,0.00,661
15.785,16.68,0.08,1.07,15.04,4.01,0.00,661
15.801,16.68,0.08,1.03,15.06,4.01,0.00,662
15.818,16.67,0.08,1.04,15.09,4.04,0.00,662
15.835,16.65,0.10,1.09,15.04,4.07,0.00,662
15.851,16.72,0.08,1.05,15.06,4.06,0.00,661
15.868,16.61,0.10,1.02,15.10,4.06,0.00,661
15.885,16.67,0.10,1.04,15.04,4.07,0.00,662
15.901,16.69,0.08,1.05,15.05,4.08,0.00,663
15.918,16.65,0.08,1.09,15.05,4.07,0.00,659
15.935,16.67,0.09,1.03,15.24,4.07,0.00,660
15.951,16.66,0.10,0.97,15.13,4.09,0.00,659
15.968,16.69,0.08,0.96,15.10,4.11,0.00,659
15.985,16.68,0.22,1.00,14.93,4.09,0.00,673
16.001,16.66,0.08,1.03,15.20,4.21,0.00,680
16.018,16.67,0.09,1.06,15.04,4.29,0.00,680
16.035,16.64,0.08,0.98,15.13,4.29,0.00,680
16.051,16.73,0.09,1.02,15.20,4.29,0.00,681
16.068,16.65,0.13,1.10,14.95,4.27,0.00,682
16.085,16.64,0.08,1.00,15.27,4.29,0.00,678
16.101,16.74,0.08,1.04,15.03,4.27,0.00,677
16.118,16.62,0.08,0.98,15.23,4.27,0.00,676
16.135,16.68,0.09,1.03,15.24,4.24,0.00,676
16.151,16.70,0.08,1.03,14.98,4.22,0.00,667
16.168,16.60,0.08,1.00,15.08,4.21,0.00,663
16.185,16.67,0.09,0.98,15.33,4.19,0.00,656
16.201,16.67,0.09,1.01,15.10,4.16,0.00,651
16.218,16.65,0.08,0.98,15.20,4.17,0.00,649
16.235,16.69,0.10,0.99,15.11,4.15,0.00,638
16.251,16.66,0.08,0.97,15.03,4.12,0.00,635
16.268,16.66,0.08,0.98,15.14,4.10,0.00,633
16.285,16.66,0.10,0.96,15.13,4.09,0.00,633
16.301,16.67,0.08,0.94,15.20,4.05,0.00,631
16.318,16.67,0.11,0.98,15.12,4.04,0.00,628
16.335,16.67,0.08,0.96,15.37,4.00,0.00,617
16.351,16.66,0.08,0.95,15.31,3.98,0.00,612
16.368,16.67,0.10,0.92,15.18,3.19,0.00,612
16.385,16.69,0.08,0.89,15.20,3.18,0.00,611
16.401,16.66,0.08,0.92,15.16,3.16,0.00,609
16.418,16.67,0.08,0.96,15.14,3.15,0.00,605
16.435,16.69,0.08,0.90,15.19,3.13,0.00,604
16.451,16.72,0.05,0.51,15.83,3.12,0.00,603
16.468,16.57,0.10,0.92,15.21,3.12,0.00,600
16.485,16.72,0.08,0.92,15.18,3.11,0.00,599
16.501,16.63,0.08,0.92,15.21,3.11,0.00,595
16.518,16.66,0.08,0.91,15.25,3.11,0.00,593
16.535,16.72,0.08,0.92,15.13,3.10,0.00,593
16.551,16.62,0.09,0.88,15.41,3.10,0.00,588
16.568,16.76,0.11,0.95,15.06,3.07,0.00,585
16.585,16.59,0.07,0.92,15.44,3.07,0.00,581
16.601,16.66,0.08,0.93,15.05,3.08,0.00,579
16.618,16.64,0.06,0.66,15.30,3.06,0.00,576
16.635,16.73,0.06,0.67,15.47,3.08,0.00,575
16.651,16.62,0.10,0.92,15.15,3.07,0.00,572
16.668,16.72,0.07,0.91,15.17,3.05,0.00,571
16.685,16.63,0.07,0.93,15.30,3.05,0.00,568
16.701,16.72,0.08,0.88,15.26,3.05,0.00,566
16.718,16.62,0.10,0.91,15.17,3.04,0.00,564
16.735,16.66,0.09,0.88,15.19,3.03,0.00,564
16.751,16.66,0.11,1.17,14.92,3.03,0.00,613
16.768,16.71,0.09,1.14,14.93,3.92,0.00,609
16.785,16.63,0.11,1.16,14.94,3.92,0.00,607
16.801,16.67,0.11,1.14,14.96,3.92,0.00,601
16.818,16.68,0.09,0.87,15.22,3.90,0.00,549
16.835,16.66,0.09,0.88,15.36,3.85,0.00,548
16.851,16.66,0.12,0.88,15.10,3.85,0.00,548
16.868,16.67,0.07,0.66,15.33,3.84,0.00,547
16.885,16.66,0.07,0.68,15.34,3.84,0.00,547
16.902,16.77,0.07,0.67,15.36,3.84,0.00,546
16.918,16.58,0.12,0.87,15.21,3.83,0.00,546
16.935,16.70,0.09,0.88,15.33,3.81,0.00,548
16.951,16.67,0.10,0.89,15.21,3.81,0.00,549
16.968,16.65,0.10,0.90,15.16,3.80,0.00,549
16.985,16.67,0.10,0.90,15.16,3.80,0.00,546
17.001,16.67,0.09,0.88,15.22,3.78,0.00,548
17.018,16.66,0.10,0.89,15.23,3.77,0.00,551
17.035,16.66,0.10,0.88,15.19,3.79,0.00,552
17.051,16.68,0.10,0.90,15.15,3.79,0.00,554
17.068,16.72,0.07,0.66,15.61,3.77,0.00,556
17.085,16.61,0.09,0.94,15.17,3.75,0.00,557
17.101,16.71,0.09,1.07,15.18,3.76,0.00,558
17.118,16.62,0.09,0.99,15.16,3.74,0.00,555
17.135,16.68,0.09,0.90,15.47,3.75,0.00,556
17.151,16.65,0.10,0.99,15.28,3.74,0.00,555
17.168,16.67,0.09,0.92,15.42,3.18,0.00,554
17.185,16.68,0.09,0.94,15.32,3.18,0.00,554
17.202,16.71,0.09,0.92,15.11,3.17,0.00,555
17.218,16.62,0.09,0.87,15.25,3.17,0.00,555
17.235,16.70,0.08,0.88,15.18,3.18,0.00,556
17.251,16.64,0.09,0.90,15.16,3.17,0.00,557
17.268,16.67,0.10,0.93,15.15,3.16,0.00,558
17.285,16.68,0.09,0.90,15.21,3.17,0.00,557
17.301,16.66,0.08,0.91,15.15,3.19,0.00,558
17.318,16.72,0.09,0.93,15.12,3.18,0.00,560
17.335,16.63,0.08,0.93,15.13,3.18,0.00,565
17.351,16.66,0.09,0.95,15.24,3.19,0.00,564
17.368,16.70,0.10,0.91,15.17,3.18,0.00,565
17.385,16.63,0.09,0.91,15.21,3.19,0.00,564
17.401,16.67,0.10,0.91,15.15,3.18,0.00,568
17.418,16.66,0.08,0.90,15.15,3.19,0.00,568
17.435,16.67,0.08,0.87,15.39,3.20,0.00,572
17.452,16.72,0.09,0.93,15.16,3.23,0.00,572
17.468,16.62,0.08,0.89,15.23,3.23,0.00,573
17.485,16.68,0.10,0.89,15.21,3.23,0.00,573
17.501,16.65,0.10,0.90,15.21,3.24,0.00,575
17.518,16.68,0.08,0.90,15.39,3.24,0.00,577
17.535,16.72,0.09,0.93,15.15,3.25,0.00,578
17.552,16.66,0.08,0.91,15.18,3.25,0.00,579
17.568,16.63,0.10,0.89,15.16,3.25,0.00,582
17.585,16.67,0.08,0.92,15.17,3.28,0.00,584
17.602,16.67,0.08,0.92,15.31,3.29,0.00,584
17.618,16.67,0.09,0.90,15.18,3.30,0.00,586
17.635,16.66,0.10,0.89,15.37,3.30,0.00,588
17.651,16.66,0.10,0.94,15.19,3.29,0.00,586
17.668,16.68,0.08,0.90,15.33,3.30,0.00,587
17.685,16.73,0.08,0.89,15.44,3.31,0.00,586
17.701,16.58,0.10,1.03,15.19,3.27,0.00,589
17.718,16.69,0.11,0.91,15.35,3.34,0.00,590
17.735,16.67,0.16,0.90,15.32,3.35,0.00,587
17.752,16.72,0.09,0.93,15.20,3.34,0.00,586
17.768,16.62,0.08,0.91,15.22,3.33,0.00,585
17.785,16.67,0.10,0.91,15.20,3.34,0.00,584
17.802,16.69,0.08,0.90,15.19,3.34,0.00,582
17.818,16.64,0.09,0.88,15.19,3.34,0.00,583
17.835,16.68,0.08,0.89,15.20,3.33,0.00,584
17.852,16.66,0.10,0.89,15.24,3.35,0.00,583
17.868,16.67,0.08,0.90,15.22,3.35,0.00,584
17.885,16.67,0.11,0.91,15.19,3.34,0.00,580
17.902,16.67,0.08,0.92,15.19,3.34,0.00,578
17.918,16.66,0.09,0.87,15.14,3.33,0.00,578
17.935,16.66,0.08,0.87,15.25,3.32,0.00,578
17.952,16.71,0.08,0.89,15.32,3.31,0.00,577
17.968,16.66,0.11,0.86,15.33,3.30,0.00,581
17.985,16.67,0.24,0.88,15.07,3.37,0.00,598
18.002,16.66,0.09,0.93,15.16,3.47,0.00,611
18.018,16.70,0.09,0.95,15.11,3.57,0.00,612
18.035,16.64,0.08,0.90,15.19,3.59,0.00,642
18.052,16.65,0.09,0.92,15.18,3.60,0.00,641
18.068,16.69,0.09,0.96,15.18,3.59,0.00,640
18.085,16.66,0.10,0.92,15.12,3.61,0.00,644
18.102,16.65,0.10,0.92,15.19,3.61,0.00,646
18.118,16.73,0.09,0.92,15.10,3.64,0.00,646
18.135,16.60,0.10,0.94,15.18,3.64,0.00,648
18.152,16.67,0.11,0.93,15.18,3.63,0.00,647
18.168,16.67,0.09,0.92,15.35,3.60,0.00,648
18.185,16.67,0.09,0.93,15.34,3.60,0.00,646
18.202,16.74,0.12,0.93,15.22,3.60,0.00,643
18.218,16.65,0.12,0.94,15.09,3.59,0.00,630
18.235,16.61,0.09,0.92,15.22,3.57,0.00,611
18.252,16.68,0.09,0.86,15.17,3.56,0.00,605
18.268,16.66,0.08,0.90,15.39,3.22,0.00,604
18.285,16.66,0.09,0.88,15.25,3.18,0.00,605
18.302,16.71,0.08,0.92,15.19,3.21,0.00,606
18.318,16.63,0.10,0.88,15.24,3.22,0.00,605
18.335,16.69,0.08,0.87,15.19,3.21,0.00,604
18.352,16.66,0.08,0.88,15.38,3.21,0.00,601
18.368,16.73,0.09,0.86,15.33,3.21,0.00,600
18.385,16.60,0.08,0.85,15.25,3.20,0.00,600
18.402,16.68,0.08,0.91,15.19,3.23,0.00,600
18.418,16.65,0.08,0.87,15.21,3.24,0.00,600
18.435,16.67,0.08,0.88,15.27,3.22,0.00,598
18.452,16.69,0.08,0.87,15.36,3.22,0.00,597
18.468,16.66,0.08,0.88,15.22,3.22,0.00,596
18.485,16.67,0.08,0.93,15.19,3.22,0.00,595
18.502,16.64,0.08,0.84,15.29,3.23,0.00,591
18.518,16.68,0.10,0.88,15.25,3.21,0.00,589
18.535,16.75,0.08,0.86,15.18,3.23,0.00,583
18.552,16.58,0.08,0.87,15.22,3.24,0.00,581
18.568,16.67,0.08,0.91,15.20,3.23,0.00,581
18.585,16.72,0.08,0.89,15.46,3.23,0.00,581
18.602,16.62,0.08,0.89,15.36,3.21,0.00,579
18.618,16.73,0.08,0.87,15.20,3.22,0.00,579
18.635,16.60,0.09,0.89,15.37,3.22,0.00,578
18.652,16.73,0.08,0.87,15.18,3.20,0.00,576
18.668,16.61,0.09,0.88,15.25,3.23,0.00,575
18.685,16.68,0.08,0.88,15.42,3.21,0.00,573
18.702,16.65,0.08,0.88,15.42,3.20,0.00,569
18.718,16.67,0.08,0.66,15.49,3.20,0.00,555
18.735,16.69,0.08,0.64,15.50,3.17,0.00,555
18.752,16.66,0.09,0.66,15.43,3.17,0.00,555
18.768,16.68,0.08,0.63,15.48,3.18,0.00,556
18.785,16.65,0.08,0.62,15.49,3.16,0.00,556
18.802,16.68,0.08,0.64,15.43,3.18,0.00,556
18.818,16.68,0.08,0.67,15.40,3.16,0.00,556
18.835,16.67,0.08,0.66,15.42,3.15,0.00,556
18.852,16.65,0.07,0.63,15.48,3.14,0.00,553
18.868,16.68,0.10,0.67,15.41,3.14,0.00,553
18.885,16.65,0.08,0.64,15.51,3.12,0.00,552
18.902,16.68,0.08,0.68,15.42,3.12,0.00,552
18.918,16.67,0.08,0.66,15.43,3.10,0.00,553
18.935,16.66,0.07,0.64,15.44,3.11,0.00,553
18.952,16.65,0.07,0.64,15.61,3.09,0.00,553
18.968,16.68,0.09,0.65,15.56,3.07,0.00,553
18.985,16.72,0.08,0.67,15.41,3.07,0.00,552
19.002,16.62,0.08,0.67,15.42,3.06,0.00,551
19.018,16.68,0.08,0.65,15.43,3.04,0.00,549
19.035,16.65,0.10,0.64,15.45,3.04,0.00,549
19.052,16.69,0.08,0.63,15.47,3.02,0.00,548
19.068,16.65,0.08,0.65,15.43,3.01,0.00,547
19.085,16.67,0.08,0.65,15.68,3.03,0.00,547
19.102,16.65,0.08,0.67,15.61,3.01,0.00,546
19.118,16.72,0.08,0.65,15.45,2.99,0.00,545
19.135,16.66,0.08,0.65,15.40,2.98,0.00,535
19.152,16.66,0.07,0.66,15.45,2.96,0.00,533
19.168,16.65,0.09,0.64,15.64,2.94,0.00,530
19.185,16.66,0.09,0.66,15.47,2.94,0.00,530
19.202,16.69,0.10,0.64,15.57,2.94,0.00,528
19.218,16.65,0.08,0.62,15.53,2.91,0.00,527
19.235,16.72,0.08,0.66,15.43,2.91,0.00,526
19.252,16.65,0.07,0.66,15.58,2.91,0.00,525
19.268,16.71,0.08,0.64,15.42,2.90,0.00,525
19.285,16.64,0.07,0.61,15.47,2.91,0.00,522
19.302,16.62,0.08,0.67,15.43,2.90,0.00,521
19.318,16.68,0.08,0.62,15.45,2.91,0.00,521
19.335,16.66,0.11,0.92,15.10,2.91,0.00,562
19.352,16.70,0.13,0.92,15.24,3.81,0.00,564
19.368,16.64,0.10,0.93,15.17,3.80,0.00,564
19.385,16.67,0.09,0.93,15.16,3.80,0.00,563
19.402,16.67,0.10,0.90,15.19,3.80,0.00,564
19.418,16.66,0.09,0.95,15.17,3.80,0.00,564
19.435,16.66,0.09,0.93,15.19,3.80,0.00,564
19.452,16.72,0.09,0.92,15.15,3.80,0.00,565
19.468,16.64,0.09,0.93,15.16,3.81,0.00,562
19.485,16.66,0.09,0.91,15.16,3.82,0.00,560
19.502,16.65,0.09,0.93,15.19,3.82,0.00,559
19.518,16.68,0.09,0.94,15.18,3.82,0.00,560
19.535,16.65,0.11,0.94,15.16,3.82,0.00,559
19.552,16.67,0.10,0.94,15.13,3.82,0.00,558
19.568,16.66,0.08,0.93,15.14,3.81,0.00,556
19.585,16.67,0.09,0.91,15.20,3.82,0.00,556
19.602,16.68,0.09,0.93,15.22,3.84,0.00,557
19.618,16.65,0.09,0.93,15.20,3.84,0.00,557
19.635,16.68,0.10,0.91,15.15,3.84,0.00,556
19.652,16.66,0.10,0.95,15.12,3.82,0.00,554
19.668,16.68,0.09,0.97,15.19,3.82,0.00,555
19.685,16.68,0.12,0.95,15.25,3.82,0.00,557
19.702,16.65,0.10,0.96,15.28,3.82,0.00,551
19.718,16.75,0.09,0.95,15.08,3.80,0.00,554
19.735,16.60,0.10,0.93,15.19,3.84,0.00,554
19.752,16.65,0.10,0.99,15.22,3.26,0.00,553
19.768,16.67,0.08,0.72,15.49,3.25,0.00,551
19.785,16.67,0.10,0.96,15.12,3.24,0.00,550
19.802,16.71,0.08,0.95,15.15,3.23,0.00,549
19.818,16.62,0.10,0.95,15.15,3.23,0.00,548
19.835,16.67,0.09,0.93,15.19,3.22,0.00,546
19.852,16.70,0.09,0.94,15.13,3.22,0.00,546
19.868,16.63,0.10,0.94,15.13,3.25,0.00,545
19.885,16.73,0.08,0.94,15.14,3.24,0.00,547
19.902,16.63,0.08,0.94,15.17,3.22,0.00,546
19.918,16.64,0.08,0.92,15.20,3.22,0.00,545
19.935,16.69,0.08,0.93,15.16,3.21,0.00,545
19.952,16.66,0.08,0.87,15.37,3.22,0.00,543
19.968,16.67,0.08,0.88,15.23,3.21,0.00,541
19.985,16.69,0.22,0.92,15.00,3.21,0.00,588
20.002,16.64,0.08,0.95,15.17,3.45,0.00,600
20.018,16.69,0.08,0.95,15.14,3.58,0.00,600
20.035,16.69,0.08,0.94,15.15,3.57,0.00,600
20.052,16.62,0.08,0.95,15.14,3.58,0.00,600
20.068,16.71,0.08,0.95,15.12,3.57,0.00,602
20.085,16.61,0.10,0.96,15.13,3.57,0.00,600
20.102,16.67,0.09,0.96,15.19,3.57,0.00,603
20.118,16.68,0.09,0.95,15.29,3.56,0.00,604
20.135,16.65,0.08,0.95,15.20,3.59,0.00,603
20.152,16.69,0.08,0.92,15.19,3.57,0.00,604
20.168,16.68,0.08,0.93,15.33,3.57,0.00,605
20.185,16.75,0.08,0.97,15.08,3.57,0.00,605
20.202,16.56,0.08,0.94,15.38,3.56,0.00,606
20.218,16.67,0.10,0.98,15.08,3.56,0.00,606
20.235,16.67,0.11,0.94,15.28,3.56,0.00,605
20.252,16.66,0.09,0.97,15.18,3.58,0.00,606
20.268,16.74,0.11,1.00,15.00,3.57,0.00,604
20.285,16.60,0.09,0.94,15.19,3.58,0.00,605
20.302,16.66,0.08,0.96,15.15,3.56,0.00,609
20.318,16.69,0.09,0.95,15.16,3.56,0.00,609
20.335,16.66,0.08,0.95,15.17,3.56,0.00,610
20.352,16.69,0.08,0.96,15.26,3.57,0.00,606
20.368,16.65,0.10,0.96,15.11,3.55,0.00,606
20.385,16.65,0.09,0.92,15.38,3.58,0.00,608
20.402,16.68,0.08,0.97,15.26,3.58,0.00,605
20.418,16.66,0.09,0.97,15.31,3.56,0.00,605
20.435,16.67,0.08,0.94,15.35,3.56,0.00,607
20.452,16.67,0.08,0.97,15.25,3.55,0.00,609
20.468,16.67,0.08,1.01,15.15,3.55,0.00,611
20.485,16.67,0.08,0.94,15.20,3.56,0.00,613
20.502,16.69,0.08,0.95,15.17,3.56,0.00,614
20.518,16.64,0.08,0.96,15.16,3.57,0.00,614
20.535,16.70,0.08,0.95,15.16,3.56,0.00,612
20.552,16.65,0.08,0.96,15.12,3.55,0.00,612
20.568,16.67,0.08,0.96,15.15,3.56,0.00,611
20.585,16.68,0.08,0.94,15.16,3.56,0.00,614
20.602,16.64,0.08,0.94,15.21,3.54,0.00,612
20.618,16.67,0.09,0.95,15.11,3.54,0.00,612
20.635,16.71,0.08,0.92,15.17,3.54,0.00,614
20.652,16.64,0.07,0.92,15.18,3.56,0.00,610
20.668,16.66,0.08,0.98,15.11,3.53,0.00,610
20.685,16.67,0.07,0.92,15.21,3.54,0.00,610
20.702,16.68,0.07,0.90,15.41,3.53,0.00,610
20.718,16.66,0.07,1.04,15.13,3.51,0.00,611
20.735,16.66,0.09,1.00,15.28,3.51,0.00,605
20.752,16.67,0.11,0.95,15.14,3.50,0.00,602
20.768,16.67,0.08,0.92,15.23,3.52,0.00,602
20.785,16.72,0.07,0.96,15.11,3.51,0.00,597
20.802,16.65,0.08,0.93,15.13,3.51,0.00,594
20.818,16.64,0.08,0.94,15.18,3.49,0.00,585
20.835,16.66,0.09,0.89,15.23,3.48,0.00,579
20.852,16.67,0.11,0.89,15.35,3.02,0.00,579
20.868,16.67,0.10,0.89,15.15,3.02,0.00,575
20.885,16.70,0.08,0.87,15.21,3.01,0.00,574
20.902,16.65,0.08,0.89,15.21,3.03,0.00,575
20.918,16.65,0.10,0.90,15.36,3.03,0.00,574
20.935,16.67,0.08,0.90,15.22,3.03,0.00,575
20.952,16.68,0.07,0.88,15.27,3.02,0.00,575
20.968,16.68,0.08,0.98,15.15,3.01,0.00,575
20.985,16.65,0.08,0.87,15.21,3.01,0.00,573
21.002,16.66,0.08,0.90,15.20,3.02,0.00,572
21.018,16.67,0.08,0.90,15.13,3.02,0.00,572
21.035,16.67,0.08,0.86,15.25,3.02,0.00,571
21.052,16.69,0.07,0.90,15.19,3.04,0.00,570
21.068,16.66,0.07,0.89,15.22,3.03,0.00,568
21.085,16.68,0.07,0.89,15.21,3.03,0.00,568
21.102,16.67,0.08,0.88,15.25,3.02,0.00,565
21.118,16.67,0.08,0.89,15.22,3.02,0.00,565
21.135,16.68,0.08,0.94,15.34,3.02,0.00,564
21.152,16.64,0.09,0.96,15.33,3.02,0.00,563
21.169,16.75,0.08,0.93,15.31,3.04,0.00,561
21.185,16.60,0.07,0.91,15.38,3.05,0.00,560
21.202,16.66,0.09,0.97,15.27,3.05,0.00,559
21.218,16.68,0.08,0.94,15.35,3.05,0.00,557
21.235,16.66,0.08,0.94,15.33,3.06,0.00,557
21.252,16.72,0.11,0.88,15.41,3.05,0.00,555
21.268,16.61,0.09,0.98,15.34,3.06,0.00,554
21.285,16.68,0.08,0.90,15.44,3.05,0.00,554
21.302,16.66,0.08,0.70,15.68,3.09,0.00,551
21.318,16.67,0.07,0.71,15.62,3.04,0.00,550
21.335,16.68,0.08,0.68,15.58,3.07,0.00,549
21.352,16.72,0.08,0.70,15.63,3.07,0.00,549
21.369,16.71,0.08,0.71,15.52,3.08,0.00,548
21.385,16.58,0.09,0.70,15.51,3.07,0.00,545
21.402,16.72,0.08,0.68,15.62,3.06,0.00,543
21.418,16.61,0.07,0.71,15.43,3.07,0.00,542
21.435,16.68,0.11,0.68,15.60,3.07,0.00,542
21.452,16.75,0.08,0.73,15.34,3.07,0.00,538
21.469,16.59,0.08,0.65,15.74,3.06,0.00,536
21.485,16.66,0.08,0.71,15.47,3.00,0.00,533
21.502,16.76,0.08,0.71,15.54,3.03,0.00,531
21.519,16.59,0.08,0.78,15.49,3.03,0.00,526
21.535,16.73,0.11,0.98,15.20,3.01,0.00,568
21.552,16.60,0.10,0.99,15.24,3.84,0.00,568
21.569,16.71,0.12,0.99,15.29,3.82,0.00,570
21.585,16.62,0.09,1.03,15.13,3.82,0.00,567
21.602,16.67,0.07,0.75,15.64,3.80,0.00,566
21.619,16.69,0.18,1.05,15.07,3.80,0.00,567
21.635,16.66,0.07,0.77,15.62,3.80,0.00,566
21.652,16.75,0.10,1.03,15.18,3.80,0.00,565
21.669,16.59,0.09,1.10,15.35,3.81,0.00,565
21.685,16.66,0.12,1.03,15.48,3.77,0.00,566
21.702,16.76,0.09,1.06,15.21,3.80,0.00,563
21.719,16.57,0.09,1.03,15.37,3.80,0.00,563
21.735,16.69,0.09,1.03,15.34,3.81,0.00,563
21.752,16.65,0.09,1.06,15.36,3.80,0.00,561
21.768,16.64,0.10,1.06,15.37,3.78,0.00,561
21.785,16.70,0.11,1.10,15.20,3.81,0.00,562
21.802,16.66,0.09,1.04,15.59,3.84,0.00,563
21.819,16.85,0.09,1.10,15.07,3.84,0.00,563
21.835,16.50,0.10,1.04,15.30,3.85,0.00,565
21.852,16.65,0.09,1.03,15.11,3.86,0.00,568
21.869,16.68,0.09,1.06,14.90,3.86,0.00,570
21.885,16.74,0.07,0.77,15.16,3.87,0.00,570
21.902,16.59,0.08,0.76,15.21,3.88,0.00,574
21.919,16.66,0.07,0.74,15.21,3.92,0.00,576
21.935,16.75,0.06,0.74,15.16,3.94,0.00,576
21.952,16.62,0.06,0.69,15.26,3.37,0.00,575
21.969,16.71,0.07,0.68,15.25,3.37,0.00,576
21.985,16.59,0.17,0.75,15.13,3.38,0.00,609
22.002,16.74,0.07,0.76,15.14,3.50,0.00,617
22.019,16.63,0.07,0.75,15.18,3.61,0.00,618
22.035,16.71,0.07,0.76,15.14,3.61,0.00,617
22.052,16.60,0.06,0.75,15.40,3.64,0.00,618
22.069,16.69,0.09,1.13,15.17,3.65,0.00,620
22.085,16.66,0.09,1.08,15.18,3.66,0.00,618
22.102,16.66,0.08,1.14,15.26,3.63,0.00,616
22.119,16.77,0.09,1.14,14.95,3.67,0.00,615
22.135,16.59,0.07,0.79,15.57,3.67,0.00,608
22.152,16.67,0.10,1.08,15.28,3.68,0.00,609
22.169,16.75,0.13,1.10,15.10,3.71,0.00,610
22.185,16.56,0.10,1.09,15.24,3.71,0.00,614
22.202,16.68,0.08,1.08,15.36,3.69,0.00,615
22.219,16.65,0.09,1.12,15.23,3.74,0.00,618
22.235,16.67,0.08,1.16,15.33,3.73,0.00,618
22.252,16.70,0.10,1.10,15.22,3.74,0.00,620
22.269,16.64,0.11,1.08,15.30,3.75,0.00,621
22.285,16.67,0.09,1.13,15.24,3.77,0.00,623
22.302,16.67,0.12,1.18,15.08,3.74,0.00,624
22.319,16.66,0.10,1.07,15.04,3.78,0.00,627
22.335,16.67,0.10,1.07,15.05,3.79,0.00,629
22.352,16.67,0.10,1.06,14.99,3.78,0.00,631
22.369,16.67,0.11,1.09,15.12,3.78,0.00,633
22.385,16.67,0.09,1.04,15.08,3.79,0.00,636
22.402,16.68,0.09,1.06,15.05,3.79,0.00,637
22.419,16.65,0.08,1.04,15.06,3.80,0.00,637
22.435,16.66,0.08,1.01,15.20,3.80,0.00,639
22.452,16.68,0.09,1.02,15.40,3.80,0.00,639
22.469,16.64,0.08,1.09,15.19,3.80,0.00,644
22.485,16.70,0.09,1.07,15.06,3.80,0.00,646
22.502,16.67,0.08,1.01,15.10,3.80,0.00,648
22.519,16.70,0.09,1.04,15.20,3.79,0.00,648
22.535,16.64,0.11,1.06,15.16,3.80,0.00,647
22.552,16.69,0.11,1.06,15.00,3.80,0.00,646
22.569,16.66,0.08,1.04,15.05,3.79,0.00,649
22.585,16.66,0.08,1.07,15.06,3.78,0.00,646
22.602,16.68,0.08,1.02,15.04,3.78,0.00,645
22.619,16.65,0.08,1.01,15.25,3.76,0.00,645
22.635,16.65,0.08,1.04,15.10,3.76,0.00,644
22.652,16.71,0.08,1.01,15.06,3.77,0.00,641
22.669,16.64,0.08,1.03,15.33,3.77,0.00,640
22.685,16.66,0.08,1.13,15.27,3.76,0.00,639
22.702,16.66,0.10,1.02,15.13,3.75,0.00,637
22.719,16.71,0.09,1.04,15.12,3.74,0.00,635
22.735,16.70,0.10,1.02,15.15,3.74,0.00,636
22.752,16.61,0.08,1.05,15.08,3.73,0.00,638
22.769,16.68,0.10,1.03,15.11,3.73,0.00,634
22.785,16.69,0.08,1.01,15.13,3.75,0.00,629
22.802,16.64,0.09,1.00,15.26,3.74,0.00,629
22.819,16.67,0.08,0.98,15.20,3.72,0.00,625
22.835,16.68,0.10,1.01,15.14,3.73,0.00,623
22.852,16.68,0.09,1.01,15.12,3.71,0.00,618
22.869,16.72,0.08,1.03,15.16,3.70,0.00,615
22.885,16.66,0.08,1.01,15.22,3.69,0.00,614
22.902,16.61,0.08,1.00,15.31,3.68,0.00,607
22.919,16.67,0.10,1.08,15.10,3.68,0.00,603
22.935,16.72,0.08,1.03,15.05,3.68,0.00,596
22.952,16.63,0.08,0.99,15.11,3.67,0.00,590
22.969,16.65,0.09,0.98,15.25,3.66,0.00,587
22.985,16.70,0.08,1.01,15.07,3.64,0.00,585
23.002,16.64,0.08,0.97,15.13,3.64,0.00,583
23.019,16.67,0.13,1.42,14.61,3.62,0.00,642
23.035,16.72,0.10,1.39,14.68,4.59,0.00,641
23.052,16.62,0.10,1.37,14.70,4.17,0.00,641
23.069,16.66,0.10,1.41,14.59,4.17,0.00,642
23.085,16.66,0.10,1.38,14.71,4.17,0.00,641
23.102,16.70,0.10,1.38,14.68,4.17,0.00,639
23.119,16.64,0.11,1.37,14.85,4.16,0.00,641
23.135,16.68,0.13,1.39,14.65,4.16,0.00,642
23.152,16.65,0.11,1.40,14.69,4.17,0.00,640
23.169,16.68,0.10,1.40,14.64,4.17,0.00,640
23.185,16.66,0.10,1.45,14.77,4.17,0.00,641
23.202,16.66,0.12,1.41,14.67,4.17,0.00,639
23.219,16.67,0.10,1.39,14.73,4.18,0.00,635
23.235,16.67,0.14,1.41,14.65,4.17,0.00,636
23.252,16.67,0.11,1.38,14.65,4.18,0.00,632
23.269,16.67,0.10,1.42,14.87,4.17,0.00,634
23.285,16.66,0.10,1.43,14.85,4.21,0.00,638
23.302,16.69,0.11,1.44,14.76,4.20,0.00,638
23.319,16.65,0.10,1.40,14.69,4.22,0.00,638
23.335,16.70,0.09,1.48,14.59,4.21,0.00,639
23.352,16.66,0.09,1.40,14.68,4.22,0.00,637
23.369,16.65,0.10,1.46,14.82,4.20,0.00,638
23.385,16.74,0.11,1.43,14.60,4.20,0.00,642
23.402,16.63,0.10,1.42,14.62,4.25,0.00,642
23.419,16.64,0.09,1.45,14.62,4.25,0.00,642
23.435,16.65,0.10,1.42,14.67,3.67,0.00,641
23.452,16.69,0.09,1.40,14.67,3.67,0.00,637
23.469,16.64,0.11,1.40,14.74,3.67,0.00,633
23.485,16.72,0.09,1.39,14.69,3.67,0.00,631
23.502,16.62,0.09,1.13,14.96,3.68,0.00,617
23.519,16.69,0.09,1.12,14.96,3.67,0.00,619
23.535,16.65,0.10,1.11,15.00,3.70,0.00,618
23.552,16.66,0.11,1.10,14.97,3.69,0.00,617
23.569,16.69,0.08,1.13,14.95,3.70,0.00,619
23.585,16.65,0.09,1.10,15.02,3.71,0.00,619
23.602,16.71,0.09,1.12,14.95,3.71,0.00,622
23.619,16.63,0.09,1.12,15.01,3.72,0.00,620
23.635,16.67,0.12,1.11,14.93,3.72,0.00,626
23.652,16.65,0.10,1.13,14.98,3.77,0.00,626
23.669,16.72,0.08,1.10,14.98,3.77,0.00,630
23.685,16.64,0.11,1.10,14.96,3.78,0.00,629
23.702,16.67,0.09,1.06,15.00,3.79,0.00,630
23.719,16.65,0.11,1.08,15.14,3.80,0.00,630
23.735,16.71,0.08,1.09,14.99,3.81,0.00,636
23.752,16.62,0.12,1.07,15.02,3.81,0.00,642
23.769,16.67,0.11,1.06,14.99,3.90,0.00,643
23.785,16.67,0.08,1.10,14.99,3.91,0.00,643
23.802,16.73,0.09,1.08,14.96,3.92,0.00,644
23.819,16.61,0.08,1.07,15.16,3.94,0.00,664
23.835,16.66,0.10,1.09,15.01,3.98,0.00,662
23.852,16.68,0.09,1.05,14.97,4.01,0.00,663
23.869,16.67,0.08,1.11,15.15,4.02,0.00,665
23.885,16.73,0.09,1.06,14.95,4.02,0.00,666
23.902,16.63,0.08,1.04,15.01,4.01,0.00,666
23.919,16.65,0.08,1.04,15.04,4.01,0.00,669
23.935,16.66,0.09,1.05,15.05,4.02,0.00,667
23.952,16.68,0.08,0.95,15.11,4.02,0.00,667
23.969,16.66,0.08,0.93,15.22,4.02,0.00,668
23.986,16.80,0.25,1.03,14.89,4.02,0.00,682
24.002,16.59,0.09,1.09,14.96,4.18,0.00,697
24.019,16.62,0.10,1.06,15.18,4.38,0.00,694
24.035,16.67,0.11,1.05,15.02,4.38,0.00,692
24.052,16.68,0.08,1.02,15.10,4.36,0.00,691
24.069,16.70,0.08,1.04,15.15,4.36,0.00,692
24.085,16.61,0.10,1.02,15.08,4.37,0.00,692
24.102,16.66,0.10,1.05,15.04,4.38,0.00,689
24.119,16.67,0.14,1.08,15.23,4.36,0.00,689
24.135,16.66,0.09,1.05,15.08,4.36,0.00,689
24.152,16.69,0.08,1.02,15.09,4.38,0.00,688
24.169,16.70,0.09,1.00,15.07,4.38,0.00,690
24.185,16.64,0.08,1.00,15.08,4.38,0.00,687
24.202,16.69,0.09,1.01,15.01,4.36,0.00,687
24.219,16.64,0.08,1.00,15.25,4.36,0.00,685
24.235,16.74,0.08,1.02,15.07,4.36,0.00,685
24.252,16.62,0.11,1.03,15.16,4.34,0.00,682
24.269,16.64,0.08,0.97,15.17,4.36,0.00,680
24.285,16.68,0.08,0.98,15.10,4.36,0.00,678
24.302,16.65,0.10,0.97,15.10,4.34,0.00,678
24.319,16.67,0.08,0.98,15.13,4.32,0.00,677
24.335,16.69,0.08,0.99,15.09,4.30,0.00,677
24.352,16.66,0.08,1.00,15.28,4.29,0.00,675
24.369,16.70,0.09,0.99,15.10,4.27,0.00,674
24.385,16.65,0.09,0.98,15.25,4.27,0.00,667
24.402,16.62,0.13,0.99,15.11,4.26,0.00,662
24.419,16.71,0.08,0.98,15.11,4.24,0.00,661
24.435,16.66,0.08,0.96,15.11,4.23,0.00,659
24.452,16.65,0.09,0.97,15.25,4.20,0.00,658
24.469,16.69,0.08,0.95,15.14,4.18,0.00,658
24.485,16.65,0.07,0.95,15.21,4.17,0.00,654
24.502,16.67,0.09,0.93,15.17,4.15,0.00,650
24.519,16.65,0.08,0.96,15.18,4.17,0.00,646
24.535,16.68,0.10,0.93,15.14,3.31,0.00,646
24.552,16.66,0.07,0.92,15.22,3.31,0.00,644
24.569,16.67,0.07,0.90,15.19,3.29,0.00,642
24.585,16.69,0.07,0.90,15.16,3.28,0.00,641
24.602,16.67,0.08,0.92,15.19,3.29,0.00,640
24.619,16.64,0.10,0.89,15.39,3.27,0.00,638
24.635,16.73,0.17,0.97,14.99,3.27,0.00,634
24.652,16.62,0.07,0.90,15.22,3.27,0.00,632
24.669,16.67,0.08,0.91,15.18,3.26,0.00,631
24.685,16.66,0.07,0.89,15.21,3.26,0.00,628
24.702,16.67,0.07,0.90,15.22,3.23,0.00,624
24.719,16.70,0.07,0.91,15.34,3.23,0.00,624
24.736,16.73,0.08,0.94,15.30,3.18,0.00,621
24.752,16.58,0.08,0.92,15.46,3.21,0.00,619
24.769,16.67,0.11,0.90,15.19,3.23,0.00,618
24.786,16.71,0.08,0.94,15.14,3.22,0.00,616
24.802,16.64,0.08,0.91,15.15,3.20,0.00,603
24.819,16.68,0.07,0.93,15.30,3.19,0.00,600
24.836,16.71,0.08,0.96,15.04,3.17,0.00,600
24.852,16.58,0.09,0.91,15.16,3.17,0.00,598
24.869,16.69,0.08,0.91,15.33,3.17,0.00,597
24.886,16.70,0.08,0.92,15.14,3.16,0.00,594
24.902,16.62,0.08,0.92,15.22,3.17,0.00,593
24.919,16.67,0.09,0.89,15.19,3.16,0.00,591
24.935,16.69,0.08,0.98,15.25,3.15,0.00,590
24.952,16.67,0.10,0.93,15.13,3.15,0.00,589
24.969,16.67,0.07,0.90,15.19,3.14,0.00,587
24.986,16.69,0.09,0.65,15.44,3.14,0.00,583
25.002,16.65,0.09,0.67,15.42,3.14,0.00,584
25.019,16.63,0.09,0.64,15.47,3.15,0.00,584
25.036,16.70,0.07,0.69,15.36,3.15,0.00,584
25.052,16.66,0.07,0.64,15.41,3.13,0.00,583
25.069,16.65,0.07,0.64,15.47,3.13,0.00,581
25.085,16.67,0.07,0.66,15.46,3.12,0.00,578
25.102,16.68,0.07,0.66,15.41,3.12,0.00,579
25.119,16.66,0.08,0.70,15.56,3.11,0.00,579
25.135,16.66,0.08,0.66,15.60,3.12,0.00,580
25.152,16.65,0.07,0.68,15.42,3.12,0.00,578
25.169,16.68,0.07,0.67,15.47,3.11,0.00,577
25.185,16.67,0.09,0.69,15.43,3.11,0.00,575
25.202,16.66,0.10,0.68,15.61,3.11,0.00,576
25.219,16.73,0.08,0.68,15.39,3.10,0.00,574
25.235,16.62,0.08,0.69,15.44,3.08,0.00,573
25.252,16.67,0.08,0.70,15.57,3.10,0.00,569
25.269,16.65,0.07,0.68,15.47,3.10,0.00,566
25.286,16.71,0.08,0.68,15.38,3.09,0.00,566
25.302,16.64,0.07,0.65,15.42,3.08,0.00,565
25.319,16.66,0.07,0.71,15.40,3.09,0.00,564
25.336,16.67,0.07,0.68,15.43,3.08,0.00,564
25.352,16.65,0.07,0.65,15.49,3.08,0.00,563
25.369,16.68,0.09,0.68,15.57,3.08,0.00,561
25.385,16.65,0.09,0.69,15.44,3.09,0.00,557
25.402,16.68,0.09,0.69,15.41,3.09,0.00,557
25.419,16.67,0.07,0.68,15.38,3.09,0.00,557
25.436,16.67,0.07,0.70,15.60,3.08,0.00,557
25.452,16.66,0.08,0.69,15.41,3.07,0.00,557
25.469,16.68,0.07,0.66,15.44,3.09,0.00,557
25.486,16.66,0.08,0.71,15.42,3.08,0.00,556
25.502,16.70,0.09,0.65,15.42,3.10,0.00,554
25.519,16.62,0.09,0.67,15.47,3.09,0.00,554
25.536,16.69,0.07,0.69,15.42,3.10,0.00,555
25.552,16.69,0.07,0.68,15.40,3.09,0.00,553
25.569,16.62,0.08,0.67,15.43,3.08,0.00,551
25.586,16.70,0.07,0.71,15.35,3.08,0.00,549
25.602,16.65,0.11,0.97,15.11,3.07,0.00,589
25.619,16.67,0.10,0.96,15.27,3.89,0.00,589
25.636,16.66,0.11,1.00,15.09,3.88,0.00,588
25.652,16.70,0.09,0.95,15.26,3.87,0.00,587
25.669,16.65,0.09,0.98,15.10,3.88,0.00,585
25.686,16.69,0.09,0.99,15.10,3.88,0.00,584
25.702,16.66,0.09,1.02,15.03,3.88,0.00,579
25.719,16.67,0.09,0.99,15.07,3.88,0.00,580
25.736,16.74,0.13,0.98,15.12,3.88,0.00,577
25.752,16.60,0.10,1.02,15.03,3.89,0.00,575
25.769,16.63,0.09,0.98,15.30,3.89,0.00,575
25.786,16.68,0.11,0.98,15.26,3.89,0.00,575
25.802,16.64,0.09,1.04,15.23,3.90,0.00,572
25.819,16.68,0.14,1.02,15.07,3.89,0.00,571
25.836,16.69,0.09,1.11,15.12,3.90,0.00,569
25.852,16.71,0.10,1.00,14.99,3.90,0.00,567
25.869,16.61,0.11,1.02,15.21,3.94,0.00,568
25.886,16.72,0.12,1.02,14.98,3.94,0.00,571
25.902,16.62,0.09,1.03,15.04,3.94,0.00,571
25.919,16.66,0.10,0.99,15.10,3.94,0.00,570
25.936,16.68,0.09,1.03,15.18,3.94,0.00,570
25.952,16.66,0.10,0.93,15.12,3.93,0.00,571
25.969,16.68,0.08,0.91,15.17,3.93,0.00,572
25.986,16.67,0.25,1.00,15.06,3.94,0.00,596
26.002,16.67,0.10,1.05,15.03,4.10,0.00,606
26.019,16.67,0.08,0.99,15.14,3.65,0.00,607
26.036,16.66,0.09,1.01,15.06,3.64,0.00,607
26.052,16.67,0.08,1.02,15.08,3.64,0.00,608
26.069,16.66,0.11,1.03,15.15,3.64,0.00,608
26.086,16.66,0.10,1.02,15.09,3.63,0.00,609
26.102,16.69,0.09,1.04,15.05,3.63,0.00,605
26.119,16.67,0.08,1.01,15.24,3.64,0.00,605
26.136,16.70,0.13,1.05,14.92,3.64,0.00,606
26.152,16.62,0.10,0.99,15.09,3.63,0.00,606
26.169,16.66,0.08,1.03,15.08,3.63,0.00,607
26.186,16.72,0.09,1.04,15.08,3.62,0.00,608
26.202,16.65,0.08,1.01,15.10,3.63,0.00,608
26.219,16.65,0.10,0.97,15.09,3.63,0.00,608
26.236,16.67,0.08,1.01,15.20,3.66,0.00,607
26.252,16.73,0.09,1.01,14.95,3.65,0.00,607
26.269,16.66,0.12,1.00,14.98,3.65,0.00,607
26.286,16.63,0.09,0.98,15.22,3.64,0.00,610
26.302,16.68,0.09,1.02,15.06,3.65,0.00,611
26.319,16.67,0.08,1.00,15.05,3.65,0.00,610
26.336,16.66,0.09,1.01,15.03,3.66,0.00,611
26.352,16.71,0.09,1.00,15.03,3.67,0.00,611
26.369,16.60,0.09,0.98,15.13,3.68,0.00,611
26.386,16.72,0.08,1.05,15.05,3.68,0.00,610
26.402,16.63,0.08,0.98,15.14,3.69,0.00,611
26.419,16.67,0.08,1.02,15.08,3.69,0.00,610
26.436,16.67,0.08,0.99,15.09,3.68,0.00,608
26.452,16.66,0.10,1.00,15.15,3.69,0.00,609
26.469,16.67,0.09,0.97,15.19,3.70,0.00,611
26.486,16.68,0.09,0.97,15.16,3.74,0.00,609
26.502,16.67,0.08,1.03,15.09,3.72,0.00,609
26.519,16.68,0.08,0.99,15.10,3.73,0.00,610
26.536,16.67,0.08,1.01,15.04,3.74,0.00,610
26.552,16.63,0.10,1.00,15.10,3.75,0.00,608
26.569,16.67,0.09,0.97,15.13,3.74,0.00,609
26.586,16.71,0.08,0.97,15.05,3.74,0.00,608
26.602,16.63,0.08,0.96,15.14,3.74,0.00,604
26.619,16.65,0.09,0.97,15.15,3.76,0.00,605
26.636,16.68,0.10,1.08,15.10,3.76,0.00,605
26.652,16.67,0.09,0.96,15.17,3.75,0.00,605
26.669,16.66,0.08,1.03,15.10,3.75,0.00,605
26.686,16.70,0.08,1.00,15.12,3.76,0.00,605
26.702,16.68,0.08,1.03,15.02,3.76,0.00,607
26.719,16.63,0.09,0.97,15.13,3.77,0.00,607
26.736,16.67,0.09,0.98,15.26,3.78,0.00,607
26.752,16.72,0.08,1.04,14.85,3.78,0.00,602
26.769,16.60,0.06,0.70,15.24,3.78,0.00,602
26.786,16.68,0.06,0.72,15.25,3.79,0.00,602
26.802,16.72,0.06,0.75,15.18,3.77,0.00,603
26.819,16.61,0.06,0.72,15.26,3.78,0.00,602
26.836,16.74,0.07,0.70,15.19,3.78,0.00,604
26.852,16.64,0.07,0.70,15.37,3.79,0.00,604
26.869,16.64,0.08,0.95,15.30,3.79,0.00,605
26.886,16.67,0.08,1.04,14.91,3.78,0.00,605
26.902,16.68,0.06,0.70,15.30,3.78,0.00,604
26.919,16.73,0.06,0.72,15.38,3.76,0.00,605
26.936,16.57,0.09,1.00,15.27,3.76,0.00,606
26.952,16.66,0.09,0.99,15.10,3.75,0.00,605
26.969,16.68,0.11,1.26,14.79,3.73,0.00,661
26.986,16.66,0.11,1.23,14.86,4.55,0.00,661
27.002,16.70,0.09,1.29,14.63,4.53,0.00,660
27.019,16.72,0.07,0.94,14.85,4.53,0.00,660
27.036,16.60,0.07,0.91,15.06,4.52,0.00,660
27.052,16.64,0.08,0.94,15.37,4.49,0.00,657
27.069,16.67,0.10,1.35,14.77,4.49,0.00,652
27.086,16.70,0.10,1.27,14.81,4.47,0.00,646
27.102,16.64,0.10,1.26,14.82,4.45,0.00,640
27.119,16.69,0.12,1.26,14.81,4.03,0.00,641
27.136,16.66,0.11,1.28,15.00,4.04,0.00,640
27.152,16.66,0.11,1.26,14.82,4.03,0.00,641
27.169,16.69,0.09,1.29,14.78,4.05,0.00,642
27.186,16.66,0.10,1.29,14.77,4.06,0.00,643
27.202,16.71,0.09,1.30,14.74,4.07,0.00,643
27.219,16.64,0.10,1.31,14.72,4.08,0.00,644
27.236,16.64,0.10,1.25,14.82,4.09,0.00,643
27.252,16.67,0.10,1.34,14.76,4.10,0.00,644
27.269,16.69,0.09,1.29,14.79,4.10,0.00,645
27.286,16.63,0.09,1.29,14.96,4.11,0.00,647
27.302,16.67,0.11,1.31,14.94,4.11,0.00,645
27.319,16.73,0.10,1.33,14.71,4.12,0.00,646
27.336,16.64,0.09,1.30,14.73,4.13,0.00,644
27.352,16.65,0.09,1.32,14.72,4.16,0.00,644
27.369,16.66,0.09,1.30,14.80,4.17,0.00,643
27.386,16.65,0.09,1.31,14.97,3.61,0.00,646
27.402,16.67,0.09,1.31,14.80,3.61,0.00,644
27.419,16.67,0.10,1.30,14.80,3.62,0.00,644
27.436,16.68,0.08,1.26,14.83,3.63,0.00,646
27.452,16.66,0.10,1.31,14.78,3.64,0.00,645
27.469,16.67,0.10,1.31,14.79,3.68,0.00,644
27.486,16.70,0.09,1.31,14.75,3.68,0.00,643
27.502,16.64,0.09,1.32,14.92,3.69,0.00,646
27.519,16.66,0.09,1.32,14.82,3.70,0.00,645
27.536,16.71,0.11,1.30,14.74,3.71,0.00,645
27.552,16.65,0.12,1.31,14.76,3.72,0.00,642
27.569,16.69,0.08,1.07,15.02,3.72,0.00,630
27.586,16.64,0.09,1.07,15.04,3.72,0.00,635
27.602,16.65,0.11,1.07,15.02,3.77,0.00,634
27.619,16.67,0.11,1.06,15.02,3.78,0.00,638
27.636,16.67,0.10,1.05,15.05,3.79,0.00,641
27.652,16.70,0.09,1.09,14.97,3.79,0.00,642
27.669,16.64,0.08,1.11,14.99,3.79,0.00,640
27.686,16.67,0.09,1.04,15.08,3.80,0.00,640
27.702,16.69,0.10,1.03,15.07,3.81,0.00,641
27.719,16.68,0.09,1.07,15.01,3.84,0.00,647
27.736,16.64,0.10,1.07,15.12,3.84,0.00,647
27.752,16.69,0.09,1.04,15.04,3.84,0.00,646
27.769,16.65,0.09,1.06,15.02,3.84,0.00,650
27.786,16.65,0.08,1.03,15.02,3.84,0.00,654
27.802,16.66,0.08,1.05,15.07,3.84,0.00,655
27.819,16.72,0.08,1.05,15.03,3.83,0.00,656
27.836,16.66,0.08,1.04,15.03,3.85,0.00,657
27.852,16.64,0.10,1.04,15.06,3.88,0.00,658
27.869,16.69,0.09,1.06,15.00,3.86,0.00,657
27.886,16.64,0.08,1.02,15.11,3.85,0.00,658
27.902,16.68,0.10,1.03,15.21,3.85,0.00,660
27.919,16.73,0.09,1.06,15.22,3.84,0.00,660
27.936,16.59,0.08,1.10,15.09,3.83,0.00,661
27.952,16.70,0.09,0.94,15.29,3.82,0.00,660
27.969,16.66,0.08,0.90,15.22,3.83,0.00,661
27.986,16.66,0.22,1.04,14.92,3.83,0.00,678
28.002,16.68,0.08,1.08,15.07,3.93,0.00,698
28.019,16.69,0.10,1.08,15.12,4.14,0.00,698
28.036,16.64,0.11,1.09,15.15,4.13,0.00,699
28.052,16.66,0.11,1.07,15.05,4.12,0.00,699
28.069,16.71,0.11,1.04,15.13,4.12,0.00,697
28.086,16.67,0.10,1.01,15.26,4.13,0.00,693
28.102,16.61,0.08,1.03,15.23,4.12,0.00,690
28.119,16.70,0.09,1.01,15.10,4.11,0.00,686
28.136,16.69,0.09,1.02,15.24,4.09,0.00,686
28.152,16.62,0.09,1.01,15.11,4.09,0.00,684
28.169,16.69,0.08,1.05,15.03,4.07,0.00,682
28.186,16.65,0.09,0.97,15.15,4.06,0.00,681
28.202,16.67,0.10,1.02,15.07,4.06,0.00,677
28.219,16.67,0.10,1.01,15.07,4.09,0.00,676
28.236,16.68,0.08,0.98,15.12,4.07,0.00,676
28.252,16.68,0.08,0.98,15.22,4.05,0.00,676
28.269,16.65,0.11,1.03,15.03,4.05,0.00,675
28.286,16.66,0.09,0.97,15.14,4.05,0.00,674
28.302,16.66,0.08,1.01,15.09,4.03,0.00,674
28.319,16.68,0.09,0.97,15.09,4.02,0.00,671
28.336,16.66,0.09,0.99,15.24,4.03,0.00,670
28.352,16.69,0.09,0.97,15.10,4.04,0.00,668
28.369,16.66,0.08,1.01,15.06,4.03,0.00,667
28.386,16.67,0.08,0.95,15.19,4.01,0.00,663
28.402,16.67,0.09,1.01,15.29,3.99,0.00,662
28.419,16.69,0.22,0.97,15.01,3.94,0.00,661
28.436,16.65,0.08,0.96,15.17,3.97,0.00,660
28.452,16.64,0.09,0.98,15.10,3.96,0.00,658
28.469,16.67,0.08,0.92,14.90,3.96,0.00,655
28.486,16.66,0.05,0.51,15.41,3.54,0.00,656
28.502,16.64,0.03,0.32,16.06,3.52,0.00,655
28.519,16.72,0.16,0.96,15.18,3.51,0.00,654
28.536,16.71,0.09,0.95,15.08,3.50,0.00,650
28.552,16.64,0.09,0.97,15.26,3.49,0.00,648
28.569,16.67,0.09,0.96,15.14,3.48,0.00,646
28.586,16.65,0.08,0.92,15.15,3.48,0.00,646
28.602,16.65,0.09,0.91,15.15,3.48,0.00,645
28.619,16.68,0.08,0.94,15.15,3.46,0.00,641
28.636,16.70,0.08,0.93,15.28,3.43,0.00,640
28.652,16.63,0.09,0.92,15.18,3.42,0.00,638
28.669,16.68,0.08,0.90,15.19,3.39,0.00,635
28.686,16.67,0.09,0.95,15.14,3.38,0.00,634
28.702,16.69,0.08,0.90,15.17,3.38,0.00,631
28.719,16.65,0.08,0.92,15.18,3.36,0.00,629
28.736,16.69,0.08,0.93,15.15,3.34,0.00,627
28.752,16.63,0.10,0.90,15.23,3.33,0.00,625
28.769,16.67,0.09,0.93,15.20,3.31,0.00,623
28.786,16.66,0.08,0.90,15.23,3.28,0.00,621
28.802,16.68,0.08,0.97,15.12,3.27,0.00,618
28.819,16.71,0.10,0.93,15.11,3.25,0.00,615
28.836,16.64,0.08,0.89,15.19,3.27,0.00,614
28.852,16.66,0.08,0.92,15.19,3.25,0.00,610
28.869,16.71,0.08,0.95,15.09,3.24,0.00,607
28.886,16.65,0.07,0.90,15.32,3.23,0.00,600
28.902,16.65,0.11,0.90,15.13,3.20,0.00,598
28.919,16.65,0.07,0.87,15.40,3.19,0.00,590
28.936,16.66,0.09,0.62,15.40,3.16,0.00,548
28.952,16.69,0.10,0.63,15.47,3.15,0.00,545
28.969,16.66,0.08,0.61,15.49,3.14,0.00,544
28.986,16.66,0.09,0.61,15.45,3.12,0.00,544
29.002,16.66,0.08,0.69,15.52,3.12,0.00,547
29.019,16.71,0.08,0.63,15.59,3.11,0.00,547
29.036,16.63,0.08,0.63,15.64,3.11,0.00,548
29.053,16.72,0.08,0.63,15.39,3.11,0.00,548
29.069,16.61,0.09,0.61,15.50,3.10,0.00,546
29.086,16.67,0.09,0.59,15.51,3.11,0.00,548
29.102,16.67,0.09,0.60,15.52,3.10,0.00,549
29.119,16.66,0.08,0.63,15.51,3.10,0.00,550
29.136,16.70,0.08,0.61,15.63,3.09,0.00,551
29.153,16.67,0.10,0.64,15.42,3.09,0.00,551
29.169,16.68,0.08,0.63,15.57,3.08,0.00,550
29.186,16.63,0.09,0.64,15.46,3.08,0.00,548
29.203,16.68,0.08,0.63,15.44,3.10,0.00,550
29.219,16.65,0.07,0.62,15.48,3.09,0.00,550
29.236,16.70,0.08,0.62,15.56,3.10,0.00,550
29.253,16.65,0.08,0.64,15.59,3.08,0.00,549
29.269,16.69,0.08,0.62,15.42,3.09,0.00,549
29.286,16.66,0.07,0.64,15.42,3.09,0.00,548
29.303,16.66,0.09,0.59,15.49,3.09,0.00,549
29.319,16.69,0.09,0.58,15.48,3.11,0.00,548
29.336,16.64,0.08,0.63,15.47,3.10,0.00,547
29.353,16.66,0.08,0.64,15.43,3.11,0.00,545
29.369,16.65,0.08,0.61,15.49,3.10,0.00,545
29.386,16.67,0.09,0.59,15.58,3.10,0.00,546
29.403,16.70,0.10,0.64,15.44,3.10,0.00,544
29.419,16.67,0.08,0.60,15.45,3.11,0.00,545
29.436,16.63,0.09,0.64,15.43,3.10,0.00,545
29.453,16.68,0.08,0.63,15.47,3.13,0.00,544
29.469,16.68,0.07,0.60,15.63,3.12,0.00,544
29.486,16.72,0.08,0.62,15.44,3.12,0.00,545
29.503,16.62,0.08,0.65,15.49,3.13,0.00,544
29.519,16.69,0.07,0.64,15.42,3.12,0.00,544
29.536,16.64,0.08,0.64,15.52,3.10,0.00,544
29.553,16.66,0.09,0.62,15.52,3.11,0.00,543
29.569,16.69,0.14,0.60,15.38,3.12,0.00,541
29.586,16.64,0.09,0.61,15.48,3.11,0.00,544
29.603,16.66,0.08,0.61,15.51,3.11,0.00,541
29.619,16.68,0.09,0.60,15.51,3.11,0.00,540
29.636,16.68,0.08,0.59,15.53,3.12,0.00,541
29.653,16.65,0.07,0.61,15.51,3.10,0.00,540
29.669,16.66,0.09,0.63,15.45,3.10,0.00,540
29.686,16.70,0.08,0.61,15.44,3.09,0.00,535
29.703,16.64,0.08,0.60,15.49,3.11,0.00,535
29.719,16.67,0.07,0.60,15.51,3.11,0.00,535
29.736,16.66,0.07,0.65,15.37,3.10,0.00,533
29.753,16.67,0.08,0.62,15.51,3.09,0.00,533
29.769,16.70,0.09,0.65,15.71,3.09,0.00,532
29.786,16.64,0.08,0.62,15.70,3.08,0.00,530
29.803,16.74,0.12,0.66,15.37,3.08,0.00,529
29.819,16.59,0.08,0.61,15.51,3.09,0.00,528
29.836,16.67,0.10,0.60,15.51,3.09,0.00,528
29.853,16.68,0.07,0.62,15.44,3.08,0.00,526
29.869,16.67,0.08,0.61,15.49,3.06,0.00,523
29.886,16.65,0.07,0.59,15.57,3.05,0.00,521
29.903,16.68,0.10,0.63,15.47,3.06,0.00,523
29.919,16.66,0.07,0.60,15.47,3.05,0.00,520
29.936,16.71,0.09,0.63,15.40,3.05,0.00,520
29.953,16.63,0.08,0.55,15.51,3.05,0.00,519
29.969,16.74,0.08,0.56,15.49,3.04,0.00,519
29.986,16.60,0.23,0.64,15.33,3.03,0.00,546
30.003,16.71,0.08,0.65,15.45,3.20,0.00,544
30.019,16.64,0.12,0.68,15.47,3.19,0.00,542
30.036,16.64,0.08,0.63,15.49,3.17,0.00,541
30.053,16.68,0.08,0.65,15.60,3.18,0.00,540
30.069,16.68,0.11,0.70,15.53,3.18,0.00,538
30.086,16.65,0.10,0.70,15.38,3.18,0.00,536
30.103,16.68,0.08,0.63,15.52,3.16,0.00,535
30.119,16.67,0.11,0.68,15.41,3.15,0.00,534
30.136,16.71,0.08,0.65,15.47,3.14,0.00,533
30.153,16.63,0.10,0.67,15.40,3.13,0.00,530
30.169,16.66,0.09,0.64,15.57,3.12,0.00,528
30.186,16.70,0.09,0.63,15.43,3.13,0.00,527
30.203,16.64,0.08,0.64,15.60,3.12,0.00,527
30.219,16.69,0.09,0.67,15.37,3.11,0.00,526
30.236,16.66,0.08,0.64,15.39,3.09,0.00,526
30.253,16.64,0.07,0.62,15.52,3.10,0.00,525
30.269,16.67,0.13,0.63,15.59,3.08,0.00,525
30.286,16.69,0.08,0.67,15.55,3.08,0.00,523
30.303,16.68,0.13,0.92,15.14,3.07,0.00,572
30.319,16.65,0.10,0.88,15.30,3.98,0.00,580
30.336,16.67,0.10,0.90,15.23,4.04,0.00,578
30.353,16.66,0.10,0.90,15.12,4.04,0.00,577
30.369,16.66,0.09,0.92,15.14,4.03,0.00,576
30.386,16.72,0.13,0.88,15.29,4.03,0.00,575
30.403,16.68,0.10,0.91,15.08,4.02,0.00,574
30.419,16.61,0.10,0.94,15.14,4.01,0.00,573
30.436,16.66,0.11,0.90,15.32,4.01,0.00,571
30.453,16.69,0.12,0.91,15.16,4.00,0.00,573
30.469,16.68,0.10,0.90,15.14,4.02,0.00,575
30.486,16.70,0.10,0.88,15.14,4.01,0.00,577
30.503,16.62,0.10,0.90,15.18,4.02,0.00,582
30.519,16.65,0.09,0.96,15.18,4.01,0.00,584
30.536,16.68,0.11,0.92,15.14,4.03,0.00,583
30.553,16.66,0.09,0.91,15.27,4.01,0.00,582
30.569,16.68,0.10,0.90,15.20,4.03,0.00,582
30.586,16.65,0.11,0.93,15.30,4.02,0.00,582
30.603,16.67,0.13,0.93,15.16,4.01,0.00,588
30.619,16.69,0.09,0.93,15.15,4.02,0.00,588
30.636,16.69,0.09,0.90,15.32,4.02,0.00,587
30.653,16.64,0.11,0.93,15.15,4.01,0.00,588
30.669,16.67,0.09,0.94,15.17,4.00,0.00,590
30.686,16.67,0.09,0.94,15.16,4.02,0.00,589
30.703,16.68,0.09,0.90,15.17,4.01,0.00,591
30.719,16.66,0.09,0.93,15.17,3.43,0.00,591
30.736,16.69,0.08,0.88,15.15,3.43,0.00,590
30.753,16.69,0.10,0.93,15.06,3.43,0.00,589
30.769,16.63,0.08,0.88,15.34,3.42,0.00,590
30.786,16.72,0.10,0.92,15.09,3.43,0.00,592
30.803,16.60,0.09,0.92,15.17,3.44,0.00,591
30.819,16.69,0.09,0.95,15.12,3.44,0.00,590
30.836,16.66,0.09,0.90,15.20,3.44,0.00,592
30.853,16.66,0.09,0.89,15.24,3.44,0.00,592
30.869,16.69,0.09,0.90,15.16,3.45,0.00,592
30.886,16.70,0.12,0.87,15.21,3.45,0.00,591
30.903,16.61,0.09,0.92,15.19,3.45,0.00,592
30.919,16.73,0.09,0.90,15.13,3.45,0.00,593
30.936,16.62,0.08,0.89,15.18,3.48,0.00,593
30.953,16.67,0.08,0.87,15.23,3.49,0.00,592
30.969,16.69,0.08,0.87,15.34,3.49,0.00,592
30.986,16.71,0.09,0.90,15.19,3.49,0.00,592
31.003,16.65,0.09,0.95,15.16,3.50,0.00,591
31.019,16.63,0.09,0.92,15.21,3.52,0.00,591
31.036,16.66,0.10,0.89,15.18,3.51,0.00,591
31.053,16.69,0.10,0.88,15.17,3.54,0.00,589
31.069,16.66,0.08,0.87,15.26,3.54,0.00,589
31.086,16.67,0.09,0.90,15.18,3.54,0.00,591
31.103,16.69,0.09,0.93,15.29,3.55,0.00,592
31.119,16.63,0.09,0.92,15.19,3.55,0.00,591
31.136,16.68,0.08,0.88,15.27,3.57,0.00,592
31.153,16.64,0.10,0.92,15.31,3.58,0.00,590
31.169,16.68,0.10,0.92,15.37,3.58,0.00,588
31.186,16.68,0.09,0.90,15.17,3.59,0.00,588
31.203,16.68,0.09,0.93,15.24,3.59,0.00,588
31.219,16.69,0.08,0.90,15.46,3.60,0.00,588
31.236,16.63,0.10,0.97,15.16,3.61,0.00,589
31.253,16.67,0.08,0.89,15.19,3.60,0.00,590
31.269,16.68,0.09,0.92,15.36,3.61,0.00,590
31.286,16.65,0.10,0.90,15.20,3.60,0.00,587
31.303,16.67,0.09,0.89,15.25,3.63,0.00,587
31.319,16.69,0.09,0.92,15.29,3.62,0.00,587
31.336,16.64,0.11,0.90,15.22,3.61,0.00,588
31.353,16.67,0.12,0.91,15.17,3.61,0.00,589
31.369,16.69,0.09,0.89,15.23,3.62,0.00,589
31.386,16.70,0.08,0.93,15.37,3.60,0.00,588
31.403,16.65,0.13,1.29,14.65,3.59,0.00,657
31.419,16.63,0.09,0.94,15.14,4.56,0.00,658
31.436,16.68,0.12,1.32,14.72,4.54,0.00,659
31.453,16.70,0.11,1.31,14.78,4.55,0.00,660
31.469,16.63,0.12,1.29,14.81,4.55,0.00,663
31.486,16.67,0.11,1.32,14.81,4.55,0.00,667
31.503,16.66,0.13,1.33,14.75,4.54,0.00,667
31.519,16.68,0.11,1.29,14.93,4.55,0.00,667
31.536,16.68,0.13,1.36,14.79,4.56,0.00,664
31.553,16.72,0.11,1.36,14.66,4.54,0.00,664
31.569,16.66,0.11,1.35,14.76,4.56,0.00,667
31.586,16.60,0.13,1.33,15.02,4.57,0.00,669
31.603,16.75,0.11,1.37,14.79,4.60,0.00,669
31.619,16.64,0.11,1.39,14.70,4.60,0.00,672
31.636,16.67,0.10,1.37,14.67,4.60,0.00,673
31.653,16.66,0.11,1.38,14.78,4.62,0.00,675
31.669,16.66,0.13,1.40,14.61,4.67,0.00,678
31.686,16.67,0.11,1.36,14.82,4.67,0.00,681
31.703,16.62,0.12,1.38,14.73,4.69,0.00,682
31.719,16.73,0.10,1.38,14.69,4.70,0.00,682
31.736,16.64,0.11,1.38,14.72,4.70,0.00,681
31.753,16.64,0.10,1.40,14.70,4.70,0.00,679
31.769,16.68,0.12,1.35,14.87,4.72,0.00,675
31.786,16.72,0.10,1.38,14.84,4.73,0.00,670
31.803,16.62,0.10,1.42,14.93,4.76,0.00,667
31.819,16.70,0.10,1.43,14.65,3.83,0.00,667
31.836,16.68,0.10,1.44,14.57,3.84,0.00,668
31.853,16.62,0.10,1.33,14.79,3.85,0.00,668
31.869,16.73,0.10,1.37,14.68,3.87,0.00,668
31.886,16.62,0.10,1.37,14.68,3.86,0.00,668
31.903,16.66,0.10,1.39,14.73,3.89,0.00,671
31.919,16.68,0.10,1.37,14.72,3.92,0.00,671
31.936,16.67,0.09,1.32,14.75,3.93,0.00,672
31.953,16.67,0.10,1.22,14.82,3.94,0.00,671
31.969,16.68,0.10,1.29,14.80,3.96,0.00,672
31.986,16.66,0.25,1.32,14.63,3.97,0.00,686
32.003,16.74,0.15,1.35,14.64,4.07,0.00,692
32.019,16.61,0.10,1.33,14.91,4.11,0.00,693
32.036,16.70,0.10,1.36,14.70,4.15,0.00,694
32.053,16.66,0.10,1.33,14.72,4.16,0.00,693
32.069,16.61,0.10,1.33,14.74,4.16,0.00,689
32.086,16.67,0.10,1.36,14.73,4.16,0.00,690
32.103,16.68,0.10,1.32,14.96,4.17,0.00,691
32.119,16.73,0.10,1.34,14.88,4.18,0.00,691
32.136,16.60,0.10,1.33,14.76,4.18,0.00,691
32.153,16.68,0.11,1.32,14.79,4.20,0.00,690
32.169,16.65,0.11,1.31,14.90,4.23,0.00,687
32.186,16.67,0.12,1.30,14.91,4.22,0.00,689
32.203,16.70,0.10,1.32,14.71,4.22,0.00,689
32.219,16.63,0.10,1.33,14.75,4.22,0.00,690
32.236,16.66,0.09,1.32,14.76,4.22,0.00,692
32.253,16.67,0.10,1.30,14.94,4.22,0.00,693
32.269,16.67,0.16,1.39,14.71,4.22,0.00,750
32.286,16.67,0.14,1.34,14.73,5.12,0.00,747
32.303,16.67,0.15,1.41,14.64,5.11,0.00,745
32.319,16.66,0.15,1.35,14.72,5.09,0.00,746
32.336,16.70,0.14,1.37,14.65,5.10,0.00,745
32.353,16.67,0.15,1.36,14.70,5.11,0.00,747
32.369,16.65,0.14,1.35,14.64,5.09,0.00,749
32.386,16.65,0.15,1.42,14.56,5.09,0.00,749
32.403,16.67,0.16,1.35,14.80,5.10,0.00,747
32.419,16.66,0.17,1.38,14.59,5.10,0.00,748
32.436,16.69,0.16,1.37,14.67,5.11,0.00,749
32.453,16.67,0.15,1.37,14.81,5.11,0.00,751
32.469,16.68,0.15,1.37,14.64,5.11,0.00,752
32.486,16.65,0.15,1.36,14.67,5.10,0.00,752
32.503,16.68,0.15,1.42,14.80,5.10,0.00,754
32.519,16.66,0.22,1.40,14.80,5.11,0.00,755
32.536,16.65,0.15,1.38,14.87,5.11,0.00,754
32.553,16.82,0.17,1.40,14.69,5.08,0.00,750
32.570,16.58,0.13,1.39,14.81,5.11,0.00,749
32.586,16.62,0.12,1.37,14.90,5.11,0.00,749
32.603,16.67,0.14,1.39,14.93,5.11,0.00,748
32.619,16.66,0.20,1.37,14.86,5.08,0.00,749
32.636,16.67,0.14,1.35,14.93,5.13,0.00,749
32.653,16.75,0.13,1.33,14.76,5.14,0.00,747
32.669,16.61,0.18,1.34,14.83,5.12,0.00,746
32.686,16.64,0.14,1.37,14.86,4.56,0.00,745
32.703,16.73,0.13,1.35,14.83,4.57,0.00,745
32.719,16.61,0.13,1.36,14.96,4.57,0.00,741
32.736,16.66,0.12,1.40,14.92,4.57,0.00,738
32.753,16.68,0.12,1.41,14.86,4.56,0.00,736
32.770,16.71,0.19,1.32,14.94,4.58,0.00,731
32.786,16.58,0.14,1.35,14.73,4.61,0.00,723
32.803,16.70,0.09,0.98,15.45,4.59,0.00,715
32.819,16.65,0.11,1.32,14.98,4.59,0.00,708
32.836,16.69,0.12,1.33,15.07,4.57,0.00,700
32.853,16.64,0.14,1.33,14.99,4.56,0.00,699
32.869,16.68,0.14,1.29,14.92,4.59,0.00,689
32.886,16.74,0.12,1.26,15.02,4.55,0.00,687
32.903,16.59,0.18,1.48,14.72,4.57,0.00,681
32.920,16.78,0.09,1.04,15.10,3.77,0.00,680
32.936,16.59,0.12,0.94,15.41,3.77,0.00,681
32.953,16.63,0.13,1.35,15.06,3.80,0.00,684
32.969,16.67,0.14,1.28,15.00,3.80,0.00,682
32.986,16.68,0.13,1.26,15.01,3.80,0.00,682
33.003,16.68,0.12,1.24,15.05,3.75,0.00,680
33.019,16.64,0.12,1.27,15.13,3.78,0.00,677
33.036,16.65,0.13,1.25,15.02,3.82,0.00,678
33.053,16.69,0.11,1.24,15.15,3.80,0.00,677
33.069,16.65,0.12,1.25,15.29,3.80,0.00,679
33.086,16.76,0.11,1.25,14.93,3.80,0.00,679
33.103,16.66,0.13,1.22,15.00,3.79,0.00,681
33.120,16.61,0.11,1.19,15.23,3.83,0.00,680
33.136,16.65,0.11,1.25,15.16,3.80,0.00,680
33.153,16.66,0.11,1.24,15.04,3.79,0.00,678
33.170,16.77,0.19,1.24,14.97,3.79,0.00,678
33.186,16.57,0.13,1.22,15.11,3.81,0.00,677
33.203,16.70,0.16,1.30,15.09,3.79,0.00,675
33.220,16.68,0.11,1.20,15.07,3.78,0.00,673
33.236,16.64,0.14,1.21,15.07,3.76,0.00,672
33.253,16.65,0.11,1.21,15.16,3.76,0.00,670
33.270,16.67,0.11,1.21,14.95,3.82,0.00,667
33.286,16.74,0.11,1.24,14.64,3.80,0.00,668
33.303,16.59,0.09,0.88,15.07,3.81,0.00,660
33.320,16.77,0.08,0.87,15.06,3.79,0.00,660
33.336,16.56,0.09,0.90,15.16,3.80,0.00,660
33.353,16.67,0.08,0.89,15.06,3.80,0.00,655
33.370,16.74,0.08,0.68,15.18,3.78,0.00,645
33.386,16.63,0.08,0.70,15.20,3.77,0.00,646
33.403,16.69,0.08,0.68,15.26,3.75,0.00,648
33.420,16.72,0.10,1.27,14.59,3.74,0.00,666
33.436,16.57,0.09,0.76,15.17,3.80,0.00,665
33.453,16.74,0.09,0.77,15.09,3.81,0.00,670
33.470,16.62,0.09,0.75,15.34,3.81,0.00,673
33.486,16.66,0.12,1.05,15.03,3.81,0.00,674
33.503,16.69,0.11,1.05,15.01,3.83,0.00,677
33.520,16.64,0.12,1.04,15.04,3.86,0.00,680
33.536,16.68,0.13,1.12,14.83,3.85,0.00,681
33.553,16.67,0.10,0.79,15.11,3.87,0.00,682
33.570,16.65,0.08,0.78,15.18,3.85,0.00,684
33.586,16.67,0.09,0.78,15.17,3.88,0.00,686
33.603,16.75,0.09,0.78,15.09,3.89,0.00,689
33.620,16.58,0.08,0.78,15.15,3.88,0.00,687
33.636,16.74,0.08,0.77,15.23,3.88,0.00,688
33.653,16.67,0.08,0.79,15.12,3.87,0.00,689
33.670,16.60,0.09,0.81,15.14,3.87,0.00,685
33.686,16.74,0.08,0.78,15.28,3.89,0.00,684
33.703,16.63,0.11,1.05,15.21,3.89,0.00,677
33.720,16.71,0.11,1.10,15.06,3.87,0.00,673
33.736,16.65,0.14,1.12,14.89,3.87,0.00,664
33.753,16.61,0.11,1.08,15.01,3.87,0.00,647
33.770,16.68,0.12,1.06,15.01,3.89,0.00,637
33.786,16.68,0.10,1.05,15.05,3.56,0.00,635
33.803,16.68,0.18,1.07,15.01,3.56,0.00,636
33.820,16.70,0.10,1.07,15.00,3.56,0.00,637
33.836,16.62,0.11,1.06,14.99,3.56,0.00,637
33.853,16.68,0.11,1.05,15.01,3.59,0.00,638
33.870,16.64,0.10,1.07,15.03,3.59,0.00,637
33.886,16.67,0.10,1.03,14.99,3.58,0.00,637
33.903,16.68,0.12,1.06,15.01,3.59,0.00,637
33.920,16.67,0.11,1.06,15.00,3.58,0.00,637
33.936,16.68,0.10,1.06,14.99,3.63,0.00,639
33.953,16.67,0.10,0.99,15.07,3.60,0.00,638
33.970,16.63,0.12,0.95,15.10,3.62,0.00,637
33.986,16.72,0.26,1.13,14.76,3.60,0.00,696
34.003,16.66,0.11,1.16,14.87,3.85,0.00,707
34.020,16.70,0.10,1.12,14.87,4.00,0.00,707
34.036,16.61,0.13,1.12,15.14,3.99,0.00,708
34.053,16.67,0.11,1.16,14.94,3.99,0.00,708
34.070,16.67,0.11,1.16,14.93,3.99,0.00,707
34.086,16.66,0.11,1.14,14.95,3.99,0.00,706
34.103,16.69,0.10,1.13,14.92,4.00,0.00,707
34.120,16.66,0.12,1.14,14.93,4.00,0.00,708
34.136,16.77,0.11,1.12,15.25,3.99,0.00,708
34.153,16.63,0.11,1.16,15.03,3.95,0.00,708
34.170,16.60,0.13,1.14,15.11,3.98,0.00,708
34.186,16.66,0.17,1.16,14.83,3.99,0.00,707
34.203,16.68,0.10,1.19,14.86,3.98,0.00,706
34.220,16.66,0.10,1.13,14.93,3.97,0.00,706
34.236,16.65,0.10,0.94,15.16,3.96,0.00,706
34.253,16.70,0.11,0.93,15.07,3.94,0.00,705
34.270,16.65,0.10,0.94,15.13,3.95,0.00,706
34.286,16.67,0.10,0.90,15.27,3.97,0.00,706
34.303,16.67,0.11,0.93,15.17,3.95,0.00,707
34.320,16.66,0.11,0.91,15.14,3.93,0.00,708
34.336,16.69,0.11,0.91,15.15,3.93,0.00,707
34.353,16.68,0.10,0.95,15.09,3.94,0.00,705
34.370,16.65,0.10,0.94,15.17,3.92,0.00,703
34.386,16.67,0.13,0.92,15.13,3.92,0.00,703
34.403,16.66,0.10,0.93,15.23,3.91,0.00,703
34.420,16.68,0.11,0.94,15.12,3.91,0.00,702
34.436,16.71,0.11,0.94,15.09,3.92,0.00,703
34.453,16.66,0.10,0.92,15.11,3.89,0.00,697
34.470,16.66,0.11,0.87,15.19,3.88,0.00,695
34.486,16.64,0.10,0.90,15.19,3.87,0.00,693
34.503,16.72,0.11,0.91,15.17,3.84,0.00,693
34.520,16.64,0.11,0.91,15.14,3.86,0.00,692
34.536,16.65,0.10,0.93,15.18,3.84,0.00,693
34.553,16.67,0.10,0.91,15.22,3.84,0.00,692
34.570,16.70,0.11,0.88,15.30,3.84,0.00,692
34.586,16.67,0.13,0.92,15.13,3.85,0.00,691
34.603,16.65,0.11,0.92,15.14,3.86,0.00,688
34.620,16.67,0.10,0.89,15.16,3.86,0.00,687
34.636,16.66,0.10,0.92,15.11,3.86,0.00,686
34.653,16.66,0.10,0.93,15.32,3.86,0.00,685
34.670,16.74,0.11,0.89,15.13,3.87,0.00,685
34.686,16.60,0.11,0.86,15.22,3.87,0.00,683
34.703,16.67,0.12,0.87,15.13,3.87,0.00,682
34.720,16.68,0.10,0.88,15.17,3.86,0.00,681
34.736,16.65,0.11,0.96,15.29,3.87,0.00,680
34.753,16.73,0.10,0.92,15.12,3.87,0.00,681
34.770,16.63,0.10,0.91,15.17,3.87,0.00,679
34.786,16.65,0.11,0.94,15.18,3.87,0.00,677
34.803,16.72,0.06,0.48,15.76,3.85,0.00,677
34.820,16.63,0.15,0.93,15.09,3.85,0.00,673
34.836,16.65,0.11,0.92,15.14,3.86,0.00,671
34.853,16.68,0.10,0.95,15.06,3.86,0.00,668
34.870,16.66,0.11,0.88,15.24,3.86,0.00,665
34.886,16.71,0.10,0.88,15.30,3.85,0.00,664
34.903,16.67,0.30,1.25,14.78,3.84,0.00,719
34.920,16.62,0.15,1.26,14.82,4.70,0.00,711
34.936,16.69,0.14,1.22,14.82,4.40,0.00,710
34.953,16.72,0.15,1.25,14.68,4.39,0.00,710
34.970,16.61,0.14,1.21,14.97,4.35,0.00,711
34.986,16.71,0.15,1.30,14.70,4.35,0.00,710
35.003,16.61,0.15,1.26,14.76,4.33,0.00,711
35.020,16.71,0.15,1.31,14.71,4.35,0.00,719
35.036,16.63,0.15,1.29,14.77,4.35,0.00,719
35.053,16.67,0.15,1.34,14.65,4.35,0.00,717
35.070,16.67,0.15,1.31,14.72,4.33,0.00,722
35.086,16.68,0.16,1.34,14.65,4.29,0.00,722
35.103,16.65,0.14,1.35,14.83,4.30,0.00,721
35.120,16.67,0.15,1.34,14.69,4.30,0.00,722
35.136,16.70,0.14,1.32,14.71,4.30,0.00,722
35.153,16.65,0.15,1.34,14.73,4.32,0.00,722
35.170,16.67,0.15,1.44,14.65,4.32,0.00,722
35.186,16.68,0.18,1.35,14.61,4.31,0.00,724
35.203,16.67,0.15,1.37,14.76,4.31,0.00,725
35.220,16.64,0.15,1.38,14.78,4.29,0.00,724
35.236,16.69,0.14,1.42,14.72,4.30,0.00,722
35.253,16.65,0.15,1.38,14.85,4.29,0.00,724
35.270,16.65,0.14,1.36,14.70,4.33,0.00,725
35.286,16.68,0.13,1.39,14.69,4.31,0.00,727
35.303,16.67,0.19,1.35,14.62,4.30,0.00,728
35.320,16.72,0.15,1.38,14.61,4.20,0.00,726
35.336,16.65,0.13,1.36,14.72,3.74,0.00,727
35.353,16.65,0.16,1.39,14.61,3.73,0.00,726
35.370,16.67,0.18,1.37,14.63,3.74,0.00,727
35.386,16.67,0.15,1.23,14.81,3.77,0.00,727
35.403,16.64,0.13,1.24,14.85,3.76,0.00,725
35.420,16.69,0.14,1.22,14.79,3.76,0.00,726
35.436,16.67,0.14,1.23,14.94,3.76,0.00,725
35.453,16.65,0.14,1.24,14.78,3.75,0.00,724
35.470,16.67,0.15,1.24,14.79,3.76,0.00,724
35.486,16.67,0.15,1.22,14.76,3.76,0.00,722
35.503,16.65,0.13,1.20,14.85,3.79,0.00,721
35.520,16.68,0.14,1.23,14.78,3.78,0.00,720
35.536,16.69,0.14,1.21,14.84,3.78,0.00,720
35.553,16.65,0.17,1.25,14.75,3.78,0.00,721
35.570,16.67,0.12,1.19,14.86,3.79,0.00,720
35.586,16.69,0.14,1.23,14.79,3.79,0.00,720
35.603,16.63,0.14,1.19,14.85,3.79,0.00,718
35.620,16.69,0.13,1.22,14.78,3.91,0.00,716
35.636,16.65,0.14,1.18,14.85,3.90,0.00,714
35.653,16.71,0.10,1.18,14.83,3.90,0.00,709
35.670,16.67,0.12,1.17,14.87,3.91,0.00,731
35.686,16.64,0.10,1.15,14.94,3.94,0.00,733
35.703,16.67,0.10,1.20,14.88,3.96,0.00,728
35.720,16.66,0.10,1.14,14.87,3.96,0.00,730
35.736,16.69,0.10,1.12,14.95,3.94,0.00,729
35.753,16.69,0.10,1.15,14.81,3.93,0.00,728
35.770,16.62,0.10,1.19,14.96,3.94,0.00,727
35.786,16.68,0.11,1.16,15.09,3.93,0.00,726
35.803,16.65,0.10,1.15,14.97,3.94,0.00,723
35.820,16.69,0.10,1.10,15.03,3.93,0.00,721
35.836,16.65,0.10,1.10,15.00,3.93,0.00,722
35.853,16.70,0.10,1.06,15.02,3.92,0.00,724
35.870,16.69,0.11,1.11,14.90,3.95,0.00,723
35.886,16.68,0.12,1.11,15.05,3.93,0.00,721
35.903,16.61,0.11,1.10,15.09,3.93,0.00,721
35.920,16.80,0.11,1.11,14.69,3.91,0.00,721
35.936,16.52,0.08,0.82,15.30,3.91,0.00,721
35.953,16.68,0.10,1.05,15.05,3.90,0.00,719
35.970,16.70,0.11,1.02,15.02,3.89,0.00,719
35.986,16.64,0.24,1.12,14.82,3.90,0.00,735
36.003,16.69,0.10,1.10,14.99,4.02,0.00,742
36.020,16.68,0.11,1.13,14.94,4.10,0.00,741
36.036,16.64,0.12,1.10,15.01,4.08,0.00,740
36.053,16.74,0.13,1.12,14.89,4.07,0.00,740
36.070,16.62,0.11,1.11,14.98,4.06,0.00,741
36.086,16.67,0.11,1.07,15.00,4.06,0.00,740
36.103,16.65,0.11,1.11,14.95,4.06,0.00,737
36.120,16.66,0.10,1.08,14.99,4.06,0.00,737
36.136,16.69,0.10,1.10,15.15,4.03,0.00,734
36.153,16.64,0.17,1.09,14.92,4.01,0.00,732
36.170,16.70,0.10,1.12,15.04,4.00,0.00,732
36.186,16.65,0.11,1.07,14.97,3.99,0.00,731
36.203,16.66,0.11,1.07,15.04,3.98,0.00,732
36.220,16.70,0.11,1.08,14.94,3.99,0.00,730
36.236,16.64,0.10,1.06,14.99,3.97,0.00,724
36.253,16.68,0.10,1.05,14.92,3.94,0.00,724
36.270,16.66,0.11,1.09,15.01,3.94,0.00,724
36.286,16.70,0.10,1.08,15.12,3.93,0.00,722
36.303,16.69,0.10,1.08,15.16,3.92,0.00,719
36.320,16.61,0.11,1.16,15.03,3.91,0.00,714
36.336,16.68,0.15,1.04,14.99,3.91,0.00,709
36.353,16.66,0.10,1.02,15.04,3.90,0.00,706
36.370,16.67,0.09,1.05,15.04,3.89,0.00,704
36.386,16.66,0.10,1.04,15.01,3.89,0.00,703
36.403,16.67,0.10,1.01,15.08,3.87,0.00,702
36.420,16.70,0.10,1.03,15.05,3.51,0.00,702
36.436,16.63,0.12,1.03,15.01,3.51,0.00,700
36.453,16.67,0.09,1.02,15.06,3.52,0.00,699
36.470,16.65,0.11,1.06,15.02,3.52,0.00,697
36.486,16.67,0.09,1.00,15.08,3.51,0.00,697
36.503,16.69,0.09,0.96,15.13,3.50,0.00,692
36.520,16.66,0.10,0.98,15.12,3.50,0.00,690
36.536,16.67,0.10,0.96,15.17,3.49,0.00,689
36.553,16.73,0.13,0.97,15.00,3.48,0.00,688
36.570,16.60,0.11,0.96,15.14,3.51,0.00,687
36.587,16.71,0.10,0.97,15.07,3.50,0.00,684
36.603,16.63,0.10,0.97,15.12,3.50,0.00,681
36.620,16.68,0.09,0.97,15.11,3.48,0.00,680
36.636,16.65,0.10,0.96,15.10,3.48,0.00,680
36.653,16.67,0.09,0.96,15.07,3.48,0.00,677
36.670,16.68,0.12,0.98,15.09,3.46,0.00,674
36.686,16.67,0.09,0.96,15.11,3.48,0.00,674
36.703,16.65,0.10,0.95,15.06,3.46,0.00,673
36.720,16.73,0.09,0.95,15.03,3.45,0.00,672
36.736,16.61,0.09,0.98,15.06,3.44,0.00,670
36.753,16.68,0.09,0.98,15.12,3.42,0.00,668
36.770,16.65,0.10,0.93,15.16,3.40,0.00,666
36.787,16.70,0.10,0.96,15.32,3.39,0.00,662
36.803,16.66,0.18,0.98,15.05,3.37,0.00,659
36.820,16.76,0.11,1.07,15.13,3.39,0.00,657
36.836,16.57,0.09,0.96,15.13,3.37,0.00,650
36.853,16.67,0.10,0.98,15.38,3.36,0.00,648
36.870,16.74,0.10,0.76,15.43,3.34,0.00,641
36.887,16.61,0.09,0.74,15.32,3.32,0.00,641
36.903,16.68,0.16,0.95,15.01,3.32,0.00,682
36.920,16.68,0.16,0.98,15.03,4.15,0.00,680
36.937,16.63,0.15,0.98,14.98,4.14,0.00,680
36.953,16.65,0.18,0.98,15.08,4.12,0.00,677
36.970,16.69,0.14,1.00,15.02,4.11,0.00,666
36.987,16.65,0.14,1.00,15.04,4.08,0.00,665
37.003,16.68,0.13,0.96,15.03,4.06,0.00,665
37.020,16.66,0.14,1.00,15.07,4.05,0.00,664
37.037,16.66,0.13,0.98,15.31,4.03,0.00,665
37.053,16.67,0.14,0.95,15.13,4.03,0.00,665
37.070,16.67,0.16,1.01,14.99,4.03,0.00,665
37.087,16.68,0.14,1.01,14.98,4.03,0.00,666
37.103,16.70,0.13,0.98,15.02,4.04,0.00,666
37.120,16.63,0.14,1.00,15.20,4.05,0.00,668
37.137,16.71,0.18,1.01,14.97,4.05,0.00,669
37.153,16.62,0.15,1.03,15.14,4.08,0.00,666
37.170,16.65,0.12,1.01,15.08,4.09,0.00,664
37.187,16.71,0.11,1.04,15.00,4.08,0.00,662
37.203,16.64,0.11,1.00,15.02,4.08,0.00,661
37.220,16.66,0.11,1.00,15.12,4.06,0.00,661
37.237,16.67,0.11,1.03,15.05,4.08,0.00,659
37.253,16.69,0.11,1.00,14.97,4.06,0.00,660
37.270,16.66,0.11,1.01,15.03,4.09,0.00,659
37.287,16.66,0.11,1.02,15.02,4.09,0.00,659
37.303,16.66,0.10,1.07,15.30,4.08,0.00,655
37.320,16.71,0.11,1.05,15.17,3.51,0.00,656
37.337,16.68,0.11,1.01,15.00,3.51,0.00,654
37.353,16.61,0.10,1.00,15.02,3.51,0.00,652
37.370,16.66,0.12,1.04,15.03,3.50,0.00,651
37.387,16.71,0.11,1.02,15.00,3.53,0.00,650
37.403,16.62,0.11,1.00,15.02,3.55,0.00,649
37.420,16.67,0.10,0.99,15.25,3.54,0.00,651
37.437,16.66,0.11,0.99,15.11,3.53,0.00,652
37.453,16.71,0.10,1.00,15.07,3.53,0.00,652
37.470,16.72,0.10,1.02,14.97,3.55,0.00,652
37.487,16.59,0.11,1.02,15.07,3.53,0.00,651
37.503,16.70,0.10,1.01,15.20,3.56,0.00,652
37.520,16.64,0.12,1.04,15.23,3.57,0.00,651
37.537,16.67,0.10,1.01,14.99,3.55,0.00,651
37.553,16.67,0.10,1.01,15.11,3.56,0.00,651
37.570,16.66,0.10,1.08,14.97,3.57,0.00,648
37.587,16.67,0.10,0.98,15.12,3.56,0.00,648
37.603,16.70,0.11,1.03,15.00,3.57,0.00,650
37.620,16.63,0.10,1.00,15.13,3.59,0.00,650
37.637,16.67,0.10,0.99,15.07,3.59,0.00,649
37.653,16.67,0.11,1.00,15.04,3.59,0.00,651
37.670,16.65,0.10,1.01,15.19,3.59,0.00,650
37.687,16.68,0.14,1.02,14.96,3.59,0.00,651
37.703,16.66,0.11,0.99,15.12,3.59,0.00,652
37.720,16.69,0.11,1.03,15.00,3.58,0.00,652
37.737,16.69,0.10,1.00,15.06,3.62,0.00,654
37.753,16.62,0.11,1.00,15.00,3.62,0.00,655
37.770,16.67,0.10,0.99,15.06,3.62,0.00,655
37.787,16.69,0.10,1.02,14.98,3.62,0.00,656
37.803,16.66,0.10,1.02,15.10,3.62,0.00,655
37.820,16.67,0.11,1.04,15.02,3.61,0.00,657
37.837,16.66,0.11,0.99,15.05,3.60,0.00,660
37.853,16.66,0.10,0.99,15.07,3.63,0.00,661
37.870,16.68,0.10,1.02,15.05,3.63,0.00,663
37.887,16.66,0.09,0.97,15.07,3.63,0.00,663
37.903,16.67,0.09,1.02,15.02,3.64,0.00,664
37.920,16.67,0.10,0.98,15.13,3.63,0.00,663
37.937,16.68,0.09,1.00,15.21,3.63,0.00,666
37.953,16.64,0.11,0.90,15.17,3.62,0.00,669
37.970,16.69,0.09,0.92,15.15,3.65,0.00,670
37.987,16.67,0.24,0.99,14.94,3.65,0.00,693
38.003,16.65,0.09,1.01,15.09,3.83,0.00,705
38.020,16.68,0.12,1.04,15.03,3.98,0.00,704
38.037,16.67,0.09,1.02,15.01,3.99,0.00,705
38.053,16.73,0.11,1.03,15.07,3.98,0.00,704
38.070,16.65,0.12,1.01,15.13,3.99,0.00,706
38.087,16.65,0.11,1.06,14.99,3.99,0.00,704
38.103,16.66,0.10,1.05,15.03,4.02,0.00,701
38.120,16.71,0.10,1.05,15.01,4.03,0.00,702
38.137,16.60,0.10,1.04,15.10,4.01,0.00,703
38.153,16.76,0.10,1.01,15.01,4.04,0.00,703
38.170,16.60,0.10,1.03,15.04,4.04,0.00,704
38.187,16.69,0.10,1.05,15.12,4.04,0.00,703
38.203,16.65,0.11,1.05,14.95,4.03,0.00,704
38.220,16.65,0.10,1.02,14.99,4.06,0.00,703
38.237,16.68,0.10,1.03,14.97,4.06,0.00,703
38.253,16.64,0.10,1.02,15.04,4.06,0.00,703
38.270,16.67,0.10,1.04,15.04,4.06,0.00,703
38.287,16.67,0.10,1.01,15.07,4.04,0.00,703
38.303,16.68,0.09,1.02,15.34,4.06,0.00,702
38.320,16.72,0.28,1.00,15.04,4.01,0.00,697
38.337,16.60,0.11,1.02,15.20,4.05,0.00,693
38.353,16.69,0.11,1.09,15.00,4.05,0.00,691
38.370,16.71,0.10,0.99,15.03,4.03,0.00,691
38.387,16.61,0.10,1.02,15.14,4.02,0.00,689
38.403,16.69,0.09,0.94,15.29,4.01,0.00,685
38.420,16.66,0.10,0.95,15.16,3.57,0.00,686
38.437,16.67,0.12,0.97,15.09,3.56,0.00,686
38.453,16.66,0.11,0.92,15.16,3.58,0.00,685
38.470,16.65,0.11,0.97,15.10,3.56,0.00,684
38.487,16.68,0.10,0.98,15.08,3.54,0.00,682
38.503,16.67,0.09,0.95,15.13,3.54,0.00,682
38.520,16.67,0.10,0.95,15.12,3.53,0.00,680
38.537,16.65,0.09,0.93,15.11,3.52,0.00,677
38.553,16.66,0.10,0.97,15.16,3.50,0.00,677
38.570,16.67,0.10,0.99,15.07,3.52,0.00,676
38.587,16.67,0.10,0.96,15.11,3.50,0.00,675
38.603,16.67,0.10,0.96,15.08,3.49,0.00,664
38.620,16.67,0.09,1.00,15.07,3.47,0.00,664
38.637,16.68,0.09,0.94,15.12,3.47,0.00,664
38.653,16.65,0.10,0.91,15.15,3.47,0.00,664
38.670,16.67,0.10,0.92,15.20,3.45,0.00,662
38.687,16.72,0.10,0.95,15.26,3.47,0.00,662
38.703,16.62,0.12,0.97,15.09,3.45,0.00,662
38.720,16.67,0.10,0.97,15.08,3.44,0.00,661
38.737,16.68,0.09,0.95,15.10,3.43,0.00,660
38.753,16.67,0.09,0.98,15.10,3.43,0.00,660
38.770,16.67,0.09,0.99,15.08,3.41,0.00,655
38.787,16.69,0.11,0.92,15.11,3.39,0.00,655
38.803,16.65,0.09,0.93,15.33,3.40,0.00,652
38.820,16.65,0.09,0.92,15.33,3.38,0.00,649
38.837,16.70,0.10,0.98,15.12,3.37,0.00,648
38.853,16.65,0.09,0.97,15.16,3.36,0.00,648
38.870,16.70,0.09,0.71,15.35,3.34,0.00,647
38.887,16.65,0.09,0.73,15.33,3.33,0.00,645
38.903,16.69,0.10,0.73,15.37,3.32,0.00,645
38.920,16.65,0.09,0.72,15.32,3.35,0.00,645
38.937,16.69,0.12,0.70,15.32,3.34,0.00,644
38.953,16.62,0.10,0.67,15.58,3.34,0.00,643
38.970,16.70,0.09,0.70,15.37,3.32,0.00,642
38.987,16.69,0.09,0.73,15.30,3.31,0.00,641
39.003,16.63,0.09,0.68,15.38,3.31,0.00,638
39.020,16.72,0.10,0.69,15.34,3.31,0.00,636
39.037,16.65,0.09,0.69,15.37,3.32,0.00,638
39.053,16.64,0.10,0.70,15.41,3.33,0.00,636
39.070,16.74,0.09,0.72,15.31,3.32,0.00,634
39.087,16.59,0.09,0.71,15.34,3.31,0.00,633
39.103,16.67,0.09,0.73,15.37,3.32,0.00,631
39.120,16.66,0.09,0.73,15.38,3.32,0.00,628
39.137,16.68,0.10,0.67,15.42,3.31,0.00,628
39.153,16.67,0.10,0.73,15.25,3.34,0.00,628
39.170,16.77,0.09,0.68,15.33,3.34,0.00,627
39.187,16.57,0.11,0.72,15.35,3.34,0.00,627
39.203,16.65,0.08,0.67,15.35,3.34,0.00,627
39.220,16.67,0.09,0.73,15.36,3.34,0.00,626
39.237,16.69,0.09,0.70,15.35,3.35,0.00,625
39.253,16.68,0.10,0.72,15.24,3.34,0.00,625
39.270,16.64,0.09,0.68,15.48,3.36,0.00,625
39.287,16.73,0.10,0.72,15.30,3.37,0.00,623
39.303,16.63,0.09,0.70,15.38,3.36,0.00,622
39.320,16.64,0.10,0.73,15.36,3.36,0.00,621
39.337,16.73,0.09,0.73,15.29,3.37,0.00,621
39.353,16.60,0.08,0.71,15.35,3.36,0.00,619
39.370,16.67,0.09,0.72,15.37,3.35,0.00,618
39.387,16.67,0.09,0.72,15.35,3.37,0.00,618
39.403,16.67,0.09,0.72,15.51,3.38,0.00,614
39.420,16.71,0.09,0.76,15.44,3.36,0.00,612
39.437,16.65,0.12,0.76,15.26,3.36,0.00,612
39.453,16.64,0.08,0.74,15.43,3.35,0.00,610
39.470,16.69,0.08,0.74,15.30,3.35,0.00,609
39.487,16.65,0.09,0.68,15.38,3.35,0.00,605
39.503,16.68,0.09,0.70,15.40,3.35,0.00,604
39.520,16.70,0.09,0.71,15.51,3.35,0.00,602
39.537,16.69,0.09,0.77,15.24,3.33,0.00,600
39.553,16.64,0.09,0.76,15.36,3.33,0.00,598
39.570,16.71,0.09,0.72,15.25,3.32,0.00,597
39.587,16.60,0.08,0.68,15.41,3.31,0.00,595
39.603,16.66,0.10,0.69,15.35,3.30,0.00,596
39.620,16.67,0.08,0.72,15.32,3.32,0.00,596
39.637,16.68,0.09,0.71,15.51,3.32,0.00,595
39.653,16.67,0.12,0.76,15.24,3.31,0.00,593
39.670,16.66,0.09,0.71,15.66,3.30,0.00,591
39.687,16.69,0.08,0.75,15.43,3.29,0.00,590
39.703,16.72,0.09,0.74,15.29,3.27,0.00,588
39.720,16.61,0.13,0.99,15.05,3.27,0.00,626
39.737,16.67,0.10,1.02,15.05,4.07,0.00,625
39.753,16.68,0.11,1.04,14.99,4.06,0.00,625
39.770,16.68,0.11,1.03,15.03,4.05,0.00,624
39.787,16.65,0.11,1.06,15.01,4.05,0.00,623
39.803,16.67,0.11,1.09,15.23,4.04,0.00,623
39.820,16.66,0.19,0.97,15.22,4.05,0.00,622
39.837,16.68,0.11,1.04,15.06,4.04,0.00,620
39.853,16.69,0.11,1.08,14.98,4.06,0.00,619
39.870,16.65,0.11,1.09,14.96,4.06,0.00,620
39.887,16.66,0.20,1.18,14.98,4.05,0.00,619
39.904,16.75,0.10,1.07,14.90,4.05,0.00,615
39.920,16.62,0.10,1.04,15.05,4.05,0.00,616
39.937,16.68,0.11,1.12,14.91,4.07,0.00,616
39.953,16.62,0.13,0.94,15.12,4.06,0.00,619
39.970,16.68,0.10,0.99,15.10,4.10,0.00,619
39.987,16.67,0.23,1.04,14.92,4.11,0.00,656
40.003,16.68,0.10,1.08,14.96,4.27,0.00,670
40.020,16.64,0.10,1.02,15.00,4.42,0.00,671
40.037,16.67,0.10,1.08,14.98,4.43,0.00,672
40.053,16.73,0.12,1.08,14.96,4.44,0.00,672
40.070,16.66,0.10,1.04,15.02,4.46,0.00,673
40.087,16.62,0.11,1.08,14.98,4.47,0.00,673
40.103,16.66,0.10,1.05,15.04,4.49,0.00,672
40.120,16.68,0.10,1.12,15.12,4.48,0.00,671
40.137,16.66,0.10,1.09,15.22,3.92,0.00,670
40.153,16.66,0.12,1.12,14.98,3.93,0.00,670
40.170,16.73,0.11,1.08,14.95,3.93,0.00,670
40.187,16.61,0.10,1.10,14.99,3.95,0.00,675
40.203,16.68,0.11,1.07,15.14,3.96,0.00,674
40.220,16.68,0.14,1.11,14.94,3.97,0.00,675
40.237,16.68,0.10,1.09,14.97,3.98,0.00,675
40.253,16.66,0.11,1.12,14.97,3.99,0.00,675
40.270,16.64,0.09,1.08,15.02,4.00,0.00,676
40.287,16.67,0.12,1.09,14.92,4.00,0.00,676
40.303,16.68,0.11,1.10,15.08,4.03,0.00,671
40.320,16.72,0.10,1.05,15.01,4.03,0.00,671
40.337,16.60,0.11,1.10,14.97,4.03,0.00,672
40.353,16.67,0.10,1.11,14.94,4.03,0.00,671
40.370,16.67,0.10,1.09,15.04,4.03,0.00,671
40.387,16.70,0.10,1.08,14.96,4.04,0.00,668
40.404,16.68,0.10,1.07,14.92,4.03,0.00,667
40.420,16.62,0.09,1.05,15.00,4.06,0.00,667
40.437,16.72,0.09,1.08,14.80,4.05,0.00,665
40.453,16.61,0.08,0.80,15.19,4.06,0.00,663
40.470,16.67,0.07,0.79,15.16,4.05,0.00,662
40.487,16.73,0.07,0.79,15.22,4.05,0.00,663
40.503,16.62,0.08,0.82,15.12,4.04,0.00,662
40.520,16.74,0.07,0.77,15.13,4.06,0.00,662
40.537,16.63,0.07,0.78,15.20,4.06,0.00,664
40.553,16.63,0.07,0.80,15.13,4.04,0.00,662
40.570,16.67,0.08,0.83,15.20,4.04,0.00,663
40.587,16.67,0.08,0.80,15.15,4.03,0.00,664
40.604,16.76,0.07,0.79,15.05,4.01,0.00,662
40.620,16.59,0.08,0.75,15.34,4.02,0.00,659
40.637,16.66,0.09,1.06,14.99,4.02,0.00,659
40.653,16.67,0.09,1.04,15.05,4.01,0.00,659
40.670,16.68,0.09,1.04,15.13,4.00,0.00,658
40.687,16.68,0.09,1.07,14.82,3.99,0.00,656
40.703,16.62,0.07,0.76,15.18,3.99,0.00,656
40.720,16.67,0.07,0.79,15.15,3.99,0.00,658
40.737,16.70,0.08,0.76,15.15,3.98,0.00,658
40.754,16.70,0.07,0.76,15.11,4.01,0.00,660
40.770,16.61,0.07,0.76,15.19,4.00,0.00,660
40.787,16.74,0.07,0.74,15.15,3.98,0.00,658
40.803,16.59,0.06,0.75,15.20,3.98,0.00,657
40.820,16.72,0.07,0.76,15.17,3.97,0.00,656
40.837,16.62,0.07,0.76,15.18,3.97,0.00,655
40.853,16.68,0.06,0.73,15.19,3.98,0.00,657
40.870,16.70,0.07,0.75,15.36,3.99,0.00,653
40.887,16.67,0.09,1.02,15.03,3.98,0.00,653
40.904,16.72,0.11,0.99,15.06,3.96,0.00,651
40.920,16.61,0.09,1.07,15.02,3.97,0.00,651
40.937,16.66,0.15,1.09,14.80,3.95,0.00,646
40.954,16.73,0.07,0.75,15.11,3.95,0.00,643
40.970,16.62,0.06,0.72,15.23,3.97,0.00,643
40.987,16.64,0.06,0.76,15.18,3.96,0.00,643
41.004,16.67,0.08,0.75,15.39,3.95,0.00,642
41.020,16.72,0.08,1.03,15.07,3.94,0.00,640
41.037,16.69,0.09,1.06,15.03,3.94,0.00,640
41.054,16.62,0.08,1.03,15.03,3.93,0.00,640
41.070,16.67,0.10,1.01,15.11,3.93,0.00,638
41.087,16.64,0.09,1.00,15.24,3.94,0.00,638
41.104,16.72,0.09,1.01,15.05,3.93,0.00,636
41.120,16.67,0.09,1.04,15.01,3.92,0.00,628
41.137,16.67,0.09,1.03,15.05,3.91,0.00,626
41.154,16.65,0.08,0.99,15.27,3.89,0.00,624
41.170,16.71,0.08,0.99,15.02,3.89,0.00,621
41.187,16.62,0.14,1.32,14.74,3.87,0.00,671
41.204,16.67,0.11,1.22,14.83,4.73,0.00,670
41.220,16.64,0.10,1.18,14.85,4.72,0.00,663
41.237,16.67,0.10,1.19,14.88,4.27,0.00,661
41.254,16.67,0.11,1.21,14.90,4.27,0.00,656
41.270,16.68,0.10,1.21,14.81,4.24,0.00,655
41.287,16.65,0.12,1.23,14.79,4.23,0.00,653
41.304,16.66,0.10,1.23,14.80,4.24,0.00,650
41.320,16.70,0.10,1.22,15.00,4.22,0.00,649
41.337,16.72,0.12,1.21,14.78,4.21,0.00,648
41.354,16.60,0.10,1.18,14.86,4.19,0.00,647
41.370,16.66,0.10,1.23,14.78,4.18,0.00,645
41.387,16.68,0.10,1.18,14.84,4.16,0.00,643
41.404,16.68,0.11,1.27,14.80,4.15,0.00,642
41.420,16.66,0.11,1.22,14.83,4.16,0.00,641
41.437,16.65,0.12,1.23,14.95,4.16,0.00,641
41.454,16.72,0.11,1.24,14.75,4.14,0.00,640
41.470,16.69,0.10,1.21,14.79,4.13,0.00,640
41.487,16.64,0.10,1.22,14.78,4.11,0.00,639
41.504,16.62,0.10,1.28,14.87,4.10,0.00,637
41.520,16.67,0.11,1.22,14.83,4.09,0.00,638
41.537,16.67,0.10,1.24,14.88,4.11,0.00,632
41.554,16.67,0.14,1.26,14.82,4.10,0.00,632
41.570,16.70,0.10,1.21,14.86,4.08,0.00,630
41.587,16.64,0.10,1.24,14.88,4.07,0.00,626
41.604,16.73,0.13,1.25,14.78,3.50,0.00,622
41.620,16.62,0.10,1.26,14.76,3.48,0.00,620
41.637,16.63,0.10,1.25,14.81,3.51,0.00,618
41.654,16.67,0.09,1.21,14.83,3.49,0.00,611
41.670,16.67,0.10,1.23,14.79,3.48,0.00,608
41.687,16.66,0.11,0.96,15.28,3.47,0.00,581
41.704,16.73,0.09,0.93,15.11,3.46,0.00,577
41.720,16.64,0.09,0.93,15.10,3.45,0.00,577
41.737,16.64,0.10,0.92,15.15,3.45,0.00,575
41.754,16.67,0.09,0.90,15.17,3.48,0.00,574
41.770,16.72,0.09,0.95,15.08,3.47,0.00,574
41.787,16.61,0.10,0.95,15.09,3.48,0.00,575
41.804,16.67,0.09,0.93,15.18,3.47,0.00,574
41.820,16.73,0.09,0.92,15.28,3.47,0.00,573
41.837,16.67,0.19,0.94,15.00,3.47,0.00,571
41.854,16.60,0.12,0.93,15.15,3.46,0.00,572
41.870,16.68,0.09,0.88,15.19,3.55,0.00,571
41.887,16.66,0.09,0.90,15.22,3.54,0.00,573
41.904,16.68,0.09,0.91,15.13,3.56,0.00,582
41.920,16.68,0.09,0.96,15.29,3.57,0.00,584
41.937,16.68,0.11,0.95,15.27,3.59,0.00,586
41.954,16.72,0.09,0.90,15.18,3.60,0.00,586
41.970,16.60,0.10,0.86,15.22,3.61,0.00,590
41.987,16.67,0.25,0.91,15.03,3.61,0.00,633
42.004,16.68,0.09,0.93,15.13,3.75,0.00,645
42.020,16.65,0.10,0.96,15.14,3.89,0.00,644
42.037,16.67,0.09,0.97,15.11,3.90,0.00,645
42.054,16.68,0.09,0.94,15.08,3.90,0.00,648
42.070,16.69,0.12,0.90,15.17,3.90,0.00,650
42.087,16.64,0.10,0.93,15.26,3.92,0.00,650
42.104,16.68,0.13,0.90,15.17,3.92,0.00,650
42.120,16.71,0.10,0.98,15.05,3.91,0.00,647
42.137,16.64,0.09,0.96,15.12,3.92,0.00,649
42.154,16.64,0.09,0.95,15.08,3.92,0.00,652
42.170,16.68,0.09,0.93,15.10,3.93,0.00,652
42.187,16.67,0.10,0.92,15.20,3.92,0.00,653
42.204,16.67,0.12,0.94,15.07,3.92,0.00,653
42.220,16.65,0.09,0.93,15.21,3.93,0.00,653
42.237,16.69,0.10,0.96,15.23,3.92,0.00,653
42.254,16.67,0.09,0.95,15.05,3.92,0.00,653
42.270,16.66,0.09,0.94,15.13,3.91,0.00,651
42.287,16.72,0.11,0.92,15.03,3.91,0.00,651
42.304,16.61,0.10,0.93,15.16,3.90,0.00,652
42.320,16.67,0.09,0.95,15.22,3.92,0.00,654
42.337,16.71,0.09,0.94,15.12,3.90,0.00,657
42.354,16.64,0.09,0.95,15.08,3.90,0.00,656
42.370,16.66,0.09,0.91,15.16,3.89,0.00,657
42.387,16.67,0.09,0.93,15.10,3.89,0.00,657
42.404,16.68,0.10,0.91,15.14,3.87,0.00,659
42.420,16.65,0.09,0.96,15.12,3.88,0.00,659
42.437,16.67,0.09,0.92,15.22,3.88,0.00,662
42.454,16.68,0.10,0.94,15.12,3.87,0.00,663
42.470,16.67,0.09,0.93,15.11,3.86,0.00,662
42.487,16.69,0.08,0.91,15.19,3.85,0.00,662
42.504,16.64,0.09,1.00,15.08,3.86,0.00,662
42.520,16.65,0.10,0.92,15.21,3.84,0.00,662
42.537,16.67,0.09,0.94,15.19,3.85,0.00,660
42.554,16.72,0.09,0.94,15.39,3.84,0.00,660
42.570,16.60,0.08,0.93,15.42,3.83,0.00,656
42.587,16.67,0.10,0.95,15.45,3.82,0.00,656
42.604,16.67,0.10,0.94,15.35,3.81,0.00,651
42.620,16.67,0.09,0.95,15.34,3.80,0.00,646
42.637,16.73,0.09,0.91,15.30,3.78,0.00,641
42.654,16.67,0.09,0.89,15.39,3.80,0.00,631
42.670,16.60,0.08,0.93,15.38,3.77,0.00,623
42.687,16.68,0.11,0.89,15.45,3.75,0.00,617
42.704,16.65,0.09,0.90,15.42,3.40,0.00,616
42.720,16.68,0.10,0.90,15.36,3.41,0.00,616
42.737,16.66,0.10,0.88,15.38,3.38,0.00,614
42.754,16.67,0.11,0.87,15.40,3.37,0.00,613
42.770,16.73,0.08,0.86,15.37,3.38,0.00,612
42.787,16.67,0.14,0.84,15.32,3.38,0.00,606
42.804,16.61,0.09,0.89,15.36,3.35,0.00,605
42.820,16.67,0.09,0.89,15.45,3.34,0.00,604
42.837,16.66,0.08,0.90,15.39,3.34,0.00,603
42.854,16.74,0.09,0.86,15.35,3.33,0.00,600
42.870,16.61,0.09,0.92,15.35,3.33,0.00,599
42.887,16.67,0.10,0.87,15.37,3.33,0.00,597
42.904,16.67,0.11,0.85,15.41,3.32,0.00,593
42.920,16.74,0.08,0.89,15.30,3.30,0.00,591
42.937,16.64,0.09,0.89,15.43,3.29,0.00,590
42.954,16.61,0.08,0.90,15.37,3.28,0.00,589
42.970,16.70,0.10,0.88,15.38,3.27,0.00,588
42.987,16.65,0.08,0.87,15.40,3.28,0.00,585
43.004,16.71,0.08,0.85,15.38,3.28,0.00,580
43.020,16.69,0.11,0.87,15.30,3.24,0.00,577
43.037,16.60,0.13,0.88,15.36,3.23,0.00,574
43.054,16.72,0.08,0.89,15.38,3.22,0.00,572
43.070,16.63,0.10,0.88,15.42,3.21,0.00,568
43.087,16.65,0.12,1.09,15.15,3.19,0.00,625
43.104,16.74,0.10,1.09,15.17,4.11,0.00,621
43.120,16.59,0.11,1.08,15.28,4.07,0.00,613
43.137,16.66,0.10,1.08,15.27,4.07,0.00,610
43.154,16.67,0.11,0.84,15.45,4.05,0.00,563
43.170,16.68,0.10,0.87,15.40,4.02,0.00,561
43.187,16.66,0.14,0.85,15.42,4.00,0.00,562
43.204,16.80,0.11,0.87,15.29,4.06,0.00,561
43.220,16.54,0.11,0.82,15.44,4.06,0.00,561
43.237,16.73,0.10,0.87,15.35,4.04,0.00,582
43.254,16.61,0.13,0.87,15.39,4.06,0.00,583
43.270,16.74,0.14,0.87,15.30,4.06,0.00,583
43.287,16.68,0.12,0.87,15.28,4.05,0.00,584
43.304,16.60,0.11,0.86,15.37,4.03,0.00,583
43.320,16.68,0.12,0.83,15.48,4.02,0.00,586
43.337,16.66,0.10,0.84,15.47,4.02,0.00,591
43.354,16.66,0.10,0.86,15.44,4.02,0.00,591
43.370,16.75,0.11,0.84,15.39,4.01,0.00,593
43.387,16.59,0.10,0.88,15.41,4.02,0.00,593
43.404,16.67,0.13,0.85,15.38,4.01,0.00,595
43.420,16.72,0.10,0.86,15.36,4.03,0.00,596
43.437,16.61,0.11,0.85,15.50,4.02,0.00,597
43.454,16.66,0.09,0.88,15.42,4.03,0.00,599
43.470,16.69,0.10,0.96,15.41,4.02,0.00,602
43.487,16.66,0.09,0.88,15.39,4.02,0.00,603
43.504,16.66,0.18,0.84,15.34,3.47,0.00,606
43.520,16.73,0.10,0.86,15.32,3.48,0.00,606
43.537,16.65,0.10,0.87,15.32,3.49,0.00,606
43.554,16.63,0.11,0.84,15.38,3.49,0.00,610
43.570,16.68,0.10,0.87,15.58,3.49,0.00,611
43.587,16.67,0.14,0.90,15.34,3.49,0.00,609
43.604,16.66,0.09,0.87,15.42,3.50,0.00,612
43.620,16.67,0.12,0.85,15.38,3.50,0.00,612
43.637,16.67,0.11,0.83,15.44,3.53,0.00,612
43.654,16.74,0.09,0.86,15.37,3.52,0.00,616
43.671,16.73,0.10,0.87,15.40,3.53,0.00,618
43.687,16.54,0.11,0.88,15.48,3.54,0.00,616
43.704,16.67,0.12,0.90,15.50,3.54,0.00,616
43.720,16.65,0.10,0.88,15.56,3.54,0.00,618
43.737,16.65,0.10,0.89,15.54,3.56,0.00,617
43.754,16.66,0.11,0.86,15.64,3.57,0.00,616
43.770,16.75,0.09,0.86,15.54,3.57,0.00,617
43.787,16.61,0.11,0.83,15.60,3.57,0.00,616
43.804,16.67,0.12,0.97,15.42,3.53,0.00,616
43.820,16.66,0.12,0.89,15.54,3.60,0.00,616
43.837,16.69,0.11,0.96,15.51,3.60,0.00,616
43.854,16.71,0.09,0.94,15.42,3.61,0.00,618
43.870,16.59,0.11,0.96,15.50,3.60,0.00,615
43.887,16.69,0.10,0.86,15.52,3.60,0.00,615
43.904,16.68,0.12,0.88,15.54,3.60,0.00,615
43.920,16.66,0.13,0.88,15.61,3.60,0.00,614
43.937,16.75,0.10,0.88,15.52,3.60,0.00,615
43.954,16.63,0.09,0.86,15.56,3.63,0.00,614
43.970,16.64,0.09,0.86,15.66,3.62,0.00,614
43.987,16.75,0.24,0.92,15.11,3.61,0.00,694
44.004,16.60,0.08,0.71,15.75,3.84,0.00,702
44.020,16.67,0.09,0.99,15.47,3.96,0.00,702
44.037,16.68,0.10,1.02,15.42,3.94,0.00,701
44.054,16.68,0.09,0.95,15.52,3.96,0.00,701
44.071,16.69,0.09,0.99,15.29,3.95,0.00,700
44.087,16.59,0.09,0.96,15.53,3.93,0.00,701
44.104,16.72,0.09,0.96,15.63,3.94,0.00,701
44.121,16.84,0.10,0.97,15.23,3.93,0.00,698
44.137,16.44,0.09,0.94,15.52,3.90,0.00,698
44.154,16.68,0.10,0.90,15.59,3.91,0.00,695
44.171,16.73,0.10,0.94,15.57,3.91,0.00,694
44.187,16.76,0.10,1.01,15.32,3.90,0.00,694
44.204,16.56,0.09,0.90,15.53,3.91,0.00,694
44.221,16.68,0.16,0.94,15.51,3.89,0.00,690
44.237,16.74,0.14,0.92,15.37,3.88,0.00,689
44.254,16.55,0.12,0.86,15.55,3.89,0.00,688
44.270,16.68,0.09,0.91,15.55,3.89,0.00,685
44.287,16.70,0.09,0.90,15.58,3.89,0.00,685
44.304,16.72,0.09,0.93,15.45,3.87,0.00,683
44.320,16.60,0.12,0.88,15.49,3.88,0.00,680
44.337,16.64,0.11,0.98,15.46,3.86,0.00,680
44.354,16.69,0.13,1.09,15.28,3.87,0.00,678
44.370,16.66,0.09,0.92,15.59,3.84,0.00,677
44.387,16.75,0.10,0.92,15.44,3.87,0.00,678
44.404,16.59,0.09,0.92,15.61,3.87,0.00,677
44.421,16.82,0.10,1.03,15.34,3.83,0.00,675
44.437,16.61,0.10,0.90,15.42,3.87,0.00,675
44.454,16.56,0.10,1.05,15.46,3.85,0.00,673
44.471,16.75,0.10,0.90,15.45,3.86,0.00,672
44.487,16.59,0.11,0.89,15.39,3.87,0.00,672
44.504,16.67,0.14,0.90,15.36,3.87,0.00,670
44.520,16.68,0.14,0.90,15.33,3.86,0.00,659
44.537,16.73,0.09,0.89,15.32,3.84,0.00,655
44.554,16.68,0.13,0.90,15.26,3.80,0.00,653
44.570,16.60,0.12,0.89,15.38,3.80,0.00,651
44.587,16.72,0.13,0.84,15.43,3.81,0.00,648
44.604,16.60,0.09,0.84,15.46,3.45,0.00,647
44.620,16.68,0.17,0.84,15.36,3.44,0.00,647
44.637,16.66,0.09,0.89,15.35,3.43,0.00,647
44.654,16.67,0.10,0.84,15.51,3.42,0.00,644
44.670,16.66,0.09,0.88,15.40,3.43,0.00,644
44.687,16.75,0.10,0.86,15.43,3.43,0.00,644
44.704,16.59,0.09,0.83,15.51,3.45,0.00,641
44.721,16.68,0.11,0.84,15.41,3.43,0.00,641
44.737,16.72,0.10,0.84,15.50,3.43,0.00,639
44.754,16.62,0.10,0.86,15.43,3.43,0.00,637
44.771,16.66,0.09,0.88,15.27,3.43,0.00,634
44.787,16.67,0.11,0.85,15.56,3.43,0.00,632
44.804,16.65,0.09,0.87,15.46,3.39,0.00,628
44.821,16.75,0.09,0.85,15.26,3.41,0.00,627
44.837,16.58,0.05,0.45,15.98,3.40,0.00,625
44.854,16.68,0.11,0.97,15.45,3.41,0.00,623
44.870,16.65,0.09,0.85,15.49,3.39,0.00,620
44.887,16.70,0.15,1.14,15.10,3.39,0.00,666
44.904,16.66,0.12,1.13,15.13,4.24,0.00,665
44.921,16.67,0.11,1.12,15.13,4.23,0.00,664
44.937,16.73,0.11,1.10,15.20,4.22,0.00,661
44.954,16.68,0.11,1.16,15.06,4.22,0.00,659
44.971,16.59,0.11,1.11,15.25,4.19,0.00,652
44.987,16.65,0.11,1.18,15.11,4.17,0.00,650
45.004,16.77,0.12,1.10,15.07,4.17,0.00,648
45.021,16.58,0.11,1.11,15.11,4.18,0.00,648
45.037,16.67,0.12,1.13,15.13,4.19,0.00,646
45.054,16.80,0.11,0.98,15.21,4.17,0.00,645
45.071,16.54,0.14,0.99,15.22,4.16,0.00,642
45.087,16.74,0.11,0.97,15.29,4.15,0.00,640
45.104,16.59,0.17,0.98,15.18,4.13,0.00,641
45.121,16.67,0.10,0.96,15.33,4.16,0.00,637
45.137,16.66,0.14,0.99,15.32,4.16,0.00,635
45.154,16.66,0.13,0.97,15.36,4.14,0.00,633
45.171,16.67,0.10,0.98,15.30,4.14,0.00,632
45.187,16.73,0.11,0.99,15.30,4.13,0.00,630
45.204,16.59,0.27,0.98,15.30,4.10,0.00,629
45.221,16.67,0.10,0.98,15.29,4.15,0.00,629
45.237,16.76,0.10,0.98,15.19,4.14,0.00,630
45.254,16.65,0.10,0.97,15.11,4.15,0.00,629
45.271,16.65,0.10,0.97,15.30,4.12,0.00,632
45.287,16.70,0.11,0.98,15.23,4.11,0.00,629
45.304,16.62,0.12,0.98,15.31,3.54,0.00,632
45.321,16.64,0.11,1.00,15.27,3.58,0.00,634
45.337,16.68,0.10,0.95,15.39,3.57,0.00,634
45.354,16.67,0.12,1.04,15.19,3.57,0.00,631
45.371,16.69,0.10,0.96,15.33,3.55,0.00,632
45.387,16.64,0.15,0.98,15.25,3.56,0.00,630
45.404,16.66,0.11,0.95,15.33,3.56,0.00,631
45.421,16.71,0.10,0.98,15.24,3.59,0.00,632
45.437,16.63,0.10,1.04,15.22,3.58,0.00,631
45.454,16.72,0.14,0.96,15.37,3.59,0.00,630
45.471,16.59,0.10,0.96,15.50,3.57,0.00,627
45.487,16.66,0.10,0.96,15.34,3.58,0.00,625
45.504,16.78,0.11,0.95,15.26,3.58,0.00,626
45.521,16.59,0.10,0.97,15.30,3.61,0.00,626
45.537,16.74,0.09,0.96,15.26,3.60,0.00,624
45.554,16.60,0.12,0.97,15.27,3.60,0.00,622
45.571,16.71,0.09,0.95,15.29,3.59,0.00,622
45.587,16.68,0.12,0.96,15.30,3.58,0.00,621
45.604,16.61,0.11,0.93,15.34,3.58,0.00,618
45.621,16.69,0.12,0.97,15.26,3.69,0.00,621
45.637,16.70,0.12,0.94,15.26,3.68,0.00,622
45.654,16.67,0.09,0.95,15.25,3.70,0.00,638
45.671,16.69,0.09,0.96,15.26,3.73,0.00,640
45.687,16.66,0.12,0.95,15.26,3.73,0.00,639
45.704,16.62,0.11,0.98,15.33,3.72,0.00,641
45.721,16.67,0.11,0.95,15.32,3.71,0.00,639
45.737,16.68,0.13,0.93,15.28,3.71,0.00,639
45.754,16.66,0.09,0.91,15.40,3.70,0.00,639
45.771,16.67,0.11,0.96,15.28,3.71,0.00,638
45.787,16.71,0.10,0.93,15.31,3.70,0.00,638
45.804,16.61,0.14,0.96,15.28,3.70,0.00,639
45.821,16.75,0.16,0.95,15.22,3.71,0.00,642
45.837,16.59,0.09,0.91,15.55,3.70,0.00,644
45.854,16.67,0.09,0.96,15.40,3.70,0.00,644
45.871,16.66,0.09,0.96,15.34,3.69,0.00,644
45.887,16.68,0.11,0.95,15.31,3.70,0.00,642
45.904,16.73,0.13,0.93,15.21,3.68,0.00,644
45.921,16.67,0.10,0.95,15.23,3.73,0.00,647
45.937,16.66,0.12,0.94,15.23,3.72,0.00,646
45.954,16.64,0.12,0.88,15.40,3.70,0.00,646
45.971,16.62,0.09,0.87,15.47,3.69,0.00,644
45.987,16.67,0.21,0.94,15.29,3.68,0.00,675
46.004,16.67,0.10,0.99,15.40,3.79,0.00,692
46.021,16.69,0.10,0.97,15.34,4.03,0.00,692
46.037,16.67,0.10,0.94,15.32,4.04,0.00,692
46.054,16.73,0.09,0.93,15.27,4.01,0.00,692
46.071,16.66,0.13,0.92,15.26,4.00,0.00,692
46.087,16.61,0.13,0.95,15.40,4.00,0.00,694
46.104,16.66,0.10,0.94,15.32,3.99,0.00,694
46.121,16.70,0.10,0.94,15.38,3.98,0.00,695
46.137,16.63,0.11,0.99,15.46,4.00,0.00,697
46.154,16.69,0.09,0.97,15.37,4.00,0.00,699
46.171,16.64,0.07,0.73,15.34,4.00,0.00,700
46.187,16.71,0.04,0.35,15.66,3.99,0.00,700
46.204,16.63,0.05,0.33,15.76,3.98,0.00,699
46.221,16.66,0.04,0.34,16.18,3.99,0.00,700
46.237,16.69,0.11,1.02,15.28,4.01,0.00,699
46.254,16.66,0.09,0.97,15.27,4.00,0.00,703
46.271,16.73,0.09,0.96,15.24,4.00,0.00,705
46.287,16.67,0.09,0.94,15.30,4.00,0.00,704
46.304,16.60,0.10,1.01,15.27,3.98,0.00,702
46.321,16.73,0.10,0.95,15.27,3.99,0.00,702
46.337,16.60,0.12,0.99,15.31,4.01,0.00,700
46.354,16.68,0.11,0.94,15.35,4.00,0.00,695
46.371,16.67,0.10,0.94,15.32,3.98,0.00,693
46.387,16.67,0.12,0.90,15.36,3.98,0.00,691
46.404,16.66,0.11,0.90,15.37,3.61,0.00,690
46.421,16.73,0.14,0.89,15.31,3.59,0.00,690
46.437,16.60,0.11,0.90,15.37,3.62,0.00,690
46.454,16.67,0.11,0.89,15.55,3.62,0.00,689
46.471,16.67,0.10,0.91,15.35,3.60,0.00,687
46.487,16.73,0.09,0.89,15.28,3.58,0.00,684
46.504,16.60,0.09,0.87,15.59,3.59,0.00,679
46.521,16.67,0.10,0.94,15.31,3.57,0.00,680
46.537,16.73,0.09,0.91,15.36,3.59,0.00,678
46.554,16.61,0.09,0.88,15.40,3.59,0.00,674
46.571,16.69,0.09,0.92,15.34,3.58,0.00,673
46.587,16.63,0.09,0.89,15.41,3.56,0.00,672
46.604,16.70,0.12,0.86,15.42,3.56,0.00,670
46.621,16.64,0.12,0.87,15.43,3.54,0.00,666
46.637,16.68,0.11,0.88,15.35,3.55,0.00,664
46.654,16.73,0.09,0.88,15.30,3.54,0.00,662
46.671,16.60,0.10,0.90,15.34,3.52,0.00,658
46.687,16.71,0.09,0.90,15.36,3.50,0.00,657
46.704,16.63,0.10,0.87,15.48,3.49,0.00,654
46.721,16.67,0.11,0.89,15.38,3.48,0.00,650
46.737,16.67,0.10,0.90,15.34,3.49,0.00,649
46.754,16.68,0.13,0.91,15.32,3.48,0.00,649
46.771,16.72,0.12,0.91,15.30,3.46,0.00,646
46.787,16.61,0.11,0.89,15.35,3.44,0.00,645
46.804,16.74,0.09,0.89,15.29,3.44,0.00,641
46.821,16.60,0.12,0.91,15.33,3.41,0.00,638
46.837,16.76,0.08,0.87,15.43,3.42,0.00,637
46.854,16.56,0.09,0.80,15.55,3.36,0.00,619
46.871,16.67,0.10,0.71,15.56,3.36,0.00,608
46.887,16.68,0.10,0.66,15.61,3.35,0.00,606
46.904,16.71,0.09,0.66,15.56,3.32,0.00,604
46.921,16.69,0.10,0.66,15.54,3.30,0.00,601
46.937,16.64,0.08,0.65,15.58,3.30,0.00,600
46.954,16.70,0.08,0.66,15.62,3.29,0.00,603
46.971,16.60,0.17,0.68,15.51,3.28,0.00,604
46.987,16.66,0.11,0.69,15.51,3.27,0.00,605
47.004,16.69,0.10,0.63,15.72,3.26,0.00,603
47.021,16.65,0.15,0.69,15.60,3.27,0.00,601
47.037,16.67,0.16,0.71,15.60,3.26,0.00,601
47.054,16.67,0.08,0.67,15.67,3.26,0.00,599
47.071,16.83,0.09,0.68,15.47,3.24,0.00,601
47.087,16.58,0.11,0.68,15.52,3.24,0.00,597
47.104,16.60,0.11,0.73,15.64,3.22,0.00,595
47.121,16.66,0.11,0.70,15.58,3.22,0.00,590
47.137,16.68,0.10,0.65,15.64,3.23,0.00,590
47.154,16.66,0.08,0.66,15.75,3.23,0.00,592
47.171,16.66,0.10,0.70,15.60,3.22,0.00,592
47.187,16.68,0.08,0.65,15.64,3.22,0.00,593
47.204,16.73,0.09,0.68,15.58,3.23,0.00,593
47.221,16.59,0.09,0.67,15.62,3.22,0.00,591
47.237,16.75,0.09,0.67,15.51,3.21,0.00,591
47.254,16.61,0.11,0.63,15.64,3.23,0.00,590
47.271,16.64,0.11,0.70,15.55,3.24,0.00,588
47.287,16.69,0.08,0.66,15.58,3.22,0.00,586
47.304,16.66,0.09,0.67,15.64,3.23,0.00,584
47.321,16.75,0.08,0.68,15.51,3.23,0.00,582
47.337,16.59,0.10,0.67,15.72,3.23,0.00,581
47.354,16.75,0.12,0.67,15.57,3.25,0.00,580
47.371,16.58,0.08,0.68,15.57,3.25,0.00,580
47.387,16.69,0.09,0.68,15.63,3.24,0.00,578
47.404,16.65,0.09,0.66,15.61,3.26,0.00,574
47.421,16.68,0.08,0.66,15.63,3.24,0.00,572
47.437,16.72,0.14,0.67,15.52,3.24,0.00,570
47.454,16.61,0.08,0.65,15.71,3.25,0.00,568
47.471,16.66,0.08,0.69,15.61,3.26,0.00,567
47.487,16.76,0.08,0.67,15.55,3.25,0.00,568
47.504,16.59,0.10,0.65,15.70,3.25,0.00,567
47.521,16.66,0.18,0.68,15.63,3.24,0.00,564
47.537,16.76,0.09,0.67,15.49,3.23,0.00,562
47.554,16.59,0.10,0.64,15.78,3.24,0.00,559
47.571,16.65,0.08,0.68,15.67,3.25,0.00,559
47.587,16.68,0.08,0.67,15.64,3.23,0.00,555
47.604,16.68,0.09,0.67,15.67,3.23,0.00,552
47.621,16.66,0.08,0.66,15.70,3.21,0.00,549
47.637,16.67,0.09,0.67,15.63,3.22,0.00,547
47.654,16.67,0.08,0.63,15.70,3.23,0.00,545
47.671,16.67,0.08,0.63,15.71,3.22,0.00,544
47.687,16.68,0.08,0.67,15.66,3.21,0.00,543
47.704,16.66,0.09,0.65,15.68,3.20,0.00,542
47.721,16.65,0.07,0.68,15.61,3.19,0.00,535
47.737,16.75,0.12,0.89,15.27,3.19,0.00,585
47.754,16.77,0.10,0.91,15.18,4.04,0.00,584
47.771,16.54,0.19,0.90,15.21,4.03,0.00,582
47.787,16.63,0.10,0.87,15.37,4.02,0.00,579
47.804,16.73,0.10,0.88,15.31,4.02,0.00,577
47.821,16.67,0.12,0.89,15.31,4.02,0.00,575
47.838,16.68,0.11,0.90,15.30,4.01,0.00,576
47.854,16.67,0.14,0.90,15.25,4.03,0.00,575
47.871,16.61,0.11,0.93,15.34,4.03,0.00,575
47.887,16.66,0.10,0.96,15.35,4.04,0.00,588
47.904,16.67,0.10,0.91,15.37,4.08,0.00,587
47.921,16.74,0.11,0.93,15.21,4.08,0.00,589
47.937,16.60,0.11,0.88,15.39,4.10,0.00,589
47.954,16.66,0.10,0.85,15.49,4.12,0.00,589
47.971,16.67,0.09,0.84,15.48,4.11,0.00,589
47.987,16.67,0.22,0.96,15.21,4.11,0.00,668
48.004,16.67,0.09,0.95,15.33,4.35,0.00,686
48.021,16.75,0.10,0.97,15.22,4.56,0.00,685
48.037,16.57,0.11,0.92,15.36,4.56,0.00,685
48.054,16.68,0.12,0.94,15.44,4.56,0.00,686
48.071,16.62,0.10,1.00,15.46,4.56,0.00,686
48.087,16.68,0.11,0.99,15.31,4.57,0.00,688
48.104,16.76,0.09,0.94,15.36,4.57,0.00,691
48.121,16.60,0.10,0.95,15.34,4.56,0.00,690
48.137,16.67,0.10,0.96,15.37,4.55,0.00,691
48.154,16.66,0.09,0.96,15.33,4.45,0.00,692
48.171,16.77,0.09,1.00,15.33,3.99,0.00,696
48.187,16.59,0.11,0.99,15.28,4.00,0.00,698
48.204,16.66,0.12,0.99,15.26,3.99,0.00,698
48.221,16.67,0.09,1.01,15.28,3.98,0.00,698
48.237,16.66,0.15,0.98,15.27,3.97,0.00,697
48.254,16.67,0.12,0.93,15.34,3.99,0.00,695
48.271,16.72,0.09,0.94,15.53,3.98,0.00,692
48.288,16.68,0.12,0.96,15.24,3.97,0.00,694
48.304,16.67,0.09,0.93,15.28,3.96,0.00,693
48.321,16.59,0.09,0.99,15.31,3.96,0.00,692
48.337,16.67,0.13,0.96,15.30,3.95,0.00,693
48.354,16.67,0.10,0.92,15.44,3.95,0.00,693
48.371,16.66,0.09,0.95,15.36,3.95,0.00,693
48.388,16.76,0.12,0.90,15.25,3.95,0.00,693
48.404,16.59,0.10,0.90,15.38,3.93,0.00,692
48.421,16.67,0.11,0.93,15.33,3.93,0.00,692
48.437,16.66,0.16,0.93,15.30,3.92,0.00,692
48.454,16.66,0.10,0.90,15.47,3.90,0.00,692
48.471,16.67,0.09,0.95,15.36,3.92,0.00,690
48.487,16.69,0.12,0.92,15.26,3.90,0.00,689
48.504,16.67,0.10,0.91,15.36,3.88,0.00,690
48.521,16.66,0.12,0.91,15.33,3.89,0.00,686
48.538,16.72,0.10,0.93,15.28,3.87,0.00,684
48.554,16.69,0.11,0.94,15.29,3.86,0.00,685
48.571,16.61,0.09,0.95,15.32,3.88,0.00,683
48.588,16.73,0.09,0.92,15.43,3.86,0.00,682
48.604,16.56,0.09,0.93,15.42,3.85,0.00,684
48.621,16.74,0.09,0.93,15.45,3.84,0.00,683
48.638,16.63,0.09,0.91,15.38,3.83,0.00,684
48.654,16.68,0.12,0.93,15.32,3.82,0.00,684
48.671,16.66,0.11,0.92,15.39,3.84,0.00,680
48.688,16.72,0.09,0.95,15.32,3.81,0.00,680
48.704,16.62,0.09,0.92,15.43,3.80,0.00,681
48.721,16.66,0.09,0.96,15.35,3.79,0.00,682
48.738,16.67,0.09,0.93,15.36,3.79,0.00,681
48.754,16.68,0.11,0.90,15.36,3.78,0.00,684
48.771,16.66,0.09,0.92,15.37,3.81,0.00,683
48.788,16.75,0.09,0.91,15.27,3.78,0.00,681
48.804,16.59,0.10,0.89,15.35,3.79,0.00,680
48.821,16.69,0.10,0.91,15.32,3.77,0.00,681
48.838,16.70,0.11,0.90,15.29,3.77,0.00,681
48.854,16.62,0.10,0.91,15.39,3.77,0.00,682
48.871,16.67,0.09,0.92,15.34,3.78,0.00,680
48.888,16.71,0.08,0.90,15.37,3.78,0.00,675
48.904,16.62,0.08,0.91,15.36,3.79,0.00,674
48.921,16.67,0.10,0.90,15.35,3.77,0.00,673
48.938,16.68,0.13,0.87,15.37,3.77,0.00,672
48.954,16.68,0.12,0.87,15.46,3.78,0.00,665
48.971,16.64,0.09,0.91,15.38,3.78,0.00,664
48.988,16.67,0.08,0.86,15.40,3.78,0.00,660
49.004,16.67,0.09,0.91,15.38,3.78,0.00,657
49.021,16.67,0.08,0.88,15.54,3.79,0.00,657
49.038,16.73,0.09,0.92,15.36,3.74,0.00,657
49.054,16.60,0.09,0.88,15.49,3.78,0.00,653
49.071,16.66,0.09,0.96,15.44,3.79,0.00,650
49.088,16.67,0.10,0.91,15.50,3.79,0.00,645
49.104,16.69,0.08,0.87,15.61,3.80,0.00,642
49.121,16.72,0.09,0.97,15.30,3.78,0.00,642
49.138,16.61,0.08,0.88,15.46,3.78,0.00,639
49.154,16.67,0.11,0.96,15.30,3.78,0.00,634
49.171,16.68,0.09,0.91,15.48,3.79,0.00,632
49.188,16.65,0.08,0.99,15.31,3.79,0.00,628
49.204,16.68,0.12,0.88,15.44,3.77,0.00,604
49.221,16.65,0.10,0.92,15.38,3.74,0.00,599
49.238,16.67,0.08,0.87,15.43,3.71,0.00,597
49.254,16.72,0.13,0.85,15.32,3.46,0.00,592
49.271,16.63,0.08,0.84,15.40,3.46,0.00,591
49.288,16.72,0.08,0.86,15.37,3.45,0.00,587
49.304,16.67,0.08,0.84,15.47,3.45,0.00,587
49.321,16.60,0.08,0.84,15.43,3.44,0.00,587
49.338,16.68,0.08,0.86,15.45,3.43,0.00,585
49.354,16.72,0.10,0.86,15.43,3.42,0.00,583
49.371,16.60,0.08,0.82,15.46,3.44,0.00,582
49.388,16.69,0.11,0.87,15.41,3.42,0.00,579
49.404,16.66,0.08,0.84,15.52,3.42,0.00,578
49.421,16.66,0.09,0.92,15.39,3.41,0.00,577
49.438,16.68,0.10,0.84,15.43,3.39,0.00,575
49.454,16.67,0.10,0.95,15.40,3.39,0.00,571
49.471,16.66,0.09,0.92,15.59,3.37,0.00,569
49.488,16.71,0.09,0.84,15.47,3.39,0.00,568
49.504,16.63,0.09,0.92,15.53,3.33,0.00,568
49.521,16.64,0.08,0.89,15.50,3.35,0.00,566
49.538,16.68,0.10,0.83,15.46,3.34,0.00,565
49.554,16.68,0.10,0.86,15.48,3.32,0.00,563
49.571,16.65,0.10,0.85,15.45,3.32,0.00,561
49.588,16.71,0.08,0.84,15.44,3.32,0.00,557
49.604,16.63,0.11,0.86,15.50,3.31,0.00,556
49.621,16.66,0.08,0.90,15.38,3.29,0.00,556
49.638,16.74,0.08,0.85,15.38,3.28,0.00,554
49.654,16.68,0.09,0.87,15.23,3.26,0.00,549
49.671,16.67,0.13,1.13,15.17,3.25,0.00,594
49.688,16.68,0.13,1.14,15.14,4.12,0.00,593
49.704,16.58,0.12,0.98,15.36,4.09,0.00,585
49.721,16.67,0.13,0.92,15.33,4.08,0.00,581
49.738,16.68,0.11,0.92,15.36,4.06,0.00,578
49.754,16.66,0.14,0.95,15.30,4.06,0.00,575
49.771,16.66,0.10,0.95,15.36,4.07,0.00,573
49.788,16.68,0.17,0.96,15.33,4.05,0.00,570
49.804,16.66,0.10,0.95,15.39,4.06,0.00,567
49.821,16.67,0.10,0.97,15.41,4.05,0.00,566
49.838,16.69,0.10,0.93,15.33,4.05,0.00,562
49.854,16.74,0.13,0.96,15.33,4.05,0.00,561
49.871,16.72,0.10,0.96,15.23,4.08,0.00,561
49.888,16.54,0.11,0.95,15.32,4.07,0.00,561
49.904,16.67,0.13,0.96,15.27,4.06,0.00,565
49.921,16.66,0.10,0.94,15.33,4.08,0.00,564
49.938,16.74,0.11,0.95,15.28,4.06,0.00,563
49.954,16.66,0.15,0.89,15.26,4.07,0.00,563
49.971,16.61,0.11,0.89,15.37,4.10,0.00,563
49.988,16.66,0.25,0.98,15.15,4.10,0.00,623
50.004,16.72,0.10,0.97,15.28,4.25,0.00,644
50.021,16.61,0.10,0.98,15.38,4.47,0.00,646
50.038,16.67,0.10,0.97,15.30,4.46,0.00,644
50.054,16.68,0.12,0.97,15.29,4.46,0.00,647
50.071,16.67,0.10,0.94,15.32,4.46,0.00,649
50.088,16.73,0.14,0.96,15.21,4.34,0.00,649
50.104,16.61,0.11,0.94,15.41,3.88,0.00,648
50.121,16.66,0.17,1.00,15.06,3.88,0.00,645
50.138,16.70,0.08,0.73,15.52,3.87,0.00,646
50.154,16.66,0.16,0.96,15.25,3.87,0.00,647
50.171,16.64,0.14,0.96,15.27,3.89,0.00,646
50.188,16.74,0.10,0.98,15.42,3.87,0.00,652
50.204,16.62,0.10,0.95,15.43,3.88,0.00,653
50.221,16.73,0.12,0.96,15.32,3.87,0.00,651
50.238,16.58,0.10,0.94,15.35,3.86,0.00,653
50.254,16.68,0.11,0.97,15.30,3.88,0.00,654
50.271,16.66,0.10,0.95,15.32,3.86,0.00,654
50.288,16.73,0.10,0.96,15.26,3.86,0.00,653
50.304,16.61,0.12,1.00,15.26,3.85,0.00,653
50.321,16.66,0.13,0.94,15.42,3.84,0.00,654
50.338,16.66,0.10,1.03,15.21,3.83,0.00,655
50.354,16.68,0.11,0.96,15.31,3.85,0.00,655
50.371,16.67,0.12,0.98,15.37,3.85,0.00,655
50.388,16.69,0.13,0.94,15.42,3.79,0.00,658
50.404,16.66,0.10,0.97,15.31,3.82,0.00,657
50.421,16.66,0.09,0.96,15.32,3.82,0.00,655
50.438,16.66,0.12,0.96,15.27,3.81,0.00,655
50.454,16.71,0.14,0.95,15.39,3.83,0.00,653
50.471,16.59,0.09,1.01,15.37,3.83,0.00,658
50.488,16.70,0.09,0.92,15.35,3.82,0.00,657
50.504,16.75,0.09,0.92,15.35,3.80,0.00,657
50.521,16.59,0.09,0.94,15.33,3.80,0.00,658
50.538,16.74,0.10,0.95,15.25,3.79,0.00,659
50.554,16.68,0.09,0.94,15.36,3.82,0.00,658
50.571,16.59,0.09,1.00,15.28,3.80,0.00,659
50.588,16.67,0.11,0.96,15.31,3.80,0.00,660
50.604,16.74,0.09,0.94,15.25,3.79,0.00,659
50.621,16.60,0.09,0.93,15.39,3.79,0.00,660
50.638,16.66,0.09,0.99,15.31,3.77,0.00,661
50.654,16.68,0.14,0.98,15.24,3.79,0.00,661
50.671,16.71,0.09,0.93,15.35,3.79,0.00,660
50.688,16.63,0.11,0.91,15.47,3.78,0.00,662
50.704,16.66,0.09,0.96,15.42,3.78,0.00,662
50.721,16.67,0.09,0.97,15.43,3.77,0.00,665
50.738,16.76,0.12,0.96,15.13,3.77,0.00,662
50.754,16.58,0.11,0.92,15.31,3.79,0.00,662
50.771,16.67,0.11,0.96,15.30,3.77,0.00,659
50.788,16.67,0.10,0.94,15.34,3.78,0.00,661
50.804,16.66,0.09,0.94,15.33,3.77,0.00,661
50.821,16.73,0.09,0.95,15.27,3.76,0.00,658
50.838,16.66,0.13,0.94,15.29,3.78,0.00,656
50.854,16.62,0.11,0.93,15.40,3.78,0.00,655
50.871,16.67,0.09,0.99,15.37,3.77,0.00,654
50.888,16.66,0.09,0.93,15.34,3.77,0.00,655
50.904,16.74,0.09,0.91,15.32,3.77,0.00,655
50.921,16.60,0.11,0.91,15.37,3.77,0.00,656
50.938,16.66,0.09,0.95,15.46,3.79,0.00,654
50.954,16.76,0.11,0.93,15.27,3.77,0.00,653
50.971,16.58,0.08,0.91,15.49,3.78,0.00,653
50.988,16.69,0.11,0.95,15.28,3.78,0.00,649
51.004,16.72,0.09,0.93,15.32,3.76,0.00,648
51.021,16.61,0.12,0.94,15.31,3.77,0.00,647
51.038,16.67,0.09,0.93,15.40,3.77,0.00,647
51.054,16.67,0.09,0.96,15.29,3.77,0.00,645
51.071,16.67,0.11,0.94,15.31,3.77,0.00,640
51.088,16.70,0.08,0.93,15.29,3.74,0.00,640
51.104,16.63,0.11,0.91,15.38,3.74,0.00,639
51.121,16.67,0.09,0.92,15.43,3.72,0.00,634
51.138,16.66,0.09,0.94,15.42,3.73,0.00,631
51.154,16.70,0.10,1.01,15.25,3.71,0.00,625
51.171,16.65,0.08,0.89,15.40,3.70,0.00,614
51.188,16.67,0.15,0.89,15.48,3.37,0.00,612
51.204,16.65,0.08,0.87,15.74,3.36,0.00,610
51.221,16.80,0.09,0.89,15.38,3.35,0.00,609
51.238,16.62,0.08,0.92,15.27,3.34,0.00,607
51.254,16.65,0.08,0.89,15.47,3.33,0.00,606
51.271,16.62,0.11,0.89,15.40,3.32,0.00,604
51.288,16.67,0.08,0.87,15.49,3.30,0.00,603
51.304,16.66,0.09,0.90,15.40,3.29,0.00,602
51.321,16.67,0.14,0.86,15.34,3.30,0.00,601
51.338,16.75,0.08,0.88,15.39,3.28,0.00,598
51.354,16.59,0.08,0.95,15.34,3.28,0.00,597
51.371,16.73,0.12,0.88,15.37,3.27,0.00,596
51.388,16.61,0.09,0.87,15.44,3.26,0.00,594
51.404,16.68,0.13,0.90,15.34,3.24,0.00,594
51.421,16.67,0.10,0.89,15.38,3.25,0.00,593
51.438,16.66,0.08,0.91,15.35,3.26,0.00,591
51.454,16.72,0.13,0.90,15.38,3.24,0.00,588
51.471,16.60,0.15,0.90,15.36,3.24,0.00,585
51.488,16.67,0.11,0.90,15.38,3.23,0.00,583
51.504,16.74,0.08,0.87,15.33,3.22,0.00,583
51.521,16.66,0.08,0.91,15.36,3.22,0.00,579
51.538,16.61,0.10,0.91,15.37,3.22,0.00,577
51.555,16.74,0.08,0.91,15.32,3.20,0.00,572
51.571,16.59,0.08,0.93,15.37,3.20,0.00,569
51.588,16.69,0.12,0.90,15.35,3.20,0.00,568
51.604,16.65,0.13,0.87,15.39,3.19,0.00,564
51.621,16.67,0.08,0.86,15.47,3.22,0.00,562
51.638,16.66,0.09,0.67,15.58,3.21,0.00,548
51.654,16.68,0.12,0.64,15.67,3.18,0.00,543
51.671,16.65,0.08,0.67,15.69,3.18,0.00,542
51.688,16.68,0.08,0.66,15.73,3.19,0.00,540
51.704,16.65,0.09,0.71,15.70,3.18,0.00,539
51.721,16.68,0.13,0.69,15.62,3.16,0.00,536
51.738,16.66,0.08,0.66,15.62,3.20,0.00,534
51.755,16.79,0.08,0.68,15.52,3.20,0.00,531
51.771,16.55,0.08,0.67,15.64,3.19,0.00,529
51.788,16.76,0.08,0.66,15.53,3.19,0.00,526
51.804,16.63,0.07,0.64,15.56,3.21,0.00,522
51.821,16.65,0.09,0.67,15.61,3.21,0.00,521
51.838,16.64,0.09,0.68,15.71,3.21,0.00,520
51.854,16.65,0.09,0.64,15.65,3.22,0.00,516
51.871,16.68,0.10,0.66,15.67,3.21,0.00,514
51.888,16.68,0.13,0.93,15.34,3.21,0.00,565
51.905,16.73,0.10,0.90,15.31,4.08,0.00,564
51.921,16.68,0.10,0.93,15.26,4.08,0.00,558
51.938,16.59,0.10,0.93,15.32,4.07,0.00,556
51.955,16.72,0.11,0.84,15.35,4.07,0.00,556
51.971,16.66,0.10,0.84,15.46,4.07,0.00,557
51.988,16.62,0.23,0.96,15.12,4.07,0.00,583
52.004,16.70,0.12,0.96,15.25,4.20,0.00,585
52.021,16.71,0.12,0.97,15.23,4.27,0.00,584
52.038,16.60,0.12,0.96,15.31,4.27,0.00,584
52.055,16.73,0.10,0.96,15.34,4.28,0.00,582
52.071,16.61,0.11,0.97,15.41,4.28,0.00,582
52.088,16.68,0.20,0.97,15.21,4.30,0.00,582
52.104,16.67,0.12,0.98,15.34,4.31,0.00,579
52.121,16.65,0.14,0.98,15.33,4.32,0.00,577
52.138,16.67,0.11,0.96,15.31,4.32,0.00,574
52.155,16.73,0.10,0.98,15.34,4.31,0.00,575
52.171,16.60,0.11,0.98,15.31,4.31,0.00,577
52.188,16.69,0.18,1.23,14.97,4.31,0.00,624
52.204,16.64,0.13,1.23,15.20,4.55,0.00,623
52.221,16.67,0.12,1.26,15.08,4.53,0.00,623
52.238,16.67,0.14,1.26,14.93,4.53,0.00,624
52.254,16.68,0.14,1.27,15.02,4.52,0.00,623
52.271,16.66,0.20,1.28,14.94,4.52,0.00,623
52.288,16.68,0.15,1.27,14.96,4.50,0.00,623
52.304,16.67,0.12,1.24,14.96,4.51,0.00,624
52.321,16.65,0.15,1.25,14.99,4.50,0.00,626
52.338,16.75,0.13,1.29,14.90,4.51,0.00,627
52.354,16.59,0.13,1.25,15.02,4.52,0.00,631
52.371,16.68,0.17,1.27,15.06,4.52,0.00,633
52.388,16.68,0.13,1.29,14.93,4.56,0.00,631
52.405,16.72,0.12,1.28,14.88,4.56,0.00,631
52.421,16.60,0.17,1.28,14.97,4.56,0.00,633
52.438,16.68,0.19,1.26,15.03,4.56,0.00,631
52.455,16.74,0.13,1.28,14.90,4.56,0.00,629
52.471,16.60,0.14,1.28,15.10,4.55,0.00,629
52.488,16.64,0.12,1.28,15.04,4.59,0.00,631
52.505,16.69,0.12,1.32,14.96,4.59,0.00,632
52.521,16.67,0.12,1.27,15.04,4.60,0.00,631
52.538,16.68,0.14,1.31,14.99,4.54,0.00,626
52.554,16.64,0.13,1.31,14.96,4.58,0.00,623
52.571,16.68,0.12,1.29,15.00,4.59,0.00,624
52.588,16.67,0.19,1.29,14.92,4.63,0.00,620
52.605,16.67,0.11,1.28,15.00,4.05,0.00,618
52.621,16.66,0.11,1.28,14.99,4.06,0.00,615
52.638,16.68,0.13,1.28,14.93,4.05,0.00,609
52.655,16.66,0.16,1.29,14.93,4.06,0.00,607
52.671,16.73,0.12,1.27,14.97,4.07,0.00,608
52.688,16.66,0.12,1.27,14.95,4.09,0.00,607
52.705,16.67,0.11,1.31,14.93,4.10,0.00,606
52.721,16.68,0.14,1.29,14.96,4.11,0.00,608
52.738,16.60,0.14,1.25,14.99,4.10,0.00,606
52.755,16.77,0.12,1.25,14.92,4.11,0.00,605
52.771,16.66,0.11,1.27,14.79,4.14,0.00,605
52.788,16.59,0.12,1.28,15.11,4.15,0.00,605
52.805,16.68,0.13,1.30,15.06,4.16,0.00,608
52.821,16.65,0.12,1.30,14.97,4.17,0.00,613
52.838,16.68,0.15,1.31,14.90,4.17,0.00,613
52.855,16.66,0.18,1.36,15.02,4.17,0.00,616
52.871,16.68,0.12,1.34,14.97,4.22,0.00,616
52.888,16.66,0.11,1.27,15.13,4.22,0.00,618
52.905,16.64,0.11,1.30,14.99,4.22,0.00,622
52.921,16.70,0.12,1.28,15.00,4.22,0.00,627
52.938,16.66,0.10,1.22,15.09,4.25,0.00,629
52.955,16.67,0.13,1.27,14.98,4.25,0.00,635
52.971,16.73,0.11,1.24,15.06,4.29,0.00,637
52.988,16.59,0.12,1.27,15.01,4.30,0.00,641
53.005,16.67,0.10,1.22,15.05,4.26,0.00,644
53.021,16.67,0.17,1.26,14.99,4.29,0.00,646
53.038,16.67,0.10,1.23,15.08,4.31,0.00,650
53.055,16.67,0.19,1.26,14.91,4.31,0.00,654
53.071,16.72,0.10,1.23,15.03,4.35,0.00,654
53.088,16.62,0.13,1.25,15.02,4.35,0.00,654
53.105,16.67,0.12,1.24,14.98,4.35,0.00,658
53.121,16.66,0.13,1.25,15.07,4.34,0.00,659
53.138,16.66,0.12,1.24,15.03,4.34,0.00,659
53.155,16.67,0.12,1.24,15.03,4.35,0.00,663
53.171,16.67,0.10,1.24,15.04,4.39,0.00,664
53.188,16.69,0.17,1.23,15.13,4.39,0.00,664
53.205,16.66,0.10,1.25,15.02,4.39,0.00,669
53.221,16.66,0.11,1.24,15.22,4.39,0.00,672
53.238,16.68,0.10,1.24,15.03,4.39,0.00,676
53.255,16.66,0.14,1.23,14.99,4.43,0.00,678
53.271,16.74,0.13,1.24,15.01,4.41,0.00,680
53.288,16.58,0.10,1.25,15.06,4.43,0.00,679
53.305,16.76,0.11,1.24,14.98,4.43,0.00,679
53.321,16.58,0.10,1.25,15.01,4.42,0.00,677
53.338,16.68,0.10,1.21,15.05,4.43,0.00,678
53.355,16.66,0.14,1.20,15.06,4.44,0.00,676
53.371,16.67,0.10,1.22,15.15,4.45,0.00,673
53.388,16.66,0.10,1.22,15.13,4.43,0.00,668
53.405,16.68,0.13,1.22,15.04,4.01,0.00,670
53.421,16.68,0.11,1.21,15.05,4.03,0.00,672
53.438,16.66,0.11,1.21,15.03,4.03,0.00,674
53.455,16.76,0.10,1.18,15.12,4.08,0.00,674
53.471,16.58,0.10,1.22,15.14,4.07,0.00,676
53.488,16.66,0.10,1.21,15.03,4.09,0.00,669
53.505,16.75,0.10,1.18,15.05,4.06,0.00,672
53.521,16.67,0.12,1.22,15.03,4.09,0.00,673
53.538,16.58,0.13,1.35,14.91,4.08,0.00,680
53.555,16.68,0.11,1.24,15.04,4.07,0.00,677
53.571,16.67,0.14,1.26,14.96,4.09,0.00,674
53.588,16.72,0.11,1.26,14.96,4.08,0.00,675
53.605,16.61,0.12,1.28,15.13,4.08,0.00,675
53.621,16.64,0.12,1.28,15.00,4.10,0.00,673
53.638,16.82,0.11,1.26,14.95,4.09,0.00,671
53.655,16.54,0.10,1.25,15.10,4.10,0.00,664
53.671,16.67,0.14,1.27,14.96,4.10,0.00,661
53.688,16.75,0.10,1.25,14.97,4.11,0.00,657
53.705,16.59,0.12,1.23,15.08,3.70,0.00,657
53.721,16.68,0.11,1.26,15.01,3.69,0.00,659
53.738,16.76,0.10,1.25,14.96,3.72,0.00,658
53.755,16.58,0.12,1.25,15.03,3.72,0.00,657
53.771,16.66,0.14,1.25,14.99,3.72,0.00,655
53.788,16.75,0.13,1.25,14.94,3.71,0.00,655
53.805,16.59,0.11,1.22,15.06,3.70,0.00,654
53.821,16.73,0.11,1.26,14.98,3.71,0.00,655
53.838,16.61,0.10,1.25,15.02,3.74,0.00,653
53.855,16.73,0.10,1.03,15.16,3.71,0.00,653
53.871,16.67,0.10,1.02,15.19,3.71,0.00,650
53.888,16.65,0.10,1.04,15.20,3.70,0.00,650
53.905,16.63,0.10,1.04,15.37,3.69,0.00,650
53.921,16.68,0.10,1.10,15.21,3.65,0.00,651
53.938,16.66,0.10,1.01,15.33,3.71,0.00,650
53.955,16.68,0.12,0.98,15.37,3.71,0.00,649
53.971,16.65,0.18,0.96,15.31,3.70,0.00,648
53.988,16.69,0.33,1.12,14.98,3.68,0.00,686
54.005,16.67,0.10,1.06,15.28,3.84,0.00,692
54.021,16.66,0.13,1.06,15.25,3.91,0.00,692
54.038,16.66,0.10,1.07,15.27,3.92,0.00,690
54.055,16.67,0.10,1.04,15.30,3.92,0.00,687
54.071,16.67,0.11,1.06,15.22,3.90,0.00,686
54.088,16.73,0.13,1.06,15.14,3.88,0.00,686
54.105,16.61,0.11,1.06,15.21,3.89,0.00,686
54.121,16.67,0.17,1.05,15.15,3.88,0.00,685
54.138,16.74,0.10,1.06,15.19,3.89,0.00,683
54.155,16.60,0.10,0.84,15.50,3.88,0.00,674
54.171,16.65,0.10,0.85,15.47,3.86,0.00,675
54.188,16.68,0.12,0.81,15.50,3.86,0.00,675
54.205,16.75,0.11,0.84,15.40,3.87,0.00,675
54.221,16.59,0.10,0.82,15.72,3.88,0.00,673
54.238,16.78,0.14,0.92,15.22,3.86,0.00,672
54.255,16.54,0.12,0.83,15.46,3.87,0.00,671
54.271,16.68,0.10,0.82,15.46,3.86,0.00,673
54.288,16.66,0.13,0.83,15.43,3.87,0.00,672
54.305,16.68,0.10,0.83,15.59,3.87,0.00,673
54.321,16.64,0.12,0.86,15.45,3.88,0.00,673
54.338,16.69,0.13,0.83,15.40,3.88,0.00,671
54.355,16.74,0.10,0.80,15.35,3.88,0.00,668
54.371,16.60,0.12,0.83,15.35,3.88,0.00,668
54.388,16.66,0.10,0.81,15.45,3.89,0.00,669
54.405,16.67,0.13,0.83,15.41,3.88,0.00,669
54.421,16.73,0.10,0.80,15.42,3.90,0.00,667
54.438,16.60,0.10,0.82,15.47,3.90,0.00,667
54.455,16.68,0.12,0.82,15.43,3.90,0.00,668
54.471,16.67,0.12,0.84,15.43,3.90,0.00,667
54.488,16.67,0.10,0.83,15.53,3.91,0.00,667
54.505,16.67,0.18,1.14,15.13,3.90,0.00,714
54.521,16.65,0.14,1.16,15.33,4.81,0.00,713
54.538,16.77,0.15,1.17,15.15,4.81,0.00,713
54.555,16.59,0.15,1.16,15.11,4.82,0.00,713
54.571,16.64,0.21,1.15,15.07,4.81,0.00,713
54.588,16.67,0.17,1.16,15.12,4.82,0.00,713
54.605,16.67,0.16,1.16,15.10,4.83,0.00,714
54.621,16.68,0.15,1.15,15.14,4.82,0.00,716
54.638,16.65,0.15,1.20,15.10,4.83,0.00,717
54.655,16.67,0.12,1.16,15.12,4.83,0.00,718
54.671,16.68,0.14,1.17,15.07,4.83,0.00,719
54.688,16.72,0.12,1.18,15.07,4.84,0.00,722
54.705,16.79,0.12,1.28,15.03,4.86,0.00,720
54.721,16.58,0.12,1.21,15.11,4.89,0.00,722
54.738,16.56,0.13,1.20,15.24,4.88,0.00,723
54.755,16.71,0.13,1.22,15.12,4.87,0.00,724
54.771,16.61,0.14,1.21,15.19,4.87,0.00,727
54.788,16.68,0.12,1.21,15.27,4.89,0.00,726
54.805,16.72,0.12,1.19,15.17,4.84,0.00,724
54.821,16.60,0.11,1.20,15.20,4.88,0.00,710
54.838,16.65,0.11,1.19,15.28,4.86,0.00,710
54.855,16.70,0.09,0.90,15.62,4.85,0.00,710
54.871,16.76,0.12,1.25,15.14,4.86,0.00,710
54.888,16.66,0.12,1.23,15.13,4.87,0.00,711
54.905,16.63,0.11,1.27,15.09,4.87,0.00,707
54.921,16.62,0.11,1.18,15.25,4.25,0.00,706
54.938,16.68,0.11,1.25,15.13,4.26,0.00,704
54.955,16.69,0.13,1.25,15.15,4.29,0.00,704
54.971,16.65,0.11,1.27,15.18,4.27,0.00,705
54.988,16.67,0.11,1.23,15.44,4.30,0.00,704
55.005,16.93,0.11,1.27,14.88,4.32,0.00,702
55.021,16.40,0.11,1.32,15.15,4.30,0.00,702
55.038,16.73,0.11,1.23,15.17,4.30,0.00,702
55.055,16.64,0.11,1.28,15.04,3.89,0.00,702
55.072,16.80,0.11,1.24,15.10,3.97,0.00,701
55.088,16.61,0.11,1.22,15.12,3.96,0.00,697
55.105,16.58,0.12,1.17,15.21,3.96,0.00,695
55.121,16.62,0.13,1.16,15.08,3.96,0.00,694
55.138,16.79,0.06,0.62,15.80,3.95,0.00,696
55.155,16.62,0.11,1.18,15.21,4.04,0.00,695
55.171,16.62,0.11,1.18,15.28,4.03,0.00,695
55.188,16.72,0.11,1.16,15.35,4.05,0.00,703
55.205,16.77,0.10,1.19,15.19,4.08,0.00,703
55.221,16.62,0.11,1.31,14.99,4.10,0.00,704
55.238,16.57,0.12,1.21,15.26,4.10,0.00,706
55.255,16.75,0.11,1.24,15.11,4.09,0.00,706
55.271,16.56,0.10,1.18,15.44,4.11,0.00,707
55.288,16.86,0.11,1.23,15.05,4.14,0.00,706
55.305,16.53,0.10,1.21,15.26,4.14,0.00,705
55.322,16.77,0.15,1.17,15.05,4.13,0.00,706
55.338,16.51,0.10,1.20,15.35,4.17,0.00,707
55.355,16.79,0.11,1.32,15.06,4.17,0.00,706
55.371,16.64,0.10,1.19,15.18,4.17,0.00,705
55.388,16.60,0.10,1.22,15.29,4.13,0.00,705
55.405,16.75,0.10,1.21,15.17,4.16,0.00,706
55.421,16.62,0.10,1.20,15.33,4.17,0.00,709
55.438,16.78,0.10,1.20,15.08,4.21,0.00,710
55.455,16.51,0.10,1.18,15.21,4.19,0.00,707
55.471,16.69,0.13,1.22,15.29,4.20,0.00,704
55.488,16.77,0.11,1.19,15.14,4.19,0.00,705
55.505,16.58,0.12,1.16,15.30,4.15,0.00,704
55.522,16.72,0.11,1.15,15.14,4.18,0.00,704
55.538,16.61,0.10,1.13,15.21,4.21,0.00,706
55.555,16.65,0.12,1.13,15.18,4.21,0.00,708
55.571,16.68,0.11,1.14,15.15,4.20,0.00,709
55.588,16.66,0.11,1.12,15.20,4.19,0.00,707
55.605,16.67,0.11,1.12,15.14,4.18,0.00,708
55.621,16.67,0.11,1.10,15.20,4.19,0.00,707
55.638,16.67,0.11,1.11,15.16,4.18,0.00,708
55.655,16.67,0.13,1.13,15.11,4.17,0.00,709
55.671,16.65,0.11,1.11,15.16,4.17,0.00,711
55.688,16.74,0.10,1.11,15.10,4.16,0.00,711
55.705,16.59,0.11,1.10,15.21,4.14,0.00,712
55.721,16.70,0.10,1.10,15.20,4.16,0.00,712
55.738,16.63,0.10,1.16,15.31,4.14,0.00,709
55.755,16.69,0.10,1.11,15.36,4.12,0.00,707
55.771,16.68,0.11,1.12,15.22,4.08,0.00,704
55.788,16.64,0.10,1.21,15.34,4.09,0.00,704
55.805,16.81,0.10,1.16,15.13,4.10,0.00,702
55.821,16.50,0.10,1.14,15.42,4.09,0.00,697
55.838,16.81,0.10,1.08,15.34,4.09,0.00,695
55.855,16.67,0.10,1.12,15.16,4.06,0.00,693
55.871,16.52,0.09,1.14,15.39,4.05,0.00,692
55.888,16.76,0.10,1.18,15.15,4.00,0.00,689
55.905,16.62,0.10,1.16,15.27,4.06,0.00,687
55.921,16.65,0.09,1.06,15.37,4.03,0.00,680
55.938,16.65,0.09,1.08,15.51,4.02,0.00,676
55.955,16.80,0.10,0.94,15.44,4.00,0.00,669
55.972,16.62,0.10,0.97,15.29,3.97,0.00,667
55.988,16.62,0.23,1.08,15.15,3.99,0.00,702
56.005,16.65,0.09,1.06,15.25,4.13,0.00,712
56.021,16.69,0.11,1.07,15.23,3.89,0.00,709
56.038,16.64,0.10,1.06,15.24,3.87,0.00,709
56.055,16.69,0.11,1.05,15.23,3.86,0.00,709
56.071,16.66,0.10,1.12,15.17,3.85,0.00,709
56.088,16.75,0.10,1.06,15.13,3.87,0.00,709
56.105,16.58,0.09,1.04,15.25,3.86,0.00,707
56.121,16.67,0.11,1.06,15.22,3.85,0.00,705
56.138,16.67,0.10,1.05,15.30,3.84,0.00,705
56.155,16.67,0.10,1.05,15.36,3.83,0.00,703
56.171,16.68,0.10,1.06,15.21,3.85,0.00,703
56.188,16.66,0.14,1.06,15.21,3.84,0.00,704
56.205,16.67,0.10,1.04,15.37,3.82,0.00,699
56.221,16.67,0.10,1.08,15.19,3.83,0.00,698
56.238,16.73,0.12,1.05,15.21,3.82,0.00,698
56.255,16.59,0.12,1.04,15.23,3.81,0.00,698
56.271,16.67,0.10,0.99,15.25,3.83,0.00,695
56.288,16.67,0.10,1.00,15.28,3.82,0.00,693
56.305,16.67,0.11,0.99,15.27,3.80,0.00,692
56.322,16.72,0.10,1.01,15.22,3.80,0.00,692
56.338,16.61,0.10,0.98,15.28,3.79,0.00,690
56.355,16.73,0.10,1.01,15.34,3.81,0.00,687
56.371,16.59,0.10,1.01,15.43,3.82,0.00,685
56.388,16.66,0.10,1.01,15.43,3.79,0.00,681
56.405,16.68,0.11,1.00,15.28,3.78,0.00,675
56.422,16.75,0.14,1.02,15.16,3.78,0.00,667
56.438,16.61,0.10,1.00,15.28,3.76,0.00,663
56.455,16.67,0.11,1.02,15.25,3.76,0.00,655
56.472,16.66,0.11,0.72,15.61,3.75,0.00,627
56.488,16.66,0.10,0.77,15.62,3.71,0.00,598
56.505,16.67,0.09,0.75,15.56,3.67,0.00,596
56.522,16.67,0.10,0.70,15.57,3.65,0.00,595
56.538,16.68,0.12,0.73,15.54,3.66,0.00,593
56.555,16.66,0.10,0.75,15.54,3.64,0.00,593
56.572,16.74,0.09,0.73,15.49,3.63,0.00,592
56.588,16.60,0.13,0.71,15.51,3.60,0.00,592
56.605,16.74,0.10,0.71,15.53,3.59,0.00,590
56.622,16.60,0.10,0.73,15.54,3.58,0.00,589
56.638,16.67,0.12,0.73,15.56,3.59,0.00,589
56.655,16.68,0.17,0.73,15.52,3.58,0.00,586
56.672,16.64,0.10,0.73,15.55,3.56,0.00,585
56.688,16.68,0.10,0.74,15.54,3.54,0.00,584
56.705,16.67,0.13,0.72,15.51,3.51,0.00,583
56.722,16.68,0.09,0.70,15.61,3.52,0.00,580
56.738,16.66,0.09,0.72,15.64,3.50,0.00,579
56.755,16.66,0.09,0.69,15.64,3.49,0.00,576
56.772,16.68,0.18,0.75,15.44,3.48,0.00,575
56.788,16.73,0.09,0.71,15.60,3.46,0.00,573
56.805,16.60,0.11,0.78,15.56,3.39,0.00,571
56.822,16.66,0.11,0.76,15.50,3.45,0.00,569
56.838,16.74,0.09,0.70,15.62,3.43,0.00,567
56.855,16.60,0.10,0.68,15.56,3.42,0.00,566
56.872,16.68,0.12,0.69,15.62,3.42,0.00,566
56.888,16.67,0.12,1.04,15.23,3.40,0.00,617
56.905,16.67,0.11,1.02,15.30,4.29,0.00,617
56.922,16.66,0.11,1.01,15.33,4.27,0.00,618
56.938,16.67,0.11,1.04,15.27,4.27,0.00,617
56.955,16.68,0.14,1.00,15.28,4.26,0.00,614
56.972,16.65,0.11,1.05,15.31,4.24,0.00,613
56.988,16.67,0.11,1.02,15.35,4.25,0.00,614
57.005,16.67,0.13,1.04,15.31,4.23,0.00,614
57.022,16.74,0.12,1.03,15.16,4.24,0.00,613
57.038,16.68,0.12,1.03,15.16,4.25,0.00,613
57.055,16.65,0.14,1.04,15.13,4.27,0.00,614
57.072,16.62,0.12,1.01,15.24,4.27,0.00,614
57.088,16.72,0.14,1.01,15.16,4.31,0.00,614
57.105,16.61,0.11,1.01,15.21,4.31,0.00,614
57.122,16.67,0.13,1.04,15.16,4.31,0.00,612
57.138,16.68,0.11,1.03,15.31,4.31,0.00,609
57.155,16.65,0.14,1.00,15.34,4.30,0.00,608
57.172,16.67,0.12,1.01,15.25,4.31,0.00,611
57.188,16.73,0.15,1.02,15.25,4.39,0.00,611
57.205,16.61,0.15,1.03,15.22,4.39,0.00,610
57.222,16.68,0.12,1.01,15.26,4.43,0.00,646
57.238,16.66,0.15,1.02,15.28,4.47,0.00,647
57.255,16.67,0.12,1.03,15.23,4.50,0.00,649
57.272,16.74,0.10,1.00,15.24,4.46,0.00,648
57.288,16.60,0.11,1.02,15.31,4.47,0.00,647
57.305,16.67,0.11,1.08,15.20,3.88,0.00,646
57.322,16.68,0.11,1.03,15.28,3.89,0.00,648
57.338,16.67,0.10,1.03,15.23,3.90,0.00,650
57.355,16.73,0.11,1.01,15.18,3.90,0.00,653
57.372,16.65,0.11,1.01,15.20,3.93,0.00,654
57.388,16.69,0.11,1.01,15.20,3.93,0.00,653
57.405,16.59,0.12,1.04,15.27,3.93,0.00,652
57.422,16.67,0.11,1.01,15.27,3.94,0.00,652
57.438,16.73,0.10,1.02,15.22,3.93,0.00,654
57.455,16.68,0.15,1.01,15.15,3.92,0.00,656
57.472,16.62,0.10,1.07,15.21,3.94,0.00,656
57.488,16.64,0.13,1.00,15.37,3.94,0.00,652
57.505,16.68,0.11,1.02,15.25,3.93,0.00,651
57.522,16.66,0.12,1.01,15.32,3.94,0.00,647
57.538,16.66,0.11,1.00,15.13,3.92,0.00,649
57.555,16.68,0.11,1.01,15.40,3.95,0.00,648
57.572,16.63,0.10,1.05,15.37,3.93,0.00,650
57.588,16.85,0.11,1.01,15.12,3.94,0.00,648
57.605,16.58,0.10,0.99,15.22,3.92,0.00,648
57.622,16.66,0.11,0.99,15.30,3.93,0.00,647
57.638,16.61,0.11,1.17,15.10,3.91,0.00,653
57.655,16.68,0.14,1.10,15.23,3.94,0.00,656
57.672,16.66,0.12,1.04,15.23,3.95,0.00,653
57.688,16.74,0.13,1.07,15.17,3.97,0.00,652
57.705,16.61,0.11,1.04,15.22,3.97,0.00,654
57.722,16.66,0.14,1.06,15.17,3.97,0.00,654
57.738,16.76,0.10,1.06,15.20,4.01,0.00,651
57.755,16.59,0.12,1.11,15.12,4.00,0.00,650
57.772,16.65,0.10,1.06,15.17,3.99,0.00,650
57.788,16.67,0.10,1.06,15.20,4.00,0.00,651
57.805,16.67,0.11,1.08,15.30,4.00,0.00,651
57.822,16.67,0.12,1.07,15.18,4.00,0.00,652
57.838,16.66,0.14,1.07,15.22,4.04,0.00,652
57.855,16.68,0.13,1.05,15.22,4.04,0.00,649
57.872,16.65,0.14,1.07,15.14,4.04,0.00,649
57.888,16.74,0.10,1.06,15.17,4.03,0.00,649
57.905,16.69,0.10,1.02,15.23,4.05,0.00,652
57.922,16.58,0.10,1.06,15.26,4.07,0.00,651
57.938,16.75,0.10,1.06,15.14,4.08,0.00,652
57.955,16.64,0.11,0.99,15.28,4.08,0.00,651
57.972,16.63,0.12,0.97,15.25,4.09,0.00,652
57.988,16.66,0.26,1.08,15.30,4.09,0.00,691
58.005,16.76,0.10,1.12,15.15,4.30,0.00,701
58.022,16.59,0.15,1.14,15.16,4.40,0.00,702
58.038,16.64,0.12,1.14,15.19,4.40,0.00,700
58.055,16.67,0.11,1.11,15.12,4.41,0.00,700
58.072,16.69,0.12,1.13,15.20,4.40,0.00,700
58.088,16.65,0.12,1.13,15.19,4.42,0.00,700
58.105,16.67,0.16,1.12,15.09,4.44,0.00,699
58.122,16.75,0.10,1.13,15.10,4.44,0.00,699
58.138,16.59,0.13,1.12,15.23,4.43,0.00,698
58.155,16.82,0.10,1.13,15.13,4.44,0.00,698
58.172,16.51,0.10,1.11,15.28,4.42,0.00,699
58.188,16.68,0.11,1.11,15.26,4.42,0.00,699
58.205,16.74,0.10,1.13,15.12,4.44,0.00,698
58.222,16.58,0.10,1.14,15.18,4.43,0.00,697
58.238,16.68,0.11,1.06,15.28,4.42,0.00,695
58.255,16.69,0.10,1.08,15.22,4.42,0.00,691
58.272,16.65,0.12,1.09,15.26,4.41,0.00,690
58.288,16.65,0.10,1.09,15.27,4.43,0.00,689
58.305,16.67,0.09,1.09,15.22,4.41,0.00,689
58.322,16.67,0.13,1.12,15.21,4.39,0.00,688
58.338,16.67,0.09,1.06,15.24,4.39,0.00,687
58.355,16.67,0.10,1.08,15.21,4.37,0.00,687
58.372,16.68,0.11,1.08,15.22,4.35,0.00,687
58.388,16.67,0.15,1.08,15.16,4.37,0.00,687
58.405,16.66,0.11,1.04,15.30,3.96,0.00,687
58.422,16.67,0.16,1.07,15.21,3.96,0.00,685
58.438,16.67,0.11,1.06,15.32,3.94,0.00,684
58.455,16.67,0.13,1.42,14.84,3.93,0.00,738
58.472,16.76,0.12,1.39,14.83,4.83,0.00,738
58.488,16.66,0.13,1.42,14.86,4.82,0.00,739
58.505,16.59,0.13,1.44,14.85,4.78,0.00,723
58.522,16.66,0.11,1.45,14.80,4.77,0.00,721
58.538,16.74,0.12,1.40,14.77,4.75,0.00,722
58.555,16.68,0.12,1.36,14.88,4.74,0.00,719
58.572,16.59,0.12,1.39,14.97,4.73,0.00,718
58.588,16.67,0.13,1.39,14.97,4.74,0.00,718
58.605,16.67,0.12,1.41,14.87,4.73,0.00,719
58.622,16.68,0.16,1.41,14.89,4.72,0.00,720
58.638,16.66,0.12,1.39,14.92,4.73,0.00,721
58.655,16.68,0.12,1.40,14.98,4.75,0.00,721
58.672,16.68,0.12,1.39,14.88,4.75,0.00,722
58.688,16.65,0.14,1.40,14.86,4.74,0.00,719
58.705,16.77,0.12,1.41,14.77,4.74,0.00,714
58.722,16.57,0.14,1.42,14.84,4.72,0.00,718
58.738,16.67,0.12,1.43,14.84,4.78,0.00,717
58.755,16.67,0.16,1.39,14.85,4.77,0.00,714
58.772,16.67,0.18,1.42,14.80,4.78,0.00,713
58.788,16.66,0.11,1.47,14.71,4.80,0.00,708
58.805,16.72,0.11,1.39,14.87,4.82,0.00,709
58.822,16.61,0.11,1.43,14.88,4.82,0.00,708
58.838,16.74,0.11,1.39,14.85,4.83,0.00,706
58.855,16.69,0.11,1.20,14.99,4.81,0.00,697
58.872,16.58,0.12,1.17,15.07,4.26,0.00,695
58.888,16.69,0.11,1.11,15.20,4.25,0.00,691
58.905,16.63,0.15,1.48,14.77,4.26,0.00,716
58.922,16.68,0.13,1.37,14.93,4.32,0.00,718
58.938,16.68,0.15,1.41,14.82,4.34,0.00,721
58.955,16.66,0.13,1.42,14.82,4.36,0.00,720
58.972,16.73,0.14,1.45,14.76,4.36,0.00,720
58.988,16.60,0.14,1.46,14.81,4.38,0.00,719
59.005,16.74,0.13,1.46,14.74,4.41,0.00,718
59.022,16.60,0.14,1.43,14.77,4.42,0.00,714
59.039,16.82,0.14,1.47,14.63,4.42,0.00,714
59.055,16.51,0.15,1.45,14.82,4.44,0.00,715
59.072,16.74,0.14,1.47,14.73,4.44,0.00,714
59.088,16.59,0.14,1.44,14.84,4.47,0.00,712
59.105,16.68,0.16,1.46,14.77,4.48,0.00,709
59.122,16.73,0.13,1.45,14.75,4.47,0.00,710
59.138,16.63,0.15,1.46,14.78,4.47,0.00,712
59.155,16.64,0.15,1.46,14.84,4.15,0.00,717
59.172,16.66,0.13,1.46,14.94,4.16,0.00,717
59.188,16.65,0.14,1.48,14.81,4.18,0.00,720
59.205,16.70,0.20,1.46,14.76,4.19,0.00,720
59.222,16.68,0.13,1.48,14.77,4.20,0.00,722
59.238,16.66,0.13,1.45,14.79,4.20,0.00,721
59.255,16.75,0.13,1.44,14.83,4.18,0.00,724
59.272,16.59,0.13,1.46,14.86,4.23,0.00,725
59.289,16.75,0.13,1.45,14.80,4.23,0.00,726
59.305,16.58,0.13,1.46,14.92,4.23,0.00,725
59.322,16.68,0.14,1.48,14.77,4.23,0.00,724
59.338,16.66,0.13,1.45,14.81,4.22,0.00,728
59.355,16.67,0.17,1.44,14.78,4.27,0.00,731
59.372,16.74,0.16,1.46,14.71,4.27,0.00,733
59.388,16.60,0.16,1.43,14.79,4.27,0.00,734
59.405,16.66,0.12,1.46,14.89,4.26,0.00,734
59.422,16.67,0.15,1.47,14.78,4.27,0.00,736
59.438,16.67,0.13,1.46,14.81,4.29,0.00,737
59.455,16.67,0.13,1.44,14.83,4.29,0.00,737
59.472,16.67,0.16,1.45,14.75,4.29,0.00,736
59.488,16.69,0.13,1.44,14.99,4.27,0.00,735
59.505,16.69,0.11,1.47,14.83,4.25,0.00,736
59.522,16.63,0.10,1.43,14.95,4.32,0.00,736
59.538,16.67,0.10,1.45,14.80,4.31,0.00,736
59.555,16.68,0.10,1.47,14.88,4.31,0.00,738
59.572,16.65,0.10,1.47,14.85,4.31,0.00,738
59.588,16.69,0.11,1.44,14.91,4.32,0.00,741
59.605,16.65,0.14,1.41,14.85,4.33,0.00,742
59.622,16.68,0.11,1.35,14.94,4.35,0.00,742
59.638,16.67,0.13,1.38,14.90,4.35,0.00,741
59.655,16.67,0.10,1.37,15.01,4.34,0.00,739
59.672,16.68,0.10,1.38,14.97,4.33,0.00,738
59.688,16.65,0.13,1.39,14.98,4.32,0.00,737
59.705,16.68,0.13,1.37,14.90,4.37,0.00,736
59.722,16.67,0.12,1.36,14.96,4.36,0.00,738
59.738,16.65,0.13,1.38,15.04,4.37,0.00,739
59.755,16.65,0.09,1.34,15.09,4.37,0.00,736
59.772,16.70,0.10,1.35,15.05,4.37,0.00,736
59.788,16.63,0.11,1.37,15.00,4.38,0.00,733
59.805,16.69,0.10,1.33,15.00,4.39,0.00,730
59.822,16.68,0.11,1.36,14.91,4.38,0.00,728
59.839,16.74,0.10,1.35,14.83,4.37,0.00,723
59.855,16.62,0.13,1.37,15.04,4.37,0.00,721
59.872,16.67,0.10,1.16,15.23,4.40,0.00,720
59.888,16.61,0.09,1.40,14.94,4.41,0.00,721
59.905,16.69,0.12,1.36,15.08,4.39,0.00,721
59.922,16.69,0.09,1.44,14.88,4.35,0.00,718
59.938,16.64,0.11,1.35,14.98,4.38,0.00,717
59.955,16.67,0.09,1.26,15.14,4.37,0.00,715
59.972,16.82,0.10,1.27,14.90,3.98,0.00,714
59.988,16.53,0.24,1.31,14.84,3.97,0.00,729
60.005,16.66,0.10,1.32,15.02,4.07,0.00,738
60.022,16.68,0.10,1.33,14.94,4.20,0.00,738
60.038,16.67,0.10,1.30,15.07,4.19,0.00,736
60.055,16.65,0.09,1.32,14.94,4.21,0.00,736
60.072,16.68,0.13,1.33,14.99,4.20,0.00,735
60.089,16.73,0.10,1.33,14.89,4.20,0.00,735
60.105,16.61,0.12,1.33,15.03,4.20,0.00,734
60.122,16.66,0.10,1.39,14.89,4.19,0.00,733
60.138,16.68,0.11,1.30,15.02,4.20,0.00,732
60.155,16.67,0.09,1.30,15.14,4.20,0.00,731
60.172,16.65,0.10,1.45,14.99,4.16,0.00,731
60.188,16.66,0.09,1.30,15.02,4.15,0.00,730
60.205,16.75,0.10,1.28,15.10,4.14,0.00,728
60.222,16.60,0.10,1.31,15.02,4.13,0.00,728
60.239,16.67,0.09,1.28,15.01,4.13,0.00,728
60.255,16.66,0.09,1.30,15.15,4.12,0.00,729
60.272,16.67,0.09,1.31,15.04,4.09,0.00,728
60.289,16.67,0.11,1.29,15.19,4.09,0.00,727
60.305,16.70,0.10,1.32,15.01,4.05,0.00,727
60.322,16.63,0.10,1.34,14.99,4.07,0.00,724
60.339,16.68,0.10,1.28,15.01,4.05,0.00,724
60.355,16.66,0.10,1.26,14.97,4.05,0.00,722
60.372,16.68,0.09,1.28,15.02,4.01,0.00,719
60.389,16.66,0.17,1.27,15.08,3.99,0.00,717
60.405,16.69,0.14,1.25,14.98,3.99,0.00,707
60.422,16.66,0.09,0.90,15.46,3.55,0.00,695
60.439,16.66,0.09,0.89,15.44,3.53,0.00,695
60.455,16.68,0.11,0.93,15.46,3.52,0.00,688
60.472,16.66,0.10,0.92,15.45,3.51,0.00,687
60.489,16.66,0.09,0.94,15.40,3.51,0.00,685
60.505,16.68,0.11,0.92,15.46,3.51,0.00,684
60.522,16.65,0.09,0.91,15.41,3.48,0.00,682
60.539,16.68,0.11,0.92,15.50,3.47,0.00,676
60.555,16.66,0.09,0.91,15.42,3.46,0.00,674
60.572,16.68,0.16,0.96,15.25,3.44,0.00,672
60.589,16.65,0.09,0.89,15.47,3.47,0.00,667
60.605,16.67,0.09,0.90,15.37,3.43,0.00,650
60.622,16.73,0.09,0.89,15.27,3.42,0.00,645
60.639,16.67,0.10,0.89,15.34,3.38,0.00,642
60.655,16.62,0.10,0.89,15.38,3.38,0.00,640
60.672,16.67,0.09,0.89,15.44,3.38,0.00,639
60.689,16.65,0.11,0.89,15.39,3.37,0.00,635
60.705,16.68,0.09,0.89,15.37,3.35,0.00,630
60.722,16.71,0.10,0.89,15.33,3.35,0.00,627
60.739,16.63,0.11,0.87,15.35,3.34,0.00,622
60.755,16.73,0.09,0.90,15.39,3.35,0.00,614
60.772,16.60,0.10,0.88,15.42,3.33,0.00,611
60.789,16.68,0.10,0.90,15.51,3.33,0.00,605
60.805,16.63,0.09,0.91,15.43,3.31,0.00,599
60.822,16.71,0.16,1.12,15.10,3.30,0.00,651
60.839,16.67,0.14,1.12,15.09,4.16,0.00,640
60.855,16.67,0.16,1.11,15.11,4.13,0.00,633
60.872,16.69,0.14,0.84,15.38,4.11,0.00,600
60.889,16.64,0.15,0.84,15.44,4.09,0.00,597
60.905,16.67,0.17,0.83,15.37,4.08,0.00,597
60.922,16.67,0.17,0.85,15.54,4.07,0.00,597
60.939,16.68,0.15,0.87,15.36,4.13,0.00,598
60.955,16.64,0.14,0.88,15.40,4.15,0.00,627
60.972,16.76,0.15,0.87,15.30,4.20,0.00,626
60.989,16.58,0.13,0.87,15.38,4.20,0.00,628
61.005,16.72,0.15,0.87,15.46,4.22,0.00,628
61.022,16.60,0.14,0.86,15.45,4.20,0.00,628
61.039,16.67,0.15,0.86,15.38,4.21,0.00,627
61.055,16.68,0.13,0.85,15.38,4.19,0.00,627
61.072,16.75,0.14,0.91,15.33,4.17,0.00,626
61.089,16.57,0.14,0.86,15.37,4.16,0.00,627
61.105,16.67,0.14,0.87,15.39,4.18,0.00,628
61.122,16.67,0.15,0.86,15.39,4.17,0.00,627
61.139,16.67,0.16,0.86,15.35,4.16,0.00,627
61.155,16.74,0.12,0.88,15.38,4.15,0.00,624
61.172,16.59,0.10,0.87,15.47,4.13,0.00,623
61.189,16.67,0.11,0.88,15.44,4.16,0.00,621
61.205,16.68,0.11,0.87,15.43,4.14,0.00,622
61.222,16.66,0.11,0.86,15.53,4.12,0.00,623
61.239,16.68,0.14,0.86,15.33,3.54,0.00,623
61.255,16.72,0.10,0.86,15.45,3.53,0.00,622
61.272,16.61,0.11,0.90,15.42,3.52,0.00,625
61.289,16.83,0.10,0.86,15.32,3.53,0.00,624
61.305,16.54,0.10,0.92,15.43,3.52,0.00,623
61.322,16.64,0.12,0.86,15.54,3.52,0.00,623
61.339,16.69,0.16,0.90,15.31,3.50,0.00,622
61.355,16.72,0.14,0.85,15.34,3.50,0.00,623
61.372,16.65,0.10,0.85,15.38,3.52,0.00,622
61.389,16.70,0.13,0.85,15.33,3.51,0.00,621
61.405,16.58,0.10,0.87,15.39,3.49,0.00,621
61.422,16.73,0.10,0.86,15.48,3.49,0.00,621
61.439,16.69,0.13,0.85,15.44,3.48,0.00,623
61.455,16.59,0.10,0.87,15.41,3.51,0.00,623
61.472,16.73,0.12,0.84,15.33,3.49,0.00,623
61.489,16.60,0.10,0.85,15.43,3.50,0.00,622
61.505,16.67,0.10,0.86,15.49,3.49,0.00,622
61.522,16.66,0.11,0.84,15.35,3.49,0.00,623
61.539,16.72,0.10,0.84,15.37,3.51,0.00,625
61.555,16.67,0.10,0.85,15.39,3.51,0.00,624
61.572,16.80,0.10,0.84,15.25,3.51,0.00,623
61.589,16.50,0.10,0.84,15.43,3.50,0.00,622
61.605,16.72,0.10,0.86,15.35,3.50,0.00,621
61.622,16.60,0.15,0.84,15.50,3.50,0.00,622
61.639,16.67,0.14,0.84,15.38,3.53,0.00,620
61.655,16.75,0.09,0.84,15.39,3.51,0.00,624
61.672,16.60,0.09,0.82,15.53,3.53,0.00,622
61.689,16.66,0.09,0.85,15.53,3.51,0.00,623
61.705,16.67,0.15,0.87,15.42,3.51,0.00,623
61.722,16.74,0.09,0.85,15.36,3.53,0.00,620
61.739,16.60,0.13,0.85,15.41,3.54,0.00,620
61.755,16.66,0.12,0.83,15.49,3.53,0.00,622
61.772,16.66,0.11,0.86,15.47,3.52,0.00,622
61.789,16.67,0.11,0.85,15.43,3.52,0.00,624
61.805,16.68,0.09,0.83,15.65,3.55,0.00,624
61.822,16.72,0.10,0.84,15.60,3.54,0.00,623
61.839,16.66,0.10,0.87,15.71,3.54,0.00,626
61.855,16.80,0.09,0.85,15.46,3.53,0.00,625
61.872,16.56,0.10,0.88,15.37,3.52,0.00,626
61.889,16.62,0.11,0.82,15.60,3.54,0.00,627
61.905,16.66,0.09,0.85,15.52,3.55,0.00,624
61.922,16.67,0.09,0.83,15.61,3.53,0.00,623
61.939,16.66,0.09,0.92,15.68,3.51,0.00,623
61.955,16.81,0.10,0.82,15.45,3.50,0.00,622
61.972,16.51,0.11,0.82,15.69,3.49,0.00,623
61.989,16.78,0.27,0.97,15.30,3.50,0.00,700
62.005,16.71,0.10,1.02,15.31,3.77,0.00,715
62.022,16.57,0.10,0.96,15.59,3.88,0.00,713
62.039,16.81,0.10,0.98,15.49,3.91,0.00,714
62.056,16.71,0.12,0.99,15.24,3.90,0.00,714
62.072,16.47,0.07,0.73,15.78,3.92,0.00,712
62.089,16.72,0.10,1.03,15.25,3.92,0.00,712
62.105,16.59,0.15,0.94,15.43,3.90,0.00,712
62.122,16.64,0.11,0.99,15.36,3.89,0.00,711
62.139,16.71,0.11,0.96,15.55,3.88,0.00,709
62.155,16.75,0.10,0.97,15.25,3.89,0.00,710
62.172,16.59,0.12,0.98,15.48,3.87,0.00,709
62.189,16.70,0.09,0.96,15.35,3.86,0.00,707
62.205,16.62,0.11,0.96,15.39,3.85,0.00,701
62.222,16.67,0.11,0.94,15.43,3.82,0.00,700
62.239,16.75,0.10,0.96,15.36,3.81,0.00,697
62.255,16.60,0.09,0.90,15.47,3.83,0.00,695
62.272,16.65,0.10,0.90,15.47,3.80,0.00,691
62.289,16.67,0.09,0.92,15.46,3.78,0.00,687
62.305,16.66,0.09,0.89,15.46,3.76,0.00,682
62.322,16.67,0.11,0.89,15.45,3.75,0.00,678
62.339,16.67,0.14,0.88,15.43,3.49,0.00,678
62.355,16.67,0.12,0.90,15.42,3.48,0.00,676
62.372,16.68,0.10,0.86,15.44,3.47,0.00,675
62.389,16.68,0.13,0.88,15.44,3.46,0.00,672
62.405,16.64,0.10,0.86,15.48,3.45,0.00,671
62.422,16.68,0.13,0.87,15.61,3.47,0.00,671
62.439,16.76,0.10,0.96,15.38,3.45,0.00,670
62.455,16.55,0.10,0.94,15.40,3.41,0.00,671
62.472,16.68,0.10,0.86,15.40,3.43,0.00,668
62.489,16.75,0.10,0.89,15.35,3.42,0.00,668
62.505,16.60,0.10,0.88,15.52,3.43,0.00,666
62.522,16.69,0.11,0.90,15.44,3.43,0.00,666
62.539,16.64,0.10,0.92,15.50,3.42,0.00,665
62.555,16.68,0.09,0.87,15.41,3.41,0.00,662
62.572,16.65,0.13,0.91,15.39,3.40,0.00,662
62.589,16.74,0.14,0.89,15.35,3.41,0.00,660
62.605,16.59,0.11,0.86,15.56,3.42,0.00,656
62.622,16.65,0.10,0.87,15.58,3.41,0.00,656
62.639,16.67,0.11,0.91,15.44,3.41,0.00,654
62.655,16.68,0.11,0.88,15.50,3.40,0.00,652
62.672,16.67,0.10,0.86,15.50,3.39,0.00,651
62.689,16.67,0.10,0.88,15.47,3.41,0.00,650
62.705,16.66,0.11,0.89,15.40,3.41,0.00,649
62.722,16.69,0.09,0.89,15.34,3.40,0.00,648
62.739,16.66,0.11,0.86,15.36,3.39,0.00,644
62.755,16.67,0.11,0.89,15.46,3.38,0.00,642
62.772,16.65,0.09,0.88,15.42,3.40,0.00,639
62.789,16.73,0.12,0.71,15.52,3.40,0.00,637
62.805,16.61,0.10,0.66,15.62,3.39,0.00,635
62.822,16.67,0.15,0.70,15.57,3.37,0.00,633
62.839,16.68,0.10,0.71,15.57,3.37,0.00,630
62.855,16.67,0.10,0.71,15.57,3.39,0.00,629
62.872,16.73,0.09,0.70,15.47,3.37,0.00,629
62.889,16.61,0.13,0.68,15.64,3.36,0.00,629
62.905,16.65,0.09,0.69,15.63,3.35,0.00,628
62.922,16.68,0.13,0.71,15.65,3.35,0.00,626
62.939,16.66,0.11,0.70,15.57,3.33,0.00,625
62.955,16.67,0.09,0.70,15.59,3.35,0.00,624
62.972,16.67,0.13,0.72,15.53,3.33,0.00,623
62.989,16.67,0.09,0.70,15.58,3.32,0.00,621
63.005,16.67,0.13,0.72,15.61,3.31,0.00,619
63.022,16.70,0.16,0.76,15.53,3.30,0.00,618
63.039,16.62,0.09,0.69,15.65,3.31,0.00,618
63.055,16.68,0.09,0.69,15.63,3.30,0.00,613
63.072,16.67,0.09,0.69,15.59,3.29,0.00,612
63.089,16.73,0.09,0.71,15.51,3.29,0.00,609
63.105,16.66,0.12,0.99,15.25,3.28,0.00,652
63.122,16.62,0.12,1.07,15.32,4.13,0.00,651
63.139,16.63,0.12,1.02,15.38,4.07,0.00,649
63.155,16.69,0.17,1.02,15.17,4.11,0.00,648
63.172,16.75,0.11,1.01,15.25,4.10,0.00,644
63.189,16.59,0.12,1.02,15.28,4.08,0.00,642
63.205,16.68,0.11,1.02,15.30,4.10,0.00,643
63.222,16.67,0.12,1.07,15.27,4.09,0.00,646
63.239,16.75,0.13,1.02,15.12,4.08,0.00,641
63.255,16.58,0.13,1.04,15.31,4.08,0.00,637
63.272,16.68,0.18,1.08,15.24,4.07,0.00,638
63.289,16.62,0.12,1.05,15.25,4.10,0.00,640
63.306,16.78,0.11,1.04,15.18,4.11,0.00,638
63.322,16.66,0.10,1.02,15.19,4.11,0.00,638
63.339,16.61,0.12,1.07,15.35,4.09,0.00,637
63.355,16.66,0.12,1.07,15.31,4.11,0.00,639
63.372,16.65,0.10,1.12,15.22,4.14,0.00,638
63.389,16.69,0.14,1.05,15.24,4.14,0.00,638
63.405,16.65,0.12,1.07,15.34,4.15,0.00,638
63.422,16.64,0.10,1.07,15.28,4.15,0.00,641
63.439,16.72,0.17,1.07,14.96,4.15,0.00,641
63.455,16.64,0.09,0.80,15.55,4.18,0.00,643
63.472,16.68,0.12,1.04,15.21,4.19,0.00,641
63.489,16.66,0.18,1.05,15.18,4.19,0.00,640
63.506,16.74,0.12,1.04,15.32,4.19,0.00,635
63.522,16.65,0.16,1.11,15.01,3.58,0.00,636
63.539,16.63,0.08,0.80,15.43,3.72,0.00,635
63.555,16.66,0.08,0.78,15.46,3.73,0.00,633
63.572,16.72,0.08,0.79,15.27,3.74,0.00,660
63.589,16.61,0.08,0.79,15.34,3.81,0.00,663
63.605,16.67,0.08,0.79,15.32,3.83,0.00,664
63.622,16.73,0.09,0.77,15.28,3.78,0.00,666
63.639,16.60,0.07,0.77,15.33,3.79,0.00,669
63.655,16.67,0.07,0.82,15.25,3.79,0.00,669
63.672,16.66,0.07,0.77,15.33,3.80,0.00,672
63.689,16.74,0.08,0.80,15.53,3.81,0.00,674
63.705,16.60,0.13,1.10,15.21,3.86,0.00,673
63.722,16.67,0.09,1.03,15.22,3.86,0.00,674
63.739,16.68,0.10,1.02,15.25,3.87,0.00,675
63.755,16.67,0.17,1.06,15.17,3.87,0.00,675
63.772,16.67,0.16,1.04,15.26,3.86,0.00,675
63.789,16.66,0.10,1.08,15.21,3.89,0.00,674
63.805,16.67,0.11,1.05,15.23,3.90,0.00,673
63.822,16.77,0.09,1.06,15.17,3.90,0.00,673
63.839,16.57,0.11,1.04,15.37,3.90,0.00,675
63.855,16.64,0.09,1.04,15.30,3.89,0.00,677
63.872,16.77,0.09,1.04,15.18,3.92,0.00,677
63.889,16.60,0.10,1.04,15.26,3.91,0.00,678
63.905,16.67,0.14,1.05,15.20,3.90,0.00,678
63.922,16.71,0.12,1.02,15.21,3.90,0.00,678
63.939,16.62,0.11,1.04,15.38,3.89,0.00,679
63.955,16.65,0.09,0.94,15.38,3.92,0.00,680
63.972,16.68,0.09,0.98,15.26,3.91,0.00,680
63.989,16.70,0.25,1.07,15.09,3.90,0.00,702
64.005,16.64,0.14,1.08,15.21,4.01,0.00,706
64.022,16.68,0.10,1.08,15.26,4.06,0.00,705
64.039,16.65,0.09,1.06,15.32,4.07,0.00,705
64.055,16.66,0.11,1.12,15.18,4.06,0.00,705
64.072,16.68,0.11,1.05,15.23,4.03,0.00,702
64.089,16.67,0.11,1.07,15.21,4.03,0.00,701
64.105,16.66,0.12,1.07,15.20,4.01,0.00,700
64.122,16.74,0.09,1.07,15.15,4.02,0.00,698
64.139,16.61,0.15,1.07,15.18,4.02,0.00,698
64.156,16.67,0.11,1.04,15.31,4.00,0.00,696
64.172,16.66,0.09,1.05,15.38,4.00,0.00,697
64.189,16.67,0.13,1.09,15.21,3.98,0.00,696
64.206,16.68,0.10,1.03,15.22,3.98,0.00,695
64.222,16.68,0.09,0.99,15.30,3.96,0.00,693
64.239,16.66,0.09,1.01,15.25,3.97,0.00,694
64.256,16.74,0.10,1.02,15.34,3.95,0.00,694
64.272,16.58,0.16,1.35,14.97,3.94,0.00,747
64.289,16.68,0.14,1.34,14.91,4.84,0.00,748
64.306,16.67,0.16,1.33,14.94,4.81,0.00,747
64.322,16.66,0.14,1.33,14.90,4.81,0.00,741
64.339,16.72,0.14,1.32,14.87,4.80,0.00,740
64.356,16.64,0.16,1.36,14.83,4.80,0.00,737
64.372,16.73,0.15,1.34,14.92,4.78,0.00,737
64.389,16.68,0.15,1.38,14.79,4.78,0.00,734
64.406,16.58,0.14,1.37,14.98,4.78,0.00,734
64.422,16.66,0.14,1.35,14.92,4.79,0.00,732
64.439,16.68,0.15,1.37,14.99,4.81,0.00,732
64.456,16.64,0.16,1.41,14.90,4.83,0.00,728
64.472,16.68,0.11,1.35,14.94,4.81,0.00,722
64.489,16.68,0.13,1.37,14.90,4.82,0.00,718
64.506,16.67,0.12,1.34,14.93,4.80,0.00,712
64.522,16.67,0.16,1.37,14.95,4.80,0.00,710
64.539,16.65,0.15,1.38,14.98,4.87,0.00,709
64.556,16.67,0.13,1.33,15.06,4.85,0.00,710
64.572,16.69,0.11,1.39,14.93,4.85,0.00,706
64.589,16.65,0.14,1.37,14.88,4.84,0.00,707
64.606,16.67,0.17,1.37,14.83,4.84,0.00,706
64.622,16.72,0.15,1.36,14.83,4.36,0.00,707
64.639,16.63,0.10,1.31,15.01,4.36,0.00,710
64.656,16.65,0.12,1.35,14.97,4.36,0.00,710
64.672,16.67,0.19,1.34,14.92,4.36,0.00,708
64.689,16.67,0.13,1.33,15.09,3.77,0.00,707
64.706,16.67,0.12,1.37,14.96,3.81,0.00,709
64.722,16.66,0.10,1.34,14.99,3.76,0.00,709
64.739,16.68,0.11,1.37,14.89,3.78,0.00,706
64.756,16.72,0.10,1.34,14.88,3.77,0.00,705
64.772,16.61,0.12,1.36,14.98,3.76,0.00,704
64.789,16.66,0.10,1.41,14.94,3.79,0.00,701
64.806,16.66,0.10,1.35,15.01,3.77,0.00,700
64.822,16.67,0.10,1.38,14.94,3.76,0.00,700
64.839,16.68,0.14,1.36,14.92,3.75,0.00,700
64.856,16.67,0.14,1.54,14.76,3.74,0.00,715
64.872,16.66,0.15,1.48,14.92,3.77,0.00,714
64.889,16.68,0.13,1.60,14.78,3.76,0.00,713
64.906,16.64,0.13,1.54,14.87,3.76,0.00,712
64.922,16.67,0.13,1.57,14.83,3.78,0.00,711
64.939,16.65,0.13,1.49,14.91,3.78,0.00,710
64.956,16.66,0.12,1.54,14.76,3.82,0.00,710
64.972,16.71,0.11,1.48,14.92,3.81,0.00,707
64.989,16.64,0.11,1.50,14.77,3.80,0.00,707
65.006,16.71,0.12,1.50,14.80,3.80,0.00,705
65.022,16.66,0.12,1.50,14.84,3.81,0.00,704
65.039,16.66,0.14,1.51,14.74,3.83,0.00,700
65.056,16.68,0.14,1.47,14.78,3.84,0.00,694
65.072,16.75,0.10,1.19,15.02,3.83,0.00,676
65.089,16.64,0.10,1.17,15.04,3.83,0.00,675
65.106,16.68,0.10,1.20,15.02,3.83,0.00,675
65.122,16.60,0.12,1.21,15.05,3.87,0.00,677
65.139,16.67,0.11,1.20,15.09,3.87,0.00,681
65.156,16.73,0.14,1.20,15.05,3.88,0.00,681
65.172,16.60,0.11,1.21,15.12,3.88,0.00,682
65.189,16.68,0.12,1.24,15.13,3.89,0.00,682
65.206,16.65,0.10,1.26,15.18,3.93,0.00,683
65.222,16.66,0.10,1.23,15.05,3.93,0.00,687
65.239,16.74,0.10,1.20,15.04,3.95,0.00,690
65.256,16.61,0.11,1.20,15.11,3.95,0.00,694
65.272,16.67,0.14,1.21,15.20,3.96,0.00,695
65.289,16.68,0.10,1.22,15.11,3.96,0.00,694
65.306,16.65,0.09,1.22,15.11,4.00,0.00,695
65.322,16.67,0.18,1.26,14.93,4.01,0.00,698
65.339,16.67,0.10,1.24,15.11,4.02,0.00,698
65.356,16.67,0.17,1.24,14.99,4.03,0.00,698
65.372,16.74,0.10,1.22,15.01,4.06,0.00,699
65.389,16.60,0.11,1.23,15.08,4.07,0.00,699
65.406,16.66,0.10,1.26,15.14,4.06,0.00,700
65.422,16.67,0.16,1.26,15.01,4.07,0.00,701
65.439,16.68,0.10,1.20,15.14,4.05,0.00,702
65.456,16.66,0.11,1.26,15.03,4.13,0.00,702
65.472,16.68,0.11,1.22,15.17,4.13,0.00,703
65.489,16.68,0.11,1.24,15.00,4.14,0.00,706
65.506,16.65,0.16,1.24,15.04,4.14,0.00,707
65.522,16.66,0.13,1.22,15.11,4.16,0.00,707
65.539,16.69,0.10,1.24,15.03,4.14,0.00,706
65.556,16.65,0.12,1.23,15.07,4.15,0.00,708
65.572,16.68,0.14,1.21,15.07,4.15,0.00,709
65.589,16.67,0.09,1.22,15.13,4.15,0.00,709
65.606,16.66,0.10,1.23,15.07,4.14,0.00,708
65.622,16.68,0.10,1.22,15.09,4.13,0.00,707
65.639,16.73,0.14,1.21,14.95,4.16,0.00,707
65.656,16.68,0.09,1.22,14.98,4.16,0.00,707
65.672,16.59,0.10,1.20,15.12,4.16,0.00,706
65.689,16.67,0.09,1.24,15.14,4.14,0.00,703
65.706,16.66,0.09,1.21,15.07,4.14,0.00,699
65.722,16.76,0.12,1.25,14.93,4.15,0.00,697
65.739,16.59,0.09,1.16,15.18,4.13,0.00,695
65.756,16.66,0.09,1.18,15.14,4.12,0.00,693
65.772,16.73,0.11,1.16,15.12,4.12,0.00,691
65.789,16.60,0.11,1.13,15.18,3.73,0.00,691
65.806,16.77,0.09,1.17,15.11,3.75,0.00,690
65.822,16.57,0.09,1.12,15.44,3.70,0.00,689
65.839,16.77,0.09,1.15,15.12,3.74,0.00,689
65.856,16.59,0.14,1.16,14.71,3.73,0.00,687
65.872,16.63,0.05,0.59,15.40,3.70,0.00,687
65.889,16.73,0.05,0.59,15.42,3.73,0.00,690
65.906,16.60,0.05,0.60,15.36,3.71,0.00,688
65.922,16.71,0.05,0.60,15.37,3.71,0.00,688
65.939,16.63,0.05,0.58,15.50,3.69,0.00,687
65.956,16.73,0.05,0.57,15.35,3.67,0.00,689
65.972,16.66,0.05,0.54,15.70,3.70,0.00,689
65.989,16.62,0.17,0.91,15.16,3.68,0.00,715
66.006,16.70,0.07,0.89,15.20,3.85,0.00,727
66.022,16.64,0.07,0.85,15.29,3.98,0.00,725
66.039,16.78,0.08,0.93,15.04,3.97,0.00,725
66.056,16.54,0.08,0.96,15.29,3.99,0.00,724
66.072,16.68,0.08,0.89,15.47,3.99,0.00,725
66.089,16.67,0.11,0.95,15.37,3.98,0.00,724
66.106,16.74,0.08,0.95,15.46,4.02,0.00,724
66.122,16.61,0.10,1.21,15.31,3.96,0.00,723
66.139,16.74,0.11,1.40,15.09,4.01,0.00,722
66.156,16.75,0.13,1.36,14.87,3.95,0.00,722
66.172,16.54,0.13,1.35,14.97,3.95,0.00,721
66.189,16.59,0.09,1.36,15.17,3.98,0.00,721
66.206,16.78,0.10,1.33,15.03,3.96,0.00,717
66.222,16.59,0.09,1.30,15.22,3.97,0.00,716
66.239,16.74,0.09,1.08,15.30,3.98,0.00,701
66.256,16.60,0.09,1.06,15.44,3.96,0.00,700
66.272,16.75,0.10,0.97,15.48,3.95,0.00,700
66.289,16.69,0.10,0.98,15.51,3.91,0.00,695
66.306,16.74,0.09,1.23,15.09,3.92,0.00,693
66.322,16.55,0.10,1.01,15.40,3.91,0.00,692
66.339,16.67,0.12,1.08,15.30,3.91,0.00,688
66.356,16.63,0.13,0.91,15.04,3.88,0.00,684
66.372,16.63,0.06,0.45,15.62,3.51,0.00,680
66.389,16.76,0.06,0.44,15.54,3.50,0.00,680
66.406,16.59,0.05,0.45,15.64,3.50,0.00,678
66.422,16.66,0.05,0.46,15.62,3.49,0.00,676
66.439,16.74,0.05,0.45,15.68,3.49,0.00,675
66.456,16.60,0.05,0.47,15.64,3.47,0.00,673
66.472,16.68,0.06,0.46,15.59,3.48,0.00,669
66.489,16.66,0.05,0.45,15.68,3.46,0.00,668
66.506,16.71,0.06,0.45,15.63,3.45,0.00,662
66.522,16.62,0.05,0.45,15.63,3.43,0.00,659
66.539,16.67,0.05,0.45,15.53,3.42,0.00,657
66.556,16.73,0.05,0.44,15.50,3.44,0.00,656
66.572,16.63,0.05,0.43,15.66,3.41,0.00,652
66.589,16.65,0.06,0.45,15.71,3.39,0.00,652
66.606,16.67,0.05,0.45,15.60,3.39,0.00,651
66.622,16.71,0.05,0.45,15.56,3.38,0.00,646
66.639,16.63,0.05,0.43,15.57,3.37,0.00,644
66.656,16.69,0.05,0.42,15.66,3.37,0.00,642
66.672,16.72,0.05,0.44,15.59,3.33,0.00,640
66.689,16.66,0.05,0.46,15.48,3.33,0.00,638
66.706,16.63,0.05,0.42,15.68,3.31,0.00,634
66.722,16.67,0.05,0.44,15.60,3.32,0.00,630
66.739,16.66,0.06,0.44,15.57,3.30,0.00,625
66.756,16.67,0.05,0.43,15.62,3.29,0.00,619
66.772,16.64,0.05,0.44,15.60,3.26,0.00,618
66.789,16.69,0.05,0.44,15.56,3.27,0.00,611
66.806,16.64,0.05,0.44,15.62,3.27,0.00,603
66.822,16.73,0.05,0.36,15.71,3.25,0.00,580
66.839,16.62,0.06,0.49,15.86,3.22,0.00,580
66.856,16.67,0.07,0.57,15.51,3.22,0.00,576
66.872,16.71,0.11,0.67,15.68,3.21,0.00,625
66.889,16.62,0.08,0.71,15.71,4.14,0.00,621
66.906,16.67,0.08,0.74,15.39,4.13,0.00,618
66.922,16.68,0.08,0.68,15.68,4.09,0.00,614
66.939,16.67,0.09,0.70,15.43,4.10,0.00,611
66.956,16.73,0.10,0.81,15.41,4.09,0.00,606
66.972,16.62,0.09,0.69,15.46,4.12,0.00,603
66.989,16.66,0.10,0.71,15.35,4.13,0.00,637
67.006,16.67,0.08,0.69,15.60,4.16,0.00,631
67.022,16.73,0.08,0.72,15.45,4.18,0.00,630
67.039,16.62,0.08,0.70,15.36,4.17,0.00,622
67.056,16.64,0.08,0.68,15.50,4.15,0.00,615
67.072,16.67,0.08,0.72,15.65,4.15,0.00,611
67.089,16.67,0.08,0.73,15.51,4.14,0.00,605
67.106,16.66,0.08,0.68,15.46,4.14,0.00,602
67.122,16.68,0.09,0.70,15.43,4.13,0.00,598
67.139,16.67,0.08,0.70,15.52,4.14,0.00,595
67.156,16.67,0.07,0.68,15.68,4.15,0.00,590
67.172,16.65,0.11,0.92,15.42,4.14,0.00,583
67.189,16.67,0.17,0.94,15.45,4.12,0.00,578
67.206,16.67,0.10,0.94,15.51,4.11,0.00,571
67.222,16.68,0.10,0.95,15.43,4.09,0.00,555
67.239,16.62,0.11,0.96,15.54,4.10,0.00,538
67.256,16.75,0.10,0.97,15.42,4.06,0.00,498
67.272,16.62,0.10,0.94,15.52,4.01,0.00,368
67.289,16.69,0.12,0.97,15.29,3.67,0.00,366
67.306,16.65,0.09,0.97,15.41,3.26,0.00,366
67.322,16.66,0.09,0.90,15.42,3.25,0.00,364
67.339,16.75,0.09,0.91,15.41,3.24,0.00,364
67.356,16.59,0.09,0.92,15.50,3.24,0.00,362
67.372,16.68,0.15,0.93,15.44,3.24,0.00,362
67.389,16.64,0.09,0.91,15.58,3.26,0.00,361
67.406,16.70,0.11,0.95,15.38,3.25,0.00,359
67.422,16.66,0.11,0.92,15.50,3.24,0.00,359
67.439,16.65,0.09,0.99,15.64,3.24,0.00,359
67.456,16.84,0.10,0.93,15.29,3.20,0.00,359
67.472,16.50,0.09,0.98,15.45,3.21,0.00,358
67.489,16.69,0.09,0.91,15.45,3.25,0.00,358
67.506,16.64,0.09,0.87,15.53,3.25,0.00,357
67.522,16.69,0.09,0.90,15.42,3.24,0.00,355
67.539,16.65,0.10,0.93,15.53,3.22,0.00,355
67.556,16.68,0.11,0.92,15.48,3.21,0.00,354
67.572,16.63,0.09,0.93,15.51,3.24,0.00,352
67.589,16.67,0.11,0.92,15.40,3.25,0.00,350
67.606,16.75,0.09,0.89,15.59,3.23,0.00,350
67.623,16.69,0.09,0.92,15.41,3.23,0.00,350
67.639,16.59,0.12,0.91,15.45,3.23,0.00,349
67.656,16.66,0.10,0.91,15.39,3.24,0.00,349
67.672,16.68,0.09,0.92,15.53,3.23,0.00,347
67.689,16.66,0.09,0.92,15.35,3.23,0.00,346
67.706,16.74,0.09,0.89,15.52,3.23,0.00,346
67.723,16.62,0.09,0.91,15.46,3.25,0.00,345
67.739,16.72,0.15,0.89,15.36,3.21,0.00,345
67.756,16.59,0.11,0.90,15.51,3.24,0.00,344
67.773,16.69,0.09,0.91,15.63,3.24,0.00,343
67.789,16.75,0.09,0.98,15.07,3.23,0.00,343
67.806,16.57,0.08,0.67,15.80,3.26,0.00,342
67.822,16.66,0.09,0.91,15.51,3.25,0.00,338
67.839,16.68,0.09,0.89,15.44,3.22,0.00,337
67.856,16.68,0.11,0.90,15.44,3.22,0.00,337
67.872,16.65,0.09,0.87,15.41,3.20,0.00,335
67.889,16.72,0.09,0.89,15.52,3.22,0.00,333
67.906,16.62,0.09,0.95,15.39,3.21,0.00,333
67.922,16.67,0.09,0.88,15.47,3.22,0.00,333
67.939,16.66,0.11,0.88,15.55,3.21,0.00,333
67.956,16.66,0.10,0.83,15.57,3.17,0.00,333
67.973,16.68,0.16,0.79,15.64,3.22,0.00,333
67.989,16.71,0.23,0.91,15.33,3.22,0.00,348
68.006,16.60,0.09,1.02,15.42,3.32,0.00,355
68.022,16.67,0.11,0.93,15.44,3.42,0.00,354
68.039,16.71,0.12,0.90,15.48,3.37,0.00,353
68.056,16.65,0.09,0.90,15.47,3.43,0.00,353
68.073,16.68,0.09,0.93,15.40,3.41,0.00,352
68.089,16.67,0.12,0.91,15.44,3.40,0.00,352
68.106,16.65,0.09,0.90,15.43,3.40,0.00,350
68.123,16.68,0.12,0.92,15.33,3.40,0.00,349
68.139,16.66,0.20,0.93,15.28,3.40,0.00,352
68.156,16.67,0.09,0.94,15.47,3.42,0.00,435
68.173,16.67,0.10,0.98,15.32,3.47,0.00,465
68.189,16.67,0.09,0.96,15.36,3.50,0.00,482
68.206,16.67,0.09,0.92,15.41,3.51,0.00,467
68.223,16.67,0.10,1.00,15.26,3.53,0.00,467
68.239,16.68,0.10,0.94,15.33,3.51,0.00,460
68.256,16.65,0.10,0.92,15.37,3.51,0.00,455
68.273,16.77,0.09,0.94,15.48,3.50,0.00,455
68.289,16.62,0.11,1.02,15.32,3.51,0.00,454
68.306,16.60,0.11,1.02,15.33,3.52,0.00,447
68.323,16.68,0.11,0.97,15.34,3.52,0.00,445
68.339,16.68,0.09,0.92,15.39,3.50,0.00,444
68.356,16.66,0.10,0.94,15.34,3.49,0.00,444
68.373,16.67,0.10,0.90,15.42,3.48,0.00,428
68.389,16.67,0.14,0.94,15.30,3.13,0.00,427
68.406,16.73,0.13,0.89,15.28,3.12,0.00,418
68.423,16.61,0.09,0.93,15.36,3.11,0.00,418
68.439,16.67,0.09,0.92,15.36,3.09,0.00,416
68.456,16.72,0.12,0.90,15.32,3.08,0.00,413
68.473,16.62,0.09,0.92,15.50,3.09,0.00,411
68.489,16.64,0.09,0.93,15.52,3.08,0.00,411
68.506,16.70,0.17,0.96,15.29,3.08,0.00,410
68.523,16.67,0.10,0.91,15.37,3.07,0.00,408
68.539,16.67,0.13,0.93,15.39,3.05,0.00,405
68.556,16.65,0.09,0.91,15.41,3.06,0.00,405
68.573,16.67,0.10,0.91,15.38,3.06,0.00,404
68.589,16.67,0.10,0.91,15.38,3.04,0.00,403
68.606,16.74,0.15,0.89,15.28,3.04,0.00,374
68.623,16.65,0.15,1.21,14.96,3.02,0.00,400
68.639,16.62,0.10,1.19,15.10,3.82,0.00,473
68.656,16.69,0.12,1.20,15.07,3.89,0.00,503
68.673,16.64,0.14,1.20,15.05,3.93,0.00,517
68.689,16.73,0.11,1.19,15.02,3.94,0.00,537
68.706,16.61,0.10,1.23,15.13,3.96,0.00,563
68.723,16.66,0.11,1.24,15.06,3.97,0.00,580
68.739,16.67,0.11,1.26,15.01,4.00,0.00,594
68.756,16.67,0.10,1.32,14.98,4.05,0.00,599
68.773,16.68,0.12,1.28,14.94,4.05,0.00,601
68.789,16.71,0.12,1.24,15.06,4.07,0.00,603
68.806,16.62,0.12,1.28,15.03,4.12,0.00,602
68.823,16.68,0.13,1.27,15.04,4.12,0.00,607
68.839,16.67,0.10,1.05,15.25,4.14,0.00,598
68.856,16.66,0.12,1.02,15.32,4.15,0.00,603
68.873,16.66,0.13,1.09,15.24,4.15,0.00,606
68.889,16.67,0.14,1.07,15.23,4.21,0.00,611
68.906,16.68,0.10,1.05,15.27,4.21,0.00,612
68.923,16.66,0.12,1.03,15.23,4.22,0.00,616
68.939,16.72,0.10,1.07,15.21,4.23,0.00,622
68.956,16.61,0.11,1.07,15.29,4.25,0.00,627
68.973,16.68,0.12,1.09,15.25,4.28,0.00,632
68.989,16.65,0.10,1.06,15.27,4.29,0.00,634
69.006,16.68,0.09,1.07,15.29,4.31,0.00,637
69.023,16.66,0.11,1.06,15.23,4.33,0.00,642
69.039,16.68,0.17,1.07,15.23,4.21,0.00,644
69.056,16.65,0.10,1.05,15.31,3.79,0.00,645
69.073,16.67,0.12,1.15,15.18,3.80,0.00,644
69.089,16.67,0.10,1.07,15.33,3.80,0.00,647
69.106,16.68,0.11,1.11,15.25,3.82,0.00,647
69.123,16.73,0.12,1.10,15.17,3.82,0.00,647
69.139,16.59,0.09,1.10,15.27,3.85,0.00,646
69.156,16.67,0.10,1.11,15.23,3.84,0.00,644
69.173,16.68,0.09,1.08,15.35,3.83,0.00,645
69.189,16.66,0.09,1.11,15.27,3.80,0.00,645
69.206,16.68,0.12,1.13,15.20,3.83,0.00,647
69.223,16.66,0.11,1.10,15.22,3.95,0.00,647
69.239,16.68,0.10,1.13,15.16,3.93,0.00,662
69.256,16.65,0.10,1.07,15.21,3.97,0.00,664
69.273,16.67,0.09,1.09,15.20,3.98,0.00,666
69.289,16.72,0.14,1.05,15.14,3.98,0.00,668
69.306,16.61,0.09,1.07,15.21,3.97,0.00,670
69.323,16.66,0.11,1.12,15.16,3.97,0.00,672
69.339,16.67,0.11,1.09,15.23,3.97,0.00,673
69.356,16.68,0.11,1.08,15.20,3.97,0.00,673
69.373,16.74,0.10,1.07,15.28,3.96,0.00,673
69.389,16.56,0.09,1.08,15.30,4.00,0.00,670
69.406,16.69,0.09,1.06,15.30,3.98,0.00,673
69.423,16.67,0.11,1.06,15.21,3.98,0.00,673
69.439,16.67,0.12,1.07,15.23,3.98,0.00,674
69.456,16.68,0.11,1.08,15.22,3.98,0.00,674
69.473,16.66,0.10,1.09,15.25,4.00,0.00,672
69.489,16.67,0.09,1.10,15.23,3.99,0.00,675
69.506,16.68,0.09,1.06,15.30,3.99,0.00,673
69.523,16.65,0.13,1.07,15.22,4.00,0.00,675
69.539,16.68,0.10,1.05,15.35,3.99,0.00,675
69.556,16.75,0.13,1.08,15.15,4.03,0.00,677
69.573,16.58,0.10,1.08,15.37,4.02,0.00,676
69.589,16.68,0.11,1.06,15.32,4.01,0.00,677
69.606,16.66,0.13,1.08,15.30,4.00,0.00,678
69.623,16.67,0.10,1.08,15.32,3.96,0.00,677
69.639,16.83,0.09,1.06,15.13,4.02,0.00,677
69.656,16.50,0.09,1.07,15.23,4.01,0.00,676
69.673,16.67,0.10,1.06,15.30,4.02,0.00,678
69.689,16.68,0.09,1.05,15.29,3.99,0.00,680
69.706,16.66,0.09,1.05,15.33,3.99,0.00,679
69.723,16.67,0.12,1.13,15.21,4.01,0.00,679
69.739,16.67,0.08,1.04,15.23,4.01,0.00,676
69.756,16.68,0.10,1.06,15.31,4.00,0.00,675
69.773,16.66,0.08,1.04,15.27,3.98,0.00,675
69.789,16.67,0.13,1.02,15.32,3.98,0.00,677
69.806,16.67,0.08,1.08,15.26,4.01,0.00,678
69.823,16.68,0.09,1.02,15.27,3.99,0.00,676
69.839,16.66,0.12,1.04,15.30,4.00,0.00,676
69.856,16.66,0.08,1.01,15.35,3.98,0.00,675
69.873,16.67,0.11,1.04,15.36,3.97,0.00,673
69.889,16.76,0.09,1.03,15.27,4.00,0.00,672
69.906,16.59,0.09,0.94,15.49,3.98,0.00,668
69.923,16.64,0.08,1.07,15.35,3.97,0.00,669
69.939,16.68,0.10,1.04,15.25,3.96,0.00,667
69.956,16.68,0.10,0.96,15.38,3.95,0.00,666
69.973,16.66,0.08,1.00,15.38,3.97,0.00,665
69.989,16.67,0.23,1.03,15.13,3.96,0.00,680
70.006,16.67,0.10,1.07,15.27,4.06,0.00,684
70.023,16.66,0.10,1.07,15.23,4.15,0.00,681
70.039,16.73,0.09,1.04,15.29,4.14,0.00,679
70.056,16.61,0.09,1.04,15.31,4.15,0.00,678
70.073,16.68,0.10,1.02,15.23,4.13,0.00,677
70.089,16.66,0.12,1.04,15.35,4.11,0.00,677
70.106,16.69,0.16,1.04,15.23,4.09,0.00,675
70.123,16.64,0.11,1.07,15.30,4.07,0.00,671
70.139,16.67,0.09,1.01,15.36,3.71,0.00,670
70.156,16.67,0.13,1.04,15.20,3.70,0.00,669
70.173,16.72,0.12,0.98,15.30,3.67,0.00,658
70.189,16.61,0.10,0.96,15.58,3.63,0.00,658
70.206,16.76,0.12,0.99,15.41,3.63,0.00,654
70.223,16.63,0.09,1.02,15.37,3.61,0.00,653
70.239,16.62,0.09,1.06,15.36,3.60,0.00,653
70.256,16.63,0.08,1.04,15.43,3.59,0.00,650
70.273,16.68,0.08,0.97,15.38,3.57,0.00,649
70.289,16.70,0.12,1.01,15.34,3.55,0.00,648
70.306,16.66,0.08,1.02,15.32,3.57,0.00,648
70.323,16.70,0.26,0.97,15.21,3.51,0.00,647
70.339,16.64,0.08,0.97,15.34,3.55,0.00,646
70.356,16.68,0.13,1.00,15.30,3.52,0.00,645
70.373,16.65,0.15,0.99,15.24,3.52,0.00,643
70.389,16.75,0.09,1.01,15.22,3.53,0.00,642
70.406,16.59,0.08,0.98,15.47,3.52,0.00,641
70.423,16.66,0.08,1.00,15.31,3.51,0.00,641
70.439,16.69,0.12,0.99,15.31,3.50,0.00,640
70.456,16.67,0.09,1.02,15.28,3.47,0.00,639
70.473,16.67,0.15,1.01,15.38,3.50,0.00,637
70.489,16.67,0.09,0.99,15.30,3.48,0.00,637
70.506,16.66,0.09,0.99,15.32,3.46,0.00,635
70.523,16.67,0.08,1.01,15.29,3.46,0.00,631
70.539,16.72,0.11,0.97,15.34,3.44,0.00,629
70.556,16.60,0.10,0.97,15.32,3.45,0.00,625
70.573,16.68,0.15,1.00,15.29,3.45,0.00,620
70.589,16.66,0.08,0.68,15.68,3.43,0.00,577
70.606,16.67,0.10,0.72,15.61,3.38,0.00,577
70.623,16.68,0.12,0.99,15.37,3.37,0.00,626
70.639,16.68,0.10,1.00,15.44,4.23,0.00,623
70.656,16.66,0.11,1.03,15.32,4.22,0.00,624
70.673,16.66,0.11,1.02,15.29,4.21,0.00,624
70.689,16.68,0.12,0.99,15.28,4.22,0.00,624
70.706,16.67,0.12,1.01,15.32,4.21,0.00,623
70.723,16.65,0.12,0.99,15.34,4.22,0.00,623
70.739,16.67,0.10,1.00,15.45,4.22,0.00,622
70.756,16.67,0.10,1.02,15.31,4.18,0.00,619
70.773,16.67,0.11,0.97,15.31,4.22,0.00,620
70.789,16.68,0.12,1.02,15.37,4.22,0.00,622
70.806,16.63,0.11,1.00,15.35,4.25,0.00,621
70.823,16.69,0.12,1.05,15.30,4.25,0.00,620
70.839,16.71,0.10,0.97,15.28,4.25,0.00,619
70.856,16.65,0.10,1.01,15.37,4.24,0.00,617
70.873,16.70,0.10,1.00,15.23,4.25,0.00,618
70.889,16.69,0.10,0.98,15.23,4.35,0.00,618
70.906,16.61,0.12,0.97,15.30,4.33,0.00,617
70.923,16.73,0.10,1.00,15.21,4.35,0.00,639
70.940,16.67,0.09,0.96,15.25,4.41,0.00,643
70.956,16.59,0.10,1.00,15.37,4.41,0.00,643
70.973,16.66,0.18,0.98,15.30,4.35,0.00,643
70.989,16.67,0.12,1.02,15.24,4.35,0.00,641
71.006,16.68,0.10,1.00,15.33,4.35,0.00,641
71.023,16.67,0.11,0.97,15.39,4.36,0.00,638
71.039,16.72,0.14,1.01,15.27,3.79,0.00,641
71.056,16.61,0.09,0.97,15.35,3.82,0.00,642
71.073,16.67,0.11,0.99,15.27,3.81,0.00,641
71.090,16.73,0.09,0.99,15.27,3.81,0.00,643
71.106,16.61,0.10,0.98,15.31,3.82,0.00,644
71.123,16.67,0.14,0.98,15.24,3.81,0.00,646
71.140,16.73,0.09,0.97,15.34,3.83,0.00,645
71.156,16.59,0.09,0.99,15.30,3.83,0.00,642
71.173,16.74,0.09,1.05,15.17,3.82,0.00,647
71.189,16.60,0.09,0.98,15.31,3.82,0.00,646
71.206,16.73,0.13,0.97,15.22,3.80,0.00,645
71.223,16.61,0.12,0.96,15.40,3.84,0.00,645
71.240,16.76,0.10,0.98,15.39,3.83,0.00,646
71.256,16.59,0.09,0.98,15.52,3.82,0.00,646
71.273,16.72,0.10,1.00,15.26,3.83,0.00,646
71.289,16.59,0.09,0.98,15.44,3.81,0.00,645
71.306,16.69,0.15,1.00,15.26,3.82,0.00,645
71.323,16.66,0.11,0.98,15.35,3.85,0.00,644
71.339,16.65,0.09,0.96,15.41,3.86,0.00,645
71.356,16.67,0.09,0.99,15.35,3.85,0.00,647
71.373,16.68,0.11,0.96,15.32,3.85,0.00,648
71.389,16.66,0.09,0.98,15.36,3.87,0.00,648
71.406,16.68,0.11,0.97,15.29,3.87,0.00,649
71.423,16.67,0.10,0.96,15.31,3.88,0.00,648
71.439,16.66,0.10,0.94,15.50,3.87,0.00,650
71.456,16.66,0.09,0.98,15.40,3.87,0.00,648
71.473,16.67,0.09,0.98,15.44,3.90,0.00,648
71.489,16.68,0.09,0.95,15.37,3.89,0.00,649
71.506,16.67,0.10,1.01,15.31,3.90,0.00,649
71.523,16.66,0.13,0.96,15.34,3.90,0.00,649
71.539,16.66,0.10,1.00,15.38,3.89,0.00,648
71.556,16.68,0.10,0.95,15.50,3.92,0.00,649
71.573,16.65,0.08,1.00,15.34,3.92,0.00,651
71.589,16.68,0.12,0.94,15.36,3.92,0.00,650
71.606,16.75,0.09,0.91,15.32,3.91,0.00,650
71.623,16.64,0.09,0.95,15.29,3.93,0.00,650
71.639,16.62,0.13,0.95,15.47,3.95,0.00,651
71.656,16.67,0.09,0.97,15.40,3.92,0.00,650
71.673,16.66,0.08,0.96,15.39,3.95,0.00,649
71.689,16.68,0.18,0.94,15.27,3.96,0.00,649
71.706,16.66,0.11,0.92,15.37,3.95,0.00,649
71.723,16.68,0.11,0.94,15.39,3.97,0.00,649
71.739,16.67,0.08,0.97,15.46,3.96,0.00,649
71.756,16.63,0.09,0.98,15.49,3.95,0.00,649
71.773,16.68,0.08,0.92,15.49,3.95,0.00,648
71.789,16.68,0.09,0.97,15.41,3.95,0.00,647
71.806,16.67,0.09,0.96,15.37,3.96,0.00,647
71.823,16.67,0.12,0.95,15.32,3.95,0.00,646
71.840,16.74,0.08,0.92,15.36,3.92,0.00,645
71.856,16.59,0.10,0.95,15.33,3.90,0.00,645
71.873,16.81,0.09,0.92,15.26,3.87,0.00,643
71.890,16.53,0.10,0.94,15.36,3.88,0.00,643
71.906,16.67,0.13,0.92,15.34,3.87,0.00,642
71.923,16.67,0.13,0.94,15.34,3.86,0.00,641
71.940,16.67,0.12,0.94,15.36,3.84,0.00,639
71.956,16.67,0.11,0.87,15.42,3.83,0.00,638
71.973,16.67,0.08,0.87,15.54,3.83,0.00,637
71.990,16.67,0.22,0.93,15.22,3.82,0.00,654
72.006,16.65,0.09,0.92,15.42,3.95,0.00,657
72.023,16.67,0.16,0.95,15.27,4.04,0.00,653
72.040,16.74,0.09,1.01,15.34,4.01,0.00,649
72.056,16.56,0.09,0.97,15.40,3.99,0.00,646
72.073,16.70,0.12,0.93,15.38,3.98,0.00,646
72.090,16.74,0.10,0.94,15.32,3.96,0.00,644
72.106,16.67,0.09,0.93,15.31,3.94,0.00,643
72.123,16.59,0.09,0.87,15.48,3.93,0.00,638
72.140,16.68,0.15,0.90,15.48,3.54,0.00,638
72.156,16.66,0.10,0.88,15.42,3.52,0.00,638
72.173,16.70,0.09,0.88,15.46,3.50,0.00,637
72.190,16.64,0.13,0.89,15.37,3.49,0.00,637
72.206,16.67,0.13,0.88,15.39,3.47,0.00,634
72.223,16.67,0.09,0.86,15.54,3.49,0.00,630
72.240,16.75,0.09,0.86,15.38,3.46,0.00,628
72.256,16.59,0.08,0.86,15.56,3.44,0.00,625
72.273,16.63,0.10,0.93,15.51,3.44,0.00,623
72.290,16.70,0.11,0.92,15.48,3.41,0.00,618
72.306,16.70,0.08,0.99,15.39,3.39,0.00,617
72.323,16.63,0.08,0.92,15.44,3.42,0.00,614
72.340,16.67,0.10,0.90,15.42,3.39,0.00,611
72.356,16.68,0.11,0.87,15.45,3.39,0.00,607
72.373,16.65,0.10,0.90,15.42,3.38,0.00,602
72.390,16.68,0.11,0.89,15.41,3.38,0.00,602
72.406,16.73,0.11,0.86,15.37,3.37,0.00,599
72.423,16.60,0.11,0.89,15.42,3.37,0.00,597
72.440,16.67,0.11,0.89,15.40,3.35,0.00,591
72.456,16.67,0.10,0.89,15.39,3.35,0.00,588
72.473,16.67,0.09,0.86,15.52,3.35,0.00,586
72.490,16.66,0.09,0.91,15.42,3.34,0.00,582
72.506,16.72,0.07,0.48,15.94,3.33,0.00,578
72.523,16.61,0.08,0.92,15.54,3.31,0.00,573
72.540,16.65,0.11,1.13,15.24,3.30,0.00,623
72.556,16.68,0.10,1.25,15.14,4.22,0.00,620
72.573,16.68,0.10,1.12,15.17,4.19,0.00,614
72.590,16.66,0.11,0.88,15.45,4.18,0.00,601
72.606,16.67,0.11,0.89,15.40,4.16,0.00,598
72.623,16.73,0.11,0.89,15.36,4.14,0.00,599
72.640,16.62,0.12,0.88,15.51,4.19,0.00,600
72.656,16.65,0.11,0.92,15.42,4.20,0.00,599
72.673,16.69,0.12,0.94,15.33,4.19,0.00,602
72.690,16.66,0.11,0.94,15.39,4.22,0.00,605
72.706,16.66,0.12,0.89,15.41,4.23,0.00,604
72.723,16.67,0.18,0.89,15.38,4.21,0.00,605
72.740,16.73,0.11,0.89,15.38,4.20,0.00,603
72.756,16.62,0.13,0.88,15.49,4.19,0.00,602
72.773,16.69,0.11,0.90,15.54,4.18,0.00,597
72.790,16.68,0.12,0.91,15.42,4.17,0.00,597
72.806,16.62,0.12,0.96,15.43,4.18,0.00,595
72.823,16.75,0.13,0.92,15.28,4.17,0.00,593
72.840,16.58,0.11,0.89,15.40,4.15,0.00,590
72.856,16.75,0.16,0.88,15.31,4.14,0.00,590
72.873,16.60,0.14,1.07,15.28,4.14,0.00,601
72.890,16.68,0.19,1.00,15.23,4.16,0.00,603
72.906,16.72,0.10,0.97,15.25,4.17,0.00,603
72.923,16.61,0.17,0.99,15.21,4.15,0.00,604
72.940,16.74,0.14,1.02,15.14,4.16,0.00,605
72.956,16.66,0.12,0.98,15.20,3.59,0.00,606
72.973,16.66,0.10,1.01,15.32,3.62,0.00,604
72.990,16.61,0.18,1.07,15.11,3.61,0.00,602
73.006,16.66,0.11,1.01,15.33,3.61,0.00,602
73.023,16.66,0.10,1.02,15.28,3.61,0.00,604
73.040,16.76,0.12,1.03,15.16,3.61,0.00,605
73.056,16.59,0.10,1.01,15.36,3.64,0.00,605
73.073,16.66,0.10,1.07,15.22,3.64,0.00,605
73.090,16.67,0.11,1.01,15.22,3.64,0.00,607
73.106,16.67,0.10,1.02,15.28,3.65,0.00,607
73.123,16.67,0.11,1.02,15.23,3.64,0.00,610
73.140,16.73,0.10,1.02,15.31,3.65,0.00,614
73.156,16.75,0.13,1.02,15.09,3.68,0.00,615
73.173,16.52,0.09,1.00,15.34,3.69,0.00,616
73.190,16.68,0.10,1.02,15.32,3.68,0.00,618
73.206,16.66,0.10,1.00,15.34,3.70,0.00,616
73.223,16.67,0.13,1.02,15.26,3.70,0.00,619
73.240,16.67,0.09,1.12,15.22,3.73,0.00,619
73.256,16.68,0.18,1.02,15.29,3.75,0.00,620
73.273,16.66,0.09,1.07,15.39,3.75,0.00,620
73.290,16.68,0.12,1.00,15.32,3.76,0.00,621
73.306,16.65,0.12,1.01,15.35,3.77,0.00,622
73.323,16.67,0.09,1.03,15.29,3.81,0.00,627
73.340,16.68,0.12,1.02,15.27,3.82,0.00,627
73.356,16.67,0.12,1.01,15.25,3.82,0.00,629
73.373,16.67,0.15,1.01,15.22,3.84,0.00,630
73.390,16.66,0.12,1.00,15.27,3.84,0.00,630
73.406,16.71,0.09,1.00,15.24,3.89,0.00,629
73.423,16.61,0.10,0.99,15.28,3.90,0.00,630
73.440,16.75,0.13,0.99,15.19,3.89,0.00,631
73.456,16.59,0.09,0.99,15.28,3.90,0.00,630
73.473,16.73,0.09,0.98,15.25,3.91,0.00,630
73.490,16.62,0.14,0.97,15.40,3.94,0.00,629
73.506,16.67,0.09,1.02,15.26,3.92,0.00,631
73.523,16.66,0.10,0.97,15.31,3.93,0.00,630
73.540,16.67,0.10,1.02,15.25,3.92,0.00,630
73.556,16.66,0.10,1.02,15.32,3.93,0.00,630
73.573,16.67,0.11,1.03,15.22,4.00,0.00,630
73.590,16.67,0.11,1.01,15.27,4.01,0.00,633
73.606,16.66,0.09,1.02,15.26,4.01,0.00,635
73.623,16.73,0.13,0.99,15.17,4.02,0.00,635
73.640,16.67,0.09,1.00,15.21,4.03,0.00,636
73.656,16.65,0.12,0.98,15.19,4.02,0.00,638
73.673,16.71,0.09,0.96,15.32,4.02,0.00,637
73.690,16.62,0.09,1.04,15.23,4.02,0.00,636
73.706,16.64,0.11,1.01,15.27,4.02,0.00,637
73.723,16.69,0.10,0.98,15.29,4.02,0.00,640
73.740,16.64,0.11,1.03,15.26,4.06,0.00,642
73.756,16.68,0.09,1.02,15.41,4.07,0.00,643
73.773,16.63,0.09,1.00,15.46,4.03,0.00,644
73.790,16.72,0.09,1.08,15.27,4.07,0.00,643
73.806,16.65,0.09,1.01,15.37,4.06,0.00,643
73.823,16.67,0.11,1.00,15.30,4.10,0.00,642
73.840,16.68,0.15,0.98,15.33,4.09,0.00,641
73.856,16.70,0.09,0.96,15.28,4.09,0.00,642
73.873,16.70,0.09,0.99,15.24,4.08,0.00,643
73.890,16.60,0.09,0.99,15.32,4.08,0.00,642
73.906,16.67,0.11,1.00,15.31,4.10,0.00,645
73.923,16.67,0.11,1.00,15.30,4.09,0.00,645
73.940,16.67,0.10,1.01,15.28,4.08,0.00,644
73.956,16.66,0.10,0.98,15.33,4.09,0.00,643
73.973,16.67,0.10,0.96,15.39,4.06,0.00,643
73.990,16.66,0.22,1.04,15.31,4.09,0.00,692
74.006,16.70,0.09,1.12,15.21,4.24,0.00,704
74.023,16.64,0.11,1.14,15.21,4.37,0.00,703
74.040,16.67,0.09,1.13,15.21,4.35,0.00,702
74.056,16.68,0.10,1.08,15.31,3.99,0.00,701
74.073,16.81,0.09,1.07,15.11,4.00,0.00,700
74.090,16.51,0.09,1.09,15.23,3.99,0.00,700
74.106,16.67,0.11,1.06,15.23,3.99,0.00,699
74.123,16.68,0.09,1.09,15.20,3.97,0.00,697
74.140,16.67,0.10,1.08,15.22,3.97,0.00,696
74.156,16.67,0.12,1.02,15.22,3.99,0.00,694
74.173,16.66,0.09,1.03,15.41,3.98,0.00,694
74.190,16.64,0.10,1.10,15.27,3.96,0.00,694
74.206,16.70,0.09,1.07,15.26,3.96,0.00,694
74.223,16.66,0.10,1.01,15.32,3.96,0.00,692
74.240,16.66,0.10,1.04,15.30,3.97,0.00,691
74.257,16.82,0.09,1.04,15.26,3.93,0.00,690
74.273,16.52,0.09,1.06,15.29,3.96,0.00,686
74.290,16.80,0.12,1.03,15.27,3.96,0.00,686
74.306,16.55,0.09,1.04,15.34,3.95,0.00,684
74.323,16.74,0.12,1.05,15.08,3.97,0.00,683
74.340,16.59,0.10,1.04,15.28,3.96,0.00,683
74.356,16.65,0.09,1.03,15.36,3.96,0.00,682
74.373,16.67,0.10,1.00,15.30,3.95,0.00,680
74.390,16.68,0.11,1.00,15.32,3.59,0.00,677
74.406,16.67,0.13,1.00,15.27,3.60,0.00,677
74.423,16.73,0.13,0.98,15.21,3.58,0.00,660
74.440,16.68,0.10,1.00,15.23,3.57,0.00,657
74.456,16.58,0.10,0.98,15.34,3.57,0.00,654
74.473,16.68,0.14,1.00,15.29,3.55,0.00,651
74.490,16.66,0.09,0.97,15.42,3.55,0.00,646
74.506,16.66,0.09,0.84,15.50,3.55,0.00,640
74.523,16.68,0.12,0.83,15.46,3.53,0.00,640
74.540,16.67,0.09,0.83,15.45,3.52,0.00,640
74.556,16.73,0.09,0.82,15.48,3.51,0.00,636
74.573,16.59,0.08,0.82,15.60,3.50,0.00,635
74.590,16.70,0.09,0.78,15.79,3.51,0.00,634
74.607,16.81,0.09,0.83,15.37,3.50,0.00,633
74.623,16.49,0.09,0.81,15.54,3.49,0.00,633
74.640,16.67,0.13,0.85,15.47,3.48,0.00,631
74.656,16.68,0.10,0.80,15.52,3.49,0.00,629
74.673,16.65,0.09,0.79,15.53,3.48,0.00,629
74.690,16.69,0.09,0.83,15.52,3.48,0.00,628
74.706,16.65,0.10,0.84,15.48,3.45,0.00,628
74.723,16.68,0.16,0.83,15.40,3.43,0.00,622
74.740,16.66,0.08,0.88,15.48,3.43,0.00,619
74.756,16.66,0.09,0.82,15.57,3.42,0.00,615
74.773,16.67,0.09,0.84,15.57,3.41,0.00,614
74.790,16.79,0.09,0.82,15.50,3.38,0.00,612
74.806,16.52,0.09,0.84,15.60,3.38,0.00,611
74.823,16.70,0.09,0.82,15.52,3.37,0.00,607
74.840,16.68,0.08,0.71,15.63,3.35,0.00,601
74.856,16.64,0.09,0.68,15.63,3.33,0.00,598
74.873,16.67,0.10,0.70,15.60,3.32,0.00,598
74.890,16.67,0.09,0.69,15.69,3.30,0.00,597
74.906,16.66,0.11,0.71,15.80,3.31,0.00,595
74.923,16.75,0.09,0.62,15.75,3.29,0.00,593
74.940,16.57,0.08,0.71,15.67,3.29,0.00,592
74.956,16.68,0.12,0.72,15.61,3.26,0.00,588
74.973,16.67,0.11,1.00,15.28,3.25,0.00,634
74.990,16.68,0.11,0.99,15.37,4.16,0.00,635
75.006,16.67,0.10,1.00,15.27,4.12,0.00,632
75.023,16.68,0.14,0.99,15.23,4.11,0.00,626
75.040,16.65,0.12,0.98,15.34,4.10,0.00,623
75.056,16.66,0.10,1.01,15.37,4.10,0.00,616
75.073,16.67,0.10,1.02,15.30,4.10,0.00,613
75.090,16.67,0.12,0.98,15.30,4.09,0.00,609
75.106,16.68,0.10,1.00,15.32,4.09,0.00,605
75.123,16.67,0.15,1.02,15.28,4.08,0.00,601
75.140,16.66,0.10,0.99,15.37,4.07,0.00,599
75.156,16.67,0.10,1.03,15.30,4.10,0.00,596
75.173,16.68,0.10,0.99,15.33,4.09,0.00,587
75.190,16.66,0.10,0.99,15.37,4.08,0.00,579
75.206,16.66,0.10,1.02,15.41,4.06,0.00,568
75.223,16.66,0.10,1.02,15.33,4.05,0.00,559
75.240,16.68,0.10,0.98,15.38,4.14,0.00,554
75.256,16.66,0.10,1.00,15.37,4.14,0.00,580
75.273,16.67,0.10,1.03,15.25,4.17,0.00,579
75.290,16.67,0.11,1.02,15.41,4.17,0.00,575
75.306,16.66,0.10,1.01,15.41,4.16,0.00,570
75.323,16.65,0.10,1.03,15.29,4.13,0.00,556
75.340,16.70,0.17,1.00,15.22,4.09,0.00,538
75.356,16.66,0.14,1.02,15.26,4.05,0.00,508
75.373,16.69,0.09,0.97,15.29,3.99,0.00,363
75.390,16.65,0.14,1.03,15.20,3.21,0.00,363
75.407,16.74,0.10,0.97,15.29,3.23,0.00,363
75.423,16.60,0.12,0.97,15.35,3.23,0.00,362
75.440,16.66,0.11,1.00,15.30,3.21,0.00,361
75.456,16.68,0.10,0.99,15.39,3.20,0.00,361
75.473,16.69,0.10,0.99,15.35,3.20,0.00,359
75.490,16.63,0.09,0.98,15.45,3.22,0.00,359
75.506,16.65,0.09,1.01,15.32,3.21,0.00,359
75.523,16.69,0.10,0.96,15.31,3.21,0.00,359
75.540,16.66,0.09,0.98,15.31,3.19,0.00,359
75.556,16.66,0.09,0.98,15.37,3.20,0.00,358
75.573,16.67,0.09,0.98,15.32,3.22,0.00,358
75.590,16.68,0.09,0.96,15.33,3.19,0.00,358
75.606,16.67,0.09,0.96,15.33,3.19,0.00,358
75.623,16.72,0.10,0.99,15.24,3.18,0.00,357
75.640,16.62,0.11,0.96,15.31,3.18,0.00,357
75.656,16.66,0.12,0.94,15.31,3.19,0.00,356
75.673,16.73,0.09,0.95,15.29,3.18,0.00,355
75.690,16.61,0.14,0.98,15.41,3.18,0.00,354
75.706,16.63,0.09,0.95,15.46,3.16,0.00,353
75.723,16.70,0.14,1.02,15.33,3.16,0.00,352
75.740,16.67,0.09,0.97,15.40,3.17,0.00,352
75.757,16.67,0.09,0.97,15.37,3.17,0.00,352
75.773,16.68,0.10,0.96,15.32,3.16,0.00,352
75.790,16.66,0.11,0.97,15.33,3.15,0.00,352
75.807,16.68,0.13,0.96,15.45,3.17,0.00,352
75.823,16.64,0.09,1.02,15.29,3.17,0.00,352
75.840,16.69,0.09,0.94,15.44,3.16,0.00,351
75.857,16.70,0.10,0.97,15.37,3.16,0.00,351
75.873,16.63,0.11,0.95,15.34,3.15,0.00,350
75.890,16.68,0.12,0.94,15.31,3.15,0.00,349
75.907,16.66,0.09,0.96,15.39,3.17,0.00,348
75.923,16.71,0.09,0.97,15.33,3.13,0.00,347
75.940,16.62,0.14,0.95,15.40,3.16,0.00,347
75.957,16.67,0.13,0.89,15.34,3.16,0.00,347
75.973,16.68,0.11,0.85,15.45,3.15,0.00,347
75.990,16.67,0.24,0.93,15.39,3.18,0.00,360
76.007,16.68,0.09,0.96,15.28,3.24,0.00,368
76.023,16.65,0.11,0.97,15.36,3.39,0.00,368
76.040,16.66,0.10,0.96,15.36,3.39,0.00,368
76.057,16.69,0.16,0.96,15.30,3.39,0.00,367
76.073,16.67,0.14,0.95,15.36,3.40,0.00,366
76.090,16.65,0.11,0.91,15.37,3.41,0.00,364
76.107,16.67,0.11,0.94,15.34,3.37,0.00,367
76.123,16.67,0.14,0.97,15.33,3.39,0.00,428
76.140,16.67,0.16,0.98,15.32,3.44,0.00,431
76.157,16.67,0.11,0.94,15.35,3.47,0.00,444
76.173,16.75,0.09,0.94,15.31,3.47,0.00,443
76.190,16.69,0.09,0.95,15.41,3.46,0.00,443
76.207,16.58,0.09,0.99,15.35,3.46,0.00,439
76.223,16.68,0.10,0.98,15.33,3.45,0.00,436
76.240,16.66,0.09,0.96,15.33,3.46,0.00,428
76.257,16.71,0.09,0.98,15.43,3.47,0.00,427
76.273,16.64,0.09,0.95,15.43,3.45,0.00,426
76.290,16.65,0.09,0.97,15.34,3.45,0.00,425
76.307,16.74,0.10,0.96,15.37,3.44,0.00,424
76.323,16.61,0.09,0.98,15.35,3.46,0.00,420
76.340,16.67,0.10,0.96,15.30,3.44,0.00,419
76.357,16.73,0.10,0.96,15.25,3.44,0.00,418
76.373,16.68,0.09,0.96,15.30,3.42,0.00,409
76.390,16.59,0.11,0.94,15.38,3.41,0.00,403
76.407,16.68,0.14,0.97,15.26,3.41,0.00,402
76.423,16.66,0.11,0.95,15.28,3.40,0.00,402
76.440,16.68,0.09,0.93,15.49,3.40,0.00,402
76.457,16.65,0.09,0.95,15.40,3.37,0.00,402
76.473,16.67,0.11,1.01,15.32,3.36,0.00,400
76.490,16.67,0.13,0.94,15.37,3.08,0.00,394
76.507,16.67,0.18,1.00,15.39,3.04,0.00,393
76.523,16.70,0.10,0.96,15.39,3.04,0.00,393
76.540,16.65,0.16,0.93,15.39,3.02,0.00,391
76.557,16.81,0.10,0.93,15.34,3.01,0.00,387
76.573,16.49,0.10,0.94,15.17,3.01,0.00,363
76.590,16.69,0.09,0.68,15.45,2.99,0.00,351
76.607,16.66,0.08,0.67,15.45,2.96,0.00,332
76.623,16.67,0.07,0.67,15.63,2.87,0.00,332
76.640,16.69,0.09,0.90,15.41,2.86,0.00,332
76.657,16.66,0.09,0.90,15.41,2.87,0.00,331
76.673,16.73,0.09,0.88,15.32,2.87,0.00,329
76.690,16.67,0.09,0.89,15.32,2.86,0.00,328
76.707,16.60,0.09,0.88,15.39,2.85,0.00,328
76.723,16.73,0.15,1.13,15.01,2.83,0.00,384
76.740,16.65,0.10,1.16,15.04,3.68,0.00,472
76.757,16.65,0.11,1.20,15.11,3.86,0.00,498
76.773,16.62,0.11,1.18,15.11,3.89,0.00,516
76.790,16.66,0.11,1.17,15.09,3.90,0.00,528
76.807,16.75,0.11,1.18,15.05,3.92,0.00,546
76.823,16.58,0.11,1.31,15.03,3.94,0.00,550
76.840,16.67,0.14,1.23,15.13,3.95,0.00,557
76.857,16.67,0.11,1.21,15.08,3.97,0.00,563
76.873,16.67,0.11,1.22,15.03,3.95,0.00,566
76.890,16.77,0.11,1.18,15.07,3.97,0.00,571
76.907,16.56,0.11,1.17,15.13,4.01,0.00,571
76.923,16.67,0.11,1.21,15.05,4.01,0.00,572
76.940,16.69,0.11,0.95,15.45,4.02,0.00,562
76.957,16.62,0.10,0.95,15.38,3.99,0.00,567
76.973,16.71,0.12,0.97,15.31,4.00,0.00,572
76.990,16.66,0.12,0.96,15.25,4.03,0.00,574
77.007,16.70,0.11,0.96,15.37,4.03,0.00,581
77.023,16.63,0.12,1.01,15.26,4.04,0.00,585
77.040,16.68,0.10,0.93,15.39,4.03,0.00,588
77.057,16.67,0.12,0.96,15.35,4.03,0.00,591
77.073,16.67,0.10,1.05,15.31,4.06,0.00,593
77.090,16.65,0.10,0.95,15.39,4.05,0.00,591
77.107,16.68,0.17,0.97,15.28,4.05,0.00,593
77.123,16.67,0.10,0.95,15.35,4.05,0.00,596
77.140,16.66,0.10,0.98,15.37,3.92,0.00,595
77.157,16.66,0.13,0.98,15.44,3.50,0.00,598
77.173,16.66,0.11,0.97,15.39,3.50,0.00,598
77.190,16.68,0.13,0.97,15.36,3.50,0.00,600
77.207,16.66,0.12,1.01,15.38,3.50,0.00,602
77.223,16.68,0.10,1.02,15.27,3.50,0.00,603
77.240,16.67,0.09,0.97,15.31,3.52,0.00,602
77.257,16.66,0.10,0.95,15.59,3.51,0.00,607
77.273,16.77,0.10,0.96,15.30,3.53,0.00,608
77.290,16.56,0.17,0.96,15.25,3.51,0.00,609
77.307,16.68,0.10,0.71,15.81,3.51,0.00,611
77.323,16.75,0.10,0.97,15.35,3.53,0.00,613
77.340,16.55,0.11,1.00,15.35,3.52,0.00,613
77.357,16.69,0.10,0.92,15.42,3.52,0.00,616
77.373,16.70,0.09,0.93,15.34,3.52,0.00,616
77.390,16.65,0.12,0.97,15.36,3.50,0.00,617
77.407,16.67,0.11,0.96,15.36,3.57,0.00,619
77.423,16.68,0.11,0.95,15.32,3.57,0.00,621
77.440,16.66,0.10,0.92,15.40,3.59,0.00,631
77.457,16.67,0.13,0.98,15.30,3.61,0.00,632
77.473,16.67,0.10,0.93,15.38,3.61,0.00,634
77.490,16.67,0.13,0.97,15.25,3.59,0.00,632
77.507,16.66,0.09,0.94,15.43,3.59,0.00,633
77.523,16.66,0.11,0.98,15.39,3.59,0.00,633
77.540,16.67,0.09,0.99,15.37,3.60,0.00,633
77.557,16.66,0.09,0.96,15.45,3.58,0.00,634
77.573,16.69,0.09,0.97,15.40,3.62,0.00,634
77.590,16.64,0.09,0.93,15.42,3.62,0.00,636
77.607,16.67,0.11,0.97,15.36,3.61,0.00,637
77.623,16.68,0.09,0.93,15.42,3.62,0.00,638
77.640,16.66,0.11,0.95,15.41,3.62,0.00,639
77.657,16.66,0.12,0.96,15.33,3.65,0.00,639
77.673,16.69,0.12,0.98,15.32,3.64,0.00,641
77.690,16.66,0.14,0.97,15.38,3.63,0.00,645
77.707,16.82,0.09,1.02,15.18,3.64,0.00,647
77.723,16.50,0.10,0.96,15.34,3.64,0.00,649
77.740,16.67,0.12,0.97,15.28,3.66,0.00,649
77.757,16.75,0.09,0.95,15.36,3.67,0.00,649
77.773,16.74,0.09,0.93,15.36,3.66,0.00,651
77.790,16.51,0.09,0.95,15.40,3.66,0.00,651
77.807,16.69,0.11,0.96,15.34,3.65,0.00,653
77.823,16.67,0.16,0.95,15.35,3.70,0.00,657
77.840,16.66,0.09,0.94,15.40,3.69,0.00,657
77.857,16.68,0.20,0.95,15.26,3.68,0.00,660
77.873,16.66,0.10,0.94,15.40,3.68,0.00,661
77.890,16.67,0.09,0.93,15.40,3.69,0.00,662
77.907,16.68,0.11,0.95,15.36,3.71,0.00,660
77.923,16.66,0.09,1.00,15.32,3.71,0.00,662
77.940,16.70,0.09,0.94,15.38,3.71,0.00,662
77.957,16.64,0.09,0.88,15.30,3.71,0.00,663
77.973,16.69,0.11,0.88,15.50,3.71,0.00,664
77.990,16.67,0.21,0.98,15.25,3.74,0.00,689
78.007,16.65,0.09,1.02,15.44,3.86,0.00,696
78.023,16.66,0.09,1.01,15.29,3.97,0.00,697
78.040,16.71,0.13,0.98,15.36,3.97,0.00,697
78.057,16.64,0.11,0.95,15.36,3.96,0.00,695
78.073,16.67,0.13,0.98,15.37,3.97,0.00,694
78.090,16.66,0.09,1.02,15.29,3.96,0.00,694
78.107,16.67,0.09,1.01,15.29,3.95,0.00,695
78.123,16.67,0.09,0.98,15.31,3.94,0.00,694
78.140,16.67,0.14,0.97,15.27,3.94,0.00,689
78.157,16.74,0.09,0.97,15.24,3.95,0.00,687
78.173,16.66,0.13,0.95,15.30,3.92,0.00,684
78.190,16.59,0.09,0.97,15.44,3.91,0.00,676
78.207,16.81,0.12,0.98,15.35,3.87,0.00,666
78.223,16.57,0.09,0.96,15.36,3.87,0.00,663
78.240,16.62,0.08,0.92,15.37,3.46,0.00,662
78.257,16.74,0.09,0.94,15.53,3.45,0.00,660
78.273,16.69,0.09,0.93,15.47,3.43,0.00,637
78.290,16.62,0.09,0.94,15.47,3.38,0.00,634
78.307,16.63,0.10,0.98,15.43,3.36,0.00,632
78.323,16.63,0.09,0.93,15.59,3.35,0.00,632
78.340,16.74,0.10,0.94,15.51,3.30,0.00,630
78.357,16.69,0.09,0.93,15.44,3.32,0.00,629
78.373,16.59,0.08,0.93,15.49,3.31,0.00,627
78.390,16.69,0.19,0.94,15.35,3.29,0.00,624
78.407,16.76,0.09,0.95,15.30,3.30,0.00,624
78.423,16.56,0.16,0.92,15.50,3.29,0.00,622
78.440,16.69,0.08,0.94,15.52,3.29,0.00,619
78.457,16.65,0.10,0.96,15.49,3.27,0.00,617
78.473,16.68,0.10,1.07,15.46,3.21,0.00,613
78.490,16.78,0.09,0.97,15.38,3.27,0.00,610
78.507,16.57,0.08,0.97,15.44,3.22,0.00,608
78.523,16.63,0.09,0.92,15.51,3.24,0.00,607
78.540,16.65,0.09,0.92,15.56,3.23,0.00,607
78.557,16.69,0.09,0.98,15.47,3.22,0.00,604
78.573,16.67,0.11,0.98,15.37,3.23,0.00,604
78.590,16.68,0.09,1.01,15.51,3.22,0.00,604
78.607,16.74,0.09,0.92,15.42,3.20,0.00,602
78.623,16.60,0.08,0.94,15.47,3.19,0.00,600
78.640,16.68,0.11,0.95,15.49,3.19,0.00,595
78.657,16.68,0.11,0.95,15.58,3.20,0.00,590
78.674,16.75,0.09,0.95,15.36,3.20,0.00,585
78.690,16.60,0.10,0.76,15.71,3.18,0.00,571
78.707,16.69,0.08,0.72,15.68,3.15,0.00,567
78.723,16.60,0.12,1.01,15.43,3.14,0.00,609
78.740,16.68,0.10,1.01,15.52,3.98,0.00,608
78.757,16.79,0.11,0.95,15.38,3.97,0.00,606
78.773,16.56,0.10,0.97,15.43,3.96,0.00,602
78.790,16.63,0.12,0.95,15.46,3.95,0.00,602
78.807,16.71,0.11,0.97,15.42,3.96,0.00,600
78.823,16.65,0.10,0.94,15.52,3.96,0.00,599
78.840,16.70,0.11,1.03,15.34,3.95,0.00,599
78.857,16.65,0.10,0.96,15.45,3.96,0.00,601
78.873,16.63,0.10,1.01,15.36,3.95,0.00,600
78.890,16.69,0.09,0.72,15.79,3.94,0.00,602
78.907,16.73,0.12,1.03,15.30,3.98,0.00,602
78.923,16.62,0.14,0.98,15.44,3.97,0.00,603
78.940,16.67,0.10,0.97,15.47,3.97,0.00,601
78.957,16.65,0.10,0.98,15.52,3.96,0.00,602
78.974,16.74,0.11,0.99,15.40,3.96,0.00,601
78.990,16.62,0.10,0.97,15.45,3.95,0.00,599
79.007,16.65,0.10,0.99,15.42,3.98,0.00,599
79.023,16.64,0.10,0.98,15.45,3.94,0.00,600
79.040,16.67,0.10,0.97,15.49,3.97,0.00,598
79.057,16.69,0.10,1.01,15.55,3.97,0.00,599
79.074,16.82,0.10,0.95,15.34,4.00,0.00,599
79.090,16.52,0.10,1.03,15.43,3.98,0.00,596
79.107,16.68,0.09,1.00,15.50,3.98,0.00,594
79.124,16.74,0.10,0.99,15.31,3.98,0.00,593
79.140,16.60,0.11,1.00,15.36,3.39,0.00,594
79.157,16.67,0.12,0.98,15.37,3.41,0.00,594
79.173,16.66,0.16,0.96,15.44,3.41,0.00,591
79.190,16.67,0.10,0.96,15.49,3.39,0.00,593
79.207,16.66,0.09,0.96,15.50,3.39,0.00,590
79.223,16.68,0.10,0.94,15.49,3.38,0.00,592
79.240,16.65,0.09,0.95,15.62,3.40,0.00,591
79.257,16.79,0.09,0.96,15.45,3.40,0.00,590
79.274,16.67,0.10,0.98,15.31,3.40,0.00,589
79.290,16.58,0.16,0.96,15.34,3.40,0.00,591
79.307,16.80,0.10,0.94,15.41,3.38,0.00,592
79.324,16.59,0.10,0.98,15.46,3.46,0.00,592
79.340,16.64,0.09,0.94,15.47,3.45,0.00,598
79.357,16.63,0.09,0.99,15.43,3.46,0.00,625
79.373,16.65,0.09,0.97,15.62,3.49,0.00,626
79.390,16.82,0.10,0.99,15.32,3.51,0.00,627
79.407,16.54,0.10,0.93,15.49,3.51,0.00,628
79.423,16.66,0.09,0.98,15.45,3.51,0.00,627
79.440,16.66,0.17,0.97,15.40,3.47,0.00,626
79.457,16.67,0.09,0.96,15.48,3.51,0.00,627
79.473,16.67,0.11,1.10,15.45,3.47,0.00,630
79.490,16.80,0.09,0.96,15.36,3.53,0.00,631
79.507,16.53,0.09,1.05,15.55,3.53,0.00,633
79.524,16.82,0.09,0.95,15.27,3.54,0.00,633
79.540,16.56,0.09,0.97,15.56,3.54,0.00,632
79.557,16.75,0.09,0.95,15.36,3.55,0.00,631
79.574,16.57,0.09,0.95,15.54,3.54,0.00,633
79.590,16.72,0.09,0.96,15.42,3.58,0.00,631
79.607,16.58,0.11,0.98,15.53,3.57,0.00,632
79.624,16.75,0.09,1.00,15.39,3.57,0.00,630
79.640,16.61,0.09,0.92,15.50,3.57,0.00,631
79.657,16.64,0.10,0.95,15.72,3.60,0.00,636
79.674,16.92,0.09,1.00,15.24,3.59,0.00,639
79.690,16.47,0.09,0.93,15.48,3.59,0.00,641
79.707,16.62,0.09,0.98,15.49,3.59,0.00,640
79.724,16.69,0.10,0.97,15.49,3.60,0.00,641
79.740,16.69,0.08,0.93,15.55,3.63,0.00,644
79.757,16.69,0.09,0.97,15.41,3.62,0.00,646
79.773,16.61,0.11,0.96,15.48,3.63,0.00,647
79.790,16.67,0.10,0.93,15.57,3.62,0.00,648
79.807,16.75,0.09,0.96,15.42,3.62,0.00,647
79.824,16.60,0.09,0.94,15.49,3.66,0.00,646
79.840,16.65,0.08,0.93,15.38,3.65,0.00,649
79.857,16.70,0.11,0.93,15.39,3.65,0.00,645
79.874,16.65,0.14,0.91,15.37,3.65,0.00,645
79.890,16.68,0.10,0.91,15.42,3.64,0.00,645
79.907,16.68,0.12,0.92,15.38,3.67,0.00,644
79.924,16.65,0.17,0.97,15.35,3.66,0.00,644
79.940,16.66,0.07,0.72,15.77,3.65,0.00,643
79.957,16.68,0.08,0.91,15.49,3.65,0.00,643
79.974,16.67,0.09,0.85,15.49,3.64,0.00,646
79.990,16.67,0.22,0.95,15.27,3.67,0.00,672
80.007,16.67,0.09,0.95,15.52,3.86,0.00,687
80.024,16.69,0.09,1.02,15.35,3.98,0.00,687
80.040,16.65,0.10,0.95,15.39,4.02,0.00,686
80.057,16.65,0.11,0.95,15.41,4.01,0.00,685
80.074,16.69,0.12,0.95,15.45,4.04,0.00,685
80.090,16.64,0.09,0.93,15.44,4.05,0.00,684
80.107,16.69,0.09,0.97,15.34,4.04,0.00,683
80.124,16.68,0.09,0.95,15.39,4.02,0.00,681
80.140,16.64,0.09,0.96,15.35,4.01,0.00,678
80.157,16.68,0.10,0.95,15.33,4.02,0.00,677
80.174,16.67,0.09,0.94,15.41,4.00,0.00,671
80.190,16.67,0.12,0.93,15.54,3.97,0.00,659
80.207,16.72,0.08,0.95,15.41,3.94,0.00,653
80.224,16.61,0.09,0.90,15.46,3.91,0.00,648
80.240,16.73,0.09,0.88,15.39,3.48,0.00,648
80.257,16.61,0.14,0.92,15.39,3.47,0.00,648
80.274,16.65,0.09,0.99,15.40,3.47,0.00,649
80.290,16.67,0.09,0.88,15.50,3.46,0.00,649
80.307,16.68,0.09,0.92,15.41,3.44,0.00,647
80.324,16.67,0.12,0.92,15.49,3.45,0.00,646
80.340,16.64,0.08,0.91,15.50,3.44,0.00,647
80.357,16.69,0.10,0.96,15.43,3.44,0.00,646
80.374,16.67,0.08,0.98,15.33,3.43,0.00,644
80.390,16.68,0.17,0.92,15.30,3.40,0.00,642
80.407,16.67,0.11,0.88,15.44,3.42,0.00,640
80.424,16.67,0.10,0.90,15.52,3.41,0.00,640
80.440,16.65,0.10,0.94,15.48,3.40,0.00,640
80.457,16.69,0.09,0.92,15.43,3.38,0.00,640
80.474,16.67,0.17,0.90,15.34,3.39,0.00,636
80.490,16.66,0.11,0.91,15.46,3.40,0.00,637
80.507,16.83,0.09,0.92,15.27,3.38,0.00,636
80.524,16.50,0.09,0.91,15.54,3.38,0.00,637
80.540,16.65,0.09,0.91,15.41,3.36,0.00,635
80.557,16.76,0.10,0.93,15.36,3.36,0.00,630
80.574,16.59,0.12,0.91,15.52,3.37,0.00,629
80.590,16.67,0.09,0.89,15.46,3.35,0.00,627
80.607,16.66,0.16,0.92,15.37,3.36,0.00,623
80.624,16.70,0.08,0.92,15.40,3.35,0.00,618
80.640,16.66,0.08,0.92,15.48,3.33,0.00,616
80.657,16.65,0.08,0.92,15.41,3.32,0.00,613
80.674,16.72,0.08,0.92,15.35,3.33,0.00,608
80.690,16.63,0.12,0.67,15.58,3.32,0.00,591
80.707,16.66,0.15,0.69,15.54,3.30,0.00,590
80.724,16.67,0.12,0.67,15.60,3.30,0.00,588
80.740,16.67,0.08,0.68,15.66,3.28,0.00,588
80.757,16.66,0.09,0.68,15.74,3.31,0.00,587
80.774,16.67,0.08,0.69,15.76,3.31,0.00,587
80.790,16.65,0.08,0.69,15.69,3.29,0.00,586
80.807,16.67,0.14,0.68,15.59,3.29,0.00,583
80.824,16.68,0.08,0.67,15.69,3.27,0.00,584
80.840,16.75,0.08,0.65,15.76,3.28,0.00,584
80.857,16.60,0.08,0.65,15.75,3.29,0.00,585
80.874,16.65,0.08,0.66,15.77,3.27,0.00,585
80.890,16.63,0.08,0.71,15.70,3.26,0.00,580
80.907,16.70,0.10,0.68,15.65,3.25,0.00,578
80.924,16.68,0.08,0.67,15.65,3.26,0.00,578
80.940,16.67,0.10,0.68,15.65,3.25,0.00,578
80.957,16.65,0.08,0.66,15.62,3.23,0.00,576
80.974,16.70,0.12,0.65,15.64,3.21,0.00,573
80.990,16.64,0.09,0.68,15.63,3.20,0.00,574
81.007,16.79,0.08,0.67,15.50,3.21,0.00,570
81.024,16.55,0.08,0.64,15.77,3.19,0.00,569
81.040,16.82,0.08,0.67,15.49,3.18,0.00,567
81.057,16.51,0.08,0.63,15.72,3.17,0.00,565
81.074,16.68,0.09,0.68,15.63,3.16,0.00,563
81.090,16.66,0.08,0.66,15.70,3.16,0.00,557
81.107,16.67,0.09,0.67,15.67,3.15,0.00,555
81.124,16.68,0.08,0.67,15.62,3.14,0.00,551
81.140,16.66,0.10,0.64,15.71,3.12,0.00,549
81.157,16.75,0.12,0.91,15.32,3.11,0.00,601
81.174,16.66,0.12,0.90,15.36,4.01,0.00,595
81.190,16.59,0.12,0.93,15.39,3.98,0.00,592
81.207,16.68,0.10,0.88,15.45,3.97,0.00,588
81.224,16.66,0.10,0.91,15.41,3.97,0.00,583
81.240,16.75,0.10,0.91,15.33,4.00,0.00,582
81.257,16.60,0.14,0.91,15.48,3.99,0.00,578
81.274,16.64,0.10,0.92,15.51,3.95,0.00,616
81.290,16.70,0.18,0.91,15.35,4.04,0.00,615
81.307,16.65,0.10,0.90,15.43,4.03,0.00,610
81.324,16.68,0.10,0.89,15.36,4.06,0.00,608
81.340,16.73,0.10,0.92,15.40,4.05,0.00,610
81.357,16.60,0.09,0.90,15.40,4.05,0.00,609
81.374,16.74,0.09,0.91,15.32,4.05,0.00,611
81.390,16.62,0.13,0.89,15.36,4.04,0.00,612
81.407,16.66,0.13,0.91,15.39,4.08,0.00,613
81.424,16.66,0.16,0.91,15.35,4.08,0.00,615
81.440,16.68,0.13,0.91,15.48,4.07,0.00,612
81.457,16.63,0.11,0.92,15.46,4.06,0.00,612
81.474,16.70,0.09,0.93,15.41,4.06,0.00,613
81.490,16.68,0.11,0.91,15.38,4.09,0.00,612
81.507,16.66,0.09,0.90,15.44,4.09,0.00,611
81.524,16.69,0.11,0.92,15.44,4.09,0.00,612
81.540,16.64,0.09,0.92,15.38,4.09,0.00,612
81.557,16.67,0.11,0.91,15.38,4.11,0.00,612
81.574,16.67,0.09,0.91,15.44,3.98,0.00,615
81.590,16.66,0.11,0.90,15.56,3.55,0.00,613
81.607,16.68,0.09,0.93,15.39,3.54,0.00,615
81.624,16.67,0.11,0.91,15.37,3.54,0.00,618
81.640,16.67,0.12,0.92,15.37,3.55,0.00,619
81.657,16.66,0.11,0.91,15.36,3.55,0.00,617
81.674,16.66,0.10,0.90,15.44,3.54,0.00,618
81.690,16.67,0.09,0.91,15.43,3.54,0.00,619
81.707,16.68,0.17,0.90,15.36,3.54,0.00,620
81.724,16.76,0.09,0.89,15.43,3.56,0.00,619
81.740,16.56,0.10,0.92,15.42,3.55,0.00,620
81.757,16.68,0.09,0.88,15.46,3.55,0.00,622
81.774,16.65,0.16,0.92,15.41,3.56,0.00,622
81.790,16.69,0.09,0.90,15.39,3.54,0.00,621
81.807,16.66,0.09,0.91,15.38,3.56,0.00,618
81.824,16.67,0.09,0.92,15.32,3.54,0.00,617
81.840,16.74,0.09,0.90,15.47,3.53,0.00,618
81.857,16.57,0.10,0.91,15.47,3.53,0.00,617
81.874,16.69,0.09,0.92,15.41,3.51,0.00,618
81.890,16.67,0.16,0.90,15.35,3.54,0.00,616
81.907,16.68,0.08,0.89,15.42,3.53,0.00,613
81.924,16.68,0.11,0.92,15.37,3.51,0.00,611
81.940,16.66,0.10,0.91,15.53,3.50,0.00,612
81.957,16.65,0.09,0.87,15.53,3.54,0.00,612
81.974,16.67,0.09,0.84,15.54,3.51,0.00,609
81.990,16.67,0.21,0.92,15.37,3.49,0.00,627
82.007,16.68,0.10,0.92,15.53,3.61,0.00,634
82.024,16.67,0.09,0.93,15.44,3.67,0.00,634
82.040,16.65,0.09,0.95,15.36,3.71,0.00,633
82.057,16.72,0.09,0.89,15.49,3.69,0.00,634
82.074,16.59,0.08,0.89,15.52,3.65,0.00,631
82.090,16.69,0.09,0.92,15.46,3.62,0.00,630
82.107,16.67,0.09,0.91,15.42,3.57,0.00,627
82.124,16.69,0.09,0.91,15.39,3.61,0.00,627
82.140,16.66,0.09,0.90,15.46,3.60,0.00,630
82.157,16.74,0.09,0.88,15.33,3.58,0.00,630
82.174,16.62,0.11,0.92,15.37,3.57,0.00,628
82.190,16.64,0.10,0.92,15.41,3.56,0.00,627
82.207,16.68,0.10,0.89,15.44,3.57,0.00,626
82.224,16.66,0.09,0.91,15.44,3.56,0.00,626
82.240,16.66,0.16,0.91,15.29,3.56,0.00,624
82.257,16.74,0.09,0.92,15.34,3.55,0.00,622
82.274,16.60,0.11,0.90,15.41,3.55,0.00,621
82.290,16.73,0.09,0.93,15.40,3.55,0.00,621
82.307,16.61,0.09,0.96,15.46,3.53,0.00,621
82.324,16.69,0.09,0.94,15.41,3.52,0.00,619
82.340,16.65,0.09,0.91,15.48,3.51,0.00,617
82.357,16.66,0.09,0.89,15.45,3.54,0.00,616
82.374,16.68,0.08,0.91,15.42,3.53,0.00,608
82.390,16.67,0.11,0.91,15.40,3.52,0.00,603
82.407,16.67,0.08,0.90,15.42,3.51,0.00,600
82.424,16.67,0.17,0.91,15.36,3.51,0.00,597
82.440,16.66,0.10,0.89,15.46,3.52,0.00,591
82.457,16.66,0.12,0.89,15.43,3.51,0.00,586
82.474,16.68,0.10,0.91,15.36,3.50,0.00,585
82.490,16.66,0.11,0.90,15.43,3.50,0.00,583
82.507,16.66,0.17,0.91,15.31,3.48,0.00,583
82.524,16.74,0.09,0.88,15.52,3.51,0.00,580
82.540,16.61,0.10,0.97,15.36,3.49,0.00,574
82.557,16.67,0.09,0.98,15.37,3.49,0.00,571
82.574,16.66,0.32,0.86,15.20,3.47,0.00,542
82.590,16.68,0.05,0.84,15.72,3.10,0.00,541
82.607,16.73,0.05,0.83,15.53,3.08,0.00,536
82.624,16.70,0.08,1.03,15.25,3.03,0.00,567
82.640,16.56,0.07,1.02,15.42,3.23,0.00,558
82.657,16.68,0.06,1.05,15.32,3.17,0.00,552
82.674,16.67,0.07,1.16,15.29,2.93,0.00,586
82.690,16.63,0.06,1.19,15.23,3.11,0.00,587
82.707,16.70,0.08,1.21,15.18,3.09,0.00,587
82.724,16.67,0.09,1.39,14.90,3.06,0.00,622
82.741,16.82,0.09,1.39,14.87,3.23,0.00,623
82.757,16.56,0.08,1.44,14.91,3.21,0.00,623
82.774,16.63,0.09,1.59,14.82,3.18,0.00,658
82.790,16.68,0.10,1.60,14.69,3.35,0.00,658
82.807,16.68,0.09,1.60,14.73,3.33,0.00,657
82.824,16.65,0.12,1.80,14.54,3.31,0.00,692
82.840,16.67,0.09,1.81,14.59,3.49,0.00,690
82.857,16.67,0.08,1.84,14.51,3.46,0.00,693
82.874,16.68,0.13,2.09,14.18,3.43,0.00,719
82.890,16.67,0.14,2.07,14.21,3.59,0.00,722
82.907,16.66,0.11,2.09,14.19,3.56,0.00,724
82.924,16.74,0.10,2.28,13.99,3.53,0.00,763
82.940,16.59,0.15,2.32,14.06,3.69,0.00,763
82.957,16.65,0.09,2.36,13.99,3.64,0.00,766
82.974,16.72,0.10,2.52,13.82,3.61,0.00,800
82.990,16.64,0.11,2.61,13.72,3.77,0.00,801
83.007,16.81,0.09,2.57,13.64,3.69,0.00,802
83.024,16.54,0.18,2.75,13.58,3.69,0.00,839
83.040,16.68,0.09,2.86,13.47,3.83,0.00,842
83.057,16.64,0.10,2.81,13.47,3.80,0.00,845
83.074,16.68,0.15,3.01,13.37,3.75,0.00,879
83.090,16.65,0.09,3.04,13.44,3.91,0.00,879
83.107,16.68,0.10,3.18,13.28,3.81,0.00,878
83.124,16.71,0.11,3.09,13.30,3.82,0.00,912
83.140,16.62,0.10,3.12,13.28,3.94,0.00,913
83.157,16.65,0.10,3.13,13.26,3.90,0.00,913
83.174,16.68,0.13,3.32,13.03,3.86,0.00,966
83.190,16.67,0.19,3.35,12.92,4.07,0.00,968
83.207,16.67,0.10,3.34,12.99,4.04,0.00,968
83.224,16.68,0.11,3.37,12.94,3.99,0.00,969
83.240,16.67,0.12,3.36,12.91,3.97,0.00,968
83.257,16.66,0.12,3.39,12.93,3.95,0.00,968
83.274,16.66,0.13,3.42,12.95,3.91,0.00,969
83.290,16.67,0.10,3.42,12.97,3.88,0.00,964
83.307,16.67,0.12,3.39,12.94,3.84,0.00,968
83.324,16.67,0.14,3.39,12.93,3.82,0.00,968
83.340,16.67,0.12,3.34,13.01,3.79,0.00,966
83.357,16.67,0.10,3.35,13.02,3.73,0.00,964
83.374,16.68,0.21,3.68,12.61,3.73,0.00,1026
83.391,16.66,0.16,3.62,12.73,4.04,0.00,1020
83.407,16.67,0.22,3.67,12.55,3.96,0.00,1017
83.424,16.66,0.24,4.18,12.05,3.99,0.00,1132
83.440,16.67,0.15,4.15,12.20,4.57,0.00,1129
83.457,16.67,0.22,4.16,12.09,4.54,0.00,1129
83.474,16.67,0.16,4.17,12.14,4.53,0.00,1127
83.491,16.67,0.14,4.14,12.17,4.52,0.00,1122
83.507,16.73,0.16,4.14,12.12,4.52,0.00,1115
83.524,16.60,0.15,4.07,12.25,4.52,0.00,1107
83.541,16.69,0.28,4.39,11.85,4.52,0.00,1169
83.557,16.64,0.16,4.36,11.96,4.87,0.00,1163
83.574,16.67,0.17,4.56,11.75,4.83,0.00,1247
83.591,16.67,0.18,4.83,11.52,5.28,0.00,1304
83.607,16.67,0.17,4.85,11.50,5.60,0.00,1297
83.624,16.65,0.15,4.81,11.51,5.62,0.00,1294
83.641,16.69,0.21,4.78,11.44,5.61,0.00,1285
83.657,16.68,0.20,5.04,11.19,5.64,0.00,1341
83.674,16.72,0.19,5.05,11.16,6.00,0.00,1342
83.691,16.60,0.20,5.02,11.26,6.03,0.00,1332
83.707,16.67,0.18,5.01,11.35,6.05,0.00,1326
83.724,16.66,0.16,5.08,11.25,6.04,0.00,1321
83.741,16.68,0.16,4.93,11.48,6.13,0.00,1314
83.757,16.69,0.18,5.18,11.09,6.10,0.00,1368
83.774,16.64,0.18,5.16,11.20,6.48,0.00,1360
83.791,16.66,0.18,5.52,10.86,6.29,0.00,1421
83.807,16.66,0.16,5.44,10.88,6.67,0.00,1410
83.824,16.68,0.16,5.38,11.05,6.72,0.00,1407
83.841,16.71,0.18,5.39,10.98,6.78,0.00,1404
83.857,16.67,0.19,5.75,10.49,6.84,0.00,1468
83.874,16.62,0.20,5.71,10.56,7.23,0.00,1466
83.891,16.67,0.24,5.64,10.64,7.26,0.00,1453
83.907,16.68,0.17,5.64,10.74,7.26,0.00,1445
83.924,16.67,0.16,5.59,10.72,7.34,0.00,1441
83.941,16.66,0.23,5.52,10.73,7.41,0.00,1429
83.957,16.67,0.22,5.38,10.83,7.45,0.00,1414
83.974,16.68,0.20,5.34,10.93,7.48,0.00,1403
83.991,16.65,0.16,5.32,11.00,7.26,0.00,1398
84.007,16.67,0.17,5.25,11.06,7.31,0.00,1393
84.024,16.67,0.18,5.29,11.07,7.30,0.00,1387
84.041,16.66,0.17,5.31,11.05,6.82,0.00,1383
84.057,16.66,0.16,5.15,11.19,6.86,0.00,1376
84.074,16.84,0.18,5.12,11.04,6.90,0.00,1369
84.091,16.52,0.17,5.08,11.27,6.92,0.00,1361
84.107,16.69,0.24,5.51,10.72,6.96,0.00,1424
84.124,16.65,0.17,5.48,10.85,7.30,0.00,1417
84.141,16.83,0.17,5.46,10.66,7.32,0.00,1414
84.157,16.51,0.17,5.46,10.85,7.06,0.00,1412
84.174,16.68,0.26,5.78,10.50,7.10,0.00,1479
84.191,16.68,0.18,5.76,10.74,7.20,0.00,1472
84.207,16.81,0.17,5.77,10.48,6.96,0.00,1463
84.224,16.57,0.20,5.48,10.85,6.99,0.00,1461
84.241,16.70,0.18,5.75,10.46,7.00,0.00,1457
84.257,16.71,0.18,5.72,10.40,7.04,0.00,1454
84.274,16.53,0.17,5.73,10.60,6.77,0.00,1455
84.291,16.68,0.17,5.73,10.69,6.79,0.00,1445
84.307,16.71,0.26,5.73,10.46,6.80,0.00,1439
84.324,16.60,0.18,5.70,10.64,6.78,0.00,1435
84.341,16.70,0.25,5.67,10.64,6.82,0.00,1431
84.357,16.68,0.17,5.65,10.58,6.85,0.00,1425
84.374,16.65,0.17,5.63,10.70,6.62,0.00,1423
84.391,16.67,0.22,5.61,10.64,6.61,0.00,1416
84.407,16.66,0.17,5.62,10.68,6.44,0.00,1414
84.424,16.66,0.20,5.58,10.67,6.46,0.00,1410
84.441,16.67,0.18,5.58,10.72,6.45,0.00,1409
84.457,16.67,0.19,5.59,10.61,6.48,0.00,1408
84.474,16.68,0.22,5.71,10.54,6.19,0.00,1464
84.491,16.66,0.17,5.72,10.59,6.48,0.00,1464
84.507,16.67,0.18,5.71,10.59,6.47,0.00,1463
84.524,16.67,0.17,5.73,10.56,6.49,0.00,1463
84.541,16.70,0.21,5.77,10.52,6.52,0.00,1464
84.557,16.62,0.17,5.79,10.61,6.48,0.00,1464
84.574,16.68,0.19,5.73,10.48,6.52,0.00,1464
84.591,16.69,0.17,5.75,10.69,6.53,0.00,1464
84.607,16.75,0.17,5.79,10.40,6.52,0.00,1464
84.624,16.59,0.23,5.88,10.39,6.52,0.00,1520
84.641,16.66,0.18,5.89,10.39,6.79,0.00,1520
84.657,16.67,0.18,5.89,10.42,6.77,0.00,1521
84.674,16.78,0.17,5.88,10.29,6.83,0.00,1521
84.691,16.56,0.18,5.90,10.41,6.87,0.00,1521
84.707,16.67,0.24,5.90,10.31,6.85,0.00,1520
84.724,16.67,0.19,5.88,10.46,6.51,0.00,1520
84.741,16.65,0.18,5.92,10.41,6.50,0.00,1520
84.757,16.85,0.18,5.89,10.22,6.55,0.00,1520
84.774,16.50,0.22,6.32,9.99,6.52,0.00,1595
84.791,16.64,0.18,6.36,9.99,6.64,0.00,1594
84.807,16.71,0.29,6.30,9.90,6.67,0.00,1591
84.824,16.67,0.25,6.32,9.90,6.60,0.00,1589
84.841,16.66,0.19,6.33,10.06,6.64,0.00,1589
84.857,16.72,0.18,6.36,9.98,6.65,0.00,1590
84.874,16.64,0.25,6.35,9.87,6.59,0.00,1589
84.891,16.66,0.19,6.62,9.68,6.61,0.00,1651
84.907,16.66,0.21,6.63,9.67,6.93,0.00,1651
84.924,16.72,0.22,6.62,9.65,6.91,0.00,1650
84.941,16.62,0.19,6.43,9.86,6.93,0.00,1650
84.957,16.67,0.22,5.10,11.34,6.93,0.00,1710
84.974,16.79,0.29,7.11,9.02,7.21,0.00,1776
84.991,16.53,0.28,7.11,9.10,7.58,0.00,1775
85.007,16.70,0.28,7.31,8.85,7.55,0.00,1838
85.024,16.65,0.29,7.30,8.88,7.88,0.00,1836
85.041,16.68,0.27,7.33,8.97,7.89,0.00,1837
85.057,16.69,0.27,7.33,8.97,7.89,0.00,1838
85.074,16.69,0.26,7.34,8.78,7.89,0.00,1837
85.091,16.62,0.30,7.55,8.72,7.69,0.00,1895
85.107,16.69,0.29,5.95,10.10,7.96,0.00,1895
85.124,16.67,0.21,5.61,10.48,7.97,0.00,1895
85.141,16.66,0.20,5.65,10.69,7.99,0.00,1895
85.157,16.65,0.26,7.22,9.07,7.93,0.00,1895
85.174,16.67,0.26,7.26,9.04,7.99,0.00,1895
85.191,16.70,0.28,5.68,10.34,7.99,0.00,1895
85.207,16.64,0.25,5.73,10.44,8.01,0.00,1975
85.224,16.72,0.21,5.71,10.36,8.44,0.00,1974
85.241,16.61,0.21,5.71,10.47,8.20,0.00,1974
85.257,16.69,0.21,5.70,10.41,8.21,0.00,1974
85.274,16.65,0.24,6.01,10.14,8.26,0.00,2046
85.291,16.67,0.22,5.45,10.85,8.60,0.00,2046
85.307,16.64,0.21,5.55,10.65,8.65,0.00,2046
85.324,16.73,0.22,5.69,10.41,8.62,0.00,2046
85.341,16.63,0.23,5.26,10.89,8.67,0.00,2045
85.357,16.69,0.24,5.50,10.70,8.62,0.00,2045
85.374,16.63,0.22,4.92,11.35,8.66,0.00,2042
85.391,16.67,0.24,5.04,11.17,8.45,0.00,2116
85.407,16.68,0.25,4.74,11.43,8.77,0.00,2172
85.424,16.72,0.23,4.72,11.46,9.09,0.00,2173
85.441,16.61,0.22,4.85,11.29,9.12,0.00,2173
85.457,16.68,0.23,5.35,10.79,9.10,0.00,2173
85.474,16.67,0.23,4.77,11.40,9.12,0.00,2173
85.491,16.73,0.23,4.73,11.43,9.15,0.00,2171
85.507,16.60,0.25,3.88,12.27,8.95,0.00,2170
85.524,16.72,0.23,4.51,11.55,8.89,0.00,2169
85.541,16.62,0.23,4.96,11.23,8.88,0.00,2168
85.557,16.65,0.22,4.55,11.64,8.89,0.00,2167
85.574,16.77,0.23,4.63,11.40,8.73,0.00,2166
85.591,16.57,0.21,4.64,11.55,8.55,0.00,2165
85.607,16.71,0.25,4.70,11.43,8.53,0.00,2165
85.624,16.72,0.29,4.55,11.60,8.29,0.00,2165
85.641,16.56,0.33,5.86,10.43,8.27,0.00,2166
85.657,16.75,0.29,5.82,10.33,8.25,0.00,2165
85.674,16.61,0.28,5.82,10.40,8.25,0.00,2165
85.691,16.64,0.31,5.84,10.39,8.24,0.00,2165
85.707,16.71,0.34,5.84,10.31,8.05,0.00,2165
85.724,16.67,0.29,5.55,10.72,8.02,0.00,2164
85.741,16.68,0.28,5.55,10.65,8.00,0.00,2164
85.758,16.81,0.28,5.12,10.94,7.98,0.00,2164
85.774,16.52,0.29,5.14,11.04,7.96,0.00,2163
85.791,16.66,0.30,5.15,11.11,7.95,0.00,2163
85.807,16.68,0.29,5.16,11.11,7.89,0.00,2162
85.824,16.66,0.28,4.74,11.45,7.61,0.00,2162
85.841,16.81,0.31,4.97,11.08,7.60,0.00,2230
85.857,16.54,0.33,5.34,11.12,7.91,0.00,2230
85.874,16.96,0.34,5.23,10.86,7.87,0.00,2229
85.891,16.58,0.39,5.02,11.08,7.60,0.00,2227
85.908,16.63,0.32,5.05,11.10,7.54,0.00,2227
85.924,16.62,0.33,5.42,10.68,7.54,0.00,2301
85.941,16.59,0.31,5.41,10.77,7.90,0.00,2301
85.957,16.64,0.33,5.63,10.53,7.86,0.00,2379
85.974,16.63,0.31,5.62,10.63,8.23,0.00,2379
85.991,16.68,0.33,5.89,10.32,8.19,0.00,2456
86.007,16.67,0.34,5.88,10.32,8.41,0.00,2455
86.024,16.66,0.32,5.93,10.26,8.20,0.00,2454
86.041,16.67,0.33,6.25,9.94,8.14,0.00,2516
86.057,16.65,0.35,6.32,9.86,8.52,0.00,2516
86.074,16.65,0.38,5.78,10.47,8.52,0.00,2517
86.091,16.77,0.34,5.82,10.30,8.49,0.00,2515
86.107,16.58,0.37,5.82,10.44,8.44,0.00,2515
86.124,16.77,0.32,5.86,10.32,8.46,0.00,2515
86.141,16.62,0.31,5.37,10.83,8.46,0.00,2514
86.157,16.63,0.32,5.38,10.82,8.40,0.00,2514
86.174,16.65,0.31,5.39,10.88,8.42,0.00,2514
86.191,16.72,0.32,5.38,10.80,8.41,0.00,2514
86.207,16.62,0.32,5.37,10.84,8.37,0.00,2514
86.224,16.65,0.32,5.38,10.86,8.39,0.00,2513
86.241,16.69,0.31,5.42,10.85,8.39,0.00,2510
86.257,16.72,0.32,5.43,10.75,8.34,0.00,2509
86.274,16.63,0.38,5.42,10.72,8.34,0.00,2509
86.291,16.64,0.35,5.43,10.77,8.34,0.00,2508
86.307,16.68,0.38,5.44,10.70,8.40,0.00,2506
86.324,16.65,0.36,5.44,10.73,8.31,0.00,2505
86.341,16.71,0.35,5.48,10.70,8.28,0.00,2505
86.357,16.64,0.35,5.50,10.75,8.27,0.00,2505
86.374,16.72,0.33,5.48,10.66,8.22,0.00,2504
86.391,16.65,0.32,5.48,10.73,8.25,0.00,2504
86.407,16.68,0.32,5.47,10.70,8.28,0.00,2503
86.424,16.63,0.32,5.50,10.71,8.22,0.00,2503
86.441,16.65,0.38,5.36,10.80,8.19,0.00,2502
86.457,16.72,0.40,5.39,10.73,7.99,0.00,2502
86.474,16.66,0.31,5.41,10.80,7.97,0.00,2501
86.491,16.64,0.36,5.40,10.88,8.01,0.00,2501
86.508,16.77,0.32,5.43,10.69,7.96,0.00,2501
86.524,16.57,0.32,5.39,10.82,7.92,0.00,2500
86.541,16.66,0.34,5.38,10.80,7.73,0.00,2499
86.557,16.66,0.32,5.41,10.83,7.67,0.00,2498
86.574,16.68,0.33,5.39,10.77,7.38,0.00,2498
86.591,16.68,0.35,5.31,10.85,7.39,0.00,2497
86.607,16.67,0.33,5.38,10.89,7.09,0.00,2497
86.624,16.72,0.38,5.30,10.83,7.05,0.00,2497
86.641,16.61,0.33,5.30,10.88,7.02,0.00,2496
86.657,16.65,0.31,5.29,10.95,6.74,0.00,2496
86.674,16.69,0.38,5.28,10.84,6.71,0.00,2495
86.691,16.84,0.33,5.32,10.70,6.69,0.00,2495
86.707,16.47,0.45,5.27,10.88,6.67,0.00,2494
86.724,16.70,0.32,5.30,10.87,6.65,0.00,2489
86.741,16.68,0.33,4.81,11.33,6.56,0.00,2452
86.757,16.66,0.34,4.81,11.31,6.50,0.00,2452
86.774,16.67,0.35,4.78,11.45,6.48,0.00,2453
86.791,16.72,0.32,4.82,11.37,6.43,0.00,2453
86.807,16.63,0.33,4.82,11.41,6.43,0.00,2453
86.824,16.69,0.33,4.82,11.34,6.38,0.00,2451
86.841,16.63,0.33,4.82,11.48,6.32,0.00,2451
86.858,16.75,0.32,4.50,11.71,6.32,0.00,2448
86.874,16.68,0.33,4.51,11.63,6.29,0.00,2446
86.891,16.61,0.33,4.48,11.71,6.20,0.00,2445
86.907,16.67,0.33,4.55,11.64,6.15,0.00,2446
86.924,16.64,0.32,4.16,12.06,6.19,0.00,2445
86.941,16.67,0.33,4.03,12.11,6.13,0.00,2445
86.958,16.82,0.32,4.02,12.04,6.11,0.00,2444
86.974,16.51,0.31,3.91,12.29,6.09,0.00,2444
86.991,16.68,0.41,3.89,12.16,6.05,0.00,2443
87.007,16.65,0.35,3.87,12.34,6.01,0.00,2442
87.024,16.67,0.37,3.88,12.29,5.97,0.00,2440
87.041,16.64,0.35,3.88,12.32,5.93,0.00,2441
87.057,16.69,0.30,3.78,12.53,5.91,0.00,2441
87.074,16.74,0.31,3.78,12.47,5.87,0.00,2439
87.091,16.70,0.32,3.79,12.38,5.87,0.00,2437
87.108,16.64,0.31,3.79,12.40,5.81,0.00,2436
87.124,16.64,0.37,3.77,12.42,5.80,0.00,2434
87.141,16.70,0.32,3.79,12.34,5.75,0.00,2434
87.157,16.58,0.30,3.76,12.49,5.73,0.00,2434
87.174,16.68,0.31,3.45,12.82,5.69,0.00,2419
87.191,16.71,0.32,3.47,12.73,5.68,0.00,2418
87.208,16.65,0.31,3.48,12.77,5.62,0.00,2415
87.224,16.71,0.32,3.48,12.62,5.61,0.00,2415
87.241,16.63,0.32,2.97,13.22,5.52,0.00,2410
87.257,16.63,0.30,2.96,13.29,5.54,0.00,2410
87.274,16.66,0.35,2.98,13.26,5.50,0.00,2411
87.291,16.74,0.31,2.99,13.18,5.50,0.00,2410
87.307,16.60,0.31,3.02,13.22,5.46,0.00,2411
87.324,16.68,0.37,2.98,13.21,5.39,0.00,2410
87.341,16.68,0.32,2.98,13.24,5.40,0.00,2410
87.357,16.66,0.31,2.84,13.42,5.38,0.00,2410
87.374,16.71,0.30,2.56,13.68,5.32,0.00,2410
87.391,16.67,0.30,2.54,13.65,5.32,0.00,2411
87.407,16.62,0.36,2.56,13.61,5.32,0.00,2411
87.424,16.66,0.30,2.54,13.71,5.27,0.00,2408
87.441,16.69,0.32,2.57,13.66,5.23,0.00,2408
87.458,16.68,0.31,2.57,13.66,5.23,0.00,2407
87.474,16.65,0.30,2.57,13.65,5.18,0.00,2408
87.491,16.65,0.34,2.58,13.65,5.15,0.00,2406
87.508,16.70,0.32,2.55,13.65,5.15,0.00,2406
87.524,16.65,0.31,2.54,13.79,5.11,0.00,2406
87.541,16.79,0.31,2.60,13.57,5.07,0.00,2406
87.558,16.62,0.31,2.62,13.59,5.04,0.00,2406
87.574,16.68,0.31,2.56,13.66,4.98,0.00,2406
87.591,16.68,0.31,2.63,13.52,5.00,0.00,2404
87.608,16.59,0.32,2.57,13.78,4.96,0.00,2403
87.624,16.83,0.33,2.58,13.49,4.93,0.00,2403
87.641,16.52,0.31,2.58,13.68,4.90,0.00,2402
87.658,16.70,0.41,2.59,13.52,4.86,0.00,2399
87.674,16.65,0.31,2.59,13.60,4.82,0.00,2399
87.691,16.64,0.30,2.58,13.65,4.78,0.00,2399
87.708,16.65,0.35,2.58,13.59,4.76,0.00,2399
87.724,16.70,0.39,2.55,13.55,4.71,0.00,2398
87.741,16.66,0.31,2.57,13.69,4.70,0.00,2397
87.758,16.68,0.32,2.65,13.52,4.69,0.00,2392
87.774,16.66,0.36,2.58,13.60,4.61,0.00,2389
87.791,16.65,0.33,2.60,13.62,4.60,0.00,2387
87.808,16.65,0.31,2.19,13.99,4.55,0.00,2376
87.824,16.69,0.33,2.19,14.02,4.50,0.00,2374
87.841,16.65,0.37,2.17,14.02,4.46,0.00,2369
87.858,16.67,0.31,2.18,14.09,4.39,0.00,2361
87.874,16.74,0.31,2.15,14.06,4.42,0.00,2358
87.891,16.67,0.32,1.71,14.44,4.38,0.00,2321
87.908,16.60,0.31,1.71,14.50,4.33,0.00,2321
87.924,16.65,0.36,1.53,14.67,4.32,0.00,2317
87.941,16.68,0.31,1.52,14.70,4.27,0.00,2311
87.958,16.66,0.33,1.38,14.83,4.27,0.00,2302
87.974,16.66,0.36,1.37,14.83,4.21,0.00,2298
87.991,16.69,0.35,1.36,14.80,4.18,0.00,2293
88.008,16.68,0.31,0.91,15.23,4.17,0.00,2201
88.024,16.66,0.36,0.94,15.23,4.09,0.00,2200
88.041,16.64,0.35,0.93,15.32,4.04,0.00,2198
88.058,16.70,0.31,0.91,15.34,4.03,0.00,2195
88.074,16.69,0.32,0.97,15.21,4.03,0.00,2193
88.091,16.62,0.32,0.93,15.24,4.00,0.00,2192
88.108,16.69,0.31,0.91,15.33,3.98,0.00,2191
88.124,16.68,0.39,0.95,15.27,3.95,0.00,2188
88.141,16.73,0.31,0.97,15.15,3.94,0.00,2185
88.158,16.56,0.35,0.92,15.26,3.91,0.00,2184
88.174,16.73,0.35,0.94,15.32,3.90,0.00,2180
88.191,16.74,0.32,0.96,15.23,3.88,0.00,2177
88.208,16.64,0.31,0.95,15.41,3.86,0.00,2171
88.224,16.81,0.36,0.97,15.04,3.80,0.00,2169
88.241,16.51,0.31,0.93,15.25,3.81,0.00,2167
88.258,16.63,0.31,0.95,15.27,3.78,0.00,2164
88.274,16.68,0.32,0.93,15.29,3.78,0.00,2159
88.291,16.67,0.32,0.98,15.17,3.70,0.00,2159
88.308,16.61,0.30,0.91,15.38,3.74,0.00,2154
88.324,16.73,0.30,0.96,15.20,3.71,0.00,2152
88.341,16.60,0.31,1.00,15.23,3.70,0.00,2151
88.358,16.66,0.36,0.94,15.30,3.68,0.00,2151
88.374,16.75,0.30,0.94,15.22,3.64,0.00,2150
88.391,16.59,0.30,0.95,15.31,3.66,0.00,2143
88.408,16.69,0.31,0.93,15.25,3.63,0.00,2139
88.424,16.67,0.38,0.93,15.20,3.63,0.00,2137
88.441,16.64,0.31,0.93,15.38,3.55,0.00,2136
88.458,16.73,0.31,0.96,15.22,3.55,0.00,2129
88.474,16.62,0.33,0.96,15.25,3.57,0.00,2128
88.491,16.68,0.30,0.96,15.27,3.50,0.00,2125
88.508,16.65,0.32,0.91,15.29,3.53,0.00,2123
88.524,16.65,0.36,0.93,15.21,3.52,0.00,2123
88.541,16.70,0.30,0.95,15.26,3.50,0.00,2119
88.558,16.63,0.33,0.94,15.31,3.48,0.00,2117
88.574,16.69,0.30,0.93,15.31,3.47,0.00,2114
88.591,16.69,0.35,0.97,15.16,3.44,0.00,2112
88.608,16.75,0.32,0.91,15.31,3.45,0.00,2104
88.624,16.68,0.31,1.00,15.11,3.44,0.00,2098
88.641,16.57,0.37,0.94,15.20,3.40,0.00,2094
88.658,16.67,0.31,0.92,15.24,3.40,0.00,2091
88.674,16.66,0.32,0.92,15.28,3.37,0.00,2088
88.691,16.64,0.30,0.94,15.32,3.36,0.00,2084
88.708,16.68,0.41,0.95,15.27,3.34,0.00,2077
88.724,16.75,0.30,0.96,15.21,3.35,0.00,2069
88.741,16.61,0.30,0.96,15.34,3.31,0.00,2067
88.758,16.73,0.30,0.92,15.23,3.29,0.00,2061
88.774,16.58,0.32,0.95,15.38,3.30,0.00,2057
88.791,16.80,0.31,0.92,15.18,3.27,0.00,2052
88.808,16.54,0.30,0.92,15.36,3.27,0.00,2049
88.824,16.71,0.32,0.94,15.25,3.25,0.00,2048
88.841,16.65,0.30,0.94,15.28,3.23,0.00,2044
88.858,16.65,0.31,0.93,15.34,3.20,0.00,2040
88.874,16.72,0.31,0.94,15.17,3.21,0.00,2035
88.891,16.67,0.39,0.93,15.19,3.20,0.00,2029
88.908,16.62,0.35,0.92,15.27,3.18,0.00,2020
88.924,16.67,0.30,0.92,15.31,3.16,0.00,2014
88.941,16.67,0.29,0.90,15.36,3.16,0.00,2005
88.958,16.67,0.29,0.92,15.32,3.14,0.00,2001
88.974,16.67,0.29,0.94,15.32,3.13,0.00,1996
88.991,16.67,0.33,0.92,15.27,3.11,0.00,1988
89.008,16.70,0.31,0.91,15.26,3.09,0.00,1981
89.024,16.73,0.34,0.95,15.14,3.04,0.00,1972
89.041,16.59,0.29,0.91,15.31,3.07,0.00,1968
89.058,16.67,0.34,0.91,15.32,3.08,0.00,1958
89.074,16.69,0.29,0.93,15.24,3.05,0.00,1952
89.091,16.63,0.30,0.91,15.27,3.04,0.00,1947
89.108,16.67,0.31,0.90,15.37,3.03,0.00,1939
89.124,16.71,0.35,0.92,15.20,3.01,0.00,1936
89.141,16.64,0.31,0.93,15.27,3.01,0.00,1931
89.158,16.64,0.29,0.89,15.37,3.00,0.00,1927
89.174,16.66,0.28,0.90,15.40,2.98,0.00,1916
89.191,16.71,0.38,0.95,15.17,2.95,0.00,1907
89.208,16.62,0.28,0.89,15.37,2.97,0.00,1901
89.224,16.72,0.31,0.90,15.29,2.93,0.00,1895
89.241,16.68,0.29,0.89,15.38,2.93,0.00,1890
89.258,16.68,0.29,0.89,15.29,2.91,0.00,1880
89.274,16.60,0.29,0.87,15.37,2.90,0.00,1875
89.291,16.66,0.29,0.88,15.35,2.90,0.00,1863
89.308,16.69,0.29,0.87,15.34,2.87,0.00,1860
89.324,16.63,0.28,0.91,15.31,2.86,0.00,1856
89.341,16.70,0.29,0.88,15.31,2.86,0.00,1852
89.358,16.67,0.30,0.89,15.41,2.85,0.00,1846
89.374,16.76,0.29,0.89,15.20,2.85,0.00,1835
89.391,16.58,0.28,0.89,15.32,2.79,0.00,1830
89.408,16.67,0.27,0.88,15.40,2.82,0.00,1825
89.424,16.68,0.33,0.91,15.30,2.81,0.00,1821
89.441,16.65,0.28,0.87,15.42,2.80,0.00,1815
89.458,16.70,0.28,0.91,15.29,2.79,0.00,1806
89.474,16.67,0.30,0.87,15.31,2.78,0.00,1797
89.491,16.65,0.32,0.88,15.28,2.78,0.00,1788
89.508,16.66,0.29,0.86,15.35,2.77,0.00,1784
89.524,16.67,0.36,0.86,15.27,2.76,0.00,1775
89.541,16.66,0.29,0.83,15.45,2.76,0.00,1765
89.558,16.70,0.30,0.88,15.36,2.73,0.00,1756
89.574,16.65,0.28,0.87,15.35,2.72,0.00,1746
89.591,16.68,0.27,0.87,15.38,2.71,0.00,1740
89.608,16.64,0.29,0.87,15.41,2.72,0.00,1732
89.624,16.69,0.28,0.88,15.38,2.70,0.00,1730
89.641,16.68,0.26,0.87,15.39,2.70,0.00,1721
89.658,16.64,0.27,0.86,15.35,2.69,0.00,1710
89.674,16.64,0.27,0.87,15.38,2.68,0.00,1702
89.691,16.70,0.27,0.85,15.35,2.68,0.00,1696
89.708,16.65,0.36,0.83,15.28,2.68,0.00,1688
89.724,16.67,0.27,0.83,15.40,2.65,0.00,1679
89.741,16.69,0.27,0.84,15.48,2.65,0.00,1666
89.758,16.72,0.27,0.85,15.26,2.64,0.00,1660
89.774,16.60,0.30,0.83,15.32,2.62,0.00,1651
89.791,16.67,0.30,0.85,15.32,2.64,0.00,1642
89.808,16.67,0.27,0.83,15.49,2.61,0.00,1630
89.824,16.71,0.27,0.85,15.37,2.60,0.00,1625
89.841,16.61,0.29,0.83,15.47,2.60,0.00,1618
89.858,16.74,0.27,0.83,15.50,2.58,0.00,1612
89.875,16.79,0.28,0.88,14.99,2.53,0.00,1605
89.891,16.50,0.22,0.61,15.70,2.57,0.00,1597
89.908,16.68,0.26,0.83,15.38,2.57,0.00,1590
89.924,16.66,0.34,0.80,15.36,2.56,0.00,1579
89.941,16.67,0.27,0.81,15.56,2.55,0.00,1569
89.958,16.79,0.27,0.83,15.42,2.49,0.00,1563
89.975,16.65,0.27,0.82,15.47,2.49,0.00,1556
89.991,16.70,0.27,0.84,15.36,2.53,0.00,1545
90.008,16.61,0.27,0.82,15.39,2.52,0.00,1535
90.024,16.62,0.26,0.79,15.53,2.51,0.00,1526
90.041,16.72,0.27,0.83,15.44,2.52,0.00,1518
90.058,16.69,0.27,0.81,15.56,2.50,0.00,1516
90.075,16.78,0.27,0.85,15.08,2.49,0.00,1512
90.091,16.43,0.21,0.62,15.70,2.50,0.00,1506
90.108,16.64,0.22,0.62,15.65,2.51,0.00,1498
90.124,16.69,0.21,0.71,15.54,2.48,0.00,1490
90.141,16.68,0.24,0.62,15.52,2.48,0.00,1481
90.158,16.66,0.27,0.63,15.73,2.46,0.00,1474
90.175,16.77,0.27,0.83,15.54,2.43,0.00,1468
90.191,16.77,0.27,0.82,15.35,2.46,0.00,1464
90.208,16.59,0.26,0.83,15.36,2.46,0.00,1458
90.224,16.60,0.34,0.85,15.45,2.45,0.00,1454
90.241,16.80,0.20,0.81,15.49,2.45,0.00,1447
90.258,16.66,0.20,0.81,15.42,2.44,0.00,1441
90.275,16.57,0.19,0.81,15.59,2.43,0.00,1431
90.291,16.74,0.18,0.81,15.53,2.43,0.00,1426
90.308,16.69,0.19,0.78,15.37,2.42,0.00,1418
90.324,16.49,0.32,0.80,15.33,2.41,0.00,1415
90.341,16.67,0.20,0.79,15.57,2.36,0.00,1408
90.358,16.68,0.19,0.78,15.74,2.40,0.00,1404
90.375,16.84,0.21,0.88,15.35,2.41,0.00,1394
90.391,16.59,0.19,0.82,15.44,2.41,0.00,1382
90.408,16.60,0.18,0.73,15.73,2.39,0.00,1376
90.425,16.80,0.18,0.73,15.54,2.39,0.00,1370
90.441,16.60,0.18,0.73,15.63,2.38,0.00,1364
90.458,16.68,0.18,0.75,15.58,2.37,0.00,1355
90.475,16.67,0.19,0.72,15.63,2.38,0.00,1352
90.491,16.69,0.18,0.74,15.61,2.37,0.00,1349
90.508,16.67,0.18,0.69,15.67,2.36,0.00,1342
90.525,16.72,0.19,0.72,15.43,2.37,0.00,1335
90.541,16.48,0.19,0.73,15.71,2.36,0.00,1329
90.558,16.77,0.22,0.69,15.59,2.35,0.00,1323
90.575,16.64,0.22,0.74,15.58,2.34,0.00,1319
90.591,16.67,0.18,0.70,15.83,2.35,0.00,1310
90.608,16.85,0.18,0.78,15.48,2.33,0.00,1302
90.625,16.64,0.19,0.74,15.48,2.33,0.00,1296
90.641,16.55,0.18,0.76,15.64,2.28,0.00,1283
90.658,16.72,0.18,0.71,15.66,2.33,0.00,1278
90.675,16.69,0.18,0.69,15.57,2.32,0.00,1271
90.691,16.58,0.17,0.72,15.67,2.32,0.00,1263
90.708,16.70,0.18,0.73,15.71,2.27,0.00,1259
90.725,16.76,0.17,0.76,15.43,2.28,0.00,1251
90.741,16.51,0.17,0.69,15.73,2.30,0.00,1243
90.758,16.75,0.18,0.76,15.58,2.30,0.00,1240
90.775,16.69,0.18,0.72,15.71,2.31,0.00,1224
90.791,16.76,0.18,0.75,15.45,2.29,0.00,1216
90.808,16.50,0.17,0.69,15.66,2.29,0.00,1206
90.825,16.66,0.18,0.68,15.72,2.28,0.00,1199
90.841,16.72,0.18,0.70,15.61,2.28,0.00,1194
90.858,16.63,0.17,0.71,15.58,2.28,0.00,1185
90.874,16.59,0.18,0.71,15.64,2.28,0.00,1174
90.891,16.67,0.17,0.67,15.64,2.26,0.00,1169
90.908,16.67,0.18,0.70,15.58,2.27,0.00,1165
90.924,16.67,0.17,0.68,15.64,2.23,0.00,1162
90.941,16.69,0.35,0.71,15.52,2.26,0.00,1153
90.958,16.70,0.17,0.66,15.66,2.27,0.00,1147
90.974,16.60,0.16,0.65,15.66,2.26,0.00,1142
90.991,16.69,0.18,0.66,15.62,2.26,0.00,1138
91.008,16.67,0.16,0.64,15.71,2.25,0.00,1134
91.025,16.68,0.19,0.67,15.61,2.26,0.00,1127
91.041,16.66,0.20,0.66,15.68,2.24,0.00,1115
91.058,16.65,0.17,0.66,15.65,2.23,0.00,1106
91.074,16.68,0.21,0.65,15.73,2.24,0.00,1100
91.091,16.72,0.16,0.66,15.61,2.23,0.00,1094
91.108,16.62,0.25,0.65,15.59,2.22,0.00,1081
91.125,16.68,0.16,0.64,15.77,2.23,0.00,1072
91.141,16.67,0.17,0.64,15.66,2.23,0.00,1066
91.158,16.65,0.16,0.62,15.76,2.21,0.00,1055
91.174,16.66,0.16,0.66,15.66,2.22,0.00,1050
91.191,16.67,0.16,0.63,15.72,2.22,0.00,1043
91.208,16.68,0.21,0.64,15.60,2.21,0.00,1033
91.225,16.70,0.16,0.63,15.65,2.21,0.00,1024
91.241,16.63,0.21,0.63,15.61,2.20,0.00,1015
91.258,16.80,0.15,0.61,15.58,2.21,0.00,1007
91.275,16.54,0.15,0.62,15.72,2.21,0.00,996
91.291,16.66,0.16,0.61,15.69,2.21,0.00,989
91.308,16.67,0.16,0.62,15.68,2.19,0.00,985
91.325,16.67,0.15,0.60,15.73,2.20,0.00,978
91.341,16.67,0.15,0.58,15.73,2.20,0.00,971
91.358,16.67,0.20,0.59,15.75,2.19,0.00,967
91.374,16.65,0.15,0.60,15.77,2.20,0.00,957
91.391,16.70,0.17,0.60,15.64,2.18,0.00,949
91.408,16.74,0.17,0.61,15.58,2.19,0.00,939
91.425,16.58,0.19,0.62,15.64,2.19,0.00,934
91.441,16.67,0.15,0.61,15.68,2.14,0.00,933
91.458,16.67,0.19,0.60,15.67,2.19,0.00,929
91.475,16.67,0.14,0.57,15.74,2.18,0.00,923
91.491,16.67,0.17,0.60,15.82,2.19,0.00,909
91.508,16.73,0.20,0.66,15.57,2.16,0.00,901
91.525,16.60,0.17,0.59,15.70,2.18,0.00,893
91.541,16.67,0.15,0.60,15.81,2.17,0.00,888
91.558,16.67,0.14,0.59,15.76,2.16,0.00,887
91.575,16.67,0.17,0.60,15.69,2.16,0.00,878
91.591,16.67,0.15,0.57,15.76,2.16,0.00,868
91.608,16.67,0.20,0.58,15.68,2.16,0.00,863
91.625,16.67,0.14,0.56,15.80,2.17,0.00,856
91.641,16.67,0.14,0.59,15.68,2.17,0.00,849
91.658,16.67,0.14,0.55,15.75,2.15,0.00,840
91.675,16.66,0.17,0.58,15.70,2.17,0.00,833
91.691,16.67,0.18,0.56,15.75,2.15,0.00,822
91.708,16.67,0.10,0.58,15.77,2.16,0.00,815
91.725,16.68,0.10,0.55,15.76,2.15,0.00,806
91.741,16.69,0.11,0.57,15.74,2.15,0.00,798
91.758,16.64,0.11,0.56,15.80,2.14,0.00,792
91.775,16.67,0.10,0.60,15.73,2.15,0.00,779
91.791,16.75,0.10,0.51,15.78,2.15,0.00,769
91.808,16.66,0.11,0.54,15.70,2.14,0.00,763
91.825,16.61,0.10,0.56,15.82,2.14,0.00,759
91.841,16.65,0.11,0.58,15.80,2.14,0.00,752
91.858,16.67,0.11,0.55,15.87,2.14,0.00,743
91.875,16.65,0.10,0.55,15.84,2.14,0.00,736
91.891,16.68,0.10,0.53,15.78,2.13,0.00,725
91.908,16.67,0.11,0.55,15.93,2.12,0.00,719
91.925,16.73,0.10,0.58,15.69,2.14,0.00,714
91.941,16.61,0.13,0.55,15.79,2.13,0.00,707
91.958,16.65,0.09,0.51,15.85,2.12,0.00,697
91.975,16.67,0.16,0.51,15.87,2.13,0.00,683
91.991,16.66,0.10,0.51,15.83,2.08,0.00,677
92.008,16.68,0.09,0.46,15.92,2.12,0.00,667
92.025,16.66,0.14,0.51,15.80,2.11,0.00,660
92.041,16.67,0.09,0.48,15.90,2.11,0.00,655
92.058,16.67,0.09,0.49,15.87,2.11,0.00,650
92.075,16.67,0.09,0.54,15.85,2.11,0.00,645
92.091,16.67,0.15,0.50,15.74,2.11,0.00,638
92.108,16.74,0.13,0.48,15.80,2.11,0.00,628
92.125,16.61,0.11,0.48,15.95,2.10,0.00,618
92.141,16.65,0.10,0.48,15.88,2.11,0.00,614
92.158,16.68,0.10,0.49,15.83,2.11,0.00,607
92.175,16.68,0.10,0.45,15.93,2.11,0.00,600
92.191,16.67,0.11,0.48,15.83,2.11,0.00,597
92.208,16.67,0.13,0.47,15.83,2.11,0.00,591
92.225,16.66,0.09,0.46,15.88,2.11,0.00,584
92.241,16.68,0.13,0.48,15.81,2.10,0.00,576
92.258,16.74,0.09,0.42,15.84,2.11,0.00,573
92.275,16.69,0.09,0.49,15.74,2.10,0.00,568
92.291,16.57,0.13,0.45,15.84,2.10,0.00,564
92.308,16.67,0.10,0.45,15.96,2.10,0.00,558
92.325,16.65,0.10,0.48,15.94,2.09,0.00,553
92.341,16.69,0.09,0.49,15.84,2.10,0.00,547
92.358,16.66,0.17,0.47,15.77,2.09,0.00,534
92.375,16.66,0.11,0.45,15.96,2.10,0.00,523
92.391,16.69,0.12,0.47,15.80,2.09,0.00,513
92.408,16.66,0.11,0.43,15.84,2.09,0.00,508
92.425,16.66,0.11,0.44,15.82,2.09,0.00,502
92.441,16.66,0.11,0.43,15.82,2.09,0.00,496
92.458,16.67,0.06,0.34,16.20,2.09,0.00,490
92.475,16.74,0.08,0.47,15.95,2.10,0.00,485
92.491,16.60,0.08,0.49,15.91,2.08,0.00,480
92.508,16.74,0.08,0.47,15.82,2.09,0.00,475
92.525,16.59,0.06,0.42,16.09,2.09,0.00,462
92.541,16.70,0.05,0.53,15.95,2.10,0.00,455
92.558,16.63,0.05,0.45,15.98,2.09,0.00,446
92.575,16.72,0.14,0.45,15.88,2.09,0.00,441
92.591,16.59,0.05,0.46,15.97,2.08,0.00,436
92.608,16.70,0.05,0.42,15.93,2.09,0.00,428
92.625,16.67,0.05,0.49,16.00,2.08,0.00,421
92.641,16.66,0.05,0.48,15.92,2.09,0.00,415
92.658,16.69,0.05,0.46,16.01,2.08,0.00,405
92.675,16.63,0.05,0.42,16.09,2.08,0.00,396
92.691,16.67,0.04,0.41,16.04,2.08,0.00,389
92.708,16.69,0.06,0.43,16.05,2.09,0.00,381
92.725,16.65,0.05,0.43,15.99,2.09,0.00,373
92.741,16.70,0.07,0.45,15.94,2.09,0.00,366
92.758,16.66,0.04,0.41,15.98,2.08,0.00,358
92.775,16.66,0.04,0.41,15.99,2.09,0.00,350
92.791,16.67,0.06,0.41,15.92,2.09,0.00,339
92.808,16.68,0.04,0.42,15.95,2.08,0.00,332
92.825,16.70,0.03,0.42,16.08,2.08,0.00,321
92.841,16.66,0.02,0.43,15.93,2.08,0.00,314
92.858,16.66,0.04,0.39,16.03,2.07,0.00,311
92.875,16.63,0.02,0.39,16.04,2.08,0.00,303
92.891,16.67,0.02,0.40,16.05,2.07,0.00,286
92.908,16.67,0.02,0.38,16.02,2.08,0.00,277
92.925,16.67,0.02,0.38,16.07,2.07,0.00,272
92.941,16.66,0.02,0.39,16.04,2.07,0.00,264
92.958,16.68,0.02,0.36,16.04,2.07,0.00,261
92.975,16.67,0.03,0.38,16.00,2.07,0.00,259
92.991,16.73,0.02,0.37,15.94,2.07,0.00,251
93.008,16.59,0.02,0.36,16.11,2.06,0.00,247
93.025,16.66,0.02,0.37,16.01,2.08,0.00,244
93.041,16.69,0.09,0.37,16.01,2.08,0.00,231
93.058,16.65,0.01,0.33,16.31,2.08,0.00,221
93.075,16.78,0.03,0.37,16.07,2.07,0.00,207
93.091,16.58,0.02,0.43,15.92,2.07,0.00,201
93.108,16.71,0.01,0.33,16.02,2.06,0.00,198
93.125,16.62,0.01,0.37,16.18,2.08,0.00,191
93.141,16.67,0.00,0.37,16.03,2.07,0.00,216
