t,frameMs,tickMs,buildMs,encodeMs,gpuMs,inkMs,instances
0.000,32.84,0.00,0.15,1.46,0.00,0.00,361
0.017,16.69,0.01,0.08,0.59,6.59,0.00,361
0.033,16.66,0.01,0.08,0.65,1.56,0.00,360
0.050,16.60,0.00,0.09,0.07,1.58,0.00,360
0.067,16.74,0.00,0.08,0.07,1.58,0.00,359
0.083,16.68,0.01,0.08,0.07,1.57,0.00,360
0.100,16.66,0.01,0.13,0.13,1.57,0.00,360
0.117,16.68,0.02,0.19,0.26,1.59,0.00,360
0.133,16.62,0.09,0.22,0.29,1.59,0.00,360
0.150,16.64,0.02,0.20,0.26,1.61,0.00,361
0.167,16.66,0.03,0.22,0.28,1.62,0.00,364
0.183,16.67,0.02,0.21,0.28,1.62,0.00,363
0.200,16.73,0.02,0.21,16.54,1.63,0.00,363
0.236,35.50,0.02,0.24,0.44,1.64,0.00,361
0.250,14.57,0.02,0.21,0.29,5.42,0.00,364
0.267,16.61,0.02,0.20,0.27,4.81,0.00,363
0.283,16.69,0.03,0.40,0.38,5.63,0.00,366
0.300,16.68,0.03,0.53,0.42,5.47,0.00,364
0.317,16.73,0.03,0.52,0.47,5.27,0.00,365
0.333,16.62,0.03,0.54,0.55,5.09,0.00,362
0.381,47.14,0.02,0.28,0.47,4.97,0.00,359
0.383,2.75,0.01,0.19,0.22,1.68,0.00,358
0.400,16.67,0.01,0.13,0.10,1.68,0.00,359
0.417,16.72,0.01,0.12,0.10,4.61,0.00,359
0.433,16.68,0.01,0.11,0.08,4.57,0.00,359
0.450,16.67,0.01,0.11,0.08,1.69,0.00,359
0.467,16.66,0.01,0.13,0.09,1.69,0.00,357
0.483,16.68,0.03,0.26,0.31,1.69,0.00,356
0.500,16.60,0.03,0.26,0.29,4.59,0.00,357
0.520,20.28,0.02,0.26,0.30,1.71,0.00,356
0.533,13.07,0.02,0.23,0.25,3.86,0.00,356
0.550,16.78,0.02,0.24,0.29,3.33,0.00,354
0.567,16.60,0.02,0.24,0.28,4.55,0.00,354
0.583,16.74,0.03,0.24,0.31,4.49,0.00,352
0.600,16.60,0.02,0.25,0.28,4.50,0.00,352
0.617,16.73,0.02,0.24,0.29,4.51,0.00,353
0.633,16.61,0.03,0.30,0.34,4.54,0.00,349
0.650,16.73,0.03,0.31,0.37,1.65,0.00,349
0.667,16.62,0.03,0.31,0.41,4.49,0.00,346
0.683,16.73,0.03,0.31,0.40,1.62,0.00,346
0.700,16.60,0.02,0.33,0.37,1.62,0.00,346
0.717,16.72,0.03,0.31,0.30,4.43,0.00,346
0.733,16.56,0.04,0.34,0.37,4.49,0.00,345
0.750,16.68,0.02,0.26,0.32,1.61,0.00,342
0.767,16.74,0.03,0.34,0.42,4.56,0.00,341
0.783,16.58,0.02,0.31,0.33,1.58,0.00,340
0.800,16.68,0.03,0.45,0.42,2.34,0.00,340
0.817,16.70,0.02,0.31,0.33,1.56,0.00,337
0.833,16.63,0.02,0.32,0.35,1.56,0.00,336
0.850,16.68,0.03,0.46,0.42,1.55,0.00,336
0.867,16.66,0.03,0.40,0.42,1.54,0.00,334
0.883,16.70,0.04,0.39,0.41,1.53,0.00,330
0.900,16.64,0.03,0.42,0.41,1.53,0.00,330
0.917,16.68,0.02,0.39,0.44,1.53,0.00,328
0.933,16.65,0.03,0.40,0.42,1.53,0.00,327
0.950,16.67,0.03,0.40,0.40,1.52,0.00,325
0.967,16.69,0.03,0.40,0.42,1.51,0.00,323
0.983,16.70,0.03,0.40,0.40,1.51,0.00,322
1.000,16.63,0.04,0.52,0.51,1.51,0.00,322
1.017,16.67,0.03,0.51,0.49,1.50,0.00,319
1.033,16.67,0.05,0.52,0.52,1.49,0.00,315
1.050,16.67,0.03,0.52,0.50,1.52,0.00,313
1.067,16.67,0.05,0.53,0.52,1.52,0.00,313
1.083,16.70,0.04,0.54,0.51,1.50,0.00,312
1.100,16.64,0.02,0.21,0.28,1.48,0.00,309
1.117,16.64,0.02,0.26,0.33,1.50,0.00,307
1.133,16.68,0.03,0.42,0.39,1.48,0.00,306
1.150,16.69,0.03,0.48,0.51,1.48,0.00,305
1.167,16.69,0.03,0.48,0.52,1.48,0.00,302
1.183,16.65,0.06,0.50,0.49,1.48,0.00,297
1.200,16.69,0.04,0.47,0.45,1.49,0.00,298
1.217,16.68,0.05,0.49,0.51,1.49,0.00,299
1.233,16.66,0.05,0.48,0.48,1.50,0.00,298
1.250,16.64,0.03,0.51,0.48,1.51,0.00,295
1.267,16.68,0.03,0.49,0.45,1.49,0.00,293
1.283,16.65,0.04,0.47,0.46,1.49,0.00,291
1.300,16.70,0.03,0.50,0.50,1.49,0.00,290
1.317,16.66,0.04,0.51,0.49,1.48,0.00,289
1.333,16.67,0.04,0.50,0.50,1.48,0.00,284
1.350,16.73,0.03,0.51,0.47,1.50,0.00,284
1.367,16.60,0.05,0.47,0.43,1.50,0.00,284
1.383,16.68,0.03,0.46,0.40,1.49,0.00,283
1.400,16.68,0.03,0.50,0.42,1.50,0.00,281
1.417,16.64,0.04,0.45,0.39,1.49,0.00,280
1.433,16.69,0.03,0.48,0.45,1.50,0.00,278
1.450,16.67,0.05,0.48,0.47,1.48,0.00,277
1.467,16.65,0.04,0.49,0.39,1.47,0.00,277
1.483,16.68,0.27,0.89,0.44,1.48,0.00,330
1.500,16.70,0.07,0.74,0.44,2.59,0.00,331
1.517,16.71,0.08,0.75,0.41,2.33,0.00,329
1.533,16.60,0.06,0.73,0.41,2.33,0.00,327
1.550,16.78,0.06,0.73,0.41,2.32,0.00,325
1.567,16.65,0.06,0.72,0.39,2.30,0.00,323
1.584,16.69,0.06,0.75,0.42,2.30,0.00,319
1.600,16.62,0.07,0.77,0.40,2.29,0.00,318
1.617,16.69,0.06,0.73,0.37,2.29,0.00,318
1.634,16.65,0.06,0.74,0.42,2.27,0.00,317
1.650,16.69,0.07,0.74,0.39,2.31,0.00,318
1.667,16.67,0.06,0.73,0.38,2.31,0.00,319
1.684,16.67,0.06,0.73,0.38,2.32,0.00,316
1.700,16.63,0.07,0.75,0.43,2.32,0.00,353
1.717,16.61,0.07,0.59,0.41,2.37,0.00,355
1.733,16.66,0.07,0.77,0.56,2.43,0.00,358
1.750,16.74,0.06,0.77,0.43,2.43,0.00,361
1.767,16.68,0.06,0.77,0.42,2.45,0.00,362
1.783,16.54,0.02,0.25,0.16,2.44,0.00,365
1.800,16.68,0.02,0.25,0.17,2.46,0.00,366
1.817,16.67,0.02,0.27,0.20,2.45,0.00,372
1.833,16.67,0.02,0.25,0.16,2.46,0.00,374
1.850,16.66,0.02,0.26,0.15,2.45,0.00,377
1.867,16.71,0.03,0.31,0.21,2.46,0.00,379
1.883,16.63,0.02,0.29,0.17,2.47,0.00,378
1.900,16.66,0.02,0.30,0.18,1.88,0.00,381
1.917,16.67,0.02,0.30,0.19,1.88,0.00,383
1.933,16.71,0.03,0.29,0.24,1.88,0.00,389
1.950,16.63,0.03,0.30,0.23,1.91,0.00,394
1.967,16.67,0.03,0.29,0.23,1.92,0.00,395
1.983,16.65,0.10,0.31,0.18,1.91,0.00,446
2.000,16.68,0.03,0.32,0.20,2.10,0.00,456
2.017,16.67,0.03,0.31,0.20,2.23,0.00,463
2.033,16.66,0.02,0.31,0.20,2.23,0.00,466
2.050,16.71,0.04,0.32,0.25,2.23,0.00,470
2.067,16.65,0.03,0.32,0.27,2.21,0.00,470
2.084,16.72,0.04,0.41,0.30,2.21,0.00,475
2.100,16.62,0.04,0.42,0.32,2.23,0.00,478
2.117,16.65,0.04,0.41,0.26,2.23,0.00,479
2.133,16.70,0.03,0.40,0.28,2.23,0.00,480
2.150,16.68,0.04,0.42,0.31,2.19,0.00,481
2.167,16.63,0.03,0.27,0.26,2.20,0.00,482
2.184,16.75,0.04,0.43,0.31,2.17,0.00,485
2.200,16.64,0.04,0.28,0.23,2.18,0.00,485
2.217,16.73,0.04,0.42,0.30,2.17,0.00,486
2.233,16.56,0.04,0.39,0.22,2.17,0.00,487
2.250,16.68,0.03,0.39,0.24,2.16,0.00,486
2.267,16.66,0.03,0.38,0.21,2.16,0.00,488
2.283,16.68,0.03,0.39,0.21,2.17,0.00,490
2.300,16.66,0.03,0.38,0.21,2.15,0.00,490
2.317,16.67,0.03,0.38,0.21,2.16,0.00,494
2.333,16.67,0.03,0.39,0.22,2.14,0.00,496
2.350,16.67,0.03,0.39,0.21,2.14,0.00,497
2.367,16.69,0.04,0.57,0.32,2.14,0.00,498
2.384,16.67,0.05,0.57,0.33,2.13,0.00,496
2.400,16.66,0.05,0.57,0.29,2.15,0.00,499
2.417,16.67,0.04,0.56,0.28,2.14,0.00,499
2.434,16.69,0.04,0.57,0.34,2.15,0.00,497
2.450,16.66,0.04,0.55,0.33,2.13,0.00,494
2.467,16.70,0.04,0.59,0.35,2.11,0.00,494
2.484,16.63,0.04,0.57,0.30,2.11,0.00,495
2.500,16.67,0.04,0.57,0.29,2.11,0.00,497
2.517,16.66,0.04,0.56,0.29,2.09,0.00,495
2.534,16.68,0.04,0.55,0.30,2.08,0.00,491
2.550,16.66,0.04,0.58,0.32,2.10,0.00,490
2.567,16.67,0.04,0.57,0.30,2.09,0.00,493
2.584,16.67,0.05,0.59,0.30,2.09,0.00,491
2.600,16.67,0.05,0.77,0.38,2.08,0.00,487
2.617,16.69,0.08,0.77,0.42,2.08,0.00,486
2.634,16.67,0.05,0.74,0.37,2.05,0.00,483
2.650,16.65,0.06,0.75,0.39,2.05,0.00,480
2.667,16.68,0.07,0.74,0.37,2.05,0.00,478
2.684,16.67,0.07,0.77,0.42,2.04,0.00,477
2.700,16.67,0.07,0.74,0.37,2.06,0.00,474
2.717,16.69,0.05,0.74,0.37,2.05,0.00,470
2.734,16.73,0.06,0.78,0.45,2.05,0.00,467
2.750,16.62,0.06,0.78,0.47,2.03,0.00,464
2.767,16.63,0.07,0.77,0.44,2.03,0.00,464
2.784,16.67,0.07,0.75,0.42,2.03,0.00,462
2.800,16.67,0.07,0.74,0.41,2.02,0.00,459
2.817,16.68,0.07,0.75,0.40,2.03,0.00,458
2.834,16.65,0.08,0.73,0.38,2.02,0.00,457
2.850,16.67,0.07,0.74,0.36,2.05,0.00,454
2.867,16.67,0.07,0.76,0.41,2.04,0.00,453
2.884,16.67,0.07,0.75,0.37,2.03,0.00,449
2.900,16.68,0.05,0.73,0.37,2.03,0.00,446
2.917,16.67,0.05,0.73,0.38,2.05,0.00,440
2.934,16.67,0.07,0.78,0.43,2.04,0.00,434
2.950,16.65,0.07,0.75,0.43,2.03,0.00,430
2.967,16.67,0.08,0.75,0.44,2.02,0.00,424
2.984,16.66,0.08,0.73,0.41,2.01,0.00,415
3.000,16.74,0.07,0.73,0.50,1.76,0.00,413
3.017,16.59,0.08,0.72,0.43,1.76,0.00,409
3.034,16.70,0.05,0.69,0.38,1.73,0.00,408
3.050,16.64,0.07,0.70,0.39,1.73,0.00,406
3.067,16.72,0.06,0.70,0.42,1.76,0.00,405
3.084,16.66,0.06,0.70,0.39,1.75,0.00,404
3.100,16.64,0.07,0.73,0.45,1.76,0.00,402
3.117,16.66,0.06,0.73,0.44,1.76,0.00,401
3.134,16.67,0.09,0.96,0.39,1.72,0.00,456
3.150,16.68,0.07,0.92,0.36,2.59,0.00,454
3.167,16.65,0.08,0.94,0.37,2.58,0.00,452
3.184,16.68,0.07,0.94,0.40,2.57,0.00,450
3.200,16.67,0.08,0.93,0.37,2.56,0.00,449
3.217,16.76,0.07,0.97,0.43,2.55,0.00,447
3.234,16.58,0.08,0.95,0.39,2.55,0.00,444
3.250,16.67,0.08,0.94,0.38,2.55,0.00,441
3.267,16.69,0.07,0.94,0.40,2.54,0.00,437
3.284,16.65,0.09,0.95,0.37,2.54,0.00,440
3.300,16.68,0.08,0.97,0.47,2.58,0.00,436
3.317,16.67,0.09,0.98,0.46,2.58,0.00,433
3.334,16.69,0.07,0.97,0.40,2.59,0.00,429
3.350,16.68,0.07,0.96,0.41,2.58,0.00,438
3.367,16.64,0.09,0.94,0.40,2.62,0.00,440
3.384,16.67,0.08,0.96,0.37,2.63,0.00,439
3.400,16.68,0.07,0.94,0.41,2.63,0.00,439
3.417,16.66,0.08,0.93,0.37,2.64,0.00,438
3.434,16.79,0.07,0.94,0.42,2.64,0.00,438
3.450,16.56,0.08,0.77,0.39,2.63,0.00,431
3.467,16.68,0.09,0.78,0.44,2.63,0.00,432
3.484,16.65,0.08,0.77,0.44,2.63,0.00,433
3.500,16.66,0.08,0.76,0.39,2.62,0.00,434
3.517,16.67,0.08,0.75,0.38,2.62,0.00,437
3.534,16.67,0.07,0.74,0.37,2.64,0.00,436
3.550,16.67,0.09,0.75,0.38,2.05,0.00,435
3.567,16.67,0.07,0.75,0.37,2.04,0.00,436
3.584,16.68,0.08,0.75,0.38,2.05,0.00,438
3.600,16.67,0.06,0.74,0.36,2.09,0.00,442
3.617,16.66,0.08,0.79,0.42,2.07,0.00,442
3.634,16.70,0.06,0.77,0.45,2.09,0.00,444
3.650,16.76,0.05,0.41,0.31,2.08,0.00,447
3.667,16.54,0.08,0.79,0.46,2.09,0.00,447
3.684,16.67,0.08,0.80,0.44,2.10,0.00,449
3.700,16.67,0.08,0.80,0.42,2.10,0.00,452
3.717,16.66,0.08,0.77,0.39,2.07,0.00,454
3.734,16.67,0.08,0.75,0.38,2.12,0.00,455
3.750,16.67,0.07,0.76,0.37,2.13,0.00,457
3.767,16.67,0.06,0.76,0.39,2.15,0.00,460
3.784,16.67,0.08,0.76,0.37,2.16,0.00,464
3.800,16.68,0.07,0.76,0.39,2.16,0.00,466
3.817,16.72,0.07,0.78,0.45,2.16,0.00,470
3.834,16.61,0.07,0.76,0.39,2.16,0.00,471
3.850,16.67,0.07,0.75,0.38,2.18,0.00,472
3.867,16.69,0.08,0.81,0.44,2.17,0.00,473
3.884,16.65,0.07,0.76,0.38,2.17,0.00,475
3.900,16.66,0.07,0.74,0.38,2.21,0.00,477
3.917,16.67,0.07,0.74,0.37,2.21,0.00,479
3.934,16.67,0.07,0.75,0.37,2.22,0.00,480
3.950,16.67,0.07,0.69,0.40,2.19,0.00,477
3.967,16.66,0.08,0.72,0.41,2.21,0.00,478
3.984,16.69,0.24,0.83,0.46,2.18,0.00,569
4.000,16.66,0.11,0.80,0.45,2.37,0.00,578
4.017,16.66,0.10,0.79,0.38,2.47,0.00,576
4.034,16.67,0.11,0.80,0.45,2.47,0.00,573
4.050,16.66,0.10,0.79,0.38,2.50,0.00,573
4.067,16.67,0.10,0.80,0.42,2.48,0.00,572
4.084,16.67,0.10,0.77,0.40,2.47,0.00,571
4.100,16.70,0.09,0.80,0.39,2.46,0.00,570
4.117,16.64,0.10,0.80,0.42,2.45,0.00,571
4.134,16.68,0.10,0.77,0.39,2.45,0.00,572
4.150,16.65,0.10,0.79,0.37,2.45,0.00,570
4.167,16.67,0.10,0.78,0.38,2.44,0.00,568
4.184,16.67,0.10,0.77,0.37,2.44,0.00,568
4.200,16.68,0.10,0.81,0.46,2.45,0.00,568
4.217,16.65,0.10,0.80,0.38,2.45,0.00,568
4.234,16.66,0.10,0.77,0.37,2.43,0.00,564
4.250,16.67,0.11,0.81,0.42,2.43,0.00,563
4.267,16.67,0.10,0.77,0.38,2.41,0.00,562
4.284,16.68,0.09,0.79,0.37,2.42,0.00,561
4.300,16.66,0.10,0.78,0.38,2.41,0.00,559
4.317,16.66,0.10,0.76,0.39,2.41,0.00,557
4.334,16.67,0.10,0.78,0.37,2.40,0.00,556
4.350,16.67,0.10,0.78,0.38,2.42,0.00,557
4.367,16.66,0.10,0.77,0.45,2.42,0.00,556
4.384,16.67,0.10,0.79,0.38,2.39,0.00,553
4.400,16.67,0.09,0.79,0.40,2.40,0.00,550
4.417,16.68,0.11,0.81,0.42,2.37,0.00,550
4.434,16.66,0.11,0.80,0.46,2.37,0.00,551
4.450,16.68,0.10,0.80,0.42,2.36,0.00,551
4.467,16.67,0.09,0.76,0.37,2.35,0.00,550
4.484,16.65,0.11,0.80,0.43,2.35,0.00,549
4.500,16.66,0.11,0.80,0.42,2.36,0.00,548
4.517,16.68,0.09,0.80,0.41,2.35,0.00,546
4.534,16.66,0.09,0.77,0.38,2.35,0.00,542
4.550,16.67,0.10,0.79,0.37,2.34,0.00,541
4.567,16.68,0.09,0.77,0.39,2.33,0.00,540
4.584,16.65,0.09,0.76,0.37,2.32,0.00,538
4.600,16.67,0.09,0.76,0.37,2.31,0.00,536
4.617,16.68,0.10,0.80,0.44,2.29,0.00,531
4.634,16.66,0.11,0.73,0.38,2.28,0.00,528
4.650,16.68,0.09,0.76,0.39,1.92,0.00,527
4.667,16.65,0.10,0.74,0.37,1.89,0.00,527
4.684,16.67,0.09,0.73,0.39,1.92,0.00,526
4.700,16.67,0.10,0.74,0.42,1.92,0.00,528
4.717,16.69,0.09,0.74,0.38,1.92,0.00,527
4.734,16.68,0.09,0.74,0.41,1.91,0.00,527
4.750,16.63,0.10,0.75,0.39,1.89,0.00,525
4.767,16.66,0.09,0.74,0.40,1.89,0.00,525
4.784,16.69,0.09,0.74,0.37,1.89,0.00,524
4.800,16.66,0.10,0.73,0.39,1.91,0.00,523
4.817,16.69,0.09,0.75,0.41,1.90,0.00,521
4.834,16.66,0.10,0.72,0.38,1.89,0.00,518
4.850,16.66,0.11,0.73,0.38,1.87,0.00,517
4.867,16.81,0.09,0.77,0.46,1.87,0.00,516
4.884,16.52,0.10,0.75,0.39,1.87,0.00,515
4.900,16.68,0.10,0.74,0.38,1.87,0.00,514
4.917,16.67,0.11,0.75,0.43,1.84,0.00,512
4.934,16.68,0.06,0.40,0.30,1.84,0.00,509
4.950,16.67,0.06,0.33,0.26,1.85,0.00,508
4.967,16.67,0.08,0.82,0.52,1.83,0.00,507
4.984,16.67,0.08,0.77,0.45,1.83,0.00,503
5.000,16.66,0.07,0.76,0.43,1.81,0.00,502
5.017,16.66,0.07,0.73,0.40,1.80,0.00,502
5.034,16.66,0.08,0.72,0.40,1.80,0.00,497
5.050,16.67,0.07,0.73,0.39,1.77,0.00,493
5.067,16.66,0.08,0.72,0.38,1.77,0.00,490
5.084,16.68,0.08,0.73,0.37,1.74,0.00,484
5.100,16.68,0.08,0.53,0.38,1.77,0.00,466
5.117,16.66,0.06,0.58,0.41,1.71,0.00,464
5.134,16.68,0.08,0.56,0.42,1.70,0.00,464
5.150,16.66,0.08,0.52,0.41,1.70,0.00,460
5.167,16.68,0.06,0.53,0.40,1.68,0.00,458
5.184,16.64,0.07,0.51,0.38,1.65,0.00,457
5.200,16.68,0.08,0.53,0.44,1.63,0.00,456
5.217,16.66,0.08,0.51,0.39,1.67,0.00,454
5.234,16.68,0.11,0.78,0.38,1.62,0.00,505
5.250,16.66,0.11,0.79,0.44,2.57,0.00,503
5.267,16.67,0.11,0.77,0.40,2.56,0.00,504
5.284,16.67,0.15,0.81,0.47,2.55,0.00,503
5.300,16.66,0.13,0.82,0.44,2.55,0.00,501
5.317,16.68,0.12,0.78,0.43,2.53,0.00,500
5.334,16.70,0.11,0.80,0.41,2.53,0.00,499
5.350,16.62,0.11,0.77,0.38,2.53,0.00,498
5.367,16.71,0.11,0.80,0.44,2.53,0.00,495
5.384,16.63,0.12,0.80,0.42,2.51,0.00,496
5.400,16.68,0.10,0.80,0.37,2.50,0.00,497
5.417,16.66,0.11,0.78,0.37,2.51,0.00,498
5.434,16.68,0.10,0.79,0.36,2.51,0.00,497
5.450,16.66,0.12,0.80,0.46,2.48,0.00,498
5.467,16.76,0.12,0.84,0.48,2.50,0.00,500
5.484,16.67,0.12,0.84,0.48,2.49,0.00,500
5.501,16.63,0.13,0.84,0.50,2.49,0.00,499
5.517,16.62,0.14,0.84,0.51,2.49,0.00,498
5.534,16.66,0.11,0.80,0.46,2.49,0.00,501
5.550,16.70,0.10,0.83,0.44,2.52,0.00,503
5.567,16.67,0.11,0.83,0.49,2.53,0.00,502
5.584,16.69,0.11,0.81,0.46,2.53,0.00,501
5.600,16.63,0.11,0.82,0.44,2.52,0.00,503
5.617,16.67,0.11,0.84,0.47,2.53,0.00,504
5.634,16.65,0.12,0.85,0.48,2.52,0.00,503
5.650,16.70,0.10,0.82,0.47,1.95,0.00,503
5.667,16.66,0.12,0.84,0.48,1.95,0.00,506
5.684,16.65,0.11,0.83,0.48,1.99,0.00,506
5.701,16.76,0.12,0.86,0.54,1.99,0.00,511
5.717,16.57,0.10,0.81,0.43,1.99,0.00,512
5.734,16.67,0.11,0.81,0.47,2.00,0.00,513
5.750,16.67,0.10,0.80,0.43,2.01,0.00,514
5.767,16.68,0.13,0.85,0.50,2.01,0.00,515
5.784,16.66,0.12,0.82,0.48,2.01,0.00,517
5.800,16.67,0.11,0.82,0.51,2.02,0.00,519
5.817,16.67,0.10,0.81,0.45,2.03,0.00,522
5.834,16.69,0.12,0.85,0.49,2.07,0.00,522
5.851,16.65,0.10,0.82,0.44,2.06,0.00,519
5.867,16.65,0.12,0.82,0.49,2.06,0.00,521
5.884,16.68,0.11,0.83,0.50,2.06,0.00,524
5.901,16.70,0.11,0.84,0.51,2.08,0.00,526
5.917,16.65,0.10,0.86,0.55,2.07,0.00,528
5.934,16.64,0.12,0.83,0.48,2.08,0.00,528
5.951,16.67,0.10,0.75,0.48,2.09,0.00,527
5.967,16.70,0.11,0.77,0.48,2.08,0.00,527
5.984,16.63,0.23,0.86,0.50,2.11,0.00,590
6.001,16.68,0.10,0.86,0.49,2.35,0.00,599
6.017,16.70,0.11,0.87,0.50,2.41,0.00,598
6.034,16.68,0.11,0.90,0.53,2.42,0.00,598
6.050,16.62,0.10,0.85,0.49,2.41,0.00,598
6.067,16.69,0.12,0.90,0.52,2.41,0.00,598
6.084,16.65,0.10,0.85,0.47,2.41,0.00,597
6.101,16.69,0.14,0.90,0.49,2.40,0.00,597
6.117,16.69,0.11,0.86,0.50,2.40,0.00,598
6.134,16.65,0.11,0.86,0.49,2.41,0.00,596
6.151,16.76,0.10,0.87,0.49,2.41,0.00,595
6.167,16.59,0.11,0.87,0.48,2.40,0.00,593
6.184,16.64,0.10,0.87,0.45,2.39,0.00,590
6.201,16.68,0.10,0.87,0.48,2.38,0.00,591
6.217,16.67,0.12,0.87,0.47,2.39,0.00,590
6.234,16.67,0.10,0.88,0.45,2.38,0.00,591
6.251,16.66,0.10,0.85,0.43,2.37,0.00,589
6.267,16.67,0.10,0.86,0.42,2.36,0.00,587
6.284,16.68,0.10,0.86,0.47,2.37,0.00,588
6.301,16.83,0.11,0.90,0.50,2.37,0.00,588
6.317,16.49,0.10,0.87,0.45,2.36,0.00,586
6.334,16.68,0.10,0.89,0.51,2.36,0.00,583
6.351,16.75,0.11,0.89,0.51,2.35,0.00,583
6.367,16.67,0.11,0.88,0.54,2.34,0.00,584
6.384,16.59,0.10,0.88,0.51,2.33,0.00,583
6.401,16.67,0.11,0.89,0.53,2.33,0.00,583
6.417,16.67,0.11,0.88,0.52,2.33,0.00,583
6.434,16.67,0.11,0.88,0.51,2.34,0.00,581
6.451,16.66,0.11,0.89,0.51,2.33,0.00,581
6.467,16.66,0.11,0.87,0.46,2.33,0.00,577
6.484,16.72,0.11,0.89,0.51,2.33,0.00,575
6.501,16.62,0.10,0.88,0.49,2.32,0.00,573
6.517,16.67,0.11,0.88,0.51,2.32,0.00,569
6.534,16.81,0.12,0.90,0.52,2.33,0.00,568
6.551,16.61,0.12,0.89,0.49,2.33,0.00,568
6.567,16.61,0.13,0.89,0.49,2.32,0.00,566
6.584,16.67,0.13,0.89,0.50,2.33,0.00,567
6.601,16.68,0.11,0.88,0.50,2.34,0.00,569
6.617,16.63,0.11,0.87,0.53,2.33,0.00,567
6.634,16.66,0.13,0.89,0.51,2.34,0.00,561
6.651,16.68,0.10,0.88,0.49,2.33,0.00,559
6.667,16.68,0.11,0.90,0.53,2.33,0.00,557
6.684,16.67,0.12,0.89,0.51,2.33,0.00,555
6.701,16.65,0.12,0.88,0.49,2.32,0.00,553
6.717,16.66,0.17,1.19,0.56,2.31,0.00,595
6.734,16.67,0.12,1.15,0.43,3.21,0.00,588
6.751,16.69,0.12,1.15,0.45,2.86,0.00,587
6.767,16.65,0.13,1.13,0.44,2.86,0.00,585
6.784,16.66,0.12,1.14,0.45,2.85,0.00,585
6.801,16.68,0.12,1.16,0.46,2.85,0.00,581
6.817,16.67,0.13,1.19,0.52,2.84,0.00,581
6.834,16.74,0.12,1.20,0.48,2.84,0.00,579
6.851,16.60,0.13,1.20,0.52,2.83,0.00,577
6.867,16.68,0.13,1.19,0.51,2.83,0.00,577
6.884,16.66,0.13,1.20,0.53,2.81,0.00,576
6.901,16.67,0.13,1.22,0.51,2.81,0.00,577
6.917,16.65,0.15,1.22,0.51,2.83,0.00,579
6.934,16.66,0.14,1.23,0.53,2.83,0.00,579
6.951,16.66,0.13,1.20,0.49,2.83,0.00,580
6.967,16.67,0.12,1.22,0.49,2.84,0.00,580
6.984,16.68,0.15,1.24,0.50,2.84,0.00,579
7.001,16.66,0.13,1.25,0.53,2.84,0.00,581
7.017,16.68,0.13,1.22,0.55,2.86,0.00,583
7.034,16.66,0.13,1.22,0.52,2.89,0.00,586
7.051,16.65,0.12,1.21,0.50,2.89,0.00,588
7.067,16.68,0.12,1.19,0.49,2.90,0.00,586
7.084,16.72,0.13,1.23,0.50,2.90,0.00,586
7.101,16.69,0.12,1.25,0.49,2.92,0.00,585
7.117,16.59,0.14,1.21,0.52,2.91,0.00,583
7.134,16.69,0.12,1.24,0.50,2.33,0.00,582
7.151,16.66,0.14,1.25,0.52,2.34,0.00,582
7.167,16.66,0.13,1.25,0.50,2.36,0.00,584
7.184,16.66,0.09,0.90,0.40,2.39,0.00,583
7.201,16.70,0.12,0.98,0.50,2.39,0.00,581
7.217,16.63,0.14,0.99,0.52,2.39,0.00,580
7.234,16.70,0.12,0.99,0.49,2.39,0.00,581
7.251,16.71,0.14,1.00,0.51,2.40,0.00,582
7.267,16.61,0.11,0.97,0.51,2.41,0.00,583
7.284,16.71,0.12,1.01,0.51,2.42,0.00,583
7.301,16.68,0.11,0.98,0.51,2.42,0.00,589
7.317,16.60,0.14,0.97,0.50,2.44,0.00,590
7.334,16.67,0.11,0.95,0.50,2.48,0.00,590
7.351,16.68,0.14,0.99,0.52,2.48,0.00,592
7.367,16.74,0.11,0.98,0.53,2.51,0.00,592
7.384,16.69,0.12,0.98,0.52,2.50,0.00,592
7.401,16.58,0.13,0.99,0.52,2.50,0.00,593
7.417,16.66,0.11,0.97,0.52,2.52,0.00,594
7.434,16.68,0.11,0.98,0.50,2.54,0.00,596
7.451,16.68,0.12,1.00,0.50,2.54,0.00,598
7.467,16.74,0.09,0.81,0.41,2.55,0.00,599
7.484,16.66,0.10,0.76,0.41,2.57,0.00,603
7.501,16.65,0.09,0.73,0.41,2.59,0.00,602
7.517,16.59,0.11,0.74,0.39,2.58,0.00,601
7.534,16.68,0.11,0.97,0.49,2.60,0.00,604
7.551,16.69,0.11,0.99,0.52,2.59,0.00,604
7.567,16.66,0.12,0.98,0.49,2.59,0.00,603
7.584,16.66,0.13,0.98,0.55,2.59,0.00,604
7.601,16.74,0.11,0.96,0.50,2.59,0.00,606
7.617,16.58,0.14,0.97,0.50,2.58,0.00,607
7.634,16.68,0.13,0.98,0.50,2.68,0.00,610
7.651,16.67,0.12,0.95,0.53,2.67,0.00,611
7.667,16.67,0.12,0.97,0.54,2.66,0.00,612
7.684,16.65,0.12,0.98,0.48,2.66,0.00,613
7.701,16.68,0.12,0.96,0.43,2.67,0.00,612
7.717,16.65,0.10,0.71,0.39,2.67,0.00,616
7.734,16.68,0.12,0.92,0.39,2.70,0.00,617
7.751,16.67,0.08,0.72,0.33,2.69,0.00,618
7.767,16.73,0.09,0.69,0.31,2.67,0.00,617
7.784,16.59,0.08,0.70,0.32,2.66,0.00,620
7.801,16.67,0.07,0.69,0.29,2.65,0.00,619
7.817,16.68,0.08,0.69,0.33,2.64,0.00,618
7.834,16.66,0.08,0.69,0.30,2.63,0.00,619
7.851,16.66,0.07,0.69,0.29,2.62,0.00,621
7.867,16.69,0.08,0.69,0.32,2.62,0.00,620
7.884,16.65,0.08,0.70,0.33,2.62,0.00,620
7.901,16.66,0.09,0.68,0.32,2.60,0.00,622
7.917,16.67,0.08,0.67,0.29,2.61,0.00,626
7.934,16.67,0.07,0.69,0.30,2.64,0.00,626
7.951,16.67,0.08,0.62,0.31,2.63,0.00,628
7.967,16.68,0.07,0.61,0.32,2.60,0.00,627
7.984,16.73,0.18,0.70,0.36,2.60,0.00,641
8.001,16.61,0.11,0.93,0.45,2.69,0.00,647
8.017,16.66,0.12,0.91,0.41,2.73,0.00,649
8.034,16.71,0.10,0.94,0.44,2.74,0.00,651
8.051,16.62,0.12,0.91,0.39,2.74,0.00,650
8.067,16.69,0.12,0.91,0.39,2.73,0.00,647
8.084,16.65,0.12,0.93,0.47,2.73,0.00,647
8.101,16.68,0.11,0.94,0.47,2.73,0.00,647
8.117,16.66,0.10,0.90,0.40,2.72,0.00,646
8.134,16.68,0.11,0.91,0.46,2.72,0.00,645
8.151,16.64,0.08,0.68,0.31,2.70,0.00,643
8.167,16.74,0.08,0.68,0.31,2.69,0.00,642
8.184,16.60,0.11,0.89,0.39,2.68,0.00,633
8.201,16.67,0.11,0.88,0.38,2.67,0.00,619
8.217,16.67,0.13,0.88,0.42,2.64,0.00,612
8.234,16.68,0.09,0.87,0.37,2.22,0.00,613
8.251,16.65,0.12,0.87,0.39,2.21,0.00,613
8.267,16.67,0.11,0.87,0.39,2.20,0.00,613
8.284,16.68,0.10,0.86,0.37,2.20,0.00,612
8.301,16.65,0.11,0.87,0.38,2.18,0.00,612
8.317,16.70,0.10,0.85,0.40,2.18,0.00,610
8.334,16.63,0.11,0.86,0.36,2.17,0.00,608
8.351,16.68,0.11,0.86,0.38,2.16,0.00,606
8.367,16.67,0.11,0.87,0.38,2.16,0.00,606
8.384,16.68,0.10,0.86,0.39,2.18,0.00,604
8.401,16.65,0.12,0.86,0.38,2.17,0.00,604
8.417,16.66,0.11,0.86,0.38,2.18,0.00,599
8.434,16.67,0.11,0.87,0.37,2.17,0.00,596
8.451,16.67,0.10,0.85,0.37,2.16,0.00,594
8.467,16.67,0.11,0.86,0.38,2.15,0.00,592
8.484,16.66,0.11,0.86,0.37,2.15,0.00,592
8.501,16.67,0.11,0.87,0.38,2.14,0.00,590
8.517,16.66,0.25,1.25,0.40,2.14,0.00,655
8.534,16.68,0.15,1.29,0.48,3.14,0.00,652
8.551,16.67,0.15,1.25,0.45,3.13,0.00,650
8.567,16.66,0.14,1.24,0.40,3.13,0.00,647
8.584,16.68,0.14,1.23,0.39,3.12,0.00,645
8.601,16.68,0.13,1.27,0.40,3.12,0.00,623
8.617,16.65,0.13,1.25,0.41,3.09,0.00,619
8.634,16.69,0.12,1.27,0.40,3.07,0.00,615
8.651,16.67,0.14,1.28,0.42,3.06,0.00,609
8.667,16.67,0.13,1.30,0.44,3.07,0.00,597
8.684,16.65,0.14,0.97,0.41,3.03,0.00,573
8.701,16.67,0.13,0.98,0.40,3.01,0.00,576
8.717,16.71,0.13,0.99,0.44,3.04,0.00,576
8.734,16.63,0.14,0.99,0.40,3.03,0.00,578
8.751,16.67,0.13,0.99,0.40,3.03,0.00,581
8.767,16.67,0.13,1.02,0.40,3.07,0.00,584
8.784,16.67,0.13,0.99,0.39,3.06,0.00,587
8.801,16.67,0.13,1.00,0.36,3.06,0.00,590
8.817,16.67,0.13,1.01,0.40,3.08,0.00,592
8.834,16.66,0.13,1.01,0.39,3.11,0.00,594
8.851,16.67,0.13,1.01,0.38,3.11,0.00,598
8.867,16.67,0.13,1.03,0.40,3.12,0.00,602
8.884,16.66,0.13,1.01,0.39,3.12,0.00,605
8.901,16.67,0.13,1.04,0.44,3.12,0.00,608
8.917,16.66,0.13,1.00,0.40,3.12,0.00,608
8.934,16.67,0.12,1.02,0.39,2.55,0.00,611
8.951,16.67,0.12,1.01,0.40,2.56,0.00,612
8.967,16.68,0.14,1.05,0.46,2.56,0.00,616
8.984,16.68,0.12,1.02,0.42,2.62,0.00,618
9.001,16.65,0.12,1.03,0.39,2.62,0.00,619
9.017,16.67,0.13,1.02,0.39,2.62,0.00,619
9.034,16.66,0.13,1.04,0.43,2.62,0.00,624
9.051,16.67,0.13,1.04,0.44,2.64,0.00,624
9.067,16.68,0.13,1.06,0.51,2.62,0.00,628
9.084,16.73,0.13,1.03,0.50,2.64,0.00,627
9.101,16.62,0.13,1.03,0.52,2.65,0.00,630
9.117,16.66,0.14,1.02,0.45,2.65,0.00,635
9.134,16.66,0.13,1.03,0.46,2.69,0.00,638
9.151,16.66,0.13,1.02,0.46,2.70,0.00,639
9.168,16.75,0.12,1.06,0.51,2.72,0.00,641
9.184,16.59,0.15,1.04,0.49,2.72,0.00,641
9.201,16.76,0.12,1.05,0.50,2.74,0.00,645
9.217,16.58,0.12,1.03,0.47,2.74,0.00,648
9.234,16.70,0.14,1.03,0.49,2.75,0.00,651
9.251,16.71,0.13,1.02,0.49,2.77,0.00,655
9.267,16.64,0.14,1.03,0.50,2.78,0.00,658
9.284,16.61,0.16,1.04,0.47,2.82,0.00,660
9.301,16.67,0.12,1.00,0.43,2.83,0.00,663
9.317,16.66,0.12,0.99,0.43,2.84,0.00,664
9.334,16.75,0.12,1.00,0.51,2.84,0.00,665
9.351,16.61,0.12,0.99,0.50,2.84,0.00,667
9.367,16.67,0.13,1.00,0.50,2.85,0.00,669
9.384,16.70,0.13,1.01,0.49,2.86,0.00,672
9.401,16.71,0.12,1.01,0.54,2.87,0.00,671
9.417,16.58,0.14,0.99,0.48,2.88,0.00,671
9.434,16.66,0.13,0.96,0.43,2.92,0.00,674
9.451,16.75,0.12,0.96,0.49,2.91,0.00,674
9.467,16.59,0.13,0.98,0.51,2.91,0.00,675
9.484,16.70,0.12,0.95,0.53,2.91,0.00,676
9.501,16.72,0.12,0.99,0.50,2.92,0.00,676
9.517,16.58,0.13,0.95,0.51,2.91,0.00,676
9.534,16.77,0.12,0.95,0.50,2.91,0.00,678
9.551,16.64,0.13,0.95,0.52,2.91,0.00,676
9.567,16.60,0.13,0.91,0.50,2.91,0.00,677
9.584,16.67,0.13,0.94,0.54,2.93,0.00,677
9.601,16.75,0.12,0.94,0.52,2.93,0.00,676
9.617,16.59,0.12,0.92,0.51,2.92,0.00,674
9.634,16.68,0.12,0.93,0.52,2.91,0.00,673
9.651,16.66,0.14,0.95,0.54,2.92,0.00,671
9.668,16.68,0.12,0.92,0.53,2.90,0.00,669
9.684,16.68,0.13,0.93,0.54,2.91,0.00,667
9.701,16.65,0.13,0.93,0.54,2.90,0.00,664
9.717,16.67,0.12,0.92,0.53,2.89,0.00,665
9.734,16.68,0.12,0.91,0.49,2.98,0.00,661
9.751,16.66,0.12,0.90,0.51,2.97,0.00,660
9.768,16.67,0.12,0.90,0.51,2.95,0.00,654
9.784,16.68,0.12,0.91,0.51,2.94,0.00,656
9.801,16.64,0.11,0.90,0.54,2.95,0.00,659
9.818,16.68,0.12,0.91,0.51,2.96,0.00,660
9.834,16.66,0.12,0.92,0.54,2.96,0.00,658
9.851,16.66,0.12,0.89,0.49,2.96,0.00,657
9.867,16.67,0.12,0.91,0.47,2.94,0.00,655
9.884,16.76,0.12,0.89,0.50,2.95,0.00,652
9.901,16.67,0.12,0.91,0.51,2.95,0.00,642
9.918,16.59,0.12,0.88,0.50,2.92,0.00,634
9.934,16.73,0.14,0.90,0.53,2.92,0.00,629
9.951,16.60,0.14,0.82,0.50,2.91,0.00,623
9.968,16.74,0.12,0.82,0.57,2.89,0.00,617
9.984,16.61,0.24,0.95,0.52,2.87,0.00,638
10.001,16.67,0.14,0.93,0.53,3.05,0.00,649
10.018,16.73,0.13,0.86,0.50,3.23,0.00,645
10.034,16.61,0.12,0.85,0.49,2.44,0.00,644
10.051,16.65,0.13,0.87,0.50,2.44,0.00,643
10.068,16.68,0.13,0.88,0.50,2.42,0.00,643
10.084,16.67,0.12,0.86,0.51,2.43,0.00,643
10.101,16.66,0.13,0.90,0.53,2.42,0.00,640
10.118,16.71,0.11,0.87,0.52,2.43,0.00,641
10.134,16.64,0.12,0.87,0.51,2.42,0.00,641
10.151,16.65,0.14,0.86,0.53,2.42,0.00,640
10.168,16.75,0.12,0.91,0.53,2.43,0.00,639
10.184,16.60,0.14,0.89,0.54,2.44,0.00,639
10.201,16.66,0.12,0.88,0.52,2.43,0.00,640
10.218,16.70,0.15,0.86,0.52,2.43,0.00,641
10.234,16.64,0.12,0.87,0.56,2.44,0.00,642
10.251,16.68,0.12,0.86,0.50,2.43,0.00,642
10.268,16.71,0.12,0.88,0.51,2.42,0.00,642
10.284,16.64,0.16,0.89,0.53,2.42,0.00,642
10.301,16.68,0.20,0.90,0.52,2.42,0.00,641
10.318,16.68,0.14,0.88,0.50,2.41,0.00,640
10.334,16.62,0.12,0.88,0.53,2.43,0.00,639
10.351,16.67,0.12,0.87,0.51,2.42,0.00,639
10.368,16.68,0.12,0.86,0.50,2.41,0.00,639
10.384,16.73,0.12,0.87,0.50,2.40,0.00,637
10.401,16.60,0.12,0.94,0.53,2.39,0.00,635
10.418,16.67,0.14,0.88,0.51,2.38,0.00,636
10.434,16.76,0.11,0.72,0.40,2.37,0.00,635
10.451,16.57,0.12,0.86,0.49,2.36,0.00,634
10.468,16.74,0.12,0.88,0.51,2.34,0.00,632
10.484,16.56,0.08,0.33,0.35,2.35,0.00,630
10.501,16.71,0.09,0.48,0.41,2.34,0.00,629
10.518,16.69,0.07,0.32,0.30,2.32,0.00,630
10.534,16.67,0.14,0.65,0.49,2.32,0.00,632
10.551,16.71,0.12,0.26,0.24,2.30,0.00,631
10.568,16.58,0.12,0.66,0.51,2.28,0.00,634
10.584,16.66,0.11,0.64,0.49,2.28,0.00,632
10.601,16.68,0.12,0.65,0.49,2.28,0.00,631
10.618,16.68,0.15,0.66,0.55,2.26,0.00,630
10.634,16.69,0.11,0.65,0.47,2.27,0.00,630
10.651,16.68,0.13,0.64,0.50,2.26,0.00,632
10.668,16.63,0.13,0.66,0.52,2.24,0.00,633
10.684,16.68,0.13,0.65,0.53,2.24,0.00,632
10.701,16.65,0.12,0.64,0.48,2.22,0.00,630
10.718,16.69,0.15,0.63,0.48,2.21,0.00,629
10.734,16.66,0.12,0.65,0.48,2.19,0.00,628
10.751,16.66,0.14,0.65,0.50,2.19,0.00,628
10.768,16.66,0.12,0.65,0.49,2.18,0.00,624
10.784,16.67,0.12,0.62,0.49,2.20,0.00,621
10.801,16.81,0.11,0.64,0.51,2.19,0.00,619
10.818,16.52,0.13,0.64,0.49,2.18,0.00,618
10.834,16.68,0.13,0.63,0.47,2.17,0.00,617
10.851,16.77,0.11,0.64,0.51,2.16,0.00,590
10.868,16.55,0.13,0.64,0.52,2.13,0.00,588
10.884,16.67,0.11,0.60,0.41,2.12,0.00,588
10.901,16.66,0.11,0.60,0.42,2.12,0.00,584
10.918,16.69,0.10,0.58,0.40,2.12,0.00,584
10.934,16.64,0.11,0.58,0.37,2.12,0.00,584
10.951,16.67,0.11,0.61,0.39,2.10,0.00,584
10.968,16.67,0.12,0.62,0.44,2.12,0.00,582
10.984,16.66,0.11,0.61,0.41,2.10,0.00,582
11.001,16.66,0.11,0.59,0.39,2.11,0.00,584
11.018,16.68,0.10,0.59,0.39,2.11,0.00,584
11.034,16.65,0.11,0.60,0.38,2.11,0.00,584
11.051,16.70,0.10,0.59,0.37,2.11,0.00,584
11.068,16.64,0.11,0.60,0.39,2.11,0.00,584
11.084,16.68,0.10,0.59,0.38,2.13,0.00,584
11.101,16.67,0.10,0.60,0.39,2.14,0.00,582
11.118,16.65,0.10,0.59,0.37,2.14,0.00,579
11.134,16.68,0.11,0.59,0.37,2.13,0.00,579
11.151,16.73,0.10,0.61,0.43,2.13,0.00,578
11.168,16.60,0.11,0.59,0.39,2.14,0.00,577
11.184,16.70,0.12,0.60,0.46,2.15,0.00,576
11.201,16.66,0.11,0.63,0.45,2.15,0.00,575
11.218,16.65,0.11,0.61,0.42,2.15,0.00,574
11.234,16.66,0.11,0.61,0.39,2.16,0.00,574
11.251,16.67,0.11,0.59,0.39,2.17,0.00,574
11.268,16.66,0.11,0.60,0.38,2.16,0.00,573
11.284,16.68,0.10,0.59,0.52,2.17,0.00,574
11.301,16.67,0.11,0.61,0.42,2.15,0.00,573
11.318,16.66,0.10,0.58,0.39,2.15,0.00,573
11.334,16.69,0.10,0.60,0.39,2.16,0.00,571
11.351,16.64,0.11,0.59,0.38,2.16,0.00,570
11.368,16.67,0.11,0.61,0.42,2.15,0.00,570
11.384,16.66,0.11,0.59,0.38,2.16,0.00,569
11.401,16.67,0.11,0.63,0.42,2.16,0.00,567
11.418,16.67,0.10,0.60,0.40,2.15,0.00,565
11.434,16.70,0.10,0.60,0.42,2.16,0.00,564
11.451,16.62,0.10,0.47,0.38,2.14,0.00,559
11.468,16.68,0.11,0.61,0.41,2.13,0.00,559
11.484,16.66,0.11,0.60,0.38,2.14,0.00,552
11.501,16.67,0.11,0.62,0.43,2.12,0.00,551
11.518,16.67,0.11,0.60,0.39,2.12,0.00,546
11.534,16.70,0.10,0.61,0.40,2.13,0.00,545
11.551,16.63,0.11,0.58,0.38,2.13,0.00,545
11.568,16.75,0.10,0.63,0.40,2.11,0.00,542
11.584,16.60,0.09,0.59,0.37,2.11,0.00,542
11.601,16.64,0.10,0.62,0.37,2.10,0.00,542
11.618,16.68,0.10,0.60,0.38,2.09,0.00,540
11.634,16.66,0.11,0.61,0.39,2.09,0.00,540
11.651,16.68,0.10,0.62,0.41,2.08,0.00,538
11.668,16.67,0.12,0.62,0.44,2.06,0.00,538
11.684,16.65,0.09,0.62,0.43,2.08,0.00,534
11.701,16.67,0.12,0.64,0.45,2.07,0.00,535
11.718,16.67,0.12,0.65,0.43,2.07,0.00,533
11.734,16.67,0.09,0.47,0.32,2.05,0.00,532
11.751,16.66,0.09,0.47,0.38,2.04,0.00,530
11.768,16.70,0.10,0.64,0.43,2.03,0.00,528
11.784,16.65,0.12,0.65,0.50,2.02,0.00,528
11.801,16.72,0.10,0.65,0.45,2.01,0.00,527
11.818,16.63,0.12,0.63,0.50,2.01,0.00,526
11.834,16.66,0.11,0.63,0.42,2.02,0.00,527
11.851,16.67,0.11,0.60,0.41,2.02,0.00,526
11.868,16.67,0.11,0.62,0.40,2.01,0.00,525
11.884,16.67,0.11,0.63,0.46,2.01,0.00,521
11.901,16.66,0.10,0.63,0.41,2.00,0.00,521
11.918,16.66,0.11,0.61,0.41,1.97,0.00,521
11.934,16.67,0.10,0.59,0.38,1.98,0.00,518
11.951,16.68,0.09,0.53,0.39,1.98,0.00,517
11.968,16.77,0.10,0.54,0.42,1.97,0.00,516
11.984,16.56,0.23,0.59,0.41,1.98,0.00,532
12.001,16.71,0.11,0.63,0.45,2.11,0.00,531
12.018,16.62,0.11,0.62,0.40,2.09,0.00,529
12.034,16.67,0.10,0.60,0.39,2.10,0.00,529
12.051,16.68,0.10,0.60,0.38,2.09,0.00,528
12.068,16.66,0.11,0.59,0.41,2.08,0.00,526
12.084,16.68,0.10,0.59,0.38,2.07,0.00,525
12.101,16.67,0.11,0.60,0.41,2.04,0.00,523
12.118,16.68,0.13,0.90,0.38,2.06,0.00,564
12.134,16.65,0.12,0.91,0.38,2.95,0.00,568
12.151,16.69,0.11,0.90,0.39,3.00,0.00,565
12.168,16.65,0.13,0.93,0.42,2.97,0.00,564
12.184,16.68,0.13,0.94,0.47,2.98,0.00,564
12.201,16.68,0.14,0.96,0.50,2.97,0.00,564
12.218,16.71,0.12,1.02,0.48,2.97,0.00,563
12.234,16.61,0.12,0.94,0.42,2.97,0.00,561
12.251,16.67,0.13,0.94,0.39,2.97,0.00,561
12.268,16.67,0.13,0.93,0.43,2.96,0.00,558
12.284,16.66,0.13,0.93,0.39,2.97,0.00,559
12.301,16.67,0.12,0.94,0.39,2.98,0.00,558
12.318,16.67,0.13,0.94,0.46,2.98,0.00,556
12.334,16.67,0.12,0.93,0.41,2.97,0.00,556
12.351,16.67,0.12,0.94,0.38,2.97,0.00,554
12.368,16.68,0.11,0.94,0.38,2.97,0.00,549
12.384,16.65,0.12,0.94,0.39,2.97,0.00,552
12.401,16.68,0.13,0.94,0.37,2.96,0.00,553
12.418,16.67,0.13,0.96,0.43,2.97,0.00,555
12.434,16.70,0.11,0.96,0.41,2.98,0.00,553
12.451,16.72,0.11,0.95,0.42,2.98,0.00,552
12.468,16.58,0.13,0.98,0.46,2.98,0.00,553
12.484,16.67,0.12,0.97,0.44,2.97,0.00,553
12.501,16.66,0.12,0.94,0.39,2.98,0.00,550
12.518,16.72,0.11,0.96,0.47,2.98,0.00,547
12.534,16.62,0.12,0.97,0.44,2.41,0.00,549
12.551,16.67,0.12,0.95,0.45,2.40,0.00,547
12.568,16.66,0.13,0.95,0.39,2.44,0.00,546
12.584,16.68,0.11,0.94,0.39,2.43,0.00,548
12.601,16.67,0.11,0.95,0.41,2.45,0.00,549
12.618,16.67,0.11,0.95,0.39,2.45,0.00,549
12.634,16.67,0.12,0.95,0.44,2.44,0.00,546
12.651,16.66,0.11,0.92,0.39,2.44,0.00,548
12.668,16.68,0.11,0.94,0.43,2.46,0.00,549
12.684,16.66,0.11,0.92,0.40,2.45,0.00,548
12.701,16.69,0.13,1.20,0.41,2.46,0.00,600
12.718,16.65,0.13,1.19,0.40,3.35,0.00,601
12.734,16.66,0.14,1.22,0.44,3.34,0.00,602
12.751,16.70,0.13,1.21,0.41,3.35,0.00,600
12.768,16.66,0.12,1.21,0.42,3.36,0.00,601
12.784,16.65,0.13,1.19,0.40,3.36,0.00,601
12.801,16.69,0.13,1.21,0.39,3.36,0.00,600
12.818,16.66,0.14,1.22,0.41,3.38,0.00,603
12.834,16.67,0.14,1.23,0.40,3.38,0.00,602
12.851,16.66,0.14,1.22,0.38,3.37,0.00,604
12.868,16.67,0.14,1.22,0.42,3.38,0.00,606
12.884,16.73,0.14,1.24,0.51,3.39,0.00,611
12.901,16.61,0.16,1.27,0.50,3.41,0.00,614
12.918,16.66,0.15,1.25,0.49,3.40,0.00,617
12.934,16.69,0.16,1.26,0.51,3.42,0.00,617
12.951,16.65,0.15,1.26,0.48,3.42,0.00,619
12.968,16.68,0.16,1.26,0.54,3.44,0.00,621
12.984,16.66,0.16,1.24,0.49,3.44,0.00,625
13.001,16.68,0.14,1.27,0.50,3.48,0.00,624
13.018,16.74,0.14,1.28,0.53,3.48,0.00,627
13.034,16.60,0.14,1.27,0.55,3.48,0.00,631
13.051,16.65,0.14,1.23,0.44,3.48,0.00,637
13.068,16.66,0.14,1.23,0.41,3.50,0.00,636
13.084,16.67,0.15,1.23,0.45,3.51,0.00,637
13.101,16.66,0.13,1.21,0.40,3.49,0.00,637
13.118,16.68,0.14,1.20,0.43,2.92,0.00,641
13.134,16.65,0.14,1.22,0.40,2.95,0.00,641
13.151,16.67,0.14,1.20,0.40,2.94,0.00,642
13.168,16.68,0.13,1.22,0.43,2.95,0.00,643
13.184,16.68,0.12,1.20,0.40,2.94,0.00,645
13.201,16.67,0.11,1.21,0.40,2.95,0.00,649
13.218,16.66,0.11,1.20,0.40,2.94,0.00,652
13.234,16.66,0.13,1.21,0.41,2.94,0.00,653
13.251,16.68,0.13,1.20,0.41,2.93,0.00,651
13.268,16.66,0.11,1.20,0.42,2.93,0.00,651
13.284,16.66,0.12,1.19,0.40,2.95,0.00,652
13.301,16.66,0.12,1.18,0.39,2.94,0.00,654
13.318,16.67,0.12,1.18,0.39,2.95,0.00,655
13.334,16.68,0.13,1.24,0.43,2.94,0.00,655
13.351,16.66,0.13,1.18,0.40,2.93,0.00,654
13.368,16.67,0.12,1.20,0.39,2.93,0.00,654
13.384,16.67,0.12,1.19,0.39,2.91,0.00,652
13.401,16.67,0.12,1.20,0.39,2.91,0.00,649
13.418,16.67,0.14,1.21,0.44,2.91,0.00,650
13.434,16.68,0.11,1.20,0.41,2.94,0.00,650
13.451,16.65,0.12,1.19,0.39,2.93,0.00,648
13.468,16.68,0.11,1.19,0.39,2.92,0.00,646
13.484,16.66,0.13,1.19,0.41,2.91,0.00,643
13.501,16.67,0.13,1.23,0.45,2.91,0.00,642
13.518,16.66,0.13,1.20,0.41,2.90,0.00,642
13.534,16.70,0.11,1.20,0.41,2.90,0.00,642
13.551,16.66,0.12,1.21,0.47,2.88,0.00,644
13.568,16.65,0.13,1.22,0.47,2.92,0.00,644
13.584,16.68,0.12,1.18,0.43,2.92,0.00,643
13.601,16.68,0.11,1.18,0.41,2.91,0.00,641
13.618,16.66,0.11,1.16,0.40,2.91,0.00,636
13.634,16.66,0.12,1.17,0.39,2.56,0.00,637
13.651,16.69,0.12,1.18,0.43,2.55,0.00,636
13.668,16.67,0.13,1.20,0.45,2.56,0.00,632
13.684,16.64,0.12,1.18,0.41,2.55,0.00,631
13.701,16.67,0.12,1.17,0.39,2.56,0.00,633
13.718,16.66,0.12,1.15,0.39,2.58,0.00,631
13.734,16.67,0.12,1.18,0.43,2.60,0.00,631
13.751,16.67,0.13,1.17,0.44,2.59,0.00,633
13.768,16.68,0.12,1.17,0.41,2.58,0.00,633
13.784,16.65,0.12,1.15,0.39,2.58,0.00,631
13.801,16.69,0.11,1.15,0.42,2.58,0.00,630
13.818,16.67,0.11,1.15,0.41,2.58,0.00,629
13.835,16.65,0.12,1.15,0.42,2.57,0.00,630
13.851,16.66,0.12,1.14,0.40,2.60,0.00,630
13.868,16.67,0.12,1.15,0.42,2.60,0.00,631
13.885,16.68,0.11,1.14,0.40,2.59,0.00,630
13.901,16.66,0.12,1.14,0.40,2.59,0.00,629
13.918,16.67,0.12,1.15,0.43,2.58,0.00,627
13.935,16.66,0.11,1.15,0.40,2.57,0.00,629
13.951,16.68,0.14,1.10,0.50,2.57,0.00,630
13.968,16.67,0.11,1.10,0.44,2.56,0.00,627
13.985,16.67,0.27,1.20,0.44,2.56,0.00,644
14.001,16.68,0.11,1.19,0.40,2.76,0.00,657
14.018,16.66,0.12,1.17,0.40,2.90,0.00,657
14.035,16.68,0.11,1.16,0.40,2.89,0.00,659
14.051,16.67,0.16,1.22,0.53,2.91,0.00,666
14.068,16.71,0.12,1.21,0.48,2.91,0.00,667
14.085,16.62,0.13,0.90,0.39,2.94,0.00,665
14.101,16.70,0.11,0.90,0.41,2.93,0.00,663
14.118,16.64,0.12,0.91,0.39,2.92,0.00,661
14.135,16.66,0.12,0.90,0.38,2.96,0.00,660
14.151,16.67,0.12,0.89,0.37,2.94,0.00,653
14.168,16.67,0.13,0.91,0.43,2.91,0.00,646
14.185,16.67,0.12,0.88,0.40,2.89,0.00,637
14.201,16.69,0.15,0.89,0.42,2.83,0.00,630
14.218,16.64,0.12,0.87,0.42,2.44,0.00,630
14.235,16.67,0.12,0.88,0.42,2.44,0.00,629
14.251,16.66,0.12,0.86,0.40,2.42,0.00,628
14.268,16.68,0.11,0.87,0.41,2.41,0.00,626
14.285,16.66,0.12,0.86,0.40,2.44,0.00,626
14.301,16.67,0.12,0.87,0.38,2.44,0.00,626
14.318,16.68,0.10,0.86,0.40,2.43,0.00,626
14.335,16.67,0.11,0.87,0.39,2.41,0.00,624
14.351,16.67,0.10,0.87,0.42,2.41,0.00,623
14.368,16.64,0.12,0.87,0.41,2.40,0.00,623
14.385,16.67,0.11,0.85,0.38,2.38,0.00,623
14.401,16.66,0.12,0.86,0.38,2.38,0.00,623
14.418,16.68,0.12,0.87,0.43,2.37,0.00,623
14.435,16.67,0.10,0.85,0.38,2.40,0.00,621
14.451,16.66,0.11,0.86,0.38,2.39,0.00,620
14.468,16.66,0.11,0.86,0.38,2.38,0.00,620
14.485,16.67,0.11,0.87,0.41,2.37,0.00,618
14.501,16.66,0.11,0.86,0.39,2.37,0.00,616
14.518,16.69,0.10,0.84,0.38,2.36,0.00,617
14.535,16.64,0.11,0.85,0.38,2.35,0.00,617
14.551,16.67,0.12,0.85,0.38,2.34,0.00,615
14.568,16.69,0.10,0.85,0.38,2.36,0.00,610
14.585,16.67,0.10,0.83,0.39,2.35,0.00,608
14.601,16.67,0.10,0.84,0.38,2.33,0.00,605
14.618,16.65,0.11,0.85,0.39,2.34,0.00,600
14.635,16.68,0.10,0.86,0.40,2.34,0.00,595
14.651,16.67,0.10,0.84,0.39,2.30,0.00,587
14.668,16.65,0.12,0.63,0.44,2.30,0.00,566
14.685,16.66,0.11,0.59,0.38,2.28,0.00,566
14.701,16.67,0.12,0.61,0.38,2.28,0.00,566
14.718,16.67,0.11,0.60,0.38,2.29,0.00,565
14.735,16.67,0.11,0.62,0.45,2.30,0.00,565
14.751,16.66,0.11,0.60,0.38,2.29,0.00,567
14.768,16.68,0.12,0.59,0.40,2.28,0.00,566
14.785,16.67,0.12,0.60,0.40,2.29,0.00,566
14.801,16.67,0.11,0.60,0.37,2.28,0.00,565
14.818,16.68,0.11,0.61,0.40,2.29,0.00,563
14.835,16.67,0.10,0.59,0.39,2.26,0.00,565
14.851,16.67,0.09,0.61,0.39,2.29,0.00,565
14.868,16.67,0.10,0.60,0.38,2.28,0.00,564
14.885,16.68,0.10,0.59,0.39,2.27,0.00,564
14.901,16.66,0.10,0.61,0.38,2.27,0.00,562
14.918,16.70,0.11,0.64,0.45,2.26,0.00,559
14.935,16.62,0.12,0.61,0.38,2.23,0.00,556
14.951,16.69,0.10,0.64,0.42,2.24,0.00,556
14.968,16.65,0.12,0.63,0.40,2.23,0.00,554
14.985,16.67,0.12,0.63,0.42,2.22,0.00,551
15.001,16.66,0.12,0.62,0.39,2.23,0.00,550
15.018,16.67,0.11,0.60,0.39,2.23,0.00,550
15.035,16.67,0.11,0.61,0.39,2.20,0.00,550
15.051,16.80,0.10,0.63,0.46,2.20,0.00,547
15.068,16.55,0.11,0.66,0.51,2.19,0.00,547
15.085,16.65,0.12,0.63,0.41,2.21,0.00,546
15.101,16.67,0.11,0.62,0.38,2.18,0.00,547
15.118,16.67,0.12,0.58,0.38,2.19,0.00,549
15.135,16.66,0.10,0.61,0.38,2.19,0.00,548
15.151,16.68,0.11,0.60,0.38,2.17,0.00,548
15.168,16.70,0.10,0.68,0.43,2.16,0.00,548
15.185,16.63,0.11,0.60,0.42,2.15,0.00,548
15.201,16.70,0.10,0.62,0.40,2.15,0.00,543
15.218,16.64,0.11,0.61,0.39,2.12,0.00,543
15.235,16.69,0.10,0.63,0.43,2.09,0.00,541
15.251,16.65,0.10,0.60,0.39,2.11,0.00,540
15.268,16.69,0.10,0.61,0.39,2.08,0.00,537
15.285,16.64,0.11,0.60,0.44,2.08,0.00,537
15.301,16.68,0.12,0.63,0.42,2.07,0.00,537
15.318,16.67,0.11,0.60,0.40,2.07,0.00,537
15.335,16.69,0.11,0.63,0.45,2.05,0.00,536
15.351,16.64,0.10,0.60,0.38,2.06,0.00,533
15.368,16.67,0.11,0.60,0.39,2.07,0.00,534
15.385,16.67,0.12,0.60,0.39,2.07,0.00,533
15.401,16.67,0.11,0.59,0.38,2.07,0.00,532
15.418,16.67,0.12,0.60,0.39,2.07,0.00,532
15.435,16.68,0.15,0.61,0.42,2.08,0.00,529
15.451,16.67,0.11,0.62,0.39,2.08,0.00,529
15.468,16.66,0.10,0.60,0.38,2.09,0.00,529
15.485,16.67,0.12,0.63,0.49,2.08,0.00,526
15.501,16.66,0.11,0.62,0.43,2.08,0.00,523
15.518,16.67,0.11,0.62,0.42,2.08,0.00,521
15.535,16.66,0.11,0.60,0.39,2.07,0.00,521
15.551,16.67,0.11,0.57,0.41,2.09,0.00,522
15.568,16.67,0.10,0.59,0.37,2.12,0.00,522
15.585,16.68,0.11,0.58,0.38,2.12,0.00,522
15.601,16.66,0.10,0.60,0.38,2.10,0.00,521
15.618,16.70,0.09,0.58,0.39,2.11,0.00,519
15.635,16.64,0.10,0.58,0.39,2.12,0.00,519
15.651,16.67,0.11,0.58,0.38,2.10,0.00,520
15.668,16.68,0.09,0.59,0.38,2.11,0.00,518
15.685,16.66,0.10,0.58,0.40,2.12,0.00,516
15.701,16.66,0.16,1.00,0.38,2.12,0.00,590
15.718,16.67,0.13,0.99,0.39,3.08,0.00,591
15.735,16.70,0.13,1.03,0.49,3.08,0.00,590
15.751,16.65,0.14,1.04,0.50,3.06,0.00,589
15.768,16.66,0.13,1.00,0.41,3.07,0.00,586
15.785,16.67,0.13,1.02,0.41,3.07,0.00,586
15.801,16.68,0.13,1.02,0.42,3.09,0.00,587
15.818,16.66,0.13,1.03,0.43,3.08,0.00,588
15.835,16.68,0.11,1.02,0.39,3.09,0.00,589
15.851,16.65,0.13,1.04,0.39,3.10,0.00,588
15.868,16.66,0.12,1.03,0.39,3.09,0.00,589
15.885,16.67,0.12,1.01,0.38,3.10,0.00,588
15.901,16.68,0.12,1.03,0.42,3.10,0.00,588
15.918,16.66,0.13,1.05,0.44,3.10,0.00,585
15.935,16.67,0.13,1.04,0.40,3.10,0.00,585
15.951,16.67,0.12,0.95,0.37,3.11,0.00,585
15.968,16.67,0.13,0.97,0.40,3.11,0.00,585
15.985,16.75,0.26,1.08,0.47,3.14,0.00,647
16.001,16.58,0.13,1.07,0.41,3.35,0.00,663
16.018,16.67,0.12,1.05,0.41,3.52,0.00,663
16.035,16.68,0.14,1.10,0.50,3.52,0.00,662
16.051,16.65,0.13,1.07,0.41,3.51,0.00,660
16.068,16.73,0.14,1.09,0.47,3.51,0.00,659
16.085,16.61,0.13,1.06,0.42,3.51,0.00,657
16.101,16.66,0.13,1.07,0.40,3.50,0.00,653
16.118,16.67,0.13,1.05,0.42,2.95,0.00,651
16.135,16.67,0.11,1.06,0.39,2.94,0.00,651
16.151,16.74,0.11,1.06,0.39,2.94,0.00,649
16.168,16.59,0.13,1.07,0.39,2.94,0.00,649
16.185,16.67,0.13,1.06,0.42,2.94,0.00,647
16.201,16.69,0.11,1.05,0.39,2.93,0.00,647
16.218,16.65,0.12,1.05,0.39,2.93,0.00,647
16.235,16.71,0.12,1.09,0.47,2.94,0.00,646
16.251,16.63,0.13,1.05,0.41,2.95,0.00,646
16.268,16.66,0.12,1.03,0.39,2.96,0.00,647
16.285,16.68,0.11,1.04,0.37,2.97,0.00,649
16.301,16.67,0.13,1.06,0.41,2.97,0.00,651
16.318,16.65,0.12,1.04,0.37,2.98,0.00,650
16.335,16.67,0.12,1.04,0.39,2.98,0.00,649
16.351,16.67,0.12,1.02,0.37,3.00,0.00,650
16.368,16.67,0.10,1.03,0.39,2.99,0.00,652
16.385,16.66,0.12,1.02,0.38,3.00,0.00,651
16.401,16.68,0.12,1.01,0.37,3.04,0.00,652
16.418,16.66,0.12,1.00,0.38,3.03,0.00,655
16.435,16.68,0.12,1.01,0.42,3.03,0.00,655
16.451,16.74,0.10,0.78,0.39,3.06,0.00,655
16.468,16.68,0.13,1.05,0.51,3.05,0.00,655
16.485,16.59,0.12,1.02,0.48,3.05,0.00,654
16.501,16.67,0.14,1.03,0.46,3.05,0.00,654
16.518,16.65,0.13,1.00,0.42,3.07,0.00,655
16.535,16.66,0.12,0.99,0.40,3.11,0.00,653
16.551,16.68,0.12,0.98,0.41,3.10,0.00,651
16.568,16.66,0.12,1.00,0.43,3.09,0.00,651
16.585,16.66,0.12,0.98,0.45,3.10,0.00,650
16.601,16.68,0.12,0.98,0.43,3.10,0.00,649
16.618,16.66,0.13,0.97,0.39,3.11,0.00,654
16.635,16.67,0.12,0.98,0.39,3.12,0.00,655
16.651,16.67,0.14,1.00,0.48,3.12,0.00,656
16.668,16.67,0.13,1.02,0.47,3.14,0.00,658
16.685,16.67,0.12,0.99,0.45,3.15,0.00,658
16.701,16.66,0.12,0.98,0.45,3.15,0.00,658
16.718,16.67,0.11,1.04,0.50,3.15,0.00,655
16.735,16.68,0.12,0.96,0.43,3.13,0.00,656
16.751,16.68,0.11,0.96,0.46,3.13,0.00,656
16.768,16.67,0.12,0.96,0.45,3.12,0.00,654
16.785,16.65,0.12,0.95,0.40,3.14,0.00,653
16.801,16.67,0.11,0.96,0.38,3.16,0.00,652
16.818,16.68,0.13,0.97,0.45,3.17,0.00,653
16.835,16.68,0.12,0.96,0.41,3.14,0.00,648
16.851,16.64,0.11,0.94,0.38,3.13,0.00,646
16.868,16.69,0.10,0.95,0.44,3.14,0.00,647
16.885,16.65,0.11,0.94,0.37,3.14,0.00,648
16.901,16.69,0.10,0.96,0.40,3.13,0.00,646
16.918,16.64,0.12,0.93,0.38,3.14,0.00,646
16.935,16.68,0.13,0.97,0.46,3.16,0.00,638
16.951,16.66,0.12,0.95,0.42,3.14,0.00,632
16.968,16.67,0.11,0.94,0.40,3.12,0.00,627
16.985,16.67,0.11,0.92,0.39,3.11,0.00,625
17.001,16.70,0.11,0.93,0.44,3.11,0.00,622
17.018,16.64,0.12,0.95,0.42,3.09,0.00,618
17.035,16.66,0.12,0.92,0.38,3.09,0.00,615
17.051,16.66,0.12,0.90,0.40,3.09,0.00,612
17.068,16.69,0.11,0.94,0.49,3.10,0.00,607
17.085,16.65,0.11,0.93,0.49,3.08,0.00,602
17.101,16.66,0.11,0.89,0.38,3.07,0.00,599
17.118,16.67,0.12,0.91,0.47,3.05,0.00,595
17.135,16.67,0.11,0.91,0.43,3.04,0.00,592
17.151,16.67,0.11,0.89,0.41,3.03,0.00,589
17.168,16.66,0.11,0.89,0.41,3.02,0.00,587
17.185,16.67,0.12,0.89,0.46,3.00,0.00,579
17.201,16.68,0.12,0.85,0.41,2.98,0.00,568
17.218,16.66,0.09,0.68,0.44,2.18,0.00,566
17.235,16.68,0.12,0.85,0.43,2.17,0.00,563
17.251,16.65,0.11,0.84,0.42,2.16,0.00,563
17.268,16.67,0.11,0.82,0.38,2.15,0.00,561
17.285,16.68,0.13,0.85,0.44,2.15,0.00,556
17.301,16.66,0.11,0.83,0.39,2.14,0.00,552
17.318,16.68,0.09,0.84,0.38,2.14,0.00,552
17.335,16.66,0.12,0.83,0.37,2.13,0.00,550
17.351,16.67,0.11,0.82,0.37,2.16,0.00,550
17.368,16.69,0.10,0.83,0.38,2.15,0.00,545
17.385,16.65,0.11,0.80,0.38,2.14,0.00,545
17.401,16.67,0.11,0.83,0.39,2.13,0.00,543
17.418,16.67,0.10,0.82,0.40,2.14,0.00,540
17.435,16.68,0.11,0.84,0.41,2.13,0.00,539
17.451,16.66,0.11,0.82,0.38,2.12,0.00,537
17.468,16.67,0.11,0.82,0.38,2.12,0.00,537
17.485,16.67,0.11,0.82,0.36,2.14,0.00,534
17.501,16.68,0.11,0.84,0.41,2.12,0.00,531
17.518,16.67,0.10,0.81,0.38,2.10,0.00,530
17.535,16.65,0.11,0.82,0.38,2.10,0.00,528
17.551,16.67,0.11,0.82,0.39,2.09,0.00,525
17.568,16.67,0.12,0.84,0.45,2.08,0.00,523
17.585,16.78,0.10,0.86,0.44,2.07,0.00,520
17.601,16.56,0.12,0.83,0.41,2.06,0.00,520
17.618,16.69,0.12,0.84,0.46,2.07,0.00,519
17.635,16.65,0.11,0.83,0.44,2.05,0.00,517
17.652,16.69,0.10,0.81,0.38,2.03,0.00,515
17.668,16.63,0.11,0.57,0.39,2.05,0.00,515
17.685,16.67,0.10,0.59,0.45,2.02,0.00,514
17.702,16.67,0.10,0.58,0.39,2.01,0.00,511
17.718,16.67,0.11,0.56,0.38,2.01,0.00,507
17.735,16.67,0.11,0.58,0.39,2.01,0.00,505
17.752,16.69,0.11,0.61,0.46,2.00,0.00,504
17.768,16.64,0.11,0.58,0.39,2.00,0.00,503
17.785,16.67,0.11,0.57,0.38,1.96,0.00,502
17.802,16.67,0.11,0.57,0.37,1.99,0.00,500
17.818,16.68,0.11,0.59,0.40,1.96,0.00,498
17.835,16.66,0.11,0.58,0.37,1.94,0.00,497
17.852,16.67,0.11,0.60,0.42,1.95,0.00,495
17.868,16.67,0.11,0.57,0.38,1.94,0.00,491
17.885,16.67,0.11,0.59,0.36,1.97,0.00,491
17.902,16.67,0.11,0.58,0.37,1.94,0.00,491
17.918,16.67,0.11,0.56,0.37,1.95,0.00,490
17.935,16.68,0.11,0.58,0.41,1.93,0.00,488
17.952,16.66,0.11,0.49,0.38,1.93,0.00,487
17.968,16.69,0.10,0.51,0.39,1.91,0.00,486
17.985,16.74,0.24,0.61,0.42,1.92,0.00,572
18.002,16.63,0.14,0.89,0.47,2.07,0.00,610
18.018,16.62,0.14,0.89,0.42,2.98,0.00,622
18.035,16.68,0.13,0.87,0.40,3.14,0.00,621
18.052,16.66,0.14,0.87,0.43,3.13,0.00,620
18.068,16.66,0.13,0.88,0.40,3.12,0.00,623
18.085,16.68,0.13,0.88,0.42,3.12,0.00,623
18.102,16.65,0.13,0.88,0.39,3.12,0.00,624
18.118,16.69,0.12,0.88,0.39,3.12,0.00,623
18.135,16.66,0.13,0.88,0.38,3.14,0.00,624
18.152,16.66,0.13,0.87,0.38,3.15,0.00,624
18.168,16.68,0.13,0.87,0.39,3.16,0.00,625
18.185,16.73,0.13,0.91,0.45,3.18,0.00,628
18.202,16.61,0.14,0.92,0.47,3.18,0.00,628
18.218,16.65,0.13,0.88,0.39,3.18,0.00,630
18.235,16.66,0.12,0.95,0.40,3.19,0.00,633
18.252,16.68,0.13,0.92,0.43,3.20,0.00,634
18.268,16.66,0.13,0.91,0.46,3.19,0.00,635
18.285,16.67,0.13,0.89,0.39,3.21,0.00,636
18.302,16.67,0.12,0.89,0.41,3.23,0.00,635
18.318,16.67,0.11,0.90,0.38,3.23,0.00,637
18.335,16.65,0.12,0.90,0.39,3.24,0.00,637
18.352,16.68,0.13,0.89,0.43,3.24,0.00,637
18.368,16.67,0.12,0.91,0.38,3.25,0.00,639
18.385,16.67,0.12,0.89,0.38,3.25,0.00,639
18.402,16.67,0.12,0.91,0.38,3.25,0.00,638
18.418,16.68,0.11,0.90,0.38,3.14,0.00,636
18.435,16.67,0.11,0.90,0.40,2.71,0.00,637
18.452,16.73,0.12,0.93,0.44,2.69,0.00,638
18.468,16.59,0.12,0.91,0.39,2.70,0.00,639
18.485,16.68,0.11,0.90,0.39,2.70,0.00,638
18.502,16.66,0.13,0.91,0.41,2.69,0.00,637
18.518,16.66,0.12,0.89,0.37,2.70,0.00,632
18.535,16.66,0.11,0.91,0.37,2.70,0.00,632
18.552,16.67,0.12,0.89,0.38,2.69,0.00,634
18.568,16.67,0.12,0.92,0.40,2.69,0.00,633
18.585,16.66,0.12,0.90,0.39,2.72,0.00,632
18.602,16.67,0.10,0.90,0.38,2.69,0.00,632
18.618,16.66,0.12,0.90,0.38,2.69,0.00,634
18.635,16.67,0.11,0.90,0.40,2.69,0.00,633
18.652,16.68,0.11,0.89,0.41,2.67,0.00,633
18.668,16.67,0.12,0.92,0.38,2.68,0.00,633
18.685,16.71,0.14,0.94,0.50,2.68,0.00,634
18.702,16.63,0.15,0.95,0.48,2.68,0.00,632
18.718,16.65,0.12,0.91,0.39,2.69,0.00,632
18.735,16.68,0.10,0.92,0.39,2.68,0.00,631
18.752,16.67,0.13,0.91,0.41,2.67,0.00,630
18.768,16.71,0.12,0.91,0.45,2.67,0.00,630
18.785,16.61,0.11,0.90,0.39,2.65,0.00,629
18.802,16.69,0.11,0.90,0.41,2.66,0.00,630
18.818,16.67,0.13,0.91,0.41,2.65,0.00,630
18.835,16.66,0.11,0.90,0.38,2.67,0.00,630
18.852,16.66,0.12,0.90,0.37,2.66,0.00,633
18.868,16.67,0.12,0.92,0.47,2.66,0.00,633
18.885,16.67,0.12,0.88,0.40,2.66,0.00,634
18.902,16.67,0.11,0.89,0.38,2.65,0.00,634
18.918,16.67,0.11,0.90,0.38,2.65,0.00,634
18.935,16.68,0.10,0.90,0.38,2.65,0.00,637
18.952,16.65,0.11,0.91,0.41,2.64,0.00,637
18.968,16.67,0.12,0.90,0.38,2.64,0.00,637
18.985,16.69,0.10,0.90,0.38,2.66,0.00,638
19.002,16.65,0.13,0.91,0.42,2.65,0.00,644
19.018,16.66,0.11,0.89,0.38,2.64,0.00,644
19.035,16.70,0.10,0.92,0.38,2.66,0.00,644
19.052,16.64,0.12,0.91,0.38,2.67,0.00,643
19.068,16.67,0.12,0.90,0.41,2.67,0.00,643
19.085,16.66,0.11,0.87,0.38,2.65,0.00,643
19.102,16.67,0.12,0.89,0.37,2.66,0.00,641
19.118,16.67,0.11,0.89,0.38,2.67,0.00,638
19.135,16.67,0.11,0.88,0.38,2.67,0.00,637
19.152,16.68,0.10,0.88,0.39,2.67,0.00,635
19.168,16.66,0.11,0.89,0.37,2.66,0.00,634
19.185,16.67,0.11,0.88,0.36,2.67,0.00,632
19.202,16.68,0.13,0.92,0.47,2.66,0.00,633
19.218,16.65,0.11,0.90,0.40,2.66,0.00,632
19.235,16.67,0.12,0.89,0.39,2.66,0.00,631
19.252,16.68,0.13,0.91,0.45,2.67,0.00,630
19.268,16.68,0.12,0.91,0.45,2.66,0.00,628
19.285,16.65,0.11,0.89,0.39,2.67,0.00,630
19.302,16.67,0.11,0.88,0.37,2.65,0.00,629
19.318,16.67,0.11,0.87,0.37,2.64,0.00,629
19.335,16.67,0.11,0.89,0.38,2.65,0.00,628
19.352,16.67,0.11,0.87,0.38,2.63,0.00,625
19.368,16.67,0.16,0.93,0.48,2.63,0.00,624
19.385,16.67,0.12,0.89,0.44,2.64,0.00,622
19.402,16.67,0.11,0.88,0.37,2.64,0.00,618
19.418,16.67,0.11,0.88,0.39,2.63,0.00,615
19.435,16.67,0.10,0.87,0.37,2.61,0.00,613
19.452,16.66,0.12,0.86,0.42,2.60,0.00,610
19.468,16.67,0.11,0.87,0.37,2.59,0.00,605
19.485,16.67,0.11,0.87,0.37,2.57,0.00,598
19.502,16.67,0.12,0.86,0.42,2.55,0.00,593
19.518,16.66,0.11,0.82,0.39,2.20,0.00,593
19.535,16.68,0.10,0.84,0.37,2.19,0.00,593
19.552,16.65,0.11,0.83,0.37,2.18,0.00,593
19.568,16.68,0.10,0.81,0.37,2.17,0.00,593
19.585,16.65,0.11,0.85,0.39,2.16,0.00,594
19.602,16.67,0.11,0.83,0.39,2.16,0.00,591
19.618,16.67,0.11,0.82,0.37,2.14,0.00,590
19.635,16.67,0.11,0.84,0.37,2.14,0.00,590
19.652,16.67,0.11,0.82,0.37,2.15,0.00,590
19.668,16.66,0.10,0.81,0.37,2.15,0.00,590
19.685,16.66,0.11,0.82,0.37,2.13,0.00,592
19.702,16.68,0.12,0.86,0.45,2.12,0.00,590
19.718,16.75,0.09,0.83,0.40,2.10,0.00,587
19.735,16.57,0.11,0.82,0.39,2.10,0.00,586
19.752,16.68,0.12,0.85,0.43,2.10,0.00,584
19.768,16.67,0.11,0.83,0.43,2.10,0.00,583
19.785,16.66,0.12,0.84,0.43,2.08,0.00,580
19.802,16.66,0.11,0.83,0.44,2.10,0.00,579
19.818,16.72,0.10,0.84,0.43,2.10,0.00,577
19.835,16.64,0.12,0.86,0.46,2.09,0.00,574
19.852,16.67,0.09,0.80,0.38,2.07,0.00,573
19.868,16.66,0.10,0.82,0.38,2.06,0.00,570
19.885,16.67,0.10,0.82,0.40,2.06,0.00,569
19.902,16.65,0.11,0.80,0.37,2.05,0.00,569
19.918,16.67,0.11,0.82,0.38,2.05,0.00,567
19.935,16.67,0.10,0.80,0.37,2.07,0.00,564
19.952,16.67,0.11,0.74,0.41,2.06,0.00,561
19.968,16.69,0.09,0.52,0.39,2.05,0.00,528
19.985,16.64,0.23,0.60,0.41,1.99,0.00,592
20.002,16.67,0.12,0.62,0.44,2.25,0.00,587
20.018,16.67,0.11,0.60,0.40,2.22,0.00,587
20.035,16.67,0.11,0.60,0.39,2.23,0.00,588
20.052,16.67,0.11,0.58,0.38,2.23,0.00,587
20.068,16.66,0.11,0.59,0.38,2.24,0.00,586
20.085,16.68,0.11,0.58,0.38,2.25,0.00,584
20.102,16.66,0.10,0.58,0.37,2.22,0.00,584
20.118,16.68,0.11,0.58,0.38,2.22,0.00,580
20.135,16.69,0.10,0.59,0.40,2.21,0.00,578
20.152,16.65,0.11,0.57,0.37,2.22,0.00,577
20.168,16.66,0.10,0.59,0.38,2.20,0.00,573
20.185,16.67,0.14,0.83,0.38,2.18,0.00,618
20.202,16.70,0.18,0.88,0.46,3.06,0.00,636
20.218,16.64,0.13,0.85,0.43,3.27,0.00,635
20.235,16.76,0.12,0.86,0.43,3.25,0.00,629
20.252,16.59,0.14,0.87,0.47,3.25,0.00,624
20.268,16.65,0.13,0.86,0.41,3.23,0.00,623
20.285,16.67,0.12,0.84,0.39,3.22,0.00,620
20.302,16.75,0.12,0.84,0.44,3.22,0.00,619
20.318,16.63,0.14,0.87,0.49,3.19,0.00,615
20.335,16.63,0.12,0.89,0.46,3.21,0.00,615
20.352,16.65,0.13,0.83,0.39,3.21,0.00,614
20.368,16.67,0.13,0.84,0.40,3.19,0.00,617
20.385,16.69,0.13,0.84,0.42,3.18,0.00,617
20.402,16.68,0.12,0.87,0.46,3.17,0.00,615
20.418,16.63,0.13,0.83,0.39,3.15,0.00,615
20.435,16.67,0.12,0.84,0.38,3.15,0.00,617
20.452,16.66,0.13,0.85,0.41,3.13,0.00,616
20.468,16.68,0.11,0.84,0.38,3.14,0.00,618
20.485,16.66,0.13,0.85,0.38,3.13,0.00,620
20.502,16.70,0.12,0.87,0.45,3.13,0.00,621
20.518,16.64,0.12,0.85,0.40,3.11,0.00,620
20.535,16.67,0.12,0.84,0.39,3.11,0.00,620
20.552,16.67,0.12,0.84,0.38,3.08,0.00,618
20.568,16.67,0.12,0.85,0.37,3.08,0.00,616
20.585,16.66,0.12,0.84,0.36,3.06,0.00,615
20.602,16.67,0.11,0.84,0.37,2.48,0.00,615
20.618,16.68,0.11,0.85,0.39,2.47,0.00,614
20.635,16.65,0.12,0.83,0.37,2.47,0.00,615
20.652,16.67,0.12,0.84,0.36,2.47,0.00,615
20.668,16.68,0.10,0.84,0.38,2.46,0.00,614
20.685,16.66,0.12,0.82,0.38,2.46,0.00,611
20.702,16.67,0.13,0.85,0.40,2.46,0.00,611
20.718,16.67,0.12,0.83,0.38,2.44,0.00,611
20.735,16.67,0.12,0.84,0.38,2.44,0.00,613
20.752,16.70,0.13,0.86,0.50,2.47,0.00,614
20.768,16.67,0.11,0.90,0.46,2.45,0.00,614
20.785,16.66,0.12,0.87,0.49,2.45,0.00,614
20.802,16.66,0.14,0.89,0.48,2.45,0.00,614
20.819,16.74,0.12,0.88,0.45,2.45,0.00,612
20.835,16.58,0.12,0.86,0.42,2.45,0.00,613
20.852,16.67,0.12,0.83,0.41,2.46,0.00,611
20.868,16.66,0.12,0.85,0.40,2.48,0.00,612
20.885,16.70,0.13,0.87,0.45,2.49,0.00,613
20.902,16.63,0.12,0.86,0.46,2.49,0.00,614
20.918,16.67,0.12,0.83,0.39,2.50,0.00,614
20.935,16.67,0.12,0.84,0.38,2.50,0.00,615
20.952,16.69,0.12,0.85,0.42,2.52,0.00,615
20.968,16.65,0.12,0.82,0.38,2.52,0.00,615
20.985,16.67,0.11,0.82,0.39,2.52,0.00,615
21.002,16.67,0.11,0.89,0.43,2.52,0.00,615
21.018,16.67,0.12,0.86,0.42,2.54,0.00,615
21.035,16.68,0.10,0.83,0.38,2.55,0.00,617
21.052,16.66,0.11,0.83,0.40,2.55,0.00,614
21.068,16.67,0.11,0.88,0.49,2.57,0.00,616
21.085,16.66,0.12,0.87,0.49,2.58,0.00,617
21.102,16.67,0.13,0.87,0.50,2.59,0.00,616
21.119,16.74,0.13,0.87,0.51,2.58,0.00,616
21.135,16.63,0.12,0.89,0.47,2.57,0.00,616
21.152,16.71,0.11,0.86,0.47,2.60,0.00,617
21.168,16.61,0.11,0.87,0.49,2.61,0.00,616
21.185,16.67,0.12,0.86,0.46,2.60,0.00,617
21.202,16.67,0.11,0.85,0.46,2.61,0.00,616
21.219,16.68,0.13,0.87,0.49,2.61,0.00,616
21.235,16.70,0.11,0.87,0.51,2.60,0.00,616
21.252,16.61,0.12,0.85,0.48,2.62,0.00,618
21.269,16.78,0.12,0.87,0.51,2.62,0.00,620
21.285,16.62,0.13,0.86,0.48,2.64,0.00,619
21.302,16.64,0.11,0.86,0.49,2.63,0.00,620
21.318,16.63,0.12,0.86,0.49,2.63,0.00,619
21.335,16.67,0.13,0.85,0.50,2.62,0.00,618
21.352,16.70,0.10,0.86,0.46,2.63,0.00,620
21.369,16.70,0.09,0.48,0.32,2.61,0.00,620
21.385,16.60,0.11,0.88,0.47,2.62,0.00,619
21.402,16.66,0.14,0.87,0.49,2.62,0.00,618
21.418,16.66,0.13,0.85,0.47,2.60,0.00,618
21.435,16.70,0.13,0.87,0.48,2.60,0.00,615
21.452,16.66,0.11,0.87,0.50,2.60,0.00,615
21.469,16.65,0.13,0.85,0.51,2.60,0.00,615
21.485,16.72,0.11,0.86,0.49,2.60,0.00,614
21.502,16.63,0.13,0.84,0.49,2.60,0.00,613
21.519,16.73,0.13,0.88,0.55,2.57,0.00,612
21.535,16.67,0.11,0.87,0.51,2.57,0.00,610
21.552,16.62,0.13,0.84,0.49,2.57,0.00,610
21.569,16.67,0.11,0.89,0.52,2.59,0.00,606
21.585,16.64,0.11,0.86,0.48,2.56,0.00,604
21.602,16.66,0.13,0.87,0.48,2.56,0.00,600
21.619,16.68,0.12,0.86,0.49,2.54,0.00,596
21.635,16.68,0.12,0.90,0.53,2.53,0.00,592
21.652,16.66,0.11,0.87,0.47,2.52,0.00,587
21.669,16.68,0.13,0.86,0.51,2.50,0.00,580
21.685,16.65,0.12,0.82,0.52,2.49,0.00,575
21.702,16.66,0.11,0.82,0.48,2.11,0.00,575
21.719,16.69,0.13,0.81,0.49,2.12,0.00,573
21.735,16.66,0.13,0.81,0.49,2.10,0.00,574
21.752,16.65,0.11,0.77,0.41,2.09,0.00,571
21.769,16.69,0.10,0.79,0.42,2.08,0.00,569
21.785,16.65,0.11,0.77,0.38,2.08,0.00,564
21.802,16.67,0.11,0.79,0.40,2.07,0.00,564
21.819,16.69,0.19,0.81,0.45,2.07,0.00,562
21.835,16.65,0.11,0.80,0.39,2.07,0.00,561
21.852,16.66,0.11,0.79,0.38,2.08,0.00,560
21.869,16.67,0.11,0.78,0.40,2.05,0.00,557
21.885,16.67,0.10,0.77,0.38,2.07,0.00,555
21.902,16.67,0.11,0.77,0.39,2.05,0.00,551
21.919,16.67,0.11,0.76,0.38,2.04,0.00,550
21.935,16.67,0.12,0.79,0.44,2.05,0.00,548
21.952,16.67,0.12,0.70,0.44,2.02,0.00,545
21.969,16.67,0.12,0.74,0.45,2.04,0.00,544
21.985,16.68,0.22,0.77,0.38,2.04,0.00,560
22.002,16.64,0.11,0.76,0.38,2.13,0.00,557
22.019,16.69,0.11,0.79,0.42,2.12,0.00,553
22.035,16.66,0.11,0.77,0.38,2.12,0.00,549
22.052,16.67,0.11,0.75,0.39,2.10,0.00,547
22.069,16.65,0.11,0.76,0.38,2.10,0.00,547
22.085,16.67,0.11,0.75,0.38,2.10,0.00,543
22.102,16.68,0.10,0.77,0.38,2.11,0.00,540
22.119,16.65,0.10,0.75,0.38,2.10,0.00,535
22.135,16.67,0.11,0.76,0.39,2.10,0.00,533
22.152,16.67,0.11,0.58,0.44,2.08,0.00,516
22.169,16.68,0.12,0.56,0.45,2.08,0.00,514
22.185,16.66,0.11,0.56,0.39,2.06,0.00,511
22.202,16.67,0.14,0.59,0.39,2.06,0.00,511
22.219,16.66,0.11,0.59,0.44,2.05,0.00,511
22.235,16.67,0.09,0.44,0.39,2.04,0.00,510
22.252,16.68,0.13,0.59,0.47,2.06,0.00,507
22.269,16.68,0.12,0.58,0.44,2.06,0.00,507
22.285,16.63,0.12,0.58,0.45,2.05,0.00,504
22.302,16.71,0.10,0.63,0.41,2.04,0.00,503
22.319,16.64,0.09,0.57,0.39,2.05,0.00,501
22.335,16.67,0.10,0.56,0.41,2.04,0.00,500
22.352,16.65,0.11,0.56,0.38,2.03,0.00,500
22.369,16.68,0.10,0.56,0.39,2.04,0.00,502
22.385,16.67,0.12,0.59,0.45,2.06,0.00,499
22.402,16.66,0.12,0.55,0.39,2.02,0.00,498
22.419,16.67,0.11,0.55,0.37,2.04,0.00,498
22.435,16.68,0.12,0.56,0.43,2.04,0.00,497
22.452,16.66,0.11,0.56,0.39,2.04,0.00,494
22.469,16.67,0.11,0.58,0.44,2.03,0.00,492
22.485,16.67,0.11,0.55,0.38,2.04,0.00,492
22.502,16.67,0.13,0.59,0.46,2.03,0.00,489
22.519,16.67,0.12,0.54,0.41,2.05,0.00,490
22.535,16.67,0.10,0.56,0.40,2.05,0.00,489
22.552,16.70,0.10,0.59,0.43,2.05,0.00,487
22.569,16.69,0.10,0.56,0.42,2.04,0.00,486
22.585,16.60,0.12,0.55,0.42,2.04,0.00,485
22.602,16.74,0.10,0.57,0.46,2.03,0.00,485
22.619,16.60,0.12,0.58,0.46,2.04,0.00,485
22.635,16.67,0.14,0.58,0.47,2.04,0.00,484
22.652,16.66,0.11,0.56,0.43,2.06,0.00,483
22.669,16.67,0.11,0.55,0.38,2.03,0.00,482
22.685,16.69,0.09,0.55,0.38,2.07,0.00,482
22.702,16.65,0.10,0.54,0.40,2.07,0.00,480
22.719,16.67,0.11,0.54,0.43,2.07,0.00,480
22.735,16.67,0.11,0.56,0.38,2.06,0.00,478
22.752,16.66,0.11,0.55,0.37,2.07,0.00,478
22.769,16.71,0.11,0.58,0.44,2.07,0.00,477
22.785,16.62,0.11,0.56,0.38,2.07,0.00,477
22.802,16.67,0.11,0.56,0.38,2.07,0.00,476
22.819,16.75,0.10,0.56,0.38,2.07,0.00,471
22.835,16.60,0.10,0.56,0.36,2.06,0.00,471
22.852,16.65,0.11,0.55,0.37,2.06,0.00,470
22.869,16.68,0.11,0.58,0.41,2.06,0.00,469
22.885,16.67,0.09,0.55,0.39,2.05,0.00,467
22.902,16.66,0.12,0.80,0.40,2.03,0.00,520
22.919,16.66,0.12,0.79,0.39,2.90,0.00,519
22.935,16.67,0.12,0.79,0.38,2.92,0.00,517
22.952,16.66,0.13,0.80,0.40,2.91,0.00,515
22.969,16.67,0.13,0.82,0.42,2.90,0.00,512
22.985,16.67,0.12,0.80,0.39,2.90,0.00,510
23.002,16.68,0.11,0.79,0.43,2.89,0.00,510
23.019,16.67,0.13,0.82,0.44,2.88,0.00,511
23.035,16.66,0.13,0.81,0.37,2.87,0.00,512
23.052,16.69,0.12,0.81,0.38,2.87,0.00,512
23.069,16.65,0.13,0.84,0.42,2.85,0.00,512
23.085,16.67,0.16,0.83,0.38,2.86,0.00,510
23.102,16.67,0.13,0.85,0.43,2.85,0.00,510
23.119,16.67,0.13,0.81,0.40,2.84,0.00,511
23.135,16.66,0.13,0.82,0.38,2.85,0.00,508
23.152,16.67,0.13,0.80,0.38,2.84,0.00,509
23.169,16.67,0.11,0.80,0.38,2.84,0.00,508
23.185,16.66,0.17,1.12,0.39,2.83,0.00,610
23.202,16.69,0.17,1.16,0.42,3.30,0.00,611
23.219,16.65,0.15,1.14,0.45,3.29,0.00,615
23.235,16.66,0.14,1.12,0.39,3.29,0.00,614
23.252,16.67,0.14,1.13,0.40,3.28,0.00,614
23.269,16.70,0.15,1.13,0.45,3.29,0.00,615
23.285,16.65,0.13,1.14,0.40,3.28,0.00,617
23.302,16.65,0.14,1.13,0.42,3.29,0.00,619
23.319,16.66,0.14,1.15,0.39,3.32,0.00,624
23.335,16.67,0.15,1.14,0.39,3.32,0.00,625
23.352,16.70,0.16,1.16,0.47,3.32,0.00,626
23.369,16.64,0.14,1.16,0.41,3.31,0.00,642
23.385,16.68,0.13,1.15,0.40,3.33,0.00,648
23.402,16.65,0.14,1.15,0.39,3.35,0.00,645
23.419,16.68,0.14,1.13,0.38,3.35,0.00,647
23.435,16.69,0.13,1.17,0.40,3.33,0.00,649
23.452,16.65,0.14,1.15,0.39,3.35,0.00,654
23.469,16.67,0.14,1.17,0.45,3.35,0.00,658
23.485,16.66,0.14,1.16,0.38,3.35,0.00,656
23.502,16.67,0.13,1.16,0.38,3.35,0.00,657
23.519,16.67,0.14,1.15,0.43,3.33,0.00,657
23.535,16.68,0.12,1.15,0.42,3.34,0.00,659
23.552,16.66,0.14,1.16,0.39,3.34,0.00,657
23.569,16.66,0.14,1.18,0.40,3.34,0.00,661
23.585,16.68,0.12,1.16,0.39,3.36,0.00,663
23.602,16.66,0.13,1.15,0.39,2.80,0.00,663
23.619,16.67,0.13,1.16,0.39,2.80,0.00,665
23.635,16.68,0.12,1.17,0.39,2.81,0.00,668
23.652,16.66,0.14,1.17,0.40,2.82,0.00,670
23.669,16.68,0.12,1.18,0.39,2.82,0.00,669
23.685,16.66,0.14,1.16,0.38,2.83,0.00,672
23.702,16.67,0.13,1.17,0.38,2.85,0.00,675
23.719,16.67,0.14,1.17,0.41,2.88,0.00,673
23.735,16.67,0.13,1.18,0.39,2.87,0.00,674
23.752,16.67,0.14,1.18,0.40,2.89,0.00,676
23.769,16.67,0.14,1.18,0.43,2.91,0.00,677
23.785,16.66,0.14,1.17,0.38,2.91,0.00,679
23.802,16.68,0.13,1.15,0.51,2.94,0.00,683
23.819,16.76,0.13,1.20,0.51,2.95,0.00,684
23.835,16.56,0.14,1.17,0.45,2.94,0.00,690
23.852,16.73,0.15,1.21,0.55,2.99,0.00,690
23.869,16.62,0.14,1.26,0.57,2.99,0.00,691
23.885,16.66,0.13,1.15,0.45,2.99,0.00,692
23.902,16.67,0.13,1.17,0.46,3.01,0.00,692
23.919,16.68,0.13,1.15,0.43,3.01,0.00,695
23.935,16.65,0.13,1.15,0.44,3.04,0.00,695
23.952,16.67,0.13,1.13,0.40,3.05,0.00,698
23.969,16.67,0.14,1.15,0.44,3.07,0.00,698
23.985,16.66,0.27,1.24,0.45,3.06,0.00,716
24.002,16.67,0.13,1.22,0.41,3.24,0.00,725
24.019,16.67,0.14,1.24,0.44,3.34,0.00,725
24.035,16.66,0.13,1.21,0.41,3.33,0.00,722
24.052,16.67,0.14,1.21,0.39,3.34,0.00,721
24.069,16.67,0.13,1.24,0.40,3.34,0.00,719
24.085,16.66,0.14,1.22,0.39,3.35,0.00,719
24.102,16.66,0.13,1.22,0.39,3.37,0.00,718
24.119,16.67,0.13,1.21,0.39,3.36,0.00,717
24.135,16.67,0.13,1.22,0.43,3.37,0.00,716
24.152,16.68,0.14,1.19,0.41,3.37,0.00,715
24.169,16.66,0.13,1.21,0.40,3.36,0.00,712
24.185,16.71,0.13,1.23,0.47,3.36,0.00,711
24.202,16.66,0.12,1.21,0.41,3.35,0.00,705
24.219,16.63,0.14,1.20,0.43,3.35,0.00,702
24.235,16.67,0.13,1.18,0.40,3.36,0.00,701
24.252,16.69,0.13,1.21,0.43,3.36,0.00,698
24.269,16.66,0.14,1.22,0.48,3.38,0.00,696
24.285,16.66,0.13,1.16,0.46,3.36,0.00,694
24.302,16.67,0.13,1.15,0.44,3.37,0.00,692
24.319,16.66,0.13,1.15,0.43,3.36,0.00,689
24.335,16.68,0.11,1.13,0.43,3.35,0.00,689
24.352,16.65,0.13,1.13,0.43,3.36,0.00,689
24.369,16.69,0.16,1.16,0.52,3.38,0.00,688
24.385,16.66,0.13,1.13,0.47,3.37,0.00,684
24.402,16.66,0.13,1.11,0.42,3.37,0.00,681
24.419,16.68,0.13,1.09,0.41,3.06,0.00,680
24.435,16.66,0.13,1.11,0.38,3.05,0.00,676
24.452,16.67,0.13,1.09,0.38,3.05,0.00,673
24.469,16.66,0.14,1.11,0.42,3.05,0.00,670
24.485,16.67,0.14,1.11,0.39,3.05,0.00,670
24.502,16.67,0.13,1.10,0.40,3.04,0.00,664
24.519,16.67,0.13,1.08,0.42,3.03,0.00,650
24.535,16.67,0.13,1.07,0.39,3.00,0.00,641
24.552,16.66,0.13,1.07,0.39,2.98,0.00,639
24.569,16.67,0.13,1.07,0.38,2.96,0.00,635
24.585,16.67,0.12,1.07,0.39,2.96,0.00,629
24.602,16.66,0.14,1.08,0.40,2.94,0.00,627
24.619,16.68,0.12,1.10,0.43,2.94,0.00,625
24.635,16.66,0.13,1.07,0.39,2.94,0.00,622
24.652,16.67,0.13,1.05,0.39,2.94,0.00,620
24.669,16.69,0.12,1.08,0.43,2.91,0.00,614
24.685,16.67,0.14,1.05,0.53,2.90,0.00,606
24.702,16.70,0.07,0.58,0.42,2.21,0.00,604
24.719,16.61,0.10,0.77,0.37,2.21,0.00,602
24.735,16.69,0.18,1.33,0.40,2.21,0.00,656
24.752,16.66,0.17,1.32,0.39,3.14,0.00,655
24.769,16.67,0.16,1.35,0.43,3.13,0.00,653
24.785,16.66,0.15,1.34,0.39,3.12,0.00,649
24.802,16.67,0.14,1.34,0.39,3.11,0.00,643
24.819,16.76,0.14,1.37,0.44,3.10,0.00,637
24.835,16.59,0.14,1.34,0.40,3.08,0.00,631
24.852,16.65,0.14,1.31,0.39,3.08,0.00,627
24.869,16.68,0.16,1.13,0.52,3.07,0.00,619
24.885,16.67,0.13,1.14,0.46,3.06,0.00,615
24.902,16.66,0.14,1.13,0.40,3.05,0.00,612
24.919,16.66,0.15,1.14,0.42,3.02,0.00,605
24.935,16.67,0.14,1.13,0.43,3.03,0.00,600
24.952,16.67,0.15,1.16,0.45,3.01,0.00,592
24.969,16.66,0.14,1.15,0.42,3.01,0.00,587
24.985,16.67,0.15,1.14,0.41,2.99,0.00,579
25.002,16.66,0.13,1.12,0.42,2.98,0.00,562
25.019,16.68,0.14,1.16,0.47,3.00,0.00,556
25.035,16.66,0.14,1.13,0.41,2.98,0.00,544
25.052,16.66,0.13,1.11,0.39,2.98,0.00,528
25.069,16.67,0.13,1.11,0.40,2.94,0.00,507
25.085,16.68,0.12,1.12,0.40,2.91,0.00,495
25.102,16.66,0.14,1.11,0.38,2.87,0.00,488
25.119,16.67,0.14,1.13,0.38,2.85,0.00,475
25.135,16.68,0.12,1.11,0.37,2.87,0.00,370
25.152,16.66,0.14,0.90,0.37,2.05,0.00,370
25.169,16.68,0.13,0.91,0.38,2.05,0.00,370
25.185,16.66,0.13,0.92,0.36,2.09,0.00,368
25.202,16.68,0.13,0.91,0.37,2.06,0.00,369
25.219,16.66,0.13,0.90,0.37,2.08,0.00,369
25.236,16.69,0.13,0.93,0.40,2.08,0.00,367
25.252,16.67,0.12,0.91,0.41,2.09,0.00,368
25.269,16.64,0.13,0.93,0.40,2.09,0.00,368
25.285,16.67,0.14,0.91,0.36,2.07,0.00,368
25.302,16.68,0.12,0.90,0.36,2.09,0.00,367
25.319,16.67,0.13,0.91,0.42,2.09,0.00,364
25.335,16.65,0.14,0.92,0.41,2.10,0.00,364
25.352,16.69,0.13,0.90,0.38,2.11,0.00,363
25.369,16.65,0.13,0.90,0.38,2.11,0.00,362
25.386,16.69,0.15,0.94,0.49,2.10,0.00,363
25.402,16.65,0.13,0.92,0.44,2.14,0.00,363
25.419,16.67,0.12,0.88,0.37,2.14,0.00,363
25.436,16.67,0.16,0.93,0.43,2.14,0.00,363
25.452,16.65,0.13,0.90,0.36,2.16,0.00,363
25.469,16.71,0.12,0.88,0.37,2.15,0.00,362
25.486,16.63,0.13,0.91,0.41,2.16,0.00,362
25.502,16.67,0.12,0.88,0.39,2.14,0.00,361
25.519,16.68,0.12,0.92,0.47,2.19,0.00,362
25.536,16.66,0.13,0.90,0.38,2.21,0.00,361
25.552,16.67,0.12,0.87,0.35,2.21,0.00,359
25.569,16.66,0.13,0.89,0.36,2.23,0.00,359
25.586,16.74,0.12,0.93,0.46,2.22,0.00,357
25.602,16.60,0.13,0.89,0.39,2.21,0.00,355
25.619,16.66,0.13,0.87,0.38,2.22,0.00,354
25.636,16.69,0.12,0.88,0.36,2.22,0.00,354
25.652,16.64,0.13,0.88,0.37,2.25,0.00,354
25.669,16.67,0.12,0.88,0.36,2.24,0.00,354
25.686,16.67,0.12,0.85,0.39,2.25,0.00,354
25.702,16.67,0.12,0.87,0.37,2.24,0.00,353
25.719,16.67,0.13,0.87,0.36,2.26,0.00,353
25.736,16.67,0.13,0.88,0.44,2.26,0.00,352
25.752,16.66,0.09,0.66,0.38,2.24,0.00,350
25.769,16.68,0.08,0.50,0.31,2.23,0.00,350
25.786,16.66,0.06,0.37,0.25,2.26,0.00,350
25.802,16.65,0.05,0.29,0.21,2.27,0.00,348
25.819,16.67,0.05,0.29,0.20,2.25,0.00,348
25.836,16.69,0.05,0.29,0.25,2.25,0.00,348
25.852,16.65,0.05,0.30,0.24,2.24,0.00,348
25.869,16.72,0.13,0.89,0.44,2.23,0.00,347
25.886,16.65,0.14,0.88,0.44,2.23,0.00,346
25.902,16.67,0.13,0.91,0.52,2.22,0.00,347
25.919,16.66,0.12,0.93,0.46,2.24,0.00,347
25.936,16.70,0.12,0.91,0.51,2.23,0.00,347
25.952,16.69,0.12,0.82,0.45,2.22,0.00,346
25.969,16.62,0.13,0.81,0.43,2.22,0.00,346
25.986,16.66,0.27,0.89,0.43,2.21,0.00,359
26.002,16.68,0.14,0.84,0.31,2.29,0.00,367
26.019,16.65,0.13,0.89,0.45,2.37,0.00,364
26.036,16.68,0.14,0.88,0.41,2.36,0.00,364
26.052,16.66,0.12,0.86,0.38,2.35,0.00,364
26.069,16.68,0.13,0.90,0.41,2.38,0.00,364
26.086,16.66,0.13,0.88,0.39,2.36,0.00,364
26.102,16.67,0.13,0.88,0.38,2.36,0.00,364
26.119,16.66,0.12,0.88,0.37,2.34,0.00,364
26.136,16.67,0.13,0.86,0.37,2.35,0.00,363
26.152,16.67,0.13,0.89,0.38,2.34,0.00,363
26.169,16.66,0.13,0.87,0.37,2.34,0.00,363
26.186,16.69,0.11,0.86,0.38,2.35,0.00,362
26.202,16.66,0.17,0.90,0.41,2.33,0.00,361
26.219,16.66,0.12,0.89,0.38,2.33,0.00,361
26.236,16.67,0.13,0.84,0.39,2.33,0.00,359
26.252,16.66,0.13,0.84,0.36,1.91,0.00,359
26.269,16.66,0.13,0.83,0.37,1.89,0.00,358
26.286,16.69,0.13,0.84,0.40,1.91,0.00,358
26.302,16.65,0.13,0.83,0.38,1.94,0.00,358
26.319,16.66,0.12,0.83,0.38,1.91,0.00,358
26.336,16.67,0.12,0.82,0.37,1.90,0.00,357
26.352,16.67,0.13,0.84,0.36,1.90,0.00,357
26.369,16.67,0.13,0.82,0.37,1.91,0.00,354
26.386,16.67,0.12,0.82,0.37,1.87,0.00,352
26.402,16.67,0.14,0.84,0.47,1.88,0.00,351
26.419,16.67,0.13,0.87,0.43,1.89,0.00,350
26.436,16.67,0.12,0.82,0.40,1.88,0.00,349
26.452,16.69,0.11,0.85,0.40,1.87,0.00,349
26.469,16.64,0.13,0.83,0.39,1.87,0.00,349
26.486,16.70,0.15,0.87,0.46,1.87,0.00,349
26.502,16.65,0.12,0.85,0.42,1.88,0.00,347
26.519,16.66,0.13,0.86,0.43,1.89,0.00,346
26.536,16.66,0.13,0.85,0.43,1.87,0.00,345
26.552,16.67,0.13,0.82,0.39,1.87,0.00,344
26.569,16.68,0.11,0.84,0.37,1.88,0.00,343
26.586,16.65,0.12,0.83,0.39,1.89,0.00,343
26.602,16.67,0.12,0.82,0.38,1.88,0.00,342
26.619,16.67,0.13,0.83,0.38,1.86,0.00,342
26.636,16.68,0.11,0.83,0.37,1.86,0.00,341
26.652,16.65,0.12,0.84,0.36,1.85,0.00,340
26.669,16.69,0.11,0.84,0.37,1.86,0.00,340
26.686,16.65,0.12,0.83,0.36,1.85,0.00,340
26.702,16.67,0.13,0.61,0.37,1.87,0.00,340
26.719,16.67,0.12,0.61,0.38,1.84,0.00,339
26.736,16.69,0.12,0.62,0.41,1.83,0.00,338
26.752,16.64,0.12,0.58,0.37,1.82,0.00,338
26.769,16.67,0.12,0.60,0.38,1.84,0.00,337
26.786,16.69,0.13,0.64,0.43,1.81,0.00,335
26.802,16.66,0.18,0.90,0.41,1.81,0.00,392
26.819,16.66,0.17,0.90,0.40,2.63,0.00,486
26.836,16.67,0.16,0.91,0.41,2.81,0.00,504
26.852,16.67,0.17,0.91,0.41,2.84,0.00,518
26.869,16.69,0.16,0.91,0.40,2.86,0.00,526
26.886,16.65,0.17,0.91,0.38,2.88,0.00,535
26.902,16.68,0.17,0.90,0.39,2.86,0.00,550
26.919,16.67,0.16,0.92,0.40,2.89,0.00,558
26.936,16.65,0.16,0.92,0.38,2.89,0.00,569
26.952,16.70,0.18,0.94,0.46,2.91,0.00,572
26.969,16.65,0.17,0.93,0.46,2.91,0.00,574
26.986,16.68,0.17,0.94,0.43,2.91,0.00,581
27.002,16.66,0.16,0.92,0.41,2.91,0.00,587
27.019,16.67,0.17,0.93,0.45,2.93,0.00,591
27.036,16.67,0.17,0.94,0.44,2.93,0.00,595
27.052,16.66,0.15,0.91,0.37,2.93,0.00,598
27.069,16.67,0.14,0.92,0.39,2.97,0.00,600
27.086,16.67,0.13,0.91,0.38,2.98,0.00,601
27.102,16.68,0.14,0.92,0.39,2.99,0.00,607
27.119,16.66,0.13,0.91,0.39,2.98,0.00,611
27.136,16.67,0.14,0.90,0.37,2.98,0.00,615
27.152,16.68,0.13,0.91,0.38,2.98,0.00,615
27.169,16.67,0.13,0.91,0.46,2.98,0.00,622
27.186,16.65,0.14,0.91,0.37,2.99,0.00,622
27.202,16.68,0.14,0.92,0.41,3.02,0.00,621
27.219,16.67,0.12,0.91,0.38,2.44,0.00,622
27.236,16.69,0.13,0.95,0.48,2.43,0.00,624
27.252,16.63,0.12,0.75,0.38,2.42,0.00,625
27.269,16.68,0.14,0.94,0.47,2.43,0.00,626
27.286,16.66,0.14,0.95,0.47,2.43,0.00,624
27.302,16.67,0.14,0.93,0.43,2.44,0.00,626
27.319,16.67,0.13,0.92,0.40,2.46,0.00,626
27.336,16.67,0.13,0.91,0.39,2.46,0.00,628
27.352,16.67,0.12,0.90,0.38,2.46,0.00,627
27.369,16.68,0.12,0.90,0.40,2.46,0.00,626
27.386,16.66,0.13,0.90,0.40,2.45,0.00,628
27.402,16.67,0.13,0.89,0.38,2.45,0.00,625
27.419,16.67,0.13,0.90,0.37,2.44,0.00,626
27.436,16.67,0.13,0.89,0.37,2.48,0.00,627
27.452,16.76,0.13,0.93,0.47,2.49,0.00,626
27.469,16.59,0.13,0.93,0.50,2.46,0.00,625
27.486,16.67,0.13,0.92,0.42,2.46,0.00,625
27.502,16.66,0.13,0.90,0.45,2.45,0.00,629
27.519,16.66,0.13,0.88,0.38,2.45,0.00,629
27.536,16.67,0.13,0.91,0.43,2.47,0.00,630
27.552,16.69,0.12,0.89,0.41,2.46,0.00,631
27.569,16.64,0.12,0.91,0.38,2.57,0.00,636
27.586,16.67,0.12,0.91,0.39,2.55,0.00,640
27.602,16.67,0.13,0.89,0.38,2.58,0.00,661
27.619,16.67,0.13,0.89,0.39,2.59,0.00,662
27.636,16.67,0.13,0.90,0.37,2.59,0.00,663
27.652,16.66,0.13,0.89,0.40,2.60,0.00,662
27.669,16.67,0.13,0.88,0.40,2.61,0.00,664
27.686,16.67,0.12,0.88,0.38,2.59,0.00,663
27.702,16.66,0.13,0.88,0.37,2.58,0.00,663
27.719,16.67,0.12,0.88,0.37,2.57,0.00,666
27.736,16.69,0.12,0.90,0.40,2.57,0.00,667
27.752,16.65,0.12,0.89,0.38,2.55,0.00,667
27.769,16.68,0.12,0.89,0.49,2.55,0.00,668
27.786,16.68,0.14,0.92,0.50,2.54,0.00,667
27.802,16.64,0.13,0.88,0.40,2.54,0.00,666
27.819,16.67,0.12,0.90,0.40,2.57,0.00,667
27.836,16.68,0.13,0.88,0.39,2.56,0.00,667
27.852,16.65,0.12,0.87,0.38,2.55,0.00,666
27.869,16.69,0.11,0.90,0.40,2.55,0.00,666
27.886,16.65,0.12,0.87,0.39,2.54,0.00,666
27.902,16.66,0.12,0.86,0.37,2.54,0.00,667
27.919,16.67,0.12,0.88,0.40,2.54,0.00,665
27.936,16.67,0.13,0.87,0.37,2.56,0.00,663
27.952,16.67,0.12,0.80,0.38,2.56,0.00,664
27.969,16.68,0.14,0.84,0.46,2.55,0.00,664
27.986,16.67,0.25,0.90,0.51,2.54,0.00,683
28.002,16.66,0.12,0.87,0.48,2.64,0.00,685
28.019,16.67,0.13,0.89,0.47,2.70,0.00,686
28.036,16.69,0.14,0.87,0.48,2.71,0.00,683
28.052,16.65,0.13,0.87,0.43,2.72,0.00,683
28.069,16.66,0.14,0.90,0.47,2.72,0.00,680
28.086,16.68,0.13,0.88,0.42,2.72,0.00,677
28.102,16.66,0.13,0.88,0.44,2.71,0.00,680
28.119,16.67,0.12,0.88,0.39,2.70,0.00,679
28.136,16.67,0.12,0.86,0.38,2.70,0.00,677
28.152,16.67,0.12,0.87,0.38,2.71,0.00,674
28.169,16.67,0.13,0.86,0.41,2.70,0.00,670
28.186,16.66,0.12,0.88,0.38,2.72,0.00,670
28.202,16.69,0.12,0.87,0.39,2.72,0.00,667
28.219,16.64,0.12,0.87,0.37,2.71,0.00,663
28.236,16.67,0.11,0.88,0.39,2.71,0.00,656
28.252,16.68,0.13,0.88,0.42,2.68,0.00,656
28.269,16.66,0.12,0.85,0.38,2.68,0.00,646
28.286,16.66,0.13,0.86,0.42,2.66,0.00,638
28.302,16.67,0.12,0.80,0.39,2.68,0.00,627
28.319,16.68,0.11,0.81,0.38,2.29,0.00,627
28.336,16.65,0.13,0.81,0.37,2.29,0.00,625
28.352,16.68,0.12,0.81,0.37,2.28,0.00,624
28.369,16.67,0.13,0.82,0.48,2.27,0.00,620
28.386,16.66,0.11,0.79,0.39,2.26,0.00,620
28.402,16.67,0.14,0.81,0.38,2.23,0.00,619
28.419,16.67,0.17,1.03,0.39,2.23,0.00,671
28.436,16.67,0.17,1.00,0.41,3.10,0.00,668
28.452,16.67,0.16,1.00,0.40,3.08,0.00,666
28.469,16.67,0.18,1.02,0.40,3.08,0.00,665
28.486,16.67,0.17,1.02,0.43,3.05,0.00,665
28.502,16.66,0.17,1.01,0.46,3.04,0.00,663
28.519,16.67,0.16,0.99,0.39,3.04,0.00,663
28.536,16.67,0.17,1.03,0.41,3.04,0.00,662
28.552,16.67,0.17,1.01,0.37,3.06,0.00,665
28.569,16.67,0.15,1.00,0.37,3.06,0.00,663
28.586,16.67,0.14,1.02,0.38,3.04,0.00,662
28.602,16.66,0.15,1.03,0.40,3.04,0.00,663
28.619,16.67,0.15,1.01,0.38,3.06,0.00,663
28.636,16.68,0.14,1.01,0.42,3.05,0.00,664
28.653,16.72,0.16,1.05,0.47,3.05,0.00,667
28.669,16.60,0.14,1.04,0.43,3.05,0.00,664
28.686,16.66,0.14,1.00,0.40,3.05,0.00,662
28.702,16.68,0.14,1.02,0.39,3.03,0.00,661
28.719,16.66,0.14,1.02,0.40,3.02,0.00,660
28.736,16.67,0.14,1.00,0.38,3.00,0.00,661
28.752,16.68,0.13,1.05,0.42,2.99,0.00,656
28.769,16.66,0.15,0.79,0.40,2.99,0.00,620
28.786,16.67,0.14,0.78,0.42,2.95,0.00,621
28.802,16.67,0.12,0.77,0.41,2.97,0.00,622
28.819,16.65,0.14,0.77,0.39,2.96,0.00,618
28.836,16.68,0.12,0.78,0.39,2.35,0.00,617
28.852,16.65,0.14,0.78,0.37,2.34,0.00,620
28.869,16.68,0.13,0.79,0.38,2.34,0.00,621
28.886,16.67,0.14,0.79,0.39,2.32,0.00,622
28.902,16.69,0.12,0.78,0.38,2.34,0.00,620
28.919,16.65,0.14,0.78,0.38,2.37,0.00,619
28.936,16.68,0.13,0.76,0.38,2.35,0.00,622
28.952,16.65,0.13,0.77,0.38,2.34,0.00,624
28.969,16.67,0.13,0.78,0.37,2.36,0.00,623
28.986,16.68,0.12,0.78,0.42,2.35,0.00,626
29.003,16.69,0.12,0.78,0.41,2.34,0.00,626
29.019,16.64,0.14,0.86,0.43,2.36,0.00,627
29.036,16.71,0.13,0.79,0.44,2.35,0.00,631
29.052,16.62,0.13,0.76,0.38,2.38,0.00,632
29.069,16.68,0.13,0.76,0.38,2.40,0.00,634
29.086,16.67,0.13,0.76,0.39,2.40,0.00,636
29.102,16.67,0.13,0.76,0.37,2.41,0.00,638
29.119,16.68,0.11,0.75,0.39,2.43,0.00,638
29.136,16.66,0.12,0.78,0.37,2.40,0.00,633
29.152,16.67,0.13,0.76,0.39,2.41,0.00,635
29.169,16.67,0.13,0.77,0.39,2.45,0.00,632
29.186,16.70,0.13,0.79,0.44,2.44,0.00,633
29.203,16.65,0.17,0.78,0.39,2.46,0.00,633
29.219,16.66,0.12,0.77,0.39,2.46,0.00,633
29.236,16.66,0.13,0.76,0.39,2.45,0.00,633
29.252,16.66,0.13,0.79,0.42,2.46,0.00,633
29.269,16.67,0.13,0.78,0.39,2.45,0.00,636
29.286,16.67,0.13,0.78,0.42,2.47,0.00,635
29.303,16.67,0.13,0.76,0.37,2.47,0.00,635
29.319,16.67,0.12,0.77,0.39,2.47,0.00,637
29.336,16.67,0.12,0.76,0.37,2.48,0.00,637
29.353,16.67,0.13,0.77,0.37,2.50,0.00,637
29.369,16.68,0.11,0.77,0.38,2.45,0.00,635
29.386,16.66,0.13,0.77,0.37,2.46,0.00,635
29.403,16.67,0.13,0.77,0.38,2.44,0.00,633
29.419,16.67,0.12,0.75,0.38,2.47,0.00,636
29.436,16.67,0.12,0.78,0.41,2.48,0.00,637
29.453,16.67,0.13,0.75,0.37,2.46,0.00,638
29.469,16.68,0.12,0.77,0.37,2.45,0.00,638
29.486,16.65,0.13,0.75,0.38,2.47,0.00,637
29.503,16.69,0.13,0.81,0.49,2.44,0.00,636
29.519,16.67,0.14,0.78,0.44,2.45,0.00,639
29.536,16.67,0.14,0.80,0.47,2.46,0.00,637
29.553,16.65,0.13,0.76,0.41,2.47,0.00,636
29.569,16.68,0.12,0.80,0.41,2.46,0.00,633
29.586,16.65,0.13,0.78,0.41,2.47,0.00,633
29.603,16.67,0.12,0.78,0.39,2.45,0.00,633
29.619,16.68,0.12,0.78,0.40,2.43,0.00,633
29.636,16.66,0.13,0.78,0.41,2.43,0.00,631
29.653,16.66,0.13,0.76,0.39,2.45,0.00,630
29.669,16.67,0.12,0.76,0.38,2.46,0.00,631
29.686,16.67,0.13,0.79,0.40,2.44,0.00,630
29.703,16.67,0.12,0.78,0.40,2.45,0.00,631
29.719,16.65,0.13,0.77,0.38,2.45,0.00,632
29.736,16.68,0.13,0.77,0.39,2.44,0.00,632
29.753,16.68,0.14,0.79,0.43,2.43,0.00,632
29.769,16.65,0.13,0.77,0.39,2.45,0.00,631
29.786,16.70,0.12,0.76,0.44,2.46,0.00,630
29.803,16.65,0.12,0.77,0.40,2.47,0.00,629
29.819,16.67,0.12,0.77,0.40,2.46,0.00,628
29.836,16.66,0.12,0.79,0.40,2.44,0.00,623
29.853,16.68,0.11,0.77,0.40,2.42,0.00,620
29.869,16.68,0.12,0.80,0.49,2.42,0.00,618
29.886,16.67,0.12,0.75,0.41,2.42,0.00,619
29.903,16.65,0.12,0.76,0.38,2.41,0.00,609
29.919,16.67,0.13,0.73,0.43,2.40,0.00,597
29.936,16.67,0.13,0.75,0.45,2.04,0.00,596
29.953,16.67,0.13,0.68,0.38,2.04,0.00,595
29.969,16.68,0.10,0.68,0.38,2.04,0.00,594
29.986,16.65,0.25,0.76,0.37,2.04,0.00,649
30.003,16.67,0.13,0.79,0.42,2.22,0.00,662
30.019,16.81,0.13,0.82,0.48,2.40,0.00,662
30.036,16.53,0.12,0.79,0.42,2.43,0.00,663
30.053,16.67,0.13,0.78,0.42,2.43,0.00,663
30.069,16.66,0.12,0.77,0.38,2.41,0.00,663
30.086,16.68,0.11,0.79,0.39,2.40,0.00,663
30.103,16.69,0.11,0.77,0.39,2.39,0.00,661
30.119,16.65,0.11,0.79,0.38,2.39,0.00,660
30.136,16.65,0.13,0.79,0.44,2.38,0.00,661
30.153,16.67,0.12,0.76,0.38,2.39,0.00,661
30.169,16.67,0.12,0.77,0.39,2.40,0.00,659
30.186,16.67,0.13,0.77,0.41,2.38,0.00,655
30.203,16.70,0.11,0.79,0.41,2.37,0.00,654
30.219,16.63,0.12,0.77,0.39,2.38,0.00,650
30.236,16.67,0.12,0.79,0.40,2.36,0.00,647
30.253,16.68,0.13,0.78,0.40,2.34,0.00,647
30.269,16.66,0.12,0.79,0.40,2.33,0.00,644
30.286,16.70,0.17,0.80,0.45,2.34,0.00,641
30.303,16.63,0.13,0.81,0.43,2.33,0.00,642
30.319,16.67,0.12,0.78,0.41,2.34,0.00,641
30.336,16.67,0.13,0.81,0.45,2.30,0.00,638
30.353,16.66,0.12,0.77,0.38,2.32,0.00,634
30.369,16.67,0.11,0.78,0.39,2.27,0.00,634
30.386,16.65,0.12,0.61,0.39,2.27,0.00,632
30.403,16.67,0.12,0.64,0.38,2.28,0.00,630
30.419,16.66,0.12,0.62,0.37,2.26,0.00,628
30.436,16.68,0.12,0.62,0.45,2.24,0.00,626
30.453,16.66,0.12,0.61,0.37,2.24,0.00,626
30.469,16.72,0.15,0.66,0.46,2.22,0.00,627
30.486,16.60,0.07,0.35,0.29,2.23,0.00,626
30.503,16.70,0.14,0.66,0.50,2.21,0.00,624
30.519,16.66,0.13,0.64,0.41,2.22,0.00,624
30.536,16.66,0.13,0.65,0.45,2.22,0.00,623
30.553,16.68,0.12,0.62,0.42,2.20,0.00,622
30.569,16.66,0.12,0.63,0.39,2.20,0.00,622
30.586,16.67,0.12,0.62,0.39,2.18,0.00,622
30.603,16.66,0.12,0.63,0.39,2.18,0.00,619
30.619,16.67,0.12,0.61,0.38,2.18,0.00,618
30.636,16.67,0.12,0.62,0.40,2.18,0.00,616
30.653,16.67,0.13,0.67,0.47,2.21,0.00,614
30.669,16.66,0.12,0.64,0.40,2.18,0.00,613
30.686,16.68,0.12,0.64,0.45,2.17,0.00,609
30.703,16.67,0.12,0.62,0.39,2.16,0.00,609
30.719,16.67,0.12,0.63,0.41,2.17,0.00,609
30.736,16.67,0.12,0.62,0.39,2.17,0.00,608
30.753,16.73,0.13,0.66,0.46,2.14,0.00,610
30.769,16.61,0.12,0.66,0.48,2.17,0.00,609
30.786,16.67,0.12,0.63,0.40,2.18,0.00,607
30.803,16.69,0.13,0.66,0.44,2.16,0.00,604
30.819,16.66,0.12,0.62,0.41,2.17,0.00,603
30.836,16.66,0.12,0.64,0.44,2.16,0.00,599
30.853,16.70,0.11,0.64,0.40,2.16,0.00,597
30.869,16.64,0.12,0.63,0.40,2.15,0.00,596
30.886,16.70,0.11,0.62,0.40,2.17,0.00,595
30.903,16.64,0.12,0.66,0.46,2.19,0.00,595
30.919,16.68,0.12,0.64,0.43,2.18,0.00,593
30.936,16.66,0.11,0.64,0.40,2.19,0.00,591
30.953,16.67,0.12,0.64,0.45,2.19,0.00,591
30.969,16.66,0.12,0.64,0.39,2.18,0.00,591
30.986,16.71,0.11,0.65,0.44,2.17,0.00,588
31.003,16.68,0.12,0.65,0.46,2.17,0.00,587
31.019,16.62,0.11,0.62,0.39,2.19,0.00,584
31.036,16.67,0.12,0.63,0.39,2.18,0.00,582
31.053,16.67,0.12,0.66,0.46,2.18,0.00,578
31.069,16.68,0.10,0.63,0.41,2.19,0.00,577
31.086,16.67,0.10,0.62,0.40,2.18,0.00,576
31.103,16.65,0.11,0.62,0.39,2.17,0.00,576
31.119,16.67,0.12,0.61,0.39,2.15,0.00,571
31.136,16.71,0.12,0.65,0.45,2.17,0.00,568
31.153,16.64,0.12,0.63,0.44,2.15,0.00,568
31.169,16.66,0.12,0.63,0.44,2.14,0.00,566
31.186,16.66,0.11,0.62,0.38,2.13,0.00,563
31.203,16.70,0.14,0.65,0.41,2.11,0.00,561
31.219,16.64,0.11,0.63,0.39,2.10,0.00,560
31.236,16.67,0.10,0.62,0.41,2.10,0.00,559
31.253,16.72,0.11,0.63,0.42,2.09,0.00,555
31.269,16.62,0.11,0.65,0.42,2.10,0.00,556
31.286,16.67,0.11,0.61,0.38,2.09,0.00,554
31.303,16.67,0.11,0.62,0.41,2.08,0.00,554
31.319,16.67,0.11,0.60,0.38,2.08,0.00,553
31.336,16.66,0.11,0.63,0.38,2.08,0.00,551
31.353,16.67,0.11,0.61,0.38,2.06,0.00,549
31.369,16.68,0.10,0.63,0.39,2.02,0.00,548
31.386,16.66,0.10,0.61,0.40,2.07,0.00,547
31.403,16.66,0.11,0.63,0.38,2.07,0.00,545
31.419,16.67,0.11,0.61,0.39,2.03,0.00,543
31.436,16.66,0.11,0.62,0.38,2.03,0.00,541
31.453,16.68,0.11,0.62,0.39,2.03,0.00,540
31.469,16.67,0.11,0.61,0.38,2.02,0.00,537
31.486,16.67,0.11,0.61,0.38,2.01,0.00,537
31.503,16.68,0.11,0.64,0.40,2.00,0.00,534
31.519,16.66,0.11,0.63,0.40,2.01,0.00,533
31.536,16.67,0.11,0.61,0.39,2.01,0.00,531
31.553,16.66,0.11,0.62,0.40,2.01,0.00,529
31.569,16.67,0.11,0.61,0.38,1.98,0.00,529
31.586,16.67,0.10,0.62,0.38,1.98,0.00,524
31.603,16.67,0.11,0.61,0.38,1.98,0.00,523
31.619,16.67,0.12,0.58,0.39,1.94,0.00,520
31.636,16.67,0.11,0.62,0.39,1.99,0.00,520
31.653,16.67,0.11,0.61,0.46,1.97,0.00,520
31.669,16.66,0.11,0.61,0.45,1.97,0.00,518
31.686,16.67,0.11,0.61,0.39,1.97,0.00,516
31.703,16.66,0.10,0.59,0.36,1.97,0.00,511
31.719,16.67,0.11,0.60,0.37,1.94,0.00,511
31.736,16.69,0.10,0.60,0.37,1.96,0.00,509
31.753,16.64,0.11,0.60,0.37,1.97,0.00,506
31.769,16.67,0.11,0.60,0.41,1.96,0.00,505
31.786,16.66,0.11,0.60,0.37,1.96,0.00,501
31.803,16.67,0.11,0.61,0.41,1.93,0.00,500
31.819,16.73,0.10,0.62,0.39,1.94,0.00,498
31.836,16.62,0.10,0.63,0.41,1.95,0.00,492
31.853,16.66,0.11,0.61,0.38,1.95,0.00,493
31.869,16.67,0.15,0.97,0.40,1.95,0.00,580
31.886,16.67,0.13,0.97,0.39,3.02,0.00,580
31.903,16.67,0.13,0.97,0.38,3.02,0.00,579
31.919,16.66,0.13,0.95,0.38,3.02,0.00,578
31.936,16.67,0.13,0.96,0.39,3.01,0.00,578
31.953,16.71,0.13,0.95,0.48,3.02,0.00,576
31.969,16.64,0.13,0.93,0.44,3.02,0.00,578
31.986,16.66,0.27,1.00,0.41,3.02,0.00,615
32.003,16.67,0.12,0.99,0.39,3.16,0.00,636
32.019,16.67,0.14,1.02,0.42,3.37,0.00,637
32.036,16.67,0.13,1.01,0.39,3.36,0.00,640
32.053,16.67,0.13,1.01,0.42,3.38,0.00,640
32.069,16.67,0.14,1.00,0.40,3.37,0.00,640
32.086,16.66,0.14,1.03,0.40,3.36,0.00,641
32.103,16.67,0.13,1.02,0.39,3.37,0.00,641
32.119,16.67,0.13,1.00,0.40,3.40,0.00,640
32.136,16.67,0.13,1.02,0.38,3.39,0.00,644
32.153,16.67,0.13,1.03,0.38,3.39,0.00,643
32.169,16.68,0.13,1.03,0.46,3.41,0.00,646
32.186,16.66,0.13,1.02,0.40,3.40,0.00,647
32.203,16.67,0.13,1.01,0.38,3.42,0.00,647
32.219,16.67,0.13,1.03,0.41,3.40,0.00,651
32.236,16.66,0.12,1.04,0.39,3.45,0.00,651
32.253,16.67,0.14,1.04,0.41,3.45,0.00,653
32.269,16.68,0.10,0.80,0.40,3.44,0.00,653
32.286,16.66,0.13,1.05,0.46,2.88,0.00,656
32.303,16.67,0.13,1.05,0.48,2.87,0.00,656
32.319,16.68,0.14,1.07,0.50,2.88,0.00,657
32.336,16.65,0.14,1.08,0.48,2.88,0.00,663
32.353,16.67,0.14,1.07,0.50,2.93,0.00,663
32.369,16.70,0.13,1.07,0.48,2.94,0.00,665
32.386,16.63,0.15,1.08,0.49,2.94,0.00,664
32.403,16.67,0.14,1.08,0.48,2.94,0.00,666
32.419,16.68,0.15,1.07,0.52,2.96,0.00,668
32.436,16.68,0.12,1.08,0.51,2.98,0.00,669
32.453,16.69,0.15,1.06,0.48,2.99,0.00,669
32.469,16.62,0.13,1.07,0.46,3.02,0.00,670
32.486,16.67,0.13,1.08,0.50,3.02,0.00,667
32.503,16.74,0.12,1.11,0.47,3.05,0.00,667
32.519,16.61,0.12,1.08,0.50,3.06,0.00,669
32.536,16.70,0.14,1.08,0.49,3.06,0.00,667
32.553,16.64,0.13,1.09,0.52,3.06,0.00,666
32.569,16.66,0.14,1.08,0.49,3.09,0.00,668
32.586,16.68,0.12,1.06,0.48,3.11,0.00,669
32.603,16.66,0.13,1.09,0.48,3.13,0.00,668
32.619,16.70,0.14,1.07,0.46,3.13,0.00,666
32.636,16.64,0.12,1.10,0.49,3.14,0.00,666
32.653,16.70,0.14,1.07,0.48,3.14,0.00,665
32.670,16.71,0.14,1.05,0.52,3.15,0.00,665
32.686,16.62,0.13,1.06,0.51,3.14,0.00,664
32.703,16.66,0.14,1.06,0.51,3.17,0.00,666
32.719,16.64,0.13,1.03,0.48,3.17,0.00,664
32.736,16.68,0.13,1.05,0.53,3.19,0.00,664
32.753,16.69,0.12,1.06,0.50,3.18,0.00,663
32.769,16.63,0.13,1.07,0.51,3.20,0.00,662
32.786,16.68,0.14,1.05,0.50,3.20,0.00,661
32.803,16.65,0.13,1.05,0.51,3.20,0.00,661
32.819,16.68,0.12,1.09,0.54,3.21,0.00,660
32.836,16.68,0.11,1.05,0.52,3.19,0.00,659
32.853,16.65,0.12,1.05,0.52,3.20,0.00,658
32.869,16.67,0.13,1.04,0.48,3.20,0.00,648
32.886,16.76,0.12,1.06,0.53,3.19,0.00,648
32.903,16.57,0.14,1.02,0.48,3.18,0.00,645
32.919,16.67,0.13,0.99,0.47,3.17,0.00,645
32.936,16.68,0.13,1.01,0.53,3.19,0.00,643
32.953,16.67,0.13,1.02,0.54,3.18,0.00,642
32.970,16.66,0.13,1.00,0.51,3.17,0.00,643
32.986,16.72,0.12,0.99,0.49,3.16,0.00,646
33.003,16.61,0.11,0.76,0.43,3.15,0.00,644
33.020,16.67,0.13,0.99,0.51,3.14,0.00,645
33.036,16.69,0.14,1.02,0.56,3.15,0.00,646
33.053,16.66,0.13,0.99,0.47,3.15,0.00,641
33.070,16.67,0.12,0.99,0.47,3.13,0.00,642
33.086,16.68,0.13,1.00,0.50,3.14,0.00,639
33.103,16.66,0.13,0.99,0.50,3.12,0.00,640
33.120,16.68,0.11,1.05,0.54,3.11,0.00,636
33.136,16.66,0.13,1.03,0.54,3.10,0.00,634
33.153,16.71,0.14,0.97,0.53,3.09,0.00,630
33.170,16.60,0.12,0.96,0.44,3.09,0.00,629
33.186,16.68,0.12,0.96,0.47,3.08,0.00,627
33.203,16.68,0.12,0.96,0.51,3.08,0.00,624
33.220,16.66,0.12,0.92,0.42,3.06,0.00,622
33.236,16.66,0.11,0.92,0.40,3.06,0.00,622
33.253,16.67,0.11,0.93,0.38,3.06,0.00,619
33.270,16.67,0.12,0.95,0.42,3.05,0.00,617
33.286,16.66,0.11,0.92,0.38,3.06,0.00,616
33.303,16.69,0.12,0.92,0.43,3.06,0.00,610
33.320,16.65,0.11,0.93,0.45,3.03,0.00,609
33.336,16.67,0.12,0.95,0.43,3.02,0.00,609
33.353,16.66,0.11,0.92,0.38,3.02,0.00,606
33.370,16.67,0.11,0.87,0.37,3.03,0.00,602
33.386,16.69,0.10,0.87,0.38,2.26,0.00,599
33.403,16.65,0.11,0.88,0.39,2.25,0.00,599
33.420,16.68,0.10,0.88,0.37,2.27,0.00,597
33.436,16.66,0.11,0.87,0.39,2.27,0.00,597
33.453,16.76,0.10,0.88,0.42,2.27,0.00,599
33.470,16.58,0.11,0.88,0.38,2.28,0.00,598
33.486,16.66,0.11,0.86,0.37,2.27,0.00,596
33.503,16.68,0.11,0.88,0.37,2.24,0.00,596
33.520,16.67,0.11,0.89,0.42,2.25,0.00,595
33.536,16.67,0.11,0.86,0.39,2.28,0.00,594
33.553,16.66,0.12,0.88,0.41,2.29,0.00,594
33.570,16.67,0.11,0.86,0.39,2.28,0.00,593
33.586,16.69,0.10,0.86,0.38,2.28,0.00,592
33.603,16.72,0.10,0.90,0.45,2.27,0.00,589
33.620,16.60,0.11,0.89,0.39,2.28,0.00,586
33.636,16.70,0.10,0.88,0.38,2.28,0.00,587
33.653,16.65,0.10,0.90,0.43,2.31,0.00,584
33.670,16.64,0.11,0.86,0.39,2.28,0.00,584
33.686,16.66,0.11,0.84,0.38,2.29,0.00,583
33.703,16.68,0.11,0.86,0.38,2.29,0.00,583
33.720,16.67,0.10,0.85,0.38,2.29,0.00,578
33.736,16.67,0.11,0.85,0.40,2.29,0.00,577
33.753,16.79,0.11,0.91,0.46,2.29,0.00,576
33.770,16.56,0.12,0.91,0.48,2.30,0.00,577
33.786,16.66,0.12,0.87,0.41,2.29,0.00,575
33.803,16.67,0.11,0.85,0.43,2.28,0.00,573
33.820,16.67,0.10,0.84,0.39,2.27,0.00,572
33.836,16.66,0.12,0.66,0.42,2.27,0.00,560
33.853,16.66,0.11,0.64,0.40,2.26,0.00,559
33.870,16.67,0.11,0.63,0.38,2.25,0.00,560
33.886,16.66,0.10,0.62,0.38,2.26,0.00,560
33.903,16.68,0.12,0.62,0.39,2.26,0.00,557
33.920,16.67,0.10,0.62,0.38,2.25,0.00,557
33.936,16.67,0.11,0.62,0.37,2.23,0.00,556
33.953,16.67,0.11,0.56,0.37,2.21,0.00,555
33.970,16.67,0.10,0.55,0.37,2.20,0.00,554
33.986,16.69,0.27,0.93,0.42,2.20,0.00,641
34.003,16.67,0.13,0.96,0.51,3.23,0.00,650
34.020,16.65,0.14,0.94,0.44,3.36,0.00,649
34.036,16.68,0.13,0.92,0.41,3.36,0.00,647
34.053,16.66,0.14,0.91,0.41,3.35,0.00,646
34.070,16.67,0.12,0.91,0.41,3.34,0.00,646
34.086,16.66,0.13,0.92,0.38,3.34,0.00,646
34.103,16.66,0.13,0.92,0.40,3.34,0.00,646
34.120,16.67,0.13,0.91,0.39,3.34,0.00,646
34.136,16.69,0.12,0.92,0.37,3.34,0.00,643
34.153,16.68,0.12,0.92,0.37,3.32,0.00,645
34.170,16.64,0.13,0.93,0.39,3.33,0.00,643
34.186,16.67,0.13,0.92,0.37,3.30,0.00,644
34.203,16.67,0.13,0.91,0.37,3.31,0.00,645
34.220,16.67,0.14,0.95,0.43,3.29,0.00,643
34.236,16.67,0.14,0.92,0.39,3.31,0.00,642
34.253,16.67,0.13,0.92,0.38,3.30,0.00,640
34.270,16.67,0.13,0.94,0.42,3.30,0.00,642
34.286,16.66,0.13,0.91,0.38,3.29,0.00,642
34.303,16.74,0.12,0.96,0.44,3.28,0.00,641
34.320,16.60,0.12,0.92,0.39,3.28,0.00,642
34.336,16.66,0.13,0.92,0.41,3.28,0.00,642
34.353,16.68,0.13,0.91,0.38,3.32,0.00,642
34.370,16.68,0.11,0.92,0.39,3.33,0.00,641
34.386,16.65,0.12,0.90,0.38,3.31,0.00,640
34.403,16.68,0.12,0.92,0.39,2.73,0.00,640
34.420,16.66,0.12,0.92,0.39,2.72,0.00,641
34.436,16.68,0.13,0.94,0.44,2.74,0.00,641
34.453,16.66,0.13,0.91,0.38,2.76,0.00,642
34.470,16.69,0.11,0.93,0.37,2.76,0.00,643
34.486,16.72,0.11,0.91,0.40,2.76,0.00,642
34.503,16.60,0.13,0.92,0.39,2.76,0.00,641
34.520,16.68,0.12,0.93,0.47,2.77,0.00,642
34.536,16.66,0.13,0.94,0.41,2.77,0.00,640
34.553,16.67,0.12,0.91,0.43,2.76,0.00,639
34.570,16.66,0.11,0.69,0.30,2.78,0.00,638
34.586,16.67,0.08,0.69,0.29,2.78,0.00,638
34.603,16.67,0.13,0.93,0.36,2.81,0.00,636
34.620,16.67,0.12,0.92,0.41,2.80,0.00,635
34.636,16.66,0.13,0.92,0.37,2.82,0.00,635
34.653,16.68,0.13,0.92,0.37,2.80,0.00,633
34.670,16.68,0.13,0.95,0.47,2.80,0.00,633
34.686,16.67,0.12,0.95,0.47,2.78,0.00,633
34.703,16.65,0.13,0.94,0.42,2.81,0.00,633
34.720,16.67,0.12,0.93,0.41,2.81,0.00,633
34.736,16.73,0.11,0.95,0.50,2.81,0.00,628
34.753,16.61,0.13,0.94,0.47,2.80,0.00,629
34.770,16.68,0.13,0.95,0.45,2.80,0.00,629
34.786,16.67,0.13,0.92,0.40,2.80,0.00,628
34.803,16.66,0.13,0.95,0.46,2.82,0.00,628
34.820,16.67,0.12,0.92,0.42,2.82,0.00,627
34.836,16.66,0.12,0.93,0.41,2.82,0.00,627
34.853,16.67,0.12,0.91,0.39,2.83,0.00,627
34.870,16.67,0.12,0.92,0.39,2.83,0.00,627
34.886,16.68,0.10,0.91,0.37,2.80,0.00,626
34.903,16.67,0.10,0.92,0.40,2.81,0.00,626
34.920,16.66,0.12,0.91,0.39,2.79,0.00,626
34.936,16.67,0.12,0.92,0.39,2.82,0.00,627
34.953,16.67,0.12,0.91,0.41,2.81,0.00,627
34.970,16.67,0.12,0.91,0.40,2.82,0.00,630
34.986,16.67,0.12,0.90,0.38,2.81,0.00,629
35.003,16.67,0.12,0.91,0.37,2.80,0.00,628
35.020,16.66,0.11,0.90,0.38,2.81,0.00,628
35.036,16.68,0.13,0.92,0.43,2.81,0.00,628
35.053,16.67,0.12,0.89,0.37,2.83,0.00,630
35.070,16.66,0.12,0.91,0.42,2.81,0.00,629
35.086,16.67,0.12,0.89,0.39,2.81,0.00,627
35.103,16.67,0.11,0.90,0.38,2.81,0.00,627
35.120,16.68,0.10,0.89,0.39,2.80,0.00,627
35.136,16.67,0.11,0.90,0.38,2.80,0.00,626
35.153,16.74,0.12,0.94,0.52,2.79,0.00,627
35.170,16.58,0.13,0.93,0.46,2.82,0.00,628
35.186,16.67,0.12,0.89,0.39,2.82,0.00,626
35.203,16.68,0.12,0.92,0.39,2.82,0.00,626
35.220,16.67,0.10,0.91,0.38,2.81,0.00,627
35.236,16.65,0.11,0.91,0.40,2.81,0.00,627
35.253,16.77,0.12,0.92,0.50,2.80,0.00,626
35.270,16.58,0.13,0.92,0.44,2.80,0.00,626
35.286,16.66,0.12,0.93,0.46,2.81,0.00,626
35.303,16.69,0.11,0.93,0.41,2.80,0.00,625
35.320,16.70,0.13,0.92,0.46,2.81,0.00,623
35.336,16.62,0.12,0.93,0.42,2.80,0.00,621
35.353,16.66,0.11,0.89,0.40,2.81,0.00,618
35.370,16.66,0.11,0.91,0.38,2.80,0.00,617
35.386,16.69,0.11,0.91,0.39,2.80,0.00,615
35.403,16.66,0.11,0.91,0.39,2.82,0.00,611
35.420,16.67,0.11,0.90,0.39,2.82,0.00,607
35.436,16.67,0.12,0.90,0.37,2.81,0.00,606
35.453,16.67,0.12,0.89,0.38,2.79,0.00,603
35.470,16.69,0.10,0.89,0.39,2.80,0.00,598
35.486,16.64,0.11,0.87,0.39,2.80,0.00,597
35.503,16.68,0.10,0.87,0.40,2.43,0.00,596
35.520,16.65,0.11,0.87,0.38,2.45,0.00,596
35.536,16.70,0.11,0.88,0.42,2.44,0.00,595
35.553,16.64,0.11,0.85,0.39,2.43,0.00,595
35.570,16.67,0.11,0.88,0.43,2.41,0.00,593
35.586,16.66,0.11,0.84,0.38,2.40,0.00,592
35.603,16.68,0.10,0.88,0.38,2.41,0.00,589
35.620,16.65,0.11,0.86,0.39,2.39,0.00,588
35.636,16.67,0.14,1.18,0.41,2.36,0.00,635
35.653,16.68,0.12,1.17,0.41,3.21,0.00,631
35.670,16.65,0.14,1.18,0.39,3.21,0.00,627
35.686,16.67,0.14,1.18,0.39,3.18,0.00,624
35.703,16.68,0.12,1.19,0.39,3.18,0.00,623
35.720,16.66,0.13,1.21,0.40,3.18,0.00,621
35.736,16.67,0.13,1.21,0.40,3.16,0.00,618
35.753,16.67,0.15,1.24,0.50,3.17,0.00,615
35.770,16.67,0.14,1.28,0.48,3.16,0.00,615
35.786,16.67,0.13,1.22,0.45,3.14,0.00,613
35.803,16.68,0.12,1.22,0.38,3.14,0.00,608
35.820,16.65,0.14,1.22,0.44,3.13,0.00,609
35.836,16.68,0.14,1.21,0.43,3.14,0.00,608
35.853,16.66,0.15,1.19,0.41,3.13,0.00,610
35.870,16.69,0.12,1.24,0.41,3.14,0.00,607
35.886,16.65,0.13,1.20,0.39,3.13,0.00,605
35.903,16.67,0.13,1.22,0.43,3.14,0.00,604
35.920,16.66,0.12,1.22,0.41,3.14,0.00,601
35.936,16.66,0.13,1.22,0.40,3.13,0.00,598
35.953,16.68,0.12,0.91,0.38,3.14,0.00,588
35.970,16.67,0.11,0.91,0.40,3.11,0.00,589
35.986,16.66,0.25,0.99,0.39,3.14,0.00,624
36.003,16.66,0.12,1.01,0.39,3.27,0.00,631
36.020,16.67,0.13,1.01,0.38,3.38,0.00,631
36.036,16.67,0.13,1.02,0.44,3.37,0.00,628
36.053,16.67,0.13,1.00,0.38,2.78,0.00,628
36.070,16.67,0.15,1.03,0.43,2.78,0.00,626
36.086,16.67,0.13,1.01,0.40,2.80,0.00,626
36.103,16.67,0.12,1.00,0.39,2.80,0.00,625
36.120,16.67,0.12,0.98,0.38,2.80,0.00,626
36.136,16.67,0.12,1.01,0.38,2.81,0.00,623
36.153,16.67,0.12,0.99,0.39,2.81,0.00,622
36.170,16.67,0.12,0.98,0.41,2.81,0.00,622
36.186,16.67,0.13,0.99,0.37,2.81,0.00,621
36.203,16.69,0.11,1.00,0.37,2.84,0.00,620
36.220,16.65,0.12,0.98,0.39,2.84,0.00,622
36.236,16.68,0.11,1.00,0.40,2.84,0.00,621
36.253,16.66,0.13,1.00,0.39,2.85,0.00,620
36.270,16.67,0.12,1.02,0.38,2.85,0.00,618
36.286,16.70,0.14,1.01,0.50,2.87,0.00,617
36.303,16.65,0.12,1.02,0.40,2.87,0.00,617
36.320,16.66,0.13,1.02,0.47,2.89,0.00,618
36.336,16.68,0.11,0.99,0.41,2.89,0.00,616
36.353,16.69,0.11,1.00,0.40,2.89,0.00,614
36.370,16.63,0.12,0.99,0.37,2.89,0.00,612
36.386,16.67,0.12,0.98,0.38,2.88,0.00,612
36.403,16.67,0.12,0.99,0.40,2.89,0.00,612
36.420,16.67,0.13,1.00,0.38,2.90,0.00,611
36.436,16.67,0.12,1.00,0.39,2.91,0.00,613
36.453,16.75,0.12,1.01,0.42,2.92,0.00,615
36.470,16.61,0.11,0.98,0.40,2.91,0.00,615
36.486,16.65,0.12,0.98,0.42,2.90,0.00,616
36.503,16.66,0.12,0.97,0.37,2.90,0.00,616
36.520,16.69,0.12,0.98,0.40,2.90,0.00,615
36.536,16.64,0.12,0.99,0.44,2.92,0.00,618
36.553,16.67,0.13,0.98,0.37,2.91,0.00,618
36.570,16.66,0.12,0.97,0.41,2.91,0.00,618
36.586,16.67,0.12,0.95,0.39,2.89,0.00,620
36.603,16.68,0.10,0.97,0.39,2.90,0.00,620
36.620,16.66,0.12,0.95,0.37,2.86,0.00,620
36.636,16.67,0.12,0.94,0.38,2.88,0.00,620
36.653,16.67,0.11,0.96,0.38,2.88,0.00,623
36.670,16.69,0.11,0.97,0.39,2.87,0.00,622
36.686,16.65,0.12,0.95,0.44,2.85,0.00,619
36.703,16.68,0.12,0.96,0.39,2.84,0.00,619
36.720,16.66,0.12,0.97,0.37,2.84,0.00,619
36.736,16.68,0.12,0.96,0.39,2.83,0.00,617
36.753,16.66,0.12,0.94,0.38,2.82,0.00,618
36.770,16.68,0.13,0.97,0.45,2.83,0.00,617
36.786,16.66,0.12,0.96,0.49,2.81,0.00,616
36.803,16.67,0.13,0.98,0.43,2.81,0.00,610
36.820,16.66,0.11,0.98,0.46,2.78,0.00,609
36.836,16.67,0.12,0.97,0.42,2.78,0.00,610
36.853,16.66,0.15,1.21,0.41,2.77,0.00,669
36.870,16.67,0.14,1.23,0.40,3.60,0.00,667
36.886,16.67,0.14,1.21,0.43,3.60,0.00,667
36.903,16.68,0.14,1.21,0.40,3.58,0.00,665
36.920,16.65,0.14,1.21,0.39,3.57,0.00,664
36.937,16.69,0.14,1.22,0.43,3.57,0.00,665
36.953,16.65,0.15,1.22,0.42,3.54,0.00,665
36.970,16.67,0.14,1.20,0.39,3.55,0.00,661
36.987,16.70,0.13,1.21,0.40,3.55,0.00,656
37.003,16.64,0.14,1.22,0.40,3.55,0.00,657
37.020,16.67,0.14,1.21,0.39,3.56,0.00,653
37.037,16.67,0.15,1.24,0.43,3.54,0.00,652
37.053,16.67,0.14,1.22,0.40,3.54,0.00,649
37.070,16.67,0.14,1.24,0.43,3.52,0.00,646
37.087,16.67,0.14,1.21,0.39,3.52,0.00,645
37.103,16.67,0.14,1.22,0.39,3.55,0.00,637
37.120,16.67,0.14,1.21,0.40,3.54,0.00,633
37.137,16.67,0.13,1.20,0.38,3.52,0.00,623
37.153,16.67,0.13,1.19,0.39,3.20,0.00,623
37.170,16.66,0.13,1.20,0.39,3.20,0.00,622
37.187,16.68,0.12,1.20,0.38,3.18,0.00,622
37.203,16.66,0.14,1.22,0.42,3.18,0.00,624
37.220,16.67,0.14,1.20,0.40,3.21,0.00,623
37.237,16.68,0.14,1.19,0.40,3.20,0.00,624
37.253,16.67,0.12,1.18,0.38,3.19,0.00,624
37.270,16.65,0.13,1.22,0.41,2.61,0.00,624
37.287,16.68,0.11,0.92,0.39,2.61,0.00,624
37.303,16.67,0.14,1.26,0.49,2.59,0.00,625
37.320,16.67,0.14,1.23,0.47,2.63,0.00,625
37.337,16.67,0.13,1.20,0.41,2.62,0.00,624
37.353,16.67,0.13,1.20,0.40,2.63,0.00,626
37.370,16.67,0.13,1.20,0.41,2.62,0.00,626
37.387,16.67,0.13,1.20,0.41,2.61,0.00,625
37.403,16.67,0.14,1.21,0.41,2.61,0.00,625
37.420,16.67,0.15,1.19,0.40,2.60,0.00,624
37.437,16.69,0.12,1.20,0.41,2.62,0.00,625
37.453,16.67,0.13,1.19,0.40,2.63,0.00,626
37.470,16.66,0.12,1.20,0.39,2.61,0.00,624
37.487,16.66,0.14,1.18,0.40,2.61,0.00,628
37.503,16.67,0.13,1.19,0.40,2.60,0.00,627
37.520,16.67,0.13,1.19,0.41,2.59,0.00,626
37.537,16.67,0.14,1.20,0.43,2.59,0.00,625
37.553,16.66,0.13,1.19,0.41,2.60,0.00,629
37.570,16.67,0.13,1.21,0.44,2.60,0.00,631
37.587,16.67,0.12,1.18,0.40,2.60,0.00,630
37.603,16.67,0.13,0.92,0.39,2.60,0.00,614
37.620,16.67,0.13,0.89,0.40,2.58,0.00,615
37.637,16.67,0.13,0.92,0.38,2.57,0.00,617
37.653,16.67,0.13,0.90,0.37,2.60,0.00,617
37.670,16.67,0.12,0.90,0.36,2.59,0.00,619
37.687,16.66,0.12,0.91,0.38,2.59,0.00,621
37.703,16.67,0.13,0.93,0.43,2.58,0.00,621
37.720,16.67,0.12,0.91,0.37,2.58,0.00,622
37.737,16.67,0.12,0.92,0.37,2.57,0.00,621
37.753,16.67,0.13,0.91,0.38,2.56,0.00,621
37.770,16.67,0.12,0.90,0.39,2.59,0.00,621
37.787,16.67,0.11,0.92,0.41,2.59,0.00,622
37.803,16.66,0.13,0.95,0.45,2.58,0.00,622
37.820,16.68,0.13,0.93,0.46,2.59,0.00,623
37.837,16.66,0.13,0.93,0.40,2.57,0.00,623
37.853,16.66,0.12,0.91,0.41,2.57,0.00,624
37.870,16.67,0.13,0.90,0.39,2.57,0.00,627
37.887,16.67,0.13,0.90,0.37,2.59,0.00,629
37.903,16.68,0.13,0.92,0.41,2.59,0.00,630
37.920,16.66,0.12,0.91,0.37,2.58,0.00,629
37.937,16.68,0.11,0.92,0.40,2.57,0.00,629
37.953,16.66,0.12,0.83,0.36,2.59,0.00,631
37.970,16.67,0.12,0.83,0.37,2.58,0.00,630
37.987,16.76,0.26,0.96,0.46,2.57,0.00,660
38.003,16.60,0.13,0.96,0.47,2.79,0.00,670
38.020,16.65,0.13,0.94,0.41,2.93,0.00,669
38.037,16.70,0.12,0.94,0.41,2.92,0.00,668
38.053,16.64,0.12,0.95,0.44,2.91,0.00,667
38.070,16.67,0.13,0.93,0.41,2.92,0.00,666
38.087,16.66,0.13,0.93,0.39,2.93,0.00,666
38.103,16.68,0.13,0.94,0.39,2.94,0.00,664
38.120,16.66,0.13,0.93,0.44,2.94,0.00,663
38.137,16.67,0.13,0.92,0.40,2.94,0.00,659
38.153,16.67,0.12,0.94,0.41,2.94,0.00,662
38.170,16.67,0.12,0.94,0.39,2.94,0.00,664
38.187,16.68,0.11,0.94,0.37,2.94,0.00,662
38.203,16.66,0.12,0.94,0.38,2.92,0.00,661
38.220,16.67,0.13,0.94,0.39,2.94,0.00,658
38.237,16.67,0.12,0.93,0.39,2.95,0.00,658
38.253,16.67,0.11,0.93,0.39,2.94,0.00,658
38.270,16.67,0.13,0.96,0.50,2.93,0.00,655
38.287,16.66,0.11,0.93,0.42,2.90,0.00,654
38.303,16.68,0.13,0.98,0.51,2.89,0.00,653
38.320,16.67,0.14,0.96,0.50,2.88,0.00,651
38.337,16.67,0.12,0.98,0.42,2.88,0.00,646
38.353,16.71,0.14,0.95,0.48,2.87,0.00,644
38.370,16.69,0.12,0.92,0.47,2.53,0.00,644
38.387,16.61,0.12,0.97,0.51,2.51,0.00,644
38.403,16.69,0.13,0.95,0.50,2.48,0.00,644
38.420,16.67,0.14,0.94,0.54,2.47,0.00,641
38.437,16.64,0.07,0.49,0.33,2.46,0.00,641
38.453,16.65,0.05,0.31,0.27,2.45,0.00,637
38.470,16.66,0.05,0.31,0.26,2.43,0.00,637
38.487,16.68,0.06,0.33,0.27,2.41,0.00,637
38.503,16.70,0.13,0.97,0.54,2.40,0.00,638
38.520,16.64,0.09,0.68,0.34,2.39,0.00,636
38.537,16.66,0.10,0.69,0.37,2.37,0.00,634
38.553,16.69,0.13,0.92,0.43,2.38,0.00,633
38.570,16.65,0.12,0.90,0.43,2.37,0.00,632
38.587,16.66,0.09,0.64,0.30,2.35,0.00,631
38.603,16.68,0.08,0.66,0.29,2.33,0.00,629
38.620,16.68,0.08,0.66,0.30,2.31,0.00,629
38.637,16.67,0.11,0.90,0.41,2.30,0.00,626
38.653,16.66,0.13,0.89,0.43,2.29,0.00,625
38.670,16.66,0.13,0.90,0.40,2.29,0.00,622
38.687,16.67,0.12,0.90,0.38,2.29,0.00,620
38.703,16.67,0.12,0.91,0.38,2.27,0.00,619
38.720,16.67,0.12,0.89,0.38,2.27,0.00,616
38.737,16.68,0.10,0.90,0.41,2.25,0.00,613
38.753,16.66,0.13,0.89,0.38,2.25,0.00,610
38.770,16.67,0.12,0.90,0.42,2.23,0.00,608
38.787,16.67,0.12,0.89,0.39,2.25,0.00,604
38.803,16.66,0.12,0.91,0.42,2.24,0.00,598
38.820,16.68,0.12,0.67,0.55,2.22,0.00,583
38.837,16.66,0.13,0.70,0.49,2.19,0.00,582
38.853,16.67,0.12,0.66,0.42,2.20,0.00,582
38.870,16.67,0.12,0.64,0.39,2.19,0.00,579
38.887,16.67,0.12,0.65,0.39,2.21,0.00,578
38.903,16.66,0.11,0.64,0.38,2.20,0.00,575
38.920,16.68,0.12,0.64,0.38,2.19,0.00,572
38.937,16.68,0.10,0.65,0.38,2.20,0.00,570
38.953,16.66,0.11,0.64,0.38,2.19,0.00,569
38.970,16.67,0.11,0.66,0.39,2.18,0.00,568
38.987,16.73,0.12,0.65,0.42,2.19,0.00,568
39.003,16.61,0.12,0.67,0.43,2.20,0.00,568
39.020,16.76,0.11,0.65,0.39,2.21,0.00,569
39.037,16.58,0.12,0.67,0.40,2.21,0.00,567
39.053,16.67,0.12,0.67,0.46,2.20,0.00,564
39.070,16.68,0.11,0.65,0.44,2.19,0.00,564
39.087,16.65,0.12,0.66,0.38,2.19,0.00,563
39.103,16.67,0.15,0.97,0.40,2.20,0.00,600
39.120,16.67,0.13,0.95,0.40,3.08,0.00,597
39.137,16.67,0.13,0.97,0.39,3.07,0.00,597
39.153,16.67,0.13,0.96,0.39,3.07,0.00,592
39.170,16.67,0.13,0.98,0.40,3.05,0.00,594
39.187,16.66,0.13,0.96,0.40,3.06,0.00,597
39.203,16.69,0.13,0.99,0.39,3.05,0.00,598
39.220,16.65,0.13,0.99,0.40,3.04,0.00,601
39.237,16.66,0.13,1.01,0.41,3.03,0.00,603
39.253,16.67,0.14,1.02,0.44,3.06,0.00,607
39.270,16.66,0.14,1.00,0.40,3.06,0.00,607
39.287,16.68,0.12,1.00,0.40,3.07,0.00,608
39.303,16.67,0.15,1.01,0.43,3.05,0.00,610
39.320,16.66,0.15,1.14,0.48,3.09,0.00,610
39.337,16.67,0.14,1.04,0.46,3.11,0.00,610
39.353,16.67,0.14,1.01,0.42,3.10,0.00,612
39.370,16.68,0.12,1.02,0.40,3.12,0.00,613
39.387,16.66,0.13,1.02,0.39,3.12,0.00,619
39.403,16.68,0.12,1.01,0.39,3.12,0.00,619
39.420,16.67,0.12,1.02,0.38,3.13,0.00,617
39.437,16.67,0.12,1.02,0.38,3.13,0.00,618
39.453,16.66,0.13,1.02,0.38,3.17,0.00,619
39.470,16.67,0.13,1.03,0.38,3.17,0.00,621
39.487,16.69,0.12,1.02,0.38,3.16,0.00,624
39.503,16.75,0.12,1.02,0.39,3.18,0.00,624
39.520,16.57,0.13,1.03,0.39,2.60,0.00,624
39.537,16.68,0.11,1.04,0.37,2.61,0.00,625
39.553,16.66,0.14,1.06,0.46,2.61,0.00,628
39.570,16.66,0.13,1.07,0.40,2.66,0.00,628
39.587,16.67,0.13,1.05,0.41,2.65,0.00,629
39.603,16.67,0.11,1.04,0.39,2.65,0.00,629
39.620,16.67,0.13,1.04,0.39,2.66,0.00,634
39.637,16.66,0.12,1.03,0.39,2.67,0.00,640
39.653,16.68,0.14,1.03,0.39,2.68,0.00,641
39.670,16.66,0.13,1.04,0.38,2.72,0.00,644
39.687,16.67,0.13,1.04,0.38,2.74,0.00,643
39.703,16.68,0.12,1.07,0.48,2.75,0.00,643
39.720,16.66,0.13,1.07,0.44,2.75,0.00,645
39.737,16.67,0.13,1.06,0.42,2.76,0.00,648
39.753,16.66,0.13,1.02,0.40,2.78,0.00,648
39.770,16.68,0.13,1.03,0.40,2.79,0.00,650
39.787,16.67,0.13,1.01,0.38,2.83,0.00,654
39.803,16.68,0.13,1.05,0.43,2.84,0.00,656
39.820,16.66,0.13,1.03,0.40,2.86,0.00,655
39.837,16.67,0.14,1.08,0.49,2.85,0.00,659
39.853,16.75,0.12,1.07,0.44,2.85,0.00,661
39.870,16.61,0.14,1.09,0.51,2.88,0.00,664
39.887,16.65,0.13,1.06,0.43,2.89,0.00,666
39.903,16.67,0.13,1.04,0.40,2.93,0.00,666
39.920,16.67,0.15,1.12,0.50,2.93,0.00,666
39.937,16.67,0.13,1.07,0.43,2.93,0.00,666
39.953,16.67,0.13,0.96,0.41,2.93,0.00,666
39.970,16.67,0.12,0.96,0.41,2.92,0.00,668
39.987,16.67,0.27,1.03,0.49,2.95,0.00,689
40.004,16.77,0.13,1.11,0.54,3.10,0.00,708
40.020,16.60,0.13,1.10,0.52,3.30,0.00,708
40.037,16.63,0.13,1.07,0.44,3.29,0.00,709
40.053,16.67,0.13,1.06,0.45,3.29,0.00,708
40.070,16.69,0.11,1.04,0.44,3.28,0.00,709
40.087,16.65,0.13,1.06,0.43,3.27,0.00,709
40.103,16.67,0.14,1.03,0.41,3.24,0.00,709
40.120,16.68,0.12,1.04,0.40,3.27,0.00,710
40.137,16.65,0.13,1.05,0.41,3.25,0.00,710
40.153,16.68,0.13,1.03,0.40,3.23,0.00,709
40.170,16.67,0.12,1.04,0.39,3.24,0.00,709
40.187,16.67,0.12,1.03,0.40,3.22,0.00,707
40.203,16.67,0.13,1.04,0.41,3.21,0.00,705
40.220,16.66,0.13,1.03,0.40,3.19,0.00,701
40.237,16.74,0.12,1.06,0.43,3.20,0.00,701
40.253,16.62,0.12,1.07,0.43,3.19,0.00,697
40.270,16.64,0.14,1.04,0.44,3.16,0.00,696
40.287,16.70,0.12,1.01,0.43,3.16,0.00,696
40.303,16.65,0.16,1.02,0.50,3.15,0.00,695
40.320,16.65,0.13,1.01,0.50,3.14,0.00,691
40.337,16.68,0.14,1.01,0.52,3.12,0.00,689
40.353,16.68,0.11,0.96,0.44,3.13,0.00,686
40.370,16.66,0.11,0.98,0.44,3.12,0.00,686
40.387,16.66,0.13,1.01,0.52,3.11,0.00,686
40.403,16.66,0.12,0.97,0.45,3.11,0.00,683
40.420,16.67,0.12,0.97,0.38,3.10,0.00,682
40.437,16.67,0.13,0.98,0.38,3.08,0.00,682
40.453,16.66,0.13,0.97,0.37,3.10,0.00,680
40.470,16.68,0.13,0.98,0.43,3.08,0.00,679
40.487,16.67,0.12,0.97,0.39,3.08,0.00,678
40.503,16.68,0.12,0.97,0.39,3.07,0.00,678
40.520,16.68,0.11,0.96,0.39,3.06,0.00,678
40.537,16.65,0.12,0.96,0.39,3.05,0.00,678
40.553,16.67,0.12,0.97,0.43,3.04,0.00,676
40.570,16.66,0.12,0.96,0.37,3.05,0.00,675
40.587,16.66,0.13,0.97,0.43,3.03,0.00,675
40.603,16.67,0.12,0.92,0.38,3.02,0.00,673
40.620,16.67,0.12,0.93,0.38,2.59,0.00,671
40.637,16.66,0.12,0.92,0.40,2.58,0.00,670
40.653,16.67,0.12,0.90,0.37,2.57,0.00,665
40.670,16.68,0.11,0.92,0.37,2.56,0.00,663
40.687,16.65,0.12,0.91,0.39,2.57,0.00,663
40.703,16.68,0.11,0.90,0.38,2.56,0.00,660
40.720,16.65,0.13,1.00,0.46,2.56,0.00,655
40.737,16.68,0.10,0.92,0.40,2.54,0.00,655
40.754,16.68,0.11,0.96,0.44,2.55,0.00,654
40.770,16.73,0.12,0.96,0.45,2.53,0.00,654
40.787,16.63,0.12,0.95,0.50,2.54,0.00,654
40.804,16.63,0.17,0.96,0.49,2.53,0.00,653
40.820,16.66,0.13,0.93,0.44,2.54,0.00,651
40.837,16.66,0.12,0.93,0.45,2.52,0.00,649
40.854,16.68,0.13,0.91,0.40,2.52,0.00,648
40.870,16.66,0.13,0.92,0.42,2.50,0.00,648
40.887,16.67,0.13,0.90,0.45,2.50,0.00,646
40.904,16.67,0.12,0.89,0.40,2.52,0.00,645
40.920,16.67,0.12,0.90,0.38,2.52,0.00,643
40.937,16.67,0.12,0.90,0.39,2.51,0.00,639
40.954,16.67,0.12,0.89,0.38,2.51,0.00,637
40.970,16.67,0.12,0.88,0.39,2.50,0.00,634
40.987,16.67,0.12,0.87,0.39,2.48,0.00,633
41.004,16.68,0.11,0.89,0.37,2.48,0.00,630
41.020,16.75,0.11,0.92,0.43,2.49,0.00,629
41.037,16.59,0.11,0.92,0.41,2.48,0.00,626
41.054,16.66,0.12,0.94,0.47,2.46,0.00,617
41.070,16.67,0.12,0.64,0.45,2.42,0.00,592
41.087,16.67,0.12,0.62,0.43,2.42,0.00,590
41.104,16.66,0.12,0.61,0.38,2.40,0.00,590
41.120,16.66,0.12,0.58,0.39,2.39,0.00,590
41.137,16.69,0.11,0.60,0.37,2.40,0.00,593
41.154,16.65,0.12,0.60,0.38,2.39,0.00,593
41.170,16.67,0.12,0.60,0.38,2.38,0.00,592
41.187,16.68,0.10,0.59,0.40,2.37,0.00,590
41.204,16.67,0.10,0.60,0.38,2.37,0.00,588
41.220,16.67,0.11,0.59,0.37,2.35,0.00,585
41.237,16.65,0.11,0.60,0.39,2.35,0.00,583
41.254,16.67,0.11,0.59,0.37,2.34,0.00,583
41.270,16.67,0.11,0.60,0.38,2.34,0.00,581
41.287,16.67,0.11,0.59,0.38,2.32,0.00,581
41.304,16.68,0.16,0.63,0.44,2.30,0.00,581
41.320,16.66,0.11,0.62,0.42,2.30,0.00,579
41.337,16.67,0.13,0.61,0.42,2.29,0.00,577
41.354,16.67,0.11,0.59,0.37,2.28,0.00,577
41.370,16.67,0.11,0.60,0.38,2.28,0.00,577
41.387,16.67,0.12,0.62,0.43,2.28,0.00,572
41.404,16.66,0.12,0.60,0.43,2.26,0.00,571
41.420,16.67,0.10,0.61,0.39,2.26,0.00,569
41.437,16.66,0.11,0.60,0.37,2.25,0.00,568
41.454,16.67,0.12,0.60,0.37,2.23,0.00,569
41.470,16.79,0.11,0.64,0.41,2.25,0.00,569
41.487,16.57,0.11,0.61,0.44,2.24,0.00,568
41.504,16.65,0.11,0.61,0.39,2.23,0.00,565
41.520,16.68,0.10,0.59,0.39,2.23,0.00,563
41.537,16.69,0.11,0.61,0.47,2.23,0.00,561
41.554,16.79,0.12,0.66,0.45,2.20,0.00,562
41.570,16.51,0.13,0.62,0.43,2.23,0.00,561
41.587,16.69,0.13,0.64,0.47,2.22,0.00,560
41.604,16.67,0.13,0.63,0.49,2.20,0.00,557
41.620,16.75,0.11,0.65,0.50,2.20,0.00,554
41.637,16.58,0.12,0.63,0.50,2.19,0.00,554
41.654,16.69,0.13,0.66,0.51,2.19,0.00,553
41.670,16.64,0.12,0.64,0.48,2.18,0.00,552
41.687,16.67,0.12,0.63,0.51,2.19,0.00,551
41.704,16.75,0.12,0.62,0.51,2.19,0.00,550
41.720,16.64,0.14,0.63,0.49,2.19,0.00,549
41.737,16.69,0.11,0.62,0.51,2.18,0.00,548
41.754,16.59,0.13,0.62,0.45,2.18,0.00,548
41.770,16.66,0.12,0.63,0.43,2.18,0.00,548
41.787,16.67,0.10,0.60,0.40,2.19,0.00,547
41.804,16.66,0.11,0.61,0.39,2.20,0.00,545
41.820,16.67,0.12,0.62,0.45,2.19,0.00,542
41.837,16.68,0.11,0.61,0.43,2.18,0.00,539
41.854,16.67,0.11,0.60,0.43,2.18,0.00,539
41.870,16.67,0.10,0.61,0.39,2.17,0.00,536
41.887,16.68,0.10,0.59,0.43,2.17,0.00,537
41.904,16.64,0.11,0.61,0.41,2.16,0.00,534
41.920,16.67,0.11,0.61,0.43,2.19,0.00,534
41.937,16.67,0.11,0.59,0.39,2.18,0.00,534
41.954,16.67,0.11,0.52,0.40,2.17,0.00,531
41.970,16.67,0.11,0.54,0.39,2.17,0.00,531
41.987,16.73,0.26,0.64,0.39,2.16,0.00,593
42.004,16.65,0.13,0.65,0.44,2.35,0.00,593
42.020,16.72,0.11,0.64,0.40,2.35,0.00,592
42.037,16.57,0.11,0.62,0.39,2.35,0.00,592
42.054,16.67,0.11,0.62,0.39,2.35,0.00,589
42.070,16.67,0.13,0.66,0.44,2.35,0.00,588
42.087,16.67,0.12,0.66,0.44,2.35,0.00,588
42.104,16.67,0.11,0.64,0.42,2.33,0.00,588
42.120,16.67,0.15,0.89,0.42,2.34,0.00,641
42.137,16.66,0.14,0.90,0.39,3.23,0.00,655
42.154,16.67,0.13,0.87,0.38,3.38,0.00,655
42.170,16.69,0.12,0.87,0.40,3.38,0.00,651
42.187,16.67,0.12,0.87,0.40,3.37,0.00,651
42.204,16.68,0.12,0.87,0.39,3.36,0.00,649
42.220,16.65,0.14,0.89,0.41,3.36,0.00,649
42.237,16.72,0.13,0.89,0.41,3.37,0.00,648
42.254,16.64,0.12,0.87,0.40,3.36,0.00,649
42.270,16.65,0.14,0.90,0.39,3.35,0.00,648
42.287,16.67,0.13,0.91,0.43,3.35,0.00,649
42.304,16.70,0.14,0.91,0.46,3.34,0.00,649
42.320,16.65,0.14,0.91,0.47,3.32,0.00,649
42.337,16.65,0.14,0.90,0.43,3.32,0.00,649
42.354,16.67,0.14,0.87,0.40,3.33,0.00,649
42.370,16.68,0.12,0.89,0.42,3.32,0.00,647
42.387,16.66,0.13,0.87,0.37,3.31,0.00,647
42.404,16.70,0.14,0.91,0.44,3.31,0.00,647
42.420,16.65,0.12,0.91,0.47,3.30,0.00,645
42.437,16.66,0.13,0.88,0.41,3.29,0.00,643
42.454,16.67,0.12,0.89,0.39,3.31,0.00,643
42.470,16.66,0.13,0.88,0.38,3.30,0.00,642
42.487,16.73,0.13,0.91,0.42,3.28,0.00,641
42.504,16.61,0.13,0.89,0.40,3.28,0.00,640
42.520,16.66,0.12,0.88,0.39,3.27,0.00,637
42.537,16.68,0.13,0.91,0.47,2.70,0.00,636
42.554,16.66,0.13,0.88,0.40,2.69,0.00,636
42.570,16.67,0.13,0.91,0.42,2.69,0.00,635
42.587,16.67,0.13,0.89,0.42,2.69,0.00,633
42.604,16.66,0.12,0.89,0.40,2.68,0.00,632
42.620,16.67,0.12,0.90,0.40,2.68,0.00,631
42.637,16.67,0.12,0.90,0.38,2.67,0.00,627
42.654,16.67,0.14,0.88,0.38,2.66,0.00,626
42.670,16.70,0.11,0.88,0.39,2.67,0.00,626
42.687,16.66,0.11,0.89,0.39,2.67,0.00,621
42.704,16.64,0.12,0.90,0.38,2.66,0.00,623
42.720,16.67,0.12,0.89,0.40,2.65,0.00,621
42.737,16.74,0.11,0.92,0.44,2.65,0.00,620
42.754,16.60,0.12,0.91,0.41,2.64,0.00,619
42.770,16.68,0.11,0.91,0.41,2.66,0.00,619
42.787,16.65,0.12,0.89,0.38,2.65,0.00,616
42.804,16.67,0.12,0.89,0.39,2.64,0.00,614
42.820,16.67,0.13,0.91,0.44,2.63,0.00,612
42.837,16.68,0.13,0.89,0.45,2.62,0.00,611
42.854,16.66,0.12,0.88,0.38,2.62,0.00,612
42.870,16.68,0.11,0.88,0.39,2.62,0.00,612
42.887,16.66,0.11,0.88,0.37,2.64,0.00,612
42.904,16.66,0.11,0.89,0.38,2.62,0.00,609
42.920,16.71,0.12,0.92,0.48,2.60,0.00,605
42.937,16.63,0.13,0.90,0.43,2.59,0.00,603
42.954,16.67,0.11,0.89,0.40,2.60,0.00,604
42.970,16.66,0.12,0.87,0.38,2.59,0.00,604
42.987,16.74,0.11,0.86,0.40,2.60,0.00,607
43.004,16.63,0.13,0.90,0.48,2.60,0.00,607
43.020,16.63,0.12,0.89,0.42,2.58,0.00,610
43.037,16.67,0.12,0.87,0.41,2.58,0.00,610
43.054,16.67,0.11,0.87,0.38,2.58,0.00,610
43.070,16.67,0.12,0.90,0.47,2.58,0.00,611
43.087,16.72,0.11,0.89,0.44,2.57,0.00,611
43.104,16.61,0.12,0.87,0.42,2.59,0.00,612
43.120,16.66,0.13,0.88,0.44,2.59,0.00,611
43.137,16.68,0.13,0.89,0.42,2.59,0.00,610
43.154,16.67,0.12,0.86,0.39,2.58,0.00,609
43.170,16.68,0.11,0.87,0.39,2.60,0.00,611
43.187,16.68,0.11,0.87,0.39,2.59,0.00,611
43.204,16.66,0.11,0.88,0.40,2.60,0.00,611
43.220,16.65,0.12,0.88,0.37,2.59,0.00,611
43.237,16.73,0.11,0.88,0.41,2.58,0.00,610
43.254,16.60,0.12,0.86,0.37,2.59,0.00,611
43.270,16.67,0.11,0.88,0.39,2.60,0.00,610
43.287,16.70,0.11,0.88,0.42,2.60,0.00,610
43.304,16.65,0.12,0.88,0.40,2.62,0.00,611
43.320,16.69,0.11,0.89,0.44,2.61,0.00,610
43.337,16.69,0.13,0.90,0.46,2.62,0.00,611
43.354,16.62,0.12,0.88,0.42,2.62,0.00,611
43.370,16.68,0.11,0.88,0.42,2.61,0.00,609
43.387,16.67,0.11,0.85,0.38,2.62,0.00,608
43.404,16.68,0.11,0.87,0.38,2.63,0.00,608
43.420,16.66,0.16,0.92,0.50,2.65,0.00,606
43.437,16.69,0.12,0.88,0.50,2.64,0.00,606
43.454,16.71,0.11,0.90,0.51,2.64,0.00,606
43.470,16.62,0.13,0.91,0.50,2.64,0.00,606
43.487,16.71,0.12,0.91,0.50,2.65,0.00,604
43.504,16.61,0.13,0.91,0.49,2.64,0.00,602
43.520,16.75,0.12,0.89,0.51,2.67,0.00,600
43.537,16.60,0.13,0.91,0.52,2.69,0.00,597
43.554,16.72,0.11,0.90,0.51,2.68,0.00,596
43.570,16.62,0.13,0.90,0.49,2.68,0.00,593
43.587,16.73,0.12,0.96,0.49,2.68,0.00,587
43.604,16.61,0.13,0.89,0.46,2.68,0.00,577
43.620,16.66,0.13,0.91,0.52,2.67,0.00,573
43.637,16.68,0.14,0.86,0.49,2.31,0.00,573
43.654,16.65,0.13,0.87,0.50,2.33,0.00,572
43.670,16.69,0.13,0.86,0.51,2.30,0.00,570
43.687,16.65,0.11,0.85,0.50,2.30,0.00,569
43.704,16.68,0.10,0.86,0.50,2.30,0.00,568
43.720,16.65,0.17,1.17,0.49,2.30,0.00,615
43.737,16.71,0.16,1.18,0.52,3.12,0.00,616
43.754,16.72,0.14,1.19,0.51,3.11,0.00,615
43.770,16.57,0.15,1.20,0.51,3.12,0.00,615
43.787,16.68,0.16,1.18,0.51,3.11,0.00,612
43.804,16.73,0.14,1.20,0.53,3.09,0.00,616
43.820,16.65,0.16,1.23,0.50,3.10,0.00,617
43.837,16.71,0.14,1.17,0.47,3.12,0.00,619
43.854,16.57,0.12,0.89,0.38,3.10,0.00,619
43.870,16.69,0.12,0.93,0.41,3.14,0.00,620
43.887,16.65,0.12,0.89,0.38,3.14,0.00,621
43.904,16.67,0.12,0.91,0.42,3.13,0.00,623
43.920,16.67,0.11,0.89,0.39,3.15,0.00,625
43.937,16.67,0.12,0.93,0.43,3.17,0.00,624
43.954,16.67,0.11,0.83,0.38,3.18,0.00,625
43.971,16.74,0.10,0.82,0.42,3.20,0.00,626
43.987,16.65,0.20,0.91,0.39,3.21,0.00,676
44.004,16.62,0.13,0.92,0.47,3.42,0.00,687
44.021,16.73,0.11,0.91,0.45,3.55,0.00,691
44.037,16.61,0.12,0.91,0.46,3.56,0.00,690
44.054,16.68,0.11,0.93,0.41,3.58,0.00,691
44.070,16.65,0.11,1.01,0.44,3.60,0.00,688
44.087,16.67,0.11,0.80,0.39,3.59,0.00,687
44.104,16.67,0.12,0.81,0.41,3.59,0.00,689
44.120,16.66,0.10,0.78,0.35,3.63,0.00,687
44.137,16.67,0.11,0.80,0.40,3.04,0.00,689
44.154,16.68,0.10,0.78,0.35,3.05,0.00,685
44.170,16.67,0.12,0.82,0.41,3.08,0.00,685
44.187,16.66,0.11,0.79,0.39,3.08,0.00,686
44.204,16.68,0.10,0.78,0.34,3.10,0.00,686
44.220,16.67,0.12,0.81,0.40,3.10,0.00,682
44.237,16.65,0.11,0.77,0.32,3.11,0.00,681
44.254,16.68,0.09,0.78,0.30,3.12,0.00,679
44.270,16.67,0.09,0.78,0.29,3.12,0.00,679
44.287,16.68,0.10,0.78,0.36,3.12,0.00,683
44.304,16.64,0.13,0.80,0.34,3.15,0.00,682
44.321,16.73,0.11,0.84,0.42,3.17,0.00,679
44.337,16.62,0.16,1.08,0.51,3.14,0.00,678
44.354,16.66,0.15,1.07,0.45,3.14,0.00,679
44.370,16.66,0.14,1.06,0.45,3.18,0.00,681
44.387,16.67,0.13,1.04,0.40,3.19,0.00,679
44.404,16.66,0.13,1.05,0.41,3.20,0.00,679
44.420,16.67,0.14,1.04,0.41,3.20,0.00,677
44.437,16.68,0.13,1.05,0.39,3.20,0.00,678
44.454,16.66,0.15,1.05,0.45,3.22,0.00,677
44.470,16.67,0.14,1.04,0.45,3.21,0.00,676
44.487,16.67,0.14,1.01,0.41,3.21,0.00,675
44.504,16.67,0.13,1.04,0.39,3.21,0.00,675
44.520,16.67,0.13,1.01,0.40,3.21,0.00,674
44.537,16.68,0.12,1.03,0.40,3.20,0.00,669
44.554,16.66,0.14,1.04,0.45,3.18,0.00,666
44.571,16.70,0.13,1.03,0.40,3.18,0.00,666
44.587,16.64,0.15,1.03,0.42,3.19,0.00,667
44.604,16.67,0.14,1.04,0.43,3.19,0.00,668
44.621,16.70,0.13,1.01,0.41,3.18,0.00,668
44.637,16.67,0.15,1.04,0.47,3.17,0.00,667
44.654,16.64,0.14,1.01,0.41,3.17,0.00,665
44.671,16.67,0.14,1.04,0.44,3.17,0.00,665
44.687,16.69,0.12,1.01,0.43,3.15,0.00,667
44.704,16.64,0.13,1.01,0.39,3.15,0.00,668
44.721,16.67,0.14,1.00,0.38,3.13,0.00,666
44.737,16.67,0.14,1.01,0.38,3.16,0.00,665
44.754,16.67,0.13,1.00,0.39,3.15,0.00,667
44.771,16.68,0.12,1.01,0.40,3.13,0.00,665
44.787,16.65,0.28,1.31,0.39,3.12,0.00,719
44.804,16.67,0.15,1.30,0.39,4.01,0.00,724
44.821,16.67,0.15,1.28,0.40,4.00,0.00,724
44.837,16.68,0.17,1.35,0.47,3.99,0.00,725
44.854,16.67,0.17,1.36,0.45,3.95,0.00,722
44.871,16.65,0.17,1.37,0.44,3.95,0.00,723
44.887,16.69,0.17,1.41,0.45,3.95,0.00,724
44.904,16.65,0.17,1.39,0.42,3.91,0.00,724
44.921,16.67,0.17,1.36,0.41,3.90,0.00,725
44.937,16.68,0.20,1.47,0.42,3.91,0.00,739
44.954,16.67,0.17,1.44,0.38,3.96,0.00,735
44.971,16.65,0.19,1.45,0.38,3.94,0.00,733
44.987,16.67,0.19,1.48,0.38,3.94,0.00,740
45.004,16.66,0.19,1.50,0.40,3.91,0.00,741
45.021,16.75,0.19,1.52,0.42,3.94,0.00,741
45.037,16.58,0.19,1.54,0.40,3.93,0.00,743
45.054,16.68,0.20,1.57,0.46,3.85,0.00,744
45.071,16.66,0.20,1.57,0.51,3.86,0.00,738
45.087,16.68,0.19,1.59,0.52,3.83,0.00,736
45.104,16.64,0.20,1.60,0.46,3.83,0.00,737
45.121,16.68,0.17,1.54,0.40,3.85,0.00,736
45.137,16.66,0.19,1.54,0.39,3.84,0.00,733
45.154,16.70,0.17,1.55,0.39,3.83,0.00,730
45.171,16.64,0.18,1.55,0.40,3.81,0.00,727
45.187,16.68,0.16,1.56,0.40,3.78,0.00,725
45.204,16.67,0.16,1.55,0.41,3.20,0.00,723
45.221,16.64,0.17,1.53,0.42,3.22,0.00,720
45.237,16.68,0.17,1.52,0.40,2.81,0.00,720
45.254,16.77,0.17,1.55,0.48,2.79,0.00,720
45.271,16.57,0.18,1.53,0.43,2.78,0.00,720
45.287,16.68,0.18,1.57,0.43,2.78,0.00,719
45.304,16.67,0.16,1.56,0.41,2.77,0.00,720
45.321,16.65,0.19,1.55,0.46,2.77,0.00,719
45.337,16.68,0.18,1.55,0.46,2.78,0.00,719
45.354,16.66,0.18,1.55,0.42,2.78,0.00,718
45.371,16.66,0.17,1.56,0.44,2.77,0.00,717
45.387,16.69,0.15,1.53,0.40,2.76,0.00,716
45.404,16.67,0.16,1.54,0.40,2.76,0.00,715
45.421,16.65,0.17,1.53,0.39,2.76,0.00,717
45.437,16.67,0.17,1.54,0.41,2.78,0.00,717
45.454,16.68,0.17,1.53,0.41,2.78,0.00,715
45.471,16.67,0.17,1.53,0.39,2.78,0.00,711
45.487,16.66,0.16,1.53,0.41,2.76,0.00,709
45.504,16.67,0.18,1.50,0.40,2.76,0.00,706
45.521,16.67,0.17,1.50,0.39,2.75,0.00,705
45.537,16.67,0.15,1.50,0.39,2.74,0.00,703
45.554,16.66,0.14,1.49,0.40,2.78,0.00,703
45.571,16.67,0.14,1.48,0.40,2.77,0.00,701
45.587,16.71,0.14,1.50,0.45,2.75,0.00,699
45.604,16.63,0.16,1.50,0.44,2.75,0.00,696
45.621,16.68,0.14,1.42,0.44,2.74,0.00,693
45.637,16.66,0.14,1.43,0.45,2.73,0.00,695
45.654,16.67,0.14,1.40,0.42,2.81,0.00,695
45.671,16.67,0.13,1.40,0.44,2.80,0.00,693
45.687,16.67,0.14,1.14,0.44,2.80,0.00,693
45.704,16.67,0.15,1.13,0.44,2.80,0.00,691
45.721,16.66,0.14,1.13,0.45,2.81,0.00,692
45.737,16.67,0.14,1.12,0.44,2.80,0.00,691
45.754,16.67,0.14,1.10,0.42,2.79,0.00,690
45.771,16.69,0.12,1.13,0.46,2.78,0.00,690
45.787,16.65,0.14,1.08,0.44,2.77,0.00,691
45.804,16.70,0.13,1.11,0.44,2.78,0.00,690
45.821,16.63,0.14,1.10,0.43,2.77,0.00,687
45.837,16.68,0.14,1.11,0.44,2.76,0.00,682
45.854,16.71,0.13,1.11,0.51,2.75,0.00,683
45.871,16.62,0.14,1.07,0.48,2.76,0.00,683
45.887,16.67,0.13,1.03,0.42,2.77,0.00,683
45.904,16.69,0.12,1.05,0.44,2.76,0.00,685
45.921,16.65,0.14,1.04,0.44,2.77,0.00,684
45.937,16.67,0.13,1.04,0.39,2.76,0.00,680
45.954,16.67,0.13,0.97,0.38,2.75,0.00,681
45.971,16.67,0.13,0.96,0.38,2.78,0.00,680
45.987,16.69,0.25,1.13,0.44,2.78,0.00,697
46.004,16.65,0.14,1.11,0.49,2.87,0.00,708
46.021,16.73,0.13,1.08,0.44,2.99,0.00,704
46.037,16.60,0.14,1.09,0.40,3.00,0.00,702
46.054,16.66,0.13,1.06,0.39,3.01,0.00,702
46.071,16.68,0.14,1.07,0.43,3.00,0.00,702
46.087,16.67,0.15,1.06,0.42,3.02,0.00,699
46.104,16.67,0.14,1.09,0.47,3.01,0.00,698
46.121,16.66,0.13,1.06,0.42,3.00,0.00,698
46.137,16.67,0.13,1.01,0.44,3.01,0.00,693
46.154,16.67,0.13,0.99,0.43,3.01,0.00,686
46.171,16.67,0.13,1.00,0.43,3.00,0.00,686
46.187,16.66,0.13,0.98,0.44,3.02,0.00,685
46.204,16.70,0.11,0.98,0.41,3.00,0.00,681
46.221,16.64,0.13,0.96,0.39,3.00,0.00,678
46.237,16.69,0.13,0.99,0.43,3.00,0.00,671
46.254,16.65,0.12,0.96,0.42,3.00,0.00,665
46.271,16.67,0.12,0.95,0.40,2.98,0.00,650
46.287,16.66,0.14,0.88,0.37,3.00,0.00,641
46.304,16.68,0.12,0.88,0.39,2.59,0.00,640
46.321,16.66,0.12,0.90,0.37,2.59,0.00,640
46.337,16.67,0.13,0.92,0.44,2.59,0.00,637
46.354,16.67,0.13,0.91,0.41,2.58,0.00,636
46.371,16.67,0.14,0.92,0.47,2.58,0.00,636
46.387,16.66,0.14,0.90,0.44,2.58,0.00,635
46.404,16.68,0.11,0.88,0.39,2.59,0.00,635
46.421,16.67,0.12,0.89,0.40,2.58,0.00,630
46.437,16.65,0.12,0.89,0.38,2.58,0.00,630
46.454,16.75,0.12,0.88,0.39,2.58,0.00,628
46.471,16.58,0.13,0.88,0.38,2.57,0.00,626
46.487,16.74,0.13,0.92,0.43,2.56,0.00,625
46.504,16.60,0.14,0.89,0.37,2.56,0.00,625
46.521,16.67,0.12,0.88,0.40,2.56,0.00,622
46.537,16.67,0.12,0.90,0.37,2.54,0.00,622
46.554,16.68,0.13,0.88,0.40,2.55,0.00,622
46.571,16.66,0.13,0.90,0.40,2.53,0.00,622
46.587,16.67,0.13,0.89,0.41,2.52,0.00,622
46.604,16.67,0.13,0.89,0.41,2.52,0.00,619
46.621,16.67,0.13,0.88,0.38,2.52,0.00,619
46.637,16.66,0.12,0.88,0.36,2.51,0.00,617
46.654,16.68,0.13,0.89,0.37,2.49,0.00,618
46.671,16.67,0.13,0.89,0.38,2.49,0.00,614
46.687,16.67,0.12,0.87,0.37,2.47,0.00,612
46.704,16.67,0.13,0.89,0.38,2.47,0.00,611
46.721,16.67,0.13,0.90,0.41,2.47,0.00,610
46.737,16.72,0.11,0.90,0.40,2.46,0.00,608
46.754,16.62,0.13,0.65,0.39,2.45,0.00,598
46.771,16.67,0.13,0.63,0.38,2.42,0.00,596
46.787,16.68,0.11,0.64,0.38,2.42,0.00,595
46.804,16.65,0.13,0.65,0.37,2.41,0.00,594
46.821,16.67,0.14,0.67,0.42,2.41,0.00,591
46.837,16.72,0.14,0.68,0.43,2.41,0.00,590
46.854,16.61,0.12,0.66,0.43,2.39,0.00,587
46.871,16.73,0.17,0.69,0.49,2.39,0.00,588
46.887,16.61,0.13,0.67,0.46,2.37,0.00,587
46.904,16.68,0.16,0.66,0.38,2.38,0.00,588
46.921,16.66,0.12,0.66,0.39,2.36,0.00,586
46.937,16.67,0.13,0.65,0.38,2.38,0.00,586
46.954,16.67,0.14,0.68,0.48,2.37,0.00,584
46.971,16.67,0.12,0.65,0.40,2.34,0.00,585
46.987,16.69,0.11,0.65,0.40,2.33,0.00,583
47.004,16.65,0.13,0.67,0.44,2.31,0.00,580
47.021,16.73,0.12,0.67,0.43,2.30,0.00,578
47.037,16.60,0.13,0.65,0.39,2.30,0.00,577
47.054,16.68,0.11,0.65,0.38,2.30,0.00,573
47.071,16.66,0.12,0.63,0.38,2.29,0.00,570
47.087,16.67,0.11,0.50,0.41,2.29,0.00,568
47.104,16.71,0.14,0.69,0.49,2.27,0.00,567
47.121,16.64,0.12,0.66,0.47,2.27,0.00,566
47.137,16.65,0.16,0.97,0.48,2.26,0.00,618
47.154,16.67,0.14,0.94,0.41,3.18,0.00,618
47.171,16.67,0.13,0.94,0.38,3.17,0.00,619
47.187,16.67,0.14,0.93,0.39,3.17,0.00,619
47.204,16.66,0.14,0.94,0.39,3.17,0.00,618
47.221,16.67,0.14,0.93,0.39,3.17,0.00,618
47.237,16.69,0.14,1.01,0.51,3.17,0.00,617
47.254,16.65,0.14,0.95,0.40,3.14,0.00,617
47.271,16.67,0.14,0.97,0.41,3.16,0.00,616
47.287,16.66,0.14,0.97,0.44,3.16,0.00,617
47.304,16.70,0.14,0.99,0.44,3.16,0.00,616
47.321,16.63,0.11,0.72,0.40,3.17,0.00,614
47.337,16.73,0.15,0.98,0.47,3.18,0.00,615
47.354,16.63,0.14,0.99,0.50,3.21,0.00,615
47.371,16.67,0.13,0.98,0.42,3.23,0.00,615
47.387,16.67,0.16,0.99,0.49,3.21,0.00,616
47.404,16.72,0.13,0.99,0.47,3.22,0.00,613
47.421,16.64,0.13,0.97,0.42,3.21,0.00,611
47.437,16.63,0.21,0.99,0.44,3.20,0.00,611
47.454,16.67,0.15,0.97,0.45,3.20,0.00,614
47.471,16.67,0.13,0.95,0.42,3.28,0.00,616
47.487,16.67,0.14,0.95,0.42,3.28,0.00,616
47.504,16.67,0.14,0.96,0.42,3.30,0.00,630
47.521,16.67,0.13,0.95,0.39,3.31,0.00,630
47.537,16.66,0.13,0.97,0.41,3.31,0.00,631
47.554,16.69,0.14,0.96,0.42,2.75,0.00,633
47.571,16.65,0.13,0.96,0.41,2.73,0.00,634
47.587,16.71,0.15,0.97,0.45,2.74,0.00,635
47.604,16.63,0.14,0.96,0.45,2.73,0.00,632
47.621,16.65,0.14,0.98,0.45,2.74,0.00,635
47.637,16.67,0.14,0.96,0.42,2.73,0.00,636
47.654,16.66,0.14,0.94,0.39,2.74,0.00,638
47.671,16.67,0.13,0.93,0.40,2.74,0.00,638
47.687,16.66,0.13,0.95,0.40,2.76,0.00,638
47.704,16.67,0.11,0.74,0.41,2.75,0.00,639
47.721,16.69,0.15,0.98,0.49,2.75,0.00,639
47.737,16.71,0.12,0.95,0.40,2.76,0.00,638
47.754,16.60,0.14,0.96,0.41,2.76,0.00,641
47.771,16.69,0.13,0.96,0.43,2.77,0.00,642
47.787,16.66,0.13,0.94,0.39,2.81,0.00,643
47.804,16.65,0.13,0.95,0.39,2.79,0.00,643
47.821,16.67,0.13,0.94,0.41,2.79,0.00,644
47.837,16.68,0.13,0.96,0.41,2.79,0.00,644
47.854,16.67,0.14,0.96,0.44,2.80,0.00,646
47.871,16.65,0.13,0.95,0.39,2.80,0.00,647
47.887,16.67,0.14,0.95,0.47,2.83,0.00,646
47.904,16.69,0.12,0.95,0.44,2.83,0.00,643
47.921,16.64,0.13,0.93,0.43,2.85,0.00,642
47.937,16.67,0.14,0.95,0.44,2.83,0.00,643
47.954,16.72,0.15,0.90,0.47,2.84,0.00,642
47.971,16.62,0.13,0.88,0.41,2.84,0.00,642
47.988,16.75,0.25,1.00,0.43,2.84,0.00,664
48.004,16.65,0.13,1.02,0.47,3.07,0.00,670
48.021,16.60,0.13,0.99,0.43,3.14,0.00,671
48.037,16.69,0.12,0.99,0.40,3.13,0.00,670
48.054,16.64,0.14,0.98,0.42,3.13,0.00,671
48.071,16.68,0.12,0.98,0.41,3.13,0.00,670
48.087,16.68,0.12,0.99,0.41,3.13,0.00,673
48.104,16.68,0.14,0.98,0.43,3.15,0.00,673
48.121,16.65,0.12,0.99,0.44,3.16,0.00,673
48.137,16.65,0.13,0.97,0.40,3.13,0.00,673
48.154,16.69,0.14,0.97,0.43,3.13,0.00,672
48.171,16.65,0.13,0.98,0.39,3.12,0.00,672
48.187,16.67,0.13,0.98,0.38,3.12,0.00,674
48.204,16.68,0.14,0.99,0.38,3.11,0.00,673
48.221,16.67,0.12,0.97,0.37,3.13,0.00,674
48.237,16.67,0.11,0.97,0.39,3.12,0.00,673
48.254,16.66,0.13,0.97,0.38,3.13,0.00,676
48.271,16.67,0.12,0.98,0.38,3.10,0.00,676
48.287,16.66,0.13,0.97,0.36,3.09,0.00,676
48.304,16.68,0.18,1.01,0.42,3.08,0.00,676
48.321,16.66,0.14,0.98,0.39,3.11,0.00,678
48.337,16.68,0.11,0.97,0.40,3.10,0.00,678
48.354,16.67,0.12,0.98,0.45,3.08,0.00,677
48.371,16.67,0.15,1.01,0.51,3.07,0.00,675
48.387,16.65,0.14,0.98,0.43,3.05,0.00,675
48.404,16.68,0.14,1.00,0.43,3.03,0.00,676
48.421,16.67,0.13,0.98,0.43,3.03,0.00,676
48.437,16.66,0.13,0.98,0.45,3.03,0.00,676
48.454,16.68,0.14,0.98,0.41,3.00,0.00,676
48.471,16.68,0.12,1.00,0.43,3.00,0.00,677
48.488,16.66,0.12,0.96,0.40,2.98,0.00,674
48.504,16.66,0.14,0.97,0.40,2.97,0.00,671
48.521,16.67,0.16,1.32,0.39,2.95,0.00,727
48.538,16.68,0.15,1.32,0.39,3.86,0.00,722
48.554,16.66,0.16,1.31,0.39,3.83,0.00,717
48.571,16.67,0.15,1.31,0.38,3.83,0.00,714
48.588,16.69,0.15,1.31,0.39,3.81,0.00,710
48.604,16.64,0.16,1.32,0.42,3.78,0.00,705
48.621,16.67,0.16,1.28,0.45,3.76,0.00,695
48.638,16.67,0.16,1.26,0.44,3.76,0.00,684
48.654,16.68,0.17,1.27,0.43,3.35,0.00,680
48.671,16.66,0.17,1.29,0.43,3.32,0.00,679
48.688,16.66,0.16,1.26,0.41,3.32,0.00,674
48.704,16.70,0.14,1.27,0.40,3.31,0.00,665
48.721,16.64,0.16,1.27,0.42,3.29,0.00,661
48.738,16.69,0.14,1.29,0.39,3.29,0.00,657
48.754,16.65,0.15,1.27,0.40,3.31,0.00,647
48.771,16.70,0.14,1.30,0.40,3.30,0.00,642
48.788,16.64,0.15,1.27,0.39,3.29,0.00,641
48.804,16.68,0.16,1.29,0.41,3.30,0.00,630
48.821,16.66,0.15,1.27,0.40,3.28,0.00,622
48.838,16.75,0.15,1.34,0.43,3.27,0.00,614
48.854,16.59,0.17,1.31,0.43,3.29,0.00,609
48.871,16.66,0.15,1.31,0.40,3.26,0.00,597
48.888,16.67,0.15,1.30,0.40,3.22,0.00,577
48.904,16.74,0.15,1.32,0.45,3.17,0.00,540
48.921,16.60,0.15,1.32,0.50,3.09,0.00,376
48.938,16.66,0.15,1.27,0.40,2.27,0.00,376
48.954,16.67,0.15,1.27,0.39,2.29,0.00,373
48.971,16.66,0.14,1.27,0.39,2.29,0.00,373
48.988,16.68,0.14,1.30,0.40,2.28,0.00,372
49.004,16.66,0.14,1.27,0.40,2.28,0.00,372
49.021,16.75,0.15,1.27,0.38,2.30,0.00,370
49.038,16.61,0.13,1.28,0.37,2.30,0.00,370
49.054,16.65,0.15,1.27,0.38,2.30,0.00,371
49.071,16.74,0.14,1.28,0.38,2.32,0.00,370
49.088,16.59,0.15,1.26,0.38,2.32,0.00,370
49.104,16.67,0.14,1.06,0.44,2.33,0.00,367
49.121,16.67,0.15,1.06,0.45,2.31,0.00,366
49.138,16.66,0.14,1.04,0.38,2.32,0.00,364
49.154,16.66,0.14,1.04,0.37,2.30,0.00,365
49.171,16.68,0.14,1.08,0.44,2.35,0.00,365
49.188,16.67,0.16,1.06,0.45,2.35,0.00,365
49.204,16.66,0.14,1.06,0.40,2.34,0.00,365
49.221,16.67,0.14,1.02,0.37,2.34,0.00,365
49.238,16.73,0.13,1.03,0.42,2.32,0.00,364
49.254,16.62,0.13,1.03,0.39,2.32,0.00,363
49.271,16.66,0.14,1.03,0.37,2.31,0.00,365
49.288,16.66,0.14,1.04,0.40,2.38,0.00,364
49.304,16.69,0.16,1.05,0.42,2.39,0.00,364
49.321,16.65,0.14,1.04,0.38,2.40,0.00,362
49.338,16.69,0.12,1.02,0.39,2.39,0.00,360
49.354,16.64,0.14,1.05,0.42,2.40,0.00,360
49.371,16.67,0.14,1.07,0.42,2.40,0.00,361
49.388,16.75,0.16,1.06,0.49,2.38,0.00,361
49.404,16.59,0.13,1.03,0.38,2.38,0.00,360
49.421,16.67,0.14,1.04,0.42,2.38,0.00,360
49.438,16.66,0.15,1.04,0.46,2.38,0.00,359
49.454,16.67,0.14,1.03,0.45,2.37,0.00,359
49.471,16.68,0.12,1.02,0.41,2.35,0.00,360
49.488,16.66,0.15,1.05,0.48,2.38,0.00,360
49.504,16.67,0.14,1.01,0.40,2.39,0.00,359
49.521,16.67,0.13,1.00,0.38,2.38,0.00,357
49.538,16.67,0.13,1.01,0.39,2.38,0.00,357
49.554,16.68,0.14,1.02,0.38,2.38,0.00,356
49.571,16.66,0.14,1.02,0.38,2.38,0.00,356
49.588,16.67,0.14,1.01,0.37,2.38,0.00,356
49.604,16.67,0.14,1.01,0.41,2.41,0.00,356
49.621,16.67,0.13,1.02,0.41,2.40,0.00,356
49.638,16.67,0.13,1.02,0.38,2.41,0.00,356
49.654,16.67,0.14,1.00,0.39,2.42,0.00,354
49.671,16.67,0.13,1.00,0.38,2.42,0.00,354
49.688,16.66,0.14,1.02,0.41,2.41,0.00,355
49.704,16.67,0.14,1.00,0.40,2.46,0.00,354
49.721,16.67,0.13,0.98,0.38,2.45,0.00,353
49.738,16.68,0.13,1.01,0.40,2.45,0.00,353
49.754,16.67,0.13,0.97,0.38,2.45,0.00,352
49.771,16.66,0.14,0.99,0.39,2.46,0.00,351
49.788,16.67,0.13,0.97,0.39,2.46,0.00,351
49.804,16.67,0.13,1.00,0.39,2.46,0.00,352
49.821,16.67,0.14,0.99,0.41,2.49,0.00,351
49.838,16.67,0.13,1.00,0.42,2.50,0.00,350
49.854,16.67,0.13,0.99,0.43,2.50,0.00,350
49.871,16.66,0.14,0.99,0.42,2.50,0.00,348
49.888,16.72,0.13,1.00,0.45,2.50,0.00,348
49.904,16.63,0.14,1.03,0.49,2.52,0.00,349
49.921,16.66,0.16,1.02,0.48,2.53,0.00,348
49.938,16.66,0.14,1.02,0.45,2.52,0.00,347
49.954,16.67,0.13,0.91,0.47,2.53,0.00,347
49.971,16.66,0.13,0.88,0.39,2.53,0.00,346
49.988,16.74,0.24,0.98,0.39,2.53,0.00,360
50.004,16.62,0.13,0.99,0.42,2.59,0.00,367
50.021,16.73,0.13,0.98,0.43,2.67,0.00,366
50.038,16.59,0.14,0.97,0.39,2.25,0.00,365
50.054,16.67,0.13,0.95,0.39,2.24,0.00,363
50.071,16.68,0.12,0.96,0.39,2.22,0.00,363
50.088,16.66,0.14,0.96,0.42,2.21,0.00,362
50.104,16.68,0.13,0.98,0.44,2.20,0.00,360
50.121,16.66,0.15,0.98,0.44,2.19,0.00,360
50.138,16.68,0.12,0.94,0.39,2.21,0.00,360
50.154,16.66,0.13,0.96,0.40,2.16,0.00,360
50.171,16.68,0.12,0.95,0.40,2.18,0.00,359
50.188,16.66,0.14,0.94,0.36,2.17,0.00,357
50.204,16.68,0.14,0.97,0.44,2.16,0.00,357
50.221,16.67,0.14,0.99,0.45,2.11,0.00,357
50.238,16.67,0.15,0.95,0.42,2.14,0.00,357
50.254,16.66,0.23,0.98,0.40,2.14,0.00,362
50.271,16.69,0.13,0.98,0.40,2.14,0.00,424
50.288,16.65,0.14,0.96,0.39,2.19,0.00,437
50.304,16.70,0.12,0.97,0.38,2.22,0.00,446
50.321,16.65,0.14,1.00,0.46,2.23,0.00,446
50.338,16.69,0.13,0.98,0.44,2.23,0.00,436
50.354,16.63,0.13,0.95,0.44,2.22,0.00,436
50.371,16.66,0.13,0.98,0.43,2.23,0.00,436
50.388,16.69,0.12,0.96,0.36,2.23,0.00,433
50.404,16.65,0.14,0.96,0.37,2.21,0.00,432
50.421,16.67,0.13,0.97,0.37,2.23,0.00,430
50.438,16.69,0.12,0.96,0.39,2.23,0.00,428
50.454,16.65,0.15,0.97,0.43,2.24,0.00,428
50.471,16.67,0.16,0.99,0.50,2.25,0.00,425
50.488,16.67,0.14,0.70,0.41,2.23,0.00,425
50.504,16.67,0.14,0.69,0.39,2.23,0.00,424
50.521,16.67,0.13,0.68,0.38,2.25,0.00,422
50.538,16.66,0.16,0.96,0.39,2.24,0.00,450
50.554,16.68,0.16,0.98,0.46,3.02,0.00,503
50.571,16.65,0.16,0.97,0.41,3.19,0.00,519
50.588,16.68,0.16,0.95,0.41,3.22,0.00,530
50.604,16.66,0.15,0.96,0.41,3.24,0.00,534
50.621,16.68,0.17,0.97,0.44,3.24,0.00,537
50.638,16.66,0.16,0.96,0.39,3.26,0.00,552
50.654,16.69,0.15,0.95,0.39,3.29,0.00,558
50.671,16.64,0.15,0.94,0.37,3.31,0.00,567
50.688,16.68,0.14,0.95,0.38,3.31,0.00,545
50.704,16.66,0.15,0.94,0.40,3.28,0.00,552
50.721,16.67,0.16,0.94,0.39,3.28,0.00,556
50.738,16.74,0.15,0.99,0.42,3.29,0.00,560
50.754,16.59,0.16,0.93,0.38,3.39,0.00,564
50.771,16.67,0.14,0.94,0.40,3.31,0.00,567
50.788,16.67,0.14,0.94,0.39,3.31,0.00,573
50.804,16.67,0.14,0.94,0.37,3.33,0.00,622
50.821,16.67,0.15,0.94,0.40,3.39,0.00,627
50.838,16.67,0.14,0.95,0.39,3.39,0.00,634
50.854,16.67,0.15,0.96,0.43,3.39,0.00,647
50.871,16.71,0.14,0.97,0.45,3.39,0.00,656
50.888,16.63,0.15,0.94,0.41,3.40,0.00,658
50.904,16.66,0.13,0.95,0.39,3.39,0.00,665
50.921,16.68,0.13,0.94,0.38,3.41,0.00,667
50.938,16.66,0.14,0.95,0.39,3.42,0.00,668
50.954,16.66,0.15,0.98,0.46,2.83,0.00,669
50.971,16.67,0.15,0.95,0.46,2.86,0.00,671
50.988,16.67,0.14,0.98,0.43,2.85,0.00,673
51.004,16.66,0.14,0.94,0.38,2.86,0.00,674
51.021,16.75,0.13,0.96,0.41,2.85,0.00,675
51.038,16.59,0.15,0.97,0.45,2.84,0.00,673
51.054,16.67,0.15,0.94,0.40,2.83,0.00,671
51.071,16.67,0.15,0.94,0.39,2.86,0.00,672
51.088,16.69,0.13,0.93,0.40,2.85,0.00,673
51.104,16.65,0.13,0.95,0.37,2.85,0.00,673
51.121,16.67,0.14,0.95,0.46,2.85,0.00,672
51.138,16.66,0.14,0.95,0.46,2.83,0.00,671
51.154,16.67,0.15,0.96,0.45,2.82,0.00,674
51.171,16.67,0.15,0.94,0.44,2.86,0.00,675
51.188,16.66,0.14,0.94,0.39,2.85,0.00,674
51.204,16.69,0.14,0.93,0.40,2.84,0.00,672
51.221,16.66,0.12,0.91,0.39,2.83,0.00,672
51.238,16.68,0.13,0.94,0.39,2.84,0.00,672
51.254,16.64,0.14,0.93,0.37,2.83,0.00,673
51.271,16.67,0.14,0.93,0.37,2.86,0.00,673
51.288,16.67,0.14,0.92,0.39,2.86,0.00,673
51.304,16.69,0.16,0.95,0.43,2.85,0.00,672
51.321,16.64,0.14,0.93,0.41,2.85,0.00,674
51.338,16.67,0.13,0.92,0.39,2.85,0.00,675
51.354,16.66,0.15,0.92,0.39,2.84,0.00,672
51.371,16.69,0.13,0.94,0.44,2.86,0.00,669
51.388,16.65,0.14,0.90,0.39,2.85,0.00,668
51.404,16.67,0.14,0.93,0.38,2.85,0.00,669
51.421,16.68,0.12,0.91,0.37,2.83,0.00,667
51.438,16.66,0.13,0.91,0.38,2.84,0.00,668
51.455,16.75,0.14,0.95,0.42,2.83,0.00,669
51.471,16.59,0.12,0.93,0.40,2.87,0.00,668
51.488,16.66,0.17,0.94,0.42,2.85,0.00,668
51.504,16.67,0.13,0.91,0.38,2.85,0.00,668
51.521,16.66,0.13,0.90,0.38,2.84,0.00,667
51.538,16.68,0.13,0.92,0.40,2.85,0.00,664
51.555,16.74,0.14,0.95,0.45,2.84,0.00,663
51.571,16.60,0.18,0.95,0.49,2.86,0.00,663
51.588,16.66,0.14,0.92,0.46,2.86,0.00,664
51.604,16.68,0.12,0.91,0.38,2.86,0.00,662
51.621,16.66,0.14,0.90,0.41,2.86,0.00,662
51.638,16.67,0.13,0.90,0.37,2.85,0.00,661
51.654,16.67,0.15,0.92,0.38,2.85,0.00,661
51.671,16.68,0.12,0.90,0.36,2.88,0.00,661
51.688,16.66,0.13,0.89,0.39,2.86,0.00,659
51.704,16.68,0.12,0.91,0.39,2.86,0.00,660
51.721,16.66,0.13,0.89,0.38,2.85,0.00,660
51.738,16.67,0.13,0.89,0.38,2.87,0.00,657
51.754,16.69,0.13,0.92,0.40,2.85,0.00,656
51.771,16.65,0.12,0.91,0.39,2.87,0.00,656
51.788,16.67,0.13,0.90,0.36,2.87,0.00,654
51.804,16.67,0.13,0.89,0.39,2.84,0.00,653
51.821,16.67,0.13,0.90,0.41,2.85,0.00,652
51.838,16.67,0.13,0.89,0.41,2.83,0.00,653
51.854,16.67,0.15,0.92,0.40,2.82,0.00,651
51.871,16.67,0.14,0.90,0.44,2.85,0.00,650
51.888,16.67,0.13,0.88,0.45,2.83,0.00,648
51.904,16.67,0.14,0.89,0.42,2.80,0.00,646
51.921,16.67,0.14,0.92,0.45,2.80,0.00,645
51.938,16.66,0.13,0.89,0.39,2.78,0.00,642
51.954,16.70,0.12,0.83,0.40,2.77,0.00,637
51.971,16.64,0.14,0.87,0.43,2.76,0.00,637
51.988,16.69,0.25,0.94,0.40,2.78,0.00,663
52.004,16.65,0.11,0.93,0.40,2.96,0.00,670
52.021,16.74,0.12,0.94,0.39,3.05,0.00,670
52.038,16.59,0.13,0.89,0.36,3.04,0.00,666
52.055,16.72,0.15,0.94,0.52,2.76,0.00,665
52.071,16.62,0.14,0.93,0.45,2.75,0.00,664
52.088,16.67,0.14,0.89,0.39,2.75,0.00,663
52.104,16.66,0.12,0.89,0.40,2.75,0.00,662
52.121,16.68,0.14,0.92,0.43,2.71,0.00,658
52.138,16.66,0.13,0.90,0.39,2.69,0.00,657
52.154,16.67,0.13,0.88,0.40,2.66,0.00,654
52.171,16.67,0.13,0.93,0.45,2.64,0.00,652
52.188,16.68,0.14,0.89,0.46,2.65,0.00,651
52.204,16.67,0.13,0.91,0.39,2.63,0.00,651
52.221,16.66,0.13,0.88,0.38,2.63,0.00,648
52.238,16.67,0.13,0.90,0.39,2.62,0.00,646
52.254,16.66,0.14,0.91,0.40,2.61,0.00,643
52.271,16.68,0.14,0.95,0.45,2.59,0.00,640
52.288,16.66,0.14,0.92,0.41,2.60,0.00,637
52.304,16.68,0.17,0.93,0.42,2.60,0.00,636
52.321,16.66,0.12,0.92,0.41,2.60,0.00,632
52.338,16.66,0.07,0.48,0.31,2.57,0.00,631
52.355,16.68,0.15,0.93,0.44,2.55,0.00,628
52.371,16.67,0.14,0.95,0.50,2.55,0.00,625
52.388,16.66,0.12,0.93,0.42,2.56,0.00,624
52.404,16.67,0.12,0.91,0.41,2.56,0.00,622
52.421,16.67,0.13,0.90,0.39,2.55,0.00,620
52.438,16.69,0.12,0.90,0.42,2.55,0.00,616
52.455,16.64,0.12,0.91,0.39,2.53,0.00,614
52.471,16.67,0.14,0.92,0.38,2.52,0.00,610
52.488,16.68,0.13,0.90,0.37,2.55,0.00,607
52.504,16.65,0.12,0.71,0.39,2.52,0.00,597
52.521,16.69,0.11,0.70,0.37,2.50,0.00,597
52.538,16.65,0.12,0.71,0.40,2.50,0.00,597
52.555,16.67,0.11,0.70,0.38,2.49,0.00,596
52.571,16.67,0.13,0.72,0.38,2.48,0.00,592
52.588,16.67,0.12,0.69,0.38,2.49,0.00,590
52.605,16.67,0.12,0.71,0.38,2.48,0.00,586
52.621,16.67,0.14,0.71,0.43,2.47,0.00,582
52.638,16.66,0.12,0.70,0.39,2.46,0.00,581
52.655,16.67,0.12,0.70,0.38,2.46,0.00,581
52.671,16.68,0.12,0.70,0.37,2.43,0.00,580
52.688,16.69,0.12,0.69,0.39,2.47,0.00,578
52.705,16.63,0.12,0.69,0.39,2.46,0.00,577
52.721,16.67,0.12,0.71,0.38,2.43,0.00,576
52.738,16.69,0.11,0.73,0.41,2.43,0.00,576
52.755,16.64,0.11,0.71,0.39,2.42,0.00,576
52.771,16.67,0.17,1.03,0.47,2.39,0.00,621
52.788,16.67,0.15,1.00,0.43,3.29,0.00,618
52.805,16.71,0.14,1.05,0.46,3.26,0.00,619
52.821,16.62,0.15,1.01,0.41,3.27,0.00,619
52.838,16.68,0.13,1.03,0.40,3.26,0.00,619
52.855,16.67,0.15,1.03,0.42,3.24,0.00,620
52.871,16.67,0.16,1.06,0.44,3.24,0.00,624
52.888,16.65,0.15,1.05,0.41,3.26,0.00,623
52.905,16.69,0.14,1.06,0.42,3.26,0.00,625
52.921,16.65,0.15,1.07,0.42,3.27,0.00,627
52.938,16.67,0.13,1.06,0.39,3.29,0.00,629
52.955,16.67,0.15,1.08,0.39,3.30,0.00,629
52.971,16.66,0.15,1.09,0.42,3.31,0.00,632
52.988,16.67,0.15,1.09,0.41,3.32,0.00,633
53.005,16.67,0.14,1.10,0.45,3.34,0.00,638
53.021,16.68,0.15,1.10,0.45,3.36,0.00,638
53.038,16.66,0.14,1.10,0.42,3.37,0.00,641
53.055,16.68,0.15,1.10,0.42,3.39,0.00,645
53.071,16.65,0.14,1.10,0.40,3.41,0.00,645
53.088,16.70,0.14,1.11,0.41,3.42,0.00,649
53.105,16.64,0.15,1.12,0.39,3.44,0.00,654
53.121,16.67,0.27,1.16,0.47,3.47,0.00,656
53.138,16.66,0.12,0.85,0.37,3.49,0.00,657
53.155,16.68,0.15,1.12,0.42,3.51,0.00,659
53.171,16.66,0.15,1.13,0.39,3.52,0.00,661
53.188,16.67,0.14,1.12,0.40,2.97,0.00,663
53.205,16.68,0.14,1.12,0.39,3.03,0.00,662
53.221,16.73,0.14,1.14,0.40,3.02,0.00,662
53.238,16.62,0.13,1.14,0.41,3.04,0.00,665
53.255,16.65,0.15,1.13,0.39,3.04,0.00,665
53.271,16.68,0.15,1.16,0.47,3.13,0.00,664
53.288,16.67,0.16,1.16,0.46,3.15,0.00,666
53.305,16.69,0.13,1.16,0.42,3.19,0.00,670
53.321,16.65,0.13,1.14,0.40,3.21,0.00,670
53.338,16.65,0.14,1.14,0.42,3.21,0.00,670
53.355,16.69,0.13,1.15,0.41,3.22,0.00,669
53.371,16.67,0.15,1.20,0.43,3.23,0.00,670
53.388,16.66,0.16,2.03,0.43,3.22,0.00,704
53.405,16.67,0.15,1.43,0.39,3.32,0.00,707
53.421,16.66,0.15,1.43,0.43,3.37,0.00,707
53.438,16.69,0.13,1.44,0.40,3.39,0.00,707
53.455,16.65,0.16,1.42,0.39,3.41,0.00,707
53.471,16.69,0.14,1.44,0.41,3.45,0.00,706
53.488,16.65,0.15,1.44,0.39,3.46,0.00,706
53.505,16.67,0.15,1.45,0.40,3.47,0.00,705
53.521,16.67,0.15,1.44,0.40,3.47,0.00,705
53.538,16.67,0.15,1.46,0.40,3.51,0.00,707
53.555,16.69,0.15,1.48,0.45,3.52,0.00,706
53.571,16.65,0.16,1.49,0.43,3.52,0.00,706
53.588,16.67,0.16,1.47,0.41,3.52,0.00,710
53.605,16.66,0.15,1.46,0.41,3.56,0.00,712
53.621,16.73,0.15,1.52,0.53,3.56,0.00,716
53.638,16.69,0.15,1.50,0.43,3.55,0.00,720
53.655,16.58,0.10,1.04,0.47,3.56,0.00,719
53.671,16.64,0.05,0.46,0.18,3.60,0.00,718
53.688,16.67,0.05,0.46,0.16,3.59,0.00,717
53.705,16.68,0.06,0.57,0.19,3.58,0.00,718
53.721,16.66,0.06,0.57,0.18,3.57,0.00,720
53.738,16.67,0.06,0.57,0.19,3.61,0.00,721
53.755,16.67,0.05,0.57,0.17,3.61,0.00,720
53.771,16.67,0.05,0.57,0.20,3.59,0.00,721
53.788,16.67,0.06,0.56,0.18,3.60,0.00,720
53.805,16.68,0.06,0.59,0.25,3.62,0.00,723
53.821,16.66,0.06,0.59,0.23,3.61,0.00,725
53.838,16.67,0.05,0.57,0.18,3.61,0.00,726
53.855,16.67,0.06,0.58,0.23,3.61,0.00,727
53.871,16.67,0.06,0.56,0.28,3.62,0.00,728
53.888,16.67,0.06,0.59,0.21,3.63,0.00,726
53.905,16.66,0.07,0.74,0.31,3.61,0.00,726
53.921,16.67,0.07,0.73,0.29,3.61,0.00,727
53.938,16.67,0.07,0.74,0.27,3.64,0.00,725
53.955,16.72,0.07,0.70,0.31,3.62,0.00,725
53.971,16.62,0.07,0.70,0.32,3.62,0.00,725
53.988,16.66,0.15,0.74,0.28,3.62,0.00,742
54.005,16.67,0.08,0.75,0.34,3.75,0.00,745
54.021,16.69,0.07,0.73,0.33,3.82,0.00,743
54.038,16.65,0.07,0.74,0.31,3.79,0.00,743
54.055,16.67,0.08,0.72,0.28,3.79,0.00,742
54.071,16.67,0.07,0.73,0.29,3.80,0.00,740
54.088,16.67,0.07,0.73,0.31,3.81,0.00,739
54.105,16.67,0.06,0.72,0.28,3.79,0.00,737
54.121,16.67,0.07,0.72,0.28,3.79,0.00,737
54.138,16.68,0.11,1.07,0.36,3.80,0.00,736
54.155,16.69,0.10,1.06,0.32,3.79,0.00,733
54.171,16.65,0.11,1.04,0.33,3.80,0.00,731
54.188,16.67,0.11,1.03,0.31,3.77,0.00,731
54.205,16.67,0.16,1.26,0.34,3.77,0.00,787
54.221,16.66,0.14,1.26,0.35,4.67,0.00,785
54.238,16.67,0.14,1.26,0.34,4.65,0.00,780
54.255,16.67,0.14,1.26,0.35,4.63,0.00,779
54.271,16.67,0.14,1.28,0.38,4.60,0.00,783
54.288,16.68,0.13,1.28,0.41,4.14,0.00,782
54.305,16.67,0.17,1.32,0.46,4.15,0.00,784
54.321,16.66,0.15,1.33,0.39,4.07,0.00,784
54.338,16.67,0.13,1.37,0.39,4.09,0.00,785
54.355,16.70,0.18,1.76,0.39,4.10,0.00,784
54.371,16.66,0.19,1.76,0.40,4.08,0.00,786
54.388,16.65,0.20,1.77,0.42,4.09,0.00,787
54.405,16.68,0.20,1.79,0.50,4.12,0.00,788
54.421,16.70,0.21,1.80,0.50,4.09,0.00,787
54.438,16.63,0.20,1.77,0.48,4.10,0.00,786
54.455,16.66,0.20,1.79,0.50,4.09,0.00,787
54.471,16.67,0.22,1.76,0.49,4.07,0.00,787
54.488,16.68,0.21,1.82,0.49,4.06,0.00,788
54.505,16.68,0.20,1.81,0.52,4.15,0.00,787
54.521,16.65,0.20,1.79,0.53,4.11,0.00,787
54.538,16.69,0.19,1.81,0.50,4.12,0.00,789
54.555,16.65,0.20,1.80,0.49,4.14,0.00,790
54.571,16.76,0.19,1.77,0.49,4.15,0.00,788
54.588,16.57,0.22,1.79,0.50,4.13,0.00,787
54.605,16.67,0.20,1.80,0.47,4.11,0.00,785
54.621,16.67,0.20,1.78,0.49,3.53,0.00,785
54.638,16.77,0.19,1.78,0.50,3.52,0.00,785
54.655,16.58,0.19,1.78,0.50,3.50,0.00,785
54.671,16.74,0.20,1.84,0.54,3.50,0.00,785
54.688,16.62,0.19,1.79,0.53,3.49,0.00,786
54.705,16.62,0.18,1.74,0.48,3.51,0.00,785
54.721,16.67,0.19,1.75,0.51,3.51,0.00,784
54.738,16.66,0.19,1.48,0.49,3.49,0.00,781
54.755,16.74,0.14,1.08,0.41,3.49,0.00,779
54.771,16.61,0.20,1.48,0.50,3.47,0.00,777
54.788,16.74,0.21,1.52,0.50,3.50,0.00,773
54.805,16.59,0.19,1.45,0.50,3.48,0.00,771
54.821,16.67,0.19,1.45,0.47,3.45,0.00,768
54.838,16.67,0.19,1.44,0.50,3.45,0.00,766
54.855,16.72,0.20,1.46,0.49,3.45,0.00,766
54.871,16.65,0.18,1.45,0.49,3.44,0.00,765
54.888,16.66,0.18,1.43,0.55,3.46,0.00,762
54.905,16.76,0.26,1.48,0.52,3.14,0.00,762
54.921,16.56,0.19,1.42,0.49,3.12,0.00,761
54.938,16.68,0.17,1.42,0.53,3.12,0.00,759
54.955,16.64,0.19,1.41,0.45,3.12,0.00,759
54.971,16.77,0.20,1.63,0.54,3.12,0.00,776
54.988,16.57,0.18,1.55,0.49,3.14,0.00,776
55.005,16.71,0.19,1.55,0.48,3.15,0.00,775
55.021,16.64,0.18,1.52,0.54,3.14,0.00,776
55.038,16.80,0.19,1.57,0.55,3.16,0.00,776
55.055,16.53,0.19,1.55,0.50,3.17,0.00,773
55.071,16.67,0.18,1.51,0.48,3.17,0.00,774
55.088,16.72,0.20,1.54,0.50,3.20,0.00,772
55.105,16.71,0.19,1.54,0.48,3.21,0.00,772
55.121,16.58,0.18,1.58,0.56,3.21,0.00,772
55.138,16.69,0.19,1.55,0.49,3.22,0.00,771
55.155,16.69,0.19,1.56,0.48,3.21,0.00,770
55.171,16.65,0.18,1.55,0.50,3.21,0.00,771
55.188,16.65,0.17,1.54,0.55,3.25,0.00,769
55.205,16.67,0.19,1.55,0.50,3.24,0.00,767
55.221,16.66,0.19,1.53,0.51,3.26,0.00,767
55.238,16.68,0.19,1.51,0.47,3.26,0.00,766
55.255,16.65,0.19,1.52,0.52,3.28,0.00,765
55.271,16.66,0.20,1.52,0.52,3.30,0.00,762
55.288,16.67,0.20,1.52,0.50,3.31,0.00,758
55.305,16.69,0.16,1.47,0.43,3.31,0.00,753
55.322,16.75,0.19,1.50,0.50,3.30,0.00,753
55.338,16.57,0.18,1.44,0.41,3.30,0.00,753
55.355,16.66,0.17,1.21,0.43,3.31,0.00,748
55.371,16.67,0.17,1.18,0.42,3.34,0.00,744
55.388,16.68,0.17,1.19,0.44,3.35,0.00,744
55.405,16.65,0.18,1.17,0.40,3.33,0.00,740
55.421,16.66,0.15,1.18,0.42,3.34,0.00,739
55.438,16.67,0.16,1.17,0.41,3.35,0.00,731
55.455,16.67,0.16,1.16,0.40,3.35,0.00,727
55.471,16.67,0.17,1.17,0.41,3.36,0.00,725
55.488,16.70,0.20,1.21,0.51,3.36,0.00,725
55.505,16.68,0.18,1.17,0.48,3.35,0.00,713
55.521,16.67,0.16,1.16,0.49,3.32,0.00,713
55.538,16.63,0.17,1.15,0.47,3.31,0.00,714
55.555,16.66,0.16,1.14,0.42,3.31,0.00,709
55.571,16.67,0.13,1.14,0.49,3.37,0.00,706
55.588,16.67,0.14,1.14,0.43,3.34,0.00,707
55.605,16.67,0.13,1.13,0.42,3.35,0.00,707
55.621,16.68,0.13,1.11,0.43,3.37,0.00,707
55.638,16.67,0.15,1.17,0.49,3.36,0.00,705
55.655,16.65,0.14,1.11,0.41,3.35,0.00,702
55.671,16.68,0.12,1.11,0.40,3.36,0.00,698
55.688,16.65,0.14,1.05,0.43,3.35,0.00,687
55.705,16.67,0.13,1.03,0.38,3.34,0.00,679
55.721,16.67,0.14,1.04,0.40,2.90,0.00,679
55.738,16.67,0.14,1.05,0.40,2.91,0.00,679
55.755,16.67,0.14,1.05,0.40,2.94,0.00,676
55.771,16.68,0.12,1.04,0.38,2.92,0.00,675
55.788,16.66,0.13,1.04,0.38,2.93,0.00,674
55.805,16.69,0.12,1.04,0.39,2.92,0.00,674
55.821,16.68,0.13,1.05,0.45,2.91,0.00,673
55.838,16.64,0.15,1.04,0.42,2.89,0.00,674
55.855,16.67,0.14,1.03,0.41,2.93,0.00,672
55.871,16.67,0.12,1.03,0.40,2.93,0.00,672
55.888,16.68,0.13,1.06,0.44,2.93,0.00,672
55.905,16.66,0.13,1.06,0.49,2.90,0.00,673
55.921,16.68,0.14,1.05,0.46,2.90,0.00,671
55.938,16.69,0.13,1.05,0.45,2.89,0.00,673
55.955,16.62,0.13,0.96,0.41,2.92,0.00,671
55.971,16.66,0.13,0.96,0.39,2.91,0.00,671
55.988,16.69,0.25,1.05,0.44,2.91,0.00,693
56.005,16.64,0.13,1.08,0.40,3.02,0.00,705
56.022,16.76,0.13,1.08,0.40,3.17,0.00,704
56.038,16.58,0.14,1.08,0.44,3.16,0.00,701
56.055,16.67,0.13,1.07,0.41,3.18,0.00,700
56.071,16.68,0.12,1.08,0.41,3.19,0.00,698
56.088,16.65,0.13,1.08,0.40,3.17,0.00,698
56.105,16.67,0.13,1.06,0.45,3.17,0.00,695
56.121,16.67,0.12,1.08,0.42,3.17,0.00,696
56.138,16.67,0.13,1.10,0.44,3.16,0.00,696
56.155,16.68,0.14,1.03,0.44,3.20,0.00,695
56.171,16.66,0.13,0.81,0.43,3.19,0.00,693
56.188,16.67,0.13,0.81,0.42,3.18,0.00,694
56.205,16.67,0.13,0.82,0.42,3.19,0.00,694
56.221,16.67,0.13,0.81,0.42,3.18,0.00,694
56.238,16.75,0.12,0.83,0.50,3.20,0.00,694
56.255,16.59,0.13,0.82,0.43,3.20,0.00,694
56.271,16.66,0.14,0.82,0.43,3.19,0.00,695
56.288,16.67,0.13,0.84,0.38,3.19,0.00,696
56.305,16.67,0.16,0.87,0.43,3.17,0.00,696
56.322,16.68,0.13,0.83,0.50,3.17,0.00,695
56.338,16.67,0.14,0.93,0.52,3.17,0.00,695
56.355,16.65,0.14,0.87,0.42,3.16,0.00,696
56.372,16.66,0.13,0.81,0.43,3.15,0.00,693
56.388,16.68,0.14,0.87,0.52,3.14,0.00,693
56.405,16.67,0.13,0.82,0.48,3.12,0.00,692
56.422,16.68,0.12,0.80,0.42,3.11,0.00,692
56.438,16.65,0.13,0.81,0.42,3.12,0.00,691
56.455,16.67,0.13,0.81,0.42,3.10,0.00,685
56.472,16.66,0.13,0.77,0.38,3.09,0.00,676
56.488,16.69,0.14,0.78,0.42,2.62,0.00,676
56.505,16.66,0.13,0.78,0.38,2.62,0.00,675
56.522,16.67,0.13,0.74,0.39,2.62,0.00,673
56.538,16.67,0.13,0.77,0.39,2.60,0.00,671
56.555,16.67,0.13,0.76,0.38,2.59,0.00,670
56.572,16.67,0.12,0.75,0.38,2.57,0.00,669
56.588,16.70,0.12,0.77,0.38,2.55,0.00,667
56.605,16.64,0.12,0.76,0.39,2.52,0.00,664
56.622,16.68,0.12,0.74,0.41,2.50,0.00,660
56.638,16.65,0.13,0.78,0.43,2.48,0.00,659
56.655,16.66,0.13,0.76,0.41,2.48,0.00,656
56.672,16.67,0.13,0.74,0.39,2.47,0.00,655
56.688,16.67,0.13,0.76,0.40,2.46,0.00,653
56.705,16.66,0.10,0.58,0.38,2.44,0.00,652
56.722,16.68,0.14,0.82,0.48,2.44,0.00,649
56.738,16.68,0.14,0.77,0.45,2.43,0.00,647
56.755,16.67,0.12,0.78,0.41,2.41,0.00,647
56.772,16.64,0.13,0.77,0.40,2.41,0.00,646
56.788,16.67,0.13,0.78,0.39,2.40,0.00,644
56.805,16.67,0.13,0.77,0.41,2.38,0.00,641
56.822,16.67,0.13,0.75,0.42,2.39,0.00,638
56.838,16.68,0.11,0.74,0.39,2.38,0.00,637
56.855,16.65,0.13,0.77,0.42,2.37,0.00,634
56.872,16.67,0.13,0.77,0.40,2.35,0.00,629
56.888,16.70,0.12,0.78,0.43,2.35,0.00,628
56.905,16.65,0.13,0.76,0.41,2.33,0.00,624
56.922,16.66,0.14,0.84,0.49,2.35,0.00,619
56.938,16.67,0.14,0.66,0.50,2.32,0.00,601
56.955,16.67,0.12,0.62,0.40,2.30,0.00,598
56.972,16.67,0.12,0.62,0.41,2.29,0.00,598
56.988,16.67,0.13,0.61,0.40,2.30,0.00,595
57.005,16.67,0.18,0.85,0.39,2.28,0.00,632
57.022,16.75,0.17,0.87,0.43,3.18,0.00,628
57.038,16.58,0.18,0.86,0.39,3.18,0.00,623
57.055,16.67,0.17,0.87,0.38,3.17,0.00,623
57.072,16.67,0.18,0.89,0.43,3.17,0.00,625
57.088,16.66,0.17,0.87,0.42,3.15,0.00,628
57.105,16.67,0.18,0.88,0.40,3.16,0.00,628
57.122,16.68,0.19,0.90,0.41,3.17,0.00,631
57.138,16.66,0.17,0.93,0.48,3.18,0.00,634
57.155,16.68,0.16,0.91,0.42,3.18,0.00,637
57.172,16.66,0.15,0.89,0.43,3.21,0.00,635
57.188,16.67,0.16,0.90,0.38,3.19,0.00,639
57.205,16.68,0.16,0.92,0.44,3.21,0.00,639
57.222,16.65,0.16,0.91,0.41,3.21,0.00,642
57.238,16.68,0.16,0.91,0.43,3.23,0.00,646
57.255,16.66,0.15,0.93,0.41,3.23,0.00,650
57.272,16.66,0.16,0.93,0.41,3.25,0.00,652
57.288,16.67,0.15,0.91,0.40,3.24,0.00,653
57.305,16.69,0.15,0.94,0.43,3.25,0.00,652
57.322,16.67,0.17,0.97,0.50,3.26,0.00,653
57.338,16.70,0.23,1.08,0.54,3.24,0.00,653
57.355,16.63,0.12,0.72,0.40,3.25,0.00,654
57.372,16.68,0.15,1.02,0.53,3.27,0.00,656
57.388,16.78,0.15,0.99,0.46,3.29,0.00,655
57.405,16.61,0.25,0.97,0.49,3.31,0.00,650
57.422,16.60,0.15,0.97,0.45,2.73,0.00,651
57.438,16.67,0.15,0.96,0.43,2.72,0.00,649
57.455,16.75,0.15,0.95,0.42,2.71,0.00,649
57.472,16.63,0.14,1.00,0.51,2.77,0.00,648
57.488,16.63,0.13,0.97,0.43,2.76,0.00,649
57.505,16.65,0.15,0.97,0.41,2.79,0.00,647
57.522,16.67,0.15,0.95,0.42,2.78,0.00,650
57.538,16.67,0.15,0.97,0.44,2.80,0.00,650
57.555,16.81,0.15,0.97,0.44,2.78,0.00,649
57.572,16.55,0.13,0.96,0.41,2.79,0.00,647
57.588,16.65,0.14,0.94,0.42,2.78,0.00,646
57.605,16.66,0.15,0.95,0.40,2.81,0.00,647
57.622,16.67,0.14,0.96,0.47,2.80,0.00,645
57.638,16.66,0.15,1.10,0.44,2.79,0.00,654
57.655,16.67,0.16,1.01,0.45,2.79,0.00,656
57.672,16.67,0.15,0.99,0.44,2.82,0.00,654
57.688,16.67,0.14,0.98,0.41,2.84,0.00,651
57.705,16.68,0.15,1.02,0.44,2.83,0.00,656
57.722,16.67,0.15,0.99,0.42,2.88,0.00,655
57.738,16.66,0.13,0.99,0.42,2.89,0.00,655
57.755,16.67,0.15,0.99,0.40,2.88,0.00,655
57.772,16.68,0.14,1.01,0.40,2.88,0.00,657
57.788,16.65,0.14,1.00,0.45,2.92,0.00,656
57.805,16.67,0.15,1.00,0.40,2.89,0.00,656
57.822,16.67,0.15,1.00,0.42,2.91,0.00,660
57.838,16.66,0.15,1.01,0.43,2.92,0.00,661
57.855,16.67,0.15,0.99,0.43,2.93,0.00,662
57.872,16.66,0.14,0.99,0.40,2.93,0.00,662
57.888,16.68,0.14,0.98,0.40,2.93,0.00,662
57.905,16.66,0.14,1.01,0.45,2.94,0.00,664
57.922,16.67,0.14,0.98,0.42,2.99,0.00,664
57.938,16.67,0.14,1.12,0.52,2.98,0.00,666
57.955,16.69,0.14,0.95,0.52,2.96,0.00,669
57.972,16.66,0.15,0.96,0.50,2.97,0.00,671
57.988,16.76,0.27,1.08,0.51,3.01,0.00,716
58.005,16.57,0.16,1.08,0.50,3.18,0.00,728
58.022,16.65,0.14,1.05,0.43,3.33,0.00,730
58.038,16.70,0.14,1.03,0.42,3.34,0.00,729
58.055,16.63,0.16,1.05,0.43,3.35,0.00,728
58.072,16.67,0.13,1.04,0.41,3.36,0.00,728
58.088,16.66,0.15,1.04,0.44,3.34,0.00,726
58.105,16.67,0.15,1.06,0.40,3.34,0.00,726
58.122,16.67,0.15,1.03,0.40,3.34,0.00,724
58.138,16.67,0.16,1.09,0.45,3.34,0.00,723
58.155,16.68,0.16,1.04,0.45,3.33,0.00,725
58.172,16.75,0.14,1.08,0.44,3.35,0.00,726
58.188,16.57,0.14,1.03,0.41,3.34,0.00,726
58.205,16.67,0.15,1.03,0.41,3.32,0.00,725
58.222,16.67,0.15,1.03,0.39,3.31,0.00,724
58.238,16.67,0.15,1.05,0.43,3.31,0.00,724
58.255,16.66,0.15,1.03,0.40,3.30,0.00,722
58.272,16.67,0.14,1.03,0.39,3.28,0.00,719
58.288,16.67,0.15,1.04,0.40,3.28,0.00,719
58.305,16.68,0.14,1.04,0.40,3.28,0.00,719
58.322,16.65,0.15,1.04,0.39,3.25,0.00,722
58.338,16.67,0.15,1.04,0.39,3.25,0.00,720
58.355,16.69,0.14,1.05,0.41,3.24,0.00,720
58.372,16.65,0.15,1.05,0.40,3.26,0.00,717
58.388,16.71,0.14,1.05,0.47,3.22,0.00,702
58.405,16.67,0.16,1.07,0.48,3.17,0.00,699
58.422,16.63,0.16,1.03,0.41,3.17,0.00,699
58.438,16.67,0.13,1.05,0.39,3.17,0.00,696
58.455,16.67,0.14,1.03,0.40,3.16,0.00,697
58.472,16.68,0.13,1.05,0.41,3.15,0.00,696
58.488,16.72,0.15,1.03,0.51,3.12,0.00,695
58.505,16.62,0.14,0.99,0.44,3.15,0.00,691
58.522,16.67,0.14,0.98,0.42,2.77,0.00,689
58.538,16.68,0.13,0.99,0.45,2.75,0.00,684
58.555,16.66,0.14,0.97,0.41,2.74,0.00,683
58.572,16.67,0.15,0.98,0.42,2.74,0.00,683
58.588,16.67,0.14,0.97,0.43,2.74,0.00,683
58.605,16.67,0.14,0.98,0.38,2.74,0.00,681
58.622,16.67,0.14,0.98,0.39,2.75,0.00,681
58.638,16.67,0.14,0.97,0.40,2.75,0.00,677
58.655,16.67,0.16,1.01,0.49,2.73,0.00,674
58.672,16.66,0.20,1.26,0.41,2.71,0.00,731
58.688,16.68,0.19,1.28,0.40,3.62,0.00,731
58.705,16.66,0.19,1.28,0.39,3.61,0.00,728
58.722,16.67,0.20,1.31,0.39,3.60,0.00,721
58.738,16.67,0.19,1.31,0.39,3.57,0.00,720
58.755,16.67,0.19,1.33,0.41,3.56,0.00,721
58.772,16.67,0.20,1.37,0.40,3.59,0.00,730
58.788,16.67,0.19,1.34,0.39,3.58,0.00,729
58.805,16.68,0.18,1.35,0.40,3.59,0.00,728
58.822,16.65,0.20,1.39,0.40,3.58,0.00,739
58.838,16.68,0.20,1.38,0.40,3.62,0.00,737
58.855,16.66,0.20,1.39,0.41,3.60,0.00,735
58.872,16.68,0.21,1.42,0.41,3.61,0.00,746
58.888,16.66,0.18,1.41,0.39,3.64,0.00,746
58.905,16.68,0.20,1.44,0.45,3.63,0.00,745
58.922,16.65,0.19,1.44,0.39,3.62,0.00,743
58.938,16.67,0.21,1.42,0.39,3.62,0.00,740
58.955,16.67,0.20,1.43,0.39,3.62,0.00,740
58.972,16.67,0.20,1.21,0.42,3.60,0.00,730
58.988,16.67,0.18,1.25,0.43,3.62,0.00,730
59.005,16.67,0.19,1.23,0.40,3.61,0.00,730
59.022,16.76,0.18,1.26,0.44,3.61,0.00,732
59.038,16.59,0.19,1.21,0.42,3.58,0.00,734
59.055,16.65,0.20,1.23,0.43,3.58,0.00,733
59.072,16.67,0.19,1.25,0.40,3.58,0.00,733
59.088,16.68,0.17,1.23,0.41,3.03,0.00,734
59.105,16.66,0.19,1.22,0.47,3.00,0.00,733
59.122,16.66,0.18,1.22,0.39,3.00,0.00,725
59.138,16.67,0.18,1.18,0.41,2.98,0.00,716
59.155,16.68,0.19,1.22,0.45,2.57,0.00,720
59.172,16.66,0.18,1.19,0.41,2.58,0.00,721
59.188,16.67,0.17,1.18,0.42,2.58,0.00,725
59.205,16.67,0.17,1.18,0.40,2.58,0.00,725
59.222,16.67,0.17,1.19,0.39,2.57,0.00,725
59.239,16.75,0.18,1.24,0.45,2.56,0.00,727
59.255,16.58,0.18,1.22,0.43,2.56,0.00,727
59.272,16.67,0.19,1.20,0.41,2.58,0.00,727
59.288,16.67,0.17,1.20,0.40,2.58,0.00,726
59.305,16.69,0.17,1.20,0.41,2.57,0.00,728
59.322,16.64,0.16,1.22,0.41,2.58,0.00,729
59.338,16.68,0.17,1.19,0.40,2.56,0.00,729
59.355,16.67,0.16,1.17,0.39,2.56,0.00,729
59.372,16.65,0.18,1.18,0.42,2.59,0.00,724
59.388,16.68,0.17,1.18,0.41,2.59,0.00,723
59.405,16.76,0.16,1.19,0.44,2.59,0.00,722
59.422,16.58,0.17,1.20,0.48,2.58,0.00,719
59.438,16.66,0.17,1.17,0.46,2.58,0.00,718
59.455,16.68,0.17,1.18,0.41,2.58,0.00,719
59.472,16.66,0.18,1.15,0.40,2.65,0.00,720
59.488,16.67,0.17,1.14,0.40,2.64,0.00,718
59.505,16.67,0.17,1.15,0.39,2.65,0.00,721
59.522,16.67,0.17,1.14,0.39,2.68,0.00,723
59.538,16.67,0.18,1.16,0.44,2.68,0.00,721
59.555,16.67,0.17,1.14,0.40,2.68,0.00,721
59.572,16.67,0.17,1.13,0.39,2.70,0.00,723
59.588,16.66,0.17,1.14,0.39,2.70,0.00,721
59.605,16.67,0.17,1.11,0.46,2.69,0.00,719
59.622,16.68,0.17,1.15,0.46,2.69,0.00,720
59.638,16.66,0.17,1.10,0.46,2.68,0.00,724
59.655,16.66,0.17,1.16,0.45,2.73,0.00,721
59.672,16.67,0.18,1.07,0.45,2.72,0.00,722
59.688,16.67,0.16,1.06,0.40,2.72,0.00,722
59.705,16.67,0.16,1.05,0.41,2.72,0.00,720
59.722,16.67,0.16,1.05,0.41,2.72,0.00,718
59.738,16.67,0.17,1.04,0.40,2.72,0.00,717
59.755,16.67,0.14,1.04,0.40,2.75,0.00,715
59.772,16.67,0.14,1.03,0.40,2.74,0.00,719
59.788,16.67,0.13,1.02,0.39,2.74,0.00,715
59.805,16.67,0.14,1.00,0.39,2.73,0.00,715
59.822,16.67,0.15,1.04,0.47,2.74,0.00,712
59.838,16.67,0.15,0.99,0.40,2.73,0.00,711
59.855,16.67,0.14,1.01,0.42,2.75,0.00,712
59.872,16.67,0.14,0.99,0.40,2.75,0.00,713
59.888,16.67,0.13,1.01,0.42,2.75,0.00,712
59.905,16.67,0.15,1.01,0.44,2.73,0.00,713
59.922,16.68,0.12,0.99,0.43,2.73,0.00,711
59.938,16.65,0.14,0.97,0.39,2.72,0.00,707
59.955,16.67,0.13,0.92,0.40,2.75,0.00,706
59.972,16.67,0.13,0.90,0.41,2.74,0.00,700
59.988,16.68,0.25,1.00,0.41,2.73,0.00,715
60.005,16.65,0.14,0.96,0.39,2.84,0.00,721
60.022,16.75,0.13,0.98,0.39,2.97,0.00,718
60.038,16.59,0.15,0.98,0.41,2.96,0.00,716
60.055,16.67,0.13,0.98,0.39,2.97,0.00,714
60.072,16.67,0.13,0.96,0.44,2.96,0.00,707
60.088,16.66,0.14,0.99,0.45,2.94,0.00,706
60.105,16.69,0.15,1.01,0.49,2.94,0.00,702
60.122,16.65,0.14,0.98,0.44,2.93,0.00,696
60.138,16.67,0.13,0.91,0.41,2.95,0.00,692
60.155,16.66,0.14,0.90,0.39,2.93,0.00,667
60.172,16.67,0.13,0.87,0.39,2.90,0.00,656
60.189,16.67,0.13,0.86,0.37,2.49,0.00,659
60.205,16.68,0.13,0.86,0.38,2.48,0.00,659
60.222,16.66,0.13,0.88,0.37,2.48,0.00,661
60.239,16.67,0.13,0.86,0.39,2.49,0.00,661
60.255,16.67,0.13,0.86,0.38,2.49,0.00,661
60.272,16.67,0.14,0.87,0.39,2.48,0.00,661
60.289,16.68,0.12,0.87,0.39,2.49,0.00,660
60.305,16.68,0.12,0.87,0.39,2.47,0.00,662
60.322,16.68,0.15,0.90,0.45,2.48,0.00,661
60.339,16.65,0.14,0.89,0.43,2.48,0.00,660
60.355,16.66,0.13,0.90,0.43,2.48,0.00,660
60.372,16.66,0.14,0.86,0.39,2.48,0.00,659
60.389,16.70,0.12,0.87,0.45,2.47,0.00,659
60.405,16.64,0.12,0.89,0.43,2.46,0.00,657
60.422,16.66,0.13,0.86,0.40,2.46,0.00,655
60.439,16.68,0.14,0.87,0.43,2.49,0.00,652
60.455,16.66,0.13,0.86,0.37,2.47,0.00,651
60.472,16.67,0.13,0.88,0.37,2.48,0.00,649
60.489,16.67,0.13,0.89,0.40,2.47,0.00,645
60.505,16.67,0.13,0.87,0.40,2.48,0.00,644
60.522,16.66,0.13,0.89,0.40,2.47,0.00,639
60.539,16.67,0.12,0.88,0.40,2.48,0.00,638
60.555,16.68,0.13,0.89,0.39,2.48,0.00,633
60.572,16.66,0.14,0.86,0.37,2.47,0.00,631
60.589,16.67,0.13,0.87,0.38,2.45,0.00,629
60.605,16.67,0.13,0.88,0.38,2.45,0.00,628
60.622,16.70,0.12,0.88,0.41,2.44,0.00,626
60.639,16.65,0.14,0.66,0.50,2.44,0.00,621
60.655,16.66,0.14,0.69,0.49,2.42,0.00,617
60.672,16.67,0.14,0.65,0.45,2.42,0.00,614
60.689,16.69,0.13,0.67,0.50,2.42,0.00,614
60.705,16.66,0.15,0.67,0.51,2.40,0.00,613
60.722,16.67,0.12,0.64,0.40,2.42,0.00,610
60.739,16.66,0.13,0.63,0.40,2.41,0.00,609
60.755,16.66,0.13,0.71,0.47,2.41,0.00,608
60.772,16.68,0.14,0.67,0.42,2.39,0.00,607
60.789,16.68,0.15,0.69,0.49,2.39,0.00,605
60.805,16.64,0.15,0.65,0.39,2.38,0.00,605
60.822,16.68,0.13,0.64,0.41,2.39,0.00,604
60.839,16.66,0.14,0.65,0.39,2.38,0.00,603
60.855,16.66,0.13,0.66,0.42,2.36,0.00,601
60.872,16.67,0.13,0.64,0.41,2.35,0.00,599
60.889,16.67,0.13,0.64,0.38,2.33,0.00,598
60.905,16.67,0.14,0.65,0.45,2.33,0.00,597
60.922,16.68,0.13,0.66,0.44,2.32,0.00,596
60.939,16.66,0.13,0.63,0.40,2.31,0.00,594
60.955,16.74,0.12,0.66,0.43,2.29,0.00,590
60.972,16.69,0.12,0.65,0.40,2.27,0.00,590
60.989,16.58,0.13,0.64,0.39,2.26,0.00,589
61.005,16.65,0.13,0.63,0.39,2.24,0.00,588
61.022,16.75,0.12,0.64,0.39,2.26,0.00,587
61.039,16.59,0.13,0.62,0.40,2.24,0.00,584
61.055,16.67,0.12,0.65,0.38,2.23,0.00,583
61.072,16.68,0.12,0.65,0.40,2.22,0.00,578
61.089,16.66,0.15,0.88,0.38,2.20,0.00,630
61.105,16.67,0.14,0.88,0.38,3.10,0.00,627
61.122,16.67,0.14,0.89,0.38,3.09,0.00,626
61.139,16.66,0.14,0.88,0.42,3.07,0.00,627
61.155,16.67,0.14,0.90,0.43,3.07,0.00,624
61.172,16.68,0.16,0.90,0.47,3.05,0.00,624
61.189,16.65,0.15,0.89,0.39,3.05,0.00,623
61.205,16.67,0.14,0.87,0.39,3.11,0.00,620
61.222,16.67,0.14,0.88,0.40,3.09,0.00,622
61.239,16.67,0.15,0.89,0.40,3.10,0.00,643
61.255,16.67,0.14,0.90,0.40,3.13,0.00,646
61.272,16.69,0.13,0.90,0.40,3.15,0.00,646
61.289,16.64,0.14,0.89,0.39,3.15,0.00,643
61.305,16.68,0.14,0.89,0.40,3.16,0.00,647
61.322,16.67,0.15,0.93,0.49,3.16,0.00,646
61.339,16.65,0.15,0.90,0.42,3.15,0.00,646
61.355,16.67,0.15,0.90,0.39,3.16,0.00,647
61.372,16.68,0.13,0.87,0.39,3.16,0.00,650
61.389,16.65,0.14,0.89,0.41,3.16,0.00,650
61.405,16.67,0.14,0.89,0.41,3.21,0.00,648
61.422,16.67,0.14,0.90,0.40,3.20,0.00,652
61.439,16.67,0.13,0.89,0.38,3.21,0.00,651
61.455,16.67,0.14,0.89,0.47,3.23,0.00,651
61.472,16.66,0.14,0.89,0.38,3.23,0.00,652
61.489,16.67,0.13,0.88,0.38,3.23,0.00,656
61.505,16.68,0.12,0.87,0.39,2.71,0.00,651
61.522,16.66,0.13,0.89,0.37,2.70,0.00,650
61.539,16.68,0.12,0.88,0.38,2.70,0.00,649
61.555,16.66,0.13,0.87,0.36,2.71,0.00,647
61.572,16.67,0.14,0.88,0.37,2.70,0.00,648
61.589,16.67,0.14,0.90,0.37,2.76,0.00,648
61.605,16.68,0.14,0.89,0.38,2.74,0.00,649
61.622,16.66,0.13,0.90,0.39,2.75,0.00,648
61.639,16.67,0.13,0.87,0.37,2.76,0.00,649
61.655,16.69,0.15,0.90,0.45,2.75,0.00,652
61.672,16.65,0.15,0.90,0.46,2.76,0.00,653
61.689,16.66,0.13,0.88,0.41,2.81,0.00,652
61.705,16.67,0.14,0.89,0.39,2.79,0.00,652
61.722,16.67,0.13,0.88,0.38,2.77,0.00,653
61.739,16.70,0.12,0.88,0.39,2.79,0.00,652
61.755,16.64,0.13,0.89,0.37,2.77,0.00,651
61.772,16.68,0.15,0.90,0.44,2.79,0.00,650
61.789,16.66,0.13,0.89,0.37,2.80,0.00,650
61.805,16.67,0.13,0.88,0.38,2.80,0.00,649
61.822,16.70,0.14,0.91,0.48,2.81,0.00,648
61.839,16.63,0.13,0.88,0.39,2.79,0.00,650
61.855,16.68,0.14,0.88,0.41,2.79,0.00,651
61.872,16.68,0.13,0.88,0.38,2.78,0.00,650
61.889,16.66,0.13,0.89,0.37,2.80,0.00,647
61.905,16.67,0.13,0.89,0.41,2.82,0.00,648
61.922,16.67,0.14,0.88,0.39,2.79,0.00,649
61.939,16.66,0.15,0.89,0.45,2.78,0.00,647
61.955,16.67,0.13,0.82,0.40,2.77,0.00,650
61.972,16.67,0.13,0.81,0.39,2.77,0.00,648
61.989,16.67,0.27,0.95,0.41,2.79,0.00,697
62.005,16.67,0.13,0.93,0.38,3.02,0.00,708
62.022,16.74,0.12,0.95,0.40,3.14,0.00,709
62.039,16.60,0.14,0.95,0.40,3.14,0.00,709
62.055,16.67,0.14,0.95,0.39,3.13,0.00,710
62.072,16.68,0.12,0.95,0.40,3.15,0.00,707
62.089,16.64,0.14,0.96,0.42,3.14,0.00,710
62.105,16.67,0.13,0.94,0.40,3.14,0.00,708
62.122,16.67,0.13,0.94,0.38,3.11,0.00,706
62.139,16.67,0.13,0.94,0.40,3.11,0.00,706
62.155,16.71,0.13,0.95,0.43,3.12,0.00,705
62.172,16.65,0.13,0.97,0.48,3.12,0.00,704
62.189,16.65,0.13,0.95,0.45,3.10,0.00,702
62.205,16.67,0.13,0.95,0.41,3.10,0.00,703
62.222,16.67,0.13,0.94,0.39,3.08,0.00,703
62.239,16.69,0.14,0.97,0.45,3.07,0.00,702
62.255,16.64,0.13,0.96,0.40,3.08,0.00,702
62.272,16.67,0.13,0.94,0.38,3.08,0.00,700
62.289,16.66,0.14,0.96,0.42,3.07,0.00,697
62.305,16.70,0.12,0.91,0.43,3.05,0.00,684
62.322,16.67,0.11,0.90,0.40,3.03,0.00,679
62.339,16.64,0.13,0.91,0.37,2.99,0.00,676
62.355,16.67,0.13,0.91,0.42,2.98,0.00,674
62.372,16.67,0.10,0.70,0.40,2.97,0.00,672
62.389,16.67,0.14,0.93,0.45,2.97,0.00,670
62.405,16.66,0.13,0.98,0.47,2.96,0.00,668
62.422,16.69,0.12,0.94,0.45,2.96,0.00,667
62.439,16.64,0.13,0.92,0.39,2.96,0.00,663
62.455,16.67,0.13,0.91,0.39,2.94,0.00,662
62.472,16.67,0.13,0.91,0.38,2.96,0.00,661
62.489,16.67,0.14,0.92,0.44,2.95,0.00,659
62.505,16.67,0.13,0.90,0.39,2.93,0.00,658
62.522,16.67,0.12,0.92,0.40,2.92,0.00,655
62.539,16.68,0.12,0.88,0.39,2.91,0.00,655
62.555,16.66,0.13,0.90,0.38,2.93,0.00,653
62.572,16.67,0.13,0.91,0.38,2.92,0.00,651
62.589,16.68,0.11,0.87,0.37,2.89,0.00,648
62.605,16.65,0.12,0.88,0.38,2.52,0.00,646
62.622,16.67,0.12,0.87,0.37,2.52,0.00,646
62.639,16.67,0.13,0.87,0.40,2.50,0.00,644
62.655,16.67,0.12,0.88,0.39,2.52,0.00,642
62.672,16.67,0.15,0.91,0.50,2.48,0.00,638
62.689,16.68,0.12,0.91,0.43,2.48,0.00,638
62.705,16.65,0.13,0.90,0.44,2.46,0.00,635
62.722,16.67,0.12,0.87,0.39,2.46,0.00,629
62.739,16.67,0.13,0.87,0.39,2.44,0.00,628
62.755,16.68,0.12,0.88,0.40,2.45,0.00,624
62.772,16.66,0.12,0.85,0.38,2.44,0.00,621
62.789,16.67,0.12,0.86,0.38,2.42,0.00,619
62.805,16.68,0.13,0.86,0.45,2.41,0.00,618
62.822,16.66,0.13,0.87,0.48,2.37,0.00,613
62.839,16.67,0.12,0.88,0.41,2.36,0.00,610
62.855,16.67,0.12,0.85,0.40,2.38,0.00,606
62.872,16.67,0.12,0.86,0.38,2.38,0.00,606
62.889,16.67,0.12,0.87,0.38,2.37,0.00,606
62.905,16.67,0.12,0.87,0.41,2.36,0.00,605
62.922,16.66,0.13,0.88,0.42,2.34,0.00,604
62.939,16.68,0.16,1.17,0.43,2.32,0.00,655
62.955,16.70,0.13,1.16,0.39,3.23,0.00,653
62.972,16.63,0.14,1.17,0.40,3.22,0.00,653
62.989,16.67,0.15,1.18,0.41,3.21,0.00,651
63.005,16.68,0.15,1.19,0.49,3.21,0.00,649
63.022,16.66,0.14,1.21,0.45,3.18,0.00,647
63.039,16.67,0.17,1.19,0.45,3.16,0.00,644
63.055,16.67,0.16,1.02,0.49,3.16,0.00,634
63.072,16.65,0.14,0.97,0.40,3.17,0.00,632
63.089,16.68,0.13,0.99,0.42,3.20,0.00,631
63.105,16.65,0.14,0.98,0.39,3.18,0.00,631
63.122,16.67,0.15,1.00,0.40,3.22,0.00,632
63.139,16.67,0.14,0.97,0.39,3.23,0.00,631
63.155,16.67,0.13,0.99,0.47,3.24,0.00,632
63.172,16.67,0.14,0.99,0.41,3.24,0.00,629
63.189,16.68,0.15,1.00,0.46,3.25,0.00,627
63.205,16.69,0.13,0.98,0.43,3.24,0.00,628
63.222,16.64,0.15,1.02,0.43,3.24,0.00,629
63.239,16.67,0.15,0.98,0.43,3.35,0.00,626
63.255,16.68,0.13,0.96,0.40,3.35,0.00,626
63.272,16.66,0.13,0.99,0.39,3.36,0.00,642
63.289,16.67,0.13,0.98,0.38,3.39,0.00,641
63.305,16.69,0.14,0.97,0.42,3.41,0.00,639
63.322,16.65,0.14,1.00,0.38,3.42,0.00,639
63.339,16.68,0.15,1.01,0.50,3.42,0.00,639
63.356,16.72,0.13,1.02,0.45,2.84,0.00,639
63.372,16.60,0.12,0.98,0.41,2.85,0.00,638
63.389,16.68,0.13,0.98,0.40,2.85,0.00,637
63.405,16.67,0.14,0.98,0.40,2.85,0.00,637
63.422,16.67,0.14,1.00,0.44,2.86,0.00,639
63.439,16.66,0.15,0.97,0.43,2.90,0.00,640
63.456,16.76,0.12,1.00,0.40,2.88,0.00,642
63.472,16.58,0.13,0.97,0.41,2.89,0.00,643
63.489,16.67,0.13,0.97,0.40,2.88,0.00,641
63.505,16.67,0.13,0.97,0.42,2.89,0.00,640
63.522,16.67,0.14,0.97,0.40,2.90,0.00,642
63.539,16.67,0.13,0.95,0.39,2.90,0.00,643
63.555,16.66,0.14,0.98,0.39,2.90,0.00,644
63.572,16.67,0.13,0.97,0.39,2.89,0.00,643
63.589,16.67,0.12,1.00,0.43,2.89,0.00,643
63.606,16.77,0.13,0.97,0.40,2.88,0.00,644
63.622,16.56,0.13,0.98,0.42,2.91,0.00,644
63.639,16.67,0.13,0.95,0.39,2.89,0.00,645
63.655,16.66,0.13,0.97,0.42,2.90,0.00,646
63.672,16.68,0.13,0.97,0.43,2.89,0.00,645
63.689,16.66,0.13,0.97,0.42,2.87,0.00,645
63.705,16.67,0.14,0.98,0.45,2.86,0.00,647
63.722,16.67,0.12,0.99,0.47,2.88,0.00,645
63.739,16.66,0.13,0.95,0.39,2.88,0.00,645
63.755,16.67,0.13,0.96,0.39,2.87,0.00,646
63.772,16.66,0.13,0.95,0.41,2.86,0.00,646
63.789,16.68,0.13,0.95,0.41,2.85,0.00,645
63.805,16.68,0.13,0.95,0.43,2.85,0.00,644
63.822,16.65,0.13,0.96,0.41,2.86,0.00,643
63.839,16.68,0.13,0.96,0.41,2.86,0.00,643
63.855,16.67,0.13,0.96,0.44,2.85,0.00,644
63.872,16.68,0.17,0.99,0.44,2.84,0.00,643
63.889,16.65,0.13,0.96,0.42,2.84,0.00,643
63.905,16.67,0.13,0.94,0.38,2.82,0.00,644
63.922,16.67,0.13,0.97,0.44,2.85,0.00,642
63.939,16.66,0.14,0.96,0.43,2.85,0.00,643
63.955,16.67,0.12,0.87,0.39,2.84,0.00,644
63.972,16.66,0.13,0.86,0.39,2.82,0.00,645
63.989,16.68,0.25,0.97,0.45,2.83,0.00,689
64.005,16.66,0.13,0.99,0.41,3.00,0.00,697
64.022,16.76,0.13,0.96,0.44,3.09,0.00,695
64.039,16.59,0.11,0.96,0.43,3.08,0.00,695
64.056,16.67,0.11,0.96,0.44,3.08,0.00,695
64.072,16.65,0.13,1.00,0.40,3.07,0.00,696
64.089,16.67,0.13,0.96,0.43,3.07,0.00,695
64.106,16.67,0.13,0.96,0.44,3.09,0.00,693
64.122,16.67,0.13,0.97,0.44,3.06,0.00,693
64.139,16.67,0.13,0.96,0.42,3.05,0.00,693
64.156,16.67,0.13,0.96,0.42,3.03,0.00,693
64.172,16.81,0.12,1.01,0.53,3.04,0.00,690
64.189,16.52,0.13,1.00,0.49,3.02,0.00,692
64.206,16.67,0.13,0.97,0.43,3.04,0.00,687
64.222,16.76,0.12,0.99,0.51,3.02,0.00,687
64.239,16.58,0.13,0.98,0.50,3.02,0.00,687
64.256,16.66,0.12,0.97,0.47,3.01,0.00,687
64.272,16.68,0.12,0.97,0.44,3.01,0.00,687
64.289,16.67,0.12,0.95,0.43,3.00,0.00,685
64.306,16.68,0.13,0.96,0.43,3.01,0.00,683
64.322,16.67,0.12,0.96,0.41,3.01,0.00,682
64.339,16.65,0.13,0.98,0.47,3.01,0.00,680
64.356,16.68,0.12,0.97,0.41,3.00,0.00,678
64.372,16.66,0.13,0.97,0.41,2.97,0.00,679
64.389,16.67,0.13,0.96,0.39,2.96,0.00,678
64.406,16.66,0.12,0.96,0.41,2.97,0.00,674
64.422,16.68,0.13,0.98,0.44,2.97,0.00,662
64.439,16.67,0.13,0.93,0.44,2.93,0.00,659
64.456,16.66,0.12,0.92,0.39,2.60,0.00,659
64.472,16.67,0.13,0.93,0.38,2.60,0.00,658
64.489,16.67,0.13,0.93,0.39,2.59,0.00,657
64.506,16.67,0.13,0.93,0.40,2.58,0.00,656
64.522,16.67,0.12,0.93,0.40,2.57,0.00,653
64.539,16.67,0.14,0.93,0.40,2.55,0.00,651
64.556,16.66,0.12,0.93,0.39,2.54,0.00,649
64.572,16.70,0.12,0.93,0.42,2.53,0.00,647
64.589,16.66,0.12,0.95,0.50,2.54,0.00,646
64.606,16.74,0.13,0.97,0.50,2.52,0.00,644
64.622,16.59,0.12,0.97,0.50,2.50,0.00,644
64.639,16.67,0.12,0.95,0.46,2.50,0.00,644
64.656,16.66,0.12,0.96,0.41,2.49,0.00,644
64.672,16.67,0.17,1.25,0.49,2.48,0.00,692
64.689,16.66,0.15,1.26,0.51,3.33,0.00,687
64.706,16.66,0.16,1.23,0.44,3.32,0.00,687
64.722,16.81,0.14,1.28,0.46,3.31,0.00,682
64.739,16.54,0.16,1.24,0.45,3.28,0.00,676
64.756,16.66,0.15,1.29,0.42,3.27,0.00,674
64.772,16.67,0.16,1.27,0.43,3.26,0.00,667
64.789,16.67,0.15,1.26,0.41,3.26,0.00,660
64.806,16.67,0.15,1.25,0.40,3.25,0.00,653
64.822,16.66,0.15,1.26,0.40,3.24,0.00,644
64.839,16.68,0.15,1.28,0.46,3.21,0.00,637
64.856,16.67,0.15,1.29,0.43,3.19,0.00,631
64.872,16.65,0.15,1.26,0.40,3.19,0.00,625
64.889,16.67,0.15,1.26,0.39,3.21,0.00,618
64.906,16.69,0.14,1.03,0.41,3.20,0.00,595
64.922,16.64,0.14,1.04,0.44,3.19,0.00,591
64.939,16.69,0.15,1.04,0.46,3.16,0.00,585
64.956,16.66,0.15,1.05,0.40,3.15,0.00,578
64.972,16.66,0.15,1.02,0.39,3.18,0.00,567
64.989,16.67,0.14,1.03,0.39,3.19,0.00,561
65.006,16.68,0.13,1.02,0.39,3.15,0.00,554
65.022,16.74,0.13,1.03,0.40,3.15,0.00,546
65.039,16.59,0.14,1.01,0.42,3.11,0.00,534
65.056,16.67,0.14,1.02,0.38,3.06,0.00,514
65.072,16.67,0.14,1.01,0.38,3.04,0.00,366
65.089,16.67,0.13,1.01,0.38,2.23,0.00,366
65.106,16.67,0.13,1.00,0.38,2.22,0.00,365
65.122,16.67,0.13,1.02,0.39,2.22,0.00,364
65.139,16.66,0.14,1.01,0.38,2.23,0.00,363
65.156,16.67,0.14,1.02,0.38,2.23,0.00,364
65.172,16.67,0.14,1.02,0.41,2.33,0.00,362
65.189,16.67,0.14,1.02,0.43,2.34,0.00,363
65.206,16.67,0.14,1.01,0.38,2.36,0.00,362
65.222,16.68,0.13,1.04,0.41,2.38,0.00,361
65.239,16.67,0.16,1.04,0.46,2.39,0.00,360
65.256,16.76,0.12,1.04,0.41,2.39,0.00,361
65.272,16.60,0.12,1.01,0.39,2.35,0.00,360
65.289,16.67,0.12,1.02,0.43,2.32,0.00,360
65.306,16.65,0.13,1.01,0.37,2.34,0.00,360
65.322,16.65,0.12,1.03,0.42,2.35,0.00,360
65.339,16.67,0.14,1.02,0.41,2.33,0.00,358
65.356,16.66,0.13,0.99,0.38,2.35,0.00,359
65.372,16.67,0.13,1.00,0.40,2.39,0.00,358
65.389,16.67,0.13,1.01,0.37,2.38,0.00,357
65.406,16.67,0.13,1.00,0.39,2.38,0.00,356
65.422,16.66,0.13,1.01,0.40,2.37,0.00,355
65.439,16.67,0.14,0.99,0.42,2.36,0.00,354
65.456,16.67,0.18,1.04,0.50,2.40,0.00,353
65.472,16.68,0.13,1.00,0.42,2.39,0.00,352
65.489,16.65,0.14,1.04,0.48,2.38,0.00,351
65.506,16.69,0.13,1.00,0.49,2.39,0.00,350
65.522,16.65,0.13,1.00,0.41,2.38,0.00,348
65.539,16.66,0.14,0.99,0.44,2.37,0.00,349
65.556,16.68,0.15,1.03,0.42,2.40,0.00,348
65.572,16.66,0.13,0.98,0.40,2.38,0.00,348
65.589,16.69,0.12,0.99,0.40,2.38,0.00,348
65.606,16.64,0.13,0.98,0.40,2.38,0.00,348
65.622,16.70,0.12,0.99,0.39,2.38,0.00,346
65.639,16.67,0.14,1.00,0.46,2.37,0.00,346
65.656,16.64,0.13,1.00,0.43,2.39,0.00,345
65.672,16.69,0.15,1.00,0.48,2.39,0.00,345
65.689,16.66,0.12,0.99,0.45,2.39,0.00,345
65.706,16.66,0.13,0.96,0.39,2.37,0.00,345
65.722,16.67,0.13,0.98,0.44,2.38,0.00,343
65.739,16.66,0.14,0.99,0.44,2.38,0.00,344
65.756,16.66,0.13,0.97,0.38,2.40,0.00,343
65.772,16.71,0.13,0.99,0.47,2.40,0.00,343
65.789,16.63,0.13,0.99,0.44,2.38,0.00,343
65.806,16.68,0.14,0.96,0.45,2.39,0.00,343
65.822,16.66,0.14,1.04,0.50,2.38,0.00,342
65.839,16.67,0.14,0.98,0.46,2.38,0.00,343
65.856,16.69,0.13,1.01,0.52,2.43,0.00,342
65.872,16.64,0.14,0.98,0.47,2.42,0.00,340
65.889,16.67,0.14,0.99,0.48,2.41,0.00,339
65.906,16.69,0.13,0.97,0.48,2.41,0.00,337
65.922,16.66,0.14,0.99,0.44,2.42,0.00,337
65.939,16.67,0.14,1.01,0.48,2.45,0.00,336
65.956,16.66,0.14,0.89,0.42,2.46,0.00,336
65.972,16.67,0.13,0.89,0.46,2.45,0.00,336
65.989,16.65,0.25,0.95,0.41,2.45,0.00,349
66.006,16.67,0.13,0.94,0.38,2.57,0.00,356
66.022,16.69,0.14,0.99,0.48,2.65,0.00,355
66.039,16.64,0.13,0.95,0.43,2.67,0.00,354
66.056,16.69,0.15,0.99,0.48,2.68,0.00,354
66.072,16.67,0.14,0.97,0.46,2.68,0.00,354
66.089,16.65,0.14,0.98,0.47,2.68,0.00,353
66.106,16.68,0.13,0.95,0.49,2.68,0.00,352
66.122,16.67,0.16,0.98,0.52,2.67,0.00,351
66.139,16.67,0.14,0.95,0.47,2.69,0.00,347
66.156,16.67,0.13,1.06,0.50,2.70,0.00,345
66.172,16.67,0.15,0.93,0.49,2.69,0.00,343
66.189,16.66,0.13,0.94,0.50,2.24,0.00,342
66.206,16.68,0.13,0.95,0.49,2.23,0.00,341
66.222,16.66,0.15,0.91,0.44,2.24,0.00,340
66.239,16.72,0.13,0.94,0.48,2.24,0.00,336
66.256,16.62,0.13,0.92,0.47,2.25,0.00,336
66.272,16.67,0.14,0.92,0.42,2.22,0.00,336
66.289,16.65,0.13,0.93,0.44,2.21,0.00,336
66.306,16.71,0.16,0.93,0.49,2.20,0.00,336
66.322,16.65,0.15,0.96,0.55,2.18,0.00,336
66.339,16.68,0.14,0.95,0.49,2.19,0.00,335
66.356,16.65,0.13,0.93,0.48,2.18,0.00,334
66.372,16.66,0.14,0.94,0.46,2.15,0.00,332
66.389,16.68,0.14,0.97,0.55,2.11,0.00,332
66.406,16.67,0.17,1.26,0.48,2.10,0.00,387
66.423,16.81,0.15,1.28,0.47,2.88,0.00,510
66.439,16.53,0.12,0.95,0.43,3.09,0.00,568
66.456,16.78,0.14,1.30,0.49,3.15,0.00,593
66.472,16.60,0.15,1.29,0.51,3.16,0.00,610
66.489,16.62,0.15,1.29,0.50,3.17,0.00,621
66.506,16.67,0.17,1.29,0.51,3.20,0.00,628
66.522,16.66,0.17,1.28,0.51,3.22,0.00,633
66.539,16.66,0.16,1.28,0.51,3.24,0.00,644
66.556,16.67,0.17,1.32,0.48,3.27,0.00,652
66.573,16.77,0.16,1.33,0.55,3.29,0.00,656
66.589,16.56,0.15,1.33,0.51,3.32,0.00,656
66.606,16.68,0.16,1.33,0.48,3.34,0.00,657
66.622,16.67,0.16,1.35,0.50,3.39,0.00,658
66.639,16.66,0.17,1.05,0.50,3.42,0.00,644
66.656,16.66,0.15,1.03,0.40,3.46,0.00,649
66.672,16.73,0.15,1.08,0.45,3.50,0.00,657
66.689,16.59,0.10,0.79,0.31,3.50,0.00,664
66.706,16.67,0.11,0.79,0.34,3.53,0.00,670
66.722,16.67,0.10,0.79,0.35,3.56,0.00,675
66.739,16.67,0.13,0.81,0.36,3.59,0.00,677
66.756,16.66,0.10,0.80,0.34,3.60,0.00,683
66.772,16.67,0.10,0.80,0.35,3.64,0.00,687
66.789,16.67,0.11,0.82,0.38,3.66,0.00,689
66.806,16.67,0.11,0.80,0.35,3.69,0.00,694
66.822,16.68,0.12,0.83,0.41,3.16,0.00,695
66.839,16.66,0.15,1.08,0.51,3.18,0.00,694
66.856,16.69,0.21,1.12,0.53,3.18,0.00,695
66.872,16.66,0.15,1.13,0.45,3.22,0.00,698
66.889,16.67,0.13,1.12,0.42,3.23,0.00,697
66.906,16.69,0.15,1.07,0.45,3.26,0.00,695
66.922,16.65,0.15,1.14,0.47,3.25,0.00,696
66.939,16.67,0.15,1.06,0.45,3.29,0.00,695
66.956,16.67,0.14,1.08,0.49,3.29,0.00,693
66.972,16.67,0.14,1.07,0.47,3.30,0.00,694
66.989,16.68,0.15,1.11,0.41,3.32,0.00,696
67.006,16.66,0.15,1.10,0.40,3.35,0.00,696
67.022,16.74,0.13,1.12,0.41,3.35,0.00,696
67.039,16.60,0.15,1.06,0.45,3.34,0.00,695
67.056,16.67,0.16,1.13,0.54,3.35,0.00,695
67.072,16.66,0.16,1.08,0.47,3.38,0.00,694
67.089,16.67,0.14,1.07,0.45,3.37,0.00,694
67.106,16.67,0.14,1.06,0.46,3.37,0.00,693
67.122,16.67,0.18,1.35,0.42,3.37,0.00,716
67.139,16.67,0.18,1.28,0.40,3.42,0.00,716
67.156,16.69,0.17,1.29,0.41,3.44,0.00,719
67.172,16.64,0.18,1.30,0.42,3.45,0.00,719
67.189,16.67,0.18,1.31,0.42,3.44,0.00,720
67.206,16.67,0.19,1.32,0.46,3.49,0.00,721
67.222,16.66,0.18,1.31,0.40,3.50,0.00,722
67.239,16.68,0.18,1.32,0.41,3.47,0.00,722
67.256,16.67,0.15,1.32,0.39,3.47,0.00,720
67.272,16.65,0.15,1.31,0.41,3.51,0.00,721
67.289,16.68,0.15,1.32,0.40,3.49,0.00,722
67.306,16.67,0.15,1.31,0.39,3.48,0.00,721
67.322,16.68,0.16,1.34,0.49,3.48,0.00,722
67.339,16.65,0.17,1.34,0.44,3.49,0.00,723
67.356,16.66,0.15,1.32,0.39,3.50,0.00,723
67.372,16.67,0.16,1.32,0.44,3.50,0.00,722
67.389,16.66,0.08,0.70,0.30,3.52,0.00,721
67.406,16.68,0.16,1.34,0.46,3.50,0.00,722
67.422,16.66,0.15,1.34,0.41,3.52,0.00,721
67.439,16.67,0.16,1.34,0.43,3.51,0.00,722
67.456,16.67,0.15,1.32,0.44,3.54,0.00,722
67.472,16.67,0.15,1.32,0.40,3.55,0.00,721
67.489,16.67,0.14,1.33,0.42,3.54,0.00,720
67.506,16.66,0.15,1.30,0.41,3.55,0.00,721
67.522,16.68,0.15,1.31,0.40,3.58,0.00,721
67.539,16.67,0.16,1.33,0.43,3.57,0.00,721
67.556,16.66,0.15,1.33,0.41,3.55,0.00,718
67.572,16.67,0.15,1.30,0.40,3.53,0.00,718
67.589,16.69,0.13,1.32,0.40,3.58,0.00,719
67.606,16.68,0.15,1.35,0.50,3.60,0.00,730
67.622,16.65,0.15,1.34,0.44,3.61,0.00,730
67.639,16.66,0.15,1.31,0.41,3.64,0.00,729
67.656,16.67,0.14,1.32,0.41,3.64,0.00,727
67.672,16.67,0.15,1.29,0.41,3.65,0.00,727
67.689,16.67,0.15,1.33,0.44,3.64,0.00,727
67.706,16.67,0.16,1.30,0.44,3.64,0.00,727
67.722,16.67,0.14,1.31,0.40,3.67,0.00,726
67.739,16.67,0.14,1.30,0.41,3.68,0.00,726
67.756,16.67,0.14,1.31,0.39,3.67,0.00,725
67.772,16.67,0.15,1.30,0.40,3.67,0.00,724
67.789,16.67,0.14,1.30,0.41,3.70,0.00,724
67.806,16.67,0.15,1.28,0.40,3.71,0.00,722
67.822,16.67,0.15,1.31,0.40,3.70,0.00,722
67.839,16.67,0.15,1.29,0.42,3.74,0.00,721
67.856,16.75,0.13,1.31,0.41,3.72,0.00,720
67.872,16.58,0.14,1.28,0.42,3.73,0.00,719
67.889,16.68,0.14,1.30,0.39,3.73,0.00,720
67.906,16.67,0.14,1.27,0.42,3.75,0.00,717
67.923,16.68,0.13,1.26,0.42,3.34,0.00,718
67.939,16.65,0.15,1.27,0.44,3.33,0.00,716
67.956,16.68,0.15,1.20,0.45,3.32,0.00,716
67.973,16.69,0.13,1.17,0.42,3.35,0.00,717
67.989,16.73,0.27,1.31,0.49,3.34,0.00,731
68.006,16.59,0.16,1.32,0.51,3.45,0.00,737
68.023,16.65,0.15,1.29,0.41,3.52,0.00,737
68.039,16.68,0.16,1.28,0.40,3.53,0.00,738
68.056,16.66,0.14,1.28,0.41,3.51,0.00,737
68.073,16.68,0.15,1.27,0.41,3.50,0.00,736
68.089,16.67,0.16,1.27,0.41,3.48,0.00,738
68.106,16.67,0.15,1.26,0.41,3.49,0.00,736
68.123,16.69,0.14,1.31,0.46,3.45,0.00,736
68.139,16.65,0.15,1.26,0.41,3.43,0.00,736
68.156,16.67,0.16,1.28,0.46,3.42,0.00,736
68.173,16.68,0.17,1.32,0.49,3.42,0.00,736
68.189,16.66,0.15,1.30,0.46,3.41,0.00,735
68.206,16.67,0.16,1.27,0.45,3.39,0.00,734
68.223,16.67,0.21,1.53,0.40,3.38,0.00,792
68.239,16.68,0.18,1.53,0.48,4.28,0.00,793
68.256,16.67,0.20,1.53,0.42,4.27,0.00,793
68.273,16.65,0.20,1.52,0.39,4.25,0.00,793
68.289,16.67,0.20,1.56,0.39,4.22,0.00,798
68.306,16.68,0.18,1.54,0.40,4.22,0.00,799
68.323,16.66,0.22,1.62,0.44,4.21,0.00,801
68.339,16.72,0.18,1.62,0.42,4.15,0.00,803
68.356,16.61,0.19,1.61,0.40,4.17,0.00,804
68.373,16.67,0.21,1.41,0.41,4.18,0.00,800
68.389,16.67,0.19,1.39,0.39,4.09,0.00,800
68.406,16.67,0.20,1.41,0.39,4.10,0.00,801
68.423,16.67,0.19,1.41,0.39,4.14,0.00,802
68.439,16.67,0.20,1.42,0.43,4.14,0.00,800
68.456,16.67,0.20,1.42,0.42,4.13,0.00,801
68.473,16.67,0.19,1.42,0.40,4.13,0.00,801
68.489,16.68,0.17,1.43,0.40,4.15,0.00,798
68.506,16.66,0.19,1.43,0.38,4.15,0.00,799
68.523,16.67,0.18,1.45,0.42,4.15,0.00,797
68.539,16.66,0.19,1.44,0.41,4.14,0.00,794
68.556,16.68,0.19,1.44,0.39,4.13,0.00,790
68.573,16.66,0.18,1.44,0.39,4.14,0.00,788
68.589,16.67,0.19,1.44,0.39,4.12,0.00,784
68.606,16.67,0.19,1.45,0.41,4.09,0.00,785
68.623,16.69,0.20,1.46,0.43,4.12,0.00,780
68.639,16.64,0.19,1.44,0.41,3.11,0.00,780
68.656,16.67,0.19,1.44,0.41,3.10,0.00,779
68.673,16.70,0.19,1.46,0.45,3.10,0.00,778
68.689,16.63,0.19,1.45,0.42,3.10,0.00,776
68.706,16.68,0.20,1.47,0.46,3.09,0.00,776
68.723,16.66,0.18,1.45,0.39,3.11,0.00,775
68.739,16.67,0.18,1.44,0.40,3.12,0.00,773
68.756,16.67,0.18,1.44,0.38,3.11,0.00,772
68.773,16.67,0.18,1.46,0.41,3.10,0.00,771
68.789,16.67,0.18,1.45,0.38,3.10,0.00,773
68.806,16.66,0.18,1.45,0.40,3.12,0.00,770
68.823,16.67,0.18,1.43,0.40,3.12,0.00,768
68.839,16.67,0.18,1.45,0.44,3.11,0.00,766
68.856,16.67,0.17,1.42,0.40,3.09,0.00,765
68.873,16.67,0.17,1.43,0.40,3.10,0.00,764
68.889,16.68,0.19,1.55,0.41,3.10,0.00,774
68.906,16.66,0.17,1.48,0.39,3.10,0.00,773
68.923,16.67,0.18,1.48,0.38,3.10,0.00,771
68.939,16.66,0.18,1.49,0.41,3.11,0.00,773
68.956,16.69,0.18,1.48,0.43,3.11,0.00,773
68.973,16.65,0.18,1.48,0.40,3.11,0.00,770
68.989,16.68,0.18,1.47,0.42,3.11,0.00,771
69.006,16.67,0.17,1.48,0.39,3.15,0.00,770
69.023,16.75,0.17,1.46,0.39,3.13,0.00,769
69.039,16.61,0.17,1.47,0.45,3.13,0.00,767
69.056,16.65,0.20,1.50,0.44,3.12,0.00,769
69.073,16.66,0.17,1.46,0.40,3.12,0.00,767
69.089,16.67,0.18,1.25,0.41,3.12,0.00,762
69.106,16.67,0.17,1.22,0.40,3.13,0.00,759
69.123,16.67,0.17,1.24,0.41,3.12,0.00,759
69.139,16.67,0.17,1.22,0.39,3.14,0.00,760
69.156,16.67,0.17,1.23,0.39,3.12,0.00,760
69.173,16.67,0.17,1.21,0.42,3.12,0.00,759
69.189,16.67,0.19,1.24,0.46,3.11,0.00,758
69.206,16.68,0.17,1.29,0.44,3.14,0.00,750
69.223,16.65,0.17,1.19,0.45,3.14,0.00,746
69.239,16.67,0.17,1.18,0.40,3.15,0.00,747
69.256,16.68,0.17,1.18,0.43,3.14,0.00,748
69.273,16.68,0.13,0.91,0.39,3.14,0.00,747
69.289,16.63,0.08,0.48,0.26,3.14,0.00,744
69.306,16.73,0.07,0.53,0.53,3.18,0.00,745
69.323,16.64,0.17,1.20,0.51,3.18,0.00,746
69.339,16.67,0.19,1.21,0.52,3.18,0.00,745
69.356,16.70,0.18,1.19,0.54,3.18,0.00,744
69.373,16.64,0.18,1.20,0.52,3.19,0.00,744
69.389,16.65,0.17,1.18,0.51,3.21,0.00,740
69.406,16.66,0.16,1.15,0.40,3.23,0.00,741
69.423,16.67,0.16,1.14,0.42,3.21,0.00,741
69.439,16.66,0.17,1.14,0.42,3.23,0.00,740
69.456,16.67,0.16,1.13,0.44,3.21,0.00,739
69.473,16.67,0.17,1.14,0.43,3.22,0.00,737
69.489,16.66,0.16,1.12,0.40,3.25,0.00,723
69.506,16.67,0.16,1.10,0.39,3.26,0.00,724
69.523,16.67,0.14,1.12,0.39,3.28,0.00,723
69.539,16.67,0.14,1.10,0.39,3.28,0.00,723
69.556,16.67,0.14,1.12,0.39,3.30,0.00,722
69.573,16.67,0.14,1.10,0.41,3.31,0.00,722
69.589,16.67,0.13,1.10,0.39,3.32,0.00,722
69.606,16.67,0.13,1.11,0.39,3.34,0.00,720
69.623,16.67,0.14,1.11,0.41,3.33,0.00,720
69.639,16.67,0.14,1.10,0.39,3.34,0.00,718
69.656,16.68,0.13,1.10,0.40,3.34,0.00,716
69.673,16.66,0.14,1.09,0.42,3.34,0.00,714
69.689,16.68,0.14,1.15,0.51,3.36,0.00,712
69.706,16.65,0.14,1.10,0.42,3.36,0.00,706
69.723,16.76,0.13,1.13,0.52,3.35,0.00,702
69.739,16.60,0.14,1.11,0.47,2.96,0.00,702
69.756,16.65,0.13,1.07,0.42,2.95,0.00,701
69.773,16.67,0.14,1.07,0.42,2.95,0.00,701
69.789,16.67,0.13,1.06,0.39,2.98,0.00,696
69.806,16.67,0.13,1.06,0.40,2.96,0.00,698
69.823,16.67,0.13,1.06,0.40,2.95,0.00,700
69.839,16.68,0.12,1.05,0.40,2.95,0.00,699
69.856,16.74,0.13,1.09,0.46,2.93,0.00,698
69.873,16.59,0.13,1.07,0.44,2.94,0.00,700
69.889,16.66,0.12,1.06,0.42,2.95,0.00,702
69.906,16.67,0.13,1.05,0.41,2.93,0.00,702
69.923,16.67,0.13,1.06,0.40,2.92,0.00,702
69.939,16.66,0.13,1.07,0.45,2.91,0.00,703
69.956,16.67,0.13,0.98,0.40,2.88,0.00,706
69.973,16.68,0.14,0.99,0.45,2.90,0.00,704
69.989,16.67,0.29,1.08,0.46,2.90,0.00,718
70.006,16.65,0.14,1.06,0.42,3.01,0.00,728
70.023,16.75,0.12,1.06,0.42,3.10,0.00,729
70.039,16.59,0.13,1.05,0.41,3.10,0.00,730
70.056,16.67,0.13,1.04,0.40,3.09,0.00,729
70.073,16.66,0.15,1.06,0.41,3.10,0.00,728
70.089,16.70,0.12,1.05,0.39,3.08,0.00,728
70.106,16.64,0.13,1.04,0.40,3.08,0.00,727
70.123,16.67,0.13,1.05,0.40,3.06,0.00,727
70.139,16.69,0.12,1.04,0.38,3.05,0.00,725
70.156,16.65,0.13,1.04,0.41,3.03,0.00,724
70.173,16.76,0.12,1.04,0.44,3.05,0.00,722
70.189,16.58,0.14,0.82,0.43,3.05,0.00,718
70.206,16.67,0.14,0.78,0.39,3.02,0.00,715
70.223,16.68,0.14,0.82,0.47,3.02,0.00,708
70.239,16.67,0.15,0.81,0.46,3.00,0.00,705
70.256,16.66,0.14,0.80,0.41,2.99,0.00,701
70.273,16.68,0.13,0.75,0.43,3.01,0.00,694
70.289,16.66,0.13,0.77,0.43,2.99,0.00,690
70.306,16.67,0.13,0.74,0.41,2.98,0.00,684
70.323,16.67,0.14,0.77,0.44,2.98,0.00,682
70.339,16.66,0.14,0.77,0.53,2.97,0.00,672
70.356,16.68,0.11,0.75,0.37,2.98,0.00,669
70.373,16.67,0.13,0.75,0.39,2.96,0.00,667
70.389,16.66,0.13,0.73,0.40,2.95,0.00,667
70.406,16.67,0.13,0.72,0.37,2.58,0.00,666
70.423,16.67,0.13,0.72,0.37,2.56,0.00,664
70.439,16.69,0.15,0.75,0.47,2.55,0.00,664
70.456,16.66,0.13,0.74,0.41,2.55,0.00,662
70.473,16.65,0.13,0.71,0.42,2.56,0.00,659
70.489,16.67,0.13,0.72,0.39,2.53,0.00,657
70.506,16.67,0.12,0.72,0.38,2.53,0.00,652
70.523,16.67,0.12,0.72,0.38,2.51,0.00,650
70.539,16.67,0.13,0.70,0.38,2.50,0.00,648
70.556,16.67,0.12,0.72,0.38,2.49,0.00,645
70.573,16.67,0.13,0.72,0.39,2.49,0.00,645
70.589,16.67,0.13,0.70,0.41,2.47,0.00,644
70.606,16.67,0.13,0.72,0.37,2.47,0.00,644
70.623,16.67,0.14,0.74,0.44,2.47,0.00,643
70.639,16.67,0.13,0.70,0.38,2.45,0.00,641
70.656,16.67,0.13,0.72,0.39,2.47,0.00,640
70.673,16.68,0.11,0.71,0.39,2.45,0.00,637
70.689,16.66,0.13,0.70,0.41,2.43,0.00,632
70.706,16.67,0.13,0.73,0.43,2.42,0.00,631
70.723,16.67,0.13,0.73,0.41,2.40,0.00,628
70.739,16.67,0.19,1.00,0.45,2.38,0.00,680
70.756,16.67,0.17,0.96,0.39,3.26,0.00,675
70.773,16.67,0.17,0.99,0.39,3.24,0.00,671
70.789,16.67,0.18,1.00,0.45,3.24,0.00,667
70.806,16.66,0.17,0.99,0.42,3.21,0.00,662
70.823,16.67,0.17,1.00,0.40,3.20,0.00,660
70.839,16.68,0.16,0.99,0.39,3.18,0.00,651
70.856,16.66,0.17,0.90,0.40,3.18,0.00,635
70.873,16.68,0.19,0.96,0.51,3.16,0.00,635
70.889,16.66,0.19,1.05,0.46,3.18,0.00,633
70.906,16.66,0.18,0.95,0.43,3.17,0.00,631
70.923,16.69,0.16,0.94,0.39,3.17,0.00,630
70.940,16.74,0.17,1.00,0.45,3.21,0.00,631
70.956,16.58,0.18,0.93,0.41,3.19,0.00,628
70.973,16.66,0.15,0.94,0.44,3.18,0.00,627
70.989,16.68,0.15,0.90,0.45,3.18,0.00,624
71.006,16.67,0.14,0.92,0.40,3.17,0.00,622
71.023,16.76,0.14,0.95,0.43,3.15,0.00,625
71.039,16.58,0.15,0.94,0.41,3.23,0.00,623
71.056,16.67,0.14,0.92,0.41,3.21,0.00,625
71.073,16.67,0.14,0.94,0.42,3.22,0.00,656
71.089,16.67,0.14,0.92,0.41,3.24,0.00,650
71.106,16.68,0.13,0.91,0.38,3.24,0.00,651
71.123,16.66,0.15,0.94,0.40,3.23,0.00,655
71.139,16.68,0.13,0.93,0.42,3.24,0.00,653
71.156,16.65,0.15,0.93,0.43,2.66,0.00,652
71.173,16.67,0.14,0.94,0.44,2.65,0.00,648
71.190,16.85,0.15,0.93,0.45,2.64,0.00,646
71.206,16.48,0.14,0.95,0.44,2.65,0.00,646
71.223,16.69,0.14,0.93,0.46,2.63,0.00,647
71.239,16.66,0.14,0.94,0.46,2.65,0.00,643
71.256,16.69,0.13,0.95,0.50,2.64,0.00,644
71.273,16.65,0.15,0.93,0.47,2.63,0.00,641
71.289,16.66,0.13,0.91,0.39,2.64,0.00,640
71.306,16.68,0.14,0.91,0.39,2.63,0.00,643
71.323,16.66,0.14,0.88,0.37,2.66,0.00,642
71.339,16.67,0.14,0.90,0.41,2.66,0.00,639
71.356,16.67,0.14,0.90,0.38,2.65,0.00,638
71.373,16.68,0.13,0.93,0.42,2.66,0.00,639
71.389,16.66,0.14,0.89,0.40,2.66,0.00,639
71.406,16.67,0.13,0.88,0.40,2.65,0.00,640
71.423,16.67,0.14,0.89,0.40,2.67,0.00,639
71.439,16.67,0.13,0.92,0.39,2.68,0.00,639
71.456,16.67,0.15,0.92,0.49,2.65,0.00,640
71.473,16.67,0.14,0.90,0.41,2.67,0.00,639
71.489,16.67,0.13,0.88,0.41,2.66,0.00,639
71.506,16.66,0.13,0.90,0.39,2.66,0.00,642
71.523,16.68,0.12,0.90,0.40,2.69,0.00,643
71.539,16.66,0.13,0.87,0.38,2.69,0.00,643
71.556,16.69,0.13,0.89,0.39,2.69,0.00,645
71.573,16.64,0.13,0.89,0.39,2.68,0.00,645
71.589,16.68,0.12,0.88,0.37,2.67,0.00,644
71.606,16.66,0.13,0.87,0.37,2.67,0.00,644
71.623,16.75,0.13,0.91,0.44,2.70,0.00,644
71.640,16.60,0.12,0.90,0.39,2.69,0.00,645
71.656,16.65,0.13,0.87,0.37,2.68,0.00,645
71.673,16.67,0.13,0.90,0.38,2.68,0.00,647
71.689,16.67,0.13,0.88,0.36,2.67,0.00,647
71.706,16.67,0.14,0.89,0.42,2.65,0.00,649
71.723,16.67,0.14,0.86,0.40,2.68,0.00,646
71.740,16.66,0.13,0.89,0.38,2.67,0.00,649
71.756,16.67,0.13,0.88,0.38,2.66,0.00,648
71.773,16.67,0.13,0.88,0.42,2.65,0.00,649
71.790,16.66,0.14,0.88,0.45,2.65,0.00,650
71.806,16.67,0.13,0.88,0.42,2.66,0.00,651
71.823,16.67,0.14,0.88,0.46,2.64,0.00,652
71.840,16.66,0.13,0.87,0.38,2.65,0.00,653
71.856,16.68,0.13,0.88,0.38,2.64,0.00,653
71.873,16.67,0.14,0.86,0.39,2.64,0.00,653
71.890,16.68,0.12,0.87,0.39,2.62,0.00,654
71.906,16.65,0.13,0.88,0.37,2.65,0.00,653
71.923,16.69,0.12,0.87,0.39,2.65,0.00,653
71.940,16.65,0.13,0.87,0.39,2.63,0.00,651
71.956,16.67,0.13,0.81,0.40,2.61,0.00,650
71.973,16.67,0.13,0.84,0.48,2.61,0.00,650
71.990,16.66,0.27,0.91,0.42,2.60,0.00,666
72.006,16.67,0.13,0.90,0.40,2.81,0.00,673
72.023,16.75,0.13,0.92,0.44,2.87,0.00,673
72.040,16.60,0.13,0.91,0.42,2.86,0.00,675
72.056,16.65,0.13,0.89,0.38,2.84,0.00,672
72.073,16.68,0.13,0.89,0.40,2.84,0.00,672
72.090,16.75,0.14,0.92,0.50,2.83,0.00,671
72.106,16.59,0.16,0.94,0.51,2.84,0.00,672
72.123,16.65,0.13,0.89,0.41,2.82,0.00,673
72.140,16.67,0.13,0.91,0.41,2.80,0.00,668
72.156,16.67,0.13,0.90,0.39,2.78,0.00,666
72.173,16.68,0.12,0.89,0.39,2.77,0.00,665
72.190,16.70,0.12,0.90,0.41,2.75,0.00,661
72.206,16.62,0.14,0.93,0.45,2.74,0.00,653
72.223,16.66,0.15,0.96,0.43,2.73,0.00,648
72.240,16.67,0.13,0.89,0.40,2.71,0.00,642
72.256,16.68,0.12,0.86,0.38,2.38,0.00,641
72.273,16.65,0.13,0.86,0.40,2.37,0.00,640
72.290,16.69,0.12,0.88,0.43,2.38,0.00,636
72.306,16.67,0.13,0.89,0.46,2.36,0.00,636
72.323,16.66,0.12,0.85,0.40,2.35,0.00,636
72.340,16.66,0.13,0.86,0.39,2.35,0.00,634
72.356,16.67,0.13,0.87,0.39,2.34,0.00,632
72.373,16.71,0.19,1.20,0.46,2.33,0.00,684
72.390,16.64,0.17,1.21,0.52,3.25,0.00,683
72.406,16.73,0.14,0.89,0.51,3.22,0.00,684
72.423,16.60,0.18,1.21,0.46,3.22,0.00,683
72.440,16.66,0.19,1.18,0.41,3.22,0.00,681
72.456,16.69,0.18,1.23,0.45,3.23,0.00,679
72.473,16.66,0.20,1.24,0.48,3.21,0.00,680
72.490,16.66,0.20,1.22,0.45,3.22,0.00,677
72.506,16.67,0.18,1.20,0.40,3.22,0.00,676
72.523,16.68,0.17,1.21,0.39,3.21,0.00,671
72.540,16.66,0.18,1.23,0.40,3.21,0.00,670
72.556,16.67,0.19,1.22,0.40,3.19,0.00,668
72.573,16.67,0.18,1.21,0.39,3.22,0.00,667
72.590,16.67,0.18,1.21,0.39,3.22,0.00,667
72.606,16.67,0.18,1.20,0.40,3.21,0.00,664
72.623,16.67,0.18,1.21,0.40,3.20,0.00,662
72.640,16.67,0.15,1.22,0.40,3.20,0.00,657
72.656,16.70,0.14,1.23,0.40,3.19,0.00,656
72.673,16.66,0.14,1.24,0.38,3.21,0.00,655
72.690,16.68,0.15,1.23,0.38,3.21,0.00,651
72.706,16.68,0.14,1.00,0.43,3.19,0.00,648
72.723,16.63,0.15,0.98,0.40,3.18,0.00,646
72.740,16.67,0.15,1.02,0.43,3.18,0.00,644
72.756,16.67,0.14,0.99,0.39,3.26,0.00,641
72.773,16.67,0.14,1.01,0.41,3.26,0.00,641
72.790,16.68,0.13,0.99,0.40,3.13,0.00,680
72.806,16.66,0.14,1.02,0.39,2.72,0.00,681
72.823,16.67,0.16,1.03,0.45,2.74,0.00,681
72.840,16.67,0.16,1.04,0.47,2.72,0.00,680
72.856,16.66,0.14,0.99,0.40,2.74,0.00,681
72.873,16.66,0.14,1.03,0.42,2.74,0.00,680
72.890,16.70,0.13,1.04,0.46,2.75,0.00,682
72.906,16.64,0.14,1.03,0.51,2.74,0.00,684
72.923,16.67,0.15,1.01,0.47,2.74,0.00,685
72.940,16.66,0.14,1.02,0.43,2.80,0.00,678
72.956,16.67,0.14,1.04,0.46,2.79,0.00,679
72.973,16.67,0.14,1.02,0.46,2.79,0.00,679
72.990,16.68,0.15,1.05,0.50,2.81,0.00,680
73.006,16.69,0.15,1.03,0.47,2.80,0.00,681
73.023,16.64,0.14,0.98,0.40,2.80,0.00,681
73.040,16.67,0.14,1.00,0.39,2.84,0.00,681
73.056,16.67,0.13,0.99,0.40,2.85,0.00,679
73.073,16.66,0.14,1.00,0.41,2.85,0.00,682
73.090,16.67,0.13,1.00,0.38,2.85,0.00,682
73.106,16.67,0.14,1.00,0.43,2.84,0.00,685
73.123,16.67,0.14,0.99,0.44,2.87,0.00,686
73.140,16.67,0.14,1.00,0.43,2.88,0.00,688
73.156,16.70,0.13,1.00,0.43,2.89,0.00,686
73.173,16.73,0.13,1.03,0.53,2.87,0.00,687
73.190,16.57,0.13,0.98,0.44,2.88,0.00,687
73.206,16.66,0.14,1.01,0.46,2.89,0.00,689
73.223,16.67,0.14,0.98,0.44,2.93,0.00,686
73.240,16.66,0.14,1.00,0.46,2.92,0.00,683
73.256,16.67,0.14,0.97,0.44,2.92,0.00,683
73.273,16.67,0.14,0.99,0.42,2.92,0.00,681
73.290,16.67,0.14,0.97,0.38,2.92,0.00,682
73.306,16.70,0.12,0.98,0.40,2.97,0.00,679
73.323,16.65,0.14,1.01,0.47,2.96,0.00,679
73.340,16.67,0.15,1.03,0.48,2.95,0.00,681
73.356,16.66,0.14,1.00,0.41,2.94,0.00,680
73.373,16.67,0.13,0.99,0.41,2.93,0.00,680
73.390,16.67,0.14,0.98,0.40,2.93,0.00,680
73.406,16.67,0.14,0.98,0.40,2.96,0.00,680
73.423,16.67,0.13,0.98,0.43,2.94,0.00,679
73.440,16.67,0.13,0.96,0.39,2.94,0.00,681
73.456,16.68,0.15,1.00,0.45,2.92,0.00,681
73.473,16.66,0.13,0.96,0.40,2.90,0.00,681
73.490,16.69,0.13,1.01,0.53,2.93,0.00,682
73.506,16.64,0.13,1.00,0.43,2.92,0.00,682
73.523,16.67,0.13,0.97,0.40,2.90,0.00,681
73.540,16.68,0.12,0.97,0.41,2.89,0.00,680
73.556,16.66,0.13,0.96,0.40,2.88,0.00,681
73.573,16.68,0.12,0.97,0.39,2.86,0.00,680
73.590,16.66,0.13,0.95,0.40,2.89,0.00,680
73.606,16.67,0.13,0.97,0.40,2.87,0.00,679
73.623,16.67,0.13,0.96,0.43,2.85,0.00,679
73.640,16.67,0.13,0.97,0.39,2.84,0.00,676
73.656,16.67,0.14,0.98,0.44,2.83,0.00,675
73.673,16.67,0.12,0.96,0.40,2.85,0.00,673
73.690,16.67,0.13,0.94,0.40,2.83,0.00,672
73.706,16.68,0.13,0.99,0.44,2.82,0.00,671
73.723,16.66,0.14,0.98,0.43,2.82,0.00,670
73.740,16.67,0.14,0.98,0.44,2.79,0.00,668
73.756,16.68,0.13,0.96,0.41,2.78,0.00,668
73.773,16.66,0.13,0.97,0.40,2.81,0.00,664
73.790,16.67,0.13,0.95,0.40,2.79,0.00,660
73.806,16.68,0.12,0.96,0.41,2.76,0.00,654
73.823,16.66,0.12,0.94,0.40,2.75,0.00,651
73.840,16.66,0.13,0.97,0.43,2.72,0.00,650
73.856,16.68,0.14,0.97,0.46,2.69,0.00,648
73.873,16.66,0.12,0.93,0.42,2.73,0.00,646
73.890,16.67,0.13,0.92,0.38,2.37,0.00,645
73.906,16.67,0.12,0.92,0.38,2.39,0.00,645
73.923,16.67,0.13,0.91,0.43,2.37,0.00,645
73.940,16.67,0.13,0.92,0.38,2.35,0.00,644
73.956,16.67,0.13,0.86,0.44,2.37,0.00,643
73.973,16.67,0.13,0.84,0.42,2.37,0.00,643
73.990,16.65,0.27,0.94,0.42,2.36,0.00,655
74.006,16.68,0.14,0.96,0.48,2.45,0.00,657
74.023,16.75,0.13,0.97,0.43,2.50,0.00,654
74.040,16.59,0.12,0.95,0.41,2.50,0.00,653
74.056,16.66,0.13,0.93,0.41,2.51,0.00,651
74.073,16.67,0.13,0.94,0.40,2.48,0.00,648
74.090,16.67,0.13,0.94,0.40,2.47,0.00,646
74.106,16.66,0.13,0.95,0.39,2.47,0.00,643
74.123,16.68,0.12,0.93,0.39,2.47,0.00,640
74.140,16.65,0.13,0.95,0.39,2.47,0.00,639
74.156,16.70,0.12,0.92,0.39,2.48,0.00,637
74.173,16.64,0.13,0.94,0.38,2.47,0.00,634
74.190,16.71,0.12,0.92,0.39,2.47,0.00,632
74.206,16.63,0.13,0.96,0.44,2.46,0.00,627
74.223,16.66,0.17,1.25,0.40,2.45,0.00,679
74.240,16.66,0.16,1.25,0.44,3.33,0.00,678
74.256,16.67,0.15,1.25,0.40,3.32,0.00,676
74.273,16.68,0.16,1.24,0.40,3.31,0.00,674
74.290,16.68,0.15,1.25,0.39,3.30,0.00,669
74.306,16.67,0.16,1.29,0.40,3.28,0.00,665
74.323,16.69,0.15,1.28,0.39,3.26,0.00,659
74.340,16.64,0.16,1.02,0.44,3.27,0.00,629
74.356,16.66,0.16,1.02,0.44,3.24,0.00,627
74.373,16.67,0.15,1.01,0.41,3.25,0.00,625
74.390,16.67,0.15,1.02,0.40,3.25,0.00,623
74.406,16.67,0.15,1.04,0.40,3.26,0.00,622
74.423,16.68,0.14,1.02,0.39,3.29,0.00,621
74.440,16.66,0.15,1.02,0.42,3.28,0.00,622
74.456,16.67,0.16,1.04,0.44,3.28,0.00,620
74.473,16.67,0.15,1.05,0.43,3.27,0.00,618
74.490,16.67,0.17,1.08,0.46,3.27,0.00,620
74.506,16.66,0.15,1.05,0.41,3.28,0.00,618
74.523,16.67,0.17,1.07,0.50,3.29,0.00,623
74.540,16.65,0.15,1.05,0.41,3.28,0.00,622
74.556,16.68,0.15,1.06,0.46,3.28,0.00,622
74.573,16.67,0.14,1.05,0.40,3.29,0.00,624
74.590,16.67,0.15,1.06,0.39,3.29,0.00,628
74.606,16.67,0.14,1.04,0.39,3.33,0.00,629
74.623,16.69,0.15,1.05,0.41,3.32,0.00,633
74.640,16.65,0.14,1.05,0.39,2.76,0.00,634
74.656,16.67,0.14,1.05,0.39,2.76,0.00,631
74.673,16.66,0.14,1.09,0.43,2.76,0.00,636
74.690,16.67,0.14,1.06,0.41,2.80,0.00,640
74.706,16.66,0.14,1.06,0.42,2.80,0.00,643
74.723,16.67,0.14,1.05,0.39,2.81,0.00,649
74.740,16.70,0.13,1.07,0.44,2.82,0.00,649
74.756,16.64,0.13,1.03,0.39,2.83,0.00,650
74.773,16.67,0.15,1.12,0.46,2.83,0.00,653
74.790,16.67,0.14,1.05,0.41,2.87,0.00,657
74.806,16.67,0.14,1.05,0.41,2.88,0.00,656
74.823,16.68,0.12,1.04,0.40,2.89,0.00,659
74.840,16.67,0.12,1.06,0.37,2.89,0.00,661
74.856,16.67,0.16,1.06,0.43,2.89,0.00,663
74.873,16.67,0.13,1.07,0.49,2.93,0.00,663
74.890,16.66,0.15,1.05,0.43,2.93,0.00,663
74.906,16.66,0.13,1.04,0.39,2.94,0.00,664
74.923,16.67,0.13,1.03,0.39,2.95,0.00,663
74.940,16.67,0.13,1.04,0.39,2.95,0.00,664
74.956,16.67,0.14,1.06,0.44,2.96,0.00,666
74.973,16.67,0.14,1.05,0.39,2.99,0.00,668
74.990,16.67,0.15,1.05,0.44,3.00,0.00,666
75.006,16.67,0.13,1.04,0.41,3.01,0.00,666
75.023,16.75,0.14,1.06,0.47,3.01,0.00,668
75.040,16.59,0.14,1.07,0.44,3.01,0.00,672
75.056,16.67,0.14,1.03,0.40,3.04,0.00,673
75.073,16.67,0.13,1.02,0.40,3.06,0.00,675
75.090,16.67,0.13,1.02,0.40,3.05,0.00,675
75.106,16.67,0.13,1.02,0.39,3.04,0.00,674
75.123,16.68,0.13,1.02,0.42,3.06,0.00,673
75.140,16.66,0.12,1.02,0.40,3.03,0.00,673
75.156,16.67,0.13,1.01,0.39,3.05,0.00,673
75.173,16.68,0.13,1.03,0.39,3.06,0.00,672
75.190,16.71,0.12,1.02,0.44,3.05,0.00,673
75.206,16.64,0.14,1.02,0.44,3.04,0.00,674
75.223,16.65,0.13,1.01,0.40,3.03,0.00,675
75.240,16.67,0.17,1.06,0.46,3.05,0.00,676
75.256,16.66,0.13,1.01,0.40,3.04,0.00,675
75.273,16.69,0.12,1.01,0.41,3.03,0.00,675
75.290,16.67,0.12,1.01,0.41,3.01,0.00,674
75.307,16.67,0.12,1.01,0.39,3.00,0.00,674
75.323,16.68,0.14,1.01,0.45,2.98,0.00,676
75.340,16.65,0.12,1.02,0.43,3.05,0.00,675
75.356,16.65,0.13,1.03,0.44,3.03,0.00,673
75.373,16.67,0.12,1.00,0.43,3.05,0.00,670
75.390,16.67,0.13,0.99,0.41,3.04,0.00,670
75.406,16.67,0.13,1.02,0.45,3.03,0.00,674
75.423,16.66,0.13,0.98,0.40,2.99,0.00,672
75.440,16.67,0.12,1.00,0.40,2.98,0.00,672
75.456,16.67,0.13,0.99,0.43,2.97,0.00,669
75.473,16.66,0.13,0.99,0.39,2.95,0.00,669
75.490,16.67,0.13,0.99,0.44,2.94,0.00,669
75.507,16.73,0.10,0.75,0.34,2.93,0.00,670
75.523,16.67,0.09,0.72,0.32,2.95,0.00,671
75.540,16.61,0.13,1.01,0.42,2.94,0.00,670
75.556,16.67,0.13,0.98,0.39,2.92,0.00,666
75.573,16.67,0.13,0.98,0.40,2.91,0.00,666
75.590,16.67,0.13,0.98,0.39,2.90,0.00,667
75.607,16.68,0.12,0.99,0.40,2.89,0.00,667
75.623,16.66,0.12,0.97,0.40,2.91,0.00,665
75.640,16.67,0.13,0.98,0.39,2.91,0.00,663
75.657,16.67,0.13,0.97,0.38,2.90,0.00,660
75.673,16.67,0.12,0.97,0.42,2.89,0.00,659
75.690,16.67,0.13,0.96,0.39,2.86,0.00,658
75.707,16.70,0.11,0.99,0.44,2.89,0.00,655
75.723,16.69,0.08,0.69,0.31,2.87,0.00,652
75.740,16.67,0.08,0.68,0.30,2.54,0.00,650
75.757,16.61,0.13,0.96,0.44,2.52,0.00,647
75.773,16.67,0.12,0.96,0.43,2.53,0.00,647
75.790,16.67,0.12,0.94,0.40,2.52,0.00,648
75.807,16.68,0.13,0.95,0.43,2.54,0.00,648
75.823,16.65,0.12,0.93,0.40,2.52,0.00,645
75.840,16.68,0.12,0.94,0.39,2.52,0.00,646
75.857,16.67,0.12,0.93,0.38,2.51,0.00,646
75.873,16.67,0.13,0.95,0.42,2.50,0.00,648
75.890,16.67,0.13,0.95,0.45,2.52,0.00,646
75.907,16.68,0.15,0.98,0.50,2.52,0.00,645
75.923,16.66,0.12,0.95,0.41,2.51,0.00,643
75.940,16.67,0.12,0.96,0.40,2.51,0.00,644
75.957,16.68,0.12,0.96,0.45,2.49,0.00,645
75.973,16.65,0.13,0.85,0.42,2.48,0.00,645
75.990,16.67,0.24,0.93,0.43,2.52,0.00,659
76.007,16.68,0.14,0.96,0.49,2.66,0.00,666
76.023,16.73,0.11,0.95,0.41,2.78,0.00,665
76.040,16.61,0.13,0.96,0.47,2.77,0.00,665
76.057,16.66,0.14,0.93,0.40,2.76,0.00,664
76.073,16.66,0.13,0.94,0.41,2.78,0.00,662
76.090,16.67,0.13,0.92,0.38,2.76,0.00,658
76.107,16.67,0.12,0.93,0.39,2.75,0.00,653
76.123,16.66,0.12,0.93,0.39,2.72,0.00,648
76.140,16.68,0.13,0.93,0.38,2.70,0.00,647
76.157,16.67,0.13,0.93,0.40,2.69,0.00,646
76.173,16.67,0.12,0.91,0.39,2.70,0.00,643
76.190,16.71,0.11,0.67,0.39,2.68,0.00,622
76.207,16.63,0.13,0.70,0.41,2.64,0.00,619
76.223,16.68,0.14,0.69,0.45,2.60,0.00,618
76.240,16.66,0.13,0.69,0.43,2.61,0.00,615
76.257,16.66,0.13,0.67,0.44,2.63,0.00,613
76.273,16.68,0.13,0.69,0.39,2.60,0.00,614
76.290,16.77,0.10,0.53,0.36,2.59,0.00,610
76.307,16.57,0.13,0.70,0.43,2.56,0.00,606
76.323,16.66,0.12,0.66,0.39,2.55,0.00,605
76.340,16.66,0.13,0.68,0.41,2.53,0.00,603
76.357,16.67,0.12,0.67,0.39,2.54,0.00,602
76.373,16.69,0.11,0.67,0.40,2.53,0.00,603
76.390,16.65,0.12,0.68,0.39,2.52,0.00,601
76.407,16.68,0.13,0.70,0.43,2.48,0.00,598
76.423,16.65,0.12,0.67,0.40,2.48,0.00,598
76.440,16.67,0.12,0.68,0.38,2.48,0.00,594
76.457,16.68,0.12,0.67,0.39,2.48,0.00,591
76.473,16.66,0.12,0.70,0.44,2.44,0.00,578
76.490,16.72,0.12,0.68,0.45,2.42,0.00,576
76.507,16.61,0.13,0.68,0.46,2.40,0.00,577
76.523,16.66,0.12,0.66,0.40,2.37,0.00,577
76.540,16.68,0.12,0.71,0.48,2.38,0.00,575
76.557,16.66,0.13,0.69,0.42,2.36,0.00,573
76.573,16.67,0.12,0.68,0.40,2.36,0.00,571
76.590,16.67,0.12,0.66,0.39,2.34,0.00,570
76.607,16.67,0.12,0.66,0.38,2.34,0.00,568
76.623,16.76,0.12,0.68,0.49,2.34,0.00,566
76.640,16.59,0.14,0.69,0.50,2.35,0.00,564
76.657,16.67,0.12,0.67,0.43,2.34,0.00,562
76.673,16.66,0.12,0.67,0.40,2.32,0.00,560
76.690,16.68,0.11,0.65,0.40,2.32,0.00,559
76.707,16.67,0.11,0.65,0.39,2.32,0.00,556
76.723,16.65,0.12,0.67,0.40,2.34,0.00,555
76.740,16.70,0.11,0.65,0.40,2.32,0.00,554
76.757,16.64,0.13,0.66,0.43,2.32,0.00,551
76.773,16.66,0.12,0.67,0.41,2.32,0.00,550
76.790,16.67,0.15,0.89,0.37,2.31,0.00,608
76.807,16.68,0.12,0.90,0.38,3.25,0.00,602
76.823,16.66,0.15,0.90,0.40,3.25,0.00,601
76.840,16.68,0.12,0.88,0.38,3.24,0.00,594
76.857,16.66,0.14,0.88,0.37,3.23,0.00,588
76.873,16.67,0.14,0.90,0.40,3.21,0.00,582
76.890,16.68,0.13,0.90,0.38,3.20,0.00,580
76.907,16.78,0.13,0.89,0.42,3.30,0.00,575
76.923,16.56,0.15,0.91,0.45,3.30,0.00,568
76.940,16.68,0.15,0.92,0.49,3.30,0.00,596
76.957,16.65,0.15,0.92,0.52,3.32,0.00,589
76.973,16.67,0.16,0.94,0.49,3.32,0.00,590
76.990,16.67,0.15,0.93,0.49,3.29,0.00,585
77.007,16.70,0.15,0.93,0.50,3.27,0.00,583
77.023,16.70,0.13,0.94,0.48,3.25,0.00,578
77.040,16.60,0.15,0.94,0.50,3.23,0.00,575
77.057,16.69,0.14,0.93,0.51,3.21,0.00,569
77.073,16.65,0.16,0.94,0.51,3.20,0.00,561
77.090,16.67,0.14,0.92,0.49,3.19,0.00,556
77.107,16.67,0.13,0.96,0.48,3.17,0.00,548
77.123,16.66,0.13,0.92,0.48,3.15,0.00,540
77.140,16.67,0.12,0.90,0.50,3.11,0.00,527
77.157,16.69,0.14,0.91,0.46,3.07,0.00,515
77.173,16.64,0.14,0.91,0.46,3.05,0.00,477
77.190,16.69,0.13,0.89,0.45,3.01,0.00,336
77.207,16.65,0.13,0.88,0.48,2.20,0.00,334
77.223,16.70,0.15,0.90,0.48,2.19,0.00,334
77.240,16.68,0.14,0.92,0.50,2.20,0.00,333
77.257,16.62,0.15,0.90,0.46,2.18,0.00,334
77.273,16.66,0.13,0.90,0.43,2.21,0.00,333
77.290,16.68,0.15,0.91,0.49,2.19,0.00,331
77.307,16.66,0.14,0.91,0.47,2.20,0.00,330
77.323,16.66,0.11,0.67,0.40,2.18,0.00,330
77.340,16.71,0.14,0.90,0.45,2.17,0.00,329
77.357,16.67,0.14,0.89,0.47,2.21,0.00,329
77.373,16.64,0.13,0.88,0.48,2.19,0.00,329
77.390,16.66,0.13,0.88,0.46,2.18,0.00,328
77.407,16.70,0.13,0.96,0.51,2.17,0.00,328
77.423,16.67,0.15,0.91,0.49,2.16,0.00,327
77.440,16.70,0.13,0.90,0.49,2.17,0.00,327
77.457,16.67,0.13,0.90,0.48,2.18,0.00,326
77.473,16.61,0.14,0.92,0.55,2.18,0.00,322
77.490,16.69,0.13,0.88,0.50,2.17,0.00,322
77.507,16.64,0.12,0.90,0.47,2.17,0.00,322
77.523,16.67,0.14,0.90,0.46,2.17,0.00,322
77.540,16.66,0.14,0.92,0.52,2.17,0.00,323
77.557,16.67,0.14,0.88,0.45,2.19,0.00,323
77.573,16.67,0.13,0.91,0.48,2.18,0.00,322
77.590,16.66,0.13,0.88,0.50,2.19,0.00,321
77.607,16.66,0.13,0.89,0.46,2.19,0.00,321
77.623,16.68,0.14,0.97,0.51,2.17,0.00,322
77.640,16.66,0.13,0.91,0.46,2.22,0.00,322
77.657,16.71,0.12,0.89,0.47,2.22,0.00,321
77.673,16.66,0.15,0.89,0.49,2.20,0.00,321
77.690,16.64,0.13,0.88,0.43,2.22,0.00,321
77.707,16.67,0.13,0.91,0.51,2.22,0.00,319
77.723,16.77,0.09,0.76,0.50,2.22,0.00,318
77.740,16.59,0.12,0.90,0.56,2.25,0.00,317
77.757,16.65,0.14,0.89,0.49,2.24,0.00,316
77.773,16.65,0.13,0.87,0.45,2.25,0.00,316
77.790,16.68,0.14,0.91,0.52,2.26,0.00,316
77.807,16.66,0.14,0.88,0.48,2.23,0.00,317
77.823,16.68,0.13,0.88,0.47,2.27,0.00,317
77.840,16.66,0.14,0.93,0.47,2.28,0.00,315
77.857,16.65,0.12,0.95,0.48,2.25,0.00,315
77.873,16.67,0.14,0.89,0.47,2.24,0.00,315
77.890,16.66,0.12,0.87,0.40,2.24,0.00,315
77.907,16.66,0.13,0.87,0.39,2.25,0.00,316
77.923,16.75,0.11,0.88,0.43,2.26,0.00,315
77.940,16.59,0.13,0.87,0.39,2.27,0.00,313
77.957,16.67,0.12,0.79,0.37,2.25,0.00,312
77.973,16.67,0.11,0.82,0.44,2.26,0.00,312
77.990,16.75,0.24,0.91,0.42,2.21,0.00,326
78.007,16.59,0.14,0.92,0.47,2.35,0.00,332
78.023,16.66,0.13,0.90,0.39,2.43,0.00,331
78.040,16.67,0.13,0.90,0.38,2.41,0.00,330
78.057,16.66,0.13,0.91,0.39,2.40,0.00,329
78.073,16.67,0.13,0.91,0.39,2.37,0.00,329
78.090,16.77,0.13,0.93,0.42,2.36,0.00,328
78.107,16.58,0.13,0.93,0.46,2.35,0.00,328
78.123,16.66,0.14,0.91,0.45,2.34,0.00,327
78.140,16.68,0.12,0.92,0.49,2.33,0.00,327
78.157,16.67,0.14,0.93,0.47,2.31,0.00,327
78.173,16.66,0.14,0.92,0.42,2.30,0.00,326
78.190,16.66,0.12,0.90,0.40,2.31,0.00,325
78.207,16.68,0.12,0.92,0.42,2.32,0.00,325
78.223,16.66,0.13,0.92,0.43,2.30,0.00,323
78.240,16.68,0.11,1.06,0.45,2.29,0.00,323
78.257,16.66,0.13,0.92,0.41,2.28,0.00,323
78.273,16.66,0.14,0.93,0.42,2.25,0.00,323
78.290,16.67,0.13,0.87,0.41,2.31,0.00,322
78.307,16.67,0.13,0.88,0.41,2.03,0.00,321
78.323,16.68,0.11,0.88,0.39,1.99,0.00,321
78.340,16.64,0.11,0.49,0.30,2.01,0.00,321
78.357,16.68,0.13,0.90,0.40,2.01,0.00,320
78.373,16.67,0.12,0.89,0.38,2.02,0.00,320
78.390,16.67,0.12,0.87,0.38,2.01,0.00,320
78.407,16.67,0.13,0.87,0.40,1.99,0.00,319
78.423,16.67,0.12,0.86,0.37,2.02,0.00,319
78.440,16.67,0.12,0.87,0.36,1.97,0.00,318
78.457,16.76,0.11,0.88,0.40,1.97,0.00,316
78.473,16.57,0.13,0.89,0.42,1.99,0.00,316
78.490,16.67,0.13,0.86,0.38,2.03,0.00,315
78.507,16.67,0.13,0.88,0.40,2.01,0.00,315
78.523,16.68,0.11,0.85,0.37,2.02,0.00,315
78.540,16.68,0.12,0.89,0.46,2.02,0.00,315
78.557,16.65,0.13,0.89,0.46,2.02,0.00,315
78.573,16.67,0.12,0.86,0.40,2.03,0.00,314
78.590,16.68,0.11,0.85,0.36,2.04,0.00,312
78.607,16.66,0.13,0.86,0.45,2.00,0.00,311
78.623,16.67,0.13,0.91,0.44,2.01,0.00,316
78.640,16.67,0.13,0.89,0.38,2.04,0.00,417
78.657,16.66,0.12,0.88,0.39,2.16,0.00,427
78.673,16.67,0.13,0.89,0.38,2.18,0.00,446
78.690,16.67,0.13,0.89,0.37,2.21,0.00,445
78.707,16.68,0.11,0.90,0.36,2.22,0.00,443
78.723,16.65,0.16,1.21,0.42,2.23,0.00,398
78.740,16.68,0.13,1.20,0.39,2.88,0.00,484
78.757,16.66,0.15,1.07,0.45,3.07,0.00,506
78.773,16.67,0.14,1.01,0.43,3.09,0.00,513
78.790,16.67,0.14,0.99,0.41,3.12,0.00,525
78.807,16.67,0.15,1.03,0.40,3.14,0.00,534
78.823,16.67,0.15,1.02,0.39,3.16,0.00,538
78.840,16.67,0.14,1.02,0.40,3.18,0.00,545
78.857,16.67,0.14,1.02,0.39,3.19,0.00,555
78.873,16.67,0.15,1.05,0.41,3.21,0.00,565
78.890,16.67,0.14,1.04,0.39,3.23,0.00,570
78.907,16.67,0.14,1.05,0.40,3.24,0.00,579
78.923,16.67,0.14,1.04,0.39,3.28,0.00,583
78.940,16.67,0.14,1.05,0.39,3.29,0.00,592
78.957,16.67,0.14,1.03,0.40,3.30,0.00,596
78.973,16.67,0.14,1.07,0.44,3.31,0.00,598
78.990,16.66,0.13,1.04,0.42,3.31,0.00,602
79.007,16.68,0.13,1.07,0.43,3.35,0.00,607
79.024,16.73,0.13,1.06,0.41,3.35,0.00,614
79.040,16.63,0.13,1.05,0.42,3.36,0.00,615
79.057,16.66,0.15,1.09,0.48,3.35,0.00,619
79.073,16.65,0.15,1.08,0.46,3.35,0.00,623
79.090,16.67,0.14,1.04,0.40,3.39,0.00,623
79.107,16.67,0.13,1.06,0.40,3.39,0.00,624
79.123,16.67,0.14,1.04,0.40,3.38,0.00,623
79.140,16.67,0.13,1.04,0.39,2.73,0.00,623
79.157,16.67,0.12,1.04,0.38,2.72,0.00,626
79.174,16.76,0.13,1.08,0.44,2.74,0.00,629
79.190,16.57,0.13,1.04,0.41,2.77,0.00,629
79.207,16.67,0.13,1.03,0.39,2.77,0.00,630
79.223,16.68,0.14,1.05,0.43,2.77,0.00,629
79.240,16.65,0.13,1.05,0.40,2.76,0.00,629
79.257,16.70,0.12,1.04,0.40,2.76,0.00,633
79.273,16.64,0.13,1.07,0.42,2.79,0.00,634
79.290,16.67,0.14,1.03,0.40,2.80,0.00,633
79.307,16.67,0.13,1.04,0.39,2.80,0.00,636
79.323,16.66,0.12,1.04,0.39,2.80,0.00,636
79.340,16.68,0.15,1.07,0.45,2.80,0.00,635
79.357,16.66,0.13,1.04,0.41,2.84,0.00,638
79.373,16.66,0.13,1.05,0.40,2.85,0.00,640
79.390,16.71,0.16,1.07,0.46,2.86,0.00,640
79.407,16.64,0.13,1.05,0.41,2.87,0.00,640
79.423,16.66,0.12,1.07,0.46,2.87,0.00,639
79.440,16.67,0.13,1.05,0.42,2.89,0.00,639
79.457,16.67,0.12,1.02,0.39,2.90,0.00,641
79.474,16.67,0.13,1.06,0.44,2.91,0.00,642
79.490,16.66,0.13,1.03,0.41,2.91,0.00,641
79.507,16.66,0.12,1.03,0.39,2.91,0.00,643
79.524,16.67,0.13,1.06,0.44,2.92,0.00,647
79.540,16.67,0.12,1.04,0.40,3.03,0.00,647
79.557,16.69,0.12,1.04,0.41,3.01,0.00,649
79.574,16.64,0.13,1.04,0.40,3.05,0.00,647
79.590,16.67,0.13,1.03,0.38,3.08,0.00,648
79.607,16.69,0.12,1.03,0.38,3.08,0.00,647
79.624,16.64,0.13,1.04,0.41,3.02,0.00,647
79.640,16.68,0.12,1.03,0.40,3.03,0.00,649
79.657,16.67,0.12,1.03,0.39,3.03,0.00,650
79.674,16.68,0.11,1.03,0.39,3.03,0.00,650
79.690,16.65,0.13,1.04,0.41,3.03,0.00,654
79.707,16.69,0.11,1.02,0.38,3.07,0.00,652
79.724,16.66,0.13,1.05,0.43,3.07,0.00,655
79.740,16.67,0.12,1.05,0.39,3.07,0.00,658
79.757,16.67,0.13,1.03,0.38,3.05,0.00,658
79.774,16.67,0.13,1.04,0.44,3.05,0.00,660
79.790,16.67,0.13,1.02,0.38,3.08,0.00,660
79.807,16.67,0.12,1.02,0.38,3.06,0.00,660
79.824,16.67,0.12,1.01,0.39,3.06,0.00,660
79.840,16.67,0.13,1.03,0.43,3.03,0.00,661
79.857,16.66,0.12,1.02,0.41,3.03,0.00,663
79.874,16.68,0.13,1.02,0.42,3.01,0.00,662
79.890,16.66,0.12,1.01,0.39,3.02,0.00,663
79.907,16.67,0.13,1.03,0.44,3.01,0.00,665
79.924,16.69,0.13,1.00,0.44,3.00,0.00,665
79.940,16.65,0.13,1.05,0.45,2.97,0.00,667
79.957,16.67,0.13,0.94,0.40,2.97,0.00,665
79.974,16.68,0.14,0.93,0.43,2.99,0.00,661
79.990,16.65,0.25,1.01,0.40,2.97,0.00,678
80.007,16.68,0.13,1.03,0.46,3.13,0.00,684
80.024,16.73,0.12,1.03,0.42,3.17,0.00,682
80.040,16.61,0.12,1.01,0.41,3.16,0.00,680
80.057,16.65,0.13,1.00,0.39,3.18,0.00,679
80.074,16.67,0.13,1.01,0.39,3.17,0.00,678
80.090,16.70,0.11,1.00,0.38,3.15,0.00,679
80.107,16.65,0.11,1.01,0.39,3.13,0.00,676
80.124,16.67,0.11,1.01,0.39,3.13,0.00,673
80.140,16.65,0.13,1.01,0.40,3.10,0.00,673
80.157,16.68,0.11,1.00,0.39,3.11,0.00,668
80.174,16.66,0.12,1.00,0.38,3.10,0.00,666
80.190,16.67,0.12,0.99,0.39,3.06,0.00,663
80.207,16.67,0.12,1.01,0.39,3.05,0.00,661
80.224,16.74,0.13,1.03,0.44,3.05,0.00,655
80.240,16.59,0.13,0.99,0.40,2.67,0.00,655
80.257,16.67,0.13,0.97,0.39,2.66,0.00,653
80.274,16.68,0.13,1.01,0.46,2.64,0.00,652
80.290,16.65,0.13,0.97,0.42,2.62,0.00,653
80.307,16.68,0.36,0.90,0.41,2.61,0.00,617
80.324,16.66,0.08,0.90,0.41,2.05,0.00,617
80.340,16.67,0.10,0.91,0.43,2.03,0.00,616
80.357,16.68,0.11,1.07,0.40,2.03,0.00,651
80.374,16.66,0.09,1.08,0.40,2.22,0.00,648
80.390,16.79,0.10,1.10,0.46,2.22,0.00,648
80.407,16.64,0.10,1.33,0.45,2.18,0.00,682
80.424,16.58,0.09,1.32,0.40,2.34,0.00,680
80.440,16.67,0.08,1.31,0.39,2.32,0.00,678
80.457,16.67,0.12,1.53,0.38,2.31,0.00,710
80.474,16.67,0.15,1.59,0.45,2.47,0.00,709
80.490,16.67,0.13,1.58,0.42,2.45,0.00,707
80.507,16.67,0.13,1.75,0.39,2.43,0.00,740
80.524,16.67,0.13,1.77,0.43,2.58,0.00,738
80.540,16.67,0.13,1.77,0.38,2.56,0.00,737
80.557,16.67,0.14,1.92,0.41,2.53,0.00,768
80.574,16.69,0.12,1.95,0.39,2.69,0.00,766
80.590,16.64,0.13,1.94,0.39,2.69,0.00,762
80.607,16.68,0.12,2.13,0.39,2.63,0.00,797
80.624,16.66,0.14,2.14,0.41,2.79,0.00,795
80.640,16.66,0.12,2.16,0.39,2.76,0.00,793
80.657,16.69,0.12,2.37,0.40,2.73,0.00,827
80.674,16.66,0.11,2.36,0.39,2.88,0.00,825
80.690,16.66,0.12,2.10,0.39,2.84,0.00,814
80.707,16.66,0.14,2.27,0.40,2.79,0.00,848
80.724,16.67,0.14,2.32,0.43,2.94,0.00,850
80.740,16.68,0.13,2.38,0.45,2.92,0.00,844
80.757,16.66,0.15,2.59,0.44,2.87,0.00,884
80.774,16.69,0.13,2.48,0.47,3.03,0.00,884
80.790,16.66,0.17,2.53,0.51,2.99,0.00,885
80.807,16.64,0.15,2.70,0.41,2.96,0.00,923
80.824,16.69,0.12,2.72,0.42,3.10,0.00,923
80.840,16.65,0.13,2.73,0.40,3.07,0.00,926
80.857,16.67,0.15,2.91,0.40,3.03,0.00,964
80.874,16.66,0.13,2.97,0.43,3.17,0.00,964
80.890,16.67,0.14,2.96,0.41,3.12,0.00,967
80.907,16.66,0.16,3.17,0.48,3.09,0.00,1003
80.924,16.67,0.14,3.19,0.47,3.23,0.00,1002
80.940,16.69,0.15,3.21,0.45,3.18,0.00,1004
80.957,16.65,0.18,3.38,0.43,3.14,0.00,1038
80.974,16.67,0.18,3.39,0.44,3.28,0.00,1036
80.990,16.67,0.18,3.40,0.42,3.21,0.00,1035
81.007,16.67,0.15,3.39,0.42,3.17,0.00,1031
81.024,16.75,0.15,3.40,0.50,3.11,0.00,1026
81.040,16.61,0.13,3.37,0.42,3.08,0.00,1024
81.057,16.66,0.15,3.36,0.41,3.04,0.00,1022
81.074,16.66,0.15,3.38,0.43,3.00,0.00,1021
81.090,16.66,0.14,3.36,0.42,2.95,0.00,1017
81.107,16.68,0.15,3.38,0.46,2.92,0.00,1017
81.124,16.69,0.17,3.34,0.49,2.88,0.00,1012
81.140,16.74,0.15,3.33,0.49,2.84,0.00,1005
81.157,16.58,0.15,3.31,0.44,2.79,0.00,1007
81.174,16.66,0.15,3.24,0.41,2.76,0.00,996
81.190,16.67,0.14,3.20,0.43,2.73,0.00,987
81.207,16.69,0.13,3.17,0.40,2.70,0.00,982
81.224,16.65,0.13,3.16,0.45,2.65,0.00,976
81.240,16.67,0.14,3.09,0.42,2.60,0.00,970
81.257,16.67,0.14,3.05,0.40,2.57,0.00,964
81.274,16.66,0.14,3.03,0.44,2.55,0.00,960
81.290,16.68,0.14,3.01,0.41,2.51,0.00,954
81.307,16.68,0.13,2.98,0.40,2.48,0.00,951
81.324,16.66,0.13,2.93,0.42,2.45,0.00,949
81.340,16.66,0.14,2.92,0.39,2.45,0.00,945
81.357,16.67,0.14,2.91,0.40,2.42,0.00,944
81.374,16.67,0.15,3.09,0.42,2.40,0.00,999
81.390,16.67,0.20,3.44,0.42,2.66,0.00,1075
81.407,16.67,0.19,3.40,0.41,3.04,0.00,1071
81.424,16.68,0.14,3.36,0.41,3.03,0.00,1064
81.440,16.65,0.15,3.29,0.41,3.01,0.00,1053
81.457,16.68,0.19,3.56,0.52,2.99,0.00,1106
81.474,16.66,0.19,3.50,0.49,3.28,0.00,1103
81.490,16.67,0.19,3.45,0.44,3.26,0.00,1097
81.507,16.67,0.20,3.84,0.42,3.26,0.00,1167
81.524,16.67,0.20,3.78,0.44,3.62,0.00,1160
81.540,16.66,0.19,3.74,0.46,3.63,0.00,1150
81.557,16.72,0.17,3.64,0.42,3.63,0.00,1137
81.574,16.64,0.17,3.57,0.40,3.63,0.00,1125
81.590,16.67,0.17,3.52,0.42,3.64,0.00,1112
81.607,16.66,0.19,3.49,0.42,3.65,0.00,1106
81.624,16.66,0.18,3.40,0.40,3.65,0.00,1092
81.640,16.67,0.19,3.31,0.41,3.67,0.00,1078
81.657,16.67,0.15,3.26,0.41,3.67,0.00,1067
81.674,16.66,0.21,3.81,0.41,3.69,0.00,1190
81.690,16.70,0.18,3.78,0.45,4.37,0.00,1181
81.707,16.64,0.21,3.73,0.41,4.38,0.00,1172
81.724,16.67,0.19,3.69,0.41,4.40,0.00,1163
81.740,16.67,0.20,3.66,0.44,4.41,0.00,1151
81.757,16.67,0.19,3.62,0.41,4.45,0.00,1143
81.774,16.67,0.20,3.55,0.45,4.47,0.00,1131
81.790,16.67,0.21,3.68,0.41,4.50,0.00,1194
81.807,16.67,0.21,4.01,0.42,4.87,0.00,1261
81.824,16.66,0.20,4.00,0.42,5.26,0.00,1252
81.840,16.67,0.20,3.92,0.44,5.30,0.00,1242
81.857,16.67,0.19,3.89,0.43,5.33,0.00,1236
81.874,16.66,0.23,4.28,0.45,5.38,0.00,1355
81.890,16.67,0.20,4.25,0.42,6.03,0.00,1349
81.907,16.68,0.18,4.21,0.42,6.07,0.00,1340
81.924,16.66,0.20,4.21,0.43,6.12,0.00,1336
81.940,16.67,0.21,4.64,0.45,6.16,0.00,1398
81.957,16.67,0.21,4.56,0.50,6.58,0.00,1395
81.974,16.67,0.25,4.75,0.55,6.62,0.00,1435
81.990,16.67,0.23,4.73,0.47,6.65,0.00,1430
82.007,16.69,0.20,4.70,0.43,6.43,0.00,1422
82.024,16.74,0.21,4.71,0.45,6.47,0.00,1418
82.040,16.57,0.21,4.68,0.45,6.52,0.00,1412
82.057,16.68,0.21,4.62,0.45,6.54,0.00,1394
82.074,16.65,0.22,4.63,0.45,6.28,0.00,1384
82.090,16.67,0.21,4.51,0.50,6.29,0.00,1378
82.107,16.67,0.21,4.46,0.49,6.35,0.00,1366
82.124,16.67,0.20,4.46,0.44,6.06,0.00,1351
82.140,16.67,0.23,4.94,0.45,6.10,0.00,1427
82.157,16.67,0.21,4.99,0.50,6.51,0.00,1423
82.174,16.67,0.22,4.97,0.50,6.53,0.00,1419
82.190,16.67,0.23,5.30,0.41,6.59,0.00,1504
82.207,16.67,0.24,5.43,0.40,7.02,0.00,1550
82.224,16.68,0.22,5.42,0.41,7.35,0.00,1548
82.240,16.65,0.23,4.40,0.37,7.36,0.00,1543
82.257,16.67,0.25,5.98,0.43,7.40,0.00,1674
82.274,16.67,0.24,5.07,0.43,8.13,0.00,1673
82.290,16.70,0.23,6.03,0.49,7.64,0.00,1671
82.307,16.65,0.24,6.02,0.41,7.69,0.00,1676
82.324,16.65,0.16,4.45,0.37,7.78,0.00,1677
82.340,16.66,0.17,4.48,0.36,7.82,0.00,1676
82.357,16.68,0.23,5.90,0.34,7.88,0.00,1675
82.374,16.65,0.16,4.81,0.34,7.90,0.00,1674
82.390,16.68,0.32,6.68,0.43,7.94,0.00,1801
82.407,16.65,0.26,4.94,0.37,8.41,0.00,1802
82.424,16.68,0.24,4.96,0.43,6.85,0.00,1803
82.440,16.67,0.24,5.01,0.40,8.21,0.00,1802
82.457,16.66,0.22,4.94,0.35,8.24,0.00,1802
82.474,16.67,0.22,4.96,0.34,8.36,0.00,1799
82.490,16.67,0.23,4.97,0.37,7.97,0.00,1798
82.507,16.75,0.22,4.99,0.38,8.05,0.00,1796
82.524,16.59,0.22,5.01,0.40,8.07,0.00,1795
82.540,16.67,0.22,5.00,0.34,8.08,0.00,1794
82.557,16.69,0.29,5.05,0.37,7.85,0.00,1794
82.574,16.65,0.22,4.50,0.29,7.92,0.00,1794
82.590,16.66,0.21,5.02,0.35,7.68,0.00,1795
82.607,16.74,0.23,5.06,0.42,7.67,0.00,1796
82.624,16.60,0.21,5.05,0.37,7.70,0.00,1797
82.640,16.67,0.24,5.05,0.42,7.75,0.00,1797
82.657,16.69,0.29,6.82,0.43,7.78,0.00,1797
82.674,16.65,0.21,5.04,0.35,7.77,0.00,1797
82.690,16.69,0.22,5.05,0.37,7.86,0.00,1797
82.707,16.66,0.22,5.07,0.36,7.88,0.00,1796
82.724,16.68,0.28,6.85,0.41,7.90,0.00,1793
82.740,16.66,0.24,5.30,0.38,7.91,0.00,1855
82.757,16.67,0.23,5.63,0.35,5.20,0.00,1925
82.774,16.66,0.22,5.70,0.38,7.01,0.00,1925
82.791,16.74,0.24,5.66,0.38,8.31,0.00,1923
82.807,16.67,0.23,5.18,0.26,8.10,0.00,1922
82.824,16.69,0.24,5.68,0.35,7.90,0.00,1923
82.841,16.65,0.23,5.69,0.30,7.86,0.00,1923
82.857,16.61,0.24,5.08,0.28,7.85,0.00,1920
82.874,16.66,0.26,4.90,0.32,7.28,0.00,1921
82.890,16.68,0.24,5.24,0.32,7.28,0.00,1920
82.907,16.66,0.24,5.31,0.29,7.23,0.00,2000
82.924,16.67,0.22,5.03,0.29,7.65,0.00,2000
82.940,16.67,0.26,5.75,0.31,7.64,0.00,1999
82.957,16.68,0.25,5.16,0.30,7.64,0.00,2057
82.974,16.67,0.25,5.23,0.26,7.93,0.00,2115
82.990,16.66,0.24,5.76,0.30,8.19,0.00,2113
83.007,16.67,0.26,5.35,0.32,7.67,0.00,2113
83.024,16.74,0.25,5.21,0.29,7.66,0.00,2114
83.040,16.59,0.26,5.20,0.28,7.68,0.00,2114
83.057,16.74,0.23,5.77,0.28,7.69,0.00,2115
83.074,16.61,0.25,5.41,0.30,7.73,0.00,2115
83.090,16.66,0.23,5.15,0.28,7.69,0.00,2115
83.107,16.68,0.24,5.76,0.26,7.70,0.00,2114
83.124,16.66,0.23,5.34,0.26,7.70,0.00,2113
83.140,16.67,0.23,4.61,0.27,7.70,0.00,2113
83.157,16.66,0.24,4.90,0.26,7.72,0.00,2113
83.174,16.68,0.26,5.37,0.30,7.72,0.00,2172
83.190,16.66,0.23,5.50,0.28,8.09,0.00,2171
83.207,16.69,0.23,4.88,0.28,8.03,0.00,2171
83.224,16.64,0.23,5.32,0.27,8.02,0.00,2171
83.240,16.68,0.24,5.89,0.31,8.06,0.00,2171
83.257,16.72,0.26,5.68,0.33,8.04,0.00,2171
83.274,16.68,0.26,5.05,0.33,8.05,0.00,2172
83.290,16.59,0.25,5.44,0.31,8.10,0.00,2172
83.307,16.67,0.25,5.52,0.27,8.09,0.00,2172
83.324,16.66,0.25,4.88,0.26,8.09,0.00,2172
83.340,16.67,0.23,5.17,0.26,8.07,0.00,2169
83.357,16.67,0.23,5.69,0.28,7.81,0.00,2168
83.374,16.68,0.26,5.27,0.30,7.50,0.00,2227
83.390,16.66,0.23,5.23,0.30,7.79,0.00,2227
83.407,16.67,0.26,5.96,0.29,7.76,0.00,2280
83.424,16.67,0.24,5.77,0.27,6.76,0.00,2280
83.441,16.67,0.26,6.09,0.27,7.48,0.00,2335
83.457,16.67,0.25,5.70,0.28,8.29,0.00,2335
83.474,16.67,0.26,5.48,0.27,8.31,0.00,2335
83.491,16.68,0.28,5.09,0.30,8.28,0.00,2335
83.507,16.66,0.24,4.73,0.28,8.30,0.00,2332
83.524,16.66,0.24,5.77,0.27,8.10,0.00,2332
83.541,16.67,0.24,5.46,0.30,8.10,0.00,2332
83.557,16.67,0.24,4.76,0.29,8.09,0.00,2330
83.574,16.66,0.24,5.75,0.30,7.83,0.00,2329
83.591,16.67,0.23,5.92,0.27,7.53,0.00,2329
83.607,16.68,0.25,5.32,0.28,7.52,0.00,2329
83.624,16.67,0.26,5.95,0.28,7.50,0.00,2399
83.641,16.66,0.26,5.25,0.30,7.87,0.00,2396
83.657,16.71,0.29,5.12,0.31,7.87,0.00,2453
83.674,16.63,0.25,4.60,0.27,8.16,0.00,2451
83.691,16.67,0.25,5.65,0.27,8.14,0.00,2449
83.707,16.67,0.27,5.34,0.28,8.16,0.00,2448
83.724,16.67,0.25,5.30,0.28,8.16,0.00,2448
83.741,16.67,0.26,5.05,0.32,8.20,0.00,2448
83.757,16.66,0.25,5.19,0.31,8.19,0.00,2447
83.774,16.68,0.27,5.59,0.33,8.16,0.00,2442
83.791,16.66,0.26,5.13,0.29,7.95,0.00,2440
83.807,16.68,0.26,4.86,0.29,7.92,0.00,2440
83.824,16.67,0.25,5.47,0.29,7.90,0.00,2440
83.841,16.66,0.24,4.83,0.28,7.96,0.00,2438
83.857,16.74,0.27,5.19,0.31,7.94,0.00,2434
83.874,16.61,0.28,5.51,0.41,7.94,0.00,2434
83.891,16.66,0.26,5.35,0.38,7.99,0.00,2434
83.907,16.67,0.27,4.54,0.29,7.96,0.00,2424
83.924,16.66,0.25,5.02,0.39,7.94,0.00,2423
83.941,16.67,0.24,4.74,0.37,7.93,0.00,2424
83.957,16.66,0.24,4.72,0.36,7.90,0.00,2424
83.974,16.67,0.25,4.72,0.40,7.90,0.00,2423
83.991,16.68,0.36,6.39,0.49,7.57,0.00,2422
84.007,16.66,0.27,4.71,0.36,7.60,0.00,2421
84.024,16.73,0.27,4.70,0.38,7.34,0.00,2421
84.041,16.62,0.35,6.40,0.45,7.26,0.00,2418
84.057,16.68,0.26,4.73,0.41,6.94,0.00,2417
84.074,16.67,0.28,4.72,0.39,6.90,0.00,2417
84.091,16.65,0.25,4.71,0.40,6.92,0.00,2415
84.107,16.68,0.37,5.79,0.39,6.85,0.00,2414
84.124,16.66,0.25,4.41,0.37,6.86,0.00,2413
84.141,16.68,0.35,5.96,0.44,6.81,0.00,2411
84.157,16.67,0.26,4.07,0.40,6.80,0.00,2394
84.174,16.67,0.35,5.39,0.43,6.75,0.00,2394
84.191,16.67,0.35,5.37,0.44,6.74,0.00,2393
84.207,16.70,0.34,5.37,0.43,6.71,0.00,2393
84.224,16.64,0.35,4.77,0.42,6.67,0.00,2388
84.241,16.67,0.35,4.46,0.41,6.37,0.00,2389
84.257,16.66,0.36,4.77,0.46,6.32,0.00,2388
84.274,16.79,0.35,4.78,0.52,6.03,0.00,2388
84.291,16.55,0.36,4.76,0.55,5.98,0.00,2387
84.307,16.68,0.34,4.75,0.51,5.97,0.00,2386
84.324,16.66,0.34,4.76,0.43,5.93,0.00,2386
84.341,16.65,0.34,4.73,0.49,5.87,0.00,2386
84.357,16.67,0.34,4.21,0.48,5.85,0.00,2386
84.374,16.69,0.34,4.19,0.49,5.79,0.00,2385
84.391,16.66,0.35,4.18,0.50,5.79,0.00,2385
84.407,16.67,0.33,4.22,0.48,5.73,0.00,2385
84.424,16.67,0.33,4.18,0.47,5.70,0.00,2385
84.441,16.65,0.34,4.18,0.47,5.67,0.00,2385
84.457,16.67,0.34,4.18,0.49,5.62,0.00,2385
84.474,16.67,0.36,4.18,0.45,5.60,0.00,2385
84.491,16.67,0.36,4.18,0.51,5.57,0.00,2383
84.507,16.66,0.36,4.18,0.51,5.54,0.00,2382
84.524,16.67,0.35,4.17,0.48,5.50,0.00,2383
84.541,16.67,0.36,4.16,0.51,5.45,0.00,2384
84.557,16.67,0.34,4.17,0.48,5.44,0.00,2384
84.574,16.67,0.34,4.14,0.46,5.42,0.00,2383
84.591,16.67,0.35,4.13,0.47,5.38,0.00,2382
84.607,16.68,0.34,4.14,0.51,5.33,0.00,2381
84.624,16.66,0.35,4.13,0.48,5.33,0.00,2382
84.641,16.67,0.35,4.13,0.47,5.26,0.00,2381
84.657,16.67,0.35,4.11,0.46,5.25,0.00,2380
84.674,16.69,0.38,4.16,0.59,5.20,0.00,2380
84.691,16.72,0.37,4.14,0.58,5.15,0.00,2377
84.707,16.59,0.36,3.77,0.52,5.12,0.00,2374
84.724,16.67,0.36,3.26,0.49,5.09,0.00,2370
84.741,16.68,0.35,3.27,0.51,5.06,0.00,2370
84.757,16.67,0.37,3.24,0.50,5.02,0.00,2370
84.774,16.65,0.34,3.26,0.53,5.04,0.00,2370
84.791,16.68,0.38,3.29,0.57,4.99,0.00,2370
84.807,16.67,0.36,3.23,0.50,4.92,0.00,2369
84.824,16.66,0.35,3.24,0.48,4.90,0.00,2369
84.841,16.67,0.34,3.23,0.50,4.86,0.00,2370
84.857,16.67,0.35,3.22,0.48,4.84,0.00,2368
84.874,16.67,0.35,3.07,0.50,4.81,0.00,2367
84.891,16.67,0.35,3.07,0.48,4.78,0.00,2364
84.907,16.67,0.35,3.06,0.49,4.75,0.00,2364
84.924,16.68,0.33,2.93,0.50,4.71,0.00,2363
84.941,16.65,0.35,2.65,0.47,4.69,0.00,2362
84.957,16.67,0.35,2.66,0.47,4.63,0.00,2362
84.974,16.67,0.35,2.64,0.46,4.61,0.00,2361
84.991,16.67,0.36,2.65,0.52,4.58,0.00,2361
85.007,16.66,0.35,2.65,0.48,4.55,0.00,2358
85.024,16.75,0.35,2.65,0.48,4.51,0.00,2357
85.041,16.60,0.36,2.67,0.54,4.48,0.00,2357
85.057,16.66,0.35,2.65,0.50,4.46,0.00,2357
85.074,16.74,0.29,1.98,0.46,4.43,0.00,2355
85.091,16.59,0.36,2.66,0.57,4.39,0.00,2354
85.107,16.66,0.35,2.63,0.48,4.35,0.00,2354
85.124,16.67,0.35,2.63,0.50,4.33,0.00,2354
85.141,16.67,0.34,2.35,0.48,4.30,0.00,2351
85.157,16.67,0.34,2.35,0.47,4.27,0.00,2350
85.174,16.77,0.33,2.36,0.49,4.23,0.00,2349
85.191,16.58,0.33,2.34,0.48,4.20,0.00,2350
85.207,16.66,0.34,2.35,0.49,4.18,0.00,2350
85.224,16.67,0.34,2.34,0.47,4.15,0.00,2350
85.241,16.74,0.33,2.34,0.50,4.12,0.00,2346
85.257,16.60,0.35,2.34,0.47,4.08,0.00,2346
85.274,16.68,0.34,2.34,0.48,4.05,0.00,2345
85.291,16.74,0.35,2.35,0.53,4.00,0.00,2345
85.307,16.58,0.25,1.73,0.42,3.95,0.00,2344
85.324,16.68,0.27,1.77,0.53,3.93,0.00,2342
85.341,16.65,0.26,1.62,0.53,3.90,0.00,2339
85.357,16.66,0.25,1.81,0.50,3.85,0.00,2339
85.374,16.69,0.33,1.93,0.51,3.82,0.00,2336
85.391,16.65,0.34,1.95,0.49,3.78,0.00,2335
85.407,16.67,0.35,1.58,0.48,3.76,0.00,2323
85.424,16.68,0.34,1.58,0.49,3.71,0.00,2322
85.441,16.65,0.34,1.57,0.49,3.72,0.00,2321
85.457,16.67,0.34,1.56,0.48,3.67,0.00,2318
85.474,16.67,0.34,1.55,0.47,3.64,0.00,2316
85.491,16.67,0.34,1.59,0.51,3.61,0.00,2314
85.507,16.66,0.34,1.59,0.49,3.56,0.00,2310
85.524,16.66,0.34,1.58,0.51,3.55,0.00,2307
85.541,16.70,0.34,1.58,0.49,3.50,0.00,2305
85.557,16.64,0.35,1.57,0.47,3.49,0.00,2304
85.574,16.66,0.35,1.56,0.47,3.46,0.00,2298
85.591,16.67,0.34,1.05,0.49,3.44,0.00,2225
85.607,16.69,0.33,1.05,0.47,3.34,0.00,2222
85.624,16.65,0.34,0.90,0.45,3.33,0.00,2215
85.641,16.67,0.34,0.91,0.46,3.31,0.00,2213
85.657,16.68,0.32,0.89,0.46,3.28,0.00,2214
85.674,16.65,0.34,0.91,0.47,3.25,0.00,2214
85.691,16.67,0.34,0.92,0.48,3.24,0.00,2214
85.707,16.68,0.33,0.90,0.45,3.22,0.00,2213
85.724,16.67,0.33,0.90,0.46,3.19,0.00,2211
85.741,16.66,0.33,0.91,0.47,3.18,0.00,2209
85.757,16.67,0.34,0.92,0.51,3.14,0.00,2207
85.774,16.67,0.35,0.92,0.48,3.11,0.00,2206
85.791,16.67,0.35,0.92,0.51,3.09,0.00,2205
85.807,16.68,0.33,0.94,0.50,3.06,0.00,2205
85.824,16.69,0.35,0.91,0.51,3.06,0.00,2205
85.841,16.63,0.34,0.94,0.54,3.04,0.00,2204
85.857,16.67,0.36,0.92,0.49,3.02,0.00,2202
85.874,16.72,0.35,0.93,0.57,3.01,0.00,2201
85.891,16.60,0.35,0.95,0.50,2.96,0.00,2201
85.907,16.68,0.36,0.91,0.49,2.95,0.00,2199
85.924,16.66,0.34,0.92,0.49,2.94,0.00,2200
85.941,16.67,0.34,0.93,0.48,2.92,0.00,2197
85.957,16.67,0.34,0.90,0.46,2.89,0.00,2195
85.974,16.67,0.35,0.91,0.46,2.89,0.00,2195
85.991,16.67,0.35,0.93,0.47,2.87,0.00,2192
86.007,16.67,0.35,0.92,0.50,2.84,0.00,2191
86.024,16.76,0.34,0.95,0.52,2.81,0.00,2189
86.041,16.58,0.34,0.93,0.46,2.81,0.00,2185
86.057,16.68,0.35,0.93,0.50,2.78,0.00,2182
86.074,16.65,0.34,0.94,0.51,2.77,0.00,2180
86.091,16.67,0.35,0.94,0.49,2.74,0.00,2179
86.107,16.67,0.34,0.94,0.49,2.73,0.00,2175
86.124,16.67,0.35,0.92,0.53,2.71,0.00,2173
86.141,16.80,0.32,0.93,0.45,2.69,0.00,2171
86.157,16.54,0.35,0.94,0.50,2.67,0.00,2168
86.174,16.67,0.35,0.92,0.48,2.66,0.00,2166
86.191,16.67,0.34,0.94,0.48,2.65,0.00,2163
86.207,16.74,0.36,0.98,0.51,2.63,0.00,2156
86.224,16.60,0.35,0.94,0.50,2.61,0.00,2153
86.241,16.68,0.36,0.94,0.57,2.59,0.00,2152
86.257,16.65,0.35,0.95,0.52,2.58,0.00,2147
86.274,16.67,0.35,0.93,0.50,2.58,0.00,2142
86.291,16.67,0.34,0.93,0.48,2.54,0.00,2136
86.307,16.67,0.35,0.93,0.50,2.53,0.00,2133
86.324,16.67,0.32,0.92,0.50,2.51,0.00,2129
86.341,16.66,0.35,0.94,0.52,2.51,0.00,2126
86.357,16.66,0.34,0.93,0.48,2.48,0.00,2122
86.374,16.80,0.32,0.92,0.52,2.47,0.00,2117
86.391,16.53,0.34,0.94,0.49,2.45,0.00,2110
86.407,16.67,0.33,0.94,0.49,2.42,0.00,2107
86.424,16.68,0.32,0.93,0.49,2.42,0.00,2099
86.441,16.66,0.33,0.93,0.49,2.40,0.00,2099
86.457,16.67,0.34,0.95,0.53,2.39,0.00,2095
86.474,16.67,0.34,0.92,0.48,2.38,0.00,2083
86.491,16.67,0.34,0.92,0.50,2.35,0.00,2080
86.507,16.67,0.34,0.93,0.52,2.34,0.00,2075
86.524,16.67,0.33,0.91,0.47,2.34,0.00,2066
86.541,16.67,0.33,0.91,0.47,2.31,0.00,2059
86.557,16.66,0.33,0.93,0.49,2.29,0.00,2054
86.574,16.67,0.34,0.90,0.50,2.28,0.00,2049
86.591,16.66,0.34,0.92,0.45,2.26,0.00,2039
86.607,16.67,0.33,0.91,0.44,2.26,0.00,2037
86.624,16.70,0.32,0.91,0.47,2.25,0.00,2031
86.641,16.65,0.32,0.91,0.48,2.23,0.00,2027
86.657,16.67,0.32,0.91,0.48,2.21,0.00,2016
86.674,16.65,0.34,0.90,0.46,2.20,0.00,2016
86.691,16.67,0.34,0.89,0.46,2.19,0.00,2007
86.707,16.68,0.32,0.91,0.46,2.18,0.00,2002
86.724,16.65,0.32,0.89,0.45,2.15,0.00,1996
86.741,16.68,0.32,0.90,0.46,2.15,0.00,1988
86.757,16.68,0.34,0.92,0.56,2.13,0.00,1979
86.774,16.64,0.33,0.90,0.47,2.12,0.00,1969
86.791,16.67,0.33,0.90,0.48,2.12,0.00,1966
86.807,16.67,0.33,0.91,0.51,2.11,0.00,1960
86.824,16.66,0.32,0.92,0.52,2.08,0.00,1956
86.841,16.80,0.32,0.89,0.57,2.07,0.00,1950
86.857,16.54,0.34,0.91,0.52,2.07,0.00,1944
86.874,16.68,0.34,0.92,0.53,2.04,0.00,1938
86.891,16.66,0.32,0.90,0.48,2.04,0.00,1928
86.908,16.70,0.32,0.89,0.47,2.02,0.00,1914
86.924,16.65,0.31,0.88,0.47,2.00,0.00,1909
86.941,16.67,0.31,0.88,0.47,2.01,0.00,1904
86.958,16.68,0.31,0.87,0.49,1.98,0.00,1887
86.974,16.66,0.31,0.88,0.48,1.96,0.00,1880
86.991,16.65,0.33,0.88,0.46,1.96,0.00,1876
87.007,16.67,0.33,0.88,0.48,1.96,0.00,1872
87.024,16.75,0.32,0.88,0.48,1.95,0.00,1866
87.041,16.58,0.32,0.87,0.47,1.95,0.00,1858
87.058,16.68,0.35,0.88,0.54,1.93,0.00,1850
87.074,16.66,0.32,0.89,0.51,1.91,0.00,1843
87.091,16.67,0.31,0.85,0.47,1.90,0.00,1833
87.108,16.68,0.30,0.86,0.47,1.90,0.00,1824
87.124,16.67,0.30,0.85,0.48,1.89,0.00,1817
87.141,16.66,0.32,0.85,0.46,1.87,0.00,1808
87.158,16.67,0.32,0.86,0.45,1.85,0.00,1801
87.174,16.67,0.30,0.85,0.45,1.85,0.00,1795
87.191,16.67,0.31,0.85,0.47,1.84,0.00,1790
87.208,16.69,0.31,0.85,0.46,1.83,0.00,1784
87.224,16.65,0.31,0.85,0.46,1.82,0.00,1778
87.241,16.68,0.32,0.84,0.46,1.82,0.00,1770
87.258,16.66,0.33,0.86,0.49,1.79,0.00,1764
87.274,16.67,0.33,0.87,0.57,1.80,0.00,1757
87.291,16.66,0.31,0.86,0.49,1.79,0.00,1747
87.308,16.68,0.32,0.85,0.50,1.79,0.00,1741
87.324,16.66,0.32,0.84,0.47,1.77,0.00,1735
87.341,16.67,0.30,0.84,0.47,1.76,0.00,1728
87.358,16.66,0.30,0.84,0.48,1.76,0.00,1722
87.374,16.68,0.30,0.83,0.47,1.76,0.00,1713
87.391,16.66,0.29,0.84,0.47,1.73,0.00,1709
87.408,16.66,0.32,0.84,0.45,1.73,0.00,1706
87.424,16.68,0.31,0.83,0.49,1.72,0.00,1702
87.441,16.68,0.31,0.84,0.52,1.71,0.00,1692
87.458,16.73,0.33,0.86,0.55,1.69,0.00,1684
87.474,16.58,0.32,0.83,0.52,1.70,0.00,1677
87.491,16.66,0.32,0.85,0.52,1.68,0.00,1670
87.508,16.67,0.30,0.84,0.51,1.66,0.00,1665
87.524,16.67,0.30,0.81,0.46,1.67,0.00,1654
87.541,16.67,0.30,0.82,0.47,1.66,0.00,1647
87.558,16.67,0.30,0.81,0.49,1.65,0.00,1641
87.574,16.67,0.30,0.81,0.47,1.64,0.00,1626
87.591,16.68,0.28,0.81,0.49,1.64,0.00,1614
87.608,16.67,0.30,0.80,0.45,1.62,0.00,1610
87.624,16.66,0.30,0.82,0.47,1.64,0.00,1602
87.641,16.67,0.29,0.80,0.44,1.62,0.00,1587
87.658,16.67,0.29,0.79,0.43,1.63,0.00,1586
87.674,16.69,0.29,0.79,0.46,1.61,0.00,1569
87.691,16.65,0.29,0.80,0.48,1.59,0.00,1563
87.708,16.67,0.29,0.79,0.45,1.60,0.00,1560
87.724,16.67,0.30,0.78,0.44,1.59,0.00,1552
87.741,16.69,0.29,0.79,0.47,1.57,0.00,1543
87.758,16.64,0.29,0.81,0.48,1.57,0.00,1532
87.774,16.67,0.30,0.78,0.47,1.57,0.00,1524
87.791,16.66,0.30,0.80,0.48,1.55,0.00,1522
87.808,16.67,0.31,0.80,0.49,1.55,0.00,1516
87.824,16.68,0.24,0.77,0.44,1.54,0.00,1507
87.841,16.67,0.20,0.80,0.43,1.53,0.00,1498
87.858,16.65,0.23,0.79,0.46,1.54,0.00,1492
87.874,16.67,0.21,0.78,0.48,1.53,0.00,1488
87.891,16.66,0.22,0.78,0.42,1.52,0.00,1476
87.908,16.68,0.21,0.78,0.48,1.51,0.00,1464
87.924,16.71,0.22,0.80,0.49,1.52,0.00,1459
87.941,16.61,0.23,0.80,0.48,1.50,0.00,1451
87.958,16.67,0.23,0.79,0.48,1.51,0.00,1440
87.974,16.68,0.24,0.80,0.53,1.48,0.00,1432
87.991,16.74,0.23,0.78,0.52,1.48,0.00,1426
88.008,16.59,0.23,0.79,0.52,1.48,0.00,1417
88.024,16.66,0.23,0.77,0.43,1.47,0.00,1409
88.041,16.67,0.23,0.76,0.43,1.47,0.00,1404
88.058,16.72,0.23,0.78,0.53,1.46,0.00,1397
88.074,16.64,0.24,0.79,0.57,1.46,0.00,1394
88.091,16.68,0.22,0.78,0.58,1.44,0.00,1389
88.108,16.64,0.22,0.76,0.50,1.44,0.00,1382
88.124,16.65,0.23,0.72,0.60,1.44,0.00,1374
88.141,16.69,0.22,0.73,0.61,1.44,0.00,1367
88.158,16.67,0.22,0.72,0.53,1.44,0.00,1362
88.174,16.68,0.25,0.70,0.52,1.43,0.00,1355
88.191,16.64,0.23,0.71,0.51,1.44,0.00,1347
88.208,16.65,0.22,0.70,0.51,1.43,0.00,1343
88.224,16.68,0.23,0.71,0.52,1.41,0.00,1339
88.241,16.67,0.23,0.72,0.51,1.40,0.00,1331
88.258,16.66,0.24,0.69,0.51,1.40,0.00,1326
88.274,16.70,0.20,0.69,0.53,1.41,0.00,1316
88.291,16.64,0.23,0.69,0.49,1.38,0.00,1314
88.308,16.68,0.21,0.71,0.52,1.39,0.00,1309
88.324,16.67,0.24,0.70,0.55,1.38,0.00,1303
88.341,16.66,0.25,0.69,0.49,1.39,0.00,1297
88.358,16.70,0.24,0.70,0.55,1.38,0.00,1294
88.374,16.63,0.22,0.69,0.53,1.38,0.00,1289
88.391,16.67,0.24,0.69,0.53,1.37,0.00,1279
88.408,16.67,0.21,0.70,0.55,1.37,0.00,1269
88.424,16.66,0.23,0.68,0.56,1.37,0.00,1266
88.441,16.74,0.21,0.68,0.50,1.35,0.00,1258
88.458,16.62,0.24,0.69,0.52,1.37,0.00,1253
88.474,16.65,0.25,0.69,0.56,1.34,0.00,1248
88.491,16.69,0.23,0.69,0.55,1.36,0.00,1242
88.508,16.65,0.24,0.67,0.53,1.35,0.00,1234
88.524,16.67,0.22,0.68,0.51,1.34,0.00,1224
88.541,16.67,0.24,0.70,0.57,1.35,0.00,1219
88.558,16.66,0.21,0.68,0.51,1.32,0.00,1213
88.574,16.67,0.16,0.51,0.44,1.32,0.00,1209
88.591,16.67,0.16,0.53,0.45,1.33,0.00,1205
88.608,16.67,0.15,0.52,0.50,1.32,0.00,1198
88.624,16.67,0.22,0.69,0.53,1.32,0.00,1194
88.641,16.67,0.21,0.67,0.52,1.31,0.00,1184
88.658,16.66,0.23,0.68,0.58,1.30,0.00,1180
88.674,16.68,0.21,0.67,0.50,1.30,0.00,1173
88.691,16.67,0.23,0.66,0.53,1.29,0.00,1168
88.708,16.68,0.23,0.69,0.63,1.29,0.00,1158
88.724,16.66,0.21,0.66,0.53,1.29,0.00,1148
88.741,16.67,0.23,0.66,0.51,1.29,0.00,1133
88.758,16.70,0.23,0.64,0.52,1.30,0.00,1126
88.774,16.63,0.22,0.66,0.53,1.28,0.00,1118
88.791,16.67,0.20,0.63,0.44,1.29,0.00,1112
88.808,16.67,0.23,0.65,0.48,1.28,0.00,1109
88.824,16.73,0.15,0.49,0.36,1.29,0.00,1103
88.841,16.65,0.14,0.47,0.35,1.29,0.00,1093
88.858,16.67,0.14,0.47,0.32,1.28,0.00,1088
88.874,16.66,0.15,0.47,0.33,1.28,0.00,1081
88.891,16.68,0.15,0.46,0.34,1.27,0.00,1075
88.908,16.67,0.14,0.46,0.33,1.26,0.00,1072
88.924,16.67,0.14,0.47,0.31,1.26,0.00,1068
88.941,16.66,0.14,0.47,0.34,1.26,0.00,1060
88.958,16.67,0.13,0.45,0.31,1.26,0.00,1057
88.974,16.66,0.14,0.47,0.32,1.26,0.00,1052
88.991,16.64,0.18,0.62,0.43,1.26,0.00,1046
89.008,16.66,0.19,0.61,0.46,1.25,0.00,1040
89.024,16.70,0.14,0.46,0.33,1.24,0.00,1028
89.041,16.67,0.14,0.46,0.33,1.26,0.00,1018
89.058,16.61,0.14,0.47,0.38,1.24,0.00,1005
89.074,16.66,0.16,0.47,0.40,1.23,0.00,1000
89.091,16.66,0.14,0.46,0.35,1.23,0.00,996
89.108,16.67,0.13,0.46,0.31,1.23,0.00,990
89.124,16.67,0.13,0.44,0.31,1.21,0.00,983
89.141,16.67,0.13,0.44,0.31,1.22,0.00,978
89.158,16.68,0.14,0.43,0.30,1.22,0.00,976
89.174,16.66,0.13,0.43,0.31,1.23,0.00,969
89.191,16.70,0.18,0.59,0.42,1.22,0.00,960
89.208,16.65,0.18,0.57,0.41,1.21,0.00,958
89.224,16.68,0.17,0.58,0.40,1.21,0.00,949
89.241,16.73,0.19,0.60,0.44,1.22,0.00,940
89.258,16.67,0.18,0.60,0.49,1.21,0.00,934
89.274,16.58,0.13,0.45,0.33,1.19,0.00,931
89.291,16.67,0.13,0.43,0.33,1.21,0.00,927
89.308,16.68,0.14,0.42,0.32,1.20,0.00,921
89.324,16.66,0.13,0.45,0.34,1.20,0.00,910
89.341,16.66,0.12,0.43,0.31,1.21,0.00,902
89.358,16.68,0.17,0.57,0.41,1.19,0.00,900
89.374,16.68,0.18,0.56,0.40,1.18,0.00,893
89.391,16.66,0.17,0.56,0.40,1.19,0.00,885
89.408,16.68,0.16,0.55,0.40,1.21,0.00,881
89.424,16.67,0.13,0.58,0.40,1.20,0.00,877
89.441,16.67,0.13,0.55,0.39,1.20,0.00,874
89.458,16.67,0.13,0.56,0.43,1.19,0.00,869
89.474,16.67,0.13,0.54,0.40,1.15,0.00,861
89.491,16.67,0.13,0.54,0.40,1.16,0.00,857
89.508,16.65,0.14,0.56,0.41,1.14,0.00,851
89.524,16.68,0.16,0.57,0.54,1.17,0.00,846
89.541,16.66,0.15,0.56,0.40,1.16,0.00,839
89.558,16.67,0.13,0.57,0.42,1.16,0.00,834
89.574,16.67,0.14,0.57,0.44,1.18,0.00,824
89.591,16.74,0.13,0.57,0.42,1.16,0.00,820
89.608,16.59,0.13,0.55,0.40,1.18,0.00,815
89.624,16.69,0.13,0.55,0.43,1.17,0.00,808
89.641,16.67,0.15,0.54,0.47,1.14,0.00,799
89.658,16.65,0.13,0.56,0.41,1.14,0.00,787
89.674,16.69,0.12,0.53,0.39,1.13,0.00,778
89.691,16.64,0.15,0.54,0.41,1.14,0.00,765
89.708,16.67,0.13,0.53,0.38,1.14,0.00,762
89.724,16.68,0.12,0.52,0.39,1.16,0.00,756
89.741,16.66,0.12,0.53,0.41,1.13,0.00,748
89.758,16.68,0.12,0.51,0.40,1.12,0.00,744
89.774,16.66,0.15,0.54,0.47,1.11,0.00,733
89.791,16.68,0.16,0.54,0.52,1.12,0.00,727
89.808,16.66,0.14,0.52,0.40,1.13,0.00,718
89.824,16.67,0.13,0.55,0.44,1.11,0.00,714
89.841,16.67,0.13,0.52,0.40,1.12,0.00,703
89.858,16.67,0.13,0.52,0.41,1.11,0.00,699
89.874,16.68,0.12,0.48,0.43,1.11,0.00,692
89.891,16.65,0.13,0.48,0.46,1.10,0.00,682
89.908,16.67,0.13,0.46,0.43,1.11,0.00,680
89.924,16.68,0.12,0.47,0.38,1.13,0.00,676
89.941,16.66,0.11,0.47,0.38,1.11,0.00,664
89.958,16.67,0.12,0.46,0.38,1.12,0.00,653
89.974,16.68,0.11,0.46,0.37,1.11,0.00,645
89.991,16.66,0.13,0.45,0.39,1.13,0.00,639
90.008,16.67,0.13,0.44,0.40,1.12,0.00,633
90.024,16.73,0.12,0.49,0.44,1.11,0.00,627
90.041,16.60,0.13,0.47,0.40,1.11,0.00,621
90.058,16.68,0.13,0.48,0.43,1.11,0.00,616
90.074,16.66,0.14,0.47,0.46,1.10,0.00,607
90.091,16.68,0.11,0.47,0.40,1.10,0.00,598
90.108,16.66,0.12,0.46,0.38,1.12,0.00,591
90.124,16.67,0.11,0.46,0.40,1.10,0.00,582
90.141,16.67,0.11,0.44,0.38,1.12,0.00,576
90.158,16.66,0.12,0.43,0.39,1.09,0.00,570
90.174,16.68,0.11,0.42,0.39,1.10,0.00,562
90.191,16.66,0.12,0.42,0.38,1.09,0.00,550
90.208,16.69,0.10,0.43,0.37,1.10,0.00,540
90.224,16.64,0.12,0.42,0.39,1.09,0.00,532
90.241,16.68,0.10,0.41,0.39,1.09,0.00,524
90.258,16.67,0.12,0.43,0.43,1.09,0.00,517
90.274,16.66,0.10,0.44,0.44,1.09,0.00,506
90.291,16.67,0.10,0.41,0.42,1.09,0.00,497
90.308,16.69,0.08,0.42,0.38,1.09,0.00,493
90.324,16.66,0.09,0.45,0.47,1.09,0.00,487
90.341,16.67,0.09,0.43,0.43,1.08,0.00,477
90.358,16.66,0.09,0.40,0.39,1.08,0.00,472
90.374,16.67,0.08,0.40,0.38,1.10,0.00,461
90.391,16.66,0.09,0.39,0.38,1.10,0.00,454
90.408,16.67,0.09,0.41,0.39,1.08,0.00,446
90.424,16.67,0.09,0.39,0.38,1.09,0.00,438
90.441,16.67,0.09,0.40,0.40,1.07,0.00,431
90.458,16.67,0.09,0.38,0.38,1.08,0.00,424
90.474,16.67,0.09,0.39,0.36,1.08,0.00,414
90.491,16.67,0.09,0.40,0.41,1.08,0.00,408
90.508,16.67,0.09,0.38,0.38,1.07,0.00,406
90.524,16.67,0.09,0.39,0.40,1.08,0.00,401
90.541,16.67,0.09,0.38,0.39,1.08,0.00,395
90.558,16.67,0.07,0.39,0.36,1.07,0.00,390
90.574,16.67,0.08,0.38,0.41,1.09,0.00,386
90.591,16.67,0.09,0.37,0.36,1.08,0.00,370
90.608,16.67,0.08,0.37,0.38,1.08,0.00,366
90.624,16.67,0.08,0.37,0.38,1.09,0.00,360
90.641,16.67,0.07,0.37,0.38,1.09,0.00,351
90.658,16.67,0.06,0.36,0.37,1.07,0.00,348
90.674,16.67,0.05,0.36,0.37,1.08,0.00,345
90.691,16.68,0.04,0.37,0.37,1.08,0.00,340
90.708,16.65,0.05,0.36,0.36,1.08,0.00,336
90.724,16.67,0.05,0.37,0.39,1.08,0.00,332
90.741,16.66,0.05,0.37,0.37,1.08,0.00,327
90.758,16.67,0.07,0.40,0.46,1.08,0.00,317
90.774,16.67,0.07,0.36,0.44,1.08,0.00,309
90.791,16.66,0.06,0.34,0.39,1.08,0.00,303
90.808,16.67,0.06,0.33,0.36,1.08,0.00,297
90.824,16.68,0.08,0.36,0.46,1.08,0.00,290
90.841,16.66,0.04,0.35,0.44,1.08,0.00,284
90.858,16.67,0.05,0.35,0.38,1.08,0.00,275
90.875,16.68,0.05,0.34,0.40,1.08,0.00,265
90.891,16.66,0.05,0.34,0.38,1.09,0.00,259
90.908,16.67,0.05,0.34,0.43,1.08,0.00,250
90.925,16.68,0.03,0.32,0.36,1.08,0.00,242
90.941,16.67,0.03,0.34,0.39,1.08,0.00,236
90.958,16.65,0.03,0.33,0.36,1.08,0.00,228
90.975,16.68,0.00,0.37,0.37,1.08,0.00,253
