t,frameMs,tickMs,buildMs,encodeMs,gpuMs,inkMs,instances
0.000,26.58,0.00,0.15,1729.12,0.00,0.00,346
1.737,1737.40,0.00,0.09,0.72,3.23,0.01,346
1.748,10.85,0.00,0.08,0.77,1.86,0.00,344
1.765,16.66,0.02,0.07,0.10,2.46,0.02,345
1.782,16.66,0.00,0.07,0.07,2.05,0.00,343
1.798,16.60,0.00,0.07,7.81,2.00,7.52,344
1.815,16.67,0.01,0.07,0.06,1.87,0.00,346
1.832,16.67,0.00,0.07,0.33,1.88,0.04,349
1.848,16.68,0.00,0.07,0.06,1.88,0.00,349
1.865,16.66,0.00,0.08,0.37,1.89,0.04,350
1.882,16.67,0.00,0.08,0.07,1.88,0.00,350
1.903,21.85,0.00,0.13,0.48,1.88,0.05,352
1.915,11.47,0.00,0.10,0.09,1.87,0.00,351
1.932,16.69,0.00,0.09,3.53,1.89,3.23,352
1.948,16.68,0.00,0.09,0.07,1.89,0.00,353
1.965,16.66,0.00,0.09,0.41,1.92,0.07,353
1.982,16.67,0.00,0.09,0.07,1.91,0.00,354
1.998,16.72,0.00,0.10,0.53,1.91,0.09,356
2.015,16.62,0.00,0.12,0.08,1.92,0.00,357
2.032,16.67,0.00,0.12,0.61,1.90,0.10,358
2.048,16.68,0.01,0.24,0.32,1.91,0.00,358
2.065,16.65,0.02,0.31,6.55,1.92,5.65,359
2.082,16.66,0.01,0.29,0.27,1.93,0.00,357
2.098,16.74,0.01,0.36,1.33,1.92,0.20,359
2.115,16.65,0.01,0.48,0.44,1.93,0.00,358
2.132,16.65,0.02,0.50,1.77,1.95,0.28,358
2.148,16.69,0.02,0.53,0.50,1.94,0.00,359
2.165,16.65,0.02,0.51,1.82,1.94,0.28,361
2.182,16.66,0.02,0.29,0.31,1.95,0.00,362
2.198,16.70,0.02,0.26,6.77,1.95,5.88,361
2.215,16.65,0.03,0.55,0.50,1.93,0.00,358
2.232,16.69,0.02,0.52,1.82,1.98,0.28,357
2.248,16.64,0.03,0.50,0.45,2.00,0.00,357
2.265,16.84,0.01,0.27,0.94,1.99,0.14,356
2.282,16.54,0.01,0.38,0.33,1.99,0.00,354
2.298,16.61,0.01,0.50,1.72,2.00,0.27,353
2.315,16.67,0.03,0.47,0.40,2.01,0.00,353
2.332,16.66,0.02,0.49,7.61,2.00,6.08,352
2.348,16.72,0.02,0.52,0.43,2.00,0.00,349
2.365,16.63,0.02,0.46,1.74,1.99,0.27,348
2.382,16.66,0.02,0.50,0.46,2.04,0.00,348
2.398,16.74,0.01,0.48,1.71,1.99,0.27,346
2.417,18.50,0.01,0.37,0.33,2.01,0.00,344
2.432,14.77,0.03,0.49,1.74,1.98,0.27,340
2.448,16.67,0.02,0.49,0.41,1.99,0.00,339
2.465,16.65,0.01,0.46,7.54,1.97,6.03,337
2.482,16.67,0.03,0.50,0.41,2.00,0.00,337
2.498,16.68,0.01,0.46,1.71,1.96,0.27,338
2.515,16.73,0.02,0.50,0.42,1.97,0.00,335
2.532,16.60,0.01,0.47,1.69,1.98,0.27,332
2.548,16.68,0.02,0.49,0.46,1.97,0.00,332
2.565,16.65,0.03,0.47,1.77,1.98,0.27,331
2.582,16.68,0.03,0.48,0.42,1.96,0.00,328
2.598,16.67,0.01,0.47,7.64,1.94,6.06,327
2.615,16.67,0.02,0.53,0.47,1.92,0.00,327
2.632,16.67,0.02,0.50,1.81,1.92,0.30,324
2.648,16.78,0.02,0.53,0.51,1.89,0.00,323
2.665,16.55,0.02,0.53,1.88,1.88,0.37,320
2.682,16.67,0.02,0.51,0.45,1.90,0.00,317
2.698,16.66,0.01,0.48,1.81,1.88,0.37,318
2.715,16.67,0.03,0.47,0.38,1.88,0.00,317
2.732,16.73,0.01,0.38,7.47,1.85,5.99,314
2.748,16.61,0.01,0.38,0.32,1.88,0.00,313
2.765,16.65,0.01,0.36,1.41,1.84,0.20,313
2.782,16.68,0.01,0.34,0.32,1.84,0.00,310
2.798,16.67,0.01,0.33,1.44,1.82,0.20,309
2.815,16.66,0.01,0.33,0.30,1.82,0.00,306
2.832,16.67,0.01,0.34,1.48,1.84,0.21,303
2.848,16.66,0.01,0.33,0.30,1.82,0.00,303
2.865,16.67,0.01,0.34,7.14,1.82,5.68,302
2.882,16.66,0.01,0.35,0.32,1.82,0.00,302
2.898,16.74,0.02,0.44,1.78,1.79,0.27,300
2.915,16.61,0.02,0.47,0.50,1.80,0.00,299
2.932,16.83,0.02,0.47,1.77,1.78,0.27,296
2.948,16.51,0.01,0.36,0.37,1.78,0.00,296
2.965,16.64,0.02,0.33,1.42,1.77,0.21,292
2.982,16.72,0.01,0.35,0.34,1.80,0.00,290
2.998,16.63,0.01,0.35,7.29,1.80,5.82,290
3.015,16.67,0.01,0.36,0.32,1.81,0.00,289
3.032,16.66,0.01,0.34,1.42,1.77,0.20,287
3.048,16.70,0.01,0.42,0.40,1.79,0.00,287
3.065,16.69,0.02,0.45,1.79,1.77,0.27,286
3.082,16.63,0.02,0.45,0.45,1.79,0.00,284
3.098,16.68,0.02,0.46,1.80,1.76,0.27,282
3.115,16.73,0.26,0.84,0.52,1.78,0.00,333
3.132,16.58,0.06,0.56,7.03,2.70,5.82,330
3.148,16.67,0.06,0.55,0.43,2.69,0.00,330
3.165,16.73,0.05,0.57,1.34,2.68,0.20,329
3.182,16.63,0.04,0.55,0.34,2.69,0.00,325
3.198,16.63,0.04,0.55,1.30,2.68,0.20,323
3.215,16.67,0.04,0.54,0.29,2.69,0.00,323
3.232,16.67,0.04,0.52,1.50,2.68,0.21,320
3.248,16.67,0.04,0.54,0.29,2.69,0.00,320
3.265,16.67,0.04,0.55,7.27,2.68,5.78,320
3.282,16.67,0.04,0.57,0.32,2.77,0.00,319
3.298,16.68,0.04,0.56,1.29,2.76,0.20,320
3.315,16.65,0.03,0.54,0.30,2.78,0.00,320
3.332,16.67,0.04,0.55,1.32,2.78,0.20,322
3.348,16.66,0.03,0.55,0.30,2.78,0.00,355
3.365,16.67,0.03,0.54,1.27,2.84,0.20,358
3.382,16.67,0.03,0.55,0.29,2.85,0.00,361
3.398,16.67,0.03,0.54,7.21,2.86,5.74,364
3.415,16.74,0.04,0.56,0.31,2.87,0.00,368
3.432,16.61,0.04,0.75,1.80,2.83,0.27,368
3.448,16.67,0.06,0.74,0.40,2.83,0.00,371
3.465,16.66,0.04,0.72,1.72,2.83,0.27,374
3.482,16.67,0.05,0.71,0.37,2.83,0.00,376
3.498,16.69,0.04,0.73,1.69,2.81,0.27,381
3.515,16.65,0.05,0.72,0.38,2.83,0.00,384
3.532,16.76,0.04,0.75,7.49,2.69,5.99,385
3.548,16.60,0.06,0.76,0.42,2.25,0.00,390
3.565,16.66,0.05,0.78,1.81,2.23,0.27,397
3.582,16.66,0.05,0.70,0.46,2.25,0.00,399
3.598,16.66,0.05,0.67,1.71,2.25,0.27,401
3.615,16.69,0.16,0.74,0.40,2.27,0.00,448
3.632,16.66,0.04,0.74,1.73,2.44,0.27,457
3.648,16.67,0.04,0.74,0.40,2.55,0.00,463
3.665,16.67,0.04,0.75,7.40,2.55,5.92,469
3.682,16.66,0.06,0.77,0.41,2.56,0.00,472
3.698,16.70,0.06,0.76,1.76,2.55,0.27,477
3.715,16.64,0.06,0.74,0.40,2.55,0.00,483
3.732,16.72,0.04,0.74,1.72,2.57,0.27,485
3.748,16.62,0.04,0.73,0.39,2.58,0.00,488
3.765,16.66,0.04,0.73,1.71,2.57,0.27,488
3.782,16.68,0.04,0.72,0.38,2.56,0.00,488
3.798,16.66,0.04,0.73,7.47,2.55,5.97,489
3.815,16.66,0.05,0.76,0.41,2.56,0.00,492
3.832,16.68,0.06,0.74,1.74,2.54,0.27,495
3.848,16.68,0.05,0.80,0.42,2.54,0.00,494
3.865,16.64,0.06,0.74,1.72,2.54,0.27,496
3.882,16.68,0.04,0.73,0.39,2.55,0.00,498
3.898,16.73,0.05,0.75,1.74,2.54,0.27,500
3.915,16.60,0.04,0.76,0.39,2.55,0.00,499
3.932,16.67,0.04,0.75,7.53,2.54,6.01,501
3.948,16.67,0.05,0.78,0.49,2.53,0.00,504
3.965,16.66,0.06,0.77,1.77,2.53,0.27,503
3.982,16.66,0.05,0.74,0.41,2.54,0.00,503
3.998,16.68,0.04,0.75,1.72,2.54,0.27,503
4.015,16.66,0.06,0.75,0.40,2.55,0.00,501
4.032,16.68,0.04,0.74,1.72,2.56,0.27,505
4.048,16.66,0.06,0.75,0.42,2.57,0.00,504
4.065,16.67,0.06,0.76,7.62,2.54,6.09,499
4.082,16.73,0.06,0.84,0.49,2.54,0.00,499
4.098,16.68,0.04,0.57,1.32,2.54,0.20,497
4.115,16.65,0.05,0.77,0.47,2.53,0.00,497
4.132,16.61,0.06,0.73,1.71,2.53,0.27,499
4.148,16.68,0.05,0.75,0.38,2.53,0.00,496
4.165,16.66,0.05,0.74,1.70,2.52,0.27,493
4.182,16.70,0.04,0.75,0.40,2.54,0.00,492
4.198,16.65,0.06,0.76,7.45,2.52,5.91,493
4.215,16.66,0.06,0.77,0.44,2.51,0.00,492
4.232,16.66,0.06,0.75,1.71,2.51,0.27,490
4.248,16.67,0.05,0.73,0.38,2.50,0.00,489
4.265,16.67,0.06,0.73,1.73,2.48,0.27,486
4.282,16.68,0.04,0.72,0.39,2.48,0.00,480
4.298,16.67,0.04,0.76,1.71,2.46,0.27,477
4.315,16.67,0.05,0.76,0.40,2.46,0.00,476
4.332,16.66,0.04,0.75,7.58,2.45,6.08,473
4.348,16.65,0.04,0.58,0.33,2.44,0.00,470
4.365,16.69,0.04,0.74,1.73,2.42,0.27,465
4.382,16.67,0.04,0.73,0.39,2.42,0.00,463
4.398,16.66,0.05,0.72,1.76,2.40,0.27,461
4.415,16.73,0.07,0.78,0.52,2.38,0.00,458
4.432,16.61,0.06,0.74,1.75,2.37,0.27,454
4.448,16.67,0.06,0.76,0.45,2.35,0.00,452
4.465,16.67,0.07,0.74,7.42,2.35,5.90,448
4.482,16.68,0.07,0.78,0.43,2.36,0.00,446
4.499,16.73,0.05,0.75,1.73,2.35,0.27,440
4.515,16.59,0.07,0.81,0.43,2.34,0.00,437
4.532,16.67,0.06,0.74,1.71,2.31,0.27,434
4.548,16.67,0.05,0.74,0.41,2.30,0.00,427
4.565,16.66,0.04,0.73,1.71,2.30,0.27,425
4.582,16.67,0.05,0.76,0.46,2.29,0.00,418
4.598,16.69,0.05,0.75,7.62,2.27,6.08,413
4.615,16.65,0.05,0.73,0.42,2.26,0.00,402
4.632,16.67,0.04,0.69,1.69,1.98,0.27,401
4.648,16.67,0.04,0.68,0.39,2.01,0.00,400
4.665,16.66,0.06,0.70,1.76,1.99,0.27,398
4.682,16.67,0.05,0.69,0.37,1.97,0.00,397
4.698,16.68,0.04,0.69,1.73,1.99,0.27,396
4.715,16.66,0.06,0.68,0.39,1.99,0.00,393
4.732,16.66,0.04,0.67,7.33,1.97,5.87,393
4.748,16.66,0.06,0.71,0.40,1.98,0.00,391
4.765,16.68,0.08,0.92,1.89,1.96,0.47,446
4.782,16.72,0.06,0.95,0.47,2.88,0.00,445
4.798,16.61,0.07,0.94,1.71,2.86,0.27,442
4.815,16.67,0.07,0.94,0.38,2.87,0.00,440
4.832,16.74,0.06,0.92,1.74,2.87,0.29,439
4.848,16.62,0.06,0.95,0.42,2.85,0.00,438
4.865,16.66,0.06,0.94,7.51,2.86,6.00,437
4.882,16.65,0.08,0.97,0.41,2.86,0.00,436
4.899,16.75,0.06,0.94,1.72,2.87,0.28,434
4.915,16.58,0.07,0.95,0.40,2.87,0.00,432
4.932,16.67,0.08,0.96,1.54,2.92,0.27,428
4.948,16.64,0.03,0.40,0.26,2.91,0.00,427
4.965,16.68,0.08,0.99,1.81,2.94,0.28,423
4.982,16.68,0.07,0.94,0.40,2.96,0.00,420
4.998,16.66,0.07,0.93,7.54,2.97,6.02,432
5.015,16.75,0.06,0.96,0.46,3.01,0.00,432
5.032,16.59,0.06,0.95,1.74,3.03,0.28,432
5.048,16.67,0.05,0.93,0.39,3.05,0.00,429
5.065,16.66,0.06,0.92,1.70,3.06,0.28,429
5.082,16.67,0.07,0.75,0.41,3.02,0.00,419
5.098,16.68,0.07,0.78,1.80,2.98,0.28,421
5.115,16.66,0.07,0.76,0.45,2.99,0.00,420
5.132,16.66,0.05,0.74,7.49,2.99,5.99,423
5.149,16.69,0.07,0.78,0.41,3.00,0.00,423
5.165,16.68,0.05,0.76,1.71,3.02,0.27,423
5.182,16.68,0.05,0.77,0.43,2.44,0.00,425
5.198,16.63,0.06,0.75,1.75,2.43,0.27,426
5.215,16.69,0.07,0.73,0.39,2.44,0.00,427
5.232,16.72,0.05,0.78,1.75,2.46,0.27,428
5.248,16.60,0.07,0.76,0.41,2.46,0.00,429
5.265,16.67,0.05,0.75,7.40,2.44,5.91,430
5.282,16.67,0.07,0.77,0.45,2.46,0.00,435
5.299,16.67,0.06,0.75,1.71,2.46,0.27,436
5.315,16.68,0.05,0.75,0.39,2.46,0.00,437
5.332,16.67,0.05,0.73,1.70,2.45,0.27,439
5.349,16.69,0.05,0.76,0.45,2.45,0.00,440
5.365,16.66,0.05,0.58,1.36,2.45,0.21,441
5.382,16.62,0.03,0.32,0.41,2.47,0.00,442
5.399,16.70,0.05,0.74,7.51,2.48,6.01,443
5.415,16.66,0.07,0.77,0.41,2.49,0.00,445
5.432,16.68,0.05,0.73,1.70,2.48,0.27,447
5.449,16.67,0.06,0.76,0.43,2.48,0.00,449
5.465,16.69,0.06,0.77,1.79,2.46,0.27,453
5.482,16.67,0.06,0.77,0.49,2.46,0.00,457
5.499,16.65,0.06,0.76,1.82,2.46,0.27,460
5.515,16.66,0.07,0.74,0.41,2.49,0.00,461
5.532,16.68,0.05,0.74,7.45,2.50,5.94,462
5.549,16.66,0.07,0.76,0.42,2.51,0.00,465
5.565,16.66,0.06,0.72,1.71,2.51,0.27,466
5.582,16.69,0.05,0.69,0.39,2.50,0.00,467
5.599,16.65,0.07,0.69,1.79,2.49,0.28,463
5.615,16.67,0.23,0.82,0.47,2.48,0.00,562
5.632,16.67,0.08,0.76,1.74,2.67,0.27,572
5.649,16.67,0.10,0.78,0.40,2.78,0.00,571
5.665,16.67,0.09,0.76,7.54,2.78,6.04,570
5.682,16.68,0.11,0.82,0.42,2.79,0.00,569
5.699,16.66,0.10,0.81,1.81,2.78,0.28,569
5.715,16.66,0.10,0.78,0.41,2.78,0.00,567
5.732,16.74,0.08,0.77,1.73,2.77,0.27,568
5.749,16.61,0.08,0.76,0.40,2.77,0.00,567
5.765,16.66,0.08,0.76,1.71,2.76,0.27,566
5.782,16.68,0.09,0.78,0.41,2.77,0.00,565
5.799,16.66,0.08,0.77,7.38,2.76,5.88,565
5.815,16.67,0.11,0.80,0.43,2.76,0.00,566
5.832,16.69,0.08,0.75,1.71,2.78,0.27,566
5.849,16.67,0.09,0.78,0.43,2.77,0.00,566
5.865,16.64,0.08,0.77,1.71,2.77,0.27,565
5.882,16.67,0.08,0.75,0.38,2.78,0.00,565
5.899,16.75,0.08,0.79,1.73,2.76,0.28,565
5.915,16.60,0.10,0.80,0.48,2.77,0.00,563
5.932,16.66,0.09,0.77,7.49,2.75,5.99,561
5.949,16.69,0.09,0.78,0.46,2.75,0.00,558
5.965,16.65,0.11,0.78,1.74,2.72,0.27,557
5.982,16.74,0.08,0.76,0.40,2.77,0.00,556
5.999,16.61,0.08,0.78,1.72,2.76,0.27,557
6.015,16.66,0.09,0.78,0.39,2.75,0.00,553
6.032,16.68,0.08,0.77,1.71,2.74,0.27,551
6.049,16.65,0.09,0.77,0.38,2.72,0.00,551
6.065,16.68,0.08,0.76,7.34,2.71,5.85,549
6.082,16.66,0.10,0.81,0.44,2.70,0.00,550
6.099,16.67,0.09,0.79,1.76,2.69,0.27,549
6.115,16.74,0.10,0.81,0.47,2.68,0.00,543
6.132,16.60,0.10,0.79,1.75,2.68,0.27,538
6.149,16.66,0.09,0.77,0.41,2.67,0.00,535
6.165,16.67,0.08,0.76,1.70,2.66,0.27,530
6.182,16.67,0.08,0.75,0.38,2.64,0.00,529
6.199,16.67,0.09,0.79,7.56,2.63,6.05,527
6.215,16.66,0.10,0.79,0.42,2.62,0.00,525
6.232,16.68,0.09,0.75,1.79,2.60,0.28,520
6.249,16.67,0.11,0.80,0.48,2.57,0.00,519
6.265,16.67,0.12,0.77,1.81,2.58,0.27,518
6.282,16.68,0.09,0.76,0.50,2.22,0.00,516
6.299,16.66,0.09,0.72,1.79,2.21,0.27,515
6.315,16.68,0.09,0.73,0.48,2.20,0.00,514
6.332,16.66,0.11,0.74,7.77,2.20,6.21,513
6.349,16.69,0.11,0.78,0.53,2.19,0.00,512
6.365,16.65,0.11,0.77,1.81,2.17,0.27,512
6.382,16.66,0.11,0.76,0.49,2.17,0.00,512
6.399,16.67,0.16,0.76,1.80,2.17,0.27,512
6.415,16.76,0.10,0.74,0.48,2.16,0.00,511
6.432,16.63,0.09,0.75,1.82,2.19,0.27,511
6.449,16.63,0.10,0.76,0.46,2.18,0.00,510
6.465,16.67,0.08,0.76,8.01,2.17,6.44,509
6.482,16.70,0.10,0.77,0.51,2.16,0.00,506
6.499,16.63,0.12,0.77,1.85,2.17,0.27,506
6.515,16.64,0.11,0.74,0.47,2.16,0.00,505
6.532,16.68,0.10,0.75,1.80,2.15,0.27,504
6.549,16.67,0.11,0.74,0.51,2.15,0.00,503
6.565,16.68,0.12,0.76,1.82,2.15,0.27,503
6.582,16.66,0.09,0.75,0.52,2.16,0.00,502
6.599,16.66,0.10,0.75,7.79,2.17,6.22,501
6.615,16.69,0.10,0.77,0.52,2.16,0.00,498
6.632,16.64,0.06,0.75,1.81,2.15,0.27,495
6.649,16.66,0.06,0.74,0.49,2.14,0.00,495
6.665,16.68,0.06,0.74,1.81,2.14,0.27,493
6.682,16.65,0.06,0.74,0.50,2.13,0.00,488
6.699,16.69,0.05,0.73,1.76,2.13,0.27,487
6.715,16.65,0.08,0.73,0.46,2.12,0.00,487
6.732,16.77,0.06,0.61,7.73,2.14,6.18,474
6.749,16.59,0.07,0.55,0.51,2.12,0.00,473
6.765,16.74,0.06,0.57,1.85,2.11,0.27,471
6.782,16.57,0.06,0.53,0.49,2.10,0.00,468
6.799,16.67,0.06,0.52,1.81,2.10,0.27,465
6.815,16.67,0.06,0.53,0.47,2.09,0.00,465
6.832,16.67,0.05,0.52,1.77,2.07,0.25,463
6.849,16.67,0.06,0.54,0.54,2.06,0.00,462
6.865,16.74,0.11,0.79,7.80,2.06,6.24,507
6.882,16.59,0.13,0.80,0.50,2.93,0.00,506
6.899,16.69,0.11,0.79,1.81,2.92,0.24,505
6.915,16.65,0.11,0.78,0.50,2.91,0.00,502
6.932,16.67,0.11,0.78,1.80,2.91,0.24,500
6.949,16.66,0.12,0.80,0.48,2.91,0.00,498
6.965,16.67,0.12,0.78,1.76,2.90,0.24,496
6.982,16.66,0.12,0.81,0.47,2.90,0.00,493
6.999,16.75,0.11,0.79,7.77,2.89,6.23,493
7.015,16.59,0.12,0.83,0.50,2.89,0.00,495
7.032,16.67,0.12,0.80,1.76,2.87,0.24,494
7.049,16.69,0.13,0.84,0.52,2.86,0.00,497
7.065,16.65,0.12,0.83,1.79,2.87,0.25,496
7.082,16.73,0.12,0.81,0.51,2.87,0.00,496
7.099,16.59,0.12,0.81,1.77,2.85,0.24,496
7.115,16.66,0.13,0.81,0.48,2.86,0.00,496
7.132,16.67,0.13,0.81,7.85,2.85,6.27,498
7.149,16.67,0.13,0.85,0.46,2.86,0.00,498
7.165,16.76,0.11,0.81,1.76,2.85,0.24,501
7.182,16.57,0.10,0.81,0.47,2.88,0.00,501
7.199,16.76,0.10,0.84,1.76,2.87,0.24,502
7.215,16.70,0.10,0.83,0.48,2.88,0.00,501
7.232,16.63,0.10,0.83,1.75,2.87,0.24,501
7.249,16.64,0.10,0.80,0.46,2.87,0.00,504
7.265,16.68,0.08,0.62,6.83,2.88,5.63,504
7.282,16.58,0.05,0.33,0.26,2.30,0.00,506
7.299,16.69,0.11,0.83,1.75,2.29,0.24,507
7.315,16.66,0.11,0.81,0.40,2.31,0.00,509
7.332,16.68,0.09,0.80,1.68,2.34,0.24,511
7.349,16.66,0.11,0.80,0.46,2.35,0.00,515
7.365,16.67,0.12,0.83,1.77,2.34,0.24,516
7.382,16.69,0.11,0.84,0.49,2.35,0.00,517
7.399,16.64,0.10,0.81,7.60,2.35,6.06,517
7.415,16.67,0.10,0.82,0.43,2.36,0.00,519
7.432,16.67,0.09,0.79,1.69,2.36,0.24,519
7.449,16.68,0.09,0.80,0.46,2.38,0.00,521
7.465,16.66,0.12,0.89,1.84,2.36,0.24,523
7.482,16.72,0.07,0.68,0.39,2.40,0.00,522
7.499,16.59,0.06,0.44,0.99,2.40,0.14,524
7.515,16.74,0.08,0.62,0.37,2.42,0.00,528
7.532,16.69,0.09,0.80,7.55,2.41,6.06,527
7.549,16.59,0.10,0.84,0.41,2.43,0.00,529
7.565,16.69,0.09,0.79,1.70,2.43,0.24,530
7.582,16.64,0.10,0.76,0.41,2.43,0.00,531
7.599,16.67,0.10,0.74,1.71,2.45,0.24,530
7.615,16.67,0.23,0.83,0.43,2.45,0.00,561
7.632,16.68,0.09,0.84,1.76,2.61,0.24,568
7.649,16.66,0.10,0.86,0.45,2.68,0.00,568
7.665,16.67,0.08,0.84,7.44,2.69,5.93,570
7.682,16.67,0.12,0.87,0.44,2.70,0.00,571
7.699,16.66,0.10,0.89,1.80,2.70,0.24,571
7.715,16.67,0.12,0.88,0.53,2.70,0.00,572
7.732,16.73,0.10,0.86,1.74,2.71,0.25,575
7.749,16.61,0.09,0.87,0.43,2.73,0.00,576
7.765,16.67,0.09,0.84,1.69,2.72,0.24,574
7.782,16.66,0.09,0.85,0.39,2.75,0.00,574
7.799,16.67,0.09,0.84,7.52,2.74,6.01,572
7.815,16.67,0.12,0.87,0.45,2.76,0.00,569
7.832,16.69,0.09,0.85,1.73,2.74,0.26,570
7.849,16.65,0.11,0.86,0.43,2.75,0.00,568
7.865,16.66,0.10,0.83,1.73,2.75,0.27,571
7.882,16.67,0.09,0.85,0.41,2.75,0.00,570
7.899,16.76,0.10,0.89,1.80,2.74,0.28,571
7.915,16.60,0.10,0.85,0.41,2.75,0.00,571
7.932,16.66,0.09,0.84,7.62,2.75,6.06,571
7.949,16.67,0.12,0.90,0.47,2.75,0.00,571
7.965,16.66,0.12,0.89,1.80,2.75,0.27,568
7.982,16.66,0.10,0.84,0.41,2.76,0.00,565
7.999,16.67,0.10,0.85,1.73,2.75,0.26,564
8.015,16.67,0.09,0.83,0.39,2.76,0.00,561
8.032,16.68,0.09,0.85,1.71,2.74,0.27,561
8.049,16.67,0.09,0.85,0.40,2.74,0.00,562
8.065,16.65,0.09,0.84,7.70,2.74,6.13,561
8.082,16.71,0.12,0.90,0.48,2.74,0.00,558
8.099,16.66,0.11,0.89,1.80,2.73,0.27,555
8.115,16.62,0.07,0.66,0.36,2.72,0.00,553
8.132,16.73,0.07,0.62,1.50,2.72,0.19,550
8.149,16.67,0.07,0.63,0.38,2.72,0.00,546
8.165,16.63,0.09,0.87,1.75,2.72,0.27,546
8.182,16.65,0.10,0.86,0.41,2.72,0.00,544
8.199,16.68,0.09,0.87,7.49,2.70,5.96,545
8.215,16.67,0.15,1.17,0.47,2.68,0.00,591
8.232,16.73,0.10,1.16,1.93,3.52,0.46,592
8.249,16.61,0.11,1.17,0.42,3.53,0.00,588
8.265,16.66,0.11,1.15,1.71,3.52,0.28,584
8.282,16.67,0.12,1.16,0.41,3.52,0.00,580
8.299,16.67,0.11,1.16,1.71,3.51,0.27,577
8.315,16.68,0.10,1.15,0.40,3.53,0.00,576
8.332,16.74,0.10,1.19,7.49,3.52,5.99,571
8.349,16.59,0.12,1.18,0.45,3.51,0.00,563
8.365,16.72,0.09,0.84,1.41,3.51,0.21,554
8.382,16.59,0.08,0.85,0.33,3.15,0.00,552
8.399,16.68,0.08,0.84,1.29,3.15,0.21,555
8.415,16.66,0.08,0.87,0.32,3.17,0.00,556
8.432,16.68,0.08,0.86,1.27,3.17,0.21,555
8.449,16.66,0.08,0.88,0.32,3.20,0.00,554
8.465,16.72,0.08,0.86,7.41,3.20,5.91,554
8.482,16.64,0.13,1.22,0.44,3.21,0.00,555
8.499,16.68,0.11,1.20,1.73,3.23,0.27,557
8.515,16.64,0.12,1.20,0.41,3.26,0.00,561
8.532,16.74,0.10,1.20,1.70,3.29,0.27,563
8.549,16.62,0.10,1.20,0.41,3.31,0.00,567
8.565,16.65,0.10,1.20,1.71,3.30,0.27,568
8.582,16.66,0.11,1.19,0.40,3.33,0.00,565
8.599,16.67,0.09,1.28,7.45,3.32,5.91,567
8.615,16.67,0.12,1.23,0.42,3.34,0.00,567
8.632,16.69,0.10,1.19,1.70,2.76,0.27,569
8.649,16.66,0.11,1.22,0.46,2.77,0.00,571
8.665,16.66,0.12,1.21,1.75,2.77,0.28,575
8.682,16.66,0.11,1.17,0.41,2.81,0.00,580
8.699,16.74,0.10,1.20,1.70,2.82,0.27,580
8.715,16.61,0.13,1.21,0.45,2.83,0.00,580
8.732,16.73,0.10,1.22,7.31,2.83,5.80,580
8.749,16.60,0.12,1.22,0.42,2.84,0.00,581
8.765,16.67,0.11,1.19,1.71,2.84,0.28,582
8.782,16.67,0.11,1.19,0.41,2.85,0.00,580
8.799,16.67,0.11,1.19,1.71,2.85,0.28,584
8.815,16.66,0.11,1.19,0.40,2.86,0.00,585
8.832,16.68,0.11,0.95,1.72,2.89,0.28,581
8.849,16.66,0.11,0.95,0.41,2.89,0.00,585
8.865,16.67,0.11,0.95,7.44,2.88,5.94,587
8.882,16.70,0.10,0.98,0.46,2.89,0.00,588
8.899,16.72,0.10,0.94,1.75,2.88,0.28,588
8.915,16.59,0.11,0.94,0.40,2.90,0.00,590
8.932,16.67,0.11,0.94,1.71,2.89,0.27,592
8.949,16.67,0.11,0.95,0.38,2.89,0.00,593
8.966,16.70,0.10,0.98,1.76,2.89,0.29,595
8.982,16.72,0.10,0.97,0.43,2.91,0.00,596
8.999,16.59,0.11,0.96,7.38,2.91,5.86,598
9.015,16.67,0.11,0.97,0.42,2.92,0.00,598
9.032,16.67,0.09,0.94,1.73,2.91,0.28,600
9.049,16.73,0.10,0.95,0.40,2.93,0.00,600
9.065,16.60,0.09,0.93,1.71,2.92,0.28,599
9.082,16.67,0.10,0.95,0.41,2.93,0.00,599
9.099,16.71,0.10,0.97,1.78,2.91,0.28,599
9.115,16.63,0.12,0.96,0.47,2.91,0.00,599
9.132,16.66,0.11,0.92,7.49,2.94,5.98,601
9.149,16.68,0.12,0.97,0.48,2.96,0.00,605
9.166,16.73,0.11,0.98,1.85,2.95,0.28,607
9.182,16.67,0.11,0.94,0.48,2.95,0.00,607
9.199,16.59,0.12,0.96,1.78,2.95,0.27,604
9.216,16.75,0.11,0.95,0.47,2.94,0.00,605
9.232,16.58,0.12,0.95,1.73,2.93,0.26,604
9.249,16.67,0.11,0.91,0.40,2.94,0.00,607
9.266,16.73,0.10,0.91,7.39,2.94,5.90,608
9.282,16.60,0.12,0.96,0.43,3.00,0.00,611
9.299,16.66,0.11,0.91,1.68,2.98,0.23,611
9.316,16.67,0.11,0.92,0.41,2.98,0.00,611
9.332,16.67,0.10,0.91,1.66,2.99,0.22,614
9.349,16.69,0.10,0.93,0.41,3.01,0.00,628
9.366,16.65,0.11,0.95,1.70,3.01,0.21,630
9.382,16.66,0.11,0.91,0.40,3.03,0.00,631
9.399,16.70,0.09,0.92,7.41,3.02,5.90,630
9.416,16.64,0.11,0.94,0.41,3.03,0.00,631
9.432,16.70,0.09,0.89,1.70,3.01,0.25,633
9.449,16.63,0.10,0.90,0.39,3.02,0.00,632
9.466,16.70,0.11,0.92,1.72,3.02,0.25,634
9.482,16.70,0.10,0.91,0.44,3.02,0.00,633
9.499,16.64,0.10,0.91,1.74,3.00,0.28,631
9.516,16.65,0.10,0.88,0.41,2.99,0.00,632
9.532,16.66,0.12,0.91,7.56,2.98,6.02,632
9.549,16.68,0.10,0.93,0.45,2.98,0.00,633
9.566,16.67,0.10,0.91,1.74,2.97,0.27,632
9.582,16.80,0.10,0.84,0.49,2.99,0.00,634
9.599,16.53,0.12,0.84,1.79,2.99,0.27,634
9.616,16.69,0.22,0.91,0.50,2.98,0.00,650
9.632,16.65,0.10,0.91,1.77,3.15,0.27,653
9.649,16.66,0.11,0.92,0.50,3.19,0.00,653
9.666,16.75,0.10,0.98,7.98,3.19,6.40,650
9.682,16.59,0.13,0.93,0.51,3.17,0.00,636
9.699,16.68,0.11,0.93,1.81,3.14,0.27,621
9.716,16.67,0.11,0.89,0.49,3.12,0.00,615
9.732,16.69,0.07,0.64,1.33,2.68,0.20,614
9.749,16.64,0.07,0.64,0.35,2.67,0.00,613
9.766,16.67,0.08,0.63,1.46,2.65,0.20,612
9.782,16.69,0.08,0.68,0.39,2.64,0.00,610
9.799,16.69,0.08,0.67,7.33,2.62,5.83,610
9.816,16.69,0.08,0.67,0.40,2.61,0.00,610
9.832,16.63,0.08,0.64,1.52,2.59,0.20,611
9.849,16.63,0.11,0.90,0.48,2.57,0.00,611
9.866,16.67,0.10,0.86,1.76,2.56,0.27,609
9.882,16.66,0.10,0.85,0.41,2.56,0.00,609
9.899,16.77,0.10,0.88,1.78,2.56,0.28,609
9.916,16.57,0.13,0.88,0.50,2.54,0.00,607
9.932,16.68,0.10,0.88,7.79,2.51,6.26,607
9.949,16.67,0.11,0.89,0.48,2.50,0.00,607
9.966,16.66,0.10,0.88,1.80,2.48,0.27,606
9.982,16.66,0.13,0.89,0.52,2.47,0.00,606
9.999,16.71,0.10,0.86,1.78,2.46,0.27,606
10.016,16.70,0.11,0.88,0.45,2.44,0.00,605
10.032,16.59,0.12,0.87,1.74,2.46,0.27,603
10.049,16.74,0.11,0.87,0.50,2.45,0.00,602
10.066,16.69,0.11,0.89,7.81,2.44,6.24,598
10.082,16.58,0.13,0.91,0.49,2.43,0.00,595
10.099,16.74,0.10,0.87,1.79,2.43,0.27,594
10.116,16.59,0.13,0.88,0.51,2.41,0.00,593
10.132,16.67,0.11,0.86,1.80,2.40,0.27,590
10.149,16.68,0.10,0.87,0.50,2.40,0.00,587
10.166,16.75,0.28,1.28,2.57,2.40,1.03,647
10.182,16.59,0.13,0.97,0.49,3.43,0.00,607
10.199,16.68,0.09,0.75,6.83,3.40,5.92,608
10.216,16.64,0.07,0.54,0.33,3.40,0.00,607
10.232,16.66,0.06,0.33,0.68,3.38,0.09,610
10.249,16.69,0.11,0.75,0.31,3.42,0.00,582
10.266,16.70,0.05,0.34,0.65,3.38,0.10,583
10.282,16.65,0.12,0.97,0.41,3.38,0.00,584
10.299,16.66,0.09,0.74,1.33,3.40,0.21,585
10.316,16.64,0.05,0.40,0.21,3.39,0.00,584
10.332,16.72,0.07,0.54,6.05,3.38,5.20,587
10.349,16.64,0.10,0.77,0.38,3.37,0.00,588
10.366,16.68,0.10,0.76,1.38,3.41,0.20,589
10.382,16.65,0.07,0.42,0.28,3.41,0.00,589
10.399,16.70,0.05,0.35,0.66,3.40,0.10,593
10.416,16.67,0.10,0.77,0.34,3.43,0.00,594
10.432,16.69,0.14,1.04,1.83,3.44,0.28,597
10.449,16.70,0.12,1.03,0.43,3.47,0.00,597
10.466,16.61,0.14,0.91,6.48,3.48,5.59,599
10.482,16.71,0.13,1.05,0.49,3.53,0.00,601
10.499,16.64,0.10,0.76,1.14,3.51,0.20,601
10.516,16.63,0.06,0.43,0.27,3.51,0.00,604
10.532,16.68,0.07,0.56,0.97,3.51,0.14,607
10.549,16.70,0.09,0.78,0.46,3.53,0.00,611
10.566,16.67,0.17,1.04,1.81,3.53,0.28,610
10.582,16.66,0.14,1.09,0.51,3.43,0.00,612
10.599,16.69,0.11,1.05,7.64,2.96,6.06,611
10.616,16.66,0.14,1.04,0.46,2.96,0.00,617
10.632,16.66,0.13,1.04,1.82,3.01,0.28,620
10.649,16.68,0.14,1.06,0.51,3.01,0.00,623
10.666,16.65,0.12,1.03,1.78,3.00,0.28,623
10.682,16.68,0.11,1.02,0.48,3.01,0.00,626
10.699,16.66,0.13,1.03,1.80,3.03,0.27,627
10.716,16.69,0.14,1.05,0.49,3.03,0.00,630
10.732,16.66,0.12,1.04,7.72,3.03,6.16,629
10.749,16.65,0.15,1.05,0.46,3.03,0.00,630
10.766,16.67,0.13,1.00,1.73,3.04,0.28,635
10.782,16.67,0.13,1.00,0.44,3.07,0.00,640
10.799,16.68,0.10,0.99,1.72,3.08,0.29,641
10.816,16.66,0.13,1.01,0.47,3.09,0.00,645
10.832,16.68,0.10,0.98,1.72,3.09,0.29,644
10.849,16.67,0.11,1.06,0.52,3.12,0.00,645
10.866,16.67,0.13,1.02,7.57,3.10,6.00,651
10.882,16.67,0.15,1.04,0.51,3.11,0.00,652
10.899,16.75,0.12,1.03,1.84,3.12,0.29,654
10.916,16.59,0.13,1.00,0.43,3.15,0.00,660
10.932,16.66,0.11,0.99,1.79,3.17,0.30,661
10.949,16.68,0.12,1.01,0.42,3.19,0.00,662
10.966,16.66,0.10,0.98,1.71,3.19,0.28,662
10.982,16.66,0.12,0.98,0.46,3.20,0.00,667
10.999,16.67,0.13,1.00,7.77,3.20,6.21,668
11.016,16.70,0.13,1.01,0.48,3.20,0.00,668
11.032,16.63,0.12,1.00,1.82,3.20,0.28,671
11.049,16.70,0.12,1.01,0.51,3.23,0.00,673
11.066,16.67,0.12,0.98,1.82,3.23,0.28,673
11.082,16.68,0.11,0.97,0.43,3.27,0.00,676
11.099,16.63,0.12,0.95,1.74,3.28,0.28,676
11.116,16.69,0.13,0.98,0.50,3.29,0.00,677
11.132,16.66,0.10,0.95,7.55,3.28,6.03,676
11.149,16.66,0.13,0.96,0.44,3.29,0.00,675
11.166,16.67,0.11,0.92,1.73,3.29,0.27,673
11.182,16.67,0.12,0.93,0.45,3.29,0.00,673
11.199,16.68,0.11,0.94,1.81,3.29,0.29,671
11.216,16.67,0.14,0.94,0.48,3.29,0.00,675
11.232,16.71,0.11,0.92,1.78,3.31,0.28,674
11.249,16.61,0.12,0.93,0.44,3.32,0.00,673
11.266,16.67,0.11,0.91,7.54,3.31,6.03,670
11.282,16.68,0.11,0.92,0.44,3.31,0.00,668
11.299,16.65,0.10,0.88,1.71,3.31,0.28,666
11.316,16.68,0.10,0.89,0.41,3.31,0.00,666
11.332,16.67,0.13,0.92,1.81,3.31,0.28,665
11.349,16.66,0.13,0.90,0.47,3.30,0.00,664
11.366,16.71,0.13,0.97,1.84,3.29,0.29,665
11.382,16.62,0.12,0.91,0.45,3.41,0.00,663
11.399,16.67,0.09,0.87,7.44,3.41,5.93,660
11.416,16.67,0.13,0.89,0.44,3.40,0.00,660
11.432,16.67,0.12,0.91,1.80,3.40,0.27,661
11.449,16.66,0.12,0.90,0.43,3.40,0.00,662
11.466,16.68,0.10,0.88,1.72,3.40,0.27,663
11.482,16.69,0.11,0.88,0.49,3.42,0.00,659
11.499,16.66,0.14,0.91,1.78,3.40,0.25,658
11.516,16.65,0.14,0.89,0.51,3.38,0.00,656
11.532,16.69,0.08,0.66,6.08,3.36,5.20,652
11.549,16.66,0.11,0.92,0.53,3.36,0.00,643
11.566,16.66,0.10,0.88,1.73,3.35,0.28,638
11.582,16.65,0.11,0.80,0.43,3.33,0.00,632
11.599,16.67,0.11,0.79,1.72,3.31,0.27,627
11.616,16.67,0.26,0.90,0.47,3.30,0.00,641
11.632,16.68,0.10,0.88,1.72,3.41,0.28,645
11.649,16.67,0.13,0.91,0.52,3.57,0.00,638
11.666,16.66,0.13,0.86,8.28,3.55,6.74,634
11.682,16.67,0.12,0.87,0.49,2.76,0.00,635
11.699,16.69,0.11,0.86,1.83,2.74,0.28,634
11.716,16.65,0.11,0.90,0.48,2.74,0.00,633
11.732,16.66,0.13,0.87,1.79,2.72,0.27,629
11.749,16.66,0.11,0.86,0.42,2.72,0.00,628
11.766,16.69,0.10,0.85,1.72,2.71,0.27,627
11.782,16.66,0.10,0.86,0.47,2.72,0.00,624
11.799,16.74,0.11,0.87,7.43,2.69,6.19,624
11.816,16.61,0.14,0.88,0.50,2.69,0.00,620
11.832,16.67,0.08,0.64,1.36,2.71,0.21,619
11.849,16.64,0.13,0.87,0.48,2.70,0.00,618
11.866,16.68,0.10,0.85,1.76,2.71,0.27,616
11.882,16.66,0.12,0.87,0.44,2.69,0.00,616
11.899,16.66,0.11,0.85,1.73,2.71,0.27,615
11.916,16.68,0.10,0.85,0.41,2.71,0.00,616
11.932,16.67,0.10,0.88,7.58,2.70,6.05,615
11.949,16.68,0.11,0.88,0.49,2.70,0.00,617
11.966,16.65,0.13,0.85,1.78,2.69,0.27,614
11.982,16.67,0.13,0.88,0.51,2.72,0.00,614
11.999,16.65,0.12,0.87,1.79,2.73,0.27,613
12.016,16.67,0.12,0.86,0.48,2.72,0.00,610
12.032,16.68,0.10,0.86,1.75,2.72,0.28,609
12.049,16.75,0.10,0.87,0.42,2.73,0.00,605
12.066,16.59,0.10,0.86,7.60,2.73,6.07,607
12.082,16.67,0.11,0.87,0.49,2.73,0.00,605
12.099,16.70,0.12,0.90,1.82,2.72,0.27,606
12.116,16.64,0.15,0.89,0.52,2.72,0.00,604
12.132,16.67,0.08,0.48,1.38,2.74,0.20,603
12.149,16.65,0.08,0.47,0.38,2.75,0.00,602
12.166,16.66,0.07,0.44,1.48,2.74,0.20,603
12.182,16.67,0.08,0.46,0.37,2.73,0.00,603
12.199,16.68,0.08,0.47,7.37,2.74,5.84,601
12.216,16.67,0.09,0.50,0.40,2.74,0.00,604
12.232,16.69,0.08,0.47,1.52,2.74,0.20,603
12.249,16.64,0.13,0.61,0.50,2.73,0.00,603
12.266,16.67,0.10,0.61,1.76,2.73,0.27,600
12.282,16.70,0.10,0.61,0.43,2.76,0.00,600
12.299,16.63,0.12,0.63,1.80,2.74,0.27,600
12.316,16.67,0.11,0.60,0.43,2.74,0.00,600
12.332,16.68,0.09,0.60,7.69,2.73,6.16,602
12.349,16.66,0.12,0.64,0.44,2.72,0.00,601
12.366,16.68,0.10,0.63,1.80,2.69,0.27,602
12.382,16.67,0.09,0.48,0.42,2.69,0.00,598
12.399,16.71,0.08,0.49,1.54,2.67,0.20,598
12.416,16.61,0.08,0.47,0.35,2.68,0.00,595
12.432,16.66,0.07,0.44,1.50,2.68,0.20,594
12.449,16.68,0.08,0.48,0.39,2.67,0.00,594
12.466,16.66,0.07,0.45,7.35,2.66,5.86,594
12.482,16.68,0.07,0.47,0.35,2.63,0.00,594
12.499,16.66,0.07,0.47,1.33,2.61,0.20,569
12.516,16.67,0.08,0.48,0.39,2.59,0.00,568
12.532,16.67,0.08,0.47,1.56,2.56,0.20,565
12.549,16.68,0.10,0.62,0.49,2.54,0.00,564
12.566,16.67,0.12,0.65,1.85,2.54,0.28,562
12.582,16.66,0.10,0.59,0.42,2.54,0.00,562
12.599,16.67,0.10,0.58,7.62,2.53,6.08,561
12.616,16.67,0.11,0.64,0.46,2.52,0.00,560
12.632,16.66,0.11,0.61,1.75,2.49,0.27,560
12.649,16.66,0.10,0.58,0.41,2.49,0.00,561
12.666,16.69,0.10,0.59,1.76,2.48,0.27,561
12.682,16.64,0.11,0.62,0.46,2.48,0.00,561
12.699,16.69,0.09,0.60,1.87,2.47,0.29,560
12.716,16.65,0.11,0.60,0.44,2.46,0.00,560
12.733,16.70,0.10,0.66,7.63,2.48,6.05,559
12.749,16.65,0.17,0.67,0.52,2.46,0.00,557
12.766,16.66,0.12,0.66,1.90,2.45,0.29,555
12.783,16.73,0.11,0.66,0.50,2.45,0.00,556
12.799,16.62,0.11,0.66,1.86,2.45,0.27,554
12.816,16.69,0.13,0.71,0.50,2.43,0.00,553
12.832,16.63,0.08,0.51,1.51,2.43,0.22,551
12.849,16.72,0.12,0.54,0.41,2.42,0.00,550
12.866,16.63,0.14,0.63,7.87,2.43,6.32,550
12.883,16.68,0.10,0.67,0.51,2.45,0.00,550
12.899,16.82,0.10,0.63,1.85,2.44,0.27,548
12.916,16.52,0.10,0.64,0.49,2.44,0.00,546
12.933,16.76,0.10,0.73,1.88,2.43,0.28,545
12.949,16.58,0.10,0.64,0.50,2.43,0.00,546
12.966,16.66,0.11,0.60,1.73,2.43,0.27,544
12.983,16.69,0.10,0.64,0.51,2.44,0.00,540
12.999,16.63,0.07,0.45,7.14,2.44,5.64,538
13.016,16.67,0.08,0.48,0.34,2.43,0.00,540
13.032,16.67,0.08,0.47,1.45,2.45,0.20,539
13.049,16.66,0.07,0.44,0.31,2.47,0.00,538
13.066,16.67,0.07,0.45,1.54,2.44,0.20,537
13.082,16.67,0.07,0.45,0.32,2.45,0.00,534
13.099,16.67,0.07,0.45,1.40,2.45,0.20,533
13.116,16.67,0.07,0.44,0.32,2.45,0.00,525
13.132,16.67,0.07,0.45,7.14,2.44,5.63,522
13.149,16.67,0.07,0.47,0.33,2.45,0.00,519
13.166,16.67,0.08,0.48,1.54,2.44,0.20,519
13.183,16.67,0.07,0.48,0.36,2.45,0.00,517
13.199,16.66,0.07,0.45,1.44,2.45,0.20,515
13.216,16.69,0.11,0.63,0.51,2.45,0.00,515
13.233,16.66,0.11,0.61,1.78,2.44,0.27,516
13.249,16.66,0.08,0.49,0.43,2.44,0.00,516
13.266,16.74,0.08,0.48,7.13,2.43,5.60,517
13.283,16.61,0.07,0.48,0.33,2.43,0.00,516
13.299,16.67,0.09,0.60,1.74,2.41,0.27,514
13.316,16.67,0.10,0.60,0.40,2.42,0.00,513
13.333,16.68,0.09,0.61,1.73,2.43,0.27,512
13.349,16.74,0.09,0.63,0.43,2.43,0.00,513
13.366,16.60,0.09,0.60,1.71,2.42,0.27,512
13.383,16.68,0.09,0.61,0.43,2.41,0.00,508
13.399,16.66,0.08,0.58,7.46,2.41,5.97,508
13.416,16.66,0.11,0.63,0.45,2.41,0.00,508
13.433,16.66,0.10,0.60,1.74,2.39,0.27,507
13.449,16.68,0.09,0.61,0.40,2.40,0.00,507
13.466,16.67,0.09,0.61,1.70,2.38,0.27,507
13.483,16.67,0.08,0.59,0.40,2.41,0.00,505
13.499,16.70,0.09,0.61,1.74,2.39,0.27,503
13.516,16.65,0.08,0.61,0.40,2.40,0.00,502
13.533,16.73,0.09,0.63,7.35,2.39,5.83,499
13.549,16.58,0.11,0.61,0.42,2.39,0.00,499
13.566,16.68,0.09,0.58,1.71,2.39,0.27,498
13.583,16.67,0.08,0.51,0.39,2.38,0.00,497
13.599,16.66,0.08,0.50,1.68,2.37,0.27,496
13.616,16.67,0.23,0.59,0.41,2.38,0.00,514
13.633,16.67,0.09,0.60,1.76,2.54,0.27,514
13.649,16.66,0.10,0.58,0.40,2.53,0.00,514
13.666,16.68,0.08,0.57,7.55,2.53,6.03,512
13.683,16.66,0.11,0.63,0.48,2.52,0.00,512
13.699,16.68,0.09,0.61,1.82,2.51,0.27,511
13.716,16.75,0.09,0.60,0.48,2.52,0.00,509
13.733,16.58,0.12,0.60,1.86,2.51,0.28,508
13.749,16.69,0.10,0.62,0.55,2.48,0.00,506
13.766,16.65,0.14,0.92,2.03,2.50,0.47,544
13.783,16.66,0.13,0.91,0.46,3.33,0.00,548
13.799,16.68,0.13,0.93,7.47,3.37,5.93,548
13.816,16.66,0.13,0.92,0.44,3.37,0.00,548
13.833,16.69,0.11,0.90,1.75,3.37,0.28,544
13.849,16.64,0.12,0.91,0.43,3.38,0.00,544
13.866,16.67,0.11,0.93,1.75,3.38,0.28,542
13.883,16.66,0.11,0.93,0.43,3.38,0.00,541
13.899,16.74,0.11,0.93,1.74,3.39,0.28,539
13.916,16.59,0.11,0.93,0.45,3.38,0.00,538
13.933,16.67,0.10,0.92,7.44,3.41,5.96,538
13.949,16.67,0.12,0.95,0.41,3.41,0.00,538
13.966,16.68,0.10,0.92,1.72,3.40,0.27,535
13.983,16.68,0.11,0.95,0.45,3.41,0.00,534
13.999,16.64,0.12,0.94,1.73,3.41,0.27,531
14.016,16.67,0.11,0.95,0.41,3.41,0.00,527
14.033,16.67,0.10,0.93,1.69,3.41,0.28,531
14.049,16.67,0.12,0.94,0.45,3.42,0.00,532
14.066,16.68,0.10,0.91,7.42,3.43,5.92,533
14.083,16.66,0.12,0.97,0.45,3.43,0.00,533
14.099,16.68,0.10,0.92,1.71,3.42,0.28,533
14.116,16.65,0.11,0.93,0.40,3.43,0.00,535
14.133,16.67,0.11,0.93,1.73,3.41,0.27,533
14.149,16.68,0.10,0.94,0.45,3.41,0.00,532
14.166,16.66,0.12,0.94,1.80,3.40,0.27,532
14.183,16.70,0.11,0.97,0.54,2.83,0.00,536
14.199,16.64,0.14,0.96,7.62,2.82,6.06,534
14.216,16.67,0.12,0.96,0.48,2.85,0.00,533
14.233,16.66,0.12,0.92,1.80,2.83,0.27,536
14.249,16.70,0.11,0.94,0.45,2.84,0.00,537
14.266,16.67,0.10,0.93,1.74,2.83,0.27,535
14.283,16.65,0.10,0.95,0.48,2.83,0.00,535
14.299,16.67,0.11,0.95,1.76,2.82,0.27,535
14.316,16.65,0.11,0.94,0.41,2.83,0.00,532
14.333,16.68,0.10,0.91,7.44,2.82,5.90,532
14.349,16.66,0.04,0.32,0.17,2.83,0.00,532
14.366,16.67,0.06,0.34,0.72,2.83,0.10,534
14.383,16.69,0.11,0.98,0.53,2.84,0.00,534
14.399,16.66,0.10,0.93,1.73,2.83,0.24,533
14.416,16.65,0.11,0.93,0.41,2.84,0.00,535
14.433,16.68,0.09,0.92,1.68,2.83,0.25,534
14.449,16.67,0.09,0.92,0.43,2.85,0.00,533
14.466,16.65,0.09,0.91,7.75,2.85,6.24,536
14.483,16.68,0.15,1.19,0.46,2.84,0.00,593
14.499,16.68,0.12,1.18,1.90,3.76,0.40,595
14.516,16.65,0.14,1.20,0.46,3.76,0.00,598
14.533,16.67,0.11,1.14,1.69,3.76,0.25,599
14.549,16.66,0.12,1.16,0.41,3.77,0.00,602
14.566,16.68,0.11,1.15,1.71,3.76,0.25,606
14.583,16.66,0.12,1.15,0.40,3.78,0.00,609
14.599,16.67,0.11,1.16,7.39,3.77,5.87,609
14.616,16.67,0.13,1.19,0.43,3.77,0.00,610
14.633,16.72,0.12,1.20,1.73,3.77,0.24,611
14.649,16.61,0.13,1.18,0.47,3.74,0.00,613
14.666,16.68,0.14,1.20,1.77,3.75,0.26,615
14.683,16.67,0.14,1.19,0.48,3.75,0.00,616
14.699,16.69,0.14,1.22,1.85,3.74,0.25,618
14.716,16.70,0.13,1.21,0.50,3.76,0.00,621
14.733,16.62,0.14,1.23,7.56,3.75,6.02,626
14.749,16.67,0.14,1.21,0.45,3.78,0.00,627
14.766,16.66,0.13,1.17,1.73,3.77,0.25,627
14.783,16.67,0.13,1.18,0.44,3.80,0.00,628
14.799,16.69,0.11,1.17,1.68,3.80,0.24,631
14.816,16.66,0.11,1.18,0.40,3.80,0.00,633
14.833,16.67,0.11,1.18,1.68,3.80,0.24,634
14.849,16.65,0.12,1.18,0.44,3.80,0.00,635
14.866,16.67,0.11,1.16,7.34,3.80,5.84,638
14.883,16.67,0.14,1.20,0.47,3.78,0.00,642
14.899,16.74,0.11,1.17,1.67,3.23,0.24,642
14.916,16.60,0.11,1.18,0.46,3.21,0.00,643
14.933,16.67,0.11,1.16,1.69,3.23,0.25,642
14.949,16.67,0.10,1.17,0.41,3.24,0.00,642
14.966,16.67,0.13,1.19,1.77,3.22,0.25,643
14.983,16.66,0.12,1.18,0.41,3.22,0.00,647
14.999,16.67,0.14,1.17,7.54,3.22,6.00,646
15.016,16.75,0.11,1.21,0.47,3.21,0.00,642
15.033,16.59,0.10,1.15,1.69,3.21,0.24,638
15.049,16.67,0.11,1.15,0.40,3.20,0.00,639
15.066,16.66,0.10,1.20,1.68,3.21,0.24,639
15.083,16.69,0.10,1.16,0.40,3.23,0.00,638
15.099,16.64,0.10,1.16,1.67,3.21,0.24,638
15.116,16.67,0.12,1.16,0.41,3.21,0.00,636
15.133,16.67,0.12,1.15,7.30,3.20,5.80,635
15.149,16.67,0.13,1.20,0.44,3.19,0.00,636
15.166,16.67,0.10,1.15,1.71,3.18,0.24,633
15.183,16.67,0.11,1.14,0.40,3.19,0.00,631
15.199,16.67,0.12,1.15,1.67,3.18,0.25,631
15.216,16.67,0.13,1.19,0.50,3.21,0.00,627
15.233,16.67,0.12,1.18,1.75,3.19,0.25,622
15.249,16.67,0.12,1.17,0.45,3.19,0.00,617
15.266,16.66,0.11,1.12,7.43,3.18,5.92,612
15.283,16.67,0.12,1.16,0.44,2.83,0.00,612
15.299,16.67,0.10,1.13,1.69,2.84,0.24,609
15.316,16.69,0.10,1.13,0.41,2.84,0.00,608
15.333,16.73,0.11,1.17,1.73,2.82,0.24,610
15.349,16.58,0.08,0.85,0.37,2.85,0.00,609
15.366,16.65,0.05,0.47,0.77,2.84,0.10,611
15.383,16.72,0.12,1.16,0.49,2.84,0.00,611
15.399,16.64,0.11,1.14,7.36,2.84,5.86,610
15.416,16.67,0.12,1.16,0.47,2.85,0.00,609
15.433,16.69,0.10,1.11,1.69,2.85,0.25,611
15.449,16.64,0.11,1.13,0.40,2.85,0.00,609
15.466,16.67,0.11,1.13,1.69,2.84,0.24,609
15.483,16.67,0.12,1.12,0.44,2.85,0.00,609
15.499,16.68,0.13,1.15,1.73,2.86,0.25,608
15.516,16.65,0.11,1.12,0.44,2.87,0.00,605
15.533,16.66,0.10,1.11,7.46,2.85,5.96,605
15.549,16.67,0.12,1.15,0.42,2.86,0.00,602
15.566,16.67,0.11,1.12,1.68,2.86,0.24,602
15.583,16.67,0.11,1.05,0.40,2.85,0.00,601
15.599,16.67,0.11,1.04,1.70,2.85,0.25,600
15.616,16.67,0.23,1.15,0.42,2.85,0.00,617
15.633,16.67,0.11,1.14,1.72,2.96,0.25,623
15.649,16.68,0.14,1.18,0.49,3.03,0.00,623
15.666,16.67,0.10,1.18,7.43,3.03,5.88,623
15.683,16.66,0.12,1.18,0.44,3.02,0.00,621
15.699,16.69,0.10,1.15,1.73,3.02,0.28,620
15.716,16.65,0.10,1.17,0.44,3.03,0.00,617
15.733,16.68,0.10,0.88,1.73,3.01,0.27,608
15.749,16.66,0.12,0.88,0.43,3.01,0.00,608
15.766,16.70,0.11,0.88,1.73,3.00,0.28,608
15.783,16.64,0.10,0.88,0.43,3.02,0.00,608
15.799,16.67,0.10,0.87,7.41,3.01,5.92,607
15.816,16.67,0.11,0.90,0.42,3.01,0.00,606
15.833,16.68,0.09,0.86,1.71,3.01,0.28,600
15.849,16.68,0.10,0.87,0.40,3.01,0.00,601
15.866,16.66,0.12,0.91,1.77,3.00,0.27,599
15.883,16.66,0.13,0.89,0.45,3.00,0.00,597
15.899,16.75,0.10,0.89,1.72,2.99,0.28,591
15.916,16.58,0.10,0.88,0.41,2.99,0.00,585
15.933,16.67,0.09,0.86,7.35,2.99,5.85,576
15.949,16.68,0.12,0.90,0.42,2.99,0.00,561
15.966,16.67,0.09,0.85,1.71,2.95,0.27,547
15.983,16.67,0.09,0.83,0.40,2.93,0.00,544
15.999,16.65,0.11,0.83,1.74,2.54,0.27,543
16.016,16.67,0.12,0.84,0.38,2.54,0.00,541
16.033,16.74,0.11,0.85,1.74,2.53,0.28,539
16.049,16.59,0.10,0.83,0.42,2.52,0.00,537
16.066,16.67,0.09,0.83,7.45,2.52,5.97,536
16.083,16.66,0.12,0.86,0.43,2.53,0.00,536
16.099,16.70,0.10,0.84,1.72,2.52,0.28,534
16.116,16.64,0.10,0.84,0.41,2.52,0.00,532
16.133,16.67,0.12,0.82,1.75,2.51,0.27,530
16.149,16.66,0.10,0.82,0.38,2.50,0.00,530
16.166,16.67,0.10,0.84,1.70,2.49,0.28,530
16.183,16.68,0.11,0.84,0.42,2.49,0.00,529
16.199,16.67,0.13,1.24,8.08,2.47,6.60,597
16.216,16.66,0.14,1.26,0.44,3.47,0.00,596
16.233,16.67,0.11,1.23,1.74,3.45,0.27,596
16.249,16.67,0.13,1.28,0.43,3.45,0.00,597
16.266,16.66,0.13,1.26,1.71,3.44,0.27,594
16.283,16.67,0.13,1.27,0.40,3.45,0.00,594
16.299,16.67,0.13,1.26,1.71,3.44,0.27,595
16.316,16.67,0.13,1.29,0.39,3.46,0.00,594
16.333,16.67,0.13,1.30,7.53,3.47,6.00,592
16.349,16.67,0.14,1.30,0.45,3.47,0.00,589
16.366,16.67,0.13,1.28,1.74,3.47,0.27,589
16.383,16.76,0.13,1.40,0.44,3.48,0.00,591
16.399,16.58,0.13,1.31,1.73,3.47,0.27,589
16.416,16.69,0.12,1.32,0.40,3.49,0.00,589
16.433,16.64,0.13,1.30,1.72,3.49,0.27,589
16.449,16.67,0.14,1.06,0.40,3.52,0.00,586
16.466,16.68,0.14,1.08,7.38,3.50,5.84,588
16.483,16.67,0.15,1.09,0.44,3.55,0.00,591
16.499,16.66,0.15,1.07,1.72,3.56,0.27,594
16.516,16.64,0.09,0.80,0.35,3.59,0.00,595
16.533,16.66,0.09,0.78,1.63,3.58,0.24,596
16.549,16.67,0.09,0.80,0.37,3.61,0.00,597
16.566,16.67,0.08,0.81,1.65,3.61,0.25,603
16.583,16.67,0.09,0.81,0.34,3.64,0.00,606
16.599,16.67,0.08,0.80,7.33,3.66,5.89,605
16.616,16.68,0.10,0.82,0.34,3.12,0.00,606
16.633,16.71,0.08,0.85,1.58,3.13,0.20,605
16.649,16.64,0.13,1.09,0.42,3.15,0.00,609
16.666,16.66,0.12,1.09,1.72,3.16,0.28,612
16.683,16.67,0.12,1.08,0.41,3.19,0.00,618
16.699,16.69,0.11,1.08,1.71,3.19,0.28,621
16.716,16.64,0.12,1.09,0.40,3.22,0.00,620
16.733,16.68,0.11,1.08,7.32,3.22,5.83,622
16.750,16.74,0.12,1.12,0.48,3.24,0.00,627
16.766,16.58,0.09,0.81,1.31,3.26,0.21,629
16.783,16.67,0.08,0.81,0.33,3.29,0.00,631
16.799,16.67,0.08,0.80,1.64,3.28,0.25,632
16.816,16.68,0.12,1.08,0.42,3.30,0.00,637
16.833,16.68,0.11,1.08,1.70,3.31,0.28,641
16.849,16.66,0.12,1.07,0.42,3.34,0.00,645
16.866,16.82,0.11,1.07,7.33,3.34,6.08,645
16.883,16.52,0.15,1.10,0.45,3.33,0.00,646
16.900,16.70,0.11,1.06,1.75,3.37,0.28,645
16.916,16.64,0.12,1.05,0.41,3.39,0.00,651
16.933,16.68,0.10,1.02,1.72,3.40,0.28,653
16.950,16.67,0.11,1.04,0.42,3.41,0.00,656
16.966,16.66,0.08,0.78,1.35,3.40,0.20,656
16.983,16.69,0.11,1.05,0.45,3.41,0.00,655
17.000,16.67,0.11,1.05,7.65,3.42,6.13,661
17.016,16.68,0.13,1.08,0.44,3.43,0.00,665
17.033,16.64,0.11,1.03,1.72,3.47,0.28,666
17.050,16.67,0.12,1.03,0.39,3.47,0.00,665
17.066,16.68,0.10,1.03,1.69,3.46,0.26,667
17.083,16.66,0.12,1.04,0.44,3.47,0.00,666
17.100,16.73,0.13,1.07,1.84,3.47,0.29,665
17.116,16.63,0.14,1.06,0.51,3.47,0.00,666
17.133,16.66,0.11,1.03,7.59,3.49,6.08,669
17.150,16.67,0.14,1.02,0.43,3.48,0.00,670
17.166,16.67,0.10,1.03,1.72,3.52,0.27,671
17.183,16.67,0.10,1.03,0.40,3.53,0.00,672
17.200,16.67,0.10,0.99,1.71,3.53,0.28,672
17.216,16.67,0.10,1.01,0.40,3.53,0.00,674
17.233,16.73,0.11,1.03,1.73,3.52,0.27,674
17.250,16.60,0.11,1.03,0.45,3.54,0.00,674
17.266,16.68,0.11,1.02,7.40,3.53,5.89,674
17.283,16.68,0.11,1.01,0.45,3.54,0.00,675
17.300,16.71,0.10,0.99,1.70,3.57,0.27,674
17.316,16.60,0.10,0.98,0.39,3.57,0.00,675
17.333,16.67,0.10,1.02,1.77,3.57,0.28,668
17.350,16.67,0.12,1.01,0.46,3.55,0.00,667
17.366,16.67,0.12,0.99,1.81,3.54,0.27,669
17.383,16.66,0.12,1.01,0.43,3.54,0.00,668
17.400,16.69,0.11,1.00,7.76,3.54,6.20,667
17.416,16.64,0.14,1.06,0.48,3.54,0.00,666
17.433,16.67,0.12,1.00,1.79,3.58,0.28,663
17.450,16.69,0.11,0.98,0.44,3.57,0.00,660
17.466,16.64,0.11,1.05,1.78,3.56,0.27,657
17.483,16.67,0.12,0.99,0.45,3.54,0.00,652
17.500,16.68,0.11,0.94,1.79,3.54,0.27,643
17.516,16.67,0.13,0.98,0.45,3.53,0.00,639
17.533,16.67,0.10,0.96,7.44,3.53,5.94,631
17.550,16.66,0.12,0.99,0.44,3.52,0.00,623
17.566,16.68,0.10,0.94,1.72,3.50,0.28,622
17.583,16.65,0.11,0.86,0.38,3.53,0.00,612
17.600,16.68,0.10,0.85,1.76,3.50,0.28,605
17.616,16.66,0.26,0.95,0.46,3.50,0.00,618
17.633,16.67,0.11,0.99,1.74,3.63,0.28,623
17.650,16.67,0.11,0.97,0.48,3.69,0.00,621
17.666,16.68,0.12,0.93,7.55,3.68,6.01,616
17.683,16.65,0.13,0.95,0.42,3.68,0.00,609
17.700,16.67,0.12,0.88,1.73,3.66,0.27,604
17.716,16.67,0.11,0.89,0.39,2.85,0.00,601
17.733,16.72,0.11,0.91,1.74,2.84,0.28,600
17.750,16.62,0.10,0.90,0.41,2.83,0.00,597
17.766,16.67,0.12,0.88,1.77,2.82,0.27,593
17.783,16.68,0.10,0.89,0.39,2.81,0.00,589
17.800,16.66,0.10,0.91,7.30,2.80,5.82,588
17.816,16.67,0.13,0.92,0.44,2.79,0.00,588
17.833,16.68,0.10,0.87,1.71,2.78,0.28,588
17.850,16.68,0.10,0.88,0.42,2.79,0.00,587
17.866,16.64,0.10,0.89,1.72,2.77,0.27,585
17.883,16.67,0.11,0.88,0.39,2.78,0.00,583
17.900,16.74,0.10,0.90,1.74,2.74,0.28,582
17.916,16.61,0.12,0.89,0.41,2.73,0.00,580
17.933,16.67,0.10,0.89,7.44,2.71,5.93,579
17.950,16.66,0.13,0.91,0.41,2.72,0.00,578
17.966,16.68,0.10,0.87,1.74,2.68,0.27,574
17.983,16.68,0.11,0.91,0.49,2.70,0.00,573
18.000,16.64,0.11,0.88,1.75,2.68,0.27,572
18.016,16.67,0.12,0.90,0.44,2.67,0.00,571
18.033,16.67,0.11,0.87,1.70,2.66,0.27,570
18.050,16.76,0.10,0.90,0.45,2.64,0.00,566
18.066,16.59,0.10,0.87,7.38,2.63,5.87,563
18.083,16.66,0.12,0.90,0.42,2.62,0.00,561
18.100,16.68,0.10,0.85,1.73,2.61,0.27,561
18.116,16.66,0.11,0.89,0.41,2.62,0.00,559
18.133,16.67,0.10,0.86,1.71,2.60,0.27,553
18.150,16.68,0.10,0.89,0.44,2.59,0.00,541
18.166,16.66,0.10,0.60,1.83,2.56,0.27,511
18.183,16.66,0.12,0.60,0.44,2.53,0.00,509
18.200,16.66,0.09,0.58,7.48,2.52,5.97,508
18.216,16.67,0.12,0.63,0.42,2.53,0.00,504
18.233,16.68,0.11,0.59,1.72,2.51,0.27,503
18.250,16.66,0.11,0.61,0.39,2.53,0.00,501
18.266,16.67,0.11,0.60,1.74,2.51,0.27,502
18.283,16.67,0.10,0.61,0.44,2.52,0.00,503
18.300,16.74,0.10,0.62,1.72,2.50,0.27,502
18.316,16.59,0.09,0.59,0.39,2.51,0.00,503
18.333,16.67,0.09,0.58,7.35,2.50,5.86,500
18.350,16.67,0.11,0.62,0.45,2.49,0.00,500
18.366,16.68,0.14,0.91,2.00,2.49,0.48,549
18.383,16.68,0.13,0.90,0.43,3.39,0.00,548
18.400,16.66,0.13,0.91,1.75,3.38,0.27,548
18.416,16.66,0.13,0.90,0.40,3.39,0.00,548
18.433,16.68,0.11,0.89,1.70,3.38,0.28,547
18.450,16.67,0.11,0.89,0.38,3.40,0.00,547
18.466,16.66,0.11,0.89,7.43,3.39,5.92,546
18.483,16.68,0.13,0.93,0.44,3.40,0.00,546
18.500,16.69,0.11,0.90,1.71,3.39,0.28,545
18.516,16.65,0.13,0.92,0.45,3.40,0.00,547
18.533,16.75,0.11,0.92,1.71,3.41,0.28,545
18.550,16.58,0.12,0.91,0.42,3.42,0.00,546
18.566,16.68,0.11,0.90,1.73,3.42,0.28,546
18.583,16.66,0.11,0.92,0.40,3.41,0.00,546
18.600,16.67,0.11,0.91,7.33,3.41,5.84,548
18.616,16.68,0.13,0.94,0.44,3.41,0.00,547
18.633,16.67,0.10,0.91,1.75,3.42,0.28,549
18.650,16.66,0.12,0.93,0.41,3.43,0.00,550
18.666,16.67,0.11,0.95,1.74,3.44,0.28,552
18.683,16.68,0.11,0.94,0.42,3.45,0.00,555
18.700,16.66,0.13,0.94,1.77,3.44,0.28,553
18.716,16.66,0.12,0.91,0.41,3.45,0.00,552
18.733,16.67,0.12,0.92,7.45,3.43,5.95,554
18.750,16.67,0.12,0.94,0.43,3.44,0.00,555
18.766,16.66,0.12,0.91,1.73,3.43,0.27,556
18.783,16.66,0.12,0.91,0.43,2.86,0.00,556
18.800,16.67,0.11,0.92,1.68,2.87,0.27,557
18.816,16.66,0.11,0.90,0.39,2.89,0.00,560
18.833,16.69,0.10,0.91,1.71,2.88,0.28,561
18.850,16.65,0.10,0.93,0.40,2.88,0.00,563
18.866,16.66,0.10,0.92,7.31,2.87,5.81,564
18.883,16.67,0.12,0.94,0.42,2.87,0.00,565
18.900,16.76,0.11,0.91,1.74,2.87,0.28,566
18.916,16.59,0.11,0.92,0.40,2.87,0.00,569
18.933,16.66,0.11,0.92,1.70,2.90,0.27,571
18.950,16.68,0.10,0.93,0.40,2.90,0.00,574
18.966,16.68,0.10,0.91,1.70,2.90,0.26,577
18.983,16.65,0.11,0.90,0.38,2.90,0.00,579
19.000,16.66,0.11,0.90,7.48,2.89,5.98,578
19.016,16.67,0.12,0.95,0.46,2.90,0.00,580
19.033,16.67,0.11,0.92,1.72,2.90,0.27,584
19.050,16.67,0.12,0.93,0.43,2.92,0.00,586
19.066,16.68,0.10,0.92,1.71,2.94,0.28,592
19.083,16.66,0.11,0.90,0.39,2.96,0.00,592
19.100,16.67,0.11,0.91,1.70,2.96,0.28,594
19.116,16.68,0.10,0.93,0.40,2.96,0.00,594
19.133,16.67,0.10,0.93,7.38,2.96,5.82,597
19.150,16.66,0.12,0.95,0.45,2.96,0.00,598
19.166,16.67,0.10,0.92,1.71,2.96,0.28,600
19.183,16.66,0.10,0.93,0.40,2.97,0.00,605
19.200,16.66,0.13,0.95,1.78,3.00,0.27,607
19.216,16.68,0.12,0.93,0.45,3.01,0.00,612
19.233,16.65,0.11,0.90,1.72,3.01,0.27,614
19.250,16.68,0.10,0.91,0.39,3.03,0.00,615
19.266,16.66,0.12,0.92,7.48,3.02,5.98,619
19.283,16.67,0.11,0.93,0.41,3.03,0.00,618
19.300,16.66,0.10,0.91,1.71,3.02,0.28,621
19.316,16.68,0.10,0.92,0.41,3.04,0.00,623
19.333,16.67,0.10,0.91,1.70,3.03,0.28,627
19.350,16.66,0.13,0.95,0.48,3.08,0.00,629
19.366,16.69,0.11,0.93,1.76,3.07,0.28,631
19.383,16.66,0.10,0.90,0.41,3.07,0.00,635
19.400,16.66,0.11,0.90,7.40,3.06,5.89,636
19.416,16.67,0.12,0.94,0.42,3.07,0.00,635
19.433,16.68,0.10,0.92,1.76,3.06,0.28,635
19.450,16.67,0.10,0.91,0.41,3.06,0.00,638
19.466,16.65,0.10,0.88,1.73,3.04,0.28,638
19.483,16.70,0.10,0.90,0.40,3.08,0.00,641
19.500,16.65,0.10,0.90,1.70,3.07,0.28,639
19.516,16.67,0.12,0.90,0.43,3.07,0.00,641
19.533,16.66,0.10,0.89,7.50,3.05,6.01,643
19.550,16.67,0.11,0.92,0.43,3.05,0.00,643
19.566,16.66,0.11,0.89,1.70,3.04,0.27,642
19.583,16.67,0.11,0.83,0.39,3.03,0.00,643
19.600,16.73,0.11,0.84,1.72,3.02,0.28,646
19.616,16.67,0.24,0.91,0.41,3.11,0.00,661
19.633,16.60,0.10,0.93,1.74,3.20,0.27,674
19.650,16.67,0.12,0.92,0.45,3.32,0.00,675
19.666,16.66,0.10,0.89,7.33,3.31,5.84,681
19.683,16.67,0.12,0.93,0.46,3.30,0.00,683
19.700,16.67,0.10,0.89,1.78,3.31,0.28,683
19.716,16.66,0.13,0.94,0.48,3.30,0.00,682
19.733,16.68,0.11,0.92,1.76,3.28,0.27,681
19.750,16.65,0.12,0.91,0.41,3.30,0.00,674
19.766,16.67,0.12,0.91,1.74,3.28,0.27,672
19.783,16.66,0.12,0.90,0.41,3.26,0.00,670
19.800,16.67,0.11,0.90,7.46,3.20,5.95,666
19.816,16.67,0.12,0.93,0.42,3.20,0.00,661
19.833,16.67,0.11,0.88,1.70,3.18,0.28,652
19.850,16.67,0.10,0.90,0.39,3.17,0.00,649
19.866,16.67,0.10,0.86,1.74,3.15,0.27,647
19.883,16.65,0.11,0.86,0.40,2.79,0.00,646
19.900,16.76,0.10,0.88,1.75,2.76,0.28,646
19.916,16.58,0.10,0.88,0.43,2.76,0.00,646
19.933,16.66,0.11,0.85,7.35,2.74,5.85,646
19.950,16.67,0.13,0.89,0.42,2.74,0.00,646
19.966,16.66,0.11,0.84,1.69,2.72,0.26,644
19.983,16.69,0.10,0.86,0.40,2.72,0.00,642
20.000,16.65,0.10,0.85,1.68,2.72,0.24,642
20.016,16.73,0.11,0.89,0.47,2.74,0.00,641
20.033,16.62,0.10,0.86,1.67,2.71,0.24,642
20.050,16.67,0.10,0.85,0.41,2.71,0.00,642
20.066,16.65,0.10,0.83,7.46,2.70,5.96,641
20.083,16.68,0.12,0.87,0.41,2.70,0.00,640
20.100,16.66,0.10,0.83,1.69,2.69,0.24,638
20.116,16.67,0.11,0.85,0.39,2.70,0.00,638
20.133,16.67,0.09,0.84,1.67,2.68,0.24,635
20.150,16.70,0.11,0.87,0.44,2.69,0.00,633
20.166,16.63,0.10,0.84,1.68,2.69,0.24,627
20.183,16.67,0.11,0.86,0.39,2.70,0.00,625
20.200,16.68,0.09,0.85,7.29,2.68,5.80,621
20.216,16.66,0.12,0.88,0.42,2.69,0.00,621
20.233,16.66,0.10,0.85,1.71,2.69,0.24,619
20.250,16.68,0.10,0.87,0.43,2.68,0.00,617
20.266,16.65,0.11,0.88,1.72,2.67,0.24,615
20.283,16.67,0.11,0.85,0.41,2.67,0.00,610
20.300,16.70,0.10,0.83,1.69,2.69,0.24,602
20.316,16.65,0.09,0.84,0.40,2.68,0.00,588
20.333,16.66,0.09,0.58,7.46,2.66,5.96,551
20.350,16.67,0.11,0.60,0.42,2.63,0.00,553
20.366,16.66,0.10,0.58,1.69,2.62,0.24,552
20.383,16.68,0.09,0.59,0.39,2.63,0.00,551
20.400,16.66,0.10,0.59,1.71,2.62,0.24,551
20.416,16.66,0.11,0.56,0.38,2.61,0.00,551
20.433,16.68,0.13,0.62,1.77,2.61,0.24,551
20.450,16.67,0.09,0.59,0.42,2.62,0.00,552
20.466,16.66,0.10,0.59,7.34,2.60,5.84,549
20.483,16.67,0.12,0.61,0.41,2.60,0.00,549
20.500,16.68,0.09,0.57,1.70,2.59,0.24,547
20.516,16.66,0.09,0.60,0.40,2.59,0.00,547
20.533,16.67,0.10,0.58,1.70,2.58,0.24,547
20.550,16.67,0.12,0.57,0.43,2.57,0.00,547
20.566,16.66,0.09,0.57,1.68,2.59,0.24,547
20.583,16.70,0.09,0.56,0.41,2.58,0.00,546
20.600,16.64,0.10,0.58,7.46,2.57,5.93,543
20.616,16.66,0.11,0.60,0.43,2.55,0.00,543
20.633,16.67,0.09,0.57,1.69,2.54,0.24,542
20.650,16.68,0.13,0.60,0.45,2.53,0.00,540
20.666,16.65,0.07,0.44,1.27,2.52,0.18,540
20.683,16.67,0.07,0.44,0.30,2.53,0.00,537
20.700,16.68,0.10,0.58,1.70,2.53,0.24,535
20.716,16.68,0.10,0.56,0.39,2.53,0.00,535
20.733,16.73,0.10,0.60,7.25,2.51,5.74,531
20.750,16.59,0.12,0.60,0.43,2.49,0.00,502
20.767,16.68,0.09,0.58,1.68,2.45,0.24,502
20.783,16.66,0.11,0.58,0.41,2.44,0.00,500
20.800,16.66,0.09,0.56,1.67,2.43,0.24,497
20.816,16.67,0.14,0.82,0.39,2.43,0.00,546
20.833,16.68,0.12,0.83,1.86,3.26,0.41,546
20.850,16.67,0.14,0.85,0.44,3.24,0.00,546
20.866,16.65,0.12,0.81,7.37,3.24,5.87,542
20.883,16.67,0.13,0.85,0.42,3.22,0.00,541
20.900,16.74,0.11,0.82,1.69,3.22,0.24,542
20.917,16.60,0.12,0.83,0.40,3.22,0.00,541
20.933,16.67,0.13,0.83,1.76,3.21,0.24,539
20.950,16.70,0.13,0.82,0.44,3.20,0.00,539
20.967,16.64,0.13,0.82,1.70,3.21,0.24,538
20.983,16.67,0.14,0.85,0.41,3.22,0.00,541
21.000,16.67,0.11,0.83,7.36,3.20,5.84,538
21.017,16.67,0.14,0.86,0.41,3.20,0.00,537
21.033,16.67,0.13,0.83,1.73,3.19,0.24,536
21.050,16.67,0.13,0.85,0.40,3.21,0.00,535
21.067,16.68,0.10,0.83,1.70,3.19,0.24,537
21.083,16.65,0.12,0.85,0.40,3.19,0.00,539
21.100,16.67,0.11,0.83,1.68,3.21,0.25,535
21.117,16.67,0.11,0.85,0.40,3.22,0.00,537
21.133,16.67,0.10,0.83,7.44,3.21,5.94,537
21.150,16.70,0.12,0.87,0.44,3.20,0.00,538
21.167,16.64,0.13,0.84,1.70,3.18,0.24,540
21.183,16.67,0.11,0.87,0.43,3.19,0.00,537
21.200,16.67,0.10,0.86,1.68,3.18,0.25,537
21.217,16.67,0.11,0.84,0.39,3.18,0.00,537
21.233,16.66,0.10,0.85,1.68,2.62,0.24,537
21.250,16.67,0.11,0.84,0.39,2.62,0.00,541
21.267,16.66,0.10,0.85,7.39,2.62,5.88,541
21.283,16.67,0.13,0.88,0.44,2.62,0.00,542
21.300,16.68,0.10,0.85,1.69,2.60,0.25,542
21.317,16.66,0.10,0.86,0.41,2.62,0.00,541
21.333,16.66,0.09,0.84,1.68,2.60,0.25,540
21.350,16.66,0.11,0.85,0.39,2.60,0.00,542
21.367,16.68,0.10,0.84,1.69,2.63,0.24,543
21.383,16.66,0.10,0.84,0.38,2.63,0.00,545
21.400,16.66,0.10,0.85,7.46,2.62,5.96,546
21.417,16.67,0.12,0.88,0.40,2.61,0.00,547
21.433,16.74,0.11,0.88,1.75,2.61,0.26,547
21.450,16.61,0.11,0.85,0.44,2.62,0.00,545
21.467,16.66,0.10,0.87,1.69,2.60,0.25,546
21.483,16.68,0.10,0.86,0.39,2.65,0.00,547
21.500,16.66,0.10,0.85,1.68,2.64,0.25,547
21.517,16.66,0.10,0.85,0.40,2.64,0.00,548
21.533,16.68,0.10,0.84,7.29,2.64,5.79,551
21.550,16.68,0.11,0.88,0.43,2.64,0.00,550
21.567,16.66,0.11,0.86,1.71,2.65,0.24,548
21.583,16.66,0.11,0.80,0.40,2.65,0.00,545
21.600,16.66,0.10,0.78,1.67,2.63,0.25,546
21.617,16.67,0.24,0.88,0.42,2.68,0.00,595
21.633,16.68,0.10,0.89,1.68,2.81,0.24,606
21.650,16.67,0.10,0.90,0.41,2.96,0.00,607
21.667,16.66,0.12,0.92,8.16,2.95,6.63,607
21.683,16.69,0.11,0.91,0.43,2.96,0.00,607
21.700,16.65,0.10,0.88,1.70,2.97,0.25,607
21.717,16.68,0.10,0.89,0.39,2.97,0.00,607
21.733,16.65,0.11,0.88,1.69,2.98,0.24,609
21.750,16.67,0.11,0.89,0.39,3.01,0.00,610
21.767,16.68,0.10,0.88,1.74,3.01,0.27,609
21.783,16.66,0.11,0.88,0.43,3.01,0.00,611
21.800,16.67,0.10,0.88,7.30,3.00,5.82,611
21.817,16.67,0.12,0.91,0.41,3.01,0.00,614
21.833,16.67,0.09,0.89,1.72,3.01,0.28,614
21.850,16.68,0.10,0.91,0.43,3.02,0.00,613
21.867,16.66,0.13,0.90,1.75,3.03,0.27,612
21.883,16.66,0.12,0.90,0.44,3.04,0.00,612
21.900,16.67,0.11,0.88,1.71,3.05,0.27,610
21.917,16.68,0.12,0.91,0.43,3.06,0.00,612
21.933,16.66,0.10,0.88,7.48,3.07,5.98,616
21.950,16.67,0.13,0.92,0.43,3.07,0.00,615
21.967,16.67,0.12,0.92,1.76,3.07,0.27,615
21.983,16.68,0.12,0.91,0.45,3.08,0.00,612
22.000,16.65,0.11,0.89,1.75,3.09,0.27,612
22.017,16.68,0.12,0.88,0.41,3.11,0.00,610
22.033,16.66,0.12,0.90,1.75,3.10,0.27,609
22.050,16.68,0.09,0.90,0.40,3.11,0.00,610
22.067,16.67,0.09,0.89,7.34,3.11,5.85,612
22.083,16.66,0.12,0.91,0.42,3.11,0.00,612
22.100,16.67,0.11,0.88,1.76,3.11,0.28,612
22.117,16.67,0.11,0.90,0.48,3.11,0.00,611
22.133,16.66,0.12,0.92,1.76,3.11,0.27,611
22.150,16.66,0.12,0.90,0.41,3.11,0.00,608
22.167,16.67,0.11,0.90,1.75,3.11,0.27,608
22.183,16.68,0.09,0.91,0.42,3.10,0.00,606
22.200,16.65,0.09,0.89,7.49,3.09,5.99,607
22.217,16.67,0.11,0.92,0.42,3.08,0.00,607
22.233,16.67,0.11,0.87,1.73,3.07,0.27,605
22.250,16.67,0.11,0.89,0.43,3.06,0.00,605
22.267,16.67,0.09,0.88,1.70,3.06,0.28,599
22.283,16.73,0.09,0.67,0.39,3.05,0.00,590
22.300,16.62,0.12,0.92,1.79,3.01,0.28,580
22.317,16.66,0.11,0.85,0.46,3.00,0.00,578
22.333,16.66,0.11,0.86,7.44,2.59,5.92,577
22.350,16.70,0.11,0.88,0.44,2.58,0.00,577
22.367,16.66,0.10,0.85,1.76,2.57,0.27,579
22.383,16.65,0.10,0.86,0.43,2.57,0.00,579
22.400,16.66,0.09,0.96,1.77,2.58,0.28,578
22.417,16.67,0.12,0.88,0.51,2.57,0.00,578
22.433,16.68,0.10,0.85,1.74,2.55,0.27,577
22.450,16.74,0.10,0.88,0.48,2.55,0.00,576
22.467,16.60,0.12,0.87,7.58,2.52,6.04,575
22.483,16.74,0.11,0.85,0.49,2.52,0.00,572
22.500,16.68,0.11,0.86,1.74,2.49,0.27,568
22.517,16.63,0.09,0.65,0.39,2.50,0.00,569
22.533,16.58,0.04,0.28,0.65,2.50,0.09,569
22.550,16.67,0.05,0.34,0.20,2.49,0.00,567
22.567,16.67,0.04,0.34,0.91,2.48,0.11,566
22.583,16.67,0.04,0.34,0.20,2.48,0.00,564
22.600,16.67,0.04,0.33,7.54,2.46,6.02,564
22.617,16.67,0.06,0.39,0.23,2.46,0.00,563
22.633,16.67,0.05,0.34,0.79,2.45,0.11,561
22.650,16.66,0.05,0.37,0.25,2.45,0.00,560
22.667,16.67,0.04,0.33,0.76,2.45,0.11,559
22.683,16.66,0.04,0.35,0.21,2.44,0.00,557
22.700,16.67,0.04,0.33,0.86,2.44,0.11,555
22.717,16.68,0.04,0.32,0.18,2.43,0.00,555
22.733,16.66,0.04,0.32,6.98,2.44,5.54,555
22.750,16.69,0.05,0.47,0.28,2.43,0.00,554
22.767,16.65,0.05,0.45,1.25,2.42,0.14,552
22.783,16.68,0.05,0.33,0.27,2.44,0.00,549
22.800,16.65,0.05,0.32,1.07,2.43,0.14,548
22.817,16.67,0.05,0.33,0.24,2.44,0.00,548
22.833,16.67,0.05,0.33,1.06,2.43,0.14,548
22.850,16.66,0.05,0.35,0.26,2.44,0.00,547
22.867,16.66,0.05,0.33,6.95,2.43,5.49,546
22.883,16.67,0.06,0.35,0.25,2.44,0.00,546
22.900,16.71,0.06,0.34,1.00,2.44,0.14,545
22.917,16.65,0.06,0.36,0.31,2.45,0.00,545
22.933,16.64,0.06,0.33,1.03,2.45,0.14,545
22.950,16.67,0.05,0.34,0.27,2.44,0.00,544
22.967,16.67,0.05,0.34,1.04,2.45,0.14,541
22.983,16.66,0.05,0.34,0.30,2.44,0.00,540
23.000,16.70,0.08,0.49,7.31,2.45,5.92,535
23.017,16.66,0.08,0.50,0.34,2.45,0.00,535
23.033,16.68,0.08,0.47,1.31,2.44,0.20,534
23.050,16.65,0.05,0.33,0.23,2.47,0.00,534
23.067,16.67,0.05,0.32,1.04,2.47,0.14,533
23.083,16.67,0.07,0.48,0.31,2.47,0.00,531
23.100,16.67,0.07,0.47,1.28,2.46,0.20,532
23.117,16.67,0.07,0.46,0.31,2.46,0.00,530
23.133,16.67,0.07,0.46,7.21,2.43,5.75,525
23.150,16.67,0.11,0.75,0.38,2.45,0.00,565
23.167,16.74,0.09,0.70,1.73,3.32,0.35,565
23.183,16.66,0.08,0.68,0.31,3.31,0.00,562
23.200,16.63,0.08,0.70,1.68,3.29,0.25,562
23.217,16.71,0.08,0.68,0.31,3.30,0.00,561
23.233,16.64,0.08,0.70,1.65,3.29,0.25,560
23.250,16.70,0.08,0.68,0.33,3.29,0.00,558
23.267,16.64,0.08,0.70,7.45,3.28,5.97,552
23.283,16.63,0.09,0.74,0.33,3.28,0.00,552
23.300,16.66,0.08,0.72,1.30,3.28,0.21,552
23.317,16.67,0.08,0.71,0.31,3.30,0.00,552
23.333,16.67,0.08,0.72,1.66,3.27,0.25,552
23.350,16.68,0.08,0.73,0.35,3.29,0.00,554
23.367,16.66,0.08,0.71,1.66,3.29,0.25,553
23.383,16.67,0.08,0.73,0.37,3.30,0.00,554
23.400,16.67,0.08,0.71,7.26,3.28,5.82,553
23.417,16.67,0.09,0.75,0.36,3.31,0.00,552
23.433,16.66,0.08,0.72,1.66,3.32,0.25,554
23.450,16.67,0.08,0.74,0.34,3.33,0.00,559
23.467,16.69,0.10,0.98,1.75,3.34,0.28,561
23.483,16.65,0.12,1.00,0.47,3.33,0.00,562
23.500,16.71,0.13,1.04,1.86,3.33,0.29,560
23.517,16.65,0.12,1.01,0.52,3.35,0.00,565
23.533,16.70,0.12,1.03,8.26,3.35,6.60,567
23.550,16.64,0.13,1.05,0.51,3.39,0.00,566
23.567,16.67,0.12,1.04,1.83,2.81,0.27,569
23.583,16.66,0.12,0.91,0.50,2.81,0.00,572
23.600,16.75,0.10,0.91,1.74,2.83,0.28,572
23.617,16.60,0.23,1.00,0.43,2.84,0.00,618
23.633,16.66,0.10,1.00,1.72,3.04,0.28,628
23.650,16.65,0.13,1.01,0.41,3.17,0.00,627
23.667,16.67,0.12,1.00,7.68,3.19,6.14,626
23.683,16.67,0.12,1.04,0.43,3.18,0.00,627
23.700,16.67,0.11,1.01,1.73,3.19,0.28,626
23.717,16.67,0.11,1.01,0.40,3.20,0.00,625
23.733,16.67,0.10,1.00,1.71,3.20,0.28,625
23.750,16.67,0.10,1.01,0.39,3.20,0.00,621
23.767,16.65,0.09,0.76,1.34,3.20,0.21,615
23.783,16.68,0.11,1.00,0.40,3.22,0.00,614
23.800,16.67,0.11,1.01,7.54,3.22,6.02,616
23.817,16.68,0.13,1.03,0.45,3.23,0.00,619
23.833,16.68,0.10,1.00,1.73,3.23,0.28,622
23.850,16.67,0.10,1.00,0.44,3.25,0.00,623
23.867,16.65,0.11,1.02,1.74,3.24,0.28,626
23.883,16.68,0.10,1.02,0.41,3.25,0.00,627
23.900,16.74,0.11,1.03,1.74,3.25,0.28,625
23.917,16.59,0.12,1.02,0.43,3.28,0.00,627
23.934,16.74,0.10,1.01,7.42,3.26,5.91,630
23.950,16.61,0.12,1.03,0.43,3.26,0.00,633
23.967,16.66,0.10,0.99,1.72,3.27,0.28,635
23.983,16.66,0.11,1.00,0.41,3.27,0.00,634
24.000,16.75,0.10,1.02,1.73,3.26,0.28,634
24.017,16.58,0.13,1.04,0.49,3.27,0.00,637
24.033,16.67,0.11,0.99,1.74,3.28,0.28,638
24.050,16.76,0.11,1.01,0.43,3.28,0.00,637
24.067,16.59,0.10,0.99,7.53,3.26,6.01,637
24.083,16.66,0.12,1.01,0.42,3.27,0.00,642
24.100,16.67,0.10,1.02,1.74,3.26,0.27,645
24.117,16.66,0.10,0.99,0.39,3.25,0.00,647
24.133,16.67,0.09,0.98,1.74,3.24,0.28,649
24.150,16.67,0.11,0.98,0.40,3.23,0.00,648
24.167,16.67,0.11,0.99,1.73,3.25,0.28,649
24.183,16.69,0.09,0.98,0.40,3.24,0.00,652
24.200,16.65,0.12,1.00,7.47,3.23,5.95,651
24.217,16.68,0.11,1.01,0.42,3.22,0.00,650
24.233,16.67,0.10,0.97,1.75,3.20,0.28,649
24.250,16.67,0.09,0.97,0.39,3.19,0.00,649
24.267,16.65,0.10,0.97,1.72,3.19,0.27,648
24.283,16.68,0.10,0.97,0.39,3.21,0.00,647
24.300,16.66,0.11,0.98,1.74,3.19,0.28,646
24.317,16.68,0.09,0.97,0.44,3.18,0.00,646
24.333,16.67,0.10,0.97,7.51,3.15,6.00,644
24.350,16.69,0.10,0.99,0.44,3.16,0.00,643
24.367,16.64,0.10,0.97,1.72,3.15,0.28,648
24.383,16.66,0.12,0.98,0.48,3.16,0.00,643
24.400,16.67,0.10,0.95,1.73,3.18,0.28,636
24.417,16.66,0.11,0.98,0.44,3.17,0.00,633
24.433,16.66,0.11,0.97,1.74,3.14,0.28,626
24.450,16.68,0.10,0.96,0.40,3.14,0.00,625
24.467,16.66,0.10,0.95,7.36,3.14,5.87,625
24.483,16.68,0.10,0.98,0.44,3.13,0.00,622
24.500,16.68,0.10,0.95,1.72,3.12,0.28,619
24.517,16.66,0.14,0.97,0.48,3.11,0.00,617
24.533,16.66,0.11,0.96,1.72,3.13,0.28,614
24.550,16.67,0.11,0.97,0.44,3.12,0.00,607
24.567,16.68,0.11,0.96,1.72,3.11,0.28,601
24.583,16.66,0.09,0.94,0.40,3.11,0.00,598
24.600,16.74,0.10,0.96,7.55,3.11,6.03,597
24.617,16.59,0.11,0.97,0.46,3.11,0.00,595
24.634,16.68,0.14,1.35,2.46,3.09,1.02,658
24.650,16.67,0.11,1.33,0.39,4.08,0.00,656
24.667,16.68,0.14,1.37,1.80,3.66,0.27,655
24.684,16.67,0.12,1.36,0.42,3.66,0.00,654
24.700,16.65,0.11,1.34,1.71,3.65,0.27,657
24.717,16.69,0.12,1.37,0.44,3.66,0.00,658
24.733,16.64,0.12,1.32,7.45,3.66,5.91,653
24.750,16.67,0.14,1.38,0.45,3.66,0.00,654
24.767,16.74,0.13,1.36,1.76,3.66,0.27,652
24.784,16.59,0.14,1.38,0.43,3.68,0.00,654
24.800,16.67,0.12,1.36,1.74,3.67,0.27,654
24.817,16.69,0.12,1.36,0.39,3.68,0.00,653
24.834,16.65,0.12,1.36,1.70,3.69,0.27,653
24.850,16.68,0.11,1.37,0.40,3.68,0.00,653
24.867,16.66,0.12,1.35,7.45,3.68,5.94,652
24.884,16.67,0.13,1.40,0.42,3.69,0.00,650
24.900,16.76,0.12,1.40,1.73,3.72,0.27,651
24.917,16.58,0.13,1.40,0.43,3.73,0.00,651
24.934,16.67,0.12,1.36,1.72,3.72,0.27,649
24.950,16.67,0.12,1.36,0.40,3.73,0.00,649
24.967,16.66,0.12,1.37,1.71,3.73,0.27,647
24.984,16.70,0.11,1.37,0.41,3.73,0.00,648
25.000,16.65,0.11,1.36,7.34,3.73,5.81,652
25.017,16.73,0.12,1.41,0.43,3.77,0.00,650
25.034,16.61,0.11,1.37,1.74,3.76,0.27,651
25.050,16.66,0.13,1.40,0.46,3.18,0.00,652
25.067,16.66,0.12,1.37,1.71,3.18,0.27,650
25.084,16.68,0.11,1.35,0.41,3.19,0.00,649
25.100,16.65,0.11,1.37,1.70,3.18,0.27,645
25.117,16.67,0.12,1.08,0.42,3.19,0.00,625
25.134,16.67,0.11,1.08,7.46,3.18,5.94,628
25.150,16.66,0.13,1.10,0.47,3.23,0.00,628
25.167,16.69,0.12,1.10,1.81,3.20,0.28,626
25.184,16.67,0.09,0.80,0.38,3.21,0.00,628
25.200,16.65,0.09,0.81,1.48,3.21,0.21,630
25.217,16.67,0.13,1.09,0.49,3.21,0.00,633
25.234,16.66,0.13,1.09,1.81,3.21,0.28,631
25.250,16.67,0.14,1.08,0.51,3.21,0.00,636
25.267,16.73,0.11,1.10,7.53,3.25,5.97,637
25.284,16.62,0.13,1.09,0.49,3.26,0.00,638
25.300,16.72,0.11,1.06,1.81,3.27,0.28,639
25.317,16.61,0.13,1.07,0.53,3.28,0.00,639
25.334,16.67,0.13,1.05,1.79,3.28,0.28,642
25.350,16.69,0.13,1.10,0.50,3.30,0.00,642
25.367,16.66,0.13,1.06,1.81,3.31,0.28,644
25.384,16.67,0.14,1.05,0.50,3.31,0.00,648
25.400,16.65,0.11,1.06,7.57,3.40,6.03,648
25.417,16.67,0.12,1.07,0.47,3.41,0.00,649
25.434,16.66,0.12,1.02,1.73,3.43,0.28,657
25.450,16.67,0.12,1.02,0.44,3.46,0.00,657
25.467,16.69,0.12,1.03,1.79,3.48,0.28,656
25.484,16.66,0.13,1.03,0.49,3.48,0.00,656
25.500,16.69,0.09,0.76,1.37,3.49,0.21,658
25.517,16.67,0.11,1.04,0.50,3.49,0.00,658
25.534,16.65,0.13,1.03,7.01,3.50,5.80,659
25.550,16.69,0.13,1.06,0.50,3.49,0.00,659
25.567,16.64,0.12,1.01,1.80,3.50,0.27,658
25.584,16.66,0.13,0.93,0.51,3.50,0.00,657
25.600,16.69,0.11,0.95,1.87,3.51,0.28,656
25.617,16.65,0.25,1.02,0.50,3.51,0.00,674
25.634,16.66,0.13,1.02,1.86,3.64,0.28,687
25.650,16.72,0.13,1.04,0.59,3.80,0.00,687
25.667,16.63,0.12,1.01,7.82,3.81,6.19,687
25.684,16.68,0.12,1.05,0.54,3.80,0.00,687
25.700,16.66,0.13,1.02,1.90,3.81,0.28,686
25.717,16.67,0.13,1.01,0.60,3.81,0.00,685
25.734,16.74,0.11,1.02,1.87,3.81,0.28,684
25.750,16.62,0.12,1.00,0.52,3.81,0.00,682
25.767,16.65,0.13,1.00,1.80,3.82,0.28,681
25.784,16.66,0.13,1.01,0.55,3.83,0.00,682
25.800,16.67,0.10,0.99,7.54,3.82,5.97,680
25.817,16.66,0.13,1.01,0.49,3.82,0.00,680
25.834,16.67,0.12,0.99,1.81,3.81,0.28,681
25.850,16.71,0.13,1.01,0.55,3.81,0.00,680
25.867,16.63,0.14,0.98,1.82,3.81,0.28,678
25.884,16.66,0.13,0.97,0.49,3.83,0.00,673
25.900,16.79,0.11,0.97,1.80,3.81,0.28,672
25.917,16.55,0.12,0.98,0.56,3.80,0.00,669
25.934,16.66,0.12,0.96,7.67,3.79,6.11,667
25.950,16.66,0.12,0.96,0.47,3.78,0.00,665
25.967,16.67,0.12,0.94,1.76,3.77,0.27,664
25.984,16.66,0.11,0.92,0.40,3.77,0.00,658
26.000,16.68,0.12,0.93,1.75,3.76,0.27,653
26.017,16.66,0.12,0.95,0.53,3.77,0.00,646
26.034,16.68,0.11,0.95,1.80,3.75,0.28,642
26.050,16.67,0.12,0.95,0.52,3.74,0.00,639
26.067,16.66,0.08,0.71,7.25,3.74,5.71,638
26.084,16.66,0.08,0.71,0.40,3.70,0.00,635
26.100,16.70,0.08,0.71,1.43,3.70,0.20,631
26.117,16.63,0.08,0.76,0.44,3.67,0.00,626
26.134,16.69,0.12,0.90,1.78,3.69,0.27,623
26.150,16.66,0.11,0.91,0.52,2.84,0.00,623
26.167,16.71,0.12,0.90,1.82,2.83,0.27,621
26.184,16.62,0.11,0.89,0.45,2.82,0.00,623
26.200,16.67,0.09,0.87,7.52,2.81,6.02,616
26.217,16.69,0.12,0.90,0.43,2.82,0.00,617
26.234,16.64,0.11,0.86,1.71,2.80,0.27,618
26.250,16.67,0.11,0.88,0.39,2.83,0.00,615
26.267,16.67,0.09,0.87,1.72,2.82,0.28,614
26.284,16.68,0.09,0.88,0.40,2.81,0.00,614
26.300,16.68,0.10,0.90,1.76,2.80,0.28,610
26.317,16.68,0.08,0.65,0.31,2.79,0.00,607
26.334,16.61,0.07,0.63,7.05,2.78,5.58,604
26.350,16.75,0.07,0.66,0.32,2.78,0.00,601
26.367,16.66,0.07,0.63,1.26,2.76,0.19,599
26.384,16.66,0.07,0.64,0.30,2.79,0.00,600
26.400,16.67,0.08,0.62,1.26,2.78,0.19,598
26.417,16.67,0.08,0.62,0.30,2.76,0.00,598
26.434,16.67,0.07,0.63,1.29,2.75,0.20,582
26.450,16.64,0.07,0.65,0.37,2.74,0.00,579
26.467,16.63,0.07,0.65,7.16,2.71,5.67,578
26.484,16.69,0.12,0.90,0.44,2.70,0.00,576
26.500,16.69,0.10,0.86,1.71,2.70,0.27,574
26.517,16.65,0.09,0.87,0.40,2.70,0.00,574
26.534,16.65,0.09,0.85,1.71,2.68,0.28,575
26.550,16.67,0.11,0.93,0.48,2.69,0.00,572
26.567,16.67,0.11,0.90,1.80,2.66,0.27,570
26.584,16.67,0.11,0.87,0.42,2.66,0.00,568
26.600,16.67,0.09,0.63,7.49,2.65,5.97,566
26.617,16.67,0.12,0.66,0.46,2.63,0.00,563
26.634,16.67,0.11,0.66,1.80,2.65,0.27,562
26.650,16.66,0.11,0.63,0.48,2.63,0.00,561
26.667,16.66,0.10,0.63,1.78,2.62,0.27,561
26.684,16.69,0.10,0.65,0.51,2.62,0.00,560
26.700,16.66,0.12,0.67,1.83,2.60,0.29,559
26.717,16.77,0.11,0.67,0.51,2.60,0.00,558
26.734,16.57,0.13,0.67,7.79,2.58,6.22,555
26.750,16.66,0.11,0.66,0.47,2.59,0.00,555
26.767,16.67,0.13,0.65,1.81,2.59,0.27,555
26.784,16.67,0.10,0.62,0.48,2.57,0.00,553
26.800,16.67,0.11,0.65,1.84,2.56,0.27,551
26.817,16.66,0.12,0.68,0.50,2.55,0.00,550
26.834,16.68,0.11,0.65,1.84,2.54,0.27,546
26.850,16.67,0.13,0.64,0.55,2.52,0.00,544
26.867,16.73,0.11,0.65,7.87,2.53,6.28,542
26.884,16.62,0.10,0.65,0.53,2.52,0.00,542
26.900,16.66,0.10,0.64,1.80,2.51,0.27,539
26.917,16.63,0.10,0.64,0.53,2.50,0.00,539
26.934,16.68,0.10,0.63,1.81,2.49,0.27,536
26.950,16.67,0.10,0.61,0.49,2.48,0.00,535
26.967,16.67,0.10,0.66,1.82,2.47,0.27,535
26.984,16.67,0.12,0.65,0.51,2.47,0.00,530
27.000,16.67,0.12,0.67,7.86,2.47,6.28,528
27.017,16.66,0.11,0.66,0.51,2.47,0.00,528
27.034,16.67,0.13,0.64,1.80,2.46,0.27,526
27.050,16.66,0.10,0.64,0.46,2.46,0.00,525
27.067,16.68,0.10,0.64,1.81,2.44,0.27,524
27.084,16.68,0.10,0.64,0.52,2.44,0.00,524
27.100,16.65,0.11,0.62,1.81,2.43,0.27,524
27.117,16.69,0.12,0.65,0.53,2.45,0.00,522
27.134,16.66,0.10,0.64,7.10,2.45,5.86,519
27.150,16.70,0.12,0.66,0.51,2.44,0.00,518
27.167,16.69,0.10,0.64,1.83,2.44,0.27,517
27.184,16.69,0.10,0.64,0.49,2.43,0.00,516
27.200,16.68,0.11,0.66,1.83,2.43,0.27,515
27.217,16.57,0.12,0.64,0.54,2.43,0.00,514
27.234,16.68,0.14,0.94,2.01,2.43,0.46,558
27.250,16.66,0.12,0.96,0.52,3.32,0.00,558
27.267,16.67,0.12,0.94,7.85,3.32,6.30,558
27.284,16.67,0.13,0.96,0.51,3.32,0.00,555
27.300,16.75,0.12,0.99,1.84,3.31,0.29,553
27.317,16.60,0.14,0.97,0.54,3.31,0.00,548
27.334,16.64,0.13,0.96,1.86,3.31,0.27,547
27.350,16.69,0.13,0.96,0.50,3.32,0.00,548
27.367,16.65,0.13,0.99,1.82,3.33,0.28,547
27.384,16.65,0.13,0.96,0.49,3.34,0.00,547
27.400,16.68,0.12,0.96,7.89,3.34,6.36,545
27.417,16.66,0.13,0.97,0.51,3.33,0.00,545
27.434,16.75,0.12,1.00,1.83,3.34,0.29,543
27.450,16.61,0.12,0.98,0.53,3.34,0.00,542
27.467,16.66,0.12,0.98,1.80,3.35,0.27,540
27.484,16.66,0.11,0.96,0.46,3.38,0.00,539
27.501,16.81,0.12,1.00,1.80,3.38,0.27,542
27.517,16.52,0.14,0.97,0.48,3.39,0.00,544
27.534,16.76,0.11,0.94,7.70,3.38,6.18,545
27.550,16.59,0.13,1.00,0.51,3.39,0.00,545
27.567,16.73,0.12,0.97,1.79,3.40,0.28,545
27.584,16.60,0.13,0.89,0.51,3.39,0.00,544
27.600,16.69,0.12,0.78,1.38,3.40,0.20,544
27.617,16.62,0.11,0.39,0.27,3.42,0.00,594
27.634,16.70,0.11,0.99,1.76,3.66,0.29,605
27.650,16.65,0.12,0.96,0.41,3.22,0.00,604
27.667,16.70,0.10,0.97,7.80,3.20,6.23,605
27.684,16.71,0.12,1.02,0.46,3.20,0.00,605
27.700,16.61,0.10,0.95,1.76,3.21,0.28,606
27.717,16.66,0.15,1.00,0.50,3.21,0.00,606
27.734,16.66,0.12,0.98,1.75,3.22,0.28,606
27.750,16.67,0.12,0.96,0.42,3.22,0.00,607
27.767,16.68,0.10,0.97,1.72,3.21,0.28,607
27.784,16.69,0.10,0.97,0.41,3.22,0.00,608
27.800,16.64,0.10,1.04,7.61,3.21,6.07,609
27.817,16.67,0.13,1.00,0.48,3.21,0.00,612
27.834,16.68,0.10,0.96,1.72,3.20,0.27,612
27.850,16.67,0.11,0.97,0.41,3.20,0.00,611
27.867,16.66,0.10,0.96,1.72,3.22,0.28,611
27.884,16.67,0.11,0.94,0.39,3.22,0.00,610
27.901,16.76,0.10,0.98,1.72,3.22,0.28,611
27.917,16.60,0.10,0.95,0.41,3.22,0.00,612
27.934,16.67,0.12,0.98,7.45,3.19,5.91,612
27.950,16.65,0.12,0.98,0.43,3.20,0.00,613
27.967,16.67,0.11,0.94,1.71,3.19,0.28,612
27.984,16.67,0.11,0.95,0.40,3.24,0.00,613
28.000,16.68,0.10,0.94,1.71,3.21,0.28,614
28.017,16.66,0.12,0.98,0.43,3.22,0.00,614
28.034,16.75,0.11,0.97,1.73,3.21,0.28,613
28.050,16.59,0.10,0.96,0.43,3.22,0.00,614
28.067,16.67,0.12,0.95,7.51,3.21,5.99,612
28.084,16.66,0.12,0.97,0.42,3.21,0.00,612
28.101,16.75,0.11,0.96,1.71,3.20,0.28,611
28.117,16.60,0.10,0.96,0.42,3.23,0.00,610
28.134,16.66,0.10,0.94,1.71,3.23,0.28,610
28.150,16.67,0.10,0.95,0.40,3.24,0.00,612
28.167,16.67,0.09,0.93,1.70,3.23,0.27,611
28.184,16.68,0.11,0.93,0.42,3.23,0.00,610
28.200,16.66,0.09,0.94,7.36,3.23,5.87,610
28.217,16.67,0.12,0.97,0.47,3.22,0.00,610
28.234,16.67,0.12,0.94,1.73,3.24,0.28,605
28.250,16.67,0.09,0.94,0.42,3.24,0.00,605
28.267,16.66,0.11,0.95,1.75,3.22,0.28,605
28.284,16.73,0.10,0.96,0.44,3.21,0.00,607
28.300,16.60,0.09,0.93,1.70,3.22,0.28,605
28.317,16.67,0.12,0.92,0.43,3.22,0.00,607
28.334,16.67,0.10,0.92,7.50,3.20,6.01,607
28.350,16.67,0.12,0.96,0.43,3.23,0.00,607
28.367,16.68,0.10,0.93,1.74,3.23,0.28,604
28.384,16.67,0.09,0.90,0.40,3.23,0.00,604
28.400,16.66,0.09,0.91,1.70,3.22,0.27,605
28.417,16.66,0.10,0.92,0.38,3.22,0.00,606
28.434,16.71,0.10,0.93,1.74,3.22,0.28,605
28.450,16.64,0.09,0.92,0.38,3.22,0.00,605
28.467,16.75,0.10,0.93,7.32,3.20,5.83,607
28.484,16.58,0.11,0.93,0.40,3.23,0.00,609
28.500,16.68,0.09,0.90,1.70,3.22,0.28,611
28.517,16.66,0.09,0.92,0.41,3.23,0.00,610
28.534,16.74,0.09,0.92,1.72,3.20,0.28,610
28.551,16.61,0.09,0.92,0.40,3.21,0.00,611
28.567,16.66,0.09,0.91,1.72,3.19,0.27,610
28.584,16.67,0.10,0.93,0.44,3.19,0.00,609
28.601,16.78,0.10,0.92,7.56,3.20,6.03,608
28.617,16.55,0.12,0.93,0.47,3.18,0.00,605
28.634,16.68,0.11,0.91,1.77,3.17,0.28,604
28.651,16.67,0.10,0.90,0.41,3.16,0.00,602
28.667,16.68,0.09,0.90,1.70,3.14,0.27,601
28.684,16.66,0.11,0.91,0.42,3.13,0.00,599
28.701,16.74,0.11,0.93,1.76,3.11,0.27,595
28.717,16.60,0.13,1.22,0.41,3.11,0.00,641
28.734,16.65,0.11,1.18,7.54,3.98,6.04,633
28.751,16.66,0.12,1.21,0.46,3.53,0.00,634
28.767,16.68,0.11,1.17,1.71,3.52,0.28,634
28.784,16.68,0.11,1.19,0.42,3.53,0.00,634
28.801,16.73,0.12,1.22,1.76,3.52,0.27,635
28.817,16.60,0.13,1.21,0.44,3.52,0.00,634
28.834,16.66,0.13,1.21,1.71,3.50,0.27,633
28.851,16.67,0.12,1.21,0.42,3.49,0.00,634
28.867,16.67,0.11,1.21,7.45,3.50,5.95,635
28.884,16.66,0.13,1.24,0.43,3.51,0.00,634
28.901,16.73,0.12,1.22,1.70,3.49,0.27,635
28.917,16.60,0.13,1.22,0.40,3.52,0.00,633
28.934,16.67,0.14,1.23,1.73,3.52,0.27,634
28.951,16.67,0.13,1.23,0.41,3.54,0.00,634
28.967,16.67,0.11,1.22,1.70,3.56,0.27,633
28.984,16.66,0.12,1.23,0.42,3.58,0.00,634
29.001,16.67,0.11,1.23,7.29,3.57,5.82,634
29.017,16.67,0.14,1.26,0.44,3.58,0.00,634
29.034,16.66,0.10,1.22,1.71,3.58,0.27,634
29.051,16.68,0.11,1.21,0.41,3.60,0.00,633
29.067,16.68,0.11,1.25,1.74,3.61,0.27,630
29.084,16.64,0.11,1.23,0.39,3.60,0.00,629
29.101,16.67,0.10,1.21,1.71,3.64,0.27,629
29.117,16.67,0.10,1.24,0.40,3.65,0.00,629
29.134,16.67,0.10,1.23,7.45,3.08,5.95,626
29.151,16.67,0.12,1.25,0.42,3.09,0.00,625
29.167,16.68,0.10,1.25,1.75,3.09,0.27,621
29.184,16.69,0.11,1.25,0.47,3.10,0.00,621
29.201,16.63,0.12,0.98,1.74,3.09,0.28,606
29.217,16.67,0.12,0.99,0.44,3.13,0.00,604
29.234,16.66,0.12,0.97,1.78,3.12,0.28,607
29.251,16.67,0.12,1.01,0.45,3.14,0.00,608
29.267,16.66,0.10,0.99,7.43,3.14,5.94,607
29.284,16.70,0.12,1.02,0.44,3.15,0.00,608
29.301,16.63,0.11,0.97,1.74,3.15,0.28,607
29.317,16.68,0.12,1.00,0.46,3.17,0.00,610
29.334,16.66,0.12,0.98,1.72,3.17,0.28,613
29.351,16.70,0.10,0.96,0.42,3.21,0.00,611
29.367,16.64,0.12,0.98,1.73,3.20,0.28,609
29.384,16.69,0.10,0.98,0.40,3.21,0.00,612
29.401,16.65,0.11,0.98,7.43,3.20,5.95,613
29.417,16.68,0.12,1.00,0.41,3.20,0.00,613
29.434,16.72,0.13,1.01,1.72,3.20,0.28,614
29.451,16.61,0.12,1.00,0.41,3.21,0.00,616
29.467,16.66,0.11,0.98,1.71,3.24,0.28,618
29.484,16.68,0.11,0.99,0.40,3.24,0.00,622
29.501,16.67,0.11,0.99,1.69,3.23,0.28,624
29.517,16.66,0.12,0.98,0.42,3.24,0.00,625
29.534,16.67,0.11,0.97,7.33,3.23,5.85,629
29.551,16.68,0.13,1.00,0.41,3.23,0.00,630
29.567,16.67,0.13,0.98,1.72,3.22,0.27,632
29.584,16.66,0.11,0.89,0.39,3.25,0.00,631
29.601,16.67,0.11,0.88,1.69,3.24,0.27,633
29.617,16.67,0.26,1.00,0.50,3.25,0.00,659
29.634,16.68,0.12,0.96,1.72,3.34,0.27,680
29.651,16.66,0.11,0.97,0.45,3.55,0.00,680
29.667,16.69,0.13,0.98,7.62,3.55,6.04,683
29.684,16.66,0.13,1.04,0.52,3.55,0.00,685
29.701,16.65,0.13,0.96,1.77,3.53,0.28,684
29.717,16.66,0.12,0.95,0.38,3.57,0.00,682
29.734,16.67,0.11,0.95,1.73,3.54,0.28,680
29.751,16.67,0.12,0.94,0.41,3.54,0.00,676
29.767,16.67,0.11,0.94,1.71,3.52,0.27,674
29.784,16.67,0.12,0.95,0.42,3.52,0.00,674
29.801,16.67,0.11,0.94,7.39,3.51,5.89,673
29.817,16.67,0.12,0.95,0.45,3.50,0.00,670
29.834,16.66,0.12,0.92,1.71,3.50,0.27,666
29.851,16.68,0.11,0.94,0.40,3.52,0.00,665
29.867,16.65,0.12,0.93,1.70,3.48,0.28,662
29.884,16.66,0.11,0.93,0.38,3.49,0.00,661
29.901,16.77,0.10,0.95,1.74,3.47,0.28,661
29.917,16.58,0.11,0.94,0.40,3.47,0.00,661
29.934,16.67,0.10,0.94,7.56,3.46,6.01,659
29.951,16.67,0.13,0.96,0.44,3.45,0.00,659
29.967,16.66,0.11,0.91,1.70,3.47,0.27,658
29.984,16.66,0.11,0.92,0.38,3.47,0.00,658
30.001,16.69,0.10,0.92,1.69,3.46,0.28,655
30.017,16.71,0.10,0.93,0.40,3.46,0.00,654
30.034,16.63,0.10,0.92,1.70,3.44,0.27,654
30.051,16.64,0.11,0.92,0.38,3.45,0.00,651
30.067,16.68,0.11,0.93,7.35,3.44,5.85,649
30.084,16.68,0.12,0.95,0.44,3.45,0.00,645
30.101,16.65,0.11,0.90,1.72,3.44,0.27,644
30.117,16.67,0.11,0.91,0.39,3.45,0.00,642
30.134,16.66,0.11,0.91,1.71,3.43,0.28,640
30.151,16.68,0.11,0.91,0.39,3.43,0.00,638
30.167,16.68,0.12,0.92,1.71,3.41,0.28,640
30.184,16.65,0.12,0.91,0.38,3.42,0.00,639
30.201,16.68,0.11,0.91,7.46,3.40,5.98,637
30.217,16.70,0.10,0.91,0.44,3.40,0.00,636
30.234,16.65,0.10,0.87,1.72,2.96,0.27,631
30.251,16.65,0.11,0.87,0.39,2.97,0.00,629
30.267,16.67,0.11,0.84,1.71,2.94,0.27,627
30.284,16.66,0.11,0.88,0.38,2.93,0.00,627
30.301,16.67,0.11,0.88,1.71,2.92,0.27,625
30.317,16.67,0.12,0.88,0.38,2.91,0.00,624
30.334,16.68,0.13,0.88,7.35,2.91,5.85,621
30.351,16.67,0.11,0.89,0.42,2.90,0.00,622
30.367,16.66,0.13,0.89,1.78,2.88,0.27,619
30.384,16.66,0.12,0.87,0.42,2.87,0.00,617
30.401,16.69,0.13,0.89,1.79,2.85,0.27,616
30.417,16.64,0.11,0.88,0.41,2.84,0.00,615
30.434,16.66,0.11,0.86,1.70,2.81,0.27,614
30.451,16.67,0.11,0.87,0.42,2.82,0.00,607
30.467,16.67,0.12,0.87,7.58,2.81,6.05,606
30.484,16.68,0.13,0.89,0.44,2.80,0.00,605
30.501,16.66,0.11,0.88,1.72,2.77,0.27,601
30.517,16.66,0.11,0.87,0.39,2.76,0.00,598
30.534,16.67,0.11,0.87,1.70,2.74,0.25,593
30.551,16.66,0.11,0.87,0.39,2.72,0.00,592
30.567,16.67,0.12,0.87,1.71,2.72,0.24,584
30.584,16.68,0.11,0.87,0.41,2.71,0.00,580
30.601,16.69,0.09,0.86,7.30,2.70,5.81,578
30.617,16.66,0.11,0.89,0.42,2.69,0.00,576
30.634,16.67,0.10,0.83,1.69,2.68,0.24,572
30.651,16.66,0.11,0.87,0.41,2.65,0.00,566
30.667,16.66,0.11,0.86,1.69,2.64,0.24,564
30.684,16.70,0.10,0.59,0.42,2.64,0.00,552
30.701,16.65,0.11,0.58,1.70,2.63,0.24,552
30.717,16.65,0.10,0.56,0.42,2.63,0.00,550
30.734,16.69,0.12,0.58,7.50,2.61,5.96,550
30.751,16.66,0.11,0.59,0.43,2.61,0.00,551
30.767,16.69,0.10,0.56,1.72,2.61,0.24,550
30.784,16.67,0.13,0.61,0.49,2.58,0.00,550
30.801,16.65,0.12,0.59,1.72,2.57,0.24,549
30.817,16.67,0.12,0.61,0.44,2.60,0.00,546
30.834,16.66,0.11,0.59,1.73,2.57,0.24,547
30.851,16.67,0.11,0.58,0.41,2.58,0.00,544
30.867,16.67,0.11,0.57,7.35,2.57,5.84,543
30.884,16.67,0.11,0.60,0.44,2.56,0.00,542
30.901,16.75,0.10,0.61,1.72,2.55,0.24,540
30.917,16.59,0.11,0.58,0.41,2.57,0.00,540
30.934,16.66,0.11,0.59,1.71,2.54,0.24,537
30.951,16.66,0.11,0.57,0.44,2.57,0.00,536
30.967,16.66,0.11,0.58,1.70,2.56,0.24,535
30.984,16.66,0.10,0.59,0.39,2.56,0.00,535
31.001,16.67,0.11,0.57,7.44,2.56,5.95,534
31.017,16.68,0.12,0.61,0.44,2.56,0.00,534
31.034,16.65,0.12,0.55,1.68,2.54,0.24,532
31.051,16.70,0.10,0.57,0.39,2.54,0.00,531
31.067,16.65,0.10,0.56,1.70,2.56,0.24,529
31.084,16.67,0.11,0.60,0.46,2.56,0.00,528
31.101,16.67,0.11,0.59,1.75,2.55,0.24,529
31.117,16.66,0.11,0.58,0.43,2.55,0.00,529
31.134,16.68,0.11,0.58,7.39,2.54,5.86,529
31.151,16.68,0.12,0.61,0.44,2.53,0.00,529
31.167,16.65,0.11,0.58,1.74,2.52,0.24,529
31.184,16.67,0.11,0.57,0.42,2.53,0.00,527
31.201,16.68,0.11,0.59,1.72,2.54,0.24,527
31.217,16.66,0.09,0.59,0.41,2.54,0.00,527
31.234,16.66,0.11,0.57,1.94,2.52,0.24,527
31.251,16.67,0.10,0.57,0.40,2.52,0.00,527
31.267,16.67,0.09,0.56,7.41,2.51,5.92,528
31.284,16.67,0.12,0.60,0.42,2.52,0.00,528
31.301,16.69,0.10,0.57,1.68,2.52,0.24,526
31.317,16.64,0.10,0.57,0.41,2.54,0.00,521
31.334,16.66,0.11,0.57,1.72,2.52,0.24,521
31.351,16.67,0.11,0.57,0.41,2.51,0.00,519
31.367,16.67,0.10,0.57,1.69,2.50,0.24,518
31.384,16.66,0.09,0.54,0.40,2.50,0.00,515
31.401,16.69,0.11,0.58,7.43,2.48,5.91,512
31.417,16.66,0.12,0.58,0.41,2.48,0.00,509
31.434,16.67,0.10,0.57,1.70,2.50,0.24,507
31.451,16.67,0.11,0.56,0.44,2.50,0.00,507
31.467,16.66,0.10,0.56,1.67,2.49,0.24,507
31.484,16.67,0.10,0.55,0.40,2.48,0.00,504
31.501,16.69,0.09,0.56,1.68,2.48,0.24,502
31.517,16.65,0.10,0.55,0.40,2.48,0.00,501
31.534,16.67,0.10,0.55,7.40,2.48,5.91,500
31.551,16.67,0.11,0.58,0.41,2.47,0.00,497
31.567,16.67,0.10,0.55,1.67,2.48,0.24,497
31.584,16.67,0.11,0.51,0.42,2.48,0.00,497
31.601,16.66,0.11,0.49,1.69,2.48,0.24,498
31.617,16.67,0.24,0.59,0.41,2.48,0.00,523
31.634,16.67,0.11,0.58,1.68,2.62,0.24,521
31.651,16.66,0.11,0.60,0.39,2.65,0.00,518
31.667,16.68,0.11,0.58,8.02,2.64,6.52,517
31.684,16.70,0.10,0.61,0.43,2.66,0.00,516
31.701,16.64,0.11,0.61,1.76,2.65,0.24,516
31.717,16.66,0.11,0.58,0.40,2.65,0.00,516
31.734,16.67,0.11,0.58,1.68,2.66,0.24,516
31.751,16.66,0.11,0.58,0.41,2.65,0.00,515
31.767,16.67,0.10,0.59,1.68,2.64,0.24,513
31.784,16.68,0.13,0.62,0.48,2.64,0.00,514
31.801,16.65,0.11,0.58,7.40,2.64,5.92,512
31.817,16.68,0.11,0.61,0.42,2.66,0.00,511
31.834,16.67,0.10,0.59,1.71,2.65,0.24,508
31.851,16.66,0.11,0.60,0.39,2.66,0.00,507
31.867,16.68,0.10,0.59,1.69,2.64,0.24,507
31.884,16.66,0.11,0.59,0.40,2.64,0.00,508
31.901,16.69,0.10,0.62,1.72,2.64,0.24,507
31.917,16.65,0.15,0.83,0.43,2.65,0.00,556
31.934,16.66,0.12,0.83,7.48,3.50,5.98,563
31.951,16.68,0.14,0.85,0.43,3.59,0.00,562
31.967,16.65,0.12,0.83,1.67,3.57,0.24,559
31.984,16.66,0.13,0.85,0.40,3.58,0.00,558
32.001,16.69,0.12,0.84,1.68,3.57,0.24,558
32.017,16.65,0.13,0.83,0.40,3.58,0.00,558
32.034,16.66,0.12,0.85,1.69,3.55,0.24,556
32.051,16.67,0.12,0.84,0.38,3.56,0.00,554
32.067,16.67,0.12,0.84,7.45,3.55,5.93,556
32.084,16.69,0.14,0.86,0.45,3.55,0.00,556
32.101,16.64,0.13,0.85,1.73,3.55,0.26,558
32.117,16.70,0.12,0.85,0.40,3.57,0.00,561
32.134,16.65,0.11,0.86,1.73,3.55,0.27,562
32.151,16.65,0.14,0.87,0.44,3.56,0.00,562
32.167,16.67,0.11,0.65,1.36,3.54,0.20,561
32.184,16.67,0.13,0.87,0.42,3.55,0.00,559
32.201,16.66,0.12,0.85,7.50,3.55,5.98,558
32.217,16.67,0.13,0.87,0.43,3.54,0.00,558
32.234,16.66,0.11,0.83,1.74,3.52,0.28,558
32.251,16.67,0.12,0.86,0.41,3.53,0.00,559
32.267,16.67,0.12,0.86,1.71,3.52,0.27,560
32.284,16.66,0.12,0.85,0.39,3.52,0.00,563
32.301,16.67,0.12,0.85,1.71,3.53,0.27,561
32.318,16.75,0.11,0.88,0.43,3.51,0.00,559
32.334,16.59,0.13,0.86,7.49,2.91,5.98,558
32.351,16.67,0.13,0.88,0.41,2.92,0.00,560
32.367,16.66,0.11,0.86,1.71,2.91,0.27,559
32.384,16.67,0.12,0.86,0.38,2.91,0.00,558
32.401,16.67,0.11,0.85,1.71,2.89,0.27,557
32.418,16.69,0.15,0.91,0.47,2.89,0.00,556
32.434,16.64,0.12,0.86,1.73,2.89,0.27,556
32.451,16.67,0.12,0.87,0.44,2.89,0.00,559
32.467,16.67,0.11,0.85,7.34,2.89,5.85,560
32.484,16.68,0.14,0.88,0.43,2.89,0.00,560
32.501,16.67,0.12,0.87,1.72,2.89,0.27,560
32.517,16.66,0.13,0.85,0.43,2.89,0.00,559
32.534,16.67,0.12,0.84,1.73,2.89,0.27,560
32.551,16.67,0.13,0.85,0.42,2.91,0.00,561
32.568,16.67,0.12,0.86,1.71,2.90,0.27,561
32.584,16.67,0.13,0.85,0.42,2.91,0.00,560
32.601,16.66,0.11,0.84,7.48,2.90,5.98,560
32.618,16.68,0.11,0.87,0.42,2.92,0.00,561
32.634,16.66,0.11,0.84,1.71,2.91,0.27,563
32.651,16.66,0.12,0.84,0.38,2.91,0.00,565
32.668,16.70,0.10,0.83,1.76,2.94,0.27,564
32.684,16.66,0.11,0.84,0.39,2.95,0.00,564
32.701,16.66,0.13,0.86,1.75,2.94,0.27,563
32.718,16.66,0.12,0.86,0.43,2.94,0.00,564
32.734,16.69,0.14,0.90,7.64,2.94,6.08,565
32.751,16.66,0.13,0.86,0.45,2.95,0.00,566
32.768,16.67,0.12,0.87,1.78,2.95,0.27,568
32.784,16.75,0.13,0.88,0.51,2.97,0.00,565
32.801,16.57,0.13,0.87,1.79,2.99,0.27,564
32.818,16.67,0.12,0.86,0.44,3.00,0.00,565
32.834,16.68,0.11,0.86,1.76,3.01,0.27,567
32.851,16.65,0.12,0.86,0.42,3.01,0.00,567
32.868,16.67,0.13,0.87,7.55,3.02,6.02,568
32.884,16.71,0.10,0.87,0.41,3.02,0.00,568
32.901,16.65,0.13,0.87,1.81,3.04,0.28,569
32.918,16.64,0.12,0.86,0.42,3.05,0.00,569
32.934,16.67,0.11,0.84,1.73,3.05,0.27,569
32.951,16.67,0.12,0.86,0.42,3.07,0.00,569
32.968,16.68,0.11,0.83,1.72,3.05,0.27,570
32.984,16.66,0.12,0.86,0.39,3.07,0.00,571
33.001,16.67,0.11,0.85,7.34,3.06,5.84,571
33.018,16.70,0.12,0.87,0.43,3.07,0.00,572
33.034,16.65,0.16,1.23,2.50,3.06,1.03,638
33.051,16.74,0.12,1.25,0.40,4.05,0.00,639
33.068,16.61,0.12,1.25,1.72,4.03,0.27,640
33.084,16.65,0.14,1.27,0.45,4.05,0.00,639
33.101,16.67,0.14,1.26,1.73,4.04,0.27,644
33.118,16.67,0.14,1.26,0.42,4.05,0.00,644
33.134,16.67,0.14,1.26,7.47,4.05,5.97,644
33.151,16.68,0.15,1.29,0.42,4.06,0.00,641
33.168,16.68,0.12,1.28,1.71,4.02,0.27,641
33.184,16.65,0.14,1.28,0.39,4.03,0.00,644
33.201,16.74,0.13,1.29,1.73,4.07,0.27,643
33.218,16.59,0.14,1.29,0.41,4.07,0.00,645
33.234,16.68,0.15,1.32,1.73,4.07,0.27,646
33.251,16.65,0.14,1.30,0.41,4.09,0.00,649
33.268,16.67,0.14,1.30,7.32,4.11,5.82,651
33.284,16.67,0.15,1.32,0.42,4.15,0.00,652
33.301,16.67,0.13,1.30,1.72,4.15,0.27,657
33.318,16.66,0.14,1.30,0.42,4.17,0.00,659
33.334,16.68,0.12,1.30,1.73,4.18,0.27,657
33.351,16.66,0.14,1.31,0.41,4.19,0.00,656
33.368,16.68,0.14,1.31,1.78,4.19,0.27,658
33.384,16.67,0.13,1.31,0.41,4.20,0.00,657
33.401,16.67,0.13,1.31,7.45,4.21,5.94,654
33.418,16.67,0.14,1.32,0.43,4.25,0.00,652
33.434,16.66,0.12,1.28,1.70,3.88,0.27,653
33.451,16.68,0.15,1.28,0.43,3.32,0.00,654
33.468,16.66,0.13,1.30,1.72,3.32,0.27,654
33.484,16.67,0.13,1.31,0.40,3.33,0.00,652
33.501,16.67,0.13,1.28,1.72,3.34,0.27,656
33.518,16.65,0.13,1.30,0.40,3.36,0.00,658
33.534,16.75,0.12,1.32,7.44,3.39,5.90,660
33.551,16.64,0.13,1.33,0.43,3.41,0.00,663
33.568,16.62,0.12,1.27,1.72,3.41,0.27,662
33.584,16.67,0.12,1.18,0.41,3.43,0.00,661
33.601,16.68,0.13,1.19,1.75,3.44,0.28,664
33.618,16.66,0.28,1.28,0.39,3.44,0.00,679
33.634,16.68,0.12,1.28,1.70,3.56,0.27,682
33.651,16.66,0.13,1.27,0.46,3.62,0.00,686
33.668,16.68,0.12,1.30,7.52,3.64,5.95,686
33.684,16.68,0.13,1.30,0.47,3.65,0.00,687
33.701,16.66,0.12,1.32,1.80,3.65,0.27,684
33.718,16.66,0.14,1.27,0.48,3.66,0.00,683
33.734,16.68,0.11,1.27,1.76,3.65,0.27,684
33.751,16.65,0.13,1.27,0.46,3.67,0.00,686
33.768,16.67,0.13,1.26,1.76,3.66,0.27,686
33.784,16.70,0.11,1.29,0.45,3.69,0.00,687
33.801,16.66,0.12,1.28,7.43,3.69,5.85,684
33.818,16.66,0.14,1.28,0.49,3.69,0.00,685
33.834,16.66,0.13,1.27,1.78,3.69,0.26,685
33.851,16.67,0.13,1.26,0.44,3.69,0.00,687
33.868,16.66,0.13,1.25,1.74,3.69,0.25,687
33.884,16.66,0.19,1.34,0.41,3.69,0.00,742
33.901,16.74,0.17,1.35,1.86,4.60,0.39,744
33.918,16.60,0.17,1.33,0.41,4.61,0.00,742
33.934,16.66,0.16,1.31,7.48,4.61,5.97,742
33.951,16.68,0.18,1.35,0.45,4.60,0.00,745
33.968,16.66,0.17,1.33,1.70,4.61,0.24,743
33.984,16.66,0.17,1.32,0.44,4.59,0.00,746
34.001,16.68,0.17,1.32,1.67,4.61,0.24,744
34.018,16.67,0.16,1.34,0.43,4.61,0.00,745
34.034,16.66,0.19,1.34,1.67,4.60,0.24,744
34.051,16.66,0.17,1.35,0.39,4.61,0.00,744
34.068,16.69,0.17,1.33,6.81,4.61,5.61,745
34.084,16.65,0.13,0.99,0.39,4.61,0.00,745
34.101,16.70,0.17,1.35,1.73,4.61,0.24,747
34.118,16.64,0.18,1.32,0.43,4.62,0.00,748
34.134,16.67,0.17,1.32,1.67,4.62,0.24,748
34.151,16.67,0.17,1.32,0.40,4.63,0.00,752
34.168,16.67,0.17,1.30,1.69,4.63,0.24,751
34.184,16.69,0.14,1.30,0.42,4.62,0.00,749
34.201,16.66,0.16,1.36,7.55,4.61,6.02,752
34.218,16.67,0.16,1.33,0.46,4.64,0.00,751
34.234,16.65,0.15,1.29,1.69,4.62,0.24,752
34.251,16.67,0.15,1.29,0.41,4.65,0.00,753
34.268,16.67,0.14,1.29,1.69,4.63,0.24,752
34.284,16.67,0.15,1.30,0.39,4.64,0.00,751
34.301,16.67,0.15,1.29,1.67,4.06,0.24,749
34.318,16.67,0.14,1.29,0.41,4.07,0.00,746
34.334,16.66,0.14,1.27,7.37,4.07,5.85,744
34.351,16.68,0.16,1.31,0.45,4.07,0.00,739
34.368,16.66,0.15,1.28,1.71,4.08,0.24,736
34.384,16.67,0.15,1.25,0.41,4.08,0.00,728
34.401,16.67,0.14,1.25,1.69,4.11,0.24,716
34.418,16.66,0.15,1.27,0.41,4.10,0.00,708
34.434,16.68,0.13,1.26,1.68,4.08,0.24,702
34.451,16.65,0.14,1.25,0.39,4.08,0.00,700
34.468,16.69,0.17,1.25,7.50,4.06,5.92,692
34.484,16.66,0.15,1.23,0.45,4.09,0.00,688
34.501,16.70,0.14,1.20,1.71,4.06,0.24,680
34.518,16.63,0.15,1.21,0.40,4.06,0.00,678
34.534,16.68,0.13,1.18,1.68,4.05,0.24,672
34.551,16.65,0.13,1.19,0.40,3.27,0.00,672
34.568,16.67,0.14,1.16,1.67,3.30,0.25,672
34.584,16.78,0.13,1.19,0.39,3.30,0.00,673
34.601,16.57,0.14,1.18,7.37,3.29,5.82,675
34.618,16.67,0.15,1.18,0.43,3.28,0.00,674
34.634,16.66,0.15,1.16,1.68,3.27,0.24,671
34.651,16.66,0.13,1.17,0.40,3.31,0.00,670
34.668,16.68,0.16,1.19,1.76,3.29,0.25,670
34.684,16.67,0.15,1.15,0.42,3.30,0.00,670
34.701,16.65,0.14,1.15,1.70,3.28,0.25,671
34.718,16.68,0.15,1.16,0.42,3.28,0.00,670
34.734,16.68,0.13,1.17,7.49,3.30,5.94,670
34.751,16.64,0.15,1.17,0.41,3.30,0.00,668
34.768,16.68,0.13,1.16,1.73,3.29,0.24,668
34.784,16.66,0.14,1.14,0.40,3.29,0.00,664
34.801,16.80,0.14,1.17,1.73,3.27,0.24,665
34.818,16.54,0.16,1.18,0.45,3.30,0.00,663
34.834,16.69,0.13,1.13,1.69,3.28,0.24,660
34.851,16.66,0.15,1.18,0.49,3.27,0.00,659
34.868,16.68,0.13,1.16,7.43,3.25,5.91,659
34.884,16.66,0.14,1.17,0.43,3.26,0.00,658
34.901,16.75,0.13,1.14,1.68,3.30,0.24,658
34.918,16.58,0.14,1.17,0.41,3.32,0.00,650
34.934,16.66,0.14,1.14,1.72,3.30,0.25,650
34.951,16.67,0.14,1.14,0.40,3.32,0.00,646
34.968,16.67,0.15,1.16,1.72,3.29,0.26,640
34.984,16.66,0.13,1.15,0.40,3.29,0.00,637
35.001,16.67,0.15,0.89,7.45,3.27,5.95,624
35.018,16.77,0.13,0.93,0.45,3.26,0.00,626
35.034,16.56,0.14,0.90,1.69,3.26,0.25,627
35.051,16.67,0.15,1.57,0.41,3.25,0.00,643
35.068,16.71,0.13,1.00,1.96,3.29,0.52,647
35.084,16.64,0.14,1.00,0.39,3.30,0.00,648
35.101,16.67,0.15,1.01,1.74,3.31,0.25,654
35.118,16.67,0.14,1.01,0.43,3.31,0.00,657
35.134,16.66,0.14,0.99,7.25,3.31,5.77,661
35.151,16.69,0.16,1.04,0.45,3.35,0.00,660
35.168,16.65,0.14,1.03,1.71,3.34,0.25,660
35.184,16.67,0.13,1.02,0.41,3.34,0.00,661
35.201,16.67,0.14,1.02,1.70,3.34,0.25,663
35.218,16.67,0.14,1.03,0.44,3.37,0.00,664
35.234,16.67,0.15,1.03,1.71,3.36,0.25,664
35.251,16.67,0.14,1.04,0.41,3.37,0.00,666
35.268,16.67,0.13,1.01,7.41,3.36,5.92,672
35.284,16.66,0.13,1.06,0.44,3.36,0.00,672
35.301,16.67,0.14,1.04,1.70,3.39,0.25,669
35.318,16.75,0.12,1.05,0.41,3.39,0.00,669
35.334,16.59,0.14,1.03,1.70,3.37,0.25,667
35.351,16.68,0.13,1.03,0.43,3.37,0.00,649
35.368,16.65,0.14,1.02,1.69,3.35,0.25,626
35.384,16.67,0.14,1.02,0.41,3.37,0.00,621
35.401,16.68,0.14,1.01,7.25,3.05,5.77,620
35.418,16.67,0.14,1.04,0.43,3.05,0.00,619
35.434,16.66,0.13,1.02,1.70,3.04,0.25,620
35.451,16.66,0.13,1.01,0.40,3.05,0.00,621
35.468,16.67,0.13,1.00,1.69,3.06,0.25,620
35.484,16.67,0.14,1.03,0.43,3.07,0.00,618
35.501,16.67,0.13,1.01,1.69,3.06,0.25,616
35.518,16.67,0.13,1.02,0.38,3.07,0.00,616
35.534,16.67,0.13,1.00,7.38,3.06,5.89,616
35.551,16.67,0.14,1.04,0.43,3.08,0.00,616
35.568,16.66,0.13,1.02,1.69,3.09,0.25,617
35.584,16.66,0.13,0.94,0.40,3.09,0.00,617
35.601,16.68,0.15,0.95,1.73,3.08,0.24,616
35.618,16.67,0.28,1.08,0.49,3.08,0.00,678
35.634,16.66,0.14,1.07,1.74,3.29,0.25,689
35.651,16.67,0.13,1.07,0.46,3.44,0.00,688
35.668,16.67,0.14,1.06,7.38,3.43,5.84,688
35.684,16.68,0.16,1.08,0.49,3.42,0.00,687
35.701,16.68,0.13,1.09,1.80,3.42,0.25,685
35.718,16.66,0.14,1.07,0.46,3.45,0.00,682
35.734,16.65,0.14,1.04,1.71,3.45,0.27,682
35.751,16.67,0.13,1.05,0.45,3.46,0.00,684
35.768,16.66,0.13,1.05,1.73,3.45,0.28,685
35.784,16.68,0.14,1.07,0.48,3.47,0.00,686
35.801,16.66,0.14,1.08,7.64,3.47,6.04,687
35.818,16.67,0.14,1.08,0.53,3.48,0.00,688
35.834,16.67,0.14,1.08,1.78,3.47,0.27,689
35.851,16.67,0.14,0.84,0.50,3.48,0.00,689
35.868,16.67,0.12,0.82,1.75,3.46,0.27,688
35.884,16.65,0.13,0.83,0.44,3.49,0.00,691
35.901,16.68,0.12,0.83,1.81,3.50,0.27,694
35.918,16.67,0.14,0.90,0.44,3.49,0.00,696
35.934,16.66,0.14,0.90,7.42,3.49,5.91,698
35.951,16.67,0.14,0.91,0.43,3.49,0.00,697
35.968,16.66,0.14,0.91,1.78,3.50,0.27,699
35.984,16.69,0.13,0.89,0.41,3.50,0.00,699
36.001,16.64,0.13,0.89,1.72,3.49,0.27,701
36.018,16.67,0.13,0.89,0.41,3.50,0.00,702
36.034,16.67,0.13,0.89,1.73,3.49,0.27,699
36.051,16.67,0.13,0.89,0.40,3.51,0.00,701
36.068,16.67,0.14,0.86,7.46,3.49,5.94,691
36.084,16.67,0.14,0.87,0.47,3.47,0.00,691
36.101,16.68,0.13,0.85,1.78,3.44,0.27,691
36.118,16.69,0.12,0.83,0.45,3.44,0.00,689
36.134,16.62,0.13,0.91,1.81,3.44,0.29,689
36.151,16.67,0.13,0.87,0.46,3.44,0.00,689
36.168,16.67,0.13,0.85,1.75,3.42,0.27,688
36.184,16.67,0.13,0.85,0.46,3.43,0.00,688
36.201,16.70,0.13,0.88,7.41,3.42,5.86,687
36.218,16.64,0.14,0.88,0.49,3.44,0.00,685
36.234,16.66,0.14,0.86,1.72,3.43,0.27,681
36.251,16.66,0.13,0.85,0.38,3.44,0.00,681
36.268,16.67,0.12,0.84,1.70,3.42,0.27,682
36.284,16.67,0.13,0.84,0.38,3.41,0.00,679
36.301,16.68,0.12,0.86,1.71,3.43,0.27,676
36.318,16.65,0.14,0.87,0.43,3.43,0.00,672
36.334,16.67,0.13,0.86,7.44,3.41,5.95,672
36.351,16.68,0.14,0.89,0.43,3.41,0.00,671
36.368,16.66,0.14,0.85,1.70,3.40,0.27,667
36.385,16.69,0.12,0.83,0.39,3.42,0.00,664
36.401,16.66,0.13,0.86,1.80,3.41,0.27,664
36.418,16.67,0.13,0.89,0.49,3.40,0.00,662
36.435,16.66,0.15,0.88,1.83,3.39,0.27,660
36.451,16.74,0.13,0.94,0.49,3.39,0.00,657
36.468,16.61,0.15,0.89,7.50,3.38,5.94,653
36.485,16.69,0.13,0.90,0.47,3.38,0.00,652
36.501,16.68,0.14,0.88,1.80,3.36,0.27,649
36.518,16.70,0.30,1.25,0.51,3.37,0.00,701
36.535,16.60,0.20,1.20,2.06,4.20,0.46,695
36.551,16.67,0.20,1.18,0.54,4.21,0.00,691
36.568,16.68,0.18,1.19,1.86,3.90,0.27,686
36.585,16.66,0.19,1.21,0.55,3.90,0.00,687
36.601,16.74,0.23,1.26,7.75,3.85,6.14,686
36.618,16.62,0.19,1.24,0.57,3.84,0.00,685
36.635,16.66,0.20,1.26,1.86,3.86,0.27,693
36.651,16.67,0.20,1.27,0.55,3.86,0.00,692
36.668,16.64,0.18,1.28,1.86,3.85,0.27,692
36.685,16.68,0.19,1.31,0.42,3.85,0.00,699
36.701,16.66,0.18,1.33,1.79,3.82,0.27,700
36.718,16.66,0.14,1.00,0.41,3.82,0.00,697
36.735,16.67,0.17,1.32,7.61,3.80,6.04,698
36.751,16.67,0.18,1.35,0.53,3.81,0.00,698
36.768,16.67,0.17,1.31,1.75,3.81,0.27,699
36.785,16.65,0.15,1.00,0.40,3.84,0.00,697
36.801,16.67,0.19,1.36,1.81,3.81,0.27,697
36.818,16.71,0.17,1.36,0.51,3.82,0.00,699
36.835,16.63,0.18,1.35,1.77,3.80,0.27,698
36.851,16.68,0.21,1.37,0.51,3.81,0.00,698
36.868,16.68,0.19,1.37,7.78,3.79,6.19,696
36.885,16.65,0.17,1.40,0.52,3.79,0.00,698
36.901,16.68,0.18,1.39,1.85,3.82,0.28,699
36.918,16.66,0.18,1.38,0.53,3.82,0.00,700
36.935,16.67,0.16,1.35,1.77,3.70,0.28,697
36.951,16.66,0.16,1.32,0.51,3.23,0.00,700
36.968,16.74,0.16,1.41,1.87,3.23,0.27,699
36.985,16.59,0.17,1.37,0.51,3.23,0.00,699
37.001,16.67,0.18,1.38,7.63,3.22,6.05,700
37.018,16.67,0.19,1.24,0.51,3.25,0.00,700
37.035,16.67,0.18,1.25,1.86,3.25,0.27,701
37.051,16.67,0.21,1.23,0.51,3.25,0.00,700
37.068,16.66,0.19,1.20,1.81,3.25,0.27,700
37.085,16.68,0.17,1.23,0.51,3.24,0.00,701
37.101,16.66,0.18,1.30,1.84,3.25,0.27,701
37.118,16.66,0.18,1.22,0.50,3.25,0.00,698
37.135,16.68,0.18,1.20,7.61,3.28,6.06,698
37.151,16.68,0.17,1.25,0.56,3.27,0.00,696
37.168,16.67,0.19,1.19,1.83,3.28,0.27,695
37.185,16.67,0.18,1.22,0.54,3.27,0.00,696
37.201,16.66,0.18,1.16,1.90,3.27,0.27,694
37.218,16.68,0.21,1.16,0.56,3.27,0.00,692
37.235,16.65,0.18,1.14,1.83,3.27,0.28,689
37.251,16.67,0.17,1.13,0.54,3.37,0.00,688
37.268,16.68,0.16,1.16,7.81,3.38,6.24,680
37.285,16.71,0.13,1.22,0.49,3.38,0.00,719
37.301,16.62,0.14,1.16,1.81,3.43,0.26,721
37.318,16.67,0.14,1.14,0.49,3.46,0.00,721
37.335,16.66,0.15,1.14,1.78,3.45,0.26,719
37.351,16.67,0.13,1.13,0.44,3.47,0.00,723
37.368,16.67,0.14,1.12,1.77,3.45,0.28,721
37.385,16.66,0.13,1.11,0.42,3.46,0.00,719
37.401,16.69,0.14,1.11,7.62,3.45,6.10,718
37.418,16.64,0.13,1.12,0.45,3.45,0.00,718
37.435,16.67,0.14,1.10,1.76,3.44,0.28,716
37.451,16.67,0.13,1.09,0.45,3.45,0.00,715
37.468,16.67,0.13,1.08,1.79,3.43,0.27,716
37.485,16.66,0.13,1.07,0.42,3.47,0.00,717
37.501,16.69,0.11,1.07,1.70,3.46,0.28,716
37.518,16.65,0.13,1.08,0.44,3.46,0.00,717
37.535,16.66,0.13,1.03,7.46,3.44,5.94,716
37.551,16.69,0.14,1.10,0.45,3.44,0.00,715
37.568,16.64,0.13,1.05,1.71,3.42,0.28,714
37.585,16.67,0.14,0.98,0.41,3.43,0.00,715
37.601,16.67,0.13,0.97,1.71,3.43,0.28,715
37.618,16.68,0.28,1.09,0.48,3.42,0.00,736
37.635,16.66,0.13,1.07,1.72,3.59,0.27,742
37.651,16.68,0.11,1.04,0.40,3.68,0.00,741
37.668,16.66,0.13,1.05,7.50,3.66,5.98,740
37.685,16.70,0.12,1.07,0.45,3.64,0.00,740
37.701,16.63,0.14,1.06,1.72,3.62,0.28,740
37.718,16.70,0.12,1.07,0.47,3.64,0.00,739
37.735,16.64,0.13,1.06,1.73,3.61,0.28,738
37.751,16.67,0.12,1.04,0.41,3.59,0.00,737
37.768,16.67,0.14,1.04,1.71,3.57,0.28,738
37.785,16.67,0.12,1.03,0.40,3.55,0.00,737
37.801,16.71,0.12,1.03,7.37,3.53,5.86,737
37.818,16.64,0.14,1.05,0.44,3.51,0.00,738
37.835,16.66,0.13,1.03,1.75,3.52,0.29,738
37.851,16.67,0.13,1.04,0.41,3.52,0.00,737
37.868,16.66,0.13,1.01,1.73,3.49,0.28,730
37.885,16.67,0.13,1.01,0.39,3.47,0.00,729
37.901,16.78,0.11,1.04,1.76,3.45,0.27,725
37.918,16.56,0.14,1.13,0.50,3.43,0.00,725
37.935,16.66,0.14,1.01,7.59,3.40,6.06,721
37.951,16.67,0.13,1.03,0.45,3.41,0.00,721
37.968,16.67,0.14,1.01,1.74,3.40,0.28,718
37.985,16.66,0.09,0.75,0.34,3.39,0.00,716
38.001,16.66,0.09,0.74,1.61,3.37,0.21,714
38.018,16.67,0.08,0.72,0.31,3.36,0.00,712
38.035,16.67,0.09,0.72,1.30,2.98,0.21,711
38.051,16.69,0.11,0.97,0.42,2.97,0.00,709
38.068,16.69,0.11,0.96,7.38,2.99,5.88,709
38.085,16.64,0.13,0.97,0.42,2.98,0.00,707
38.101,16.66,0.12,0.94,1.72,2.97,0.28,707
38.118,16.68,0.13,0.96,0.45,2.96,0.00,706
38.135,16.66,0.13,0.96,1.71,2.94,0.28,703
38.151,16.67,0.14,0.98,0.44,2.94,0.00,702
38.168,16.66,0.12,0.95,1.70,2.92,0.28,698
38.185,16.70,0.11,0.96,0.41,2.96,0.00,699
38.201,16.65,0.12,0.95,7.45,2.94,5.96,697
38.218,16.66,0.11,0.99,0.44,2.93,0.00,696
38.235,16.66,0.13,0.91,1.76,2.91,0.27,692
38.251,16.67,0.12,0.92,0.47,2.91,0.00,691
38.268,16.66,0.13,0.91,1.74,2.90,0.27,690
38.285,16.67,0.12,0.92,0.43,2.91,0.00,684
38.301,16.66,0.12,0.90,1.74,2.92,0.28,683
38.318,16.67,0.12,0.91,0.39,2.91,0.00,682
38.335,16.69,0.11,0.90,7.30,2.88,5.83,681
38.351,16.66,0.13,0.93,0.44,2.89,0.00,680
38.368,16.67,0.13,0.91,1.75,2.86,0.28,672
38.385,16.66,0.12,0.90,0.39,2.86,0.00,672
38.401,16.67,0.13,0.88,1.71,2.84,0.27,668
38.418,16.67,0.13,0.91,0.39,2.85,0.00,658
38.435,16.66,0.12,0.90,1.68,2.84,0.27,651
38.451,16.72,0.11,0.94,0.47,2.83,0.00,647
38.468,16.63,0.13,0.92,7.49,2.81,5.99,640
38.485,16.69,0.12,0.68,0.43,2.79,0.00,625
38.501,16.65,0.13,0.66,1.73,2.77,0.27,624
38.518,16.66,0.18,0.92,0.42,2.77,0.00,674
38.535,16.71,0.15,0.94,1.93,3.66,0.47,673
38.551,16.63,0.17,0.93,0.44,3.65,0.00,671
38.568,16.67,0.16,0.91,1.70,3.63,0.28,667
38.585,16.66,0.16,0.93,0.40,3.61,0.00,652
38.601,16.69,0.15,0.92,7.32,3.58,5.84,653
38.618,16.69,0.17,0.96,0.44,3.55,0.00,652
38.635,16.68,0.16,0.95,1.71,3.56,0.28,650
38.651,16.66,0.15,0.95,0.41,3.52,0.00,648
38.668,16.64,0.18,0.96,1.75,3.50,0.28,649
38.685,16.69,0.16,0.94,0.40,3.53,0.00,650
38.701,16.66,0.15,0.94,1.70,3.53,0.28,650
38.718,16.66,0.17,0.94,0.43,3.54,0.00,649
38.735,16.67,0.18,0.97,7.47,3.52,5.96,649
38.751,16.67,0.18,0.98,0.43,3.54,0.00,651
38.768,16.66,0.16,0.95,1.70,3.57,0.28,653
38.785,16.68,0.16,0.95,0.41,3.58,0.00,649
38.801,16.66,0.14,0.95,1.71,3.57,0.28,650
38.818,16.67,0.15,0.96,0.42,3.57,0.00,648
38.835,16.68,0.12,0.95,1.69,3.56,0.28,647
38.851,16.68,0.12,0.94,0.44,3.56,0.00,646
38.868,16.65,0.15,0.98,7.38,3.56,5.86,647
38.885,16.68,0.13,0.99,0.44,3.59,0.00,649
38.901,16.74,0.12,1.00,1.72,3.58,0.28,648
38.918,16.58,0.14,0.97,0.44,3.58,0.00,647
38.935,16.68,0.14,0.96,1.77,2.99,0.27,646
38.951,16.66,0.15,0.98,0.44,3.00,0.00,650
38.968,16.70,0.13,0.96,1.74,3.01,0.28,647
38.985,16.64,0.15,0.97,0.44,2.98,0.00,648
39.001,16.65,0.14,0.95,7.45,3.02,5.96,647
39.018,16.69,0.14,0.97,0.41,3.03,0.00,651
39.035,16.65,0.14,0.97,1.73,3.02,0.28,650
39.051,16.73,0.12,0.96,0.43,3.04,0.00,649
39.068,16.59,0.14,0.96,1.71,3.03,0.28,650
39.085,16.68,0.13,0.95,0.40,3.03,0.00,647
39.101,16.67,0.13,0.96,1.70,3.02,0.28,645
39.118,16.67,0.14,0.97,0.43,3.02,0.00,649
39.135,16.66,0.13,0.95,7.34,3.05,5.86,646
39.151,16.73,0.12,0.98,0.44,3.06,0.00,645
39.168,16.61,0.13,0.94,1.70,3.05,0.28,645
39.185,16.69,0.14,0.95,0.41,3.07,0.00,648
39.201,16.65,0.14,0.97,1.75,3.04,0.28,645
39.218,16.67,0.14,0.96,0.43,3.05,0.00,642
39.235,16.66,0.14,0.95,1.74,3.06,0.28,641
39.251,16.67,0.13,0.94,0.41,3.09,0.00,639
39.268,16.66,0.13,0.94,7.44,3.09,5.94,640
39.285,16.69,0.14,0.96,0.40,3.10,0.00,640
39.301,16.66,0.13,0.95,1.73,3.09,0.28,639
39.318,16.67,0.13,0.95,0.42,3.10,0.00,641
39.335,16.67,0.13,0.94,1.73,3.09,0.28,641
39.351,16.66,0.13,0.95,0.40,3.10,0.00,642
39.368,16.68,0.14,0.95,1.73,3.12,0.28,644
39.385,16.66,0.12,0.94,0.39,3.13,0.00,646
39.401,16.67,0.12,0.94,7.36,3.12,5.88,645
39.418,16.67,0.14,0.97,0.42,3.13,0.00,647
39.435,16.66,0.13,0.95,1.73,3.12,0.28,648
39.451,16.67,0.11,0.94,0.40,3.12,0.00,648
39.468,16.67,0.13,0.94,1.70,3.11,0.28,650
39.485,16.68,0.14,0.95,0.42,3.15,0.00,652
39.501,16.66,0.12,0.94,1.69,3.14,0.27,652
39.518,16.67,0.13,0.93,0.38,3.15,0.00,655
39.535,16.67,0.12,0.93,7.45,3.14,5.93,657
39.551,16.68,0.14,0.95,0.40,3.14,0.00,658
39.568,16.68,0.11,0.94,1.72,3.14,0.28,659
39.585,16.77,0.12,0.84,0.41,3.15,0.00,661
39.601,16.56,0.12,0.85,1.73,3.16,0.27,663
39.618,16.67,0.26,0.96,0.45,3.16,0.00,678
39.635,16.67,0.12,0.94,1.77,3.26,0.28,691
39.651,16.67,0.13,0.93,0.45,3.43,0.00,691
39.668,16.66,0.13,0.94,7.39,3.42,5.87,691
39.685,16.70,0.13,0.98,0.51,3.42,0.00,690
39.701,16.66,0.14,0.95,1.76,3.42,0.28,690
39.718,16.65,0.13,0.95,0.45,3.44,0.00,690
39.735,16.67,0.13,0.94,1.78,3.44,0.28,692
39.751,16.66,0.13,0.93,0.43,3.45,0.00,692
39.768,16.67,0.12,0.92,1.78,3.45,0.28,692
39.785,16.66,0.12,0.94,0.45,3.46,0.00,693
39.801,16.67,0.12,0.92,7.54,3.45,6.01,693
39.818,16.67,0.15,0.97,0.48,3.46,0.00,692
39.835,16.66,0.11,0.92,1.74,3.48,0.28,689
39.851,16.67,0.13,0.95,0.44,3.48,0.00,689
39.868,16.67,0.13,0.94,1.77,3.49,0.28,687
39.885,16.71,0.12,0.96,0.49,3.48,0.00,685
39.901,16.61,0.13,0.94,1.75,3.48,0.28,683
39.918,16.67,0.12,0.94,0.37,3.49,0.00,681
39.935,16.67,0.13,0.94,7.43,3.49,5.93,679
39.951,16.67,0.13,0.95,0.42,3.50,0.00,679
39.968,16.66,0.12,0.92,1.70,3.49,0.28,677
39.985,16.68,0.13,0.94,0.43,3.50,0.00,673
40.002,16.69,0.13,0.96,1.79,3.47,0.27,667
40.018,16.71,0.12,0.92,0.43,3.48,0.00,661
40.035,16.59,0.12,0.92,1.73,3.04,0.27,656
40.051,16.67,0.15,0.90,0.42,3.05,0.00,658
40.068,16.66,0.12,0.90,7.44,3.05,5.95,660
40.085,16.68,0.13,0.92,0.43,3.06,0.00,659
40.102,16.68,0.11,0.88,1.70,3.05,0.27,657
40.118,16.73,0.12,0.93,0.45,3.06,0.00,657
40.135,16.59,0.12,0.90,1.70,3.04,0.27,656
40.151,16.69,0.12,0.88,0.39,3.04,0.00,654
40.168,16.65,0.13,0.90,1.73,3.03,0.27,651
40.185,16.68,0.13,0.91,0.42,3.05,0.00,650
40.201,16.67,0.12,0.90,7.36,3.04,5.86,650
40.218,16.68,0.13,0.91,0.42,3.03,0.00,648
40.235,16.67,0.14,0.90,1.73,3.03,0.27,643
40.252,16.67,0.13,0.90,0.40,3.01,0.00,643
40.268,16.65,0.12,0.88,1.70,3.01,0.27,639
40.285,16.67,0.13,0.89,0.43,3.01,0.00,639
40.301,16.66,0.11,0.90,1.71,3.02,0.27,638
40.318,16.67,0.12,0.90,0.38,3.02,0.00,639
40.335,16.67,0.12,0.90,7.38,3.01,5.91,639
40.352,16.68,0.13,0.91,0.40,3.00,0.00,639
40.368,16.66,0.12,0.90,1.74,3.00,0.27,639
40.385,16.70,0.11,0.90,0.44,2.98,0.00,636
40.402,16.64,0.12,0.90,1.70,2.96,0.28,634
40.418,16.67,0.13,0.92,0.46,2.97,0.00,630
40.435,16.65,0.12,0.90,1.71,2.95,0.27,627
40.452,16.67,0.12,0.89,0.39,2.93,0.00,624
40.468,16.68,0.11,0.90,7.38,2.92,5.89,624
40.485,16.69,0.13,0.68,0.45,2.89,0.00,621
40.502,16.65,0.11,0.69,1.77,2.87,0.27,620
40.518,16.67,0.11,0.67,0.42,2.86,0.00,619
40.535,16.65,0.11,0.65,1.71,2.88,0.27,620
40.552,16.67,0.12,0.64,0.40,2.88,0.00,619
40.568,16.66,0.12,0.66,1.71,2.85,0.27,619
40.585,16.68,0.12,0.67,0.39,2.86,0.00,618
40.602,16.66,0.12,0.65,7.41,2.84,5.92,615
40.618,16.68,0.13,0.68,0.43,2.82,0.00,612
40.635,16.66,0.12,0.66,1.74,2.80,0.27,611
40.652,16.67,0.12,0.64,0.40,2.83,0.00,609
40.668,16.68,0.11,0.65,1.71,2.82,0.27,609
40.685,16.69,0.11,0.66,0.39,2.81,0.00,606
40.702,16.63,0.12,0.67,1.74,2.78,0.27,602
40.718,16.67,0.12,0.64,0.40,2.79,0.00,602
40.735,16.67,0.12,0.66,7.37,2.78,5.87,600
40.752,16.70,0.12,0.68,0.42,2.78,0.00,599
40.768,16.63,0.12,0.65,1.72,2.79,0.27,599
40.785,16.67,0.12,0.66,0.38,2.80,0.00,598
40.802,16.67,0.12,0.64,1.72,2.79,0.27,598
40.818,16.67,0.12,0.64,0.40,2.79,0.00,599
40.835,16.66,0.11,0.66,1.73,2.78,0.27,598
40.852,16.70,0.11,0.67,0.40,2.78,0.00,597
40.868,16.64,0.12,0.65,7.45,2.76,5.94,596
40.885,16.67,0.13,0.67,0.41,2.79,0.00,596
40.902,16.66,0.12,0.64,1.71,2.78,0.27,594
40.918,16.69,0.13,0.69,0.50,2.78,0.00,593
40.935,16.66,0.13,0.64,1.75,2.76,0.27,593
40.952,16.66,0.12,0.66,0.41,2.77,0.00,593
40.968,16.67,0.12,0.67,1.76,2.76,0.27,588
40.985,16.67,0.13,0.67,0.44,2.76,0.00,590
41.002,16.67,0.11,0.68,7.43,2.78,5.92,590
41.018,16.67,0.12,0.68,0.43,2.77,0.00,588
41.035,16.67,0.12,0.66,1.75,2.76,0.27,586
41.052,16.67,0.11,0.65,0.39,2.76,0.00,585
41.068,16.70,0.10,0.65,1.70,2.75,0.26,584
41.085,16.63,0.11,0.64,0.39,2.76,0.00,583
41.102,16.67,0.12,0.66,1.70,2.74,0.27,578
41.118,16.67,0.12,0.68,0.40,2.76,0.00,578
41.135,16.66,0.11,0.66,7.45,2.75,5.93,576
41.152,16.68,0.12,0.69,0.42,2.75,0.00,575
41.168,16.68,0.10,0.65,1.73,2.73,0.27,576
41.185,16.66,0.11,0.67,0.41,2.73,0.00,576
41.202,16.67,0.11,0.66,1.72,2.71,0.27,574
41.218,16.67,0.15,0.97,0.41,2.71,0.00,604
41.235,16.67,0.14,0.97,1.93,3.58,0.47,606
41.252,16.68,0.12,0.99,0.41,3.57,0.00,605
41.268,16.67,0.12,0.97,7.31,3.56,5.82,604
41.285,16.68,0.14,0.99,0.45,3.55,0.00,601
41.302,16.68,0.12,0.96,1.71,3.54,0.28,602
41.318,16.72,0.13,1.02,0.52,3.54,0.00,601
41.335,16.59,0.14,1.00,1.71,3.53,0.28,602
41.352,16.66,0.14,0.99,0.39,3.55,0.00,602
41.368,16.67,0.13,1.00,1.71,3.54,0.28,604
41.385,16.67,0.13,0.99,0.44,3.55,0.00,605
41.402,16.67,0.13,0.99,7.41,3.54,5.94,607
41.418,16.67,0.14,1.03,0.44,3.55,0.00,608
41.435,16.66,0.13,0.99,1.73,3.55,0.28,606
41.452,16.67,0.14,1.02,0.43,3.55,0.00,607
41.468,16.66,0.13,1.02,1.71,3.57,0.28,610
41.485,16.69,0.14,1.01,0.44,3.59,0.00,612
41.502,16.65,0.13,1.01,1.70,3.58,0.28,611
41.518,16.67,0.13,1.03,0.40,3.59,0.00,612
41.535,16.73,0.12,1.04,7.34,3.58,5.82,613
41.552,16.61,0.13,1.04,0.42,3.60,0.00,614
41.568,16.67,0.13,1.02,1.71,3.61,0.28,618
41.585,16.67,0.13,0.93,0.39,3.65,0.00,621
41.602,16.67,0.12,0.93,1.70,3.65,0.28,621
41.618,16.67,0.26,1.04,0.41,3.67,0.00,657
41.635,16.69,0.14,1.06,1.77,3.30,0.28,674
41.652,16.65,0.14,1.04,0.42,3.48,0.00,675
41.668,16.67,0.13,1.07,8.15,3.48,6.66,678
41.685,16.69,0.15,1.06,0.43,3.50,0.00,678
41.702,16.65,0.12,1.03,1.72,3.52,0.28,678
41.718,16.69,0.11,1.03,0.40,3.53,0.00,675
41.735,16.66,0.14,1.07,1.80,3.54,0.28,676
41.752,16.67,0.13,1.05,0.42,3.54,0.00,676
41.768,16.66,0.12,1.04,1.70,3.54,0.28,679
41.785,16.68,0.11,1.04,0.40,3.56,0.00,679
41.802,16.67,0.11,1.03,7.34,3.57,5.86,679
41.818,16.69,0.13,1.07,0.45,3.60,0.00,678
41.835,16.65,0.12,1.05,1.71,3.60,0.28,678
41.852,16.67,0.13,1.04,0.42,3.61,0.00,680
41.868,16.67,0.13,1.03,1.74,3.62,0.26,681
41.885,16.66,0.13,1.07,0.47,3.62,0.00,679
41.902,16.65,0.12,1.03,1.71,3.63,0.28,681
41.918,16.67,0.12,1.03,0.41,3.67,0.00,680
41.935,16.67,0.13,1.04,7.45,3.65,5.95,679
41.952,16.69,0.13,1.05,0.44,3.67,0.00,677
41.968,16.66,0.12,1.04,1.74,3.66,0.28,676
41.985,16.67,0.13,1.04,0.43,3.66,0.00,674
42.002,16.67,0.13,1.04,1.75,3.66,0.28,676
42.018,16.67,0.13,1.05,0.49,3.67,0.00,676
42.035,16.66,0.12,1.03,1.72,3.66,0.28,672
42.052,16.75,0.11,1.03,0.42,3.66,0.00,671
42.068,16.58,0.12,1.00,7.36,3.65,5.86,668
42.085,16.67,0.13,1.04,0.44,3.64,0.00,668
42.102,16.67,0.12,1.01,1.72,3.62,0.28,668
42.118,16.67,0.12,1.02,0.40,3.62,0.00,669
42.135,16.68,0.12,1.02,1.73,3.63,0.28,669
42.152,16.66,0.12,1.02,0.40,3.61,0.00,670
42.168,16.67,0.12,1.02,1.72,3.59,0.28,670
42.185,16.68,0.09,0.79,0.39,3.57,0.00,671
42.202,16.67,0.12,1.01,7.50,3.56,5.98,671
42.218,16.68,0.13,1.04,0.45,3.56,0.00,671
42.235,16.66,0.12,1.01,1.75,3.55,0.27,672
42.252,16.65,0.13,1.00,0.42,3.56,0.00,672
42.268,16.67,0.12,1.00,1.70,3.56,0.28,672
42.285,16.67,0.12,1.00,0.39,3.54,0.00,672
42.302,16.66,0.11,1.00,1.70,3.52,0.28,673
42.318,16.68,0.12,1.01,0.45,3.52,0.00,670
42.335,16.66,0.11,1.00,7.40,3.50,5.89,669
42.352,16.68,0.13,1.02,0.42,3.51,0.00,670
42.368,16.66,0.11,0.98,1.71,3.51,0.28,669
42.385,16.67,0.12,1.00,0.42,3.51,0.00,670
42.402,16.66,0.12,0.99,1.69,3.49,0.28,670
42.418,16.69,0.12,1.01,0.43,3.49,0.00,667
42.435,16.66,0.11,0.99,1.71,3.47,0.27,668
42.452,16.67,0.12,1.00,0.43,3.49,0.00,667
42.468,16.67,0.13,0.99,7.44,3.48,5.94,667
42.485,16.70,0.14,1.00,0.48,3.48,0.00,665
42.502,16.64,0.13,1.00,1.74,3.47,0.28,662
42.518,16.66,0.12,1.00,0.43,3.47,0.00,662
42.535,16.66,0.12,0.99,1.71,3.47,0.28,661
42.552,16.69,0.10,1.00,0.44,3.47,0.00,658
42.568,16.67,0.11,0.98,1.71,3.46,0.27,654
42.585,16.68,0.10,0.97,0.41,3.48,0.00,652
42.602,16.68,0.11,1.00,7.74,3.47,6.17,647
42.618,16.65,0.13,1.04,0.48,3.45,0.00,643
42.635,16.67,0.10,0.74,1.35,3.45,0.20,639
42.652,16.68,0.12,1.01,0.51,3.43,0.00,635
42.668,16.73,0.11,1.00,1.83,3.42,0.28,632
42.685,16.60,0.12,0.95,0.42,3.42,0.00,631
42.702,16.67,0.11,0.95,1.70,3.43,0.28,629
42.718,16.66,0.11,0.93,0.39,3.43,0.00,628
42.735,16.66,0.11,0.95,7.62,3.00,6.10,625
42.752,16.67,0.12,0.96,0.43,3.00,0.00,623
42.768,16.69,0.12,0.96,1.78,2.99,0.28,623
42.785,16.64,0.13,0.95,0.42,2.99,0.00,623
42.802,16.67,0.11,0.92,1.71,3.00,0.28,623
42.818,16.70,0.10,0.94,0.40,3.00,0.00,621
42.835,16.64,0.11,0.92,1.71,2.99,0.27,621
42.852,16.68,0.11,0.92,0.40,2.97,0.00,620
42.868,16.68,0.10,0.92,7.54,2.97,6.03,619
42.885,16.66,0.13,0.95,0.47,2.97,0.00,620
42.902,16.66,0.15,1.19,1.91,2.94,0.46,667
42.918,16.67,0.13,1.22,0.44,3.80,0.00,665
42.935,16.67,0.13,1.21,1.73,3.78,0.27,663
42.952,16.66,0.13,1.23,0.46,3.77,0.00,660
42.968,16.67,0.14,1.22,1.76,3.76,0.27,661
42.985,16.67,0.13,1.22,0.43,3.76,0.00,659
43.002,16.66,0.13,1.21,7.50,3.74,5.98,658
43.018,16.68,0.15,1.25,0.42,3.74,0.00,655
43.035,16.65,0.13,1.23,1.74,3.74,0.27,653
43.052,16.70,0.13,1.22,0.41,3.74,0.00,651
43.068,16.63,0.12,1.22,1.76,3.71,0.27,649
43.085,16.67,0.13,1.19,0.41,3.71,0.00,645
43.102,16.66,0.12,1.19,1.70,3.70,0.27,644
43.118,16.68,0.13,1.20,0.43,3.69,0.00,638
43.135,16.66,0.13,1.20,7.41,3.70,5.89,635
43.152,16.68,0.14,1.23,0.45,3.70,0.00,628
43.168,16.69,0.11,1.20,1.71,3.69,0.27,623
43.185,16.66,0.12,0.90,0.44,3.67,0.00,598
43.202,16.65,0.11,0.90,1.72,3.63,0.28,597
43.218,16.66,0.12,0.91,0.39,3.63,0.00,596
43.235,16.67,0.12,0.89,1.71,3.65,0.27,596
43.252,16.69,0.12,0.93,0.44,3.63,0.00,596
43.268,16.65,0.12,0.91,7.43,3.63,5.93,594
43.285,16.67,0.13,0.94,0.42,3.62,0.00,592
43.302,16.67,0.12,0.91,1.70,3.61,0.27,590
43.318,16.68,0.11,0.92,0.41,3.03,0.00,585
43.335,16.68,0.11,0.91,1.71,3.02,0.28,585
43.352,16.65,0.13,0.90,0.39,3.09,0.00,586
43.368,16.66,0.12,0.90,1.70,3.07,0.27,585
43.385,16.68,0.13,0.93,0.44,3.09,0.00,600
43.402,16.66,0.12,0.91,7.33,3.10,5.85,599
43.418,16.67,0.13,0.94,0.40,3.12,0.00,600
43.435,16.66,0.12,0.89,1.69,3.11,0.26,600
43.452,16.68,0.12,0.91,0.39,3.12,0.00,599
43.468,16.66,0.11,0.91,1.70,3.11,0.27,600
43.485,16.68,0.12,0.92,0.42,3.12,0.00,600
43.502,16.67,0.12,0.90,1.74,3.11,0.27,600
43.518,16.66,0.12,0.89,0.39,3.12,0.00,599
43.535,16.68,0.13,0.93,7.43,3.11,5.93,598
43.552,16.66,0.13,0.92,0.41,3.10,0.00,598
43.568,16.67,0.10,0.91,1.74,3.13,0.28,598
43.585,16.66,0.13,0.86,0.42,3.13,0.00,598
43.602,16.67,0.12,0.83,1.69,3.13,0.27,598
43.618,16.67,0.25,0.93,0.41,3.13,0.00,614
43.635,16.69,0.14,0.96,1.76,3.21,0.28,625
43.652,16.67,0.12,0.95,0.43,3.35,0.00,626
43.668,16.65,0.12,0.94,7.55,3.37,5.99,631
43.685,16.74,0.09,0.72,0.42,3.36,0.00,634
43.702,16.59,0.13,0.96,1.81,3.36,0.28,634
43.718,16.68,0.13,0.96,0.45,3.37,0.00,636
43.735,16.66,0.12,0.93,1.71,3.37,0.27,635
43.752,16.67,0.13,0.93,0.42,3.36,0.00,637
43.768,16.67,0.11,0.93,1.73,3.39,0.27,638
43.785,16.68,0.11,0.94,0.40,3.39,0.00,640
43.802,16.64,0.11,0.95,7.50,3.38,6.01,639
43.818,16.68,0.13,0.97,0.43,3.37,0.00,640
43.835,16.66,0.12,0.96,1.73,3.36,0.27,645
43.852,16.67,0.11,0.94,0.40,3.36,0.00,646
43.868,16.67,0.12,0.93,1.70,3.36,0.27,645
43.885,16.68,0.12,0.95,0.41,3.38,0.00,642
43.902,16.66,0.13,0.94,1.76,3.36,0.27,644
43.918,16.67,0.12,0.92,0.40,3.36,0.00,646
43.935,16.66,0.11,0.93,7.37,3.36,5.88,645
43.952,16.67,0.13,0.96,0.42,3.35,0.00,645
43.968,16.66,0.12,0.93,1.69,3.34,0.27,645
43.985,16.68,0.12,0.93,0.44,3.36,0.00,645
44.002,16.66,0.13,0.96,1.75,3.35,0.27,643
44.019,16.69,0.11,0.93,0.39,3.34,0.00,644
44.035,16.65,0.11,0.93,1.71,3.33,0.27,645
44.052,16.66,0.11,0.95,0.41,3.33,0.00,644
44.069,16.69,0.12,0.96,7.54,3.33,6.01,644
44.085,16.67,0.14,0.96,0.45,3.32,0.00,645
44.102,16.70,0.11,0.95,1.75,3.34,0.28,646
44.118,16.63,0.12,0.94,0.40,3.35,0.00,644
44.135,16.66,0.11,0.93,1.69,3.33,0.27,644
44.152,16.67,0.12,0.95,0.45,3.33,0.00,644
44.168,16.67,0.11,0.92,1.72,3.32,0.27,645
44.185,16.71,0.11,0.95,0.46,3.35,0.00,646
44.202,16.63,0.12,0.94,7.38,3.35,5.87,646
44.219,16.73,0.11,0.96,0.46,3.36,0.00,645
44.235,16.60,0.13,0.94,1.73,3.34,0.28,646
44.252,16.67,0.13,0.95,0.44,3.36,0.00,644
44.269,16.67,0.11,0.92,1.71,3.35,0.27,644
44.285,16.67,0.12,0.95,0.40,3.35,0.00,644
44.302,16.66,0.11,0.94,1.73,3.37,0.28,643
44.319,16.67,0.12,0.94,0.39,3.36,0.00,643
44.335,16.68,0.12,0.93,7.45,3.36,5.95,641
44.352,16.66,0.13,0.96,0.44,3.37,0.00,640
44.369,16.67,0.11,0.94,1.73,3.35,0.28,626
44.385,16.66,0.12,0.92,0.39,3.34,0.00,624
44.402,16.67,0.13,0.92,1.74,3.33,0.27,616
44.419,16.66,0.11,0.90,0.39,3.03,0.00,616
44.435,16.66,0.11,0.89,1.70,3.03,0.27,615
44.452,16.67,0.11,0.90,0.39,3.03,0.00,615
44.469,16.66,0.11,0.91,7.32,3.02,5.86,613
44.485,16.69,0.15,0.93,0.44,3.02,0.00,611
44.502,16.65,0.13,0.92,1.76,3.01,0.27,611
44.519,16.69,0.10,0.90,0.40,3.03,0.00,610
44.535,16.65,0.11,0.90,1.70,3.02,0.27,609
44.552,16.67,0.12,0.89,0.40,3.03,0.00,608
44.569,16.68,0.10,0.89,1.71,3.00,0.27,608
44.585,16.67,0.10,0.88,0.42,3.01,0.00,606
44.602,16.65,0.11,0.89,7.49,2.98,6.00,606
44.619,16.68,0.18,1.23,0.46,2.99,0.00,659
44.635,16.67,0.13,1.23,1.93,3.82,0.46,657
44.652,16.66,0.15,1.22,0.44,3.79,0.00,650
44.669,16.67,0.13,1.19,1.73,3.76,0.27,646
44.685,16.68,0.14,1.24,0.39,3.76,0.00,642
44.702,16.65,0.12,1.23,1.75,3.71,0.27,641
44.719,16.70,0.12,1.25,0.40,3.73,0.00,645
44.735,16.64,0.13,1.24,7.36,3.73,5.83,646
44.752,16.67,0.16,1.27,0.46,3.74,0.00,646
44.769,16.70,0.12,1.26,1.75,3.73,0.27,649
44.785,16.65,0.13,1.26,0.43,3.75,0.00,650
44.802,16.65,0.14,1.25,1.72,3.77,0.27,650
44.819,16.69,0.15,1.26,0.41,3.79,0.00,649
44.835,16.65,0.13,1.27,1.71,3.78,0.27,650
44.852,16.66,0.14,1.26,0.40,3.81,0.00,652
44.869,16.68,0.13,1.02,7.40,3.82,5.91,647
44.885,16.67,0.14,1.03,0.41,3.80,0.00,647
44.902,16.71,0.16,1.06,1.79,3.82,0.28,645
44.919,16.62,0.13,1.05,0.44,3.85,0.00,644
44.935,16.67,0.13,1.03,1.73,3.84,0.28,647
44.952,16.67,0.14,1.02,0.40,3.86,0.00,649
44.969,16.66,0.14,1.04,1.72,3.88,0.28,649
44.985,16.67,0.14,1.05,0.41,3.94,0.00,651
45.002,16.67,0.13,1.05,7.48,3.95,5.99,656
45.019,16.68,0.16,1.08,0.44,3.99,0.00,658
45.035,16.65,0.14,1.07,1.73,3.44,0.27,658
45.052,16.67,0.14,1.07,0.41,3.48,0.00,658
45.069,16.67,0.14,1.05,1.71,3.48,0.28,659
45.085,16.69,0.12,1.04,0.40,3.48,0.00,662
45.102,16.65,0.15,1.31,2.15,3.49,0.65,688
45.119,16.67,0.13,1.24,0.51,3.56,0.00,688
45.135,16.67,0.14,1.21,7.52,3.57,5.95,687
45.152,16.68,0.15,1.28,0.49,3.57,0.00,689
45.169,16.68,0.13,1.25,1.75,3.60,0.27,690
45.185,16.65,0.15,1.23,0.44,3.63,0.00,693
45.202,16.67,0.13,1.23,1.76,3.66,0.27,692
45.219,16.69,0.13,1.28,0.53,3.68,0.00,692
45.235,16.65,0.13,1.22,1.75,3.68,0.27,689
45.252,16.67,0.15,1.24,0.48,3.70,0.00,689
45.269,16.67,0.13,1.23,7.47,3.71,5.91,692
45.285,16.69,0.14,1.28,0.45,3.73,0.00,693
45.302,16.65,0.14,1.26,1.78,3.74,0.27,693
45.319,16.69,0.15,1.27,0.47,3.75,0.00,694
45.335,16.67,0.13,1.31,1.72,3.79,0.27,696
45.352,16.66,0.14,1.28,0.42,3.81,0.00,699
45.369,16.68,0.12,1.27,1.73,3.80,0.27,702
45.385,16.66,0.14,1.27,0.42,3.82,0.00,703
45.402,16.67,0.14,1.30,7.51,3.84,5.97,704
45.419,16.67,0.14,1.31,0.44,3.86,0.00,706
45.435,16.68,0.12,1.28,1.75,3.85,0.27,705
45.452,16.64,0.14,1.28,0.41,3.87,0.00,707
45.469,16.68,0.13,1.27,1.70,3.88,0.27,708
45.485,16.67,0.12,1.27,0.43,3.91,0.00,710
45.502,16.66,0.14,1.27,1.78,3.91,0.27,712
45.519,16.70,0.15,1.30,0.49,3.89,0.00,712
45.535,16.63,0.13,1.27,7.37,3.91,5.86,712
45.552,16.67,0.15,1.28,0.45,3.94,0.00,716
45.569,16.66,0.13,1.27,1.73,3.94,0.27,715
45.585,16.67,0.14,1.17,0.41,3.94,0.00,714
45.602,16.66,0.14,1.15,1.70,3.93,0.28,715
45.619,16.67,0.27,1.26,0.39,3.96,0.00,733
45.635,16.77,0.14,1.32,1.76,4.10,0.27,743
45.652,16.57,0.14,1.28,0.45,4.21,0.00,742
45.669,16.66,0.14,1.26,7.52,4.19,6.01,741
45.685,16.68,0.13,1.28,0.44,4.21,0.00,737
45.702,16.69,0.13,1.30,1.75,4.20,0.27,738
45.719,16.65,0.12,1.28,0.43,4.21,0.00,739
45.735,16.65,0.13,1.26,1.73,4.18,0.27,737
45.752,16.70,0.12,0.94,0.42,4.16,0.00,736
45.769,16.64,0.11,1.04,1.79,4.17,0.28,735
45.785,16.67,0.14,1.28,0.45,4.17,0.00,735
45.802,16.66,0.14,1.27,7.43,4.15,5.90,735
45.819,16.68,0.14,1.28,0.45,4.14,0.00,733
45.835,16.65,0.14,1.28,1.78,4.16,0.27,733
45.852,16.69,0.12,1.27,0.44,4.14,0.00,731
45.869,16.65,0.13,1.27,1.72,4.12,0.27,732
45.885,16.70,0.13,1.26,0.40,4.12,0.00,731
45.902,16.65,0.14,1.25,1.76,4.13,0.27,731
45.919,16.66,0.14,1.24,0.41,4.12,0.00,727
45.935,16.67,0.14,1.25,7.53,4.10,5.98,727
45.952,16.67,0.15,1.27,0.44,4.09,0.00,727
45.969,16.66,0.14,1.26,1.74,4.08,0.27,726
45.985,16.67,0.14,1.24,0.43,4.09,0.00,721
46.002,16.67,0.14,1.25,1.75,4.06,0.27,713
46.019,16.66,0.13,1.24,0.42,4.02,0.00,712
46.035,16.67,0.14,1.25,1.73,4.02,0.27,711
46.052,16.68,0.14,1.23,0.41,4.01,0.00,709
46.069,16.66,0.13,1.23,7.35,3.99,5.84,706
46.085,16.70,0.14,1.26,0.45,3.99,0.00,704
46.102,16.63,0.20,1.53,2.47,3.98,1.02,759
46.119,16.67,0.18,1.54,0.46,4.86,0.00,757
46.135,16.68,0.19,1.54,1.83,4.50,0.27,756
46.152,16.67,0.19,1.58,0.45,4.48,0.00,755
46.169,16.65,0.18,1.54,1.70,4.46,0.27,754
46.185,16.68,0.18,1.55,0.40,4.46,0.00,753
46.202,16.67,0.18,1.60,7.53,4.45,6.00,759
46.219,16.67,0.18,1.63,0.41,4.46,0.00,758
46.235,16.67,0.16,1.58,1.74,4.46,0.27,755
46.252,16.67,0.19,1.63,0.43,4.45,0.00,752
46.269,16.66,0.17,1.60,1.70,4.44,0.27,750
46.285,16.66,0.18,1.62,0.40,4.42,0.00,749
46.302,16.68,0.16,1.61,1.70,4.42,0.27,745
46.319,16.66,0.18,1.61,0.40,4.41,0.00,740
46.335,16.67,0.15,1.62,7.33,4.42,5.84,732
46.352,16.67,0.19,1.68,0.44,4.41,0.00,725
46.369,16.66,0.16,1.64,1.71,4.38,0.27,720
46.385,16.67,0.17,1.64,0.40,4.37,0.00,711
46.402,16.67,0.18,1.65,1.73,4.35,0.27,703
46.419,16.67,0.18,1.66,0.42,4.31,0.00,698
46.435,16.69,0.16,1.62,1.71,4.34,0.27,682
46.452,16.66,0.15,1.60,0.39,4.29,0.00,666
46.469,16.67,0.15,1.59,7.46,4.24,5.96,645
46.485,16.66,0.18,1.62,0.43,4.18,0.00,605
46.502,16.67,0.16,1.60,1.72,4.09,0.27,417
46.519,16.66,0.17,1.58,0.38,3.22,0.00,416
46.535,16.68,0.15,1.58,1.69,3.20,0.27,416
46.552,16.66,0.15,1.58,0.39,3.24,0.00,416
46.569,16.70,0.16,1.58,1.71,3.21,0.27,415
46.585,16.64,0.16,1.33,0.38,3.23,0.00,415
46.602,16.67,0.17,1.30,7.28,3.21,5.81,412
46.619,16.67,0.17,1.34,0.41,2.81,0.00,412
46.635,16.72,0.16,1.34,1.73,2.80,0.27,413
46.652,16.63,0.16,1.31,0.48,2.83,0.00,413
46.669,16.65,0.13,0.98,1.29,2.81,0.20,412
46.685,16.68,0.12,0.98,0.31,2.81,0.00,410
46.702,16.66,0.11,0.95,1.27,2.80,0.20,407
46.719,16.69,0.11,0.98,0.35,2.80,0.00,407
46.735,16.65,0.12,0.96,7.02,2.79,5.55,408
46.752,16.69,0.17,1.30,0.45,2.85,0.00,407
46.769,16.65,0.12,0.94,1.60,2.84,0.21,406
46.785,16.67,0.11,0.92,0.30,2.84,0.00,404
46.802,16.67,0.11,0.92,1.27,2.85,0.20,404
46.819,16.70,0.11,0.93,0.36,2.85,0.00,403
46.835,16.63,0.11,0.92,1.26,2.86,0.20,401
46.852,16.67,0.11,0.93,0.30,2.87,0.00,402
46.869,16.67,0.12,0.93,7.12,2.85,5.65,402
46.885,16.67,0.13,0.96,0.33,2.85,0.00,401
46.902,16.71,0.15,1.29,1.72,2.84,0.27,401
46.919,16.64,0.15,1.27,0.43,2.86,0.00,400
46.935,16.65,0.15,1.26,1.70,2.85,0.27,400
46.952,16.67,0.17,1.25,0.44,2.86,0.00,400
46.969,16.67,0.16,1.24,1.70,2.87,0.27,400
46.985,16.68,0.16,1.25,0.40,2.90,0.00,400
47.002,16.69,0.15,1.30,7.40,2.88,5.92,400
47.019,16.64,0.18,1.27,0.43,2.90,0.00,400
47.035,16.65,0.16,1.25,1.72,2.90,0.27,399
47.052,16.67,0.16,1.31,0.46,2.91,0.00,399
47.069,16.68,0.15,1.09,1.74,2.90,0.28,398
47.085,16.66,0.14,1.08,0.40,2.93,0.00,398
47.102,16.66,0.13,1.06,1.68,2.92,0.28,398
47.119,16.67,0.12,1.07,0.40,2.93,0.00,396
47.135,16.66,0.14,1.06,7.35,2.93,5.88,394
47.152,16.67,0.14,1.07,0.44,2.93,0.00,392
47.169,16.67,0.15,1.08,1.74,2.91,0.28,393
47.185,16.66,0.14,1.07,0.43,2.96,0.00,393
47.202,16.69,0.13,0.97,1.36,2.96,0.20,390
47.219,16.66,0.15,1.06,0.47,2.95,0.00,387
47.235,16.66,0.13,1.02,1.70,2.95,0.28,383
47.252,16.67,0.13,1.02,0.42,2.96,0.00,383
47.269,16.67,0.15,1.06,7.56,2.95,6.04,384
47.285,16.66,0.14,1.05,0.41,2.98,0.00,384
47.302,16.67,0.13,1.02,1.69,2.98,0.28,384
47.319,16.76,0.13,1.05,0.45,2.99,0.00,383
47.335,16.57,0.13,1.02,1.71,2.98,0.28,381
47.352,16.68,0.14,1.02,0.41,2.99,0.00,380
47.369,16.66,0.13,1.01,1.70,2.97,0.28,380
47.385,16.67,0.14,1.01,0.38,2.99,0.00,380
47.402,16.66,0.13,1.01,7.38,3.00,5.91,380
47.419,16.71,0.15,1.02,0.41,2.99,0.00,379
47.435,16.63,0.13,0.99,1.70,2.98,0.28,379
47.452,16.67,0.13,0.98,0.39,2.98,0.00,375
47.469,16.67,0.13,0.98,1.72,2.97,0.28,373
47.486,16.78,0.12,0.98,0.41,2.97,0.00,373
47.502,16.56,0.13,0.97,1.75,2.99,0.28,372
47.519,16.66,0.13,0.97,0.40,2.97,0.00,371
47.535,16.66,0.12,0.96,7.43,2.96,5.97,369
47.552,16.68,0.13,0.98,0.40,2.97,0.00,368
47.569,16.72,0.12,0.99,1.78,2.95,0.28,367
47.585,16.64,0.12,0.89,0.49,2.95,0.00,366
47.602,16.65,0.14,0.85,1.78,2.94,0.27,365
47.619,16.67,0.25,0.93,0.47,2.51,0.00,380
47.635,16.68,0.13,0.95,1.79,2.59,0.28,387
47.652,16.70,0.12,0.93,0.47,2.67,0.00,387
47.669,16.63,0.15,0.94,7.49,2.66,5.96,386
47.685,16.67,0.13,0.95,0.46,2.64,0.00,383
47.702,16.68,0.15,0.94,1.80,2.63,0.28,383
47.719,16.64,0.14,0.92,0.45,2.64,0.00,382
47.736,16.70,0.14,0.94,1.80,2.63,0.27,381
47.752,16.64,0.14,0.94,0.48,2.61,0.00,379
47.769,16.67,0.14,0.94,1.80,2.60,0.27,377
47.786,16.69,0.13,0.93,0.48,2.59,0.00,375
47.802,16.65,0.14,0.92,7.60,2.58,6.05,375
47.819,16.67,0.15,0.94,0.50,2.59,0.00,374
47.835,16.67,0.12,0.94,1.79,2.59,0.27,374
47.852,16.66,0.14,0.92,0.45,2.58,0.00,373
47.869,16.69,0.14,0.94,1.80,2.57,0.27,373
47.886,16.69,0.13,0.93,0.48,2.57,0.00,372
47.902,16.73,0.12,0.92,1.79,2.57,0.27,372
47.919,16.57,0.15,0.93,0.49,2.55,0.00,370
47.936,16.74,0.14,0.93,7.52,2.57,6.00,368
47.952,16.61,0.15,0.93,0.47,2.57,0.00,368
47.969,16.65,0.14,0.94,1.81,2.57,0.27,368
47.985,16.66,0.15,0.93,0.48,2.55,0.00,365
48.002,16.70,0.13,0.94,1.78,2.55,0.28,365
48.019,16.68,0.13,0.94,0.49,2.56,0.00,365
48.036,16.63,0.14,0.93,1.79,2.56,0.27,364
48.052,16.74,0.11,0.92,0.43,2.58,0.00,361
48.069,16.61,0.14,0.68,7.70,2.55,6.09,360
48.086,16.66,0.14,0.66,0.41,2.56,0.00,358
48.102,16.70,0.13,0.66,1.78,2.52,0.27,357
48.119,16.63,0.13,0.64,0.45,2.53,0.00,356
48.136,16.67,0.15,0.66,1.84,2.53,0.27,353
48.152,16.67,0.13,0.64,0.49,2.53,0.00,351
48.169,16.67,0.14,0.67,1.85,2.53,0.27,348
48.186,16.67,0.13,0.64,0.48,2.52,0.00,347
48.202,16.66,0.11,0.64,7.46,2.52,5.93,345
48.219,16.69,0.13,0.65,0.48,2.52,0.00,344
48.236,16.65,0.18,0.92,2.01,2.51,0.47,398
48.252,16.68,0.14,0.94,0.54,3.34,0.00,512
48.269,16.66,0.15,0.95,1.83,3.56,0.28,541
48.286,16.68,0.15,0.94,0.50,3.61,0.00,558
48.302,16.65,0.16,0.93,1.76,3.62,0.28,562
48.319,16.67,0.17,0.96,0.51,3.61,0.00,573
48.336,16.72,0.14,0.96,7.57,3.64,6.00,580
48.352,16.63,0.17,0.97,0.55,3.68,0.00,587
48.369,16.65,0.15,0.96,1.79,3.67,0.28,594
48.386,16.66,0.16,0.94,0.46,3.70,0.00,604
48.402,16.68,0.16,0.97,1.79,3.77,0.29,609
48.419,16.66,0.17,0.96,0.48,3.80,0.00,632
48.436,16.68,0.15,0.97,1.81,3.85,0.27,639
48.452,16.65,0.15,0.98,0.46,3.88,0.00,644
48.469,16.67,0.15,0.96,7.78,3.85,6.20,648
48.486,16.68,0.16,1.01,0.48,3.87,0.00,652
48.502,16.69,0.15,0.96,1.77,3.90,0.28,653
48.519,16.64,0.16,1.00,0.46,3.92,0.00,652
48.536,16.69,0.16,1.00,1.76,3.93,0.28,653
48.552,16.64,0.14,1.00,0.47,3.95,0.00,657
48.569,16.81,0.14,1.01,1.81,3.98,0.28,661
48.586,16.55,0.15,1.01,0.48,3.99,0.00,663
48.602,16.64,0.14,0.98,7.55,4.00,6.04,668
48.619,16.71,0.16,1.02,0.45,4.03,0.00,671
48.636,16.63,0.14,0.98,1.72,4.06,0.28,668
48.652,16.66,0.15,1.00,0.41,3.50,0.00,667
48.669,16.68,0.15,1.01,1.76,3.51,0.28,671
48.686,16.69,0.14,1.02,0.54,3.56,0.00,671
48.702,16.66,0.15,1.03,1.78,3.54,0.28,671
48.719,16.66,0.14,0.98,0.43,3.55,0.00,672
48.736,16.66,0.13,0.99,7.57,3.55,6.01,672
48.752,16.67,0.15,1.00,0.50,3.59,0.00,673
48.769,16.67,0.16,1.02,1.82,3.58,0.28,676
48.786,16.68,0.15,1.08,0.54,3.59,0.00,675
48.802,16.66,0.16,1.02,1.81,3.59,0.28,678
48.819,16.71,0.14,1.00,0.48,3.63,0.00,677
48.836,16.61,0.14,1.00,1.74,3.62,0.28,679
48.852,16.70,0.14,1.00,0.46,3.64,0.00,674
48.869,16.67,0.16,1.00,7.67,3.63,6.13,675
48.886,16.65,0.16,1.01,0.47,3.66,0.00,676
48.902,16.70,0.13,0.99,1.77,3.67,0.28,677
48.919,16.63,0.15,0.99,0.43,3.67,0.00,678
48.936,16.70,0.14,1.03,1.85,3.67,0.28,678
48.952,16.64,0.21,1.28,0.47,3.67,0.00,704
48.969,16.67,0.16,1.21,2.16,3.74,0.66,703
48.986,16.68,0.17,1.25,0.62,3.74,0.00,704
49.002,16.66,0.17,1.26,7.67,3.76,6.08,706
49.019,16.66,0.17,1.24,0.52,3.78,0.00,706
49.036,16.71,0.17,1.25,1.81,3.81,0.27,707
49.052,16.62,0.17,1.21,0.43,3.83,0.00,707
49.069,16.67,0.17,1.21,1.73,3.82,0.27,706
49.086,16.71,0.16,1.22,0.42,3.84,0.00,706
49.102,16.63,0.17,1.23,1.77,3.85,0.27,705
49.119,16.66,0.17,1.24,0.43,3.86,0.00,706
49.136,16.70,0.14,1.23,7.53,3.87,6.01,707
49.152,16.64,0.16,1.28,0.44,3.87,0.00,710
49.169,16.67,0.15,1.23,1.76,3.90,0.28,711
49.186,16.70,0.13,1.23,0.42,3.91,0.00,709
49.202,16.63,0.15,1.25,1.74,3.90,0.27,708
49.219,16.67,0.14,1.25,0.43,3.91,0.00,709
49.236,16.66,0.14,1.24,1.74,3.91,0.27,708
49.252,16.67,0.14,1.22,0.41,3.94,0.00,706
49.269,16.67,0.15,1.22,7.43,3.94,5.90,708
49.286,16.68,0.13,1.26,0.44,3.93,0.00,708
49.302,16.66,0.14,1.22,1.78,3.93,0.27,710
49.319,16.67,0.15,1.26,0.46,3.95,0.00,711
49.336,16.66,0.13,1.23,1.71,3.95,0.27,710
49.352,16.70,0.15,1.26,0.50,3.95,0.00,710
49.369,16.64,0.15,1.23,1.74,3.94,0.27,710
49.386,16.67,0.14,1.23,0.40,3.97,0.00,711
49.402,16.67,0.14,1.23,7.49,3.95,5.98,708
49.419,16.67,0.15,1.27,0.48,3.95,0.00,707
49.436,16.68,0.13,1.24,1.78,3.92,0.27,708
49.452,16.65,0.14,1.22,0.42,3.96,0.00,708
49.469,16.67,0.14,1.21,1.71,3.95,0.27,710
49.486,16.67,0.14,1.23,0.42,3.97,0.00,715
49.502,16.67,0.14,1.23,1.72,3.98,0.27,715
49.519,16.68,0.16,1.25,0.48,3.98,0.00,716
49.536,16.66,0.14,1.24,7.43,3.98,5.90,716
49.552,16.68,0.13,1.27,0.44,3.97,0.00,718
49.569,16.65,0.14,1.23,1.71,3.97,0.27,718
49.586,16.68,0.14,1.17,0.42,3.97,0.00,717
49.602,16.78,0.13,1.18,1.74,3.99,0.27,718
49.619,16.55,0.31,1.31,0.43,3.99,0.00,735
49.636,16.67,0.16,1.28,1.73,4.08,0.27,748
49.652,16.68,0.17,1.33,0.47,4.24,0.00,748
49.669,16.68,0.18,1.32,7.52,4.25,5.97,748
49.686,16.70,0.16,1.32,0.43,4.25,0.00,748
49.702,16.62,0.17,1.30,1.78,4.25,0.27,746
49.719,16.67,0.14,1.28,0.42,4.25,0.00,745
49.736,16.70,0.15,1.29,1.74,4.24,0.27,746
49.752,16.64,0.13,1.26,0.42,3.90,0.00,748
49.769,16.67,0.15,1.26,1.75,3.89,0.27,753
49.786,16.66,0.14,1.26,0.42,3.90,0.00,751
49.802,16.67,0.13,1.25,7.37,3.89,5.87,751
49.819,16.68,0.15,1.30,0.47,3.92,0.00,754
49.836,16.66,0.14,1.28,1.74,3.92,0.27,753
49.852,16.66,0.14,1.27,0.43,3.93,0.00,754
49.869,16.67,0.14,1.24,1.71,3.92,0.27,754
49.886,16.67,0.14,1.25,0.41,3.97,0.00,755
49.902,16.66,0.14,1.23,1.73,3.96,0.27,758
49.919,16.68,0.15,1.33,0.45,3.96,0.00,758
49.936,16.67,0.15,1.27,7.50,3.95,5.99,756
49.952,16.66,0.13,1.26,0.44,3.97,0.00,757
49.969,16.67,0.14,1.26,1.72,3.97,0.27,756
49.986,16.67,0.14,1.26,0.42,3.97,0.00,756
50.002,16.67,0.14,1.23,1.70,3.97,0.27,756
50.019,16.75,0.14,1.30,0.45,3.97,0.00,755
50.036,16.59,0.14,1.26,1.73,3.97,0.27,755
50.052,16.66,0.14,1.25,0.41,3.97,0.00,753
50.069,16.70,0.12,1.23,7.34,3.96,5.82,752
50.086,16.65,0.13,1.27,0.43,3.94,0.00,749
50.102,16.66,0.14,1.22,1.72,3.96,0.27,748
50.119,16.68,0.12,1.25,0.42,3.94,0.00,748
50.136,16.68,0.13,1.26,1.75,3.92,0.27,748
50.152,16.67,0.13,1.26,0.41,3.92,0.00,745
50.169,16.75,0.12,1.27,1.73,3.92,0.27,744
50.186,16.56,0.14,1.24,0.42,3.91,0.00,744
50.202,16.66,0.13,0.99,7.48,3.89,5.97,741
50.219,16.72,0.13,1.01,0.44,3.87,0.00,741
50.236,16.63,0.14,0.99,1.71,3.86,0.28,741
50.252,16.67,0.13,0.98,0.42,3.87,0.00,739
50.269,16.66,0.14,0.98,1.75,3.83,0.28,739
50.286,16.69,0.12,0.98,0.40,3.81,0.00,739
50.302,16.65,0.14,0.96,1.71,3.79,0.28,736
50.319,16.76,0.13,1.02,0.42,3.81,0.00,736
50.336,16.57,0.14,1.00,7.41,3.78,5.89,734
50.352,16.67,0.15,1.01,0.43,3.75,0.00,733
50.369,16.67,0.21,1.30,2.54,3.74,1.02,782
50.386,16.67,0.18,1.32,0.42,4.58,0.00,777
50.402,16.68,0.17,1.30,1.71,4.56,0.27,775
50.419,16.66,0.19,1.32,0.40,4.54,0.00,751
50.436,16.67,0.18,1.32,1.73,4.41,0.27,746
50.452,16.66,0.18,1.31,0.40,4.41,0.00,742
50.469,16.67,0.20,1.34,7.47,3.97,5.96,766
50.486,16.68,0.19,1.40,0.44,4.00,0.00,760
50.502,16.65,0.19,1.33,1.70,3.98,0.27,752
50.519,16.67,0.19,1.36,0.43,3.97,0.00,744
50.536,16.68,0.19,1.37,1.73,3.94,0.27,739
50.552,16.66,0.18,1.35,0.40,3.93,0.00,736
50.569,16.67,0.18,1.34,1.73,3.92,0.27,728
50.586,16.67,0.19,1.37,0.39,3.90,0.00,725
50.602,16.67,0.17,1.35,7.32,3.92,5.82,717
50.619,16.72,0.16,1.41,0.43,3.91,0.00,711
50.636,16.62,0.17,1.38,1.72,3.90,0.27,703
50.652,16.67,0.16,1.38,0.41,3.87,0.00,696
50.669,16.66,0.17,1.32,1.75,3.85,0.27,691
50.686,16.69,0.19,1.35,0.51,3.83,0.00,686
50.702,16.65,0.17,1.33,1.70,3.85,0.27,677
50.719,16.67,0.17,1.34,0.39,3.82,0.00,670
50.736,16.67,0.16,1.32,7.55,3.78,6.01,654
50.752,16.69,0.17,1.37,0.45,3.74,0.00,616
50.769,16.64,0.16,1.32,1.73,3.67,0.27,424
50.786,16.67,0.17,1.31,0.40,2.80,0.00,423
50.802,16.66,0.17,1.30,1.69,2.83,0.27,421
50.819,16.68,0.15,1.31,0.38,2.83,0.00,419
50.836,16.66,0.16,1.29,1.70,2.82,0.27,418
50.852,16.68,0.17,1.30,0.40,2.84,0.00,418
50.869,16.65,0.16,1.28,7.33,2.82,5.85,417
50.886,16.67,0.18,1.32,0.43,2.83,0.00,416
50.902,16.66,0.17,1.31,1.73,2.82,0.27,417
50.919,16.66,0.16,1.09,0.42,2.85,0.00,417
50.936,16.67,0.18,1.08,1.74,2.84,0.28,417
50.952,16.68,0.15,1.07,0.39,2.84,0.00,417
50.969,16.66,0.15,1.06,1.69,2.83,0.28,416
50.986,16.68,0.15,1.08,0.39,2.83,0.00,414
51.002,16.64,0.16,1.06,7.42,2.82,5.95,416
51.019,16.67,0.20,1.14,0.43,2.92,0.00,414
51.036,16.67,0.16,1.06,1.71,2.91,0.28,413
51.052,16.67,0.17,1.09,0.45,2.91,0.00,414
51.069,16.66,0.15,1.08,1.73,2.91,0.27,414
51.086,16.66,0.16,1.07,0.41,2.93,0.00,412
51.102,16.67,0.15,1.05,1.70,2.91,0.28,412
51.119,16.68,0.17,1.05,0.41,2.92,0.00,413
51.136,16.67,0.15,1.04,7.30,2.87,5.83,410
51.152,16.67,0.17,1.08,0.44,2.85,0.00,410
51.169,16.67,0.16,1.06,1.69,2.85,0.28,410
51.186,16.67,0.16,1.07,0.43,2.85,0.00,407
51.202,16.67,0.16,1.04,1.68,2.83,0.28,403
51.219,16.66,0.15,1.05,0.39,2.83,0.00,399
51.236,16.68,0.14,1.04,1.74,2.85,0.28,398
51.252,16.66,0.14,1.05,0.43,2.85,0.00,398
51.269,16.66,0.13,1.06,7.51,2.84,6.02,397
51.286,16.69,0.14,1.06,0.44,2.83,0.00,396
51.302,16.65,0.13,1.02,1.70,2.83,0.28,396
51.319,16.67,0.13,1.01,0.39,2.83,0.00,397
51.336,16.66,0.14,1.02,1.74,2.85,0.28,397
51.352,16.72,0.14,1.06,0.48,2.85,0.00,397
51.369,16.62,0.14,1.05,1.78,2.84,0.28,394
51.386,16.68,0.13,1.04,0.42,2.83,0.00,394
51.402,16.65,0.13,1.01,7.35,2.83,5.87,393
51.419,16.67,0.14,1.05,0.42,2.84,0.00,393
51.436,16.67,0.15,1.01,1.72,2.84,0.28,393
51.452,16.69,0.12,1.01,0.43,2.87,0.00,392
51.469,16.64,0.13,0.99,1.69,2.86,0.28,389
51.486,16.67,0.13,1.01,0.39,2.87,0.00,389
51.502,16.68,0.13,1.04,1.76,2.85,0.28,388
51.519,16.67,0.14,1.03,0.52,2.85,0.00,387
51.536,16.66,0.14,1.01,7.52,2.85,5.99,386
51.553,16.72,0.12,1.03,0.43,2.88,0.00,385
51.569,16.61,0.13,0.99,1.70,2.89,0.28,384
51.586,16.67,0.13,0.90,0.39,2.89,0.00,383
51.602,16.67,0.12,0.89,1.68,2.89,0.27,381
51.619,16.66,0.25,0.96,0.39,2.89,0.00,393
51.636,16.67,0.13,0.97,1.74,2.99,0.28,398
51.652,16.66,0.13,0.95,0.39,3.08,0.00,396
51.669,16.68,0.12,0.94,8.02,3.10,6.52,394
51.686,16.68,0.13,0.98,0.45,3.08,0.00,393
51.703,16.68,0.12,0.95,1.71,3.08,0.28,393
51.719,16.64,0.13,0.96,0.38,3.10,0.00,391
51.736,16.68,0.12,0.94,1.69,3.08,0.28,391
51.752,16.66,0.13,0.97,0.47,3.09,0.00,389
51.769,16.67,0.15,0.98,1.82,3.09,0.27,389
51.786,16.69,0.15,0.96,0.45,3.08,0.00,387
51.802,16.64,0.13,0.93,7.49,3.08,5.99,386
51.819,16.75,0.12,0.94,0.41,3.07,0.00,384
51.836,16.58,0.14,0.94,1.71,3.07,0.28,383
51.853,16.70,0.12,0.93,0.41,3.08,0.00,383
51.869,16.65,0.12,0.90,1.73,3.08,0.27,382
51.886,16.66,0.13,0.91,0.39,2.62,0.00,382
51.902,16.67,0.13,0.89,1.68,2.61,0.26,381
51.919,16.67,0.13,0.89,0.38,2.61,0.00,380
51.936,16.67,0.13,0.89,7.36,2.59,5.86,377
51.953,16.67,0.13,0.92,0.43,2.58,0.00,376
51.969,16.67,0.14,0.91,1.73,2.57,0.25,375
51.986,16.67,0.13,0.90,0.39,2.58,0.00,373
52.003,16.66,0.13,0.88,1.68,2.56,0.24,373
52.019,16.68,0.12,0.89,0.39,2.57,0.00,372
52.036,16.66,0.13,0.89,1.72,2.54,0.24,370
52.053,16.66,0.21,0.91,0.41,2.53,0.00,375
52.069,16.67,0.13,0.91,7.54,2.52,6.06,417
52.086,16.67,0.14,0.93,0.40,2.58,0.00,430
52.103,16.66,0.13,0.89,1.67,2.58,0.24,435
52.119,16.68,0.12,0.90,0.40,2.60,0.00,430
52.136,16.67,0.12,0.89,1.67,2.58,0.24,429
52.153,16.65,0.13,0.92,0.40,2.58,0.00,427
52.169,16.66,0.13,0.91,1.66,2.57,0.24,426
52.186,16.68,0.19,1.15,0.46,2.56,0.00,443
52.203,16.68,0.17,1.16,7.57,3.37,6.03,500
52.219,16.70,0.19,1.18,0.52,3.55,0.00,533
52.236,16.62,0.18,1.17,1.79,3.57,0.26,557
52.253,16.66,0.18,1.16,0.42,3.60,0.00,573
52.269,16.68,0.16,1.15,1.69,3.62,0.25,588
52.286,16.67,0.18,1.17,0.46,3.62,0.00,602
52.303,16.65,0.16,1.15,1.67,3.64,0.24,612
52.319,16.67,0.17,1.15,0.41,3.67,0.00,606
52.336,16.66,0.17,0.87,7.54,3.64,6.03,544
52.353,16.71,0.18,0.90,0.46,3.60,0.00,560
52.369,16.63,0.16,0.87,1.69,3.58,0.24,575
52.386,16.70,0.17,0.90,0.51,3.60,0.00,583
52.403,16.64,0.18,0.88,1.73,3.60,0.24,594
52.419,16.66,0.18,0.87,0.41,3.61,0.00,597
52.436,16.67,0.17,0.88,1.69,3.60,0.24,598
52.453,16.66,0.16,0.87,0.38,3.60,0.00,600
52.469,16.69,0.18,0.89,7.42,3.58,5.86,599
52.486,16.69,0.16,0.89,0.42,3.58,0.00,597
52.503,16.64,0.17,0.86,1.69,3.58,0.25,601
52.519,16.67,0.17,0.88,0.40,3.66,0.00,603
52.536,16.66,0.16,0.88,1.69,3.65,0.24,606
52.553,16.67,0.16,0.87,0.39,3.66,0.00,634
52.569,16.69,0.13,0.89,1.70,3.62,0.24,637
52.586,16.67,0.13,0.89,0.40,3.64,0.00,639
52.603,16.64,0.14,0.88,7.41,3.05,5.93,641
52.619,16.68,0.15,0.90,0.42,3.06,0.00,641
52.636,16.68,0.12,0.86,1.69,3.05,0.24,639
52.653,16.65,0.14,0.88,0.43,3.05,0.00,637
52.669,16.69,0.12,0.87,1.71,3.04,0.25,637
52.686,16.67,0.14,0.87,0.44,3.04,0.00,637
52.703,16.65,0.14,0.87,1.68,3.02,0.24,637
52.719,16.67,0.14,0.86,0.39,3.03,0.00,638
52.736,16.70,0.12,0.90,7.60,3.05,6.05,639
52.753,16.65,0.14,0.89,0.42,3.04,0.00,642
52.769,16.66,0.14,0.87,1.68,3.04,0.24,641
52.786,16.67,0.15,0.89,0.46,3.05,0.00,638
52.803,16.66,0.13,0.88,1.69,3.03,0.24,637
52.819,16.67,0.13,0.87,0.40,3.05,0.00,640
52.836,16.66,0.13,0.86,1.67,3.06,0.24,641
52.853,16.67,0.13,0.85,0.39,3.06,0.00,641
52.869,16.67,0.14,0.87,7.44,3.04,5.94,640
52.886,16.67,0.14,0.88,0.41,3.04,0.00,639
52.903,16.67,0.14,0.86,1.68,3.04,0.24,635
52.919,16.67,0.11,0.68,0.41,3.02,0.00,633
52.936,16.67,0.12,0.89,1.75,3.04,0.24,634
52.953,16.68,0.14,0.88,0.48,3.04,0.00,636
52.969,16.66,0.14,0.87,1.75,3.03,0.24,635
52.986,16.69,0.12,0.85,0.41,3.04,0.00,634
53.003,16.65,0.14,0.88,7.44,3.02,5.93,633
53.019,16.66,0.14,0.89,0.42,3.02,0.00,634
53.036,16.68,0.16,0.87,1.75,3.01,0.25,635
53.053,16.65,0.13,0.87,0.41,3.04,0.00,636
53.069,16.69,0.13,0.87,1.76,3.03,0.24,633
53.086,16.66,0.14,0.88,0.44,3.03,0.00,633
53.103,16.66,0.13,0.84,1.71,3.01,0.24,631
53.119,16.66,0.16,0.88,0.48,3.02,0.00,631
53.136,16.67,0.14,0.86,7.57,3.00,6.03,631
53.153,16.67,0.14,0.86,0.42,3.04,0.00,634
53.169,16.68,0.13,0.84,1.70,3.03,0.24,634
53.186,16.66,0.14,0.86,0.43,3.02,0.00,633
53.203,16.67,0.14,0.85,1.88,3.02,0.24,634
53.219,16.66,0.13,0.84,0.40,3.02,0.00,635
53.236,16.69,0.12,0.86,1.71,3.01,0.24,635
53.253,16.65,0.14,0.86,0.43,3.01,0.00,635
53.269,16.67,0.11,0.85,7.40,3.03,5.89,635
53.286,16.67,0.14,0.87,0.44,3.02,0.00,638
53.303,16.66,0.13,0.85,1.70,3.03,0.24,641
53.319,16.68,0.13,0.84,0.40,3.04,0.00,638
53.336,16.67,0.13,0.84,1.71,3.03,0.24,637
53.353,16.67,0.13,0.83,0.40,3.03,0.00,640
53.369,16.66,0.12,0.85,1.68,3.05,0.24,639
53.386,16.67,0.15,0.87,0.48,3.05,0.00,637
53.403,16.67,0.14,0.88,7.44,3.04,5.91,642
53.419,16.67,0.14,0.88,0.45,3.06,0.00,642
53.436,16.65,0.13,0.83,1.72,3.05,0.24,644
53.453,16.68,0.14,0.86,0.42,3.05,0.00,645
53.469,16.66,0.12,0.85,1.70,3.08,0.24,645
53.486,16.67,0.14,0.86,0.42,3.08,0.00,644
53.503,16.66,0.12,0.83,1.70,3.08,0.24,644
53.519,16.67,0.13,0.83,0.39,3.07,0.00,643
53.536,16.74,0.09,0.67,6.98,3.07,5.43,641
53.553,16.62,0.15,0.87,0.42,3.06,0.00,643
53.569,16.65,0.14,0.87,1.76,3.06,0.24,640
53.586,16.68,0.13,0.78,0.42,3.10,0.00,638
53.603,16.65,0.12,0.77,1.71,3.07,0.24,636
53.619,16.67,0.26,0.88,0.47,3.07,0.00,690
53.636,16.67,0.12,0.91,1.67,3.23,0.24,700
53.653,16.66,0.12,0.89,0.43,3.38,0.00,695
53.669,16.69,0.11,0.88,7.64,3.36,6.09,687
53.686,16.67,0.20,0.89,0.52,3.38,0.00,683
53.703,16.67,0.15,0.87,1.74,3.07,0.26,681
53.719,16.65,0.13,0.86,0.41,3.05,0.00,681
53.736,16.69,0.11,0.84,1.74,3.05,0.27,681
53.753,16.66,0.13,0.86,0.44,3.05,0.00,676
53.769,16.66,0.13,0.87,1.77,3.02,0.27,678
53.786,16.70,0.14,0.88,0.55,3.04,0.00,678
53.803,16.64,0.14,0.87,7.52,3.04,5.99,678
53.819,16.67,0.14,0.88,0.45,3.04,0.00,677
53.836,16.67,0.13,0.87,1.76,3.01,0.27,672
53.853,16.69,0.12,0.87,0.47,2.99,0.00,668
53.869,16.64,0.12,0.86,1.75,2.97,0.27,666
53.886,16.68,0.13,0.86,0.47,2.95,0.00,664
53.903,16.73,0.11,0.85,1.76,2.95,0.27,662
53.919,16.59,0.13,0.86,0.42,2.95,0.00,662
53.936,16.67,0.12,0.86,7.49,2.95,5.99,660
53.953,16.67,0.13,0.90,0.43,2.94,0.00,658
53.969,16.67,0.12,0.85,1.72,2.93,0.27,657
53.986,16.68,0.14,0.87,0.43,2.92,0.00,655
54.003,16.66,0.11,0.87,1.69,2.93,0.28,653
54.019,16.65,0.13,0.88,0.45,2.93,0.00,652
54.036,16.68,0.13,0.89,1.82,2.92,0.27,650
54.053,16.71,0.11,0.89,0.44,2.91,0.00,649
54.069,16.61,0.13,0.88,7.54,2.90,6.02,647
54.086,16.69,0.12,0.88,0.43,2.91,0.00,643
54.103,16.73,0.12,0.85,1.73,2.89,0.28,645
54.119,16.60,0.12,0.89,0.43,2.92,0.00,647
54.136,16.65,0.12,0.88,1.74,2.90,0.28,644
54.153,16.67,0.12,0.67,0.41,2.91,0.00,640
54.169,16.66,0.12,0.66,1.73,2.88,0.27,641
54.186,16.71,0.11,0.65,0.41,2.89,0.00,641
54.203,16.64,0.14,0.69,7.55,2.88,6.03,642
54.219,16.71,0.13,0.70,0.42,2.90,0.00,644
54.236,16.65,0.13,0.69,1.73,2.90,0.27,644
54.253,16.65,0.12,0.68,0.40,2.90,0.00,643
54.269,16.66,0.11,0.65,1.72,2.89,0.27,645
54.286,16.68,0.12,0.67,0.42,2.90,0.00,644
54.303,16.66,0.11,0.67,1.71,2.87,0.27,645
54.319,16.67,0.13,0.65,0.40,2.90,0.00,642
54.336,16.70,0.11,0.68,7.40,2.91,5.91,639
54.353,16.65,0.13,0.70,0.42,2.90,0.00,637
54.369,16.65,0.12,0.68,1.74,2.89,0.27,634
54.386,16.68,0.12,0.66,0.40,2.89,0.00,631
54.403,16.71,0.11,0.69,1.74,2.90,0.27,628
54.419,16.64,0.11,0.65,0.39,2.89,0.00,626
54.436,16.66,0.12,0.68,1.76,2.89,0.27,624
54.453,16.65,0.13,0.66,0.45,2.89,0.00,622
54.469,16.68,0.13,0.71,7.48,2.88,5.95,622
54.486,16.67,0.14,0.71,0.49,2.86,0.00,619
54.503,16.66,0.13,0.71,1.78,2.85,0.27,617
54.519,16.66,0.12,0.68,0.41,2.85,0.00,614
54.536,16.67,0.12,0.67,1.75,2.85,0.27,612
54.553,16.66,0.11,0.67,0.39,2.85,0.00,610
54.569,16.69,0.10,0.68,1.70,2.82,0.27,608
54.586,16.65,0.11,0.66,0.40,2.84,0.00,605
54.603,16.66,0.11,0.69,7.37,2.81,5.85,602
54.619,16.67,0.11,0.70,0.41,2.81,0.00,599
54.636,16.68,0.11,0.69,1.73,2.79,0.27,597
54.653,16.67,0.12,0.69,0.43,2.80,0.00,597
54.669,16.65,0.11,0.68,1.73,2.77,0.27,596
54.686,16.72,0.10,0.67,0.40,2.77,0.00,595
54.703,16.64,0.12,0.69,1.73,2.74,0.27,592
54.719,16.67,0.11,0.68,0.39,2.73,0.00,589
54.736,16.66,0.10,0.67,7.46,2.71,5.96,589
54.753,16.69,0.12,0.71,0.43,2.73,0.00,588
54.769,16.65,0.12,0.68,1.77,2.71,0.27,586
54.786,16.67,0.11,0.70,0.51,2.70,0.00,586
54.803,16.66,0.14,0.71,1.78,2.68,0.27,585
54.819,16.67,0.12,0.67,0.41,2.67,0.00,583
54.836,16.66,0.11,0.67,1.72,2.65,0.27,582
54.853,16.67,0.15,0.97,0.40,2.65,0.00,629
54.869,16.67,0.14,1.01,7.61,3.55,6.11,629
54.886,16.70,0.14,1.01,0.47,3.55,0.00,627
54.903,16.63,0.13,1.00,1.73,3.53,0.28,622
54.919,16.67,0.13,1.00,0.42,3.54,0.00,620
54.936,16.67,0.13,1.00,1.71,3.53,0.28,618
54.953,16.66,0.14,1.02,0.43,3.53,0.00,620
54.969,16.66,0.13,1.00,1.73,3.52,0.28,620
54.986,16.68,0.12,1.01,0.42,3.54,0.00,618
55.003,16.66,0.13,1.00,7.48,3.53,5.99,619
55.019,16.69,0.12,1.05,0.45,3.54,0.00,617
55.036,16.75,0.13,1.04,1.75,3.52,0.28,620
55.053,16.64,0.13,1.05,0.45,3.53,0.00,621
55.069,16.60,0.11,1.02,1.72,3.56,0.28,619
55.086,16.67,0.13,1.03,0.41,3.58,0.00,618
55.103,16.67,0.12,1.03,1.72,3.58,0.28,615
55.119,16.67,0.13,1.03,0.40,3.60,0.00,617
55.136,16.68,0.11,1.02,7.34,3.59,5.85,613
55.153,16.68,0.13,1.06,0.43,3.60,0.00,612
55.169,16.64,0.13,1.03,1.72,3.61,0.28,615
55.186,16.67,0.13,1.04,0.40,3.65,0.00,615
55.203,16.66,0.13,1.04,1.73,3.65,0.28,615
55.219,16.67,0.13,1.03,0.41,3.66,0.00,616
55.236,16.67,0.12,1.04,1.70,3.67,0.28,617
55.253,16.67,0.13,1.03,0.42,3.70,0.00,615
55.269,16.67,0.12,1.03,7.43,3.10,5.94,614
55.286,16.69,0.13,1.06,0.46,3.14,0.00,613
55.303,16.65,0.13,1.05,1.73,3.16,0.28,614
55.319,16.67,0.12,1.03,0.40,3.15,0.00,613
55.336,16.68,0.11,1.03,1.69,3.17,0.28,612
55.353,16.66,0.12,1.04,0.42,3.17,0.00,612
55.369,16.68,0.11,1.02,1.73,3.19,0.28,613
55.386,16.66,0.12,1.03,0.41,3.31,0.00,614
55.403,16.67,0.12,1.03,7.32,3.29,5.83,614
55.420,16.72,0.12,1.05,0.45,3.31,0.00,615
55.436,16.63,0.11,1.04,1.70,3.33,0.28,639
55.453,16.66,0.13,1.03,0.44,3.38,0.00,641
55.469,16.68,0.10,1.03,1.73,3.40,0.28,640
55.486,16.67,0.11,1.04,0.40,3.43,0.00,642
55.503,16.76,0.11,1.03,1.71,3.36,0.27,645
55.519,16.56,0.12,1.02,0.39,3.38,0.00,646
55.536,16.67,0.12,1.05,7.42,3.38,5.93,646
55.553,16.72,0.12,1.06,0.47,3.38,0.00,645
55.569,16.62,0.13,1.06,1.76,3.39,0.28,644
55.586,16.67,0.13,0.95,0.41,3.39,0.00,647
55.603,16.70,0.10,0.94,1.72,3.43,0.28,649
55.619,16.63,0.24,1.03,0.41,3.43,0.00,682
55.636,16.68,0.11,1.02,1.75,3.63,0.28,690
55.653,16.66,0.12,1.02,0.43,3.73,0.00,690
55.670,16.69,0.11,1.03,7.36,3.70,5.83,688
55.686,16.66,0.13,1.04,0.49,3.70,0.00,688
55.703,16.65,0.14,1.03,1.78,3.69,0.28,687
55.719,16.67,0.13,1.03,0.43,3.71,0.00,685
55.736,16.67,0.12,1.01,1.75,3.69,0.28,685
55.753,16.68,0.11,1.02,0.44,3.68,0.00,685
55.770,16.67,0.11,1.01,1.73,3.68,0.27,685
55.786,16.67,0.11,1.03,0.45,3.68,0.00,683
55.803,16.64,0.13,1.02,7.48,3.65,5.96,683
55.820,16.67,0.14,1.05,0.43,3.68,0.00,682
55.836,16.70,0.11,1.00,1.73,3.66,0.28,679
55.853,16.65,0.12,1.02,0.39,3.66,0.00,681
55.870,16.66,0.11,1.02,1.74,3.63,0.27,679
55.886,16.68,0.11,1.02,0.40,3.63,0.00,681
55.903,16.66,0.14,1.01,1.71,3.61,0.28,680
55.920,16.67,0.12,1.01,0.41,3.63,0.00,681
55.936,16.67,0.12,1.01,7.34,3.61,5.86,681
55.953,16.67,0.13,1.03,0.45,3.60,0.00,681
55.970,16.66,0.12,1.00,1.74,3.58,0.28,680
55.986,16.67,0.12,1.00,0.41,3.58,0.00,679
56.003,16.67,0.11,1.00,1.70,3.56,0.28,676
56.020,16.67,0.17,1.34,0.39,3.59,0.00,732
56.036,16.75,0.13,1.37,1.98,4.44,0.46,731
56.053,16.60,0.15,1.33,0.44,4.43,0.00,733
56.070,16.76,0.13,1.35,7.47,4.43,5.97,731
56.086,16.56,0.15,1.37,0.45,4.43,0.00,729
56.103,16.70,0.12,1.35,1.70,4.42,0.27,727
56.120,16.64,0.15,1.34,0.40,4.43,0.00,727
56.136,16.68,0.13,1.34,1.69,4.44,0.27,727
56.153,16.65,0.14,1.35,0.39,4.44,0.00,725
56.170,16.68,0.15,1.38,1.79,4.44,0.27,724
56.186,16.67,0.15,1.36,0.41,4.44,0.00,723
56.203,16.67,0.13,1.36,7.33,4.43,5.83,721
56.220,16.66,0.14,1.37,0.44,4.43,0.00,720
56.236,16.67,0.15,1.34,1.72,4.44,0.27,719
56.253,16.69,0.13,1.36,0.41,4.48,0.00,717
56.270,16.65,0.13,1.35,1.71,4.46,0.27,718
56.286,16.67,0.13,1.36,0.41,4.47,0.00,717
56.303,16.67,0.15,1.36,1.73,4.45,0.27,716
56.320,16.75,0.13,1.37,0.42,4.46,0.00,712
56.336,16.59,0.14,1.37,7.67,4.45,6.12,712
56.353,16.67,0.15,1.38,0.47,4.48,0.00,712
56.370,16.66,0.14,1.32,1.72,4.03,0.27,712
56.386,16.66,0.14,1.35,0.40,4.04,0.00,711
56.403,16.67,0.14,1.31,1.69,4.02,0.27,711
56.420,16.68,0.12,1.32,0.41,4.02,0.00,707
56.436,16.66,0.14,1.33,1.70,3.44,0.27,708
56.453,16.67,0.13,1.36,0.44,3.47,0.00,708
56.470,16.67,0.15,1.36,7.41,3.46,5.87,705
56.486,16.68,0.14,1.34,0.43,3.46,0.00,704
56.503,16.65,0.13,1.34,1.73,3.44,0.27,702
56.520,16.67,0.13,1.34,0.42,3.45,0.00,698
56.536,16.68,0.12,1.35,1.70,3.42,0.27,696
56.553,16.75,0.13,1.36,0.49,3.43,0.00,698
56.570,16.57,0.13,1.34,1.78,3.44,0.27,697
56.586,16.71,0.14,1.36,0.46,3.44,0.00,696
56.603,16.62,0.13,1.29,7.50,3.43,5.96,694
56.620,16.68,0.14,1.32,0.51,3.42,0.00,691
56.636,16.69,0.13,1.31,1.81,3.41,0.27,689
56.653,16.64,0.13,1.29,0.47,3.41,0.00,690
56.670,16.68,0.11,1.27,1.75,3.44,0.27,688
56.686,16.66,0.13,1.27,0.48,3.42,0.00,685
56.703,16.66,0.12,1.27,1.76,3.41,0.27,669
56.720,16.66,0.13,1.27,0.41,3.38,0.00,667
56.736,16.67,0.12,1.27,7.37,3.36,5.88,663
56.753,16.72,0.12,1.30,0.44,3.35,0.00,661
56.770,16.62,0.13,1.27,1.72,3.35,0.27,659
56.786,16.67,0.13,1.28,0.44,3.36,0.00,661
56.803,16.66,0.13,1.28,1.75,3.36,0.27,660
56.820,16.67,0.13,0.99,0.41,3.35,0.00,646
56.836,16.66,0.12,0.97,1.71,3.34,0.28,649
56.853,16.76,0.12,0.99,0.45,3.34,0.00,650
56.870,16.59,0.16,0.99,7.54,3.33,6.03,651
56.886,16.66,0.13,1.02,0.45,3.37,0.00,654
56.903,16.68,0.11,0.98,1.73,3.37,0.28,655
56.920,16.64,0.13,0.98,0.40,3.38,0.00,657
56.936,16.67,0.12,0.98,1.71,3.37,0.28,657
56.953,16.67,0.12,0.97,0.40,3.38,0.00,659
56.970,16.67,0.11,0.97,1.73,3.37,0.28,665
56.986,16.68,0.13,0.99,0.45,3.40,0.00,666
57.003,16.66,0.12,0.97,7.36,3.40,5.86,664
57.020,16.69,0.13,1.00,0.43,3.40,0.00,665
57.036,16.67,0.11,0.96,1.74,3.39,0.28,664
57.053,16.66,0.12,0.98,0.42,3.40,0.00,667
57.070,16.64,0.12,0.97,1.70,3.40,0.28,667
57.086,16.67,0.13,0.95,0.41,3.41,0.00,669
57.103,16.67,0.12,0.95,1.70,3.42,0.28,671
57.120,16.66,0.12,0.97,0.40,3.42,0.00,672
57.136,16.69,0.10,0.95,7.43,3.42,5.96,672
57.153,16.67,0.12,0.98,0.43,3.41,0.00,669
57.170,16.65,0.12,0.98,1.72,3.40,0.28,668
57.186,16.68,0.13,0.97,0.40,3.39,0.00,669
57.203,16.67,0.13,0.97,1.74,3.41,0.27,668
57.220,16.68,0.13,0.97,0.44,3.40,0.00,667
57.236,16.67,0.12,0.97,1.78,3.39,0.27,666
57.253,16.71,0.13,0.98,0.46,3.38,0.00,665
57.270,16.62,0.13,0.95,7.40,3.36,5.91,661
57.286,16.72,0.11,0.97,0.42,3.36,0.00,660
57.303,16.62,0.13,0.94,1.73,3.34,0.26,658
57.320,16.66,0.13,0.97,0.44,3.43,0.00,657
57.336,16.68,0.11,0.94,1.72,3.42,0.28,656
57.353,16.66,0.12,0.97,0.39,3.42,0.00,652
57.370,16.68,0.10,0.96,1.71,3.41,0.28,652
57.386,16.65,0.12,0.96,0.39,3.42,0.00,652
57.403,16.67,0.12,0.96,7.44,3.40,5.95,650
57.420,16.67,0.13,0.97,0.42,3.35,0.00,649
57.436,16.66,0.12,0.92,1.71,3.34,0.27,649
57.453,16.67,0.12,0.94,0.39,3.34,0.00,650
57.470,16.68,0.12,0.97,1.76,3.32,0.28,649
57.486,16.67,0.13,0.95,0.44,3.30,0.00,647
57.503,16.67,0.13,0.95,1.78,3.29,0.28,639
57.520,16.66,0.12,0.93,0.42,3.29,0.00,632
57.536,16.66,0.11,0.90,7.38,2.95,5.90,633
57.553,16.68,0.12,0.94,0.45,2.93,0.00,633
57.570,16.66,0.12,0.91,1.71,2.93,0.27,633
57.586,16.67,0.12,0.83,0.39,2.92,0.00,631
57.603,16.69,0.12,0.85,1.76,2.90,0.27,631
57.620,16.66,0.26,0.92,0.45,2.91,0.00,649
57.636,16.67,0.12,0.93,1.76,3.03,0.28,659
57.653,16.66,0.12,0.91,0.40,3.13,0.00,657
57.670,16.68,0.11,0.88,7.50,3.11,5.99,657
57.686,16.68,0.13,0.93,0.42,3.10,0.00,656
57.703,16.66,0.11,0.91,1.73,3.10,0.27,656
57.720,16.66,0.14,0.92,0.44,3.10,0.00,655
57.736,16.66,0.13,0.91,1.72,3.10,0.27,654
57.753,16.67,0.12,0.89,0.40,3.09,0.00,652
57.770,16.67,0.12,0.90,1.71,3.07,0.27,651
57.786,16.66,0.12,0.91,0.38,3.07,0.00,649
57.803,16.67,0.12,0.91,7.36,3.05,5.87,648
57.820,16.71,0.11,0.93,0.42,3.05,0.00,647
57.836,16.63,0.12,0.89,1.72,3.05,0.27,647
57.853,16.66,0.12,0.90,0.39,3.07,0.00,646
57.870,16.67,0.11,0.90,1.71,3.06,0.27,645
57.886,16.67,0.12,0.91,0.39,3.04,0.00,646
57.903,16.66,0.11,0.90,1.70,3.04,0.28,646
57.920,16.67,0.12,0.91,0.40,3.05,0.00,644
57.936,16.67,0.12,0.89,7.42,3.03,5.94,642
57.953,16.67,0.13,0.92,0.41,3.04,0.00,639
57.970,16.67,0.13,0.92,1.78,3.03,0.27,637
57.986,16.68,0.12,0.66,0.40,3.02,0.00,604
58.003,16.65,0.11,0.63,1.69,2.99,0.26,605
58.020,16.70,0.12,0.65,0.44,2.99,0.00,603
58.036,16.64,0.13,0.65,1.70,2.98,0.24,604
58.053,16.68,0.14,0.66,0.45,2.99,0.00,603
58.070,16.65,0.12,0.64,7.31,2.98,5.82,601
58.086,16.68,0.13,0.66,0.42,2.98,0.00,597
58.103,16.66,0.12,0.63,1.68,2.97,0.24,598
58.120,16.67,0.12,0.65,0.40,2.98,0.00,597
58.136,16.67,0.11,0.64,1.71,2.97,0.24,594
58.153,16.67,0.12,0.62,0.39,2.97,0.00,593
58.170,16.67,0.12,0.63,1.67,2.98,0.24,592
58.186,16.66,0.11,0.62,0.41,2.98,0.00,593
58.203,16.78,0.11,0.63,7.49,2.95,5.98,593
58.220,16.57,0.13,0.67,0.44,2.95,0.00,592
58.236,16.66,0.12,0.65,1.70,2.94,0.24,585
58.253,16.67,0.12,0.64,0.40,2.95,0.00,584
58.270,16.68,0.10,0.63,1.70,2.96,0.24,581
58.286,16.66,0.11,0.64,0.40,2.95,0.00,580
58.303,16.67,0.12,0.64,1.71,2.92,0.24,579
58.320,16.68,0.11,0.66,0.46,2.93,0.00,579
58.336,16.65,0.11,0.62,7.32,2.91,5.83,576
58.353,16.67,0.11,0.65,0.42,2.91,0.00,575
58.370,16.66,0.12,0.62,1.70,2.90,0.24,575
58.386,16.69,0.10,0.64,0.39,2.91,0.00,574
58.403,16.66,0.11,0.64,1.68,2.91,0.24,573
58.420,16.69,0.10,0.63,0.38,2.90,0.00,574
58.436,16.64,0.12,0.64,1.68,2.88,0.24,572
58.453,16.67,0.10,0.65,0.40,2.88,0.00,571
58.470,16.66,0.12,0.64,7.44,2.85,5.95,571
58.486,16.67,0.12,0.67,0.42,2.87,0.00,569
58.503,16.67,0.11,0.62,1.69,2.87,0.24,568
58.520,16.67,0.11,0.63,0.43,2.86,0.00,566
58.536,16.74,0.10,0.64,1.71,2.82,0.24,565
58.553,16.61,0.12,0.66,0.46,2.82,0.00,565
58.570,16.66,0.15,0.87,1.86,2.81,0.41,619
58.586,16.67,0.14,0.87,0.39,3.68,0.00,619
58.603,16.67,0.12,0.87,7.43,3.66,5.90,600
58.620,16.67,0.13,0.92,0.48,3.61,0.00,596
58.636,16.66,0.14,0.87,1.71,3.58,0.24,597
58.653,16.67,0.14,0.87,0.41,3.60,0.00,596
58.670,16.67,0.14,0.87,1.69,3.57,0.24,598
58.686,16.71,0.13,0.86,0.39,3.59,0.00,599
58.703,16.63,0.14,0.87,1.68,3.58,0.25,595
58.720,16.67,0.14,0.87,0.42,3.60,0.00,596
58.736,16.67,0.14,0.88,7.44,3.58,5.93,599
58.753,16.68,0.14,0.91,0.42,3.61,0.00,601
58.770,16.67,0.12,0.88,1.67,3.62,0.24,602
58.786,16.67,0.13,0.92,0.43,3.63,0.00,603
58.803,16.65,0.14,0.91,1.71,3.63,0.24,602
58.820,16.68,0.14,0.89,0.39,3.63,0.00,603
58.836,16.65,0.13,0.91,1.69,3.64,0.24,605
58.853,16.68,0.14,0.91,0.39,3.65,0.00,603
58.870,16.67,0.13,0.93,7.33,3.66,5.82,603
58.886,16.69,0.15,0.93,0.46,3.67,0.00,604
58.903,16.65,0.11,0.70,1.34,3.66,0.18,604
58.920,16.65,0.06,0.42,0.27,3.68,0.00,605
58.936,16.72,0.15,0.96,1.79,3.69,0.25,605
58.953,16.65,0.14,0.95,0.44,3.70,0.00,605
58.970,16.66,0.14,0.95,1.71,3.71,0.24,605
58.986,16.67,0.13,0.93,0.41,3.15,0.00,605
59.003,16.67,0.13,0.92,7.54,3.16,6.05,608
59.020,16.67,0.14,0.95,0.44,3.25,0.00,610
59.036,16.68,0.12,0.94,1.68,3.27,0.24,606
59.053,16.67,0.12,0.96,0.46,3.27,0.00,608
59.070,16.71,0.13,0.96,1.73,3.28,0.25,606
59.086,16.63,0.14,0.95,0.44,3.26,0.00,606
59.103,16.65,0.13,0.97,1.71,3.26,0.24,607
59.120,16.68,0.12,0.94,0.41,3.26,0.00,606
59.136,16.65,0.13,0.94,7.36,3.25,5.86,609
59.153,16.67,0.14,0.96,0.42,3.28,0.00,610
59.170,16.66,0.14,0.95,1.72,3.27,0.24,609
59.186,16.70,0.12,0.92,0.42,3.28,0.00,610
59.203,16.64,0.13,0.96,1.71,3.27,0.24,609
59.220,16.68,0.16,1.18,0.46,3.27,0.00,627
59.236,16.66,0.13,1.09,1.96,3.29,0.53,629
59.253,16.67,0.13,1.11,0.40,3.31,0.00,632
59.270,16.67,0.13,1.11,7.43,3.32,5.93,635
59.286,16.66,0.16,1.15,0.44,3.35,0.00,635
59.303,16.76,0.13,1.15,1.73,3.37,0.24,635
59.320,16.58,0.15,1.13,0.42,3.37,0.00,635
59.336,16.70,0.13,1.13,1.69,3.36,0.24,636
59.353,16.69,0.15,1.16,0.48,3.37,0.00,642
59.370,16.66,0.15,1.16,1.80,3.40,0.26,644
59.386,16.64,0.15,1.17,0.50,3.40,0.00,644
59.403,16.68,0.13,1.17,7.54,3.39,5.99,647
59.420,16.72,0.14,1.17,0.48,3.40,0.00,650
59.436,16.61,0.15,1.16,1.77,3.39,0.26,653
59.453,16.67,0.15,1.17,0.49,3.42,0.00,655
59.470,16.69,0.17,1.19,1.82,3.42,0.26,657
59.487,16.67,0.15,1.17,0.50,3.42,0.00,662
59.503,16.68,0.18,1.19,1.79,3.42,0.24,661
59.520,16.66,0.15,1.18,0.50,3.46,0.00,666
59.536,16.64,0.15,1.18,7.63,3.46,6.08,668
59.553,16.67,0.13,1.29,0.48,3.46,0.00,666
59.570,16.74,0.15,1.17,1.80,3.45,0.25,667
59.587,16.61,0.16,1.09,0.51,3.48,0.00,668
59.603,16.67,0.15,1.08,1.77,3.49,0.25,670
59.620,16.67,0.28,1.18,0.56,3.48,0.00,692
59.637,16.64,0.12,0.92,1.36,3.62,0.18,703
59.653,16.70,0.15,1.24,0.51,3.77,0.00,702
59.670,16.66,0.15,1.20,7.70,3.77,6.15,703
59.687,16.69,0.14,1.26,0.51,3.77,0.00,704
59.703,16.64,0.15,1.22,1.80,3.79,0.28,705
59.720,16.68,0.14,1.27,0.54,3.78,0.00,704
59.737,16.64,0.12,0.91,1.59,3.81,0.20,703
59.753,16.69,0.10,0.92,0.45,3.83,0.00,702
59.770,16.65,0.11,0.92,1.67,3.82,0.20,701
59.787,16.67,0.11,0.90,0.39,3.82,0.00,698
59.803,16.73,0.10,0.91,7.28,3.85,5.75,698
59.820,16.64,0.16,1.24,0.50,3.85,0.00,697
59.837,16.64,0.15,1.22,1.83,3.85,0.28,699
59.853,16.69,0.15,1.25,0.58,3.87,0.00,698
59.870,16.72,0.13,1.21,1.84,3.87,0.28,701
59.887,16.60,0.14,1.24,0.51,3.88,0.00,701
59.903,16.65,0.15,1.22,1.83,3.87,0.28,700
59.920,16.72,0.16,1.25,0.57,3.86,0.00,699
59.937,16.64,0.14,1.23,7.63,3.88,6.05,696
59.953,16.68,0.14,1.16,0.55,3.87,0.00,695
59.970,16.63,0.15,1.19,1.88,3.87,0.27,692
59.987,16.68,0.14,1.21,0.57,3.86,0.00,692
60.003,16.66,0.15,1.17,1.83,3.86,0.27,689
60.020,16.68,0.16,1.18,0.53,3.86,0.00,688
60.037,16.66,0.15,1.19,1.83,3.85,0.27,675
60.053,16.66,0.13,1.17,0.52,3.79,0.00,671
60.070,16.68,0.14,1.13,7.75,3.79,6.18,664
60.087,16.68,0.14,1.16,0.48,3.35,0.00,664
60.103,16.69,0.13,1.24,1.88,3.34,0.31,664
60.120,16.64,0.15,1.16,0.49,3.33,0.00,664
60.137,16.66,0.14,1.14,1.73,3.32,0.28,662
60.153,16.66,0.13,1.13,0.41,3.33,0.00,661
60.170,16.66,0.13,1.11,1.71,3.31,0.28,663
60.187,16.69,0.13,1.12,0.41,3.31,0.00,663
60.203,16.65,0.13,1.11,7.41,3.30,5.92,663
60.220,16.68,0.14,1.16,0.48,3.30,0.00,663
60.237,16.67,0.13,1.12,1.73,3.27,0.27,664
60.253,16.66,0.13,1.10,0.44,3.29,0.00,664
60.270,16.67,0.13,1.11,1.71,3.26,0.28,664
60.287,16.67,0.20,1.40,0.41,3.26,0.00,721
60.303,16.67,0.17,1.37,2.31,4.17,0.86,720
60.320,16.70,0.18,1.42,0.46,4.15,0.00,718
60.337,16.64,0.18,1.42,7.42,4.14,5.94,720
60.353,16.74,0.18,1.50,0.48,4.11,0.00,718
60.370,16.63,0.19,1.45,1.78,4.09,0.27,718
60.387,16.63,0.18,1.48,0.49,4.10,0.00,725
60.403,16.69,0.19,1.47,1.82,4.13,0.27,724
60.420,16.66,0.18,1.48,0.52,4.12,0.00,719
60.437,16.67,0.19,1.50,1.81,4.12,0.27,730
60.453,16.68,0.19,1.49,0.49,4.11,0.00,731
60.470,16.66,0.18,1.48,7.51,4.13,5.97,726
60.487,16.67,0.18,1.48,0.44,4.12,0.00,724
60.503,16.65,0.16,1.46,1.71,4.12,0.27,718
60.520,16.67,0.17,1.44,0.41,4.11,0.00,715
60.537,16.69,0.16,1.21,1.72,4.08,0.27,710
60.553,16.67,0.17,1.23,0.40,4.08,0.00,702
60.570,16.65,0.17,1.18,1.80,4.05,0.27,695
60.587,16.66,0.17,1.18,0.41,4.04,0.00,682
60.603,16.67,0.17,1.18,7.46,4.01,5.94,663
60.620,16.71,0.17,1.21,0.44,4.01,0.00,642
60.637,16.64,0.17,1.20,1.78,3.98,0.27,627
60.653,16.69,0.17,1.19,0.48,3.94,0.00,605
60.670,16.63,0.16,1.16,1.71,3.89,0.27,569
60.687,16.68,0.16,1.14,0.41,3.85,0.00,415
60.703,16.69,0.16,1.15,1.72,3.03,0.27,415
60.720,16.64,0.16,1.12,0.41,3.07,0.00,414
60.737,16.66,0.17,1.13,7.34,2.74,5.84,414
60.753,16.70,0.17,1.16,0.47,2.75,0.00,412
60.770,16.64,0.16,1.13,1.71,2.73,0.28,411
60.787,16.67,0.16,1.13,0.39,2.73,0.00,410
60.803,16.67,0.16,1.13,1.72,2.73,0.28,410
60.820,16.68,0.18,1.13,0.43,2.72,0.00,410
60.837,16.67,0.15,1.13,1.71,2.74,0.27,408
60.853,16.64,0.16,1.13,0.41,2.74,0.00,408
60.870,16.67,0.16,1.13,7.41,2.73,5.92,408
60.887,16.67,0.15,1.15,0.42,2.72,0.00,406
60.903,16.66,0.16,1.10,1.70,2.70,0.28,404
60.920,16.67,0.17,1.11,0.39,2.71,0.00,404
60.937,16.67,0.17,1.12,1.74,2.71,0.28,401
60.953,16.67,0.16,1.10,0.38,2.71,0.00,400
60.970,16.68,0.14,1.09,1.68,2.69,0.27,400
60.987,16.66,0.17,1.11,0.44,2.68,0.00,399
61.003,16.66,0.13,1.07,7.29,2.67,5.83,398
61.020,16.73,0.14,1.12,0.43,2.67,0.00,396
61.037,16.64,0.12,1.08,1.70,2.68,0.27,396
61.053,16.64,0.14,1.08,0.41,2.67,0.00,395
61.070,16.68,0.13,1.09,1.72,2.66,0.28,395
61.087,16.66,0.14,1.09,0.40,2.66,0.00,394
61.103,16.68,0.12,1.09,1.70,2.63,0.27,392
61.120,16.66,0.13,1.08,0.41,2.63,0.00,392
61.137,16.68,0.12,1.07,7.47,2.63,5.97,391
61.153,16.65,0.14,1.11,0.41,2.64,0.00,391
61.170,16.68,0.13,1.06,1.70,2.63,0.28,391
61.187,16.67,0.13,0.89,0.40,2.63,0.00,391
61.203,16.67,0.13,0.89,1.68,2.62,0.26,390
61.220,16.67,0.13,0.90,0.38,2.61,0.00,389
61.237,16.67,0.14,0.89,1.71,2.61,0.27,388
61.253,16.68,0.13,0.87,0.38,2.63,0.00,386
61.270,16.65,0.12,0.88,7.33,2.62,5.84,384
61.287,16.74,0.13,0.91,0.43,2.59,0.00,384
61.303,16.61,0.13,0.86,1.70,2.60,0.27,384
61.320,16.67,0.14,0.91,0.44,2.60,0.00,383
61.337,16.66,0.13,0.88,1.72,2.60,0.27,383
61.353,16.67,0.13,0.87,0.39,2.60,0.00,383
61.370,16.67,0.13,0.87,1.71,2.61,0.27,382
61.387,16.67,0.13,0.86,0.39,2.63,0.00,379
61.403,16.66,0.13,0.87,7.45,2.62,5.95,377
61.420,16.72,0.12,0.89,0.41,2.63,0.00,376
61.437,16.61,0.13,0.88,1.71,2.62,0.27,375
61.453,16.68,0.14,0.88,0.43,2.62,0.00,376
61.470,16.66,0.13,0.86,1.71,2.63,0.27,375
61.487,16.68,0.13,0.86,0.43,2.65,0.00,375
61.503,16.65,0.12,0.86,1.73,2.64,0.27,374
61.520,16.67,0.12,0.84,0.38,2.64,0.00,371
61.537,16.66,0.12,0.83,7.29,2.63,5.83,370
61.553,16.72,0.12,0.87,0.39,2.66,0.00,371
61.570,16.62,0.14,0.86,1.73,2.67,0.27,370
61.587,16.66,0.12,0.78,0.38,2.68,0.00,367
61.603,16.67,0.13,0.78,1.69,2.66,0.26,367
61.620,16.68,0.26,0.91,0.41,2.68,0.00,382
61.637,16.67,0.13,0.90,1.69,2.77,0.27,394
61.653,16.67,0.11,0.89,0.38,2.94,0.00,392
61.670,16.67,0.12,0.89,8.06,2.93,6.59,391
61.687,16.69,0.12,0.92,0.42,2.94,0.00,391
61.703,16.66,0.13,0.91,1.78,2.93,0.27,388
61.720,16.65,0.13,0.89,0.41,2.90,0.00,386
61.737,16.66,0.13,0.86,1.73,2.89,0.27,384
61.753,16.67,0.13,0.88,0.38,2.87,0.00,383
61.770,16.67,0.13,0.88,1.74,2.85,0.27,382
61.787,16.67,0.12,0.84,0.38,2.86,0.00,381
61.803,16.66,0.12,0.83,7.34,2.57,5.85,380
61.820,16.68,0.14,0.86,0.42,2.56,0.00,379
61.837,16.66,0.13,0.83,1.70,2.54,0.27,378
61.853,16.67,0.13,0.84,0.39,2.52,0.00,377
61.870,16.67,0.12,0.83,1.32,2.52,0.20,376
61.887,16.67,0.14,0.83,0.42,2.50,0.00,375
61.903,16.67,0.13,0.84,1.69,2.51,0.27,374
61.920,16.66,0.12,0.86,0.41,2.50,0.00,373
61.937,16.68,0.12,0.86,7.44,2.48,5.93,373
61.953,16.66,0.13,0.87,0.41,2.47,0.00,371
61.970,16.67,0.11,0.84,1.70,2.43,0.27,370
61.987,16.67,0.14,0.87,0.43,2.43,0.00,369
62.003,16.69,0.11,0.85,1.70,2.46,0.28,368
62.020,16.64,0.13,0.86,0.38,2.44,0.00,365
62.037,16.68,0.11,0.84,1.70,2.41,0.28,365
62.053,16.65,0.13,0.85,0.39,2.40,0.00,364
62.070,16.69,0.13,0.86,7.43,2.41,5.92,363
62.087,16.67,0.14,0.86,0.43,2.38,0.00,363
62.103,16.65,0.12,0.84,1.70,2.40,0.27,363
62.120,16.67,0.13,0.87,0.40,2.38,0.00,362
62.137,16.67,0.11,0.84,1.69,2.38,0.28,362
62.153,16.67,0.12,0.85,0.39,2.38,0.00,361
62.170,16.67,0.12,0.85,1.70,2.37,0.27,360
62.187,16.67,0.13,0.86,0.39,2.34,0.00,359
62.203,16.66,0.12,0.84,7.42,2.35,5.95,359
62.220,16.70,0.14,0.88,0.42,2.37,0.00,358
62.237,16.66,0.13,0.87,1.75,2.36,0.27,358
62.254,16.79,0.13,0.67,0.50,2.36,0.00,358
62.270,16.53,0.13,0.71,1.95,2.34,0.42,361
62.287,16.66,0.13,0.68,0.41,2.36,0.00,440
62.303,16.67,0.13,0.68,1.72,2.42,0.26,459
62.320,16.75,0.12,0.72,0.45,2.48,0.00,472
62.337,16.58,0.12,0.69,7.37,2.51,5.89,469
62.353,16.66,0.13,0.71,0.41,2.51,0.00,468
62.370,16.67,0.13,0.68,1.71,2.51,0.27,468
62.387,16.70,0.12,0.67,0.39,2.51,0.00,459
62.403,16.68,0.11,0.68,1.71,2.53,0.27,459
62.420,16.63,0.13,0.68,0.41,2.54,0.00,459
62.437,16.67,0.13,0.68,1.70,2.55,0.27,457
62.453,16.68,0.12,0.69,0.39,2.57,0.00,454
62.470,16.65,0.12,0.68,7.44,2.56,5.93,454
62.487,16.69,0.14,0.71,0.44,2.58,0.00,451
62.503,16.68,0.11,0.67,1.72,2.58,0.27,445
62.520,16.64,0.13,0.70,0.39,2.58,0.00,440
62.537,16.67,0.12,0.67,1.68,2.59,0.26,439
62.553,16.66,0.12,0.69,0.37,2.61,0.00,430
62.570,16.67,0.13,0.69,1.75,2.57,0.27,430
62.587,16.67,0.12,0.67,0.37,2.58,0.00,423
62.603,16.70,0.14,0.74,7.79,2.56,6.18,422
62.620,16.66,0.13,0.72,0.42,2.57,0.00,421
62.637,16.67,0.11,0.70,1.82,2.59,0.28,418
62.653,16.67,0.11,0.71,0.42,2.59,0.00,418
62.670,16.65,0.09,0.62,1.82,2.58,0.27,416
62.687,16.67,0.13,0.71,0.40,2.57,0.00,416
62.703,16.65,0.13,0.70,1.74,2.56,0.27,413
62.720,16.71,0.11,0.68,0.44,2.57,0.00,410
62.737,16.63,0.14,0.69,7.55,2.54,6.04,384
62.753,16.67,0.13,0.71,0.41,2.55,0.00,365
62.770,16.68,0.10,0.66,1.70,2.50,0.26,326
62.787,16.65,0.12,0.65,0.38,2.38,0.00,326
62.803,16.66,0.11,0.64,1.68,2.33,0.27,324
62.820,16.68,0.12,0.64,0.41,2.34,0.00,323
62.837,16.66,0.11,0.64,1.69,2.30,0.27,323
62.853,16.68,0.11,0.63,0.37,2.31,0.00,322
62.870,16.66,0.11,0.64,7.33,2.29,5.84,321
62.887,16.67,0.13,0.68,0.43,2.30,0.00,319
62.903,16.66,0.11,0.64,1.70,2.27,0.27,319
62.920,16.68,0.10,0.66,0.38,2.26,0.00,318
62.937,16.65,0.11,0.65,1.70,2.25,0.27,318
62.953,16.69,0.16,0.96,0.43,2.24,0.00,375
62.970,16.66,0.13,0.95,1.90,3.05,0.48,493
62.987,16.68,0.15,0.99,0.48,3.27,0.00,522
63.003,16.65,0.13,0.98,7.44,3.29,5.93,537
63.020,16.70,0.15,0.98,0.42,3.32,0.00,547
63.037,16.64,0.13,0.96,1.71,3.32,0.28,560
63.053,16.67,0.15,0.98,0.41,3.35,0.00,566
63.070,16.69,0.14,0.97,1.76,3.37,0.28,574
63.087,16.68,0.13,0.97,0.40,3.38,0.00,578
63.103,16.63,0.13,0.98,1.71,3.39,0.28,587
63.120,16.67,0.14,0.99,0.42,3.41,0.00,591
63.137,16.67,0.14,0.99,7.36,3.43,5.85,599
63.153,16.69,0.15,1.01,0.43,3.44,0.00,605
63.170,16.67,0.12,0.99,1.72,3.48,0.28,606
63.187,16.65,0.14,0.98,0.40,3.51,0.00,608
63.203,16.66,0.13,0.97,1.70,3.50,0.28,612
63.220,16.68,0.13,0.98,0.40,3.52,0.00,612
63.237,16.67,0.13,0.98,1.72,3.53,0.28,616
63.253,16.68,0.14,0.98,0.42,3.54,0.00,618
63.270,16.66,0.13,1.00,7.45,3.57,5.94,620
63.287,16.73,0.12,1.00,0.44,3.59,0.00,621
63.303,16.61,0.13,0.97,1.71,3.59,0.28,621
63.320,16.80,0.13,1.01,0.50,3.60,0.00,618
63.337,16.54,0.14,1.01,1.81,3.61,0.28,615
63.353,16.67,0.12,0.98,0.44,3.62,0.00,618
63.370,16.66,0.12,0.97,1.72,3.07,0.28,619
63.387,16.67,0.13,0.97,0.40,3.09,0.00,620
63.403,16.66,0.12,0.96,7.37,3.08,5.88,620
63.420,16.70,0.14,0.98,0.43,3.08,0.00,621
63.437,16.65,0.11,0.95,1.77,3.09,0.27,618
63.454,16.66,0.15,1.00,0.51,3.08,0.00,619
63.470,16.76,0.12,0.99,1.80,3.18,0.28,618
63.487,16.61,0.13,0.99,0.50,3.19,0.00,621
63.504,16.66,0.13,0.99,1.76,3.21,0.27,637
63.520,16.65,0.13,0.96,0.40,3.25,0.00,638
63.537,16.73,0.11,0.96,7.71,3.26,6.14,638
63.554,16.60,0.14,0.98,0.47,3.28,0.00,639
63.570,16.66,0.13,0.97,1.73,3.22,0.27,639
63.587,16.67,0.13,0.88,0.39,3.22,0.00,638
63.604,16.67,0.12,0.88,1.71,3.22,0.27,637
63.620,16.66,0.25,0.98,0.42,3.23,0.00,673
63.637,16.67,0.13,0.98,1.76,3.36,0.28,691
63.654,16.66,0.14,0.97,0.44,3.57,0.00,690
63.670,16.70,0.11,0.97,7.41,3.59,5.89,690
63.687,16.67,0.12,0.99,0.50,3.59,0.00,691
63.704,16.67,0.11,0.98,1.77,3.58,0.28,691
63.720,16.63,0.11,0.97,0.46,3.59,0.00,691
63.737,16.70,0.12,0.97,1.75,3.58,0.28,690
63.754,16.67,0.13,0.99,0.52,3.57,0.00,691
63.770,16.64,0.12,0.96,1.78,3.60,0.28,692
63.787,16.68,0.11,0.95,0.45,3.60,0.00,692
63.804,16.68,0.11,0.96,7.51,3.58,5.99,694
63.820,16.65,0.13,1.06,0.45,3.58,0.00,697
63.837,16.66,0.13,1.00,1.73,3.57,0.28,697
63.854,16.66,0.13,0.99,0.44,3.58,0.00,697
63.870,16.68,0.11,1.00,1.75,3.59,0.28,699
63.887,16.68,0.11,1.00,0.42,3.59,0.00,700
63.904,16.65,0.12,1.00,1.70,3.57,0.28,704
63.920,16.66,0.12,0.99,0.41,3.58,0.00,705
63.937,16.67,0.12,0.99,7.41,3.57,5.90,706
63.954,16.66,0.13,1.01,0.41,3.58,0.00,709
63.970,16.67,0.12,0.98,1.75,3.59,0.28,707
63.987,16.67,0.12,0.99,0.42,3.59,0.00,706
64.004,16.71,0.12,1.01,1.75,3.57,0.28,707
64.020,16.63,0.13,0.98,0.41,3.58,0.00,709
64.037,16.68,0.11,0.96,1.71,3.57,0.28,709
64.054,16.65,0.12,1.00,0.42,3.58,0.00,709
64.070,16.78,0.11,0.98,7.53,3.58,6.01,708
64.087,16.57,0.14,1.03,0.46,3.59,0.00,706
64.104,16.67,0.13,0.99,1.73,3.58,0.28,706
64.120,16.68,0.12,0.98,0.41,3.57,0.00,709
64.137,16.66,0.12,0.97,1.71,3.58,0.28,707
64.154,16.68,0.12,0.99,0.41,3.58,0.00,705
64.170,16.65,0.12,0.98,1.72,3.57,0.28,704
64.187,16.70,0.11,0.98,0.42,3.60,0.00,703
64.204,16.64,0.13,1.01,7.39,3.58,5.87,703
64.220,16.72,0.12,1.01,0.46,3.59,0.00,703
64.237,16.61,0.12,0.99,1.75,3.58,0.28,701
64.254,16.66,0.13,1.00,0.45,3.58,0.00,699
64.270,16.67,0.13,0.98,1.72,3.57,0.28,698
64.287,16.68,0.11,0.98,0.44,3.60,0.00,696
64.304,16.66,0.12,0.93,1.76,3.57,0.29,694
64.320,16.67,0.12,0.92,0.46,3.57,0.00,693
64.337,16.68,0.13,0.94,7.47,3.55,5.93,690
64.354,16.66,0.13,0.96,0.51,3.55,0.00,688
64.370,16.69,0.13,0.92,1.79,3.53,0.28,686
64.387,16.65,0.13,0.97,0.51,3.53,0.00,684
64.404,16.67,0.11,0.94,1.74,3.51,0.28,681
64.420,16.67,0.13,0.95,0.47,3.49,0.00,681
64.437,16.67,0.12,0.93,1.74,3.48,0.26,679
64.454,16.66,0.12,0.89,0.41,3.46,0.00,674
64.470,16.69,0.11,0.88,7.36,3.01,5.85,673
64.487,16.66,0.12,0.91,0.43,3.02,0.00,669
64.504,16.66,0.12,0.89,1.71,3.00,0.24,668
64.520,16.67,0.12,0.89,0.39,2.99,0.00,668
64.537,16.67,0.11,0.87,1.68,2.99,0.24,667
64.554,16.67,0.12,0.89,0.38,2.97,0.00,665
64.570,16.67,0.10,0.87,1.68,2.96,0.24,664
64.587,16.67,0.12,0.87,0.41,2.96,0.00,662
64.604,16.66,0.12,0.88,7.41,2.95,5.92,660
64.620,16.69,0.11,0.91,0.43,2.94,0.00,660
64.637,16.65,0.12,0.89,1.70,2.91,0.24,659
64.654,16.67,0.11,0.90,0.42,2.91,0.00,657
64.670,16.66,0.12,0.88,1.68,2.90,0.24,654
64.687,16.70,0.11,0.89,0.42,2.90,0.00,652
64.704,16.64,0.11,0.88,1.69,2.89,0.24,647
64.720,16.69,0.10,0.87,0.39,2.86,0.00,632
64.737,16.64,0.12,0.87,7.34,2.83,5.85,630
64.754,16.67,0.13,0.91,0.44,2.80,0.00,629
64.770,16.68,0.13,0.90,1.78,2.78,0.24,627
64.787,16.66,0.11,0.89,0.44,2.78,0.00,624
64.804,16.65,0.11,0.87,1.67,2.77,0.24,623
64.820,16.68,0.11,0.85,0.39,2.77,0.00,621
64.837,16.66,0.12,0.88,1.73,2.76,0.24,620
64.854,16.67,0.11,0.88,0.39,2.76,0.00,610
64.870,16.71,0.12,0.90,7.54,2.74,6.02,607
64.887,16.63,0.12,0.90,0.44,2.76,0.00,607
64.904,16.67,0.11,0.86,1.70,2.75,0.24,605
64.920,16.66,0.11,0.64,0.41,2.74,0.00,598
64.937,16.68,0.11,0.62,1.69,2.72,0.24,598
64.954,16.66,0.11,0.62,0.38,2.72,0.00,593
64.970,16.66,0.11,0.63,1.68,2.71,0.24,591
64.987,16.67,0.11,0.63,0.40,2.73,0.00,591
65.004,16.67,0.12,0.65,7.32,2.71,5.84,590
65.020,16.76,0.11,0.67,0.43,2.71,0.00,589
65.037,16.58,0.12,0.64,1.72,2.71,0.24,586
65.054,16.67,0.11,0.64,0.43,2.71,0.00,584
65.070,16.70,0.10,0.63,1.68,2.69,0.24,581
65.087,16.65,0.12,0.62,0.42,2.72,0.00,580
65.104,16.66,0.12,0.63,1.68,2.70,0.24,580
65.120,16.66,0.11,0.63,0.40,2.70,0.00,579
65.137,16.67,0.11,0.61,7.38,2.69,5.90,576
65.154,16.68,0.12,0.65,0.42,2.71,0.00,576
65.170,16.66,0.11,0.63,1.70,2.69,0.24,572
65.187,16.69,0.10,0.63,0.38,2.70,0.00,570
65.204,16.67,0.10,0.62,1.69,2.71,0.24,569
65.220,16.66,0.11,0.62,0.39,2.70,0.00,566
65.237,16.66,0.11,0.62,1.69,2.69,0.24,565
65.254,16.72,0.11,0.64,0.47,2.70,0.00,561
65.270,16.63,0.10,0.63,7.31,2.69,5.82,556
65.287,16.67,0.15,0.88,0.48,2.68,0.00,606
65.304,16.66,0.12,0.84,1.84,3.53,0.40,605
65.320,16.66,0.13,0.86,0.39,3.54,0.00,604
65.337,16.68,0.13,0.86,1.73,3.53,0.24,603
65.354,16.66,0.14,0.86,0.40,3.52,0.00,601
65.370,16.67,0.13,0.87,1.68,3.49,0.24,598
65.387,16.67,0.14,0.87,0.44,3.51,0.00,601
65.404,16.67,0.13,0.89,7.43,3.50,5.95,600
65.420,16.66,0.14,0.91,0.42,3.52,0.00,602
65.437,16.68,0.17,0.88,1.69,3.51,0.24,603
65.454,16.65,0.13,0.89,0.40,3.54,0.00,603
65.470,16.68,0.12,0.88,1.68,3.54,0.24,600
65.487,16.66,0.14,0.91,0.44,3.54,0.00,602
65.504,16.67,0.14,0.91,1.72,3.52,0.24,602
65.520,16.66,0.14,0.89,0.40,3.54,0.00,605
65.537,16.66,0.13,0.90,7.30,3.54,5.82,606
65.554,16.68,0.14,0.92,0.42,3.56,0.00,606
65.570,16.66,0.13,0.89,1.68,3.55,0.24,603
65.587,16.67,0.14,0.85,0.41,3.56,0.00,604
65.604,16.68,0.13,0.85,1.67,3.57,0.24,604
65.620,16.65,0.26,0.96,0.40,3.58,0.00,668
65.637,16.67,0.13,0.95,1.68,3.87,0.25,679
65.654,16.68,0.12,0.97,0.40,4.02,0.00,679
65.670,16.66,0.12,0.98,7.43,4.01,5.93,681
65.687,16.69,0.13,1.01,0.45,4.05,0.00,680
65.704,16.65,0.13,0.97,1.71,3.50,0.25,680
65.720,16.66,0.13,0.98,0.42,3.50,0.00,679
65.737,16.67,0.13,0.97,1.70,3.46,0.28,678
65.754,16.67,0.14,0.98,0.43,3.46,0.00,679
65.770,16.70,0.12,0.97,1.71,3.47,0.28,679
65.787,16.64,0.13,0.97,0.42,3.46,0.00,677
65.804,16.66,0.14,1.00,7.49,3.44,5.96,677
65.820,16.67,0.14,1.01,0.44,3.44,0.00,677
65.837,16.66,0.14,0.99,1.77,3.45,0.28,675
65.854,16.68,0.13,0.98,0.41,3.44,0.00,674
65.870,16.65,0.13,0.95,1.72,3.43,0.28,674
65.887,16.68,0.13,0.98,0.41,3.44,0.00,675
65.904,16.66,0.14,0.98,1.75,3.44,0.28,675
65.920,16.67,0.13,0.97,0.40,3.44,0.00,675
65.937,16.69,0.13,1.01,7.56,3.43,6.03,673
65.954,16.65,0.14,1.00,0.46,3.44,0.00,670
65.970,16.65,0.13,0.96,1.72,3.45,0.28,672
65.987,16.67,0.13,0.97,0.41,3.44,0.00,672
66.004,16.69,0.12,0.99,1.74,3.43,0.28,671
66.020,16.65,0.13,0.98,0.39,3.45,0.00,668
66.037,16.67,0.12,0.97,1.70,3.45,0.28,668
66.054,16.67,0.13,0.98,0.40,3.45,0.00,667
66.070,16.68,0.11,0.97,7.33,3.44,5.85,668
66.087,16.66,0.14,1.00,0.45,3.44,0.00,668
66.104,16.69,0.11,0.96,1.72,3.45,0.28,668
66.120,16.64,0.13,0.99,0.41,3.44,0.00,673
66.137,16.67,0.13,0.97,1.75,3.45,0.28,672
66.154,16.68,0.13,0.97,0.41,3.45,0.00,675
66.170,16.66,0.13,0.97,1.70,3.48,0.28,674
66.187,16.67,0.12,0.96,0.41,3.47,0.00,674
66.204,16.68,0.12,0.94,7.46,3.47,5.98,675
66.220,16.67,0.13,0.99,0.43,3.47,0.00,676
66.237,16.68,0.12,0.96,1.72,3.47,0.28,677
66.254,16.65,0.13,0.98,0.42,3.49,0.00,674
66.270,16.67,0.13,0.99,1.74,3.48,0.28,674
66.287,16.66,0.13,0.98,0.41,3.49,0.00,676
66.304,16.66,0.17,1.31,1.91,3.48,0.46,731
66.320,16.67,0.15,1.33,0.39,4.40,0.00,730
66.337,16.67,0.15,1.33,7.33,4.38,5.82,733
66.354,16.68,0.15,1.40,0.44,4.39,0.00,735
66.370,16.66,0.15,1.38,1.73,4.37,0.27,737
66.387,16.67,0.15,1.37,0.41,4.37,0.00,736
66.404,16.67,0.16,1.41,1.72,4.35,0.27,742
66.420,16.67,0.16,1.41,0.40,4.34,0.00,743
66.437,16.69,0.14,1.41,1.71,4.34,0.27,739
66.454,16.64,0.20,1.45,0.41,4.34,0.00,748
66.470,16.67,0.18,1.44,7.49,4.37,6.01,748
66.487,16.67,0.18,1.48,0.43,4.37,0.00,749
66.504,16.67,0.17,1.50,1.73,4.35,0.27,758
66.520,16.66,0.18,1.53,0.46,4.40,0.00,757
66.537,16.66,0.17,1.49,1.71,4.39,0.27,759
66.554,16.71,0.19,1.53,0.44,4.41,0.00,767
66.570,16.63,0.17,1.52,1.71,4.38,0.27,766
66.587,16.68,0.18,1.56,0.44,4.38,0.00,766
66.604,16.65,0.18,1.55,7.39,4.40,5.89,767
66.620,16.68,0.18,1.55,0.44,4.42,0.00,768
66.637,16.66,0.17,1.52,1.72,4.41,0.27,770
66.654,16.66,0.17,1.53,0.42,4.41,0.00,768
66.670,16.68,0.15,1.53,1.70,4.38,0.27,767
66.687,16.69,0.16,1.55,0.40,4.39,0.00,767
66.704,16.68,0.22,1.56,1.73,4.38,0.27,765
66.720,16.61,0.17,1.53,0.41,3.81,0.00,764
66.737,16.67,0.16,1.54,7.40,3.80,5.92,763
66.754,16.68,0.18,1.57,0.45,3.80,0.00,759
66.770,16.65,0.17,1.54,1.73,3.79,0.27,758
66.787,16.67,0.17,1.54,0.41,3.79,0.00,755
66.804,16.67,0.18,1.55,1.75,3.37,0.27,755
66.820,16.67,0.18,1.54,0.49,3.39,0.00,754
66.837,16.66,0.17,1.56,1.77,3.39,0.27,754
66.854,16.68,0.18,1.55,0.48,3.38,0.00,752
66.870,16.68,0.20,1.58,7.47,3.38,5.96,752
66.887,16.64,0.17,1.56,0.43,3.40,0.00,752
66.904,16.69,0.18,1.53,1.71,3.39,0.27,751
66.920,16.65,0.17,1.55,0.44,3.42,0.00,750
66.937,16.67,0.16,1.54,1.73,3.42,0.27,750
66.954,16.66,0.17,1.53,0.42,3.42,0.00,750
66.970,16.68,0.15,1.52,1.71,3.42,0.27,750
66.987,16.65,0.17,1.52,0.40,3.43,0.00,749
67.004,16.66,0.16,1.51,7.57,3.42,6.05,749
67.020,16.70,0.16,1.54,0.45,3.46,0.00,748
67.037,16.65,0.16,1.49,1.72,3.45,0.27,749
67.054,16.67,0.17,1.51,0.41,3.46,0.00,750
67.070,16.67,0.16,1.49,1.72,3.45,0.27,750
67.087,16.68,0.17,1.48,0.44,3.46,0.00,747
67.104,16.65,0.17,1.48,1.74,3.44,0.27,746
67.120,16.66,0.14,1.51,0.40,3.48,0.00,743
67.137,16.67,0.14,1.45,7.41,3.48,5.90,739
67.154,16.67,0.14,1.49,0.45,3.47,0.00,739
67.170,16.66,0.13,1.46,1.71,3.48,0.27,740
67.187,16.67,0.13,1.46,0.41,3.48,0.00,743
67.204,16.66,0.14,1.46,1.71,3.47,0.27,743
67.221,16.69,0.14,1.46,0.42,3.50,0.00,743
67.237,16.66,0.13,1.45,1.71,3.48,0.27,741
67.254,16.67,0.13,1.23,0.42,3.48,0.00,734
67.271,16.69,0.14,1.23,7.80,3.47,6.24,735
67.287,16.65,0.12,0.90,0.40,3.45,0.00,732
67.304,16.67,0.13,1.22,1.77,3.45,0.27,733
67.321,16.74,0.12,1.21,0.44,3.48,0.00,731
67.337,16.59,0.14,1.18,1.74,3.47,0.28,730
67.354,16.67,0.13,1.20,0.41,3.45,0.00,728
67.371,16.67,0.14,1.19,1.78,3.44,0.28,725
67.387,16.67,0.13,1.18,0.41,3.43,0.00,723
67.404,16.66,0.13,1.13,7.47,3.41,5.95,719
67.421,16.71,0.14,1.16,0.43,3.40,0.00,720
67.437,16.67,0.12,1.11,1.72,3.42,0.27,719
67.454,16.63,0.13,1.12,0.41,3.41,0.00,716
67.471,16.66,0.13,1.11,1.71,3.37,0.28,716
67.487,16.72,0.12,1.13,0.46,3.37,0.00,716
67.504,16.62,0.13,1.11,1.77,3.35,0.28,715
67.521,16.67,0.14,1.11,0.43,3.34,0.00,715
67.537,16.67,0.14,1.11,7.52,3.38,5.99,715
67.554,16.67,0.13,1.12,0.45,3.38,0.00,712
67.571,16.66,0.13,1.09,1.73,3.37,0.28,709
67.587,16.67,0.12,1.05,0.46,3.37,0.00,708
67.604,16.67,0.13,0.95,1.76,3.38,0.28,694
67.621,16.67,0.25,1.09,0.43,3.34,0.00,707
67.637,16.67,0.13,1.08,1.74,3.48,0.28,716
67.654,16.68,0.12,1.07,0.43,3.59,0.00,714
67.671,16.65,0.12,1.05,7.36,3.58,5.87,710
67.687,16.73,0.12,1.09,0.44,3.56,0.00,710
67.704,16.61,0.13,1.07,1.76,3.56,0.30,709
67.721,16.67,0.13,1.06,0.41,3.56,0.00,707
67.737,16.67,0.13,1.06,1.71,3.56,0.28,708
67.754,16.67,0.13,1.06,0.44,3.57,0.00,705
67.771,16.67,0.13,1.07,1.74,3.55,0.28,705
67.787,16.67,0.13,1.05,0.41,3.54,0.00,700
67.804,16.66,0.12,1.03,7.52,3.54,6.01,698
67.821,16.67,0.13,0.99,0.48,3.22,0.00,694
67.837,16.66,0.12,1.03,1.79,3.23,0.28,692
67.854,16.68,0.12,0.97,0.48,3.23,0.00,689
67.871,16.66,0.12,0.97,1.76,3.22,0.28,687
67.887,16.70,0.12,0.97,0.48,3.22,0.00,685
67.904,16.65,0.12,0.97,1.76,3.21,0.28,685
67.921,16.66,0.13,0.97,0.48,3.21,0.00,684
67.937,16.69,0.15,1.00,7.49,3.22,5.93,683
67.954,16.65,0.13,1.00,0.44,3.22,0.00,681
67.971,16.66,0.12,0.96,1.71,3.22,0.28,681
67.987,16.67,0.12,0.98,0.40,3.22,0.00,681
68.004,16.67,0.13,0.97,1.72,3.21,0.28,680
68.021,16.67,0.13,0.97,0.41,3.21,0.00,679
68.037,16.67,0.13,0.95,1.69,3.21,0.28,678
68.054,16.66,0.12,0.96,0.41,3.22,0.00,679
68.071,16.70,0.11,0.95,7.41,3.20,5.94,676
68.087,16.64,0.12,1.00,0.45,3.20,0.00,676
68.104,16.66,0.13,0.97,1.74,3.18,0.28,674
68.121,16.67,0.12,0.94,0.42,3.19,0.00,669
68.137,16.67,0.12,0.95,1.72,3.22,0.27,669
68.154,16.67,0.12,0.96,0.41,3.20,0.00,669
68.171,16.66,0.12,0.95,1.71,3.19,0.28,664
68.187,16.67,0.11,0.94,0.38,3.19,0.00,663
68.204,16.67,0.11,0.94,7.30,3.16,5.82,661
68.221,16.68,0.13,0.99,0.45,3.16,0.00,658
68.237,16.66,0.12,0.95,1.71,3.16,0.28,657
68.254,16.66,0.12,0.96,0.43,3.16,0.00,653
68.271,16.67,0.12,0.70,1.74,3.15,0.27,649
68.287,16.67,0.12,0.70,0.39,3.12,0.00,648
68.304,16.66,0.12,0.70,1.70,3.11,0.26,647
68.321,16.69,0.11,0.68,0.39,3.10,0.00,643
68.337,16.66,0.11,0.68,7.57,3.11,6.06,641
68.354,16.66,0.13,0.73,0.44,3.09,0.00,637
68.371,16.67,0.10,0.69,1.74,3.07,0.27,635
68.387,16.68,0.11,0.69,0.39,3.06,0.00,633
68.404,16.65,0.11,0.69,1.70,3.04,0.26,633
68.421,16.67,0.12,0.68,0.40,3.04,0.00,630
68.437,16.67,0.12,0.71,1.70,3.04,0.27,628
68.454,16.67,0.12,0.70,0.38,3.03,0.00,627
68.471,16.68,0.10,0.69,7.34,3.02,5.85,625
68.487,16.68,0.11,0.72,0.42,3.00,0.00,624
68.504,16.65,0.11,0.67,1.71,2.98,0.27,623
68.521,16.67,0.12,0.70,0.44,2.98,0.00,621
68.537,16.76,0.11,0.70,1.70,2.96,0.27,620
68.554,16.58,0.12,0.69,0.40,2.98,0.00,618
68.571,16.68,0.12,0.69,1.73,2.95,0.27,612
68.587,16.67,0.11,0.71,0.39,2.94,0.00,612
68.604,16.69,0.12,0.71,7.45,2.93,5.94,611
68.621,16.69,0.11,0.71,0.41,2.93,0.00,610
68.637,16.62,0.15,0.99,1.91,2.90,0.47,654
68.654,16.66,0.13,0.99,0.40,3.80,0.00,655
68.671,16.66,0.14,1.01,1.71,3.79,0.28,654
68.687,16.70,0.12,1.01,0.42,3.78,0.00,652
68.704,16.65,0.12,0.98,1.70,3.77,0.27,652
68.721,16.66,0.13,1.01,0.41,3.78,0.00,650
68.737,16.67,0.14,1.01,7.36,3.78,5.88,652
68.754,16.67,0.14,1.03,0.42,3.77,0.00,653
68.771,16.67,0.14,1.03,1.74,3.78,0.28,650
68.787,16.67,0.14,1.03,0.40,3.79,0.00,650
68.804,16.75,0.13,1.07,1.76,3.81,0.27,650
68.821,16.59,0.14,1.06,0.42,3.81,0.00,650
68.837,16.67,0.13,1.04,1.71,3.84,0.28,652
68.854,16.67,0.14,1.05,0.43,3.87,0.00,653
68.871,16.66,0.14,1.01,7.43,3.88,5.95,652
68.887,16.67,0.14,1.05,0.42,3.88,0.00,656
68.904,16.67,0.12,1.04,1.75,3.87,0.28,657
68.921,16.66,0.13,1.06,0.41,3.88,0.00,655
68.937,16.69,0.13,1.05,1.74,3.89,0.28,654
68.954,16.65,0.14,1.11,0.47,3.92,0.00,655
68.971,16.66,0.14,1.05,1.74,3.91,0.28,656
68.987,16.70,0.12,1.06,0.43,3.92,0.00,645
69.004,16.63,0.13,1.04,7.39,3.90,5.88,646
69.021,16.69,0.14,1.07,0.45,3.89,0.00,646
69.037,16.66,0.13,1.04,1.72,3.89,0.28,648
69.054,16.81,0.12,1.08,0.49,3.34,0.00,650
69.071,16.53,0.13,1.06,1.74,3.34,0.28,649
69.087,16.68,0.11,1.05,0.40,3.34,0.00,654
69.104,16.65,0.14,1.05,1.83,3.34,0.28,656
69.121,16.67,0.13,1.06,0.44,3.33,0.00,655
69.137,16.67,0.13,1.03,7.41,3.34,5.93,658
69.154,16.68,0.14,1.08,0.45,3.37,0.00,661
69.171,16.67,0.12,1.04,1.72,3.37,0.28,660
69.187,16.69,0.11,1.03,0.44,3.36,0.00,661
69.204,16.65,0.13,1.05,1.74,3.36,0.28,661
69.221,16.67,0.13,1.06,0.45,3.37,0.00,659
69.237,16.65,0.13,1.06,1.71,3.35,0.28,660
69.254,16.68,0.13,1.06,0.40,3.39,0.00,661
69.271,16.67,0.12,1.05,7.49,3.39,5.96,662
69.287,16.67,0.13,1.07,0.43,3.38,0.00,660
69.304,16.67,0.13,1.04,1.72,3.38,0.28,659
69.321,16.66,0.13,1.06,0.42,3.38,0.00,657
69.337,16.67,0.12,1.04,1.70,3.39,0.28,655
69.354,16.69,0.13,1.05,0.45,3.41,0.00,655
69.371,16.67,0.11,1.02,1.72,3.41,0.28,654
69.387,16.66,0.12,1.03,0.39,3.41,0.00,656
69.404,16.67,0.12,1.03,7.50,3.41,5.99,657
69.421,16.68,0.14,1.07,0.47,3.41,0.00,654
69.437,16.66,0.14,1.06,1.78,3.40,0.29,657
69.454,16.67,0.13,1.08,0.47,3.47,0.00,659
69.471,16.66,0.13,1.04,1.73,3.46,0.28,659
69.487,16.67,0.12,1.04,0.43,3.48,0.00,659
69.504,16.67,0.12,1.03,1.70,3.50,0.28,660
69.521,16.67,0.12,1.06,0.41,3.53,0.00,661
69.537,16.67,0.13,1.04,7.33,3.52,5.85,664
69.554,16.68,0.13,1.06,0.45,3.53,0.00,664
69.571,16.66,0.12,1.01,1.72,3.53,0.28,664
69.587,16.67,0.14,0.96,0.48,3.54,0.00,668
69.604,16.67,0.14,0.95,1.74,3.54,0.28,667
69.621,16.67,0.24,1.02,0.46,3.54,0.00,683
69.637,16.67,0.11,1.06,1.77,3.70,0.28,696
69.654,16.65,0.13,1.04,0.47,3.88,0.00,695
69.671,16.67,0.12,1.06,7.47,3.89,5.96,698
69.687,16.68,0.12,1.09,0.43,3.89,0.00,699
69.704,16.68,0.11,1.04,1.71,3.89,0.27,698
69.721,16.64,0.12,1.06,0.41,3.89,0.00,698
69.737,16.67,0.13,1.06,1.71,3.89,0.28,700
69.754,16.67,0.13,1.05,0.41,3.90,0.00,699
69.771,16.66,0.12,1.04,1.74,3.90,0.28,698
69.787,16.67,0.13,1.07,0.45,3.90,0.00,697
69.804,16.66,0.13,1.04,7.36,3.88,5.86,697
69.821,16.68,0.14,1.08,0.45,3.87,0.00,696
69.837,16.67,0.11,1.07,1.73,3.86,0.28,696
69.854,16.67,0.13,1.06,0.46,3.86,0.00,697
69.871,16.64,0.12,1.05,1.73,3.86,0.28,698
69.887,16.68,0.13,1.05,0.40,3.86,0.00,697
69.904,16.66,0.12,1.00,1.74,3.84,0.27,695
69.921,16.68,0.12,1.00,0.45,3.83,0.00,695
69.937,16.67,0.13,1.00,7.56,3.80,6.01,694
69.954,16.67,0.14,1.02,0.47,3.80,0.00,690
69.971,16.66,0.11,0.99,1.76,3.79,0.28,690
69.987,16.68,0.12,1.02,0.49,3.78,0.00,684
70.004,16.66,0.13,1.01,1.75,3.74,0.28,682
70.021,16.75,0.11,1.01,0.43,3.73,0.00,679
70.037,16.59,0.13,1.02,1.75,3.72,0.28,678
70.054,16.68,0.13,0.99,0.44,3.70,0.00,677
70.071,16.65,0.12,1.00,7.35,3.70,5.87,674
70.087,16.72,0.13,1.02,0.44,3.67,0.00,674
70.104,16.63,0.13,1.01,1.77,3.66,0.28,670
70.121,16.65,0.12,0.98,0.41,3.63,0.00,666
70.137,16.67,0.12,0.95,1.73,3.61,0.28,664
70.154,16.67,0.13,0.97,0.39,3.20,0.00,663
70.171,16.66,0.13,0.95,1.69,3.20,0.28,663
70.187,16.69,0.12,0.97,0.40,3.19,0.00,663
70.204,16.66,0.11,0.95,7.45,3.18,5.97,663
70.221,16.66,0.11,0.99,0.44,3.16,0.00,661
70.237,16.66,0.12,0.97,1.73,3.14,0.28,661
70.254,16.67,0.13,0.96,0.41,3.15,0.00,658
70.271,16.68,0.10,0.96,1.70,3.15,0.28,658
70.287,16.66,0.13,0.97,0.44,3.13,0.00,653
70.304,16.66,0.12,0.95,1.71,3.12,0.28,652
70.321,16.67,0.12,0.93,0.39,3.12,0.00,650
70.337,16.68,0.10,0.96,7.33,3.10,5.86,650
70.354,16.66,0.12,0.98,0.45,3.10,0.00,648
70.371,16.81,0.11,0.96,1.76,3.11,0.27,648
70.387,16.52,0.13,0.98,0.43,3.10,0.00,647
70.404,16.67,0.11,0.94,1.70,3.09,0.27,647
70.421,16.67,0.12,0.95,0.41,3.08,0.00,646
70.437,16.68,0.11,0.95,1.70,3.08,0.28,644
70.454,16.66,0.12,0.95,0.41,3.08,0.00,641
70.471,16.67,0.11,0.94,7.46,3.08,5.97,639
70.487,16.67,0.12,0.97,0.42,3.08,0.00,638
70.504,16.67,0.11,0.94,1.73,3.07,0.27,637
70.521,16.66,0.11,0.94,0.40,3.07,0.00,636
70.537,16.67,0.12,0.94,1.74,3.05,0.27,636
70.554,16.67,0.12,0.94,0.40,3.06,0.00,634
70.571,16.66,0.11,0.92,1.72,3.08,0.26,632
70.587,16.67,0.11,0.94,0.39,3.08,0.00,626
70.604,16.66,0.12,0.68,7.44,3.06,5.92,583
70.621,16.68,0.13,0.69,0.44,3.03,0.00,582
70.637,16.66,0.12,0.67,1.74,3.02,0.27,581
70.654,16.69,0.11,0.67,0.39,3.04,0.00,581
70.671,16.66,0.10,0.66,1.72,3.04,0.27,581
70.687,16.69,0.11,0.65,0.40,3.05,0.00,580
70.704,16.63,0.11,0.65,1.72,3.03,0.26,579
70.721,16.67,0.11,0.65,0.40,3.04,0.00,580
70.737,16.66,0.11,0.66,7.45,3.03,5.96,580
70.754,16.67,0.12,0.70,0.43,3.04,0.00,577
70.771,16.68,0.10,0.65,1.70,3.02,0.27,577
70.787,16.66,0.12,0.67,0.41,3.05,0.00,576
70.804,16.67,0.11,0.64,1.69,3.03,0.27,575
70.821,16.68,0.13,0.69,0.48,3.03,0.00,576
70.837,16.68,0.14,0.67,1.80,3.02,0.27,575
70.854,16.68,0.11,0.70,0.50,3.01,0.00,574
70.871,16.65,0.17,0.94,7.70,3.00,6.15,627
70.887,16.66,0.14,0.96,0.44,3.86,0.00,625
70.904,16.67,0.15,0.93,1.77,3.85,0.28,625
70.921,16.68,0.14,0.95,0.51,3.82,0.00,622
70.937,16.66,0.14,0.93,1.74,3.81,0.27,621
70.954,16.67,0.14,0.94,0.46,3.79,0.00,619
70.971,16.67,0.16,0.95,1.81,3.79,0.28,618
70.987,16.65,0.14,0.95,0.48,3.78,0.00,617
71.004,16.68,0.15,0.94,7.62,3.76,6.08,617
71.021,16.67,0.15,0.95,0.43,3.76,0.00,618
71.037,16.66,0.15,0.96,1.81,3.74,0.28,618
71.054,16.67,0.14,0.95,0.47,3.75,0.00,613
71.071,16.69,0.14,0.95,1.78,3.74,0.28,615
71.087,16.64,0.14,0.97,0.50,3.80,0.00,614
71.104,16.67,0.14,0.96,1.79,3.79,0.28,613
71.121,16.67,0.14,0.95,0.48,3.80,0.00,614
71.137,16.66,0.14,0.95,7.60,3.81,6.06,614
71.154,16.67,0.14,0.98,0.47,3.83,0.00,613
71.171,16.67,0.14,0.97,1.81,3.82,0.27,615
71.188,16.70,0.12,0.94,0.45,3.84,0.00,615
71.204,16.65,0.15,0.97,1.81,3.83,0.27,615
71.221,16.68,0.12,0.94,0.51,3.83,0.00,613
71.238,16.66,0.14,0.97,1.83,3.82,0.27,613
71.254,16.69,0.14,0.98,0.51,3.83,0.00,615
71.271,16.65,0.14,0.94,7.73,3.83,6.19,615
71.288,16.66,0.14,0.96,0.49,3.27,0.00,618
71.304,16.66,0.13,0.99,1.81,3.28,0.28,619
71.321,16.76,0.12,0.96,0.49,3.28,0.00,619
71.338,16.57,0.13,0.96,1.76,3.28,0.27,618
71.354,16.73,0.12,0.96,0.51,3.29,0.00,619
71.371,16.60,0.15,0.95,1.76,3.28,0.27,621
71.388,16.68,0.14,0.98,0.53,3.32,0.00,620
71.404,16.66,0.13,0.96,7.65,3.32,6.07,621
71.421,16.68,0.14,0.96,0.44,3.32,0.00,622
71.438,16.68,0.13,0.99,1.86,3.32,0.27,621
71.454,16.66,0.14,0.96,0.48,3.32,0.00,622
71.471,16.67,0.14,0.97,1.81,3.32,0.28,621
71.488,16.68,0.13,0.95,0.50,3.35,0.00,621
71.504,16.67,0.12,0.96,1.78,3.35,0.28,620
71.521,16.66,0.13,0.98,0.53,3.35,0.00,621
71.538,16.68,0.14,0.96,7.60,3.35,6.05,621
71.554,16.66,0.12,0.96,0.49,3.35,0.00,621
71.571,16.67,0.14,0.96,1.80,3.36,0.28,619
71.588,16.70,0.11,0.90,0.47,3.39,0.00,621
71.604,16.63,0.13,0.92,1.83,3.38,0.27,622
71.621,16.66,0.21,0.72,0.37,3.38,0.00,638
71.638,16.69,0.12,0.95,1.80,3.47,0.27,643
71.654,16.66,0.14,0.98,0.49,3.57,0.00,642
71.671,16.68,0.15,0.98,8.44,3.55,6.84,640
71.688,16.68,0.12,0.96,0.47,3.57,0.00,640
71.704,16.65,0.14,0.95,1.80,3.56,0.27,640
71.721,16.66,0.14,0.97,0.53,3.55,0.00,640
71.738,16.67,0.13,0.94,1.77,3.54,0.28,642
71.754,16.67,0.14,0.98,0.53,3.53,0.00,643
71.771,16.66,0.14,0.95,1.81,3.53,0.28,641
71.788,16.67,0.14,0.95,0.50,3.54,0.00,642
71.804,16.67,0.15,0.97,7.61,3.52,6.08,644
71.821,16.68,0.13,1.02,0.55,3.53,0.00,644
71.838,16.66,0.14,0.96,1.77,3.53,0.27,645
71.854,16.68,0.12,1.01,0.50,3.52,0.00,644
71.871,16.66,0.14,0.94,1.76,3.51,0.28,641
71.888,16.66,0.15,0.95,0.47,3.49,0.00,641
71.904,16.67,0.14,0.96,1.82,3.50,0.27,642
71.921,16.70,0.17,0.95,0.48,3.50,0.00,640
71.938,16.65,0.13,0.95,7.59,3.49,6.04,642
71.954,16.65,0.14,0.96,0.45,3.48,0.00,643
71.971,16.66,0.15,0.95,1.82,3.48,0.27,643
71.988,16.67,0.13,0.93,0.43,3.46,0.00,644
72.004,16.66,0.12,0.90,1.71,3.48,0.27,643
72.021,16.67,0.12,0.92,0.40,3.48,0.00,642
72.038,16.68,0.14,0.93,1.80,3.45,0.27,641
72.054,16.66,0.13,0.92,0.41,3.46,0.00,638
72.071,16.66,0.13,0.92,7.54,3.44,6.03,639
72.088,16.67,0.17,1.17,0.50,3.44,0.00,695
72.104,16.68,0.15,1.24,1.97,4.33,0.45,696
72.121,16.66,0.15,1.20,0.44,4.32,0.00,698
72.138,16.66,0.16,1.21,1.76,4.31,0.27,696
72.154,16.68,0.14,1.15,0.45,4.30,0.00,695
72.171,16.67,0.13,1.14,1.77,4.30,0.27,695
72.188,16.66,0.14,1.16,0.44,4.31,0.00,693
72.204,16.67,0.15,1.17,7.39,4.28,5.85,693
72.221,16.67,0.15,1.17,0.49,4.29,0.00,693
72.238,16.66,0.15,1.14,1.76,4.29,0.27,694
72.254,16.67,0.15,1.19,0.41,4.30,0.00,697
72.271,16.68,0.14,1.20,1.72,4.30,0.27,696
72.288,16.68,0.15,1.16,0.56,4.31,0.00,695
72.304,16.65,0.12,0.90,1.37,4.38,0.20,696
72.321,16.65,0.11,0.85,0.37,4.37,0.00,695
72.338,16.67,0.14,1.16,7.55,4.38,5.99,686
72.354,16.67,0.15,1.18,0.43,4.38,0.00,678
72.371,16.70,0.14,1.14,1.73,4.36,0.26,674
72.388,16.64,0.15,1.14,0.41,4.00,0.00,674
72.404,16.67,0.13,1.11,1.70,3.98,0.27,672
72.421,16.71,0.13,1.12,0.39,3.98,0.00,670
72.438,16.63,0.14,1.12,1.70,3.97,0.27,670
72.454,16.66,0.14,1.13,0.42,3.97,0.00,670
72.471,16.67,0.14,1.12,7.33,3.94,5.85,670
72.488,16.68,0.15,1.15,0.46,3.94,0.00,670
72.504,16.66,0.13,1.10,1.75,3.38,0.27,669
72.521,16.67,0.14,1.12,0.42,3.37,0.00,673
72.538,16.67,0.14,1.15,1.75,3.37,0.28,674
72.554,16.67,0.14,1.14,0.43,3.36,0.00,673
72.571,16.66,0.14,1.12,1.69,3.34,0.27,673
72.588,16.67,0.14,1.11,0.40,3.34,0.00,673
72.604,16.67,0.14,1.11,7.51,3.36,6.02,678
72.621,16.67,0.14,1.15,0.45,3.36,0.00,677
72.638,16.67,0.13,1.11,1.73,3.32,0.28,675
72.654,16.68,0.14,1.15,0.47,3.32,0.00,675
72.671,16.69,0.13,1.12,1.73,3.28,0.28,676
72.688,16.67,0.13,1.10,0.40,3.28,0.00,675
72.704,16.66,0.12,1.11,1.70,3.28,0.28,674
72.721,16.65,0.13,1.12,0.41,3.27,0.00,674
72.738,16.69,0.12,1.15,7.67,3.26,6.10,676
72.754,16.65,0.14,1.13,0.44,3.25,0.00,676
72.771,16.65,0.13,1.11,1.72,3.25,0.27,675
72.788,16.67,0.13,1.09,0.41,3.24,0.00,675
72.804,16.67,0.14,1.11,1.74,3.25,0.28,675
72.821,16.66,0.13,1.10,0.44,3.25,0.00,675
72.838,16.67,0.13,0.88,1.70,3.24,0.27,659
72.854,16.66,0.14,0.90,0.40,3.22,0.00,660
72.871,16.68,0.14,0.88,7.44,3.21,5.93,660
72.888,16.66,0.14,0.92,0.43,3.21,0.00,660
72.904,16.68,0.12,0.87,1.72,3.23,0.27,660
72.921,16.66,0.13,0.88,0.39,3.23,0.00,661
72.938,16.66,0.13,0.88,1.73,3.21,0.27,661
72.954,16.68,0.11,0.87,0.39,3.21,0.00,657
72.971,16.66,0.13,0.88,1.70,3.20,0.26,658
72.988,16.68,0.12,0.89,0.39,3.22,0.00,657
73.004,16.66,0.15,0.88,7.40,3.19,5.91,658
73.021,16.71,0.12,0.91,0.42,3.23,0.00,657
73.038,16.62,0.14,0.89,1.73,3.21,0.27,656
73.054,16.67,0.14,0.89,0.42,3.21,0.00,657
73.071,16.68,0.14,0.89,1.77,3.21,0.26,658
73.088,16.66,0.13,0.88,0.39,3.20,0.00,657
73.104,16.67,0.13,0.85,1.71,3.21,0.27,660
73.121,16.67,0.14,0.89,0.42,3.23,0.00,662
73.138,16.66,0.13,0.97,7.55,3.23,6.04,660
73.154,16.67,0.14,0.89,0.41,3.23,0.00,660
73.171,16.68,0.12,0.86,1.71,3.23,0.28,660
73.188,16.66,0.11,0.88,0.41,3.24,0.00,658
73.204,16.68,0.13,1.00,2.04,3.22,0.60,665
73.221,16.68,0.12,0.95,0.42,3.25,0.00,668
73.238,16.66,0.12,0.93,1.73,3.26,0.28,669
73.254,16.66,0.12,0.92,0.38,3.28,0.00,671
73.271,16.66,0.13,0.93,7.30,3.28,5.83,671
73.288,16.67,0.13,0.96,0.42,3.29,0.00,665
73.304,16.67,0.14,0.95,1.74,3.30,0.27,665
73.321,16.67,0.13,0.93,0.39,3.34,0.00,666
73.338,16.66,0.13,0.93,1.70,3.33,0.28,667
73.354,16.67,0.13,0.95,0.41,3.34,0.00,667
73.371,16.68,0.15,0.95,1.76,3.34,0.26,667
73.388,16.67,0.13,0.93,0.40,3.34,0.00,665
73.404,16.67,0.12,0.92,7.45,3.34,5.97,666
73.421,16.67,0.13,0.97,0.43,3.38,0.00,664
73.438,16.67,0.12,0.93,1.71,3.37,0.28,664
73.454,16.67,0.11,0.93,0.40,3.38,0.00,664
73.471,16.67,0.13,0.97,1.78,3.38,0.28,663
73.488,16.66,0.13,0.97,0.46,3.38,0.00,661
73.504,16.66,0.13,0.96,1.72,3.38,0.28,660
73.521,16.67,0.12,0.96,0.40,3.40,0.00,656
73.538,16.75,0.12,0.95,7.47,3.39,5.97,651
73.554,16.59,0.14,0.98,0.43,3.38,0.00,649
73.571,16.66,0.13,0.94,1.72,3.38,0.28,648
73.588,16.68,0.13,0.88,0.39,3.38,0.00,644
73.604,16.66,0.13,0.88,1.72,3.09,0.26,641
73.621,16.67,0.26,1.01,0.47,3.12,0.00,653
73.638,16.66,0.12,0.98,1.72,3.25,0.28,660
73.654,16.68,0.12,0.98,0.40,3.35,0.00,659
73.671,16.66,0.13,0.98,7.51,3.34,6.00,656
73.688,16.68,0.14,1.02,0.43,3.34,0.00,655
73.704,16.66,0.14,0.99,1.75,3.33,0.28,653
73.721,16.66,0.13,1.01,0.45,3.36,0.00,652
73.738,16.66,0.13,1.00,1.73,3.37,0.28,650
73.754,16.70,0.12,0.98,0.39,3.33,0.00,649
73.771,16.63,0.13,1.01,1.72,3.33,0.28,648
73.788,16.67,0.12,1.00,0.40,3.32,0.00,648
73.804,16.67,0.13,0.99,7.34,3.31,5.86,644
73.821,16.66,0.13,1.02,0.43,3.31,0.00,645
73.838,16.67,0.13,0.98,1.76,3.30,0.28,645
73.854,16.67,0.13,0.98,0.41,3.31,0.00,644
73.871,16.66,0.13,0.99,1.74,3.30,0.27,645
73.888,16.68,0.12,1.01,0.42,3.29,0.00,646
73.904,16.67,0.13,0.99,1.70,3.30,0.28,647
73.921,16.67,0.13,1.00,0.40,3.33,0.00,646
73.938,16.66,0.13,0.99,7.43,3.34,5.95,645
73.954,16.66,0.13,1.02,0.43,3.33,0.00,643
73.971,16.69,0.11,0.99,1.72,3.32,0.28,641
73.988,16.65,0.12,0.98,0.41,3.33,0.00,640
74.004,16.67,0.13,1.00,1.70,3.32,0.28,636
74.021,16.68,0.11,1.00,0.40,3.34,0.00,634
74.038,16.65,0.13,0.99,1.69,3.33,0.28,631
74.054,16.66,0.12,0.80,0.43,3.33,0.00,630
74.071,16.68,0.14,0.84,7.45,3.32,5.91,628
74.088,16.66,0.14,0.85,0.46,3.30,0.00,627
74.104,16.70,0.13,0.83,1.76,3.31,0.27,627
74.121,16.64,0.14,0.83,0.45,3.31,0.00,627
74.138,16.66,0.12,0.82,1.71,3.33,0.26,624
74.154,16.67,0.13,0.80,0.39,3.33,0.00,624
74.171,16.69,0.11,0.81,1.72,3.33,0.27,624
74.188,16.67,0.13,0.81,0.42,3.32,0.00,624
74.204,16.66,0.13,0.83,7.50,3.30,5.95,624
74.221,16.68,0.14,0.85,0.43,3.31,0.00,626
74.238,16.66,0.13,0.80,1.71,3.33,0.27,626
74.254,16.67,0.12,0.82,0.41,3.34,0.00,629
74.271,16.69,0.13,0.85,1.79,3.32,0.27,631
74.288,16.65,0.14,0.85,0.48,3.31,0.00,632
74.304,16.67,0.13,0.84,1.76,3.31,0.28,631
74.321,16.66,0.13,0.83,0.41,3.30,0.00,632
74.338,16.68,0.11,0.81,7.39,3.32,5.93,632
74.354,16.65,0.13,0.85,0.42,3.31,0.00,632
74.371,16.67,0.13,0.82,1.76,3.30,0.27,636
74.388,16.67,0.12,0.82,0.40,3.30,0.00,638
74.404,16.67,0.12,0.82,1.71,3.29,0.27,636
74.421,16.66,0.15,1.10,0.45,3.29,0.00,692
74.438,16.69,0.13,1.10,1.96,4.20,0.46,694
74.454,16.65,0.14,1.11,0.43,4.21,0.00,694
74.471,16.67,0.14,1.10,7.49,4.18,5.95,689
74.488,16.70,0.13,1.14,0.47,4.18,0.00,689
74.504,16.63,0.15,1.13,1.78,4.18,0.27,690
74.521,16.77,0.14,1.15,0.48,4.18,0.00,688
74.538,16.57,0.14,1.14,1.76,4.15,0.27,687
74.554,16.67,0.15,1.15,0.50,4.17,0.00,691
74.571,16.66,0.14,1.14,1.74,4.17,0.27,694
74.588,16.68,0.13,1.16,0.46,4.19,0.00,688
74.604,16.67,0.14,1.15,7.45,4.17,5.91,687
74.621,16.67,0.16,1.17,0.51,4.19,0.00,683
74.638,16.66,0.15,1.14,1.76,4.22,0.28,683
74.654,16.67,0.14,1.14,0.41,4.23,0.00,678
74.671,16.67,0.14,1.15,1.71,4.21,0.27,672
74.688,16.69,0.13,1.16,0.40,4.21,0.00,663
74.704,16.65,0.14,1.14,1.73,4.19,0.26,659
74.721,16.70,0.13,1.12,0.41,3.84,0.00,659
74.738,16.65,0.12,1.13,7.42,3.87,5.92,659
74.754,16.66,0.13,1.14,0.45,3.87,0.00,661
74.771,16.68,0.15,1.17,1.78,3.85,0.28,663
74.788,16.66,0.13,1.15,0.46,3.86,0.00,663
74.804,16.67,0.14,1.13,1.74,3.87,0.28,659
74.821,16.66,0.17,1.18,0.45,3.88,0.00,658
74.838,16.68,0.14,1.16,1.75,3.34,0.28,659
74.854,16.66,0.13,1.15,0.46,3.34,0.00,658
74.871,16.67,0.15,1.17,7.56,3.33,6.03,658
74.888,16.68,0.13,1.17,0.44,3.35,0.00,662
74.904,16.65,0.13,1.14,1.75,3.35,0.28,663
74.921,16.68,0.13,1.14,0.40,3.37,0.00,665
74.938,16.66,0.14,1.14,1.71,3.40,0.27,665
74.954,16.67,0.13,1.14,0.41,3.41,0.00,666
74.971,16.67,0.13,1.13,1.70,3.40,0.27,664
74.988,16.67,0.14,1.14,0.39,3.43,0.00,663
75.004,16.66,0.13,1.14,7.43,3.42,5.94,663
75.021,16.77,0.13,1.16,0.43,3.42,0.00,663
75.038,16.59,0.13,1.17,1.74,3.47,0.27,664
75.054,16.66,0.14,1.15,0.45,3.49,0.00,663
75.071,16.67,0.13,1.14,1.72,3.47,0.28,664
75.088,16.67,0.13,1.14,0.42,3.49,0.00,665
75.105,16.69,0.12,1.14,1.72,3.48,0.28,665
75.121,16.65,0.16,1.18,0.50,3.50,0.00,667
75.138,16.67,0.14,1.15,7.38,3.53,5.88,666
75.155,16.72,0.12,1.15,0.41,3.54,0.00,664
75.171,16.61,0.13,1.07,1.73,3.53,0.28,663
75.188,16.69,0.13,1.07,0.42,3.56,0.00,662
75.205,16.65,0.13,1.06,1.70,3.54,0.28,662
75.221,16.67,0.13,1.06,0.40,3.56,0.00,663
75.238,16.66,0.13,1.06,1.71,3.54,0.28,664
75.255,16.67,0.12,1.05,0.39,3.66,0.00,665
75.271,16.68,0.12,1.05,7.43,3.66,5.95,668
75.288,16.66,0.13,1.08,0.43,3.69,0.00,666
75.305,16.68,0.14,1.08,1.76,3.70,0.28,668
75.321,16.66,0.12,1.08,0.42,3.71,0.00,668
75.338,16.69,0.14,1.19,2.11,3.70,0.64,677
75.355,16.66,0.12,1.13,0.40,3.65,0.00,678
75.371,16.67,0.14,1.14,1.77,3.67,0.28,679
75.388,16.66,0.13,1.12,0.40,3.67,0.00,682
75.405,16.67,0.14,1.10,7.34,3.69,5.84,682
75.421,16.67,0.13,1.15,0.49,3.69,0.00,684
75.438,16.66,0.13,1.12,1.77,3.69,0.28,685
75.455,16.67,0.13,1.11,0.49,3.73,0.00,683
75.471,16.66,0.12,1.11,1.75,3.73,0.27,683
75.488,16.68,0.13,1.12,0.45,3.72,0.00,684
75.505,16.66,0.12,1.10,1.75,3.72,0.28,690
75.521,16.67,0.13,1.11,0.45,3.72,0.00,691
75.538,16.67,0.13,1.10,7.49,3.70,5.95,692
75.555,16.68,0.12,1.15,0.50,3.74,0.00,692
75.571,16.65,0.13,1.11,1.75,3.72,0.27,691
75.588,16.69,0.13,1.02,0.47,3.72,0.00,691
75.605,16.65,0.12,1.00,1.76,3.70,0.28,693
75.621,16.67,0.27,1.16,0.44,3.72,0.00,709
75.638,16.73,0.09,0.88,1.32,3.85,0.21,713
75.655,16.59,0.11,1.16,0.40,3.93,0.00,713
75.671,16.67,0.13,1.14,7.33,3.90,5.84,713
75.688,16.68,0.14,1.19,0.46,3.89,0.00,711
75.705,16.67,0.13,1.13,1.74,3.87,0.27,711
75.721,16.66,0.13,1.15,0.41,3.88,0.00,711
75.738,16.67,0.15,1.17,1.74,3.86,0.27,711
75.755,16.66,0.13,1.15,0.43,3.87,0.00,711
75.771,16.68,0.13,1.12,1.73,3.86,0.28,709
75.788,16.65,0.13,1.14,0.43,3.85,0.00,707
75.805,16.71,0.12,1.16,7.67,3.84,6.12,707
75.821,16.62,0.08,0.65,0.34,3.83,0.00,705
75.838,16.69,0.15,1.19,1.83,3.81,0.28,702
75.855,16.65,0.14,1.17,0.47,3.83,0.00,702
75.871,16.69,0.13,1.15,1.76,3.82,0.28,705
75.888,16.65,0.10,0.85,0.31,3.81,0.00,702
75.905,16.66,0.09,0.85,1.69,3.81,0.25,700
75.921,16.68,0.13,1.13,0.43,3.81,0.00,696
75.938,16.67,0.14,1.13,7.64,3.39,6.12,696
75.955,16.68,0.14,1.16,0.46,3.41,0.00,696
75.971,16.65,0.14,1.09,1.80,3.41,0.28,694
75.988,16.67,0.13,1.08,0.47,3.40,0.00,694
76.005,16.67,0.13,1.05,1.75,3.39,0.28,693
76.021,16.67,0.13,1.07,0.43,3.40,0.00,693
76.038,16.67,0.16,1.40,2.47,3.38,1.01,749
76.055,16.67,0.14,1.42,0.40,4.35,0.00,749
76.071,16.68,0.15,1.43,7.53,4.32,6.00,747
76.088,16.66,0.14,1.43,0.42,4.32,0.00,744
76.105,16.69,0.14,1.38,1.72,4.29,0.27,744
76.121,16.64,0.15,1.43,0.46,4.29,0.00,741
76.138,16.70,0.17,1.43,1.80,4.27,0.27,737
76.155,16.64,0.16,1.42,0.44,4.27,0.00,735
76.171,16.68,0.16,1.45,1.75,4.26,0.27,735
76.188,16.65,0.14,1.42,0.39,4.25,0.00,733
76.205,16.67,0.15,1.38,7.36,4.24,5.87,730
76.221,16.70,0.15,1.45,0.44,4.22,0.00,728
76.238,16.64,0.16,1.41,1.75,4.20,0.27,723
76.255,16.67,0.14,1.39,0.40,4.22,0.00,719
76.271,16.68,0.14,1.40,1.70,4.21,0.27,716
76.288,16.66,0.14,1.40,0.40,4.19,0.00,714
76.305,16.67,0.13,1.41,1.73,4.17,0.27,703
76.321,16.66,0.15,1.37,0.48,4.13,0.00,692
76.338,16.67,0.14,1.34,7.48,4.14,5.99,678
76.355,16.68,0.15,1.36,0.42,4.11,0.00,653
76.371,16.67,0.13,1.35,1.74,4.17,0.27,633
76.388,16.66,0.15,1.06,0.47,4.13,0.00,608
76.405,16.66,0.14,1.04,1.70,4.10,0.27,597
76.421,16.67,0.14,1.05,0.42,4.05,0.00,543
76.438,16.66,0.15,1.02,1.71,3.98,0.26,394
76.455,16.69,0.16,1.07,0.51,3.14,0.00,395
76.471,16.65,0.15,1.04,7.37,3.14,5.88,395
76.488,16.67,0.15,1.06,0.43,3.14,0.00,395
76.505,16.66,0.14,1.01,1.70,3.13,0.28,395
76.521,16.68,0.14,1.03,0.40,3.14,0.00,395
76.538,16.66,0.14,1.03,1.70,3.13,0.28,393
76.555,16.67,0.14,1.02,0.38,3.12,0.00,394
76.571,16.67,0.14,1.04,1.72,3.15,0.28,394
76.588,16.69,0.14,1.02,0.38,3.14,0.00,394
76.605,16.66,0.14,1.01,7.48,3.13,6.00,394
76.621,16.67,0.15,1.05,0.42,3.13,0.00,394
76.638,16.67,0.14,1.04,1.75,3.13,0.28,391
76.655,16.67,0.14,1.01,0.39,3.13,0.00,392
76.671,16.68,0.13,1.01,1.70,3.15,0.28,392
76.688,16.70,0.13,1.01,0.39,3.16,0.00,390
76.705,16.62,0.14,1.00,1.69,3.13,0.28,388
76.721,16.67,0.14,1.00,0.39,3.14,0.00,385
76.738,16.67,0.14,1.02,7.32,3.12,5.84,382
76.755,16.67,0.14,1.02,0.44,3.12,0.00,382
76.771,16.68,0.15,1.03,1.78,3.12,0.28,382
76.788,16.65,0.14,1.01,0.42,3.12,0.00,382
76.805,16.66,0.14,1.00,1.70,3.12,0.28,382
76.821,16.68,0.14,1.01,0.43,3.13,0.00,382
76.838,16.67,0.13,0.97,1.70,3.12,0.28,381
76.855,16.74,0.13,1.01,0.43,2.85,0.00,380
76.871,16.66,0.14,1.00,7.56,2.87,6.04,379
76.888,16.60,0.14,1.00,0.41,2.87,0.00,377
76.905,16.67,0.14,0.97,1.69,2.87,0.28,375
76.921,16.65,0.13,0.97,0.40,2.87,0.00,375
76.938,16.67,0.13,0.98,1.74,2.87,0.28,373
76.955,16.67,0.13,0.98,0.39,2.87,0.00,373
76.971,16.68,0.12,0.97,1.69,2.90,0.28,373
76.988,16.65,0.13,0.97,0.39,2.90,0.00,373
77.005,16.67,0.13,0.97,7.29,2.90,5.83,371
77.021,16.66,0.14,1.01,0.42,2.89,0.00,371
77.038,16.66,0.13,0.96,1.70,2.88,0.28,371
77.055,16.68,0.14,0.96,0.39,2.88,0.00,371
77.071,16.68,0.14,0.96,1.74,2.90,0.28,371
77.088,16.67,0.12,0.96,0.40,2.91,0.00,371
77.105,16.65,0.13,0.95,1.68,2.90,0.28,370
77.121,16.67,0.13,0.96,0.37,2.89,0.00,370
77.138,16.67,0.13,0.97,7.45,2.89,5.97,370
77.155,16.68,0.12,0.98,0.42,2.88,0.00,369
77.171,16.65,0.13,0.96,1.71,2.90,0.28,369
77.188,16.68,0.13,0.96,0.40,2.90,0.00,368
77.205,16.67,0.13,0.96,1.68,2.89,0.28,368
77.221,16.66,0.13,0.96,0.39,2.88,0.00,368
77.238,16.69,0.12,0.95,1.70,2.87,0.28,367
77.255,16.66,0.13,0.96,0.40,2.88,0.00,367
77.271,16.67,0.14,0.99,7.37,2.89,5.86,367
77.288,16.71,0.13,0.97,0.43,2.88,0.00,367
77.305,16.71,0.15,0.95,1.80,2.87,0.28,367
77.321,16.59,0.14,0.94,0.46,2.86,0.00,367
77.338,16.67,0.13,0.92,1.73,2.85,0.28,366
77.355,16.67,0.14,0.93,0.40,2.86,0.00,365
77.371,16.66,0.14,0.92,1.71,2.87,0.28,365
77.388,16.69,0.15,0.94,0.45,2.87,0.00,365
77.405,16.65,0.13,0.92,7.43,2.86,5.96,365
77.421,16.68,0.14,0.94,0.42,2.86,0.00,365
77.438,16.67,0.13,0.91,1.71,2.84,0.27,365
77.455,16.68,0.11,0.90,0.38,2.86,0.00,362
77.471,16.65,0.14,0.92,1.72,2.84,0.27,362
77.488,16.67,0.12,0.92,0.40,2.88,0.00,362
77.505,16.66,0.13,0.92,1.73,2.86,0.28,362
77.521,16.67,0.13,0.89,0.40,2.85,0.00,362
77.538,16.66,0.13,0.86,7.29,2.85,5.82,359
77.555,16.68,0.13,0.90,0.44,2.55,0.00,357
77.571,16.66,0.13,0.86,1.74,2.53,0.27,357
77.588,16.66,0.12,0.80,0.40,2.56,0.00,355
77.605,16.67,0.13,0.80,1.71,2.56,0.27,355
77.621,16.67,0.25,0.91,0.39,2.54,0.00,370
77.638,16.66,0.13,0.90,1.72,2.63,0.27,381
77.655,16.67,0.12,0.90,0.38,2.75,0.00,379
77.671,16.70,0.12,0.91,7.58,2.75,6.09,382
77.688,16.66,0.14,0.96,0.43,2.79,0.00,469
77.705,16.67,0.12,0.92,1.70,2.88,0.27,489
77.721,16.66,0.13,0.94,0.42,2.91,0.00,511
77.738,16.66,0.13,0.93,1.70,2.95,0.28,505
77.755,16.68,0.13,0.94,0.38,2.95,0.00,503
77.771,16.66,0.13,0.94,1.69,2.94,0.28,503
77.788,16.69,0.12,0.95,0.43,2.98,0.00,490
77.805,16.65,0.13,0.91,7.31,2.97,5.84,489
77.821,16.68,0.13,0.96,0.44,2.96,0.00,489
77.838,16.65,0.13,0.93,1.70,2.96,0.28,484
77.855,16.70,0.12,0.92,0.40,2.95,0.00,482
77.871,16.66,0.13,0.94,1.71,2.95,0.28,486
77.888,16.67,0.13,0.95,0.42,2.96,0.00,485
77.905,16.65,0.14,0.95,1.72,2.95,0.27,478
77.921,16.67,0.14,0.94,0.38,2.94,0.00,478
77.938,16.68,0.12,0.95,7.44,2.94,5.97,479
77.955,16.65,0.13,0.97,0.42,2.94,0.00,469
77.971,16.69,0.12,0.93,1.69,2.93,0.28,467
77.988,16.67,0.12,0.93,0.39,2.95,0.00,460
78.005,16.66,0.13,0.73,1.71,2.93,0.26,459
78.021,16.66,0.13,0.73,0.38,2.93,0.00,457
78.038,16.68,0.12,0.72,1.70,2.91,0.27,454
78.055,16.65,0.12,0.73,0.38,2.91,0.00,450
78.071,16.67,0.14,0.74,7.34,2.90,5.84,449
78.088,16.67,0.13,0.76,0.40,2.91,0.00,442
78.105,16.66,0.12,0.72,1.71,2.89,0.27,440
78.121,16.67,0.13,0.74,0.39,2.87,0.00,433
78.138,16.67,0.13,0.74,1.74,2.84,0.27,421
78.155,16.66,0.12,0.72,0.38,2.83,0.00,396
78.171,16.67,0.13,0.68,1.69,2.79,0.27,351
78.188,16.68,0.11,0.69,0.40,2.68,0.00,351
78.205,16.68,0.11,0.69,7.42,2.66,5.94,351
78.221,16.68,0.13,0.71,0.42,2.64,0.00,351
78.238,16.64,0.13,0.68,1.74,2.61,0.27,351
78.255,16.67,0.12,0.70,0.38,2.61,0.00,350
78.271,16.69,0.13,0.70,1.76,2.56,0.27,349
78.288,16.65,0.13,0.69,0.43,2.60,0.00,347
78.305,16.67,0.13,0.70,1.74,2.58,0.27,345
78.321,16.67,0.13,0.68,0.41,2.58,0.00,345
78.338,16.66,0.12,0.69,7.33,2.55,5.85,345
78.355,16.68,0.13,0.72,0.42,2.56,0.00,344
78.371,16.66,0.13,0.70,1.71,2.53,0.27,343
78.388,16.67,0.13,0.69,0.42,2.56,0.00,343
78.405,16.67,0.13,0.67,1.70,2.53,0.27,343
78.421,16.67,0.12,0.70,0.39,2.53,0.00,343
78.438,16.67,0.13,0.67,1.70,2.51,0.26,343
78.455,16.66,0.12,0.68,0.37,2.53,0.00,343
78.471,16.69,0.12,0.69,7.37,2.48,5.90,341
78.488,16.66,0.13,0.71,0.41,2.52,0.00,341
78.505,16.66,0.13,0.70,1.73,2.48,0.27,340
78.521,16.67,0.12,0.69,0.39,2.49,0.00,340
78.538,16.75,0.11,0.67,1.70,2.48,0.27,340
78.555,16.59,0.12,0.70,0.39,2.48,0.00,340
78.571,16.66,0.13,0.68,1.72,2.46,0.27,338
78.588,16.66,0.16,0.99,0.38,2.50,0.00,395
78.605,16.67,0.15,1.00,7.53,3.33,6.05,523
78.621,16.68,0.16,1.04,0.44,3.54,0.00,546
78.638,16.67,0.15,1.03,1.76,3.58,0.28,566
78.655,16.67,0.14,1.03,0.40,3.62,0.00,583
78.671,16.66,0.15,1.02,1.71,3.63,0.28,591
78.688,16.69,0.15,1.04,0.40,3.65,0.00,597
78.705,16.67,0.13,1.06,1.70,3.66,0.28,607
78.722,16.74,0.14,1.07,0.44,3.70,0.00,620
78.738,16.58,0.14,1.06,7.38,3.72,5.91,630
78.755,16.68,0.16,1.09,0.44,3.76,0.00,639
78.771,16.66,0.14,1.07,1.70,3.77,0.28,641
78.788,16.68,0.15,1.07,0.41,3.83,0.00,647
78.805,16.67,0.15,1.08,1.72,3.85,0.28,653
78.822,16.82,0.14,1.13,0.46,3.88,0.00,658
78.838,16.52,0.15,1.08,1.70,3.88,0.28,662
78.855,16.70,0.13,1.09,0.42,3.90,0.00,668
78.871,16.64,0.14,1.08,7.31,3.90,5.82,672
78.888,16.68,0.16,1.11,0.45,3.92,0.00,675
78.905,16.65,0.16,1.11,1.76,3.95,0.28,675
78.921,16.67,0.14,1.09,0.41,3.95,0.00,678
78.938,16.69,0.13,1.08,1.74,3.95,0.28,682
78.955,16.66,0.12,1.09,0.45,3.97,0.00,687
78.972,16.67,0.13,1.09,1.76,3.98,0.28,688
78.988,16.65,0.14,1.09,0.45,3.99,0.00,687
79.005,16.67,0.14,1.08,7.57,3.43,6.02,690
79.022,16.67,0.15,1.11,0.48,3.44,0.00,691
79.038,16.66,0.14,1.07,1.77,3.44,0.28,691
79.055,16.67,0.13,1.09,0.44,3.44,0.00,691
79.072,16.69,0.12,1.09,1.78,3.43,0.27,691
79.088,16.65,0.14,1.10,0.46,3.43,0.00,692
79.105,16.65,0.12,1.08,1.76,3.51,0.28,693
79.122,16.67,0.14,1.08,0.44,3.52,0.00,693
79.138,16.68,0.14,1.13,7.35,3.52,5.84,699
79.155,16.66,0.16,1.15,0.45,3.53,0.00,703
79.172,16.68,0.12,1.12,1.73,3.55,0.28,702
79.188,16.68,0.13,1.12,0.42,3.56,0.00,704
79.205,16.65,0.15,1.14,1.75,3.55,0.28,704
79.222,16.68,0.14,1.15,0.44,3.56,0.00,704
79.238,16.65,0.14,1.13,1.73,3.57,0.28,702
79.255,16.68,0.12,1.13,0.41,3.58,0.00,703
79.272,16.66,0.13,1.12,7.47,3.57,5.95,703
79.288,16.67,0.17,1.28,0.45,3.57,0.00,709
79.305,16.75,0.13,1.21,2.17,3.59,0.64,710
79.322,16.61,0.15,1.24,0.54,3.60,0.00,710
79.338,16.65,0.15,1.20,1.76,3.61,0.28,711
79.355,16.67,0.14,1.18,0.42,3.64,0.00,712
79.372,16.68,0.13,1.17,1.71,3.66,0.28,713
79.388,16.66,0.14,1.20,0.47,3.68,0.00,714
79.405,16.67,0.14,1.19,7.43,3.71,5.92,714
79.422,16.67,0.14,1.23,0.46,3.72,0.00,714
79.438,16.68,0.13,1.18,1.72,3.72,0.28,714
79.455,16.66,0.14,1.19,0.44,3.73,0.00,714
79.472,16.68,0.12,1.18,1.73,3.74,0.28,713
79.488,16.66,0.14,1.18,0.41,3.75,0.00,715
79.505,16.67,0.12,1.19,1.73,3.78,0.27,716
79.522,16.66,0.13,1.17,0.39,3.79,0.00,715
79.538,16.67,0.14,1.19,7.52,3.78,5.99,714
79.555,16.67,0.14,1.21,0.45,3.79,0.00,712
79.572,16.66,0.13,1.18,1.76,3.79,0.27,711
79.588,16.68,0.14,1.09,0.44,3.79,0.00,711
79.605,16.66,0.13,1.09,1.74,3.84,0.27,710
79.622,16.67,0.27,1.15,0.41,3.84,0.00,730
79.638,16.69,0.15,1.15,1.75,4.00,0.28,741
79.655,16.65,0.13,1.14,0.41,4.12,0.00,738
79.672,16.67,0.12,1.14,7.33,4.11,5.84,738
79.688,16.68,0.14,1.17,0.46,4.11,0.00,737
79.705,16.65,0.14,1.13,1.73,4.12,0.28,738
79.722,16.68,0.12,1.21,0.42,4.15,0.00,738
79.738,16.64,0.13,1.14,1.72,4.12,0.28,738
79.755,16.68,0.13,1.13,0.40,4.13,0.00,739
79.772,16.66,0.13,1.13,1.75,4.11,0.28,739
79.788,16.67,0.13,1.12,0.41,4.12,0.00,737
79.805,16.67,0.14,1.11,7.44,4.10,5.93,736
79.822,16.69,0.13,1.13,0.46,4.12,0.00,736
79.838,16.64,0.14,1.14,1.76,4.12,0.28,736
79.855,16.67,0.13,1.12,0.42,4.10,0.00,733
79.872,16.66,0.13,1.11,1.71,4.09,0.28,733
79.888,16.67,0.12,1.10,0.46,4.08,0.00,732
79.905,16.67,0.15,1.10,1.72,4.07,0.28,732
79.922,16.66,0.12,1.10,0.41,4.10,0.00,730
79.938,16.67,0.14,1.11,7.40,4.08,5.89,730
79.955,16.68,0.13,1.13,0.42,4.07,0.00,729
79.972,16.67,0.13,1.09,1.71,4.05,0.28,729
79.988,16.69,0.12,1.10,0.42,4.04,0.00,728
80.005,16.65,0.13,1.09,1.70,4.02,0.28,727
80.022,16.67,0.12,1.10,0.41,4.03,0.00,727
80.038,16.65,0.13,1.12,1.75,4.01,0.27,726
80.055,16.67,0.13,1.09,0.42,4.01,0.00,725
80.072,16.68,0.14,1.08,7.61,3.98,6.09,725
80.088,16.65,0.13,1.11,0.44,3.98,0.00,722
80.105,16.67,0.14,1.06,1.75,3.51,0.28,722
80.122,16.67,0.13,1.09,0.42,3.54,0.00,722
80.138,16.75,0.12,1.11,1.74,3.50,0.27,721
80.155,16.59,0.13,1.09,0.42,3.49,0.00,720
80.172,16.66,0.13,1.06,1.70,3.48,0.26,720
80.188,16.67,0.13,1.06,0.40,3.46,0.00,720
80.205,16.66,0.13,1.06,7.31,3.44,5.81,719
80.222,16.68,0.12,1.10,0.44,3.45,0.00,720
80.238,16.66,0.14,1.07,1.69,3.44,0.25,719
80.255,16.68,0.13,1.08,0.40,3.43,0.00,717
80.272,16.66,0.13,1.05,1.67,3.42,0.25,715
80.288,16.67,0.13,1.07,0.43,3.42,0.00,715
80.305,16.66,0.13,1.05,1.67,3.40,0.25,713
80.322,16.76,0.12,1.09,0.43,3.42,0.00,712
80.338,16.58,0.15,1.08,7.59,3.42,6.02,712
80.355,16.67,0.14,1.08,0.44,3.39,0.00,712
80.372,16.66,0.13,1.04,1.69,3.39,0.25,712
80.388,16.67,0.13,1.05,0.44,3.39,0.00,710
80.405,16.67,0.14,1.06,1.72,3.36,0.25,707
80.422,16.68,0.14,1.06,0.45,3.39,0.00,705
80.438,16.65,0.13,1.05,1.68,3.38,0.25,704
80.455,16.70,0.12,1.06,0.43,3.38,0.00,702
80.472,16.64,0.13,1.05,7.32,3.37,5.82,699
80.488,16.68,0.14,1.06,0.46,3.35,0.00,696
80.505,16.66,0.13,0.99,1.73,3.34,0.25,690
80.522,16.67,0.12,1.00,0.45,3.36,0.00,684
80.538,16.68,0.12,0.99,1.68,3.35,0.25,680
80.555,16.65,0.13,0.76,0.40,3.33,0.00,633
80.572,16.69,0.11,0.75,1.68,3.27,0.24,631
80.588,16.66,0.13,0.75,0.44,3.26,0.00,631
80.605,16.66,0.17,0.92,7.96,3.24,6.42,684
80.622,16.71,0.13,0.93,0.46,4.15,0.00,684
80.638,16.64,0.16,0.94,1.74,4.13,0.25,682
80.655,16.66,0.15,0.93,0.44,4.10,0.00,678
80.672,16.66,0.14,0.90,1.67,4.10,0.24,673
80.688,16.68,0.15,0.94,0.42,4.08,0.00,669
80.705,16.66,0.15,0.91,1.70,4.07,0.26,665
80.722,16.68,0.13,0.91,0.39,4.15,0.00,661
80.738,16.65,0.14,0.93,7.33,4.10,5.84,649
80.755,16.67,0.15,0.95,0.43,4.08,0.00,634
80.772,16.66,0.14,0.92,1.68,4.07,0.23,655
80.788,16.69,0.13,0.91,0.40,4.08,0.00,644
80.805,16.65,0.14,0.89,1.66,3.75,0.22,637
80.822,16.69,0.13,0.90,0.40,3.72,0.00,628
80.838,16.64,0.14,0.90,1.69,3.69,0.24,619
80.855,16.68,0.14,0.92,0.44,3.65,0.00,611
80.872,16.67,0.13,0.89,7.40,3.64,5.91,594
80.888,16.69,0.14,0.92,0.40,3.59,0.00,583
80.905,16.64,0.14,0.90,1.73,3.56,0.24,569
80.922,16.67,0.14,0.89,0.40,3.52,0.00,558
80.938,16.66,0.13,0.91,1.67,3.53,0.24,546
80.955,16.74,0.12,0.92,0.41,3.49,0.00,531
80.972,16.60,0.15,0.91,1.72,3.44,0.24,512
80.988,16.68,0.13,0.91,0.45,3.41,0.00,481
81.005,16.66,0.14,0.89,7.36,3.36,5.86,374
81.022,16.67,0.14,0.90,0.40,2.59,0.00,375
81.038,16.66,0.14,0.88,1.70,2.60,0.24,375
81.055,16.67,0.13,0.90,0.42,2.60,0.00,373
81.072,16.66,0.14,0.89,1.69,2.59,0.24,373
81.088,16.68,0.14,0.90,0.43,2.58,0.00,373
81.105,16.65,0.13,0.88,1.67,2.56,0.24,372
81.122,16.67,0.13,0.86,0.39,2.56,0.00,373
81.138,16.66,0.13,0.87,7.46,2.57,5.96,373
81.155,16.71,0.13,0.89,0.40,2.57,0.00,371
81.172,16.63,0.13,0.87,1.67,2.57,0.24,370
81.188,16.67,0.13,0.88,0.39,2.58,0.00,370
81.205,16.67,0.14,0.87,1.67,2.53,0.24,369
81.222,16.66,0.13,0.86,0.40,2.57,0.00,367
81.238,16.67,0.13,0.86,1.67,2.58,0.24,365
81.255,16.66,0.13,0.82,0.39,2.60,0.00,365
81.272,16.67,0.13,0.82,7.31,2.59,5.82,365
81.288,16.68,0.13,0.85,0.42,2.59,0.00,365
81.305,16.66,0.14,0.84,1.68,2.57,0.24,365
81.322,16.67,0.13,0.83,0.38,2.59,0.00,363
81.338,16.67,0.15,0.83,1.73,2.62,0.24,363
81.355,16.67,0.14,0.85,0.46,2.61,0.00,362
81.372,16.66,0.14,0.82,1.71,2.61,0.24,362
81.388,16.66,0.13,0.81,0.39,2.62,0.00,361
81.405,16.67,0.14,0.82,7.41,2.61,5.91,360
81.422,16.67,0.12,0.84,0.41,2.62,0.00,359
81.438,16.67,0.13,0.80,1.66,2.61,0.24,358
81.455,16.67,0.12,0.81,0.38,2.66,0.00,358
81.472,16.69,0.12,0.80,1.67,2.63,0.24,358
81.488,16.65,0.12,0.81,0.39,2.66,0.00,358
81.505,16.68,0.12,0.82,1.66,2.64,0.24,358
81.522,16.66,0.13,0.83,0.39,2.63,0.00,358
81.538,16.66,0.14,0.81,7.29,2.67,5.83,356
81.555,16.70,0.12,0.84,0.43,2.68,0.00,356
81.572,16.64,0.13,0.82,1.69,2.65,0.24,356
81.588,16.67,0.14,0.77,0.43,2.66,0.00,354
81.605,16.67,0.13,0.75,1.69,2.66,0.24,354
81.622,16.66,0.26,0.84,0.41,2.66,0.00,368
81.638,16.67,0.13,0.83,1.67,2.74,0.24,377
81.655,16.67,0.14,0.83,0.40,2.88,0.00,377
81.672,16.67,0.13,0.84,8.11,2.86,6.63,377
81.688,16.69,0.12,0.85,0.41,2.86,0.00,374
81.705,16.66,0.12,0.83,1.67,2.84,0.24,374
81.722,16.67,0.12,0.85,0.41,2.86,0.00,373
81.738,16.65,0.13,0.83,1.70,2.86,0.24,372
81.755,16.70,0.12,0.83,0.38,2.86,0.00,371
81.772,16.63,0.13,0.83,1.69,2.85,0.26,369
81.788,16.67,0.13,0.84,0.37,2.86,0.00,368
81.805,16.68,0.12,0.83,7.29,2.84,5.82,368
81.822,16.68,0.12,0.86,0.40,2.83,0.00,367
81.838,16.65,0.13,0.83,1.73,2.85,0.27,366
81.855,16.66,0.12,0.84,0.38,2.85,0.00,366
81.872,16.67,0.14,0.85,1.78,2.83,0.27,366
81.888,16.67,0.13,0.85,0.41,2.84,0.00,364
81.905,16.67,0.13,0.83,1.73,2.83,0.27,363
81.922,16.66,0.12,0.85,0.39,2.83,0.00,361
81.938,16.68,0.13,0.83,7.48,2.83,6.00,361
81.955,16.66,0.13,0.87,0.42,2.84,0.00,361
81.972,16.68,0.13,0.86,1.75,2.84,0.27,361
81.988,16.66,0.12,0.85,0.39,2.84,0.00,360
82.005,16.66,0.13,0.82,1.71,2.84,0.27,358
82.022,16.66,0.12,0.85,0.38,2.84,0.00,356
82.038,16.67,0.13,0.84,1.70,2.82,0.27,356
82.055,16.67,0.12,0.86,0.38,2.86,0.00,356
82.072,16.67,0.13,0.87,7.49,2.85,6.00,356
82.088,16.68,0.15,0.87,0.44,2.85,0.00,348
82.105,16.66,0.13,0.82,1.73,2.85,0.27,347
82.122,16.68,0.13,0.83,0.47,2.60,0.00,346
82.138,16.66,0.15,0.85,1.93,2.59,0.43,351
82.155,16.67,0.12,0.85,0.47,2.62,0.00,411
82.172,16.69,0.12,0.85,1.79,2.68,0.27,418
82.188,16.68,0.14,0.88,0.49,2.68,0.00,428
82.205,16.64,0.12,0.88,7.66,2.71,6.11,427
82.222,16.77,0.12,0.88,0.49,2.69,0.00,425
82.238,16.57,0.15,0.86,1.79,2.70,0.27,424
82.255,16.69,0.13,0.86,0.50,2.70,0.00,421
82.272,16.71,0.13,0.86,1.82,2.69,0.27,418
82.288,16.64,0.17,0.88,0.49,2.69,0.00,409
82.305,16.65,0.13,0.88,1.82,2.70,0.27,409
82.322,16.65,0.10,0.64,0.40,2.70,0.00,407
82.338,16.68,0.15,0.87,7.53,2.70,5.99,406
82.355,16.65,0.14,0.89,0.46,2.71,0.00,406
82.372,16.69,0.14,0.88,1.81,2.70,0.27,402
82.389,16.71,0.14,0.87,0.49,2.71,0.00,401
82.405,16.60,0.15,0.86,1.79,2.70,0.27,401
82.422,16.70,0.14,0.88,0.51,2.69,0.00,392
82.438,16.64,0.14,0.87,1.82,2.68,0.27,390
82.455,16.68,0.12,0.84,0.48,2.71,0.00,384
82.472,16.70,0.13,0.87,7.14,2.69,5.93,384
82.488,16.65,0.13,0.87,0.47,2.68,0.00,384
82.505,16.64,0.10,0.65,1.37,2.67,0.20,383
82.522,16.65,0.06,0.44,0.28,2.66,0.00,383
82.539,16.73,0.10,0.57,1.48,2.64,0.23,420
82.555,16.67,0.08,0.58,0.30,3.43,0.00,498
82.572,16.61,0.08,0.51,1.05,3.58,0.15,517
82.589,16.73,0.08,0.50,0.30,3.59,0.00,525
82.605,16.68,0.08,0.53,7.31,3.60,5.74,531
82.622,16.61,0.09,0.54,0.37,3.60,0.00,535
82.638,16.67,0.08,0.49,1.11,3.61,0.14,540
82.655,16.68,0.08,0.49,0.34,3.58,0.00,545
82.672,16.65,0.07,0.33,0.67,3.60,0.09,550
82.688,16.66,0.08,0.51,0.34,3.62,0.00,607
82.705,16.71,0.07,0.48,1.23,3.68,0.14,614
82.722,16.63,0.08,0.50,0.29,3.71,0.00,619
82.738,16.66,0.07,0.48,7.42,3.73,5.96,621
82.755,16.67,0.07,0.51,0.25,3.73,0.00,627
82.772,16.67,0.07,0.46,1.21,3.73,0.14,634
82.789,16.81,0.09,0.51,0.35,3.72,0.00,638
82.805,16.60,0.08,0.52,1.09,3.75,0.14,642
82.822,16.62,0.13,0.74,0.42,3.74,0.00,643
82.839,16.66,0.13,0.75,1.37,3.74,0.20,645
82.855,16.66,0.12,0.72,0.39,3.77,0.00,646
82.872,16.66,0.10,0.73,7.59,3.78,6.08,653
82.889,16.68,0.10,0.73,0.39,3.79,0.00,656
82.905,16.66,0.12,0.73,1.55,3.79,0.20,661
82.922,16.66,0.11,0.71,0.34,3.79,0.00,663
82.939,16.74,0.12,0.78,1.35,3.79,0.21,665
82.955,16.60,0.10,0.71,0.33,3.26,0.00,664
82.972,16.70,0.10,0.74,1.60,3.25,0.20,665
82.989,16.64,0.09,0.71,0.34,3.24,0.00,664
83.005,16.67,0.09,0.70,7.20,3.25,5.70,665
83.022,16.66,0.12,0.73,0.36,3.26,0.00,664
83.039,16.67,0.10,0.72,1.53,3.24,0.20,663
83.055,16.66,0.11,0.72,0.36,3.24,0.00,662
83.072,16.68,0.11,0.73,1.53,3.28,0.20,663
83.089,16.67,0.09,0.70,0.33,3.28,0.00,664
83.105,16.66,0.09,0.72,1.38,3.27,0.20,662
83.122,16.67,0.09,0.71,0.40,3.28,0.00,663
83.139,16.66,0.10,0.71,7.21,3.29,5.70,663
83.155,16.68,0.10,0.74,0.41,3.28,0.00,666
83.172,16.66,0.11,0.71,1.50,3.31,0.20,665
83.189,16.69,0.14,0.97,0.48,3.32,0.00,667
83.205,16.66,0.14,0.97,1.82,3.32,0.28,667
83.222,16.66,0.13,0.95,0.46,3.32,0.00,667
83.239,16.69,0.15,1.00,1.86,3.32,0.28,664
83.255,16.66,0.14,0.96,0.47,3.33,0.00,664
83.272,16.66,0.14,0.97,7.62,3.36,6.08,664
83.289,16.69,0.14,0.99,0.51,3.36,0.00,664
83.305,16.64,0.14,0.98,1.85,3.35,0.27,666
83.322,16.69,0.13,1.07,0.54,3.36,0.00,663
83.339,16.67,0.13,0.98,1.79,3.36,0.28,659
83.355,16.67,0.14,0.97,0.50,3.34,0.00,660
83.372,16.68,0.14,0.94,1.76,3.37,0.28,659
83.389,16.65,0.12,0.97,0.51,3.38,0.00,659
83.405,16.68,0.15,0.97,7.50,3.36,5.96,659
83.422,16.66,0.14,0.98,0.51,3.37,0.00,659
83.439,16.70,0.14,0.97,1.81,3.36,0.27,657
83.455,16.61,0.14,0.97,0.50,3.34,0.00,658
83.472,16.69,0.12,1.00,1.82,3.37,0.27,658
83.489,16.65,0.14,0.97,0.49,3.36,0.00,656
83.505,16.68,0.13,1.01,1.81,3.35,0.28,656
83.522,16.66,0.13,0.93,0.44,3.34,0.00,656
83.539,16.75,0.12,0.95,7.89,3.33,6.32,656
83.555,16.62,0.31,1.17,0.57,3.30,0.00,663
83.572,16.64,0.16,1.04,2.19,3.31,0.66,664
83.589,16.66,0.12,0.97,0.47,3.32,0.00,665
83.605,16.66,0.14,0.97,1.77,3.31,0.28,665
83.622,16.70,0.26,1.03,0.46,3.32,0.00,679
83.639,16.63,0.14,1.05,1.80,3.45,0.28,691
83.655,16.67,0.15,1.04,0.52,3.60,0.00,690
83.672,16.69,0.12,1.03,7.59,3.60,6.02,688
83.689,16.67,0.14,1.05,0.48,3.60,0.00,689
83.705,16.65,0.14,1.03,1.78,3.59,0.28,689
83.722,16.66,0.14,1.03,0.50,3.60,0.00,687
83.739,16.67,0.13,1.01,1.80,3.59,0.28,688
83.755,16.68,0.13,1.01,0.50,3.60,0.00,685
83.772,16.67,0.13,1.00,1.74,3.60,0.28,684
83.789,16.66,0.14,1.06,0.49,3.61,0.00,683
83.805,16.67,0.14,1.02,7.58,3.61,6.02,683
83.822,16.67,0.14,1.06,0.44,3.60,0.00,682
83.839,16.66,0.13,1.02,1.71,3.61,0.28,680
83.855,16.68,0.14,1.03,0.42,3.61,0.00,679
83.872,16.66,0.14,1.05,1.79,3.62,0.28,679
83.889,16.74,0.10,0.81,0.42,3.61,0.00,680
83.905,16.75,0.13,1.08,1.79,3.62,0.27,681
83.922,16.54,0.12,1.06,0.47,3.63,0.00,681
83.939,16.64,0.13,1.02,7.50,3.64,5.97,682
83.955,16.67,0.21,1.07,0.45,3.64,0.00,680
83.972,16.67,0.13,1.05,1.75,3.67,0.28,678
83.989,16.76,0.12,1.03,0.44,3.67,0.00,678
84.005,16.58,0.13,1.03,1.73,3.67,0.28,678
84.022,16.67,0.13,1.04,0.42,3.67,0.00,678
84.039,16.68,0.12,1.00,1.71,3.69,0.28,676
84.055,16.65,0.14,1.01,0.45,3.42,0.00,676
84.072,16.66,0.13,1.00,7.65,3.45,6.13,676
84.089,16.68,0.13,1.05,0.44,3.46,0.00,675
84.105,16.68,0.13,1.01,1.75,3.45,0.28,674
84.122,16.67,0.13,1.03,0.47,3.43,0.00,672
84.139,16.67,0.13,1.02,2.01,3.41,0.28,672
84.155,16.67,0.14,1.01,0.44,3.42,0.00,672
84.172,16.64,0.10,0.77,1.36,3.41,0.20,670
84.189,16.70,0.13,1.02,0.46,3.41,0.00,672
84.205,16.65,0.14,1.03,7.44,3.41,5.93,672
84.222,16.69,0.12,1.02,0.44,3.41,0.00,671
84.239,16.64,0.13,0.98,1.73,3.40,0.26,671
84.255,16.68,0.13,0.99,0.39,3.39,0.00,668
84.272,16.66,0.13,0.99,1.68,3.38,0.25,668
84.289,16.67,0.12,1.00,0.40,3.41,0.00,668
84.305,16.67,0.12,0.99,1.69,3.40,0.25,667
84.322,16.68,0.11,0.99,0.40,3.40,0.00,664
84.339,16.66,0.13,1.00,7.41,3.38,5.89,663
84.355,16.67,0.11,1.02,0.46,3.36,0.00,660
84.372,16.66,0.13,0.97,1.69,3.36,0.25,660
84.389,16.70,0.11,0.98,0.40,3.39,0.00,660
84.405,16.63,0.13,1.00,1.71,3.37,0.24,658
84.422,16.67,0.13,0.99,0.39,3.37,0.00,657
84.439,16.70,0.14,1.02,1.77,3.35,0.24,657
84.455,16.65,0.13,1.01,0.46,3.36,0.00,654
84.472,16.67,0.13,0.98,7.35,3.34,5.85,652
84.489,16.66,0.13,1.00,0.46,3.35,0.00,649
84.505,16.67,0.12,0.79,1.68,3.34,0.24,649
84.522,16.67,0.13,0.78,0.41,3.34,0.00,648
84.539,16.66,0.13,0.78,1.68,3.33,0.24,648
84.555,16.67,0.12,0.79,0.40,3.32,0.00,647
84.572,16.68,0.11,0.78,1.69,3.30,0.24,647
84.589,16.74,0.12,0.81,0.42,3.33,0.00,650
84.605,16.58,0.13,0.78,7.48,3.31,5.98,650
84.622,16.68,0.13,0.81,0.42,3.30,0.00,652
84.639,16.67,0.12,0.77,1.71,3.29,0.24,653
84.655,16.67,0.13,0.78,0.39,3.29,0.00,653
84.672,16.67,0.17,1.03,1.89,3.28,0.41,709
84.689,16.71,0.13,1.00,0.41,4.16,0.00,711
84.705,16.62,0.14,0.99,1.69,4.15,0.25,710
84.722,16.70,0.13,0.99,0.43,4.15,0.00,706
84.739,16.66,0.14,1.00,7.55,4.13,6.02,705
84.755,16.66,0.15,1.04,0.51,4.12,0.00,703
84.772,16.66,0.17,1.02,1.84,4.11,0.24,702
84.789,16.68,0.16,1.03,0.52,4.14,0.00,701
84.805,16.65,0.15,1.00,1.79,4.13,0.24,699
84.822,16.68,0.15,1.01,0.46,4.14,0.00,705
84.839,16.67,0.13,1.00,1.73,4.14,0.24,703
84.855,16.67,0.15,0.99,0.48,4.16,0.00,701
84.872,16.64,0.15,0.99,7.64,4.14,6.13,699
84.889,16.69,0.15,1.02,0.46,4.14,0.00,696
84.905,16.66,0.14,0.96,1.75,4.13,0.25,695
84.922,16.67,0.14,0.96,0.49,4.11,0.00,691
84.939,16.67,0.13,0.93,1.77,4.11,0.26,686
84.955,16.67,0.14,0.96,0.47,4.10,0.00,685
84.972,16.67,0.14,0.96,1.70,4.12,0.25,680
84.989,16.66,0.13,0.97,0.42,4.10,0.00,677
85.005,16.67,0.13,0.93,7.35,4.09,5.85,673
85.022,16.70,0.12,0.96,0.45,4.07,0.00,670
85.039,16.64,0.13,0.92,1.70,4.07,0.24,668
85.055,16.67,0.14,0.94,0.43,4.04,0.00,664
85.072,16.66,0.14,0.94,1.74,3.70,0.25,662
85.089,16.67,0.13,0.92,0.40,3.11,0.00,663
85.105,16.67,0.15,0.94,1.76,3.09,0.24,662
85.122,16.66,0.13,0.91,0.40,3.09,0.00,661
85.139,16.67,0.13,0.92,7.44,3.08,5.95,659
85.155,16.68,0.14,0.94,0.42,3.07,0.00,659
85.172,16.67,0.13,0.92,1.73,3.09,0.24,656
85.189,16.66,0.12,0.93,0.40,3.08,0.00,652
85.205,16.66,0.13,0.92,1.69,3.07,0.24,647
85.222,16.68,0.13,0.92,0.39,3.06,0.00,643
85.239,16.66,0.12,0.92,1.68,3.04,0.24,640
85.255,16.67,0.13,0.91,0.42,3.03,0.00,638
85.272,16.77,0.12,0.91,7.34,3.05,5.85,633
85.289,16.57,0.13,0.94,0.41,3.04,0.00,632
85.305,16.67,0.12,0.90,1.68,3.02,0.24,631
85.322,16.66,0.12,0.91,0.39,3.03,0.00,631
85.339,16.67,0.12,0.90,1.67,3.01,0.24,628
85.355,16.68,0.13,0.92,0.44,3.00,0.00,628
85.372,16.66,0.13,0.88,1.68,3.01,0.24,626
85.389,16.67,0.13,0.91,0.38,3.01,0.00,623
85.405,16.67,0.13,0.91,7.51,3.00,6.02,621
85.422,16.67,0.14,0.94,0.42,3.00,0.00,620
85.439,16.67,0.14,0.97,1.74,2.97,0.25,620
85.455,16.69,0.14,0.94,0.48,2.99,0.00,616
85.472,16.65,0.14,0.91,1.71,2.99,0.24,614
85.489,16.69,0.11,0.89,0.43,2.99,0.00,607
85.505,16.64,0.13,0.90,1.71,2.97,0.24,607
85.522,16.67,0.13,0.84,0.40,2.98,0.00,600
85.539,16.66,0.13,0.82,7.28,2.96,5.82,603
85.555,16.68,0.14,0.87,0.44,2.99,0.00,602
85.572,16.65,0.13,0.85,1.71,2.98,0.24,602
85.589,16.68,0.12,0.78,0.40,2.99,0.00,601
85.605,16.67,0.14,0.77,1.71,2.97,0.24,600
85.622,16.66,0.26,0.87,0.41,2.96,0.00,640
85.639,16.67,0.14,0.87,1.69,3.11,0.24,648
85.655,16.71,0.11,0.90,0.40,3.23,0.00,648
85.672,16.63,0.14,0.88,7.43,3.21,5.93,647
85.689,16.72,0.12,0.91,0.46,3.22,0.00,647
85.705,16.62,0.13,0.88,1.71,3.21,0.27,647
85.722,16.68,0.11,0.86,0.39,3.21,0.00,647
85.739,16.66,0.13,0.88,1.71,3.21,0.27,648
85.755,16.67,0.12,0.89,0.40,3.22,0.00,646
85.772,16.69,0.12,0.87,1.71,3.22,0.28,647
85.789,16.65,0.13,0.88,0.40,3.22,0.00,647
85.805,16.68,0.11,0.87,7.29,3.22,5.82,647
85.822,16.66,0.14,0.91,0.43,3.22,0.00,647
85.839,16.69,0.12,0.87,1.71,3.21,0.28,647
85.856,16.72,0.12,0.91,0.46,3.24,0.00,646
85.872,16.58,0.13,0.88,1.72,3.22,0.28,643
85.889,16.67,0.13,0.87,0.39,3.24,0.00,644
85.905,16.68,0.12,0.89,1.70,3.22,0.27,644
85.922,16.66,0.14,0.91,0.45,3.23,0.00,642
85.939,16.66,0.14,0.89,7.42,3.23,5.92,642
85.955,16.67,0.14,0.92,0.42,3.23,0.00,641
85.972,16.67,0.13,0.89,1.75,3.22,0.27,638
85.989,16.67,0.13,0.88,0.39,3.22,0.00,638
86.005,16.66,0.12,0.88,1.73,3.22,0.27,639
86.022,16.68,0.12,0.90,0.39,3.23,0.00,639
86.039,16.67,0.11,0.89,1.74,3.23,0.28,637
86.055,16.66,0.14,0.92,0.46,3.23,0.00,638
86.072,16.68,0.12,0.93,7.47,3.22,5.92,637
86.089,16.66,0.13,0.92,0.44,3.22,0.00,637
86.105,16.67,0.12,0.90,1.72,3.21,0.27,637
86.122,16.66,0.14,0.92,0.42,3.20,0.00,635
86.139,16.66,0.12,0.90,1.70,3.23,0.27,633
86.155,16.67,0.12,0.88,0.39,3.22,0.00,630
86.172,16.67,0.13,0.85,1.76,3.20,0.29,615
86.189,16.67,0.13,0.87,0.40,2.93,0.00,613
86.205,16.67,0.12,0.86,7.40,2.90,5.92,613
86.222,16.67,0.17,1.19,0.43,2.90,0.00,661
86.239,16.66,0.14,1.16,2.49,3.75,1.03,658
86.255,16.67,0.14,1.18,0.41,3.73,0.00,654
86.272,16.67,0.14,1.17,1.71,3.72,0.28,652
86.289,16.67,0.14,1.18,0.41,3.71,0.00,649
86.305,16.66,0.14,1.17,1.71,3.70,0.28,645
86.322,16.76,0.14,1.21,0.45,3.68,0.00,639
86.339,16.60,0.15,1.23,7.41,3.68,5.88,634
86.355,16.65,0.15,1.21,0.47,3.66,0.00,628
86.372,16.67,0.15,1.19,1.75,3.63,0.27,627
86.389,16.67,0.15,1.18,0.41,3.65,0.00,622
86.405,16.66,0.15,1.20,1.70,3.62,0.27,620
86.422,16.67,0.15,1.23,0.44,3.65,0.00,616
86.439,16.67,0.14,1.19,1.72,3.63,0.28,611
86.455,16.67,0.14,1.22,0.40,3.63,0.00,607
86.472,16.68,0.13,1.21,7.54,3.62,6.01,604
86.489,16.66,0.16,1.26,0.48,3.60,0.00,596
86.505,16.65,0.15,1.23,1.76,3.59,0.27,593
86.522,16.68,0.13,1.23,0.43,3.61,0.00,584
86.539,16.66,0.15,1.22,1.71,3.61,0.27,575
86.556,16.68,0.13,1.23,0.41,3.59,0.00,567
86.572,16.68,0.13,1.22,1.72,3.57,0.27,565
86.589,16.66,0.13,1.24,0.41,3.54,0.00,554
86.605,16.64,0.14,1.22,7.37,3.49,5.87,534
86.622,16.67,0.15,1.23,0.42,3.46,0.00,382
86.639,16.67,0.14,1.01,1.70,2.66,0.28,381
86.656,16.67,0.13,1.02,0.39,2.66,0.00,380
86.672,16.67,0.14,1.02,1.73,2.67,0.28,379
86.689,16.66,0.14,1.01,0.39,2.67,0.00,377
86.706,16.67,0.14,1.01,1.72,2.66,0.28,379
86.722,16.67,0.13,1.00,0.39,2.76,0.00,378
86.739,16.66,0.14,1.01,7.42,2.76,5.94,378
86.756,16.68,0.14,1.05,0.43,2.79,0.00,377
86.772,16.66,0.13,1.01,1.68,2.78,0.27,376
86.789,16.68,0.12,1.02,0.39,2.82,0.00,376
86.806,16.65,0.13,1.04,1.71,2.82,0.27,377
86.822,16.68,0.12,1.04,0.40,2.81,0.00,376
86.839,16.66,0.12,1.01,1.71,2.80,0.28,376
86.856,16.75,0.13,1.05,0.43,2.82,0.00,376
86.872,16.57,0.11,0.80,7.00,2.82,5.51,376
86.889,16.69,0.15,1.05,0.41,2.82,0.00,376
86.906,16.67,0.12,1.01,1.71,2.85,0.28,375
86.922,16.66,0.14,1.04,0.47,2.86,0.00,374
86.939,16.65,0.14,1.02,1.72,2.85,0.28,372
86.956,16.67,0.13,1.02,0.41,2.86,0.00,370
86.972,16.67,0.14,1.01,1.70,2.85,0.28,370
86.989,16.67,0.14,1.05,0.49,2.85,0.00,370
87.006,16.67,0.13,1.03,7.37,2.87,5.88,369
87.022,16.66,0.13,1.03,0.41,2.88,0.00,369
87.039,16.67,0.13,1.00,1.70,2.87,0.28,369
87.056,16.68,0.12,1.02,0.40,2.87,0.00,369
87.072,16.65,0.13,1.01,1.72,2.84,0.28,368
87.089,16.67,0.12,1.01,0.41,2.85,0.00,369
87.106,16.67,0.12,1.05,1.79,2.86,0.28,367
87.122,16.68,0.14,1.03,0.46,2.86,0.00,366
87.139,16.66,0.13,1.00,7.35,2.86,5.86,365
87.156,16.68,0.13,1.02,0.41,2.86,0.00,363
87.172,16.66,0.13,0.99,1.72,2.84,0.28,363
87.189,16.67,0.13,1.03,0.42,2.83,0.00,364
87.206,16.68,0.12,1.01,1.72,2.86,0.28,362
87.222,16.65,0.13,1.02,0.40,2.86,0.00,362
87.239,16.68,0.13,1.00,1.69,2.83,0.28,362
87.256,16.67,0.13,1.00,0.41,2.83,0.00,362
87.272,16.66,0.12,0.99,7.39,2.81,5.92,361
87.289,16.69,0.14,1.03,0.42,2.83,0.00,361
87.306,16.69,0.12,1.02,1.73,2.85,0.28,359
87.322,16.63,0.13,1.02,0.47,2.84,0.00,359
87.339,16.69,0.10,0.71,0.97,2.84,0.14,359
87.356,16.66,0.14,1.01,0.44,2.83,0.00,359
87.372,16.65,0.14,1.01,1.76,2.84,0.28,359
87.389,16.66,0.13,1.00,0.42,2.86,0.00,356
87.406,16.67,0.14,1.01,7.39,2.86,5.87,353
87.422,16.67,0.14,1.02,0.46,2.85,0.00,353
87.439,16.66,0.13,0.98,1.72,2.85,0.28,353
87.456,16.67,0.12,0.98,0.40,2.86,0.00,352
87.472,16.67,0.14,0.97,1.69,2.84,0.28,353
87.489,16.68,0.12,1.02,0.47,2.86,0.00,352
87.506,16.69,0.14,1.00,1.80,2.88,0.28,351
87.522,16.68,0.11,0.99,0.43,2.87,0.00,349
87.539,16.62,0.12,0.96,7.48,2.86,5.98,349
87.556,16.69,0.14,0.98,0.42,2.87,0.00,349
87.572,16.65,0.14,0.99,1.73,2.88,0.28,350
87.589,16.67,0.13,0.88,0.39,2.90,0.00,349
87.606,16.75,0.12,0.88,1.75,2.90,0.28,349
87.622,16.61,0.26,1.00,0.45,2.90,0.00,363
87.639,16.64,0.13,0.99,1.72,3.00,0.28,369
87.656,16.66,0.12,0.98,0.40,3.07,0.00,369
87.672,16.69,0.14,0.99,7.37,3.08,5.87,368
87.689,16.66,0.13,1.00,0.42,3.10,0.00,366
87.706,16.66,0.13,0.96,1.71,3.10,0.28,366
87.722,16.67,0.13,0.95,0.39,3.11,0.00,363
87.739,16.67,0.11,0.95,1.70,2.75,0.28,363
87.756,16.66,0.12,0.95,0.37,2.74,0.00,362
87.772,16.67,0.13,0.94,1.68,2.73,0.28,362
87.789,16.67,0.12,0.94,0.38,2.75,0.00,361
87.806,16.66,0.12,0.94,7.37,2.75,5.89,360
87.822,16.67,0.14,0.97,0.42,2.76,0.00,359
87.839,16.67,0.14,0.96,1.74,2.73,0.28,358
87.856,16.67,0.14,0.94,0.41,2.76,0.00,358
87.872,16.67,0.14,0.98,1.88,2.76,0.43,362
87.889,16.66,0.13,0.97,0.39,2.77,0.00,467
87.906,16.68,0.14,0.98,1.72,2.87,0.28,480
87.922,16.65,0.14,0.99,0.45,2.89,0.00,496
87.939,16.67,0.14,1.02,7.47,2.91,5.91,495
87.956,16.68,0.14,0.98,0.45,2.91,0.00,493
87.972,16.67,0.15,1.01,1.79,2.92,0.28,490
87.989,16.66,0.13,1.00,0.44,2.91,0.00,486
88.006,16.66,0.13,0.99,1.74,2.90,0.28,486
88.022,16.68,0.14,1.01,0.47,2.89,0.00,473
88.039,16.65,0.13,0.99,1.73,2.86,0.28,471
88.056,16.68,0.13,0.98,0.41,2.86,0.00,466
88.072,16.67,0.13,0.99,7.45,2.87,5.95,465
88.089,16.67,0.14,1.01,0.43,2.85,0.00,463
88.106,16.69,0.12,0.97,1.72,2.81,0.28,456
88.122,16.65,0.13,1.00,0.46,2.80,0.00,453
88.139,16.76,0.13,1.02,1.79,2.77,0.28,452
88.156,16.58,0.17,1.31,0.48,2.74,0.00,462
88.172,16.74,0.15,1.32,1.92,3.48,0.46,506
88.189,16.60,0.17,1.03,0.43,3.65,0.00,521
88.206,16.66,0.15,1.04,7.39,3.67,5.87,534
88.222,16.67,0.16,1.04,0.45,3.69,0.00,540
88.239,16.66,0.16,1.04,1.74,3.71,0.28,548
88.256,16.67,0.15,1.04,0.41,3.73,0.00,564
88.272,16.68,0.14,1.06,1.71,3.72,0.28,573
88.289,16.66,0.15,1.06,0.42,3.76,0.00,582
88.306,16.67,0.15,1.04,1.71,3.76,0.28,590
88.322,16.73,0.14,1.08,0.45,3.79,0.00,602
88.339,16.60,0.16,1.07,7.45,3.81,5.93,613
88.356,16.67,0.15,1.10,0.46,3.87,0.00,618
88.372,16.67,0.16,1.06,1.75,3.86,0.28,624
88.389,16.75,0.11,0.82,0.41,3.78,0.00,625
88.406,16.61,0.15,1.10,1.78,3.77,0.28,625
88.422,16.67,0.13,1.09,0.48,3.79,0.00,632
88.439,16.64,0.15,1.07,1.74,3.80,0.28,635
88.456,16.67,0.15,1.08,0.43,3.85,0.00,636
88.472,16.68,0.13,1.07,7.40,3.85,5.90,641
88.489,16.66,0.15,1.10,0.45,3.86,0.00,649
88.506,16.66,0.15,1.09,1.74,3.87,0.28,652
88.522,16.67,0.14,1.10,0.43,3.90,0.00,655
88.539,16.70,0.15,1.12,1.79,3.90,0.28,657
88.556,16.64,0.14,1.09,0.43,3.95,0.00,658
88.572,16.66,0.14,1.07,1.71,3.38,0.27,658
88.589,16.67,0.13,1.05,0.40,3.39,0.00,657
88.606,16.68,0.12,1.06,7.46,3.39,5.97,661
88.622,16.66,0.15,1.10,0.46,3.41,0.00,661
88.639,16.67,0.14,1.07,1.71,3.41,0.28,664
88.656,16.78,0.12,1.07,0.42,3.51,0.00,664
88.672,16.56,0.12,1.09,1.77,3.53,0.31,664
88.689,16.67,0.12,1.09,0.51,3.54,0.00,683
88.706,16.66,0.14,1.07,1.76,3.58,0.28,688
88.722,16.67,0.13,1.07,0.45,3.62,0.00,690
88.739,16.66,0.15,1.08,7.49,3.62,5.95,691
88.756,16.67,0.14,1.10,0.48,3.58,0.00,692
88.772,16.66,0.13,1.06,1.75,3.59,0.28,691
88.789,16.70,0.12,1.07,0.46,3.60,0.00,691
88.806,16.66,0.12,1.07,1.75,3.59,0.28,692
88.822,16.68,0.13,1.07,0.44,3.61,0.00,693
88.839,16.64,0.13,1.06,1.76,3.64,0.28,692
88.856,16.67,0.13,1.07,0.46,3.65,0.00,692
88.872,16.66,0.15,1.07,7.47,3.64,5.93,693
88.889,16.67,0.14,1.09,0.48,3.64,0.00,695
88.906,16.67,0.14,1.07,1.77,3.63,0.28,695
88.922,16.67,0.13,1.05,0.46,3.64,0.00,695
88.939,16.66,0.14,1.05,1.77,3.65,0.28,693
88.956,16.68,0.11,1.05,0.44,3.66,0.00,692
88.972,16.65,0.13,1.06,1.78,3.65,0.28,693
88.989,16.68,0.13,1.06,0.46,3.64,0.00,692
89.006,16.66,0.14,1.04,7.36,3.64,5.84,693
89.022,16.68,0.14,1.08,0.48,3.64,0.00,693
89.039,16.66,0.14,1.05,1.80,3.66,0.28,689
89.056,16.68,0.12,1.03,0.45,3.66,0.00,690
89.072,16.66,0.13,1.05,1.76,3.65,0.28,689
89.089,16.66,0.12,1.04,0.44,3.64,0.00,690
89.106,16.66,0.13,1.04,1.74,3.64,0.28,691
89.122,16.68,0.15,1.25,0.47,3.64,0.00,698
89.139,16.65,0.14,1.16,7.89,3.63,6.36,697
89.156,16.69,0.13,1.18,0.46,3.65,0.00,698
89.172,16.66,0.12,1.13,1.72,3.65,0.27,698
89.189,16.67,0.12,1.15,0.46,3.65,0.00,698
89.206,16.70,0.12,1.13,1.75,3.65,0.28,700
89.222,16.62,0.13,1.16,0.45,3.67,0.00,701
89.239,16.66,0.13,1.14,1.73,3.70,0.28,698
89.256,16.67,0.13,1.15,0.41,3.70,0.00,699
89.272,16.67,0.13,1.14,7.37,3.69,5.85,697
89.289,16.67,0.15,1.19,0.47,3.69,0.00,698
89.306,16.73,0.13,1.17,1.75,3.69,0.27,701
89.322,16.60,0.13,1.16,0.42,3.73,0.00,700
89.339,16.67,0.13,1.15,1.72,3.73,0.28,699
89.356,16.67,0.14,1.17,0.45,3.74,0.00,698
89.372,16.66,0.13,1.17,1.73,3.73,0.27,699
89.389,16.68,0.13,1.15,0.43,3.75,0.00,699
89.406,16.66,0.13,1.14,7.43,3.74,5.94,699
89.422,16.67,0.13,1.17,0.46,3.78,0.00,699
89.439,16.67,0.14,1.15,1.74,3.78,0.27,699
89.456,16.66,0.13,1.16,0.43,3.79,0.00,698
89.472,16.67,0.13,1.11,1.75,3.79,0.28,695
89.489,16.66,0.13,1.09,0.45,3.80,0.00,695
89.506,16.66,0.13,1.10,1.78,3.79,0.27,695
89.522,16.68,0.13,1.09,0.45,3.84,0.00,693
89.539,16.74,0.15,1.13,7.45,3.83,5.88,692
89.556,16.60,0.13,1.13,0.60,3.83,0.00,693
89.572,16.70,0.12,1.11,1.82,3.84,0.28,694
89.589,16.63,0.13,1.02,0.46,3.85,0.00,692
89.606,16.68,0.12,1.01,1.76,3.85,0.28,691
89.622,16.66,0.26,1.18,0.42,3.88,0.00,701
89.639,16.66,0.14,1.18,1.77,3.99,0.28,702
89.656,16.66,0.13,1.16,0.45,4.04,0.00,697
89.672,16.67,0.12,1.09,7.61,3.59,6.07,695
89.689,16.67,0.14,1.17,0.46,3.59,0.00,696
89.706,16.67,0.13,1.14,1.74,3.58,0.28,698
89.722,16.67,0.13,1.13,0.42,3.61,0.00,698
89.739,16.67,0.12,1.12,1.76,3.60,0.27,699
89.756,16.67,0.13,1.13,0.45,3.59,0.00,700
89.772,16.66,0.13,1.13,1.72,3.59,0.28,700
89.789,16.68,0.19,1.45,0.45,3.58,0.00,758
89.806,16.66,0.18,1.45,7.60,4.48,6.09,757
89.822,16.68,0.19,1.45,0.42,4.48,0.00,757
89.839,16.66,0.18,1.46,1.74,4.46,0.27,758
89.856,16.70,0.17,1.45,0.42,4.46,0.00,757
89.872,16.64,0.18,1.44,1.71,4.46,0.27,756
89.889,16.71,0.18,1.49,0.45,4.43,0.00,755
89.906,16.62,0.18,1.46,1.72,4.45,0.27,754
89.922,16.68,0.16,1.46,0.41,4.45,0.00,755
89.939,16.66,0.18,1.46,7.43,4.43,5.92,755
89.956,16.66,0.17,1.49,0.43,4.44,0.00,752
89.972,16.68,0.14,1.47,1.71,4.43,0.27,753
89.989,16.74,0.15,1.48,0.42,4.43,0.00,754
90.006,16.58,0.15,1.47,1.70,4.45,0.27,753
90.022,16.68,0.13,1.45,0.41,4.46,0.00,741
90.039,16.66,0.15,1.46,1.71,4.43,0.27,741
90.056,16.68,0.14,1.46,0.42,4.41,0.00,739
90.072,16.67,0.15,1.46,7.44,4.40,5.92,740
90.089,16.66,0.16,1.49,0.43,4.41,0.00,738
90.106,16.66,0.15,1.49,1.73,4.41,0.27,735
90.122,16.68,0.15,1.19,0.43,4.41,0.00,720
90.139,16.67,0.16,1.22,1.75,4.39,0.27,716
90.156,16.67,0.15,1.20,0.44,4.39,0.00,718
90.172,16.67,0.15,1.21,1.75,4.39,0.27,720
90.189,16.72,0.14,1.20,0.47,4.43,0.00,720
90.206,16.62,0.14,1.17,7.42,3.85,5.92,720
90.222,16.67,0.15,1.21,0.45,3.85,0.00,722
90.239,16.67,0.15,1.18,1.71,3.85,0.28,721
90.256,16.67,0.15,1.19,0.41,3.87,0.00,719
90.272,16.68,0.13,1.17,1.71,3.88,0.27,723
90.289,16.66,0.14,1.19,0.42,3.91,0.00,722
90.306,16.66,0.15,1.18,1.70,3.90,0.27,722
90.323,16.76,0.13,1.23,0.43,3.90,0.00,723
90.339,16.58,0.14,1.18,7.35,3.90,5.84,724
90.356,16.68,0.15,1.19,0.44,3.91,0.00,723
90.372,16.67,0.14,1.16,1.75,3.94,0.28,723
90.389,16.68,0.15,1.20,0.46,3.95,0.00,724
90.406,16.65,0.13,1.18,1.71,3.94,0.27,721
90.422,16.67,0.14,1.18,0.41,3.96,0.00,721
90.439,16.67,0.15,1.17,1.73,3.94,0.27,724
90.456,16.67,0.13,1.17,0.41,3.99,0.00,724
90.472,16.67,0.14,1.17,7.47,3.98,5.98,723
90.489,16.68,0.14,1.17,0.44,3.99,0.00,723
90.506,16.66,0.13,1.14,1.71,3.99,0.28,721
90.523,16.68,0.12,1.15,0.41,4.00,0.00,719
90.539,16.67,0.12,1.15,1.71,3.98,0.28,718
90.556,16.66,0.15,1.18,0.46,4.02,0.00,718
90.573,16.71,0.13,1.18,1.78,4.01,0.27,718
90.589,16.62,0.14,1.15,0.41,4.01,0.00,717
90.606,16.67,0.13,1.14,7.34,4.00,5.84,711
90.623,16.67,0.14,1.15,0.44,4.00,0.00,712
90.639,16.66,0.13,1.13,1.74,3.66,0.28,714
90.656,16.67,0.13,1.10,0.41,3.65,0.00,713
90.673,16.67,0.13,1.11,1.70,3.64,0.28,712
90.689,16.68,0.14,1.14,0.44,3.63,0.00,712
90.706,16.66,0.13,1.13,1.72,3.62,0.28,711
90.723,16.67,0.14,1.12,0.42,3.62,0.00,714
90.739,16.68,0.12,1.12,7.45,3.71,5.93,714
90.756,16.66,0.13,1.14,0.42,3.70,0.00,714
90.773,16.66,0.13,1.10,1.70,3.70,0.27,709
90.789,16.67,0.13,1.12,0.43,3.71,0.00,709
90.806,16.68,0.12,1.11,1.70,3.70,0.27,711
90.823,16.77,0.13,1.14,0.45,3.70,0.00,714
90.839,16.57,0.12,1.11,1.75,3.68,0.27,714
90.856,16.65,0.13,1.10,0.41,3.68,0.00,710
90.873,16.66,0.13,1.09,7.38,3.66,5.88,710
90.889,16.69,0.12,1.14,0.46,3.65,0.00,709
90.906,16.66,0.14,1.08,1.72,3.65,0.28,712
90.923,16.66,0.13,1.10,0.41,3.67,0.00,712
90.939,16.66,0.13,1.10,1.73,3.66,0.28,711
90.956,16.68,0.11,1.10,0.41,3.66,0.00,710
90.973,16.66,0.13,1.09,1.71,3.64,0.28,711
90.989,16.67,0.13,1.10,0.42,3.64,0.00,710
91.006,16.66,0.13,1.09,7.40,3.65,5.91,710
91.023,16.67,0.13,1.11,0.44,3.65,0.00,708
91.039,16.68,0.11,1.08,1.71,3.64,0.28,706
91.056,16.66,0.12,1.08,0.41,3.63,0.00,706
91.073,16.67,0.14,1.06,1.73,3.62,0.28,704
91.089,16.68,0.14,1.04,0.45,3.62,0.00,703
91.106,16.66,0.13,1.02,1.72,3.63,0.27,701
91.123,16.66,0.12,1.01,0.41,3.63,0.00,699
91.139,16.67,0.14,1.01,7.34,3.62,5.85,699
91.156,16.69,0.12,1.05,0.44,3.62,0.00,696
91.173,16.65,0.13,0.96,1.76,3.61,0.28,695
91.189,16.67,0.14,0.98,0.52,3.63,0.00,692
91.206,16.66,0.12,0.95,1.75,3.62,0.28,692
91.223,16.68,0.13,0.95,0.47,3.62,0.00,691
91.239,16.67,0.13,0.96,1.75,3.59,0.28,691
91.256,16.67,0.12,0.97,0.45,3.59,0.00,689
91.273,16.67,0.13,0.96,7.44,3.58,5.91,688
91.289,16.68,0.13,0.96,0.49,3.61,0.00,683
91.306,16.66,0.13,0.93,1.73,3.16,0.27,681
91.323,16.69,0.11,0.93,0.39,3.15,0.00,681
91.339,16.64,0.13,0.92,1.70,3.14,0.26,680
91.356,16.67,0.14,0.93,0.43,3.14,0.00,682
91.373,16.66,0.12,0.93,1.71,3.16,0.28,682
91.389,16.68,0.13,0.94,0.43,3.16,0.00,682
91.406,16.66,0.13,0.92,7.37,3.14,5.87,679
91.423,16.70,0.11,0.96,0.44,3.13,0.00,679
91.439,16.64,0.13,0.93,1.75,3.12,0.27,677
91.456,16.66,0.13,0.92,0.40,3.12,0.00,678
91.473,16.67,0.13,0.92,1.71,3.13,0.27,678
91.489,16.68,0.16,0.95,0.42,3.13,0.00,675
91.506,16.66,0.12,0.93,1.70,3.10,0.27,673
91.523,16.67,0.12,0.91,0.39,3.11,0.00,672
91.539,16.67,0.11,0.92,7.37,3.09,5.90,671
91.556,16.67,0.12,0.95,0.41,3.11,0.00,669
91.573,16.67,0.12,0.92,1.71,3.09,0.27,668
91.589,16.70,0.15,0.88,0.43,3.09,0.00,667
91.606,16.66,0.13,0.90,1.80,3.07,0.28,666
91.623,16.66,0.26,0.98,0.46,3.05,0.00,679
91.639,16.68,0.13,0.97,1.76,3.15,0.28,680
91.656,16.65,0.13,0.97,0.43,3.20,0.00,678
91.673,16.67,0.13,0.96,8.06,3.18,6.57,670
91.689,16.69,0.14,0.97,0.46,3.16,0.00,670
91.706,16.65,0.14,0.97,1.75,3.15,0.28,666
91.723,16.67,0.13,0.95,0.40,3.15,0.00,664
91.739,16.67,0.30,0.86,2.31,3.13,0.86,630
91.756,16.67,0.08,0.60,0.40,2.54,0.00,587
91.773,16.68,0.07,0.59,1.45,2.48,0.03,586
91.789,16.65,0.09,0.73,0.38,2.48,0.00,621
91.806,16.66,0.09,0.74,7.29,2.65,5.80,619
91.823,16.69,0.09,0.78,0.43,2.63,0.00,619
91.839,16.65,0.13,0.94,1.58,2.63,0.11,652
91.856,16.67,0.11,0.94,0.42,2.80,0.00,649
91.873,16.80,0.09,0.70,1.14,2.78,0.02,650
91.889,16.57,0.13,1.15,0.52,2.77,0.00,684
91.906,16.65,0.12,1.17,1.64,2.94,0.11,683
91.923,16.67,0.11,1.17,0.48,2.92,0.00,683
91.939,16.66,0.13,1.40,7.23,2.90,5.71,718
91.956,16.66,0.12,1.42,0.42,3.06,0.00,715
91.973,16.67,0.12,1.40,1.47,3.05,0.03,716
91.989,16.68,0.16,1.62,0.43,3.02,0.00,750
92.006,16.68,0.10,1.64,1.58,3.18,0.11,749
92.023,16.65,0.11,1.63,0.42,3.16,0.00,750
92.039,16.70,0.11,1.81,1.54,3.12,0.11,785
92.056,16.63,0.12,1.86,0.40,3.30,0.00,789
92.073,16.69,0.11,1.88,7.20,3.25,5.70,788
92.089,16.67,0.15,2.06,0.46,3.23,0.00,824
92.106,16.64,0.12,2.07,1.60,3.38,0.11,823
92.123,16.67,0.12,2.09,0.41,3.35,0.00,823
92.139,16.67,0.13,2.31,1.64,3.30,0.11,859
92.156,16.67,0.12,2.29,0.42,3.47,0.00,861
92.173,16.66,0.13,2.31,1.50,3.43,0.03,862
92.189,16.67,0.18,2.52,0.45,3.39,0.00,901
92.206,16.67,0.13,2.51,7.24,3.53,5.71,904
92.223,16.67,0.13,2.57,0.45,3.50,0.00,906
92.239,16.68,0.12,2.75,1.59,3.45,0.11,942
92.256,16.66,0.13,2.75,0.41,3.63,0.00,945
92.273,16.66,0.12,2.79,1.49,3.57,0.03,948
92.289,16.66,0.13,2.97,0.42,3.54,0.00,987
92.306,16.69,0.11,2.99,1.56,3.67,0.11,989
92.323,16.74,0.12,3.03,0.44,3.63,0.00,989
92.339,16.58,0.13,3.20,7.47,3.59,5.97,1026
92.356,16.73,0.10,2.42,0.41,3.69,0.00,1027
92.373,16.60,0.13,3.22,1.53,3.65,0.03,1024
92.389,16.67,0.20,3.40,0.47,3.61,0.00,1060
92.406,16.67,0.17,3.40,1.61,3.73,0.11,1055
92.423,16.66,0.17,3.39,0.44,3.68,0.00,1049
92.439,16.68,0.17,3.56,1.61,3.63,0.11,1082
92.456,16.68,0.16,3.54,0.43,3.76,0.00,1075
92.473,16.65,0.18,3.53,7.22,3.70,5.70,1072
92.489,16.67,0.23,3.73,0.43,3.65,0.00,1105
92.506,16.68,0.20,3.73,1.64,3.75,0.11,1101
92.523,16.66,0.17,3.71,0.47,3.70,0.00,1097
92.539,16.66,0.17,3.70,1.52,3.64,0.03,1091
92.556,16.67,0.18,3.68,0.43,3.60,0.00,1087
92.573,16.66,0.18,3.66,1.50,3.54,0.03,1083
92.589,16.68,0.19,3.82,0.43,3.50,0.00,1139
92.606,16.67,0.18,3.80,7.61,3.73,6.06,1131
92.623,16.66,0.15,3.22,0.38,3.68,0.00,1127
92.639,16.68,0.18,3.79,1.18,3.63,0.02,1121
92.656,16.66,0.17,3.69,0.43,3.60,0.00,1111
92.673,16.70,0.16,3.67,1.49,3.56,0.03,1103
92.689,16.64,0.17,3.69,0.46,3.52,0.00,1102
92.706,16.67,0.21,3.94,1.75,3.48,0.30,1164
92.723,16.67,0.19,4.24,0.42,3.78,0.00,1222
92.739,16.74,0.18,4.25,7.59,4.08,6.02,1216
92.756,16.61,0.23,4.28,0.52,4.05,0.00,1214
92.773,16.68,0.20,4.22,1.57,3.55,0.03,1205
92.789,16.69,0.19,4.19,0.45,4.01,0.00,1199
92.806,16.62,0.20,4.11,1.57,3.99,0.03,1189
92.823,16.68,0.20,4.11,0.47,3.97,0.00,1181
92.839,16.72,0.17,4.04,1.54,3.95,0.03,1174
92.856,16.64,0.18,4.01,0.49,3.95,0.00,1163
92.873,16.65,0.19,3.98,7.50,3.92,5.89,1154
92.889,16.67,0.18,3.95,0.50,3.91,0.00,1148
92.906,16.66,0.19,3.87,1.29,3.69,0.03,1142
92.923,16.75,0.18,3.84,0.51,3.89,0.00,1132
92.939,16.57,0.19,3.79,1.59,3.90,0.03,1122
92.956,16.67,0.20,3.73,0.50,3.89,0.00,1114
92.973,16.67,0.19,3.67,1.56,3.90,0.03,1107
92.989,16.67,0.17,3.57,0.52,3.90,0.00,1096
93.006,16.67,0.20,3.80,7.71,3.88,6.14,1140
93.023,16.68,0.17,3.74,0.40,4.19,0.00,1127
93.039,16.65,0.17,3.65,1.50,3.99,0.03,1120
93.056,16.68,0.19,3.92,0.44,4.21,0.00,1164
93.073,16.67,0.17,3.87,1.85,4.51,0.36,1153
93.089,16.67,0.18,3.78,0.41,4.55,0.00,1140
93.106,16.67,0.17,3.73,1.51,4.54,0.03,1128
93.123,16.66,0.18,3.67,0.42,4.54,0.00,1121
93.139,16.68,0.19,3.59,7.29,4.58,5.78,1106
93.156,16.67,0.21,3.87,0.46,4.60,0.00,1153
93.173,16.66,0.18,3.81,1.84,4.24,0.35,1147
93.189,16.70,0.16,3.91,0.45,4.95,0.00,1141
93.206,16.72,0.16,3.77,1.47,4.69,0.03,1137
93.223,16.58,0.18,3.70,0.43,4.72,0.00,1124
93.239,16.67,0.19,3.58,1.55,4.72,0.03,1107
93.256,16.67,0.18,3.49,0.46,4.74,0.00,1095
93.273,16.68,0.17,3.43,7.15,4.79,5.61,1083
93.289,16.67,0.19,3.42,0.45,4.78,0.00,1079
93.306,16.66,0.18,3.61,1.82,4.41,0.34,1157
93.323,16.67,0.17,3.57,0.44,4.99,0.00,1147
93.339,16.68,0.16,3.54,1.47,4.66,0.03,1140
93.356,16.66,0.18,3.53,0.43,4.68,0.00,1132
93.373,16.67,0.17,3.51,1.47,4.69,0.03,1128
93.389,16.67,0.17,3.48,0.41,4.73,0.00,1121
93.406,16.67,0.17,3.44,7.26,4.74,5.73,1114
93.423,16.67,0.18,3.42,0.45,4.74,0.00,1105
93.439,16.66,0.17,3.37,1.51,4.39,0.03,1099
93.456,16.70,0.17,3.34,0.47,4.79,0.00,1092
93.473,16.64,0.17,3.54,1.77,4.82,0.31,1144
93.489,16.69,0.22,3.78,0.45,5.11,0.00,1211
93.506,16.65,0.18,3.75,1.84,5.52,0.36,1207
93.523,16.66,0.21,3.88,0.44,5.56,0.00,1269
93.540,16.76,0.18,3.90,7.43,5.90,5.99,1268
93.556,16.60,0.21,3.92,0.46,5.93,0.00,1261
93.573,16.67,0.18,3.82,1.17,4.82,0.02,1260
93.589,16.66,0.19,3.73,0.47,6.00,0.00,1256
93.606,16.66,0.18,3.70,1.51,5.99,0.03,1249
93.623,16.67,0.18,3.70,0.47,5.79,0.00,1244
93.639,16.68,0.20,3.71,1.60,5.81,0.03,1239
93.656,16.67,0.20,3.68,0.47,5.82,0.00,1235
93.673,16.65,0.18,3.64,7.26,5.52,5.72,1233
93.689,16.67,0.19,3.72,0.49,5.53,0.00,1232
93.706,16.66,0.19,3.94,1.85,4.67,0.36,1287
93.723,16.67,0.19,3.94,0.52,5.88,0.00,1283
93.739,16.67,0.21,4.02,1.58,5.92,0.03,1276
93.756,16.67,0.20,3.95,0.48,5.93,0.00,1274
93.773,16.66,0.21,3.96,1.59,5.63,0.03,1274
93.789,16.68,0.21,4.25,0.52,5.65,0.00,1327
93.806,16.68,0.19,4.25,7.08,6.00,5.83,1327
93.823,16.70,0.20,3.76,0.41,6.02,0.00,1327
93.839,16.65,0.22,4.73,1.55,4.95,0.29,1403
93.856,16.64,0.21,4.70,0.52,5.69,0.00,1402
93.873,16.69,0.22,4.68,1.59,6.49,0.03,1400
93.889,16.68,0.21,4.07,0.40,6.52,0.00,1401
93.906,16.64,0.22,4.51,1.19,6.52,0.02,1399
93.923,16.67,0.20,4.68,0.42,6.33,0.00,1400
93.939,16.67,0.21,4.72,6.65,6.37,5.39,1401
93.956,16.68,0.23,4.12,0.44,6.37,0.00,1401
93.973,16.66,0.23,4.98,1.46,4.93,0.27,1453
93.989,16.68,0.22,4.64,0.45,5.75,0.00,1453
94.006,16.65,0.21,4.38,1.23,6.71,0.02,1453
94.023,16.69,0.21,5.01,0.43,6.75,0.00,1455
94.039,16.65,0.21,5.04,1.26,6.78,0.02,1457
94.056,16.73,0.19,5.00,0.47,6.82,0.00,1456
94.073,16.60,0.21,4.46,6.52,6.83,5.29,1455
94.089,16.66,0.17,4.18,0.42,6.67,0.00,1455
94.106,16.69,0.21,4.83,1.23,4.94,0.02,1452
94.123,16.67,0.20,4.93,0.43,5.75,0.00,1451
94.140,16.68,0.23,4.36,1.20,6.19,0.02,1452
94.156,16.63,0.18,3.97,0.42,6.20,0.00,1525
94.173,16.69,0.16,4.54,1.44,6.60,0.22,1525
94.190,16.68,0.21,5.14,0.45,6.63,0.00,1525
94.206,16.65,0.22,5.34,6.64,6.63,5.43,1524
94.223,16.67,0.16,4.00,0.42,6.65,0.00,1522
94.239,16.66,0.16,4.32,1.24,5.16,0.02,1521
94.256,16.69,0.22,4.66,0.41,5.87,0.00,1521
94.273,16.70,0.23,4.84,1.48,6.71,0.27,1598
94.289,16.62,0.16,4.27,0.51,7.14,0.00,1599
94.306,16.67,0.17,4.59,1.26,7.14,0.02,1598
94.323,16.66,0.17,4.27,0.42,6.87,0.00,1598
94.340,16.69,0.16,4.24,6.50,6.95,5.27,1598
94.356,16.65,0.19,4.49,0.44,6.90,0.00,1656
94.373,16.66,0.17,4.86,1.42,5.24,0.22,1655
94.389,16.66,0.23,4.58,0.44,5.86,0.00,1720
94.406,16.67,0.23,4.57,1.46,7.33,0.26,1720
94.423,16.67,0.25,4.93,0.44,7.33,0.00,1798
94.439,16.66,0.24,4.90,1.16,7.74,0.22,1797
94.456,16.76,0.23,4.47,0.37,7.48,0.00,1797
94.473,16.58,0.24,4.97,6.75,7.48,5.52,1797
94.490,16.69,0.25,4.80,0.36,7.50,0.00,1794
94.506,16.64,0.24,4.92,0.99,5.27,0.02,1793
94.523,16.68,0.22,4.72,0.35,6.61,0.00,1792
94.540,16.66,0.24,4.93,1.21,7.53,0.02,1792
94.556,16.66,0.22,4.44,0.32,7.57,0.00,1792
94.573,16.67,0.25,4.62,0.89,7.57,0.02,1789
94.590,16.67,0.24,4.80,0.48,7.23,0.00,1789
94.606,16.68,0.23,4.62,6.18,7.26,5.00,1789
94.623,16.66,0.24,4.37,0.27,7.26,0.00,1788
94.640,16.67,0.25,4.89,1.05,5.42,0.17,1848
94.656,16.66,0.23,4.79,0.33,6.18,0.00,1848
94.673,16.66,0.22,4.75,1.00,7.60,0.02,1847
94.690,16.68,0.21,4.41,0.36,7.62,0.00,1847
94.706,16.66,0.22,4.41,1.10,7.61,0.03,1848
94.723,16.68,0.23,4.41,0.35,7.64,0.00,1848
94.740,16.66,0.22,4.42,6.50,7.64,5.30,1850
94.756,16.67,0.24,4.15,0.31,7.66,0.00,1849
94.773,16.69,0.23,4.48,1.18,5.59,0.02,1848
94.790,16.67,0.22,4.46,0.36,6.00,0.00,1848
94.806,16.66,0.25,4.67,1.42,7.47,0.26,1915
94.823,16.66,0.23,4.70,0.37,7.83,0.00,1915
94.840,16.67,0.23,4.68,1.15,7.82,0.03,1915
94.856,16.67,0.22,4.70,0.38,7.86,0.00,1916
94.873,16.67,0.22,4.69,6.37,7.85,5.13,1914
94.890,16.75,0.23,4.60,0.30,7.51,0.00,1913
94.906,16.60,0.23,4.69,1.02,5.38,0.02,1912
94.923,16.67,0.23,4.71,0.37,6.00,0.00,1912
94.940,16.65,0.23,4.68,1.15,7.50,0.02,1912
94.956,16.67,0.22,4.70,0.38,7.56,0.00,1911
94.973,16.67,0.22,4.49,1.16,7.25,0.02,1911
94.990,16.67,0.24,4.50,0.35,7.26,0.00,1910
95.006,16.70,0.28,6.07,6.46,6.98,5.24,1911
95.023,16.64,0.24,4.24,0.39,7.02,0.00,1910
95.040,16.66,0.22,4.21,1.14,5.12,0.02,1909
95.056,16.67,0.25,4.36,0.36,5.77,0.00,1978
95.073,16.69,0.22,4.64,1.40,7.09,0.23,1978
95.090,16.64,0.27,4.59,0.39,7.11,0.00,2105
95.106,16.68,0.23,4.58,1.64,7.74,0.50,2105
95.123,16.66,0.24,4.38,0.35,7.75,0.00,2104
95.140,16.68,0.23,4.37,6.31,7.73,5.09,2103
95.156,16.66,0.27,4.44,0.38,7.73,0.00,2102
95.173,16.67,0.24,4.37,1.17,5.52,0.02,2102
95.190,16.67,0.24,4.41,0.40,6.19,0.00,2101
95.206,16.66,0.27,4.92,1.68,7.75,0.50,2225
95.223,16.67,0.26,4.90,0.37,8.42,0.00,2225
95.240,16.67,0.25,4.91,1.18,6.90,0.02,2224
95.256,16.67,0.24,4.70,0.27,8.18,0.00,2223
95.273,16.68,0.24,4.67,6.50,8.14,5.28,2221
95.290,16.66,0.27,4.62,0.31,8.16,0.00,2220
95.306,16.66,0.24,4.67,1.16,5.68,0.02,2218
95.323,16.72,0.24,4.40,0.28,6.09,0.00,2218
95.340,16.61,0.24,4.68,1.17,8.21,0.02,2217
95.356,16.68,0.26,4.90,0.38,8.15,0.00,2296
95.373,16.67,0.24,4.90,1.24,8.52,0.27,2296
95.390,16.68,0.25,4.88,0.39,8.54,0.00,2296
95.406,16.66,0.27,4.95,5.77,8.57,4.86,2294
95.423,16.66,0.26,4.93,0.33,8.28,0.00,2293
95.440,16.67,0.26,4.48,0.82,5.61,0.02,2289
95.456,16.67,0.28,4.67,0.32,6.60,0.00,2420
95.473,16.67,0.26,4.88,1.43,8.95,0.46,2419
95.490,16.67,0.28,4.71,0.29,8.96,0.00,2483
95.506,16.67,0.25,4.96,1.30,6.29,0.19,2482
95.523,16.66,0.24,4.72,0.30,8.70,0.00,2482
95.540,16.67,0.26,4.71,6.09,9.27,4.90,2483
95.556,16.67,0.28,5.01,0.36,9.30,0.00,2482
95.573,16.67,0.26,4.76,0.84,6.16,0.02,2482
95.590,16.67,0.27,4.73,0.29,6.52,0.00,2481
95.606,16.67,0.26,4.97,1.06,8.84,0.02,2481
95.623,16.66,0.27,4.72,0.31,9.36,0.00,2479
95.640,16.66,0.27,4.98,1.18,6.33,0.02,2479
95.656,16.67,0.27,4.98,0.40,7.34,0.00,2478
95.673,16.67,0.26,4.48,6.04,9.15,4.84,2478
95.690,16.67,0.27,4.30,0.35,9.15,0.00,2476
95.706,16.67,0.29,4.62,1.13,6.13,0.02,2477
95.723,16.67,0.27,4.47,0.30,6.40,0.00,2477
95.740,16.66,0.26,4.20,0.83,8.70,0.02,2477
95.756,16.67,0.25,4.10,0.32,8.67,0.00,2477
95.773,16.66,0.27,4.37,1.22,8.65,0.02,2476
95.790,16.67,0.25,4.42,0.42,8.63,0.00,2476
95.806,16.67,0.25,3.97,6.58,8.61,5.33,2475
95.823,16.67,0.28,4.01,0.42,8.02,0.00,2474
95.840,16.66,0.26,3.97,1.19,5.88,0.02,2473
95.856,16.70,0.26,3.95,0.39,6.53,0.00,2471
95.873,16.64,0.26,3.95,1.18,8.01,0.02,2471
95.890,16.72,0.35,5.36,0.48,7.95,0.00,2471
95.906,16.63,0.24,3.99,1.18,7.92,0.02,2470
95.923,16.67,0.34,5.34,0.45,7.93,0.00,2470
95.940,16.69,0.27,4.09,6.43,7.88,5.21,2470
95.956,16.64,0.27,3.74,0.43,7.85,0.00,2468
95.973,16.68,0.33,5.00,1.23,5.77,0.03,2468
95.990,16.68,0.33,4.98,0.46,5.76,0.00,2468
96.006,16.65,0.27,3.68,1.20,7.57,0.02,2468
96.023,16.68,0.33,4.98,0.45,7.50,0.00,2469
96.040,16.67,0.34,4.65,1.17,7.47,0.02,2469
96.056,16.66,0.32,3.98,0.38,7.43,0.00,2467
96.073,16.67,0.33,4.90,6.47,6.89,5.24,2466
96.090,16.67,0.26,3.68,0.41,6.83,0.00,2464
96.106,16.67,0.27,3.64,1.16,5.30,0.02,2464
96.123,16.68,0.33,4.72,0.44,6.15,0.00,2464
96.140,16.66,0.33,4.69,1.23,6.56,0.03,2463
96.156,16.69,0.26,3.88,0.46,6.51,0.00,2464
96.173,16.64,0.35,4.69,1.26,6.46,0.03,2462
96.190,16.67,0.33,4.68,0.49,6.45,0.00,2461
96.206,16.71,0.35,3.84,6.43,6.37,5.19,2461
96.223,16.62,0.28,3.52,0.40,6.36,0.00,2457
96.240,16.67,0.33,4.40,1.24,5.17,0.03,2457
96.256,16.67,0.34,4.39,0.47,5.85,0.00,2456
96.273,16.66,0.33,4.40,1.22,6.21,0.03,2453
96.290,16.69,0.32,4.38,0.49,6.20,0.00,2451
96.306,16.67,0.31,4.39,1.56,6.15,0.03,2449
96.323,16.74,0.33,4.14,0.49,6.12,0.00,2438
96.340,16.59,0.35,4.12,7.34,6.05,5.77,2438
96.356,16.67,0.35,4.01,0.46,5.98,0.00,2437
96.373,16.66,0.34,3.95,1.56,4.71,0.03,2437
96.390,16.66,0.33,3.53,0.49,5.70,0.00,2417
96.406,16.67,0.33,3.52,1.59,5.88,0.03,2417
96.423,16.67,0.34,3.54,0.51,5.82,0.00,2416
96.440,16.67,0.33,3.52,1.55,5.81,0.03,2416
96.456,16.73,0.33,3.53,0.51,5.75,0.00,2416
96.473,16.62,0.31,3.51,7.26,5.73,5.68,2416
96.490,16.67,0.38,3.60,0.49,5.70,0.00,2415
96.506,16.65,0.34,3.52,1.63,4.67,0.03,2413
96.523,16.67,0.34,3.52,0.53,4.19,0.00,2413
96.540,16.66,0.33,3.49,1.59,5.58,0.03,2412
96.556,16.67,0.33,3.50,0.50,5.56,0.00,2411
96.573,16.67,0.33,3.48,1.57,5.51,0.03,2410
96.590,16.67,0.34,3.50,0.49,5.50,0.00,2408
96.606,16.69,0.33,3.23,7.37,5.43,5.78,2408
96.623,16.64,0.36,3.24,0.54,5.41,0.00,2408
96.640,16.67,0.34,3.22,1.55,4.70,0.03,2407
96.656,16.66,0.33,3.21,0.48,5.34,0.00,2408
96.673,16.67,0.34,3.22,1.58,5.31,0.03,2409
96.690,16.68,0.36,3.22,0.52,5.27,0.00,2409
96.706,16.70,0.35,3.27,1.63,5.26,0.03,2409
96.723,16.64,0.36,3.23,0.55,5.22,0.00,2410
96.740,16.66,0.34,3.23,7.32,5.18,5.70,2409
96.756,16.66,0.39,3.22,0.52,5.13,0.00,2408
96.773,16.67,0.34,3.01,1.57,4.57,0.03,2407
96.790,16.66,0.34,2.99,0.50,5.08,0.00,2408
96.806,16.67,0.33,2.98,1.54,5.03,0.03,2407
96.823,16.67,0.33,2.98,0.49,5.02,0.00,2406
96.840,16.67,0.33,2.98,1.55,4.98,0.03,2406
96.856,16.76,0.33,3.01,0.55,4.95,0.00,2405
96.873,16.57,0.26,2.90,7.26,4.92,5.81,2406
96.890,16.69,0.35,2.99,0.55,4.85,0.00,2407
96.906,16.69,0.33,2.98,1.55,4.84,0.03,2405
96.923,16.63,0.32,2.99,0.51,4.80,0.00,2405
96.940,16.66,0.32,3.00,1.56,4.75,0.03,2405
96.956,16.66,0.33,2.98,0.51,4.72,0.00,2404
96.973,16.67,0.33,2.98,1.58,4.69,0.03,2404
96.990,16.66,0.33,2.98,0.49,4.68,0.00,2403
97.006,16.68,0.39,3.01,7.29,4.62,5.65,2402
97.023,16.68,0.35,2.84,0.55,4.58,0.00,2403
97.040,16.64,0.34,2.82,1.56,4.54,0.03,2402
97.056,16.68,0.32,2.58,0.49,4.52,0.00,2401
97.073,16.67,0.33,2.57,1.57,4.48,0.03,2399
97.090,16.67,0.33,2.58,0.52,4.45,0.00,2399
97.106,16.68,0.31,2.57,1.54,4.39,0.03,2399
97.123,16.66,0.34,2.57,0.49,4.38,0.00,2394
97.140,16.67,0.32,2.55,7.33,4.31,5.72,2393
97.156,16.70,0.34,2.61,0.52,4.27,0.00,2393
97.173,16.64,0.34,1.97,1.58,4.23,0.03,2389
97.190,16.69,0.33,2.00,0.52,4.19,0.00,2389
97.206,16.65,0.34,1.99,1.57,4.14,0.03,2387
97.223,16.67,0.33,1.97,0.52,4.11,0.00,2385
97.240,16.66,0.33,1.97,1.58,4.08,0.03,2385
97.256,16.68,0.33,1.97,0.50,4.06,0.00,2383
97.273,16.66,0.33,1.97,7.26,4.01,5.66,2383
97.290,16.67,0.34,1.98,0.52,3.99,0.00,2382
97.306,16.68,0.32,1.98,1.57,3.95,0.03,2380
97.323,16.65,0.33,1.82,0.48,3.93,0.00,2380
97.340,16.68,0.35,1.82,1.59,3.89,0.03,2378
97.356,16.70,0.35,1.82,0.58,3.87,0.00,2373
97.373,16.64,0.29,1.77,1.64,3.81,0.03,2369
97.390,16.66,0.33,1.82,0.49,3.80,0.00,2365
97.406,16.67,0.33,1.81,7.43,3.75,5.84,2355
97.423,16.67,0.37,1.22,0.59,3.71,0.00,2264
97.440,16.67,0.34,1.21,1.58,3.63,0.03,2257
97.456,16.66,0.34,0.89,0.51,3.61,0.00,2198
97.473,16.67,0.34,0.89,1.59,3.53,0.03,2197
97.490,16.70,0.33,0.88,0.50,3.53,0.00,2192
97.506,16.64,0.34,0.88,1.59,3.48,0.03,2190
97.523,16.67,0.32,0.91,0.54,3.46,0.00,2185
97.540,16.66,0.33,0.88,7.26,3.44,5.67,2180
97.556,16.67,0.34,0.91,0.53,3.42,0.00,2178
97.573,16.66,0.33,0.88,1.58,3.39,0.03,2174
97.590,16.68,0.35,0.88,0.47,3.37,0.00,2173
97.607,16.73,0.33,0.88,1.55,3.35,0.03,2172
97.623,16.59,0.34,0.89,0.50,3.34,0.00,2168
97.640,16.71,0.36,0.91,1.63,3.32,0.03,2167
97.656,16.63,0.34,0.88,0.50,3.29,0.00,2166
97.673,16.67,0.34,0.90,7.39,3.27,5.79,2164
97.690,16.68,0.36,0.91,0.53,3.26,0.00,2166
97.706,16.67,0.33,0.88,1.56,3.23,0.03,2167
97.723,16.66,0.34,0.93,0.60,3.21,0.00,2164
97.740,16.81,0.33,0.89,1.58,3.20,0.03,2162
97.756,16.53,0.33,0.91,0.51,3.17,0.00,2157
97.773,16.65,0.33,0.89,1.57,3.15,0.03,2153
97.790,16.67,0.34,0.89,0.51,3.14,0.00,2150
97.806,16.66,0.33,0.88,7.21,3.12,5.63,2148
97.823,16.67,0.34,0.92,0.50,3.11,0.00,2143
97.840,16.67,0.34,0.91,1.61,3.09,0.03,2140
97.856,16.68,0.35,0.92,0.50,3.06,0.00,2140
97.873,16.65,0.33,0.89,1.57,3.03,0.03,2138
97.890,16.76,0.34,0.92,0.52,3.03,0.00,2135
97.906,16.61,0.32,0.90,1.56,3.01,0.04,2132
97.923,16.65,0.33,0.90,0.50,2.99,0.00,2129
97.940,16.66,0.34,0.90,7.36,2.97,5.78,2126
97.956,16.67,0.36,0.92,0.51,2.94,0.00,2124
97.973,16.68,0.34,0.91,1.58,2.95,0.03,2119
97.990,16.66,0.34,0.89,0.50,2.93,0.00,2114
98.006,16.68,0.32,0.90,1.54,2.89,0.03,2112
98.023,16.65,0.33,0.91,0.49,2.88,0.00,2112
98.040,16.67,0.34,0.90,1.54,2.87,0.03,2107
98.056,16.68,0.32,0.89,0.49,2.85,0.00,2101
98.073,16.68,0.33,0.89,7.25,2.82,5.66,2093
98.090,16.64,0.35,0.91,0.52,2.81,0.00,2088
98.106,16.67,0.33,0.91,1.54,2.80,0.03,2081
98.123,16.67,0.33,0.90,0.49,2.77,0.00,2077
98.140,16.68,0.30,0.88,1.51,2.75,0.03,2071
98.156,16.66,0.34,0.89,0.52,2.74,0.00,2061
98.173,16.67,0.33,0.91,1.63,2.72,0.03,2058
98.190,16.67,0.33,0.90,0.50,2.71,0.00,2056
98.207,16.74,0.30,0.89,7.41,2.68,5.84,2050
98.223,16.60,0.34,0.91,0.51,2.67,0.00,2041
98.240,16.66,0.33,0.89,1.57,2.64,0.03,2036
98.257,16.68,0.31,0.89,0.49,2.65,0.00,2034
98.273,16.67,0.34,0.90,1.59,2.61,0.03,2028
98.290,16.66,0.33,0.90,0.52,2.60,0.00,2023
98.307,16.68,0.34,0.90,1.58,2.59,0.03,2021
98.323,16.66,0.31,0.88,0.49,2.57,0.00,2018
98.340,16.68,0.31,0.88,7.18,2.56,5.62,2009
98.357,16.71,0.34,0.90,0.52,2.54,0.00,2005
98.373,16.61,0.32,0.87,1.57,2.53,0.03,2004
98.390,16.73,0.32,0.88,0.50,2.53,0.00,1997
98.407,16.62,0.32,0.88,1.55,2.48,0.03,1992
98.423,16.66,0.31,0.86,0.50,2.49,0.00,1991
98.440,16.67,0.33,0.87,1.52,2.47,0.03,1987
98.457,16.67,0.32,0.88,0.47,2.47,0.00,1978
98.473,16.66,0.32,0.88,7.32,2.44,5.76,1971
98.490,16.69,0.33,0.89,0.52,2.44,0.00,1960
98.507,16.66,0.32,0.85,1.52,2.42,0.03,1950
98.523,16.68,0.33,0.89,0.52,2.42,0.00,1945
98.540,16.75,0.31,0.87,1.57,2.40,0.03,1940
98.557,16.57,0.30,0.88,0.49,2.39,0.00,1934
98.573,16.67,0.31,0.86,1.54,2.36,0.03,1931
98.590,16.67,0.32,0.88,0.48,2.36,0.00,1930
98.607,16.68,0.30,0.87,7.20,2.35,5.61,1917
98.623,16.66,0.33,0.88,0.53,2.34,0.00,1911
98.640,16.67,0.31,0.86,1.55,2.32,0.03,1902
98.657,16.66,0.30,0.86,0.47,2.31,0.00,1893
98.673,16.67,0.31,0.89,1.64,2.31,0.03,1888
98.690,16.68,0.32,0.88,0.51,2.29,0.00,1878
98.707,16.66,0.31,0.84,1.55,2.28,0.03,1870
98.723,16.67,0.32,0.87,0.55,2.28,0.00,1865
98.740,16.67,0.30,0.84,7.40,2.26,5.81,1860
98.757,16.67,0.33,0.88,0.51,2.24,0.00,1855
98.773,16.66,0.30,0.85,1.54,2.24,0.03,1844
98.790,16.68,0.30,0.84,0.49,2.23,0.00,1841
98.807,16.67,0.31,0.84,1.56,2.21,0.03,1838
98.823,16.67,0.30,0.83,0.48,2.21,0.00,1832
98.840,16.67,0.31,0.84,1.51,2.20,0.03,1824
98.857,16.68,0.32,0.85,0.50,2.19,0.00,1820
98.873,16.64,0.31,0.83,7.18,2.18,5.61,1813
98.890,16.76,0.32,0.86,0.53,2.18,0.00,1806
98.907,16.58,0.32,0.84,1.56,2.17,0.03,1801
98.923,16.70,0.34,0.85,0.50,2.15,0.00,1794
98.940,16.64,0.31,0.84,1.56,2.13,0.03,1791
98.957,16.68,0.29,0.83,0.51,2.13,0.00,1789
98.973,16.66,0.31,0.83,1.54,2.12,0.03,1780
98.990,16.66,0.30,0.81,0.48,2.13,0.00,1773
99.007,16.66,0.29,0.82,7.26,2.10,5.70,1766
99.023,16.68,0.32,0.85,0.52,2.09,0.00,1756
99.040,16.67,0.29,0.80,1.52,2.08,0.03,1749
99.057,16.68,0.29,0.82,0.47,2.08,0.00,1743
99.073,16.65,0.30,0.82,1.52,2.07,0.03,1733
99.090,16.68,0.30,0.81,0.51,2.07,0.00,1729
99.107,16.74,0.30,0.84,1.56,2.05,0.04,1721
99.123,16.60,0.30,0.82,0.48,2.04,0.00,1711
99.140,16.67,0.29,0.81,7.14,2.04,5.58,1701
99.157,16.67,0.31,0.85,0.50,2.04,0.00,1692
99.173,16.68,0.28,0.80,1.52,2.01,0.03,1687
99.190,16.68,0.32,0.82,0.53,2.00,0.00,1681
99.207,16.65,0.32,0.82,1.57,1.99,0.03,1670
99.223,16.68,0.31,0.82,0.52,2.01,0.00,1662
99.240,16.66,0.29,0.80,1.51,1.99,0.03,1653
99.257,16.67,0.29,0.79,0.45,2.00,0.00,1647
99.273,16.70,0.29,0.78,7.39,1.98,5.82,1637
99.290,16.68,0.18,0.42,0.32,1.95,0.00,1627
99.307,16.63,0.31,0.81,1.57,1.94,0.03,1621
99.323,16.67,0.29,0.77,0.46,1.96,0.00,1612
99.340,16.66,0.28,0.78,1.51,1.94,0.03,1605
99.357,16.67,0.28,0.78,0.50,1.95,0.00,1594
99.373,16.67,0.28,0.76,1.50,1.93,0.03,1583
99.390,16.67,0.30,0.79,0.47,1.93,0.00,1576
99.407,16.66,0.29,0.76,7.18,1.92,5.63,1570
99.423,16.68,0.31,0.81,0.49,1.91,0.00,1567
99.440,16.67,0.29,0.79,1.55,1.90,0.03,1553
99.457,16.66,0.28,0.77,0.47,1.90,0.00,1544
99.473,16.67,0.29,0.77,1.53,1.88,0.03,1536
99.490,16.75,0.30,0.78,0.52,1.88,0.00,1528
99.507,16.59,0.30,0.78,1.55,1.85,0.03,1520
99.523,16.66,0.29,0.77,0.47,1.87,0.00,1511
99.540,16.66,0.28,0.76,7.23,1.86,5.69,1501
99.557,16.69,0.29,0.78,0.47,1.86,0.00,1495
99.573,16.65,0.28,0.75,1.53,1.85,0.03,1488
99.590,16.68,0.27,0.75,0.44,1.85,0.00,1480
99.607,16.73,0.28,0.74,1.50,1.83,0.03,1470
99.623,16.61,0.27,0.75,0.43,1.85,0.00,1458
99.640,16.65,0.22,0.74,1.49,1.83,0.03,1452
99.657,16.68,0.21,0.75,0.42,1.84,0.00,1447
99.673,16.67,0.20,0.75,7.20,1.83,5.64,1443
99.690,16.66,0.22,0.77,0.46,1.82,0.00,1438
99.707,16.67,0.20,0.76,1.61,1.81,0.03,1428
99.723,16.66,0.19,0.58,0.40,1.79,0.00,1420
99.740,16.68,0.17,0.59,1.24,1.80,0.02,1411
99.757,16.67,0.17,0.58,0.46,1.79,0.00,1402
99.773,16.68,0.23,0.78,1.33,1.78,0.03,1401
99.790,16.68,0.22,0.80,0.60,1.77,0.00,1394
99.807,16.70,0.12,0.42,7.28,1.77,5.76,1390
99.823,16.59,0.13,0.42,0.29,1.78,0.00,1382
99.840,16.67,0.11,0.37,0.88,1.77,0.02,1375
99.857,16.67,0.11,0.36,0.31,1.77,0.00,1369
99.873,16.67,0.10,0.35,0.82,1.76,0.02,1361
99.890,16.71,0.11,0.37,0.26,1.77,0.00,1352
99.907,16.63,0.11,0.35,0.81,1.76,0.02,1339
99.923,16.67,0.11,0.35,0.26,1.75,0.00,1331
99.940,16.67,0.11,0.35,6.91,1.76,5.40,1324
99.957,16.74,0.12,0.37,0.27,1.75,0.00,1313
99.973,16.63,0.12,0.36,0.84,1.74,0.02,1307
99.990,16.75,0.11,0.34,0.26,1.75,0.00,1299
100.007,16.61,0.11,0.35,0.83,1.72,0.02,1289
100.023,16.64,0.10,0.35,0.29,1.73,0.00,1285
100.040,16.63,0.15,0.46,1.22,1.71,0.02,1276
100.057,16.68,0.14,0.48,0.34,1.73,0.00,1269
100.073,16.66,0.15,0.48,6.93,1.71,5.40,1263
100.090,16.67,0.17,0.49,0.36,1.71,0.00,1261
100.107,16.68,0.14,0.47,1.15,1.71,0.02,1254
100.123,16.66,0.15,0.48,0.35,1.72,0.00,1245
100.140,16.67,0.14,0.48,1.13,1.70,0.02,1235
100.157,16.68,0.14,0.48,0.33,1.70,0.00,1227
100.173,16.65,0.14,0.48,1.14,1.70,0.02,1220
100.190,16.67,0.16,0.48,0.39,1.70,0.00,1213
100.207,16.67,0.15,0.48,6.80,1.68,5.31,1206
100.223,16.68,0.16,0.48,0.37,1.70,0.00,1197
100.240,16.67,0.15,0.45,1.20,1.68,0.02,1188
100.257,16.73,0.14,0.49,0.35,1.70,0.00,1180
100.273,16.59,0.14,0.47,1.27,1.67,0.02,1171
100.290,16.74,0.14,0.47,0.33,1.68,0.00,1165
100.307,16.61,0.20,0.63,1.55,1.65,0.03,1157
100.323,16.67,0.19,0.62,0.41,1.67,0.00,1148
100.340,16.67,0.19,0.60,7.23,1.66,5.68,1139
100.357,16.69,0.22,0.63,0.52,1.66,0.00,1127
100.373,16.65,0.20,0.61,1.52,1.65,0.03,1116
100.390,16.66,0.19,0.60,0.43,1.66,0.00,1107
100.407,16.67,0.18,0.60,1.49,1.64,0.03,1104
100.423,16.69,0.18,0.61,0.43,1.64,0.00,1100
100.440,16.66,0.20,0.59,1.50,1.64,0.03,1093
100.457,16.67,0.19,0.60,0.41,1.66,0.00,1083
100.473,16.66,0.20,0.59,7.15,1.64,5.59,1075
100.490,16.75,0.21,0.60,0.44,1.66,0.00,1066
100.507,16.61,0.20,0.62,1.55,1.64,0.03,1056
100.523,16.66,0.20,0.59,0.43,1.64,0.00,1048
100.540,16.66,0.18,0.59,1.49,1.63,0.03,1041
100.557,16.67,0.19,0.59,0.43,1.62,0.00,1037
100.573,16.67,0.17,0.59,1.52,1.62,0.03,1027
100.590,16.67,0.19,0.58,0.41,1.64,0.00,1020
100.607,16.68,0.17,0.58,7.22,1.61,5.70,1016
100.623,16.65,0.19,0.60,0.43,1.62,0.00,1006
100.640,16.67,0.18,0.58,1.49,1.62,0.03,999
100.657,16.67,0.19,0.57,0.42,1.62,0.00,986
100.673,16.67,0.17,0.57,1.48,1.60,0.03,980
100.690,16.66,0.20,0.58,0.46,1.60,0.00,970
100.707,16.66,0.18,0.56,1.50,1.61,0.03,962
100.723,16.76,0.19,0.59,0.46,1.60,0.00,952
100.740,16.58,0.19,0.57,7.07,1.60,5.57,948
100.757,16.68,0.19,0.59,0.43,1.60,0.00,940
100.773,16.67,0.16,0.56,1.50,1.58,0.03,935
100.790,16.79,0.18,0.55,0.46,1.60,0.00,932
100.807,16.55,0.18,0.58,1.56,1.59,0.03,929
100.823,16.65,0.20,0.56,0.47,1.60,0.00,923
100.840,16.67,0.18,0.55,1.49,1.60,0.03,915
100.857,16.70,0.17,0.55,0.44,1.57,0.00,909
100.873,16.73,0.18,0.58,7.24,1.56,5.71,905
100.890,16.68,0.18,0.58,0.48,1.59,0.00,901
100.907,16.57,0.18,0.54,1.50,1.57,0.03,893
100.923,16.68,0.18,0.58,0.47,1.59,0.00,884
100.940,16.65,0.18,0.56,1.52,1.58,0.03,873
100.957,16.67,0.17,0.55,0.41,1.56,0.00,865
100.973,16.67,0.16,0.54,1.50,1.57,0.03,855
100.990,16.68,0.18,0.53,0.41,1.59,0.00,855
101.007,16.66,0.18,0.53,7.19,1.56,5.63,846
101.023,16.67,0.19,0.56,0.45,1.58,0.00,839
101.040,16.67,0.18,0.54,1.50,1.57,0.03,835
101.057,16.67,0.18,0.54,0.41,1.58,0.00,833
101.073,16.69,0.16,0.53,1.47,1.56,0.03,823
101.090,16.65,0.14,0.51,0.43,1.56,0.00,816
101.107,16.74,0.12,0.53,1.49,1.55,0.03,810
101.123,16.60,0.14,0.52,0.40,1.55,0.00,804
101.140,16.67,0.11,0.51,7.17,1.56,5.68,794
101.157,16.68,0.14,0.53,0.45,1.57,0.00,784
101.173,16.66,0.12,0.52,1.48,1.55,0.03,774
101.190,16.66,0.14,0.54,0.45,1.56,0.00,765
101.207,16.66,0.13,0.51,1.48,1.54,0.03,753
101.223,16.68,0.13,0.53,0.48,1.56,0.00,747
101.240,16.66,0.14,0.51,1.54,1.54,0.03,741
101.257,16.67,0.14,0.51,0.42,1.54,0.00,735
101.274,16.75,0.13,0.52,7.13,1.54,5.61,731
101.290,16.59,0.14,0.51,0.44,1.56,0.00,727
101.307,16.66,0.13,0.50,1.47,1.53,0.03,722
101.323,16.68,0.12,0.52,0.43,1.54,0.00,717
101.340,16.66,0.12,0.51,1.53,1.54,0.03,707
101.357,16.72,0.12,0.51,0.42,1.54,0.00,702
101.373,16.61,0.12,0.49,1.47,1.54,0.03,697
101.390,16.67,0.13,0.44,0.45,1.55,0.00,691
101.407,16.69,0.11,0.45,7.18,1.53,5.68,678
101.423,16.65,0.14,0.46,0.44,1.54,0.00,673
101.440,16.67,0.11,0.48,1.53,1.54,0.03,667
101.457,16.66,0.12,0.43,0.42,1.55,0.00,658
101.473,16.67,0.11,0.43,1.50,1.53,0.03,653
101.490,16.65,0.12,0.45,0.43,1.54,0.00,645
101.507,16.68,0.10,0.44,1.50,1.52,0.03,643
101.524,16.76,0.10,0.45,0.40,1.54,0.00,636
101.540,16.56,0.12,0.43,7.08,1.54,5.59,628
101.557,16.69,0.12,0.46,0.45,1.55,0.00,621
101.573,16.65,0.12,0.43,1.51,1.53,0.03,612
101.590,16.67,0.12,0.42,0.41,1.53,0.00,604
101.607,16.68,0.11,0.43,1.49,1.53,0.03,600
101.623,16.69,0.12,0.44,0.40,1.53,0.00,597
101.640,16.65,0.10,0.43,1.49,1.53,0.03,586
101.657,16.65,0.12,0.43,0.41,1.54,0.00,578
101.673,16.68,0.10,0.42,7.93,1.53,6.43,577
101.690,16.67,0.13,0.44,0.46,1.53,0.00,574
101.707,16.66,0.12,0.42,1.48,1.54,0.03,567
101.723,16.68,0.10,0.41,0.40,1.54,0.00,558
101.740,16.65,0.12,0.44,1.54,1.53,0.03,548
101.757,16.67,0.12,0.42,0.42,1.53,0.00,543
101.773,16.66,0.11,0.41,1.51,1.52,0.03,538
101.790,16.67,0.12,0.41,0.41,1.54,0.00,529
101.807,16.68,0.10,0.40,7.07,1.53,5.58,521
101.823,16.67,0.12,0.42,0.48,1.53,0.00,513
101.840,16.65,0.12,0.40,1.49,1.53,0.04,504
101.857,16.69,0.10,0.41,0.46,1.53,0.00,498
101.874,16.68,0.08,0.32,1.53,1.53,0.03,490
101.890,16.66,0.10,0.39,0.41,1.53,0.00,484
101.907,16.64,0.11,0.39,1.46,1.53,0.03,484
101.924,16.68,0.11,0.40,0.42,1.54,0.00,474
101.940,16.66,0.08,0.40,7.26,1.52,5.75,462
101.957,16.69,0.09,0.41,0.43,1.53,0.00,453
101.973,16.64,0.08,0.40,1.46,1.52,0.04,443
101.990,16.68,0.08,0.41,0.46,1.53,0.00,435
102.007,16.65,0.09,0.39,1.48,1.52,0.03,426
102.024,16.70,0.07,0.43,0.45,1.55,0.00,419
102.040,16.65,0.09,0.39,1.49,1.52,0.03,416
102.057,16.66,0.08,0.37,0.40,1.54,0.00,411
102.074,16.68,0.06,0.37,7.04,1.53,5.57,403
102.090,16.66,0.09,0.39,0.44,1.53,0.00,391
102.107,16.67,0.08,0.36,1.48,1.53,0.04,382
102.124,16.68,0.07,0.36,0.39,1.53,0.00,376
102.140,16.67,0.06,0.36,1.45,1.52,0.04,366
102.157,16.69,0.06,0.36,0.39,1.54,0.00,360
102.174,16.65,0.06,0.35,1.46,1.52,0.03,353
102.190,16.66,0.08,0.38,0.48,1.53,0.00,346
102.207,16.69,0.06,0.38,7.21,1.52,5.69,335
102.224,16.66,0.05,0.39,0.43,1.53,0.00,332
102.240,16.67,0.05,0.36,1.50,1.52,0.03,323
102.257,16.67,0.05,0.36,0.40,1.53,0.00,313
102.274,16.67,0.03,0.32,1.47,1.52,0.03,308
102.290,16.66,0.04,0.32,0.38,1.53,0.00,305
102.307,16.67,0.05,0.34,1.50,1.52,0.03,295
102.324,16.67,0.04,0.32,0.40,1.53,0.00,287
102.340,16.68,0.04,0.31,7.04,1.53,5.59,277
102.357,16.71,0.05,0.35,0.45,1.53,0.00,269
102.374,16.62,0.04,0.34,1.54,1.52,0.03,268
102.390,16.66,0.04,0.34,0.46,1.52,0.00,262
102.407,16.66,0.04,0.31,1.46,1.52,0.03,258
102.424,16.68,0.02,0.31,0.39,1.54,0.00,248
102.440,16.65,0.04,0.30,1.46,1.52,0.03,243
102.457,16.68,0.01,0.33,0.44,1.52,0.00,233
102.474,16.66,0.03,0.29,7.25,1.54,5.76,228
102.490,16.68,0.02,0.33,0.43,1.53,0.00,221
102.507,16.67,0.00,0.35,1.48,1.52,0.03,248
