t,frameMs,tickMs,buildMs,encodeMs,gpuMs,inkMs,instances
0.000,30.45,0.00,0.17,494.64,0.00,0.00,329
0.500,500.17,0.00,0.09,7.50,2.60,6.59,325
0.517,16.51,0.00,0.09,0.66,1.91,0.00,324
0.533,16.73,0.02,0.08,1.48,4.69,1.22,323
0.550,16.60,0.00,0.07,0.06,5.36,0.00,322
0.567,16.73,0.00,0.07,1.33,4.67,1.07,320
0.583,16.67,0.00,0.08,0.05,5.37,0.00,319
0.600,16.60,0.00,0.08,1.32,4.70,1.02,316
0.617,16.67,0.00,0.09,0.06,5.63,0.00,316
0.633,16.74,0.00,0.09,1.60,1.94,1.23,314
0.650,16.66,0.00,0.10,0.08,5.68,0.00,315
0.672,22.16,0.01,0.13,1.97,4.78,1.46,310
0.683,11.12,0.00,0.10,0.11,1.95,0.00,308
0.700,16.73,0.00,0.08,1.57,1.94,1.26,309
0.717,16.63,0.00,0.08,0.07,5.31,0.00,309
0.733,16.67,0.00,0.09,1.55,4.67,1.19,311
0.750,16.64,0.00,0.10,0.09,5.24,0.00,308
0.767,16.68,0.00,0.12,2.05,2.48,1.59,309
0.783,16.74,0.00,0.14,0.10,1.92,0.00,307
0.800,16.65,0.01,0.20,2.61,2.05,1.99,307
0.817,16.61,0.01,0.20,0.21,1.91,0.00,307
0.833,16.69,0.02,0.26,3.09,1.90,2.25,304
0.850,16.78,0.01,0.36,0.37,1.91,0.00,304
0.867,16.59,0.02,0.54,4.16,1.90,2.98,301
0.883,16.66,0.02,0.49,0.49,1.89,0.00,299
0.900,16.68,0.02,0.48,4.46,1.89,2.97,297
0.917,16.65,0.02,0.50,0.43,1.87,0.00,297
0.933,16.66,0.01,0.46,4.40,1.86,2.94,298
0.950,16.68,0.02,0.49,0.52,1.85,0.00,299
0.967,16.68,0.02,0.41,4.56,1.84,3.06,298
0.983,16.67,0.04,0.46,0.42,1.83,0.00,294
1.000,16.67,0.02,0.52,4.46,1.84,2.97,293
1.017,16.66,0.02,0.48,0.42,1.85,0.00,292
1.033,16.67,0.03,0.47,4.44,1.83,2.97,289
1.050,16.67,0.03,0.48,0.44,1.82,0.00,288
1.067,16.65,0.03,0.44,4.38,1.81,2.95,288
1.083,16.68,0.02,0.47,0.42,1.81,0.00,287
1.100,16.69,0.01,0.35,3.21,1.81,2.36,287
1.117,16.61,0.01,0.22,0.26,1.80,0.00,285
1.133,16.68,0.01,0.23,2.96,1.80,2.15,286
1.150,16.68,0.03,0.35,0.31,1.82,0.00,286
1.167,16.67,0.01,0.46,4.40,1.81,2.94,284
1.186,18.91,0.02,0.47,0.43,1.82,0.00,284
1.200,14.44,0.03,0.46,4.44,1.81,2.96,283
1.217,16.66,0.02,0.48,0.41,1.84,0.00,282
1.233,16.68,0.01,0.45,4.43,1.81,2.95,282
1.250,16.67,0.02,0.48,0.39,1.81,0.00,283
1.267,16.65,0.01,0.46,4.34,1.80,2.89,283
1.283,16.68,0.03,0.46,0.41,1.81,0.00,282
1.300,16.66,0.03,0.43,4.35,1.82,2.92,281
1.317,16.67,0.02,0.47,0.40,1.83,0.00,282
1.333,16.67,0.03,0.44,4.40,1.83,2.94,279
1.350,16.67,0.02,0.48,0.42,1.82,0.00,278
1.367,16.66,0.02,0.48,4.45,1.82,2.97,277
1.383,16.68,0.02,0.47,0.42,1.83,0.00,276
1.400,16.65,0.03,0.44,4.37,1.82,2.91,276
1.417,16.71,0.03,0.47,0.45,1.83,0.00,275
1.433,16.63,0.03,0.46,4.44,1.82,2.94,276
1.450,16.67,0.01,0.46,0.39,1.86,0.00,276
1.467,16.69,0.02,0.48,4.57,1.86,3.07,277
1.483,16.65,0.02,0.48,0.48,1.86,0.00,274
1.500,16.77,0.02,0.48,4.91,1.94,3.41,273
1.517,16.59,0.02,0.48,0.45,1.84,0.00,273
1.533,16.64,0.02,0.49,4.56,1.84,3.10,272
1.550,16.67,0.02,0.45,0.39,1.85,0.00,271
1.567,16.77,0.02,0.47,4.59,1.84,3.13,270
1.584,16.62,0.03,0.48,0.42,1.85,0.00,269
1.600,16.61,0.02,0.49,4.60,1.86,3.13,267
1.617,16.65,0.02,0.50,0.41,1.90,0.00,266
1.634,16.79,0.02,0.48,4.56,1.86,3.11,264
1.650,16.67,0.02,0.45,0.40,1.87,0.00,261
1.667,16.67,0.02,0.46,4.56,1.85,3.11,259
1.684,16.67,0.02,0.47,0.39,1.86,0.00,258
1.700,16.66,0.02,0.47,4.59,1.84,3.12,259
1.717,16.67,0.02,0.47,0.48,1.85,0.00,258
1.733,16.57,0.02,0.48,4.52,1.84,3.02,252
1.750,16.72,0.02,0.46,0.42,1.86,0.00,252
1.767,16.58,0.01,0.15,3.53,1.84,2.11,252
1.783,16.65,0.01,0.18,0.16,1.88,0.00,251
1.800,16.66,0.01,0.14,3.42,1.85,1.97,250
1.817,16.67,0.01,0.18,0.17,1.83,0.00,249
1.833,16.67,0.01,0.19,3.53,1.82,2.12,250
1.850,16.71,0.01,0.21,0.20,1.81,0.00,249
1.867,16.68,0.01,0.20,3.51,1.80,2.09,249
1.883,16.61,0.14,0.37,0.20,1.80,0.00,296
1.900,16.67,0.01,0.27,3.62,2.65,2.21,295
1.917,16.67,0.02,0.28,0.20,2.66,0.00,295
1.934,16.73,0.02,0.30,3.04,2.64,1.91,294
1.950,16.60,0.02,0.30,0.21,2.66,0.00,293
1.967,16.67,0.01,0.27,3.51,2.62,2.12,293
1.984,16.71,0.02,0.29,0.18,2.63,0.00,292
2.000,16.63,0.02,0.28,3.53,2.61,2.11,292
2.017,16.67,0.02,0.29,0.22,2.63,0.00,292
2.033,16.69,0.03,0.29,3.73,2.61,2.29,292
2.050,16.70,0.03,0.40,0.28,2.64,0.00,293
2.067,16.63,0.03,0.38,2.85,2.65,2.14,293
2.084,16.70,0.03,0.40,0.32,2.64,0.00,294
2.100,16.63,0.02,0.41,3.96,2.65,2.51,339
2.117,16.66,0.02,0.42,0.26,2.72,0.00,345
2.133,16.66,0.02,0.37,3.85,2.75,2.43,346
2.150,16.68,0.02,0.40,0.23,2.75,0.00,349
2.167,16.68,0.02,0.39,3.86,2.77,2.43,349
2.184,16.69,0.02,0.40,0.23,2.77,0.00,353
2.200,16.67,0.02,0.39,3.82,2.78,2.41,354
2.217,16.63,0.02,0.40,0.22,2.79,0.00,355
2.233,16.67,0.02,0.37,3.74,2.79,2.32,355
2.250,16.68,0.02,0.39,0.26,2.80,0.00,357
2.267,16.67,0.02,0.41,3.85,2.78,2.40,361
2.284,16.70,0.02,0.40,0.23,2.80,0.00,362
2.300,16.69,0.01,0.38,3.83,2.20,2.44,364
2.317,16.64,0.02,0.40,0.23,2.21,0.00,367
2.334,16.69,0.02,0.36,3.79,2.20,2.40,373
2.350,16.64,0.02,0.37,0.25,2.27,0.00,375
2.367,16.68,0.02,0.36,3.80,2.26,2.39,375
2.384,16.63,0.08,0.39,0.23,2.27,0.00,427
2.400,16.67,0.02,0.39,3.72,2.39,2.33,437
2.417,16.67,0.02,0.40,0.25,2.52,0.00,440
2.434,16.67,0.02,0.39,3.80,2.51,2.37,443
2.450,16.69,0.02,0.57,0.32,2.52,0.00,445
2.467,16.74,0.02,0.55,4.05,2.50,2.58,450
2.484,16.58,0.04,0.58,0.32,2.51,0.00,453
2.500,16.68,0.02,0.56,4.18,2.53,2.69,456
2.517,16.66,0.03,0.57,0.33,2.54,0.00,457
2.534,16.68,0.02,0.55,4.04,2.53,2.61,455
2.550,16.67,0.02,0.58,0.31,2.52,0.00,456
2.567,16.66,0.03,0.55,4.07,2.50,2.62,459
2.584,16.75,0.03,0.58,0.33,2.50,0.00,463
2.600,16.59,0.03,0.57,4.14,2.48,2.65,462
2.617,16.69,0.04,0.58,0.34,2.49,0.00,464
2.634,16.65,0.03,0.54,4.02,2.48,2.59,464
2.650,16.66,0.04,0.57,0.31,2.49,0.00,468
2.667,16.68,0.03,0.55,4.12,2.48,2.67,469
2.684,16.66,0.03,0.57,0.32,2.48,0.00,469
2.700,16.68,0.02,0.55,3.94,2.47,2.52,469
2.717,16.74,0.03,0.57,0.32,2.47,0.00,469
2.734,16.59,0.02,0.56,3.99,2.46,2.56,471
2.750,16.66,0.03,0.57,0.31,2.45,0.00,472
2.767,16.67,0.04,0.55,3.95,2.45,2.52,472
2.784,16.67,0.04,0.57,0.32,2.45,0.00,473
2.800,16.77,0.03,0.75,4.40,2.46,2.93,476
2.817,16.57,0.05,0.77,0.40,2.47,0.00,476
2.834,16.68,0.05,0.76,4.45,2.45,2.98,476
2.850,16.67,0.03,0.77,0.44,2.45,0.00,476
2.867,16.66,0.04,0.77,4.38,2.44,2.90,478
2.884,16.67,0.04,0.78,0.44,2.44,0.00,479
2.900,16.66,0.05,0.74,4.40,2.44,2.95,479
2.917,16.69,0.05,0.77,0.42,2.45,0.00,478
2.934,16.66,0.04,0.80,4.47,2.43,2.96,476
2.950,16.68,0.05,0.77,0.41,2.46,0.00,473
2.967,16.64,0.04,0.75,4.34,2.45,2.89,476
2.984,16.67,0.05,0.77,0.45,2.46,0.00,479
3.000,16.67,0.04,0.73,4.37,2.45,2.90,480
3.017,16.67,0.04,0.76,0.39,2.46,0.00,477
3.034,16.71,0.03,0.77,4.35,2.45,2.89,476
3.050,16.64,0.03,0.74,0.40,2.45,0.00,471
3.067,16.64,0.04,0.75,4.35,2.44,2.90,469
3.084,16.67,0.05,0.76,0.44,2.45,0.00,471
3.100,16.65,0.03,0.74,4.50,2.47,3.04,471
3.117,16.75,0.04,0.80,0.45,2.47,0.00,468
3.134,16.60,0.05,0.75,4.40,2.46,2.93,465
3.150,16.66,0.03,0.77,0.40,2.46,0.00,465
3.167,16.67,0.04,0.75,4.31,2.46,2.85,462
3.184,16.68,0.03,0.74,0.41,2.45,0.00,462
3.200,16.73,0.03,0.78,4.46,2.43,2.96,461
3.217,16.64,0.03,0.77,0.41,2.44,0.00,455
3.234,16.62,0.05,0.73,4.38,2.44,2.93,453
3.250,16.67,0.04,0.76,0.41,2.46,0.00,454
3.267,16.66,0.04,0.72,4.35,2.45,2.90,451
3.284,16.67,0.05,0.77,0.41,2.43,0.00,448
3.300,16.66,0.05,0.75,4.34,2.43,2.89,447
3.317,16.68,0.05,0.75,0.42,2.44,0.00,445
3.334,16.68,0.04,0.78,4.55,2.41,3.03,442
3.350,16.67,0.04,0.58,0.34,2.41,0.00,434
3.367,16.65,0.03,0.63,4.17,2.39,2.70,423
3.384,16.68,0.04,0.54,0.32,2.39,0.00,417
3.400,16.74,0.03,0.73,4.48,2.12,2.98,416
3.417,16.60,0.04,0.74,0.42,2.13,0.00,413
3.434,16.66,0.04,0.69,4.40,2.10,2.94,411
3.450,16.66,0.03,0.73,0.44,2.10,0.00,408
3.467,16.67,0.05,0.71,4.47,2.08,2.99,405
3.484,16.79,0.04,0.71,0.52,2.08,0.00,403
3.500,16.57,0.04,0.72,4.50,2.05,2.98,403
3.517,16.68,0.05,0.73,0.43,2.05,0.00,400
3.534,16.65,0.07,0.98,4.68,2.03,3.19,454
3.550,16.66,0.07,0.96,0.44,2.92,0.00,453
3.567,16.66,0.06,0.93,4.38,2.90,2.92,452
3.584,16.67,0.06,0.96,0.41,2.90,0.00,449
3.600,16.67,0.06,0.95,4.37,2.88,2.90,447
3.617,16.68,0.05,0.96,0.40,2.88,0.00,446
3.634,16.67,0.06,0.99,4.60,2.88,3.12,444
3.650,16.65,0.07,0.95,0.42,2.87,0.00,445
3.667,16.67,0.06,0.92,4.38,2.85,2.93,442
3.684,16.68,0.07,0.97,0.42,2.86,0.00,441
3.700,16.65,0.06,0.94,4.34,2.88,2.90,442
3.717,16.68,0.05,0.96,0.42,2.89,0.00,441
3.734,16.67,0.04,0.94,4.41,2.89,2.94,436
3.750,16.66,0.06,0.98,0.43,2.89,0.00,448
3.767,16.67,0.06,0.93,4.47,2.92,2.99,449
3.784,16.68,0.07,0.99,0.48,2.93,0.00,449
3.800,16.65,0.05,0.98,4.54,2.93,3.05,450
3.817,16.67,0.06,0.96,0.42,2.96,0.00,449
3.834,16.66,0.05,0.94,4.46,2.95,2.99,448
3.850,16.67,0.06,0.78,0.39,2.96,0.00,436
3.867,16.66,0.06,0.77,4.41,2.94,2.93,440
3.884,16.68,0.05,0.76,0.40,2.95,0.00,440
3.900,16.65,0.05,0.74,4.40,2.95,2.96,442
3.917,16.68,0.05,0.78,0.40,2.96,0.00,445
3.934,16.68,0.05,0.76,4.34,2.96,2.89,446
3.950,16.66,0.05,0.78,0.41,2.38,0.00,447
3.967,16.67,0.05,0.78,4.40,2.39,2.93,447
3.984,16.71,0.05,0.77,0.40,2.39,0.00,451
4.000,16.62,0.04,0.77,4.39,2.43,2.88,452
4.017,16.67,0.06,0.77,0.41,2.43,0.00,454
4.034,16.67,0.05,0.74,4.38,2.43,2.91,458
4.050,16.67,0.04,0.85,0.42,2.43,0.00,459
4.067,16.66,0.05,0.76,4.35,2.44,2.91,463
4.084,16.67,0.05,0.78,0.42,2.45,0.00,467
4.100,16.69,0.05,0.78,4.40,2.46,2.92,468
4.117,16.66,0.05,0.78,0.43,2.46,0.00,469
4.134,16.67,0.05,0.75,4.32,2.49,2.89,474
4.150,16.68,0.04,0.79,0.47,2.52,0.00,476
4.167,16.75,0.04,0.79,4.61,2.50,3.09,483
4.184,16.63,0.05,0.77,0.43,2.52,0.00,483
4.200,16.60,0.05,0.78,4.42,2.53,2.96,485
4.217,16.66,0.05,0.78,0.41,2.54,0.00,493
4.234,16.66,0.05,0.77,4.36,2.53,2.91,494
4.250,16.68,0.05,0.78,0.41,2.56,0.00,496
4.267,16.67,0.05,0.75,4.37,2.55,2.90,500
4.284,16.69,0.06,0.78,0.41,2.56,0.00,502
4.300,16.65,0.06,0.77,4.37,2.59,2.91,503
4.317,16.66,0.05,0.77,0.40,2.60,0.00,505
4.334,16.67,0.05,0.73,4.33,2.60,2.84,505
4.350,16.67,0.05,0.73,0.42,2.57,0.00,502
4.367,16.68,0.05,0.70,4.39,2.56,2.91,503
4.384,16.70,0.17,0.82,0.40,2.55,0.00,562
4.400,16.63,0.07,0.78,4.33,2.74,2.86,573
4.417,16.71,0.07,0.82,0.43,2.86,0.00,573
4.434,16.66,0.07,0.78,4.15,2.85,2.94,572
4.450,16.70,0.09,0.80,0.44,2.85,0.00,571
4.467,16.61,0.08,0.76,4.42,2.84,2.94,570
4.484,16.68,0.07,0.81,0.46,2.84,0.00,568
4.500,16.66,0.06,0.79,4.40,2.82,2.94,566
4.517,16.68,0.08,0.79,0.42,2.82,0.00,568
4.534,16.66,0.07,0.78,4.40,2.83,2.93,566
4.550,16.68,0.07,0.81,0.44,2.80,0.00,565
4.567,16.65,0.08,0.79,4.37,2.79,2.93,568
4.584,16.68,0.09,0.80,0.41,2.80,0.00,568
4.600,16.68,0.07,0.78,4.45,2.80,2.96,567
4.617,16.65,0.08,0.80,0.45,2.80,0.00,568
4.634,16.68,0.07,0.77,3.77,2.79,2.57,566
4.650,16.66,0.08,0.81,0.44,2.78,0.00,563
4.667,16.65,0.08,0.76,4.41,2.77,2.95,560
4.684,16.67,0.09,0.81,0.42,2.77,0.00,557
4.700,16.67,0.08,0.77,4.49,2.75,3.00,555
4.717,16.71,0.07,0.81,0.41,2.75,0.00,553
4.734,16.64,0.07,0.79,4.39,2.73,2.93,553
4.750,16.66,0.08,0.80,0.43,2.75,0.00,555
4.767,16.67,0.08,0.76,4.38,2.76,2.93,551
4.784,16.67,0.08,0.80,0.42,2.74,0.00,549
4.800,16.69,0.06,0.78,4.37,2.73,2.92,546
4.817,16.66,0.09,0.81,0.41,2.71,0.00,547
4.834,16.67,0.06,0.77,4.36,2.70,2.91,542
4.850,16.67,0.09,0.80,0.45,2.69,0.00,541
4.867,16.66,0.08,0.78,4.45,2.67,2.95,540
4.884,16.68,0.09,0.80,0.41,2.66,0.00,533
4.900,16.65,0.07,0.75,4.33,2.67,2.88,530
4.917,16.67,0.08,0.80,0.42,2.66,0.00,526
4.934,16.68,0.06,0.60,3.78,2.65,2.59,522
4.950,16.66,0.03,0.33,0.26,2.62,0.00,522
4.967,16.68,0.07,0.82,4.64,2.62,3.08,516
4.984,16.65,0.08,0.79,0.42,2.62,0.00,512
5.000,16.67,0.07,0.75,4.42,2.61,2.94,507
5.017,16.66,0.07,0.79,0.40,2.59,0.00,506
5.034,16.70,0.06,0.73,4.36,2.58,2.90,505
5.050,16.65,0.08,0.74,0.45,2.24,0.00,502
5.067,16.66,0.08,0.72,4.45,2.22,2.94,501
5.084,16.67,0.08,0.75,0.44,2.22,0.00,497
5.100,16.67,0.07,0.74,4.50,2.21,3.02,495
5.117,16.68,0.08,0.76,0.43,2.21,0.00,494
5.134,16.65,0.07,0.72,4.35,2.20,2.89,493
5.150,16.67,0.09,0.76,0.46,2.20,0.00,492
5.167,16.68,0.06,0.71,4.40,2.20,2.93,492
5.184,16.69,0.07,0.79,0.46,2.20,0.00,491
5.200,16.64,0.07,0.70,4.38,2.19,2.93,490
5.217,16.68,0.07,0.76,0.40,2.19,0.00,488
5.234,16.65,0.07,0.74,4.49,2.18,3.02,483
5.250,16.67,0.08,0.76,0.43,2.18,0.00,483
5.267,16.66,0.07,0.73,4.40,2.16,2.95,481
5.284,16.68,0.08,0.76,0.42,2.16,0.00,479
5.300,16.67,0.07,0.71,4.31,2.15,2.88,479
5.317,16.66,0.08,0.75,0.40,2.14,0.00,477
5.334,16.69,0.06,0.71,4.34,2.12,2.90,473
5.350,16.67,0.07,0.75,0.46,2.15,0.00,473
5.367,16.75,0.04,0.39,3.00,2.13,2.17,472
5.384,16.57,0.07,0.78,0.49,2.11,0.00,467
5.400,16.67,0.05,0.74,4.41,2.10,2.93,462
5.417,16.66,0.06,0.75,0.40,2.10,0.00,461
5.434,16.68,0.06,0.75,4.36,2.09,2.90,456
5.450,16.67,0.05,0.75,0.41,2.08,0.00,453
5.467,16.68,0.04,0.82,4.62,2.06,3.07,450
5.484,16.67,0.05,0.78,0.50,2.05,0.00,446
5.500,16.65,0.06,0.55,4.63,2.05,3.11,424
5.517,16.67,0.06,0.54,0.41,2.03,0.00,422
5.534,16.66,0.04,0.52,4.44,2.03,2.93,419
5.550,16.68,0.06,0.56,0.47,2.00,0.00,416
5.567,16.68,0.04,0.60,4.49,1.99,2.98,413
5.584,16.64,0.05,0.55,0.45,2.00,0.00,410
5.600,16.66,0.04,0.55,4.42,1.99,2.93,409
5.617,16.67,0.06,0.54,0.44,1.99,0.00,406
5.634,16.67,0.10,0.77,4.52,1.96,3.06,459
5.650,16.67,0.09,0.78,0.44,2.89,0.00,458
5.667,16.68,0.08,0.76,4.47,2.87,2.99,457
5.684,16.66,0.10,0.78,0.39,2.87,0.00,452
5.700,16.67,0.09,0.78,4.32,2.87,2.86,451
5.717,16.68,0.09,0.78,0.41,2.87,0.00,448
5.734,16.65,0.09,0.78,4.34,2.85,2.87,445
5.750,16.68,0.08,0.79,0.42,2.85,0.00,445
5.767,16.66,0.08,0.76,4.43,2.85,2.97,443
5.784,16.67,0.09,0.80,0.41,2.84,0.00,445
5.801,16.70,0.08,0.79,4.47,2.83,2.99,444
5.817,16.65,0.09,0.80,0.43,2.84,0.00,448
5.834,16.65,0.09,0.79,4.35,2.84,2.88,444
5.851,16.68,0.08,0.81,0.44,2.83,0.00,445
5.867,16.65,0.09,0.80,4.37,2.83,2.90,447
5.884,16.68,0.10,0.81,0.46,2.84,0.00,448
5.900,16.66,0.08,0.81,4.39,2.81,2.95,449
5.917,16.68,0.09,0.82,0.42,2.85,0.00,449
5.934,16.66,0.08,0.79,4.32,2.85,2.87,450
5.951,16.67,0.09,0.81,0.40,2.87,0.00,450
5.967,16.66,0.09,0.80,4.36,2.88,2.89,452
5.984,16.67,0.09,0.81,0.42,2.89,0.00,451
6.000,16.67,0.09,0.79,4.25,2.87,2.81,450
6.017,16.67,0.08,0.81,0.40,2.88,0.00,453
6.034,16.67,0.08,0.79,4.42,2.88,2.96,455
6.051,16.68,0.09,0.81,0.40,2.31,0.00,456
6.067,16.66,0.08,0.80,4.30,2.31,2.86,456
6.084,16.71,0.10,0.83,0.46,2.31,0.00,458
6.101,16.63,0.09,0.84,4.39,2.34,2.91,462
6.117,16.67,0.05,0.43,0.32,2.35,0.00,466
6.134,16.70,0.08,0.85,4.48,2.34,2.97,469
6.151,16.64,0.08,0.82,0.39,2.35,0.00,472
6.167,16.66,0.08,0.82,4.37,2.36,2.89,474
6.184,16.68,0.07,0.82,0.40,2.37,0.00,475
6.201,16.65,0.08,0.80,4.35,2.36,2.90,474
6.217,16.67,0.08,0.82,0.41,2.37,0.00,478
6.234,16.67,0.09,0.80,4.35,2.37,2.91,482
6.251,16.67,0.08,0.81,0.41,2.41,0.00,483
6.267,16.68,0.07,0.81,4.36,2.41,2.88,487
6.284,16.67,0.07,0.80,0.42,2.43,0.00,490
6.301,16.65,0.08,0.79,4.42,2.41,2.96,489
6.317,16.66,0.08,0.80,0.40,2.42,0.00,490
6.334,16.70,0.06,0.78,4.35,2.43,2.90,491
6.351,16.66,0.08,0.75,0.43,2.41,0.00,491
6.367,16.64,0.08,0.76,4.35,2.40,2.87,493
6.384,16.67,0.20,0.84,0.42,2.42,0.00,545
6.401,16.67,0.08,0.83,4.42,2.61,2.96,552
6.417,16.68,0.08,0.85,0.42,2.66,0.00,552
6.434,16.66,0.08,0.83,4.34,2.66,2.87,553
6.451,16.67,0.08,0.86,0.44,2.66,0.00,554
6.467,16.67,0.08,0.83,4.30,2.66,2.85,554
6.484,16.70,0.07,0.86,0.41,2.66,0.00,556
6.501,16.67,0.10,0.88,4.28,2.64,2.83,558
6.517,16.64,0.08,0.85,0.40,2.65,0.00,559
6.534,16.68,0.08,0.83,4.33,2.64,2.85,560
6.551,16.68,0.07,0.86,0.41,2.66,0.00,561
6.567,16.76,0.07,0.88,4.64,2.66,3.13,562
6.584,16.66,0.07,0.88,0.48,2.64,0.00,561
6.601,16.57,0.08,0.86,4.58,2.64,3.05,563
6.617,16.69,0.08,0.89,0.51,2.64,0.00,563
6.634,16.63,0.06,0.64,4.24,2.64,2.74,565
6.651,16.66,0.07,0.66,0.36,2.63,0.00,565
6.667,16.67,0.08,0.85,4.42,2.64,2.94,567
6.684,16.68,0.09,0.87,0.43,2.65,0.00,570
6.701,16.66,0.08,0.84,4.39,2.66,2.92,574
6.717,16.69,0.09,0.87,0.42,2.66,0.00,573
6.734,16.66,0.09,0.85,4.40,2.65,2.93,571
6.751,16.67,0.08,0.87,0.42,2.66,0.00,570
6.767,16.68,0.07,0.85,4.39,2.65,2.92,574
6.784,16.65,0.08,0.86,0.41,2.66,0.00,575
6.801,16.68,0.09,0.86,4.43,2.66,2.92,574
6.817,16.65,0.08,0.87,0.42,2.68,0.00,572
6.834,16.69,0.07,0.84,4.48,2.67,3.02,571
6.851,16.66,0.11,0.86,0.41,2.69,0.00,574
6.867,16.70,0.10,0.87,4.45,2.69,2.95,570
6.884,16.69,0.07,0.64,0.34,2.68,0.00,568
6.901,16.60,0.08,0.66,4.23,2.68,2.74,566
6.917,16.67,0.07,0.65,0.34,2.69,0.00,562
6.934,16.67,0.07,0.65,4.24,2.68,2.75,562
6.951,16.67,0.06,0.64,0.32,2.70,0.00,561
6.967,16.66,0.06,0.63,3.98,2.70,2.54,564
6.984,16.67,0.09,0.87,0.32,2.71,0.00,614
7.001,16.67,0.07,0.84,4.36,3.60,2.92,615
7.017,16.69,0.07,0.86,0.32,3.59,0.00,613
7.034,16.66,0.06,0.85,4.00,3.59,2.55,609
7.051,16.66,0.08,0.87,0.35,3.60,0.00,607
7.067,16.70,0.09,1.17,4.48,3.59,3.00,605
7.084,16.66,0.11,1.18,0.46,3.58,0.00,598
7.101,16.67,0.09,1.20,4.48,3.58,3.00,585
7.117,16.66,0.10,1.16,0.43,3.58,0.00,572
7.134,16.66,0.07,0.87,4.22,3.56,2.80,567
7.151,16.66,0.08,0.87,0.33,3.19,0.00,567
7.167,16.68,0.07,0.85,4.16,3.21,2.71,566
7.184,16.66,0.08,0.88,0.32,3.21,0.00,562
7.201,16.68,0.06,0.85,3.98,3.20,2.55,564
7.217,16.66,0.08,0.89,0.34,3.23,0.00,563
7.234,16.69,0.06,0.87,4.17,3.22,2.77,564
7.251,16.66,0.10,1.18,0.43,3.22,0.00,566
7.267,16.66,0.09,1.17,4.30,3.24,2.87,569
7.284,16.67,0.11,1.18,0.44,3.25,0.00,571
7.301,16.67,0.09,1.16,4.38,3.28,2.92,574
7.317,16.67,0.10,1.20,0.43,3.29,0.00,577
7.334,16.67,0.09,1.17,4.31,3.29,2.89,577
7.351,16.68,0.10,1.20,0.43,3.30,0.00,579
7.367,16.66,0.09,1.26,4.50,3.29,3.02,580
7.384,16.67,0.10,1.21,0.43,3.31,0.00,579
7.401,16.67,0.09,1.20,4.41,2.72,2.93,581
7.417,16.67,0.10,1.21,0.45,2.73,0.00,583
7.434,16.67,0.10,1.18,4.36,2.72,2.91,588
7.451,16.68,0.09,1.20,0.43,2.77,0.00,589
7.467,16.66,0.09,1.25,4.12,2.75,2.93,587
7.484,16.65,0.07,0.90,0.36,2.76,0.00,587
7.501,16.68,0.08,0.91,3.71,2.76,2.54,588
7.517,16.66,0.08,0.91,0.33,2.78,0.00,587
7.534,16.67,0.09,1.17,4.43,2.79,2.95,586
7.551,16.68,0.10,1.23,0.46,2.79,0.00,585
7.567,16.66,0.10,1.20,4.45,2.79,2.95,586
7.584,16.73,0.09,1.18,0.49,2.80,0.00,584
7.601,16.61,0.09,0.97,4.47,2.84,2.97,583
7.617,16.67,0.10,0.97,0.45,2.85,0.00,588
7.634,16.68,0.09,0.98,4.55,2.86,3.04,588
7.651,16.66,0.10,0.97,0.42,2.87,0.00,589
7.667,16.69,0.08,0.95,4.42,2.87,2.94,591
7.684,16.66,0.09,0.96,0.41,2.89,0.00,591
7.701,16.68,0.07,0.93,4.33,2.89,2.87,593
7.717,16.66,0.09,0.95,0.41,2.90,0.00,593
7.734,16.67,0.09,0.94,4.34,2.90,2.90,597
7.751,16.68,0.09,0.96,0.44,2.95,0.00,598
7.767,16.66,0.09,0.96,4.33,2.94,2.87,600
7.784,16.67,0.09,0.96,0.40,2.96,0.00,600
7.801,16.69,0.08,0.96,4.39,2.97,2.91,600
7.817,16.69,0.08,0.96,0.40,2.97,0.00,602
7.834,16.62,0.09,0.92,4.33,2.97,2.87,602
7.851,16.69,0.10,0.96,0.43,2.96,0.00,603
7.867,16.66,0.09,0.95,4.50,2.98,3.02,603
7.884,16.67,0.08,0.95,0.43,2.97,0.00,603
7.901,16.67,0.09,0.92,4.43,2.99,2.97,603
7.917,16.66,0.09,0.96,0.42,3.00,0.00,604
7.934,16.66,0.09,0.94,4.34,3.00,2.90,605
7.951,16.68,0.09,0.94,0.41,3.00,0.00,604
7.967,16.67,0.09,0.92,4.36,2.99,2.89,605
7.984,16.67,0.10,0.94,0.42,2.98,0.00,605
8.001,16.66,0.08,0.91,4.31,2.98,2.87,605
8.017,16.67,0.09,0.94,0.41,2.98,0.00,604
8.034,16.70,0.08,0.95,4.33,2.97,2.87,606
8.051,16.63,0.09,0.94,0.43,3.05,0.00,607
8.067,16.67,0.07,0.92,4.28,3.03,2.84,607
8.084,16.74,0.08,0.95,0.45,3.03,0.00,608
8.101,16.60,0.09,0.95,4.37,3.02,2.89,626
8.117,16.68,0.09,0.94,0.44,3.02,0.00,627
8.134,16.66,0.09,0.94,4.33,3.04,2.85,628
8.151,16.69,0.08,0.93,0.43,3.03,0.00,628
8.167,16.63,0.08,0.92,4.32,3.02,2.88,628
8.184,16.70,0.08,0.93,0.41,3.01,0.00,629
8.201,16.63,0.08,0.90,4.39,3.01,2.89,631
8.217,16.67,0.09,0.94,0.43,3.00,0.00,631
8.234,16.67,0.08,0.93,4.38,2.99,2.90,631
8.251,16.67,0.09,0.93,0.42,2.99,0.00,630
8.267,16.67,0.09,0.90,4.37,2.98,2.90,628
8.284,16.67,0.09,0.93,0.41,2.97,0.00,628
8.301,16.67,0.08,0.90,4.38,2.97,2.91,628
8.317,16.67,0.09,0.91,0.41,2.96,0.00,630
8.334,16.69,0.07,0.90,4.34,2.94,2.88,631
8.351,16.64,0.09,0.83,0.41,2.97,0.00,631
8.367,16.67,0.09,0.80,4.42,2.96,2.93,630
8.384,16.67,0.21,0.92,0.46,2.95,0.00,644
8.401,16.67,0.09,0.91,4.40,3.06,2.93,647
8.417,16.71,0.10,0.92,0.42,3.12,0.00,644
8.434,16.62,0.09,0.93,4.47,3.12,3.02,640
8.451,16.67,0.09,0.91,0.41,3.11,0.00,627
8.467,16.67,0.08,0.89,4.38,3.08,2.91,615
8.484,16.68,0.09,0.88,0.41,3.09,0.00,613
8.501,16.67,0.11,0.86,4.33,2.65,2.88,612
8.517,16.66,0.10,0.89,0.40,2.65,0.00,612
8.534,16.69,0.07,0.87,4.46,2.63,2.96,611
8.551,16.66,0.10,0.88,0.45,2.63,0.00,609
8.567,16.65,0.09,0.86,4.36,2.62,2.89,609
8.584,16.70,0.09,0.89,0.45,2.64,0.00,609
8.601,16.63,0.09,0.89,4.45,2.62,2.95,609
8.617,16.67,0.10,0.88,0.44,2.63,0.00,609
8.634,16.67,0.09,0.85,4.39,2.62,2.90,609
8.651,16.67,0.09,0.88,0.43,2.64,0.00,609
8.667,16.69,0.07,0.86,4.38,2.64,2.92,609
8.684,16.67,0.08,0.87,0.43,2.63,0.00,608
8.701,16.66,0.08,0.86,4.47,2.61,3.00,608
8.717,16.65,0.09,0.87,0.41,2.61,0.00,607
8.734,16.67,0.09,0.84,4.37,2.60,2.91,605
8.751,16.67,0.09,0.87,0.42,2.59,0.00,605
8.767,16.66,0.09,0.85,4.38,2.58,2.92,602
8.784,16.67,0.09,0.87,0.40,2.58,0.00,599
8.801,16.68,0.07,0.85,4.34,2.59,2.90,598
8.817,16.65,0.09,0.87,0.41,2.60,0.00,597
8.834,16.70,0.07,0.86,4.41,2.58,2.95,594
8.851,16.65,0.09,0.88,0.43,2.58,0.00,590
8.867,16.68,0.09,0.88,4.41,2.55,2.91,590
8.884,16.66,0.10,0.88,0.43,2.56,0.00,586
8.901,16.66,0.08,0.84,4.40,2.54,2.93,578
8.917,16.67,0.09,0.88,0.42,2.54,0.00,574
8.934,16.67,0.26,1.23,5.12,2.51,3.64,641
8.951,16.70,0.09,0.97,0.44,3.50,0.00,604
8.967,16.64,0.10,0.95,4.45,3.46,2.99,603
8.984,16.67,0.11,0.97,0.41,3.46,0.00,601
9.001,16.67,0.10,0.95,4.39,3.43,2.92,580
9.017,16.67,0.11,0.97,0.41,3.42,0.00,579
9.034,16.67,0.11,0.96,4.35,3.41,2.90,579
9.051,16.67,0.10,0.98,0.45,3.41,0.00,580
9.067,16.66,0.11,1.03,4.45,3.39,2.97,580
9.084,16.69,0.12,1.00,0.43,3.40,0.00,580
9.101,16.65,0.13,0.98,4.45,3.37,2.91,582
9.117,16.67,0.12,1.00,0.44,3.39,0.00,582
9.134,16.69,0.11,0.98,4.39,3.39,2.92,582
9.151,16.64,0.12,1.01,0.47,3.39,0.00,584
9.167,16.67,0.11,1.01,4.44,3.42,2.95,585
9.184,16.69,0.12,1.01,0.48,3.42,0.00,586
9.201,16.65,0.09,1.00,4.41,3.42,2.93,588
9.217,16.70,0.09,1.02,0.45,3.44,0.00,592
9.234,16.62,0.11,1.00,4.46,3.43,3.00,591
9.251,16.66,0.09,1.02,0.42,3.48,0.00,594
9.267,16.68,0.10,1.00,4.39,3.48,2.91,595
9.284,16.66,0.11,1.03,0.43,3.48,0.00,594
9.301,16.66,0.11,1.00,4.35,3.49,2.90,598
9.317,16.67,0.10,1.02,0.42,3.49,0.00,600
9.334,16.68,0.10,1.00,4.37,3.49,2.91,604
9.351,16.66,0.09,1.04,0.43,2.92,0.00,605
9.367,16.68,0.10,1.02,4.42,2.93,2.94,607
9.384,16.66,0.11,1.03,0.43,2.95,0.00,610
9.401,16.66,0.10,1.02,4.33,2.99,2.89,612
9.417,16.69,0.10,1.04,0.48,3.00,0.00,614
9.434,16.69,0.10,1.06,4.52,2.98,2.98,620
9.451,16.72,0.10,1.06,0.37,3.00,0.00,623
9.467,16.59,0.10,0.74,3.77,3.01,2.30,624
9.484,16.66,0.11,1.04,0.44,3.03,0.00,627
9.501,16.68,0.10,1.01,4.58,3.03,3.05,627
9.517,16.66,0.10,1.02,0.46,3.04,0.00,629
9.534,16.69,0.09,1.02,4.48,3.05,2.99,633
9.551,16.64,0.09,1.00,0.42,3.09,0.00,638
9.568,16.82,0.09,1.02,4.50,3.11,3.00,639
9.584,16.56,0.09,1.01,0.48,3.11,0.00,643
9.601,16.67,0.10,1.02,4.47,3.12,2.92,643
9.618,16.72,0.10,1.02,0.47,3.13,0.00,645
9.634,16.59,0.10,1.04,4.44,3.15,2.93,652
9.651,16.66,0.09,1.01,0.43,3.15,0.00,655
9.668,16.73,0.10,1.04,4.51,3.17,2.97,659
9.684,16.61,0.11,1.02,0.48,3.18,0.00,665
9.701,16.69,0.10,1.02,4.56,3.21,3.02,664
9.718,16.75,0.09,1.01,0.50,3.23,0.00,667
9.734,16.63,0.09,0.97,4.57,3.24,3.05,669
9.751,16.61,0.09,1.00,0.50,3.24,0.00,672
9.768,16.75,0.11,1.04,4.71,3.24,3.14,672
9.784,16.60,0.10,0.98,0.52,3.25,0.00,674
9.801,16.67,0.09,0.98,4.54,3.25,3.02,672
9.818,16.66,0.10,0.98,0.52,3.26,0.00,675
9.834,16.74,0.10,0.97,4.64,3.27,3.07,674
9.851,16.59,0.10,0.97,0.52,3.29,0.00,675
9.868,16.72,0.09,0.96,4.60,3.30,3.05,677
9.884,16.67,0.07,0.73,0.40,3.30,0.00,679
9.901,16.60,0.07,0.71,4.22,3.29,2.70,678
9.918,16.76,0.07,0.72,0.40,3.29,0.00,676
9.934,16.59,0.08,0.71,4.33,3.28,2.81,676
9.951,16.67,0.07,0.71,0.41,3.28,0.00,674
9.968,16.75,0.07,0.71,4.26,3.28,2.75,672
9.984,16.65,0.08,0.71,0.45,3.27,0.00,673
10.001,16.69,0.10,0.95,4.59,3.30,3.01,674
10.018,16.67,0.10,0.92,0.51,3.30,0.00,672
10.034,16.65,0.09,0.91,4.60,3.29,3.08,671
10.051,16.69,0.09,0.90,0.50,3.28,0.00,667
10.068,16.60,0.11,0.92,4.61,3.28,3.05,665
10.084,16.66,0.09,0.91,0.52,3.27,0.00,663
10.101,16.66,0.11,0.93,4.60,3.27,3.05,663
10.118,16.74,0.09,0.90,0.51,3.27,0.00,663
10.134,16.60,0.10,0.92,4.60,3.25,3.07,663
10.151,16.74,0.09,0.90,0.53,3.33,0.00,660
10.168,16.68,0.08,0.90,4.50,3.32,2.96,656
10.184,16.58,0.09,0.89,0.54,3.31,0.00,654
10.201,16.67,0.09,0.89,4.58,3.32,3.04,660
10.218,16.67,0.10,0.93,0.50,3.32,0.00,660
10.234,16.68,0.09,0.88,4.51,3.33,2.98,658
10.251,16.66,0.09,0.90,0.52,3.33,0.00,657
10.268,16.65,0.10,0.88,4.54,3.33,3.01,651
10.284,16.69,0.11,0.92,0.52,3.32,0.00,650
10.301,16.65,0.07,0.70,3.29,3.33,2.39,645
10.318,16.73,0.06,0.46,0.32,3.32,0.00,640
10.334,16.58,0.04,0.31,2.58,3.31,2.00,635
10.351,16.69,0.09,0.61,0.26,3.31,0.00,628
10.368,16.69,0.09,0.82,4.70,3.29,3.16,625
10.384,16.67,0.22,0.91,0.53,3.27,0.00,655
10.401,16.65,0.05,0.48,2.96,3.47,2.17,660
10.418,16.67,0.08,0.68,0.37,3.64,0.00,657
10.434,16.71,0.09,0.88,5.01,3.63,3.51,653
10.451,16.63,0.09,0.85,0.47,2.84,0.00,654
10.468,16.68,0.11,0.87,4.30,2.83,2.80,654
10.484,16.68,0.11,0.86,0.44,2.82,0.00,652
10.501,16.66,0.09,0.88,4.32,2.82,2.81,648
10.518,16.73,0.10,0.86,0.50,2.81,0.00,646
10.534,16.68,0.09,0.87,4.58,2.80,3.06,646
10.551,16.67,0.09,0.85,0.47,2.79,0.00,643
10.568,16.59,0.10,0.89,4.58,2.79,3.06,643
10.584,16.73,0.09,0.88,0.46,2.77,0.00,641
10.601,16.61,0.09,0.90,4.61,2.80,3.06,642
10.618,16.67,0.09,0.87,0.51,2.79,0.00,640
10.634,16.65,0.06,0.46,3.08,2.78,2.22,638
10.651,16.65,0.04,0.30,0.26,2.77,0.00,637
10.668,16.69,0.07,0.65,3.64,2.76,2.71,637
10.684,16.69,0.10,0.87,0.37,2.75,0.00,637
10.701,16.75,0.09,0.90,4.58,2.75,3.04,637
10.718,16.63,0.05,0.45,0.33,2.73,0.00,637
10.734,16.60,0.06,0.48,3.08,2.72,2.22,636
10.751,16.66,0.09,0.67,0.37,2.74,0.00,635
10.768,16.68,0.08,0.88,4.45,2.73,2.96,633
10.784,16.68,0.11,0.87,0.49,2.72,0.00,629
10.801,16.72,0.10,0.87,4.54,2.70,2.99,630
10.818,16.63,0.09,0.88,0.50,2.69,0.00,628
10.834,16.66,0.10,0.89,4.61,2.68,3.09,628
10.851,16.71,0.08,0.86,0.45,2.68,0.00,627
10.868,16.70,0.09,0.89,4.57,2.65,3.04,626
10.884,16.60,0.10,0.88,0.48,2.64,0.00,626
10.901,16.67,0.11,0.64,4.62,2.66,3.07,623
10.918,16.77,0.09,0.60,0.47,2.64,0.00,623
10.934,16.57,0.10,0.63,4.68,2.63,3.12,622
10.951,16.74,0.09,0.63,0.48,2.62,0.00,619
10.968,16.58,0.10,0.67,4.52,2.61,3.00,617
10.984,16.66,0.10,0.62,0.43,2.61,0.00,617
11.001,16.67,0.08,0.64,4.43,2.60,2.94,617
11.018,16.65,0.09,0.62,0.45,2.60,0.00,618
11.034,16.70,0.08,0.61,4.50,2.60,3.02,617
11.051,16.64,0.10,0.63,0.43,2.61,0.00,617
11.068,16.68,0.08,0.62,4.37,2.60,2.91,617
11.084,16.69,0.09,0.65,0.51,2.60,0.00,615
11.101,16.67,0.09,0.67,4.61,2.59,3.09,613
11.118,16.75,0.08,0.64,0.51,2.58,0.00,614
11.134,16.62,0.10,0.64,4.51,2.59,2.99,612
11.151,16.68,0.08,0.63,0.40,2.58,0.00,609
11.168,16.58,0.08,0.62,4.38,2.59,2.91,609
11.184,16.68,0.08,0.61,0.40,2.59,0.00,605
11.201,16.67,0.10,0.63,4.47,2.60,2.96,605
11.218,16.66,0.09,0.63,0.42,2.60,0.00,607
11.234,16.69,0.07,0.61,4.37,2.60,2.92,605
11.251,16.68,0.08,0.63,0.50,2.59,0.00,598
11.268,16.65,0.10,0.60,4.53,2.58,3.01,597
11.284,16.67,0.09,0.63,0.48,2.55,0.00,597
11.301,16.65,0.08,0.60,4.49,2.56,2.97,594
11.318,16.67,0.09,0.62,0.43,2.58,0.00,592
11.334,16.66,0.09,0.59,4.40,2.58,2.91,590
11.351,16.70,0.07,0.63,0.41,2.60,0.00,590
11.368,16.67,0.07,0.60,4.53,2.59,3.02,590
11.384,16.65,0.07,0.63,0.45,2.59,0.00,590
11.401,16.64,0.07,0.43,4.15,2.59,2.65,591
11.418,16.68,0.07,0.47,0.38,2.59,0.00,592
11.434,16.68,0.09,0.63,4.54,2.59,3.01,592
11.451,16.67,0.08,0.64,0.48,2.59,0.00,592
11.468,16.65,0.08,0.62,4.44,2.60,2.94,592
11.484,16.68,0.09,0.62,0.42,2.61,0.00,593
11.501,16.66,0.09,0.61,4.41,2.63,2.93,591
11.518,16.67,0.09,0.63,0.43,2.63,0.00,589
11.534,16.66,0.10,0.63,4.47,2.62,2.95,587
11.551,16.67,0.08,0.63,0.43,2.63,0.00,583
11.568,16.68,0.10,0.62,4.53,2.61,2.97,582
11.584,16.67,0.07,0.64,0.49,2.61,0.00,582
11.601,16.68,0.09,0.63,4.50,2.61,3.00,579
11.618,16.65,0.09,0.63,0.49,2.61,0.00,577
11.634,16.67,0.09,0.59,4.54,2.60,3.04,577
11.651,16.66,0.07,0.62,0.43,2.62,0.00,576
11.668,16.67,0.07,0.59,4.34,2.60,2.87,574
11.684,16.66,0.10,0.62,0.41,2.60,0.00,573
11.701,16.67,0.07,0.62,4.35,2.58,2.89,571
11.718,16.66,0.09,0.62,0.50,2.57,0.00,572
11.734,16.67,0.09,0.64,4.54,2.55,3.02,567
11.751,16.67,0.08,0.64,0.47,2.55,0.00,563
11.768,16.69,0.07,0.62,4.43,2.54,2.95,562
11.784,16.63,0.09,0.62,0.42,2.53,0.00,562
11.801,16.68,0.08,0.60,4.35,2.54,2.88,560
11.818,16.67,0.07,0.64,0.48,2.52,0.00,559
11.834,16.67,0.10,0.64,4.56,2.50,3.02,557
11.851,16.67,0.08,0.64,0.43,2.49,0.00,556
11.868,16.67,0.08,0.63,4.53,2.49,3.01,555
11.884,16.68,0.08,0.61,0.51,2.46,0.00,546
11.901,16.66,0.08,0.65,4.67,2.45,3.13,543
11.918,16.76,0.08,0.66,0.50,2.44,0.00,537
11.934,16.57,0.09,0.63,4.48,2.42,2.97,537
11.951,16.68,0.07,0.63,0.43,2.44,0.00,534
11.968,16.69,0.07,0.60,4.39,2.43,2.92,535
11.984,16.65,0.07,0.62,0.41,2.43,0.00,533
12.001,16.64,0.08,0.62,4.30,2.42,2.86,532
12.018,16.69,0.09,0.64,0.44,2.41,0.00,531
12.034,16.65,0.09,0.65,4.53,2.39,2.97,531
12.051,16.68,0.09,0.65,0.49,2.39,0.00,526
12.068,16.67,0.09,0.64,4.46,2.37,2.91,524
12.084,16.68,0.09,0.62,0.49,2.36,0.00,523
12.101,16.67,0.08,0.62,4.44,2.38,2.94,521
12.118,16.65,0.07,0.62,0.40,2.38,0.00,519
12.134,16.67,0.08,0.62,4.58,2.38,3.07,517
12.151,16.67,0.09,0.63,0.41,2.37,0.00,512
12.168,16.66,0.08,0.59,4.49,2.36,3.01,511
12.184,16.70,0.07,0.61,0.46,2.36,0.00,511
12.201,16.69,0.10,0.63,4.49,2.34,2.98,509
12.218,16.65,0.07,0.62,0.47,2.34,0.00,507
12.234,16.74,0.05,0.33,2.72,2.33,2.04,505
12.251,16.60,0.07,0.64,0.44,2.35,0.00,503
12.268,16.70,0.07,0.59,4.44,2.36,2.94,503
12.284,16.60,0.08,0.62,0.45,2.36,0.00,502
12.301,16.68,0.07,0.59,4.41,2.35,2.94,498
12.318,16.66,0.08,0.62,0.40,2.35,0.00,496
12.334,16.70,0.07,0.63,4.41,2.34,2.93,495
12.351,16.69,0.09,0.52,0.49,2.34,0.00,493
12.368,16.66,0.08,0.54,4.54,2.34,3.02,493
12.384,16.64,0.20,0.61,0.52,2.33,0.00,511
12.401,16.66,0.09,0.59,4.50,2.45,2.99,511
12.418,16.70,0.07,0.59,0.43,2.46,0.00,510
12.434,16.64,0.07,0.58,4.48,2.45,3.01,509
12.451,16.68,0.07,0.60,0.42,2.46,0.00,507
12.468,16.63,0.09,0.59,4.41,2.45,2.92,505
12.484,16.73,0.08,0.62,0.49,2.44,0.00,505
12.501,16.62,0.09,0.61,4.58,2.44,3.05,503
12.518,16.68,0.07,0.63,0.49,2.45,0.00,502
12.534,16.65,0.08,0.69,4.44,2.44,2.95,543
12.551,16.67,0.10,0.92,0.40,3.35,0.00,548
12.568,16.67,0.10,0.93,4.39,3.38,2.92,551
12.584,16.66,0.10,0.93,0.44,3.39,0.00,551
12.601,16.67,0.10,0.91,4.40,3.38,2.94,547
12.618,16.68,0.17,0.93,0.45,3.39,0.00,549
12.634,16.67,0.09,0.96,4.54,3.38,2.96,546
12.651,16.69,0.11,0.94,0.47,3.38,0.00,547
12.668,16.71,0.10,0.97,4.43,3.38,3.03,544
12.684,16.62,0.10,0.94,0.48,3.39,0.00,545
12.701,16.63,0.11,0.96,4.57,3.40,3.05,544
12.718,16.67,0.10,0.94,0.42,3.40,0.00,545
12.734,16.69,0.09,0.93,4.40,3.38,2.92,542
12.751,16.65,0.10,0.95,0.44,3.39,0.00,541
12.768,16.66,0.10,0.93,4.43,3.39,2.94,541
12.784,16.74,0.11,0.96,0.48,3.39,0.00,539
12.801,16.65,0.09,0.97,4.57,3.38,3.02,540
12.818,16.63,0.10,0.97,0.49,3.38,0.00,542
12.834,16.68,0.11,0.97,4.49,3.41,2.97,543
12.851,16.65,0.09,0.95,0.45,3.42,0.00,542
12.868,16.69,0.10,0.95,4.46,3.41,2.94,542
12.884,16.65,0.10,0.95,0.46,3.41,0.00,540
12.901,16.72,0.09,0.97,4.62,3.42,3.05,540
12.918,16.62,0.08,0.96,0.50,3.41,0.00,540
12.934,16.67,0.10,0.97,4.54,3.42,3.01,540
12.951,16.65,0.10,0.95,0.42,2.86,0.00,541
12.968,16.68,0.10,0.96,4.55,2.87,3.03,540
12.984,16.67,0.09,0.96,0.55,2.87,0.00,541
13.001,16.68,0.09,1.17,4.62,2.87,3.07,542
13.018,16.67,0.08,0.96,0.49,2.88,0.00,542
13.034,16.65,0.10,0.93,4.47,2.88,2.96,541
13.051,16.68,0.08,0.94,0.53,2.87,0.00,541
13.068,16.66,0.10,0.95,4.64,2.87,3.10,540
13.084,16.66,0.09,0.96,0.50,2.88,0.00,541
13.101,16.77,0.05,0.50,3.83,2.89,2.34,539
13.118,16.57,0.09,1.00,0.52,2.91,0.00,539
13.134,16.68,0.10,0.96,4.59,2.91,3.04,538
13.151,16.66,0.09,0.95,0.49,2.91,0.00,539
13.168,16.65,0.10,0.93,4.51,2.91,2.98,538
13.184,16.69,0.09,0.95,0.46,2.91,0.00,538
13.201,16.65,0.08,0.97,4.56,2.91,2.99,540
13.218,16.66,0.10,0.93,0.48,2.92,0.00,540
13.234,16.68,0.19,1.17,4.74,2.92,3.19,596
13.251,16.71,0.11,1.17,0.49,3.79,0.00,598
13.268,16.61,0.11,1.15,4.43,3.81,2.91,599
13.284,16.69,0.12,1.17,0.50,3.80,0.00,599
13.301,16.65,0.11,1.16,4.54,3.80,3.01,601
13.318,16.68,0.12,1.15,0.46,3.80,0.00,604
13.335,16.72,0.11,1.18,4.47,3.79,2.92,605
13.351,16.61,0.11,1.16,0.49,3.81,0.00,609
13.368,16.68,0.11,1.20,4.49,3.80,2.93,610
13.384,16.65,0.10,1.18,0.49,3.81,0.00,610
13.401,16.67,0.09,0.89,4.08,3.77,2.58,610
13.418,16.66,0.10,0.88,0.38,3.77,0.00,611
13.434,16.67,0.09,0.88,4.14,3.79,2.63,611
13.451,16.68,0.11,0.87,0.39,3.76,0.00,611
13.468,16.66,0.11,1.18,4.44,3.78,2.94,613
13.484,16.68,0.11,1.16,0.40,3.78,0.00,614
13.501,16.66,0.11,1.18,4.43,3.77,2.94,620
13.518,16.66,0.09,1.17,0.43,3.79,0.00,622
13.535,16.69,0.10,1.15,4.34,3.78,2.87,621
13.551,16.68,0.10,1.18,0.44,3.80,0.00,622
13.568,16.63,0.10,1.16,4.37,3.79,2.89,624
13.585,16.69,0.11,1.18,0.44,3.80,0.00,624
13.601,16.66,0.10,1.15,4.33,3.79,2.87,624
13.618,16.76,0.09,1.19,0.44,3.78,0.00,624
13.634,16.57,0.10,1.21,4.36,3.76,2.89,627
13.651,16.68,0.11,1.17,0.46,3.18,0.00,631
13.668,16.68,0.11,1.20,4.44,3.18,2.92,631
13.684,16.66,0.11,1.19,0.50,3.19,0.00,633
13.701,16.66,0.10,1.17,4.37,3.20,2.88,631
13.718,16.68,0.11,1.18,0.40,3.19,0.00,632
13.735,16.69,0.09,1.18,4.38,3.18,2.89,633
13.751,16.64,0.10,1.18,0.43,3.18,0.00,634
13.768,16.66,0.09,1.15,4.41,3.17,2.95,635
13.785,16.67,0.10,1.17,0.47,3.17,0.00,636
13.801,16.67,0.11,1.18,4.44,3.16,2.91,634
13.818,16.66,0.11,1.16,0.42,3.17,0.00,636
13.835,16.70,0.08,1.14,4.34,3.19,2.88,636
13.851,16.64,0.10,1.17,0.44,3.19,0.00,637
13.868,16.66,0.10,1.15,4.41,3.20,2.93,638
13.885,16.67,0.11,1.17,0.42,3.19,0.00,634
13.901,16.67,0.10,1.17,4.42,3.16,2.93,634
13.918,16.67,0.10,1.15,0.42,3.18,0.00,634
13.935,16.69,0.08,1.13,4.30,3.19,2.85,630
13.951,16.67,0.09,1.15,0.42,3.19,0.00,629
13.968,16.65,0.09,1.13,4.29,3.21,2.84,624
13.985,16.67,0.09,1.14,0.42,3.21,0.00,618
14.001,16.66,0.09,1.14,4.28,3.19,2.84,609
14.018,16.69,0.08,1.14,0.43,3.19,0.00,599
14.035,16.65,0.09,1.13,4.57,3.18,3.08,596
14.051,16.68,0.10,1.14,0.48,2.82,0.00,595
14.068,16.69,0.09,1.16,4.58,2.83,3.03,592
14.085,16.71,0.09,1.14,0.50,2.83,0.00,591
14.101,16.64,0.09,1.15,4.48,2.83,2.94,593
14.118,16.64,0.11,1.15,0.50,2.86,0.00,593
14.135,16.65,0.09,1.14,4.46,2.87,2.92,594
14.151,16.68,0.09,1.15,0.50,2.86,0.00,596
14.168,16.67,0.09,1.14,4.60,2.87,3.08,594
14.185,16.76,0.09,1.16,0.49,2.86,0.00,597
14.201,16.58,0.09,1.12,4.52,2.86,3.00,597
14.218,16.66,0.09,1.11,0.52,2.87,0.00,595
14.235,16.66,0.11,1.15,4.57,2.86,3.04,596
14.251,16.68,0.09,1.13,0.52,2.88,0.00,595
14.268,16.66,0.08,1.13,4.57,2.88,3.04,595
14.285,16.70,0.08,1.13,0.48,2.87,0.00,592
14.301,16.63,0.08,1.13,4.67,2.87,3.14,591
14.318,16.71,0.10,1.16,0.49,2.87,0.00,588
14.335,16.64,0.09,1.12,4.53,2.86,3.00,592
14.351,16.73,0.09,1.06,0.52,2.85,0.00,593
14.368,16.60,0.09,1.06,4.53,2.85,3.00,593
14.385,16.72,0.21,1.13,0.52,2.84,0.00,612
14.401,16.62,0.10,1.17,4.56,3.05,3.00,620
14.418,16.68,0.09,1.16,0.51,3.12,0.00,621
14.435,16.65,0.12,1.16,4.54,3.12,3.00,618
14.451,16.67,0.10,1.17,0.49,3.11,0.00,617
14.468,16.68,0.09,1.16,3.98,3.11,2.78,615
14.485,16.70,0.09,1.15,0.50,3.09,0.00,611
14.501,16.64,0.10,0.89,4.55,3.09,3.02,600
14.518,16.69,0.09,0.91,0.49,3.07,0.00,599
14.535,16.65,0.10,0.92,4.59,3.05,3.05,600
14.551,16.69,0.09,0.89,0.48,3.06,0.00,599
14.568,16.64,0.09,0.89,4.61,3.06,3.07,597
14.585,16.67,0.09,0.87,0.49,3.04,0.00,593
14.601,16.67,0.11,0.90,4.59,3.03,3.05,590
14.618,16.67,0.09,0.91,0.50,3.02,0.00,588
14.635,16.67,0.09,0.90,4.58,3.02,3.02,586
14.651,16.67,0.09,0.89,0.49,3.00,0.00,583
14.668,16.66,0.11,0.89,4.57,2.98,3.04,578
14.685,16.69,0.08,0.87,0.52,2.99,0.00,568
14.701,16.65,0.08,0.86,4.57,2.97,3.03,555
14.718,16.68,0.11,0.90,0.51,2.94,0.00,538
14.735,16.66,0.08,0.65,3.37,2.93,2.48,529
14.751,16.64,0.04,0.34,0.28,2.54,0.00,527
14.768,16.72,0.09,0.84,3.49,2.52,2.80,524
14.785,16.65,0.09,0.90,0.55,2.51,0.00,524
14.801,16.68,0.09,0.85,3.55,2.49,2.41,524
14.818,16.67,0.09,0.85,0.52,2.49,0.00,524
14.835,16.69,0.09,0.88,4.70,2.50,3.16,523
14.851,16.72,0.09,0.87,0.54,2.49,0.00,520
14.868,16.58,0.09,0.84,4.60,2.48,3.03,517
14.885,16.71,0.08,0.85,0.51,2.47,0.00,516
14.901,16.66,0.09,0.84,4.59,2.46,3.04,514
14.918,16.62,0.06,0.62,0.43,2.45,0.00,513
14.935,16.70,0.08,0.86,4.50,2.45,2.96,512
14.951,16.64,0.10,0.84,0.43,2.44,0.00,510
14.968,16.66,0.10,0.81,4.49,2.46,3.00,509
14.985,16.67,0.09,0.82,0.42,2.46,0.00,507
15.001,16.70,0.07,0.80,4.39,2.46,2.91,505
15.018,16.66,0.08,0.84,0.48,2.46,0.00,503
15.035,16.71,0.09,0.85,4.46,2.44,2.95,501
15.051,16.64,0.09,0.84,0.41,2.44,0.00,500
15.068,16.64,0.08,0.81,4.36,2.44,2.92,500
15.085,16.67,0.08,0.93,0.49,2.42,0.00,497
15.101,16.66,0.10,0.83,4.52,2.42,3.04,493
15.118,16.66,0.09,0.83,0.41,2.45,0.00,491
15.135,16.67,0.09,0.82,4.35,2.43,2.88,488
15.151,16.70,0.08,0.84,0.44,2.43,0.00,485
15.168,16.64,0.09,0.82,4.40,2.42,2.94,480
15.185,16.67,0.09,0.83,0.41,2.42,0.00,479
15.201,16.68,0.11,0.61,4.38,2.41,2.91,468
15.218,16.73,0.06,0.44,0.38,2.41,0.00,468
15.235,16.67,0.12,1.02,5.26,2.38,3.80,541
15.251,16.59,0.09,0.78,0.37,3.40,0.00,541
15.268,16.64,0.04,0.40,3.61,3.41,2.17,540
15.285,16.67,0.04,0.42,0.21,3.43,0.00,540
15.301,16.67,0.04,0.40,3.64,3.43,2.22,539
15.318,16.67,0.04,0.41,0.20,3.43,0.00,538
15.335,16.67,0.05,0.40,3.97,3.42,2.47,538
15.351,16.70,0.04,0.47,0.26,3.42,0.00,538
15.368,16.64,0.05,0.44,2.92,3.42,2.24,537
15.385,16.66,0.05,0.44,0.25,3.41,0.00,538
15.401,16.69,0.04,0.43,2.75,3.44,2.10,542
15.418,16.67,0.04,0.43,0.20,3.44,0.00,545
15.435,16.64,0.04,0.40,3.62,3.45,2.19,546
15.451,16.67,0.04,0.43,0.21,3.46,0.00,546
15.468,16.67,0.04,0.42,3.69,3.45,2.28,548
15.485,16.67,0.04,0.43,0.21,3.47,0.00,549
15.501,16.67,0.04,0.42,3.68,3.47,2.29,554
15.518,16.72,0.04,0.43,0.21,3.48,0.00,556
15.535,16.65,0.05,0.56,3.93,3.51,2.53,561
15.551,16.70,0.05,0.56,0.23,3.53,0.00,563
15.568,16.64,0.05,0.55,3.94,3.53,2.54,566
15.585,16.67,0.05,0.56,0.23,3.55,0.00,569
15.601,16.66,0.05,0.55,3.99,3.55,2.57,574
15.618,16.70,0.05,0.58,0.26,3.56,0.00,579
15.635,16.61,0.05,0.55,4.05,3.58,2.66,581
15.651,16.75,0.06,0.56,0.28,3.46,0.00,584
15.668,16.65,0.05,0.57,3.72,3.05,2.28,583
15.685,16.68,0.05,0.55,0.23,3.06,0.00,588
15.701,16.64,0.05,0.56,3.98,3.08,2.58,593
15.718,16.70,0.05,0.55,0.25,3.10,0.00,599
15.735,16.64,0.05,0.57,3.90,3.12,2.47,604
15.751,16.64,0.05,0.57,0.25,3.11,0.00,604
15.768,16.66,0.05,0.55,4.05,3.14,2.62,609
15.785,16.73,0.05,0.56,0.22,3.17,0.00,615
15.801,16.62,0.07,0.82,4.01,3.22,2.55,616
15.818,16.68,0.09,0.81,0.35,3.22,0.00,617
15.835,16.65,0.08,0.78,3.99,3.24,2.55,619
15.851,16.67,0.08,0.81,0.34,3.25,0.00,624
15.868,16.68,0.07,0.79,4.01,3.28,2.58,630
15.885,16.65,0.09,0.80,0.36,3.30,0.00,633
15.901,16.67,0.07,0.79,4.21,3.31,2.75,635
15.918,16.67,0.08,0.81,0.32,3.33,0.00,634
15.935,16.67,0.07,0.77,4.00,3.37,2.56,635
15.951,16.69,0.09,0.79,0.33,3.38,0.00,641
15.968,16.68,0.07,0.78,4.28,3.39,2.81,645
15.985,16.64,0.08,0.79,0.32,3.42,0.00,648
16.001,16.67,0.07,0.77,4.18,3.43,2.74,649
16.018,16.67,0.09,0.80,0.32,3.45,0.00,649
16.035,16.69,0.09,1.04,4.33,3.45,2.88,655
16.051,16.68,0.11,1.05,0.44,3.47,0.00,658
16.068,16.64,0.10,1.02,4.37,3.51,2.88,658
16.085,16.74,0.09,1.05,0.44,3.51,0.00,658
16.101,16.60,0.10,1.02,4.35,3.51,2.90,660
16.118,16.73,0.08,1.04,0.45,3.53,0.00,660
16.135,16.60,0.09,1.01,4.34,3.53,2.87,661
16.151,16.68,0.11,1.04,0.45,3.53,0.00,661
16.168,16.65,0.09,1.03,4.48,3.52,3.01,661
16.185,16.67,0.09,1.03,0.43,3.53,0.00,662
16.201,16.67,0.10,0.99,4.36,3.53,2.88,662
16.218,16.66,0.10,1.02,0.41,3.56,0.00,663
16.235,16.67,0.09,0.99,4.31,3.58,2.88,661
16.251,16.68,0.09,1.01,0.43,3.56,0.00,662
16.268,16.74,0.09,1.03,4.57,3.55,3.01,662
16.285,16.61,0.09,1.03,0.48,3.53,0.00,662
16.301,16.64,0.09,0.80,3.72,3.53,2.55,662
16.318,16.70,0.09,1.02,0.43,3.54,0.00,659
16.335,16.73,0.08,1.01,4.38,3.53,2.91,660
16.351,16.58,0.10,0.93,0.43,3.57,0.00,659
16.368,16.79,0.08,0.94,4.48,3.55,2.97,653
16.385,16.55,0.22,0.98,0.45,3.53,0.00,668
16.401,16.67,0.10,0.99,4.42,3.62,2.93,676
16.418,16.67,0.10,1.00,0.44,3.69,0.00,676
16.435,16.68,0.08,0.97,4.49,3.68,3.02,676
16.451,16.67,0.08,0.98,0.43,3.69,0.00,676
16.468,16.66,0.08,0.95,4.37,3.67,2.91,675
16.485,16.66,0.10,0.99,0.42,3.69,0.00,671
16.501,16.66,0.10,0.98,4.43,3.68,2.94,668
16.518,16.67,0.10,0.97,0.42,3.67,0.00,664
16.535,16.67,0.09,0.97,4.39,3.66,2.91,659
16.551,16.67,0.10,0.98,0.43,3.65,0.00,656
16.568,16.67,0.09,0.96,4.35,3.64,2.89,650
16.585,16.67,0.11,0.96,0.43,3.63,0.00,646
16.601,16.68,0.09,0.96,4.47,3.60,2.95,643
16.618,16.74,0.09,1.00,0.46,3.62,0.00,637
16.635,16.59,0.09,0.92,4.38,3.61,2.92,630
16.651,16.67,0.13,0.95,0.44,3.58,0.00,630
16.668,16.66,0.10,0.94,4.42,3.57,2.93,628
16.685,16.67,0.09,0.93,0.42,3.56,0.00,626
16.701,16.66,0.09,0.90,4.43,3.55,2.98,619
16.718,16.68,0.09,0.92,0.43,3.53,0.00,612
16.735,16.75,0.08,0.88,4.35,3.53,2.88,604
16.751,16.59,0.09,0.86,0.41,2.71,0.00,602
16.768,16.67,0.09,0.87,4.32,2.70,2.88,602
16.785,16.67,0.09,0.87,0.43,2.69,0.00,601
16.801,16.69,0.08,0.85,4.39,2.68,2.93,600
16.818,16.64,0.09,0.88,0.41,2.68,0.00,597
16.835,16.67,0.09,0.85,4.34,2.67,2.88,594
16.851,16.67,0.08,0.89,0.43,2.67,0.00,594
16.868,16.68,0.08,0.85,4.33,2.66,2.86,593
16.885,16.65,0.09,0.88,0.41,2.67,0.00,592
16.901,16.68,0.07,0.87,4.43,2.66,2.90,588
16.918,16.68,0.08,0.89,0.45,2.65,0.00,588
16.935,16.65,0.09,0.87,4.44,2.65,2.93,586
16.951,16.67,0.09,0.86,0.42,2.64,0.00,582
16.968,16.67,0.09,0.84,4.44,2.63,2.98,578
16.985,16.67,0.09,0.88,0.42,2.62,0.00,574
17.001,16.67,0.09,0.86,4.31,2.62,2.86,570
17.018,16.66,0.10,0.86,0.40,2.61,0.00,568
17.035,16.67,0.09,0.84,4.30,2.63,2.87,568
17.051,16.67,0.09,0.86,0.40,2.62,0.00,564
17.068,16.68,0.09,0.85,4.32,2.61,2.87,564
17.085,16.67,0.08,0.88,0.43,2.60,0.00,562
17.101,16.66,0.09,0.87,4.31,2.58,2.86,559
17.118,16.66,0.09,0.87,0.42,2.57,0.00,558
17.135,16.68,0.09,0.84,4.38,2.56,2.92,557
17.151,16.66,0.13,1.11,0.42,2.56,0.00,603
17.168,16.66,0.10,1.11,4.56,3.39,3.08,600
17.185,16.67,0.12,1.12,0.43,3.39,0.00,594
17.201,16.69,0.09,0.82,4.35,3.37,2.88,543
17.218,16.64,0.11,0.84,0.44,3.33,0.00,544
17.235,16.67,0.10,0.83,4.38,3.33,2.91,542
17.251,16.67,0.11,0.84,0.44,3.31,0.00,541
17.268,16.67,0.09,0.82,4.32,3.31,2.87,541
17.285,16.66,0.11,0.86,0.41,3.30,0.00,539
17.301,16.67,0.11,0.83,4.28,3.29,2.86,540
17.318,16.66,0.10,0.86,0.43,3.29,0.00,540
17.335,16.72,0.09,0.84,4.28,3.26,2.85,540
17.351,16.62,0.11,0.88,0.44,3.25,0.00,540
17.368,16.68,0.11,0.88,4.51,3.26,3.00,537
17.385,16.66,0.11,0.87,0.45,3.23,0.00,537
17.401,16.68,0.10,0.85,4.38,3.23,2.89,537
17.418,16.67,0.12,0.88,0.43,3.22,0.00,537
17.435,16.68,0.10,0.88,4.42,3.24,2.92,536
17.451,16.65,0.12,0.88,0.45,3.23,0.00,536
17.468,16.66,0.11,0.87,4.38,3.22,2.91,536
17.485,16.67,0.11,0.86,0.42,3.23,0.00,535
17.501,16.68,0.10,0.85,4.62,3.21,3.12,534
17.518,16.68,0.10,0.89,0.42,3.20,0.00,532
17.535,16.66,0.10,0.87,4.44,3.20,2.95,531
17.551,16.66,0.10,0.87,0.43,3.20,0.00,531
17.568,16.67,0.10,0.84,4.38,2.64,2.89,531
17.585,16.67,0.10,0.88,0.41,2.65,0.00,531
17.601,16.66,0.09,0.86,4.40,2.65,2.91,530
17.618,16.71,0.11,0.88,0.47,2.64,0.00,528
17.635,16.67,0.08,0.86,4.39,2.64,2.90,526
17.652,16.63,0.10,0.88,0.43,2.64,0.00,523
17.668,16.66,0.11,0.84,4.42,2.63,2.91,523
17.685,16.67,0.09,0.92,0.45,2.65,0.00,523
17.702,16.67,0.10,0.88,4.36,2.66,2.89,524
17.718,16.70,0.08,0.87,0.41,2.67,0.00,524
17.735,16.63,0.09,0.85,4.35,2.67,2.87,525
17.752,16.69,0.08,0.87,0.42,2.68,0.00,530
17.768,16.64,0.09,0.84,4.42,2.68,2.97,531
17.785,16.68,0.08,0.87,0.41,2.69,0.00,530
17.802,16.66,0.09,0.85,4.29,2.69,2.85,532
17.818,16.75,0.09,0.88,0.42,2.69,0.00,532
17.835,16.70,0.09,0.89,4.36,2.70,2.88,533
17.852,16.55,0.10,0.87,0.41,2.72,0.00,537
17.868,16.67,0.10,0.84,4.33,2.72,2.88,541
17.885,16.68,0.10,0.87,0.43,2.73,0.00,542
17.902,16.67,0.09,0.86,4.35,2.74,2.88,544
17.918,16.67,0.10,0.88,0.43,2.71,0.00,546
17.935,16.66,0.09,0.84,4.33,2.73,2.89,548
17.952,16.69,0.09,0.87,0.41,2.74,0.00,550
17.968,16.65,0.09,0.85,4.34,2.74,2.88,553
17.985,16.67,0.10,0.86,0.40,2.76,0.00,553
18.002,16.69,0.08,0.84,4.28,2.76,2.84,558
18.018,16.66,0.10,0.86,0.41,2.77,0.00,558
18.035,16.65,0.09,0.85,4.39,2.76,2.96,563
18.052,16.67,0.10,0.87,0.42,2.76,0.00,562
18.068,16.66,0.09,0.85,4.37,2.77,2.88,562
18.085,16.68,0.09,0.94,0.40,2.76,0.00,562
18.102,16.65,0.09,0.86,4.31,2.76,2.87,564
18.118,16.68,0.10,0.86,0.41,2.79,0.00,568
18.135,16.67,0.09,0.83,4.27,2.79,2.84,569
18.152,16.67,0.09,0.87,0.41,2.79,0.00,567
18.168,16.67,0.09,0.87,4.35,2.79,2.89,568
18.185,16.68,0.09,0.86,0.42,2.78,0.00,568
18.202,16.66,0.09,0.84,4.32,2.77,2.88,565
18.218,16.67,0.12,0.88,0.44,2.78,0.00,566
18.235,16.69,0.09,0.87,4.40,2.76,2.90,565
18.252,16.65,0.08,0.87,0.43,2.79,0.00,569
18.268,16.66,0.08,0.85,4.37,2.78,2.90,568
18.285,16.66,0.09,0.87,0.42,2.78,0.00,568
18.302,16.67,0.09,0.86,4.49,2.78,3.00,568
18.318,16.67,0.09,0.87,0.41,2.78,0.00,568
18.335,16.74,0.08,0.86,4.32,2.76,2.84,567
18.352,16.64,0.08,0.78,0.41,2.77,0.00,566
18.368,16.62,0.09,0.78,4.32,2.75,2.87,569
18.385,16.67,0.23,0.87,0.40,2.81,0.00,589
18.402,16.80,0.08,0.85,4.38,2.97,2.89,602
18.418,16.57,0.11,0.89,0.46,3.08,0.00,605
18.435,16.72,0.09,0.90,4.44,3.08,2.95,633
18.452,16.59,0.10,0.88,0.42,3.13,0.00,637
18.468,16.67,0.10,0.87,4.31,3.14,2.86,635
18.485,16.71,0.08,0.88,0.42,3.16,0.00,636
18.502,16.65,0.09,0.85,4.29,3.16,2.85,637
18.518,16.64,0.10,0.88,0.41,3.20,0.00,639
18.535,16.69,0.08,0.87,4.35,3.19,2.87,643
18.552,16.66,0.11,0.89,0.42,3.20,0.00,642
18.568,16.66,0.09,0.87,4.40,3.17,2.96,641
18.585,16.68,0.10,0.90,0.43,3.17,0.00,642
18.602,16.66,0.09,0.86,4.42,3.15,2.90,631
18.618,16.69,0.09,0.89,0.47,3.14,0.00,609
18.635,16.64,0.10,0.89,4.42,3.11,2.92,585
18.652,16.68,0.09,0.85,0.43,3.10,0.00,583
18.668,16.65,0.09,0.86,4.44,2.74,2.93,583
18.685,16.67,0.10,0.84,0.42,2.75,0.00,584
18.702,16.66,0.09,0.82,4.32,2.77,2.88,583
18.718,16.71,0.10,0.84,0.43,2.75,0.00,583
18.735,16.65,0.08,0.84,4.35,2.74,2.90,582
18.752,16.67,0.08,0.83,0.40,2.73,0.00,579
18.768,16.65,0.09,0.80,4.38,2.73,2.91,579
18.785,16.68,0.11,0.85,0.39,2.73,0.00,579
18.802,16.68,0.10,0.84,4.35,2.74,2.89,579
18.818,16.66,0.08,0.83,0.42,2.74,0.00,578
18.835,16.69,0.08,0.82,4.38,2.73,2.94,576
18.852,16.64,0.10,0.83,0.41,2.71,0.00,576
18.868,16.67,0.09,0.81,4.39,2.70,2.92,573
18.885,16.67,0.10,0.84,0.44,2.69,0.00,572
18.902,16.67,0.09,0.81,4.34,2.68,2.89,571
18.918,16.68,0.11,0.84,0.41,2.67,0.00,570
18.935,16.66,0.09,0.84,4.36,2.68,2.92,563
18.952,16.67,0.09,0.84,0.42,2.68,0.00,562
18.968,16.66,0.09,0.82,4.31,2.65,2.86,560
18.985,16.67,0.09,0.83,0.40,2.64,0.00,556
19.002,16.67,0.09,0.82,4.39,2.62,2.92,553
19.018,16.67,0.09,0.84,0.41,2.61,0.00,553
19.035,16.67,0.09,0.82,4.30,2.62,2.89,553
19.052,16.75,0.08,0.85,0.44,2.60,0.00,550
19.068,16.59,0.09,0.83,4.38,2.61,2.92,546
19.085,16.66,0.09,0.82,0.43,2.60,0.00,545
19.102,16.69,0.07,0.81,4.37,2.57,2.94,542
19.118,16.68,0.08,0.61,0.41,2.56,0.00,526
19.135,16.64,0.09,0.59,4.29,2.53,2.86,526
19.152,16.67,0.10,0.59,0.41,2.54,0.00,528
19.168,16.66,0.09,0.57,4.38,2.53,2.88,529
19.185,16.68,0.09,0.63,0.42,2.52,0.00,529
19.202,16.67,0.07,0.60,4.38,2.55,2.93,529
19.218,16.66,0.10,0.61,0.46,2.54,0.00,529
19.235,16.66,0.09,0.59,4.46,2.52,2.96,526
19.252,16.68,0.08,0.62,0.44,2.53,0.00,525
19.268,16.66,0.08,0.59,4.33,2.51,2.89,526
19.285,16.67,0.09,0.61,0.41,2.53,0.00,524
19.302,16.67,0.08,0.58,4.33,2.50,2.88,524
19.318,16.67,0.09,0.62,0.40,2.50,0.00,525
19.335,16.69,0.08,0.60,4.37,2.53,2.92,524
19.352,16.64,0.09,0.60,0.42,2.51,0.00,524
19.368,16.68,0.07,0.60,4.49,2.51,3.00,525
19.385,16.66,0.09,0.62,0.42,2.52,0.00,524
19.402,16.68,0.07,0.58,4.42,2.51,2.95,523
19.418,16.66,0.08,0.60,0.45,2.50,0.00,521
19.435,16.66,0.09,0.60,4.43,2.48,2.95,521
19.452,16.66,0.09,0.60,0.40,2.50,0.00,520
19.468,16.68,0.10,0.62,4.41,2.50,2.91,518
19.485,16.68,0.08,0.60,0.48,2.52,0.00,518
19.502,16.66,0.10,0.61,4.58,2.50,3.04,518
19.518,16.65,0.10,0.61,0.45,2.51,0.00,517
19.535,16.68,0.10,0.61,4.44,2.50,2.93,510
19.552,16.66,0.09,0.61,0.43,2.48,0.00,508
19.568,16.67,0.09,0.60,4.36,2.48,2.90,506
19.585,16.74,0.08,0.58,0.43,2.47,0.00,507
19.602,16.61,0.10,0.62,4.48,2.47,2.97,505
19.618,16.71,0.10,0.59,0.44,2.45,0.00,503
19.635,16.65,0.08,0.58,4.45,2.46,2.99,504
19.652,16.64,0.09,0.60,0.41,2.45,0.00,504
19.668,16.72,0.10,0.62,4.47,2.45,2.95,502
19.685,16.63,0.08,0.59,0.47,2.45,0.00,500
19.702,16.70,0.10,0.62,4.46,2.44,2.95,501
19.718,16.62,0.09,0.59,0.44,2.45,0.00,500
19.735,16.66,0.13,0.88,4.58,2.46,3.10,541
19.752,16.68,0.10,0.89,0.43,3.32,0.00,542
19.768,16.69,0.11,0.90,4.52,3.31,3.00,540
19.785,16.65,0.12,0.89,0.41,3.30,0.00,539
19.802,16.66,0.11,0.90,4.45,3.29,2.94,542
19.818,16.68,0.12,0.89,0.45,3.28,0.00,540
19.835,16.65,0.11,0.88,4.48,3.29,2.97,539
19.852,16.68,0.11,0.90,0.45,3.29,0.00,540
19.868,16.67,0.11,0.90,4.45,3.27,2.94,537
19.885,16.66,0.10,0.89,0.41,3.29,0.00,535
19.902,16.67,0.10,0.88,4.43,3.28,2.99,533
19.918,16.68,0.11,0.98,0.45,3.29,0.00,533
19.935,16.77,0.07,0.67,4.25,3.27,2.76,533
19.952,16.55,0.09,0.69,0.39,3.27,0.00,533
19.968,16.66,0.08,0.67,4.22,3.26,2.73,530
19.985,16.68,0.08,0.68,0.34,3.26,0.00,532
20.002,16.66,0.07,0.66,4.16,3.29,2.70,532
20.018,16.68,0.08,0.68,0.33,3.28,0.00,531
20.035,16.67,0.09,0.89,4.34,3.27,2.89,534
20.052,16.69,0.09,0.91,0.41,3.27,0.00,533
20.068,16.65,0.09,0.89,4.38,3.25,2.91,536
20.085,16.72,0.09,0.91,0.42,3.27,0.00,532
20.102,16.61,0.10,0.89,4.36,3.26,2.90,530
20.118,16.67,0.10,0.91,0.41,3.26,0.00,532
20.135,16.68,0.10,0.91,4.35,3.28,2.89,530
20.152,16.65,0.09,0.90,0.41,2.70,0.00,530
20.168,16.67,0.10,0.91,4.47,2.70,3.02,532
20.185,16.70,0.09,0.91,0.41,2.69,0.00,534
20.202,16.65,0.09,0.87,4.31,2.69,2.85,532
20.218,16.66,0.08,0.92,0.43,2.68,0.00,529
20.235,16.67,0.08,0.91,4.38,2.68,2.91,526
20.252,16.67,0.10,0.90,0.44,2.69,0.00,529
20.268,16.67,0.10,0.90,4.52,2.72,3.02,529
20.285,16.67,0.10,0.90,0.43,2.70,0.00,528
20.302,16.67,0.08,0.87,4.42,2.70,2.94,528
20.318,16.65,0.10,0.91,0.41,2.71,0.00,526
20.335,16.75,0.08,0.89,4.42,2.70,2.94,525
20.352,16.63,0.08,0.82,0.41,2.71,0.00,523
20.368,16.64,0.09,0.79,4.43,2.71,2.95,521
20.385,16.66,0.22,0.91,0.43,2.71,0.00,574
20.402,16.69,0.08,0.88,4.39,2.91,2.91,586
20.418,16.65,0.10,0.92,0.42,3.04,0.00,586
20.435,16.68,0.10,0.92,5.23,3.02,3.74,586
20.452,16.66,0.10,0.90,0.41,3.04,0.00,586
20.468,16.68,0.09,0.90,4.51,3.03,2.98,588
20.485,16.73,0.09,0.93,0.47,3.01,0.00,586
20.502,16.59,0.10,0.90,4.46,3.02,2.97,585
20.518,16.68,0.10,0.91,0.43,3.04,0.00,589
20.535,16.65,0.10,0.92,4.41,3.04,2.94,589
20.552,16.67,0.10,0.90,0.41,3.04,0.00,590
20.568,16.68,0.08,0.88,4.35,3.02,2.90,590
20.585,16.68,0.08,0.91,0.43,3.03,0.00,591
20.602,16.64,0.10,0.89,4.40,3.03,2.92,592
20.618,16.73,0.09,0.94,0.45,3.03,0.00,595
20.635,16.62,0.10,0.91,4.52,3.02,3.03,596
20.652,16.67,0.10,0.94,0.46,3.03,0.00,597
20.668,16.68,0.09,0.91,4.49,3.02,2.99,595
20.685,16.65,0.10,0.92,0.44,3.01,0.00,596
20.702,16.66,0.09,0.91,4.51,3.01,3.06,596
20.718,16.67,0.10,0.92,0.41,3.02,0.00,595
20.735,16.67,0.09,0.88,4.37,3.01,2.91,592
20.752,16.67,0.10,0.91,0.41,3.01,0.00,593
20.768,16.66,0.10,0.89,4.41,2.99,2.93,588
20.785,16.67,0.10,0.92,0.42,3.01,0.00,588
20.802,16.67,0.09,0.89,4.39,3.01,2.92,589
20.818,16.67,0.09,0.90,0.40,3.00,0.00,588
20.835,16.72,0.10,0.93,4.49,3.00,2.96,588
20.852,16.63,0.08,0.92,0.42,2.99,0.00,588
20.868,16.66,0.09,0.91,4.40,2.99,2.94,592
20.885,16.66,0.09,0.91,0.42,3.00,0.00,592
20.902,16.67,0.10,0.89,4.36,2.99,2.91,589
20.918,16.67,0.09,0.92,0.39,3.01,0.00,587
20.935,16.67,0.09,0.92,4.41,3.00,2.93,588
20.952,16.70,0.10,0.91,0.40,3.00,0.00,587
20.968,16.64,0.10,0.90,4.48,3.00,3.01,586
20.985,16.66,0.09,0.89,0.42,3.00,0.00,585
21.002,16.67,0.09,0.90,4.41,2.97,2.92,584
21.018,16.66,0.09,0.90,0.42,2.99,0.00,585
21.035,16.67,0.09,0.89,4.45,2.99,2.96,585
21.052,16.67,0.09,0.91,0.43,3.02,0.00,583
21.068,16.66,0.09,0.88,4.37,3.01,2.89,582
21.085,16.73,0.08,0.91,0.44,3.01,0.00,582
21.102,16.61,0.09,0.88,4.41,3.02,2.93,581
21.118,16.70,0.07,0.89,0.41,3.02,0.00,580
21.135,16.64,0.09,0.89,4.44,3.02,2.95,575
21.152,16.68,0.10,0.91,0.41,3.01,0.00,568
21.168,16.65,0.09,0.91,4.38,3.03,2.93,566
21.185,16.68,0.09,0.90,0.45,3.03,0.00,560
21.202,16.66,0.09,0.88,4.40,3.04,2.91,554
21.219,16.71,0.08,0.89,0.43,3.03,0.00,549
21.235,16.64,0.10,0.89,4.69,3.02,3.13,543
21.252,16.73,0.08,0.87,0.44,2.58,0.00,543
21.268,16.58,0.08,0.86,4.39,2.59,2.91,539
21.285,16.68,0.09,0.86,0.43,2.59,0.00,538
21.302,16.67,0.09,0.86,4.42,2.61,2.92,538
21.318,16.67,0.11,0.87,0.41,2.60,0.00,536
21.335,16.69,0.07,0.86,4.41,2.60,2.94,534
21.352,16.64,0.09,0.84,0.41,2.60,0.00,535
21.368,16.66,0.09,0.86,4.38,2.60,2.91,534
21.385,16.67,0.09,0.85,0.42,2.60,0.00,534
21.402,16.66,0.08,0.82,4.31,2.61,2.86,532
21.419,16.68,0.09,0.87,0.38,2.61,0.00,529
21.435,16.66,0.09,0.87,4.49,2.62,2.95,528
21.452,16.67,0.09,0.87,0.41,2.62,0.00,528
21.468,16.67,0.09,0.84,4.33,2.59,2.88,528
21.485,16.66,0.08,0.85,0.41,2.59,0.00,527
21.502,16.67,0.08,0.83,4.41,2.57,2.98,525
21.519,16.68,0.09,0.86,0.44,2.58,0.00,525
21.535,16.70,0.07,0.84,4.40,2.55,2.93,523
21.552,16.65,0.09,0.86,0.41,2.55,0.00,521
21.569,16.66,0.09,0.83,4.42,2.55,2.93,520
21.585,16.67,0.08,0.85,0.42,2.55,0.00,520
21.602,16.67,0.08,0.83,4.33,2.54,2.86,519
21.619,16.75,0.08,0.84,0.41,2.54,0.00,519
21.635,16.58,0.09,0.86,4.37,2.51,2.89,518
21.652,16.66,0.08,0.85,0.41,2.50,0.00,517
21.669,16.68,0.10,0.84,4.35,2.48,2.89,516
21.685,16.68,0.09,0.85,0.41,2.49,0.00,515
21.702,16.65,0.09,0.62,4.44,2.48,2.96,514
21.719,16.67,0.08,0.62,0.41,2.48,0.00,514
21.735,16.67,0.09,0.62,4.32,2.44,2.87,512
21.752,16.67,0.09,0.63,0.42,2.44,0.00,512
21.769,16.67,0.09,0.60,4.40,2.43,2.97,512
21.785,16.67,0.09,0.62,0.40,2.43,0.00,511
21.802,16.69,0.08,0.60,4.35,2.41,2.90,510
21.819,16.65,0.09,0.63,0.41,2.42,0.00,509
21.835,16.66,0.09,0.63,4.46,2.41,2.97,509
21.852,16.68,0.08,0.65,0.48,2.38,0.00,508
21.869,16.66,0.09,0.63,4.45,2.38,2.97,505
21.885,16.67,0.09,0.65,0.41,2.38,0.00,506
21.902,16.68,0.07,0.62,4.40,2.36,2.93,504
21.919,16.68,0.07,0.64,0.42,2.36,0.00,500
21.935,16.65,0.12,0.95,4.69,2.35,3.17,543
21.952,16.68,0.11,0.93,0.39,3.27,0.00,542
21.969,16.65,0.10,0.92,4.41,3.25,2.92,543
21.985,16.67,0.11,0.94,0.42,3.26,0.00,544
22.002,16.66,0.11,0.93,4.53,3.26,3.03,544
22.019,16.67,0.10,0.95,0.41,3.27,0.00,541
22.035,16.69,0.09,0.94,4.46,3.27,3.01,539
22.052,16.65,0.11,0.96,0.43,3.27,0.00,539
22.069,16.66,0.10,0.97,4.39,3.28,2.93,538
22.085,16.68,0.11,0.96,0.44,3.29,0.00,537
22.102,16.66,0.10,0.95,4.38,3.29,2.93,540
22.119,16.67,0.10,0.96,0.41,3.29,0.00,539
22.135,16.67,0.10,0.94,4.31,3.31,2.87,541
22.152,16.66,0.10,0.98,0.42,3.31,0.00,540
22.169,16.66,0.09,0.96,4.34,3.32,2.90,540
22.185,16.68,0.11,0.99,0.44,3.33,0.00,541
22.202,16.66,0.10,0.96,4.36,3.36,2.92,542
22.219,16.67,0.10,0.98,0.44,3.37,0.00,543
22.235,16.66,0.09,0.96,4.30,3.38,2.87,549
22.252,16.67,0.10,0.98,0.41,3.41,0.00,555
22.269,16.70,0.08,0.96,4.41,3.40,2.92,558
22.285,16.69,0.11,1.00,0.43,3.42,0.00,557
22.302,16.62,0.10,0.99,4.42,3.42,2.97,558
22.319,16.67,0.10,0.98,0.42,3.46,0.00,562
22.335,16.68,0.08,0.97,4.36,3.47,2.91,564
22.352,16.66,0.10,0.92,0.44,2.90,0.00,567
22.369,16.68,0.08,0.89,4.38,2.91,2.93,572
22.385,16.65,0.23,0.99,0.40,2.91,0.00,607
22.402,16.67,0.10,1.01,4.38,3.07,2.92,616
22.419,16.71,0.09,1.01,0.43,3.17,0.00,617
22.435,16.62,0.10,1.01,4.34,3.17,2.88,617
22.452,16.67,0.10,1.02,0.42,3.21,0.00,616
22.469,16.67,0.09,1.00,4.34,3.19,2.89,619
22.485,16.67,0.10,1.02,0.43,3.22,0.00,617
22.502,16.67,0.09,1.00,4.37,3.21,2.89,617
22.519,16.67,0.10,1.02,0.42,3.22,0.00,615
22.535,16.66,0.09,0.98,4.34,3.21,2.87,612
22.552,16.67,0.11,1.00,0.41,3.22,0.00,613
22.569,16.69,0.08,1.01,4.43,3.25,2.98,613
22.585,16.67,0.09,1.02,0.46,3.26,0.00,617
22.602,16.65,0.09,1.01,4.43,3.25,2.94,619
22.619,16.76,0.09,1.00,0.40,3.26,0.00,621
22.635,16.58,0.09,1.03,4.41,3.26,2.93,621
22.652,16.68,0.09,1.01,0.42,3.26,0.00,623
22.669,16.65,0.09,0.99,4.34,3.25,2.89,626
22.685,16.68,0.10,1.01,0.45,3.29,0.00,627
22.702,16.66,0.09,0.99,4.40,3.28,2.93,630
22.719,16.67,0.09,1.00,0.42,3.29,0.00,631
22.735,16.68,0.08,0.98,4.31,3.30,2.85,635
22.752,16.66,0.09,1.02,0.46,3.29,0.00,639
22.769,16.67,0.09,1.00,4.39,3.29,2.91,639
22.785,16.69,0.08,1.00,0.41,3.29,0.00,640
22.802,16.68,0.09,0.99,4.54,3.28,3.02,642
22.819,16.67,0.09,0.99,0.42,3.30,0.00,641
22.835,16.73,0.09,1.01,4.64,3.29,3.13,643
22.852,16.63,0.08,0.98,0.41,3.30,0.00,643
22.869,16.66,0.08,1.00,4.45,3.29,2.94,648
22.885,16.70,0.09,1.02,0.50,3.29,0.00,651
22.902,16.60,0.10,1.00,4.49,3.28,2.97,650
22.919,16.67,0.11,1.02,0.45,3.28,0.00,651
22.935,16.66,0.10,0.98,4.44,3.30,2.95,648
22.952,16.66,0.08,0.99,0.42,3.30,0.00,646
22.969,16.67,0.09,0.95,4.39,3.28,2.91,649
22.985,16.71,0.08,0.99,0.43,3.28,0.00,647
23.002,16.62,0.09,0.96,4.39,3.27,2.93,646
23.019,16.67,0.09,0.98,0.42,3.27,0.00,645
23.035,16.68,0.08,0.95,4.34,3.27,2.89,645
23.052,16.66,0.10,0.99,0.44,3.25,0.00,644
23.069,16.66,0.10,0.97,4.38,3.28,2.92,643
23.085,16.67,0.09,0.99,0.41,3.27,0.00,640
23.102,16.67,0.09,0.97,4.47,3.25,3.00,639
23.119,16.66,0.09,0.98,0.42,3.24,0.00,633
23.135,16.67,0.08,0.96,4.31,3.23,2.88,632
23.152,16.66,0.09,0.97,0.41,3.23,0.00,638
23.169,16.66,0.09,0.95,4.34,3.23,2.88,633
23.185,16.75,0.10,0.99,0.45,3.25,0.00,629
23.202,16.59,0.09,0.97,4.37,3.23,2.91,620
23.219,16.68,0.09,0.98,0.44,3.22,0.00,614
23.235,16.74,0.08,0.96,4.48,3.20,2.98,610
23.252,16.59,0.09,0.97,0.41,3.18,0.00,605
23.269,16.67,0.09,0.94,4.39,3.17,2.93,598
23.285,16.67,0.10,0.97,0.43,3.15,0.00,593
23.302,16.67,0.09,0.96,4.41,3.16,2.94,590
23.319,16.68,0.08,0.96,0.43,3.15,0.00,585
23.335,16.65,0.10,0.93,4.35,3.13,2.88,583
23.352,16.68,0.08,0.95,0.41,3.12,0.00,579
23.369,16.65,0.09,0.93,4.45,3.10,2.98,575
23.385,16.66,0.09,0.95,0.42,3.09,0.00,573
23.402,16.66,0.09,0.93,4.40,3.08,2.92,572
23.419,16.68,0.12,1.33,0.42,3.05,0.00,635
23.435,16.68,0.12,1.32,5.23,4.07,3.72,633
23.452,16.76,0.10,1.32,0.42,3.65,0.00,634
23.469,16.57,0.11,1.32,4.43,3.64,2.94,637
23.485,16.71,0.10,1.33,0.44,3.63,0.00,634
23.502,16.63,0.12,1.34,4.45,3.62,2.93,635
23.519,16.68,0.13,1.32,0.43,3.62,0.00,636
23.535,16.66,0.11,1.34,4.44,3.61,2.90,637
23.552,16.67,0.12,1.35,0.44,3.62,0.00,635
23.569,16.67,0.11,1.31,4.38,3.62,2.91,634
23.585,16.69,0.10,1.33,0.41,3.61,0.00,638
23.602,16.64,0.11,1.34,4.40,3.62,2.92,637
23.619,16.76,0.10,1.35,0.42,3.61,0.00,639
23.635,16.62,0.10,1.31,4.48,3.61,3.00,639
23.652,16.63,0.11,1.35,0.43,3.61,0.00,634
23.669,16.67,0.11,1.35,4.33,3.61,2.87,636
23.685,16.68,0.12,1.41,0.45,3.66,0.00,639
23.702,16.66,0.11,1.34,4.44,3.64,2.94,641
23.719,16.67,0.11,1.34,0.46,3.66,0.00,641
23.735,16.70,0.09,1.34,4.43,3.66,2.93,642
23.752,16.64,0.12,1.32,0.42,3.67,0.00,643
23.769,16.66,0.10,1.36,4.35,3.67,2.90,642
23.785,16.68,0.11,1.38,0.44,3.68,0.00,644
23.802,16.66,0.10,1.36,4.44,3.70,2.93,642
23.819,16.67,0.11,1.37,0.43,3.72,0.00,642
23.835,16.67,0.10,1.35,4.35,3.14,2.86,639
23.852,16.68,0.10,1.36,0.44,3.15,0.00,634
23.869,16.66,0.09,1.33,4.37,3.15,2.91,631
23.885,16.67,0.11,1.35,0.46,3.16,0.00,626
23.902,16.67,0.11,1.09,4.50,3.14,3.00,604
23.919,16.66,0.10,1.08,0.43,3.18,0.00,607
23.935,16.69,0.08,1.12,4.43,3.19,2.94,609
23.952,16.71,0.09,1.10,0.44,3.19,0.00,607
23.969,16.60,0.10,1.06,4.43,3.20,2.94,606
23.985,16.68,0.10,1.07,0.44,3.21,0.00,608
24.002,16.66,0.10,1.05,4.40,3.22,2.92,609
24.019,16.67,0.09,1.08,0.45,3.22,0.00,608
24.035,16.67,0.11,1.09,4.49,3.24,2.97,615
24.052,16.67,0.11,1.08,0.43,3.29,0.00,614
24.069,16.69,0.10,1.08,4.42,3.29,2.91,619
24.085,16.64,0.11,1.06,0.49,3.31,0.00,617
24.102,16.69,0.10,1.05,4.42,3.31,2.94,618
24.119,16.66,0.10,1.09,0.49,3.32,0.00,620
24.135,16.66,0.11,1.08,4.52,3.33,2.98,623
24.152,16.66,0.10,1.06,0.49,3.35,0.00,627
24.169,16.68,0.11,1.05,4.63,3.46,3.10,633
24.185,16.70,0.09,1.03,0.52,3.46,0.00,632
24.202,16.72,0.09,1.06,4.49,3.46,2.97,633
24.219,16.57,0.11,1.04,0.48,3.50,0.00,653
24.235,16.66,0.10,1.02,4.59,3.52,3.07,653
24.252,16.76,0.09,1.01,0.48,3.55,0.00,654
24.269,16.64,0.09,1.03,4.53,3.55,3.00,655
24.285,16.63,0.10,1.03,0.48,3.54,0.00,658
24.302,16.65,0.09,1.03,4.60,3.49,3.07,659
24.319,16.66,0.10,1.02,0.48,3.50,0.00,658
24.335,16.67,0.10,1.00,4.45,3.49,2.92,661
24.352,16.67,0.10,0.90,0.45,3.50,0.00,660
24.369,16.67,0.11,0.93,4.49,3.48,2.96,659
24.386,16.74,0.22,0.97,0.48,3.50,0.00,676
24.402,16.60,0.12,1.03,4.61,3.63,2.99,690
24.419,16.70,0.09,1.02,0.55,3.82,0.00,688
24.435,16.63,0.11,1.07,4.73,3.81,3.13,687
24.452,16.69,0.11,0.99,0.54,3.79,0.00,687
24.469,16.65,0.09,1.04,4.56,3.79,2.99,688
24.485,16.72,0.10,1.02,0.55,3.78,0.00,689
24.502,16.68,0.07,0.75,3.39,3.78,2.50,687
24.519,16.63,0.10,1.02,0.55,3.76,0.00,687
24.535,16.63,0.10,0.97,4.53,3.78,2.96,684
24.552,16.67,0.09,1.00,0.57,3.76,0.00,683
24.569,16.68,0.10,1.00,4.57,3.74,3.04,682
24.585,16.65,0.12,0.98,0.51,3.74,0.00,681
24.602,16.76,0.10,1.01,4.60,3.74,3.03,683
24.619,16.58,0.11,0.97,0.50,3.74,0.00,682
24.635,16.66,0.10,0.99,4.50,3.73,2.98,682
24.652,16.76,0.10,0.99,0.53,3.73,0.00,676
24.669,16.56,0.09,0.96,4.58,3.74,3.05,673
24.685,16.68,0.10,0.95,0.46,3.73,0.00,672
24.702,16.65,0.10,0.95,4.57,3.70,3.06,672
24.719,16.70,0.10,0.94,0.43,3.71,0.00,668
24.735,16.65,0.09,0.93,4.50,3.70,2.99,666
24.752,16.66,0.10,0.96,0.46,3.68,0.00,665
24.769,16.66,0.11,0.95,4.46,3.67,2.96,663
24.785,16.65,0.10,0.92,0.41,3.70,0.00,657
24.802,16.69,0.09,0.94,4.42,3.67,2.93,650
24.819,16.72,0.09,0.94,0.49,3.67,0.00,646
24.836,16.68,0.08,0.93,4.48,3.66,2.98,644
24.852,16.62,0.10,0.94,0.50,3.64,0.00,641
24.869,16.65,0.09,0.93,4.54,3.63,3.03,638
24.885,16.68,0.08,0.91,0.44,3.63,0.00,633
24.902,16.67,0.10,0.89,4.46,3.61,2.97,629
24.919,16.65,0.10,0.88,0.44,3.64,0.00,624
24.936,16.75,0.09,0.90,4.56,2.78,3.03,624
24.952,16.60,0.10,0.89,0.49,2.78,0.00,623
24.969,16.65,0.09,0.88,4.58,2.77,3.06,622
24.985,16.67,0.12,0.88,0.44,2.79,0.00,619
25.002,16.68,0.09,0.85,4.42,2.78,2.92,619
25.019,16.72,0.08,0.84,0.47,2.77,0.00,617
25.035,16.60,0.09,0.89,4.49,2.78,2.98,614
25.052,16.75,0.08,0.87,0.44,2.78,0.00,615
25.069,16.59,0.09,0.88,4.47,2.77,2.98,612
25.085,16.67,0.09,0.88,0.42,2.78,0.00,611
25.102,16.70,0.08,0.87,4.47,2.75,2.97,608
25.119,16.69,0.08,0.88,0.50,2.75,0.00,608
25.135,16.61,0.10,0.89,4.64,2.74,3.10,604
25.152,16.67,0.09,0.88,0.47,2.76,0.00,603
25.169,16.68,0.10,0.87,4.46,2.74,2.94,602
25.185,16.67,0.08,0.91,0.53,2.74,0.00,601
25.202,16.67,0.09,0.87,4.59,2.72,3.05,599
25.219,16.67,0.08,0.85,0.50,2.71,0.00,597
25.235,16.66,0.10,0.89,4.60,2.67,3.08,596
25.252,16.70,0.09,0.89,0.46,2.67,0.00,596
25.269,16.64,0.10,0.91,4.63,2.66,3.05,593
25.285,16.65,0.10,0.87,0.46,2.66,0.00,591
25.302,16.69,0.09,0.87,4.43,2.66,2.92,592
25.319,16.65,0.10,0.90,0.45,2.65,0.00,591
25.336,16.68,0.11,0.85,4.36,2.66,2.91,589
25.352,16.66,0.08,0.88,0.43,2.64,0.00,588
25.369,16.68,0.10,0.88,4.45,2.63,2.94,587
25.386,16.66,0.09,0.64,0.46,2.63,0.00,581
25.402,16.68,0.08,0.63,4.44,2.64,2.94,582
25.419,16.66,0.10,0.64,0.46,2.64,0.00,582
25.436,16.66,0.09,0.64,4.54,2.63,3.01,582
25.452,16.67,0.09,0.63,0.48,2.63,0.00,581
25.469,16.71,0.08,0.62,4.55,2.63,3.06,580
25.486,16.62,0.09,0.61,0.42,2.63,0.00,574
25.502,16.68,0.08,0.64,4.50,2.62,3.00,574
25.519,16.69,0.10,0.65,0.50,2.60,0.00,571
25.536,16.65,0.08,0.63,4.52,2.63,3.01,569
25.552,16.67,0.09,0.64,0.43,2.62,0.00,568
25.569,16.67,0.09,0.61,4.48,2.62,2.97,565
25.586,16.66,0.09,0.65,0.47,2.62,0.00,562
25.602,16.69,0.08,0.63,4.51,2.61,2.95,561
25.619,16.73,0.08,0.64,0.51,2.60,0.00,557
25.636,16.58,0.10,0.61,4.51,2.60,2.99,554
25.652,16.72,0.09,0.66,0.48,2.61,0.00,552
25.669,16.61,0.09,0.65,4.50,2.62,2.99,550
25.686,16.68,0.08,0.64,0.51,2.61,0.00,549
25.702,16.68,0.10,0.68,4.56,2.60,3.00,547
25.719,16.65,0.09,0.64,0.45,2.60,0.00,545
25.736,16.65,0.09,0.63,4.50,2.59,2.95,543
25.752,16.67,0.09,0.64,0.42,2.60,0.00,540
25.769,16.76,0.08,0.63,4.47,2.61,3.00,538
25.786,16.58,0.09,0.63,0.39,2.61,0.00,535
25.802,16.66,0.09,0.63,4.39,2.60,2.92,534
25.819,16.67,0.09,0.63,0.43,2.60,0.00,534
25.836,16.68,0.07,0.60,4.35,2.59,2.89,531
25.852,16.66,0.08,0.63,0.48,2.58,0.00,530
25.869,16.67,0.08,0.64,4.59,2.57,3.05,529
25.886,16.69,0.08,0.62,0.50,2.56,0.00,528
25.902,16.66,0.08,0.63,4.60,2.58,3.05,524
25.919,16.77,0.08,0.63,0.50,2.57,0.00,521
25.936,16.65,0.08,0.66,4.22,2.56,2.98,521
25.952,16.62,0.09,0.65,0.52,2.55,0.00,518
25.969,16.61,0.09,0.63,4.44,2.53,2.94,516
25.986,16.67,0.07,0.64,0.44,2.54,0.00,514
26.002,16.67,0.12,0.94,4.58,2.53,3.10,562
26.019,16.71,0.09,0.93,0.42,3.41,0.00,561
26.036,16.64,0.09,0.92,4.42,3.39,2.98,563
26.052,16.65,0.10,0.95,0.42,3.39,0.00,561
26.069,16.70,0.09,0.93,4.41,3.38,2.95,560
26.086,16.64,0.09,0.96,0.44,3.38,0.00,559
26.102,16.66,0.10,0.94,4.50,3.37,2.99,555
26.119,16.73,0.11,0.97,0.46,3.37,0.00,556
26.136,16.60,0.11,0.96,4.43,3.35,2.93,555
26.152,16.73,0.11,0.93,0.45,3.36,0.00,554
26.169,16.63,0.10,1.00,4.53,3.35,2.99,554
26.186,16.64,0.10,0.97,0.46,3.35,0.00,554
26.202,16.73,0.11,0.95,4.43,3.35,2.93,555
26.219,16.63,0.09,0.97,0.43,3.35,0.00,551
26.236,16.65,0.10,0.95,4.38,3.33,2.93,549
26.252,16.70,0.11,0.96,0.42,3.34,0.00,550
26.269,16.64,0.09,0.96,4.35,3.37,2.89,551
26.286,16.66,0.10,0.97,0.44,3.38,0.00,550
26.302,16.66,0.09,0.95,4.50,3.35,3.02,552
26.319,16.67,0.10,0.96,0.42,3.37,0.00,551
26.336,16.67,0.09,0.95,4.34,3.37,2.88,552
26.352,16.67,0.10,0.86,0.41,3.36,0.00,551
26.369,16.67,0.09,0.86,4.42,3.38,2.93,551
26.386,16.67,0.23,0.96,0.42,3.37,0.00,584
26.402,16.66,0.10,0.98,4.38,3.52,2.91,592
26.419,16.67,0.10,0.97,0.43,3.07,0.00,595
26.436,16.67,0.10,0.96,4.40,3.07,2.92,594
26.452,16.73,0.09,1.00,0.44,3.07,0.00,594
26.469,16.63,0.09,0.99,4.43,3.07,2.94,597
26.486,16.63,0.10,0.97,0.43,3.07,0.00,594
26.502,16.68,0.09,0.95,4.41,3.06,2.93,591
26.519,16.65,0.10,0.98,0.41,3.10,0.00,592
26.536,16.69,0.08,0.96,4.40,3.11,2.92,594
26.552,16.67,0.08,0.99,0.43,3.12,0.00,594
26.569,16.67,0.08,0.96,4.47,3.12,3.00,595
26.586,16.64,0.08,0.98,0.42,3.13,0.00,596
26.602,16.67,0.09,0.94,4.33,3.14,2.88,596
26.619,16.67,0.10,0.97,0.44,3.15,0.00,595
26.636,16.67,0.10,0.97,4.39,3.18,2.92,595
26.652,16.72,0.08,0.97,0.43,3.20,0.00,594
26.669,16.61,0.09,0.94,4.37,3.20,2.91,593
26.686,16.67,0.09,0.97,0.42,3.22,0.00,594
26.702,16.66,0.10,0.99,4.43,3.22,2.93,594
26.719,16.68,0.09,0.97,0.42,3.22,0.00,594
26.736,16.66,0.09,0.93,4.36,3.24,2.90,596
26.752,16.66,0.10,0.97,0.42,3.25,0.00,596
26.769,16.67,0.09,0.95,4.45,3.28,2.95,596
26.786,16.68,0.10,0.95,0.41,3.28,0.00,596
26.802,16.69,0.09,0.96,4.38,3.30,2.92,596
26.819,16.64,0.10,0.95,0.42,3.31,0.00,595
26.836,16.67,0.08,0.97,4.47,3.31,3.01,594
26.852,16.67,0.09,0.96,0.42,3.31,0.00,595
26.869,16.68,0.08,0.93,4.35,3.31,2.90,595
26.886,16.70,0.08,0.96,0.44,3.34,0.00,594
26.902,16.64,0.09,0.96,4.38,3.35,2.91,593
26.919,16.66,0.08,0.97,0.44,3.34,0.00,596
26.936,16.67,0.08,0.95,4.36,3.33,2.89,597
26.952,16.70,0.10,0.96,0.46,3.34,0.00,596
26.969,16.64,0.10,0.95,4.43,3.31,2.94,596
26.986,16.66,0.09,0.95,0.46,3.32,0.00,597
27.002,16.67,0.10,0.93,4.35,3.33,2.89,587
27.019,16.74,0.08,0.92,0.42,3.32,0.00,589
27.036,16.59,0.10,0.91,4.36,3.31,2.92,590
27.052,16.67,0.09,0.95,0.43,3.30,0.00,593
27.069,16.67,0.09,0.93,4.33,3.29,2.89,594
27.086,16.67,0.08,0.95,0.40,3.28,0.00,596
27.102,16.67,0.09,0.94,4.54,3.26,3.05,597
27.119,16.66,0.09,0.93,0.39,3.26,0.00,596
27.136,16.67,0.09,0.90,4.37,3.27,2.89,599
27.152,16.67,0.09,0.94,0.42,3.25,0.00,595
27.169,16.67,0.09,0.92,4.43,3.25,2.89,596
27.186,16.67,0.09,0.94,0.43,3.24,0.00,599
27.202,16.68,0.08,0.95,4.53,3.22,3.04,599
27.219,16.65,0.10,0.93,0.43,3.21,0.00,596
27.236,16.67,0.09,0.94,4.39,3.20,2.92,597
27.252,16.67,0.09,0.93,0.41,3.22,0.00,601
27.269,16.67,0.09,0.93,4.40,3.22,2.92,600
27.286,16.66,0.09,0.94,0.41,3.20,0.00,602
27.302,16.74,0.08,0.91,4.41,3.19,2.94,603
27.319,16.60,0.09,0.93,0.39,3.17,0.00,603
27.336,16.67,0.08,0.94,4.34,3.16,2.88,603
27.352,16.65,0.09,0.92,0.41,3.16,0.00,601
27.369,16.67,0.12,1.21,4.71,3.14,3.21,653
27.386,16.66,0.11,1.20,0.43,4.03,0.00,650
27.402,16.71,0.10,1.23,4.47,4.01,2.95,649
27.419,16.63,0.11,1.19,0.43,4.00,0.00,645
27.436,16.68,0.11,1.22,4.34,4.00,2.87,638
27.452,16.72,0.11,1.20,0.43,3.99,0.00,633
27.469,16.61,0.10,1.23,4.42,3.96,2.92,623
27.486,16.67,0.10,1.22,0.44,3.96,0.00,613
27.502,16.66,0.11,1.21,4.37,3.94,2.88,609
27.519,16.67,0.11,1.22,0.44,3.51,0.00,610
27.536,16.67,0.11,1.21,4.35,3.53,2.88,610
27.552,16.66,0.11,1.22,0.42,3.54,0.00,611
27.569,16.67,0.11,1.21,4.33,3.57,2.89,611
27.586,16.68,0.11,1.23,0.42,3.56,0.00,614
27.602,16.65,0.10,1.24,4.36,3.60,2.88,614
27.619,16.75,0.10,1.26,0.43,3.60,0.00,617
27.636,16.60,0.13,1.27,4.53,3.63,3.03,621
27.652,16.66,0.11,1.24,0.45,3.63,0.00,623
27.669,16.66,0.10,1.21,4.34,3.66,2.88,624
27.686,16.67,0.11,1.24,0.42,3.65,0.00,627
27.702,16.73,0.09,1.22,4.40,3.65,2.90,624
27.719,16.60,0.11,1.22,0.44,3.65,0.00,626
27.736,16.68,0.09,1.25,4.40,3.68,2.91,628
27.752,16.68,0.09,1.27,0.43,3.72,0.00,629
27.769,16.67,0.09,1.26,4.33,3.71,2.88,630
27.786,16.66,0.09,1.25,0.43,3.15,0.00,631
27.802,16.67,0.09,1.23,4.29,3.15,2.84,629
27.819,16.65,0.10,1.25,0.42,3.15,0.00,633
27.836,16.72,0.09,1.26,4.34,3.15,2.88,631
27.852,16.61,0.10,1.25,0.43,3.15,0.00,632
27.869,16.67,0.09,1.23,4.31,3.19,2.88,632
27.886,16.72,0.09,1.26,0.42,3.20,0.00,631
27.902,16.63,0.10,1.23,4.43,3.19,2.98,632
27.919,16.69,0.09,1.26,0.42,3.19,0.00,633
27.936,16.66,0.08,1.24,4.32,3.21,2.87,632
27.952,16.67,0.09,1.26,0.45,3.20,0.00,623
27.969,16.66,0.10,1.03,4.39,3.20,2.91,609
27.986,16.67,0.10,1.02,0.42,3.19,0.00,614
28.002,16.68,0.09,1.05,4.49,3.21,2.97,617
28.019,16.69,0.09,1.00,0.44,3.22,0.00,621
28.036,16.64,0.11,1.02,4.36,3.22,2.89,623
28.052,16.71,0.09,1.02,0.43,3.22,0.00,626
28.069,16.61,0.10,1.01,4.39,3.24,2.91,625
28.086,16.67,0.10,1.03,0.44,3.24,0.00,625
28.102,16.68,0.10,0.99,4.34,3.23,2.89,629
28.119,16.66,0.10,1.03,0.44,3.27,0.00,635
28.136,16.69,0.08,1.00,4.33,3.27,2.87,636
28.152,16.65,0.10,1.01,0.42,3.27,0.00,635
28.169,16.68,0.08,0.98,4.50,3.27,3.03,638
28.186,16.65,0.09,1.03,0.42,3.27,0.00,644
28.202,16.67,0.10,1.02,4.45,3.28,2.96,647
28.219,16.69,0.10,1.02,0.45,3.27,0.00,647
28.236,16.66,0.09,1.05,4.47,3.28,2.96,650
28.252,16.66,0.10,1.02,0.43,3.30,0.00,650
28.269,16.67,0.09,0.99,4.34,3.32,2.89,649
28.286,16.67,0.09,1.00,0.40,3.31,0.00,650
28.302,16.67,0.09,0.97,4.33,3.30,2.85,653
28.319,16.67,0.10,1.00,0.43,3.31,0.00,654
28.336,16.67,0.10,0.97,4.38,3.28,2.91,656
28.352,16.69,0.09,0.91,0.40,3.29,0.00,658
28.369,16.65,0.09,0.91,4.31,3.34,2.85,658
28.386,16.67,0.22,0.98,0.43,3.33,0.00,676
28.402,16.68,0.09,1.00,4.33,3.48,2.87,696
28.419,16.66,0.10,0.98,0.50,3.70,0.00,695
28.436,16.67,0.09,0.95,4.45,3.68,2.96,694
28.452,16.68,0.10,0.95,0.48,3.67,0.00,694
28.469,16.65,0.11,0.97,4.45,3.65,2.92,692
28.486,16.67,0.10,0.96,0.47,3.68,0.00,686
28.502,16.67,0.10,0.93,4.37,3.66,2.88,684
28.519,16.66,0.10,0.96,0.39,3.65,0.00,679
28.536,16.79,0.08,0.95,4.42,3.65,2.92,676
28.552,16.54,0.10,0.95,0.42,3.62,0.00,676
28.569,16.71,0.08,0.93,4.40,3.63,2.93,673
28.586,16.66,0.09,0.96,0.43,3.61,0.00,673
28.602,16.68,0.09,0.96,4.43,3.59,2.94,671
28.619,16.69,0.09,0.96,0.42,3.61,0.00,670
28.636,16.76,0.09,0.94,4.39,3.60,2.88,671
28.652,16.53,0.10,0.95,0.46,3.58,0.00,671
28.669,16.66,0.09,0.92,4.50,3.57,3.01,669
28.686,16.66,0.10,0.95,0.42,3.56,0.00,668
28.702,16.68,0.08,0.92,4.49,3.54,2.99,667
28.719,16.66,0.11,0.93,0.46,3.52,0.00,664
28.736,16.66,0.09,0.91,4.39,3.53,2.92,662
28.753,16.71,0.09,0.94,0.44,3.52,0.00,660
28.769,16.62,0.09,0.91,4.40,3.51,2.92,658
28.786,16.70,0.09,0.94,0.43,3.48,0.00,653
28.802,16.64,0.09,0.94,4.32,3.47,2.86,650
28.819,16.68,0.08,0.95,0.44,3.45,0.00,651
28.836,16.66,0.10,0.91,4.39,3.42,2.93,648
28.853,16.75,0.10,0.79,0.37,3.39,0.00,647
28.869,16.57,0.04,0.38,2.75,3.40,2.05,646
28.886,16.68,0.09,0.94,0.46,2.96,0.00,646
28.902,16.69,0.10,0.93,4.63,2.95,3.10,645
28.919,16.67,0.11,0.91,0.42,2.93,0.00,644
28.936,16.64,0.10,0.90,4.47,2.91,2.99,643
28.953,16.70,0.10,0.90,0.47,2.90,0.00,643
28.969,16.64,0.07,0.69,3.53,2.87,2.59,641
28.986,16.66,0.04,0.36,0.30,2.88,0.00,641
29.003,16.82,0.06,0.47,3.38,2.86,2.49,642
29.019,16.61,0.07,0.69,0.39,2.85,0.00,637
29.036,16.60,0.10,0.91,4.62,2.82,3.05,635
29.053,16.73,0.10,0.89,0.42,2.81,0.00,635
29.069,16.60,0.09,0.87,4.40,2.80,2.94,633
29.086,16.66,0.10,0.89,0.43,2.80,0.00,631
29.103,16.79,0.07,0.65,3.77,2.80,2.59,629
29.119,16.56,0.09,0.92,0.47,2.77,0.00,626
29.136,16.65,0.09,0.89,4.50,2.76,3.01,624
29.152,16.67,0.10,0.88,0.42,2.75,0.00,623
29.169,16.67,0.08,0.86,4.43,2.76,2.95,619
29.186,16.72,0.10,0.87,0.43,2.75,0.00,618
29.202,16.60,0.09,0.86,4.40,2.73,2.90,616
29.219,16.74,0.06,0.49,0.40,2.70,0.00,610
29.236,16.74,0.09,0.88,4.38,2.71,2.83,609
29.253,16.64,0.08,0.91,0.43,2.73,0.00,608
29.269,16.56,0.09,0.87,4.41,2.71,2.93,604
29.286,16.66,0.09,0.87,0.42,2.72,0.00,595
29.303,16.66,0.09,0.86,4.37,2.69,2.89,592
29.319,16.68,0.08,0.91,0.46,2.68,0.00,584
29.336,16.67,0.11,0.60,4.51,2.66,2.97,547
29.353,16.67,0.09,0.44,0.41,2.65,0.00,544
29.369,16.65,0.05,0.32,3.28,2.65,2.38,544
29.386,16.76,0.05,0.31,0.34,2.63,0.00,544
29.403,16.60,0.09,0.58,4.66,2.64,3.10,548
29.419,16.66,0.08,0.59,0.47,2.64,0.00,551
29.436,16.67,0.08,0.59,4.44,2.65,2.97,551
29.453,16.66,0.08,0.59,0.43,2.64,0.00,550
29.469,16.72,0.10,0.58,4.49,2.64,2.99,548
29.486,16.63,0.08,0.58,0.43,2.66,0.00,550
29.503,16.66,0.09,0.56,4.58,2.66,3.08,551
29.519,16.66,0.08,0.44,0.41,2.64,0.00,553
29.536,16.67,0.09,0.57,4.53,2.65,3.00,554
29.553,16.70,0.07,0.59,0.43,2.65,0.00,553
29.569,16.64,0.08,0.58,4.37,2.65,2.88,553
29.586,16.74,0.08,0.60,0.45,2.65,0.00,552
29.603,16.59,0.10,0.59,4.48,2.65,2.96,552
29.619,16.70,0.08,0.58,0.44,2.65,0.00,553
29.636,16.65,0.10,0.58,4.44,2.65,2.94,555
29.653,16.66,0.09,0.56,0.43,2.65,0.00,554
29.669,16.65,0.09,0.56,4.35,2.64,2.87,552
29.686,16.67,0.09,0.57,0.43,2.65,0.00,551
29.703,16.67,0.09,0.57,4.31,2.64,2.85,550
29.719,16.72,0.08,0.60,0.44,2.65,0.00,549
29.736,16.62,0.10,0.58,4.43,2.63,2.92,548
29.753,16.66,0.10,0.55,0.44,2.64,0.00,545
29.769,16.68,0.10,0.58,4.54,2.61,3.00,544
29.786,16.68,0.08,0.60,0.51,2.60,0.00,542
29.803,16.66,0.10,0.57,4.49,2.60,2.94,543
29.819,16.67,0.10,0.60,0.48,2.62,0.00,542
29.836,16.71,0.11,0.59,4.49,2.60,2.96,541
29.853,16.66,0.09,0.57,0.46,2.61,0.00,540
29.869,16.61,0.08,0.55,4.41,2.61,2.92,539
29.886,16.67,0.10,0.55,0.42,2.61,0.00,538
29.903,16.67,0.09,0.55,4.40,2.60,2.92,539
29.919,16.67,0.09,0.58,0.41,2.59,0.00,537
29.936,16.68,0.07,0.60,4.39,2.59,2.89,537
29.953,16.71,0.08,0.58,0.41,2.56,0.00,536
29.969,16.63,0.12,0.59,4.49,2.58,2.98,536
29.986,16.65,0.09,0.58,0.43,2.58,0.00,537
30.003,16.66,0.11,0.59,4.40,2.57,2.90,534
30.019,16.67,0.10,0.58,0.38,2.55,0.00,534
30.036,16.66,0.09,0.59,4.59,2.56,3.08,536
30.053,16.67,0.09,0.56,0.42,2.55,0.00,534
30.069,16.66,0.09,0.56,4.37,2.55,2.88,533
30.086,16.70,0.10,0.58,0.44,2.54,0.00,526
30.103,16.71,0.08,0.44,3.80,2.54,2.60,527
30.119,16.64,0.08,0.58,0.52,2.54,0.00,526
30.136,16.64,0.09,0.55,4.48,2.53,2.97,525
30.153,16.66,0.09,0.57,0.43,2.54,0.00,525
30.169,16.67,0.09,0.55,4.40,2.52,2.90,524
30.186,16.67,0.08,0.56,0.43,2.53,0.00,521
30.203,16.66,0.10,0.57,4.34,2.52,2.87,520
30.219,16.74,0.08,0.58,0.43,2.54,0.00,520
30.236,16.60,0.09,0.58,4.46,2.53,2.94,520
30.253,16.72,0.10,0.57,0.44,2.53,0.00,516
30.269,16.61,0.10,0.59,4.37,2.51,2.88,517
30.286,16.68,0.09,0.56,0.41,2.51,0.00,515
30.303,16.66,0.09,0.55,4.46,2.51,2.98,514
30.319,16.69,0.11,0.58,0.44,2.52,0.00,512
30.336,16.64,0.09,0.56,4.40,2.52,2.92,510
30.353,16.71,0.07,0.50,0.42,2.52,0.00,510
30.369,16.62,0.10,0.49,4.40,2.51,2.91,510
30.386,16.67,0.22,0.61,0.43,2.51,0.00,541
30.403,16.66,0.10,0.60,4.39,2.61,2.91,540
30.419,16.69,0.09,0.61,0.42,2.62,0.00,537
30.436,16.64,0.09,0.60,5.07,2.61,3.61,537
30.453,16.69,0.08,0.60,0.41,2.61,0.00,536
30.469,16.64,0.09,0.62,4.51,2.62,3.00,534
30.486,16.67,0.09,0.62,0.43,2.61,0.00,532
30.503,16.67,0.09,0.59,4.39,2.61,2.91,533
30.519,16.67,0.09,0.62,0.43,2.59,0.00,533
30.536,16.69,0.07,0.59,4.29,2.59,2.83,532
30.553,16.66,0.08,0.61,0.40,2.58,0.00,531
30.569,16.66,0.08,0.60,4.44,2.58,2.98,530
30.586,16.69,0.10,0.61,0.43,2.58,0.00,529
30.603,16.64,0.09,0.60,4.32,2.58,2.87,528
30.619,16.76,0.08,0.64,0.39,2.58,0.00,528
30.636,16.62,0.08,0.62,4.45,2.57,2.96,529
30.653,16.70,0.08,0.63,0.46,2.55,0.00,528
30.669,16.59,0.09,0.63,4.38,2.54,2.91,526
30.686,16.67,0.09,0.62,0.43,2.55,0.00,525
30.703,16.75,0.10,0.84,4.53,2.54,3.05,575
30.719,16.59,0.12,0.85,0.45,3.46,0.00,583
30.736,16.68,0.10,0.84,4.39,3.53,2.90,580
30.753,16.65,0.11,0.84,0.42,3.52,0.00,577
30.769,16.66,0.11,0.84,4.42,3.52,2.93,575
30.786,16.70,0.09,0.84,0.41,3.51,0.00,575
30.803,16.67,0.09,0.83,4.31,3.51,2.87,575
30.819,16.67,0.10,0.86,0.41,3.51,0.00,572
30.836,16.65,0.09,0.85,4.39,3.50,2.95,571
30.853,16.66,0.11,0.85,0.41,3.50,0.00,572
30.869,16.68,0.09,0.85,4.37,3.52,2.90,572
30.886,16.69,0.10,0.86,0.41,3.51,0.00,576
30.903,16.63,0.11,0.84,4.33,3.54,2.88,579
30.919,16.68,0.10,0.87,0.42,3.53,0.00,580
30.936,16.70,0.10,0.87,4.41,3.54,2.94,580
30.953,16.62,0.11,0.87,0.42,3.56,0.00,577
30.969,16.67,0.11,0.87,4.39,3.55,2.88,577
30.986,16.66,0.12,0.87,0.42,3.53,0.00,577
31.003,16.67,0.12,0.86,4.59,3.53,3.04,583
31.019,16.72,0.12,0.88,0.46,3.54,0.00,582
31.036,16.61,0.11,0.86,4.48,3.57,2.99,580
31.053,16.67,0.11,0.88,0.42,3.57,0.00,581
31.069,16.70,0.10,0.87,4.48,3.57,2.95,583
31.086,16.67,0.11,0.88,0.41,3.58,0.00,583
31.103,16.66,0.09,0.87,4.68,3.58,3.17,583
31.119,16.68,0.11,0.87,0.46,3.46,0.00,582
31.136,16.63,0.10,0.84,4.42,3.00,2.97,584
31.153,16.68,0.10,0.87,0.41,3.01,0.00,582
31.169,16.67,0.10,0.88,4.40,3.02,2.92,581
31.186,16.66,0.11,0.87,0.42,3.01,0.00,583
31.203,16.67,0.10,0.87,4.40,3.03,2.93,583
31.219,16.68,0.11,0.87,0.50,3.03,0.00,582
31.236,16.68,0.09,0.89,4.48,3.03,2.96,584
31.253,16.64,0.11,0.85,0.42,3.04,0.00,585
31.269,16.71,0.09,0.88,4.47,3.04,2.97,585
31.286,16.62,0.10,0.87,0.44,3.04,0.00,584
31.303,16.66,0.09,0.85,4.37,3.04,2.90,583
31.319,16.68,0.11,0.87,0.41,3.04,0.00,583
31.336,16.67,0.11,0.86,4.41,3.06,2.92,584
31.353,16.67,0.10,0.87,0.41,3.05,0.00,583
31.369,16.67,0.10,0.86,4.54,3.04,3.04,583
31.386,16.71,0.11,0.88,0.44,3.06,0.00,583
31.403,16.65,0.10,0.85,4.42,3.04,2.95,584
31.419,16.66,0.11,0.87,0.43,3.05,0.00,586
31.436,16.66,0.11,0.84,4.45,3.04,2.95,586
31.453,16.67,0.10,0.87,0.40,3.06,0.00,584
31.469,16.68,0.10,0.87,4.45,3.04,2.94,585
31.486,16.68,0.11,0.87,0.43,3.03,0.00,585
31.503,16.64,0.10,0.83,4.41,3.02,2.93,585
31.519,16.67,0.10,0.86,0.42,3.02,0.00,586
31.536,16.67,0.10,0.84,4.39,3.03,2.92,587
31.553,16.67,0.11,0.86,0.41,3.02,0.00,585
31.569,16.66,0.09,0.84,4.31,3.02,2.86,582
31.586,16.69,0.09,0.87,0.44,3.02,0.00,582
31.603,16.65,0.09,0.85,4.34,3.00,2.87,584
31.619,16.75,0.09,0.86,0.42,3.01,0.00,585
31.636,16.58,0.09,0.85,4.46,3.01,2.99,586
31.653,16.68,0.10,0.87,0.42,3.00,0.00,585
31.669,16.65,0.10,0.85,4.36,2.98,2.90,586
31.686,16.69,0.10,0.88,0.42,2.99,0.00,585
31.703,16.65,0.09,0.85,4.36,3.00,2.91,585
31.719,16.66,0.11,0.87,0.45,2.99,0.00,587
31.736,16.67,0.10,0.86,4.40,2.99,2.92,587
31.753,16.67,0.09,0.86,0.41,2.98,0.00,587
31.769,16.74,0.08,0.85,4.34,2.98,2.88,586
31.786,16.59,0.08,0.86,0.41,2.99,0.00,585
31.803,16.67,0.14,1.23,5.11,2.97,3.64,655
31.819,16.67,0.12,1.25,0.45,4.00,0.00,655
31.836,16.68,0.10,1.22,4.38,4.00,2.92,655
31.853,16.65,0.12,1.25,0.42,4.01,0.00,654
31.869,16.66,0.11,1.22,4.31,4.02,2.84,654
31.886,16.68,0.12,1.26,0.43,4.03,0.00,653
31.903,16.67,0.11,1.25,4.44,4.02,2.96,652
31.919,16.69,0.11,1.28,0.46,4.02,0.00,653
31.936,16.65,0.11,1.30,4.45,4.01,2.95,649
31.953,16.65,0.12,1.29,0.42,4.04,0.00,649
31.969,16.67,0.12,1.28,4.45,4.07,2.93,651
31.986,16.66,0.12,1.29,0.44,4.06,0.00,653
32.003,16.66,0.12,1.27,4.38,4.09,2.92,655
32.019,16.68,0.12,1.29,0.41,4.12,0.00,656
32.036,16.67,0.12,1.28,4.38,4.12,2.89,658
32.053,16.67,0.12,1.29,0.41,4.17,0.00,663
32.069,16.68,0.10,1.29,4.43,4.20,2.93,664
32.086,16.67,0.11,1.33,0.46,4.21,0.00,666
32.103,16.65,0.12,1.31,4.43,4.22,2.93,667
32.120,16.76,0.11,1.32,0.48,4.25,0.00,667
32.136,16.59,0.12,1.32,4.61,4.23,3.04,667
32.153,16.67,0.13,1.33,0.52,4.25,0.00,668
32.169,16.67,0.12,1.33,4.65,4.27,3.10,664
32.186,16.67,0.11,1.32,0.51,4.30,0.00,662
32.203,16.66,0.11,1.30,4.60,4.31,3.06,657
32.219,16.70,0.12,1.29,0.44,3.39,0.00,658
32.236,16.62,0.11,1.29,4.50,3.39,2.99,657
32.253,16.68,0.12,1.30,0.43,3.41,0.00,656
32.269,16.65,0.10,1.28,4.41,3.40,2.92,657
32.286,16.68,0.11,1.30,0.43,3.44,0.00,657
32.303,16.66,0.11,1.29,4.33,3.43,2.87,658
32.319,16.68,0.11,1.31,0.43,3.47,0.00,659
32.336,16.70,0.09,1.28,4.37,3.47,2.89,660
32.353,16.67,0.10,1.21,0.41,3.48,0.00,660
32.369,16.62,0.11,1.21,4.37,3.47,2.89,660
32.386,16.68,0.25,1.31,0.45,3.49,0.00,674
32.403,16.67,0.10,1.30,4.51,3.61,2.99,679
32.419,16.65,0.12,1.28,0.44,3.68,0.00,679
32.436,16.67,0.11,1.26,4.42,3.69,2.96,681
32.453,16.68,0.11,1.26,0.48,3.69,0.00,683
32.469,16.66,0.11,1.27,4.40,3.69,2.92,682
32.486,16.70,0.11,1.29,0.51,3.70,0.00,683
32.503,16.64,0.11,1.26,4.41,3.70,2.90,683
32.519,16.68,0.11,1.26,0.47,3.71,0.00,685
32.536,16.66,0.11,1.28,4.45,3.71,2.90,686
32.553,16.67,0.12,1.26,0.47,3.71,0.00,688
32.569,16.66,0.11,1.24,4.42,3.73,2.91,686
32.586,16.69,0.10,1.26,0.48,3.73,0.00,685
32.603,16.65,0.11,1.22,4.40,3.72,2.88,688
32.619,16.68,0.10,1.26,0.46,3.73,0.00,687
32.636,16.66,0.12,1.26,4.46,3.72,2.92,687
32.653,16.66,0.09,0.94,0.46,3.70,0.00,686
32.669,16.67,0.16,1.37,4.70,3.71,3.18,744
32.686,16.66,0.15,1.31,0.43,4.59,0.00,742
32.703,16.66,0.14,1.30,4.48,4.59,2.98,741
32.719,16.67,0.16,1.32,0.42,4.60,0.00,744
32.736,16.67,0.16,1.29,4.41,4.58,2.89,744
32.753,16.67,0.17,1.32,0.46,4.58,0.00,746
32.769,16.67,0.15,1.29,4.40,4.57,2.89,748
32.786,16.66,0.16,1.34,0.42,4.59,0.00,750
32.803,16.66,0.15,1.32,4.41,4.60,2.90,746
32.819,16.68,0.16,1.33,0.45,4.59,0.00,746
32.836,16.66,0.15,1.31,4.37,4.60,2.90,746
32.853,16.67,0.17,1.33,0.41,4.61,0.00,748
32.869,16.67,0.16,1.34,4.34,4.63,2.85,749
32.886,16.67,0.16,1.32,0.43,4.64,0.00,749
32.903,16.65,0.15,1.28,4.31,4.63,2.82,752
32.919,16.69,0.17,1.32,0.45,4.66,0.00,754
32.936,16.68,0.14,1.30,4.35,4.64,2.87,753
32.953,16.65,0.14,1.30,0.42,4.66,0.00,751
32.969,16.66,0.13,1.27,4.42,4.65,2.94,750
32.986,16.68,0.14,1.28,0.44,4.65,0.00,750
33.003,16.66,0.13,1.26,4.36,4.65,2.90,750
33.019,16.66,0.13,1.29,0.43,4.67,0.00,751
33.036,16.68,0.13,1.27,4.41,4.68,2.90,751
33.053,16.67,0.13,1.29,0.42,4.69,0.00,748
33.069,16.66,0.13,1.26,4.31,4.68,2.84,748
33.086,16.70,0.13,1.31,0.41,4.11,0.00,747
33.103,16.64,0.13,1.29,4.39,4.11,2.87,746
33.120,16.68,0.14,1.30,0.44,4.11,0.00,744
33.136,16.65,0.13,1.26,4.35,4.13,2.87,739
33.153,16.69,0.13,1.28,0.42,4.12,0.00,736
33.170,16.65,0.13,1.24,4.34,4.12,2.87,725
33.186,16.67,0.13,1.27,0.43,4.17,0.00,714
33.203,16.66,0.12,1.23,4.34,4.15,2.86,705
33.220,16.69,0.13,1.28,0.45,4.12,0.00,702
33.236,16.67,0.12,1.19,4.54,4.11,3.00,695
33.253,16.72,0.13,1.23,0.48,4.09,0.00,691
33.270,16.61,0.13,1.21,4.40,4.12,2.89,683
33.286,16.67,0.14,1.21,0.41,4.09,0.00,682
33.303,16.66,0.13,1.18,4.34,4.09,2.88,676
33.320,16.67,0.13,1.19,0.44,3.29,0.00,675
33.336,16.67,0.13,1.16,4.30,3.28,2.86,677
33.353,16.66,0.14,1.19,0.44,3.32,0.00,679
33.370,16.67,0.13,1.15,4.38,3.30,2.90,678
33.386,16.67,0.13,1.18,0.44,3.28,0.00,679
33.403,16.66,0.12,1.14,4.32,3.29,2.87,677
33.420,16.68,0.14,1.18,0.45,3.26,0.00,674
33.436,16.67,0.13,1.16,4.44,3.30,2.92,674
33.453,16.66,0.13,1.17,0.43,3.28,0.00,674
33.470,16.67,0.13,1.14,4.35,3.26,2.86,675
33.486,16.68,0.13,1.20,0.48,3.26,0.00,676
33.503,16.66,0.12,1.16,4.46,3.29,2.99,676
33.520,16.67,0.13,1.17,0.44,3.28,0.00,675
33.536,16.67,0.12,1.13,4.34,3.26,2.88,674
33.553,16.68,0.13,1.18,0.47,3.26,0.00,674
33.570,16.66,0.13,1.12,4.34,3.26,2.89,674
33.586,16.68,0.11,1.16,0.44,3.27,0.00,672
33.603,16.65,0.12,1.13,4.40,3.26,2.92,670
33.620,16.75,0.11,1.17,0.41,3.25,0.00,670
33.636,16.60,0.13,1.14,4.38,3.25,2.88,670
33.653,16.66,0.13,1.17,0.44,3.24,0.00,671
33.670,16.66,0.12,1.13,4.37,3.29,2.91,669
33.686,16.68,0.13,1.15,0.41,3.29,0.00,669
33.703,16.66,0.12,1.11,4.28,3.30,2.83,661
33.720,16.68,0.12,1.14,0.42,3.28,0.00,658
33.736,16.67,0.14,1.17,4.48,3.27,2.99,658
33.753,16.67,0.12,1.16,0.47,3.30,0.00,655
33.770,16.65,0.12,0.89,4.46,3.28,2.98,643
33.786,16.68,0.13,0.92,0.42,3.26,0.00,643
33.803,16.68,0.12,0.87,4.35,3.27,2.88,646
33.820,16.65,0.14,1.64,0.41,3.26,0.00,663
33.836,16.68,0.11,0.98,4.63,3.31,3.16,662
33.853,16.66,0.13,1.02,0.43,3.34,0.00,665
33.870,16.66,0.13,1.00,4.31,3.33,2.87,669
33.886,16.68,0.13,1.02,0.44,3.36,0.00,670
33.903,16.66,0.13,0.99,4.33,3.36,2.87,673
33.920,16.68,0.13,1.02,0.44,3.39,0.00,674
33.936,16.66,0.12,0.98,4.31,3.40,2.86,672
33.953,16.68,0.13,1.03,0.45,3.40,0.00,673
33.970,16.66,0.12,0.98,4.35,3.39,2.88,674
33.986,16.69,0.14,1.04,0.46,3.39,0.00,674
34.003,16.65,0.12,1.02,4.43,3.41,2.93,678
34.020,16.67,0.13,1.03,0.41,3.42,0.00,677
34.036,16.67,0.12,0.99,4.39,3.40,2.93,680
34.053,16.75,0.11,1.04,0.42,3.42,0.00,679
34.070,16.58,0.12,1.01,4.30,3.41,2.86,677
34.086,16.68,0.11,1.05,0.45,3.44,0.00,676
34.103,16.66,0.11,1.01,4.25,3.42,2.81,674
34.120,16.68,0.12,1.04,0.44,3.43,0.00,668
34.136,16.67,0.12,1.00,4.39,3.40,2.90,657
34.153,16.67,0.13,1.03,0.43,3.40,0.00,641
34.170,16.66,0.12,1.01,4.32,3.41,2.86,633
34.186,16.67,0.12,1.04,0.44,3.09,0.00,631
34.203,16.67,0.12,1.01,4.29,3.07,2.84,630
34.220,16.67,0.12,1.03,0.44,3.08,0.00,630
34.236,16.67,0.12,1.02,4.49,3.06,2.91,630
34.253,16.67,0.12,1.03,0.44,3.07,0.00,631
34.270,16.66,0.11,0.99,4.32,3.07,2.87,632
34.286,16.68,0.12,1.04,0.44,3.08,0.00,631
34.303,16.65,0.11,0.99,4.46,3.08,3.00,631
34.320,16.68,0.12,1.02,0.43,3.06,0.00,631
34.336,16.67,0.11,0.98,4.28,3.08,2.84,631
34.353,16.67,0.12,0.96,0.42,3.08,0.00,632
34.370,16.66,0.11,0.92,4.28,3.08,2.84,631
34.386,16.67,0.24,1.05,0.42,3.07,0.00,673
34.403,16.67,0.12,1.03,4.33,3.25,2.84,685
34.420,16.67,0.12,1.07,0.47,3.38,0.00,683
34.436,16.68,0.12,1.04,4.50,3.39,2.94,685
34.453,16.69,0.11,1.08,0.50,3.38,0.00,684
34.470,16.65,0.10,1.04,4.47,3.36,2.95,683
34.486,16.68,0.12,1.06,0.45,3.36,0.00,681
34.503,16.65,0.12,1.04,4.43,3.37,2.92,680
34.520,16.72,0.12,1.09,0.51,3.36,0.00,682
34.536,16.66,0.11,1.07,4.49,3.34,2.97,682
34.553,16.66,0.13,1.08,0.47,3.36,0.00,683
34.570,16.64,0.12,1.03,4.54,3.34,3.03,684
34.586,16.69,0.12,1.07,0.48,3.37,0.00,685
34.603,16.67,0.13,1.09,4.55,3.36,2.98,684
34.620,16.67,0.12,1.08,0.45,3.36,0.00,684
34.636,16.67,0.11,0.88,4.53,3.35,2.95,684
34.653,16.65,0.13,0.87,0.46,3.35,0.00,683
34.670,16.66,0.12,0.84,4.48,3.38,2.95,685
34.686,16.67,0.13,0.86,0.46,3.40,0.00,685
34.703,16.66,0.11,0.82,4.40,3.39,2.91,685
34.720,16.68,0.12,0.85,0.47,3.39,0.00,688
34.736,16.80,0.11,0.84,4.52,3.43,2.96,688
34.753,16.54,0.13,0.88,0.53,3.41,0.00,687
34.770,16.74,0.10,0.84,4.45,3.41,2.94,684
34.786,16.59,0.12,0.86,0.47,3.40,0.00,684
34.803,16.66,0.12,0.83,4.45,3.41,2.93,685
34.820,16.67,0.12,0.88,0.44,3.44,0.00,681
34.836,16.67,0.12,0.84,4.49,3.43,3.03,680
34.853,16.67,0.12,0.87,0.43,3.41,0.00,665
34.870,16.67,0.12,0.85,4.33,3.40,2.90,664
34.886,16.66,0.12,0.87,0.42,3.39,0.00,664
34.903,16.67,0.12,0.83,4.34,3.39,2.88,665
34.920,16.66,0.12,0.86,0.41,3.39,0.00,665
34.936,16.67,0.11,0.83,4.32,3.39,2.88,662
34.953,16.67,0.12,0.87,0.40,3.39,0.00,663
34.970,16.66,0.13,0.82,4.42,3.39,2.93,663
34.986,16.71,0.11,0.88,0.45,3.41,0.00,663
35.003,16.65,0.13,0.88,4.48,3.39,2.95,663
35.020,16.68,0.11,0.89,0.45,3.39,0.00,664
35.036,16.65,0.11,0.84,4.40,3.41,2.94,662
35.053,16.67,0.12,0.88,0.43,3.42,0.00,662
35.070,16.69,0.10,0.84,4.37,3.43,2.90,660
35.086,16.65,0.12,0.89,0.42,3.42,0.00,657
35.103,16.66,0.11,0.84,4.43,3.41,2.98,656
35.120,16.67,0.12,0.88,0.41,3.41,0.00,658
35.136,16.68,0.11,0.84,4.34,3.40,2.89,657
35.153,16.66,0.12,0.87,0.41,3.40,0.00,654
35.170,16.66,0.11,0.86,4.40,3.38,2.93,652
35.186,16.67,0.12,0.88,0.42,3.38,0.00,651
35.203,16.67,0.11,0.84,4.34,3.36,2.87,651
35.220,16.67,0.12,0.89,0.39,3.35,0.00,645
35.236,16.66,0.12,0.89,4.41,3.37,2.93,643
35.253,16.69,0.13,0.95,0.53,3.35,0.00,639
35.270,16.68,0.12,0.91,4.56,3.34,3.00,634
35.286,16.67,0.11,0.88,4.36,3.32,2.82,633
35.303,16.65,0.30,1.19,0.48,3.31,0.00,674
35.320,16.66,0.15,1.15,0.48,4.10,0.00,669
35.336,16.70,0.15,1.16,4.87,3.79,3.35,667
35.353,16.63,0.16,1.15,0.43,3.79,0.00,665
35.370,16.66,0.15,1.15,4.51,3.80,3.02,666
35.386,16.67,0.16,1.17,0.43,3.78,0.00,664
35.403,16.69,0.15,1.20,4.39,3.76,2.91,674
35.420,16.67,0.16,1.23,4.23,3.77,2.74,673
35.436,16.64,0.16,1.22,0.44,3.78,0.00,673
35.453,16.75,0.15,1.29,4.47,3.77,2.95,677
35.470,16.66,0.19,1.28,0.47,3.72,0.00,677
35.486,16.60,0.17,1.27,0.47,3.72,0.00,680
35.503,16.68,0.14,1.33,4.60,3.73,3.06,680
35.520,16.68,0.16,1.28,4.28,3.74,2.78,682
35.536,16.65,0.17,1.29,0.49,3.74,0.00,684
35.553,16.66,0.15,1.25,0.45,3.78,0.00,684
35.570,16.67,0.15,1.25,4.46,3.78,3.01,681
35.586,16.67,0.16,1.29,0.43,3.77,0.00,681
35.603,16.66,0.15,1.26,4.36,3.77,2.86,684
35.620,16.68,0.15,1.28,4.37,3.78,2.85,683
35.636,16.65,0.15,1.28,0.43,3.78,0.00,680
35.653,16.66,0.15,1.27,0.45,3.79,0.00,683
35.670,16.67,0.14,1.26,4.45,3.80,2.96,684
35.686,16.67,0.15,1.29,0.47,3.83,0.00,685
35.703,16.67,0.14,1.26,4.36,3.80,2.87,684
35.720,16.67,0.15,1.28,4.39,3.24,2.83,685
35.736,16.67,0.16,1.29,0.49,3.24,0.00,687
35.753,16.67,0.15,1.26,4.49,3.24,2.94,686
35.770,16.69,0.15,1.29,0.52,3.25,0.00,688
35.786,16.65,0.14,1.14,4.48,3.28,2.95,688
35.803,16.67,0.15,1.16,0.49,3.29,0.00,685
35.820,16.67,0.14,1.14,4.41,3.28,2.93,688
35.836,16.67,0.15,1.17,0.49,3.30,0.00,686
35.853,16.67,0.14,1.13,4.40,3.28,2.91,687
35.870,16.66,0.15,1.16,0.47,3.29,0.00,687
35.886,16.66,0.14,1.13,4.45,3.28,2.97,688
35.903,16.68,0.16,1.18,0.54,3.30,0.00,686
35.920,16.68,0.15,1.15,4.56,3.30,2.98,686
35.936,16.65,0.15,1.15,0.53,3.29,0.00,687
35.953,16.68,0.14,1.13,4.60,3.29,3.02,688
35.970,16.67,0.16,1.15,0.52,3.29,0.00,688
35.986,16.70,0.14,1.12,4.56,3.27,2.99,689
36.003,16.64,0.16,1.13,0.55,3.26,0.00,687
36.020,16.67,0.16,1.13,4.60,3.38,3.02,683
36.036,16.65,0.15,1.10,0.48,3.36,0.00,674
36.053,16.71,0.13,1.11,4.47,3.34,2.94,674
36.070,16.64,0.11,1.15,0.51,3.35,0.00,721
36.086,16.67,0.13,1.15,4.51,3.38,2.96,719
36.103,16.68,0.12,1.13,0.49,3.42,0.00,718
36.120,16.68,0.16,1.12,4.60,3.39,3.05,722
36.136,16.66,0.12,1.15,0.50,3.38,0.00,721
36.153,16.65,0.10,0.86,4.26,3.38,2.73,719
36.170,16.68,0.11,1.11,0.50,3.36,0.00,719
36.186,16.68,0.12,1.13,4.54,3.35,2.99,720
36.203,16.66,0.12,1.13,0.54,3.37,0.00,717
36.220,16.67,0.10,1.10,4.16,3.36,2.90,715
36.236,16.68,0.12,1.10,0.50,3.35,0.00,714
36.253,16.67,0.09,0.82,4.35,3.38,2.85,714
36.270,16.63,0.10,0.82,0.39,3.37,0.00,712
36.286,16.68,0.08,0.83,4.14,3.37,2.60,714
36.303,16.66,0.09,0.82,0.40,3.36,0.00,714
36.320,16.67,0.09,0.83,4.16,3.35,2.63,715
36.336,16.68,0.08,0.82,0.44,3.35,0.00,714
36.353,16.64,0.09,0.78,4.20,3.34,2.69,714
36.370,16.67,0.09,0.76,0.38,3.33,0.00,715
36.386,16.67,0.19,0.81,4.16,3.36,2.65,737
36.403,16.68,0.10,0.82,0.41,3.51,0.00,743
36.420,16.67,0.08,0.80,4.48,3.59,2.98,742
36.436,16.66,0.09,0.79,0.39,3.59,0.00,742
36.453,16.74,0.08,0.82,4.40,3.58,2.90,742
36.470,16.68,0.08,0.82,0.40,3.58,0.00,742
36.486,16.58,0.10,0.87,4.17,3.59,2.65,743
36.503,16.67,0.10,0.79,0.39,3.60,0.00,740
36.520,16.67,0.09,0.80,4.18,3.60,2.62,739
36.536,16.67,0.09,0.80,0.38,3.59,0.00,739
36.553,16.66,0.10,0.79,4.29,3.59,2.77,736
36.570,16.67,0.10,0.80,0.42,3.57,0.00,735
36.586,16.67,0.09,0.79,4.39,3.56,2.89,735
36.603,16.68,0.10,0.77,0.40,3.57,0.00,734
36.620,16.73,0.08,0.78,4.40,3.58,2.86,733
36.636,16.60,0.09,0.80,0.41,3.57,0.00,732
36.653,16.66,0.09,0.78,4.33,3.57,2.82,728
36.670,16.67,0.09,0.78,0.40,3.55,0.00,727
36.686,16.68,0.08,0.78,4.25,3.55,2.73,724
36.703,16.65,0.09,0.78,0.37,3.54,0.00,722
36.720,16.74,0.08,0.75,4.38,3.54,2.93,720
36.736,16.59,0.08,0.76,0.33,3.54,0.00,717
36.753,16.67,0.07,0.75,4.06,3.52,2.59,716
36.770,16.68,0.08,0.76,0.35,3.52,0.00,715
36.786,16.67,0.08,0.76,4.10,3.48,2.61,714
36.803,16.69,0.07,0.74,0.36,3.49,0.00,713
36.820,16.70,0.07,0.73,4.09,3.12,2.64,713
36.836,16.61,0.11,0.97,0.43,3.11,0.00,713
36.853,16.67,0.11,0.92,4.36,3.13,2.91,712
36.870,16.67,0.12,0.97,0.43,3.11,0.00,711
36.886,16.67,0.10,0.95,4.35,3.09,2.91,712
36.903,16.67,0.11,0.96,0.44,3.07,0.00,710
36.920,16.67,0.10,0.97,4.53,3.05,3.02,708
36.937,16.67,0.12,0.99,0.44,3.04,0.00,708
36.953,16.66,0.12,0.95,4.58,3.02,3.07,709
36.970,16.67,0.12,0.95,0.43,3.02,0.00,709
36.987,16.66,0.11,0.96,4.47,3.00,2.99,706
37.003,16.67,0.11,0.94,0.38,2.99,0.00,706
37.020,16.66,0.11,0.97,4.43,2.97,2.95,704
37.037,16.68,0.11,0.95,0.43,2.95,0.00,703
37.053,16.66,0.10,0.97,4.40,2.94,2.92,701
37.070,16.67,0.11,0.97,0.45,2.92,0.00,699
37.087,16.66,0.10,0.94,4.33,2.92,2.88,697
37.103,16.69,0.11,0.89,0.50,2.90,0.00,694
37.120,16.65,0.10,0.91,4.46,2.87,2.93,694
37.137,16.67,0.11,0.91,0.46,2.87,0.00,693
37.153,16.69,0.09,0.91,4.45,2.84,2.93,686
37.170,16.65,0.11,0.92,0.47,2.83,0.00,685
37.187,16.67,0.11,0.89,4.34,2.82,2.89,680
37.203,16.68,0.11,0.92,0.44,2.83,0.00,673
37.220,16.65,0.11,0.89,4.41,2.81,2.96,669
37.237,16.67,0.10,0.91,0.41,2.80,0.00,666
37.253,16.67,0.10,0.90,4.37,2.79,2.91,663
37.270,16.67,0.11,0.67,0.43,2.77,0.00,634
37.287,16.67,0.10,0.65,4.41,2.74,2.93,633
37.303,16.67,0.17,0.93,0.43,2.72,0.00,676
37.320,16.66,0.14,0.91,4.52,3.63,3.08,677
37.337,16.68,0.16,0.94,0.41,3.63,0.00,675
37.353,16.66,0.14,0.93,4.38,3.60,2.91,654
37.370,16.67,0.16,0.94,0.44,3.59,0.00,655
37.387,16.67,0.14,0.91,4.33,3.56,2.90,654
37.403,16.82,0.14,0.93,0.41,3.57,0.00,654
37.420,16.53,0.15,0.95,4.48,3.57,2.97,653
37.437,16.68,0.16,0.96,0.41,3.54,0.00,655
37.453,16.64,0.15,0.94,4.42,3.55,2.94,656
37.470,16.68,0.15,0.96,0.43,3.55,0.00,660
37.487,16.66,0.14,0.94,4.49,3.57,3.00,660
37.503,16.69,0.16,0.98,0.52,3.57,0.00,663
37.520,16.70,0.15,0.97,4.45,3.56,2.94,664
37.537,16.62,0.15,0.96,0.45,3.59,0.00,665
37.553,16.66,0.14,0.94,4.32,3.62,2.87,664
37.570,16.68,0.14,0.99,0.44,3.63,0.00,664
37.587,16.68,0.11,0.95,4.45,3.63,2.95,663
37.603,16.66,0.12,0.97,0.44,3.63,0.00,664
37.620,16.75,0.11,0.96,4.39,3.63,2.92,666
37.637,16.59,0.11,0.99,0.42,3.63,0.00,664
37.653,16.66,0.13,0.96,4.39,3.61,2.91,666
37.670,16.67,0.12,0.98,0.43,3.64,0.00,664
37.687,16.66,0.11,0.93,4.31,3.65,2.86,666
37.703,16.68,0.12,0.98,0.44,3.63,0.00,664
37.720,16.66,0.12,0.95,4.33,3.06,2.88,664
37.737,16.68,0.12,0.97,0.43,3.06,0.00,663
37.753,16.66,0.12,0.96,4.51,3.05,3.02,660
37.770,16.67,0.13,0.97,0.46,3.03,0.00,663
37.787,16.68,0.12,1.03,4.53,3.04,3.00,662
37.803,16.65,0.12,0.99,0.43,3.05,0.00,661
37.820,16.67,0.10,0.94,4.38,3.04,2.92,663
37.837,16.66,0.12,0.97,0.44,3.05,0.00,663
37.853,16.66,0.12,0.95,4.40,3.04,2.92,661
37.870,16.68,0.12,0.96,0.40,3.03,0.00,659
37.887,16.66,0.12,0.96,4.38,3.03,2.91,659
37.903,16.68,0.10,0.98,0.42,3.05,0.00,660
37.920,16.65,0.11,0.94,4.39,3.05,2.93,659
37.937,16.67,0.12,0.97,0.43,3.04,0.00,659
37.953,16.66,0.11,0.94,4.39,3.04,2.92,658
37.970,16.68,0.11,0.96,0.44,3.04,0.00,655
37.987,16.67,0.11,0.93,4.31,3.02,2.88,657
38.003,16.69,0.12,0.97,0.44,3.03,0.00,656
38.020,16.65,0.11,0.96,4.49,3.05,3.02,655
38.037,16.67,0.12,0.95,0.42,3.06,0.00,650
38.053,16.67,0.11,0.92,4.39,3.04,2.92,649
38.070,16.67,0.11,0.96,0.42,3.06,0.00,647
38.087,16.67,0.11,0.92,4.45,3.04,2.96,646
38.103,16.66,0.11,0.96,0.43,3.04,0.00,645
38.120,16.67,0.11,0.92,4.32,3.04,2.88,645
38.137,16.68,0.12,0.96,0.46,3.09,0.00,647
38.153,16.65,0.10,0.91,4.39,3.07,2.93,647
38.170,16.67,0.10,0.95,0.41,3.08,0.00,645
38.187,16.67,0.11,0.91,4.30,3.08,2.86,646
38.203,16.80,0.10,0.97,0.42,3.09,0.00,645
38.220,16.55,0.10,0.94,4.42,3.08,2.95,646
38.237,16.66,0.12,0.94,0.43,3.09,0.00,647
38.253,16.67,0.10,0.92,4.40,3.12,2.93,649
38.270,16.67,0.12,0.95,0.41,3.13,0.00,649
38.287,16.67,0.11,0.95,4.49,3.12,3.03,651
38.303,16.66,0.11,0.95,0.43,3.14,0.00,653
38.320,16.66,0.10,0.90,4.32,3.14,2.88,653
38.337,16.73,0.10,0.96,0.44,3.15,0.00,654
38.353,16.61,0.11,0.85,4.41,3.14,2.93,656
38.370,16.67,0.11,0.86,0.41,3.18,0.00,656
38.387,16.67,0.23,0.93,4.34,3.17,2.86,670
38.403,16.68,0.12,0.98,0.49,3.35,0.00,681
38.420,16.65,0.11,0.95,4.49,3.49,2.99,680
38.437,16.67,0.11,0.98,0.47,3.49,0.00,680
38.453,16.67,0.10,0.92,4.36,3.49,2.91,680
38.470,16.66,0.12,0.96,0.42,3.49,0.00,680
38.487,16.67,0.11,0.94,4.34,3.50,2.89,681
38.503,16.68,0.12,0.97,0.46,3.51,0.00,681
38.520,16.68,0.11,0.97,4.58,3.49,2.99,684
38.537,16.64,0.11,0.96,0.46,3.50,0.00,684
38.553,16.67,0.11,0.92,4.53,3.49,3.01,684
38.570,16.70,0.10,0.96,0.47,3.50,0.00,686
38.587,16.63,0.11,0.96,4.48,3.49,2.94,688
38.603,16.67,0.11,0.95,0.45,3.52,0.00,687
38.620,16.74,0.09,0.92,4.34,3.51,2.87,682
38.637,16.60,0.12,0.97,0.51,3.50,0.00,686
38.653,16.66,0.11,0.93,4.49,3.49,2.93,685
38.670,16.69,0.11,0.98,0.57,3.49,0.00,684
38.687,16.65,0.11,0.92,4.43,3.48,2.94,680
38.703,16.68,0.11,0.97,0.43,3.48,0.00,677
38.720,16.66,0.12,0.95,4.39,3.47,2.93,676
38.737,16.72,0.10,0.96,0.43,3.48,0.00,672
38.753,16.62,0.11,0.92,4.47,3.45,2.97,663
38.770,16.68,0.11,0.97,0.45,3.43,0.00,659
38.787,16.65,0.11,0.93,4.43,3.41,2.95,654
38.803,16.68,0.12,0.92,0.41,3.41,0.00,647
38.820,16.66,0.11,0.91,4.46,2.94,2.98,645
38.837,16.68,0.12,0.92,0.42,2.94,0.00,644
38.853,16.65,0.10,0.87,4.37,2.96,2.89,643
38.870,16.68,0.12,0.91,0.42,2.92,0.00,645
38.887,16.66,0.10,0.87,4.40,2.92,2.95,645
38.903,16.68,0.11,0.91,0.41,2.92,0.00,645
38.920,16.69,0.09,0.88,4.36,2.91,2.89,642
38.937,16.64,0.11,0.92,0.41,2.91,0.00,641
38.953,16.69,0.10,0.88,4.34,2.89,2.88,639
38.970,16.65,0.11,0.92,0.46,2.91,0.00,637
38.987,16.67,0.10,0.88,4.30,2.90,2.86,640
39.003,16.67,0.12,0.92,0.45,2.89,0.00,636
39.020,16.66,0.11,0.89,4.44,2.87,2.94,636
39.037,16.66,0.11,0.91,0.41,2.89,0.00,635
39.053,16.69,0.11,0.91,4.41,2.89,2.94,632
39.070,16.65,0.11,0.90,0.41,2.88,0.00,630
39.087,16.68,0.10,0.87,4.44,2.90,2.99,630
39.103,16.67,0.11,0.90,0.42,2.90,0.00,630
39.120,16.66,0.09,0.86,4.36,2.88,2.90,632
39.137,16.67,0.10,0.90,0.43,2.89,0.00,632
39.153,16.69,0.09,0.90,4.41,2.89,2.93,633
39.170,16.67,0.11,0.92,0.44,2.89,0.00,630
39.187,16.63,0.11,0.88,4.41,2.88,2.95,630
39.203,16.67,0.11,0.91,0.44,2.91,0.00,625
39.220,16.67,0.10,0.87,4.35,2.89,2.90,622
39.237,16.67,0.11,0.91,0.40,2.89,0.00,619
39.253,16.67,0.11,0.90,4.41,2.88,2.94,618
39.270,16.70,0.11,0.67,0.45,2.88,0.00,617
39.287,16.64,0.09,0.64,4.40,2.88,2.93,614
39.303,16.67,0.11,0.67,0.41,2.87,0.00,615
39.320,16.67,0.10,0.65,4.39,2.91,2.92,615
39.337,16.69,0.10,0.68,0.42,2.91,0.00,614
39.353,16.65,0.10,0.64,4.48,2.89,3.00,614
39.370,16.67,0.11,0.68,0.42,2.91,0.00,612
39.387,16.65,0.10,0.63,4.43,2.89,2.94,612
39.403,16.68,0.11,0.68,0.41,2.91,0.00,609
39.420,16.66,0.10,0.65,4.38,2.90,2.92,605
39.437,16.67,0.11,0.67,0.43,2.93,0.00,605
39.453,16.67,0.10,0.62,4.42,2.92,2.95,604
39.470,16.66,0.11,0.68,0.40,2.93,0.00,601
39.487,16.67,0.10,0.64,4.39,2.92,2.90,600
39.503,16.67,0.11,0.67,0.44,2.91,0.00,599
39.520,16.67,0.09,0.64,4.45,2.90,2.96,596
39.537,16.67,0.11,0.67,0.45,2.90,0.00,596
39.553,16.74,0.11,0.68,4.48,2.91,2.96,596
39.570,16.59,0.11,0.67,0.46,2.91,0.00,594
39.587,16.76,0.09,0.67,4.46,2.89,2.97,594
39.603,16.62,0.11,0.68,0.45,2.89,0.00,594
39.620,16.63,0.10,0.65,4.53,2.87,3.05,593
39.637,16.68,0.10,0.68,0.41,2.88,0.00,592
39.653,16.65,0.11,0.65,4.44,2.86,2.94,592
39.670,16.71,0.12,0.68,0.49,2.87,0.00,593
39.687,16.63,0.10,0.64,4.42,2.86,2.93,590
39.703,16.67,0.10,0.68,0.45,2.84,0.00,589
39.720,16.66,0.10,0.65,4.38,2.83,2.92,589
39.737,16.67,0.10,0.68,0.40,2.82,0.00,588
39.753,16.68,0.09,0.65,4.39,2.81,2.93,585
39.770,16.66,0.11,0.70,0.44,2.79,0.00,585
39.787,16.68,0.10,0.66,4.44,2.79,2.94,585
39.803,16.67,0.09,0.68,0.41,2.79,0.00,580
39.820,16.66,0.10,0.66,4.39,2.77,2.93,578
39.837,16.68,0.10,0.66,0.39,2.77,0.00,578
39.853,16.65,0.09,0.66,4.37,2.75,2.90,576
39.870,16.67,0.09,0.71,0.43,2.75,0.00,575
39.887,16.67,0.09,0.67,4.52,2.72,3.03,570
39.903,16.66,0.10,0.67,0.43,2.74,0.00,569
39.920,16.67,0.09,0.65,4.32,2.72,2.87,568
39.937,16.67,0.10,0.66,0.41,2.71,0.00,565
39.953,16.67,0.09,0.63,4.35,2.70,2.89,562
39.970,16.67,0.10,0.69,0.42,2.69,0.00,562
39.987,16.66,0.09,0.66,4.44,2.69,2.95,559
40.003,16.68,0.12,0.67,0.44,2.67,0.00,576
40.020,16.67,0.10,0.68,4.66,2.70,3.15,575
40.037,16.66,0.09,0.69,0.41,2.71,0.00,572
40.054,16.74,0.08,0.66,4.43,2.69,2.95,570
40.070,16.59,0.10,0.68,0.41,2.69,0.00,568
40.087,16.67,0.09,0.65,4.37,2.69,2.91,566
40.103,16.68,0.11,0.69,0.42,2.68,0.00,562
40.120,16.66,0.13,0.95,4.50,2.67,3.06,591
40.137,16.67,0.12,0.99,0.41,3.56,0.00,591
40.153,16.67,0.11,0.95,4.38,3.55,2.93,592
40.170,16.67,0.12,1.00,0.42,3.56,0.00,592
40.187,16.67,0.11,0.95,4.43,3.56,2.94,591
40.203,16.67,0.12,1.01,0.42,3.55,0.00,593
40.220,16.67,0.11,0.99,4.30,3.57,2.85,592
40.237,16.67,0.12,1.00,0.40,3.57,0.00,591
40.253,16.68,0.12,1.01,4.39,3.58,2.91,591
40.270,16.65,0.12,1.01,0.43,3.58,0.00,593
40.287,16.66,0.12,1.02,4.42,3.58,2.92,595
40.303,16.67,0.12,1.03,0.43,3.59,0.00,595
40.320,16.67,0.12,1.00,4.35,3.59,2.88,596
40.337,16.66,0.12,1.03,0.44,3.61,0.00,598
40.353,16.67,0.12,0.91,4.33,3.62,2.89,601
40.370,16.74,0.10,0.95,0.48,3.65,0.00,601
40.387,16.60,0.24,1.00,4.30,3.66,2.86,634
40.403,16.68,0.12,1.02,0.44,3.79,0.00,647
40.420,16.66,0.12,1.02,5.20,3.95,3.72,648
40.437,16.67,0.11,1.00,0.40,3.95,0.00,649
40.453,16.67,0.11,0.99,4.37,3.95,2.92,652
40.470,16.67,0.11,1.04,0.42,3.98,0.00,655
40.487,16.66,0.11,1.00,4.42,3.99,2.91,657
40.503,16.69,0.10,1.04,0.47,3.98,0.00,658
40.520,16.65,0.11,1.00,4.48,3.99,2.97,657
40.537,16.68,0.11,1.05,0.45,3.40,0.00,658
40.553,16.67,0.10,1.02,4.41,3.41,2.93,658
40.570,16.66,0.12,1.05,0.42,3.42,0.00,660
40.587,16.67,0.11,1.01,4.33,3.44,2.89,665
40.603,16.66,0.11,1.05,0.43,3.45,0.00,664
40.620,16.76,0.10,1.04,4.35,3.45,2.90,666
40.637,16.59,0.10,1.04,0.43,3.46,0.00,667
40.653,16.66,0.11,1.04,4.42,3.46,2.91,665
40.670,16.66,0.11,1.06,0.45,3.46,0.00,665
40.687,16.67,0.11,1.07,4.63,3.47,3.06,669
40.704,16.69,0.11,1.05,0.44,3.49,0.00,664
40.720,16.65,0.11,1.03,4.47,3.50,2.94,665
40.737,16.67,0.11,1.05,0.43,3.50,0.00,665
40.754,16.68,0.11,1.08,4.43,3.51,2.95,662
40.770,16.73,0.09,1.05,0.43,3.51,0.00,662
40.787,16.59,0.11,1.04,4.41,3.52,2.91,662
40.804,16.68,0.11,1.02,0.40,3.54,0.00,660
40.820,16.66,0.10,1.02,4.33,3.54,2.88,657
40.837,16.68,0.10,1.04,0.43,3.54,0.00,656
40.853,16.65,0.10,1.01,4.32,3.54,2.87,655
40.870,16.68,0.10,1.03,0.43,3.55,0.00,651
40.887,16.66,0.10,1.00,4.36,3.55,2.90,649
40.904,16.71,0.10,1.06,0.46,3.56,0.00,646
40.920,16.64,0.10,1.01,4.35,3.58,2.89,646
40.937,16.66,0.10,1.02,0.43,3.57,0.00,647
40.954,16.68,0.09,0.98,4.41,3.57,2.96,645
40.970,16.66,0.10,1.02,0.42,3.56,0.00,644
40.987,16.67,0.10,0.98,4.28,3.56,2.84,643
41.004,16.67,0.11,1.02,0.46,3.56,0.00,641
41.020,16.67,0.11,0.99,4.38,3.53,2.90,638
41.037,16.67,0.11,1.02,0.44,3.54,0.00,639
41.054,16.65,0.10,0.98,4.36,3.54,2.91,639
41.070,16.68,0.10,1.03,0.41,3.54,0.00,637
41.087,16.66,0.10,1.00,4.38,3.53,2.90,637
41.104,16.67,0.10,1.01,0.43,3.52,0.00,635
41.120,16.67,0.09,0.97,4.33,3.52,2.85,637
41.137,16.67,0.11,1.00,0.43,3.53,0.00,639
41.154,16.66,0.09,0.96,4.32,3.54,2.87,642
41.170,16.68,0.11,1.00,0.45,3.53,0.00,643
41.187,16.66,0.09,0.98,4.40,3.50,2.91,641
41.204,16.67,0.10,1.00,0.40,3.50,0.00,640
41.220,16.66,0.09,0.96,4.44,3.49,2.98,639
41.237,16.68,0.11,1.00,0.41,3.48,0.00,639
41.254,16.66,0.10,0.98,4.37,3.49,2.89,642
41.270,16.68,0.10,0.98,0.41,3.49,0.00,639
41.287,16.67,0.10,0.99,4.37,3.47,2.88,637
41.304,16.66,0.10,0.98,0.43,3.46,0.00,636
41.320,16.66,0.09,0.94,4.33,3.46,2.87,636
41.337,16.68,0.10,0.99,0.42,3.44,0.00,631
41.354,16.66,0.10,0.97,4.33,3.44,2.88,630
41.370,16.67,0.10,0.97,0.42,3.45,0.00,629
41.387,16.67,0.09,0.93,4.36,3.43,2.87,628
41.404,16.67,0.10,0.96,0.38,3.43,0.00,626
41.420,16.67,0.11,0.96,4.43,3.40,2.92,625
41.437,16.66,0.10,0.97,0.43,3.40,0.00,624
41.454,16.66,0.09,0.94,4.34,3.39,2.87,619
41.470,16.67,0.10,0.96,0.40,3.36,0.00,617
41.487,16.67,0.09,0.92,4.47,3.39,3.00,617
41.504,16.67,0.10,0.96,0.42,3.36,0.00,612
41.520,16.68,0.09,0.95,4.46,3.35,2.93,605
41.537,16.66,0.10,0.98,0.44,3.31,0.00,600
41.554,16.67,0.09,0.91,4.40,3.31,2.92,594
41.570,16.67,0.13,1.17,0.43,3.29,0.00,639
41.587,16.67,0.12,1.14,4.54,4.20,3.07,628
41.604,16.67,0.12,1.17,0.42,4.16,0.00,625
41.620,16.75,0.11,1.18,4.44,4.17,2.93,620
41.637,16.60,0.11,1.14,0.40,3.70,0.00,617
41.654,16.64,0.11,1.15,4.39,3.68,2.91,615
41.670,16.67,0.12,1.17,0.42,3.68,0.00,614
41.687,16.74,0.11,1.15,4.28,3.66,2.83,612
41.704,16.60,0.12,1.18,0.50,3.66,0.00,611
41.720,16.66,0.11,1.15,4.38,3.66,2.91,612
41.737,16.67,0.11,1.16,0.44,3.64,0.00,610
41.754,16.67,0.11,1.12,4.48,3.64,2.98,609
41.770,16.67,0.12,1.17,0.42,3.62,0.00,610
41.787,16.67,0.12,1.15,4.37,3.61,2.90,610
41.804,16.66,0.12,1.17,0.44,3.60,0.00,608
41.820,16.67,0.11,1.14,4.30,3.62,2.87,607
41.837,16.67,0.11,1.19,0.42,3.61,0.00,605
41.854,16.67,0.11,1.13,4.32,3.60,2.88,607
41.870,16.67,0.12,1.18,0.43,3.59,0.00,604
41.887,16.66,0.11,1.15,4.34,3.58,2.89,600
41.904,16.69,0.10,1.17,0.43,3.57,0.00,597
41.920,16.66,0.11,1.17,4.46,3.56,2.96,596
41.937,16.66,0.10,1.18,0.45,3.58,0.00,594
41.954,16.66,0.11,1.12,4.29,3.58,2.84,592
41.970,16.67,0.12,1.19,0.46,3.56,0.00,586
41.987,16.67,0.12,1.18,4.50,2.97,2.96,580
42.004,16.66,0.11,1.16,0.42,2.97,0.00,577
42.020,16.68,0.12,1.15,4.49,2.96,2.99,573
42.037,16.70,0.11,1.18,0.45,2.98,0.00,572
42.054,16.63,0.10,1.13,4.37,2.98,2.91,560
42.070,16.67,0.11,1.16,0.44,2.98,0.00,559
42.087,16.67,0.10,0.86,4.30,2.97,2.83,520
42.104,16.70,0.09,0.84,0.46,2.93,0.00,517
42.120,16.63,0.11,0.89,4.48,2.92,2.96,514
42.137,16.68,0.11,0.87,0.43,2.94,0.00,515
42.154,16.65,0.10,0.84,4.39,2.96,2.90,518
42.170,16.68,0.11,0.89,0.42,2.95,0.00,516
42.187,16.74,0.09,0.84,4.40,2.94,2.91,518
42.204,16.60,0.10,0.88,0.44,2.94,0.00,517
42.220,16.66,0.09,0.88,4.48,2.95,2.96,516
42.237,16.67,0.09,0.88,0.43,2.94,0.00,513
42.254,16.66,0.10,0.84,4.36,2.92,2.89,516
42.270,16.67,0.10,0.87,0.43,3.01,0.00,517
42.287,16.67,0.10,0.86,4.54,3.02,3.04,518
42.304,16.66,0.10,0.87,0.41,3.03,0.00,532
42.320,16.67,0.10,0.84,4.33,3.04,2.88,534
42.337,16.67,0.10,0.89,0.40,3.06,0.00,536
42.354,16.68,0.09,0.81,4.33,3.05,2.88,538
42.370,16.65,0.10,0.82,0.43,3.05,0.00,542
42.387,16.67,0.22,0.86,4.29,3.05,2.83,613
42.404,16.67,0.10,0.89,0.41,3.26,0.00,625
42.420,16.67,0.10,0.87,4.30,3.39,2.84,627
42.437,16.67,0.11,0.90,0.46,3.39,0.00,630
42.454,16.66,0.10,0.86,4.40,3.38,2.91,632
42.470,16.67,0.11,0.90,0.42,3.38,0.00,634
42.487,16.67,0.10,0.86,4.35,3.40,2.88,635
42.504,16.67,0.12,0.88,0.42,3.42,0.00,635
42.520,16.66,0.11,0.89,4.40,3.40,2.91,635
42.537,16.70,0.11,0.88,0.43,3.38,0.00,639
42.554,16.64,0.10,0.88,4.47,3.37,3.01,641
42.570,16.67,0.11,0.88,0.43,3.37,0.00,643
42.587,16.67,0.10,0.85,4.38,3.37,2.89,644
42.604,16.67,0.10,0.88,0.42,3.38,0.00,647
42.620,16.76,0.09,0.88,4.45,3.36,2.97,648
42.637,16.58,0.10,0.88,0.41,3.36,0.00,647
42.654,16.67,0.10,0.85,4.43,3.36,2.94,649
42.670,16.67,0.10,0.89,0.42,3.35,0.00,645
42.687,16.66,0.10,0.86,4.38,3.35,2.90,646
42.704,16.68,0.10,0.89,0.42,3.34,0.00,649
42.720,16.66,0.10,0.85,4.40,3.36,2.93,653
42.737,16.68,0.11,0.91,0.45,3.34,0.00,652
42.754,16.66,0.10,0.88,4.47,3.33,2.96,653
42.770,16.68,0.11,0.90,0.45,3.33,0.00,655
42.787,16.79,0.09,0.87,4.44,3.33,2.94,659
42.804,16.55,0.11,0.90,0.42,3.33,0.00,658
42.820,16.66,0.10,0.85,4.50,3.33,3.04,660
42.837,16.67,0.10,0.89,0.41,3.34,0.00,660
42.854,16.66,0.10,0.87,4.40,3.34,2.92,660
42.870,16.69,0.11,0.89,0.42,3.34,0.00,662
42.887,16.65,0.10,0.88,4.42,3.31,2.93,661
42.904,16.67,0.10,0.89,0.41,3.32,0.00,662
42.920,16.67,0.10,0.85,4.32,3.31,2.87,658
42.937,16.67,0.10,0.89,0.40,3.34,0.00,657
42.954,16.67,0.09,0.85,4.37,3.32,2.89,653
42.970,16.67,0.10,0.89,0.42,3.32,0.00,650
42.987,16.68,0.08,0.87,4.36,3.31,2.90,643
43.004,16.66,0.10,0.90,0.41,3.30,0.00,638
43.020,16.67,0.10,0.86,4.37,3.29,2.91,630
43.037,16.66,0.11,0.89,0.44,3.27,0.00,617
43.054,16.75,0.08,0.85,4.38,3.25,2.90,608
43.070,16.60,0.10,0.85,0.41,3.27,0.00,606
43.087,16.66,0.09,0.82,4.48,2.89,3.00,605
43.104,16.67,0.09,0.83,0.44,2.89,0.00,605
43.120,16.72,0.10,0.88,4.65,2.87,3.12,604
43.137,16.63,0.11,0.85,0.41,2.86,0.00,604
43.154,16.66,0.10,0.84,4.57,2.87,3.05,603
43.170,16.67,0.10,0.86,0.44,2.86,0.00,602
43.187,16.66,0.09,0.80,4.40,2.83,2.93,600
43.204,16.67,0.11,0.84,0.41,2.84,0.00,600
43.220,16.67,0.09,0.83,4.43,2.81,2.92,598
43.237,16.67,0.10,0.87,0.43,2.81,0.00,598
43.254,16.67,0.10,0.81,4.35,2.79,2.89,597
43.270,16.67,0.09,0.84,0.41,2.81,0.00,596
43.287,16.65,0.09,0.79,4.47,2.78,3.03,595
43.304,16.67,0.10,0.83,0.41,2.77,0.00,593
43.320,16.70,0.08,0.82,4.43,2.76,2.94,593
43.337,16.64,0.10,0.85,0.43,2.74,0.00,592
43.354,16.66,0.09,0.80,4.56,2.73,3.02,592
43.370,16.68,0.10,0.83,0.42,2.73,0.00,592
43.387,16.66,0.09,0.83,4.41,2.73,2.93,589
43.404,16.67,0.10,0.84,0.42,2.72,0.00,590
43.420,16.68,0.10,0.81,4.60,2.71,3.13,586
43.437,16.67,0.10,0.83,0.41,2.69,0.00,583
43.454,16.66,0.09,0.79,4.44,2.69,2.95,581
43.470,16.67,0.10,0.83,0.45,2.68,0.00,578
43.487,16.69,0.12,1.06,4.63,2.67,3.15,632
43.504,16.66,0.11,1.06,0.42,3.55,0.00,624
43.520,16.66,0.12,1.02,4.46,3.54,2.96,616
43.537,16.67,0.12,0.83,0.42,3.52,0.00,568
43.554,16.67,0.12,0.80,4.41,3.48,2.92,565
43.570,16.66,0.12,0.82,0.41,3.48,0.00,564
43.587,16.70,0.11,0.80,4.41,3.47,2.92,564
43.604,16.69,0.11,0.84,0.44,3.51,0.00,563
43.620,16.70,0.11,0.82,4.51,3.50,3.01,561
43.637,16.60,0.13,0.83,0.43,3.51,0.00,587
43.654,16.65,0.10,0.81,4.43,3.55,2.93,589
43.670,16.67,0.11,0.83,0.41,3.55,0.00,589
43.687,16.66,0.12,0.81,4.39,3.54,2.92,590
43.704,16.68,0.12,0.84,0.42,3.53,0.00,590
43.720,16.66,0.11,0.88,4.70,3.52,3.10,594
43.737,16.76,0.11,0.82,0.49,3.52,0.00,598
43.754,16.58,0.11,0.84,4.55,3.53,3.02,598
43.770,16.70,0.12,0.85,0.47,3.54,0.00,602
43.787,16.63,0.11,0.80,4.46,3.54,2.96,602
43.804,16.69,0.11,0.85,0.44,3.54,0.00,604
43.820,16.65,0.11,0.81,4.39,3.55,2.93,604
43.837,16.67,0.11,0.83,0.44,3.57,0.00,607
43.854,16.66,0.11,0.80,4.32,3.57,2.86,611
43.870,16.68,0.12,0.82,0.41,3.58,0.00,613
43.887,16.67,0.11,0.82,4.44,3.58,2.96,612
43.904,16.66,0.11,0.82,0.43,3.00,0.00,614
43.920,16.67,0.11,0.79,4.30,3.04,2.87,617
43.937,16.67,0.10,0.84,0.42,3.03,0.00,619
43.954,16.68,0.09,0.80,4.40,3.03,2.92,623
43.970,16.66,0.12,0.84,0.47,3.03,0.00,623
43.987,16.66,0.11,0.80,4.42,3.01,2.96,619
44.004,16.67,0.11,0.82,0.40,3.04,0.00,624
44.020,16.68,0.11,0.80,4.48,3.03,2.98,624
44.037,16.66,0.10,0.82,0.42,3.05,0.00,625
44.054,16.68,0.11,0.82,4.46,3.06,2.94,628
44.070,16.66,0.09,0.83,0.42,3.05,0.00,630
44.087,16.66,0.10,0.79,4.48,3.05,2.98,628
44.104,16.68,0.11,0.83,0.42,3.05,0.00,625
44.120,16.65,0.11,0.82,4.41,3.05,2.92,627
44.137,16.67,0.11,0.82,0.42,3.07,0.00,628
44.154,16.67,0.11,0.79,4.47,3.06,3.00,627
44.170,16.68,0.11,0.83,0.41,3.05,0.00,629
44.187,16.66,0.10,0.81,4.36,3.05,2.91,625
44.204,16.67,0.11,0.82,0.40,3.05,0.00,623
44.220,16.66,0.11,0.79,4.34,3.05,2.90,620
44.237,16.68,0.11,0.81,0.39,3.07,0.00,619
44.254,16.66,0.10,0.81,4.34,3.06,2.89,618
44.270,16.69,0.11,0.82,0.43,3.07,0.00,617
44.287,16.67,0.09,0.78,4.35,3.07,2.89,616
44.304,16.65,0.11,0.81,0.43,3.05,0.00,615
44.320,16.68,0.10,0.80,4.37,3.05,2.91,616
44.337,16.66,0.11,0.80,0.41,3.06,0.00,618
44.354,16.66,0.12,0.77,4.52,3.07,2.97,619
44.370,16.67,0.12,0.77,0.44,3.07,0.00,620
44.387,16.67,0.24,0.85,4.46,3.07,2.95,667
44.404,16.69,0.10,0.86,0.43,3.22,0.00,675
44.420,16.65,0.09,0.83,4.53,3.34,3.05,678
44.437,16.65,0.12,0.86,0.42,3.33,0.00,677
44.454,16.66,0.11,0.83,4.32,3.35,2.87,678
44.470,16.67,0.11,0.87,0.42,3.35,0.00,677
44.487,16.67,0.11,0.85,4.42,3.33,2.95,679
44.504,16.67,0.11,0.85,0.42,3.34,0.00,680
44.520,16.67,0.11,0.84,4.46,3.33,2.96,677
44.537,16.68,0.11,0.86,0.43,3.34,0.00,677
44.554,16.66,0.11,0.84,4.54,3.34,3.01,675
44.571,16.68,0.06,0.47,0.47,3.36,0.00,674
44.587,16.65,0.10,0.84,4.44,3.34,2.92,674
44.604,16.68,0.11,0.85,0.46,3.35,0.00,674
44.621,16.67,0.09,0.83,4.48,3.37,2.97,671
44.637,16.66,0.12,0.87,0.45,3.36,0.00,671
44.654,16.66,0.13,0.86,4.48,3.36,2.96,670
44.671,16.69,0.11,0.88,0.42,3.38,0.00,670
44.687,16.64,0.10,0.83,4.52,3.38,3.04,669
44.704,16.68,0.11,0.85,0.42,3.41,0.00,665
44.721,16.66,0.11,0.85,4.42,3.41,2.93,663
44.737,16.67,0.11,0.87,0.41,3.40,0.00,663
44.754,16.67,0.11,0.84,4.39,3.41,2.92,663
44.771,16.67,0.11,0.86,0.43,3.43,0.00,663
44.787,16.67,0.11,0.86,4.46,3.43,2.94,660
44.804,16.67,0.11,0.87,0.45,3.44,0.00,655
44.821,16.65,0.10,0.83,4.41,3.43,2.94,652
44.837,16.68,0.11,0.87,0.42,3.44,0.00,649
44.854,16.66,0.10,0.86,4.42,3.43,2.93,646
44.871,16.67,0.12,0.87,0.41,3.44,0.00,644
44.887,16.67,0.10,0.82,4.33,3.44,2.88,640
44.904,16.67,0.11,0.87,0.41,3.44,0.00,635
44.921,16.67,0.10,0.84,4.30,3.41,2.87,621
44.937,16.67,0.11,0.87,0.43,3.39,0.00,618
44.954,16.67,0.10,0.83,4.45,3.38,2.99,616
44.971,16.67,0.11,0.86,0.41,3.36,0.00,614
44.987,16.67,0.10,0.80,4.30,3.36,2.86,608
45.004,16.66,0.11,0.83,0.41,2.99,0.00,607
45.021,16.77,0.09,0.82,4.47,2.98,2.96,609
45.037,16.56,0.11,0.84,0.42,2.96,0.00,607
45.054,16.67,0.11,0.81,4.45,2.95,2.93,604
45.071,16.66,0.11,0.82,0.43,2.93,0.00,603
45.087,16.67,0.10,0.79,4.41,2.93,2.93,602
45.104,16.67,0.11,0.83,0.43,2.94,0.00,599
45.121,16.67,0.10,0.78,4.33,2.92,2.86,597
45.137,16.67,0.10,0.83,0.43,2.92,0.00,595
45.154,16.67,0.10,0.79,4.38,2.90,2.91,592
45.171,16.67,0.11,0.84,0.42,2.89,0.00,589
45.187,16.66,0.11,0.80,4.43,2.88,2.95,586
45.204,16.68,0.11,0.83,0.42,2.89,0.00,586
45.221,16.67,0.11,0.80,4.51,2.88,3.04,587
45.237,16.66,0.10,0.83,0.42,2.86,0.00,583
45.254,16.66,0.10,0.80,4.43,2.85,2.94,580
45.271,16.68,0.12,0.81,0.42,2.84,0.00,574
45.287,16.66,0.14,1.07,4.60,2.82,3.11,627
45.304,16.69,0.13,1.09,0.45,3.67,0.00,624
45.321,16.65,0.12,1.07,4.43,3.65,2.95,620
45.337,16.67,0.13,1.10,0.42,3.64,0.00,614
45.354,16.66,0.12,1.06,4.36,3.63,2.88,608
45.371,16.67,0.12,1.11,0.43,3.63,0.00,603
45.387,16.67,0.12,1.07,4.38,3.62,2.92,599
45.404,16.69,0.13,1.11,0.42,3.63,0.00,599
45.421,16.68,0.11,1.09,4.41,3.62,2.92,596
45.437,16.63,0.12,1.11,0.45,3.62,0.00,594
45.454,16.67,0.12,0.92,4.38,3.61,2.91,594
45.471,16.69,0.12,1.00,0.46,3.60,0.00,590
45.487,16.65,0.12,0.93,4.44,3.59,2.97,588
45.504,16.67,0.12,0.95,0.43,3.60,0.00,589
45.521,16.68,0.12,0.93,4.44,3.63,2.95,586
45.537,16.66,0.12,0.96,0.42,3.62,0.00,586
45.554,16.67,0.11,0.92,4.42,3.62,2.93,585
45.571,16.68,0.12,0.95,0.43,3.61,0.00,585
45.587,16.67,0.13,0.95,4.41,3.62,2.91,582
45.604,16.67,0.12,0.96,0.44,3.61,0.00,583
45.621,16.75,0.10,0.93,4.36,3.64,2.88,582
45.637,16.58,0.11,0.95,0.41,3.64,0.00,583
45.654,16.67,0.11,0.92,4.42,3.64,2.94,583
45.671,16.68,0.10,0.94,0.41,3.63,0.00,583
45.687,16.67,0.10,0.94,4.39,3.63,2.92,581
45.704,16.66,0.11,0.98,0.45,3.04,0.00,585
45.721,16.67,0.12,0.93,4.47,3.06,2.97,586
45.737,16.67,0.12,0.94,0.44,3.07,0.00,587
45.754,16.68,0.11,0.91,4.45,3.07,2.99,586
45.771,16.65,0.11,0.95,0.41,3.06,0.00,588
45.787,16.67,0.11,0.92,4.45,3.04,2.95,588
45.804,16.69,0.13,0.97,0.50,3.04,0.00,589
45.821,16.66,0.12,0.94,4.47,3.08,2.96,589
45.837,16.67,0.12,0.96,0.43,3.07,0.00,590
45.854,16.66,0.11,0.93,4.40,3.06,2.93,589
45.871,16.67,0.11,0.95,0.40,3.07,0.00,586
45.887,16.67,0.10,0.91,4.31,3.05,2.85,586
45.904,16.66,0.11,0.95,0.41,3.05,0.00,585
45.921,16.69,0.09,0.91,4.36,3.07,2.91,585
45.937,16.65,0.11,0.93,0.41,3.06,0.00,584
45.954,16.66,0.11,0.93,4.31,3.06,2.87,583
45.971,16.67,0.11,0.94,0.42,3.05,0.00,580
45.987,16.67,0.11,0.90,4.32,3.03,2.88,578
46.004,16.67,0.11,0.94,0.42,3.03,0.00,577
46.021,16.66,0.10,0.90,4.55,3.12,3.08,578
46.037,16.68,0.11,0.95,0.40,3.10,0.00,581
46.054,16.67,0.10,0.92,4.42,3.10,2.95,598
46.071,16.69,0.09,0.94,0.43,3.12,0.00,600
46.087,16.64,0.11,0.92,4.32,3.13,2.83,599
46.104,16.68,0.11,0.93,0.42,3.12,0.00,601
46.121,16.66,0.11,0.92,4.38,3.13,2.91,600
46.137,16.67,0.10,0.93,0.40,3.13,0.00,605
46.154,16.67,0.10,0.89,4.39,3.12,2.91,609
46.171,16.67,0.11,0.93,0.39,3.13,0.00,610
46.187,16.66,0.10,0.91,4.36,3.13,2.89,610
46.204,16.68,0.11,0.92,0.43,3.12,0.00,614
46.221,16.67,0.10,0.89,4.35,3.14,2.88,615
46.237,16.78,0.09,0.92,0.44,3.16,0.00,620
46.254,16.55,0.10,0.89,4.40,3.15,2.93,626
46.271,16.70,0.12,0.92,0.48,3.15,0.00,629
46.287,16.65,0.09,0.69,3.76,3.13,2.60,629
46.304,16.67,0.10,0.92,0.49,3.13,0.00,631
46.321,16.66,0.11,0.88,4.41,3.16,2.93,635
46.337,16.67,0.10,0.92,0.42,3.17,0.00,634
46.354,16.67,0.11,0.82,4.36,3.18,2.89,632
46.371,16.68,0.10,0.86,0.41,3.17,0.00,633
46.387,16.66,0.22,0.90,4.34,3.16,2.89,672
46.404,16.67,0.11,0.94,0.50,3.35,0.00,694
46.421,16.66,0.11,0.91,4.48,3.58,2.95,691
46.437,16.69,0.11,0.94,0.48,3.59,0.00,691
46.454,16.67,0.10,0.92,4.46,3.58,2.91,695
46.471,16.66,0.11,0.93,0.49,3.59,0.00,695
46.487,16.66,0.11,0.95,4.31,3.56,2.85,696
46.504,16.67,0.11,0.97,0.44,3.58,0.00,697
46.521,16.68,0.11,0.96,4.48,3.60,2.95,697
46.537,16.67,0.11,0.97,0.47,3.59,0.00,697
46.554,16.66,0.10,0.93,4.49,3.59,3.02,698
46.571,16.67,0.11,0.97,0.44,3.61,0.00,699
46.587,16.69,0.09,0.93,4.37,3.58,2.89,699
46.604,16.66,0.11,0.98,0.44,3.60,0.00,699
46.621,16.75,0.11,0.96,4.34,3.60,2.88,697
46.637,16.58,0.11,0.97,0.45,3.60,0.00,697
46.654,16.66,0.10,0.94,4.40,3.59,2.93,699
46.671,16.68,0.11,0.96,0.44,3.59,0.00,699
46.687,16.67,0.10,0.96,4.44,3.58,2.96,698
46.704,16.66,0.10,0.92,0.47,3.57,0.00,693
46.721,16.67,0.11,0.89,4.47,3.55,2.93,692
46.737,16.68,0.10,0.92,0.47,3.56,0.00,686
46.754,16.65,0.10,0.89,4.36,3.53,2.85,684
46.771,16.75,0.10,0.91,0.42,3.53,0.00,681
46.787,16.59,0.11,0.88,4.42,3.50,2.93,678
46.804,16.68,0.10,0.88,0.42,3.11,0.00,675
46.821,16.66,0.11,0.86,4.45,3.07,2.98,679
46.837,16.71,0.11,0.88,0.48,3.10,0.00,680
46.854,16.64,0.11,0.89,4.53,3.09,2.96,685
46.871,16.68,0.11,0.89,0.47,3.09,0.00,685
46.887,16.65,0.10,0.88,4.41,3.05,2.89,683
46.904,16.69,0.11,0.90,0.49,3.03,0.00,682
46.921,16.67,0.10,0.92,4.60,3.00,3.08,680
46.937,16.67,0.12,0.93,0.49,3.02,0.00,680
46.954,16.65,0.10,0.88,4.52,3.01,2.97,680
46.971,16.70,0.11,0.91,0.46,2.99,0.00,682
46.987,16.65,0.11,0.88,4.56,2.97,2.98,683
47.004,16.67,0.11,0.89,0.48,2.97,0.00,680
47.021,16.66,0.12,0.86,4.61,2.94,3.05,681
47.037,16.67,0.12,0.91,0.50,2.95,0.00,681
47.054,16.67,0.11,0.92,4.58,2.93,3.05,679
47.071,16.67,0.10,0.88,0.46,2.93,0.00,679
47.087,16.68,0.10,0.88,4.62,2.91,3.09,678
47.104,16.66,0.09,0.89,0.49,2.90,0.00,678
47.121,16.66,0.11,0.89,4.62,2.88,3.07,677
47.137,16.66,0.11,0.91,0.47,2.90,0.00,676
47.154,16.69,0.09,0.85,4.06,2.89,2.87,673
47.171,16.65,0.12,0.90,0.48,2.87,0.00,673
47.187,16.67,0.05,0.88,4.50,2.87,2.98,671
47.204,16.67,0.10,0.90,0.46,2.87,0.00,671
47.221,16.67,0.10,0.85,3.89,2.85,2.68,667
47.237,16.65,0.12,0.93,0.48,2.87,0.00,664
47.254,16.67,0.11,0.63,4.64,2.85,3.07,654
47.271,16.67,0.11,0.66,0.46,2.81,0.00,645
47.287,16.67,0.11,0.67,4.60,2.80,3.03,646
47.304,16.66,0.10,0.67,0.48,2.79,0.00,641
47.321,16.76,0.09,0.65,4.67,2.80,3.10,640
47.337,16.59,0.09,0.68,0.49,2.80,0.00,641
47.354,16.71,0.09,0.67,4.62,2.80,3.06,644
47.371,16.62,0.11,0.68,0.48,2.81,0.00,646
47.387,16.72,0.09,0.66,4.52,2.79,2.98,648
47.404,16.63,0.11,0.68,0.51,2.81,0.00,646
47.421,16.65,0.11,0.67,4.71,2.79,3.17,645
47.437,16.74,0.09,0.65,0.48,2.83,0.00,647
47.454,16.61,0.09,0.65,4.55,2.81,2.99,645
47.471,16.65,0.11,0.72,0.48,2.82,0.00,646
47.487,16.71,0.09,0.67,4.53,2.82,3.00,642
47.504,16.66,0.09,0.67,0.50,2.81,0.00,638
47.521,16.65,0.09,0.68,4.62,2.81,3.06,635
47.537,16.65,0.10,0.66,0.48,2.83,0.00,635
47.554,16.67,0.10,0.65,4.62,2.84,3.07,635
47.571,16.70,0.11,0.68,0.48,2.82,0.00,634
47.587,16.64,0.10,0.68,4.65,2.82,3.09,634
47.604,16.66,0.10,0.68,0.52,2.83,0.00,633
47.621,16.72,0.09,0.65,4.61,2.81,3.07,630
47.637,16.67,0.11,0.69,0.53,2.83,0.00,630
47.654,16.62,0.09,0.69,4.56,2.82,3.02,629
47.671,16.68,0.11,0.67,0.50,2.82,0.00,627
47.687,16.68,0.09,0.66,4.62,2.81,3.09,624
47.704,16.63,0.11,0.68,0.45,2.81,0.00,622
47.721,16.68,0.09,0.65,4.47,2.81,2.99,620
47.737,16.66,0.10,0.64,0.39,2.81,0.00,619
47.754,16.66,0.09,0.65,4.38,2.82,2.89,619
47.771,16.75,0.09,0.66,0.43,2.82,0.00,616
47.787,16.59,0.09,0.65,4.38,2.80,2.91,615
47.804,16.67,0.10,0.64,0.43,2.80,0.00,609
47.821,16.67,0.09,0.64,4.42,2.79,2.95,605
47.837,16.66,0.10,0.66,0.42,2.79,0.00,605
47.854,16.68,0.10,0.66,4.50,2.79,2.97,604
47.871,16.67,0.10,0.66,0.44,2.78,0.00,600
47.887,16.66,0.09,0.61,4.52,2.77,3.04,597
47.904,16.67,0.10,0.67,0.42,2.76,0.00,592
47.921,16.66,0.08,0.63,4.38,2.76,2.91,588
47.937,16.67,0.10,0.66,0.42,2.75,0.00,584
47.954,16.67,0.09,0.62,4.40,2.77,2.92,583
47.971,16.67,0.09,0.65,0.41,2.76,0.00,580
47.987,16.67,0.09,0.63,4.39,2.74,2.93,576
48.004,16.68,0.10,0.66,0.42,2.74,0.00,571
48.021,16.66,0.09,0.64,4.36,2.75,2.90,564
48.037,16.67,0.10,0.64,0.44,2.73,0.00,562
48.054,16.66,0.09,0.62,4.43,2.72,2.95,561
48.071,16.68,0.10,0.65,0.43,2.74,0.00,559
48.088,16.71,0.08,0.64,4.45,2.71,2.95,555
48.104,16.63,0.09,0.64,0.40,2.71,0.00,551
48.121,16.66,0.09,0.63,4.39,2.70,2.90,547
48.137,16.67,0.13,0.88,0.42,2.70,0.00,603
48.154,16.67,0.10,0.85,4.69,3.55,3.21,602
48.171,16.67,0.11,0.89,0.45,3.56,0.00,599
48.187,16.67,0.11,0.85,4.36,3.56,2.88,595
48.204,16.67,0.11,0.88,0.43,3.54,0.00,592
48.221,16.68,0.11,0.84,4.38,3.54,2.90,591
48.237,16.66,0.11,0.89,0.41,3.53,0.00,591
48.254,16.67,0.11,0.85,4.34,3.57,2.90,590
48.271,16.67,0.11,0.90,0.44,3.59,0.00,591
48.288,16.75,0.10,0.89,4.49,3.61,2.97,601
48.304,16.60,0.12,0.92,0.44,3.65,0.00,600
48.321,16.65,0.11,0.88,4.45,3.67,2.96,602
48.337,16.67,0.12,0.90,0.41,3.70,0.00,602
48.354,16.67,0.11,0.81,4.39,3.66,2.91,603
48.371,16.68,0.11,0.82,0.41,3.69,0.00,601
48.387,16.66,0.24,0.89,4.35,3.67,2.89,640
48.404,16.67,0.12,0.93,0.41,3.86,0.00,658
48.421,16.67,0.11,0.91,4.46,4.06,3.01,658
48.437,16.67,0.13,0.94,0.41,4.05,0.00,657
48.454,16.67,0.11,0.91,4.28,4.07,2.83,658
48.471,16.70,0.13,0.94,0.45,4.06,0.00,659
48.487,16.64,0.11,0.93,4.40,4.04,2.92,659
48.504,16.68,0.12,0.93,0.44,4.05,0.00,663
48.521,16.66,0.11,0.89,4.32,4.04,2.88,662
48.538,16.68,0.11,0.93,0.45,4.02,0.00,661
48.554,16.66,0.10,0.90,4.38,3.46,2.92,661
48.571,16.67,0.11,0.94,0.46,3.45,0.00,663
48.587,16.66,0.10,0.91,4.41,3.42,2.94,664
48.604,16.68,0.11,0.93,0.40,3.42,0.00,666
48.621,16.75,0.09,0.91,4.31,3.42,2.86,666
48.638,16.59,0.11,0.92,0.41,3.40,0.00,666
48.654,16.66,0.10,0.89,4.40,3.41,2.92,664
48.671,16.68,0.11,0.93,0.40,3.39,0.00,664
48.688,16.67,0.10,0.90,4.46,3.38,2.99,666
48.704,16.67,0.10,0.92,0.44,3.38,0.00,668
48.721,16.67,0.11,0.90,4.37,3.37,2.91,669
48.738,16.67,0.11,0.93,0.44,3.36,0.00,671
48.754,16.66,0.10,0.90,4.35,3.37,2.89,670
48.771,16.66,0.10,0.93,0.41,3.36,0.00,670
48.788,16.67,0.11,0.91,4.45,3.35,2.95,673
48.804,16.69,0.11,0.93,0.43,3.34,0.00,672
48.821,16.69,0.09,0.91,4.44,3.33,2.94,672
48.838,16.64,0.10,0.93,0.44,3.32,0.00,672
48.854,16.66,0.10,0.88,4.35,3.31,2.88,673
48.871,16.67,0.11,0.92,0.42,3.34,0.00,673
48.888,16.69,0.09,0.90,4.51,3.32,2.97,673
48.904,16.66,0.11,0.92,0.44,3.32,0.00,672
48.921,16.65,0.10,0.88,4.37,3.32,2.91,666
48.938,16.66,0.10,0.92,0.42,3.32,0.00,663
48.954,16.67,0.11,0.88,4.49,3.31,3.01,665
48.971,16.67,0.11,0.92,0.43,3.34,0.00,664
48.988,16.67,0.10,0.90,4.39,3.32,2.92,661
49.004,16.67,0.10,0.92,0.42,3.32,0.00,657
49.021,16.67,0.10,0.88,4.31,3.32,2.87,658
49.038,16.67,0.10,0.91,0.45,3.32,0.00,658
49.054,16.75,0.10,0.90,4.37,3.31,2.92,658
49.071,16.60,0.16,0.89,0.45,3.34,0.00,657
49.088,16.65,0.10,0.90,4.41,3.33,2.94,658
49.104,16.67,0.10,0.91,0.43,3.33,0.00,658
49.121,16.67,0.10,0.88,4.40,3.33,2.94,659
49.138,16.67,0.10,0.91,0.42,3.34,0.00,657
49.154,16.66,0.10,0.87,4.36,3.33,2.91,660
49.171,16.68,0.11,0.91,0.42,3.36,0.00,661
49.188,16.68,0.10,0.88,4.34,3.36,2.90,664
49.204,16.66,0.10,0.90,0.42,3.35,0.00,665
49.221,16.67,0.10,0.87,4.48,3.36,3.00,666
49.238,16.68,0.10,0.92,0.42,3.36,0.00,668
49.254,16.66,0.10,0.89,4.34,3.36,2.90,670
49.271,16.66,0.10,0.90,0.41,3.38,0.00,671
49.288,16.68,0.10,0.87,4.49,3.38,2.98,669
49.304,16.68,0.11,0.90,0.42,3.38,0.00,670
49.321,16.64,0.10,0.86,4.47,3.37,2.97,670
49.338,16.67,0.11,0.90,0.41,3.38,0.00,669
49.354,16.66,0.10,0.87,4.41,3.37,2.92,665
49.371,16.67,0.10,0.91,0.43,3.40,0.00,665
49.388,16.66,0.09,0.88,4.38,3.37,2.91,661
49.404,16.67,0.10,0.90,0.42,3.37,0.00,658
49.421,16.67,0.09,0.87,4.37,3.37,2.91,657
49.438,16.67,0.10,0.90,0.41,3.35,0.00,658
49.454,16.75,0.09,0.88,4.45,3.36,2.94,650
49.471,16.58,0.10,0.89,0.41,3.35,0.00,648
49.488,16.68,0.08,0.86,4.42,3.34,2.95,644
49.504,16.67,0.10,0.89,0.41,3.33,0.00,638
49.521,16.66,0.09,0.86,4.37,3.31,2.91,634
49.538,16.67,0.09,0.95,0.43,3.30,0.00,631
49.554,16.66,0.10,0.87,4.38,3.29,2.88,626
49.571,16.67,0.10,0.90,0.47,3.29,0.00,623
49.588,16.75,0.07,0.67,3.67,3.27,2.51,619
49.604,16.58,0.08,0.67,0.35,3.25,0.00,587
49.621,16.66,0.06,0.66,4.11,3.19,2.65,581
49.638,16.68,0.06,0.64,0.32,3.18,0.00,577
49.654,16.65,0.08,0.61,4.06,2.90,2.58,572
49.671,16.67,0.07,0.64,0.33,2.88,0.00,571
49.688,16.67,0.06,0.62,4.20,2.88,2.77,569
49.704,16.67,0.07,0.64,0.32,2.87,0.00,567
49.721,16.66,0.06,0.62,3.94,2.84,2.51,567
49.738,16.67,0.07,0.64,0.32,2.84,0.00,565
49.754,16.73,0.07,0.63,4.03,2.82,2.61,564
49.771,16.61,0.10,0.85,0.40,2.84,0.00,563
49.788,16.73,0.08,0.85,4.44,2.81,2.96,561
49.804,16.60,0.08,0.65,0.33,2.80,0.00,558
49.821,16.66,0.06,0.62,3.99,2.79,2.55,557
49.838,16.69,0.06,0.64,0.32,2.78,0.00,555
49.854,16.71,0.07,0.63,3.92,2.77,2.51,553
49.871,16.60,0.07,0.65,0.31,2.78,0.00,552
49.888,16.74,0.06,0.61,4.12,2.78,2.67,551
49.904,16.60,0.08,0.65,0.38,2.75,0.00,550
49.921,16.67,0.06,0.62,4.01,2.75,2.57,549
49.938,16.67,0.10,0.84,0.42,2.74,0.00,548
49.954,16.67,0.09,0.81,4.31,2.73,2.87,545
49.971,16.67,0.10,0.85,0.45,2.73,0.00,543
49.988,16.66,0.09,0.82,4.35,2.74,2.91,542
50.004,16.68,0.10,0.83,0.42,2.73,0.00,542
50.021,16.66,0.10,0.85,4.58,2.72,3.04,541
50.038,16.68,0.10,0.87,0.44,2.71,0.00,538
50.054,16.66,0.09,0.82,4.40,2.70,2.93,535
50.071,16.68,0.13,1.14,0.42,2.70,0.00,585
50.088,16.66,0.11,1.09,4.63,3.60,3.13,584
50.104,16.67,0.12,0.94,0.41,3.61,0.00,578
50.121,16.67,0.11,0.92,4.42,3.60,2.93,572
50.138,16.66,0.10,0.93,0.44,3.60,0.00,571
50.154,16.67,0.11,0.90,4.38,3.60,2.92,570
50.171,16.67,0.11,0.95,0.42,3.60,0.00,571
50.188,16.67,0.11,0.91,4.35,3.61,2.91,568
50.204,16.67,0.12,0.95,0.44,3.61,0.00,567
50.221,16.67,0.12,0.93,4.33,3.60,2.89,564
50.238,16.67,0.12,0.94,0.41,3.60,0.00,558
50.254,16.66,0.12,0.94,4.35,3.59,2.90,557
50.271,16.68,0.12,0.93,0.42,3.63,0.00,558
50.288,16.66,0.11,0.92,4.51,3.62,3.03,557
50.304,16.67,0.12,0.95,0.40,3.60,0.00,558
50.321,16.67,0.11,0.93,4.52,3.60,3.03,555
50.338,16.68,0.12,0.95,0.43,3.59,0.00,555
50.354,16.67,0.10,0.84,4.41,3.59,2.94,552
50.371,16.68,0.10,0.88,0.52,3.61,0.00,552
50.388,16.66,0.24,0.97,4.51,3.59,2.98,621
50.404,16.67,0.12,0.97,0.45,3.78,0.00,644
50.421,16.65,0.11,0.94,5.11,3.99,3.64,646
50.438,16.68,0.11,0.96,0.44,3.99,0.00,643
50.454,16.67,0.11,0.94,4.34,3.98,2.90,645
50.471,16.67,0.12,0.98,0.44,4.01,0.00,647
50.488,16.66,0.11,0.93,4.33,3.42,2.90,647
50.504,16.67,0.11,0.96,0.44,3.42,0.00,644
50.521,16.67,0.11,0.92,4.28,3.40,2.84,642
50.538,16.67,0.11,0.95,0.42,3.39,0.00,641
50.554,16.68,0.11,0.94,4.43,3.38,2.97,642
50.571,16.67,0.12,0.97,0.44,3.40,0.00,642
50.588,16.67,0.11,0.96,4.44,3.39,2.94,647
50.604,16.66,0.11,0.96,0.43,3.39,0.00,647
50.621,16.76,0.10,0.95,4.33,3.37,2.89,646
50.638,16.62,0.11,0.97,0.44,3.37,0.00,645
50.654,16.64,0.12,0.97,4.48,3.37,2.96,646
50.671,16.67,0.12,0.97,0.41,3.38,0.00,645
50.688,16.67,0.11,0.95,4.40,3.37,2.92,644
50.704,16.67,0.11,0.96,0.43,3.36,0.00,645
50.721,16.66,0.10,0.92,4.34,3.35,2.87,647
50.738,16.67,0.12,0.96,0.43,3.35,0.00,645
50.754,16.67,0.11,0.92,4.36,3.36,2.91,645
50.771,16.67,0.11,0.96,0.40,3.36,0.00,646
50.788,16.67,0.10,0.92,4.41,3.36,2.93,646
50.804,16.69,0.11,0.96,0.41,3.34,0.00,647
50.821,16.64,0.10,0.91,4.54,3.34,3.00,644
50.838,16.68,0.12,0.97,0.43,3.32,0.00,643
50.854,16.66,0.11,0.94,4.39,3.35,2.93,640
50.871,16.67,0.11,0.95,0.40,3.35,0.00,643
50.888,16.67,0.11,0.93,4.34,3.33,2.88,643
50.904,16.68,0.11,0.95,0.42,3.33,0.00,643
50.921,16.65,0.10,0.92,4.30,3.32,2.87,645
50.938,16.69,0.11,0.98,0.50,3.31,0.00,644
50.954,16.64,0.10,0.95,4.45,3.33,2.95,646
50.971,16.67,0.11,0.95,0.40,3.32,0.00,648
50.988,16.66,0.10,0.94,4.37,3.32,2.89,648
51.004,16.67,0.11,0.95,0.43,3.31,0.00,649
51.021,16.69,0.09,0.91,4.36,3.31,2.90,652
51.038,16.65,0.11,0.95,0.42,3.30,0.00,654
51.054,16.66,0.09,0.93,4.39,3.31,2.90,655
51.071,16.67,0.11,0.95,0.43,3.31,0.00,655
51.088,16.67,0.11,0.93,4.54,3.29,3.04,656
51.104,16.66,0.11,0.93,0.44,3.29,0.00,657
51.121,16.66,0.10,0.89,4.32,3.28,2.89,661
51.138,16.66,0.10,0.94,0.41,3.30,0.00,658
51.154,16.67,0.11,0.91,4.43,3.28,2.93,657
51.171,16.67,0.11,0.94,0.41,3.27,0.00,653
51.188,16.67,0.10,0.89,4.35,3.26,2.87,652
51.204,16.66,0.11,0.95,0.40,3.24,0.00,653
51.221,16.68,0.11,0.93,4.39,3.23,2.92,650
51.238,16.66,0.10,0.93,0.41,3.24,0.00,649
51.254,16.67,0.10,0.90,4.34,3.23,2.88,644
51.271,16.67,0.10,0.94,0.41,3.23,0.00,641
51.288,16.66,0.10,0.92,4.38,3.22,2.90,645
51.304,16.68,0.11,0.95,0.45,3.20,0.00,642
51.321,16.66,0.10,0.93,4.36,3.21,2.91,640
51.338,16.75,0.09,0.97,0.47,3.22,0.00,638
51.354,16.58,0.09,0.90,4.49,3.20,3.02,638
51.371,16.67,0.10,0.92,0.40,3.20,0.00,637
51.388,16.67,0.09,0.89,4.30,3.19,2.86,635
51.404,16.67,0.10,0.94,0.40,3.19,0.00,635
51.421,16.68,0.09,0.89,4.32,3.17,2.88,632
51.438,16.66,0.10,0.94,0.45,3.19,0.00,628
51.454,16.66,0.10,0.92,4.49,3.17,2.98,625
51.471,16.68,0.10,0.93,0.42,3.16,0.00,621
51.488,16.67,0.09,0.92,4.41,3.14,2.93,616
51.504,16.65,0.10,0.93,0.41,3.14,0.00,615
51.521,16.68,0.09,0.88,4.33,3.13,2.87,608
51.538,16.66,0.10,0.92,0.38,3.14,0.00,604
51.554,16.66,0.10,0.91,4.46,3.11,2.95,595
51.571,16.74,0.09,0.89,0.40,3.11,0.00,589
51.588,16.59,0.10,0.89,4.44,2.77,2.96,590
51.604,16.67,0.11,0.88,0.42,2.76,0.00,590
51.621,16.75,0.09,0.87,4.59,2.78,3.09,589
51.638,16.59,0.11,0.87,0.40,2.77,0.00,588
51.654,16.66,0.08,0.88,4.37,2.76,2.89,587
51.671,16.67,0.10,0.90,0.41,2.76,0.00,587
51.688,16.69,0.08,0.85,4.40,2.75,2.94,586
51.704,16.65,0.10,0.89,0.41,2.75,0.00,585
51.721,16.66,0.09,0.84,4.38,2.75,2.90,584
51.738,16.68,0.11,0.89,0.40,2.76,0.00,581
51.755,16.73,0.08,0.84,4.37,2.76,2.90,581
51.771,16.59,0.10,0.90,0.42,2.76,0.00,580
51.788,16.68,0.09,0.86,4.35,2.75,2.88,579
51.804,16.68,0.11,0.90,0.43,2.75,0.00,579
51.821,16.65,0.09,0.88,4.36,2.77,2.91,578
51.838,16.67,0.10,0.90,0.44,2.78,0.00,576
51.854,16.67,0.09,0.84,4.35,2.77,2.89,574
51.871,16.68,0.10,0.89,0.42,2.78,0.00,573
51.888,16.65,0.10,0.85,4.46,2.78,3.00,571
51.904,16.68,0.11,0.90,0.44,2.79,0.00,571
51.921,16.66,0.08,0.88,4.49,2.79,2.99,568
51.938,16.74,0.09,0.95,0.47,2.79,0.00,568
51.954,16.61,0.10,0.93,4.56,2.78,3.03,564
51.971,16.65,0.10,0.91,0.46,2.78,0.00,562
51.988,16.68,0.09,0.86,4.47,2.78,2.96,558
52.004,16.66,0.11,0.90,0.42,2.78,0.00,556
52.021,16.66,0.08,0.86,4.39,2.80,2.92,554
52.038,16.69,0.10,0.66,0.43,2.80,0.00,541
52.054,16.67,0.09,0.63,4.45,2.78,2.97,540
52.071,16.66,0.10,0.66,0.42,2.78,0.00,540
52.088,16.67,0.10,0.65,4.46,2.77,2.96,539
52.104,16.66,0.10,0.65,0.41,2.79,0.00,536
52.121,16.69,0.08,0.62,4.41,2.78,2.93,535
52.138,16.64,0.08,0.66,0.45,2.78,0.00,535
52.154,16.66,0.09,0.62,4.50,2.76,3.01,534
52.171,16.68,0.10,0.66,0.39,2.77,0.00,533
52.188,16.66,0.09,0.64,4.36,2.77,2.90,533
52.204,16.67,0.10,0.64,0.43,2.77,0.00,529
52.221,16.66,0.09,0.62,4.39,2.76,2.94,529
52.238,16.67,0.09,0.64,0.39,2.76,0.00,529
52.254,16.66,0.09,0.65,4.34,2.75,2.89,527
52.271,16.67,0.10,0.67,0.42,2.74,0.00,526
52.288,16.67,0.12,0.89,4.58,2.73,3.10,575
52.304,16.68,0.11,0.92,0.43,3.58,0.00,574
52.321,16.65,0.11,0.88,4.41,3.56,2.94,570
52.338,16.68,0.12,0.93,0.43,3.56,0.00,566
52.354,16.66,0.12,0.82,4.44,3.55,2.97,566
52.371,16.67,0.12,0.85,0.41,3.55,0.00,566
52.388,16.67,0.24,0.92,4.43,3.54,2.96,594
52.404,16.66,0.12,0.94,0.42,3.70,0.00,595
52.421,16.67,0.12,0.92,4.49,3.73,3.00,595
52.438,16.67,0.12,0.96,0.40,3.72,0.00,595
52.455,16.66,0.12,0.94,4.43,3.74,2.93,594
52.471,16.66,0.12,0.96,0.42,3.74,0.00,593
52.488,16.69,0.11,0.92,4.32,3.74,2.86,592
52.505,16.66,0.12,0.96,0.44,3.75,0.00,590
52.521,16.67,0.11,0.93,4.37,3.74,2.91,591
52.538,16.67,0.12,0.95,0.41,3.75,0.00,589
52.555,16.67,0.11,0.95,4.37,3.74,2.90,589
52.571,16.66,0.14,1.22,0.44,3.73,0.00,635
52.588,16.67,0.13,1.21,4.56,4.03,3.09,635
52.605,16.67,0.14,1.22,0.42,4.02,0.00,636
52.621,16.75,0.12,1.19,4.33,4.02,2.87,635
52.638,16.59,0.14,1.23,0.43,4.01,0.00,637
52.655,16.75,0.13,1.23,4.35,4.03,2.89,635
52.671,16.59,0.14,1.24,0.43,4.02,0.00,637
52.688,16.67,0.14,1.21,4.48,4.00,3.01,638
52.705,16.67,0.15,1.25,0.41,4.02,0.00,639
52.721,16.66,0.14,1.23,4.37,4.03,2.89,642
52.738,16.75,0.13,1.25,0.41,4.04,0.00,643
52.755,16.58,0.14,1.24,4.35,4.04,2.88,646
52.771,16.67,0.14,1.25,0.42,4.07,0.00,646
52.788,16.67,0.14,1.22,4.35,4.12,2.89,646
52.805,16.68,0.14,1.26,0.44,4.12,0.00,647
52.821,16.66,0.13,1.22,4.36,4.11,2.90,648
52.838,16.68,0.14,1.27,0.46,4.12,0.00,644
52.855,16.66,0.13,1.23,4.35,4.12,2.91,644
52.871,16.67,0.14,1.25,0.44,4.12,0.00,646
52.888,16.67,0.13,1.22,4.36,4.17,2.91,649
52.905,16.67,0.13,1.27,0.42,4.16,0.00,648
52.921,16.67,0.13,1.23,4.37,4.16,2.91,647
52.938,16.67,0.13,1.26,0.43,4.17,0.00,644
52.955,16.67,0.13,1.21,4.43,4.17,2.97,643
52.971,16.67,0.13,1.25,0.42,4.16,0.00,643
52.988,16.67,0.13,1.28,4.48,3.61,2.97,644
53.005,16.67,0.13,1.26,0.44,3.61,0.00,640
53.021,16.66,0.12,1.22,4.41,3.61,2.94,640
53.038,16.69,0.13,1.26,0.43,3.61,0.00,636
53.055,16.68,0.14,1.28,4.53,3.60,2.97,636
53.071,16.65,0.12,1.26,0.43,3.63,0.00,636
53.088,16.68,0.11,1.23,4.44,3.63,2.95,637
53.105,16.67,0.13,1.26,0.43,3.63,0.00,640
53.121,16.67,0.11,1.24,4.35,3.63,2.87,644
53.138,16.65,0.12,1.24,0.43,3.63,0.00,643
53.155,16.67,0.12,1.22,4.32,3.65,2.87,644
53.171,16.67,0.12,1.27,0.43,3.67,0.00,644
53.188,16.67,0.11,1.22,4.37,3.67,2.90,643
53.205,16.67,0.12,1.24,0.45,3.66,0.00,649
53.221,16.68,0.12,1.22,4.54,3.65,3.02,654
53.238,16.66,0.13,1.26,0.42,3.66,0.00,657
53.255,16.66,0.12,1.22,4.37,3.66,2.88,661
53.271,16.68,0.13,1.26,0.43,3.70,0.00,664
53.288,16.67,0.11,1.21,4.37,3.71,2.88,667
53.305,16.68,0.13,1.25,0.45,3.71,0.00,671
53.321,16.66,0.12,1.20,4.41,3.72,2.95,676
53.338,16.68,0.11,1.25,0.44,3.72,0.00,677
53.355,16.65,0.11,1.23,4.66,3.73,3.07,683
53.371,16.67,0.13,1.27,0.51,3.75,0.00,685
53.388,16.67,0.12,1.22,4.49,3.77,2.94,687
53.405,16.66,0.12,1.24,0.47,3.78,0.00,690
53.421,16.66,0.12,1.22,4.44,3.78,2.91,692
53.438,16.68,0.12,1.27,0.43,3.78,0.00,698
53.455,16.66,0.12,1.25,4.40,3.79,2.91,700
53.471,16.68,0.13,1.29,0.43,3.86,0.00,698
53.488,16.65,0.12,1.28,4.50,3.85,3.01,697
53.505,16.66,0.12,1.28,0.43,3.86,0.00,698
53.521,16.67,0.12,1.24,4.39,3.87,2.89,698
53.538,16.67,0.12,1.28,0.43,3.87,0.00,701
53.555,16.67,0.12,1.26,4.43,3.90,2.93,705
53.571,16.68,0.12,1.27,0.42,3.92,0.00,707
53.588,16.66,0.12,1.27,4.47,3.92,2.98,709
53.605,16.67,0.12,1.27,0.44,3.92,0.00,712
53.621,16.74,0.11,1.27,4.43,3.93,2.92,711
53.638,16.59,0.12,1.26,0.44,3.94,0.00,714
53.655,16.67,0.11,1.25,4.43,3.98,2.92,713
53.671,16.67,0.12,1.26,0.43,3.99,0.00,713
53.688,16.67,0.11,1.23,4.43,3.99,2.93,712
53.705,16.66,0.10,1.28,0.45,4.00,0.00,711
53.721,16.67,0.11,1.23,4.40,4.00,2.91,710
53.738,16.68,0.12,1.25,0.43,3.99,0.00,711
53.755,16.66,0.11,1.21,4.46,4.03,3.00,709
53.771,16.67,0.12,1.25,0.45,4.01,0.00,709
53.788,16.67,0.11,1.21,4.43,4.00,2.92,707
53.805,16.74,0.10,1.22,0.45,3.60,0.00,706
53.821,16.59,0.11,1.22,4.38,3.59,2.89,706
53.838,16.69,0.12,1.22,0.42,3.58,0.00,709
53.855,16.65,0.12,1.24,4.42,3.71,2.92,708
53.871,16.68,0.12,1.24,0.43,3.70,0.00,709
53.888,16.66,0.11,1.23,4.37,3.70,2.90,710
53.905,16.67,0.11,1.23,0.42,3.69,0.00,711
53.921,16.66,0.11,1.19,4.32,3.69,2.87,710
53.938,16.68,0.12,1.36,0.43,3.68,0.00,714
53.955,16.66,0.11,1.25,4.72,3.63,3.26,710
53.971,16.68,0.10,1.27,0.42,3.64,0.00,710
53.988,16.66,0.11,1.30,4.42,3.63,2.91,711
54.005,16.70,0.12,1.31,0.48,3.61,0.00,707
54.021,16.63,0.12,1.28,4.48,3.62,3.00,703
54.038,16.68,0.12,1.28,0.42,3.65,0.00,700
54.055,16.66,0.11,1.28,4.41,3.63,2.92,696
54.071,16.67,0.12,1.24,0.47,3.61,0.00,693
54.088,16.66,0.11,1.21,4.46,3.22,2.89,695
54.105,16.67,0.12,1.27,0.45,3.20,0.00,696
54.121,16.67,0.12,1.24,4.40,3.20,2.90,697
54.138,16.68,0.12,1.28,0.42,3.22,0.00,696
54.155,16.66,0.11,1.23,4.42,3.21,2.90,695
54.171,16.67,0.11,1.22,0.48,3.20,0.00,692
54.188,16.68,0.12,1.24,4.49,3.18,2.92,692
54.205,16.66,0.11,1.21,0.48,3.18,0.00,691
54.221,16.71,0.11,1.24,4.14,3.18,2.89,692
54.238,16.62,0.12,1.25,0.54,3.19,0.00,689
54.255,16.67,0.10,1.02,4.49,3.19,2.96,688
54.271,16.66,0.12,1.05,0.48,3.19,0.00,684
54.288,16.68,0.11,1.02,4.51,3.17,2.99,685
54.305,16.66,0.11,1.07,0.47,3.18,0.00,685
54.321,16.68,0.12,1.02,4.53,3.15,3.00,686
54.338,16.66,0.12,1.05,0.48,3.20,0.00,684
54.355,16.66,0.11,0.95,4.51,3.19,2.95,684
54.371,16.67,0.11,0.95,0.46,3.19,0.00,684
54.388,16.67,0.23,1.07,4.46,3.17,2.97,709
54.405,16.67,0.12,1.11,0.45,3.30,0.00,715
54.421,16.67,0.12,1.07,4.39,3.40,2.90,714
54.438,16.67,0.12,1.10,0.43,3.42,0.00,712
54.455,16.69,0.10,1.07,4.49,3.41,2.98,711
54.471,16.68,0.13,1.11,0.49,3.40,0.00,708
54.488,16.64,0.13,1.12,4.72,3.40,3.15,708
54.505,16.67,0.14,1.10,0.50,3.40,0.00,708
54.521,16.68,0.12,1.10,4.51,3.43,2.94,704
54.538,16.68,0.13,0.83,0.57,3.43,0.00,692
54.555,16.68,0.10,0.79,4.83,3.43,3.26,691
54.571,16.65,0.12,0.83,0.46,3.44,0.00,693
54.588,16.63,0.11,0.79,4.45,3.43,2.93,693
54.605,16.67,0.11,0.62,0.42,3.44,0.00,691
54.621,16.67,0.13,0.82,4.59,3.47,2.99,690
54.638,16.66,0.11,0.82,0.46,3.48,0.00,691
54.655,16.67,0.11,0.80,4.50,3.49,2.97,691
54.671,16.70,0.13,0.83,0.46,3.50,0.00,690
54.688,16.64,0.11,0.80,4.43,3.49,2.91,691
54.705,16.67,0.12,0.82,0.46,3.49,0.00,691
54.721,16.67,0.11,0.78,4.37,3.53,2.88,692
54.738,16.66,0.12,0.81,0.49,3.53,0.00,691
54.755,16.67,0.11,0.78,4.39,3.52,2.89,687
54.771,16.68,0.12,0.82,0.43,3.53,0.00,688
54.788,16.66,0.11,0.81,4.47,3.53,2.93,687
54.805,16.69,0.12,0.82,0.46,3.53,0.00,687
54.821,16.68,0.12,0.82,4.61,3.56,3.07,685
54.838,16.63,0.11,0.82,0.48,3.54,0.00,686
54.855,16.67,0.11,0.79,4.44,3.54,2.93,689
54.871,16.67,0.11,0.81,0.44,3.54,0.00,687
54.888,16.67,0.11,0.78,4.42,3.53,2.90,689
54.905,16.68,0.18,1.11,0.43,3.53,0.00,742
54.921,16.65,0.16,1.14,4.63,4.36,3.15,741
54.938,16.69,0.17,1.13,0.44,4.35,0.00,738
54.955,16.65,0.16,1.14,4.44,4.34,2.95,740
54.971,16.67,0.16,1.15,0.44,4.34,0.00,740
54.988,16.66,0.16,1.11,4.38,4.34,2.91,739
55.005,16.67,0.16,1.15,0.44,4.35,0.00,738
55.021,16.66,0.13,1.13,4.45,4.34,2.93,738
55.038,16.72,0.13,1.16,0.47,4.33,0.00,739
55.055,16.70,0.12,1.13,4.41,4.31,2.92,740
55.071,16.60,0.14,1.18,0.45,4.32,0.00,740
55.088,16.68,0.12,1.18,4.53,4.32,3.05,739
55.105,16.65,0.14,1.15,0.45,4.35,0.00,736
55.121,16.66,0.13,1.17,4.43,4.35,2.94,735
55.138,16.67,0.14,1.19,0.48,4.33,0.00,736
55.155,16.66,0.13,1.18,4.39,4.33,2.92,735
55.171,16.67,0.14,1.19,0.45,4.34,0.00,734
55.188,16.67,0.12,1.16,4.35,4.38,2.90,733
55.205,16.67,0.13,1.18,0.45,4.38,0.00,731
55.221,16.66,0.12,1.16,4.32,4.37,2.88,716
55.238,16.67,0.13,1.17,0.44,4.35,0.00,713
55.255,16.72,0.11,1.21,4.36,4.35,2.88,716
55.271,16.61,0.13,1.19,0.44,4.35,0.00,717
55.288,16.67,0.12,1.16,4.31,4.37,2.87,716
55.305,16.67,0.13,1.20,0.45,4.37,0.00,710
55.321,16.66,0.12,1.19,4.38,3.80,2.91,705
55.338,16.73,0.12,1.24,0.51,3.79,0.00,705
55.355,16.68,0.12,1.22,4.79,3.79,3.14,705
55.371,16.63,0.12,1.22,0.48,3.83,0.00,704
55.388,16.66,0.14,1.22,4.53,3.82,2.98,702
55.405,16.66,0.13,1.22,0.46,3.83,0.00,704
55.421,16.66,0.12,1.18,4.45,3.83,2.96,706
55.438,16.66,0.12,1.18,0.42,3.85,0.00,704
55.455,16.67,0.12,1.15,4.34,3.46,2.88,706
55.471,16.68,0.12,1.18,0.44,3.51,0.00,709
55.488,16.67,0.10,1.17,4.31,3.52,2.86,709
55.505,16.66,0.13,1.19,0.44,3.52,0.00,709
55.521,16.67,0.12,1.19,4.32,3.53,2.86,708
55.538,16.66,0.12,1.19,0.44,3.52,0.00,710
55.555,16.69,0.10,1.16,4.27,3.66,2.82,711
55.572,16.73,0.11,1.18,0.44,3.66,0.00,711
55.588,16.59,0.11,1.16,4.34,3.67,2.89,710
55.605,16.68,0.12,1.19,0.49,3.70,0.00,713
55.622,16.75,0.11,1.18,4.46,3.71,2.99,713
55.638,16.58,0.12,1.19,0.43,3.73,0.00,715
55.655,16.68,0.11,1.17,4.44,3.71,2.94,715
55.671,16.66,0.12,1.18,0.41,3.70,0.00,713
55.688,16.66,0.11,1.18,4.39,3.70,2.92,712
55.705,16.66,0.12,1.19,0.45,3.71,0.00,712
55.721,16.67,0.11,1.16,4.41,3.73,2.91,714
55.738,16.66,0.11,1.17,0.43,3.73,0.00,714
55.755,16.67,0.11,1.13,4.41,3.74,2.92,713
55.772,16.74,0.10,1.17,0.42,3.72,0.00,712
55.788,16.62,0.10,1.17,4.42,3.71,2.93,712
55.805,16.65,0.12,1.16,0.45,3.69,0.00,714
55.821,16.67,0.12,1.18,4.41,3.70,2.94,715
55.838,16.66,0.12,1.16,0.43,3.72,0.00,714
55.855,16.67,0.11,1.15,4.48,3.71,2.96,711
55.871,16.67,0.12,1.18,0.44,3.70,0.00,708
55.888,16.67,0.11,1.16,4.39,3.68,2.92,708
55.905,16.66,0.12,1.11,0.43,3.68,0.00,707
55.921,16.67,0.11,1.09,4.35,3.70,2.91,708
55.938,16.67,0.11,1.11,0.43,3.69,0.00,711
55.955,16.68,0.10,1.09,4.30,3.68,2.86,711
55.971,16.66,0.12,1.12,0.46,3.66,0.00,711
55.988,16.66,0.11,1.08,4.42,3.65,2.93,709
56.005,16.67,0.12,1.09,0.44,3.64,0.00,711
56.021,16.68,0.11,1.07,4.33,3.66,2.89,710
56.038,16.65,0.11,1.11,0.44,3.65,0.00,710
56.055,16.67,0.11,1.08,4.33,3.64,2.89,710
56.071,16.67,0.11,1.11,0.46,3.62,0.00,711
56.088,16.67,0.11,1.09,4.38,3.60,2.92,712
56.105,16.68,0.12,1.10,0.45,3.63,0.00,712
56.121,16.66,0.11,1.08,4.38,3.61,2.92,712
56.138,16.67,0.11,1.10,0.49,3.60,0.00,710
56.155,16.66,0.11,1.09,4.59,3.59,3.07,709
56.171,16.67,0.11,1.11,0.45,3.58,0.00,708
56.188,16.67,0.11,1.08,4.38,3.56,2.91,708
56.205,16.67,0.11,1.08,0.43,3.60,0.00,708
56.221,16.66,0.11,1.09,4.34,3.59,2.88,708
56.238,16.67,0.11,1.09,0.45,3.58,0.00,707
56.255,16.67,0.11,1.07,4.38,3.56,2.93,704
56.271,16.66,0.11,1.08,0.44,3.55,0.00,703
56.288,16.68,0.11,1.06,4.38,3.55,2.90,701
56.305,16.67,0.11,1.07,0.43,3.58,0.00,699
56.322,16.67,0.11,1.06,4.46,3.56,2.94,694
56.338,16.67,0.12,1.04,0.47,3.55,0.00,690
56.355,16.67,0.11,0.92,4.54,3.53,2.99,685
56.372,16.67,0.13,0.93,0.46,3.53,0.00,685
56.388,16.67,0.23,1.07,4.41,3.54,2.91,705
56.405,16.67,0.11,1.04,0.44,3.75,0.00,714
56.422,16.69,0.10,1.02,4.47,3.48,3.00,714
56.438,16.77,0.10,1.04,0.45,3.47,0.00,715
56.455,16.55,0.11,1.02,4.35,3.46,2.89,715
56.472,16.67,0.12,1.04,0.42,3.46,0.00,715
56.488,16.67,0.10,1.02,4.31,3.48,2.88,715
56.505,16.67,0.12,1.05,0.42,3.45,0.00,713
56.522,16.68,0.13,1.10,4.41,3.44,2.91,712
56.538,16.66,0.11,1.05,0.44,3.42,0.00,711
56.555,16.67,0.10,1.04,4.36,3.41,2.88,709
56.572,16.66,0.12,1.05,0.46,3.42,0.00,709
56.588,16.66,0.10,1.02,4.41,3.39,2.94,708
56.605,16.69,0.11,1.04,0.46,3.38,0.00,706
56.622,16.73,0.10,1.03,4.38,3.37,2.90,705
56.638,16.59,0.12,1.04,0.44,3.35,0.00,705
56.655,16.68,0.11,1.00,4.39,3.33,2.88,705
56.672,16.66,0.12,1.06,0.49,3.33,0.00,701
56.688,16.65,0.11,1.00,4.54,3.30,3.05,700
56.705,16.68,0.11,1.04,0.43,3.30,0.00,699
56.722,16.67,0.09,1.02,4.38,3.27,2.90,699
56.738,16.69,0.12,1.03,0.47,3.24,0.00,696
56.755,16.64,0.11,1.00,4.47,3.26,2.94,695
56.772,16.67,0.11,1.01,0.49,3.24,0.00,693
56.788,16.67,0.10,0.98,4.38,3.22,2.88,688
56.805,16.67,0.11,1.00,0.47,3.20,0.00,684
56.822,16.66,0.11,0.99,4.48,3.19,2.98,680
56.838,16.68,0.11,1.00,0.43,3.17,0.00,676
56.855,16.66,0.10,0.97,4.42,3.17,2.94,672
56.872,16.67,0.12,0.71,0.44,3.15,0.00,618
56.888,16.67,0.11,0.72,4.40,3.07,2.91,617
56.905,16.67,0.11,0.71,0.43,3.04,0.00,615
56.922,16.67,0.10,0.74,4.49,3.03,3.02,615
56.938,16.66,0.12,0.71,0.40,3.02,0.00,612
56.955,16.67,0.10,0.70,4.44,3.00,2.98,611
56.972,16.67,0.11,0.72,0.45,2.99,0.00,610
56.988,16.68,0.10,0.71,4.41,2.99,2.94,611
57.005,16.65,0.11,0.70,0.43,2.99,0.00,609
57.022,16.67,0.11,0.68,4.35,2.97,2.89,608
57.038,16.67,0.11,0.70,0.42,2.99,0.00,606
57.055,16.66,0.10,0.69,4.33,2.97,2.90,603
57.072,16.70,0.12,0.72,0.46,2.97,0.00,602
57.088,16.64,0.11,0.71,4.37,2.95,2.91,602
57.105,16.67,0.12,0.72,0.41,2.95,0.00,601
57.122,16.66,0.11,0.72,4.36,2.96,2.90,599
57.138,16.67,0.11,0.70,0.41,2.96,0.00,597
57.155,16.67,0.11,0.69,4.35,2.94,2.90,593
57.172,16.67,0.11,0.72,0.41,2.94,0.00,593
57.188,16.71,0.12,0.72,4.45,2.94,2.96,593
57.205,16.63,0.11,0.71,0.42,2.93,0.00,588
57.222,16.69,0.09,0.69,4.41,2.94,2.97,585
57.238,16.65,0.10,0.70,0.43,2.94,0.00,583
57.255,16.67,0.10,0.70,4.32,2.93,2.88,582
57.272,16.67,0.11,0.71,0.43,2.93,0.00,582
57.288,16.67,0.13,0.99,4.51,2.92,3.07,635
57.305,16.67,0.13,1.01,0.43,3.83,0.00,633
57.322,16.67,0.13,1.00,4.38,3.83,2.91,632
57.338,16.67,0.13,0.99,0.39,3.82,0.00,630
57.355,16.66,0.12,0.99,4.41,3.83,2.92,628
57.372,16.67,0.13,1.00,0.43,3.81,0.00,627
57.388,16.67,0.12,0.98,4.35,3.82,2.91,629
57.405,16.67,0.13,1.02,0.44,3.80,0.00,628
57.422,16.68,0.11,0.99,4.35,3.81,2.91,627
57.438,16.68,0.11,1.00,0.43,3.81,0.00,628
57.455,16.65,0.12,0.99,4.34,3.82,2.90,629
57.472,16.66,0.13,1.02,0.43,3.85,0.00,630
57.488,16.67,0.12,1.00,4.51,3.88,3.02,629
57.505,16.68,0.13,1.00,0.45,3.87,0.00,628
57.522,16.65,0.12,0.98,4.40,3.86,2.93,627
57.538,16.67,0.12,1.00,0.40,3.86,0.00,624
57.555,16.68,0.11,1.00,4.40,3.86,2.91,623
57.572,16.66,0.13,1.01,0.47,3.84,0.00,624
57.588,16.67,0.13,0.98,4.42,3.94,2.95,624
57.605,16.66,0.12,0.99,0.42,3.95,0.00,622
57.622,16.75,0.11,1.02,4.45,3.96,2.96,652
57.638,16.59,0.12,1.01,0.43,3.99,0.00,653
57.655,16.68,0.12,1.00,4.37,4.00,2.90,654
57.672,16.66,0.12,1.00,0.43,3.96,0.00,654
57.688,16.66,0.11,0.98,4.29,3.96,2.85,652
57.705,16.67,0.12,0.99,0.43,3.38,0.00,650
57.722,16.67,0.11,0.97,4.40,3.38,2.92,651
57.738,16.75,0.11,0.99,0.43,3.37,0.00,653
57.755,16.61,0.11,1.01,4.46,3.35,3.00,654
57.772,16.65,0.12,0.99,0.42,3.39,0.00,653
57.788,16.68,0.10,0.96,4.34,3.38,2.88,654
57.805,16.67,0.12,0.99,0.41,3.38,0.00,654
57.822,16.65,0.11,0.97,4.37,3.38,2.90,653
57.838,16.67,0.12,1.00,0.42,3.37,0.00,657
57.855,16.66,0.11,0.99,4.36,3.39,2.88,656
57.872,16.67,0.13,0.99,0.45,3.38,0.00,653
57.888,16.68,0.10,0.97,4.41,3.37,2.94,653
57.905,16.65,0.12,0.99,0.42,3.38,0.00,649
57.922,16.67,0.11,0.94,4.38,3.37,2.90,648
57.938,16.67,0.12,1.00,0.43,3.38,0.00,649
57.955,16.67,0.11,0.96,4.36,3.40,2.90,648
57.972,16.67,0.12,0.98,0.42,3.40,0.00,646
57.988,16.67,0.10,0.99,4.41,3.39,2.92,646
58.005,16.66,0.12,0.99,0.43,3.40,0.00,648
58.022,16.68,0.13,1.13,5.04,3.40,3.52,654
58.038,16.65,0.12,1.05,0.46,3.42,0.00,653
58.055,16.67,0.12,1.06,4.45,3.44,2.95,653
58.072,16.68,0.11,1.06,0.47,3.44,0.00,656
58.088,16.65,0.12,1.04,4.39,3.47,2.92,656
58.105,16.68,0.12,1.05,0.44,3.47,0.00,658
58.122,16.65,0.13,1.03,4.45,3.50,2.95,659
58.138,16.68,0.12,1.06,0.43,3.53,0.00,658
58.155,16.67,0.12,1.02,4.38,3.54,2.89,658
58.172,16.67,0.12,1.03,0.41,3.55,0.00,658
58.188,16.68,0.12,1.05,4.50,3.55,2.99,659
58.205,16.66,0.12,1.06,0.48,3.55,0.00,662
58.222,16.67,0.12,1.03,4.45,3.57,2.97,662
58.238,16.67,0.11,1.05,0.44,3.60,0.00,665
58.255,16.67,0.11,1.03,4.39,3.61,2.90,666
58.272,16.66,0.11,1.04,0.43,3.62,0.00,669
58.288,16.70,0.10,1.02,4.42,3.63,2.97,669
58.305,16.65,0.13,1.05,0.45,3.63,0.00,671
58.322,16.65,0.11,1.07,4.38,3.65,2.92,672
58.338,16.69,0.10,1.06,0.48,3.67,0.00,671
58.355,16.65,0.11,0.97,4.36,3.67,2.90,669
58.372,16.68,0.12,0.97,0.45,3.66,0.00,672
58.388,16.66,0.23,1.13,4.45,3.67,2.94,716
58.405,16.67,0.12,1.11,0.44,3.83,0.00,724
58.422,16.67,0.12,1.12,4.42,3.94,2.93,724
58.438,16.67,0.12,1.12,0.44,3.92,0.00,722
58.455,16.67,0.11,1.08,4.38,3.92,2.90,722
58.472,16.67,0.11,1.10,0.43,3.93,0.00,721
58.488,16.66,0.11,1.08,4.33,3.92,2.88,721
58.505,16.68,0.11,1.10,0.43,3.94,0.00,720
58.522,16.66,0.12,1.12,4.48,3.93,2.97,719
58.538,16.67,0.12,1.12,0.44,3.92,0.00,719
58.555,16.67,0.11,1.09,4.52,3.92,3.02,717
58.572,16.67,0.11,1.11,0.45,3.92,0.00,716
58.588,16.67,0.12,1.12,4.48,3.90,2.97,716
58.605,16.68,0.12,1.11,0.43,3.92,0.00,713
58.622,16.74,0.11,1.13,4.52,3.91,2.98,711
58.638,16.59,0.12,1.13,0.49,3.90,0.00,709
58.655,16.67,0.11,1.12,4.53,3.89,2.96,707
58.672,16.69,0.13,1.12,0.50,3.88,0.00,705
58.688,16.66,0.12,1.12,4.54,3.89,3.00,704
58.705,16.65,0.12,1.13,0.53,3.88,0.00,703
58.722,16.67,0.12,1.14,4.59,3.87,3.05,702
58.738,16.66,0.12,1.14,0.50,3.86,0.00,702
58.755,16.69,0.11,1.14,4.48,3.85,2.95,702
58.772,16.68,0.13,1.13,0.45,3.84,0.00,702
58.788,16.64,0.12,1.11,4.60,3.84,3.06,701
58.805,16.70,0.11,1.12,0.52,3.44,0.00,700
58.822,16.65,0.13,1.11,4.58,3.45,3.04,698
58.838,16.67,0.11,1.09,0.50,3.44,0.00,698
58.855,16.66,0.14,1.39,4.52,3.43,3.16,751
58.872,16.67,0.11,1.04,0.35,4.31,0.00,752
58.888,16.68,0.13,1.39,4.53,4.30,2.98,751
58.905,16.76,0.13,1.38,0.52,4.29,0.00,742
58.922,16.56,0.14,1.39,4.58,4.28,3.02,740
58.938,16.68,0.14,1.38,0.49,4.27,0.00,738
58.955,16.69,0.14,1.36,4.54,4.27,2.99,735
58.972,16.64,0.14,1.40,0.56,4.26,0.00,734
58.988,16.72,0.12,1.45,4.56,4.25,3.02,734
59.005,16.63,0.15,1.39,0.51,4.27,0.00,732
59.022,16.64,0.14,1.41,4.57,4.27,2.99,732
59.038,16.68,0.16,1.40,0.50,4.26,0.00,733
59.055,16.65,0.14,1.44,4.54,4.28,2.99,733
59.072,16.72,0.15,1.41,0.49,4.28,0.00,733
59.088,16.64,0.14,1.42,4.70,4.29,3.12,731
59.105,16.65,0.13,1.41,0.48,4.28,0.00,727
59.122,16.69,0.15,1.41,4.49,4.28,2.90,729
59.138,16.65,0.14,1.37,0.49,4.35,0.00,728
59.155,16.69,0.12,1.42,4.49,4.37,2.91,725
59.172,16.66,0.14,1.40,0.48,4.38,0.00,725
59.188,16.69,0.12,1.39,4.46,4.40,2.90,722
59.205,16.67,0.12,1.46,0.55,4.39,0.00,722
59.222,16.72,0.11,1.40,4.56,4.38,3.00,719
59.238,16.64,0.12,1.41,0.48,4.38,0.00,717
59.255,16.62,0.13,1.20,4.56,4.38,2.98,711
59.272,16.68,0.14,1.21,0.52,3.80,0.00,708
59.288,16.66,0.13,1.19,4.61,3.81,3.07,700
59.305,16.65,0.19,1.47,0.50,3.80,0.00,722
59.322,16.67,0.16,1.44,4.89,3.85,3.33,727
59.338,16.68,0.17,1.43,0.50,3.87,0.00,728
59.355,16.67,0.17,1.40,4.58,3.90,3.05,726
59.372,16.67,0.19,1.41,0.51,3.90,0.00,725
59.388,16.65,0.16,1.43,4.49,3.91,2.97,729
59.405,16.67,0.15,1.41,0.42,3.95,0.00,728
59.422,16.66,0.14,1.39,4.44,3.94,2.94,729
59.438,16.69,0.15,1.45,0.48,3.96,0.00,728
59.455,16.64,0.14,1.42,4.43,3.95,2.90,729
59.472,16.68,0.16,1.46,0.44,3.95,0.00,730
59.488,16.67,0.14,1.43,4.41,3.97,2.93,730
59.505,16.67,0.15,1.45,0.43,3.97,0.00,732
59.522,16.66,0.14,1.41,4.44,3.96,2.96,734
59.538,16.67,0.15,1.45,0.42,3.61,0.00,735
59.555,16.67,0.14,1.41,4.34,3.61,2.88,738
59.572,16.68,0.15,1.46,0.42,3.65,0.00,738
59.589,16.75,0.14,1.46,4.46,3.65,2.93,738
59.605,16.59,0.15,1.45,0.48,3.64,0.00,735
59.622,16.70,0.14,1.43,3.95,3.65,2.75,737
59.638,16.64,0.16,1.45,0.46,3.64,0.00,737
59.655,16.67,0.14,1.44,4.52,3.65,2.98,739
59.672,16.67,0.15,1.45,0.48,3.69,0.00,737
59.688,16.66,0.13,1.42,4.46,3.69,2.96,737
59.705,16.67,0.14,1.41,0.43,3.69,0.00,738
59.722,16.66,0.14,1.44,4.38,3.71,2.90,737
59.738,16.67,0.14,1.44,0.43,3.71,0.00,740
59.755,16.67,0.14,1.42,4.33,3.74,2.87,740
59.772,16.67,0.14,1.45,0.42,3.74,0.00,740
59.788,16.67,0.14,1.41,4.32,3.74,2.87,741
59.805,16.68,0.14,1.43,0.41,3.75,0.00,741
59.822,16.68,0.13,1.41,4.33,3.75,2.87,742
59.838,16.65,0.14,1.43,0.47,3.78,0.00,743
59.855,16.66,0.13,1.41,4.39,3.78,2.91,743
59.872,16.69,0.14,1.44,0.45,3.80,0.00,743
59.888,16.64,0.12,1.41,4.46,3.79,2.99,741
59.905,16.67,0.12,1.42,0.42,3.80,0.00,741
59.922,16.67,0.11,1.41,4.31,3.84,2.87,741
59.938,16.67,0.11,1.43,0.44,3.86,0.00,741
59.955,16.66,0.11,1.40,4.33,3.84,2.87,740
59.972,16.68,0.11,1.40,0.42,3.85,0.00,739
59.988,16.66,0.11,1.33,4.34,3.85,2.89,742
60.005,16.67,0.11,1.36,0.41,3.86,0.00,743
60.022,16.66,0.11,1.34,4.36,3.89,2.89,742
60.039,16.73,0.11,1.37,0.46,3.88,0.00,742
60.055,16.66,0.12,1.35,4.46,3.87,2.93,740
60.072,16.64,0.12,1.32,0.43,3.87,0.00,739
60.089,16.68,0.12,1.36,4.48,3.85,2.93,739
60.105,16.66,0.10,1.33,0.45,3.93,0.00,738
60.122,16.66,0.10,1.36,4.38,3.94,2.85,740
60.139,16.67,0.12,1.35,0.43,3.95,0.00,741
60.155,16.66,0.10,1.32,4.43,3.95,2.94,738
60.172,16.67,0.11,1.35,0.45,3.95,0.00,738
60.189,16.67,0.11,1.33,4.34,3.93,2.87,737
60.205,16.67,0.10,1.34,0.44,3.93,0.00,736
60.222,16.70,0.09,1.35,4.36,3.93,2.89,735
60.239,16.63,0.12,1.35,0.43,3.92,0.00,731
60.255,16.67,0.11,1.34,4.40,3.91,2.91,730
60.272,16.67,0.11,1.33,0.43,3.94,0.00,730
60.289,16.67,0.10,1.32,4.35,3.93,2.89,731
60.305,16.66,0.11,1.33,0.41,3.93,0.00,731
60.322,16.67,0.10,1.31,4.28,3.91,2.82,728
60.339,16.67,0.11,1.33,0.46,3.90,0.00,727
60.355,16.66,0.10,1.22,4.42,3.88,2.91,724
60.372,16.66,0.11,1.25,0.45,3.48,0.00,724
60.389,16.67,0.23,1.30,4.40,3.47,2.91,739
60.405,16.67,0.11,1.31,0.44,3.61,0.00,748
60.422,16.66,0.10,1.29,5.17,3.73,3.69,748
60.439,16.67,0.11,1.29,0.43,3.72,0.00,746
60.455,16.67,0.11,1.28,4.38,3.74,2.89,746
60.472,16.67,0.11,1.32,0.43,3.73,0.00,745
60.489,16.67,0.11,1.29,4.35,3.72,2.89,745
60.505,16.68,0.11,1.30,0.45,3.70,0.00,744
60.522,16.66,0.11,1.28,4.33,3.70,2.88,742
60.539,16.67,0.11,1.30,0.44,3.71,0.00,742
60.555,16.66,0.10,1.28,4.36,3.70,2.89,740
60.572,16.66,0.11,1.30,0.43,3.68,0.00,740
60.589,16.71,0.10,1.30,4.37,3.66,2.88,739
60.605,16.63,0.12,1.28,0.45,3.65,0.00,737
60.622,16.75,0.09,1.28,4.36,3.65,2.92,737
60.639,16.60,0.12,1.28,0.42,3.63,0.00,737
60.655,16.68,0.09,1.32,4.30,3.62,2.86,737
60.672,16.65,0.11,1.27,0.45,3.60,0.00,736
60.689,16.67,0.10,1.25,4.44,3.60,2.99,735
60.705,16.67,0.12,1.27,0.44,3.56,0.00,733
60.722,16.66,0.10,1.25,4.34,3.59,2.89,731
60.739,16.67,0.11,1.28,0.43,3.57,0.00,731
60.755,16.67,0.10,1.26,4.38,3.54,2.89,727
60.772,16.67,0.11,1.28,0.45,3.52,0.00,724
60.789,16.66,0.11,1.26,4.38,3.50,2.93,722
60.805,16.68,0.10,1.25,0.44,3.51,0.00,717
60.822,16.65,0.10,0.94,4.41,3.08,2.94,707
60.839,16.68,0.11,0.96,0.44,3.05,0.00,707
60.855,16.67,0.11,0.94,4.38,3.03,2.92,703
60.872,16.66,0.12,0.96,0.46,3.01,0.00,702
60.889,16.66,0.11,0.95,4.47,3.03,2.97,702
60.905,16.68,0.11,0.94,0.41,3.02,0.00,700
60.922,16.67,0.10,0.91,4.42,3.01,2.92,698
60.939,16.66,0.11,0.90,0.46,3.00,0.00,693
60.955,16.67,0.10,0.89,4.54,3.00,3.01,691
60.972,16.67,0.11,0.90,0.47,2.97,0.00,689
60.989,16.67,0.10,0.86,4.40,2.99,2.90,687
61.005,16.67,0.11,0.90,0.42,2.96,0.00,654
61.022,16.66,0.10,0.89,4.39,2.92,2.91,649
61.039,16.67,0.11,0.89,0.43,2.90,0.00,647
61.055,16.67,0.11,0.87,4.28,2.89,2.83,645
61.072,16.66,0.11,0.89,0.44,2.89,0.00,644
61.089,16.67,0.10,0.88,4.45,2.87,2.95,641
61.105,16.67,0.11,0.89,0.41,2.86,0.00,637
61.122,16.68,0.09,0.86,4.39,2.84,2.89,635
61.139,16.66,0.11,0.88,0.41,2.82,0.00,633
61.155,16.67,0.10,0.84,4.50,2.83,3.02,628
61.172,16.67,0.11,0.89,0.44,2.82,0.00,625
61.189,16.67,0.10,0.84,4.42,2.79,2.94,623
61.205,16.67,0.10,0.89,0.42,2.79,0.00,618
61.222,16.70,0.14,1.10,4.68,2.77,3.20,670
61.239,16.64,0.15,1.11,0.46,3.67,0.00,662
61.255,16.67,0.15,1.08,4.38,3.66,2.91,651
61.272,16.67,0.14,0.84,0.42,3.63,0.00,621
61.289,16.66,0.15,0.81,4.42,3.59,2.93,617
61.305,16.67,0.15,0.84,0.42,3.58,0.00,618
61.322,16.67,0.15,0.84,4.38,3.58,2.94,617
61.339,16.67,0.16,0.85,0.44,3.61,0.00,619
61.355,16.66,0.14,0.83,4.33,3.62,2.88,626
61.372,16.67,0.15,0.87,0.46,3.65,0.00,623
61.389,16.67,0.15,0.85,4.36,3.65,2.89,626
61.405,16.66,0.15,0.86,0.42,3.66,0.00,625
61.422,16.67,0.14,0.84,4.31,3.67,2.87,623
61.439,16.67,0.15,0.86,0.42,3.66,0.00,623
61.455,16.67,0.14,0.83,4.31,3.65,2.87,622
61.472,16.66,0.14,0.86,0.41,3.64,0.00,621
61.489,16.67,0.14,0.84,4.44,3.62,2.99,622
61.505,16.67,0.14,0.86,0.41,3.64,0.00,622
61.522,16.67,0.14,0.84,4.31,3.63,2.88,619
61.539,16.67,0.15,0.85,0.41,3.62,0.00,616
61.555,16.67,0.12,0.85,4.33,3.62,2.89,612
61.572,16.67,0.12,0.84,0.43,3.61,0.00,610
61.589,16.66,0.12,0.85,4.48,3.62,2.96,609
61.605,16.67,0.12,0.85,0.41,3.61,0.00,612
61.622,16.71,0.10,0.83,4.39,3.61,2.92,611
61.639,16.62,0.12,0.84,0.45,3.01,0.00,608
61.655,16.67,0.11,0.81,4.35,3.01,2.89,607
61.672,16.65,0.12,0.85,0.43,3.00,0.00,608
61.689,16.70,0.10,0.83,4.42,3.02,2.92,608
61.705,16.63,0.12,0.84,0.42,3.02,0.00,606
61.722,16.67,0.11,0.82,4.39,3.01,2.91,603
61.739,16.68,0.11,0.84,0.41,3.01,0.00,605
61.755,16.75,0.10,0.82,4.49,3.00,3.00,607
61.772,16.66,0.10,0.86,0.48,3.03,0.00,608
61.789,16.59,0.11,0.84,4.41,3.02,2.90,608
61.805,16.67,0.12,0.83,0.41,3.02,0.00,607
61.822,16.66,0.11,0.85,4.45,3.02,2.93,606
61.839,16.68,0.12,0.85,0.48,3.00,0.00,608
61.855,16.65,0.10,0.82,4.39,3.03,2.91,608
61.872,16.68,0.11,0.83,0.41,3.04,0.00,609
61.889,16.67,0.12,0.83,4.41,3.03,2.92,611
61.905,16.70,0.10,0.85,0.45,3.02,0.00,611
61.922,16.63,0.10,0.85,4.54,3.02,3.05,612
61.939,16.67,0.11,0.84,0.43,3.05,0.00,612
61.955,16.66,0.10,0.80,4.38,3.03,2.91,613
61.972,16.67,0.11,0.83,0.42,3.04,0.00,611
61.989,16.66,0.09,0.82,4.40,3.03,2.93,611
62.005,16.68,0.11,0.83,0.42,3.04,0.00,611
62.022,16.67,0.11,0.81,4.45,3.02,2.99,612
62.039,16.66,0.11,0.84,0.42,3.04,0.00,612
62.055,16.73,0.08,0.63,3.73,3.04,2.58,613
62.072,16.58,0.04,0.35,0.24,3.01,0.00,613
62.089,16.68,0.04,0.28,3.55,3.01,2.09,615
62.105,16.68,0.09,0.62,0.33,3.01,0.00,616
62.122,16.67,0.10,0.81,4.42,3.02,2.94,611
62.139,16.68,0.12,0.83,0.45,3.02,0.00,612
62.155,16.67,0.09,0.82,4.41,3.01,2.94,612
62.172,16.66,0.11,0.83,0.40,3.00,0.00,611
62.189,16.67,0.10,0.82,4.44,2.99,2.93,615
62.205,16.66,0.11,0.81,0.42,3.02,0.00,617
62.222,16.67,0.11,0.80,4.35,3.02,2.87,618
62.239,16.68,0.12,0.83,0.40,3.00,0.00,618
62.255,16.66,0.11,0.82,4.39,3.00,2.92,618
62.272,16.66,0.11,0.82,0.41,2.99,0.00,619
62.289,16.70,0.09,0.79,4.41,3.02,2.96,617
62.305,16.64,0.11,0.83,0.41,3.02,0.00,614
62.322,16.67,0.10,0.81,4.33,2.98,2.89,616
62.339,16.67,0.11,0.84,0.45,2.97,0.00,615
62.355,16.72,0.07,0.57,4.03,2.94,2.57,618
62.372,16.62,0.11,0.77,0.43,2.94,0.00,621
62.389,16.66,0.24,0.88,4.47,2.95,2.94,693
62.405,16.67,0.12,0.94,0.47,3.15,0.00,708
62.422,16.68,0.09,0.91,4.42,3.30,2.94,708
62.439,16.65,0.11,0.94,0.43,3.29,0.00,707
62.455,16.67,0.11,0.90,4.43,3.29,2.94,707
62.472,16.67,0.12,0.93,0.43,3.31,0.00,705
62.489,16.67,0.10,0.90,4.37,3.29,2.91,706
62.505,16.66,0.11,0.93,0.45,3.29,0.00,705
62.522,16.67,0.10,0.91,4.36,3.28,2.92,702
62.539,16.67,0.10,0.95,0.44,3.28,0.00,702
62.555,16.68,0.09,0.91,4.48,3.30,2.99,701
62.572,16.65,0.11,0.94,0.43,3.29,0.00,702
62.589,16.67,0.10,0.93,4.42,3.28,2.94,701
62.605,16.67,0.11,0.95,0.48,3.27,0.00,700
62.622,16.73,0.10,0.93,4.41,3.26,2.94,698
62.639,16.61,0.12,0.90,0.49,3.29,0.00,695
62.655,16.68,0.11,0.88,4.46,3.28,2.93,692
62.672,16.67,0.11,0.90,0.47,3.27,0.00,690
62.689,16.66,0.10,0.87,4.36,3.26,2.90,680
62.705,16.67,0.11,0.89,0.42,3.25,0.00,676
62.722,16.67,0.10,0.84,4.32,3.24,2.88,675
62.739,16.75,0.10,0.86,0.45,2.99,0.00,675
62.755,16.58,0.11,0.83,4.31,2.98,2.88,672
62.772,16.67,0.11,0.86,0.43,2.99,0.00,671
62.789,16.71,0.12,0.87,4.48,2.97,2.97,670
62.805,16.65,0.12,0.85,0.41,2.97,0.00,670
62.822,16.64,0.10,0.83,4.51,2.99,3.03,672
62.839,16.68,0.10,0.86,0.45,2.98,0.00,673
62.855,16.67,0.10,0.85,4.44,2.96,2.94,675
62.872,16.66,0.11,0.87,0.41,2.97,0.00,675
62.889,16.68,0.12,0.86,4.42,2.96,2.92,675
62.905,16.66,0.11,0.87,0.41,2.98,0.00,675
62.922,16.67,0.10,0.85,4.36,2.97,2.90,677
62.939,16.67,0.11,0.87,0.41,2.96,0.00,676
62.955,16.67,0.10,0.83,4.33,2.95,2.86,673
62.972,16.68,0.11,0.86,0.43,2.95,0.00,673
62.989,16.68,0.10,0.84,4.40,2.95,2.91,672
63.005,16.65,0.11,0.85,0.41,2.95,0.00,670
63.022,16.67,0.11,0.83,4.35,2.95,2.89,670
63.039,16.67,0.11,0.87,0.43,2.94,0.00,668
63.055,16.66,0.10,0.86,4.42,2.93,2.93,665
63.072,16.68,0.12,0.87,0.45,2.92,0.00,664
63.089,16.66,0.11,0.86,4.58,2.93,3.11,664
63.105,16.67,0.12,0.89,0.47,2.93,0.00,662
63.122,16.67,0.10,0.87,4.40,2.91,2.92,662
63.139,16.75,0.10,0.89,0.45,2.90,0.00,659
63.156,16.66,0.11,0.89,4.44,2.89,2.92,656
63.172,16.60,0.11,0.86,0.44,2.91,0.00,654
63.189,16.67,0.09,0.69,4.47,2.89,2.96,653
63.205,16.65,0.11,0.69,0.44,2.90,0.00,651
63.222,16.67,0.10,0.67,4.39,2.89,2.92,647
63.239,16.68,0.11,0.67,0.44,2.88,0.00,643
63.255,16.68,0.10,0.69,4.54,2.88,3.01,641
63.272,16.65,0.10,0.68,0.45,2.87,0.00,639
63.289,16.66,0.11,0.70,4.55,2.86,3.02,638
63.305,16.68,0.12,0.69,0.45,2.86,0.00,636
63.322,16.66,0.10,0.66,4.44,2.85,2.94,633
63.339,16.69,0.11,0.70,0.43,2.85,0.00,631
63.355,16.65,0.11,0.68,4.60,2.86,3.08,629
63.372,16.68,0.12,0.71,0.50,2.85,0.00,627
63.389,16.66,0.10,0.66,4.50,2.84,2.96,624
63.405,16.67,0.10,0.69,0.42,2.83,0.00,623
63.422,16.67,0.14,0.69,4.54,2.82,3.01,622
63.439,16.67,0.11,0.69,0.55,2.83,0.00,622
63.455,16.67,0.11,0.70,4.50,2.83,2.98,618
63.472,16.66,0.11,0.70,0.43,2.82,0.00,615
63.489,16.67,0.10,0.68,4.43,2.82,2.95,610
63.505,16.67,0.14,0.99,0.43,2.81,0.00,651
63.522,16.66,0.13,1.00,4.59,3.63,3.12,652
63.539,16.67,0.13,1.01,0.45,3.62,0.00,650
63.555,16.66,0.11,0.98,4.34,3.62,2.90,649
63.572,16.67,0.12,1.00,0.42,3.61,0.00,643
63.589,16.67,0.12,0.98,4.38,3.60,2.91,642
63.605,16.67,0.12,1.00,0.43,3.61,0.00,643
63.622,16.75,0.11,1.01,4.43,3.62,2.97,643
63.639,16.61,0.13,1.02,0.46,3.62,0.00,639
63.655,16.65,0.12,1.01,4.35,3.61,2.89,633
63.672,16.67,0.13,1.03,0.44,3.62,0.00,632
63.689,16.66,0.12,1.01,4.34,3.64,2.89,634
63.705,16.67,0.12,1.01,0.44,3.65,0.00,631
63.722,16.66,0.12,1.03,4.39,3.65,2.90,629
63.739,16.66,0.12,1.02,0.43,3.65,0.00,629
63.755,16.68,0.11,1.01,4.36,3.65,2.89,627
63.772,16.66,0.12,1.02,0.41,3.69,0.00,629
63.789,16.67,0.11,1.00,4.31,3.69,2.87,627
63.806,16.69,0.12,1.03,0.40,3.68,0.00,629
63.822,16.66,0.10,1.03,4.36,3.68,2.89,627
63.839,16.66,0.12,1.02,0.46,3.68,0.00,628
63.856,16.69,0.13,1.05,4.48,3.70,2.96,629
63.872,16.65,0.10,1.03,0.45,3.70,0.00,628
63.889,16.66,0.11,1.05,4.49,3.69,3.01,627
63.905,16.67,0.11,1.04,0.41,3.70,0.00,626
63.922,16.66,0.11,1.00,4.42,3.11,2.93,630
63.939,16.67,0.11,1.03,0.40,3.20,0.00,630
63.955,16.66,0.11,1.02,4.42,3.21,2.93,627
63.972,16.67,0.10,1.01,0.42,3.21,0.00,644
63.989,16.66,0.11,1.02,4.40,3.24,2.92,647
64.006,16.67,0.11,1.04,0.46,3.25,0.00,649
64.022,16.67,0.10,1.00,4.40,3.23,2.93,650
64.039,16.67,0.11,1.04,0.42,3.24,0.00,653
64.056,16.76,0.10,1.04,4.35,3.23,2.89,653
64.072,16.58,0.11,1.04,0.45,3.24,0.00,657
64.089,16.67,0.11,1.02,4.34,3.24,2.90,660
64.106,16.67,0.11,1.01,0.44,3.27,0.00,661
64.122,16.66,0.11,1.02,4.38,3.27,2.91,663
64.139,16.67,0.11,1.01,0.40,3.28,0.00,663
64.156,16.66,0.11,1.03,4.44,3.28,2.98,664
64.172,16.66,0.11,1.02,0.43,3.29,0.00,663
64.189,16.67,0.10,1.00,4.34,3.32,2.89,665
64.206,16.67,0.11,1.02,0.43,3.32,0.00,665
64.222,16.70,0.09,1.01,4.43,3.32,2.97,667
64.239,16.64,0.12,1.03,0.45,3.31,0.00,668
64.256,16.67,0.10,0.99,4.43,3.31,2.96,669
64.272,16.67,0.11,1.02,0.41,3.36,0.00,670
64.289,16.68,0.09,0.99,4.38,3.36,2.90,671
64.306,16.66,0.11,1.02,0.41,3.35,0.00,671
64.322,16.66,0.10,1.01,4.40,3.35,2.91,669
64.339,16.68,0.11,1.02,0.43,3.35,0.00,668
64.356,16.65,0.10,0.91,4.42,3.39,2.93,669
64.372,16.67,0.10,0.91,0.40,3.38,0.00,668
64.389,16.69,0.23,1.04,4.47,3.38,2.93,702
64.406,16.65,0.11,1.05,0.45,3.52,0.00,707
64.422,16.66,0.11,1.04,4.51,3.59,3.02,706
64.439,16.68,0.11,1.05,0.44,3.61,0.00,707
64.456,16.66,0.11,1.03,4.45,3.59,2.94,708
64.472,16.67,0.11,1.03,0.43,3.59,0.00,704
64.489,16.66,0.11,1.00,4.37,3.59,2.89,703
64.506,16.67,0.11,1.05,0.44,3.59,0.00,702
64.522,16.67,0.10,1.00,4.41,3.60,2.93,699
64.539,16.67,0.12,1.03,0.41,3.60,0.00,700
64.556,16.66,0.11,1.04,4.38,3.59,2.88,699
64.572,16.68,0.11,1.03,0.44,3.59,0.00,700
64.589,16.66,0.11,1.03,4.42,3.57,2.92,700
64.606,16.70,0.12,1.04,0.47,3.60,0.00,699
64.622,16.64,0.11,1.04,4.47,3.57,2.97,696
64.639,16.67,0.10,0.99,0.38,3.57,0.00,697
64.656,16.68,0.12,1.05,4.53,3.56,3.01,698
64.672,16.65,0.17,1.31,0.46,3.56,0.00,745
64.689,16.67,0.15,1.28,4.66,4.39,3.18,747
64.706,16.68,0.16,1.32,0.47,4.37,0.00,745
64.722,16.68,0.15,1.32,4.48,4.36,2.96,743
64.739,16.64,0.16,1.32,0.44,4.35,0.00,743
64.756,16.67,0.15,1.31,4.32,4.34,2.86,742
64.772,16.74,0.14,1.33,0.43,4.32,0.00,743
64.789,16.60,0.15,1.30,4.33,4.32,2.87,743
64.806,16.67,0.16,1.33,0.45,4.31,0.00,742
64.822,16.67,0.15,1.31,4.40,4.32,2.92,740
64.839,16.72,0.15,1.34,0.46,4.32,0.00,738
64.856,16.65,0.15,1.32,4.52,4.34,2.96,736
64.872,16.66,0.14,1.37,0.45,4.33,0.00,731
64.889,16.68,0.11,1.30,4.43,4.32,2.94,729
64.906,16.64,0.13,1.33,0.45,4.28,0.00,722
64.922,16.67,0.12,1.29,4.33,4.29,2.85,722
64.939,16.68,0.13,1.32,0.44,4.35,0.00,722
64.956,16.66,0.13,1.32,4.48,4.33,2.97,721
64.972,16.67,0.13,1.31,0.44,4.32,0.00,705
64.989,16.66,0.12,1.32,4.34,4.29,2.84,705
65.006,16.67,0.12,1.32,0.43,4.28,0.00,705
65.022,16.67,0.11,1.28,4.31,3.84,2.85,705
65.039,16.68,0.12,1.35,0.44,3.83,0.00,706
65.056,16.65,0.12,1.32,4.40,3.82,2.92,707
65.072,16.67,0.12,1.32,0.44,3.82,0.00,705
65.089,16.67,0.12,1.28,4.34,3.24,2.86,706
65.106,16.67,0.13,1.31,0.47,3.27,0.00,707
65.122,16.66,0.11,1.28,4.41,3.24,2.92,706
65.139,16.67,0.12,1.32,0.44,3.24,0.00,706
65.156,16.66,0.11,1.30,4.40,3.23,2.92,704
65.172,16.67,0.12,1.33,0.44,3.22,0.00,701
65.189,16.67,0.11,1.30,4.41,3.25,2.93,700
65.206,16.67,0.12,1.34,0.45,3.24,0.00,697
65.222,16.68,0.10,1.30,4.55,3.24,3.07,698
65.239,16.66,0.12,1.31,0.44,3.23,0.00,697
65.256,16.65,0.16,1.50,4.79,3.22,3.32,712
65.272,16.68,0.15,1.45,0.43,3.26,0.00,712
65.289,16.66,0.14,1.41,4.34,3.27,2.88,711
65.306,16.66,0.14,1.44,0.42,3.27,0.00,710
65.322,16.70,0.13,1.45,4.33,3.28,2.87,706
65.339,16.64,0.13,1.46,0.42,3.30,0.00,706
65.356,16.67,0.12,1.45,4.39,3.33,2.90,704
65.372,16.67,0.12,1.46,0.44,3.32,0.00,701
65.389,16.66,0.12,1.44,4.46,3.33,2.94,696
65.406,16.66,0.06,0.71,0.32,3.32,0.00,694
65.422,16.66,0.05,0.45,2.43,3.32,1.84,692
65.439,16.70,0.12,1.43,0.48,3.37,0.00,686
65.456,16.67,0.11,1.44,4.58,3.37,3.01,681
65.472,16.67,0.11,1.18,0.47,3.36,0.00,659
65.489,16.66,0.12,1.16,4.49,3.35,3.02,660
65.506,16.67,0.13,1.17,0.45,3.37,0.00,658
65.522,16.67,0.12,1.18,4.59,3.40,3.02,658
65.539,16.67,0.13,1.19,0.52,3.41,0.00,661
65.556,16.69,0.12,1.17,4.54,3.41,3.00,660
65.572,16.64,0.12,1.18,0.45,3.42,0.00,660
65.589,16.66,0.11,1.15,4.45,3.42,2.96,661
65.606,16.67,0.11,1.19,0.46,3.46,0.00,662
65.622,16.68,0.10,1.15,4.47,3.45,2.94,664
65.639,16.65,0.12,1.18,0.44,3.46,0.00,667
65.656,16.67,0.11,1.15,4.40,3.46,2.90,668
65.672,16.67,0.12,1.18,0.41,3.46,0.00,669
65.689,16.67,0.11,1.16,4.42,3.50,2.93,669
65.706,16.66,0.11,1.16,0.45,3.50,0.00,673
65.722,16.67,0.11,1.13,4.31,3.50,2.86,673
65.739,16.67,0.11,1.16,0.43,3.50,0.00,673
65.756,16.67,0.11,1.13,4.39,3.50,2.95,678
65.772,16.66,0.11,1.16,0.42,3.53,0.00,679
65.789,16.67,0.12,1.12,4.34,3.52,2.89,678
65.806,16.68,0.11,1.17,0.43,3.53,0.00,682
65.822,16.66,0.11,1.14,4.36,3.53,2.87,683
65.839,16.67,0.11,1.15,0.48,3.51,0.00,685
65.856,16.67,0.11,1.13,4.37,3.56,2.87,685
65.872,16.66,0.11,1.15,0.46,3.56,0.00,688
65.889,16.67,0.10,1.11,4.28,3.58,2.80,692
65.906,16.68,0.11,1.13,0.49,3.58,0.00,693
65.922,16.66,0.11,1.15,4.36,3.58,2.87,694
65.939,16.67,0.10,1.11,0.43,3.60,0.00,694
65.956,16.66,0.10,1.14,4.35,3.60,2.86,695
65.972,16.68,0.11,1.18,0.44,3.60,0.00,697
65.989,16.66,0.11,1.18,4.37,3.59,2.90,696
66.006,16.81,0.10,1.17,0.48,3.58,0.00,695
66.022,16.53,0.11,1.18,4.52,3.60,3.04,696
66.039,16.67,0.10,1.18,0.43,3.61,0.00,696
66.056,16.67,0.10,1.12,4.42,3.60,2.90,694
66.072,16.67,0.11,1.16,0.47,3.60,0.00,693
66.089,16.67,0.10,1.14,4.47,3.59,2.91,689
66.106,16.72,0.09,1.14,0.50,3.62,0.00,685
66.122,16.62,0.11,1.11,4.45,3.60,2.93,683
66.139,16.67,0.10,1.14,0.42,3.60,0.00,673
66.156,16.67,0.11,1.12,4.45,3.59,2.93,669
66.172,16.67,0.11,1.12,0.42,3.58,0.00,668
66.189,16.67,0.11,1.08,4.39,3.25,2.91,665
66.206,16.67,0.10,1.13,0.43,3.23,0.00,668
66.222,16.69,0.09,1.10,4.36,3.23,2.89,669
66.239,16.64,0.11,1.12,0.43,3.22,0.00,669
66.256,16.67,0.11,1.08,4.40,3.19,2.92,668
66.272,16.68,0.11,1.09,0.42,3.24,0.00,670
66.289,16.67,0.09,1.10,4.43,3.23,2.98,672
66.306,16.66,0.11,1.11,0.42,3.22,0.00,673
66.322,16.68,0.09,1.08,4.32,3.21,2.85,674
66.339,16.66,0.11,1.11,0.42,3.20,0.00,676
66.356,16.66,0.09,1.02,4.48,3.23,2.99,675
66.372,16.67,0.11,1.05,0.44,3.22,0.00,677
66.389,16.66,0.24,1.13,4.42,3.20,2.92,710
66.406,16.67,0.11,1.16,0.46,3.39,0.00,722
66.422,16.68,0.12,1.12,4.43,3.51,2.93,721
66.439,16.65,0.10,1.15,0.45,3.53,0.00,721
66.456,16.67,0.10,1.12,4.35,3.51,2.86,718
66.472,16.69,0.10,1.18,0.52,3.50,0.00,719
66.489,16.68,0.12,1.17,4.49,3.48,2.97,718
66.506,16.63,0.11,1.16,0.46,3.47,0.00,717
66.522,16.67,0.11,1.13,4.44,3.48,2.96,717
66.539,16.68,0.11,1.15,0.41,3.47,0.00,717
66.556,16.67,0.09,1.13,4.48,3.46,2.99,718
66.572,16.65,0.11,1.16,0.46,3.43,0.00,718
66.589,16.67,0.10,1.12,4.37,3.42,2.89,717
66.606,16.67,0.10,1.16,0.46,3.40,0.00,713
66.622,16.75,0.10,1.16,4.49,3.40,2.96,710
66.639,16.58,0.11,0.89,0.43,3.38,0.00,707
66.656,16.67,0.11,0.86,4.40,3.35,2.91,707
66.672,16.67,0.11,0.89,0.41,3.34,0.00,705
66.689,16.67,0.11,0.88,4.41,3.31,2.92,704
66.706,16.70,0.10,0.88,0.47,3.32,0.00,703
66.722,16.64,0.09,0.80,4.45,3.29,2.93,686
66.739,16.67,0.11,0.84,0.45,3.27,0.00,683
66.756,16.66,0.10,0.77,4.36,3.25,2.87,677
66.772,16.68,0.11,0.80,0.41,2.87,0.00,674
66.789,16.66,0.10,0.78,4.35,2.87,2.89,673
66.806,16.68,0.11,0.81,0.41,2.86,0.00,670
66.822,16.65,0.10,0.78,4.48,2.85,2.99,670
66.839,16.67,0.11,0.82,0.40,2.84,0.00,666
66.856,16.66,0.11,0.82,4.47,2.82,2.98,665
66.872,16.67,0.11,0.81,0.42,2.85,0.00,663
66.889,16.68,0.09,0.79,4.37,2.84,2.91,663
66.906,16.67,0.10,0.83,0.43,2.83,0.00,656
66.922,16.71,0.07,0.64,4.26,2.81,2.80,653
66.939,16.60,0.07,0.60,0.33,2.81,0.00,652
66.956,16.73,0.07,0.60,4.10,2.83,2.60,652
66.972,16.61,0.07,0.61,0.33,2.81,0.00,648
66.989,16.66,0.07,0.58,4.18,2.81,2.70,645
67.006,16.69,0.07,0.60,0.35,2.79,0.00,640
67.022,16.66,0.11,0.82,4.49,2.80,2.97,638
67.039,16.66,0.10,0.79,0.43,2.81,0.00,636
67.056,16.67,0.10,0.76,4.39,2.80,2.92,633
67.072,16.67,0.11,0.81,0.42,2.79,0.00,631
67.089,16.66,0.10,0.80,4.54,2.79,3.05,628
67.106,16.67,0.11,0.81,0.41,2.78,0.00,624
67.122,16.67,0.10,0.79,4.42,2.79,2.94,619
67.139,16.67,0.10,0.80,0.40,2.79,0.00,609
67.156,16.66,0.10,0.85,4.42,2.78,2.92,608
67.172,16.67,0.11,0.81,0.41,2.78,0.00,609
67.189,16.67,0.10,0.75,4.38,2.78,2.92,602
67.206,16.67,0.10,0.78,0.39,2.80,0.00,593
67.222,16.66,0.10,0.63,4.40,2.80,2.94,557
67.239,16.67,0.10,0.64,0.45,2.76,0.00,557
67.256,16.69,0.09,0.61,4.42,2.76,2.93,554
67.272,16.64,0.14,0.88,0.42,2.76,0.00,602
67.289,16.67,0.11,0.84,5.06,3.67,3.62,597
67.306,16.67,0.12,0.88,0.41,3.65,0.00,590
67.322,16.67,0.12,0.86,4.43,3.64,2.94,586
67.339,16.67,0.11,0.87,0.42,3.63,0.00,583
67.356,16.66,0.12,0.83,4.57,3.62,3.10,579
67.372,16.69,0.12,0.88,0.43,3.68,0.00,577
67.389,16.64,0.12,0.86,4.36,3.69,2.92,622
67.406,16.68,0.12,0.89,0.41,3.73,0.00,621
67.422,16.68,0.12,0.88,4.46,3.73,2.95,621
67.439,16.66,0.12,0.89,0.43,3.73,0.00,618
67.456,16.66,0.12,0.85,4.42,3.65,2.94,613
67.472,16.67,0.12,0.90,0.40,3.65,0.00,608
67.489,16.67,0.11,0.88,4.42,3.64,2.93,607
67.506,16.68,0.12,0.88,0.44,3.64,0.00,602
67.522,16.66,0.11,0.85,4.42,3.62,2.93,595
67.539,16.67,0.11,0.88,0.42,3.63,0.00,599
67.556,16.66,0.11,0.88,4.38,3.62,2.90,595
67.572,16.67,0.11,0.89,0.42,3.61,0.00,587
67.589,16.67,0.11,0.85,4.34,3.59,2.89,579
67.606,16.67,0.11,0.89,0.42,3.57,0.00,576
67.623,16.75,0.10,0.87,4.53,3.57,3.02,562
67.639,16.59,0.12,0.88,0.42,3.53,0.00,534
67.656,16.69,0.09,0.85,4.39,3.49,2.93,494
67.672,16.65,0.12,0.88,0.42,3.43,0.00,367
67.689,16.66,0.11,0.83,4.40,2.65,2.93,366
67.706,16.67,0.11,0.87,0.41,2.66,0.00,366
67.722,16.66,0.10,0.84,4.34,2.65,2.88,364
67.739,16.69,0.10,0.89,0.49,2.66,0.00,364
67.756,16.64,0.09,0.86,4.39,2.64,2.93,362
67.772,16.66,0.11,0.88,0.40,2.63,0.00,362
67.789,16.68,0.11,0.84,4.33,2.69,2.90,361
67.806,16.66,0.10,0.87,0.43,2.66,0.00,359
67.822,16.67,0.10,0.84,4.33,2.66,2.89,359
67.839,16.68,0.11,0.87,0.42,2.66,0.00,359
67.856,16.66,0.11,0.83,4.38,2.65,2.91,359
67.872,16.67,0.11,0.87,0.42,2.68,0.00,358
67.889,16.67,0.10,0.83,4.45,2.67,2.99,358
67.906,16.67,0.10,0.87,0.40,2.69,0.00,357
67.923,16.67,0.11,0.85,4.38,2.68,2.90,355
67.939,16.68,0.11,0.87,0.42,2.67,0.00,355
67.956,16.66,0.10,0.82,4.37,2.70,2.90,353
67.973,16.66,0.11,0.86,0.41,2.71,0.00,352
67.989,16.67,0.10,0.83,4.33,2.70,2.90,350
68.006,16.71,0.10,0.86,0.48,2.70,0.00,350
68.023,16.63,0.11,0.84,4.46,2.70,2.97,350
68.039,16.67,0.11,0.86,0.43,2.74,0.00,349
68.056,16.69,0.09,0.85,4.41,2.73,2.94,349
68.073,16.64,0.11,0.83,0.39,2.74,0.00,347
68.089,16.67,0.10,0.85,4.37,2.75,2.89,346
68.106,16.67,0.10,0.82,0.41,2.75,0.00,346
68.123,16.67,0.11,0.85,4.43,2.77,2.94,345
68.139,16.67,0.10,0.86,0.40,2.78,0.00,345
68.156,16.67,0.10,0.83,4.45,2.77,2.99,344
68.173,16.67,0.11,0.86,0.43,2.76,0.00,343
68.189,16.67,0.11,0.83,4.40,2.77,2.94,343
68.206,16.67,0.10,0.85,0.40,2.81,0.00,341
68.223,16.67,0.09,0.80,4.37,2.79,2.90,338
68.239,16.67,0.10,0.86,0.42,2.78,0.00,337
68.256,16.66,0.10,0.83,4.41,2.75,2.93,337
68.273,16.72,0.09,0.89,0.39,2.75,0.00,335
68.289,16.62,0.10,0.81,4.38,2.76,2.92,333
68.306,16.66,0.10,0.83,0.39,2.74,0.00,333
68.323,16.67,0.10,0.80,4.34,2.74,2.90,333
68.339,16.67,0.10,0.85,0.40,2.75,0.00,333
68.356,16.67,0.10,0.74,4.37,2.74,2.92,333
68.373,16.67,0.10,0.78,0.42,2.74,0.00,333
68.389,16.67,0.23,0.84,4.37,2.74,2.91,348
68.406,16.67,0.10,0.88,0.39,2.80,0.00,355
68.423,16.67,0.10,0.87,4.51,2.90,3.02,354
68.439,16.65,0.10,0.90,0.41,2.89,0.00,353
68.456,16.68,0.11,0.87,4.40,2.90,2.93,353
68.473,16.68,0.11,0.89,0.42,2.88,0.00,352
68.489,16.67,0.11,0.87,4.42,2.86,2.92,352
68.506,16.65,0.11,0.88,0.42,2.84,0.00,350
68.523,16.67,0.10,0.85,4.31,2.83,2.88,349
68.539,16.67,0.19,0.89,0.41,2.86,0.00,352
68.556,16.67,0.10,0.86,4.46,2.86,3.03,443
68.573,16.67,0.11,0.91,0.43,2.92,0.00,465
68.589,16.67,0.10,0.88,4.36,2.93,2.90,482
68.606,16.67,0.11,0.90,0.40,2.96,0.00,481
68.623,16.75,0.10,0.89,4.50,2.99,2.98,481
68.639,16.58,0.11,0.92,0.40,2.98,0.00,477
68.656,16.73,0.10,0.90,4.44,2.97,2.94,460
68.673,16.61,0.11,0.91,0.47,2.96,0.00,460
68.689,16.66,0.11,0.87,4.50,2.97,3.04,456
68.706,16.67,0.12,0.90,0.42,2.98,0.00,453
68.723,16.67,0.11,0.86,4.36,2.99,2.91,453
68.739,16.67,0.11,0.89,0.41,2.98,0.00,452
68.756,16.67,0.11,0.86,4.38,2.98,2.91,452
68.773,16.68,0.10,0.89,0.42,2.99,0.00,442
68.789,16.65,0.10,0.85,4.39,2.64,2.93,441
68.806,16.68,0.10,0.89,0.38,2.64,0.00,440
68.823,16.67,0.09,0.86,4.34,2.63,2.89,426
68.839,16.67,0.10,0.88,0.40,2.62,0.00,424
68.856,16.66,0.10,0.84,4.37,2.61,2.92,413
68.873,16.70,0.11,0.87,0.43,2.63,0.00,411
68.889,16.66,0.09,0.84,4.36,2.62,2.91,411
68.906,16.64,0.10,0.88,0.39,2.62,0.00,410
68.923,16.69,0.11,0.87,4.48,2.61,2.97,408
68.939,16.66,0.11,0.90,0.40,2.61,0.00,405
68.956,16.67,0.10,0.87,4.55,2.63,3.07,405
68.973,16.66,0.10,0.89,0.42,2.62,0.00,404
68.989,16.69,0.08,0.85,4.32,2.61,2.90,403
69.006,16.66,0.10,0.88,0.38,2.61,0.00,378
69.023,16.68,0.12,1.13,4.53,2.59,3.08,400
69.039,16.65,0.12,1.15,0.42,3.33,0.00,476
69.056,16.67,0.11,1.12,4.36,3.42,2.88,501
69.073,16.66,0.11,1.16,0.40,3.47,0.00,516
69.089,16.67,0.11,1.13,4.32,3.48,2.87,532
69.106,16.67,0.12,1.18,0.43,3.51,0.00,545
69.123,16.67,0.12,1.17,4.43,3.50,2.94,554
69.139,16.68,0.12,1.19,0.43,3.53,0.00,563
69.156,16.74,0.11,1.21,4.48,3.56,2.95,567
69.173,16.60,0.14,1.25,0.50,3.57,0.00,570
69.189,16.74,0.09,0.90,4.15,3.59,2.63,574
69.206,16.61,0.12,1.23,0.43,3.64,0.00,582
69.223,16.64,0.11,1.20,4.56,3.65,3.02,579
69.239,16.69,0.11,1.01,0.42,3.65,0.00,574
69.256,16.65,0.11,0.98,4.38,3.66,2.89,579
69.273,16.66,0.12,1.00,0.44,3.66,0.00,586
69.289,16.67,0.12,1.02,4.44,3.68,2.93,593
69.306,16.67,0.11,1.01,0.44,3.70,0.00,593
69.323,16.66,0.11,1.00,4.38,3.71,2.91,600
69.339,16.67,0.11,1.02,0.43,3.73,0.00,604
69.356,16.67,0.11,0.98,4.35,3.71,2.88,607
69.373,16.67,0.12,1.03,0.47,3.76,0.00,609
69.389,16.66,0.11,0.99,4.37,3.74,2.91,612
69.406,16.67,0.11,1.03,0.42,3.76,0.00,614
69.423,16.68,0.11,1.01,4.44,3.78,2.93,617
69.439,16.66,0.11,1.04,0.42,3.19,0.00,618
69.456,16.66,0.11,1.00,4.43,3.21,2.95,618
69.473,16.67,0.11,1.03,0.40,3.22,0.00,617
69.489,16.68,0.10,1.01,4.55,3.23,3.01,619
69.506,16.65,0.11,1.03,0.43,3.22,0.00,622
69.523,16.66,0.11,0.98,4.42,3.24,2.95,624
69.539,16.68,0.11,1.01,0.42,3.27,0.00,623
69.556,16.67,0.11,1.02,4.45,3.26,2.95,622
69.573,16.67,0.11,1.04,0.43,3.26,0.00,619
69.589,16.75,0.09,0.99,4.38,3.28,2.89,618
69.606,16.61,0.11,1.04,0.46,3.25,0.00,621
69.623,16.63,0.11,1.01,4.47,3.32,2.97,621
69.639,16.68,0.12,1.04,0.44,3.33,0.00,647
69.656,16.68,0.10,1.03,3.73,3.37,2.52,650
69.673,16.70,0.12,1.04,0.48,3.38,0.00,653
69.689,16.62,0.11,0.99,4.43,3.39,2.96,655
69.706,16.67,0.11,1.03,0.44,3.42,0.00,656
69.723,16.69,0.09,0.99,4.42,3.43,2.93,656
69.739,16.66,0.11,1.01,0.42,3.44,0.00,659
69.756,16.67,0.10,1.02,4.45,3.44,2.98,659
69.773,16.66,0.10,1.02,0.50,3.46,0.00,658
69.789,16.68,0.11,1.03,4.57,3.47,3.00,658
69.806,16.67,0.11,1.03,0.49,3.48,0.00,660
69.823,16.66,0.11,1.03,4.53,3.47,3.00,663
69.839,16.69,0.10,1.03,0.50,3.48,0.00,662
69.856,16.65,0.11,1.03,4.49,3.49,2.94,663
69.873,16.69,0.11,1.00,0.47,3.52,0.00,661
69.890,16.83,0.10,0.97,4.50,3.51,2.97,662
69.906,16.49,0.11,1.02,0.50,3.52,0.00,661
69.923,16.73,0.10,1.01,4.52,3.52,2.99,659
69.939,16.63,0.11,0.99,0.51,3.52,0.00,660
69.956,16.63,0.11,1.01,4.48,3.56,2.96,660
69.973,16.68,0.11,1.02,0.48,3.55,0.00,660
69.989,16.67,0.11,1.01,4.59,3.54,3.02,661
70.006,16.66,0.11,1.02,0.51,3.55,0.00,664
70.023,16.67,0.08,0.82,4.62,3.53,3.07,664
70.039,16.67,0.10,1.00,0.51,3.55,0.00,665
70.056,16.67,0.11,1.02,4.61,3.54,3.07,666
70.073,16.70,0.10,1.00,0.50,3.55,0.00,666
70.089,16.70,0.07,0.75,4.52,3.53,3.01,669
70.106,16.61,0.11,1.00,0.50,3.52,0.00,669
70.123,16.66,0.11,1.00,4.49,3.53,2.97,670
70.139,16.67,0.12,1.00,0.50,3.52,0.00,667
70.156,16.66,0.11,1.03,4.62,3.52,3.04,667
70.173,16.68,0.09,1.00,0.50,3.49,0.00,667
70.189,16.65,0.07,0.74,4.13,3.48,2.62,668
70.206,16.67,0.08,0.77,0.44,3.49,0.00,670
70.223,16.66,0.07,0.73,4.30,3.48,2.81,670
70.239,16.72,0.09,0.73,0.39,3.48,0.00,670
70.256,16.64,0.07,0.73,4.46,3.44,2.91,669
70.273,16.65,0.09,0.74,0.38,3.45,0.00,668
70.289,16.73,0.07,0.74,4.30,3.44,2.76,669
70.306,16.60,0.08,0.77,0.40,3.42,0.00,665
70.323,16.67,0.08,0.76,4.26,3.42,2.72,664
70.339,16.68,0.07,0.75,0.39,3.41,0.00,665
70.356,16.67,0.11,0.90,4.50,3.40,2.97,661
70.373,16.68,0.09,0.89,0.53,3.40,0.00,660
70.389,16.64,0.25,0.73,4.35,3.38,2.87,678
70.406,16.68,0.07,0.74,0.46,3.55,0.00,683
70.423,16.66,0.07,0.75,4.86,3.64,3.35,679
70.439,16.66,0.09,0.75,0.43,3.63,0.00,676
70.456,16.68,0.11,0.96,4.57,3.62,3.02,674
70.473,16.68,0.10,1.00,0.52,3.61,0.00,672
70.489,16.66,0.10,1.03,4.55,3.59,2.99,668
70.506,16.66,0.10,0.98,0.48,3.56,0.00,666
70.523,16.67,0.11,0.97,4.61,3.55,3.06,661
70.539,16.66,0.11,0.96,0.46,3.17,0.00,661
70.556,16.70,0.10,0.95,4.65,3.15,3.10,660
70.573,16.64,0.11,0.94,0.44,3.12,0.00,639
70.589,16.65,0.10,0.94,4.42,3.06,2.92,639
70.606,16.69,0.11,0.94,0.41,3.06,0.00,633
70.623,16.73,0.09,0.94,4.40,3.05,2.88,629
70.639,16.58,0.07,0.71,0.32,3.04,0.00,626
70.656,16.72,0.07,0.69,4.08,3.01,2.59,625
70.673,16.67,0.07,0.72,0.35,3.01,0.00,625
70.689,16.61,0.07,0.71,4.07,3.00,2.61,622
70.706,16.72,0.09,0.93,0.44,3.00,0.00,621
70.723,16.63,0.11,0.95,4.45,2.99,2.95,620
70.739,16.66,0.10,0.94,0.41,2.99,0.00,618
70.756,16.67,0.10,0.90,4.36,2.95,2.91,617
70.773,16.75,0.09,0.94,0.43,2.97,0.00,613
70.789,16.59,0.09,0.89,4.28,2.97,2.83,610
70.806,16.67,0.11,0.95,0.44,2.95,0.00,609
70.823,16.67,0.08,0.91,4.50,2.96,3.02,610
70.839,16.66,0.10,0.96,0.44,2.94,0.00,607
70.856,16.67,0.10,0.89,4.28,2.93,2.84,606
70.873,16.78,0.09,0.91,0.42,2.93,0.00,600
70.889,16.61,0.07,0.67,3.96,2.92,2.54,600
70.906,16.67,0.07,0.69,0.35,2.91,0.00,595
70.923,16.67,0.06,0.67,3.61,2.88,2.52,592
70.939,16.68,0.07,0.68,0.33,2.88,0.00,589
70.956,16.65,0.06,0.68,4.19,2.90,2.74,582
70.973,16.63,0.09,0.71,0.38,2.88,0.00,571
70.989,16.65,0.06,0.46,4.09,2.86,2.60,503
71.006,16.67,0.07,0.49,0.31,2.80,0.00,503
71.023,16.68,0.09,0.68,4.46,2.79,3.00,552
71.039,16.66,0.08,0.71,0.32,3.70,0.00,548
71.056,16.75,0.11,0.94,4.41,3.68,2.93,548
71.073,16.60,0.12,0.94,0.43,3.67,0.00,548
71.089,16.67,0.11,0.91,4.48,3.67,3.00,551
71.106,16.68,0.12,0.95,0.43,3.66,0.00,550
71.123,16.66,0.12,0.96,4.39,3.67,2.90,546
71.139,16.69,0.12,0.96,0.40,3.65,0.00,545
71.156,16.65,0.11,0.93,4.36,3.65,2.90,545
71.173,16.67,0.12,0.94,0.44,3.65,0.00,546
71.189,16.67,0.12,0.91,4.40,3.64,2.91,548
71.206,16.69,0.11,0.95,0.47,3.66,0.00,546
71.223,16.68,0.12,0.95,4.51,3.65,2.99,547
71.239,16.64,0.12,0.94,0.41,3.65,0.00,547
71.256,16.67,0.11,0.91,4.46,3.64,2.96,547
71.273,16.68,0.12,0.95,0.42,3.62,0.00,548
71.289,16.67,0.12,0.91,4.37,3.71,2.89,544
71.306,16.66,0.11,0.94,0.41,3.69,0.00,544
71.323,16.67,0.12,0.91,4.41,3.71,2.93,592
71.339,16.67,0.12,0.95,0.42,3.77,0.00,595
71.356,16.67,0.12,0.91,4.48,3.77,3.01,597
71.373,16.68,0.11,0.96,0.43,3.77,0.00,597
71.389,16.65,0.11,0.91,4.42,3.76,2.94,598
71.406,16.67,0.11,0.93,0.43,3.78,0.00,600
71.423,16.68,0.11,0.90,4.37,3.77,2.92,598
71.439,16.66,0.11,0.94,0.45,3.20,0.00,599
71.456,16.67,0.09,0.90,4.33,3.24,2.88,599
71.473,16.67,0.11,0.93,0.43,3.24,0.00,600
71.489,16.68,0.10,0.90,4.31,3.24,2.87,601
71.506,16.66,0.11,0.93,0.41,3.25,0.00,604
71.523,16.66,0.11,0.93,4.38,3.25,2.91,605
71.539,16.66,0.11,0.94,0.41,3.28,0.00,604
71.556,16.69,0.09,0.90,4.38,3.28,2.92,603
71.573,16.65,0.11,0.93,0.40,3.27,0.00,604
71.589,16.68,0.11,0.91,4.35,3.29,2.91,603
71.606,16.66,0.11,0.92,0.42,3.29,0.00,607
71.623,16.74,0.09,0.92,4.52,3.32,3.03,606
71.639,16.59,0.11,0.94,0.43,3.32,0.00,608
71.656,16.67,0.10,0.89,4.36,3.32,2.90,610
71.673,16.81,0.09,0.92,0.43,3.34,0.00,611
71.690,16.53,0.11,0.92,4.45,3.34,2.94,612
71.706,16.66,0.11,0.92,0.42,3.36,0.00,612
71.723,16.66,0.10,0.88,4.38,3.36,2.91,610
71.739,16.67,0.10,0.92,0.41,3.37,0.00,611
71.756,16.67,0.10,0.89,4.40,3.38,2.93,613
71.773,16.67,0.11,0.92,0.41,3.38,0.00,614
71.790,16.67,0.10,0.88,4.33,3.41,2.86,614
71.806,16.67,0.11,0.91,0.42,3.41,0.00,617
71.823,16.67,0.10,0.88,4.31,3.41,2.88,617
71.840,16.68,0.11,0.92,0.43,3.42,0.00,618
71.856,16.65,0.10,0.87,4.29,3.40,2.86,616
71.873,16.66,0.10,0.91,0.41,3.44,0.00,617
71.890,16.68,0.10,0.88,4.47,3.41,3.01,616
71.906,16.75,0.09,0.91,0.43,3.42,0.00,615
71.923,16.64,0.10,0.89,4.43,3.41,2.93,614
71.940,16.76,0.10,0.91,0.48,3.40,0.00,615
71.956,16.52,0.11,0.90,4.46,3.42,2.96,617
71.973,16.67,0.10,0.90,0.41,3.43,0.00,622
71.990,16.68,0.09,0.87,4.37,3.42,2.90,623
72.006,16.65,0.11,0.92,0.41,3.42,0.00,622
72.023,16.67,0.10,0.86,4.40,3.41,2.93,623
72.040,16.68,0.10,0.90,0.43,3.44,0.00,626
72.056,16.66,0.11,0.89,4.42,3.42,2.92,624
72.073,16.66,0.10,0.90,0.41,3.41,0.00,623
72.090,16.67,0.10,0.87,4.38,3.42,2.91,623
72.106,16.66,0.10,0.89,0.40,3.39,0.00,622
72.123,16.67,0.10,0.85,4.32,3.43,2.83,625
72.140,16.68,0.10,0.90,0.43,3.41,0.00,625
72.156,16.66,0.10,0.89,4.48,3.39,3.01,625
72.173,16.67,0.11,0.89,0.40,3.38,0.00,626
72.190,16.66,0.10,0.86,4.34,3.37,2.88,625
72.206,16.68,0.11,0.90,0.41,3.39,0.00,627
72.223,16.70,0.10,0.90,4.45,3.37,2.92,626
72.240,16.64,0.10,0.88,0.42,3.35,0.00,624
72.256,16.67,0.10,0.88,4.35,3.31,2.89,626
72.273,16.66,0.10,0.89,0.41,3.31,0.00,625
72.290,16.67,0.10,0.83,4.34,3.32,2.89,625
72.306,16.66,0.10,0.88,0.41,3.31,0.00,626
72.323,16.69,0.09,0.84,4.31,3.29,2.88,623
72.340,16.65,0.10,0.88,0.42,3.29,0.00,620
72.356,16.68,0.10,0.79,4.32,3.27,2.89,618
72.373,16.66,0.10,0.83,0.43,3.29,0.00,616
72.390,16.68,0.24,0.86,4.36,3.27,2.91,636
72.406,16.67,0.11,0.89,0.42,3.37,0.00,636
72.423,16.66,0.09,0.85,4.44,3.45,2.98,633
72.440,16.68,0.10,0.89,0.44,3.43,0.00,630
72.456,16.65,0.10,0.85,4.35,3.44,2.90,624
72.473,16.69,0.09,0.88,0.43,3.43,0.00,619
72.490,16.66,0.10,0.86,4.31,3.40,2.87,610
72.506,16.65,0.10,0.88,0.41,3.39,0.00,598
72.523,16.67,0.10,0.81,4.31,3.38,2.87,593
72.540,16.67,0.10,0.86,0.42,2.98,0.00,593
72.556,16.67,0.09,0.82,4.27,2.99,2.85,590
72.573,16.67,0.09,0.84,0.40,2.97,0.00,586
72.590,16.75,0.09,0.83,4.31,2.97,2.87,582
72.606,16.59,0.10,0.84,0.41,2.95,0.00,577
72.623,16.75,0.08,0.80,4.32,2.97,2.88,576
72.640,16.59,0.10,0.84,0.44,2.94,0.00,571
72.656,16.69,0.09,0.80,4.35,2.95,2.90,566
72.673,16.66,0.11,0.84,0.43,2.94,0.00,562
72.690,16.65,0.11,0.83,4.51,2.92,3.01,555
72.706,16.67,0.10,0.84,0.43,2.95,0.00,554
72.723,16.67,0.09,0.81,4.30,2.93,2.86,552
72.740,16.75,0.09,0.84,0.45,2.93,0.00,548
72.756,16.59,0.10,0.82,4.32,2.90,2.89,544
72.773,16.66,0.10,0.82,0.42,2.91,0.00,539
72.790,16.75,0.08,0.79,4.27,2.90,2.85,538
72.806,16.59,0.10,0.83,0.42,2.89,0.00,533
72.823,16.67,0.09,0.79,4.31,2.89,2.89,530
72.840,16.67,0.11,0.82,0.46,2.88,0.00,522
72.856,16.67,0.09,0.79,4.35,2.86,2.92,518
72.873,16.67,0.10,0.83,0.42,2.86,0.00,518
72.890,16.67,0.10,0.79,4.36,2.85,2.90,516
72.906,16.66,0.10,0.82,0.41,2.83,0.00,512
72.923,16.67,0.09,0.78,4.26,2.81,2.84,508
72.940,16.68,0.13,1.04,0.46,2.81,0.00,558
72.956,16.66,0.11,1.01,4.60,3.66,3.16,557
72.973,16.66,0.12,1.05,0.43,3.64,0.00,553
72.990,16.67,0.11,0.80,4.39,3.63,2.92,539
73.006,16.66,0.12,0.81,0.41,3.60,0.00,537
73.023,16.70,0.11,0.80,4.41,3.59,2.92,537
73.040,16.65,0.12,0.83,0.40,3.60,0.00,537
73.056,16.75,0.11,0.82,4.28,3.60,2.82,537
73.073,16.58,0.12,0.84,0.42,3.61,0.00,543
73.090,16.66,0.12,0.80,4.34,3.62,2.86,546
73.106,16.69,0.12,0.85,0.40,3.64,0.00,545
73.123,16.65,0.12,0.81,4.38,3.63,2.90,545
73.140,16.68,0.12,0.82,0.42,3.63,0.00,547
73.156,16.66,0.12,0.83,4.39,3.61,2.93,547
73.173,16.66,0.12,0.84,0.40,3.61,0.00,546
73.190,16.68,0.11,0.81,4.41,3.59,2.93,547
73.206,16.67,0.12,0.83,0.40,3.61,0.00,548
73.223,16.68,0.11,0.84,4.55,3.60,3.04,547
73.240,16.66,0.12,0.86,0.47,3.59,0.00,547
73.256,16.66,0.11,0.81,4.41,3.58,2.92,548
73.273,16.67,0.13,1.03,0.44,3.57,0.00,563
73.290,16.67,0.12,0.93,4.76,3.59,3.29,565
73.306,16.68,0.12,0.95,0.43,3.62,0.00,565
73.323,16.65,0.11,0.92,4.38,3.61,2.91,566
73.340,16.67,0.12,0.95,0.41,3.62,0.00,568
73.356,16.67,0.11,0.92,4.41,3.06,2.92,568
73.373,16.69,0.12,0.97,0.43,3.08,0.00,566
73.390,16.66,0.12,0.95,4.44,3.09,2.95,566
73.406,16.66,0.12,0.95,0.45,3.09,0.00,566
73.423,16.67,0.11,0.93,4.42,3.10,2.93,567
73.440,16.67,0.11,0.97,0.46,3.10,0.00,568
73.456,16.67,0.11,0.93,4.44,3.14,2.94,569
73.473,16.67,0.11,0.98,0.40,3.14,0.00,571
73.490,16.68,0.10,0.96,4.50,3.14,3.01,572
73.506,16.65,0.11,0.97,0.42,3.15,0.00,570
73.523,16.67,0.11,0.93,4.36,3.15,2.89,571
73.540,16.68,0.12,0.98,0.42,3.20,0.00,573
73.556,16.66,0.11,0.96,4.39,3.21,2.91,574
73.573,16.66,0.11,0.97,0.44,3.21,0.00,574
73.590,16.69,0.10,0.95,4.34,3.22,2.87,574
73.606,16.65,0.11,0.95,0.42,3.23,0.00,574
73.623,16.76,0.10,0.92,4.35,3.27,2.88,574
73.640,16.58,0.12,0.95,0.45,3.27,0.00,575
73.656,16.68,0.11,0.93,4.35,3.27,2.87,575
73.673,16.66,0.10,0.98,0.42,3.27,0.00,575
73.690,16.67,0.12,0.98,4.54,3.27,3.02,577
73.706,16.67,0.12,0.98,0.43,3.31,0.00,577
73.723,16.66,0.11,0.93,4.41,3.32,2.94,578
73.740,16.70,0.10,0.99,0.49,3.32,0.00,580
73.756,16.67,0.13,0.80,4.50,3.31,3.01,580
73.773,16.65,0.12,0.97,0.48,3.32,0.00,580
73.790,16.66,0.12,0.97,4.46,3.34,2.93,581
73.806,16.70,0.12,0.97,0.45,3.36,0.00,581
73.823,16.64,0.11,0.93,4.42,3.36,2.97,582
73.840,16.66,0.11,0.94,0.43,3.36,0.00,581
73.856,16.67,0.11,0.91,4.38,3.35,2.93,580
73.873,16.67,0.12,0.96,0.47,3.39,0.00,580
73.890,16.67,0.11,0.93,4.41,3.38,2.94,578
73.906,16.67,0.12,0.97,0.45,3.36,0.00,580
73.923,16.66,0.11,0.94,4.57,3.35,2.93,580
73.940,16.67,0.11,0.95,0.41,3.36,0.00,580
73.956,16.68,0.11,0.95,4.40,3.39,2.90,581
73.973,16.65,0.11,0.96,0.45,3.40,0.00,581
73.990,16.67,0.09,0.93,4.48,3.40,3.01,583
74.006,16.66,0.10,0.95,0.42,3.41,0.00,586
74.023,16.67,0.11,0.93,4.39,3.42,2.93,585
74.040,16.75,0.10,0.95,0.44,3.43,0.00,587
74.056,16.59,0.11,0.95,4.36,3.44,2.90,587
74.073,16.67,0.11,0.95,0.42,3.43,0.00,586
74.090,16.66,0.11,0.94,4.38,3.43,2.92,586
74.106,16.66,0.12,0.96,0.45,3.44,0.00,585
74.123,16.68,0.10,0.90,4.34,3.44,2.88,589
74.140,16.67,0.11,1.15,0.48,3.47,0.00,589
74.156,16.66,0.10,0.93,4.40,3.47,2.95,590
74.173,16.67,0.11,0.97,0.49,3.47,0.00,590
74.190,16.68,0.11,0.93,4.53,3.47,3.00,593
74.206,16.67,0.12,0.96,0.47,3.48,0.00,593
74.223,16.66,0.10,0.93,4.48,3.52,2.97,593
74.240,16.68,0.11,0.96,0.47,3.53,0.00,595
74.256,16.66,0.10,0.93,4.44,3.52,2.94,597
74.273,16.69,0.08,0.72,0.38,3.54,0.00,597
74.290,16.68,0.10,1.05,4.64,3.53,3.10,597
74.306,16.67,0.12,0.96,0.44,3.56,0.00,598
74.323,16.64,0.11,0.94,4.48,3.56,2.99,600
74.340,16.69,0.11,0.95,0.45,3.57,0.00,599
74.356,16.66,0.19,0.96,4.51,3.57,2.99,598
74.373,16.66,0.10,0.91,0.49,3.56,0.00,598
74.390,16.65,0.23,0.99,4.49,3.59,2.95,686
74.406,16.67,0.11,1.05,0.45,3.86,0.00,697
74.423,16.69,0.10,0.97,4.46,3.96,2.94,695
74.440,16.64,0.10,0.97,0.50,3.97,0.00,691
74.456,16.67,0.11,0.95,4.44,3.60,2.92,691
74.473,16.67,0.10,0.99,0.46,3.62,0.00,690
74.490,16.68,0.09,0.95,4.42,3.61,2.91,691
74.506,16.65,0.10,0.98,0.46,3.61,0.00,691
74.523,16.67,0.10,0.95,4.39,3.61,2.90,688
74.540,16.66,0.11,0.99,0.46,3.62,0.00,688
74.556,16.67,0.10,0.96,4.54,3.62,3.00,686
74.573,16.68,0.11,0.99,0.46,3.60,0.00,686
74.590,16.66,0.11,0.98,4.45,3.58,2.94,687
74.606,16.70,0.11,1.00,0.52,3.57,0.00,686
74.623,16.63,0.11,0.96,4.41,3.55,2.90,684
74.640,16.68,0.11,1.00,0.50,3.59,0.00,683
74.656,16.74,0.10,0.98,4.40,3.55,2.92,682
74.673,16.68,0.10,1.00,0.49,3.54,0.00,677
74.690,16.61,0.12,0.99,4.51,3.51,2.97,677
74.706,16.64,0.12,1.00,0.45,3.50,0.00,674
74.723,16.66,0.10,0.95,4.40,3.52,2.94,674
74.740,16.68,0.10,0.99,0.42,3.49,0.00,673
74.756,16.66,0.10,0.95,4.39,3.47,2.92,672
74.773,16.67,0.10,0.95,0.41,3.47,0.00,668
74.790,16.66,0.11,0.95,4.37,3.06,2.88,666
74.806,16.67,0.09,0.97,0.42,3.06,0.00,665
74.823,16.66,0.10,0.90,4.42,3.03,2.96,639
74.840,16.66,0.10,0.95,0.42,3.01,0.00,635
74.856,16.68,0.10,0.90,4.37,2.97,2.90,631
74.873,16.67,0.11,0.95,0.41,2.95,0.00,627
74.890,16.70,0.11,0.94,4.42,2.95,2.92,620
74.906,16.63,0.10,0.76,0.40,2.92,0.00,610
74.923,16.67,0.10,0.73,4.34,2.90,2.87,609
74.940,16.68,0.11,0.77,0.44,2.89,0.00,609
74.956,16.66,0.11,0.74,4.36,2.88,2.90,605
74.973,16.67,0.09,0.77,0.40,2.89,0.00,605
74.990,16.67,0.08,0.73,4.48,2.87,2.95,603
75.006,16.66,0.11,0.78,0.42,2.86,0.00,602
75.023,16.66,0.10,0.74,4.37,2.85,2.92,603
75.040,16.67,0.10,0.78,0.43,2.83,0.00,602
75.056,16.67,0.10,0.76,4.35,2.86,2.88,601
75.073,16.67,0.10,0.77,0.41,2.84,0.00,600
75.090,16.67,0.10,0.73,4.37,2.83,2.93,598
75.106,16.66,0.10,0.79,0.42,2.82,0.00,596
75.123,16.67,0.10,0.74,4.37,2.80,2.92,593
75.140,16.79,0.09,0.78,0.43,2.83,0.00,588
75.156,16.55,0.10,0.74,4.36,2.80,2.93,584
75.173,16.66,0.10,0.77,0.43,2.79,0.00,584
75.190,16.68,0.08,0.74,4.31,2.79,2.86,581
75.206,16.67,0.11,0.78,0.45,2.78,0.00,578
75.223,16.66,0.09,0.78,4.53,2.78,3.06,575
75.240,16.70,0.09,0.65,0.44,2.77,0.00,567
75.256,16.61,0.04,0.33,3.91,2.76,2.48,566
75.273,16.67,0.05,0.34,0.25,2.76,0.00,566
75.290,16.67,0.05,0.34,3.89,2.76,2.43,566
75.306,16.67,0.05,0.35,0.32,2.77,0.00,562
75.323,16.67,0.04,0.32,3.79,2.75,2.38,559
75.340,16.68,0.06,0.35,0.25,2.76,0.00,556
75.356,16.65,0.05,0.35,4.18,2.76,2.68,555
75.373,16.69,0.08,0.49,0.30,2.74,0.00,597
75.390,16.65,0.06,0.50,4.21,3.66,2.70,594
75.406,16.67,0.06,0.51,0.26,3.67,0.00,589
75.423,16.66,0.05,0.47,3.99,3.66,2.57,587
75.440,16.67,0.06,0.50,0.24,3.65,0.00,585
75.456,16.67,0.06,0.49,4.04,3.64,2.59,584
75.473,16.67,0.06,0.51,0.25,3.65,0.00,580
75.490,16.67,0.05,0.48,3.97,3.64,2.55,576
75.506,16.67,0.06,0.50,0.23,3.62,0.00,570
75.523,16.67,0.06,0.47,3.96,3.61,2.53,569
75.540,16.67,0.06,0.50,0.24,3.59,0.00,566
75.556,16.67,0.05,0.48,4.00,3.61,2.57,560
75.573,16.70,0.08,0.72,0.33,3.60,0.00,556
75.590,16.66,0.07,0.68,4.00,3.58,2.56,553
75.606,16.67,0.08,0.71,0.32,3.56,0.00,549
75.623,16.75,0.08,0.69,4.06,3.54,2.63,541
75.640,16.65,0.08,0.71,0.34,3.64,0.00,540
75.657,16.68,0.08,0.71,4.04,3.63,2.57,576
75.673,16.66,0.08,0.71,0.38,3.65,0.00,576
75.690,16.67,0.07,0.69,4.23,3.65,2.81,574
75.707,16.60,0.08,0.73,0.35,3.62,0.00,566
75.723,16.73,0.07,0.70,4.24,3.59,2.81,553
75.740,16.67,0.08,0.70,0.36,3.55,0.00,537
75.757,16.68,0.07,0.67,3.89,3.50,2.51,508
75.773,16.66,0.07,0.69,0.34,3.44,0.00,363
75.790,16.67,0.08,0.69,4.24,2.63,2.83,363
75.807,16.60,0.07,0.70,0.32,2.66,0.00,363
75.823,16.73,0.07,0.69,4.03,2.65,2.58,362
75.840,16.60,0.07,0.70,0.33,2.64,0.00,361
75.857,16.66,0.07,0.68,3.97,2.63,2.53,361
75.873,16.68,0.07,0.71,0.32,2.62,0.00,359
75.890,16.66,0.07,0.69,4.38,2.65,2.93,359
75.907,16.70,0.11,0.94,0.39,2.64,0.00,359
75.923,16.67,0.09,0.93,4.36,2.63,2.91,359
75.940,16.66,0.12,0.94,0.42,2.63,0.00,359
75.957,16.66,0.11,0.94,4.38,2.62,2.93,358
75.973,16.66,0.11,0.93,0.40,2.65,0.00,358
75.990,16.67,0.10,0.90,4.30,2.64,2.87,358
76.007,16.67,0.11,0.95,0.41,2.65,0.00,358
76.023,16.68,0.09,0.91,4.35,2.63,2.89,357
76.040,16.65,0.11,0.93,0.40,2.64,0.00,357
76.057,16.68,0.09,0.90,4.32,2.66,2.89,356
76.073,16.65,0.11,0.93,0.39,2.65,0.00,355
76.090,16.68,0.09,0.89,4.31,2.66,2.88,354
76.107,16.68,0.11,0.94,0.45,2.64,0.00,353
76.123,16.64,0.11,0.91,4.33,2.65,2.89,352
76.140,16.66,0.10,0.92,0.40,2.68,0.00,352
76.157,16.67,0.10,0.89,4.41,2.67,2.97,352
76.173,16.66,0.10,0.91,0.42,2.68,0.00,352
76.190,16.69,0.09,0.89,4.27,2.69,2.86,352
76.207,16.67,0.10,0.92,0.41,2.68,0.00,352
76.223,16.65,0.10,0.90,4.38,2.70,2.94,352
76.240,16.66,0.10,0.91,0.40,2.71,0.00,351
76.257,16.70,0.09,0.87,4.58,2.70,3.03,351
76.273,16.65,0.11,0.94,0.51,2.69,0.00,350
76.290,16.67,0.11,0.91,4.51,2.69,2.99,349
76.307,16.65,0.11,0.90,0.41,2.72,0.00,348
76.323,16.75,0.09,0.91,4.34,2.72,2.88,347
76.340,16.60,0.11,0.92,0.40,2.71,0.00,347
76.357,16.66,0.10,0.81,4.38,2.70,2.92,347
76.373,16.67,0.11,0.82,0.39,2.70,0.00,347
76.390,16.68,0.22,0.89,4.35,2.72,2.88,360
76.407,16.65,0.11,0.90,0.40,2.80,0.00,368
76.423,16.67,0.10,0.87,4.55,2.90,3.07,368
76.440,16.68,0.11,0.91,0.46,2.88,0.00,368
76.457,16.67,0.12,0.91,4.44,2.88,2.95,367
76.473,16.67,0.11,0.89,0.38,2.89,0.00,366
76.490,16.69,0.10,0.90,4.33,2.88,2.87,364
76.507,16.65,0.12,0.91,0.43,2.84,0.00,367
76.523,16.65,0.10,0.86,4.46,2.83,3.01,420
76.540,16.66,0.12,0.92,0.41,2.87,0.00,430
76.557,16.68,0.10,0.87,4.33,2.88,2.89,438
76.573,16.67,0.10,0.92,0.42,2.89,0.00,429
76.590,16.75,0.12,0.90,4.48,2.88,2.97,429
76.607,16.59,0.11,0.92,0.42,2.86,0.00,428
76.623,16.76,0.09,0.87,4.35,2.85,2.89,427
76.640,16.58,0.11,0.92,0.40,2.86,0.00,427
76.657,16.68,0.11,0.90,4.40,2.86,2.93,426
76.673,16.66,0.11,0.91,0.40,2.85,0.00,422
76.690,16.67,0.10,0.87,4.39,2.84,2.95,421
76.707,16.67,0.11,0.93,0.44,2.84,0.00,420
76.723,16.68,0.10,0.89,4.46,2.83,2.96,420
76.740,16.66,0.11,0.93,0.41,2.83,0.00,411
76.757,16.66,0.11,0.91,4.38,2.82,2.92,410
76.773,16.75,0.10,0.93,0.41,2.81,0.00,405
76.790,16.59,0.11,0.87,4.34,2.80,2.87,403
76.807,16.67,0.11,0.91,0.40,2.83,0.00,402
76.823,16.66,0.11,0.86,4.35,2.82,2.91,402
76.840,16.67,0.11,0.92,0.41,2.81,0.00,402
76.857,16.67,0.09,0.87,4.36,2.80,2.93,402
76.873,16.66,0.11,0.88,0.39,2.80,0.00,400
76.890,16.67,0.10,0.84,4.33,2.50,2.85,394
76.907,16.69,0.11,0.89,0.41,2.49,0.00,393
76.923,16.74,0.10,0.88,4.41,2.49,2.93,393
76.940,16.59,0.11,0.89,0.41,2.48,0.00,391
76.957,16.67,0.10,0.86,4.48,2.48,3.00,387
76.973,16.67,0.11,0.85,0.39,2.50,0.00,367
76.990,16.70,0.09,0.87,4.36,2.48,2.89,356
77.007,16.64,0.10,0.85,0.39,2.46,0.00,332
77.023,16.68,0.09,0.81,4.33,2.34,2.88,332
77.040,16.65,0.11,0.85,0.40,2.37,0.00,332
77.057,16.67,0.11,0.80,4.32,2.37,2.89,331
77.073,16.66,0.11,0.83,0.40,2.39,0.00,329
77.090,16.67,0.10,0.79,4.39,2.38,2.92,328
77.107,16.66,0.11,0.83,0.39,2.37,0.00,328
77.123,16.68,0.13,1.08,4.50,2.38,3.06,384
77.140,16.72,0.11,1.12,0.41,3.20,0.00,472
77.157,16.63,0.14,1.12,4.46,3.39,2.94,498
77.173,16.66,0.12,1.13,0.42,3.42,0.00,512
77.190,16.67,0.12,1.11,4.40,3.42,2.91,528
77.207,16.67,0.13,1.19,0.46,3.45,0.00,536
77.223,16.67,0.13,1.10,4.49,3.46,3.01,535
77.240,16.68,0.12,1.14,0.44,3.47,0.00,542
77.257,16.65,0.12,1.11,4.32,3.48,2.86,547
77.273,16.67,0.12,1.14,0.43,3.48,0.00,544
77.290,16.76,0.11,1.11,4.41,3.48,2.92,546
77.307,16.57,0.13,1.15,0.44,3.51,0.00,547
77.323,16.75,0.11,1.13,4.27,3.51,2.82,543
77.340,16.61,0.12,0.92,0.45,3.51,0.00,535
77.357,16.66,0.12,0.89,4.42,3.50,2.93,538
77.373,16.67,0.13,0.92,0.42,3.49,0.00,542
77.390,16.66,0.12,0.90,4.36,3.51,2.90,544
77.407,16.67,0.12,0.91,0.44,3.50,0.00,546
77.423,16.69,0.10,0.88,4.36,3.50,2.90,549
77.440,16.66,0.12,0.92,0.47,3.49,0.00,551
77.457,16.65,0.12,0.90,4.60,3.49,3.11,553
77.473,16.67,0.12,0.92,0.40,3.52,0.00,554
77.490,16.68,0.10,0.89,4.51,3.50,3.00,553
77.507,16.67,0.12,0.91,0.44,3.51,0.00,554
77.523,16.66,0.12,0.89,4.43,3.49,2.94,556
77.540,16.66,0.12,0.92,0.40,2.91,0.00,555
77.557,16.67,0.11,0.88,4.35,2.93,2.88,557
77.573,16.66,0.10,0.92,0.43,2.92,0.00,556
77.590,16.70,0.10,0.89,4.33,2.91,2.87,558
77.607,16.64,0.12,0.92,0.40,2.90,0.00,562
77.623,16.76,0.10,0.91,4.40,2.91,2.92,563
77.640,16.58,0.10,0.92,0.41,2.93,0.00,563
77.657,16.70,0.10,0.90,4.45,2.92,2.94,566
77.673,16.63,0.11,0.92,0.40,2.92,0.00,567
77.690,16.67,0.11,0.87,4.39,2.92,2.90,568
77.707,16.66,0.12,0.90,0.41,2.91,0.00,571
77.723,16.67,0.11,0.90,4.41,2.94,2.94,571
77.740,16.77,0.10,0.93,0.44,2.94,0.00,573
77.757,16.57,0.11,0.86,4.41,2.94,2.97,574
77.773,16.67,0.11,0.91,0.41,2.94,0.00,574
77.790,16.68,0.10,0.88,4.32,2.94,2.87,575
77.807,16.66,0.10,0.91,0.41,3.00,0.00,575
77.823,16.67,0.11,0.88,4.39,2.99,2.93,596
77.840,16.67,0.11,0.93,0.41,3.04,0.00,602
77.857,16.66,0.10,0.87,4.36,3.05,2.89,603
77.873,16.66,0.12,0.92,0.40,3.07,0.00,606
77.890,16.67,0.11,0.87,4.38,3.06,2.91,606
77.907,16.68,0.12,0.92,0.46,3.07,0.00,605
77.923,16.66,0.10,0.90,4.39,3.07,2.92,607
77.940,16.67,0.11,0.93,0.42,3.07,0.00,606
77.957,16.66,0.10,0.88,4.40,3.09,2.86,608
77.973,16.68,0.11,0.92,0.40,3.11,0.00,606
77.990,16.67,0.10,0.90,4.37,3.12,2.90,608
78.007,16.67,0.09,0.92,0.41,3.12,0.00,610
78.023,16.66,0.10,0.86,4.46,3.11,2.99,611
78.040,16.66,0.11,0.91,0.40,3.12,0.00,613
78.057,16.67,0.10,0.87,4.34,3.15,2.91,613
78.073,16.67,0.11,0.90,0.42,3.14,0.00,616
78.090,16.66,0.10,0.90,4.36,3.14,2.91,620
78.107,16.66,0.11,0.91,0.41,3.15,0.00,623
78.123,16.68,0.09,0.87,4.38,3.15,2.91,625
78.140,16.65,0.11,0.90,0.40,3.18,0.00,625
78.157,16.67,0.11,0.87,4.40,3.17,2.92,626
78.173,16.66,0.11,0.90,0.42,3.17,0.00,628
78.190,16.67,0.10,0.86,4.37,3.17,2.91,629
78.207,16.67,0.11,0.91,0.42,3.16,0.00,630
78.223,16.69,0.11,0.91,4.49,3.19,2.98,636
78.240,16.64,0.11,0.89,0.40,3.19,0.00,641
78.257,16.67,0.10,0.86,4.38,3.18,2.91,643
78.273,16.66,0.10,0.90,0.41,3.19,0.00,645
78.290,16.68,0.11,0.86,4.45,3.18,2.98,645
78.307,16.68,0.11,0.90,0.43,3.21,0.00,643
78.323,16.65,0.10,0.86,4.34,3.20,2.90,648
78.340,16.66,0.11,0.90,0.42,3.20,0.00,650
78.357,16.67,0.10,0.80,4.31,3.20,2.88,653
78.373,16.66,0.10,0.83,0.42,3.19,0.00,655
78.390,16.67,0.22,0.88,4.32,3.21,2.89,679
78.407,16.68,0.11,0.93,0.50,3.36,0.00,688
78.423,16.66,0.11,0.89,4.39,3.46,2.89,689
78.440,16.67,0.11,0.93,0.52,3.45,0.00,689
78.457,16.67,0.11,0.91,4.47,3.44,2.91,688
78.473,16.67,0.11,0.92,0.49,3.46,0.00,686
78.490,16.69,0.09,0.87,4.46,3.45,2.93,687
78.507,16.64,0.11,0.93,0.48,3.45,0.00,687
78.523,16.69,0.09,0.90,4.43,3.44,2.92,684
78.540,16.64,0.10,0.91,0.41,3.44,0.00,677
78.557,16.67,0.10,0.88,4.45,3.42,2.99,674
78.573,16.67,0.09,0.92,0.43,3.41,0.00,668
78.590,16.69,0.09,0.89,4.34,3.40,2.88,655
78.607,16.64,0.10,0.91,0.41,3.37,0.00,646
78.624,16.76,0.09,0.85,4.35,3.34,2.90,641
78.640,16.58,0.10,0.89,0.41,2.95,0.00,638
78.657,16.68,0.11,0.86,4.45,2.93,2.94,636
78.673,16.66,0.10,0.87,0.40,2.91,0.00,609
78.690,16.67,0.10,0.85,4.41,2.86,2.91,607
78.707,16.67,0.11,0.88,0.44,2.85,0.00,605
78.723,16.67,0.11,0.85,4.44,2.85,2.95,603
78.740,16.66,0.10,0.88,0.42,2.84,0.00,601
78.757,16.68,0.10,0.84,4.39,2.82,2.91,600
78.773,16.66,0.10,0.89,0.40,2.82,0.00,596
78.790,16.67,0.10,0.84,4.38,2.81,2.90,593
78.807,16.67,0.11,0.89,0.41,2.83,0.00,591
78.823,16.67,0.11,0.88,4.57,2.82,3.05,589
78.840,16.67,0.10,0.88,0.41,2.80,0.00,585
78.857,16.67,0.10,0.86,4.42,2.79,2.95,583
78.874,16.73,0.09,0.90,0.41,2.77,0.00,579
78.890,16.61,0.10,0.86,4.42,2.79,2.89,578
78.907,16.68,0.11,0.90,0.44,2.77,0.00,577
78.923,16.66,0.10,0.86,4.42,2.76,2.94,575
78.940,16.66,0.10,0.88,0.42,2.75,0.00,572
78.957,16.67,0.11,0.84,4.39,2.73,2.93,570
78.973,16.68,0.11,0.88,0.43,2.75,0.00,569
78.990,16.66,0.10,0.87,4.31,2.73,2.87,566
79.007,16.66,0.10,0.88,0.41,2.72,0.00,560
79.023,16.68,0.10,0.84,4.31,2.71,2.87,555
79.040,16.67,0.11,0.89,0.42,2.69,0.00,547
79.057,16.75,0.08,0.84,4.33,2.70,2.89,537
79.073,16.58,0.10,0.88,0.40,2.67,0.00,534
79.090,16.68,0.09,0.59,4.41,2.65,2.96,517
79.107,16.66,0.10,0.64,0.41,2.62,0.00,515
79.123,16.67,0.12,0.86,4.61,2.59,3.12,552
79.140,16.67,0.11,0.88,0.42,3.46,0.00,550
79.157,16.66,0.12,0.86,4.42,3.44,2.90,547
79.173,16.67,0.12,0.89,0.41,3.43,0.00,549
79.190,16.67,0.11,0.87,4.51,3.43,3.02,545
79.207,16.66,0.12,0.91,0.42,3.41,0.00,540
79.223,16.67,0.12,0.94,4.43,3.41,2.92,540
79.240,16.68,0.13,0.90,0.41,3.40,0.00,543
79.257,16.67,0.11,0.89,4.37,3.39,2.88,545
79.273,16.65,0.12,0.91,0.40,3.39,0.00,544
79.290,16.67,0.12,0.89,4.44,3.39,2.95,546
79.307,16.67,0.12,0.94,0.45,3.41,0.00,547
79.323,16.66,0.11,0.90,4.44,3.40,2.93,550
79.340,16.67,0.12,0.91,0.45,3.41,0.00,548
79.357,16.68,0.11,0.87,4.47,3.38,3.01,550
79.373,16.65,0.12,0.93,0.44,3.39,0.00,549
79.390,16.67,0.11,0.89,4.43,3.42,2.94,550
79.407,16.67,0.12,0.93,0.46,3.39,0.00,549
79.423,16.66,0.12,0.89,4.43,3.39,2.93,555
79.440,16.68,0.11,0.91,0.42,3.38,0.00,547
79.457,16.68,0.10,0.88,4.39,3.38,2.92,548
79.474,16.65,0.12,0.92,0.43,3.40,0.00,550
79.490,16.69,0.09,0.88,4.43,3.40,2.95,546
79.507,16.66,0.10,0.94,0.47,3.39,0.00,543
79.524,16.65,0.11,0.88,4.45,3.37,2.97,541
79.540,16.66,0.11,0.92,0.43,2.80,0.00,540
79.557,16.67,0.11,0.88,4.33,2.83,2.88,540
79.574,16.67,0.11,0.92,0.42,2.83,0.00,538
79.590,16.76,0.10,0.91,4.43,2.82,2.94,536
79.607,16.58,0.12,0.91,0.44,2.80,0.00,535
79.624,16.69,0.09,0.88,4.49,2.81,3.03,534
79.640,16.64,0.10,0.92,0.41,2.84,0.00,535
79.657,16.70,0.09,0.90,4.38,2.84,2.91,536
79.674,16.66,0.11,0.92,0.48,2.84,0.00,533
79.690,16.69,0.10,0.90,4.12,2.83,2.93,535
79.707,16.65,0.11,0.92,0.49,2.84,0.00,535
79.724,16.64,0.07,0.68,4.06,2.91,2.57,535
79.740,16.73,0.07,0.68,0.32,2.92,0.00,539
79.757,16.60,0.07,0.67,4.23,2.93,2.77,573
79.774,16.77,0.09,0.92,0.43,3.01,0.00,574
79.790,16.58,0.09,0.87,4.41,3.00,2.92,575
79.807,16.68,0.11,0.92,0.43,2.99,0.00,577
79.824,16.66,0.10,0.87,4.35,2.99,2.90,577
79.840,16.67,0.10,0.92,0.43,3.00,0.00,577
79.857,16.67,0.10,0.87,4.33,3.00,2.88,579
79.874,16.67,0.11,0.90,0.41,3.01,0.00,580
79.890,16.67,0.10,0.85,4.42,3.03,2.98,581
79.907,16.67,0.12,1.00,0.43,3.05,0.00,585
79.924,16.67,0.10,0.88,4.41,3.03,2.94,586
79.940,16.66,0.11,0.90,0.42,3.05,0.00,585
79.957,16.68,0.10,0.85,4.32,3.05,2.88,585
79.974,16.67,0.11,0.90,0.47,3.08,0.00,587
79.990,16.72,0.07,0.66,4.03,3.07,2.58,587
80.007,16.67,0.07,0.66,0.32,3.07,0.00,590
80.024,16.66,0.06,0.63,3.92,3.06,2.51,588
80.040,16.67,0.07,0.66,0.32,3.06,0.00,590
80.057,16.65,0.07,0.70,4.00,3.09,2.55,591
80.074,16.64,0.07,0.68,0.40,3.08,0.00,596
80.090,16.71,0.07,0.65,4.02,3.08,2.58,599
80.107,16.67,0.07,0.64,0.33,3.09,0.00,598
80.124,16.67,0.07,0.64,4.04,3.08,2.57,600
80.140,16.60,0.07,0.67,0.32,3.10,0.00,600
80.157,16.68,0.10,0.86,4.50,3.09,3.02,603
80.174,16.70,0.11,0.91,0.44,3.08,0.00,605
80.190,16.64,0.10,0.86,4.42,3.07,2.95,606
80.207,16.66,0.10,0.89,0.41,3.07,0.00,609
80.224,16.67,0.10,0.87,4.43,3.10,2.95,611
80.240,16.67,0.07,0.70,0.33,3.09,0.00,614
80.257,16.73,0.07,0.65,4.03,3.07,2.57,612
80.274,16.67,0.07,0.67,0.33,3.08,0.00,614
80.290,16.66,0.07,0.66,4.16,3.07,2.73,615
80.307,16.62,0.10,0.88,0.40,3.09,0.00,616
80.324,16.66,0.10,0.87,4.37,3.09,2.92,619
80.340,16.66,0.10,0.89,0.42,3.09,0.00,619
80.357,16.67,0.09,0.78,4.34,3.08,2.90,621
80.374,16.67,0.10,0.83,0.42,3.07,0.00,622
80.390,16.67,0.22,0.87,4.38,3.11,2.90,667
80.407,16.67,0.11,0.91,0.44,3.31,0.00,681
80.424,16.70,0.10,0.90,5.25,3.46,3.75,681
80.440,16.64,0.10,0.90,0.41,3.46,0.00,679
80.457,16.66,0.09,0.87,4.42,3.45,2.94,676
80.474,16.67,0.10,0.90,0.42,3.48,0.00,676
80.490,16.67,0.10,0.88,4.45,3.45,2.97,674
80.507,16.69,0.10,0.91,0.45,3.45,0.00,672
80.524,16.65,0.10,0.90,4.49,3.43,2.98,669
80.540,16.67,0.11,0.91,0.43,3.42,0.00,665
80.557,16.69,0.08,0.87,4.37,3.44,2.91,659
80.574,16.66,0.11,0.91,0.40,3.43,0.00,651
80.590,16.66,0.10,0.90,4.41,3.38,2.93,622
80.607,16.68,0.10,0.91,0.43,3.35,0.00,618
80.624,16.75,0.09,0.85,4.40,3.33,2.92,613
80.640,16.59,0.09,0.86,0.40,2.90,0.00,614
80.657,16.67,0.10,0.85,4.49,2.88,2.99,614
80.674,16.67,0.10,0.88,0.43,2.89,0.00,613
80.690,16.66,0.09,0.86,4.52,2.88,3.02,614
80.707,16.66,0.11,0.88,0.42,2.89,0.00,611
80.724,16.70,0.08,0.84,4.43,2.89,2.94,609
80.740,16.64,0.11,0.88,0.46,2.87,0.00,610
80.757,16.69,0.11,0.88,4.50,2.87,2.96,610
80.774,16.65,0.11,0.89,0.48,2.86,0.00,607
80.790,16.69,0.11,0.89,4.49,2.85,2.98,606
80.807,16.64,0.11,0.88,0.47,2.86,0.00,609
80.824,16.67,0.11,0.89,4.59,2.86,3.03,608
80.840,16.67,0.11,0.89,0.50,2.85,0.00,611
80.857,16.68,0.10,0.90,4.53,2.84,2.99,611
80.874,16.65,0.11,0.88,0.46,2.83,0.00,608
80.890,16.70,0.11,0.90,4.50,2.84,2.97,607
80.907,16.67,0.11,0.88,0.48,2.83,0.00,608
80.924,16.65,0.11,0.86,4.42,2.83,2.89,609
80.940,16.68,0.11,0.90,0.49,2.82,0.00,608
80.957,16.67,0.11,0.88,4.64,2.81,3.09,603
80.974,16.69,0.10,0.87,0.49,2.81,0.00,600
80.990,16.72,0.09,0.89,4.53,2.80,2.98,597
81.007,16.59,0.10,0.88,0.51,2.79,0.00,592
81.024,16.65,0.05,0.58,4.56,2.77,3.03,589
81.040,16.68,0.12,0.90,0.49,2.76,0.00,583
81.057,16.67,0.09,0.88,4.60,2.76,3.04,579
81.074,16.65,0.11,0.90,0.48,2.75,0.00,575
81.090,16.69,0.08,0.62,4.51,2.73,2.98,556
81.107,16.65,0.11,0.65,0.52,2.71,0.00,552
81.124,16.72,0.13,0.66,4.55,2.71,2.97,544
81.140,16.63,0.11,0.65,0.50,2.71,0.00,545
81.157,16.68,0.09,0.63,4.50,2.70,2.94,544
81.174,16.65,0.10,0.64,0.53,2.70,0.00,544
81.190,16.68,0.10,0.65,4.54,2.69,3.00,543
81.207,16.65,0.11,0.64,0.49,2.69,0.00,541
81.224,16.69,0.08,0.62,4.56,2.70,3.01,541
81.240,16.65,0.13,0.68,0.52,2.69,0.00,542
81.257,16.66,0.09,0.63,4.56,2.69,3.02,542
81.274,16.71,0.11,0.64,0.49,2.68,0.00,544
81.290,16.64,0.09,0.64,4.55,2.67,3.00,540
81.307,16.71,0.11,0.67,0.51,2.68,0.00,539
81.324,16.62,0.10,0.64,4.56,2.68,3.01,538
81.340,16.68,0.09,0.62,0.53,2.67,0.00,537
81.357,16.70,0.09,0.67,4.68,2.67,3.12,536
81.374,16.64,0.09,0.64,0.52,2.66,0.00,534
81.390,16.67,0.09,0.64,4.52,2.67,2.99,533
81.407,16.66,0.11,0.64,0.49,2.67,0.00,531
81.424,16.71,0.08,0.65,4.61,2.66,3.05,530
81.440,16.63,0.10,0.64,0.49,2.65,0.00,528
81.457,16.68,0.09,0.62,4.53,2.65,2.97,525
81.474,16.66,0.09,0.62,0.47,2.66,0.00,526
81.490,16.67,0.10,0.65,4.77,2.65,3.19,523
81.507,16.66,0.09,0.62,0.48,2.65,0.00,522
81.524,16.70,0.09,0.63,4.60,2.64,3.05,519
81.540,16.64,0.15,0.88,0.51,2.64,0.00,569
81.557,16.65,0.11,0.84,4.68,3.48,3.18,568
81.574,16.66,0.12,0.88,0.43,3.48,0.00,564
81.590,16.68,0.11,0.85,4.33,3.47,2.87,562
81.607,16.65,0.11,0.87,0.41,3.47,0.00,559
81.624,16.76,0.11,0.86,4.43,3.46,2.96,555
81.640,16.60,0.11,0.87,0.42,3.55,0.00,554
81.657,16.68,0.10,0.84,4.44,3.54,2.96,552
81.674,16.64,0.12,0.88,0.43,3.55,0.00,600
81.690,16.68,0.10,0.88,4.44,3.61,2.94,600
81.707,16.66,0.12,0.89,0.44,3.61,0.00,596
81.724,16.67,0.10,0.86,4.36,3.58,2.91,597
81.740,16.66,0.11,0.87,0.43,3.58,0.00,596
81.757,16.67,0.10,0.84,4.50,3.58,3.03,596
81.774,16.66,0.11,0.88,0.40,3.59,0.00,599
81.790,16.68,0.09,0.86,4.39,3.58,2.93,597
81.807,16.65,0.10,0.88,0.41,3.61,0.00,599
81.824,16.70,0.09,0.85,4.37,3.60,2.91,603
81.840,16.64,0.11,0.88,0.41,3.59,0.00,601
81.857,16.67,0.11,0.86,4.51,3.59,3.03,601
81.874,16.68,0.05,0.46,0.28,3.57,0.00,600
81.890,16.67,0.10,0.86,4.46,3.59,2.96,598
81.907,16.67,0.11,0.88,0.42,3.59,0.00,600
81.924,16.68,0.10,0.88,4.45,3.58,2.93,600
81.940,16.65,0.11,0.87,0.45,3.56,0.00,600
81.957,16.66,0.09,0.96,4.48,3.01,2.97,600
81.974,16.66,0.10,0.89,0.43,3.00,0.00,599
81.990,16.67,0.10,0.86,4.39,2.99,2.92,601
82.007,16.68,0.11,0.87,0.42,2.98,0.00,601
82.024,16.66,0.10,0.84,4.45,2.97,2.98,604
82.040,16.68,0.11,0.87,0.40,2.99,0.00,603
82.057,16.66,0.10,0.87,4.51,2.98,3.01,603
82.074,16.66,0.11,0.89,0.43,2.97,0.00,605
82.090,16.67,0.10,0.86,4.40,2.97,2.92,604
82.107,16.67,0.11,0.88,0.41,2.95,0.00,606
82.124,16.70,0.09,0.84,4.39,2.98,2.95,605
82.140,16.63,0.10,0.86,0.41,2.97,0.00,606
82.157,16.69,0.09,0.83,4.32,2.97,2.84,607
82.174,16.66,0.11,0.87,0.44,2.96,0.00,608
82.190,16.67,0.09,0.82,4.32,2.94,2.89,609
82.207,16.66,0.10,0.87,0.42,2.99,0.00,609
82.224,16.68,0.11,0.84,4.38,2.98,2.92,607
82.240,16.67,0.10,0.87,0.43,2.97,0.00,608
82.257,16.66,0.11,0.82,4.49,2.97,2.99,610
82.274,16.68,0.10,0.88,0.41,2.99,0.00,611
82.290,16.69,0.09,0.83,4.54,2.98,3.05,609
82.307,16.65,0.10,0.87,0.42,2.98,0.00,607
82.324,16.67,0.10,0.82,4.36,2.97,2.91,608
82.340,16.66,0.11,0.87,0.43,2.98,0.00,608
82.357,16.67,0.10,0.77,4.32,2.99,2.88,609
82.374,16.67,0.10,0.81,0.46,2.99,0.00,605
82.390,16.67,0.22,0.85,4.33,2.97,2.89,624
82.407,16.67,0.09,0.88,0.42,3.08,0.00,631
82.424,16.66,0.10,0.85,4.36,3.17,2.89,631
82.440,16.66,0.10,0.88,0.41,3.19,0.00,630
82.457,16.68,0.09,0.85,4.34,3.18,2.88,629
82.474,16.65,0.10,0.89,0.42,3.17,0.00,624
82.490,16.69,0.10,0.85,4.43,3.14,2.91,624
82.507,16.65,0.11,0.88,0.41,3.14,0.00,623
82.524,16.67,0.10,0.86,4.36,3.14,2.91,623
82.540,16.66,0.10,0.89,0.45,3.13,0.00,624
82.557,16.67,0.10,0.87,4.53,3.12,3.02,622
82.574,16.66,0.10,0.88,0.41,3.13,0.00,619
82.590,16.67,0.10,0.87,4.38,3.12,2.90,618
82.607,16.67,0.09,0.90,0.44,3.14,0.00,616
82.624,16.74,0.09,0.85,4.44,3.12,2.94,614
82.640,16.60,0.10,0.89,0.47,3.11,0.00,612
82.657,16.67,0.11,0.88,4.46,3.11,2.96,612
82.674,16.68,0.09,0.89,0.44,3.13,0.00,611
82.690,16.65,0.10,0.87,4.36,3.11,2.89,608
82.707,16.66,0.10,0.87,0.43,3.11,0.00,606
82.724,16.67,0.10,0.84,4.42,3.10,2.94,602
82.741,16.76,0.10,0.90,0.43,3.08,0.00,598
82.757,16.58,0.10,0.85,4.43,3.10,2.96,597
82.774,16.67,0.10,0.89,0.44,3.10,0.00,590
82.790,16.67,0.09,0.84,4.41,3.08,2.94,583
82.807,16.66,0.10,0.88,0.41,3.07,0.00,580
82.824,16.67,0.11,0.85,4.50,3.05,3.02,580
82.840,16.67,0.10,0.88,0.40,3.06,0.00,573
82.857,16.67,0.10,0.84,4.38,3.04,2.90,573
82.874,16.68,0.10,0.89,0.40,3.04,0.00,568
82.890,16.67,0.09,0.83,4.35,3.02,2.90,566
82.907,16.65,0.10,0.87,0.41,3.01,0.00,566
82.924,16.68,0.10,0.86,4.45,3.02,2.96,563
82.940,16.66,0.10,0.87,0.44,2.99,0.00,557
82.957,16.66,0.09,0.86,4.35,2.98,2.88,555
82.974,16.66,0.29,0.81,0.43,2.97,0.00,520
82.990,16.68,0.07,0.78,4.90,2.55,3.40,518
83.007,16.69,0.06,0.79,0.42,2.54,0.00,509
83.024,16.64,0.07,0.95,4.16,2.53,2.72,537
83.040,16.68,0.07,0.96,0.41,2.70,0.00,527
83.057,16.68,0.05,0.93,4.11,2.41,2.66,527
83.074,16.63,0.08,1.14,0.42,2.40,0.00,560
83.090,16.67,0.07,1.13,4.34,2.57,2.87,558
83.107,16.67,0.07,1.16,0.42,2.56,0.00,557
83.124,16.67,0.10,1.31,4.18,2.54,2.69,592
83.140,16.68,0.09,1.36,0.44,2.69,0.00,592
83.157,16.66,0.10,1.37,4.17,2.67,2.68,592
83.174,16.67,0.10,1.52,0.41,2.66,0.00,627
83.191,16.67,0.09,1.55,4.26,2.83,2.78,625
83.207,16.65,0.09,1.57,0.40,2.80,0.00,625
83.224,16.67,0.11,1.73,4.24,2.79,2.74,661
83.240,16.67,0.11,1.78,0.44,2.97,0.00,660
83.257,16.67,0.09,1.77,4.15,2.92,2.68,660
83.274,16.66,0.12,2.00,0.44,2.90,0.00,691
83.291,16.67,0.10,1.98,4.27,3.07,2.75,692
83.307,16.66,0.10,2.03,0.47,3.03,0.00,692
83.324,16.67,0.10,2.23,4.21,3.01,2.73,728
83.340,16.66,0.11,2.29,0.41,3.15,0.00,729
83.357,16.67,0.10,2.27,4.25,3.12,2.78,731
83.374,16.68,0.12,2.50,0.43,3.09,0.00,763
83.391,16.67,0.09,2.49,4.21,3.23,2.73,761
83.407,16.65,0.10,2.54,0.41,3.20,0.00,760
83.424,16.68,0.11,2.72,4.28,3.16,2.79,797
83.441,16.65,0.12,2.76,0.42,3.30,0.00,798
83.457,16.67,0.10,2.73,4.15,3.25,2.66,800
83.474,16.67,0.13,2.95,0.43,3.22,0.00,834
83.491,16.68,0.13,3.02,4.27,3.36,2.75,836
83.507,16.66,0.12,2.81,0.45,3.31,0.00,836
83.524,16.66,0.12,2.97,4.23,3.27,2.74,871
83.541,16.67,0.12,3.04,0.47,3.41,0.00,872
83.557,16.67,0.12,3.04,4.20,3.36,2.68,872
83.574,16.68,0.14,3.31,0.48,3.31,0.00,926
83.591,16.66,0.12,3.35,4.51,3.53,2.99,928
83.607,16.67,0.12,3.31,0.44,3.50,0.00,928
83.624,16.75,0.11,3.30,4.22,3.45,2.73,933
83.641,16.59,0.12,3.32,0.43,3.44,0.00,933
83.657,16.68,0.11,3.31,4.11,3.42,2.64,933
83.674,16.67,0.13,3.33,0.45,3.38,0.00,933
83.691,16.66,0.12,3.29,4.16,3.34,2.67,930
83.707,16.66,0.12,3.33,0.43,3.32,0.00,933
83.724,16.67,0.11,3.29,4.14,3.29,2.65,933
83.741,16.66,0.12,3.31,0.46,3.26,0.00,935
83.757,16.67,0.12,3.28,4.14,3.23,2.65,932
83.774,16.66,0.18,3.62,0.43,3.21,0.00,994
83.791,16.70,0.15,3.57,4.47,3.51,2.98,989
83.807,16.64,0.16,3.59,0.45,3.47,0.00,986
83.824,16.75,0.18,4.11,4.34,3.48,3.19,1098
83.841,16.60,0.18,4.12,0.41,4.05,0.00,1098
83.857,16.66,0.16,4.12,4.20,4.03,2.67,1099
83.874,16.70,0.16,4.13,0.40,4.02,0.00,1096
83.891,16.64,0.16,4.09,3.53,4.01,2.38,1091
83.907,16.66,0.13,3.88,0.40,4.01,0.00,1087
83.924,16.68,0.15,4.02,3.88,4.02,2.37,1080
83.941,16.67,0.18,3.63,0.35,4.01,0.00,1142
83.957,16.66,0.16,4.02,3.66,4.36,2.53,1135
83.974,16.67,0.19,4.53,0.41,4.36,0.00,1224
83.991,16.67,0.18,4.54,3.91,4.77,2.76,1282
84.007,16.67,0.19,4.79,0.40,5.10,0.00,1271
84.024,16.67,0.13,3.53,3.39,5.10,2.25,1268
84.041,16.67,0.19,4.74,0.41,5.12,0.00,1260
84.057,16.68,0.18,5.00,3.75,5.14,2.58,1318
84.074,16.65,0.13,3.72,0.36,5.51,0.00,1319
84.091,16.71,0.17,4.60,3.46,5.54,2.30,1310
84.107,16.63,0.14,3.67,0.36,5.57,0.00,1306
84.124,16.68,0.16,4.97,3.79,5.59,2.61,1301
84.141,16.67,0.18,4.29,0.38,5.64,0.00,1293
84.157,16.66,0.19,5.14,3.84,5.67,2.66,1348
84.174,16.67,0.20,4.28,0.40,6.01,0.00,1340
84.191,16.67,0.21,4.75,3.71,5.81,2.50,1401
84.207,16.66,0.19,4.78,0.36,6.20,0.00,1392
84.224,16.66,0.18,5.32,3.53,6.24,2.35,1391
84.241,16.66,0.13,3.98,0.37,6.29,0.00,1389
84.257,16.67,0.20,5.68,3.79,6.34,2.60,1459
84.274,16.70,0.14,4.26,0.39,6.76,0.00,1458
84.291,16.67,0.19,5.40,3.48,5.10,2.32,1446
84.307,16.63,0.14,4.12,0.37,4.91,0.00,1440
84.324,16.71,0.18,5.33,3.45,6.90,2.29,1434
84.341,16.66,0.13,4.09,0.38,6.96,0.00,1424
84.357,16.63,0.13,3.93,3.45,5.29,2.30,1408
84.374,16.68,0.15,3.91,0.35,5.74,0.00,1398
84.391,16.67,0.18,5.27,3.51,6.78,2.33,1394
84.407,16.68,0.19,5.12,0.36,6.81,0.00,1390
84.424,16.66,0.19,4.52,3.57,4.72,2.40,1384
84.441,16.66,0.14,5.01,0.41,5.22,0.00,1381
84.457,16.68,0.17,4.60,3.49,6.40,2.28,1375
84.474,16.66,0.18,5.11,0.47,6.43,0.00,1369
84.491,16.74,0.13,3.74,3.49,6.47,2.35,1362
84.507,16.60,0.15,4.38,0.36,6.49,0.00,1426
84.524,16.70,0.17,5.45,3.80,6.85,2.61,1417
84.541,16.64,0.14,4.04,0.36,6.88,0.00,1414
84.557,16.67,0.18,4.58,3.45,5.10,2.29,1413
84.574,16.67,0.20,5.74,0.42,5.17,0.00,1478
84.591,16.67,0.18,5.14,3.78,6.76,2.63,1471
84.607,16.67,0.20,5.69,0.46,6.51,0.00,1462
84.624,16.68,0.16,4.24,3.56,4.23,2.35,1460
84.641,16.65,0.16,4.21,0.39,5.44,0.00,1457
84.657,16.69,0.19,4.70,3.49,6.56,2.31,1454
84.674,16.64,0.14,4.24,0.37,6.30,0.00,1454
84.691,16.67,0.15,4.51,3.57,6.33,2.39,1444
84.707,16.69,0.14,4.20,0.42,6.33,0.00,1439
84.724,16.66,0.19,5.66,3.67,6.35,2.45,1435
84.741,16.68,0.14,4.17,0.36,6.36,0.00,1431
84.757,16.64,0.13,4.15,3.48,4.91,2.31,1425
84.774,16.66,0.14,4.12,0.34,5.11,0.00,1422
84.791,16.67,0.13,4.11,3.44,6.14,2.30,1416
84.807,16.68,0.13,4.12,0.38,5.98,0.00,1412
84.824,16.66,0.19,5.55,3.57,5.98,2.37,1408
84.841,16.67,0.14,4.12,0.32,6.02,0.00,1407
84.857,16.66,0.13,4.09,3.42,4.78,2.25,1405
84.874,16.68,0.15,4.20,0.37,5.15,0.00,1461
84.891,16.72,0.13,4.19,3.71,6.00,2.55,1460
84.907,16.60,0.14,4.20,0.37,6.00,0.00,1460
84.924,16.68,0.18,4.98,3.46,6.02,2.29,1460
84.941,16.68,0.20,5.57,0.34,6.03,0.00,1461
84.957,16.65,0.13,4.21,3.50,6.06,2.35,1461
84.974,16.67,0.13,4.21,0.35,6.06,0.00,1461
84.991,16.68,0.18,5.72,3.52,6.06,2.36,1461
85.007,16.67,0.14,4.22,0.36,6.08,0.00,1460
85.024,16.65,0.14,4.29,3.73,4.71,2.55,1517
85.041,16.67,0.15,4.32,0.35,5.25,0.00,1517
85.057,16.67,0.19,5.15,3.47,6.35,2.31,1518
85.074,16.67,0.15,4.35,0.38,5.91,0.00,1518
85.091,16.67,0.13,4.65,3.44,6.40,2.29,1518
85.107,16.67,0.13,4.34,0.36,6.39,0.00,1516
85.124,16.70,0.17,5.87,3.49,6.05,2.31,1516
85.141,16.63,0.16,4.34,0.37,6.06,0.00,1516
85.157,16.67,0.13,4.32,3.45,4.70,2.29,1517
85.174,16.67,0.17,4.68,0.37,5.28,0.00,1591
85.191,16.74,0.14,4.51,3.35,6.19,2.21,1590
85.207,16.59,0.14,4.64,0.37,6.20,0.00,1585
85.224,16.67,0.14,4.62,3.55,6.17,2.38,1585
85.241,16.68,0.15,4.64,0.40,6.17,0.00,1585
85.257,16.66,0.14,4.64,3.44,6.18,2.28,1586
85.274,16.67,0.14,4.65,0.36,6.17,0.00,1585
85.291,16.66,0.15,4.85,3.69,6.17,2.52,1647
85.307,16.67,0.15,4.44,0.29,6.48,0.00,1647
85.324,16.67,0.15,4.86,3.47,6.11,2.30,1646
85.341,16.67,0.16,4.89,0.36,6.50,0.00,1646
85.357,16.66,0.19,5.08,3.27,6.47,2.40,1707
85.374,16.67,0.21,4.66,0.28,6.81,0.00,1773
85.391,16.66,0.19,5.20,3.60,5.57,2.44,1772
85.407,16.71,0.21,5.07,0.34,5.63,0.00,1834
85.424,16.63,0.23,5.38,3.27,7.45,2.40,1833
85.441,16.69,0.21,4.15,0.28,7.47,0.00,1834
85.457,16.65,0.19,5.04,2.91,5.52,2.01,1835
85.474,16.67,0.22,4.85,0.31,5.45,0.00,1835
85.491,16.68,0.21,4.55,3.07,7.23,2.20,1893
85.507,16.66,0.21,4.59,0.52,7.55,0.00,1893
85.524,16.67,0.20,5.17,2.88,5.27,2.01,1893
85.541,16.65,0.15,4.17,0.28,5.66,0.00,1893
85.557,16.68,0.19,4.36,2.81,7.56,1.95,1893
85.574,16.67,0.23,4.98,0.30,7.59,0.00,1893
85.591,16.67,0.20,5.14,2.87,7.60,2.00,1894
85.607,16.67,0.23,5.31,0.28,7.55,0.00,1974
85.624,16.73,0.21,5.27,3.02,5.26,2.15,1973
85.641,16.60,0.23,5.03,0.32,5.62,0.00,1973
85.657,16.67,0.21,4.89,2.88,7.82,1.99,1972
85.674,16.67,0.24,4.82,0.28,7.83,0.00,2044
85.691,16.65,0.24,5.49,3.07,5.59,2.20,2045
85.707,16.66,0.15,5.23,0.30,5.76,0.00,2045
85.724,16.68,0.20,5.22,2.85,8.23,1.99,2044
85.741,16.67,0.22,4.66,0.28,8.25,0.00,2044
85.757,16.75,0.23,4.64,2.96,5.72,2.09,2043
85.774,16.65,0.22,4.98,0.29,5.95,0.00,2041
85.791,16.60,0.21,5.30,2.96,8.00,2.11,2113
85.807,16.68,0.23,5.16,0.27,8.36,0.00,2171
85.824,16.65,0.21,5.13,2.89,5.70,2.05,2171
85.841,16.67,0.22,4.86,0.29,6.06,0.00,2171
85.857,16.67,0.22,4.31,2.87,8.68,1.99,2171
85.874,16.67,0.23,5.14,0.30,8.69,0.00,2170
85.891,16.67,0.21,5.13,2.86,5.72,2.00,2169
85.907,16.67,0.22,5.18,0.33,5.96,0.00,2167
85.924,16.74,0.23,4.77,2.83,8.50,1.98,2168
85.941,16.60,0.23,4.39,0.29,8.49,0.00,2168
85.957,16.67,0.22,4.54,2.88,5.95,2.01,2167
85.974,16.68,0.23,4.64,0.38,6.11,0.00,2166
85.991,16.72,0.22,4.62,2.91,8.19,2.04,2165
86.007,16.61,0.24,4.63,0.30,8.13,0.00,2165
86.024,16.66,0.21,4.27,3.59,5.47,2.41,2165
86.041,16.67,0.22,4.31,0.40,5.90,0.00,2166
86.057,16.67,0.21,4.28,3.49,7.36,2.32,2165
86.074,16.67,0.23,4.29,0.39,6.94,0.00,2165
86.091,16.69,0.30,5.82,3.57,7.83,2.35,2165
86.107,16.66,0.22,4.32,0.37,7.61,0.00,2165
86.124,16.66,0.21,4.09,3.47,5.49,2.28,2164
86.141,16.69,0.23,4.12,0.39,5.67,0.00,2164
86.157,16.68,0.27,5.08,3.56,7.56,2.34,2164
86.174,16.64,0.24,3.81,0.38,7.55,0.00,2163
86.191,16.67,0.30,4.73,3.49,5.71,2.29,2163
86.207,16.68,0.22,3.78,0.37,5.28,0.00,2162
86.224,16.70,0.30,4.69,3.52,7.21,2.31,2163
86.241,16.63,0.25,3.66,0.38,7.22,0.00,2231
86.257,16.69,0.32,4.96,3.80,5.72,2.55,2231
86.274,16.64,0.23,3.68,0.41,5.21,0.00,2230
86.291,16.67,0.21,3.64,3.57,7.18,2.38,2228
86.307,16.67,0.22,3.68,0.40,7.16,0.00,2228
86.324,16.67,0.33,5.36,3.79,7.17,2.58,2302
86.341,16.66,0.24,3.98,0.41,7.49,0.00,2302
86.357,16.67,0.24,4.42,3.72,5.54,2.53,2380
86.374,16.67,0.25,4.14,0.40,5.52,0.00,2380
86.391,16.73,0.25,4.31,3.71,7.79,2.53,2457
86.407,16.60,0.25,4.37,0.38,8.05,0.00,2456
86.424,16.68,0.23,4.35,3.50,5.54,2.30,2455
86.441,16.66,0.26,4.59,0.43,5.63,0.00,2517
86.457,16.67,0.23,4.60,3.79,8.15,2.59,2517
86.474,16.67,0.25,3.69,0.31,8.09,0.00,2516
86.491,16.67,0.24,4.25,2.84,6.06,1.97,2515
86.507,16.67,0.27,4.27,0.42,6.14,0.00,2515
86.524,16.66,0.23,4.27,3.51,8.01,2.32,2514
86.541,16.69,0.30,3.95,0.41,8.06,0.00,2514
86.557,16.65,0.23,3.96,3.55,5.83,2.35,2514
86.574,16.67,0.23,3.97,0.39,5.89,0.00,2514
86.591,16.67,0.23,3.97,3.43,8.04,2.24,2514
86.607,16.67,0.26,4.27,0.40,8.02,0.00,2513
86.624,16.76,0.31,5.38,3.52,5.69,2.30,2513
86.641,16.57,0.23,4.00,0.36,5.40,0.00,2510
86.657,16.67,0.23,3.98,3.44,7.95,2.25,2509
86.674,16.66,0.24,4.00,0.41,8.01,0.00,2509
86.691,16.67,0.24,4.00,3.53,5.77,2.32,2508
86.707,16.67,0.24,4.03,0.39,6.08,0.00,2506
86.724,16.69,0.31,5.41,3.56,7.93,2.33,2505
86.741,16.65,0.25,4.10,0.42,7.90,0.00,2505
86.757,16.68,0.24,4.00,3.50,5.69,2.31,2505
86.774,16.66,0.25,4.06,0.44,5.82,0.00,2504
86.791,16.65,0.25,4.54,3.48,7.89,2.28,2504
86.808,16.74,0.26,5.13,0.46,7.84,0.00,2503
86.824,16.59,0.24,5.12,3.63,5.13,2.39,2503
86.841,16.67,0.25,3.97,0.41,5.44,0.00,2502
86.857,16.66,0.22,3.94,3.44,7.59,2.24,2502
86.874,16.70,0.33,4.91,0.43,7.61,0.00,2501
86.891,16.64,0.26,3.97,3.52,6.07,2.31,2501
86.907,16.70,0.25,3.97,0.42,6.83,0.00,2501
86.924,16.65,0.34,5.18,3.54,7.52,2.33,2500
86.941,16.66,0.26,4.01,0.43,7.28,0.00,2499
86.957,16.66,0.23,3.96,3.51,5.35,2.30,2498
86.974,16.67,0.25,3.98,0.39,5.60,0.00,2498
86.991,16.67,0.23,4.23,3.53,6.93,2.34,2497
87.007,16.67,0.25,3.96,0.42,6.68,0.00,2497
87.024,16.68,0.33,5.26,3.56,6.63,2.32,2497
87.041,16.66,0.26,3.91,0.41,6.60,0.00,2496
87.057,16.68,0.32,5.26,3.57,4.18,2.34,2495
87.074,16.66,0.26,3.92,0.41,6.30,0.00,2495
87.091,16.75,0.23,3.89,3.56,4.92,2.37,2495
87.107,16.59,0.26,3.93,0.41,5.43,0.00,2494
87.124,16.68,0.32,5.27,3.57,6.22,2.36,2488
87.141,16.66,0.25,3.55,0.39,6.14,0.00,2446
87.157,16.67,0.23,3.52,3.48,5.98,2.28,2447
87.174,16.67,0.25,3.55,0.42,6.09,0.00,2446
87.191,16.68,0.35,4.77,3.54,6.02,2.32,2446
87.207,16.66,0.23,3.56,0.39,6.01,0.00,2446
87.224,16.71,0.33,4.79,3.54,5.99,2.34,2444
87.241,16.63,0.24,3.54,0.39,5.92,0.00,2444
87.257,16.66,0.23,3.31,3.59,5.85,2.40,2440
87.274,16.67,0.25,3.30,0.40,5.82,0.00,2440
87.291,16.68,0.32,4.43,3.57,5.83,2.35,2440
87.308,16.66,0.24,3.55,0.39,5.78,0.00,2442
87.324,16.70,0.34,3.71,3.52,5.73,2.33,2441
87.341,16.65,0.34,4.00,0.43,5.73,0.00,2441
87.358,16.67,0.32,3.97,3.64,5.67,2.40,2440
87.374,16.67,0.34,3.87,0.51,5.64,0.00,2439
87.391,16.66,0.34,3.85,3.55,5.63,2.32,2437
87.408,16.66,0.25,2.86,0.39,5.63,0.00,2437
87.424,16.69,0.32,3.83,3.95,5.55,2.37,2436
87.441,16.67,0.34,3.87,0.49,5.53,0.00,2436
87.458,16.65,0.32,3.47,3.53,5.48,2.32,2433
87.474,16.67,0.32,3.75,0.46,5.46,0.00,2432
87.491,16.67,0.33,3.72,3.59,5.43,2.34,2432
87.508,16.67,0.35,3.64,0.42,5.43,0.00,2429
87.524,16.65,0.32,3.73,4.29,5.35,2.69,2430
87.541,16.70,0.34,3.54,0.45,5.32,0.00,2428
87.558,16.65,0.32,3.73,4.31,5.30,2.71,2425
87.574,16.67,0.33,3.43,0.47,5.28,0.00,2401
87.591,16.67,0.33,3.43,4.32,5.21,2.72,2400
87.608,16.66,0.33,3.42,0.51,5.19,0.00,2398
87.624,16.75,0.31,3.44,4.34,5.18,2.77,2400
87.641,16.59,0.34,2.94,0.46,5.15,0.00,2395
87.658,16.68,0.33,2.93,4.26,5.11,2.69,2395
87.674,16.65,0.33,2.94,0.53,5.07,0.00,2395
87.691,16.68,0.32,2.94,4.30,5.04,2.69,2395
87.708,16.65,0.33,2.97,0.50,5.03,0.00,2397
87.724,16.67,0.32,2.92,4.23,4.98,2.64,2396
87.741,16.75,0.31,2.95,0.53,4.97,0.00,2397
87.758,16.60,0.30,2.80,4.32,4.93,2.75,2398
87.774,16.66,0.34,2.52,0.52,4.91,0.00,2399
87.791,16.66,0.33,2.53,4.27,4.89,2.68,2398
87.808,16.68,0.33,2.53,0.52,4.83,0.00,2397
87.824,16.66,0.33,2.52,4.26,4.83,2.69,2396
87.841,16.66,0.33,2.52,0.52,4.78,0.00,2396
87.858,16.67,0.31,2.53,4.22,4.74,2.61,2395
87.874,16.67,0.33,2.54,0.53,4.73,0.00,2394
87.891,16.67,0.34,2.54,4.40,4.71,2.81,2394
87.908,16.67,0.34,2.54,0.54,4.68,0.00,2395
87.924,16.66,0.34,2.52,4.25,4.65,2.67,2395
87.941,16.67,0.32,2.53,0.51,4.62,0.00,2393
87.958,16.65,0.24,1.86,4.18,4.58,2.65,2392
87.974,16.74,0.25,1.87,0.46,4.55,0.00,2392
87.991,16.65,0.24,1.87,4.26,4.51,2.67,2392
88.008,16.62,0.24,1.90,0.49,4.51,0.00,2390
88.024,16.67,0.32,2.54,4.28,4.47,2.70,2389
88.041,16.67,0.32,2.55,0.50,4.42,0.00,2389
88.058,16.66,0.32,2.53,4.21,4.39,2.65,2390
88.074,16.67,0.33,2.55,0.49,4.38,0.00,2389
88.091,16.69,0.31,2.54,4.22,4.33,2.65,2390
88.108,16.65,0.33,2.57,0.52,4.30,0.00,2390
88.124,16.67,0.32,2.55,4.27,4.27,2.70,2390
88.141,16.66,0.32,2.56,0.52,4.22,0.00,2387
88.158,16.70,0.32,2.55,4.31,4.20,2.75,2382
88.174,16.63,0.32,2.57,0.49,4.17,0.00,2379
88.191,16.68,0.32,2.54,4.23,4.13,2.66,2377
88.208,16.66,0.32,2.16,0.52,4.08,0.00,2366
88.224,16.66,0.33,2.14,4.22,4.04,2.67,2363
88.241,16.66,0.33,2.16,0.52,4.02,0.00,2357
88.258,16.67,0.32,2.14,4.21,4.01,2.64,2350
88.274,16.68,0.35,2.15,0.52,3.96,0.00,2343
88.291,16.66,0.32,1.66,4.25,3.93,2.71,2302
88.308,16.67,0.34,1.69,0.55,3.85,0.00,2302
88.324,16.66,0.32,1.49,4.26,3.83,2.71,2299
88.341,16.67,0.33,1.53,0.49,3.83,0.00,2291
88.358,16.67,0.32,1.33,4.24,3.81,2.68,2284
88.374,16.68,0.33,1.34,0.50,3.76,0.00,2279
88.391,16.66,0.31,1.32,4.30,3.74,2.72,2274
88.408,16.67,0.32,0.92,0.50,3.71,0.00,2172
88.424,16.68,0.34,0.89,4.36,3.63,2.80,2170
88.441,16.66,0.32,0.96,0.55,3.58,0.00,2168
88.458,16.71,0.34,0.91,4.35,3.54,2.76,2165
88.474,16.63,0.31,0.91,0.51,3.54,0.00,2163
88.491,16.68,0.33,0.90,4.21,3.54,2.65,2162
88.508,16.65,0.33,0.92,0.51,3.51,0.00,2160
88.524,16.67,0.33,0.91,4.25,3.47,2.68,2155
88.541,16.67,0.33,0.92,0.50,3.45,0.00,2152
88.558,16.67,0.30,0.89,4.23,3.43,2.66,2151
88.574,16.66,0.33,0.91,0.51,3.41,0.00,2147
88.591,16.68,0.32,0.90,4.26,3.39,2.68,2144
88.608,16.68,0.32,0.93,0.52,3.37,0.00,2139
88.624,16.71,0.31,0.92,4.28,3.35,2.73,2137
88.641,16.60,0.32,0.90,0.50,3.33,0.00,2130
88.658,16.69,0.31,0.90,4.21,3.31,2.68,2127
88.674,16.64,0.33,0.92,0.49,3.30,0.00,2123
88.691,16.67,0.32,0.91,4.39,3.28,2.80,2120
88.708,16.70,0.34,0.92,0.57,3.25,0.00,2114
88.724,16.64,0.31,0.90,4.23,3.23,2.68,2112
88.741,16.66,0.31,0.93,0.50,3.23,0.00,2111
88.758,16.68,0.30,0.90,4.24,3.20,2.68,2110
88.774,16.67,0.34,0.94,0.54,3.17,0.00,2107
88.791,16.74,0.30,0.92,4.26,3.17,2.70,2097
88.808,16.60,0.37,0.92,0.52,3.13,0.00,2095
88.824,16.66,0.32,0.91,4.32,3.14,2.73,2094
88.841,16.68,0.34,0.91,0.50,3.10,0.00,2091
88.858,16.67,0.31,0.92,4.23,3.08,2.69,2084
88.874,16.65,0.33,0.91,0.50,3.08,0.00,2083
88.891,16.68,0.30,0.89,4.21,3.05,2.65,2080
88.908,16.66,0.32,0.92,0.54,3.03,0.00,2078
88.924,16.66,0.31,0.90,4.21,3.02,2.67,2078
88.941,16.66,0.32,0.91,0.52,3.01,0.00,2074
88.958,16.68,0.34,0.91,4.34,3.00,2.78,2072
88.974,16.65,0.33,0.93,0.50,2.97,0.00,2069
88.991,16.67,0.32,0.90,4.15,2.94,2.64,2066
89.008,16.66,0.31,0.93,0.49,2.93,0.00,2058
89.024,16.68,0.32,0.90,4.19,2.92,2.65,2052
89.041,16.66,0.32,0.90,0.50,2.89,0.00,2049
89.058,16.67,0.31,0.90,4.17,2.88,2.66,2045
89.074,16.66,0.31,0.91,0.51,2.88,0.00,2041
89.091,16.68,0.29,0.89,4.21,2.85,2.67,2037
89.108,16.65,0.31,0.91,0.50,2.84,0.00,2031
89.124,16.67,0.32,0.91,4.24,2.83,2.69,2023
89.141,16.68,0.34,0.90,0.49,2.81,0.00,2020
89.158,16.66,0.30,0.90,4.22,2.80,2.69,2014
89.174,16.66,0.32,0.91,0.50,2.79,0.00,2009
89.191,16.67,0.30,0.90,4.13,2.77,2.60,2005
89.208,16.67,0.30,0.92,0.54,2.76,0.00,2002
89.224,16.67,0.30,0.89,4.35,2.74,2.79,2001
89.241,16.66,0.31,0.92,0.50,2.72,0.00,1996
89.258,16.67,0.30,0.89,4.23,2.72,2.68,1988
89.274,16.68,0.32,0.92,0.51,2.71,0.00,1983
89.291,16.66,0.30,0.90,4.24,2.68,2.69,1978
89.308,16.68,0.31,0.90,0.58,2.68,0.00,1966
89.324,16.69,0.33,0.92,4.34,2.64,2.74,1962
89.341,16.64,0.31,0.89,0.51,2.64,0.00,1955
89.358,16.66,0.30,0.90,4.24,2.64,2.67,1951
89.374,16.67,0.30,0.91,0.49,2.62,0.00,1945
89.391,16.67,0.30,0.87,4.20,2.61,2.65,1937
89.408,16.67,0.32,0.90,0.51,2.60,0.00,1930
89.424,16.69,0.30,0.88,4.25,2.58,2.71,1921
89.441,16.64,0.31,0.90,0.50,2.57,0.00,1917
89.458,16.67,0.31,0.87,4.25,2.55,2.71,1905
89.474,16.68,0.30,0.90,0.50,2.54,0.00,1899
89.491,16.68,0.28,0.88,4.31,2.53,2.75,1894
89.508,16.64,0.31,0.87,0.51,2.52,0.00,1886
89.524,16.69,0.31,0.87,4.25,2.51,2.69,1883
89.541,16.65,0.30,0.89,0.51,2.49,0.00,1877
89.558,16.67,0.29,0.86,4.25,2.48,2.70,1874
89.574,16.66,0.30,0.86,0.49,2.47,0.00,1864
89.591,16.76,0.29,0.86,4.29,2.45,2.74,1854
89.608,16.61,0.32,0.89,0.52,2.44,0.00,1848
89.624,16.63,0.31,0.87,4.30,2.43,2.74,1842
89.641,16.67,0.30,0.88,0.51,2.42,0.00,1836
89.658,16.68,0.31,0.87,4.26,2.41,2.72,1825
89.674,16.65,0.31,0.87,0.50,2.39,0.00,1820
89.691,16.67,0.32,0.86,4.20,2.39,2.67,1808
89.708,16.67,0.31,0.90,0.56,2.37,0.00,1804
89.724,16.66,0.23,0.64,4.07,2.34,2.52,1799
89.741,16.69,0.32,0.87,0.55,2.36,0.00,1795
89.758,16.67,0.29,0.85,4.41,2.34,2.85,1791
89.775,16.77,0.29,0.86,0.54,2.32,0.00,1780
89.791,16.55,0.30,0.85,4.21,2.32,2.68,1775
89.808,16.71,0.30,0.87,0.54,2.30,0.00,1770
89.824,16.63,0.29,0.85,4.31,2.30,2.74,1766
89.841,16.68,0.31,0.86,0.51,2.30,0.00,1761
89.858,16.66,0.29,0.84,4.28,2.28,2.72,1753
89.874,16.66,0.30,0.87,0.51,2.27,0.00,1746
89.891,16.67,0.29,0.84,4.23,2.27,2.70,1739
89.908,16.67,0.29,0.87,0.56,2.25,0.00,1736
89.924,16.66,0.29,0.85,4.32,2.24,2.74,1727
89.941,16.66,0.29,0.85,0.49,2.24,0.00,1718
89.958,16.67,0.29,0.83,4.28,2.23,2.73,1710
89.974,16.67,0.29,0.83,0.48,2.21,0.00,1700
89.991,16.67,0.28,0.83,4.18,2.20,2.66,1695
90.008,16.67,0.30,0.85,0.49,2.20,0.00,1687
90.024,16.67,0.30,0.83,4.34,2.20,2.80,1683
90.041,16.66,0.21,0.63,0.37,2.19,0.00,1674
90.058,16.73,0.21,0.59,3.88,2.18,2.39,1661
90.074,16.61,0.21,0.63,0.42,2.18,0.00,1654
90.091,16.68,0.27,0.83,4.26,2.16,2.73,1650
90.108,16.67,0.28,0.85,0.47,2.14,0.00,1642
90.124,16.68,0.26,0.83,4.18,2.13,2.65,1633
90.141,16.65,0.28,0.83,0.49,2.13,0.00,1623
90.158,16.68,0.28,0.80,4.16,2.13,2.65,1619
90.174,16.66,0.28,0.82,0.48,2.12,0.00,1609
90.191,16.67,0.28,0.83,4.16,2.11,2.66,1600
90.208,16.67,0.30,0.82,0.51,2.11,0.00,1591
90.224,16.70,0.27,0.79,4.23,2.09,2.70,1587
90.241,16.64,0.29,0.81,0.49,2.08,0.00,1582
90.258,16.67,0.28,0.81,4.19,2.07,2.69,1574
90.274,16.66,0.28,0.86,0.49,2.07,0.00,1568
90.291,16.67,0.28,0.81,4.29,2.05,2.78,1560
90.308,16.66,0.28,0.80,0.48,2.06,0.00,1554
90.324,16.69,0.32,0.81,4.23,2.05,2.69,1543
90.341,16.66,0.28,0.79,0.50,2.04,0.00,1535
90.358,16.66,0.27,0.78,4.22,2.03,2.70,1530
90.374,16.67,0.28,0.79,0.48,2.03,0.00,1524
90.391,16.67,0.26,0.77,4.10,2.01,2.62,1514
90.408,16.68,0.27,0.80,0.47,2.01,0.00,1504
90.425,16.73,0.27,0.78,4.95,1.99,3.38,1495
90.441,16.60,0.28,0.82,0.56,1.98,0.00,1487
90.458,16.67,0.29,0.80,4.42,1.98,2.85,1485
90.475,16.75,0.30,0.80,0.54,1.98,0.00,1481
90.491,16.59,0.30,0.81,4.40,1.96,2.81,1475
90.508,16.66,0.29,0.79,0.45,1.97,0.00,1468
90.524,16.66,0.27,0.78,4.26,1.96,2.72,1461
90.541,16.70,0.28,0.78,0.45,1.96,0.00,1452
90.558,16.63,0.28,0.79,4.42,1.95,2.84,1445
90.574,16.67,0.28,0.79,0.49,1.94,0.00,1438
90.591,16.69,0.27,0.76,4.22,1.93,2.69,1432
90.608,16.64,0.27,0.78,0.50,1.93,0.00,1425
90.625,16.76,0.27,0.77,4.17,1.92,2.67,1419
90.641,16.68,0.20,0.78,0.49,1.92,0.00,1413
90.658,16.59,0.19,0.77,4.23,1.92,2.70,1405
90.674,16.64,0.21,0.78,0.46,1.92,0.00,1395
90.691,16.67,0.20,0.80,4.21,1.91,2.68,1389
90.708,16.67,0.19,0.77,0.49,1.90,0.00,1381
90.724,16.67,0.20,0.67,4.27,1.90,2.70,1377
90.741,16.66,0.20,0.70,0.53,1.89,0.00,1370
90.758,16.68,0.18,0.68,4.20,1.88,2.64,1366
90.774,16.66,0.21,0.70,0.46,1.87,0.00,1359
90.791,16.67,0.20,0.69,4.18,1.87,2.68,1347
90.808,16.75,0.20,0.70,0.47,1.87,0.00,1340
90.824,16.59,0.19,0.68,4.26,1.86,2.77,1334
90.841,16.66,0.20,0.69,0.46,1.85,0.00,1328
90.858,16.67,0.19,0.66,4.09,1.85,2.62,1318
90.875,16.68,0.20,0.70,0.49,1.85,0.00,1316
90.891,16.66,0.19,0.66,4.23,1.84,2.73,1312
90.908,16.66,0.21,0.68,0.44,1.84,0.00,1306
90.924,16.67,0.20,0.69,4.24,1.83,2.71,1299
90.941,16.67,0.20,0.68,0.44,1.83,0.00,1290
90.958,16.67,0.20,0.67,4.26,1.82,2.71,1285
90.974,16.66,0.21,0.69,0.48,1.81,0.00,1280
90.991,16.68,0.18,0.67,4.16,1.81,2.65,1272
91.008,16.66,0.20,0.68,0.46,1.81,0.00,1264
91.025,16.67,0.18,0.67,4.17,1.81,2.68,1255
91.041,16.68,0.20,0.66,0.45,1.79,0.00,1242
91.058,16.66,0.19,0.67,4.24,1.79,2.73,1238
91.075,16.66,0.19,0.66,0.47,1.80,0.00,1231
91.091,16.67,0.18,0.65,4.30,1.78,2.76,1221
91.108,16.66,0.18,0.66,0.44,1.78,0.00,1218
91.125,16.67,0.18,0.64,4.19,1.77,2.69,1210
91.141,16.67,0.19,0.66,0.45,1.77,0.00,1201
91.158,16.68,0.17,0.64,4.18,1.76,2.66,1198
91.175,16.65,0.19,0.65,0.42,1.76,0.00,1181
91.191,16.68,0.18,0.65,4.24,1.75,2.72,1172
91.208,16.69,0.19,0.66,0.48,1.76,0.00,1162
91.225,16.64,0.18,0.62,4.22,1.74,2.73,1157
91.241,16.66,0.19,0.65,0.43,1.74,0.00,1151
91.258,16.67,0.18,0.62,4.15,1.74,2.65,1142
91.275,16.66,0.18,0.64,0.44,1.73,0.00,1132
91.291,16.67,0.18,0.62,4.20,1.72,2.69,1127
91.308,16.66,0.19,0.63,0.44,1.72,0.00,1123
91.325,16.69,0.17,0.61,4.13,1.71,2.63,1120
91.341,16.65,0.19,0.63,0.45,1.72,0.00,1111
91.358,16.68,0.16,0.62,4.27,1.71,2.77,1105
91.375,16.65,0.19,0.64,0.45,1.71,0.00,1099
91.391,16.67,0.18,0.61,4.17,1.71,2.67,1096
91.408,16.66,0.19,0.63,0.47,1.71,0.00,1092
91.425,16.68,0.16,0.63,4.09,1.71,2.63,1087
91.441,16.66,0.18,0.63,0.45,1.70,0.00,1076
91.458,16.67,0.18,0.61,4.24,1.70,2.71,1067
91.475,16.67,0.18,0.63,0.44,1.69,0.00,1062
91.491,16.67,0.18,0.61,4.17,1.69,2.67,1056
91.508,16.65,0.17,0.63,0.43,1.69,0.00,1043
91.525,16.69,0.15,0.60,4.13,1.68,2.64,1032
91.541,16.68,0.18,0.62,0.45,1.68,0.00,1024
91.558,16.64,0.17,0.58,4.19,1.66,2.68,1014
91.575,16.68,0.18,0.62,0.43,1.67,0.00,1008
91.591,16.66,0.17,0.59,4.10,1.67,2.63,1001
91.608,16.66,0.18,0.60,0.44,1.67,0.00,990
91.625,16.73,0.16,0.59,4.26,1.65,2.78,982
91.641,16.60,0.18,0.60,0.43,1.66,0.00,973
91.658,16.70,0.16,0.58,4.15,1.66,2.66,965
91.675,16.64,0.16,0.60,0.45,1.66,0.00,954
91.691,16.71,0.15,0.58,4.18,1.64,2.68,947
91.708,16.63,0.18,0.59,0.46,1.65,0.00,943
91.725,16.68,0.17,0.58,4.16,1.65,2.69,936
91.741,16.65,0.17,0.58,0.45,1.64,0.00,927
91.758,16.67,0.16,0.57,4.15,1.62,2.66,923
91.775,16.76,0.15,0.60,0.43,1.64,0.00,913
91.791,16.58,0.17,0.59,4.31,1.64,2.76,903
91.808,16.71,0.17,0.60,0.50,1.63,0.00,894
91.825,16.63,0.16,0.58,4.29,1.62,2.75,889
91.841,16.72,0.16,0.57,0.49,1.63,0.00,885
91.858,16.61,0.17,0.59,4.31,1.62,2.75,880
91.875,16.70,0.17,0.60,0.51,1.62,0.00,874
91.891,16.66,0.18,0.57,4.38,1.61,2.82,862
91.908,16.66,0.16,0.57,0.51,1.61,0.00,854
91.925,16.69,0.18,0.57,4.24,1.60,2.69,846
91.941,16.64,0.18,0.58,0.47,1.61,0.00,841
91.958,16.67,0.16,0.56,4.32,1.61,2.77,839
91.975,16.65,0.13,0.43,0.40,1.60,0.00,831
91.991,16.67,0.12,0.43,3.95,1.59,2.42,820
92.008,16.68,0.12,0.43,0.41,1.60,0.00,815
92.025,16.65,0.14,0.43,4.04,1.60,2.52,809
92.041,16.68,0.12,0.41,0.41,1.60,0.00,801
92.058,16.66,0.12,0.40,4.07,1.59,2.53,793
92.075,16.66,0.13,0.40,0.43,1.59,0.00,786
92.091,16.70,0.14,0.55,4.32,1.59,2.76,774
92.108,16.68,0.14,0.54,0.56,1.58,0.00,766
92.125,16.65,0.13,0.56,4.30,1.57,2.77,757
92.141,16.66,0.13,0.53,0.49,1.58,0.00,748
92.158,16.67,0.14,0.56,4.37,1.58,2.83,741
92.175,16.66,0.12,0.52,0.49,1.57,0.00,728
92.191,16.68,0.13,0.55,4.33,1.55,2.74,719
92.208,16.66,0.15,0.59,0.49,1.56,0.00,712
92.225,16.65,0.09,0.40,3.92,1.56,2.42,706
92.241,16.67,0.09,0.43,0.42,1.56,0.00,699
92.258,16.68,0.11,0.50,4.36,1.58,2.79,689
92.275,16.69,0.12,0.51,0.50,1.55,0.00,682
92.291,16.66,0.11,0.48,4.36,1.54,2.75,672
92.308,16.67,0.13,0.48,0.53,1.55,0.00,666
92.325,16.65,0.14,0.49,4.38,1.54,2.80,661
92.341,16.67,0.13,0.49,0.51,1.53,0.00,654
92.358,16.67,0.11,0.50,4.39,1.54,2.81,644
92.375,16.66,0.11,0.48,0.51,1.54,0.00,631
92.391,16.67,0.12,0.46,4.29,1.53,2.73,626
92.408,16.67,0.12,0.48,0.50,1.54,0.00,616
92.425,16.67,0.11,0.48,4.37,1.54,2.82,610
92.441,16.66,0.12,0.47,0.49,1.52,0.00,604
92.458,16.68,0.10,0.46,4.30,1.53,2.78,599
92.475,16.68,0.12,0.46,0.50,1.52,0.00,594
92.491,16.65,0.11,0.47,4.39,1.52,2.80,587
92.508,16.69,0.10,0.46,0.50,1.54,0.00,577
92.525,16.64,0.11,0.44,4.28,1.53,2.75,568
92.541,16.68,0.12,0.46,0.55,1.52,0.00,563
92.558,16.66,0.12,0.44,4.33,1.52,2.80,556
92.575,16.68,0.10,0.46,0.49,1.53,0.00,550
92.591,16.67,0.12,0.46,4.36,1.51,2.81,547
92.608,16.65,0.10,0.45,0.46,1.51,0.00,540
92.625,16.75,0.10,0.45,4.21,1.51,2.72,535
92.641,16.58,0.10,0.44,0.43,1.53,0.00,527
92.658,16.69,0.09,0.42,4.16,1.54,2.67,523
92.675,16.67,0.12,0.44,0.46,1.53,0.00,517
92.691,16.66,0.09,0.43,4.21,1.51,2.72,514
92.708,16.66,0.11,0.44,0.45,1.52,0.00,508
92.725,16.67,0.11,0.41,4.17,1.51,2.68,503
92.741,16.75,0.09,0.44,0.40,1.52,0.00,499
92.758,16.59,0.09,0.42,4.12,1.51,2.64,486
92.775,16.66,0.10,0.43,0.44,1.51,0.00,475
92.791,16.67,0.10,0.41,4.20,1.51,2.71,465
92.808,16.67,0.09,0.41,0.43,1.51,0.00,460
92.825,16.68,0.08,0.41,4.17,1.50,2.69,454
92.841,16.65,0.10,0.42,0.43,1.51,0.00,445
92.858,16.67,0.09,0.39,4.12,1.50,2.66,439
92.875,16.67,0.10,0.41,0.41,1.50,0.00,434
92.891,16.67,0.09,0.39,4.15,1.50,2.67,428
92.908,16.66,0.07,0.42,0.43,1.50,0.00,422
92.925,16.67,0.07,0.38,4.14,1.50,2.69,408
92.941,16.66,0.07,0.41,0.41,1.51,0.00,401
92.958,16.67,0.07,0.38,4.27,1.50,2.80,395
92.975,16.69,0.06,0.41,0.42,1.50,0.00,391
92.991,16.64,0.07,0.40,4.24,1.50,2.73,385
93.008,16.67,0.05,0.43,0.44,1.49,0.00,377
93.025,16.67,0.07,0.39,4.19,1.48,2.71,370
93.041,16.67,0.07,0.41,0.44,1.50,0.00,364
93.058,16.66,0.06,0.37,4.13,1.48,2.69,355
93.075,16.66,0.07,0.39,0.41,1.50,0.00,346
93.091,16.69,0.05,0.36,4.14,1.49,2.69,339
93.108,16.66,0.07,0.39,0.43,1.49,0.00,331
93.125,16.69,0.04,0.36,4.07,1.49,2.61,324
93.141,16.64,0.07,0.38,0.41,1.49,0.00,316
93.158,16.67,0.06,0.32,4.12,1.49,2.65,307
93.175,16.67,0.07,0.36,0.43,1.49,0.00,300
93.191,16.66,0.06,0.34,4.14,1.49,2.69,289
93.208,16.67,0.06,0.35,0.41,1.49,0.00,283
93.225,16.68,0.02,0.37,4.26,1.49,2.78,272
93.241,16.66,0.02,0.36,0.42,1.49,0.00,266
93.258,16.67,0.03,0.33,4.11,1.49,2.65,264
93.275,16.66,0.04,0.36,0.39,1.48,0.00,258
93.291,16.67,0.03,0.33,4.19,1.48,2.72,242
93.308,16.66,0.03,0.36,0.43,1.49,0.00,234
93.325,16.67,0.03,0.33,4.12,1.48,2.66,231
93.341,16.66,0.02,0.36,0.41,1.48,0.00,223
93.358,16.67,0.03,0.33,4.16,1.48,2.71,219
93.375,16.67,0.02,0.36,0.39,1.47,0.00,217
93.391,16.67,0.03,0.32,4.12,1.47,2.66,210
93.408,16.67,0.02,0.35,0.40,1.48,0.00,206
93.425,16.67,0.03,0.32,4.12,1.48,2.67,203
93.441,16.67,0.02,0.34,0.41,1.48,0.00,191
93.458,16.67,0.01,0.35,4.08,1.48,2.63,182
93.475,16.68,0.02,0.34,0.42,1.47,0.00,171
93.491,16.67,0.02,0.30,4.23,1.47,2.81,164
93.508,16.64,0.01,0.33,0.32,1.48,0.00,162
93.525,16.67,0.01,0.30,4.03,1.47,2.67,157
93.541,16.68,0.00,0.37,0.44,1.48,0.00,182
