t,frameMs,tickMs,buildMs,encodeMs,gpuMs,inkMs,instances
0.000,33.16,0.00,0.17,503.90,0.00,0.00,354
0.509,509.48,0.00,0.09,0.81,5.24,0.03,350
0.533,23.91,0.02,0.08,0.68,1.95,0.02,349
0.550,16.67,0.00,0.08,0.12,4.73,0.02,348
0.567,16.67,0.00,0.09,0.13,1.96,0.03,350
0.583,16.67,0.00,0.09,0.09,4.68,0.00,348
0.600,16.67,0.00,0.08,0.11,3.46,0.05,346
0.617,16.64,0.00,0.09,0.10,1.94,0.00,346
0.633,16.71,0.00,0.09,0.13,3.47,0.06,346
0.650,16.68,0.00,0.10,0.12,1.95,0.00,345
0.683,32.97,0.01,0.17,0.32,4.69,0.07,344
0.684,0.54,0.00,0.11,0.12,4.69,0.00,343
0.700,16.42,0.00,0.09,16.00,6.46,0.05,343
0.717,16.65,0.00,0.09,16.15,3.45,0.00,342
0.733,16.73,0.00,0.11,16.31,4.63,0.06,343
0.750,16.61,0.00,0.11,15.84,2.42,0.00,342
0.767,16.70,0.00,0.12,15.98,2.65,0.07,339
0.783,16.66,0.00,0.12,15.79,2.05,0.00,338
0.800,16.70,0.01,0.14,16.29,1.88,0.17,336
0.817,16.71,0.01,0.25,15.83,1.88,0.00,337
0.833,16.56,0.01,0.29,16.17,1.86,0.23,338
0.850,16.69,0.02,0.50,15.93,2.10,0.00,339
0.867,16.73,0.01,0.42,16.10,1.88,0.29,339
0.883,16.64,0.02,0.51,15.88,1.87,0.00,340
0.900,16.66,0.02,0.59,15.89,1.88,0.29,339
0.917,16.67,0.03,0.49,16.01,1.86,0.00,340
0.933,16.65,0.02,0.56,16.20,1.86,0.37,341
0.950,16.89,0.02,0.52,15.75,1.85,0.00,340
0.967,16.47,0.02,0.52,16.03,1.86,0.30,339
0.983,16.68,0.02,0.53,15.98,1.86,0.00,337
1.000,16.63,0.02,0.52,15.94,1.87,0.30,336
1.019,18.91,0.02,0.58,13.68,1.87,0.00,336
1.033,14.43,0.01,0.58,15.94,1.88,0.30,337
1.050,16.63,0.01,0.50,16.05,1.88,0.00,338
1.067,16.69,0.01,0.54,15.46,1.87,0.12,336
1.083,16.67,0.01,0.22,15.92,1.86,0.00,336
1.100,16.68,0.01,0.29,16.02,1.87,0.15,335
1.117,16.69,0.02,0.42,16.01,1.88,0.00,335
1.133,16.66,0.02,0.53,16.00,1.89,0.29,334
1.150,16.66,0.01,0.52,15.92,1.91,0.00,334
1.173,23.03,0.02,0.51,9.75,1.91,0.37,333
1.184,10.72,0.02,0.64,15.47,1.91,0.00,332
1.200,16.26,0.02,0.62,16.04,1.92,0.38,330
1.217,16.81,0.02,0.53,15.77,1.92,0.00,327
1.233,16.53,0.02,0.52,16.02,1.92,0.30,326
1.250,16.67,0.01,0.51,15.92,1.91,0.00,327
1.267,16.68,0.02,0.54,15.98,1.94,0.30,327
1.283,16.65,0.02,0.50,16.01,1.93,0.00,327
1.300,16.69,0.02,0.53,16.12,1.96,0.35,326
1.317,16.78,0.02,0.53,15.77,1.94,0.00,326
1.333,16.56,0.01,0.55,16.00,1.94,0.30,324
1.350,16.68,0.01,0.52,15.92,1.93,0.00,323
1.367,16.66,0.01,0.51,15.99,1.94,0.30,321
1.383,16.63,0.01,0.51,15.98,1.95,0.00,321
1.400,16.70,0.01,0.61,15.91,1.95,0.29,321
1.417,16.64,0.01,0.51,16.01,1.92,0.00,320
1.434,16.85,0.03,0.55,15.95,1.93,0.30,319
1.450,16.64,0.01,0.52,15.73,1.95,0.00,318
1.467,16.77,0.02,0.52,16.03,1.92,0.39,317
1.484,16.70,0.02,0.64,15.66,1.99,0.00,315
1.500,16.51,0.02,0.55,16.00,1.95,0.34,314
1.517,16.71,0.02,0.54,15.72,1.95,0.00,312
1.534,16.68,0.02,0.54,15.91,1.94,0.29,312
1.550,16.59,0.02,0.56,15.84,1.95,0.00,314
1.567,16.60,0.02,0.60,15.99,1.92,0.29,314
1.584,16.74,0.02,0.49,15.91,1.91,0.00,311
1.600,16.62,0.02,0.55,16.07,1.94,0.35,308
1.617,16.77,0.02,0.50,15.87,1.93,0.00,307
1.633,16.52,0.02,0.57,16.04,1.92,0.29,306
1.650,16.74,0.02,0.47,15.98,1.91,0.00,307
1.667,16.61,0.02,0.50,16.11,1.90,0.29,304
1.684,16.78,0.02,0.50,15.90,1.89,0.00,301
1.700,16.55,0.02,0.57,16.02,1.88,0.30,300
1.717,16.74,0.02,0.48,16.01,1.81,0.00,300
1.733,16.63,0.02,0.51,16.15,1.84,0.37,297
1.750,16.80,0.02,0.48,15.34,1.83,0.00,296
1.767,16.50,0.01,0.20,15.81,1.82,0.11,294
1.783,16.71,0.02,0.19,15.79,1.81,0.00,293
1.800,16.63,0.01,0.22,15.81,1.80,0.12,292
1.817,16.67,0.01,0.22,15.76,1.79,0.00,291
1.833,16.66,0.01,0.21,15.80,1.79,0.12,291
1.850,16.67,0.01,0.23,15.77,1.78,0.00,291
1.867,16.67,0.01,0.20,15.75,1.78,0.12,291
1.883,16.67,0.15,0.39,15.45,1.77,0.00,341
1.900,16.67,0.02,0.29,15.74,2.64,0.19,338
1.917,16.68,0.02,0.32,15.69,2.63,0.00,339
1.933,16.65,0.02,0.31,15.72,2.65,0.12,336
1.950,16.71,0.03,0.34,15.62,2.63,0.00,335
1.967,16.64,0.03,0.31,15.67,2.65,0.13,332
1.983,16.67,0.02,0.32,15.62,2.64,0.00,333
2.000,16.66,0.02,0.30,15.73,2.64,0.12,331
2.017,16.67,0.02,0.35,15.76,2.64,0.00,331
2.034,16.74,0.04,0.41,15.58,2.66,0.15,330
2.050,16.68,0.03,0.43,15.54,2.70,0.00,330
2.067,16.66,0.03,0.40,15.62,2.70,0.15,330
2.084,16.66,0.03,0.40,15.61,2.75,0.00,332
2.100,16.62,0.03,0.41,15.68,2.77,0.15,334
2.117,16.72,0.03,0.42,15.59,2.78,0.00,377
2.134,16.71,0.03,0.41,15.60,2.82,0.15,377
2.150,16.58,0.04,0.40,15.61,2.86,0.00,380
2.167,16.66,0.03,0.41,15.66,2.86,0.14,382
2.183,16.67,0.03,0.44,15.62,2.88,0.00,386
2.200,16.77,0.03,0.41,15.62,2.85,0.15,388
2.217,16.60,0.03,0.41,15.65,2.86,0.00,391
2.233,16.64,0.02,0.40,15.69,2.87,0.15,393
2.250,16.67,0.03,0.41,15.76,2.87,0.00,397
2.267,16.67,0.03,0.41,15.82,2.86,0.16,399
2.283,16.67,0.03,0.40,15.69,2.86,0.00,399
2.300,16.67,0.03,0.41,15.80,2.28,0.17,401
2.317,16.67,0.03,0.40,15.70,2.28,0.00,405
2.334,16.67,0.02,0.29,16.16,2.28,0.23,407
2.350,16.71,0.04,0.57,15.77,2.30,0.00,407
2.367,16.63,0.04,0.55,15.81,2.30,0.22,409
2.384,16.68,0.13,0.60,15.50,2.29,0.00,454
2.400,16.67,0.04,0.57,15.68,2.42,0.21,464
2.417,16.65,0.04,0.60,15.57,2.52,0.00,471
2.434,16.67,0.04,0.60,15.69,2.52,0.22,476
2.450,16.70,0.04,0.59,15.69,2.52,0.00,475
2.467,16.67,0.04,0.58,15.69,2.51,0.22,476
2.484,16.69,0.04,0.60,15.52,2.50,0.00,479
2.500,16.60,0.04,0.60,15.89,2.52,0.21,481
2.517,16.68,0.05,0.60,15.57,2.51,0.00,482
2.534,16.73,0.03,0.58,15.63,2.50,0.22,482
2.550,16.61,0.04,0.60,15.58,2.49,0.00,483
2.567,16.74,0.03,0.58,15.55,2.48,0.22,484
2.584,16.60,0.03,0.58,15.71,2.46,0.00,485
2.600,16.63,0.04,0.59,15.65,2.45,0.21,486
2.617,16.68,0.04,0.61,15.67,2.45,0.00,489
2.634,16.68,0.04,0.60,15.62,2.45,0.22,486
2.650,16.65,0.03,0.57,15.61,2.44,0.00,487
2.667,16.67,0.03,0.57,15.67,2.45,0.22,489
2.684,16.66,0.03,0.58,15.69,2.45,0.00,489
2.700,16.68,0.04,0.58,15.70,2.45,0.21,488
2.717,16.67,0.03,0.56,15.64,2.44,0.00,489
2.734,16.65,0.05,0.60,15.86,2.45,0.29,489
2.750,16.68,0.04,0.80,15.68,2.45,0.00,489
2.767,16.64,0.04,0.79,15.71,2.46,0.29,488
2.784,16.71,0.05,0.79,15.73,2.45,0.00,490
2.800,16.69,0.04,0.79,15.65,2.48,0.30,492
2.817,16.63,0.04,0.78,15.70,2.49,0.00,493
2.834,16.65,0.04,0.78,15.81,2.48,0.31,491
2.850,16.74,0.04,0.78,15.52,2.49,0.00,490
2.867,16.62,0.04,0.61,15.90,2.49,0.30,490
2.884,16.65,0.04,0.74,15.71,2.49,0.00,491
2.900,16.68,0.11,0.81,15.65,2.50,0.30,493
2.917,16.66,0.04,0.73,15.69,2.50,0.00,492
2.934,16.75,0.05,0.79,15.71,2.51,0.30,492
2.950,16.68,0.04,0.76,15.56,2.53,0.00,491
2.967,16.65,0.05,0.77,15.65,2.54,0.29,494
2.984,16.63,0.05,0.79,15.58,2.53,0.00,492
3.000,16.73,0.07,0.80,15.62,2.53,0.31,489
3.017,16.60,0.04,0.76,15.73,2.53,0.00,486
3.034,16.65,0.04,0.77,15.91,2.53,0.39,487
3.050,16.85,0.05,0.78,15.50,2.53,0.00,485
3.067,16.51,0.04,0.77,15.73,2.53,0.30,485
3.084,16.66,0.06,0.84,15.56,2.53,0.00,482
3.100,16.65,0.04,0.80,15.62,2.54,0.29,483
3.117,16.73,0.07,0.76,15.55,2.54,0.00,482
3.134,16.61,0.06,0.79,15.68,2.53,0.29,480
3.150,16.64,0.04,0.77,15.66,2.52,0.00,481
3.167,16.69,0.04,0.79,15.71,2.52,0.30,482
3.184,16.66,0.04,0.76,15.76,2.50,0.00,480
3.200,16.66,0.04,0.77,15.81,2.49,0.29,478
3.217,16.76,0.05,0.79,15.54,2.49,0.00,480
3.234,16.61,0.05,0.78,15.82,2.47,0.38,478
3.250,16.78,0.04,0.77,15.60,2.48,0.00,477
3.267,16.52,0.04,0.78,15.75,2.46,0.30,473
3.284,16.69,0.06,0.77,15.71,2.45,0.00,469
3.300,16.68,0.06,0.79,15.65,2.43,0.29,469
3.317,16.63,0.04,0.83,15.66,2.41,0.00,467
3.334,16.71,0.05,0.79,15.65,2.40,0.30,462
3.350,16.65,0.04,0.80,15.61,2.38,0.00,459
3.367,16.67,0.08,0.77,15.66,2.37,0.29,456
3.384,16.67,0.05,0.72,15.71,2.35,0.00,447
3.400,16.67,0.06,0.74,15.79,2.09,0.30,445
3.417,16.70,0.06,0.73,15.75,2.07,0.00,443
3.434,16.65,0.05,0.71,15.89,2.05,0.38,442
3.450,16.80,0.05,0.76,15.61,2.04,0.00,439
3.467,16.54,0.05,0.75,15.73,2.02,0.30,434
3.484,16.64,0.04,0.75,15.69,2.01,0.00,433
3.500,16.69,0.06,0.78,15.73,2.01,0.30,431
3.517,16.69,0.04,0.73,15.68,1.98,0.00,429
3.534,16.64,0.08,1.03,15.66,1.98,0.56,479
3.550,16.88,0.06,0.94,15.27,2.87,0.00,480
3.567,16.46,0.09,0.97,15.45,2.86,0.30,479
3.584,16.68,0.07,0.97,15.39,2.86,0.00,474
3.600,16.66,0.06,0.97,15.48,2.86,0.29,472
3.617,16.71,0.06,0.94,15.37,2.85,0.00,469
3.634,16.63,0.07,0.98,15.51,2.84,0.30,465
3.650,16.67,0.06,0.97,15.43,2.84,0.00,463
3.667,16.72,0.06,0.98,15.45,2.85,0.30,462
3.684,16.59,0.06,1.01,15.53,2.84,0.00,463
3.700,16.73,0.06,1.04,15.53,2.85,0.37,460
3.717,16.80,0.06,1.04,15.28,2.86,0.00,456
3.734,16.52,0.07,1.01,15.42,2.87,0.28,453
3.750,16.62,0.06,0.99,15.49,2.90,0.00,451
3.767,16.66,0.06,1.00,15.64,2.90,0.34,462
3.784,16.84,0.06,1.02,15.35,2.95,0.00,462
3.800,16.57,0.06,1.01,15.45,2.98,0.30,463
3.817,16.64,0.06,0.96,15.47,3.00,0.00,464
3.834,16.68,0.06,1.00,15.44,3.01,0.30,464
3.850,16.66,0.07,0.78,15.61,2.99,0.00,456
3.867,16.65,0.05,0.77,15.71,3.00,0.30,458
3.884,16.64,0.05,0.77,15.66,3.00,0.00,459
3.900,16.75,0.05,0.77,15.65,3.01,0.31,461
3.917,16.65,0.06,0.81,15.59,3.01,0.00,462
3.934,16.63,0.05,0.79,15.95,3.03,0.62,461
3.951,16.90,0.06,0.86,15.09,2.45,0.00,464
3.967,16.44,0.04,0.58,15.70,2.46,0.21,467
3.984,16.67,0.04,0.59,15.60,2.47,0.00,470
4.000,16.66,0.05,0.59,15.66,2.51,0.21,471
4.017,16.68,0.05,0.62,15.48,2.51,0.00,471
4.034,16.73,0.04,0.57,15.61,2.51,0.22,475
4.050,16.63,0.04,0.61,15.51,2.52,0.00,477
4.067,16.63,0.04,0.59,15.67,2.52,0.22,479
4.084,16.66,0.04,0.58,15.55,2.52,0.00,483
4.100,16.67,0.05,0.59,15.65,2.52,0.21,483
4.117,16.67,0.04,0.59,15.58,2.52,0.00,487
4.134,16.66,0.05,0.60,15.60,2.53,0.21,489
4.150,16.70,0.04,0.57,15.67,2.56,0.00,491
4.167,16.65,0.04,0.60,15.68,2.56,0.22,496
4.184,16.66,0.04,0.61,15.89,2.54,0.00,498
4.200,16.66,0.05,1.00,15.33,2.54,0.22,503
4.217,16.69,0.04,0.59,15.58,2.54,0.00,509
4.234,16.66,0.04,0.60,15.66,2.55,0.22,510
4.250,16.68,0.04,0.63,15.65,2.53,0.00,514
4.267,16.67,0.04,0.59,15.73,2.53,0.21,514
4.284,16.72,0.04,0.59,15.61,2.54,0.00,515
4.300,16.62,0.06,0.60,15.79,2.56,0.21,517
4.317,16.72,0.04,0.60,15.53,2.56,0.00,519
4.334,16.61,0.05,0.57,15.65,2.56,0.21,518
4.350,16.73,0.04,0.52,15.56,2.53,0.00,519
4.367,16.64,0.04,0.56,15.91,2.53,0.30,515
4.384,16.62,0.18,0.80,15.48,2.51,0.00,574
4.400,16.67,0.08,0.84,15.60,2.71,0.29,583
4.417,16.67,0.09,0.83,15.58,2.80,0.00,582
4.434,16.67,0.08,0.82,15.53,2.81,0.22,581
4.450,16.67,0.06,0.67,15.83,2.81,0.00,579
4.467,16.68,0.07,0.82,15.62,2.80,0.29,578
4.484,16.63,0.07,0.84,15.54,2.79,0.00,577
4.500,16.71,0.10,0.83,15.66,2.79,0.30,578
4.517,16.70,0.07,0.82,15.56,2.78,0.00,579
4.534,16.62,0.07,0.84,15.65,2.79,0.30,578
4.550,16.67,0.07,0.78,15.61,2.77,0.00,578
4.567,16.68,0.07,0.82,15.65,2.77,0.30,578
4.584,16.65,0.07,0.80,15.59,2.76,0.00,577
4.600,16.67,0.08,0.81,15.66,2.78,0.30,577
4.617,16.65,0.07,0.80,15.61,2.78,0.00,576
4.634,16.77,0.11,0.78,15.54,2.77,0.30,576
4.650,16.62,0.08,0.80,15.58,2.76,0.00,574
4.667,16.64,0.07,0.85,15.62,2.77,0.30,573
4.684,16.65,0.09,0.93,15.47,2.77,0.00,569
4.700,16.68,0.07,0.81,15.74,2.75,0.36,566
4.717,16.76,0.07,0.81,15.52,2.75,0.00,565
4.734,16.73,0.08,0.82,15.52,2.75,0.30,562
4.750,16.52,0.07,0.80,15.65,2.77,0.00,562
4.767,16.71,0.07,0.82,15.70,2.76,0.30,560
4.784,16.71,0.07,0.81,15.55,2.74,0.00,556
4.800,16.56,0.07,0.86,15.70,2.75,0.29,554
4.817,16.76,0.07,0.81,15.55,2.73,0.00,554
4.834,16.61,0.08,0.78,15.74,2.73,0.31,549
4.850,16.72,0.07,0.84,15.51,2.72,0.00,548
4.867,16.61,0.07,0.80,15.74,2.71,0.30,547
4.884,16.73,0.07,0.80,15.54,2.70,0.00,543
4.900,16.60,0.09,0.82,15.67,2.71,0.30,543
4.917,16.68,0.07,0.85,15.36,2.70,0.00,542
4.934,16.64,0.05,0.43,15.62,2.68,0.11,539
4.950,16.69,0.03,0.27,16.40,2.64,0.00,534
4.967,16.86,0.07,0.84,15.48,2.66,0.30,531
4.984,16.50,0.08,0.85,15.24,2.65,0.00,522
5.000,16.63,0.04,0.45,16.30,2.62,0.39,517
5.017,16.92,0.07,0.82,15.44,2.60,0.00,516
5.034,16.44,0.08,0.82,15.76,2.60,0.30,512
5.051,16.78,0.07,0.83,15.44,2.24,0.00,510
5.067,16.54,0.06,0.76,15.72,2.23,0.30,509
5.084,16.65,0.07,0.90,15.68,2.21,0.00,506
5.100,16.76,0.08,0.77,15.92,2.20,0.48,504
5.117,16.90,0.08,0.80,15.39,2.18,0.00,502
5.134,16.40,0.08,0.80,15.70,2.17,0.30,501
5.150,16.72,0.07,0.73,15.56,2.16,0.00,500
5.167,16.66,0.07,0.78,15.55,2.16,0.29,500
5.184,16.65,0.07,0.75,15.62,2.14,0.00,497
5.201,16.73,0.07,0.77,15.65,2.15,0.30,495
5.217,16.61,0.07,0.79,15.54,2.14,0.00,493
5.234,16.69,0.07,0.76,15.61,2.13,0.29,490
5.250,16.61,0.07,0.77,15.55,2.12,0.00,490
5.267,16.71,0.07,0.78,15.61,2.11,0.30,490
5.284,16.62,0.07,0.74,15.74,2.10,0.00,489
5.300,16.68,0.08,0.77,15.77,2.09,0.37,484
5.317,16.73,0.07,0.78,15.56,2.09,0.00,483
5.334,16.59,0.15,0.77,15.56,2.08,0.29,482
5.350,16.66,0.07,0.73,15.77,2.09,0.00,481
5.367,16.71,0.07,0.75,15.92,2.09,0.34,482
5.384,16.85,0.07,0.78,15.60,2.07,0.00,475
5.401,16.58,0.05,0.76,15.72,2.06,0.33,474
5.417,16.66,0.05,0.77,15.54,2.06,0.00,474
5.434,16.69,0.06,0.79,15.55,2.06,0.30,472
5.450,16.50,0.05,0.74,15.72,2.05,0.00,466
5.467,16.79,0.09,0.79,15.57,2.05,0.30,464
5.484,16.55,0.05,0.75,15.68,2.05,0.00,460
5.500,16.69,0.07,0.59,15.97,2.06,0.36,431
5.517,16.73,0.05,0.54,15.86,2.04,0.00,430
5.534,16.56,0.05,0.63,15.89,2.03,0.29,430
5.550,16.69,0.05,0.52,15.89,2.03,0.00,429
5.567,16.74,0.05,0.57,15.86,2.02,0.29,426
5.584,16.58,0.05,0.52,15.89,2.02,0.00,425
5.601,16.74,0.05,0.58,15.83,2.02,0.28,424
5.617,16.72,0.05,0.53,15.78,2.01,0.00,420
5.634,16.56,0.11,0.81,15.76,2.02,0.48,473
5.651,16.78,0.08,0.80,15.44,2.91,0.00,470
5.667,16.56,0.08,0.80,15.58,2.90,0.26,470
5.684,16.66,0.10,0.79,15.58,2.89,0.00,467
5.700,16.67,0.13,0.83,15.64,2.90,0.28,464
5.717,16.72,0.08,0.80,15.53,2.89,0.00,465
5.734,16.62,0.09,0.81,15.59,2.88,0.27,463
5.750,16.67,0.09,0.80,15.51,2.88,0.00,462
5.767,16.75,0.09,0.80,15.51,2.89,0.27,461
5.784,16.65,0.08,0.81,15.49,2.88,0.00,459
5.801,16.70,0.09,0.81,15.63,2.86,0.26,459
5.817,16.65,0.09,0.85,15.48,2.85,0.00,462
5.834,16.57,0.08,0.85,15.58,2.86,0.27,462
5.851,16.74,0.08,0.83,15.59,2.87,0.00,460
5.867,16.64,0.09,0.87,15.54,2.86,0.28,462
5.884,16.62,0.08,0.85,15.62,2.86,0.00,462
5.900,16.66,0.08,0.89,15.67,2.86,0.27,464
5.917,16.77,0.08,0.83,15.42,2.87,0.00,463
5.934,16.64,0.12,0.84,15.53,2.85,0.27,467
5.950,16.59,0.08,0.82,15.63,2.89,0.00,470
5.967,16.70,0.08,0.87,15.53,2.88,0.27,471
5.984,16.67,0.09,0.84,15.55,2.88,0.00,470
6.001,16.74,0.08,0.82,15.58,2.88,0.27,471
6.017,16.59,0.08,0.83,15.56,2.87,0.00,472
6.034,16.73,0.08,0.83,15.51,2.87,0.27,470
6.051,16.69,0.11,0.84,15.51,2.29,0.00,472
6.067,16.57,0.09,0.88,15.52,2.29,0.26,475
6.084,16.75,0.08,0.83,15.55,2.28,0.00,477
6.101,16.63,0.08,0.83,15.60,2.32,0.27,482
6.117,16.62,0.08,0.82,15.56,2.31,0.00,482
6.134,16.71,0.08,0.83,15.58,2.32,0.27,484
6.151,16.68,0.07,0.81,15.58,2.31,0.00,485
6.167,16.65,0.07,0.81,15.60,2.33,0.27,489
6.184,16.67,0.07,0.84,15.55,2.33,0.00,489
6.200,16.67,0.08,0.88,15.64,2.33,0.27,489
6.217,16.72,0.07,0.80,15.53,2.34,0.00,491
6.234,16.62,0.10,0.84,15.60,2.34,0.26,495
6.251,16.66,0.07,0.86,15.52,2.37,0.00,496
6.267,16.67,0.09,0.84,15.53,2.37,0.26,499
6.284,16.72,0.13,0.79,15.54,2.37,0.00,501
6.300,16.59,0.09,0.84,15.61,2.37,0.27,503
6.317,16.70,0.09,0.80,15.67,2.38,0.00,505
6.334,16.67,0.09,0.86,15.54,2.38,0.27,509
6.351,16.65,0.09,0.76,15.56,2.40,0.00,510
6.367,16.68,0.09,0.79,15.76,2.40,0.27,510
6.384,16.77,0.20,0.85,15.38,2.39,0.00,557
6.400,16.54,0.08,0.92,15.52,2.57,0.27,562
6.417,16.69,0.08,0.85,15.53,2.63,0.00,562
6.434,16.73,0.08,0.89,15.45,2.63,0.27,564
6.451,16.60,0.08,0.87,15.59,2.63,0.00,564
6.467,16.65,0.09,0.86,15.52,2.63,0.26,565
6.484,16.70,0.08,0.86,15.59,2.63,0.00,567
6.501,16.65,0.09,0.87,15.54,2.65,0.26,568
6.517,16.77,0.10,0.87,15.44,2.64,0.00,569
6.534,16.59,0.10,0.87,15.50,2.65,0.26,568
6.551,16.65,0.08,0.90,15.51,2.65,0.00,569
6.567,16.67,0.08,0.88,15.58,2.66,0.28,568
6.584,16.68,0.08,0.92,15.48,2.67,0.00,566
6.601,16.66,0.07,0.92,15.55,2.68,0.29,567
6.617,16.66,0.07,0.89,15.51,2.68,0.00,565
6.634,16.73,0.08,0.85,15.61,2.68,0.30,567
6.651,16.64,0.07,0.89,15.49,2.68,0.00,567
6.667,16.64,0.10,0.88,15.56,2.68,0.30,567
6.684,16.64,0.08,0.89,15.52,2.68,0.00,568
6.701,16.75,0.11,0.88,15.66,2.70,0.36,569
6.717,16.76,0.08,0.87,15.38,2.70,0.00,568
6.734,16.54,0.08,0.86,15.58,2.70,0.30,567
6.751,16.63,0.07,0.84,15.54,2.70,0.00,564
6.767,16.73,0.08,0.86,15.65,2.70,0.31,565
6.784,16.72,0.08,0.92,15.40,2.70,0.00,566
6.801,16.71,0.08,0.90,15.36,2.70,0.30,567
6.817,16.57,0.07,0.87,15.47,2.70,0.00,569
6.834,16.62,0.08,0.90,15.55,2.71,0.30,571
6.851,16.64,0.07,0.88,15.55,2.72,0.00,567
6.867,16.70,0.08,0.89,15.50,2.72,0.29,567
6.884,16.74,0.07,0.83,15.52,2.71,0.00,564
6.901,16.75,0.08,0.87,15.44,2.71,0.30,564
6.917,16.51,0.08,0.89,15.52,2.70,0.00,561
6.934,16.68,0.08,0.90,15.58,2.70,0.30,558
6.951,16.67,0.08,0.93,15.55,2.70,0.00,559
6.967,16.68,0.08,0.92,15.59,2.70,0.29,558
6.984,16.72,0.10,1.17,15.11,2.69,0.00,610
7.001,16.62,0.21,1.17,15.41,3.55,0.53,611
7.018,16.96,0.12,1.17,14.89,3.53,0.00,608
7.034,16.35,0.09,1.23,15.19,3.53,0.30,602
7.051,16.68,0.09,1.12,15.26,3.52,0.00,599
7.067,16.66,0.10,1.19,15.28,3.53,0.30,596
7.084,16.67,0.10,1.17,15.23,3.52,0.00,595
7.101,16.67,0.09,1.18,15.29,3.52,0.30,586
7.117,16.67,0.09,1.21,15.25,3.51,0.00,580
7.134,16.67,0.11,1.26,15.12,3.50,0.29,574
7.151,16.69,0.10,1.19,15.15,3.13,0.00,573
7.167,16.67,0.15,1.19,15.12,3.12,0.28,572
7.184,16.65,0.11,1.22,15.16,3.15,0.00,571
7.201,16.67,0.09,1.19,15.31,3.15,0.29,571
7.217,16.73,0.10,1.23,15.10,3.15,0.00,573
7.234,16.61,0.09,1.20,15.29,3.17,0.30,574
7.251,16.69,0.10,1.24,15.12,3.17,0.00,576
7.267,16.71,0.09,1.21,15.18,3.20,0.30,576
7.284,16.60,0.09,1.22,15.11,3.21,0.00,578
7.301,16.76,0.13,1.21,15.11,3.25,0.30,582
7.317,16.56,0.09,1.19,15.22,3.26,0.00,584
7.334,16.70,0.10,1.20,15.23,3.27,0.29,586
7.351,16.65,0.11,1.24,15.21,3.28,0.00,584
7.367,16.67,0.09,1.25,15.27,3.28,0.30,585
7.384,16.74,0.09,1.26,15.11,3.29,0.00,586
7.401,16.60,0.09,1.28,15.79,2.73,0.56,588
7.418,17.31,0.10,1.41,14.28,2.74,0.00,591
7.434,16.24,0.12,0.98,15.52,2.75,0.36,595
7.451,16.75,0.09,1.25,14.91,2.79,0.00,597
7.467,16.37,0.09,1.24,15.31,2.81,0.30,598
7.484,16.78,0.09,1.29,14.98,2.81,0.00,598
7.501,16.58,0.09,1.23,15.22,2.82,0.29,601
7.517,16.64,0.09,1.19,15.24,2.84,0.00,601
7.534,16.69,0.08,1.25,15.18,2.85,0.30,601
7.551,16.68,0.09,1.19,15.23,2.85,0.00,603
7.567,16.67,0.09,1.22,15.32,2.86,0.30,603
7.584,16.74,0.09,1.24,15.04,2.87,0.00,605
7.601,16.65,0.09,0.98,15.40,2.92,0.30,600
7.617,16.58,0.09,1.02,15.41,2.92,0.00,602
7.634,16.70,0.10,1.00,15.52,2.92,0.29,603
7.651,16.73,0.09,0.96,15.35,2.93,0.00,603
7.667,16.59,0.10,1.02,15.38,2.93,0.29,604
7.684,16.68,0.13,0.99,15.31,2.93,0.00,604
7.701,16.73,0.09,0.98,15.42,2.92,0.29,606
7.717,16.61,0.11,1.00,15.38,2.93,0.00,606
7.734,16.66,0.09,1.00,15.64,2.93,0.37,609
7.751,16.85,0.09,0.93,15.23,2.96,0.00,610
7.767,16.56,0.09,0.99,15.42,2.96,0.29,612
7.784,16.61,0.08,0.99,15.43,2.96,0.00,613
7.801,16.62,0.08,0.98,15.59,2.96,0.30,615
7.817,16.77,0.09,0.99,15.26,2.95,0.00,614
7.834,16.67,0.08,0.97,15.44,2.96,0.31,614
7.851,16.61,0.09,1.01,15.37,2.96,0.00,613
7.867,16.65,0.08,1.02,15.45,2.94,0.30,613
7.884,16.66,0.10,0.97,15.40,2.93,0.00,614
7.901,16.67,0.09,0.96,15.71,2.97,0.38,614
7.918,16.89,0.09,0.97,15.22,2.96,0.00,615
7.934,16.61,0.09,0.99,15.32,2.96,0.30,616
7.951,16.51,0.08,0.99,15.44,2.95,0.00,616
7.967,16.64,0.09,1.02,15.58,2.94,0.30,615
7.984,16.80,0.09,0.94,15.36,2.93,0.00,616
8.001,16.63,0.09,0.95,15.38,2.93,0.28,617
8.017,16.66,0.09,0.94,15.41,2.93,0.00,617
8.034,16.62,0.15,1.01,15.44,2.92,0.31,617
8.051,16.76,0.09,0.96,15.41,2.96,0.00,618
8.067,16.58,0.09,1.03,15.35,2.95,0.26,619
8.084,16.72,0.08,0.96,15.38,2.95,0.00,619
8.101,16.76,0.12,0.94,15.24,2.95,0.24,621
8.117,16.56,0.08,0.93,15.41,2.95,0.00,632
8.134,16.61,0.09,0.97,15.42,2.96,0.22,634
8.151,16.68,0.09,0.93,15.44,2.97,0.00,636
8.167,16.65,0.08,0.94,15.44,2.97,0.21,634
8.184,16.73,0.09,0.92,15.40,2.97,0.00,635
8.201,16.61,0.08,0.94,15.67,2.98,0.27,634
8.218,16.84,0.08,0.97,15.34,2.96,0.00,633
8.234,16.51,0.10,0.97,15.40,2.97,0.29,632
8.251,16.65,0.11,0.94,15.55,2.96,0.00,633
8.267,16.71,0.08,0.94,15.48,2.97,0.30,631
8.284,16.60,0.08,0.92,15.56,2.95,0.00,631
8.301,16.67,0.08,1.01,15.49,2.97,0.30,631
8.317,16.70,0.08,0.98,15.42,2.95,0.00,630
8.334,16.67,0.09,0.94,15.51,2.95,0.30,629
8.351,16.64,0.09,0.84,15.65,2.97,0.00,629
8.367,16.71,0.09,0.84,15.69,2.97,0.29,629
8.384,16.75,0.19,0.92,15.25,2.97,0.00,646
8.401,16.56,0.10,0.98,15.43,3.12,0.29,651
8.417,16.67,0.09,0.88,15.61,3.18,0.00,651
8.434,16.70,0.09,0.93,15.50,3.18,0.29,649
8.451,16.63,0.08,0.92,15.50,3.17,0.00,643
8.467,16.69,0.09,0.94,15.62,3.15,0.37,634
8.484,16.78,0.09,0.91,15.37,3.15,0.00,627
8.501,16.56,0.08,0.87,15.61,2.73,0.30,625
8.517,16.67,0.09,0.92,15.37,2.72,0.00,626
8.534,16.66,0.11,0.90,15.55,2.71,0.29,625
8.551,16.66,0.08,0.92,15.57,2.71,0.00,623
8.567,16.67,0.10,0.93,15.47,2.69,0.29,623
8.584,16.69,0.08,0.89,15.46,2.68,0.00,624
8.601,16.66,0.10,0.88,15.53,2.69,0.30,624
8.617,16.63,0.09,0.89,15.48,2.66,0.00,624
8.634,16.69,0.10,0.87,15.58,2.66,0.29,622
8.651,16.66,0.08,0.87,15.54,2.66,0.00,622
8.667,16.68,0.08,0.90,15.58,2.65,0.30,622
8.684,16.66,0.10,0.88,15.49,2.62,0.00,620
8.701,16.69,0.10,0.88,15.59,2.61,0.30,620
8.717,16.68,0.08,0.90,15.52,2.60,0.00,619
8.734,16.63,0.08,0.91,15.56,2.57,0.30,617
8.751,16.66,0.08,0.88,15.56,2.57,0.00,616
8.767,16.69,0.08,0.88,15.61,2.55,0.30,614
8.784,16.69,0.09,0.89,15.51,2.53,0.00,614
8.801,16.62,0.09,0.89,15.61,2.55,0.30,612
8.817,16.70,0.08,0.86,15.52,2.53,0.00,610
8.834,16.72,0.08,0.89,15.50,2.52,0.30,603
8.851,16.63,0.09,0.85,15.51,2.50,0.00,602
8.867,16.65,0.10,0.89,15.65,2.49,0.29,601
8.884,16.77,0.08,0.87,15.41,2.47,0.00,598
8.901,16.57,0.08,0.98,15.50,2.47,0.29,590
8.917,16.67,0.08,0.90,15.45,2.45,0.00,588
8.934,16.68,0.30,1.26,15.77,2.42,1.14,643
8.952,17.45,0.10,0.94,14.65,3.42,0.00,603
8.967,15.87,0.12,1.00,15.49,3.40,0.29,603
8.984,16.71,0.10,0.94,15.38,3.39,0.00,601
9.001,16.72,0.11,1.00,15.41,3.38,0.30,604
9.017,16.61,0.10,0.97,15.38,3.39,0.00,580
9.034,16.64,0.12,1.00,15.43,3.36,0.30,581
9.051,16.64,0.10,0.93,15.45,3.34,0.00,582
9.067,16.69,0.11,1.04,15.36,3.36,0.30,584
9.084,16.79,0.11,0.98,15.24,3.36,0.00,584
9.101,16.55,0.10,1.00,15.46,3.34,0.30,585
9.117,16.67,0.13,1.04,15.31,3.34,0.00,586
9.134,16.80,0.11,1.01,15.30,3.37,0.30,586
9.151,16.53,0.12,1.02,15.31,3.38,0.00,587
9.167,16.67,0.10,0.98,15.56,3.38,0.36,596
9.184,16.76,0.10,0.99,15.30,3.41,0.00,597
9.201,16.58,0.10,1.02,15.46,3.42,0.30,599
9.217,16.69,0.11,1.06,15.39,3.45,0.00,602
9.234,16.69,0.11,1.17,15.29,3.46,0.30,604
9.251,16.70,0.10,1.01,15.26,3.48,0.00,606
9.268,16.67,0.11,1.04,15.44,3.50,0.29,606
9.284,16.71,0.10,1.07,15.36,3.50,0.00,606
9.301,16.65,0.10,1.04,15.42,3.52,0.29,607
9.318,16.70,0.10,1.04,15.41,3.52,0.00,608
9.334,16.69,0.10,1.04,15.35,3.54,0.29,608
9.351,16.63,0.10,1.06,15.35,2.96,0.00,608
9.368,16.67,0.10,1.12,15.25,2.97,0.29,611
9.384,16.60,0.10,1.05,15.40,2.97,0.00,614
9.401,16.69,0.11,1.08,15.55,3.01,0.37,616
9.418,16.89,0.11,1.10,15.05,3.02,0.00,620
9.434,16.40,0.10,1.07,15.59,3.03,0.35,619
9.451,16.89,0.10,1.08,15.18,3.03,0.00,621
9.468,16.51,0.10,1.04,15.44,3.05,0.33,625
9.484,16.72,0.10,1.06,15.27,3.04,0.00,628
9.501,16.57,0.15,1.04,15.55,3.06,0.33,629
9.518,16.88,0.10,1.07,15.18,3.07,0.00,631
9.534,16.49,0.10,1.06,15.40,3.07,0.29,633
9.551,16.72,0.10,1.02,15.37,3.10,0.00,636
9.568,16.63,0.10,1.02,15.42,3.11,0.29,640
9.584,16.67,0.09,1.02,15.28,3.12,0.00,643
9.601,16.59,0.09,1.06,15.42,3.12,0.29,642
9.617,16.69,0.10,0.98,15.45,3.14,0.00,647
9.634,16.64,0.11,1.05,15.52,3.13,0.34,655
9.651,16.83,0.10,1.04,15.26,3.14,0.00,656
9.667,16.54,0.09,1.02,15.56,3.15,0.33,659
9.684,16.84,0.10,1.03,15.22,3.15,0.00,661
9.701,16.49,0.09,1.06,15.55,3.18,0.34,660
9.718,16.84,0.10,1.00,15.23,3.19,0.00,663
9.734,16.46,0.09,1.00,15.51,3.19,0.31,666
9.751,16.74,0.09,1.06,15.29,3.20,0.00,666
9.767,16.63,0.12,1.01,15.52,3.19,0.31,668
9.784,16.78,0.09,1.01,15.38,3.20,0.00,670
9.801,16.60,0.11,1.09,15.38,3.20,0.30,670
9.818,16.72,0.10,0.99,15.42,3.21,0.00,672
9.834,16.65,0.11,1.01,15.50,3.21,0.34,671
9.851,16.77,0.10,0.98,15.24,3.25,0.00,670
9.867,16.45,0.09,0.96,15.72,3.25,0.37,678
9.884,16.91,0.10,0.98,15.32,3.25,0.00,678
9.901,16.55,0.13,0.99,15.50,3.25,0.33,678
9.918,16.76,0.10,0.95,15.34,3.24,0.00,678
9.934,16.53,0.10,0.98,15.44,3.24,0.30,677
9.951,16.65,0.11,0.98,15.43,3.25,0.00,676
9.968,16.65,0.09,0.98,15.46,3.25,0.29,674
9.984,16.66,0.09,0.92,15.47,3.25,0.00,673
10.001,16.68,0.09,0.95,15.48,3.28,0.30,673
10.017,16.63,0.10,0.96,15.44,3.28,0.00,672
10.034,16.69,0.10,0.93,15.48,3.28,0.29,669
10.051,16.70,0.11,0.90,15.48,3.28,0.00,665
10.068,16.66,0.12,0.94,15.48,3.28,0.30,663
10.084,16.65,0.09,0.90,15.52,3.28,0.00,661
10.101,16.67,0.09,0.91,15.55,3.28,0.29,660
10.118,16.68,0.10,0.95,15.52,3.27,0.00,661
10.134,16.69,0.11,0.91,15.50,3.27,0.31,662
10.151,16.65,0.09,0.96,15.43,3.37,0.00,660
10.168,16.66,0.09,0.92,15.50,3.37,0.30,656
10.184,16.67,0.10,0.91,15.48,3.37,0.00,653
10.201,16.81,0.09,0.93,15.54,3.37,0.38,654
10.218,16.68,0.09,0.89,15.50,3.37,0.00,660
10.234,16.61,0.09,0.93,15.48,3.38,0.28,658
10.251,16.62,0.12,0.93,15.43,3.41,0.00,654
10.268,16.62,0.09,0.91,15.65,3.40,0.33,651
10.284,16.84,0.10,0.94,15.33,3.40,0.00,647
10.301,16.51,0.11,0.93,15.76,3.37,0.51,643
10.318,16.93,0.10,0.92,15.29,3.36,0.00,638
10.334,16.46,0.09,0.92,15.68,3.35,0.29,631
10.351,16.82,0.09,0.85,15.38,3.35,0.00,624
10.368,16.44,0.09,0.87,15.72,3.33,0.37,620
10.384,16.80,0.21,0.88,15.43,3.31,0.00,645
10.401,16.67,0.09,0.92,15.49,3.48,0.29,651
10.418,16.63,0.09,0.90,15.47,3.62,0.00,647
10.434,16.60,0.10,0.91,15.61,3.60,0.36,640
10.451,16.76,0.09,0.94,15.40,2.81,0.00,641
10.468,16.57,0.09,0.91,15.47,2.81,0.29,641
10.484,16.65,0.09,0.95,15.57,2.79,0.00,641
10.501,16.77,0.09,0.90,15.47,2.78,0.29,639
10.518,16.56,0.10,0.88,15.61,2.77,0.00,636
10.534,16.73,0.10,0.89,15.57,2.75,0.29,637
10.551,16.70,0.09,0.88,15.49,2.74,0.00,636
10.568,16.58,0.09,0.88,15.72,2.73,0.35,637
10.584,16.85,0.10,0.91,15.41,2.72,0.00,634
10.601,16.55,0.09,0.91,15.56,2.73,0.31,633
10.618,16.69,0.09,0.87,15.55,2.71,0.00,633
10.634,16.65,0.09,0.89,15.68,2.70,0.38,632
10.651,16.80,0.09,0.87,15.45,2.69,0.00,632
10.668,16.55,0.12,0.98,15.49,2.67,0.30,631
10.684,16.73,0.09,0.88,15.56,2.66,0.00,630
10.701,16.69,0.09,0.90,15.56,2.66,0.36,630
10.718,16.70,0.09,0.88,15.40,2.65,0.00,630
10.734,16.50,0.10,0.95,15.59,2.64,0.33,630
10.751,16.79,0.09,0.89,15.54,2.66,0.00,629
10.768,16.66,0.09,1.03,15.45,2.65,0.38,629
10.784,16.72,0.09,0.89,15.38,2.64,0.00,628
10.801,16.50,0.08,0.91,15.63,2.63,0.31,626
10.818,16.75,0.09,0.93,15.44,2.63,0.00,625
10.834,16.59,0.09,0.91,15.43,2.62,0.22,624
10.851,16.66,0.07,0.65,15.87,2.61,0.00,621
10.868,16.72,0.09,0.87,15.62,2.62,0.30,620
10.884,16.71,0.09,0.91,15.25,2.61,0.00,618
10.901,16.57,0.09,0.49,16.18,2.63,0.39,617
10.918,16.93,0.09,0.63,15.62,2.62,0.00,617
10.934,16.47,0.09,0.66,15.89,2.63,0.29,617
10.951,16.77,0.09,0.62,15.65,2.63,0.00,616
10.968,16.49,0.08,0.70,15.89,2.62,0.34,615
10.984,16.81,0.13,0.70,15.56,2.62,0.00,614
11.001,16.53,0.20,0.64,15.94,2.62,0.38,614
11.018,16.91,0.09,0.60,15.64,2.62,0.00,615
11.034,16.45,0.09,0.60,15.98,2.63,0.30,614
11.051,16.80,0.09,0.59,15.65,2.65,0.00,615
11.068,16.56,0.09,0.63,16.33,2.65,0.63,616
11.085,17.18,0.43,0.64,15.06,2.66,0.00,614
11.101,16.24,0.09,0.68,15.74,2.66,0.30,616
11.118,16.63,0.09,0.67,15.71,2.66,0.00,615
11.134,16.61,0.09,0.65,15.83,2.67,0.31,613
11.151,16.69,0.12,0.66,15.77,2.66,0.00,609
11.168,16.70,0.08,0.70,16.08,2.65,0.39,607
11.185,17.00,0.09,0.78,15.39,2.66,0.00,604
11.201,16.42,0.13,0.67,15.68,2.68,0.31,603
11.218,16.61,0.08,0.63,15.75,2.68,0.00,604
11.234,16.60,0.10,0.79,15.77,2.69,0.33,602
11.251,16.80,0.08,0.66,15.73,2.67,0.00,601
11.268,16.62,0.09,0.65,15.72,2.65,0.30,585
11.284,16.57,0.08,0.64,15.83,2.65,0.00,585
11.301,16.71,0.09,0.63,15.95,2.63,0.31,582
11.318,16.88,0.08,0.64,15.59,2.62,0.00,580
11.334,16.44,0.09,0.61,15.89,2.62,0.30,578
11.351,16.72,0.08,0.69,15.76,2.62,0.00,579
11.368,16.68,0.08,0.65,15.76,2.61,0.29,578
11.384,16.62,0.10,0.62,15.73,2.60,0.00,578
11.401,16.63,0.09,0.62,15.79,2.61,0.29,578
11.418,16.68,0.08,0.61,15.89,2.59,0.00,579
11.434,16.71,0.08,0.64,15.88,2.59,0.30,579
11.451,16.71,0.08,0.69,15.67,2.58,0.00,579
11.468,16.58,0.08,0.63,16.11,2.57,0.43,579
11.485,16.97,0.09,0.65,15.39,2.57,0.00,580
11.501,16.42,0.09,0.71,15.81,2.57,0.29,579
11.518,16.73,0.08,0.62,15.69,2.56,0.00,578
11.534,16.57,0.15,0.66,15.70,2.56,0.29,575
11.551,16.63,0.08,0.62,15.85,2.54,0.00,574
11.568,16.67,0.08,0.61,16.03,2.53,0.29,575
11.584,16.83,0.08,0.61,15.75,2.53,0.00,573
11.601,16.57,0.08,0.59,15.92,2.52,0.30,572
11.618,16.73,0.08,0.62,15.88,2.50,0.00,571
11.634,16.74,0.09,0.72,15.75,2.50,0.37,570
11.651,16.70,0.08,0.69,15.62,2.51,0.00,568
11.668,16.52,0.08,0.69,15.90,2.50,0.39,566
11.685,16.81,0.08,0.68,15.68,2.50,0.00,565
11.701,16.58,0.08,0.61,15.88,2.48,0.29,564
11.718,16.73,0.08,0.67,15.59,2.48,0.00,566
11.734,16.48,0.08,0.63,15.89,2.47,0.31,564
11.751,16.73,0.07,0.65,15.68,2.46,0.00,562
11.768,16.64,0.08,0.64,15.87,2.45,0.30,559
11.784,16.72,0.08,0.68,15.71,2.45,0.00,557
11.801,16.60,0.08,0.64,15.87,2.46,0.30,557
11.818,16.69,0.07,0.64,15.76,2.46,0.00,556
11.834,16.67,0.09,0.70,15.76,2.46,0.30,555
11.851,16.66,0.08,0.62,15.77,2.45,0.00,553
11.868,16.67,0.08,0.65,15.74,2.44,0.28,552
11.884,16.73,0.08,0.58,15.68,2.43,0.00,545
11.901,16.61,0.08,0.66,15.92,2.43,0.29,542
11.918,16.77,0.07,0.63,15.66,2.42,0.00,538
11.934,16.56,0.08,0.63,15.96,2.42,0.30,538
11.951,16.79,0.08,0.67,15.67,2.44,0.00,534
11.968,16.53,0.08,0.65,15.91,2.43,0.33,533
11.984,16.80,0.10,0.65,15.67,2.43,0.00,531
12.001,16.55,0.08,0.62,15.85,2.42,0.30,530
12.018,16.68,0.07,0.65,15.70,2.42,0.00,529
12.034,16.65,0.07,0.65,15.89,2.42,0.30,528
12.051,16.73,0.07,0.62,15.73,2.41,0.00,524
12.068,16.61,0.09,0.68,15.78,2.41,0.29,523
12.084,16.67,0.09,0.64,15.80,2.40,0.00,521
12.101,16.64,0.09,0.68,15.74,2.42,0.29,519
12.118,16.70,0.07,0.61,15.78,2.41,0.00,518
12.134,16.77,0.08,0.64,15.76,2.41,0.30,518
12.151,16.57,0.07,0.66,15.72,2.41,0.00,514
12.168,16.66,0.07,0.64,15.89,2.40,0.30,513
12.184,16.71,0.07,0.60,15.75,2.39,0.00,513
12.201,16.62,0.09,0.69,15.75,2.38,0.30,512
12.218,16.69,0.07,0.62,15.75,2.38,0.00,510
12.234,16.74,0.09,0.67,15.73,2.37,0.29,510
12.251,16.59,0.07,0.65,15.76,2.38,0.00,509
12.268,16.66,0.09,0.67,15.75,2.38,0.30,507
12.284,16.70,0.08,0.63,15.69,2.36,0.00,506
12.301,16.63,0.08,0.63,15.78,2.36,0.29,503
12.318,16.67,0.09,0.62,15.76,2.34,0.00,503
12.334,16.67,0.09,0.65,15.79,2.34,0.30,500
12.351,16.63,0.08,0.53,15.86,2.33,0.00,499
12.368,16.72,0.10,0.54,15.83,2.33,0.29,498
12.384,16.65,0.20,0.59,15.67,2.31,0.00,513
12.401,16.69,0.10,0.62,15.86,2.44,0.30,515
12.418,16.71,0.07,0.59,15.70,2.44,0.00,514
12.434,16.67,0.11,0.62,15.71,2.42,0.29,512
12.451,16.71,0.08,0.59,15.70,2.42,0.00,512
12.468,16.60,0.10,0.61,15.95,2.42,0.37,512
12.485,16.79,0.08,0.64,15.61,2.42,0.00,511
12.501,16.51,0.08,0.60,16.07,2.41,0.39,509
12.518,16.87,0.08,0.60,15.70,2.42,0.00,509
12.534,16.49,0.11,0.90,15.87,2.42,0.61,546
12.551,17.01,0.10,0.91,15.05,3.29,0.00,551
12.568,16.37,0.10,0.95,15.44,3.33,0.30,553
12.584,16.62,0.11,0.91,15.42,3.34,0.00,552
12.601,16.64,0.13,0.95,15.49,3.34,0.30,550
12.618,16.69,0.10,0.96,15.38,3.34,0.00,549
12.634,16.72,0.13,0.94,15.32,3.35,0.29,547
12.651,16.68,0.09,0.90,15.42,3.35,0.00,552
12.668,16.60,0.09,0.96,15.59,3.36,0.31,550
12.684,16.75,0.10,0.93,15.40,3.35,0.00,550
12.701,16.57,0.09,0.97,15.56,3.39,0.31,548
12.718,16.73,0.09,0.96,15.38,3.38,0.00,548
12.734,16.62,0.09,0.95,15.58,3.38,0.31,544
12.751,16.73,0.09,0.97,15.35,3.38,0.00,544
12.768,16.60,0.09,0.93,15.55,3.40,0.30,541
12.784,16.69,0.11,0.98,15.38,3.39,0.00,539
12.801,16.65,0.09,0.95,15.51,3.40,0.30,541
12.818,16.66,0.09,0.95,15.43,3.41,0.00,542
12.834,16.74,0.09,0.95,15.42,3.44,0.30,542
12.851,16.62,0.09,0.95,15.40,3.44,0.00,542
12.868,16.65,0.09,1.00,15.46,3.44,0.30,544
12.884,16.65,0.08,0.92,15.48,3.46,0.00,542
12.901,16.68,0.09,1.01,15.40,3.45,0.30,541
12.918,16.77,0.08,0.95,15.31,3.45,0.00,544
12.934,16.57,0.10,0.98,15.43,3.47,0.29,548
12.951,16.73,0.08,0.95,15.36,2.89,0.00,547
12.968,16.61,0.10,0.94,15.51,2.89,0.30,545
12.984,16.66,0.08,0.96,15.46,2.92,0.00,545
13.001,16.70,0.11,0.96,15.44,2.91,0.30,547
13.018,16.62,0.10,0.93,15.43,2.92,0.00,546
13.034,16.75,0.13,0.94,15.34,2.90,0.28,543
13.051,16.67,0.08,0.91,15.46,2.90,0.00,542
13.068,16.58,0.10,0.99,15.65,2.90,0.35,543
13.085,16.87,0.09,0.99,15.28,2.90,0.00,544
13.101,16.50,0.09,0.95,15.48,2.89,0.28,542
13.118,16.64,0.08,0.97,15.43,2.91,0.00,544
13.134,16.75,0.08,0.94,15.48,2.91,0.27,543
13.151,16.60,0.08,0.97,15.42,2.90,0.00,543
13.168,16.73,0.09,0.95,15.35,2.90,0.26,541
13.184,16.64,0.09,0.91,15.45,2.89,0.00,541
13.201,16.63,0.08,0.97,15.44,2.89,0.27,541
13.218,16.67,0.09,0.95,15.43,2.89,0.00,540
13.234,16.67,0.09,0.97,15.57,2.89,0.28,543
13.251,16.74,0.12,1.18,15.14,2.88,0.00,601
13.268,16.60,0.10,1.18,15.48,3.78,0.51,603
13.285,16.89,0.10,1.17,14.99,3.77,0.00,605
13.301,16.42,0.10,1.22,15.15,3.77,0.26,606
13.318,16.74,0.10,1.15,15.10,3.77,0.00,609
13.335,16.68,0.12,1.18,15.15,3.77,0.27,611
13.351,16.55,0.10,1.17,15.22,3.77,0.00,614
13.368,16.78,0.15,1.15,15.11,3.77,0.27,612
13.385,16.65,0.11,1.20,15.10,3.75,0.00,613
13.401,16.66,0.11,1.20,15.27,3.74,0.27,616
13.418,16.70,0.11,1.19,15.16,3.73,0.00,618
13.434,16.58,0.10,1.20,15.19,3.74,0.26,620
13.451,16.67,0.13,1.17,15.18,3.73,0.00,621
13.468,16.66,0.10,1.20,15.17,3.73,0.27,623
13.485,16.75,0.10,1.13,15.24,3.74,0.00,624
13.501,16.59,0.17,1.25,15.17,3.74,0.27,627
13.518,16.69,0.10,1.20,15.14,3.75,0.00,628
13.534,16.64,0.10,1.17,15.19,3.74,0.26,629
13.551,16.74,0.10,1.21,15.10,3.77,0.00,629
13.568,16.60,0.11,1.23,15.14,3.77,0.26,631
13.585,16.74,0.10,1.20,15.06,3.76,0.00,632
13.601,16.68,0.10,1.19,15.31,3.76,0.26,633
13.618,16.72,0.10,1.19,15.08,3.76,0.00,634
13.634,16.54,0.10,1.17,15.27,3.76,0.27,635
13.651,16.65,0.11,1.20,15.15,3.75,0.00,637
13.668,16.76,0.13,1.20,15.09,3.63,0.27,635
13.685,16.65,0.10,1.18,15.15,3.17,0.00,638
13.701,16.63,0.13,1.18,15.18,3.20,0.26,637
13.718,16.76,0.10,1.22,15.04,3.19,0.00,638
13.734,16.57,0.09,1.17,15.32,3.20,0.27,640
13.751,16.71,0.09,1.20,15.16,3.19,0.00,640
13.768,16.78,0.14,1.19,14.99,3.18,0.28,639
13.784,16.54,0.09,1.15,15.23,3.18,0.00,639
13.801,16.66,0.09,1.26,15.30,3.18,0.35,638
13.818,16.79,0.10,1.15,15.10,3.18,0.00,638
13.834,16.54,0.09,1.28,15.16,3.22,0.28,637
13.851,16.64,0.09,1.15,15.23,3.21,0.00,637
13.868,16.70,0.14,1.20,15.11,3.21,0.26,637
13.885,16.73,0.09,1.18,15.13,3.21,0.00,635
13.901,16.67,0.09,1.16,15.15,3.21,0.26,634
13.918,16.68,0.09,1.19,15.12,3.20,0.00,633
13.934,16.59,0.10,1.18,15.28,3.19,0.28,631
13.951,16.67,0.09,1.18,15.20,3.20,0.00,628
13.968,16.66,0.09,1.16,15.25,3.20,0.27,629
13.985,16.69,0.09,1.14,15.26,3.22,0.00,622
14.001,16.66,0.11,1.15,15.27,3.21,0.26,612
14.018,16.65,0.09,1.28,15.07,3.19,0.00,602
14.035,16.74,0.12,1.16,15.13,3.18,0.27,599
14.051,16.60,0.09,1.12,15.26,2.84,0.00,598
14.068,16.66,0.08,1.14,15.31,2.84,0.27,598
14.084,16.64,0.11,1.14,15.32,2.83,0.00,597
14.101,16.67,0.11,1.15,15.25,2.83,0.26,601
14.118,16.77,0.09,1.16,15.15,2.86,0.00,601
14.135,16.59,0.08,1.20,15.19,2.85,0.26,601
14.151,16.72,0.09,1.15,15.18,2.85,0.00,602
14.168,16.69,0.09,1.15,15.20,2.84,0.27,601
14.185,16.67,0.09,1.11,15.22,2.83,0.00,599
14.201,16.72,0.09,1.16,15.19,2.83,0.27,599
14.218,16.54,0.09,1.11,15.27,2.83,0.00,598
14.235,16.74,0.12,1.18,15.17,2.83,0.28,597
14.251,16.58,0.09,1.10,15.25,2.82,0.00,596
14.268,16.70,0.09,1.15,15.23,2.85,0.28,595
14.285,16.77,0.09,1.10,15.31,2.84,0.00,593
14.301,16.63,0.08,1.20,15.10,2.83,0.26,593
14.318,16.61,0.09,1.09,15.29,2.83,0.00,590
14.335,16.65,0.11,1.14,15.29,2.82,0.28,589
14.351,16.65,0.08,1.04,15.37,2.81,0.00,591
14.368,16.67,0.08,1.05,15.36,2.81,0.27,591
14.385,16.67,0.23,1.18,15.06,2.81,0.00,615
14.401,16.67,0.11,1.18,15.19,3.01,0.26,622
14.418,16.72,0.09,1.14,15.35,3.09,0.00,622
14.435,16.71,0.09,1.17,15.02,3.08,0.20,620
14.451,16.60,0.07,0.97,15.40,3.07,0.00,619
14.468,16.65,0.09,1.16,15.35,3.06,0.26,618
14.485,16.72,0.09,1.21,15.20,3.06,0.00,615
14.501,16.60,0.09,0.91,15.60,3.04,0.28,606
14.518,16.74,0.09,0.96,15.38,3.03,0.00,604
14.535,16.61,0.09,0.88,15.57,3.03,0.28,604
14.551,16.65,0.09,0.86,15.53,3.04,0.00,605
14.568,16.68,0.09,0.91,15.63,3.04,0.33,602
14.585,16.75,0.09,0.96,15.32,3.02,0.00,601
14.601,16.68,0.08,0.91,15.53,3.02,0.28,598
14.618,16.64,0.09,0.93,15.40,3.01,0.00,597
14.635,16.60,0.09,0.88,15.57,3.01,0.30,594
14.651,16.65,0.09,0.91,15.52,3.00,0.00,591
14.668,16.76,0.12,0.90,15.42,2.99,0.30,588
14.685,16.69,0.09,0.87,15.42,2.98,0.00,579
14.701,16.57,0.08,0.88,15.70,2.99,0.37,572
14.718,16.77,0.09,0.86,15.40,2.98,0.00,562
14.735,16.64,0.12,0.91,15.55,2.96,0.30,547
14.751,16.72,0.09,0.96,15.31,2.95,0.00,540
14.768,16.54,0.10,0.89,15.56,2.56,0.30,537
14.785,16.66,0.10,0.87,15.51,2.56,0.00,537
14.801,16.69,0.11,0.83,15.67,2.55,0.30,536
14.818,16.73,0.09,0.88,15.43,2.54,0.00,536
14.835,16.67,0.09,0.86,15.52,2.55,0.30,534
14.851,16.58,0.10,0.84,15.56,2.54,0.00,533
14.868,16.70,0.09,0.85,15.59,2.53,0.29,531
14.885,16.63,0.10,0.90,15.49,2.51,0.00,530
14.901,16.71,0.09,0.85,15.59,2.51,0.30,527
14.918,16.64,0.08,0.83,15.54,2.50,0.00,526
14.935,16.69,0.10,0.87,15.53,2.48,0.29,527
14.951,16.67,0.08,0.83,15.54,2.47,0.00,527
14.968,16.65,0.09,0.82,15.60,2.46,0.29,525
14.985,16.67,0.09,0.81,15.55,2.47,0.00,524
15.001,16.66,0.08,0.83,15.73,2.47,0.31,523
15.018,16.77,0.08,0.87,15.42,2.45,0.00,521
15.035,16.57,0.13,0.86,15.56,2.44,0.31,519
15.051,16.66,0.08,0.87,15.56,2.43,0.00,516
15.068,16.76,0.09,0.84,15.46,2.42,0.29,516
15.085,16.68,0.09,0.85,15.49,2.41,0.00,514
15.101,16.61,0.09,0.88,15.57,2.40,0.30,513
15.118,16.66,0.09,0.89,15.45,2.41,0.00,511
15.135,16.65,0.13,0.85,15.57,2.40,0.30,510
15.151,16.67,0.08,0.79,15.61,2.39,0.00,507
15.168,16.66,0.09,0.84,15.61,2.38,0.30,506
15.185,16.64,0.08,0.85,15.57,2.38,0.00,502
15.201,16.75,0.08,0.86,15.59,2.37,0.31,500
15.218,16.65,0.08,0.58,15.84,2.37,0.00,475
15.235,16.61,0.08,0.63,15.91,2.34,0.30,474
15.251,16.75,0.12,1.05,15.30,2.34,0.00,565
15.268,16.59,0.10,1.03,16.23,3.37,1.14,564
15.285,17.54,0.11,1.02,14.47,3.37,0.00,565
15.301,15.81,0.12,1.01,15.43,3.37,0.30,565
15.318,16.67,0.11,1.03,15.35,3.37,0.00,563
15.335,16.66,0.10,1.05,15.47,3.39,0.29,564
15.351,16.83,0.11,1.07,15.13,3.38,0.00,564
15.368,16.49,0.12,1.08,15.43,3.39,0.30,567
15.385,16.75,0.11,1.04,15.27,3.40,0.00,566
15.401,16.69,0.11,1.09,15.28,3.42,0.29,566
15.418,16.60,0.12,1.08,15.33,3.42,0.00,567
15.435,16.64,0.11,1.11,15.53,3.43,0.38,570
15.452,16.89,0.11,1.06,15.14,3.43,0.00,571
15.468,16.44,0.10,1.09,15.29,3.45,0.29,570
15.485,16.73,0.10,1.06,15.29,3.47,0.00,574
15.501,16.63,0.10,1.10,15.41,3.47,0.31,576
15.518,16.73,0.10,1.14,15.33,3.49,0.00,581
15.535,16.70,0.10,1.11,15.22,3.54,0.30,582
15.551,16.56,0.10,1.09,15.28,3.54,0.00,582
15.568,16.67,0.10,1.10,15.30,3.56,0.30,583
15.585,16.67,0.12,1.06,15.29,3.57,0.00,583
15.601,16.67,0.10,1.10,15.35,3.58,0.30,585
15.618,16.69,0.10,1.17,15.23,3.60,0.00,590
15.635,16.67,0.10,1.10,15.34,3.62,0.30,591
15.651,16.64,0.10,1.09,15.29,3.62,0.00,594
15.668,16.75,0.11,1.11,15.28,3.54,0.30,591
15.685,16.60,0.10,1.12,15.19,3.09,0.00,596
15.701,16.66,0.10,1.09,15.37,3.12,0.30,598
15.718,16.67,0.10,1.12,15.25,3.14,0.00,602
15.735,16.65,0.15,1.14,15.31,3.15,0.30,605
15.751,16.71,0.10,1.07,15.29,3.16,0.00,606
15.768,16.78,0.10,1.10,15.11,3.17,0.29,607
15.785,16.59,0.12,1.07,15.20,3.18,0.00,612
15.801,16.59,0.10,1.08,15.37,3.20,0.30,613
15.818,16.65,0.11,1.15,15.23,3.24,0.00,614
15.835,16.68,0.10,1.11,15.49,3.25,0.36,617
15.852,16.84,0.10,1.12,15.11,3.26,0.00,619
15.868,16.50,0.09,1.10,15.32,3.27,0.29,621
15.885,16.67,0.09,1.04,15.34,3.28,0.00,623
15.901,16.65,0.09,1.07,15.37,3.29,0.30,625
15.918,16.65,0.11,1.09,15.27,3.30,0.00,627
15.935,16.69,0.10,1.10,15.40,3.30,0.30,628
15.951,16.72,0.09,1.09,15.19,3.33,0.00,630
15.968,16.62,0.09,1.07,15.39,3.35,0.30,632
15.985,16.67,0.11,1.08,15.42,3.35,0.00,638
16.001,16.74,0.13,1.09,15.29,3.36,0.29,640
16.018,16.63,0.10,1.11,15.19,3.38,0.00,640
16.035,16.70,0.10,1.07,15.25,3.38,0.29,640
16.051,16.60,0.09,1.05,15.32,3.39,0.00,648
16.068,16.68,0.10,1.09,15.33,3.40,0.29,651
16.085,16.63,0.09,1.04,15.35,3.43,0.00,650
16.101,16.70,0.16,1.05,15.37,3.43,0.30,651
16.118,16.68,0.09,1.05,15.32,3.44,0.00,654
16.135,16.64,0.09,1.05,15.39,3.44,0.30,655
16.151,16.64,0.10,1.05,15.37,3.45,0.00,653
16.168,16.83,0.10,1.07,15.25,3.45,0.30,656
16.185,16.52,0.09,1.04,15.32,3.45,0.00,656
16.201,16.70,0.10,1.03,15.63,3.46,0.37,658
16.218,16.88,0.09,1.04,15.13,3.50,0.00,658
16.235,16.60,0.10,1.05,15.35,3.51,0.40,661
16.251,16.62,0.09,0.99,15.37,3.50,0.00,660
16.268,16.56,0.10,1.06,15.38,3.51,0.30,660
16.285,16.66,0.09,1.02,15.51,3.51,0.00,662
16.301,16.74,0.09,1.07,15.28,3.52,0.29,663
16.318,16.61,0.09,1.02,15.37,3.51,0.00,660
16.335,16.66,0.17,1.03,15.28,3.51,0.30,662
16.351,16.69,0.10,0.93,15.40,3.54,0.00,661
16.368,16.71,0.09,0.94,15.38,3.54,0.30,660
16.385,16.62,0.20,0.96,15.29,3.54,0.00,674
16.401,16.65,0.09,0.96,15.49,3.62,0.30,681
16.418,16.66,0.11,0.98,15.46,3.70,0.00,680
16.435,16.67,0.10,1.02,15.56,3.71,0.36,680
16.452,16.84,0.09,0.94,15.33,3.71,0.00,681
16.468,16.49,0.09,0.97,15.51,3.70,0.29,679
16.485,16.70,0.09,0.99,15.38,3.73,0.00,674
16.501,16.72,0.09,0.97,15.52,3.72,0.30,670
16.518,16.70,0.09,0.97,15.36,3.72,0.00,667
16.535,16.54,0.15,0.99,15.44,3.71,0.30,663
16.551,16.69,0.09,0.96,15.41,3.71,0.00,661
16.568,16.67,0.09,0.93,15.52,3.71,0.30,654
16.585,16.64,0.09,1.04,15.39,3.69,0.00,647
16.601,16.69,0.09,0.97,15.48,3.67,0.30,643
16.618,16.65,0.09,0.96,15.44,3.68,0.00,641
16.635,16.68,0.09,0.94,15.52,3.67,0.30,632
16.651,16.66,0.11,0.98,15.39,3.65,0.00,627
16.668,16.67,0.09,0.95,15.50,3.63,0.30,627
16.685,16.66,0.09,0.94,15.49,3.62,0.00,624
16.701,16.67,0.09,0.94,15.46,3.61,0.29,620
16.718,16.66,0.10,0.93,15.47,3.58,0.00,619
16.735,16.69,0.11,0.95,15.47,3.56,0.30,615
16.751,16.64,0.09,0.91,15.47,3.54,0.00,609
16.768,16.68,0.12,0.90,15.62,2.73,0.30,609
16.785,16.77,0.09,0.93,15.38,2.73,0.00,606
16.801,16.57,0.09,0.87,15.63,2.70,0.30,605
16.818,16.69,0.08,0.90,15.41,2.69,0.00,602
16.835,16.72,0.09,0.90,15.46,2.69,0.28,600
16.851,16.56,0.11,0.89,15.50,2.66,0.00,599
16.868,16.70,0.09,0.91,15.47,2.67,0.27,597
16.885,16.74,0.09,0.86,15.44,2.65,0.00,594
16.901,16.60,0.08,0.89,15.51,2.67,0.26,588
16.918,16.75,0.08,0.85,15.42,2.64,0.00,588
16.935,16.60,0.08,0.98,15.46,2.64,0.26,586
16.951,16.64,0.08,0.88,15.56,2.62,0.00,583
16.968,16.84,0.09,0.91,15.44,2.62,0.27,580
16.985,16.57,0.08,0.92,15.43,2.60,0.00,576
17.002,16.76,0.09,0.89,15.46,2.60,0.28,574
17.018,16.55,0.09,0.99,15.33,2.58,0.00,573
17.035,16.69,0.09,0.87,15.48,2.59,0.26,572
17.051,16.68,0.08,0.88,15.45,2.59,0.00,571
17.068,16.61,0.11,0.87,15.51,2.58,0.27,568
17.085,16.67,0.09,0.85,15.52,2.56,0.00,567
17.101,16.67,0.08,0.95,15.55,2.56,0.28,565
17.118,16.68,0.08,0.91,15.47,2.55,0.00,562
17.135,16.65,0.08,0.87,15.59,2.55,0.26,560
17.151,16.66,0.13,1.11,15.24,2.52,0.00,607
17.168,16.77,0.13,1.13,15.34,3.38,0.49,606
17.185,16.74,0.10,1.19,15.03,3.37,0.00,600
17.202,16.57,0.10,1.10,15.29,3.36,0.27,595
17.218,16.60,0.10,0.85,15.53,3.36,0.00,543
17.235,16.67,0.10,0.86,15.51,3.31,0.26,543
17.251,16.67,0.13,0.87,15.44,3.30,0.00,542
17.268,16.67,0.10,0.88,15.62,3.30,0.28,543
17.285,16.73,0.11,0.91,15.37,3.30,0.00,543
17.301,16.61,0.10,0.87,15.52,3.31,0.27,540
17.318,16.69,0.13,0.84,15.46,3.29,0.00,541
17.335,16.65,0.11,0.89,15.63,3.29,0.27,543
17.352,16.75,0.11,0.92,15.45,3.29,0.00,544
17.368,16.58,0.10,0.93,15.56,3.28,0.27,545
17.385,16.72,0.12,0.84,15.50,3.27,0.00,542
17.401,16.65,0.12,0.90,15.42,3.27,0.27,541
17.418,16.73,0.10,0.84,15.44,3.26,0.00,543
17.435,16.58,0.10,0.89,15.49,3.28,0.26,543
17.451,16.67,0.12,0.89,15.57,3.28,0.00,544
17.468,16.70,0.10,0.91,15.54,3.28,0.27,545
17.485,16.64,0.10,0.87,15.50,3.27,0.00,545
17.501,16.66,0.10,0.89,15.66,3.26,0.28,545
17.518,16.76,0.10,0.88,15.44,3.25,0.00,544
17.535,16.58,0.09,0.95,15.44,3.25,0.28,545
17.551,16.66,0.11,0.89,15.49,3.25,0.00,541
17.568,16.83,0.10,0.90,15.31,2.66,0.27,543
17.585,16.51,0.11,0.89,15.48,2.69,0.00,542
17.601,16.67,0.09,0.90,15.51,2.68,0.28,546
17.618,16.79,0.10,0.84,15.41,2.68,0.00,545
17.635,16.55,0.11,0.87,15.49,2.69,0.26,544
17.652,16.73,0.09,0.86,15.45,2.67,0.00,544
17.668,16.60,0.11,0.89,15.45,2.67,0.26,544
17.685,16.74,0.09,0.88,15.42,2.66,0.00,545
17.701,16.60,0.10,0.87,15.55,2.66,0.26,545
17.718,16.67,0.10,0.90,15.46,2.68,0.00,547
17.735,16.68,0.10,0.90,15.47,2.69,0.27,548
17.752,16.70,0.09,0.87,15.49,2.68,0.00,548
17.768,16.64,0.11,0.90,15.68,2.68,0.35,549
17.785,16.87,0.10,0.87,15.38,2.68,0.00,549
17.802,16.46,0.11,0.93,15.52,2.67,0.27,550
17.818,16.67,0.10,0.90,15.45,2.67,0.00,553
17.835,16.65,0.13,0.90,15.44,2.67,0.26,557
17.851,16.67,0.10,0.88,15.50,2.70,0.00,559
17.868,16.67,0.09,0.92,15.56,2.70,0.26,558
17.885,16.69,0.09,0.91,15.45,2.70,0.00,559
17.902,16.65,0.09,0.91,15.53,2.70,0.26,560
17.918,16.65,0.09,0.84,15.63,2.70,0.00,560
17.935,16.68,0.11,0.94,15.45,2.70,0.26,560
17.952,16.68,0.09,0.85,15.53,2.70,0.00,561
17.968,16.67,0.11,0.86,15.59,2.71,0.26,565
17.985,16.68,0.09,0.91,15.49,2.72,0.00,571
18.002,16.67,0.09,0.88,15.52,2.73,0.26,571
18.018,16.64,0.09,0.93,15.52,2.73,0.00,573
18.035,16.67,0.09,0.89,15.50,2.73,0.26,575
18.052,16.69,0.09,0.86,15.50,2.74,0.00,574
18.068,16.66,0.09,0.87,15.65,2.74,0.28,574
18.085,16.76,0.10,0.90,15.46,2.74,0.00,575
18.102,16.57,0.11,0.93,15.52,2.74,0.26,580
18.118,16.68,0.09,0.88,15.49,2.78,0.00,582
18.135,16.65,0.09,0.86,15.51,2.79,0.26,584
18.152,16.68,0.09,0.88,15.48,2.78,0.00,583
18.168,16.72,0.09,0.90,15.45,2.78,0.27,583
18.185,16.61,0.09,0.92,15.46,2.78,0.00,585
18.202,16.66,0.10,0.90,15.50,2.78,0.27,586
18.218,16.67,0.12,0.86,15.45,2.78,0.00,588
18.235,16.74,0.09,0.87,15.46,2.79,0.27,588
18.252,16.59,0.09,0.86,15.57,2.81,0.00,587
18.268,16.70,0.11,0.89,15.49,2.81,0.26,591
18.285,16.64,0.09,0.87,15.52,2.81,0.00,589
18.302,16.67,0.11,0.89,15.50,2.81,0.27,588
18.318,16.67,0.09,0.89,15.54,2.81,0.00,588
18.335,16.68,0.12,0.90,15.44,2.80,0.26,587
18.352,16.65,0.10,0.77,15.58,2.80,0.00,586
18.368,16.67,0.08,0.78,15.62,2.80,0.27,587
18.385,16.68,0.24,0.87,15.35,2.79,0.00,608
18.402,16.65,0.09,0.95,15.47,3.04,0.27,621
18.418,16.68,0.12,0.91,15.44,3.16,0.00,620
18.435,16.66,0.09,0.94,15.45,3.16,0.27,624
18.452,16.82,0.09,0.86,15.35,3.17,0.00,642
18.468,16.53,0.14,0.94,15.51,3.19,0.26,642
18.485,16.70,0.11,0.95,15.44,3.21,0.00,645
18.502,16.62,0.09,0.92,15.66,3.20,0.28,646
18.518,16.83,0.10,0.90,15.32,3.20,0.00,649
18.535,16.52,0.09,0.91,15.52,3.23,0.28,647
18.552,16.64,0.09,0.91,15.56,3.23,0.00,646
18.568,16.66,0.11,0.91,15.50,3.21,0.29,645
18.585,16.72,0.10,0.90,15.46,3.16,0.00,644
18.602,16.64,0.09,0.92,15.57,3.13,0.30,637
18.618,16.69,0.09,0.90,15.45,3.12,0.00,621
18.635,16.65,0.09,0.88,15.56,3.11,0.30,605
18.652,16.69,0.10,0.86,15.48,3.08,0.00,599
18.668,16.70,0.09,0.84,15.52,2.73,0.29,598
18.685,16.69,0.09,0.87,15.44,2.72,0.00,599
18.702,16.59,0.09,0.86,15.57,2.70,0.30,599
18.718,16.69,0.09,0.83,15.54,2.69,0.00,599
18.735,16.65,0.09,0.84,15.62,2.68,0.30,598
18.752,16.65,0.09,0.91,15.51,2.67,0.00,596
18.768,16.69,0.10,0.87,15.62,2.67,0.29,595
18.785,16.72,0.10,0.88,15.46,2.66,0.00,595
18.802,16.61,0.09,0.87,15.51,2.67,0.29,595
18.818,16.68,0.09,0.85,15.45,2.65,0.00,595
18.835,16.73,0.09,0.87,15.48,2.64,0.30,595
18.852,16.59,0.10,0.86,15.51,2.62,0.00,594
18.868,16.67,0.09,0.88,15.57,2.62,0.30,592
18.885,16.65,0.10,0.89,15.49,2.61,0.00,589
18.902,16.75,0.08,0.85,15.52,2.61,0.31,587
18.918,16.62,0.11,0.85,15.57,2.60,0.00,586
18.935,16.64,0.08,0.90,15.58,2.60,0.30,580
18.952,16.67,0.08,0.85,15.56,2.60,0.00,579
18.968,16.78,0.09,0.88,15.44,2.59,0.29,577
18.985,16.58,0.11,0.89,15.53,2.59,0.00,574
19.002,16.66,0.08,0.87,15.69,2.58,0.31,573
19.018,16.74,0.08,0.87,15.48,2.57,0.00,571
19.035,16.63,0.08,0.92,15.51,2.57,0.31,571
19.052,16.63,0.10,0.85,15.56,2.57,0.00,570
19.068,16.68,0.08,0.88,15.55,2.59,0.30,566
19.085,16.68,0.08,0.86,15.54,2.57,0.00,564
19.102,16.65,0.12,0.92,15.52,2.57,0.30,561
19.118,16.67,0.09,0.66,15.67,2.56,0.00,529
19.135,16.73,0.09,0.64,15.73,2.54,0.30,529
19.152,16.57,0.09,0.62,15.78,2.53,0.00,529
19.168,16.70,0.08,0.64,15.76,2.54,0.30,530
19.185,16.68,0.08,0.66,15.72,2.54,0.00,530
19.202,16.66,0.09,0.61,15.86,2.54,0.30,530
19.218,16.67,0.08,0.60,15.78,2.56,0.00,530
19.235,16.66,0.11,0.65,15.75,2.56,0.30,531
19.252,16.67,0.08,0.59,15.79,2.56,0.00,529
19.268,16.67,0.08,0.64,15.86,2.55,0.31,528
19.285,16.69,0.08,0.59,15.78,2.55,0.00,528
19.302,16.70,0.09,0.66,15.74,2.54,0.30,529
19.318,16.58,0.08,0.59,15.92,2.54,0.00,529
19.335,16.69,0.09,0.64,15.79,2.53,0.31,529
19.352,16.69,0.08,0.61,15.76,2.55,0.00,529
19.368,16.71,0.08,0.63,15.74,2.56,0.30,529
19.385,16.62,0.16,0.69,15.63,2.55,0.00,527
19.402,16.80,0.09,0.63,15.68,2.54,0.30,527
19.418,16.51,0.08,0.58,15.84,2.53,0.00,526
19.435,16.73,0.13,0.65,15.52,2.53,0.22,526
19.452,16.63,0.10,0.60,15.75,2.54,0.00,524
19.468,16.66,0.11,0.63,15.81,2.52,0.29,523
19.485,16.66,0.08,0.60,15.85,2.53,0.00,523
19.502,16.66,0.08,0.60,15.98,2.53,0.30,523
19.518,16.79,0.08,0.61,15.74,2.52,0.00,522
19.535,16.56,0.08,0.63,15.78,2.51,0.29,512
19.552,16.81,0.09,0.62,15.59,2.48,0.00,508
19.568,16.61,0.09,0.62,15.72,2.47,0.28,505
19.585,16.56,0.08,0.59,15.78,2.46,0.00,505
19.602,16.68,0.09,0.61,15.81,2.46,0.30,503
19.618,16.69,0.10,0.57,15.77,2.44,0.00,502
19.635,16.72,0.09,0.60,15.74,2.44,0.29,500
19.652,16.72,0.08,0.59,15.64,2.42,0.00,500
19.668,16.62,0.09,0.64,15.73,2.42,0.30,500
19.685,16.67,0.08,0.66,15.65,2.43,0.00,499
19.702,16.59,0.10,0.61,15.77,2.42,0.29,497
19.718,16.68,0.11,0.59,15.70,2.43,0.00,496
19.735,16.67,0.13,0.93,15.69,2.42,0.54,541
19.752,16.86,0.10,0.94,15.36,3.26,0.00,541
19.768,16.51,0.11,0.90,15.55,3.25,0.30,541
19.785,16.69,0.10,0.88,15.48,3.24,0.00,538
19.802,16.60,0.10,0.91,15.55,3.25,0.30,537
19.818,16.68,0.10,0.90,15.45,3.24,0.00,538
19.835,16.66,0.10,0.90,15.57,3.24,0.30,538
19.852,16.68,0.10,0.90,15.45,3.24,0.00,539
19.868,16.66,0.13,0.91,15.49,3.24,0.30,538
19.885,16.68,0.10,0.93,15.45,3.26,0.00,537
19.902,16.65,0.09,0.95,15.50,3.26,0.30,536
19.918,16.65,0.11,0.90,15.52,3.25,0.00,536
19.935,16.70,0.21,0.92,15.36,3.26,0.29,538
19.952,16.66,0.09,0.90,15.46,3.26,0.00,537
19.968,16.67,0.13,0.94,15.44,3.26,0.28,538
19.985,16.67,0.10,0.91,15.43,3.26,0.00,540
20.002,16.74,0.10,0.93,15.43,3.27,0.29,539
20.018,16.57,0.09,0.93,15.54,3.29,0.00,538
20.035,16.67,0.17,1.10,15.16,3.29,0.21,538
20.052,16.76,0.08,0.69,15.42,3.29,0.00,539
20.068,16.60,0.09,0.70,15.48,3.29,0.21,539
20.085,16.71,0.07,0.70,15.39,3.29,0.00,541
20.102,16.62,0.07,0.71,15.57,3.29,0.21,539
20.118,16.68,0.07,0.67,15.45,3.29,0.00,540
20.135,16.66,0.08,0.69,15.47,3.29,0.22,542
20.152,16.68,0.07,0.79,15.39,2.74,0.00,542
20.168,16.66,0.07,0.72,15.78,2.74,0.29,544
20.185,16.70,0.09,0.93,15.59,2.74,0.00,544
20.202,16.74,0.09,1.00,15.32,2.73,0.29,544
20.218,16.58,0.09,0.91,15.48,2.72,0.00,544
20.235,16.65,0.09,0.90,15.59,2.73,0.30,541
20.252,16.68,0.11,0.93,15.44,2.73,0.00,545
20.268,16.68,0.19,0.95,15.25,2.76,0.22,546
20.285,16.65,0.05,0.51,15.45,2.75,0.00,546
20.302,16.69,0.04,0.31,15.72,2.72,0.11,547
20.318,16.63,0.04,0.31,15.71,2.74,0.00,546
20.335,16.67,0.03,0.30,16.18,2.71,0.23,542
20.352,16.70,0.07,0.66,15.51,2.75,0.00,542
20.368,16.67,0.07,0.63,15.70,2.73,0.21,539
20.385,16.70,0.16,0.69,15.38,2.72,0.00,595
20.402,16.61,0.07,0.73,15.52,2.90,0.22,607
20.418,16.67,0.07,0.69,15.48,3.03,0.00,608
20.435,16.69,0.08,0.72,15.44,3.02,0.21,608
20.452,16.66,0.07,0.68,15.47,3.01,0.00,609
20.468,16.66,0.09,0.70,15.46,3.02,0.21,609
20.485,16.70,0.07,0.73,15.37,3.00,0.00,611
20.502,16.64,0.07,0.70,15.55,2.99,0.22,613
20.518,16.66,0.07,0.72,15.44,3.00,0.00,614
20.535,16.67,0.07,0.72,15.56,3.02,0.23,615
20.552,16.69,0.07,0.69,15.51,3.01,0.00,614
20.568,16.65,0.07,0.72,15.46,3.00,0.21,616
20.585,16.73,0.07,0.66,15.40,2.99,0.00,620
20.602,16.60,0.07,0.72,15.47,2.99,0.21,621
20.618,16.71,0.07,0.70,15.63,2.98,0.00,624
20.635,16.71,0.09,0.94,15.57,2.99,0.42,622
20.652,16.72,0.09,0.92,15.33,2.99,0.00,622
20.668,16.54,0.09,0.93,15.52,3.01,0.30,622
20.685,16.65,0.09,0.92,15.48,3.00,0.00,621
20.702,16.68,0.10,0.98,15.41,2.99,0.29,622
20.718,16.67,0.11,0.95,15.43,3.00,0.00,622
20.735,16.67,0.09,0.94,15.52,3.00,0.30,621
20.752,16.66,0.09,0.94,15.45,2.99,0.00,618
20.768,16.68,0.09,0.91,15.64,2.99,0.30,615
20.785,16.75,0.08,0.97,15.38,3.01,0.00,615
20.802,16.57,0.09,0.99,15.51,3.01,0.30,611
20.818,16.70,0.10,0.96,15.36,3.01,0.00,611
20.835,16.72,0.10,0.94,15.48,3.01,0.30,612
20.852,16.63,0.08,0.95,15.44,3.02,0.00,610
20.869,16.79,0.09,0.92,15.34,3.02,0.30,611
20.885,16.51,0.09,0.92,15.43,3.03,0.00,608
20.902,16.67,0.09,0.93,15.45,3.03,0.29,608
20.918,16.67,0.10,0.92,15.46,3.05,0.00,606
20.935,16.73,0.09,0.92,15.48,3.05,0.31,606
20.952,16.60,0.10,0.94,15.39,3.06,0.00,603
20.968,16.69,0.09,0.93,15.52,3.06,0.30,605
20.985,16.64,0.08,0.94,15.52,3.07,0.00,603
21.002,16.66,0.09,0.94,15.54,3.07,0.30,601
21.018,16.67,0.08,0.93,15.51,3.08,0.00,600
21.035,16.65,0.09,0.92,15.60,3.07,0.31,598
21.052,16.77,0.08,0.94,15.45,3.09,0.00,596
21.068,16.60,0.08,0.94,15.54,3.10,0.30,595
21.085,16.67,0.08,0.89,15.51,3.11,0.00,596
21.102,16.66,0.08,0.94,15.56,3.13,0.30,598
21.118,16.72,0.08,0.95,15.40,3.11,0.00,596
21.135,16.64,0.13,0.91,15.41,3.10,0.30,594
21.152,16.65,0.10,0.91,15.45,3.09,0.00,591
21.169,16.76,0.10,0.92,15.47,3.09,0.29,589
21.185,16.60,0.10,0.97,15.34,3.13,0.00,586
21.202,16.72,0.11,0.93,15.37,3.12,0.29,581
21.219,16.70,0.08,0.89,15.38,3.10,0.00,577
21.235,16.56,0.08,0.88,15.58,3.10,0.30,573
21.252,16.65,0.08,0.86,15.59,2.65,0.00,573
21.268,16.69,0.08,0.95,15.58,2.63,0.30,569
21.285,16.71,0.08,0.90,15.45,2.62,0.00,567
21.302,16.62,0.09,0.88,15.58,2.62,0.30,568
21.318,16.67,0.08,0.86,15.53,2.62,0.00,565
21.335,16.67,0.08,0.88,15.53,2.61,0.30,563
21.352,16.67,0.08,0.84,15.51,2.60,0.00,562
21.368,16.68,0.12,0.94,15.59,2.59,0.36,561
21.385,16.80,0.08,0.89,15.37,2.57,0.00,560
21.402,16.53,0.08,0.88,15.57,2.56,0.30,559
21.418,16.66,0.08,0.86,15.53,2.54,0.00,558
21.435,16.67,0.08,0.88,15.58,2.56,0.30,556
21.452,16.65,0.08,0.90,15.54,2.55,0.00,555
21.469,16.72,0.09,0.89,15.57,2.52,0.30,555
21.485,16.67,0.08,0.84,15.51,2.51,0.00,555
21.502,16.63,0.08,0.85,15.57,2.50,0.30,554
21.519,16.78,0.09,0.87,15.43,2.49,0.00,554
21.535,16.59,0.09,0.93,15.53,2.49,0.31,552
21.552,16.66,0.09,0.90,15.59,2.47,0.00,550
21.569,16.69,0.08,0.93,15.60,2.48,0.30,548
21.585,16.75,0.08,0.90,15.40,2.46,0.00,548
21.602,16.63,0.12,0.88,15.46,2.45,0.30,548
21.618,16.57,0.08,0.88,15.47,2.45,0.00,547
21.635,16.75,0.09,0.89,15.50,2.44,0.30,547
21.652,16.58,0.07,0.85,15.57,2.43,0.00,546
21.669,16.77,0.12,0.89,15.44,2.43,0.30,545
21.685,16.56,0.08,0.90,15.51,2.42,0.00,545
21.702,16.70,0.08,0.68,15.79,2.44,0.30,540
21.718,16.66,0.08,0.62,15.79,2.43,0.00,540
21.735,16.68,0.08,0.72,15.68,2.42,0.30,538
21.752,16.74,0.08,0.65,15.69,2.42,0.00,538
21.769,16.62,0.09,0.69,15.79,2.41,0.31,538
21.785,16.68,0.08,0.69,15.68,2.41,0.00,535
21.802,16.63,0.10,0.65,15.78,2.41,0.29,535
21.819,16.68,0.08,0.63,15.73,2.40,0.00,533
21.835,16.73,0.11,0.64,15.67,2.42,0.29,532
21.852,16.58,0.08,0.59,15.78,2.42,0.00,529
21.869,16.75,0.08,0.67,15.73,2.42,0.30,527
21.885,16.58,0.08,0.60,15.79,2.42,0.00,525
21.902,16.68,0.08,0.70,15.69,2.41,0.29,525
21.919,16.74,0.08,0.63,15.61,2.41,0.00,520
21.935,16.62,0.15,0.95,15.64,2.41,0.55,553
21.952,16.84,0.10,0.92,15.25,3.31,0.00,553
21.969,16.47,0.13,0.98,15.68,3.31,0.40,556
21.985,16.91,0.10,0.98,15.15,3.31,0.00,553
22.002,16.43,0.10,1.03,15.61,3.31,0.38,554
22.019,16.87,0.10,0.97,15.29,3.32,0.00,556
22.035,16.48,0.10,1.00,15.58,3.31,0.37,552
22.052,16.81,0.10,0.95,15.36,3.31,0.00,554
22.069,16.54,0.10,0.97,15.55,3.31,0.29,554
22.085,16.73,0.10,1.01,15.47,3.33,0.00,554
22.102,16.72,0.10,1.00,15.55,3.33,0.43,555
22.119,16.79,0.10,1.00,15.21,3.33,0.00,556
22.135,16.45,0.10,1.00,15.60,3.33,0.38,558
22.152,16.84,0.10,1.00,15.24,3.33,0.00,556
22.169,16.47,0.09,1.05,15.58,3.34,0.40,556
22.185,16.86,0.15,1.03,15.19,3.34,0.00,555
22.202,16.51,0.09,1.01,15.58,3.37,0.43,556
22.219,16.82,0.10,1.01,15.30,3.38,0.00,557
22.235,16.55,0.10,1.07,15.43,3.37,0.29,561
22.252,16.74,0.10,1.09,15.18,3.37,0.00,564
22.269,16.51,0.11,0.95,15.64,3.38,0.29,567
22.285,16.84,0.09,1.01,15.34,3.37,0.00,567
22.302,16.58,0.09,1.08,15.53,3.38,0.39,569
22.319,16.85,0.10,1.01,15.21,3.38,0.00,572
22.335,16.46,0.09,0.84,15.79,3.41,0.38,575
22.352,16.86,0.10,0.92,15.32,2.84,0.00,576
22.369,16.47,0.09,0.95,15.75,2.84,0.37,576
22.386,16.94,0.22,1.06,15.06,2.84,0.00,613
22.402,16.50,0.10,1.11,15.37,3.02,0.38,621
22.419,16.71,0.09,1.03,15.35,3.13,0.00,621
22.435,16.61,0.10,1.14,15.44,3.13,0.35,620
22.452,16.82,0.10,1.10,15.18,3.16,0.00,621
22.469,16.52,0.09,1.17,15.27,3.18,0.31,623
22.485,16.67,0.13,1.04,15.34,3.18,0.00,621
22.502,16.64,0.09,1.11,15.49,3.17,0.39,622
22.519,16.83,0.10,1.13,15.12,3.19,0.00,624
22.535,16.49,0.09,1.05,15.41,3.19,0.29,618
22.552,16.69,0.10,1.08,15.22,3.20,0.00,619
22.569,16.55,0.12,1.06,15.58,3.24,0.35,618
22.585,16.90,0.09,1.02,15.25,3.24,0.00,619
22.602,16.51,0.09,1.05,15.58,3.24,0.41,620
22.619,16.89,0.11,1.03,15.09,3.24,0.00,621
22.635,16.35,0.09,1.08,15.66,3.25,0.39,622
22.652,16.97,0.16,1.00,15.16,3.26,0.00,622
22.669,16.45,0.09,1.03,15.49,3.27,0.31,622
22.685,16.75,0.10,1.02,15.39,3.27,0.00,625
22.702,16.66,0.09,1.06,15.42,3.30,0.33,629
22.719,16.71,0.09,1.05,15.16,3.29,0.00,631
22.735,16.57,0.09,1.06,15.35,3.31,0.30,634
22.752,16.61,0.09,1.04,15.31,3.31,0.00,636
22.769,16.64,0.09,1.02,15.51,3.32,0.30,636
22.785,16.73,0.09,1.00,15.35,3.31,0.00,637
22.802,16.62,0.12,1.03,15.37,3.32,0.29,640
22.819,16.65,0.09,1.08,15.32,3.33,0.00,639
22.835,16.68,0.09,1.03,15.39,3.34,0.30,640
22.852,16.71,0.09,1.00,15.30,3.33,0.00,640
22.869,16.69,0.10,0.98,15.43,3.34,0.30,647
22.885,16.62,0.08,1.01,15.39,3.32,0.00,649
22.902,16.66,0.09,1.01,15.47,3.32,0.30,653
22.919,16.68,0.09,1.04,15.33,3.32,0.00,654
22.935,16.65,0.11,1.00,15.44,3.30,0.29,651
22.952,16.66,0.09,1.03,15.37,3.32,0.00,650
22.969,16.68,0.10,1.01,15.40,3.32,0.29,652
22.985,16.68,0.09,0.97,15.39,3.30,0.00,649
23.002,16.68,0.17,1.02,15.35,3.28,0.30,648
23.019,16.64,0.09,1.01,15.41,3.27,0.00,650
23.035,16.83,0.09,1.02,15.36,3.26,0.29,647
23.052,16.59,0.09,0.99,15.25,3.24,0.00,647
23.069,16.61,0.09,1.02,15.44,3.26,0.30,647
23.085,16.65,0.08,1.01,15.42,3.24,0.00,647
23.102,16.65,0.11,0.99,15.64,3.22,0.39,644
23.119,16.87,0.09,1.01,15.19,3.21,0.00,643
23.135,16.59,0.09,1.02,15.31,3.19,0.30,642
23.152,16.59,0.09,0.97,15.40,3.19,0.00,641
23.169,16.65,0.10,1.02,15.35,3.17,0.29,638
23.185,16.73,0.13,1.00,15.27,3.19,0.00,634
23.202,16.60,0.09,0.98,15.54,3.17,0.30,631
23.219,16.73,0.08,1.01,15.32,3.15,0.00,626
23.235,16.61,0.09,0.99,15.43,3.14,0.30,623
23.252,16.68,0.08,0.99,15.40,3.12,0.00,621
23.269,16.73,0.09,1.00,15.52,3.10,0.29,617
23.285,16.76,0.09,1.00,15.28,3.08,0.00,614
23.302,16.49,0.10,1.04,15.47,3.07,0.30,610
23.319,16.72,0.08,0.96,15.43,3.08,0.00,604
23.335,16.61,0.10,1.00,15.38,3.08,0.30,597
23.352,16.72,0.08,1.08,15.28,3.06,0.00,594
23.369,16.64,0.10,1.00,15.44,3.04,0.30,595
23.385,16.65,0.09,0.98,15.44,3.03,0.00,594
23.402,16.69,0.09,1.01,15.51,3.02,0.30,591
23.419,16.72,0.13,1.36,14.92,3.00,0.00,653
23.435,16.62,0.16,1.34,15.82,4.04,1.13,651
23.453,17.44,0.11,1.32,14.22,3.62,0.00,651
23.469,15.93,0.10,1.30,15.11,3.61,0.30,654
23.485,16.61,0.10,1.36,15.01,3.61,0.00,655
23.502,16.75,0.10,1.35,15.13,3.62,0.31,654
23.519,16.71,0.11,1.40,14.89,3.62,0.00,655
23.535,16.55,0.11,1.38,15.06,3.61,0.30,655
23.552,16.67,0.19,1.44,14.86,3.62,0.00,654
23.569,16.84,0.11,1.37,14.91,3.64,0.30,654
23.585,16.51,0.10,1.39,14.98,3.64,0.00,655
23.602,16.67,0.11,1.39,15.00,3.65,0.29,655
23.619,16.77,0.10,1.35,14.92,3.64,0.00,655
23.635,16.57,0.12,1.38,15.08,3.65,0.30,654
23.652,16.68,0.10,1.39,14.95,3.66,0.00,653
23.669,16.73,0.11,1.37,15.17,3.66,0.40,655
23.686,16.77,0.10,1.38,14.93,3.71,0.00,659
23.702,16.55,0.11,1.42,14.95,3.72,0.29,659
23.719,16.60,0.10,1.43,14.96,3.72,0.00,659
23.735,16.68,0.10,1.38,14.99,3.73,0.29,661
23.752,16.72,0.10,1.36,14.95,3.73,0.00,660
23.769,16.62,0.10,1.41,15.08,3.74,0.30,660
23.785,16.70,0.10,1.41,15.01,3.75,0.00,665
23.802,16.63,0.11,1.49,14.99,3.79,0.29,663
23.819,16.71,0.15,1.41,14.86,3.79,0.00,661
23.835,16.65,0.10,1.38,15.00,3.22,0.29,664
23.852,16.67,0.14,1.39,14.91,3.22,0.00,662
23.869,16.65,0.10,1.39,15.00,3.22,0.30,659
23.885,16.66,0.12,1.41,14.91,3.23,0.00,656
23.902,16.68,0.12,1.10,15.32,3.23,0.30,629
23.919,16.65,0.12,1.09,15.32,3.22,0.00,631
23.935,16.66,0.15,1.10,15.41,3.25,0.30,630
23.952,16.78,0.10,1.13,15.17,3.25,0.00,628
23.969,16.75,0.10,1.09,15.19,3.26,0.31,631
23.985,16.48,0.09,1.09,15.29,3.26,0.00,630
24.002,16.69,0.09,1.10,15.37,3.25,0.31,633
24.019,16.66,0.09,1.11,15.35,3.25,0.00,631
24.035,16.65,0.10,1.10,15.37,3.25,0.30,636
24.052,16.69,0.09,1.05,15.32,3.29,0.00,635
24.069,16.67,0.10,1.07,15.37,3.30,0.30,638
24.085,16.65,0.09,1.04,15.36,3.31,0.00,636
24.102,16.69,0.14,1.06,15.33,3.31,0.29,636
24.119,16.64,0.09,1.04,15.40,3.30,0.00,635
24.135,16.71,0.11,1.08,15.32,3.31,0.29,639
24.152,16.68,0.09,1.00,15.33,3.32,0.00,639
24.169,16.73,0.14,1.03,15.32,3.32,0.30,643
24.185,16.60,0.09,1.06,15.32,3.40,0.00,644
24.202,16.66,0.09,1.07,15.39,3.40,0.28,645
24.219,16.65,0.09,1.05,15.36,3.41,0.00,662
24.235,16.68,0.09,1.03,15.39,3.44,0.30,661
24.252,16.68,0.10,1.04,15.35,3.47,0.00,661
24.269,16.67,0.09,1.04,15.68,3.46,0.37,661
24.286,16.93,0.09,1.01,15.12,3.46,0.00,663
24.302,16.41,0.09,1.00,15.54,3.47,0.30,665
24.319,16.77,0.09,1.07,15.26,3.48,0.00,665
24.335,16.53,0.10,1.03,15.51,3.48,0.30,663
24.352,16.78,0.09,0.99,15.28,3.47,0.00,663
24.369,16.64,0.12,0.93,15.40,3.47,0.28,664
24.385,16.62,0.11,0.88,15.43,3.47,0.00,663
24.402,16.76,0.23,1.03,15.25,3.48,0.30,677
24.419,16.64,0.09,1.03,15.27,3.64,0.00,691
24.435,16.69,0.09,1.03,15.13,3.79,0.22,690
24.452,16.58,0.07,1.05,15.29,3.79,0.00,689
24.469,16.74,0.09,1.03,15.33,3.78,0.29,690
24.485,16.57,0.09,1.02,15.39,3.79,0.00,690
24.502,16.70,0.10,1.03,15.41,3.78,0.30,689
24.519,16.66,0.10,1.02,15.39,3.79,0.00,689
24.535,16.71,0.10,1.10,15.40,3.79,0.31,687
24.552,16.73,0.09,1.08,15.22,3.80,0.00,687
24.569,16.57,0.09,1.03,15.44,3.81,0.30,686
24.585,16.67,0.10,1.03,15.31,3.80,0.00,684
24.602,16.67,0.11,0.99,15.44,3.79,0.29,684
24.619,16.66,0.09,1.00,15.39,3.80,0.00,683
24.635,16.68,0.11,1.01,15.44,3.79,0.30,685
24.652,16.67,0.10,1.02,15.33,3.79,0.00,684
24.669,16.66,0.09,0.95,15.47,3.81,0.30,680
24.685,16.70,0.09,0.95,15.39,3.81,0.00,679
24.702,16.65,0.09,0.99,15.45,3.81,0.30,677
24.719,16.64,0.09,1.02,15.32,3.78,0.00,675
24.735,16.70,0.09,0.97,15.44,3.78,0.30,673
24.752,16.66,0.09,0.95,15.42,3.76,0.00,672
24.769,16.73,0.12,0.97,15.51,3.76,0.36,666
24.786,16.71,0.10,1.00,15.31,3.75,0.00,661
24.802,16.53,0.10,0.99,15.49,3.75,0.29,650
24.819,16.70,0.08,1.00,15.38,3.73,0.00,646
24.835,16.66,0.10,0.95,15.61,3.72,0.31,645
24.852,16.77,0.09,1.03,15.25,3.70,0.00,644
24.869,16.57,0.11,0.96,15.46,3.68,0.30,642
24.885,16.68,0.08,0.95,15.42,3.68,0.00,636
24.902,16.71,0.09,0.93,15.45,3.65,0.30,634
24.919,16.58,0.08,0.92,15.48,3.66,0.00,629
24.936,16.80,0.09,0.94,15.40,2.81,0.30,629
24.952,16.59,0.08,0.90,15.46,2.80,0.00,626
24.969,16.71,0.08,0.89,15.53,2.78,0.30,628
24.985,16.61,0.08,0.91,15.48,2.76,0.00,626
25.002,16.74,0.08,0.91,15.48,2.76,0.30,628
25.019,16.59,0.10,1.02,15.31,2.75,0.00,626
25.036,16.75,0.09,0.91,15.56,2.77,0.30,623
25.052,16.67,0.09,0.85,15.51,2.76,0.00,623
25.069,16.57,0.08,0.95,15.51,2.75,0.31,620
25.085,16.66,0.08,0.86,15.57,2.74,0.00,617
25.102,16.70,0.10,0.85,15.64,2.74,0.30,613
25.119,16.71,0.08,0.90,15.54,2.73,0.00,611
25.135,16.63,0.09,0.95,15.46,2.72,0.29,608
25.152,16.63,0.10,0.89,15.52,2.71,0.00,607
25.169,16.70,0.08,0.91,15.49,2.72,0.30,608
25.185,16.67,0.09,0.88,15.49,2.74,0.00,608
25.202,16.66,0.09,0.90,15.68,2.72,0.30,606
25.219,16.79,0.08,0.90,15.35,2.71,0.00,596
25.235,16.55,0.08,0.86,15.60,2.69,0.30,594
25.252,16.66,0.08,0.98,15.42,2.67,0.00,593
25.269,16.67,0.09,0.89,15.52,2.67,0.28,592
25.286,16.72,0.08,0.83,15.52,2.68,0.00,592
25.302,16.62,0.08,0.92,15.53,2.67,0.29,591
25.319,16.67,0.08,0.91,15.60,2.67,0.00,588
25.336,16.71,0.08,0.94,15.46,2.67,0.29,587
25.352,16.62,0.10,0.90,15.47,2.67,0.00,587
25.369,16.67,0.09,0.91,15.63,2.67,0.35,585
25.386,16.76,0.08,0.67,15.62,2.67,0.00,580
25.402,16.57,0.09,0.67,15.78,2.67,0.30,580
25.419,16.64,0.09,0.66,15.74,2.68,0.00,578
25.436,16.71,0.08,0.67,15.85,2.68,0.29,580
25.452,16.73,0.08,0.68,15.66,2.68,0.00,579
25.469,16.68,0.15,0.68,15.67,2.68,0.31,577
25.486,16.61,0.08,0.67,15.67,2.68,0.00,576
25.502,16.72,0.08,0.65,15.79,2.68,0.30,576
25.519,16.64,0.09,0.67,15.64,2.67,0.00,573
25.535,16.60,0.09,0.68,15.81,2.68,0.29,573
25.552,16.70,0.10,0.66,15.75,2.68,0.00,573
25.569,16.62,0.08,0.68,15.81,2.66,0.33,571
25.586,16.70,0.12,0.68,15.69,2.66,0.00,570
25.602,16.67,0.08,0.68,15.71,2.66,0.30,569
25.619,16.73,0.08,0.65,15.70,2.65,0.00,565
25.636,16.60,0.11,0.65,15.76,2.65,0.29,563
25.652,16.72,0.08,0.66,15.68,2.65,0.00,561
25.669,16.62,0.09,0.66,15.74,2.65,0.29,559
25.686,16.69,0.13,0.65,15.64,2.63,0.00,558
25.702,16.73,0.08,0.65,15.73,2.62,0.30,556
25.719,16.57,0.08,0.65,15.77,2.60,0.00,552
25.736,16.70,0.08,0.66,15.79,2.60,0.30,551
25.752,16.64,0.09,0.65,15.74,2.58,0.00,549
25.769,16.69,0.08,0.73,15.73,2.57,0.30,548
25.786,16.65,0.08,0.69,15.75,2.58,0.00,546
25.802,16.85,0.09,0.67,15.64,2.57,0.29,543
25.819,16.52,0.09,0.66,15.69,2.55,0.00,542
25.836,16.65,0.08,0.67,15.79,2.53,0.30,538
25.852,16.66,0.08,0.64,15.83,2.51,0.00,536
25.869,16.68,0.08,0.79,15.75,2.49,0.30,535
25.886,16.74,0.08,0.65,15.72,2.50,0.00,533
25.902,16.57,0.08,0.64,15.87,2.51,0.30,530
25.919,16.71,0.08,0.67,15.68,2.49,0.00,530
25.936,16.72,0.08,0.64,15.77,2.48,0.30,529
25.952,16.59,0.08,0.66,15.72,2.47,0.00,529
25.969,16.72,0.08,0.65,15.72,2.46,0.29,526
25.986,16.62,0.09,0.65,15.71,2.44,0.00,524
26.002,16.72,0.08,0.66,15.71,2.44,0.30,524
26.019,16.62,0.12,0.94,15.40,2.43,0.00,568
26.036,16.65,0.10,0.97,15.73,3.34,0.55,568
26.052,16.91,0.10,0.96,15.16,3.32,0.00,567
26.069,16.43,0.13,0.98,15.40,3.31,0.29,566
26.086,16.69,0.11,0.98,15.37,3.31,0.00,565
26.102,16.65,0.10,0.99,15.45,3.30,0.30,563
26.119,16.64,0.11,0.94,15.44,3.30,0.00,563
26.136,16.70,0.10,1.02,15.37,3.30,0.29,563
26.152,16.66,0.11,0.95,15.36,3.31,0.00,560
26.169,16.69,0.10,0.96,15.46,3.31,0.30,560
26.186,16.63,0.10,0.99,15.41,3.30,0.00,560
26.202,16.69,0.12,0.99,15.44,3.31,0.30,562
26.219,16.65,0.10,0.96,15.47,3.31,0.00,560
26.236,16.69,0.09,0.98,15.46,3.31,0.30,555
26.252,16.64,0.10,0.99,15.38,3.31,0.00,554
26.269,16.69,0.10,0.99,15.41,3.33,0.30,554
26.286,16.66,0.10,0.96,15.38,3.36,0.00,557
26.302,16.67,0.10,1.00,15.53,3.36,0.35,556
26.319,16.79,0.10,0.96,15.30,3.37,0.00,556
26.336,16.55,0.09,0.96,15.57,3.37,0.30,555
26.352,16.74,0.09,1.01,15.27,3.37,0.00,551
26.369,16.59,0.09,0.89,15.62,3.37,0.30,548
26.386,16.72,0.09,0.91,15.39,3.39,0.00,547
26.402,16.62,0.21,0.98,15.32,3.43,0.30,593
26.419,16.64,0.09,1.00,15.43,3.58,0.00,604
26.436,16.70,0.09,1.00,15.41,3.60,0.30,602
26.452,16.67,0.11,1.01,15.37,3.14,0.00,604
26.469,16.67,0.12,1.01,15.51,3.16,0.30,602
26.486,16.76,0.09,1.05,15.23,3.16,0.00,600
26.502,16.64,0.09,1.01,15.43,3.16,0.29,599
26.519,16.64,0.09,1.05,15.29,3.19,0.00,600
26.536,16.63,0.14,1.01,15.40,3.20,0.29,600
26.552,16.66,0.09,0.96,15.52,3.20,0.00,601
26.569,16.68,0.09,0.98,15.54,3.21,0.31,601
26.586,16.73,0.09,0.98,15.32,3.20,0.00,601
26.602,16.64,0.10,1.02,15.35,3.21,0.30,601
26.619,16.71,0.09,0.98,15.30,3.22,0.00,600
26.636,16.60,0.09,0.98,15.47,3.23,0.30,600
26.652,16.65,0.09,0.94,15.49,3.25,0.00,599
26.669,16.83,0.10,1.00,15.37,3.24,0.30,598
26.686,16.60,0.09,1.03,15.33,3.25,0.00,599
26.702,16.56,0.09,1.00,15.49,3.25,0.30,600
26.719,16.69,0.09,1.01,15.38,3.26,0.00,599
26.736,16.68,0.08,0.98,15.48,3.26,0.30,602
26.752,16.66,0.09,0.98,15.42,3.26,0.00,604
26.769,16.69,0.09,1.06,15.44,3.27,0.30,603
26.786,16.71,0.09,0.95,15.43,3.26,0.00,602
26.802,16.58,0.09,0.97,15.47,3.27,0.29,601
26.819,16.71,0.09,1.06,15.32,3.26,0.00,601
26.836,16.66,0.09,0.96,15.50,3.27,0.30,599
26.852,16.65,0.08,0.97,15.42,3.26,0.00,598
26.869,16.76,0.10,0.98,15.40,3.27,0.30,599
26.886,16.59,0.09,0.94,15.49,3.26,0.00,596
26.902,16.67,0.11,0.96,15.49,3.27,0.30,596
26.919,16.68,0.08,1.01,15.43,3.28,0.00,597
26.936,16.65,0.08,1.00,15.40,3.27,0.29,600
26.952,16.75,0.08,0.94,15.50,3.27,0.00,598
26.969,16.65,0.09,1.01,15.35,3.26,0.29,598
26.986,16.68,0.12,0.94,15.34,3.25,0.00,600
27.002,16.61,0.09,0.95,15.51,3.26,0.30,599
27.019,16.66,0.09,0.99,15.50,3.27,0.00,594
27.036,16.68,0.09,0.99,15.48,3.25,0.29,594
27.052,16.69,0.08,0.92,15.48,3.23,0.00,598
27.069,16.67,0.10,0.94,15.54,3.22,0.29,599
27.086,16.69,0.10,0.97,15.39,3.22,0.00,600
27.102,16.64,0.09,1.00,15.47,3.21,0.30,602
27.119,16.67,0.09,0.94,15.45,3.21,0.00,601
27.136,16.67,0.11,0.95,15.44,3.22,0.30,601
27.152,16.78,0.09,0.94,15.31,3.22,0.00,599
27.169,16.57,0.09,0.96,15.51,3.22,0.29,601
27.186,16.68,0.09,0.93,15.51,3.20,0.00,601
27.202,16.63,0.10,1.06,15.49,3.20,0.30,602
27.219,16.81,0.08,0.93,15.33,3.21,0.00,602
27.236,16.59,0.08,0.94,15.42,3.20,0.30,605
27.252,16.62,0.09,0.92,15.51,3.20,0.00,606
27.269,16.64,0.09,0.99,15.43,3.22,0.29,608
27.286,16.69,0.12,0.92,15.42,3.21,0.00,610
27.302,16.67,0.08,0.94,15.52,3.21,0.30,613
27.319,16.66,0.10,0.94,15.41,3.21,0.00,612
27.336,16.68,0.10,0.95,15.47,3.20,0.29,612
27.352,16.68,0.11,0.92,15.45,3.20,0.00,614
27.369,16.66,0.10,0.94,15.49,3.19,0.30,612
27.386,16.68,0.08,0.91,15.52,3.20,0.00,613
27.402,16.63,0.09,0.92,15.72,3.18,0.37,609
27.419,16.84,0.08,1.02,15.25,3.18,0.00,605
27.436,16.48,0.08,1.02,15.43,3.16,0.30,600
27.452,16.70,0.09,0.90,15.47,3.14,0.00,596
27.469,16.66,0.08,0.98,15.45,3.14,0.30,591
27.486,16.64,0.08,0.90,15.56,3.11,0.00,585
27.502,16.86,0.13,1.25,15.32,3.10,0.55,625
27.519,16.82,0.11,1.25,14.82,4.01,0.00,615
27.536,16.36,0.16,1.22,15.22,3.56,0.29,615
27.552,16.71,0.10,1.20,15.10,3.55,0.00,616
27.569,16.61,0.13,1.18,15.31,3.54,0.31,616
27.586,16.73,0.10,1.25,15.06,3.54,0.00,615
27.602,16.61,0.13,1.22,15.29,3.52,0.30,615
27.619,16.81,0.18,1.25,14.92,3.51,0.00,614
27.636,16.53,0.10,1.31,15.11,3.50,0.29,616
27.652,16.68,0.10,1.32,15.07,3.50,0.00,615
27.669,16.67,0.11,1.25,15.26,3.51,0.30,614
27.686,16.73,0.10,1.26,15.02,3.51,0.00,617
27.702,16.60,0.10,1.22,15.15,3.52,0.29,616
27.719,16.67,0.10,1.23,15.11,3.51,0.00,616
27.736,16.73,0.10,1.23,15.16,3.53,0.30,616
27.752,16.60,0.10,1.20,15.18,3.56,0.00,615
27.769,16.69,0.12,1.26,15.10,3.56,0.29,617
27.786,16.72,0.13,1.22,15.11,3.56,0.00,617
27.802,16.63,0.10,1.27,15.13,3.56,0.30,618
27.819,16.62,0.11,1.25,15.17,3.56,0.00,620
27.836,16.69,0.10,1.25,15.18,3.56,0.30,620
27.852,16.64,0.09,1.25,15.13,3.57,0.00,620
27.869,16.70,0.10,1.26,15.16,3.58,0.30,620
27.886,16.68,0.09,1.19,15.19,3.60,0.00,622
27.902,16.76,0.10,1.22,15.26,3.61,0.30,622
27.919,16.70,0.10,1.24,14.97,3.49,0.00,617
27.936,16.55,0.12,1.27,15.10,3.04,0.29,619
27.952,16.72,0.10,1.28,15.02,3.04,0.00,619
27.969,16.61,0.10,1.26,15.15,3.05,0.30,614
27.986,16.70,0.10,1.02,15.40,3.04,0.00,597
28.002,16.63,0.10,1.03,15.39,3.08,0.29,597
28.019,16.68,0.10,0.98,15.35,3.08,0.00,599
28.036,16.73,0.14,0.99,15.40,3.09,0.30,601
28.052,16.65,0.10,1.01,15.29,3.08,0.00,605
28.069,16.66,0.09,1.01,15.39,3.10,0.30,608
28.086,16.62,0.09,1.01,15.40,3.10,0.00,607
28.102,16.67,0.09,1.04,15.58,3.11,0.35,609
28.119,16.84,0.10,1.01,15.29,3.12,0.00,613
28.136,16.52,0.09,1.04,15.35,3.17,0.30,614
28.152,16.66,0.10,1.02,15.38,3.17,0.00,613
28.169,16.65,0.10,1.01,15.49,3.17,0.30,615
28.186,16.73,0.09,1.00,15.31,3.18,0.00,620
28.202,16.60,0.10,1.05,15.37,3.19,0.30,618
28.219,16.72,0.09,0.98,15.34,3.20,0.00,619
28.236,16.61,0.09,1.06,15.30,3.20,0.29,619
28.252,16.71,0.09,1.01,15.29,3.23,0.00,623
28.269,16.71,0.10,1.04,15.29,3.25,0.30,624
28.286,16.70,0.10,1.00,15.24,3.24,0.00,627
28.302,16.56,0.11,1.02,15.45,3.25,0.30,630
28.319,16.68,0.09,0.99,15.43,3.25,0.00,633
28.336,16.64,0.09,0.99,15.48,3.26,0.30,635
28.352,16.68,0.10,1.03,15.33,3.25,0.00,636
28.369,16.75,0.09,0.92,15.44,3.28,0.30,637
28.386,16.56,0.09,0.95,15.45,3.29,0.00,637
28.402,16.70,0.22,0.98,15.47,3.28,0.32,668
28.419,16.80,0.09,1.00,15.29,3.43,0.00,690
28.436,16.51,0.09,0.98,15.45,3.65,0.30,693
28.452,16.70,0.12,0.99,15.37,3.64,0.00,695
28.469,16.81,0.09,1.03,15.38,3.64,0.30,696
28.486,16.62,0.10,0.98,15.34,3.62,0.00,694
28.502,16.53,0.09,1.02,15.45,3.63,0.30,692
28.519,16.69,0.09,0.99,15.41,3.62,0.00,691
28.536,16.84,0.09,0.97,15.36,3.60,0.30,685
28.552,16.53,0.09,1.00,15.41,3.59,0.00,685
28.569,16.67,0.10,0.99,15.60,3.57,0.38,685
28.586,16.83,0.09,1.00,15.21,3.56,0.00,683
28.602,16.49,0.12,1.02,15.36,3.55,0.29,678
28.619,16.67,0.11,0.94,15.43,3.55,0.00,678
28.636,16.67,0.09,0.99,15.46,3.55,0.30,675
28.652,16.64,0.10,0.93,15.44,3.52,0.00,672
28.669,16.75,0.09,0.99,15.46,3.50,0.30,671
28.686,16.67,0.09,0.96,15.32,3.48,0.00,670
28.702,16.67,0.16,1.00,15.34,3.47,0.30,671
28.719,16.61,0.09,1.01,15.33,3.47,0.00,669
28.736,16.73,0.09,0.98,15.42,3.46,0.29,668
28.752,16.60,0.09,1.01,15.35,3.46,0.00,668
28.769,16.66,0.09,0.98,15.46,3.45,0.30,665
28.786,16.64,0.09,0.93,15.50,3.44,0.00,664
28.802,16.70,0.12,0.98,15.49,3.43,0.31,662
28.819,16.70,0.09,0.92,15.43,3.40,0.00,663
28.836,16.63,0.09,0.99,15.45,3.41,0.31,661
28.852,16.69,0.09,0.96,15.37,3.38,0.00,660
28.869,16.73,0.09,0.99,15.36,3.40,0.28,658
28.886,16.61,0.09,0.96,15.32,3.40,0.00,657
28.903,16.72,0.10,0.95,15.52,3.39,0.33,655
28.919,16.68,0.09,0.99,15.32,3.37,0.00,654
28.936,16.58,0.09,0.97,15.42,3.35,0.29,653
28.952,16.70,0.09,0.95,15.40,3.34,0.00,650
28.969,16.64,0.10,0.97,15.48,3.32,0.30,650
28.986,16.66,0.10,1.00,15.33,3.34,0.00,649
29.003,16.76,0.12,0.93,15.36,3.33,0.29,645
29.019,16.65,0.09,0.92,15.36,2.89,0.00,641
29.036,16.70,0.10,0.93,15.38,2.88,0.30,639
29.053,16.71,0.09,0.87,15.39,2.86,0.00,636
29.069,16.54,0.10,0.93,15.55,2.86,0.29,635
29.086,16.70,0.09,0.92,15.35,2.85,0.00,633
29.103,16.72,0.10,0.92,15.43,2.85,0.29,631
29.119,16.56,0.10,0.93,15.43,2.85,0.00,629
29.136,16.70,0.10,0.92,15.44,2.85,0.29,628
29.152,16.65,0.10,0.92,15.45,2.84,0.00,627
29.169,16.67,0.09,0.94,15.52,2.83,0.30,625
29.186,16.65,0.08,0.90,15.47,2.81,0.00,624
29.203,16.74,0.10,0.90,15.45,2.81,0.30,624
29.219,16.61,0.11,0.91,15.45,2.79,0.00,619
29.236,16.66,0.10,0.91,15.48,2.79,0.28,615
29.252,16.67,0.11,0.88,15.44,2.79,0.00,614
29.269,16.67,0.09,0.91,15.53,2.78,0.30,611
29.286,16.64,0.08,0.88,15.51,2.76,0.00,605
29.302,16.69,0.09,0.94,15.54,2.74,0.28,604
29.319,16.68,0.08,0.88,15.49,2.73,0.00,600
29.336,16.65,0.09,0.91,15.63,2.72,0.28,600
29.353,16.75,0.09,0.89,15.39,2.71,0.00,595
29.369,16.58,0.08,0.87,15.50,2.72,0.26,589
29.386,16.75,0.09,0.87,15.43,2.71,0.00,587
29.402,16.58,0.09,0.91,15.52,2.70,0.27,586
29.419,16.68,0.11,0.91,15.46,2.69,0.00,581
29.436,16.67,0.09,0.91,15.37,2.68,0.20,576
29.453,16.73,0.09,0.88,15.36,2.67,0.00,571
29.469,16.61,0.09,0.64,15.76,2.66,0.27,556
29.486,16.69,0.08,0.61,15.78,2.66,0.00,556
29.502,16.60,0.10,0.71,15.82,2.65,0.27,557
29.519,16.74,0.10,0.62,15.66,2.64,0.00,556
29.536,16.62,0.09,0.62,15.75,2.64,0.26,555
29.553,16.74,0.08,0.59,15.73,2.62,0.00,555
29.569,16.60,0.09,0.67,15.81,2.62,0.26,555
29.586,16.69,0.13,0.62,15.65,2.61,0.00,555
29.603,16.65,0.09,0.62,15.71,2.62,0.26,553
29.619,16.69,0.08,0.61,15.71,2.61,0.00,553
29.636,16.69,0.09,0.61,15.74,2.61,0.26,554
29.653,16.67,0.08,0.58,15.70,2.60,0.00,554
29.669,16.64,0.10,0.64,15.90,2.60,0.27,554
29.686,16.77,0.08,0.66,15.60,2.59,0.00,551
29.703,16.54,0.09,0.62,15.75,2.59,0.26,549
29.719,16.73,0.09,0.60,15.60,2.58,0.00,549
29.736,16.62,0.07,0.45,16.11,2.60,0.28,546
29.753,16.75,0.08,0.60,15.78,2.60,0.00,548
29.769,16.58,0.08,0.63,15.88,2.59,0.26,548
29.786,16.74,0.08,0.64,15.74,2.59,0.00,547
29.803,16.59,0.10,0.67,15.76,2.58,0.26,547
29.819,16.66,0.08,0.64,15.81,2.58,0.00,542
29.836,16.66,0.14,0.65,15.83,2.57,0.27,541
29.853,16.75,0.08,0.55,15.77,2.59,0.00,539
29.869,16.61,0.09,0.59,15.81,2.57,0.27,537
29.886,16.67,0.08,0.58,15.85,2.57,0.00,536
29.903,16.65,0.08,0.62,15.85,2.57,0.26,535
29.919,16.65,0.10,0.62,15.82,2.56,0.00,534
29.936,16.72,0.12,0.62,15.74,2.55,0.26,532
29.953,16.66,0.10,0.63,15.72,2.54,0.00,530
29.969,16.66,0.09,0.63,15.78,2.55,0.27,529
29.986,16.67,0.10,0.60,15.88,2.55,0.00,528
30.003,16.72,0.10,0.61,15.72,2.55,0.27,527
30.019,16.63,0.09,0.57,15.83,2.55,0.00,524
30.036,16.67,0.10,0.58,15.79,2.54,0.28,522
30.053,16.66,0.10,0.61,15.80,2.54,0.00,522
30.069,16.64,0.08,0.62,15.84,2.53,0.26,521
30.086,16.72,0.09,0.58,15.82,2.52,0.00,519
30.103,16.67,0.08,0.58,15.87,2.54,0.27,517
30.119,16.66,0.10,0.61,15.71,2.54,0.00,517
30.136,16.65,0.08,0.59,15.79,2.52,0.27,515
30.153,16.74,0.09,0.59,15.71,2.52,0.00,512
30.169,16.66,0.08,0.59,15.82,2.51,0.27,512
30.186,16.59,0.08,0.59,15.80,2.50,0.00,510
30.203,16.68,0.09,0.59,15.84,2.50,0.26,505
30.219,16.71,0.09,0.61,15.73,2.50,0.00,503
30.236,16.63,0.09,0.60,15.81,2.50,0.26,503
30.253,16.71,0.10,0.56,15.75,2.49,0.00,503
30.269,16.63,0.08,0.61,15.82,2.48,0.28,498
30.286,16.69,0.08,0.60,15.89,2.47,0.00,496
30.303,16.70,0.08,0.71,15.87,2.46,0.31,496
30.319,16.78,0.08,0.62,15.70,2.45,0.00,495
30.336,16.54,0.09,0.62,15.98,2.45,0.31,493
30.353,16.81,0.06,0.44,15.80,2.45,0.00,493
30.369,16.50,0.08,0.58,15.96,2.45,0.32,493
30.386,16.75,0.08,0.51,15.84,2.44,0.00,492
30.403,16.56,0.22,0.62,15.65,2.44,0.27,519
30.419,16.74,0.08,0.59,15.80,2.54,0.00,516
30.436,16.58,0.08,0.62,15.80,2.54,0.26,514
30.453,16.77,0.09,0.64,15.66,2.54,0.00,513
30.469,16.67,0.12,0.62,15.69,2.55,0.28,511
30.486,16.61,0.08,0.62,15.81,2.54,0.00,510
30.503,16.63,0.10,0.67,15.74,2.53,0.26,508
30.519,16.69,0.08,0.59,15.75,2.53,0.00,507
30.536,16.82,0.09,0.63,15.82,2.52,0.28,505
30.553,16.68,0.09,0.64,15.59,2.52,0.00,505
30.569,16.51,0.09,0.66,15.82,2.51,0.27,505
30.586,16.69,0.09,0.65,15.76,2.51,0.00,504
30.603,16.66,0.10,0.67,15.75,2.53,0.28,503
30.619,16.64,0.08,0.58,15.80,2.53,0.00,502
30.636,16.77,0.09,0.61,15.74,2.53,0.26,503
30.653,16.60,0.12,0.61,15.68,2.52,0.00,503
30.669,16.72,0.09,0.64,15.69,2.53,0.28,503
30.686,16.70,0.08,0.64,15.66,2.54,0.00,504
30.703,16.56,0.11,0.86,15.70,2.54,0.49,554
30.719,16.82,0.10,0.88,15.32,3.43,0.00,560
30.736,16.52,0.10,0.87,15.49,3.53,0.26,559
30.753,16.74,0.11,0.83,15.43,3.52,0.00,555
30.769,16.59,0.10,0.84,15.51,3.53,0.26,556
30.786,16.72,0.11,0.83,15.48,3.52,0.00,554
30.803,16.62,0.10,0.85,15.58,3.53,0.28,554
30.819,16.64,0.12,0.90,15.41,3.52,0.00,554
30.836,16.71,0.12,0.86,15.57,3.52,0.28,552
30.853,16.67,0.11,0.91,15.42,3.52,0.00,555
30.869,16.71,0.11,0.88,15.42,3.53,0.27,554
30.886,16.69,0.11,0.87,15.42,3.54,0.00,557
30.903,16.60,0.12,0.89,15.43,3.56,0.30,557
30.919,16.65,0.12,0.87,15.43,3.56,0.00,558
30.936,16.73,0.10,0.89,15.42,3.58,0.29,557
30.953,16.60,0.12,0.86,15.47,3.57,0.00,557
30.969,16.76,0.13,0.89,15.36,3.59,0.29,556
30.986,16.63,0.10,0.86,15.41,3.58,0.00,556
31.003,16.62,0.15,0.90,15.50,3.58,0.29,557
31.019,16.66,0.13,0.88,15.47,3.58,0.00,563
31.036,16.77,0.12,0.88,15.40,3.60,0.30,564
31.053,16.60,0.11,0.88,15.46,3.60,0.00,565
31.069,16.66,0.12,0.88,15.62,3.59,0.29,567
31.086,16.73,0.10,0.90,15.43,3.61,0.00,566
31.103,16.60,0.10,0.89,15.60,3.61,0.30,565
31.119,16.69,0.10,0.87,15.39,3.02,0.00,565
31.136,16.65,0.12,0.89,15.44,3.01,0.29,566
31.153,16.72,0.09,0.86,15.46,3.01,0.00,566
31.169,16.61,0.09,0.93,15.51,3.01,0.31,566
31.186,16.64,0.11,0.89,15.58,2.99,0.00,566
31.203,16.70,0.11,0.91,15.45,2.99,0.30,565
31.219,16.74,0.13,0.86,15.33,2.99,0.00,565
31.236,16.60,0.09,0.89,15.49,2.99,0.29,565
31.253,16.66,0.10,0.84,15.57,2.98,0.00,565
31.269,16.83,0.10,0.90,15.38,2.97,0.29,565
31.286,16.48,0.11,0.85,15.53,2.96,0.00,564
31.303,16.70,0.09,0.86,15.64,2.96,0.30,563
31.319,16.70,0.10,0.89,15.45,2.95,0.00,563
31.336,16.72,0.10,0.89,15.57,2.96,0.31,563
31.353,16.67,0.09,0.87,15.43,2.95,0.00,564
31.369,16.59,0.10,0.88,15.65,2.94,0.29,562
31.386,16.75,0.09,0.89,15.40,2.94,0.00,563
31.403,16.65,0.14,0.89,15.51,2.94,0.30,562
31.419,16.65,0.09,0.92,15.48,2.93,0.00,563
31.436,16.61,0.11,0.90,15.54,2.94,0.30,563
31.453,16.67,0.10,0.88,15.51,2.94,0.00,560
31.469,16.68,0.09,0.89,15.59,2.94,0.30,560
31.486,16.69,0.09,0.92,15.38,2.94,0.00,561
31.503,16.71,0.10,0.89,15.42,2.93,0.29,562
31.519,16.66,0.13,0.84,15.41,2.92,0.00,562
31.536,16.68,0.09,0.89,15.43,2.94,0.29,562
31.553,16.63,0.09,0.83,15.52,2.92,0.00,563
31.569,16.63,0.10,0.90,15.50,2.92,0.30,561
31.586,16.67,0.10,0.91,15.51,2.95,0.00,560
31.603,16.64,0.12,0.89,15.73,2.95,0.29,560
31.620,16.88,0.09,0.88,15.31,2.94,0.00,560
31.636,16.49,0.09,0.92,15.48,2.96,0.30,560
31.653,16.67,0.13,0.86,15.45,2.96,0.00,562
31.669,16.66,0.09,0.87,15.51,2.95,0.30,562
31.686,16.67,0.13,0.88,15.45,2.95,0.00,561
31.703,16.67,0.12,0.95,15.51,2.98,0.30,560
31.719,16.69,0.09,0.87,15.42,2.98,0.00,564
31.736,16.64,0.09,0.89,15.52,2.98,0.30,566
31.753,16.66,0.08,0.84,15.59,2.98,0.00,568
31.769,16.69,0.09,0.89,15.54,3.00,0.30,568
31.786,16.64,0.09,0.86,15.59,3.02,0.00,568
31.803,16.66,0.09,0.87,15.74,3.00,0.31,569
31.820,16.84,0.14,1.35,14.75,3.01,0.00,639
31.836,16.54,0.14,1.26,15.93,4.05,1.11,639
31.854,17.45,0.12,1.30,14.25,4.04,0.00,642
31.869,15.86,0.11,1.26,15.23,4.05,0.30,642
31.886,16.71,0.11,1.23,15.09,4.06,0.00,641
31.903,16.63,0.11,1.25,15.18,4.05,0.30,642
31.919,16.67,0.13,1.31,14.99,4.07,0.00,643
31.936,16.73,0.12,1.30,15.21,4.08,0.31,640
31.953,16.76,0.12,1.31,14.96,4.06,0.00,640
31.969,16.50,0.11,1.29,15.11,4.07,0.29,643
31.986,16.76,0.16,1.34,14.91,4.07,0.00,645
32.003,16.61,0.14,1.32,15.03,4.11,0.30,647
32.019,16.77,0.12,1.34,14.84,4.11,0.00,648
32.036,16.63,0.11,1.33,15.02,4.12,0.30,649
32.053,16.63,0.12,1.36,15.06,4.16,0.00,651
32.069,16.66,0.15,1.34,15.00,4.18,0.30,655
32.086,16.66,0.11,1.33,15.02,4.18,0.00,661
32.103,16.66,0.11,1.35,15.16,4.20,0.29,662
32.119,16.74,0.11,1.34,14.93,4.21,0.00,660
32.136,16.60,0.11,1.34,15.06,4.21,0.30,662
32.153,16.70,0.11,1.42,14.88,4.22,0.00,659
32.169,16.63,0.12,1.34,15.10,4.22,0.29,656
32.186,16.67,0.13,1.39,15.01,4.22,0.00,650
32.203,16.64,0.10,1.32,15.32,4.25,0.38,653
32.220,16.89,0.11,1.38,14.77,3.89,0.00,655
32.236,16.56,0.10,1.30,15.01,3.32,0.30,657
32.253,16.58,0.11,1.32,15.02,3.32,0.00,658
32.269,16.67,0.10,1.33,15.07,3.33,0.30,659
32.286,16.77,0.11,1.29,14.96,3.34,0.00,659
32.303,16.57,0.10,1.31,15.18,3.35,0.31,663
32.319,16.71,0.10,1.31,15.03,3.39,0.00,667
32.336,16.63,0.11,1.33,15.11,3.39,0.30,668
32.353,16.67,0.15,1.31,15.02,3.39,0.00,669
32.369,16.67,0.10,1.21,15.22,3.41,0.30,668
32.386,16.65,0.12,1.24,15.09,3.41,0.00,668
32.403,16.70,0.28,1.33,14.89,3.42,0.30,685
32.419,16.69,0.10,1.31,15.00,3.55,0.00,690
32.436,16.64,0.11,1.29,15.12,3.63,0.30,691
32.453,16.68,0.14,1.33,14.97,3.65,0.00,690
32.469,16.66,0.11,1.31,15.10,3.65,0.30,693
32.486,16.69,0.12,1.32,15.02,3.64,0.00,690
32.503,16.77,0.11,1.32,15.06,3.66,0.30,690
32.520,16.62,0.10,1.36,14.93,3.66,0.00,691
32.536,16.66,0.11,1.31,15.19,3.67,0.29,691
32.553,16.73,0.11,1.36,14.99,3.67,0.00,691
32.569,16.57,0.11,1.36,15.04,3.70,0.29,690
32.586,16.65,0.12,1.30,15.04,3.72,0.00,688
32.603,16.66,0.13,1.32,15.05,3.71,0.29,690
32.619,16.69,0.13,1.25,15.13,3.71,0.00,689
32.636,16.63,0.12,1.31,15.17,3.71,0.29,691
32.653,16.71,0.11,1.28,15.09,3.71,0.00,690
32.669,16.62,0.11,1.10,15.39,3.71,0.26,688
32.686,16.73,0.16,1.39,14.83,3.71,0.00,745
32.703,16.62,0.15,1.35,15.31,4.60,0.51,743
32.720,16.93,0.16,1.33,14.70,4.61,0.00,742
32.736,16.40,0.15,1.33,14.98,4.60,0.26,744
32.753,16.69,0.15,1.37,14.95,4.60,0.00,743
32.769,16.65,0.16,1.33,14.83,4.58,0.19,747
32.786,16.67,0.12,1.05,14.83,4.61,0.00,748
32.803,16.71,0.07,0.54,15.95,4.61,0.28,746
32.820,16.69,0.15,1.38,14.88,4.61,0.00,744
32.836,16.59,0.15,1.40,14.96,4.63,0.26,743
32.853,16.73,0.16,1.30,15.03,4.63,0.00,745
32.869,16.61,0.16,1.39,14.93,4.64,0.26,744
32.886,16.67,0.15,1.29,15.13,4.63,0.00,746
32.903,16.69,0.16,1.37,15.17,4.64,0.30,746
32.920,16.81,0.17,1.41,14.91,4.63,0.00,747
32.936,16.63,0.22,1.45,14.87,4.64,0.27,751
32.953,16.67,0.24,1.37,14.84,4.64,0.00,750
32.970,16.58,0.13,1.43,15.15,4.63,0.26,748
32.986,16.84,0.13,1.40,14.83,4.63,0.00,750
33.003,16.48,0.13,1.46,15.08,4.65,0.26,750
33.020,16.81,0.13,1.50,14.76,4.64,0.00,750
33.036,16.52,0.14,1.37,15.12,4.65,0.26,753
33.053,16.79,0.13,1.41,14.80,4.65,0.00,752
33.069,16.54,0.13,1.40,15.15,4.66,0.26,752
33.086,16.84,0.14,1.41,14.96,4.65,0.00,750
33.103,16.68,0.21,1.51,14.54,4.07,0.20,749
33.120,16.56,0.10,1.00,15.20,4.08,0.00,748
33.136,16.67,0.10,0.94,15.34,4.07,0.20,747
33.153,16.63,0.10,0.98,15.29,4.07,0.00,743
33.169,16.63,0.11,0.99,15.31,4.08,0.20,740
33.186,16.69,0.10,0.99,15.27,4.09,0.00,733
33.203,16.65,0.10,0.99,15.33,4.09,0.20,721
33.219,16.67,0.10,0.96,15.31,4.08,0.00,711
33.236,16.72,0.10,1.00,15.23,4.06,0.19,705
33.253,16.65,0.10,0.98,15.23,4.04,0.00,704
33.270,16.67,0.10,0.99,15.29,4.07,0.19,704
33.286,16.63,0.10,1.00,15.50,4.06,0.00,700
33.303,16.74,0.13,1.29,15.19,4.05,0.26,692
33.320,16.74,0.13,1.29,15.07,4.03,0.00,687
33.336,16.67,0.13,1.28,15.16,3.24,0.26,687
33.353,16.75,0.19,1.09,14.81,3.26,0.00,687
33.370,16.44,0.12,0.93,15.34,3.26,0.19,690
33.386,16.74,0.09,0.93,15.28,3.26,0.00,690
33.403,16.62,0.10,0.90,15.43,3.25,0.20,689
33.420,16.65,0.10,0.92,15.29,3.24,0.00,686
33.436,16.65,0.11,0.91,15.36,3.29,0.19,687
33.453,16.71,0.10,0.93,15.35,3.29,0.00,689
33.470,16.63,0.10,0.91,15.39,3.28,0.20,689
33.486,16.68,0.12,0.92,15.56,3.26,0.00,690
33.503,16.74,0.13,1.23,15.24,3.26,0.28,690
33.520,16.73,0.12,1.23,15.12,3.30,0.00,690
33.536,16.62,0.12,1.21,15.25,3.28,0.26,689
33.553,16.72,0.12,1.32,15.01,3.29,0.00,689
33.570,16.58,0.13,1.22,15.12,3.28,0.26,688
33.586,16.60,0.12,1.26,15.10,3.27,0.00,689
33.603,16.68,0.12,1.23,15.21,3.29,0.27,688
33.620,16.68,0.14,1.32,14.98,3.29,0.00,686
33.636,16.64,0.12,1.19,15.15,3.27,0.26,686
33.653,16.73,0.12,1.19,15.14,3.26,0.00,685
33.670,16.63,0.13,1.18,15.14,3.27,0.26,685
33.686,16.72,0.12,1.20,15.08,3.34,0.00,687
33.703,16.60,0.19,1.19,15.10,3.35,0.26,680
33.720,16.68,0.11,1.16,15.16,3.34,0.00,680
33.736,16.75,0.17,1.20,15.00,3.36,0.26,677
33.753,16.63,0.13,1.16,15.21,3.35,0.00,675
33.770,16.62,0.12,1.21,15.21,3.30,0.27,673
33.786,16.65,0.12,0.97,15.32,3.30,0.00,656
33.803,16.69,0.13,0.93,15.42,3.28,0.26,660
33.820,16.65,0.12,0.91,15.42,3.29,0.00,662
33.836,16.67,0.14,1.58,15.12,3.28,0.63,680
33.853,16.95,0.12,1.09,14.97,3.32,0.00,680
33.870,16.39,0.13,1.05,15.29,3.33,0.26,682
33.886,16.75,0.12,1.05,15.18,3.35,0.00,682
33.903,16.60,0.17,1.05,15.24,3.34,0.26,684
33.920,16.71,0.13,1.05,15.24,3.36,0.00,686
33.936,16.67,0.12,1.04,15.25,3.38,0.26,685
33.953,16.68,0.12,1.07,15.19,3.38,0.00,684
33.970,16.71,0.12,1.07,15.15,3.36,0.26,685
33.986,16.55,0.15,1.04,15.29,3.36,0.00,686
34.003,16.67,0.15,1.05,15.30,3.38,0.26,685
34.020,16.68,0.12,1.04,15.30,3.38,0.00,686
34.036,16.72,0.11,1.07,15.23,3.39,0.26,683
34.053,16.69,0.12,1.08,15.18,3.37,0.00,684
34.070,16.59,0.12,1.10,15.27,3.37,0.27,686
34.086,16.68,0.13,1.08,15.25,3.40,0.00,681
34.103,16.65,0.12,1.08,15.33,3.38,0.27,680
34.120,16.64,0.17,1.14,15.20,3.38,0.00,678
34.136,16.70,0.11,1.09,15.26,3.37,0.26,677
34.153,16.72,0.12,1.08,15.16,3.37,0.00,673
34.170,16.63,0.13,1.09,15.32,3.39,0.27,661
34.186,16.65,0.11,1.06,15.30,3.37,0.00,652
34.203,16.75,0.12,1.07,15.20,3.04,0.26,649
34.220,16.67,0.12,1.06,15.17,3.04,0.00,649
34.236,16.61,0.12,1.07,15.26,3.04,0.26,649
34.253,16.73,0.12,1.02,15.24,3.07,0.00,648
34.270,16.62,0.12,1.08,15.28,3.06,0.26,649
34.286,16.65,0.15,1.07,15.25,3.06,0.00,646
34.303,16.65,0.11,1.07,15.29,3.05,0.26,645
34.320,16.66,0.11,1.01,15.37,3.05,0.00,646
34.336,16.67,0.11,1.05,15.45,3.08,0.28,644
34.353,16.74,0.11,1.05,15.24,3.09,0.00,644
34.370,16.61,0.12,1.01,15.34,3.07,0.27,642
34.386,16.65,0.11,0.95,15.38,3.07,0.00,641
34.403,16.68,0.25,1.08,15.13,3.07,0.26,691
34.420,16.71,0.11,1.13,15.26,3.26,0.00,703
34.436,16.61,0.11,1.15,15.36,3.40,0.26,703
34.453,16.75,0.12,1.16,15.11,3.40,0.00,703
34.470,16.63,0.13,1.15,15.15,3.40,0.26,702
34.486,16.62,0.15,1.11,15.22,3.40,0.00,700
34.503,16.68,0.13,1.11,15.24,3.41,0.27,702
34.520,16.65,0.11,1.11,15.24,3.42,0.00,700
34.536,16.76,0.11,1.15,15.16,3.41,0.29,700
34.553,16.58,0.12,1.13,15.23,3.43,0.00,701
34.570,16.81,0.12,1.15,15.19,3.42,0.30,701
34.586,16.58,0.11,1.14,15.14,3.44,0.00,701
34.603,16.71,0.15,1.10,15.25,3.44,0.30,702
34.620,16.62,0.11,1.11,15.16,3.44,0.00,703
34.636,16.68,0.11,1.16,15.13,3.44,0.29,703
34.653,16.61,0.13,0.92,15.38,3.45,0.00,702
34.670,16.67,0.11,0.98,15.57,3.47,0.30,703
34.686,16.79,0.11,0.97,15.28,3.45,0.00,704
34.703,16.55,0.13,0.94,15.54,3.48,0.30,705
34.720,16.72,0.11,0.94,15.39,3.48,0.00,706
34.736,16.62,0.15,0.95,15.43,3.48,0.30,705
34.753,16.65,0.11,0.95,15.45,3.48,0.00,709
34.770,16.85,0.11,0.93,15.29,3.48,0.30,708
34.786,16.59,0.11,0.91,15.35,3.47,0.00,708
34.803,16.59,0.13,0.98,15.53,3.47,0.29,708
34.820,16.76,0.11,0.90,15.37,3.46,0.00,707
34.836,16.56,0.11,0.93,15.46,3.47,0.30,709
34.853,16.81,0.12,0.89,15.32,3.46,0.00,694
34.870,16.53,0.11,0.89,15.51,3.43,0.30,694
34.886,16.67,0.12,0.89,15.42,3.42,0.00,694
34.903,16.79,0.12,0.91,15.39,3.41,0.30,692
34.920,16.53,0.11,0.94,15.40,3.41,0.00,693
34.936,16.78,0.11,0.92,15.34,3.40,0.31,693
34.953,16.71,0.12,0.87,15.32,3.39,0.00,692
34.970,16.62,0.12,0.91,15.38,3.40,0.30,691
34.986,16.57,0.13,0.90,15.42,3.39,0.00,689
35.003,16.67,0.11,0.89,15.48,3.42,0.30,689
35.020,16.68,0.12,0.90,15.40,3.40,0.00,687
35.036,16.72,0.11,0.91,15.41,3.41,0.30,684
35.053,16.69,0.11,0.93,15.33,3.40,0.00,684
35.070,16.66,0.12,0.94,15.47,3.40,0.30,683
35.086,16.65,0.11,0.95,15.33,3.42,0.00,680
35.103,16.65,0.11,0.89,15.54,3.41,0.29,677
35.120,16.66,0.11,0.93,15.40,3.40,0.00,677
35.136,16.63,0.11,0.88,15.53,3.39,0.30,676
35.153,16.68,0.12,0.87,15.53,3.39,0.00,674
35.170,16.64,0.11,0.90,15.64,3.41,0.31,670
35.186,16.76,0.11,0.95,15.32,3.40,0.00,667
35.203,16.60,0.11,0.90,15.54,3.39,0.29,666
35.220,16.65,0.11,1.01,15.33,3.39,0.00,665
35.236,16.68,0.11,0.93,15.55,3.39,0.30,663
35.253,16.69,0.11,0.93,15.39,3.41,0.00,662
35.270,16.71,0.12,0.93,15.36,3.39,0.29,657
35.286,16.66,0.11,0.94,15.32,3.39,0.00,657
35.303,16.62,0.29,1.26,15.15,3.38,0.52,708
35.320,16.82,0.16,1.30,14.87,4.18,0.00,702
35.336,16.50,0.16,1.23,15.09,4.17,0.30,701
35.353,16.74,0.17,1.30,14.95,3.88,0.00,698
35.370,16.74,0.16,1.29,14.92,3.82,0.30,699
35.386,16.56,0.22,1.32,14.87,3.85,0.00,697
35.403,16.64,0.15,1.24,15.12,3.84,0.30,695
35.420,16.69,0.18,1.34,14.92,3.86,0.00,705
35.436,16.65,0.17,1.28,15.03,3.88,0.29,704
35.453,16.67,0.15,1.30,15.04,3.86,0.00,703
35.470,16.68,0.16,1.34,15.03,3.87,0.31,708
35.486,16.64,0.15,1.35,15.03,3.82,0.00,707
35.503,16.69,0.15,1.42,14.99,3.83,0.31,707
35.520,16.67,0.15,1.39,14.90,3.84,0.00,708
35.536,16.67,0.18,1.38,14.94,3.84,0.30,710
35.553,16.69,0.16,1.39,14.85,3.85,0.00,710
35.570,16.70,0.19,1.35,14.99,3.88,0.29,708
35.586,16.65,0.14,1.36,15.03,3.86,0.00,707
35.603,16.69,0.15,1.42,15.03,3.86,0.31,707
35.620,16.73,0.15,1.45,14.73,3.87,0.00,707
35.636,16.54,0.24,1.38,14.85,3.85,0.28,707
35.653,16.73,0.15,1.38,14.92,3.85,0.00,704
35.670,16.62,0.17,1.39,14.96,3.84,0.30,707
35.686,16.63,0.14,1.47,14.85,3.87,0.00,709
35.703,16.76,0.18,1.42,14.85,3.86,0.29,707
35.720,16.57,0.16,1.40,14.93,3.28,0.00,708
35.736,16.77,0.16,1.39,14.88,3.28,0.30,707
35.753,16.61,0.16,1.38,14.91,3.26,0.00,707
35.770,16.65,0.17,1.40,14.96,3.25,0.30,708
35.786,16.65,0.14,1.44,14.93,3.25,0.00,709
35.803,16.69,0.17,1.32,15.17,3.28,0.30,709
35.820,16.79,0.14,1.24,14.92,3.28,0.00,714
35.836,16.55,0.15,1.25,15.12,3.27,0.30,712
35.853,16.68,0.14,1.18,15.17,3.26,0.00,711
35.870,16.80,0.17,1.23,14.96,3.26,0.30,711
35.886,16.54,0.15,1.24,15.05,3.25,0.00,707
35.903,16.65,0.15,1.21,15.22,3.25,0.29,705
35.920,16.70,0.14,1.25,14.98,3.28,0.00,704
35.936,16.71,0.15,1.23,15.04,3.27,0.30,705
35.953,16.58,0.15,1.26,15.08,3.26,0.00,705
35.970,16.68,0.14,1.23,15.12,3.27,0.30,705
35.986,16.74,0.14,1.23,15.01,3.26,0.00,703
36.003,16.60,0.15,1.19,15.22,3.26,0.29,703
36.020,16.67,0.16,1.24,15.05,3.26,0.00,703
36.036,16.73,0.14,1.20,15.12,3.33,0.30,700
36.053,16.62,0.15,1.17,15.13,3.32,0.00,692
36.070,16.66,0.11,1.19,15.24,3.33,0.29,718
36.086,16.66,0.11,1.19,15.18,3.37,0.00,721
36.103,16.69,0.11,1.18,15.40,3.38,0.37,720
36.120,16.82,0.11,1.16,15.04,3.39,0.00,718
36.136,16.50,0.15,1.18,15.20,3.39,0.29,721
36.153,16.65,0.12,1.17,15.26,3.40,0.00,719
36.170,16.66,0.10,1.17,15.38,3.40,0.30,716
36.187,16.80,0.11,1.19,15.12,3.40,0.00,716
36.203,16.54,0.12,1.14,15.43,3.41,0.38,715
36.220,16.83,0.11,1.13,15.13,3.41,0.00,715
36.236,16.51,0.10,1.14,15.26,3.41,0.29,713
36.253,16.73,0.11,1.15,15.18,3.40,0.00,716
36.270,16.62,0.11,1.11,15.28,3.44,0.30,715
36.286,16.68,0.12,1.12,15.19,3.43,0.00,714
36.303,16.66,0.10,1.12,15.38,3.44,0.30,714
36.320,16.74,0.10,1.11,15.22,3.43,0.00,714
36.336,16.66,0.11,1.10,15.28,3.42,0.31,713
36.353,16.61,0.11,1.10,15.32,3.42,0.00,713
36.370,16.65,0.11,1.10,15.22,3.42,0.22,713
36.386,16.69,0.08,0.76,15.34,3.44,0.00,714
36.403,16.65,0.20,0.81,15.31,3.43,0.21,734
36.420,16.67,0.08,0.81,15.28,3.60,0.00,741
36.436,16.68,0.08,0.83,15.32,3.70,0.22,741
36.453,16.69,0.09,0.82,15.30,3.68,0.00,741
36.470,16.63,0.08,0.81,15.35,3.69,0.21,741
36.486,16.73,0.09,0.87,15.14,3.67,0.00,741
36.503,16.61,0.08,0.83,15.31,3.69,0.21,741
36.520,16.73,0.09,0.86,15.17,3.67,0.00,738
36.536,16.63,0.08,0.83,15.31,3.64,0.21,736
36.553,16.70,0.09,0.82,15.20,3.64,0.00,736
36.570,16.61,0.08,0.82,15.33,3.62,0.21,735
36.587,16.73,0.09,0.85,15.19,3.61,0.00,733
36.603,16.61,0.09,0.81,15.34,3.59,0.21,733
36.620,16.72,0.09,0.80,15.27,3.61,0.00,733
36.636,16.62,0.09,0.83,15.34,3.59,0.22,729
36.653,16.68,0.08,0.78,15.60,3.56,0.00,729
36.670,16.65,0.15,1.09,15.23,3.55,0.29,729
36.687,16.75,0.11,1.08,15.30,3.53,0.00,723
36.703,16.61,0.23,1.07,15.28,3.50,0.30,722
36.720,16.69,0.11,1.15,15.27,3.49,0.00,720
36.736,16.65,0.11,1.06,15.29,3.49,0.29,718
36.753,16.64,0.16,1.00,15.33,3.47,0.00,715
36.770,16.68,0.11,1.09,15.41,3.45,0.31,714
36.787,16.73,0.11,1.09,15.18,3.44,0.00,713
36.803,16.66,0.12,1.03,15.28,3.43,0.30,710
36.820,16.59,0.11,1.02,15.34,3.04,0.00,709
36.836,16.66,0.11,1.03,15.42,3.03,0.30,708
36.853,16.66,0.10,1.03,15.47,3.03,0.00,709
36.870,16.71,0.10,1.04,15.39,3.02,0.29,705
36.886,16.66,0.12,1.02,15.26,3.00,0.00,704
36.903,16.70,0.10,1.01,15.35,2.98,0.30,703
36.920,16.73,0.10,1.01,15.16,2.96,0.00,700
36.937,16.62,0.11,0.98,15.42,2.95,0.29,700
36.953,16.63,0.11,1.04,15.25,2.94,0.00,699
36.970,16.64,0.10,1.07,15.31,2.95,0.30,699
36.987,16.78,0.10,1.00,15.21,2.95,0.00,697
37.003,16.63,0.10,0.98,15.27,2.93,0.28,695
37.020,16.59,0.12,0.95,15.36,2.91,0.00,693
37.037,16.71,0.10,0.96,15.36,2.89,0.29,693
37.053,16.69,0.10,0.97,15.24,2.89,0.00,693
37.070,16.68,0.11,0.98,15.33,2.88,0.30,690
37.087,16.70,0.10,0.96,15.29,2.90,0.00,687
37.103,16.54,0.19,0.99,15.34,2.88,0.29,684
37.120,16.68,0.10,0.93,15.47,2.86,0.00,683
37.137,16.68,0.12,0.98,15.43,2.86,0.30,682
37.153,16.62,0.10,1.08,15.25,2.84,0.00,677
37.170,16.71,0.12,0.98,15.48,2.83,0.29,674
37.187,16.69,0.10,0.98,15.36,2.82,0.00,669
37.203,16.63,0.10,1.00,15.50,2.83,0.38,665
37.220,16.73,0.10,0.99,15.43,2.81,0.00,657
37.237,16.63,0.10,0.95,15.44,2.81,0.29,647
37.253,16.68,0.11,0.97,15.48,2.78,0.00,640
37.270,16.67,0.10,0.76,15.61,2.77,0.30,618
37.287,16.65,0.12,0.71,15.56,2.75,0.00,617
37.303,16.69,0.20,0.98,15.55,2.74,0.56,669
37.320,16.83,0.14,0.99,15.06,3.67,0.00,667
37.337,16.50,0.19,0.99,15.33,3.66,0.29,664
37.353,16.62,0.14,0.95,15.38,3.64,0.00,663
37.370,16.70,0.14,0.97,15.50,3.61,0.29,636
37.387,16.72,0.14,0.94,15.25,3.59,0.00,635
37.403,16.63,0.15,1.01,15.30,3.58,0.29,634
37.420,16.65,0.15,0.95,15.36,3.57,0.00,632
37.437,16.67,0.15,0.98,15.39,3.53,0.30,632
37.453,16.69,0.16,1.05,15.25,3.52,0.00,632
37.470,16.65,0.15,1.01,15.33,3.54,0.30,633
37.487,16.68,0.15,0.98,15.30,3.54,0.00,634
37.503,16.65,0.15,1.01,15.32,3.56,0.30,633
37.520,16.67,0.16,1.02,15.31,3.54,0.00,634
37.537,16.67,0.21,1.02,15.34,3.56,0.29,633
37.553,16.71,0.15,0.99,15.28,3.58,0.00,631
37.570,16.63,0.15,1.02,15.34,3.57,0.30,626
37.587,16.67,0.12,1.01,15.34,3.57,0.00,628
37.603,16.66,0.12,1.02,15.33,3.56,0.29,628
37.620,16.71,0.12,1.01,15.32,3.55,0.00,627
37.637,16.63,0.13,1.00,15.35,3.55,0.29,627
37.653,16.71,0.11,1.02,15.27,3.54,0.00,627
37.670,16.62,0.12,1.02,15.32,3.57,0.29,627
37.687,16.73,0.11,1.00,15.22,3.57,0.00,626
37.703,16.62,0.13,1.02,15.31,3.56,0.29,627
37.720,16.72,0.15,1.01,15.25,2.97,0.00,626
37.737,16.60,0.11,0.99,15.61,2.97,0.30,629
37.753,16.84,0.12,1.03,15.14,2.96,0.00,627
37.770,16.51,0.12,1.07,15.29,2.96,0.30,627
37.787,16.67,0.12,1.00,15.34,2.96,0.00,629
37.803,16.65,0.11,1.00,15.39,2.98,0.30,629
37.820,16.79,0.11,1.02,15.21,2.98,0.00,629
37.837,16.55,0.11,1.03,15.43,2.99,0.29,632
37.853,16.68,0.11,1.04,15.26,2.98,0.00,635
37.870,16.66,0.11,0.99,15.46,2.98,0.31,634
37.887,16.68,0.12,1.05,15.25,2.98,0.00,632
37.903,16.64,0.13,1.03,15.30,2.98,0.29,633
37.920,16.73,0.11,1.01,15.23,3.01,0.00,633
37.937,16.62,0.11,1.00,15.33,3.02,0.29,632
37.953,16.71,0.12,0.99,15.25,3.01,0.00,632
37.970,16.63,0.12,1.02,15.36,3.02,0.30,633
37.987,16.67,0.13,0.99,15.32,3.01,0.00,631
38.003,16.73,0.11,0.98,15.31,3.02,0.30,630
38.020,16.58,0.11,1.00,15.34,3.02,0.00,632
38.037,16.74,0.14,1.01,15.26,3.06,0.29,633
38.053,16.66,0.11,1.01,15.26,3.06,0.00,632
38.070,16.60,0.10,1.00,15.44,3.07,0.30,633
38.087,16.65,0.10,1.01,15.36,3.07,0.00,633
38.103,16.68,0.10,0.99,15.41,3.07,0.30,636
38.120,16.76,0.10,0.97,15.30,3.07,0.00,634
38.137,16.57,0.11,1.02,15.29,3.08,0.23,636
38.153,16.70,0.11,0.89,15.46,3.11,0.00,638
38.170,16.78,0.11,0.98,15.31,3.12,0.30,638
38.187,16.50,0.12,1.00,15.34,3.11,0.00,639
38.203,16.74,0.10,0.99,15.50,3.13,0.30,642
38.220,16.70,0.10,1.05,15.29,3.12,0.00,641
38.237,16.55,0.10,0.99,15.50,3.13,0.30,640
38.253,16.71,0.10,1.03,15.33,3.12,0.00,642
38.270,16.76,0.15,0.99,15.24,3.16,0.30,644
38.287,16.69,0.10,1.00,15.35,3.16,0.00,643
38.303,16.58,0.12,0.97,15.40,3.15,0.30,646
38.320,16.62,0.12,0.99,15.38,3.15,0.00,646
38.337,16.78,0.11,1.00,15.41,3.15,0.30,648
38.353,16.64,0.10,1.01,15.32,3.15,0.00,650
38.370,16.60,0.11,0.91,15.54,3.15,0.30,652
38.387,16.67,0.10,0.90,15.45,3.18,0.00,654
38.403,16.67,0.24,0.98,15.40,3.17,0.29,671
38.420,16.73,0.10,1.05,15.25,3.31,0.00,684
38.437,16.60,0.13,0.98,15.41,3.47,0.30,684
38.453,16.70,0.10,0.99,15.31,3.46,0.00,684
38.470,16.71,0.11,1.00,15.30,3.45,0.29,684
38.487,16.60,0.12,1.01,15.41,3.45,0.00,683
38.503,16.66,0.12,0.98,15.38,3.46,0.29,685
38.520,16.68,0.12,0.99,15.36,3.46,0.00,687
38.537,16.66,0.11,0.99,15.36,3.45,0.29,690
38.553,16.72,0.10,1.00,15.35,3.45,0.00,692
38.570,16.64,0.12,1.01,15.40,3.45,0.29,693
38.587,16.65,0.10,1.04,15.34,3.45,0.00,692
38.603,16.80,0.11,0.99,15.30,3.43,0.31,693
38.620,16.51,0.10,0.95,15.45,3.45,0.00,693
38.637,16.70,0.10,0.96,15.43,3.45,0.30,693
38.653,16.67,0.10,0.98,15.36,3.44,0.00,694
38.670,16.73,0.11,1.04,15.26,3.44,0.29,698
38.687,16.69,0.11,1.02,15.24,3.43,0.00,698
38.703,16.67,0.11,0.98,15.35,3.43,0.30,694
38.720,16.60,0.12,1.02,15.31,3.42,0.00,692
38.737,16.74,0.11,1.00,15.34,3.45,0.29,689
38.753,16.60,0.11,1.01,15.32,3.43,0.00,687
38.770,16.72,0.10,1.00,15.35,3.42,0.30,682
38.787,16.61,0.12,1.00,15.37,3.41,0.00,679
38.803,16.67,0.11,0.97,15.50,3.40,0.30,671
38.820,16.70,0.12,1.05,15.25,2.95,0.00,671
38.837,16.63,0.12,0.95,15.52,2.94,0.29,669
38.853,16.70,0.11,0.97,15.33,2.96,0.00,669
38.870,16.65,0.10,0.97,15.48,2.96,0.30,668
38.887,16.66,0.12,1.00,15.27,2.94,0.00,666
38.903,16.75,0.11,0.94,15.33,2.94,0.29,665
38.920,16.60,0.10,0.95,15.33,2.93,0.00,665
38.937,16.66,0.13,0.93,15.39,2.93,0.29,664
38.953,16.71,0.11,0.93,15.30,2.93,0.00,661
38.970,16.61,0.12,0.96,15.39,2.95,0.29,661
38.987,16.67,0.10,0.95,15.38,2.95,0.00,656
39.003,16.75,0.11,0.96,15.34,2.95,0.30,656
39.020,16.64,0.10,0.97,15.33,2.94,0.00,654
39.037,16.67,0.10,0.94,15.41,2.94,0.29,654
39.053,16.63,0.10,0.99,15.32,2.95,0.00,653
39.070,16.66,0.12,0.94,15.40,2.95,0.29,651
39.087,16.72,0.10,0.95,15.34,2.98,0.00,650
39.103,16.61,0.10,0.96,15.44,2.98,0.30,649
39.120,16.79,0.10,0.93,15.33,2.97,0.00,648
39.137,16.55,0.10,0.93,15.50,2.96,0.30,649
39.153,16.64,0.09,0.98,15.42,2.97,0.00,650
39.170,16.70,0.12,1.00,15.58,2.97,0.38,647
39.187,16.81,0.10,0.90,15.31,2.95,0.00,645
39.203,16.53,0.10,0.92,15.47,2.97,0.29,643
39.220,16.76,0.10,0.96,15.31,2.97,0.00,638
39.237,16.58,0.10,0.95,15.43,2.95,0.31,634
39.253,16.74,0.10,0.93,15.32,2.94,0.00,634
39.270,16.63,0.12,0.71,15.64,2.92,0.30,633
39.287,16.68,0.10,0.71,15.61,2.92,0.00,633
39.303,16.62,0.12,0.69,15.66,2.91,0.29,631
39.320,16.73,0.10,0.70,15.61,2.93,0.00,630
39.337,16.61,0.15,0.71,15.64,2.93,0.29,629
39.353,16.81,0.10,0.71,15.56,2.92,0.00,629
39.370,16.51,0.10,0.72,15.66,2.89,0.29,629
39.387,16.68,0.10,0.73,15.74,2.89,0.00,626
39.403,16.70,0.10,0.74,15.63,2.89,0.30,625
39.420,16.64,0.11,0.72,15.62,2.87,0.00,623
39.437,16.74,0.10,0.70,15.79,2.89,0.31,619
39.453,16.71,0.10,0.73,15.50,2.88,0.00,618
39.470,16.62,0.10,0.71,15.66,2.87,0.30,617
39.487,16.57,0.09,0.72,15.74,2.86,0.00,616
39.503,16.78,0.13,0.70,15.74,2.85,0.30,614
39.520,16.71,0.09,0.73,15.52,2.84,0.00,611
39.537,16.55,0.11,0.72,15.68,2.84,0.30,609
39.553,16.67,0.09,0.68,15.66,2.85,0.00,609
39.570,16.67,0.09,0.71,15.71,2.84,0.29,608
39.587,16.69,0.13,0.69,15.64,2.83,0.00,608
39.603,16.65,0.10,0.71,15.70,2.82,0.29,607
39.620,16.69,0.10,0.77,15.63,2.81,0.00,606
39.637,16.62,0.09,0.83,15.62,2.80,0.29,605
39.653,16.70,0.12,0.72,15.57,2.80,0.00,605
39.670,16.67,0.10,0.71,15.65,2.81,0.30,605
39.687,16.67,0.11,0.71,15.61,2.80,0.00,603
39.704,16.77,0.10,0.72,15.63,2.80,0.31,602
39.720,16.55,0.09,0.74,15.62,2.78,0.00,601
39.737,16.67,0.09,0.76,15.70,2.76,0.29,600
39.753,16.67,0.11,0.72,15.57,2.76,0.00,598
39.770,16.69,0.13,0.72,15.70,2.76,0.30,597
39.787,16.66,0.09,0.74,15.65,2.78,0.00,597
39.804,16.80,0.09,0.73,15.54,2.77,0.30,594
39.820,16.65,0.09,0.71,15.56,2.76,0.00,592
39.837,16.55,0.09,0.75,15.77,2.75,0.30,591
39.853,16.75,0.10,0.73,15.51,2.74,0.00,590
39.870,16.60,0.10,0.73,15.68,2.74,0.30,587
39.887,16.68,0.10,0.74,15.71,2.73,0.00,588
39.903,16.67,0.10,0.77,15.75,2.75,0.30,586
39.920,16.73,0.09,0.77,15.55,2.75,0.00,584
39.937,16.59,0.10,0.73,15.65,2.74,0.30,584
39.953,16.65,0.10,0.70,15.67,2.73,0.00,582
39.970,16.66,0.09,0.71,15.70,2.73,0.30,580
39.987,16.67,0.10,0.68,15.61,2.71,0.00,580
40.003,16.71,0.14,1.02,15.48,2.71,0.51,610
40.020,16.75,0.11,1.00,15.20,3.60,0.00,612
40.037,16.63,0.15,1.02,15.24,3.59,0.30,613
40.053,16.59,0.11,1.00,15.33,3.60,0.00,615
40.070,16.77,0.12,1.05,15.51,3.58,0.39,611
40.087,16.80,0.11,1.12,14.88,3.58,0.00,612
40.103,16.46,0.09,0.80,15.04,3.58,0.12,613
40.120,16.65,0.05,0.43,15.54,3.58,0.00,613
40.137,16.71,0.07,0.44,15.46,3.59,0.13,614
40.153,16.66,0.06,0.49,15.42,3.59,0.00,614
40.170,16.63,0.05,0.43,15.61,3.59,0.12,613
40.187,16.71,0.06,0.47,15.40,3.58,0.00,614
40.203,16.63,0.05,0.43,15.49,3.58,0.12,615
40.220,16.66,0.05,0.46,15.46,3.58,0.00,615
40.237,16.67,0.05,0.42,15.46,3.57,0.12,616
40.253,16.68,0.05,0.45,15.46,3.60,0.00,616
40.270,16.66,0.05,0.43,15.59,3.61,0.15,617
40.287,16.68,0.07,0.60,15.35,3.60,0.00,617
40.303,16.69,0.06,0.55,15.46,3.61,0.15,615
40.320,16.71,0.06,0.58,15.33,3.61,0.00,616
40.337,16.60,0.07,0.56,15.46,3.61,0.16,616
40.353,16.72,0.06,0.59,15.39,3.62,0.00,617
40.370,16.71,0.06,0.51,15.43,3.65,0.15,619
40.387,16.58,0.06,0.52,15.47,3.65,0.00,618
40.404,16.74,0.13,0.55,15.32,3.66,0.15,646
40.420,16.60,0.07,0.56,15.40,3.22,0.00,660
40.437,16.69,0.06,0.56,15.48,3.40,0.15,661
40.453,16.65,0.07,0.60,15.36,3.40,0.00,662
40.470,16.68,0.06,0.56,15.45,3.43,0.15,663
40.487,16.66,0.07,0.56,15.43,3.43,0.00,664
40.503,16.68,0.06,0.56,15.43,3.45,0.15,665
40.520,16.75,0.06,0.61,15.25,3.45,0.00,664
40.537,16.61,0.05,0.56,15.46,3.44,0.15,666
40.553,16.66,0.06,0.57,15.39,3.47,0.00,669
40.570,16.66,0.06,0.56,15.42,3.49,0.15,669
40.587,16.65,0.07,0.62,15.33,3.50,0.00,669
40.603,16.68,0.06,0.58,15.46,3.52,0.15,670
40.620,16.72,0.06,0.63,15.28,3.53,0.00,670
40.637,16.62,0.06,0.57,15.47,3.53,0.15,674
40.653,16.66,0.05,0.55,15.44,3.56,0.00,676
40.670,16.67,0.06,0.57,15.63,3.58,0.22,674
40.687,16.73,0.10,0.82,15.19,3.59,0.00,676
40.703,16.61,0.08,0.82,15.36,3.62,0.21,673
40.720,16.67,0.08,0.79,15.33,3.63,0.00,675
40.737,16.67,0.08,0.82,15.34,3.65,0.21,673
40.754,16.70,0.08,0.83,15.32,3.65,0.00,673
40.770,16.63,0.08,0.82,15.35,3.66,0.21,672
40.787,16.74,0.08,0.84,15.21,3.66,0.00,673
40.803,16.60,0.08,0.81,15.36,3.69,0.21,672
40.820,16.70,0.08,0.82,15.26,3.69,0.00,668
40.837,16.63,0.08,0.83,15.35,3.68,0.22,669
40.854,16.71,0.07,0.78,15.30,3.70,0.00,667
40.870,16.63,0.07,0.82,15.37,3.68,0.21,670
40.887,16.67,0.08,0.83,15.31,3.68,0.00,669
40.904,16.75,0.09,0.82,15.27,3.67,0.22,669
40.920,16.62,0.08,0.80,15.31,3.69,0.00,671
40.937,16.64,0.08,0.78,15.39,3.68,0.22,672
40.954,16.72,0.08,0.79,15.47,3.67,0.00,672
40.970,16.63,0.11,1.06,15.31,3.66,0.29,672
40.987,16.65,0.10,1.04,15.29,3.66,0.00,673
41.004,16.68,0.10,1.08,15.31,3.64,0.30,673
41.020,16.75,0.11,1.07,15.19,3.63,0.00,671
41.037,16.64,0.10,1.08,15.37,3.65,0.28,670
41.054,16.68,0.10,1.09,15.12,3.62,0.00,672
41.070,16.63,0.11,1.07,15.22,3.61,0.22,672
41.087,16.65,0.08,0.79,15.68,3.60,0.00,672
41.104,16.67,0.11,1.08,15.32,3.59,0.29,671
41.120,16.62,0.09,1.11,15.43,3.58,0.00,670
41.137,16.75,0.10,1.11,15.31,3.57,0.30,671
41.154,16.65,0.10,1.03,15.22,3.58,0.00,670
41.170,16.64,0.12,1.05,15.30,3.57,0.29,670
41.187,16.71,0.10,1.07,15.21,3.54,0.00,670
41.204,16.75,0.10,1.05,15.23,3.54,0.30,668
41.220,16.50,0.09,1.04,15.36,3.51,0.00,667
41.237,16.70,0.10,1.05,15.32,3.50,0.28,666
41.254,16.74,0.10,1.05,15.24,3.51,0.00,664
41.270,16.60,0.09,1.06,15.35,3.50,0.30,662
41.287,16.78,0.10,1.03,15.20,3.49,0.00,658
41.304,16.64,0.09,1.02,15.31,3.47,0.29,658
41.320,16.65,0.11,1.02,15.25,3.46,0.00,654
41.337,16.68,0.09,1.01,15.18,3.44,0.22,651
41.354,16.62,0.08,0.80,15.65,3.43,0.00,645
41.370,16.65,0.09,1.08,15.41,3.45,0.29,644
41.387,16.68,0.09,1.02,15.34,3.43,0.00,640
41.404,16.65,0.09,1.04,15.36,3.42,0.30,635
41.420,16.67,0.11,1.04,15.31,3.41,0.00,633
41.437,16.69,0.09,1.02,15.36,3.39,0.29,629
41.454,16.65,0.09,1.00,15.33,3.37,0.00,626
41.470,16.67,0.09,1.01,15.36,3.37,0.30,623
41.487,16.73,0.10,1.03,15.28,3.37,0.00,622
41.504,16.67,0.09,0.97,15.37,3.38,0.30,620
41.520,16.60,0.11,0.99,15.34,2.92,0.00,616
41.537,16.68,0.09,0.99,15.54,2.91,0.30,613
41.554,16.77,0.10,1.01,15.25,2.90,0.00,613
41.570,16.56,0.11,0.98,15.43,2.90,0.30,613
41.587,16.71,0.12,0.97,15.40,2.89,0.00,612
41.604,16.60,0.09,1.02,15.44,2.91,0.29,610
41.620,16.68,0.09,0.98,15.41,2.90,0.00,609
41.637,16.69,0.09,0.95,15.61,2.89,0.31,607
41.654,16.79,0.09,0.97,15.27,2.89,0.00,604
41.670,16.61,0.09,0.99,15.34,2.87,0.29,603
41.687,16.61,0.14,1.26,15.02,2.87,0.00,655
41.704,16.68,0.12,1.24,15.37,3.79,0.54,653
41.720,16.85,0.11,1.29,14.83,3.77,0.00,653
41.737,16.55,0.11,1.25,15.03,3.77,0.29,650
41.754,16.59,0.11,1.23,15.14,3.75,0.00,649
41.770,16.70,0.11,1.27,15.06,3.75,0.29,648
41.787,16.63,0.11,1.23,15.16,3.75,0.00,648
41.804,16.70,0.16,1.25,15.23,3.74,0.30,645
41.820,16.77,0.11,1.30,14.94,3.74,0.00,641
41.837,16.63,0.11,1.24,15.13,3.74,0.30,639
41.854,16.60,0.11,1.27,15.06,3.73,0.00,637
41.870,16.63,0.11,1.24,15.15,3.71,0.30,636
41.887,16.77,0.11,1.29,14.96,3.71,0.00,629
41.904,16.62,0.11,1.26,15.07,3.71,0.30,627
41.920,16.63,0.12,1.27,14.99,3.72,0.00,625
41.937,16.67,0.11,1.25,15.14,3.72,0.30,621
41.954,16.67,0.11,1.22,15.10,3.70,0.00,615
41.970,16.66,0.12,0.96,15.39,3.68,0.30,577
41.987,16.73,0.10,0.96,15.30,3.64,0.00,573
42.004,16.67,0.11,0.96,15.34,3.63,0.30,571
42.020,16.60,0.12,0.99,15.34,3.65,0.00,572
42.037,16.74,0.11,0.95,15.36,3.64,0.29,573
42.054,16.60,0.10,0.99,15.30,3.63,0.00,572
42.070,16.74,0.14,0.97,15.29,3.62,0.30,571
42.087,16.59,0.15,0.95,15.50,3.61,0.00,570
42.104,16.71,0.10,0.97,15.46,3.02,0.30,568
42.120,16.63,0.11,0.99,15.37,3.01,0.00,568
42.137,16.66,0.10,0.97,15.59,3.08,0.29,569
42.154,16.78,0.10,0.95,15.33,3.07,0.00,571
42.170,16.55,0.10,0.95,15.44,3.07,0.29,580
42.187,16.75,0.10,0.97,15.30,3.07,0.00,581
42.204,16.66,0.10,0.97,15.27,3.09,0.27,582
42.220,16.63,0.11,0.97,15.24,3.08,0.00,587
42.237,16.66,0.12,0.96,15.42,3.10,0.30,585
42.254,16.66,0.12,0.96,15.35,3.08,0.00,585
42.270,16.72,0.10,0.94,15.37,3.08,0.30,587
42.287,16.62,0.14,1.02,15.26,3.07,0.00,586
42.304,16.70,0.10,0.98,15.40,3.07,0.29,585
42.320,16.60,0.09,0.94,15.46,3.08,0.00,586
42.337,16.69,0.10,0.97,15.42,3.06,0.30,589
42.354,16.75,0.10,0.98,15.30,3.09,0.00,587
42.370,16.59,0.10,0.91,15.58,3.08,0.29,588
42.387,16.70,0.11,0.92,15.37,3.08,0.00,588
42.404,16.64,0.23,0.99,15.27,3.09,0.29,606
42.420,16.66,0.09,0.95,15.34,3.23,0.00,618
42.437,16.68,0.10,0.99,15.38,3.37,0.30,619
42.454,16.66,0.12,0.99,15.35,3.39,0.00,620
42.470,16.67,0.11,1.02,15.38,3.38,0.30,622
42.487,16.69,0.12,0.99,15.32,3.37,0.00,623
42.504,16.66,0.12,1.01,15.47,3.37,0.30,627
42.520,16.70,0.09,0.98,15.31,3.37,0.00,625
42.537,16.63,0.10,0.99,15.39,3.37,0.29,625
42.554,16.67,0.11,0.98,15.35,3.38,0.00,625
42.570,16.73,0.10,0.97,15.34,3.39,0.31,629
42.587,16.75,0.10,0.96,15.28,3.37,0.00,627
42.604,16.53,0.10,1.02,15.44,3.37,0.30,631
42.620,16.67,0.09,1.05,15.30,3.37,0.00,632
42.637,16.75,0.10,0.99,15.57,3.37,0.35,632
42.654,16.78,0.11,1.00,15.13,3.35,0.00,634
42.670,16.48,0.10,1.00,15.40,3.39,0.30,635
42.687,16.67,0.11,0.99,15.34,3.38,0.00,632
42.704,16.74,0.10,0.99,15.28,3.37,0.28,635
42.720,16.65,0.09,0.98,15.25,3.37,0.00,633
42.737,16.67,0.10,1.01,15.54,3.37,0.31,633
42.754,16.79,0.10,1.01,15.17,3.35,0.00,633
42.770,16.56,0.14,0.99,15.43,3.37,0.30,633
42.787,16.68,0.10,1.05,15.25,3.36,0.00,631
42.804,16.62,0.10,0.99,15.42,3.35,0.30,632
42.820,16.62,0.09,1.03,15.34,3.35,0.00,633
42.837,16.68,0.11,1.00,15.36,3.34,0.29,636
42.854,16.69,0.09,1.00,15.37,3.34,0.00,637
42.870,16.65,0.11,1.00,15.46,3.32,0.30,638
42.887,16.68,0.11,1.03,15.30,3.33,0.00,641
42.904,16.72,0.09,1.04,15.35,3.33,0.30,641
42.920,16.60,0.10,1.00,15.38,3.32,0.00,642
42.937,16.74,0.09,0.98,15.31,3.32,0.29,641
42.954,16.61,0.10,1.00,15.36,3.31,0.00,641
42.970,16.65,0.12,0.99,15.47,3.30,0.30,641
42.987,16.70,0.10,1.05,15.29,3.32,0.00,641
43.004,16.70,0.13,1.00,15.25,3.31,0.29,643
43.020,16.69,0.10,0.98,15.29,3.30,0.00,645
43.037,16.66,0.14,0.98,15.28,3.31,0.28,642
43.054,16.59,0.14,1.00,15.31,3.28,0.00,641
43.070,16.75,0.10,1.00,15.31,3.28,0.29,642
43.087,16.58,0.12,0.97,15.45,3.30,0.00,640
43.104,16.66,0.10,0.97,15.47,3.29,0.29,639
43.120,16.67,0.10,1.01,15.37,3.27,0.00,637
43.137,16.68,0.09,1.00,15.45,3.27,0.30,636
43.154,16.66,0.09,1.00,15.27,3.25,0.00,626
43.170,16.68,0.07,0.73,16.00,3.24,0.39,615
43.187,16.93,0.10,1.03,15.04,3.23,0.00,605
43.204,16.41,0.10,0.99,15.38,2.92,0.29,605
43.220,16.65,0.09,0.91,15.39,2.91,0.00,604
43.237,16.69,0.09,0.96,15.41,2.90,0.29,604
43.254,16.64,0.11,0.96,15.39,2.89,0.00,603
43.270,16.67,0.09,0.96,15.50,2.90,0.30,601
43.287,16.67,0.10,0.97,15.33,2.90,0.00,601
43.304,16.75,0.09,0.95,15.45,2.91,0.30,600
43.320,16.62,0.11,1.00,15.32,2.92,0.00,599
43.337,16.63,0.09,0.96,15.40,2.90,0.29,598
43.354,16.74,0.09,0.91,15.42,2.90,0.00,598
43.370,16.60,0.09,0.93,15.45,2.89,0.29,597
43.387,16.66,0.10,0.97,15.33,2.90,0.00,596
43.404,16.75,0.13,1.26,15.41,2.90,0.56,651
43.421,16.92,0.12,1.31,14.67,3.77,0.00,649
43.437,16.34,0.11,1.23,15.12,3.73,0.30,641
43.454,16.65,0.11,1.29,15.06,3.71,0.00,636
43.470,16.75,0.12,1.25,15.03,3.71,0.29,629
43.487,16.64,0.11,1.28,15.01,3.67,0.00,626
43.504,16.71,0.12,1.28,15.06,3.69,0.31,628
43.520,16.57,0.12,1.31,15.03,3.70,0.00,630
43.537,16.79,0.16,1.30,14.94,3.72,0.31,630
43.554,16.52,0.12,1.26,15.10,3.72,0.00,631
43.570,16.71,0.14,1.30,15.16,3.74,0.30,631
43.587,16.72,0.11,1.37,14.82,3.77,0.00,631
43.604,16.64,0.16,1.31,15.03,3.78,0.30,630
43.620,16.63,0.19,1.35,14.92,3.79,0.00,630
43.637,16.67,0.12,1.32,15.08,3.81,0.30,629
43.654,16.67,0.13,1.08,15.26,3.84,0.00,619
43.670,16.66,0.11,1.07,15.32,3.82,0.30,621
43.687,16.68,0.12,1.07,15.26,3.83,0.00,620
43.704,16.66,0.12,1.09,15.27,3.85,0.30,618
43.720,16.76,0.12,1.09,15.14,3.84,0.00,620
43.737,16.59,0.13,1.09,15.25,3.87,0.28,622
43.754,16.71,0.12,1.10,15.13,3.88,0.00,624
43.770,16.69,0.12,1.10,15.42,3.98,0.41,626
43.787,16.77,0.12,1.13,15.25,4.01,0.00,631
43.804,16.61,0.12,1.12,15.36,4.03,0.36,633
43.821,16.73,0.12,1.11,15.08,3.48,0.00,635
43.837,16.51,0.11,1.11,15.40,3.48,0.30,634
43.854,16.74,0.11,1.09,15.30,3.47,0.00,636
43.870,16.61,0.13,1.17,15.38,3.48,0.29,637
43.887,16.82,0.13,1.38,14.74,3.48,0.00,665
43.904,16.51,0.14,1.24,15.67,3.54,0.75,666
43.921,17.18,0.12,1.27,14.66,3.57,0.00,668
43.937,16.17,0.13,1.32,15.17,3.59,0.29,669
43.954,16.76,0.12,1.34,14.97,3.59,0.00,673
43.970,16.56,0.12,1.32,15.19,3.61,0.30,674
43.987,16.77,0.12,1.39,14.92,3.64,0.00,677
44.004,16.56,0.13,1.36,15.17,3.64,0.37,678
44.021,16.80,0.12,1.34,14.95,3.65,0.00,676
44.037,16.55,0.12,1.33,15.23,3.65,0.40,675
44.054,16.83,0.12,1.39,14.72,3.69,0.00,677
44.070,16.48,0.11,0.95,15.63,3.70,0.29,678
44.087,16.82,0.12,1.31,15.01,3.70,0.00,681
44.104,16.56,0.12,1.31,15.22,3.71,0.29,685
44.121,16.79,0.12,1.38,14.94,3.73,0.00,684
44.137,16.58,0.12,1.32,15.10,3.74,0.31,686
44.154,16.69,0.12,1.38,14.97,3.75,0.00,690
44.170,16.61,0.12,1.35,15.18,3.76,0.30,691
44.187,16.81,0.12,1.31,14.96,3.79,0.00,693
44.204,16.53,0.12,1.34,15.26,3.80,0.37,693
44.221,16.86,0.12,1.34,14.82,3.80,0.00,692
44.237,16.41,0.12,1.31,15.36,3.81,0.43,694
44.254,16.93,0.12,1.39,14.79,3.81,0.00,698
44.270,16.45,0.12,1.35,15.25,3.84,0.36,699
44.287,16.87,0.12,1.40,14.80,3.85,0.00,702
44.304,16.45,0.11,1.38,15.17,3.85,0.34,702
44.321,16.81,0.12,1.38,15.00,3.86,0.00,704
44.337,16.63,0.15,1.39,14.98,3.89,0.30,706
44.354,16.67,0.11,1.33,15.02,3.89,0.00,705
44.371,16.60,0.12,1.26,15.05,3.90,0.21,706
44.387,16.66,0.11,0.93,15.29,3.89,0.00,705
44.404,16.66,0.19,1.00,15.37,3.94,0.31,727
44.421,16.68,0.13,1.39,14.95,4.04,0.00,737
44.437,16.59,0.12,1.38,15.17,4.13,0.31,736
44.454,16.81,0.12,1.36,14.84,4.12,0.00,736
44.470,16.54,0.12,1.28,15.15,4.14,0.30,733
44.487,16.67,0.11,1.39,14.96,4.14,0.00,733
44.504,16.72,0.11,1.29,14.99,4.14,0.29,734
44.520,16.64,0.13,1.41,14.88,4.13,0.00,733
44.537,16.64,0.12,1.30,15.07,4.11,0.30,732
44.554,16.67,0.13,1.34,15.08,4.13,0.00,731
44.570,16.68,0.13,1.36,14.99,4.13,0.28,731
44.587,16.67,0.15,1.31,14.98,4.11,0.00,733
44.604,16.66,0.12,1.28,15.21,4.10,0.30,732
44.621,16.73,0.12,1.35,14.66,4.12,0.00,732
44.637,16.61,0.09,0.97,15.20,4.11,0.21,730
44.654,16.74,0.09,1.01,15.02,4.10,0.00,730
44.670,16.60,0.10,0.97,15.18,4.08,0.21,729
44.687,16.70,0.09,1.00,15.08,4.09,0.00,728
44.704,16.63,0.09,0.98,15.16,4.08,0.21,729
44.720,16.69,0.09,0.98,15.09,4.08,0.00,727
44.737,16.72,0.09,0.96,15.14,4.07,0.21,727
44.754,16.66,0.09,0.94,15.08,4.06,0.00,723
44.770,16.60,0.09,0.97,15.17,4.07,0.21,721
44.787,16.70,0.09,0.98,15.37,4.05,0.00,704
44.804,16.63,0.12,1.29,15.06,4.00,0.28,704
44.821,16.75,0.12,1.29,14.93,4.00,0.00,702
44.837,16.59,0.12,1.26,15.06,3.99,0.28,702
44.854,16.74,0.11,1.34,14.96,3.98,0.00,698
44.871,16.74,0.14,1.36,14.97,3.98,0.29,697
44.887,16.62,0.18,1.64,14.49,3.96,0.00,754
44.904,16.59,0.18,1.57,15.72,4.84,1.15,751
44.921,17.60,0.16,1.59,13.79,4.48,0.00,751
44.937,15.73,0.16,1.57,14.74,4.47,0.29,749
44.954,16.73,0.16,1.62,14.57,4.45,0.00,745
44.971,16.69,0.16,1.63,14.59,4.40,0.29,744
44.987,16.64,0.16,1.63,14.58,4.41,0.00,743
45.004,16.68,0.20,1.68,14.58,4.42,0.30,750
45.021,16.61,0.17,1.67,14.60,4.36,0.00,749
45.037,16.66,0.15,1.65,14.64,4.36,0.29,747
45.054,16.68,0.20,1.67,14.56,4.35,0.00,746
45.071,16.73,0.16,1.68,14.56,4.35,0.30,745
45.087,16.66,0.16,1.68,14.64,4.34,0.00,741
45.104,16.60,0.16,1.72,14.70,4.34,0.29,734
45.121,16.68,0.15,1.76,14.56,4.35,0.00,729
45.137,16.65,0.16,1.68,14.64,4.34,0.30,729
45.154,16.69,0.24,1.72,14.52,4.32,0.00,722
45.171,16.66,0.15,1.73,14.58,4.30,0.29,713
45.187,16.68,0.17,1.70,14.60,4.28,0.00,705
45.204,16.65,0.15,1.69,14.72,4.26,0.29,699
45.221,16.67,0.15,1.76,14.59,4.28,0.00,691
45.237,16.67,0.16,1.72,14.60,4.25,0.29,673
45.254,16.66,0.17,1.65,14.64,4.19,0.00,641
45.271,16.67,0.15,1.67,14.67,4.14,0.30,603
45.287,16.67,0.16,1.64,14.60,4.06,0.00,418
45.304,16.74,0.15,1.65,14.59,3.66,0.29,416
45.321,16.68,0.15,1.63,14.56,3.18,0.00,416
45.337,16.67,0.18,1.62,14.64,3.22,0.29,416
45.354,16.56,0.14,1.67,14.68,3.21,0.00,415
45.371,16.70,0.14,1.42,15.03,3.21,0.30,415
45.387,16.71,0.14,1.48,14.76,3.23,0.00,413
45.404,16.64,0.14,1.37,15.11,3.22,0.36,412
45.421,16.74,0.15,1.36,14.91,2.81,0.00,413
45.437,16.72,0.15,1.36,14.83,2.84,0.29,413
45.454,16.53,0.14,1.34,14.93,2.84,0.00,412
45.471,16.68,0.15,1.35,14.95,2.84,0.29,410
45.487,16.70,0.14,1.38,14.88,2.83,0.00,408
45.504,16.63,0.14,1.36,14.96,2.82,0.29,407
45.521,16.72,0.15,1.37,14.88,2.82,0.00,409
45.537,16.67,0.15,1.35,14.91,2.91,0.29,407
45.554,16.67,0.14,1.35,14.88,2.91,0.00,406
45.571,16.67,0.14,1.35,14.92,2.91,0.30,406
45.587,16.65,0.14,1.30,14.92,2.91,0.00,404
45.604,16.67,0.14,1.30,14.98,2.90,0.30,403
45.621,16.63,0.14,1.42,14.93,2.91,0.00,402
45.637,16.67,0.14,1.28,15.09,2.90,0.30,402
45.654,16.63,0.14,1.38,15.08,2.87,0.00,402
45.671,16.70,0.14,1.33,15.06,2.87,0.30,401
45.687,16.66,0.13,1.33,15.03,2.86,0.00,401
45.704,16.67,0.15,1.35,14.96,2.87,0.29,400
45.721,16.74,0.14,1.32,14.83,2.86,0.00,400
45.737,16.61,0.24,1.30,15.09,2.85,0.29,400
45.754,16.77,0.15,1.37,14.83,2.88,0.00,400
45.771,16.55,0.14,1.30,15.02,2.88,0.29,400
45.787,16.75,0.14,1.29,15.03,2.87,0.00,400
45.804,16.57,0.16,1.30,15.06,2.88,0.29,400
45.821,16.70,0.15,1.24,15.04,2.87,0.00,399
45.837,16.77,0.14,1.27,14.96,2.87,0.29,399
45.854,16.61,0.13,1.16,15.21,2.86,0.00,399
45.871,16.61,0.12,1.19,15.18,2.89,0.29,398
45.887,16.67,0.12,1.11,15.15,2.89,0.00,398
45.904,16.68,0.16,1.11,15.34,2.88,0.30,398
45.921,16.73,0.11,1.19,15.12,2.87,0.00,394
45.937,16.57,0.11,1.11,15.38,2.87,0.30,393
45.954,16.72,0.11,1.12,15.16,2.87,0.00,393
45.971,16.65,0.11,1.10,15.25,2.91,0.30,393
45.987,16.65,0.11,1.07,15.26,2.90,0.00,392
46.004,16.75,0.11,1.08,15.21,2.90,0.29,388
46.021,16.59,0.11,1.07,15.25,2.90,0.00,384
46.037,16.74,0.11,1.06,15.24,2.90,0.29,383
46.054,16.59,0.12,1.09,15.24,2.89,0.00,384
46.071,16.67,0.14,1.08,15.24,2.93,0.30,384
46.087,16.74,0.11,1.08,15.12,2.92,0.00,384
46.104,16.65,0.15,1.07,15.17,2.93,0.28,383
46.121,16.67,0.11,1.07,15.18,2.94,0.00,382
46.137,16.62,0.11,1.06,15.34,2.93,0.29,380
46.154,16.67,0.11,1.10,15.18,2.92,0.00,380
46.171,16.73,0.11,1.06,15.26,2.93,0.30,380
46.187,16.60,0.11,1.04,15.29,2.97,0.00,380
46.204,16.74,0.15,1.06,15.22,2.97,0.30,379
46.221,16.61,0.10,1.05,15.27,2.97,0.00,379
46.237,16.72,0.11,1.05,15.20,2.96,0.29,378
46.254,16.61,0.11,1.02,15.29,2.96,0.00,375
46.271,16.65,0.13,1.04,15.32,2.96,0.30,373
46.287,16.68,0.14,1.02,15.23,3.00,0.00,372
46.304,16.73,0.11,1.00,15.28,2.99,0.29,371
46.321,16.65,0.10,1.00,15.28,2.99,0.00,370
46.337,16.69,0.11,1.01,15.26,2.99,0.29,368
46.354,16.67,0.10,0.99,15.18,2.99,0.00,367
46.371,16.59,0.10,0.91,15.48,2.99,0.30,366
46.387,16.69,0.15,0.88,15.39,2.97,0.00,365
46.404,16.64,0.23,0.96,15.36,2.56,0.30,380
46.421,16.67,0.13,0.97,15.46,2.67,0.00,387
46.437,16.68,0.11,0.97,15.40,2.76,0.31,387
46.454,16.77,0.11,0.98,15.20,2.75,0.00,386
46.471,16.63,0.11,0.96,15.34,2.74,0.30,383
46.487,16.66,0.11,0.93,15.32,2.72,0.00,383
46.504,16.59,0.11,0.96,15.38,2.74,0.29,382
46.521,16.74,0.11,0.96,15.25,2.72,0.00,381
46.537,16.67,0.11,0.95,15.36,2.69,0.30,379
46.554,16.60,0.12,0.94,15.49,2.68,0.00,377
46.571,16.66,0.12,1.02,15.34,2.68,0.29,375
46.587,16.69,0.17,0.97,15.30,2.65,0.00,375
46.604,16.65,0.11,0.96,15.41,2.67,0.29,374
46.621,16.72,0.10,0.96,15.34,2.65,0.00,374
46.637,16.62,0.11,0.96,15.47,2.64,0.31,373
46.654,16.65,0.10,0.96,15.40,2.62,0.00,373
46.671,16.76,0.11,0.97,15.36,2.61,0.30,372
46.687,16.60,0.13,0.98,15.31,2.61,0.00,372
46.704,16.74,0.11,0.94,15.33,2.59,0.28,370
46.721,16.63,0.10,0.93,15.34,2.60,0.00,368
46.737,16.62,0.14,0.94,15.38,2.59,0.29,368
46.754,16.74,0.10,0.96,15.36,2.57,0.00,368
46.771,16.60,0.10,0.96,15.53,2.57,0.30,365
46.787,16.70,0.11,1.01,15.29,2.56,0.00,365
46.804,16.64,0.12,0.93,15.41,2.55,0.30,365
46.821,16.71,0.10,0.97,15.28,2.56,0.00,364
46.837,16.69,0.11,0.96,15.30,2.55,0.29,361
46.854,16.63,0.14,0.68,15.57,2.52,0.00,360
46.871,16.71,0.14,0.69,15.60,2.53,0.29,358
46.887,16.60,0.13,0.71,15.59,2.49,0.00,357
46.904,16.71,0.11,0.68,15.62,2.49,0.28,356
46.921,16.61,0.12,0.67,15.61,2.48,0.00,353
46.937,16.68,0.11,0.68,15.68,2.48,0.29,351
46.954,16.69,0.17,0.74,15.51,2.47,0.00,348
46.971,16.66,0.12,0.66,15.77,2.47,0.30,347
46.987,16.67,0.10,0.71,15.59,2.47,0.00,345
47.004,16.66,0.10,0.69,15.67,2.46,0.29,344
47.021,16.72,0.14,0.96,15.21,2.46,0.00,398
47.037,16.66,0.12,0.95,15.59,3.31,0.57,513
47.054,16.78,0.12,0.99,15.17,3.53,0.00,539
47.071,16.57,0.12,0.98,15.30,3.57,0.30,557
47.087,16.68,0.12,0.96,15.29,3.59,0.00,569
47.104,16.59,0.13,0.98,15.36,3.60,0.29,582
47.121,16.72,0.12,1.00,15.32,3.63,0.00,589
47.137,16.62,0.12,0.99,15.39,3.67,0.30,596
47.154,16.67,0.13,1.00,15.33,3.67,0.00,602
47.171,16.75,0.15,0.98,15.36,3.71,0.29,613
47.187,16.62,0.13,0.99,15.31,3.79,0.00,618
47.204,16.72,0.12,1.02,15.24,3.84,0.29,637
47.221,16.64,0.12,0.99,15.26,3.89,0.00,646
47.237,16.62,0.12,1.01,15.36,3.93,0.29,649
47.254,16.66,0.13,1.00,15.26,3.86,0.00,650
47.271,16.72,0.13,1.02,15.39,3.89,0.30,653
47.287,16.66,0.13,1.07,15.20,3.92,0.00,658
47.304,16.69,0.13,1.03,15.25,3.96,0.29,659
47.321,16.68,0.13,1.03,15.21,3.97,0.00,658
47.337,16.65,0.12,1.04,15.30,3.99,0.29,664
47.354,16.61,0.12,1.00,15.30,4.01,0.00,668
47.371,16.75,0.17,1.05,15.27,4.04,0.30,669
47.387,16.61,0.14,1.08,15.17,4.05,0.00,674
47.404,16.68,0.13,1.03,15.29,4.07,0.29,677
47.421,16.63,0.14,1.05,15.39,4.10,0.00,675
47.437,16.72,0.13,1.11,15.28,3.97,0.30,677
47.454,16.63,0.12,1.01,15.30,3.53,0.00,676
47.471,16.66,0.12,1.05,15.30,3.57,0.29,676
47.487,16.67,0.14,1.06,15.26,3.57,0.00,679
47.504,16.67,0.13,1.05,15.43,3.57,0.29,683
47.521,16.73,0.12,1.11,15.27,3.57,0.00,682
47.537,16.61,0.13,1.04,15.29,3.60,0.29,683
47.554,16.73,0.12,1.04,15.24,3.60,0.00,682
47.571,16.60,0.12,1.05,15.40,3.60,0.30,683
47.587,16.69,0.13,1.04,15.26,3.60,0.00,681
47.604,16.73,0.12,1.04,15.26,3.62,0.30,682
47.621,16.59,0.12,1.04,15.27,3.62,0.00,681
47.637,16.67,0.14,1.04,15.31,3.62,0.29,678
47.654,16.67,0.13,1.03,15.30,3.62,0.00,680
47.671,16.67,0.12,1.04,15.42,3.64,0.30,680
47.687,16.69,0.14,1.03,15.26,3.64,0.00,681
47.704,16.64,0.11,1.03,15.31,3.65,0.29,680
47.721,16.74,0.12,1.04,15.23,3.63,0.00,679
47.737,16.65,0.16,1.35,15.38,3.63,0.74,706
47.754,17.01,0.15,1.30,14.63,3.70,0.00,707
47.771,16.27,0.15,1.25,15.08,3.70,0.28,708
47.787,16.68,0.26,1.27,14.90,3.72,0.00,710
47.804,16.65,0.16,1.26,15.10,3.74,0.30,710
47.821,16.64,0.17,1.29,15.05,3.77,0.00,708
47.837,16.70,0.15,1.25,15.08,3.77,0.30,707
47.854,16.69,0.15,1.24,15.02,3.77,0.00,707
47.871,16.66,0.17,1.27,15.14,3.79,0.30,707
47.887,16.72,0.15,1.32,14.87,3.82,0.00,711
47.904,16.67,0.15,1.30,14.94,3.83,0.28,712
47.921,16.68,0.13,1.30,14.97,3.83,0.00,710
47.937,16.62,0.19,1.29,14.97,3.83,0.30,711
47.954,16.70,0.12,1.31,14.92,3.87,0.00,711
47.971,16.66,0.13,1.26,15.14,3.89,0.29,711
47.987,16.66,0.12,1.32,15.03,3.88,0.00,710
48.004,16.62,0.12,1.28,15.08,3.88,0.29,712
48.021,16.73,0.12,1.31,14.95,3.90,0.00,711
48.037,16.67,0.12,1.29,14.99,3.93,0.29,711
48.054,16.62,0.12,1.27,15.06,3.94,0.00,712
48.071,16.74,0.12,1.31,14.99,3.93,0.31,713
48.087,16.61,0.12,1.31,15.01,3.94,0.00,714
48.104,16.66,0.17,1.26,15.02,3.97,0.29,716
48.121,16.65,0.14,1.29,15.06,3.97,0.00,716
48.138,16.83,0.12,1.30,14.88,3.97,0.29,717
48.154,16.56,0.12,1.29,14.99,3.96,0.00,717
48.171,16.62,0.12,1.26,15.36,3.99,0.34,717
48.188,16.84,0.09,0.95,15.25,3.99,0.00,714
48.204,16.50,0.13,1.29,15.07,3.97,0.29,715
48.221,16.78,0.13,1.33,14.90,3.95,0.00,716
48.238,16.64,0.12,1.27,15.01,4.04,0.30,716
48.254,16.59,0.12,1.29,15.06,4.03,0.00,719
48.271,16.67,0.12,1.29,15.11,4.04,0.31,731
48.287,16.68,0.12,1.27,15.02,4.04,0.00,731
48.304,16.65,0.12,1.28,15.15,4.03,0.31,730
48.321,16.67,0.11,1.29,15.02,4.01,0.00,729
48.338,16.73,0.13,1.30,14.99,4.00,0.28,728
48.354,16.69,0.12,1.26,14.97,3.99,0.00,729
48.371,16.58,0.15,1.23,15.26,3.99,0.29,732
48.388,16.75,0.11,1.20,15.07,4.02,0.00,732
48.404,16.59,0.29,1.34,14.94,4.00,0.29,749
48.421,16.70,0.21,1.35,14.91,4.09,0.00,760
48.437,16.65,0.16,1.32,15.08,4.23,0.31,759
48.454,16.67,0.16,1.40,14.85,4.24,0.00,761
48.471,16.72,0.15,1.33,14.91,4.24,0.29,761
48.488,16.68,0.15,1.35,14.87,4.23,0.00,763
48.504,16.60,0.17,1.36,15.06,4.21,0.30,762
48.521,16.73,0.13,1.41,14.80,4.21,0.00,760
48.537,16.59,0.13,1.32,15.07,3.84,0.30,760
48.554,16.65,0.13,1.37,14.90,3.84,0.00,762
48.571,16.77,0.12,1.31,15.02,3.83,0.29,759
48.587,16.56,0.12,1.33,14.99,3.82,0.00,758
48.604,16.76,0.12,1.32,15.00,3.84,0.30,758
48.621,16.73,0.12,1.31,14.91,3.84,0.00,758
48.638,16.58,0.17,1.25,14.85,3.83,0.22,757
48.654,16.63,0.10,0.98,15.11,3.82,0.00,756
48.671,16.66,0.09,0.98,15.26,3.84,0.22,755
48.687,16.67,0.09,0.97,15.12,3.84,0.00,757
48.704,16.66,0.09,0.96,15.20,3.83,0.21,759
48.721,16.75,0.10,0.98,15.02,3.84,0.00,758
48.737,16.59,0.10,0.96,15.45,3.84,0.30,758
48.754,16.76,0.12,1.29,14.94,3.84,0.00,758
48.771,16.65,0.12,1.31,15.00,3.84,0.29,756
48.788,16.60,0.13,1.30,15.04,3.85,0.00,756
48.804,16.66,0.14,1.30,15.00,3.85,0.29,754
48.821,16.74,0.12,1.30,14.97,3.86,0.00,752
48.838,16.60,0.12,1.28,15.09,3.86,0.30,752
48.854,16.68,0.13,1.25,15.03,3.85,0.00,751
48.871,16.74,0.13,1.30,14.92,3.85,0.29,748
48.888,16.62,0.12,1.30,15.02,3.87,0.00,747
48.904,16.72,0.12,1.30,14.96,3.87,0.30,748
48.921,16.62,0.12,1.32,15.07,3.85,0.00,747
48.938,16.66,0.12,1.33,14.79,3.86,0.21,744
48.954,16.62,0.09,0.98,15.12,3.87,0.00,743
48.971,16.67,0.09,0.97,15.18,3.86,0.22,740
48.988,16.71,0.09,0.79,15.27,3.86,0.00,736
49.004,16.63,0.09,0.78,15.43,3.84,0.21,734
49.021,16.67,0.09,0.79,15.58,3.85,0.00,735
49.038,16.73,0.11,1.05,15.26,3.88,0.30,733
49.054,16.61,0.13,1.05,15.25,3.86,0.00,734
49.071,16.67,0.11,1.07,15.28,3.86,0.30,733
49.088,16.66,0.14,1.04,15.22,3.84,0.00,730
49.104,16.68,0.15,1.04,15.31,3.85,0.30,726
49.121,16.63,0.18,1.08,15.25,3.83,0.00,723
49.138,16.69,0.11,1.07,15.38,3.82,0.29,719
49.154,16.68,0.18,1.34,14.91,3.79,0.00,766
49.171,16.74,0.19,1.32,15.82,4.62,1.16,763
49.188,17.44,0.16,1.40,14.01,4.59,0.00,762
49.204,15.80,0.17,1.34,15.11,4.55,0.29,761
49.221,16.73,0.17,1.40,14.87,4.53,0.00,746
49.238,16.62,0.17,1.38,14.94,4.44,0.30,744
49.254,16.78,0.18,1.38,14.76,4.00,0.00,759
49.271,16.63,0.16,1.38,14.85,4.01,0.30,754
49.288,16.59,0.20,1.45,14.80,3.99,0.00,750
49.304,16.75,0.16,1.41,14.83,3.97,0.30,747
49.321,16.60,0.17,1.39,14.87,3.95,0.00,744
49.338,16.71,0.16,1.38,14.88,3.94,0.30,742
49.354,16.62,0.17,1.44,14.87,3.92,0.00,737
49.371,16.66,0.16,1.43,14.89,3.90,0.29,730
49.388,16.67,0.18,1.43,14.83,3.91,0.00,722
49.404,16.68,0.17,1.43,14.88,3.89,0.29,712
49.421,16.65,0.17,1.45,14.85,3.86,0.00,708
49.438,16.67,0.15,1.46,14.99,3.85,0.30,701
49.454,16.73,0.17,1.46,14.80,3.82,0.00,690
49.471,16.61,0.17,1.41,14.94,3.80,0.30,681
49.488,16.67,0.16,1.39,14.90,3.81,0.00,678
49.504,16.74,0.16,1.40,14.95,3.78,0.30,672
49.521,16.62,0.15,1.42,14.88,3.74,0.00,656
49.538,16.65,0.21,1.40,14.86,3.69,0.31,617
49.554,16.66,0.15,1.38,14.88,3.61,0.00,424
49.571,16.67,0.15,1.36,14.98,2.74,0.29,423
49.588,16.71,0.15,1.38,14.83,2.77,0.00,421
49.604,16.71,0.16,1.36,14.88,2.76,0.29,419
49.621,16.59,0.14,1.38,14.89,2.76,0.00,418
49.638,16.67,0.14,1.35,15.01,2.76,0.30,418
49.654,16.68,0.15,1.34,14.90,2.76,0.00,417
49.671,16.76,0.17,1.32,14.90,2.76,0.29,416
49.688,16.64,0.19,1.37,14.80,2.76,0.00,417
49.704,16.73,0.15,1.16,15.03,2.79,0.30,417
49.721,16.60,0.19,1.15,15.00,2.79,0.00,417
49.738,16.60,0.15,1.15,15.17,2.78,0.29,417
49.754,16.68,0.15,1.12,15.10,2.79,0.00,416
49.771,16.66,0.19,1.15,15.12,2.79,0.29,416
49.788,16.71,0.14,1.16,15.12,2.79,0.00,416
49.804,16.62,0.14,1.12,15.19,2.88,0.29,415
49.821,16.68,0.16,1.15,15.14,2.89,0.00,413
49.838,16.65,0.15,1.15,15.29,2.89,0.30,414
49.854,16.70,0.14,1.11,15.15,2.91,0.00,415
49.871,16.70,0.15,1.14,15.10,2.93,0.28,412
49.888,16.66,0.13,1.15,15.07,2.93,0.00,412
49.904,16.61,0.17,1.13,15.16,2.93,0.29,413
49.921,16.66,0.14,1.12,15.19,2.88,0.00,410
49.938,16.75,0.19,1.13,15.13,2.87,0.30,410
49.954,16.57,0.14,1.11,15.14,2.87,0.00,410
49.971,16.73,0.15,1.14,15.10,2.87,0.29,407
49.988,16.67,0.14,1.14,15.05,2.87,0.00,403
50.004,16.69,0.12,1.10,15.23,2.87,0.30,399
50.021,16.61,0.13,1.11,15.15,2.89,0.00,399
50.038,16.74,0.11,1.09,15.25,2.88,0.29,398
50.054,16.62,0.13,1.13,15.14,2.88,0.00,398
50.071,16.66,0.17,1.09,15.19,2.87,0.29,396
50.088,16.72,0.11,1.05,15.30,2.87,0.00,396
50.104,16.58,0.18,1.09,15.23,2.86,0.29,397
50.121,16.69,0.16,1.10,15.20,2.88,0.00,397
50.138,16.76,0.12,1.11,15.22,2.88,0.29,397
50.154,16.57,0.11,1.08,15.19,2.87,0.00,394
50.171,16.69,0.11,1.07,15.25,2.86,0.29,394
50.188,16.65,0.11,1.05,15.32,2.86,0.00,393
50.204,16.79,0.11,1.05,15.19,2.85,0.30,393
50.221,16.56,0.15,1.09,15.16,2.85,0.00,393
50.238,16.69,0.15,1.07,15.38,2.87,0.30,392
50.254,16.74,0.11,1.06,15.14,2.86,0.00,389
50.271,16.58,0.12,1.11,15.24,2.86,0.30,389
50.288,16.78,0.11,1.08,15.16,2.85,0.00,388
50.304,16.67,0.12,1.09,15.14,2.85,0.30,387
50.321,16.53,0.14,1.06,15.31,2.83,0.00,386
50.338,16.64,0.11,1.10,15.27,2.87,0.28,385
50.354,16.75,0.11,1.05,15.19,2.86,0.00,384
50.371,16.68,0.15,0.98,15.23,2.86,0.29,384
50.388,16.64,0.11,0.97,15.33,2.85,0.00,381
50.404,16.63,0.24,1.02,15.19,2.84,0.29,394
50.421,16.72,0.11,0.99,15.29,2.94,0.00,398
50.438,16.63,0.11,1.02,15.36,3.02,0.30,396
50.454,16.67,0.13,1.03,15.27,3.04,0.00,394
50.471,16.71,0.11,1.01,15.30,3.04,0.30,393
50.488,16.60,0.13,1.00,15.28,3.03,0.00,393
50.504,16.76,0.11,1.01,15.40,3.04,0.30,391
50.521,16.63,0.11,1.02,15.19,3.04,0.00,391
50.538,16.63,0.11,1.00,15.31,3.05,0.29,390
50.554,16.71,0.11,0.98,15.25,3.06,0.00,389
50.571,16.61,0.11,0.98,15.44,3.07,0.30,387
50.588,16.64,0.11,0.99,15.31,3.07,0.00,387
50.604,16.72,0.15,1.02,15.28,3.07,0.29,384
50.621,16.69,0.11,0.97,15.27,3.06,0.00,383
50.638,16.63,0.12,0.98,15.40,3.07,0.29,383
50.654,16.67,0.11,0.95,15.34,3.08,0.00,382
50.671,16.67,0.11,0.97,15.44,2.64,0.30,382
50.688,16.65,0.12,0.96,15.42,2.63,0.00,381
50.704,16.70,0.12,1.04,15.30,2.62,0.28,380
50.721,16.65,0.14,0.97,15.48,2.61,0.00,377
50.738,16.71,0.12,0.95,15.50,2.61,0.28,376
50.754,16.70,0.12,0.96,15.29,2.61,0.00,375
50.771,16.59,0.10,0.97,15.38,2.62,0.26,373
50.788,16.67,0.11,0.95,15.32,2.61,0.00,373
50.804,16.69,0.16,0.96,15.33,2.60,0.26,372
50.821,16.70,0.11,0.93,15.29,2.60,0.00,370
50.838,16.62,0.25,0.99,15.36,2.59,0.39,375
50.854,16.70,0.12,0.97,15.26,2.59,0.00,425
50.871,16.70,0.11,0.98,15.29,2.66,0.26,431
50.888,16.64,0.10,0.94,15.37,2.66,0.00,438
50.904,16.61,0.11,1.00,15.35,2.66,0.26,438
50.921,16.67,0.11,0.96,15.33,2.66,0.00,435
50.938,16.67,0.12,0.99,15.39,2.65,0.26,433
50.954,16.80,0.11,0.93,15.28,2.64,0.00,427
50.971,16.53,0.16,1.17,15.35,2.62,0.47,443
50.988,16.79,0.15,1.21,14.95,3.40,0.00,499
51.004,16.56,0.19,1.18,15.07,3.57,0.26,535
51.021,16.66,0.15,1.21,15.07,3.60,0.00,559
51.038,16.72,0.15,1.20,15.06,3.63,0.26,573
51.054,16.66,0.16,1.21,14.99,3.64,0.00,578
51.071,16.63,0.17,1.20,15.08,3.64,0.26,583
51.088,16.67,0.15,1.22,15.07,3.65,0.00,587
51.104,16.71,0.19,1.21,15.00,3.66,0.26,590
51.121,16.67,0.16,0.92,15.27,3.64,0.00,547
51.138,16.62,0.16,0.98,15.38,3.61,0.28,549
51.154,16.63,0.15,0.94,15.37,3.58,0.00,557
51.171,16.76,0.18,0.92,15.29,3.58,0.26,564
51.188,16.70,0.15,0.91,15.39,3.60,0.00,570
51.204,16.56,0.25,0.93,15.36,3.59,0.26,577
51.221,16.66,0.21,0.93,15.44,3.58,0.00,582
51.238,16.70,0.22,0.93,15.30,3.57,0.27,587
51.254,16.73,0.15,0.92,15.31,3.57,0.00,588
51.271,16.68,0.15,0.88,15.42,3.56,0.26,586
51.288,16.58,0.15,0.96,15.42,3.56,0.00,592
51.304,16.65,0.16,0.95,15.42,3.61,0.28,593
51.321,16.74,0.16,0.97,15.36,3.60,0.00,599
51.338,16.60,0.15,0.97,15.49,3.61,0.26,631
51.354,16.71,0.12,0.91,15.40,3.57,0.00,632
51.371,16.63,0.12,0.92,15.41,3.59,0.25,634
51.388,16.71,0.12,0.91,15.40,3.01,0.00,636
51.404,16.63,0.12,0.93,15.42,3.02,0.26,636
51.421,16.72,0.11,0.93,15.37,3.00,0.00,633
51.438,16.61,0.13,0.95,15.48,3.00,0.26,631
51.454,16.66,0.12,0.96,15.35,2.99,0.00,632
51.471,16.76,0.16,0.95,15.19,3.00,0.26,631
51.488,16.61,0.11,0.94,15.33,2.99,0.00,631
51.504,16.71,0.12,0.94,15.36,2.99,0.27,632
51.521,16.63,0.12,0.95,15.31,3.02,0.00,631
51.538,16.67,0.13,0.93,15.38,3.02,0.26,631
51.554,16.65,0.11,0.90,15.36,3.02,0.00,630
51.571,16.69,0.13,0.92,15.37,3.02,0.26,629
51.588,16.70,0.12,0.93,15.33,3.01,0.00,627
51.604,16.61,0.13,0.92,15.38,3.02,0.26,629
51.621,16.70,0.12,0.89,15.35,3.05,0.00,629
51.638,16.66,0.13,0.92,15.40,3.04,0.27,630
51.654,16.63,0.13,0.93,15.32,3.03,0.00,632
51.671,16.74,0.12,0.93,15.36,3.03,0.26,632
51.688,16.65,0.11,0.87,15.43,3.03,0.00,631
51.704,16.67,0.12,0.94,15.35,3.03,0.26,630
51.721,16.67,0.11,0.93,15.34,3.06,0.00,629
51.738,16.60,0.11,0.92,15.44,3.05,0.26,630
51.754,16.73,0.11,0.93,15.36,3.05,0.00,629
51.771,16.60,0.11,0.94,15.54,3.05,0.27,630
51.788,16.71,0.11,0.96,15.38,3.04,0.00,628
51.804,16.64,0.11,0.92,15.43,3.04,0.26,631
51.821,16.74,0.12,0.92,15.43,3.03,0.00,632
51.838,16.59,0.11,0.92,15.47,3.06,0.26,635
51.854,16.67,0.12,0.93,15.36,3.05,0.00,635
51.871,16.66,0.11,0.92,15.43,3.05,0.26,633
51.888,16.67,0.11,0.89,15.51,3.04,0.00,633
51.904,16.68,0.11,0.92,15.41,3.05,0.26,634
51.921,16.73,0.11,0.92,15.34,3.03,0.00,635
51.938,16.60,0.14,0.91,15.54,3.05,0.28,637
51.954,16.70,0.10,0.89,15.37,3.04,0.00,637
51.971,16.68,0.14,0.88,15.37,3.04,0.26,636
51.988,16.66,0.10,0.91,15.31,3.03,0.00,637
52.005,16.70,0.11,0.93,15.32,3.03,0.26,637
52.021,16.66,0.11,0.92,15.30,3.02,0.00,640
52.038,16.65,0.11,0.92,15.38,3.01,0.26,639
52.054,16.65,0.10,0.91,15.33,3.03,0.00,638
52.071,16.68,0.11,0.91,15.37,3.04,0.26,638
52.088,16.67,0.10,0.90,15.41,3.02,0.00,641
52.104,16.61,0.12,0.90,15.45,3.02,0.26,640
52.121,16.68,0.12,0.89,15.56,3.02,0.00,641
52.138,16.69,0.12,0.93,15.44,3.01,0.26,642
52.154,16.62,0.15,0.92,15.39,3.04,0.00,643
52.171,16.76,0.10,0.91,15.37,3.04,0.26,636
52.188,16.63,0.11,0.89,15.43,3.03,0.00,636
52.204,16.63,0.13,0.88,15.47,3.02,0.26,635
52.221,16.74,0.10,0.92,15.35,3.02,0.00,632
52.238,16.59,0.11,0.94,15.41,3.01,0.26,631
52.255,16.73,0.10,0.91,15.43,3.04,0.00,628
52.271,16.62,0.11,0.88,15.71,3.04,0.34,623
52.288,16.80,0.08,0.67,15.66,3.03,0.00,621
52.304,16.54,0.12,0.92,15.43,3.02,0.27,623
52.321,16.67,0.13,0.90,15.40,3.02,0.00,620
52.338,16.66,0.12,0.95,15.38,3.02,0.26,621
52.355,16.74,0.12,0.89,15.36,3.02,0.00,619
52.371,16.59,0.10,0.84,15.76,3.04,0.33,614
52.388,16.83,0.10,0.87,15.43,3.03,0.00,613
52.404,16.53,0.25,0.93,15.24,3.02,0.26,682
52.421,16.70,0.10,0.95,15.34,3.23,0.00,692
52.438,16.69,0.15,0.95,15.30,3.38,0.26,687
52.454,16.59,0.13,1.01,15.32,3.36,0.00,685
52.471,16.67,0.11,0.92,15.44,3.37,0.27,678
52.488,16.75,0.11,0.88,15.40,3.07,0.00,677
52.504,16.59,0.16,0.91,15.41,3.06,0.28,676
52.521,16.74,0.10,0.93,15.32,3.05,0.00,676
52.538,16.68,0.10,0.91,15.37,3.04,0.29,672
52.555,16.65,0.10,0.87,15.42,3.04,0.00,673
52.571,16.62,0.11,0.90,15.45,3.03,0.29,673
52.588,16.74,0.11,0.91,15.40,3.04,0.00,674
52.605,16.60,0.11,0.93,15.50,3.03,0.31,672
52.621,16.65,0.10,0.96,15.46,3.01,0.00,671
52.638,16.65,0.10,0.94,15.40,3.00,0.29,667
52.655,16.73,0.10,0.89,15.16,2.97,0.00,665
52.671,16.63,0.09,0.69,15.49,2.97,0.21,664
52.688,16.74,0.08,0.72,15.28,2.96,0.00,662
52.705,16.60,0.08,0.70,15.53,2.95,0.22,661
52.721,16.67,0.08,0.71,15.39,2.94,0.00,660
52.738,16.67,0.09,0.68,15.71,2.93,0.30,659
52.755,16.72,0.10,0.92,15.33,2.91,0.00,659
52.771,16.67,0.13,0.92,15.36,2.90,0.29,658
52.788,16.62,0.10,0.92,15.42,2.90,0.00,658
52.805,16.74,0.10,0.90,15.40,2.90,0.29,658
52.821,16.68,0.10,0.95,15.28,2.89,0.00,658
52.838,16.64,0.10,0.89,15.43,2.88,0.29,657
52.855,16.68,0.10,0.91,15.52,2.86,0.00,655
52.871,16.65,0.10,0.91,15.52,2.86,0.30,654
52.888,16.64,0.11,0.91,15.40,2.84,0.00,654
52.905,16.71,0.14,0.92,15.14,2.85,0.21,655
52.921,16.59,0.08,0.68,15.80,2.85,0.00,652
52.938,16.68,0.12,0.77,15.57,2.83,0.29,651
52.955,16.67,0.10,0.70,15.67,2.81,0.00,651
52.971,16.65,0.17,0.75,15.55,2.82,0.29,650
52.988,16.74,0.11,0.74,15.54,2.80,0.00,649
53.005,16.67,0.10,0.72,15.58,2.82,0.29,650
53.021,16.61,0.10,0.72,15.60,2.81,0.00,648
53.038,16.72,0.10,0.73,15.59,2.81,0.29,646
53.055,16.65,0.15,0.73,15.53,2.80,0.00,649
53.071,16.62,0.10,0.74,15.62,2.80,0.29,648
53.088,16.68,0.13,0.72,15.75,2.79,0.00,647
53.105,16.73,0.10,0.74,15.55,2.78,0.30,646
53.121,16.59,0.11,0.74,15.56,2.82,0.00,643
53.138,16.67,0.10,0.70,15.67,2.81,0.30,641
53.155,16.66,0.09,0.70,15.64,2.81,0.00,638
53.171,16.82,0.10,0.74,15.55,2.80,0.29,636
53.188,16.51,0.09,0.75,15.51,2.81,0.00,634
53.205,16.68,0.08,0.57,16.00,2.81,0.29,632
53.221,16.78,0.10,0.74,15.55,2.82,0.00,631
53.238,16.57,0.12,0.73,15.62,2.82,0.29,629
53.255,16.73,0.10,0.74,15.48,2.83,0.00,628
53.271,16.60,0.10,0.76,15.59,2.82,0.29,626
53.288,16.71,0.09,0.72,15.55,2.82,0.00,625
53.305,16.63,0.10,0.74,15.62,2.82,0.29,622
53.321,16.74,0.10,0.73,15.58,2.84,0.00,621
53.338,16.59,0.11,0.74,15.63,2.85,0.30,617
53.355,16.73,0.09,0.75,15.54,2.83,0.00,614
53.371,16.69,0.09,0.74,15.55,2.84,0.30,611
53.388,16.60,0.11,0.75,15.63,2.83,0.00,609
53.405,16.67,0.09,0.75,15.84,2.83,0.36,606
53.421,16.80,0.10,0.77,15.47,2.82,0.00,603
53.438,16.53,0.10,0.73,15.66,2.84,0.31,603
53.455,16.67,0.09,0.72,15.65,2.83,0.00,601
53.471,16.66,0.09,0.73,15.66,2.82,0.29,599
53.488,16.67,0.09,0.72,15.59,2.82,0.00,594
53.505,16.75,0.13,0.75,15.62,2.81,0.31,593
53.521,16.62,0.10,0.72,15.66,2.81,0.00,592
53.538,16.62,0.09,0.75,15.66,2.82,0.30,591
53.555,16.74,0.09,0.73,15.56,2.80,0.00,590
53.571,16.69,0.09,0.73,15.56,2.80,0.29,590
53.588,16.66,0.10,0.73,15.51,2.79,0.00,588
53.605,16.70,0.09,0.77,15.53,2.78,0.29,584
53.621,16.62,0.09,0.73,15.54,2.76,0.00,583
53.638,16.65,0.13,1.04,15.50,2.75,0.49,631
53.655,16.78,0.11,1.05,15.08,3.59,0.00,630
53.671,16.54,0.17,1.05,15.29,3.57,0.29,629
53.688,16.68,0.12,1.03,15.26,3.57,0.00,625
53.705,16.72,0.14,1.06,15.19,3.56,0.29,621
53.721,16.65,0.11,1.04,15.23,3.55,0.00,620
53.738,16.69,0.11,1.05,15.20,3.55,0.29,621
53.755,16.65,0.11,1.04,15.25,3.54,0.00,623
53.771,16.60,0.11,1.07,15.33,3.55,0.29,622
53.788,16.69,0.18,1.15,15.06,3.55,0.00,619
53.805,16.67,0.13,1.07,15.26,3.54,0.31,617
53.821,16.65,0.11,1.04,15.29,3.54,0.00,616
53.838,16.67,0.13,1.10,15.24,3.54,0.29,618
53.855,16.73,0.11,1.06,15.23,3.57,0.00,617
53.871,16.69,0.11,1.08,15.23,3.57,0.29,616
53.888,16.59,0.11,1.10,15.28,3.56,0.00,613
53.905,16.77,0.15,1.09,15.15,3.57,0.29,615
53.921,16.70,0.11,1.10,15.17,3.58,0.00,615
53.938,16.54,0.11,1.08,15.32,3.58,0.29,614
53.955,16.68,0.13,1.08,15.28,3.58,0.00,617
53.971,16.62,0.10,1.07,15.38,3.62,0.29,616
53.988,16.69,0.10,1.07,15.30,3.62,0.00,614
54.005,16.67,0.15,1.11,15.21,3.63,0.30,616
54.021,16.68,0.15,1.03,15.23,3.62,0.00,613
54.038,16.73,0.14,1.07,15.21,3.64,0.29,611
54.055,16.63,0.14,1.10,15.16,3.06,0.00,612
54.071,16.65,0.12,1.11,15.26,3.09,0.29,614
54.088,16.66,0.11,1.07,15.22,3.11,0.00,617
54.105,16.74,0.10,1.07,15.26,3.11,0.30,617
54.121,16.60,0.16,1.10,15.23,3.11,0.00,617
54.138,16.67,0.10,1.09,15.30,3.12,0.30,613
54.155,16.66,0.13,1.11,15.25,3.13,0.00,612
54.171,16.76,0.11,1.09,15.23,3.14,0.29,615
54.188,16.61,0.10,1.08,15.23,3.23,0.00,617
54.205,16.71,0.10,1.10,15.25,3.24,0.30,619
54.221,16.61,0.10,1.07,15.24,3.27,0.00,643
54.238,16.65,0.10,1.10,15.26,3.32,0.29,643
54.255,16.74,0.10,1.10,15.15,3.35,0.00,644
54.271,16.67,0.11,1.10,15.20,3.36,0.29,647
54.288,16.66,0.10,1.05,15.18,3.34,0.00,646
54.305,16.61,0.10,1.09,15.31,3.35,0.29,648
54.321,16.68,0.10,1.04,15.28,3.35,0.00,651
54.338,16.73,0.10,1.10,15.19,3.37,0.29,652
54.355,16.66,0.10,1.04,15.20,3.38,0.00,652
54.371,16.61,0.10,0.98,15.41,3.39,0.30,654
54.388,16.67,0.10,0.97,15.29,3.43,0.00,658
54.405,16.69,0.23,1.07,15.24,3.43,0.30,681
54.421,16.64,0.10,1.11,15.33,3.58,0.00,688
54.438,16.65,0.12,1.12,15.48,3.66,0.29,688
54.455,16.87,0.10,1.09,15.06,3.66,0.00,687
54.471,16.48,0.10,1.09,15.29,3.66,0.29,687
54.488,16.79,0.10,1.06,15.17,3.66,0.00,687
54.505,16.62,0.11,1.06,15.19,3.68,0.28,688
54.521,16.62,0.10,1.06,15.27,3.68,0.00,686
54.538,16.73,0.11,1.09,15.31,3.68,0.31,687
54.555,16.62,0.10,1.11,15.17,3.67,0.00,686
54.571,16.65,0.12,1.08,15.24,3.67,0.29,684
54.588,16.71,0.10,1.06,15.34,3.67,0.00,686
54.605,16.63,0.10,1.10,15.45,3.68,0.30,685
54.621,16.78,0.10,1.10,15.27,3.68,0.00,683
54.638,16.61,0.11,1.10,15.21,3.66,0.29,684
54.655,16.55,0.14,1.11,15.40,3.66,0.00,683
54.671,16.81,0.10,1.08,15.38,3.64,0.29,683
54.688,16.70,0.10,1.07,15.22,3.63,0.00,682
54.705,16.53,0.12,1.12,15.52,3.65,0.39,683
54.722,16.96,0.11,1.06,15.11,3.64,0.00,683
54.738,16.44,0.19,1.10,15.30,3.63,0.29,683
54.755,16.79,0.10,1.11,15.17,3.63,0.00,682
54.771,16.51,0.10,1.06,15.41,3.62,0.36,681
54.788,16.72,0.10,1.10,15.21,3.61,0.00,678
54.805,16.59,0.13,1.47,15.30,3.60,0.56,733
54.822,17.03,0.12,1.43,14.64,4.43,0.00,732
54.838,16.31,0.12,1.42,15.13,4.42,0.33,734
54.855,16.83,0.12,1.46,14.81,4.41,0.00,731
54.871,16.53,0.12,1.47,14.61,4.39,0.16,729
54.888,16.66,0.12,1.49,15.01,4.39,0.00,728
54.905,16.77,0.13,1.42,15.01,4.41,0.35,727
54.922,16.69,0.13,1.60,14.71,4.40,0.00,727
54.938,16.59,0.19,1.41,15.07,4.39,0.30,725
54.955,16.81,0.12,1.48,14.80,4.39,0.00,724
54.971,16.55,0.12,1.45,15.14,4.40,0.33,724
54.988,16.86,0.12,1.43,14.83,4.40,0.00,720
55.005,16.53,0.12,1.48,15.02,4.38,0.30,719
55.022,16.76,0.12,1.42,14.78,4.39,0.00,719
55.038,16.46,0.12,1.48,15.10,4.43,0.30,719
55.055,16.84,0.12,1.44,14.79,4.42,0.00,720
55.071,16.47,0.12,1.39,15.19,4.42,0.30,719
55.088,16.83,0.12,1.53,14.84,4.41,0.00,717
55.105,16.63,0.12,1.49,14.88,4.41,0.30,717
55.121,16.62,0.12,1.44,14.91,4.42,0.00,716
55.138,16.61,0.11,1.45,14.97,4.44,0.30,714
55.155,16.68,0.11,1.44,14.91,4.00,0.00,714
55.171,16.62,0.13,1.42,15.14,4.00,0.30,713
55.188,16.84,0.11,1.46,14.87,4.00,0.00,711
55.205,16.60,0.11,1.46,14.98,4.00,0.34,708
55.222,16.74,0.12,1.50,14.69,3.42,0.00,709
55.238,16.50,0.12,1.36,14.98,3.46,0.29,708
55.255,16.71,0.11,1.40,14.92,3.46,0.00,706
55.271,16.63,0.13,1.39,14.94,3.46,0.29,706
55.288,16.75,0.11,1.41,14.84,3.46,0.00,704
55.305,16.65,0.14,1.40,14.88,3.45,0.30,702
55.321,16.60,0.12,1.36,14.95,3.45,0.00,699
55.338,16.76,0.11,1.36,14.93,3.44,0.29,700
55.355,16.58,0.12,1.34,14.99,3.48,0.00,700
55.371,16.67,0.12,1.39,14.96,3.47,0.29,698
55.388,16.73,0.11,1.37,14.94,3.46,0.00,698
55.405,16.61,0.10,1.35,15.08,3.45,0.30,696
55.421,16.67,0.12,1.36,15.02,3.45,0.00,695
55.438,16.68,0.11,1.31,15.04,3.44,0.29,694
55.455,16.65,0.11,1.36,15.10,3.47,0.00,693
55.471,16.69,0.11,1.40,14.96,3.46,0.29,690
55.488,16.65,0.13,1.34,15.05,3.45,0.00,675
55.505,16.64,0.10,1.34,15.18,3.42,0.31,671
55.521,16.73,0.10,1.36,15.00,3.38,0.00,669
55.538,16.63,0.12,1.46,14.93,3.38,0.30,670
55.555,16.65,0.11,1.31,15.06,3.37,0.00,666
55.571,16.75,0.10,1.33,15.04,3.38,0.29,662
55.588,16.59,0.14,1.37,14.95,3.36,0.00,659
55.605,16.70,0.10,1.04,15.32,3.36,0.28,639
55.621,16.74,0.10,1.03,15.20,3.34,0.00,641
55.638,16.66,0.11,1.03,15.29,3.33,0.30,640
55.655,16.60,0.10,1.05,15.37,3.34,0.00,642
55.671,16.69,0.12,1.04,15.37,3.36,0.29,644
55.688,16.64,0.10,1.04,15.27,3.36,0.00,644
55.705,16.69,0.13,1.01,15.34,3.35,0.28,644
55.721,16.66,0.13,1.03,15.32,3.34,0.00,648
55.738,16.79,0.11,1.05,15.28,3.34,0.29,649
55.755,16.54,0.12,1.01,15.27,3.33,0.00,655
55.772,16.75,0.10,1.05,15.23,3.36,0.29,656
55.788,16.66,0.10,1.01,15.27,3.36,0.00,655
55.805,16.69,0.10,1.03,15.27,3.35,0.29,656
55.821,16.59,0.10,1.01,15.29,3.35,0.00,656
55.838,16.75,0.10,1.03,15.23,3.35,0.28,657
55.855,16.63,0.10,0.99,15.27,3.35,0.00,656
55.871,16.63,0.11,0.99,15.39,3.34,0.31,657
55.888,16.67,0.10,1.01,15.24,3.36,0.00,660
55.905,16.66,0.12,1.03,15.40,3.36,0.31,658
55.921,16.65,0.10,1.00,15.34,3.35,0.00,659
55.938,16.74,0.10,0.99,15.34,3.34,0.30,658
55.955,16.60,0.11,1.00,15.31,3.34,0.00,656
55.972,16.75,0.10,1.03,15.30,3.33,0.29,655
55.988,16.61,0.10,0.98,15.39,3.35,0.00,654
56.005,16.80,0.15,1.03,15.19,3.35,0.30,652
56.021,16.49,0.10,1.05,15.27,3.34,0.00,650
56.038,16.84,0.10,1.00,15.22,3.33,0.29,652
56.055,16.60,0.10,0.99,15.38,3.32,0.00,646
56.071,16.59,0.10,0.99,15.55,3.31,0.30,646
56.088,16.77,0.10,1.08,15.16,3.31,0.00,646
56.105,16.56,0.11,1.02,15.36,3.39,0.29,643
56.121,16.67,0.10,1.03,15.40,3.38,0.00,644
56.138,16.64,0.10,0.99,15.45,3.40,0.29,643
56.155,16.71,0.10,1.01,15.37,3.40,0.00,642
56.171,16.66,0.10,1.00,15.49,3.41,0.30,645
56.188,16.71,0.13,1.01,15.20,3.41,0.00,639
56.205,16.65,0.13,1.01,15.34,3.34,0.30,639
56.221,16.65,0.10,0.98,15.42,3.33,0.00,638
56.238,16.67,0.11,1.05,15.39,3.33,0.30,637
56.255,16.66,0.10,1.02,15.36,3.32,0.00,633
56.271,16.68,0.11,1.04,15.30,3.30,0.28,630
56.288,16.74,0.10,0.95,15.31,3.29,0.00,622
56.305,16.69,0.10,0.97,15.31,3.31,0.29,618
56.322,16.68,0.10,0.98,15.29,2.98,0.00,618
56.338,16.56,0.10,0.97,15.43,2.97,0.30,618
56.355,16.67,0.09,0.98,15.34,2.95,0.00,618
56.371,16.68,0.14,0.88,15.44,2.94,0.29,616
56.388,16.71,0.09,0.83,15.40,2.92,0.00,616
56.405,16.68,0.24,0.95,15.30,2.91,0.29,635
56.421,16.61,0.10,0.97,15.36,3.08,0.00,644
56.438,16.67,0.10,0.94,15.50,3.19,0.29,642
56.455,16.65,0.10,0.97,15.30,3.17,0.00,639
56.472,16.73,0.12,0.98,15.41,3.15,0.30,638
56.488,16.62,0.10,0.99,15.34,3.13,0.00,637
56.505,16.72,0.11,0.97,15.36,3.12,0.29,635
56.522,16.73,0.10,0.97,15.24,3.12,0.00,635
56.538,16.57,0.11,0.97,15.35,3.11,0.29,634
56.555,16.71,0.10,0.96,15.31,3.09,0.00,634
56.572,16.66,0.13,0.97,15.29,3.07,0.30,632
56.588,16.65,0.10,0.93,15.40,3.06,0.00,631
56.605,16.62,0.10,0.97,15.40,3.05,0.28,630
56.622,16.73,0.10,0.94,15.32,3.04,0.00,630
56.638,16.71,0.10,0.97,15.30,3.05,0.29,628
56.655,16.62,0.10,0.92,15.35,3.04,0.00,628
56.672,16.64,0.10,0.98,15.46,3.02,0.30,628
56.688,16.66,0.09,0.94,15.48,3.00,0.00,625
56.705,16.63,0.10,0.97,15.47,2.99,0.29,622
56.721,16.66,0.10,1.02,15.36,2.98,0.00,621
56.738,16.69,0.10,0.96,15.41,2.99,0.29,620
56.755,16.68,0.10,0.94,15.43,2.98,0.00,618
56.772,16.65,0.10,0.73,15.69,2.96,0.29,589
56.788,16.69,0.10,0.69,15.64,2.93,0.00,588
56.805,16.64,0.11,0.70,15.66,2.92,0.27,586
56.822,16.73,0.10,0.67,15.59,2.91,0.00,584
56.838,16.61,0.11,0.67,15.67,2.92,0.26,584
56.855,16.75,0.10,0.72,15.54,2.92,0.00,585
56.872,16.59,0.13,0.70,15.63,2.92,0.26,584
56.888,16.73,0.10,0.67,15.56,2.91,0.00,584
56.905,16.62,0.10,0.68,15.80,2.89,0.27,584
56.922,16.69,0.18,0.68,15.53,2.89,0.00,581
56.938,16.65,0.11,0.69,15.64,2.89,0.26,581
56.955,16.71,0.10,0.69,15.59,2.90,0.00,582
56.972,16.68,0.10,0.68,15.64,2.90,0.26,582
56.988,16.60,0.10,0.70,15.57,2.90,0.00,581
57.005,16.68,0.13,0.71,15.59,2.89,0.26,580
57.022,16.75,0.10,0.69,15.60,2.88,0.00,573
57.038,16.57,0.11,0.69,15.65,2.88,0.26,571
57.055,16.74,0.09,0.72,15.53,2.89,0.00,567
57.072,16.68,0.09,0.69,15.58,2.88,0.26,566
57.088,16.66,0.09,0.69,15.59,2.87,0.00,564
57.105,16.65,0.09,0.68,15.64,2.87,0.26,564
57.122,16.67,0.09,0.69,15.64,2.87,0.00,561
57.138,16.61,0.10,0.70,15.67,2.86,0.26,560
57.155,16.70,0.10,0.69,15.60,2.86,0.00,560
57.172,16.64,0.34,0.72,15.47,2.86,0.26,559
57.188,16.64,0.09,0.74,15.72,2.86,0.00,557
57.205,16.67,0.10,0.68,15.78,2.84,0.26,556
57.222,16.69,0.11,0.70,15.65,2.84,0.00,554
57.238,16.74,0.12,0.70,15.54,2.83,0.26,553
57.255,16.65,0.10,0.67,15.59,2.82,0.00,554
57.272,16.65,0.11,0.67,15.63,2.83,0.26,551
57.288,16.69,0.09,0.71,15.51,2.83,0.00,549
57.305,16.68,0.09,0.69,15.61,2.82,0.26,548
57.322,16.67,0.09,0.68,15.56,2.80,0.00,546
57.338,16.68,0.12,0.70,15.55,2.80,0.26,546
57.355,16.66,0.15,0.93,15.30,2.79,0.00,594
57.372,16.59,0.12,0.90,15.67,3.66,0.46,594
57.388,16.80,0.11,0.95,15.22,3.65,0.00,579
57.405,16.62,0.11,0.91,15.35,3.61,0.26,579
57.422,16.63,0.11,0.92,15.40,3.58,0.00,579
57.438,16.63,0.12,0.94,15.42,3.58,0.26,578
57.455,16.72,0.11,0.92,15.33,3.55,0.00,578
57.472,16.66,0.14,0.92,15.37,3.55,0.26,582
57.488,16.70,0.12,0.95,15.25,3.56,0.00,580
57.505,16.69,0.12,0.96,15.29,3.57,0.26,581
57.522,16.62,0.11,0.96,15.29,3.56,0.00,583
57.538,16.63,0.12,0.96,15.46,3.57,0.30,582
57.555,16.66,0.11,1.02,15.31,3.58,0.00,583
57.572,16.67,0.12,0.97,15.37,3.60,0.26,585
57.588,16.67,0.12,0.94,15.31,3.59,0.00,585
57.605,16.67,0.11,0.94,15.48,3.60,0.28,590
57.622,16.66,0.13,0.97,15.36,3.61,0.00,591
57.638,16.70,0.12,0.97,15.32,3.61,0.26,591
57.655,16.69,0.12,0.98,15.24,3.62,0.00,591
57.672,16.69,0.11,0.98,15.40,3.64,0.26,592
57.688,16.61,0.13,1.00,15.25,3.63,0.00,592
57.705,16.74,0.12,0.99,15.37,3.64,0.26,596
57.722,16.60,0.11,1.04,15.31,3.66,0.00,597
57.738,16.75,0.12,0.98,15.29,3.67,0.26,598
57.755,16.59,0.11,1.00,15.30,3.68,0.00,598
57.772,16.67,0.12,0.95,15.39,3.57,0.27,595
57.788,16.71,0.12,0.95,15.28,3.13,0.00,597
57.805,16.62,0.12,1.00,15.33,3.21,0.26,598
57.822,16.67,0.11,1.02,15.25,3.22,0.00,598
57.838,16.68,0.16,1.01,15.27,3.23,0.26,600
57.855,16.70,0.12,0.98,15.25,3.25,0.00,599
57.872,16.69,0.11,0.97,15.29,3.24,0.26,599
57.888,16.65,0.11,1.01,15.25,3.24,0.00,598
57.905,16.63,0.12,0.99,15.33,3.24,0.26,596
57.922,16.72,0.12,0.99,15.31,3.24,0.00,598
57.938,16.61,0.11,1.04,15.23,3.27,0.26,596
57.955,16.70,0.12,0.98,15.33,3.27,0.00,597
57.972,16.64,0.12,1.01,15.35,3.27,0.27,598
57.988,16.67,0.11,1.01,15.41,3.27,0.00,600
58.005,16.66,0.15,1.25,15.41,3.27,0.61,617
58.022,16.91,0.11,1.15,14.94,3.30,0.00,621
58.038,16.43,0.12,1.15,15.17,3.32,0.26,623
58.055,16.71,0.12,1.12,15.16,3.34,0.00,624
58.072,16.63,0.12,1.16,15.18,3.36,0.26,626
58.088,16.74,0.12,1.22,14.99,3.39,0.00,627
58.105,16.66,0.12,1.16,15.11,3.38,0.26,628
58.122,16.64,0.12,1.17,15.17,3.39,0.00,630
58.138,16.64,0.12,1.30,15.04,3.39,0.26,633
58.155,16.68,0.11,1.16,15.25,3.42,0.00,633
58.172,16.64,0.13,1.20,15.21,3.41,0.26,636
58.188,16.66,0.14,1.20,15.13,3.41,0.00,638
58.205,16.69,0.15,1.18,15.31,3.41,0.32,641
58.222,16.78,0.12,0.96,15.35,3.41,0.00,645
58.238,16.55,0.13,1.26,15.08,3.44,0.26,645
58.255,16.74,0.11,1.21,15.04,3.43,0.00,647
58.272,16.60,0.12,1.23,15.18,3.43,0.29,649
58.288,16.66,0.15,1.20,15.24,3.43,0.00,648
58.305,16.71,0.11,1.21,15.14,3.45,0.26,650
58.322,16.65,0.14,1.20,15.12,3.46,0.00,653
58.338,16.65,0.11,1.19,15.17,3.46,0.26,651
58.355,16.74,0.11,1.19,15.08,3.45,0.00,653
58.372,16.59,0.15,1.12,15.21,3.48,0.26,653
58.388,16.68,0.11,1.10,15.19,3.47,0.00,655
58.405,16.73,0.26,1.18,15.04,3.47,0.26,677
58.422,16.58,0.12,1.26,15.10,3.56,0.00,689
58.438,16.69,0.12,1.20,15.16,3.70,0.27,688
58.455,16.67,0.12,1.20,15.06,3.71,0.00,691
58.472,16.75,0.12,1.22,15.12,3.72,0.30,696
58.488,16.58,0.12,1.27,15.04,3.72,0.00,697
58.505,16.74,0.12,1.20,15.08,3.71,0.29,695
58.522,16.59,0.13,1.24,15.09,3.72,0.00,696
58.538,16.74,0.11,1.19,15.11,3.72,0.29,695
58.555,16.67,0.12,1.18,15.03,3.72,0.00,695
58.572,16.68,0.12,1.18,15.11,3.73,0.29,694
58.588,16.60,0.11,1.17,15.15,3.75,0.00,695
58.605,16.72,0.12,1.19,15.23,3.76,0.31,695
58.622,16.66,0.13,1.29,14.92,3.75,0.00,697
58.638,16.69,0.16,1.27,15.03,3.76,0.29,696
58.655,16.58,0.12,1.32,15.01,3.79,0.00,697
58.672,16.76,0.11,1.23,15.10,3.78,0.30,699
58.688,16.56,0.13,1.25,15.09,3.78,0.00,699
58.705,16.79,0.15,1.24,15.19,3.79,0.30,702
58.722,16.71,0.12,1.26,14.98,3.82,0.00,700
58.738,16.55,0.14,1.19,15.15,3.82,0.30,700
58.755,16.66,0.12,1.24,15.08,3.82,0.00,698
58.772,16.66,0.12,1.22,15.22,3.81,0.29,698
58.788,16.68,0.29,1.22,14.93,3.82,0.00,694
58.805,16.66,0.12,1.16,15.23,3.84,0.30,690
58.822,16.63,0.12,1.22,15.16,3.82,0.00,669
58.838,16.70,0.11,1.18,15.23,3.78,0.30,657
58.855,16.64,0.13,1.19,15.12,3.78,0.00,652
58.872,16.73,0.11,1.16,15.16,3.35,0.29,652
58.888,16.70,0.11,1.18,15.07,3.35,0.00,652
58.905,16.68,0.11,1.15,15.14,3.35,0.29,651
58.922,16.61,0.11,1.15,15.17,3.35,0.00,650
58.938,16.65,0.11,1.18,15.20,3.35,0.29,649
58.955,16.74,0.12,1.17,15.03,3.35,0.00,650
58.972,16.61,0.11,1.14,15.20,3.34,0.29,651
58.988,16.67,0.16,1.19,15.10,3.34,0.00,652
59.005,16.72,0.12,1.13,15.17,3.35,0.29,651
59.022,16.61,0.12,1.17,15.25,3.35,0.00,651
59.038,16.66,0.12,1.17,15.30,3.34,0.30,652
59.055,16.70,0.11,1.16,15.11,3.34,0.00,652
59.072,16.72,0.19,1.44,15.43,3.32,0.98,709
59.089,17.18,0.15,1.40,14.25,4.20,0.00,708
59.105,16.14,0.19,1.44,14.81,4.19,0.29,707
59.122,16.60,0.17,1.45,14.85,4.17,0.00,704
59.138,16.67,0.17,1.47,14.83,4.15,0.29,706
59.155,16.70,0.16,1.48,14.76,4.11,0.00,701
59.172,16.65,0.17,1.45,14.87,4.11,0.29,701
59.188,16.67,0.16,1.51,14.73,4.16,0.00,705
59.205,16.75,0.15,1.50,14.75,4.11,0.30,706
59.222,16.70,0.15,1.48,14.71,4.10,0.00,722
59.238,16.54,0.16,1.53,14.87,4.12,0.30,720
59.255,16.68,0.15,1.56,14.78,4.12,0.00,719
59.272,16.63,0.15,1.52,14.82,4.11,0.28,719
59.288,16.70,0.15,1.53,14.76,4.10,0.00,716
59.305,16.66,0.17,1.50,14.79,4.09,0.29,713
59.322,16.67,0.15,1.28,14.97,4.07,0.00,706
59.338,16.74,0.15,1.26,15.01,4.05,0.29,702
59.355,16.61,0.15,1.28,14.99,4.02,0.00,696
59.372,16.65,0.14,1.19,15.20,4.01,0.30,685
59.388,16.65,0.15,1.25,15.02,3.98,0.00,670
59.405,16.78,0.20,1.21,14.96,3.97,0.29,650
59.422,16.60,0.15,1.25,15.06,3.93,0.00,625
59.438,16.65,0.15,1.24,15.24,3.89,0.31,602
59.455,16.76,0.15,1.29,14.94,3.85,0.00,564
59.472,16.58,0.18,1.21,15.07,3.79,0.30,416
59.488,16.68,0.21,1.17,15.03,3.44,0.00,415
59.505,16.66,0.16,1.19,15.09,3.00,0.29,414
59.522,16.65,0.15,1.16,15.08,2.69,0.00,414
59.538,16.73,0.15,1.15,15.09,2.68,0.29,412
59.555,16.63,0.15,1.16,15.07,2.68,0.00,411
59.572,16.67,0.18,1.19,15.08,2.67,0.29,410
59.588,16.71,0.14,1.18,15.01,2.67,0.00,410
59.605,16.69,0.15,1.19,15.01,2.66,0.29,410
59.622,16.64,0.14,1.19,15.03,2.69,0.00,408
59.638,16.62,0.14,1.18,15.19,2.69,0.29,408
59.655,16.63,0.23,1.22,15.03,2.68,0.00,408
59.672,16.78,0.15,1.16,15.13,2.68,0.30,407
59.688,16.61,0.14,1.19,15.06,2.68,0.00,404
59.705,16.74,0.17,1.17,15.02,2.67,0.29,405
59.722,16.58,0.18,1.13,15.13,2.70,0.00,402
59.738,16.66,0.15,1.12,15.35,2.69,0.30,401
59.755,16.76,0.14,1.15,15.06,2.69,0.00,400
59.772,16.58,0.16,1.15,15.12,2.68,0.29,399
59.789,16.71,0.13,1.18,15.03,2.68,0.00,398
59.805,16.62,0.12,1.14,15.23,2.68,0.30,398
59.822,16.67,0.11,1.14,15.13,2.70,0.00,396
59.839,16.72,0.12,1.12,15.17,2.70,0.29,396
59.855,16.67,0.12,1.15,15.15,2.68,0.00,395
59.872,16.60,0.11,1.12,15.20,2.68,0.29,394
59.888,16.67,0.11,1.10,15.18,2.67,0.00,392
59.905,16.75,0.14,1.08,15.16,2.67,0.30,392
59.922,16.60,0.12,1.13,15.24,2.65,0.00,392
59.938,16.66,0.12,1.13,15.21,2.68,0.29,391
59.955,16.72,0.11,1.09,15.17,2.67,0.00,391
59.972,16.66,0.12,0.96,15.35,2.66,0.29,391
59.988,16.63,0.11,0.93,15.44,2.65,0.00,390
60.005,16.67,0.12,0.96,15.38,2.64,0.29,390
60.022,16.73,0.11,0.93,15.29,2.63,0.00,388
60.039,16.67,0.14,0.95,15.31,2.65,0.29,386
60.055,16.60,0.11,0.98,15.32,2.64,0.00,386
60.072,16.75,0.11,0.93,15.36,2.63,0.28,384
60.088,16.59,0.10,0.97,15.37,2.62,0.00,384
60.105,16.68,0.11,0.92,15.50,2.61,0.29,383
60.122,16.66,0.16,1.01,15.22,2.61,0.00,383
60.139,16.69,0.11,0.92,15.64,2.59,0.31,384
60.155,16.80,0.11,0.93,15.22,2.62,0.00,382
60.172,16.52,0.11,0.92,15.48,2.62,0.30,380
60.188,16.63,0.11,0.93,15.46,2.61,0.00,377
60.205,16.70,0.12,0.92,15.43,2.60,0.29,376
60.222,16.67,0.11,0.93,15.42,2.60,0.00,376
60.238,16.67,0.11,0.88,15.55,2.60,0.30,376
60.255,16.67,0.11,0.91,15.49,2.61,0.00,376
60.272,16.67,0.17,0.93,15.51,2.62,0.30,375
60.289,16.73,0.11,0.97,15.32,2.61,0.00,374
60.305,16.60,0.13,0.91,15.46,2.61,0.30,371
60.322,16.73,0.10,0.89,15.37,2.61,0.00,370
60.339,16.68,0.11,0.87,15.43,2.60,0.29,371
60.355,16.64,0.10,0.90,15.46,2.63,0.00,370
60.372,16.59,0.11,0.89,15.58,2.62,0.29,368
60.388,16.69,0.12,0.91,15.47,2.62,0.00,367
60.405,16.65,0.27,0.96,15.38,2.62,0.30,382
60.422,16.74,0.11,0.95,15.32,2.75,0.00,394
60.438,16.62,0.11,0.93,15.45,2.90,0.29,393
60.455,16.67,0.12,0.92,15.40,2.91,0.00,391
60.472,16.68,0.11,0.92,15.45,2.93,0.30,391
60.489,16.66,0.12,0.95,15.40,2.91,0.00,390
60.505,16.69,0.13,0.93,15.43,2.90,0.30,387
60.522,16.66,0.12,0.93,15.37,2.89,0.00,384
60.539,16.66,0.11,0.93,15.45,2.88,0.29,383
60.555,16.66,0.11,0.89,15.49,2.87,0.00,382
60.572,16.67,0.14,0.91,15.41,2.88,0.29,381
60.589,16.68,0.12,1.00,15.31,2.60,0.00,381
60.605,16.65,0.10,0.88,15.50,2.59,0.30,379
60.622,16.74,0.11,0.93,15.31,2.58,0.00,378
60.639,16.60,0.11,0.90,15.45,2.58,0.29,377
60.655,16.72,0.10,0.87,15.40,2.57,0.00,376
60.672,16.62,0.12,0.88,15.59,2.55,0.31,375
60.689,16.71,0.10,0.88,15.39,2.57,0.00,374
60.705,16.63,0.11,0.89,15.47,2.56,0.29,373
60.722,16.66,0.10,0.91,15.37,2.55,0.00,373
60.739,16.68,0.10,0.88,15.52,2.54,0.31,371
60.755,16.63,0.11,0.95,15.39,2.52,0.00,370
60.772,16.77,0.12,0.91,15.51,2.51,0.29,369
60.789,16.66,0.10,0.92,15.39,2.52,0.00,368
60.805,16.61,0.11,0.91,15.47,2.50,0.30,365
60.822,16.71,0.10,0.91,15.39,2.49,0.00,365
60.839,16.63,0.11,0.92,15.47,2.48,0.30,364
60.855,16.78,0.11,0.89,15.37,2.46,0.00,363
60.872,16.56,0.11,0.89,15.65,2.45,0.33,363
60.889,16.80,0.11,0.95,15.29,2.45,0.00,363
60.905,16.69,0.15,0.91,15.30,2.44,0.30,362
60.922,16.52,0.11,0.90,15.38,2.42,0.00,362
60.939,16.72,0.11,0.90,15.45,2.41,0.31,361
60.955,16.59,0.14,0.89,15.40,2.39,0.00,360
60.972,16.69,0.19,0.90,15.57,2.38,0.34,359
60.989,16.80,0.11,0.97,15.26,2.37,0.00,359
61.005,16.53,0.11,0.90,15.45,2.37,0.29,358
61.022,16.72,0.11,0.88,15.38,2.35,0.00,358
61.039,16.69,0.10,0.71,15.58,2.35,0.29,358
61.055,16.61,0.11,0.75,15.41,2.33,0.00,361
61.072,16.66,0.10,0.73,15.84,2.33,0.53,434
61.089,16.78,0.10,0.72,15.45,2.40,0.00,457
61.105,16.61,0.14,0.71,15.56,2.44,0.29,469
61.122,16.60,0.10,0.74,15.57,2.46,0.00,461
61.139,16.73,0.11,0.75,15.55,2.45,0.29,460
61.155,16.61,0.10,0.73,15.56,2.44,0.00,458
61.172,16.75,0.11,0.73,15.82,2.44,0.45,455
61.189,16.77,0.11,0.77,15.10,2.44,0.00,455
61.205,16.48,0.09,0.55,15.88,2.43,0.30,455
61.222,16.64,0.11,0.77,15.55,2.46,0.00,455
61.239,16.77,0.10,0.75,15.56,2.45,0.29,444
61.255,16.74,0.11,0.75,15.38,2.45,0.00,444
61.272,16.57,0.10,0.75,15.54,2.44,0.29,441
61.289,16.67,0.11,0.73,15.62,2.44,0.00,439
61.305,16.58,0.12,0.75,15.66,2.44,0.29,430
61.322,16.71,0.10,0.82,15.56,2.46,0.00,427
61.339,16.67,0.11,0.74,15.59,2.47,0.29,426
61.355,16.73,0.11,0.75,15.43,2.46,0.00,426
61.372,16.63,0.10,0.74,15.68,2.47,0.30,423
61.389,16.64,0.10,0.75,15.57,2.46,0.00,422
61.405,16.67,0.11,0.74,15.62,2.46,0.30,421
61.422,16.67,0.12,0.74,15.53,2.49,0.00,418
61.439,16.71,0.17,0.75,15.54,2.49,0.30,418
61.455,16.58,0.10,0.79,15.57,2.49,0.00,416
61.472,16.71,0.11,0.75,15.59,2.50,0.29,416
61.489,16.71,0.10,0.73,15.60,2.50,0.00,413
61.505,16.62,0.10,0.74,15.64,2.49,0.29,408
61.522,16.75,0.11,0.71,15.47,2.49,0.00,380
61.539,16.65,0.10,0.75,15.55,2.50,0.29,361
61.555,16.59,0.13,0.67,15.59,2.48,0.00,326
61.572,16.71,0.10,0.68,15.61,2.34,0.28,326
61.589,16.70,0.10,0.68,15.56,2.34,0.00,324
61.605,16.61,0.10,0.71,15.65,2.33,0.29,323
61.622,16.73,0.10,0.66,15.55,2.32,0.00,323
61.639,16.66,0.14,0.70,15.54,2.35,0.29,322
61.655,16.61,0.09,0.72,15.57,2.35,0.00,321
61.672,16.69,0.10,0.69,15.66,2.34,0.29,319
61.689,16.71,0.10,0.68,15.56,2.33,0.00,319
61.705,16.61,0.11,0.70,15.66,2.33,0.29,318
61.722,16.73,0.09,0.69,15.62,2.32,0.00,318
61.739,16.61,0.23,0.98,15.53,2.31,0.55,375
61.755,16.86,0.11,1.02,15.16,3.10,0.00,493
61.772,16.63,0.12,1.03,15.14,3.28,0.29,517
61.789,16.58,0.11,1.03,15.25,3.32,0.00,534
61.805,16.60,0.11,1.02,15.52,3.33,0.30,544
61.822,16.78,0.11,1.01,15.23,3.35,0.00,553
61.839,16.56,0.12,1.02,15.34,3.37,0.29,561
61.855,16.67,0.12,1.02,15.27,3.38,0.00,568
61.872,16.75,0.12,1.03,15.24,3.40,0.29,574
61.889,16.64,0.11,1.04,15.22,3.40,0.00,584
61.905,16.63,0.12,1.04,15.31,3.42,0.29,592
61.922,16.67,0.12,1.03,15.23,3.44,0.00,594
61.939,16.74,0.12,1.03,15.24,3.43,0.29,594
61.955,16.59,0.11,1.02,15.26,3.48,0.00,599
61.972,16.73,0.15,1.01,15.26,3.48,0.29,607
61.989,16.60,0.11,1.00,15.28,3.49,0.00,611
62.005,16.69,0.12,1.04,15.27,3.50,0.29,612
62.022,16.71,0.11,1.05,15.17,3.52,0.00,611
62.039,16.68,0.12,1.01,15.28,3.52,0.29,618
62.055,16.59,0.12,1.04,15.24,3.55,0.00,619
62.072,16.74,0.11,1.01,15.23,3.56,0.29,621
62.089,16.67,0.11,1.04,15.18,3.56,0.00,624
62.105,16.61,0.11,1.01,15.31,3.57,0.29,621
62.122,16.74,0.13,1.03,15.15,3.57,0.00,620
62.139,16.59,0.12,1.02,15.33,3.57,0.30,622
62.155,16.66,0.11,1.03,15.29,3.02,0.00,622
62.172,16.76,0.12,1.02,15.22,3.03,0.29,618
62.189,16.62,0.10,0.99,15.34,3.03,0.00,618
62.205,16.62,0.10,1.02,15.32,3.03,0.29,616
62.222,16.74,0.11,1.00,15.25,3.03,0.00,616
62.239,16.59,0.10,1.00,15.46,3.03,0.31,615
62.255,16.68,0.17,1.18,15.08,3.11,0.00,613
62.272,16.75,0.10,1.00,15.28,3.11,0.28,616
62.289,16.74,0.10,1.01,15.14,3.13,0.00,632
62.305,16.64,0.10,1.00,15.28,3.18,0.29,634
62.322,16.55,0.15,1.07,15.33,3.20,0.00,634
62.339,16.67,0.11,1.01,15.42,3.21,0.31,633
62.355,16.66,0.12,1.03,15.35,3.19,0.00,634
62.372,16.64,0.10,0.94,15.46,3.19,0.29,633
62.389,16.76,0.14,0.92,15.28,3.19,0.00,635
62.405,16.68,0.23,1.01,15.17,3.20,0.29,682
62.422,16.59,0.10,1.03,15.27,3.35,0.00,699
62.439,16.67,0.11,1.04,15.35,3.55,0.29,698
62.455,16.68,0.11,1.03,15.28,3.57,0.00,698
62.472,16.65,0.10,1.05,15.35,3.57,0.29,698
62.489,16.68,0.10,1.09,15.22,3.57,0.00,697
62.505,16.72,0.11,1.17,15.30,3.58,0.31,697
62.522,16.71,0.11,1.06,15.16,3.57,0.00,699
62.539,16.64,0.14,1.05,15.21,3.56,0.29,699
62.555,16.59,0.13,1.05,15.20,3.58,0.00,697
62.572,16.67,0.11,1.05,15.33,3.58,0.29,696
62.589,16.68,0.10,1.04,15.25,3.57,0.00,697
62.605,16.73,0.11,1.04,15.24,3.56,0.29,699
62.622,16.61,0.11,1.05,15.26,3.57,0.00,699
62.639,16.65,0.11,1.02,15.36,3.56,0.29,698
62.655,16.73,0.10,1.05,15.20,3.57,0.00,698
62.672,16.66,0.12,1.05,15.23,3.56,0.29,699
62.689,16.68,0.10,1.03,15.27,3.56,0.00,702
62.705,16.62,0.12,1.05,15.29,3.56,0.29,700
62.722,16.65,0.11,1.02,15.31,3.55,0.00,702
62.739,16.74,0.11,1.03,15.27,3.55,0.29,704
62.755,16.60,0.10,1.06,15.34,3.55,0.00,705
62.772,16.68,0.12,1.04,15.30,3.55,0.29,704
62.789,16.72,0.10,1.03,15.17,3.54,0.00,706
62.805,16.61,0.12,1.03,15.48,3.54,0.29,710
62.822,16.76,0.10,1.03,15.31,3.53,0.00,711
62.839,16.56,0.12,1.06,15.46,3.54,0.30,710
62.855,16.78,0.11,1.08,15.19,3.53,0.00,710
62.872,16.61,0.14,1.01,15.48,3.55,0.32,708
62.889,16.75,0.10,1.13,15.18,3.54,0.00,707
62.905,16.52,0.10,1.08,15.34,3.53,0.30,708
62.922,16.72,0.10,1.01,15.29,3.53,0.00,706
62.939,16.72,0.11,1.04,15.36,3.53,0.31,706
62.955,16.62,0.10,1.10,15.17,3.53,0.00,706
62.972,16.65,0.20,1.05,15.20,3.54,0.29,705
62.989,16.66,0.10,1.09,15.22,3.54,0.00,706
63.005,16.67,0.10,1.02,15.40,3.53,0.30,706
63.022,16.64,0.10,1.05,15.35,3.53,0.00,705
63.039,16.69,0.18,1.03,15.30,3.53,0.29,704
63.055,16.68,0.10,1.03,15.26,3.53,0.00,702
63.072,16.75,0.10,1.04,15.27,3.54,0.29,701
63.089,16.60,0.10,1.01,15.26,3.54,0.00,698
63.105,16.70,0.10,0.99,15.32,3.53,0.29,698
63.122,16.63,0.10,0.96,15.34,3.53,0.00,695
63.139,16.75,0.11,0.99,15.38,3.52,0.30,694
63.155,16.58,0.10,0.95,15.33,3.51,0.00,693
63.172,16.73,0.11,0.97,15.33,3.52,0.29,691
63.189,16.59,0.10,0.97,15.35,3.51,0.00,689
63.205,16.76,0.10,0.98,15.36,3.50,0.29,689
63.222,16.57,0.10,0.98,15.30,3.48,0.00,688
63.239,16.70,0.08,0.71,15.73,3.47,0.27,682
63.255,16.64,0.11,0.98,15.44,3.03,0.00,678
63.272,16.66,0.10,0.95,15.43,3.03,0.26,675
63.289,16.85,0.10,0.89,15.25,3.03,0.00,672
63.306,16.60,0.12,0.94,15.33,3.02,0.26,671
63.322,16.65,0.10,0.92,15.35,3.00,0.00,670
63.339,16.59,0.10,0.97,15.42,2.99,0.27,666
63.355,16.67,0.13,0.94,15.34,2.99,0.00,664
63.372,16.68,0.10,1.00,15.35,3.02,0.26,660
63.389,16.68,0.10,0.91,15.35,3.00,0.00,658
63.405,16.67,0.10,0.93,15.46,2.98,0.26,657
63.422,16.65,0.10,0.91,15.36,2.96,0.00,654
63.439,16.68,0.13,0.94,15.42,2.95,0.27,652
63.455,16.68,0.10,0.93,15.34,2.94,0.00,648
63.472,16.71,0.10,0.94,15.44,2.95,0.26,644
63.489,16.61,0.10,0.91,15.38,2.93,0.00,640
63.505,16.71,0.10,0.89,15.41,2.91,0.26,618
63.522,16.60,0.10,0.89,15.40,2.87,0.00,616
63.539,16.75,0.11,0.94,15.33,2.85,0.26,616
63.555,16.65,0.10,0.87,15.36,2.83,0.00,614
63.572,16.64,0.13,0.90,15.41,2.83,0.26,609
63.589,16.69,0.10,0.89,15.34,2.81,0.00,605
63.606,16.69,0.10,0.92,15.36,2.81,0.26,604
63.622,16.65,0.10,0.90,15.34,2.79,0.00,602
63.639,16.67,0.13,0.93,15.31,2.77,0.26,591
63.656,16.67,0.13,0.91,15.33,2.75,0.00,590
63.672,16.65,0.09,0.93,15.31,2.76,0.26,587
63.689,16.64,0.09,0.89,15.44,2.74,0.00,584
63.705,16.64,0.09,0.69,15.68,2.73,0.26,571
63.722,16.73,0.09,0.69,15.61,2.71,0.00,572
63.739,16.66,0.09,0.68,15.66,2.70,0.26,567
63.755,16.62,0.11,0.70,15.68,2.69,0.00,565
63.772,16.67,0.09,0.69,15.69,2.69,0.26,565
63.789,16.73,0.09,0.67,15.61,2.68,0.00,564
63.806,16.68,0.09,0.66,15.65,2.68,0.26,564
63.822,16.62,0.11,0.66,15.67,2.67,0.00,561
63.839,16.65,0.09,0.69,15.69,2.65,0.26,556
63.856,16.74,0.09,0.69,15.63,2.63,0.00,553
63.872,16.59,0.09,0.66,15.70,2.65,0.26,551
63.889,16.75,0.09,0.67,15.56,2.64,0.00,549
63.906,16.66,0.09,0.68,15.60,2.63,0.26,548
63.922,16.68,0.09,0.66,15.54,2.61,0.00,544
63.939,16.60,0.12,0.67,15.69,2.61,0.26,543
63.955,16.66,0.13,0.67,15.60,2.61,0.00,540
63.972,16.68,0.10,0.68,15.65,2.60,0.26,540
63.989,16.73,0.09,0.69,15.57,2.61,0.00,536
64.005,16.61,0.12,0.67,15.66,2.60,0.26,535
64.022,16.66,0.12,0.68,15.66,2.60,0.00,533
64.039,16.67,0.08,0.67,15.65,2.60,0.26,532
64.056,16.70,0.10,0.67,15.61,2.59,0.00,527
64.072,16.72,0.16,0.91,15.50,2.58,0.49,573
64.089,16.71,0.10,0.93,15.24,3.47,0.00,572
64.106,16.61,0.12,0.91,15.27,3.48,0.26,569
64.122,16.63,0.12,0.88,15.37,3.47,0.00,567
64.139,16.65,0.12,0.91,15.42,3.46,0.26,567
64.156,16.68,0.12,0.91,15.38,3.45,0.00,565
64.172,16.73,0.12,0.92,15.34,3.46,0.26,567
64.189,16.62,0.11,0.94,15.42,3.47,0.00,567
64.206,16.64,0.11,0.95,15.41,3.48,0.26,571
64.222,16.72,0.11,0.94,15.35,3.48,0.00,571
64.239,16.60,0.11,0.91,15.46,3.49,0.26,572
64.256,16.73,0.12,0.93,15.30,3.50,0.00,570
64.272,16.61,0.12,0.95,15.41,3.51,0.27,572
64.289,16.66,0.12,0.94,15.37,3.52,0.00,570
64.306,16.75,0.11,0.95,15.31,3.52,0.27,572
64.322,16.67,0.11,0.95,15.31,3.53,0.00,573
64.339,16.65,0.11,0.96,15.34,3.54,0.26,572
64.356,16.66,0.11,0.99,15.32,3.54,0.00,571
64.372,16.61,0.11,0.88,15.66,3.54,0.28,572
64.389,16.79,0.11,0.90,15.33,3.55,0.00,571
64.406,16.55,0.25,1.01,15.28,3.56,0.26,646
64.422,16.67,0.11,1.01,15.31,3.86,0.00,657
64.439,16.68,0.12,1.00,15.48,4.02,0.28,659
64.456,16.72,0.11,1.00,15.22,4.03,0.00,662
64.472,16.61,0.15,1.02,15.30,4.06,0.27,664
64.489,16.65,0.11,1.02,15.27,3.98,0.00,663
64.506,16.76,0.11,1.03,15.27,3.54,0.30,663
64.522,16.59,0.11,1.03,15.26,3.47,0.00,664
64.539,16.66,0.12,1.02,15.31,3.47,0.29,665
64.556,16.71,0.11,1.01,15.29,3.50,0.00,665
64.572,16.61,0.11,1.01,15.36,3.49,0.29,666
64.589,16.72,0.11,1.00,15.36,3.48,0.00,667
64.605,16.58,0.13,1.02,15.34,3.48,0.29,667
64.622,16.76,0.11,1.02,15.34,3.50,0.00,665
64.639,16.58,0.12,1.02,15.39,3.49,0.29,664
64.656,16.81,0.11,1.02,15.18,3.49,0.00,665
64.672,16.56,0.11,1.02,15.39,3.48,0.30,665
64.689,16.64,0.12,1.02,15.38,3.50,0.00,666
64.706,16.71,0.11,1.04,15.32,3.49,0.29,668
64.722,16.66,0.12,1.03,15.27,3.48,0.00,667
64.739,16.74,0.11,1.03,15.25,3.49,0.29,664
64.756,16.67,0.11,1.03,15.28,3.49,0.00,665
64.772,16.74,0.11,1.03,15.17,3.48,0.30,666
64.789,16.58,0.11,0.98,15.26,3.48,0.00,665
64.806,16.67,0.11,1.02,15.29,3.47,0.29,662
64.822,16.62,0.11,1.05,15.27,3.48,0.00,662
64.839,16.67,0.11,1.01,15.34,3.47,0.29,661
64.856,16.71,0.11,0.97,15.32,3.46,0.00,661
64.872,16.62,0.11,1.01,15.35,3.46,0.29,664
64.889,16.74,0.11,1.02,15.36,3.49,0.00,664
64.906,16.63,0.17,1.02,15.26,3.46,0.29,665
64.922,16.72,0.10,0.99,15.26,3.45,0.00,666
64.939,16.65,0.11,1.03,15.28,3.45,0.29,668
64.956,16.60,0.12,1.03,15.24,3.48,0.00,668
64.972,16.75,0.11,1.03,15.31,3.46,0.29,669
64.989,16.56,0.11,1.04,15.24,3.47,0.00,669
65.006,16.72,0.12,1.02,15.43,3.46,0.30,669
65.022,16.68,0.11,1.03,15.26,3.46,0.00,671
65.039,16.69,0.11,1.02,15.28,3.48,0.29,669
65.056,16.65,0.10,1.02,15.24,3.47,0.00,668
65.072,16.64,0.11,1.00,15.34,3.47,0.29,670
65.089,16.71,0.15,1.38,14.80,3.46,0.00,722
65.106,16.65,0.13,1.35,15.18,4.36,0.51,722
65.122,16.77,0.12,1.43,14.73,4.34,0.00,724
65.139,16.54,0.16,1.40,14.93,4.37,0.29,727
65.156,16.67,0.14,1.48,14.77,4.35,0.00,731
65.172,16.72,0.14,1.44,14.82,4.35,0.29,732
65.189,16.68,0.14,1.45,14.86,4.36,0.00,738
65.206,16.58,0.17,1.55,14.80,4.34,0.30,739
65.222,16.70,0.14,1.49,14.79,4.36,0.00,735
65.239,16.72,0.19,1.50,14.73,4.36,0.30,743
65.256,16.74,0.17,1.48,14.63,4.39,0.00,746
65.272,16.63,0.17,1.51,14.70,4.40,0.29,746
65.289,16.56,0.16,1.45,14.81,4.39,0.00,746
65.306,16.74,0.17,1.53,14.73,4.42,0.28,755
65.322,16.60,0.15,1.52,14.73,4.39,0.00,756
65.339,16.76,0.19,1.58,14.60,4.39,0.29,767
65.356,16.59,0.15,1.52,14.78,4.42,0.00,766
65.372,16.65,0.15,1.60,14.74,4.42,0.29,767
65.389,16.66,0.15,1.57,14.69,4.43,0.00,768
65.406,16.68,0.15,1.55,14.94,4.45,0.29,766
65.422,16.76,0.15,1.69,14.56,4.44,0.00,768
65.439,16.59,0.16,1.60,14.80,4.42,0.29,768
65.456,16.68,0.15,1.64,14.39,4.41,0.00,767
65.472,16.64,0.12,1.21,15.03,4.39,0.22,768
65.489,16.71,0.13,1.20,14.91,4.39,0.00,765
65.506,16.68,0.12,1.20,15.00,3.80,0.21,765
65.522,16.66,0.12,1.24,14.82,3.80,0.00,764
65.539,16.63,0.12,1.18,14.93,3.80,0.22,761
65.556,16.73,0.14,1.19,14.88,3.79,0.00,757
65.572,16.59,0.11,1.17,15.06,3.78,0.21,754
65.589,16.71,0.12,1.19,14.84,3.36,0.00,755
65.606,16.64,0.12,1.19,14.93,3.37,0.22,754
65.622,16.73,0.13,1.19,14.79,3.37,0.00,755
65.639,16.60,0.11,1.19,14.95,3.36,0.21,753
65.656,16.66,0.12,1.16,15.23,3.36,0.00,751
65.672,16.67,0.18,1.58,14.89,3.36,0.30,751
65.689,16.78,0.16,1.60,14.64,3.36,0.00,753
65.706,16.67,0.17,1.56,14.51,3.38,0.21,752
65.722,16.57,0.12,1.21,15.01,3.39,0.00,751
65.739,16.67,0.12,1.18,14.97,3.37,0.22,750
65.756,16.66,0.12,1.20,14.88,3.37,0.00,751
65.772,16.67,0.12,1.19,15.02,3.38,0.21,749
65.789,16.67,0.12,1.18,15.25,3.37,0.00,749
65.806,16.70,0.18,1.59,14.69,3.40,0.29,748
65.822,16.76,0.14,1.60,14.64,3.40,0.00,749
65.839,16.54,0.14,1.55,14.80,3.40,0.29,749
65.856,16.68,0.17,1.53,14.76,3.39,0.00,748
65.872,16.67,0.17,1.55,14.87,3.40,0.30,747
65.889,16.71,0.15,1.54,14.80,3.40,0.00,743
65.906,16.60,0.16,1.62,14.86,3.43,0.29,742
65.922,16.76,0.12,1.53,14.84,3.44,0.00,742
65.939,16.63,0.12,1.53,14.90,3.43,0.29,740
65.956,16.68,0.16,1.52,14.73,3.45,0.00,742
65.972,16.64,0.13,1.48,14.98,3.44,0.30,742
65.989,16.72,0.12,1.56,14.83,3.44,0.00,743
66.006,16.62,0.12,1.53,15.00,3.47,0.30,742
66.022,16.80,0.12,1.54,14.69,3.47,0.00,740
66.039,16.50,0.11,1.28,15.14,3.46,0.29,734
66.056,16.66,0.13,1.25,15.13,3.46,0.00,734
66.072,16.65,0.13,1.25,15.26,3.45,0.29,732
66.089,16.80,0.12,1.23,15.02,3.45,0.00,731
66.106,16.58,0.11,1.29,15.17,3.48,0.30,729
66.122,16.69,0.12,1.25,15.15,3.47,0.00,729
66.139,16.64,0.11,1.22,15.38,3.47,0.31,727
66.156,16.87,0.11,1.27,14.88,3.46,0.00,726
66.172,16.46,0.12,1.19,15.25,3.44,0.28,724
66.189,16.68,0.11,1.16,14.96,3.43,0.00,719
66.206,16.72,0.12,1.20,15.27,3.41,0.30,720
66.222,16.73,0.11,1.20,15.07,3.44,0.00,720
66.239,16.50,0.12,1.19,15.35,3.43,0.31,720
66.256,16.80,0.11,1.17,15.07,3.41,0.00,717
66.272,16.58,0.13,1.20,15.29,3.39,0.29,717
66.289,16.75,0.11,1.15,15.14,3.37,0.00,716
66.306,16.54,0.11,1.21,15.25,3.35,0.30,716
66.322,16.69,0.12,1.17,15.21,3.43,0.00,716
66.339,16.64,0.11,1.15,15.43,3.41,0.30,714
66.356,16.84,0.11,1.14,15.11,3.40,0.00,710
66.372,16.55,0.11,1.07,15.33,3.39,0.30,708
66.389,16.62,0.10,0.98,15.45,3.40,0.00,694
66.406,16.67,0.35,1.17,14.99,3.37,0.29,707
66.422,16.80,0.11,1.12,15.22,3.49,0.00,717
66.439,16.58,0.11,1.15,15.38,3.60,0.36,717
66.456,16.77,0.11,1.15,15.19,3.59,0.00,713
66.472,16.58,0.13,1.17,15.19,3.57,0.30,712
66.489,16.64,0.12,1.15,15.24,3.56,0.00,711
66.506,16.65,0.13,1.13,15.45,3.54,0.39,710
66.523,16.88,0.19,1.15,14.90,3.55,0.00,710
66.539,16.48,0.14,1.14,15.29,3.54,0.31,707
66.556,16.70,0.10,1.14,15.21,3.52,0.00,707
66.572,16.63,0.13,1.11,15.29,3.51,0.29,703
66.589,16.64,0.10,1.08,15.35,3.50,0.00,697
66.606,16.66,0.14,1.10,15.29,3.17,0.29,697
66.622,16.66,0.12,1.04,15.33,3.18,0.00,688
66.639,16.79,0.11,1.02,15.60,3.15,0.38,686
66.656,16.87,0.16,1.06,14.98,3.14,0.00,683
66.672,16.38,0.10,1.04,15.40,3.13,0.29,681
66.689,16.67,0.11,0.99,15.44,3.12,0.00,681
66.706,16.66,0.11,1.04,15.52,3.12,0.29,679
66.723,16.81,0.10,1.03,15.19,3.13,0.00,678
66.739,16.52,0.10,1.01,15.48,3.12,0.30,674
66.756,16.71,0.10,1.05,15.48,3.11,0.00,672
66.773,16.76,0.10,1.13,15.25,3.11,0.29,671
66.789,16.63,0.10,1.04,15.25,3.10,0.00,672
66.806,16.54,0.11,1.02,15.43,3.10,0.29,672
66.822,16.69,0.12,1.04,15.23,3.12,0.00,669
66.839,16.77,0.14,1.01,15.41,3.10,0.31,667
66.856,16.69,0.10,0.99,15.25,3.10,0.00,664
66.872,16.55,0.10,0.98,15.56,3.09,0.30,663
66.889,16.76,0.10,1.04,15.32,3.09,0.00,660
66.906,16.58,0.11,1.02,15.31,3.09,0.30,655
66.922,16.73,0.10,0.97,15.33,3.10,0.00,653
66.939,16.60,0.12,1.00,15.39,3.10,0.29,650
66.956,16.68,0.10,1.00,15.35,3.09,0.00,648
66.972,16.66,0.10,1.01,15.36,3.08,0.29,645
66.989,16.75,0.10,0.99,15.28,3.08,0.00,641
67.006,16.59,0.13,1.04,15.35,3.07,0.28,637
67.022,16.64,0.10,0.99,15.42,3.09,0.00,633
67.039,16.69,0.10,1.01,15.37,3.08,0.29,633
67.056,16.67,0.11,0.77,15.55,3.08,0.00,629
67.072,16.67,0.17,0.75,15.52,3.08,0.29,629
67.089,16.72,0.10,0.71,15.53,3.06,0.00,628
67.106,16.64,0.11,0.73,15.60,3.06,0.29,624
67.122,16.70,0.10,0.69,15.59,3.07,0.00,623
67.139,16.67,0.11,0.74,15.54,3.06,0.29,618
67.156,16.60,0.11,0.75,15.54,3.05,0.00,618
67.172,16.75,0.10,0.72,15.57,3.04,0.29,617
67.189,16.69,0.17,0.74,15.48,3.03,0.00,617
67.206,16.57,0.10,0.73,15.67,3.03,0.29,614
67.222,16.67,0.10,0.74,15.57,3.02,0.00,612
67.239,16.76,0.10,0.73,15.56,3.03,0.29,611
67.256,16.57,0.11,0.75,15.53,3.01,0.00,610
67.272,16.73,0.10,0.73,15.57,3.01,0.29,611
67.289,16.60,0.13,0.79,15.61,2.99,0.00,610
67.306,16.66,0.12,0.83,15.75,2.99,0.30,607
67.323,16.81,0.10,0.74,15.40,2.98,0.00,605
67.339,16.56,0.11,0.56,16.08,3.00,0.34,603
67.356,16.87,0.10,0.83,15.44,2.98,0.00,599
67.372,16.48,0.10,0.77,15.22,2.97,0.15,601
67.389,16.61,0.06,0.41,15.54,2.96,0.00,601
67.406,16.67,0.06,0.37,15.64,2.93,0.15,600
67.422,16.69,0.08,0.54,15.37,2.92,0.00,643
67.439,16.65,0.07,0.54,15.53,3.77,0.24,643
67.456,16.69,0.06,0.56,15.36,3.75,0.00,644
67.472,16.64,0.06,0.55,15.42,3.74,0.16,644
67.489,16.68,0.08,0.55,15.37,3.73,0.00,643
67.506,16.65,0.06,0.54,15.47,3.74,0.15,642
67.522,16.71,0.07,0.57,15.37,3.73,0.00,642
67.539,16.63,0.06,0.55,15.47,3.72,0.15,644
67.556,16.67,0.06,0.57,15.37,3.74,0.00,640
67.572,16.66,0.06,0.55,15.63,3.73,0.21,643
67.589,16.75,0.11,0.80,15.16,3.76,0.00,643
67.606,16.68,0.09,0.79,15.24,3.76,0.21,644
67.622,16.58,0.10,0.86,15.24,3.79,0.00,644
67.639,16.71,0.09,0.80,15.37,3.82,0.21,644
67.656,16.62,0.09,0.79,15.27,3.82,0.00,643
67.672,16.66,0.09,0.81,15.37,3.83,0.22,645
67.689,16.67,0.10,0.86,15.21,3.83,0.00,646
67.706,16.69,0.09,0.81,15.33,3.83,0.22,646
67.722,16.64,0.09,0.84,15.23,3.84,0.00,644
67.739,16.67,0.09,0.82,15.30,3.89,0.21,646
67.756,16.70,0.10,0.90,15.10,3.89,0.00,644
67.773,16.70,0.10,0.82,15.28,3.88,0.21,627
67.789,16.68,0.08,0.82,15.16,3.87,0.00,626
67.806,16.67,0.09,0.81,15.19,3.86,0.21,629
67.823,16.63,0.09,0.87,15.16,3.87,0.00,630
67.839,16.71,0.10,0.81,15.24,3.32,0.21,633
67.856,16.67,0.09,0.81,15.18,3.33,0.00,633
67.872,16.59,0.08,0.82,15.25,3.33,0.21,635
67.889,16.71,0.09,0.86,15.17,3.34,0.00,635
67.906,16.63,0.08,0.81,15.33,3.34,0.21,636
67.923,16.72,0.09,0.81,15.44,3.34,0.00,639
67.939,16.64,0.13,1.11,15.24,3.38,0.29,644
67.956,16.65,0.10,1.13,15.17,3.38,0.00,644
67.972,16.66,0.11,1.08,15.26,3.39,0.29,643
67.989,16.67,0.14,1.12,15.14,3.39,0.00,643
68.006,16.75,0.11,1.11,15.17,3.39,0.29,642
68.023,16.63,0.11,1.08,15.20,3.39,0.00,643
68.039,16.71,0.16,1.09,15.19,3.42,0.29,644
68.056,16.66,0.11,1.13,15.08,3.42,0.00,645
68.073,16.68,0.11,1.08,15.16,3.42,0.29,646
68.089,16.61,0.10,1.15,15.10,3.41,0.00,643
68.106,16.73,0.11,1.06,15.20,3.40,0.29,641
68.122,16.57,0.11,1.04,15.30,3.40,0.00,641
68.139,16.74,0.11,1.05,15.26,3.43,0.29,642
68.156,16.69,0.10,1.07,15.28,3.43,0.00,641
68.172,16.58,0.18,1.16,15.19,3.42,0.30,645
68.189,16.64,0.10,1.11,15.23,3.42,0.00,644
68.206,16.71,0.12,1.08,15.33,3.41,0.30,644
68.223,16.65,0.11,1.08,15.24,3.42,0.00,648
68.239,16.68,0.11,1.07,15.18,3.49,0.22,649
68.256,16.65,0.06,0.56,15.89,3.47,0.00,648
68.272,16.65,0.12,1.08,15.38,3.48,0.29,653
68.289,16.69,0.10,1.09,15.30,3.50,0.00,656
68.306,16.69,0.10,1.11,15.31,3.50,0.29,657
68.322,16.64,0.10,1.11,15.23,3.50,0.00,657
68.339,16.70,0.11,1.11,15.26,3.51,0.29,658
68.356,16.66,0.10,1.08,15.22,3.51,0.00,659
68.373,16.67,0.11,1.00,15.34,3.51,0.29,662
68.389,16.73,0.10,0.99,15.30,3.50,0.00,663
68.406,16.61,0.24,1.07,15.30,3.50,0.30,679
68.423,16.72,0.10,1.13,15.11,3.60,0.00,693
68.439,16.70,0.15,1.06,15.18,3.77,0.28,693
68.456,16.65,0.10,1.13,15.15,3.79,0.00,696
68.473,16.68,0.13,1.16,15.13,3.79,0.29,698
68.489,16.61,0.10,1.11,15.23,3.79,0.00,697
68.506,16.71,0.12,1.12,15.18,3.78,0.29,698
68.523,16.71,0.10,1.09,15.18,3.80,0.00,700
68.539,16.59,0.11,1.13,15.27,3.80,0.30,699
68.556,16.68,0.12,1.07,15.20,3.82,0.00,698
68.573,16.73,0.16,1.12,15.11,3.81,0.29,696
68.589,16.65,0.11,1.09,15.13,3.83,0.00,696
68.606,16.68,0.10,1.07,15.24,3.81,0.29,697
68.623,16.60,0.13,1.06,15.16,3.82,0.00,697
68.639,16.72,0.15,1.07,15.17,3.81,0.29,698
68.656,16.68,0.10,1.11,15.10,3.83,0.00,698
68.673,16.60,0.13,1.10,15.32,3.83,0.30,697
68.689,16.67,0.11,1.11,15.17,3.83,0.00,695
68.706,16.72,0.11,1.03,15.39,3.82,0.29,694
68.723,16.64,0.12,1.07,15.18,3.82,0.00,692
68.739,16.68,0.11,1.04,15.28,3.82,0.29,691
68.756,16.68,0.10,1.04,15.23,3.83,0.00,690
68.773,16.68,0.10,1.03,15.27,3.82,0.29,684
68.789,16.69,0.10,1.08,15.27,3.80,0.00,683
68.806,16.58,0.10,1.05,15.34,3.80,0.30,681
68.823,16.66,0.11,1.12,15.19,3.78,0.00,678
68.839,16.75,0.15,1.04,15.29,3.77,0.30,676
68.856,16.61,0.11,1.09,15.17,3.78,0.00,671
68.873,16.71,0.10,1.05,15.28,3.77,0.29,669
68.889,16.66,0.10,1.03,15.21,3.75,0.00,663
68.906,16.63,0.11,1.03,15.32,3.73,0.29,661
68.923,16.65,0.09,1.02,15.36,3.71,0.00,657
68.939,16.66,0.15,1.03,15.29,3.30,0.29,656
68.956,16.72,0.10,0.99,15.24,3.30,0.00,657
68.973,16.69,0.13,1.01,15.24,3.29,0.29,657
68.989,16.64,0.10,0.97,15.25,3.28,0.00,657
69.006,16.70,0.10,0.99,15.29,3.25,0.29,655
69.023,16.62,0.10,1.00,15.33,3.25,0.00,655
69.039,16.70,0.10,0.99,15.36,3.23,0.30,652
69.056,16.61,0.09,0.96,15.34,3.23,0.00,652
69.073,16.72,0.09,0.98,15.36,3.21,0.29,646
69.089,16.69,0.10,0.96,15.28,3.19,0.00,645
69.106,16.60,0.11,0.96,15.37,3.18,0.29,643
69.123,16.73,0.10,1.02,15.25,3.16,0.00,643
69.139,16.67,0.14,1.02,15.21,3.15,0.29,641
69.156,16.65,0.10,1.03,15.22,3.14,0.00,641
69.173,16.63,0.09,0.97,15.37,3.14,0.29,641
69.189,16.71,0.10,0.96,15.27,3.12,0.00,640
69.206,16.67,0.12,0.99,15.44,3.11,0.31,639
69.223,16.66,0.09,0.95,15.32,3.09,0.00,638
69.239,16.66,0.10,1.01,15.29,3.08,0.29,636
69.256,16.68,0.10,1.06,15.17,3.08,0.00,632
69.273,16.68,0.10,0.99,15.28,3.07,0.28,632
69.289,16.61,0.09,1.00,15.30,3.05,0.00,631
69.306,16.71,0.09,1.01,15.29,3.04,0.29,629
69.323,16.65,0.09,1.00,15.24,3.03,0.00,628
69.339,16.62,0.11,1.00,15.33,3.02,0.29,626
69.356,16.71,0.10,1.00,15.29,3.03,0.00,624
69.373,16.62,0.11,1.00,15.36,3.03,0.29,617
69.389,16.67,0.09,0.79,15.60,3.01,0.00,585
69.406,16.83,0.13,0.73,15.51,2.97,0.29,584
69.423,16.48,0.09,0.72,15.65,2.97,0.00,582
69.439,16.70,0.09,0.73,15.78,2.96,0.29,582
69.456,16.71,0.11,0.73,15.55,2.95,0.00,582
69.473,16.67,0.10,0.77,15.56,2.97,0.29,581
69.489,16.73,0.09,0.70,15.54,2.96,0.00,580
69.506,16.57,0.11,0.70,15.75,2.96,0.30,582
69.523,16.68,0.09,0.78,15.58,2.96,0.00,582
69.539,16.80,0.10,0.73,15.60,2.95,0.31,580
69.556,16.55,0.10,0.73,15.54,2.95,0.00,580
69.573,16.70,0.09,0.71,15.63,2.97,0.30,580
69.589,16.70,0.10,0.68,15.53,2.96,0.00,578
69.606,16.64,0.09,0.68,15.65,2.96,0.29,580
69.623,16.70,0.10,0.73,15.51,2.96,0.00,581
69.639,16.64,0.09,0.72,15.59,2.96,0.29,580
69.656,16.64,0.12,0.97,15.22,2.96,0.00,633
69.673,16.63,0.18,0.99,15.59,3.87,0.56,631
69.690,16.88,0.11,1.00,15.10,3.86,0.00,630
69.706,16.60,0.11,1.00,15.27,3.84,0.30,630
69.723,16.50,0.11,0.97,15.40,3.84,0.00,627
69.739,16.68,0.11,0.98,15.37,3.82,0.30,625
69.756,16.74,0.11,0.98,15.21,3.81,0.00,625
69.773,16.60,0.13,0.97,15.36,3.81,0.29,621
69.789,16.70,0.11,0.99,15.32,3.79,0.00,622
69.806,16.68,0.15,0.98,15.22,3.80,0.29,621
69.823,16.62,0.12,0.99,15.28,3.78,0.00,620
69.839,16.72,0.11,0.97,15.33,3.78,0.29,617
69.856,16.60,0.13,0.97,15.33,3.77,0.00,619
69.873,16.67,0.11,0.96,15.43,3.86,0.30,619
69.889,16.67,0.11,0.99,15.31,3.86,0.00,619
69.906,16.74,0.15,0.99,15.26,3.86,0.29,624
69.923,16.61,0.11,0.99,15.31,3.86,0.00,625
69.939,16.65,0.11,0.99,15.35,3.88,0.29,626
69.956,16.68,0.12,0.97,15.32,3.87,0.00,626
69.973,16.65,0.11,0.97,15.43,3.85,0.30,626
69.989,16.68,0.13,1.00,15.26,3.84,0.00,627
70.006,16.70,0.11,0.98,15.35,3.85,0.30,626
70.023,16.63,0.10,0.98,15.45,3.84,0.00,626
70.039,16.65,0.13,1.02,15.36,3.83,0.30,626
70.056,16.79,0.11,0.96,15.20,3.83,0.00,626
70.073,16.63,0.10,0.98,15.31,3.28,0.29,629
70.089,16.59,0.10,0.94,15.35,3.27,0.00,630
70.106,16.70,0.11,0.98,15.35,3.28,0.30,632
70.123,16.64,0.14,1.05,15.26,3.27,0.00,631
70.139,16.73,0.10,0.98,15.30,3.27,0.29,630
70.156,16.68,0.10,0.99,15.23,3.26,0.00,630
70.173,16.65,0.14,0.97,15.29,3.30,0.29,630
70.189,16.63,0.11,0.96,15.34,3.29,0.00,631
70.206,16.73,0.11,0.97,15.38,3.28,0.29,631
70.223,16.58,0.10,0.99,15.30,3.30,0.00,633
70.239,16.68,0.11,0.96,15.41,3.28,0.29,633
70.256,16.69,0.11,0.99,15.29,3.28,0.00,633
70.273,16.73,0.14,0.99,15.24,3.31,0.29,632
70.289,16.66,0.10,0.95,15.33,3.31,0.00,632
70.306,16.59,0.12,0.98,15.36,3.31,0.29,634
70.323,16.66,0.10,0.95,15.38,3.31,0.00,633
70.339,16.77,0.11,0.96,15.31,3.31,0.29,632
70.356,16.57,0.14,0.94,15.31,3.31,0.00,630
70.373,16.74,0.11,0.93,15.51,3.34,0.30,631
70.389,16.66,0.10,0.92,15.32,3.35,0.00,630
70.406,16.69,0.23,0.97,15.18,3.34,0.29,646
70.423,16.64,0.10,0.95,15.33,3.48,0.00,652
70.439,16.63,0.11,1.00,15.35,3.56,0.29,651
70.456,16.72,0.11,0.96,15.31,3.56,0.00,649
70.473,16.68,0.11,0.97,15.40,3.59,0.31,649
70.489,16.60,0.10,1.03,15.21,3.59,0.00,648
70.506,16.67,0.10,0.98,15.49,3.58,0.30,649
70.523,16.68,0.11,0.99,15.28,3.58,0.00,649
70.539,16.71,0.14,0.97,15.32,3.57,0.29,648
70.556,16.60,0.11,0.97,15.31,3.57,0.00,647
70.573,16.67,0.11,0.98,15.39,3.55,0.29,647
70.589,16.68,0.14,1.08,15.19,3.57,0.00,648
70.606,16.75,0.11,0.93,15.45,3.56,0.30,650
70.623,16.60,0.10,0.99,15.36,3.56,0.00,651
70.639,16.72,0.11,0.98,15.29,3.55,0.29,652
70.656,16.60,0.11,0.99,15.27,3.55,0.00,648
70.673,16.71,0.11,0.98,15.37,3.55,0.29,648
70.689,16.57,0.10,0.98,15.48,3.54,0.00,648
70.706,16.67,0.10,0.96,15.55,3.53,0.41,647
70.723,16.74,0.10,0.95,15.35,3.51,0.00,648
70.739,16.62,0.11,0.95,15.42,3.51,0.29,650
70.756,16.73,0.11,0.96,15.29,3.49,0.00,648
70.773,16.62,0.12,0.97,15.35,3.48,0.29,648
70.789,16.73,0.11,0.95,15.31,3.48,0.00,647
70.806,16.59,0.10,0.96,15.42,3.49,0.29,646
70.823,16.74,0.10,0.94,15.28,3.47,0.00,645
70.839,16.68,0.11,0.96,15.30,3.45,0.29,643
70.856,16.65,0.10,0.97,15.28,3.45,0.00,642
70.873,16.68,0.13,1.24,15.22,3.43,0.53,699
70.890,16.73,0.12,1.27,14.90,4.34,0.00,700
70.906,16.54,0.14,1.21,15.10,4.33,0.29,700
70.923,16.69,0.16,1.22,15.04,4.32,0.00,698
70.939,16.65,0.12,1.25,15.10,4.30,0.28,696
70.956,16.73,0.12,1.15,15.08,4.29,0.00,695
70.973,16.66,0.13,1.16,15.12,4.29,0.29,693
70.989,16.62,0.13,1.27,15.00,4.27,0.00,693
71.006,16.67,0.13,1.20,15.10,4.27,0.29,694
71.023,16.67,0.13,1.20,15.11,4.27,0.00,698
71.039,16.65,0.13,1.19,15.21,4.27,0.30,695
71.056,16.64,0.14,1.25,14.99,4.27,0.00,696
71.073,16.77,0.13,1.22,15.24,4.27,0.29,696
71.090,16.73,0.13,1.22,14.98,4.34,0.00,693
71.106,16.52,0.12,1.18,15.19,4.33,0.29,692
71.123,16.67,0.13,1.22,15.04,4.33,0.00,686
71.139,16.67,0.14,1.19,15.12,4.32,0.28,679
71.156,16.70,0.12,1.20,15.05,4.32,0.00,675
71.173,16.70,0.13,1.16,15.14,3.94,0.28,674
71.189,16.64,0.12,1.23,15.00,3.94,0.00,669
71.206,16.63,0.12,1.17,15.19,3.93,0.29,666
71.223,16.72,0.12,1.17,15.13,3.92,0.00,667
71.239,16.60,0.12,1.16,15.17,3.91,0.29,668
71.256,16.73,0.12,1.18,15.02,3.90,0.00,671
71.273,16.64,0.14,1.13,15.17,3.90,0.29,673
71.289,16.70,0.12,1.15,15.08,3.80,0.00,671
71.306,16.62,0.12,1.16,15.17,3.33,0.29,673
71.323,16.71,0.11,1.19,15.15,3.33,0.00,674
71.339,16.63,0.13,1.15,15.16,3.31,0.29,673
71.356,16.72,0.11,1.17,15.09,3.31,0.00,672
71.373,16.66,0.12,1.15,15.14,3.30,0.29,673
71.390,16.66,0.12,1.18,15.12,3.33,0.00,673
71.406,16.61,0.12,1.14,15.22,3.32,0.30,674
71.423,16.73,0.15,1.18,14.99,3.30,0.00,673
71.439,16.61,0.13,1.18,15.17,3.30,0.29,674
71.456,16.76,0.12,1.16,15.04,3.28,0.00,675
71.473,16.60,0.12,1.15,15.21,3.27,0.30,675
71.489,16.65,0.13,1.15,15.15,3.27,0.00,675
71.506,16.72,0.17,1.15,15.10,3.27,0.29,675
71.523,16.66,0.11,1.12,15.10,3.26,0.00,674
71.539,16.61,0.11,1.13,15.34,3.25,0.30,672
71.556,16.71,0.11,1.15,15.08,3.25,0.00,673
71.573,16.63,0.13,1.15,15.23,3.25,0.28,670
71.589,16.67,0.11,1.13,15.30,3.27,0.00,667
71.606,16.65,0.12,1.17,15.16,3.26,0.29,666
71.623,16.73,0.11,0.95,15.25,3.25,0.00,644
71.639,16.64,0.13,0.95,15.35,3.23,0.29,644
71.656,16.71,0.11,0.92,15.29,3.22,0.00,645
71.673,16.61,0.16,0.93,15.48,3.22,0.29,642
71.689,16.68,0.12,0.91,15.40,3.20,0.00,643
71.706,16.65,0.11,0.91,15.45,3.23,0.29,642
71.723,16.73,0.11,0.95,15.26,3.22,0.00,643
71.740,16.64,0.13,0.94,15.41,3.22,0.30,640
71.756,16.66,0.11,0.92,15.44,3.21,0.00,640
71.773,16.66,0.11,0.96,15.41,3.21,0.29,640
71.789,16.66,0.12,0.95,15.40,3.20,0.00,641
71.806,16.77,0.15,0.94,15.35,3.21,0.29,640
71.823,16.57,0.11,0.94,15.40,3.21,0.00,640
71.839,16.67,0.16,0.94,15.31,3.21,0.29,641
71.856,16.67,0.11,0.92,15.36,3.20,0.00,642
71.873,16.75,0.11,0.94,15.38,3.19,0.29,642
71.889,16.59,0.12,0.91,15.35,3.18,0.00,643
71.906,16.71,0.11,0.93,15.35,3.21,0.28,643
71.923,16.70,0.11,0.90,15.28,3.21,0.00,643
71.940,16.61,0.11,0.92,15.43,3.19,0.29,645
71.956,16.67,0.11,0.94,15.37,3.20,0.00,646
71.973,16.71,0.11,0.93,15.43,3.19,0.30,645
71.989,16.59,0.14,1.01,15.27,3.18,0.00,653
72.006,16.74,0.11,0.98,15.69,3.21,0.69,656
72.023,16.90,0.11,0.98,15.02,3.22,0.00,657
72.040,16.41,0.13,0.96,15.33,3.21,0.29,659
72.056,16.68,0.11,1.00,15.25,3.24,0.00,658
72.073,16.66,0.11,0.97,15.35,3.23,0.29,656
72.090,16.62,0.12,0.97,15.28,3.26,0.00,658
72.106,16.69,0.14,0.97,15.36,3.29,0.29,659
72.123,16.66,0.11,1.00,15.33,3.29,0.00,661
72.140,16.69,0.11,1.00,15.42,3.30,0.29,663
72.156,16.63,0.10,1.00,15.33,3.29,0.00,665
72.173,16.75,0.11,0.97,15.31,3.30,0.29,665
72.190,16.61,0.11,0.96,15.32,3.30,0.00,667
72.206,16.74,0.11,0.99,15.30,3.34,0.29,665
72.223,16.58,0.11,0.98,15.35,3.34,0.00,664
72.240,16.73,0.13,1.00,15.28,3.35,0.29,665
72.256,16.62,0.10,0.97,15.36,3.34,0.00,666
72.273,16.66,0.11,0.98,15.43,3.36,0.31,666
72.290,16.64,0.13,1.02,15.36,3.36,0.00,667
72.306,16.69,0.11,1.05,15.40,3.39,0.29,662
72.323,16.68,0.11,1.03,15.28,3.38,0.00,657
72.340,16.69,0.11,0.97,15.42,3.39,0.31,647
72.356,16.61,0.12,1.01,15.38,3.38,0.00,639
72.373,16.84,0.11,0.94,15.28,3.36,0.29,636
72.390,16.51,0.11,0.91,15.49,3.08,0.00,634
72.406,16.67,0.24,1.02,15.19,3.11,0.29,647
72.423,16.66,0.13,1.02,15.26,3.21,0.00,654
72.440,16.76,0.12,1.04,15.35,3.30,0.30,653
72.456,16.62,0.10,1.05,15.30,3.30,0.00,651
72.473,16.64,0.12,1.03,15.38,3.29,0.29,651
72.490,16.64,0.12,1.04,15.24,3.29,0.00,650
72.506,16.74,0.11,1.04,15.36,3.31,0.29,649
72.523,16.63,0.10,1.08,15.20,3.31,0.00,648
72.540,16.66,0.12,1.03,15.31,3.29,0.29,648
72.556,16.74,0.10,1.00,15.25,3.29,0.00,647
72.573,16.60,0.10,1.03,15.37,3.27,0.30,647
72.590,16.68,0.12,1.05,15.20,3.28,0.00,645
72.606,16.75,0.14,1.04,15.18,3.27,0.29,645
72.623,16.65,0.14,1.07,15.10,3.26,0.00,645
72.640,16.66,0.10,1.04,15.24,3.26,0.29,645
72.656,16.66,0.11,1.03,15.30,3.25,0.00,644
72.673,16.62,0.15,1.08,15.27,3.26,0.29,643
72.690,16.67,0.13,1.06,15.25,3.27,0.00,642
72.706,16.79,0.11,1.06,15.18,3.28,0.29,642
72.723,16.53,0.11,1.06,15.34,3.29,0.00,641
72.740,16.64,0.11,1.17,15.26,3.28,0.30,642
72.756,16.70,0.11,1.04,15.24,3.29,0.00,639
72.773,16.71,0.11,1.05,15.28,3.28,0.29,638
72.790,16.64,0.12,1.02,15.30,3.29,0.00,635
72.806,16.66,0.18,1.07,15.27,3.28,0.30,635
72.823,16.63,0.11,1.03,15.27,3.31,0.00,631
72.840,16.75,0.10,0.86,15.45,3.29,0.29,628
72.856,16.70,0.10,0.85,15.52,3.30,0.00,625
72.873,16.59,0.10,0.85,15.67,3.29,0.40,625
72.890,16.75,0.10,0.89,15.35,3.30,0.00,624
72.906,16.60,0.12,0.84,15.49,3.30,0.29,625
72.923,16.68,0.11,0.87,15.42,3.32,0.00,626
72.940,16.71,0.11,0.88,15.41,3.31,0.29,626
72.956,16.60,0.11,0.86,15.43,3.32,0.00,625
72.973,16.71,0.14,0.87,15.55,3.32,0.38,624
72.990,16.71,0.17,0.91,15.33,3.32,0.00,624
73.006,16.58,0.10,0.86,15.50,3.31,0.29,625
73.023,16.73,0.10,0.86,15.39,3.34,0.00,628
73.040,16.68,0.11,0.87,15.40,3.33,0.29,628
73.056,16.66,0.11,0.84,15.47,3.33,0.00,632
73.073,16.60,0.10,0.86,15.50,3.32,0.29,633
73.090,16.73,0.10,0.89,15.28,3.33,0.00,634
73.106,16.64,0.11,0.86,15.47,3.32,0.29,637
73.123,16.63,0.14,0.87,15.36,3.35,0.00,636
73.140,16.69,0.12,0.90,15.43,3.35,0.29,639
73.156,16.64,0.14,0.88,15.37,3.35,0.00,643
73.173,16.78,0.10,0.86,15.42,3.34,0.29,644
73.190,16.61,0.10,0.88,15.35,3.34,0.00,644
73.206,16.67,0.14,1.17,15.34,3.34,0.55,702
73.223,16.76,0.12,1.28,14.82,4.20,0.00,703
73.240,16.54,0.13,1.21,15.22,4.20,0.30,701
73.256,16.70,0.12,1.19,15.08,4.18,0.00,696
73.273,16.62,0.13,1.19,15.29,4.18,0.30,697
73.290,16.73,0.12,1.20,15.01,4.19,0.00,697
73.306,16.67,0.13,1.20,15.27,4.19,0.31,698
73.323,16.74,0.13,1.28,14.90,4.17,0.00,696
73.340,16.52,0.12,1.18,15.16,4.19,0.29,695
73.356,16.69,0.12,1.21,15.07,4.19,0.00,697
73.373,16.66,0.12,1.18,15.18,4.21,0.31,696
73.390,16.68,0.12,1.20,15.06,4.21,0.00,693
73.406,16.70,0.13,1.17,15.18,4.23,0.29,690
73.423,16.65,0.12,1.18,15.06,4.25,0.00,685
73.440,16.71,0.13,1.20,15.10,4.26,0.29,680
73.456,16.60,0.12,1.19,15.16,4.24,0.00,672
73.473,16.67,0.14,1.21,15.13,4.24,0.29,669
73.490,16.74,0.12,1.27,15.02,4.23,0.00,660
73.506,16.60,0.12,1.20,15.15,3.85,0.29,659
73.523,16.75,0.12,1.19,14.99,3.89,0.00,663
73.540,16.59,0.12,1.19,15.17,3.89,0.29,663
73.556,16.66,0.15,1.21,15.05,3.87,0.00,664
73.573,16.68,0.12,1.19,15.13,3.88,0.29,664
73.590,16.74,0.11,1.21,14.96,3.89,0.00,664
73.606,16.60,0.12,1.19,15.14,3.89,0.29,663
73.623,16.72,0.11,1.23,14.96,3.80,0.00,663
73.640,16.61,0.16,1.19,15.10,3.35,0.29,661
73.656,16.73,0.11,1.17,15.04,3.34,0.00,660
73.673,16.67,0.11,1.19,15.09,3.35,0.29,661
73.690,16.65,0.11,1.19,15.03,3.34,0.00,660
73.706,16.70,0.11,1.20,14.98,3.34,0.29,663
73.723,16.65,0.12,1.21,15.04,3.37,0.00,666
73.740,16.65,0.11,1.18,15.16,3.39,0.30,666
73.756,16.58,0.11,1.20,15.20,3.39,0.00,666
73.773,16.70,0.11,1.18,15.16,3.40,0.29,664
73.790,16.73,0.10,1.22,15.02,3.39,0.00,664
73.806,16.69,0.12,1.20,15.09,3.39,0.29,664
73.823,16.71,0.11,1.23,14.92,3.42,0.00,665
73.840,16.61,0.11,1.18,15.10,3.43,0.29,667
73.856,16.65,0.11,1.18,15.20,3.43,0.00,670
73.873,16.60,0.12,1.21,15.16,3.45,0.29,669
73.890,16.69,0.11,1.21,15.07,3.44,0.00,670
73.906,16.66,0.11,1.15,15.31,3.45,0.31,668
73.923,16.68,0.11,1.22,15.06,3.45,0.00,667
73.940,16.73,0.12,1.18,15.16,3.49,0.30,665
73.956,16.57,0.11,1.09,15.18,3.49,0.00,665
73.973,16.71,0.12,1.11,15.28,3.49,0.29,664
73.990,16.62,0.10,1.07,15.31,3.49,0.00,667
74.006,16.78,0.11,1.12,15.15,3.50,0.29,666
74.023,16.64,0.11,1.09,15.13,3.50,0.00,668
74.040,16.63,0.10,1.07,15.26,3.60,0.29,667
74.056,16.69,0.10,1.09,15.20,3.61,0.00,670
74.073,16.62,0.10,1.10,15.28,3.63,0.29,667
74.090,16.69,0.10,1.10,15.15,3.64,0.00,669
74.106,16.66,0.11,1.11,15.27,3.67,0.29,668
74.123,16.66,0.12,1.33,14.97,3.68,0.00,676
74.140,16.73,0.15,1.16,15.53,3.64,0.75,678
74.157,16.96,0.10,1.14,14.80,3.66,0.00,679
74.173,16.38,0.11,1.18,15.12,3.67,0.29,681
74.190,16.59,0.13,1.32,14.93,3.69,0.00,682
74.206,16.68,0.14,1.16,15.19,3.69,0.29,683
74.223,16.67,0.11,1.13,15.14,3.72,0.00,686
74.240,16.73,0.11,1.16,15.15,3.75,0.29,686
74.256,16.56,0.11,1.19,15.14,3.75,0.00,685
74.273,16.77,0.11,1.16,15.14,3.74,0.29,686
74.290,16.67,0.11,1.19,15.02,3.74,0.00,689
74.306,16.61,0.13,1.16,15.22,3.74,0.30,689
74.323,16.63,0.11,1.18,15.12,3.73,0.00,691
74.340,16.73,0.11,1.17,15.13,3.77,0.29,691
74.356,16.69,0.10,1.15,15.08,3.76,0.00,690
74.373,16.68,0.10,1.03,15.29,3.75,0.29,690
74.390,16.66,0.11,1.10,15.22,3.74,0.00,692
74.406,16.61,0.24,1.18,15.11,3.74,0.29,712
74.423,16.65,0.12,1.18,15.14,3.92,0.00,714
74.440,16.71,0.12,1.21,15.28,4.01,0.31,712
74.456,16.73,0.11,1.22,15.02,3.99,0.00,713
74.473,16.65,0.12,1.18,15.14,3.98,0.29,711
74.490,16.69,0.11,1.22,15.13,3.96,0.00,711
74.506,16.58,0.11,1.18,15.19,3.95,0.29,711
74.523,16.67,0.13,1.19,15.13,3.95,0.00,711
74.540,16.67,0.11,1.21,15.24,3.95,0.29,710
74.556,16.69,0.11,1.21,15.13,3.93,0.00,709
74.573,16.64,0.13,1.18,15.15,3.92,0.29,707
74.590,16.70,0.10,1.18,15.08,3.90,0.00,705
74.606,16.71,0.11,1.20,15.09,3.88,0.29,704
74.623,16.68,0.11,1.17,15.08,3.87,0.00,702
74.640,16.58,0.11,1.19,15.19,3.87,0.29,701
74.656,16.72,0.11,1.22,15.03,3.86,0.00,703
74.673,16.63,0.13,1.22,15.11,3.85,0.29,704
74.690,16.73,0.11,1.20,15.02,3.84,0.00,702
74.706,16.66,0.11,1.15,15.16,3.83,0.29,697
74.723,16.60,0.12,1.15,15.10,3.41,0.00,696
74.740,16.67,0.11,1.15,15.25,3.42,0.30,696
74.756,16.69,0.12,1.14,15.11,3.42,0.00,694
74.773,16.71,0.13,1.13,15.13,3.40,0.29,692
74.790,16.67,0.10,1.15,15.10,3.38,0.00,692
74.806,16.67,0.11,1.11,15.26,3.37,0.29,692
74.823,16.59,0.13,1.52,14.76,3.36,0.00,744
74.840,16.75,0.13,1.45,15.64,4.28,1.13,744
74.857,17.35,0.13,1.46,14.06,4.27,0.00,743
74.873,16.01,0.14,1.45,14.77,4.26,0.29,742
74.890,16.61,0.13,1.57,14.67,4.24,0.00,740
74.906,16.70,0.14,1.45,14.86,4.24,0.28,740
74.923,16.59,0.13,1.48,14.87,4.23,0.00,736
74.940,16.68,0.13,1.44,14.92,4.23,0.29,736
74.956,16.67,0.16,1.51,14.73,4.23,0.00,736
74.973,16.71,0.13,1.45,14.85,4.21,0.29,734
74.990,16.67,0.13,1.47,14.77,4.22,0.00,733
75.006,16.63,0.14,1.42,14.91,4.19,0.29,732
75.023,16.73,0.22,1.56,14.55,4.20,0.00,726
75.040,16.63,0.13,1.46,14.85,4.18,0.29,723
75.057,16.73,0.12,1.44,14.85,4.22,0.00,719
75.073,16.64,0.13,1.51,14.80,4.19,0.29,711
75.090,16.66,0.12,1.45,14.82,4.17,0.00,704
75.106,16.66,0.13,1.44,14.88,4.16,0.29,696
75.123,16.71,0.12,1.37,14.82,4.16,0.00,678
75.140,16.66,0.13,1.40,14.83,4.12,0.29,658
75.156,16.60,0.20,1.40,14.84,4.25,0.00,630
75.173,16.74,0.12,1.09,15.18,4.19,0.29,607
75.190,16.65,0.12,1.11,15.09,4.15,0.00,598
75.207,16.68,0.13,1.09,15.15,4.11,0.27,544
75.223,16.64,0.13,1.06,15.13,4.06,0.00,394
75.240,16.70,0.13,1.07,15.20,3.22,0.28,395
75.256,16.59,0.15,1.07,15.16,3.19,0.00,395
75.273,16.73,0.15,1.06,15.21,3.18,0.29,395
75.290,16.71,0.12,1.08,15.06,3.17,0.00,395
75.306,16.57,0.12,1.06,15.26,3.16,0.29,395
75.323,16.72,0.12,1.05,15.26,3.16,0.00,393
75.340,16.62,0.13,1.08,15.30,3.16,0.30,394
75.356,16.67,0.13,1.09,15.18,3.17,0.00,394
75.373,16.68,0.15,1.06,15.25,3.16,0.29,394
75.390,16.66,0.19,1.04,15.13,3.16,0.00,394
75.407,16.76,0.15,1.06,15.21,3.15,0.29,394
75.423,16.58,0.11,1.03,15.37,3.14,0.00,391
75.440,16.68,0.14,1.05,15.24,3.13,0.29,392
75.457,16.72,0.12,1.10,15.12,3.16,0.00,392
75.473,16.67,0.12,1.04,15.20,3.15,0.28,390
75.490,16.67,0.12,1.05,15.22,3.13,0.00,388
75.506,16.59,0.12,1.05,15.29,3.12,0.29,385
75.523,16.71,0.12,1.04,15.30,3.09,0.00,383
75.540,16.63,0.12,1.07,15.24,3.09,0.29,382
75.557,16.72,0.12,1.04,15.13,3.10,0.00,382
75.573,16.63,0.12,1.06,15.38,3.09,0.31,382
75.590,16.67,0.11,1.03,15.22,3.08,0.00,382
75.606,16.68,0.14,1.05,15.27,3.09,0.29,382
75.623,16.71,0.12,1.05,15.17,3.07,0.00,381
75.640,16.67,0.12,1.00,15.28,2.79,0.29,380
75.657,16.68,0.12,1.02,15.19,2.82,0.00,379
75.673,16.61,0.12,1.03,15.31,2.82,0.29,377
75.690,16.71,0.11,1.05,15.14,2.81,0.00,375
75.707,16.63,0.16,1.02,15.30,2.81,0.29,375
75.723,16.76,0.11,1.01,15.15,2.81,0.00,373
75.740,16.63,0.12,1.03,15.30,2.81,0.30,373
75.757,16.61,0.13,1.03,15.22,2.84,0.00,373
75.773,16.67,0.13,1.01,15.29,2.84,0.29,373
75.790,16.71,0.11,1.00,15.23,2.83,0.00,371
75.807,16.62,0.13,1.02,15.28,2.84,0.29,371
75.823,16.71,0.11,1.03,15.17,2.83,0.00,371
75.840,16.63,0.17,1.03,15.25,2.83,0.29,371
75.857,16.73,0.11,1.01,15.20,2.87,0.00,371
75.873,16.62,0.12,0.97,15.35,2.87,0.29,371
75.890,16.72,0.12,1.02,15.18,2.87,0.00,370
75.907,16.61,0.15,0.99,15.31,2.88,0.29,370
75.923,16.66,0.11,1.01,15.33,2.87,0.00,370
75.940,16.65,0.14,1.01,15.33,2.87,0.29,369
75.957,16.66,0.12,0.97,15.30,2.91,0.00,369
75.973,16.68,0.16,0.98,15.30,2.90,0.29,368
75.990,16.73,0.11,1.01,15.23,2.90,0.00,368
76.007,16.68,0.11,0.96,15.28,2.90,0.29,368
76.023,16.67,0.11,0.99,15.29,2.90,0.00,367
76.040,16.58,0.11,1.04,15.32,2.90,0.29,367
76.057,16.68,0.11,0.98,15.30,2.92,0.00,367
76.073,16.69,0.11,1.00,15.34,2.92,0.30,367
76.090,16.64,0.13,0.98,15.34,2.91,0.00,367
76.107,16.65,0.11,1.00,15.34,2.90,0.29,367
76.123,16.79,0.15,0.95,15.17,2.90,0.00,366
76.140,16.59,0.12,0.95,15.37,2.89,0.29,364
76.157,16.73,0.11,0.93,15.26,2.88,0.00,365
76.173,16.56,0.12,0.96,15.44,2.90,0.29,365
76.190,16.64,0.13,0.96,15.32,2.90,0.00,365
76.207,16.76,0.12,0.96,15.35,2.90,0.29,365
76.223,16.59,0.11,0.95,15.20,2.88,0.00,365
76.240,16.68,0.12,0.96,15.41,2.88,0.29,362
76.257,16.66,0.11,0.93,15.34,2.87,0.00,362
76.273,16.75,0.11,0.95,15.29,2.89,0.29,362
76.290,16.65,0.11,0.97,15.22,2.88,0.00,362
76.307,16.60,0.11,0.95,15.38,2.87,0.29,362
76.323,16.74,0.11,0.88,15.36,2.86,0.00,359
76.340,16.67,0.11,0.92,15.35,2.55,0.29,357
76.357,16.64,0.11,0.90,15.32,2.54,0.00,357
76.373,16.65,0.11,0.82,15.47,2.55,0.28,355
76.390,16.68,0.11,0.87,15.34,2.54,0.00,355
76.407,16.70,0.24,0.94,15.16,2.53,0.29,370
76.423,16.62,0.11,0.94,15.39,2.60,0.00,381
76.440,16.63,0.11,0.91,15.43,2.72,0.29,379
76.457,16.73,0.11,0.96,15.41,2.72,0.00,382
76.473,16.60,0.11,0.98,15.57,2.74,0.51,463
76.490,16.78,0.11,1.01,15.28,2.79,0.00,489
76.507,16.55,0.11,1.02,15.34,2.83,0.29,505
76.523,16.74,0.11,0.96,15.29,2.85,0.00,493
76.540,16.61,0.14,0.99,15.36,2.84,0.29,491
76.557,16.66,0.14,0.97,15.20,2.84,0.00,487
76.573,16.69,0.12,0.97,15.41,2.85,0.30,486
76.590,16.63,0.11,0.98,15.31,2.85,0.00,485
76.607,16.77,0.11,0.97,15.30,2.84,0.29,485
76.623,16.65,0.11,0.99,15.20,2.84,0.00,484
76.640,16.60,0.12,0.98,15.33,2.82,0.29,477
76.657,16.74,0.11,0.97,15.23,2.81,0.00,480
76.673,16.60,0.11,0.99,15.43,2.83,0.30,479
76.690,16.64,0.11,0.99,15.29,2.82,0.00,478
76.707,16.72,0.13,0.99,15.30,2.82,0.29,466
76.723,16.69,0.10,0.98,15.27,2.81,0.00,463
76.740,16.60,0.11,0.97,15.42,2.82,0.30,463
76.757,16.66,0.11,1.07,15.34,2.81,0.00,461
76.773,16.70,0.11,0.97,15.40,2.84,0.29,456
76.790,16.64,0.12,0.81,15.48,2.84,0.00,455
76.807,16.75,0.11,0.77,15.50,2.83,0.29,454
76.823,16.60,0.11,0.75,15.58,2.83,0.00,452
76.840,16.65,0.10,0.76,15.59,2.83,0.29,448
76.857,16.73,0.12,0.79,15.50,2.83,0.00,443
76.873,16.61,0.11,0.79,15.57,2.84,0.29,440
76.890,16.72,0.12,0.76,15.47,2.83,0.00,437
76.907,16.64,0.12,0.78,15.54,2.83,0.29,431
76.923,16.70,0.11,0.77,15.42,2.82,0.00,416
76.940,16.65,0.11,0.77,15.58,2.81,0.29,390
76.957,16.68,0.14,0.82,15.42,2.78,0.00,351
76.973,16.70,0.13,0.75,15.49,2.67,0.29,351
76.990,16.63,0.11,0.76,15.52,2.66,0.00,351
77.007,16.71,0.15,0.77,15.45,2.65,0.29,351
77.023,16.64,0.10,0.72,15.45,2.64,0.00,351
77.040,16.62,0.12,0.71,15.74,2.63,0.29,350
77.057,16.70,0.11,0.75,15.58,2.62,0.00,349
77.073,16.73,0.15,0.77,15.52,2.64,0.29,347
77.090,16.56,0.11,0.73,15.63,2.63,0.00,345
77.107,16.70,0.11,0.72,15.79,2.61,0.41,345
77.123,16.75,0.11,0.76,15.56,2.61,0.00,345
77.140,16.55,0.10,0.73,15.77,2.59,0.30,344
77.157,16.75,0.11,0.75,15.57,2.58,0.00,343
77.173,16.61,0.12,0.73,15.76,2.60,0.29,343
77.190,16.74,0.11,0.80,15.51,2.58,0.00,343
77.207,16.60,0.10,0.75,15.73,2.57,0.30,343
77.223,16.70,0.10,0.72,15.58,2.56,0.00,343
77.240,16.68,0.11,0.73,15.71,2.56,0.30,343
77.257,16.70,0.21,0.94,15.25,2.55,0.00,341
77.273,16.60,0.21,0.72,15.72,2.54,0.30,341
77.290,16.78,0.11,0.81,15.48,2.55,0.00,340
77.307,16.53,0.11,0.70,15.90,2.54,0.30,340
77.323,16.87,0.11,0.75,15.31,2.52,0.00,340
77.340,16.49,0.08,0.38,16.16,2.52,0.31,340
77.357,16.78,0.11,0.78,15.52,2.52,0.00,338
77.373,16.53,0.16,1.05,15.72,2.50,0.56,395
77.390,17.07,0.12,1.07,14.99,3.29,0.00,522
77.407,16.32,0.14,1.09,15.38,3.50,0.31,548
77.423,16.74,0.13,1.15,15.22,3.54,0.00,566
77.440,16.64,0.16,1.13,15.20,3.56,0.29,583
77.457,16.64,0.12,1.08,15.32,3.58,0.00,588
77.473,16.67,0.13,1.10,15.32,3.60,0.29,597
77.490,16.70,0.13,1.11,15.19,3.61,0.00,607
77.507,16.66,0.13,1.12,15.43,3.63,0.31,616
77.524,16.82,0.13,1.13,15.10,3.66,0.00,623
77.540,16.51,0.13,1.09,15.31,3.69,0.29,629
77.557,16.67,0.13,1.27,15.06,3.71,0.00,634
77.573,16.58,0.14,1.13,15.48,3.75,0.29,638
77.590,16.89,0.13,1.12,15.11,3.80,0.00,640
77.607,16.50,0.14,1.14,15.43,3.81,0.31,647
77.624,16.92,0.15,1.17,14.86,3.83,0.00,652
77.640,16.41,0.16,1.16,15.22,3.84,0.29,655
77.657,16.66,0.12,1.17,15.22,3.85,0.00,659
77.673,16.67,0.13,1.13,15.45,3.88,0.29,662
77.690,16.85,0.12,1.15,14.96,3.91,0.00,664
77.707,16.57,0.16,1.14,15.12,3.93,0.29,664
77.723,16.59,0.12,1.13,15.14,3.93,0.00,666
77.740,16.70,0.13,1.11,15.23,3.93,0.29,670
77.757,16.65,0.12,1.18,15.11,3.96,0.00,673
77.773,16.71,0.14,1.13,15.14,3.97,0.29,674
77.790,16.60,0.12,1.11,15.18,3.43,0.00,675
77.807,16.76,0.12,1.13,15.14,3.43,0.29,675
77.823,16.63,0.11,1.11,15.15,3.43,0.00,676
77.840,16.65,0.12,1.14,15.21,3.44,0.29,678
77.857,16.65,0.13,1.12,15.11,3.44,0.00,676
77.873,16.67,0.12,1.16,15.21,3.44,0.29,675
77.890,16.66,0.12,1.12,15.24,3.54,0.00,676
77.907,16.68,0.12,1.15,15.16,3.55,0.29,676
77.923,16.71,0.12,1.17,15.07,3.57,0.00,686
77.940,16.60,0.15,1.20,15.16,3.59,0.29,689
77.957,16.67,0.11,1.13,15.25,3.61,0.00,686
77.973,16.68,0.13,1.14,15.22,3.61,0.29,688
77.990,16.66,0.12,1.15,15.22,3.57,0.00,688
78.007,16.67,0.13,1.16,15.20,3.57,0.29,688
78.023,16.67,0.13,1.17,15.09,3.57,0.00,688
78.040,16.70,0.13,1.14,15.18,3.58,0.29,689
78.057,16.63,0.12,1.11,15.19,3.58,0.00,689
78.073,16.75,0.14,1.29,15.47,3.58,0.76,693
78.090,17.02,0.11,1.16,14.75,3.59,0.00,695
78.107,16.24,0.12,1.24,15.12,3.62,0.29,696
78.123,16.72,0.12,1.24,14.98,3.62,0.00,698
78.140,16.63,0.12,1.21,15.08,3.63,0.28,699
78.157,16.69,0.14,1.23,15.03,3.65,0.00,699
78.173,16.63,0.12,1.21,15.17,3.66,0.29,701
78.190,16.67,0.11,1.25,15.13,3.70,0.00,701
78.207,16.67,0.12,1.23,15.11,3.70,0.30,702
78.223,16.68,0.12,1.28,14.94,3.69,0.00,702
78.240,16.69,0.12,1.24,15.04,3.70,0.29,703
78.257,16.69,0.11,1.22,15.09,3.70,0.00,702
78.273,16.61,0.18,1.25,15.15,3.70,0.29,703
78.290,16.72,0.12,1.23,15.12,3.73,0.00,704
78.307,16.58,0.12,1.25,15.15,3.73,0.29,704
78.323,16.70,0.13,1.32,15.06,3.73,0.00,706
78.340,16.64,0.20,1.26,15.08,3.74,0.29,705
78.357,16.71,0.14,1.22,15.05,3.75,0.00,707
78.373,16.66,0.11,1.15,15.19,3.76,0.29,706
78.390,16.72,0.11,1.14,15.08,3.76,0.00,706
78.407,16.61,0.24,1.20,15.02,3.80,0.29,726
78.423,16.75,0.12,1.22,14.97,3.93,0.00,739
78.440,16.66,0.12,1.21,15.17,4.06,0.29,737
78.457,16.61,0.11,1.21,15.14,4.06,0.00,737
78.473,16.66,0.11,1.20,15.15,4.07,0.29,737
78.490,16.73,0.12,1.17,15.04,4.07,0.00,737
78.507,16.62,0.13,1.17,15.22,4.11,0.29,737
78.523,16.64,0.11,1.19,15.12,4.09,0.00,738
78.540,16.72,0.18,1.17,15.10,4.10,0.29,737
78.557,16.64,0.11,1.20,15.13,4.10,0.00,738
78.573,16.67,0.13,1.20,15.12,4.11,0.29,737
78.590,16.73,0.11,1.17,15.11,4.11,0.00,736
78.607,16.59,0.11,1.17,15.26,4.13,0.30,736
78.623,16.66,0.11,1.19,15.11,4.13,0.00,735
78.640,16.70,0.14,1.19,15.13,4.13,0.29,733
78.657,16.72,0.11,1.20,15.05,4.12,0.00,733
78.673,16.69,0.12,1.17,15.13,4.11,0.29,732
78.690,16.61,0.12,1.19,15.08,4.12,0.00,732
78.707,16.72,0.15,1.16,15.11,4.14,0.29,730
78.723,16.60,0.16,1.15,15.07,4.13,0.00,730
78.740,16.69,0.11,1.15,15.19,4.14,0.29,729
78.757,16.65,0.17,1.20,15.07,4.11,0.00,729
78.773,16.65,0.11,1.17,15.18,4.10,0.29,728
78.790,16.73,0.11,1.14,15.08,4.10,0.00,726
78.807,16.68,0.11,1.15,15.14,4.10,0.29,726
78.823,16.59,0.11,1.14,15.16,4.09,0.00,725
78.840,16.69,0.11,1.16,15.23,4.07,0.29,724
78.857,16.64,0.11,1.25,15.03,4.05,0.00,724
78.873,16.68,0.14,1.14,15.18,4.03,0.29,722
78.890,16.72,0.11,1.16,15.07,3.58,0.00,721
78.907,16.64,0.11,1.14,15.20,3.58,0.29,721
78.924,16.72,0.11,1.10,15.15,3.55,0.00,720
78.940,16.61,0.12,1.14,15.18,3.54,0.29,720
78.957,16.65,0.11,1.11,15.17,3.52,0.00,720
78.973,16.69,0.12,1.12,15.12,3.50,0.27,720
78.990,16.69,0.13,1.11,15.21,3.48,0.00,719
79.007,16.64,0.11,1.11,15.26,3.48,0.26,719
79.023,16.67,0.11,1.14,15.13,3.46,0.00,718
79.040,16.74,0.11,1.10,15.19,3.45,0.26,717
79.057,16.59,0.11,1.09,15.18,3.44,0.00,715
79.073,16.69,0.13,1.13,15.14,3.42,0.26,715
79.090,16.66,0.18,1.09,15.12,3.41,0.00,713
79.107,16.74,0.11,1.12,15.12,3.42,0.26,712
79.123,16.60,0.10,1.12,15.17,3.41,0.00,711
79.140,16.73,0.11,1.10,15.11,3.39,0.26,711
79.157,16.60,0.11,1.09,15.18,3.38,0.00,711
79.173,16.66,0.11,1.16,15.20,3.36,0.26,710
79.190,16.66,0.11,1.07,15.25,3.35,0.00,708
79.207,16.75,0.11,1.09,15.14,3.36,0.26,704
79.223,16.59,0.14,1.15,15.15,3.35,0.00,703
79.240,16.76,0.11,1.10,15.10,3.34,0.26,701
79.257,16.63,0.11,1.11,15.19,3.31,0.00,698
79.273,16.61,0.11,1.10,15.18,3.31,0.26,697
79.290,16.71,0.11,1.04,15.20,3.29,0.00,693
79.307,16.68,0.11,1.04,15.23,3.31,0.26,688
79.324,16.69,0.11,1.03,15.18,3.30,0.00,683
79.340,16.67,0.11,0.79,15.46,3.27,0.26,651
79.357,16.66,0.11,0.81,15.41,3.23,0.00,648
79.374,16.64,0.11,0.79,15.49,3.21,0.26,646
79.390,16.63,0.14,0.98,15.39,3.20,0.00,702
79.407,16.66,0.14,1.01,15.83,4.13,0.81,699
79.424,17.09,0.12,1.03,14.83,4.10,0.00,698
79.440,16.27,0.12,0.97,15.47,4.11,0.28,689
79.457,16.68,0.12,0.95,15.25,4.09,0.00,684
79.473,16.66,0.13,0.97,15.33,4.07,0.26,677
79.490,16.67,0.12,0.98,15.33,4.07,0.00,670
79.507,16.66,0.15,0.97,15.34,4.03,0.26,664
79.523,16.65,0.14,0.95,15.37,4.09,0.00,652
79.540,16.67,0.12,0.96,15.36,4.07,0.26,637
79.557,16.67,0.13,0.94,15.31,4.06,0.00,650
79.573,16.67,0.13,0.96,15.34,4.08,0.25,639
79.590,16.67,0.14,1.00,15.27,3.76,0.00,632
79.607,16.69,0.14,0.92,15.26,3.73,0.25,629
79.624,16.67,0.12,0.95,15.37,3.71,0.00,624
79.640,16.64,0.12,0.93,15.41,3.68,0.26,615
79.657,16.69,0.12,0.95,15.31,3.65,0.00,601
79.674,16.66,0.12,0.92,15.42,3.61,0.26,588
79.690,16.65,0.15,0.90,15.32,3.58,0.00,567
79.707,16.71,0.14,0.96,15.45,3.55,0.31,558
79.724,16.67,0.12,0.94,15.34,3.55,0.00,544
79.740,16.70,0.12,0.93,15.27,3.51,0.26,527
79.757,16.67,0.12,0.92,15.31,3.47,0.00,507
79.774,16.66,0.11,0.94,15.33,3.44,0.27,481
79.790,16.67,0.11,0.93,15.28,3.38,0.00,374
79.807,16.68,0.15,0.90,15.32,2.61,0.27,375
79.824,16.64,0.12,0.92,15.28,2.63,0.00,375
79.840,16.69,0.12,0.96,15.28,2.62,0.26,373
79.857,16.66,0.12,0.91,15.25,2.61,0.00,373
79.874,16.61,0.13,0.89,15.37,2.59,0.26,373
79.890,16.73,0.11,0.92,15.26,2.59,0.00,372
79.907,16.62,0.11,0.90,15.42,2.58,0.26,373
79.924,16.64,0.14,0.93,15.32,2.58,0.00,373
79.940,16.73,0.11,0.93,15.31,2.58,0.26,371
79.957,16.60,0.13,0.95,15.31,2.57,0.00,370
79.974,16.75,0.11,0.92,15.27,2.57,0.26,370
79.990,16.61,0.11,0.90,15.31,2.56,0.00,370
80.007,16.66,0.12,0.91,15.41,2.55,0.26,367
80.024,16.69,0.11,0.93,15.32,2.58,0.00,365
80.040,16.72,0.12,0.87,15.37,2.57,0.26,365
80.057,16.64,0.11,0.87,15.34,2.56,0.00,365
80.074,16.62,0.11,0.88,15.39,2.57,0.26,365
80.090,16.74,0.16,0.86,15.29,2.56,0.00,365
80.107,16.69,0.14,0.87,15.28,2.56,0.26,363
80.124,16.60,0.13,0.87,15.37,2.58,0.00,363
80.140,16.73,0.12,0.85,15.38,2.59,0.26,362
80.157,16.61,0.11,0.85,15.48,2.58,0.00,362
80.174,16.64,0.12,0.90,15.47,2.58,0.26,361
80.190,16.66,0.13,0.88,15.41,2.58,0.00,360
80.207,16.68,0.11,0.85,15.49,2.59,0.26,359
80.224,16.67,0.13,0.85,15.47,2.61,0.00,358
80.240,16.65,0.13,0.88,15.49,2.61,0.26,358
80.257,16.69,0.11,0.88,15.41,2.60,0.00,358
80.274,16.66,0.11,0.87,15.43,2.60,0.26,358
80.290,16.68,0.12,0.87,15.28,2.61,0.00,358
80.307,16.65,0.13,0.85,15.53,2.60,0.26,358
80.324,16.70,0.15,0.89,15.32,2.63,0.00,356
80.340,16.65,0.11,0.87,15.46,2.63,0.26,356
80.357,16.65,0.11,0.84,15.46,2.64,0.00,356
80.374,16.75,0.11,0.81,15.50,2.64,0.28,354
80.390,16.59,0.13,0.79,15.47,2.64,0.00,354
80.407,16.69,0.31,0.85,15.24,2.64,0.26,368
80.424,16.64,0.18,0.90,15.31,2.76,0.00,377
80.440,16.75,0.11,0.89,15.36,2.88,0.26,377
80.457,16.60,0.11,0.86,15.39,2.87,0.00,377
80.474,16.66,0.11,0.90,15.39,2.88,0.26,374
80.490,16.75,0.11,0.90,15.34,2.87,0.00,374
80.507,16.58,0.12,0.87,15.51,2.86,0.26,373
80.524,16.68,0.11,0.86,15.39,2.89,0.00,372
80.540,16.66,0.13,0.88,15.44,2.88,0.27,371
80.557,16.71,0.11,0.86,15.28,2.87,0.00,369
80.574,16.64,0.12,0.89,15.41,2.88,0.28,368
80.590,16.70,0.11,0.90,15.41,2.87,0.00,368
80.607,16.62,0.12,0.88,15.46,2.87,0.29,367
80.624,16.72,0.12,0.90,15.32,2.86,0.00,366
80.640,16.67,0.15,0.88,15.36,2.87,0.29,366
80.657,16.69,0.11,0.89,15.30,2.86,0.00,366
80.674,16.66,0.12,0.89,15.42,2.87,0.29,364
80.690,16.68,0.11,0.89,15.31,2.84,0.00,363
80.707,16.66,0.13,0.87,15.37,2.84,0.29,361
80.724,16.66,0.12,0.91,15.30,2.83,0.00,361
80.740,16.63,0.12,0.89,15.44,2.84,0.29,361
80.757,16.72,0.11,0.86,15.48,2.83,0.00,361
80.774,16.61,0.11,0.90,15.47,2.83,0.29,360
80.790,16.68,0.10,0.91,15.37,2.82,0.00,358
80.807,16.68,0.15,0.88,15.38,2.82,0.29,356
80.824,16.71,0.11,0.91,15.30,2.81,0.00,356
80.840,16.63,0.10,0.89,15.48,2.82,0.30,356
80.857,16.65,0.15,0.90,15.36,2.81,0.00,356
80.874,16.74,0.18,0.89,15.29,2.81,0.29,348
80.890,16.66,0.10,0.87,15.34,2.81,0.00,347
80.907,16.63,0.13,0.85,15.43,2.55,0.29,346
80.924,16.67,0.11,0.87,15.37,2.54,0.00,351
80.940,16.70,0.10,0.88,15.61,2.55,0.51,404
80.957,16.72,0.11,0.93,15.15,2.60,0.00,416
80.974,16.57,0.11,0.88,15.44,2.60,0.29,424
80.990,16.69,0.11,0.86,15.38,2.62,0.00,423
81.007,16.69,0.10,0.85,15.49,2.60,0.29,421
81.024,16.59,0.11,0.95,15.33,2.59,0.00,413
81.040,16.70,0.13,0.89,15.53,2.60,0.29,413
81.057,16.65,0.10,0.87,15.37,2.61,0.00,410
81.074,16.68,0.11,0.88,15.44,2.60,0.29,407
81.090,16.70,0.10,0.94,15.32,2.60,0.00,407
81.107,16.69,0.11,0.89,15.38,2.61,0.29,407
81.124,16.60,0.10,0.88,15.39,2.61,0.00,406
81.140,16.66,0.12,0.89,15.42,2.62,0.29,403
81.157,16.70,0.11,0.88,15.39,2.62,0.00,401
81.174,16.68,0.16,0.90,15.36,2.63,0.29,401
81.190,16.62,0.10,0.89,15.40,2.63,0.00,401
81.207,16.74,0.14,0.89,15.36,2.64,0.29,392
81.224,16.66,0.11,0.91,15.28,2.64,0.00,390
81.240,16.63,0.12,0.87,15.48,2.66,0.28,384
81.257,16.65,0.15,0.94,15.42,2.65,0.00,384
81.274,16.68,0.16,1.00,15.31,2.65,0.29,384
81.290,16.66,0.10,0.87,15.43,2.65,0.00,383
81.307,16.74,0.10,0.89,15.40,2.65,0.29,383
81.324,16.66,0.13,1.14,15.06,2.65,0.00,420
81.340,16.67,0.12,1.12,15.41,3.42,0.57,498
81.357,16.77,0.12,0.97,15.13,3.58,0.00,517
81.374,16.52,0.13,0.97,15.37,3.60,0.29,527
81.390,16.64,0.12,0.94,15.42,3.61,0.00,529
81.407,16.68,0.12,1.00,15.33,3.62,0.29,536
81.424,16.73,0.13,0.99,15.20,3.63,0.00,546
81.440,16.61,0.17,0.96,15.35,3.65,0.29,555
81.457,16.67,0.15,0.95,15.24,3.67,0.00,561
81.474,16.67,0.12,0.99,15.31,3.70,0.29,613
81.490,16.71,0.12,0.95,15.25,3.74,0.00,620
81.507,16.66,0.12,0.98,15.32,3.77,0.27,629
81.524,16.65,0.12,0.97,15.28,3.79,0.00,633
81.540,16.64,0.12,0.97,15.37,3.77,0.29,638
81.557,16.71,0.12,0.97,15.24,3.78,0.00,644
81.574,16.63,0.16,0.99,15.29,3.78,0.29,649
81.590,16.71,0.11,1.01,15.23,3.78,0.00,653
81.607,16.75,0.12,1.03,14.98,3.79,0.22,655
81.624,16.53,0.09,0.79,15.25,3.79,0.00,657
81.640,16.67,0.10,0.72,15.38,3.81,0.21,657
81.657,16.66,0.09,0.72,15.61,3.81,0.00,660
81.674,16.74,0.15,1.01,15.24,3.81,0.29,661
81.690,16.65,0.11,1.00,15.21,3.81,0.00,663
81.707,16.63,0.13,0.99,15.26,3.81,0.28,663
81.724,16.73,0.12,1.01,15.19,3.80,0.00,662
81.740,16.69,0.12,0.98,15.29,3.23,0.29,666
81.757,16.57,0.15,1.01,15.24,3.25,0.00,666
81.774,16.73,0.12,0.98,15.43,3.24,0.30,664
81.790,16.65,0.11,0.99,15.35,3.23,0.00,664
81.807,16.78,0.11,1.01,15.19,3.24,0.29,665
81.824,16.52,0.11,0.97,15.36,3.23,0.00,665
81.840,16.72,0.13,0.98,15.33,3.22,0.29,666
81.857,16.61,0.14,1.02,15.23,3.26,0.00,668
81.874,16.66,0.12,0.98,15.38,3.25,0.29,666
81.890,16.66,0.15,1.00,15.25,3.25,0.00,665
81.907,16.74,0.11,1.00,15.26,3.25,0.29,664
81.924,16.65,0.11,1.00,15.24,3.26,0.00,665
81.940,16.69,0.12,1.01,15.25,3.25,0.29,666
81.957,16.64,0.11,0.97,15.28,3.29,0.00,666
81.974,16.70,0.11,0.97,15.30,3.28,0.29,668
81.990,16.66,0.11,1.01,15.21,3.27,0.00,666
82.007,16.68,0.15,1.01,15.20,3.28,0.29,666
82.024,16.62,0.11,1.02,15.29,3.28,0.00,665
82.040,16.64,0.13,1.01,15.32,3.29,0.29,666
82.057,16.75,0.11,0.96,15.23,3.32,0.00,666
82.074,16.66,0.11,1.00,15.17,3.30,0.28,666
82.090,16.61,0.11,0.98,15.29,3.31,0.00,667
82.107,16.74,0.11,1.02,15.28,3.31,0.29,665
82.124,16.73,0.11,1.03,15.13,3.32,0.00,664
82.140,16.55,0.11,0.97,15.37,3.32,0.29,665
82.157,16.65,0.11,0.99,15.27,3.35,0.00,662
82.174,16.73,0.11,1.01,15.36,3.36,0.29,662
82.190,16.62,0.10,1.04,15.22,3.34,0.00,663
82.207,16.73,0.15,0.99,15.24,3.34,0.29,663
82.224,16.58,0.13,0.98,15.28,3.34,0.00,662
82.240,16.69,0.11,1.00,15.32,3.34,0.29,661
82.257,16.67,0.10,1.00,15.41,3.36,0.00,661
82.274,16.64,0.12,0.98,15.36,3.36,0.29,662
82.290,16.70,0.11,1.02,15.32,3.35,0.00,663
82.307,16.80,0.11,0.99,15.18,3.34,0.29,662
82.324,16.59,0.11,0.97,15.20,3.34,0.00,662
82.340,16.59,0.14,1.12,15.57,3.33,0.71,669
82.357,16.95,0.11,1.03,15.04,3.34,0.00,670
82.374,16.37,0.11,1.00,15.44,3.35,0.29,671
82.390,16.66,0.12,1.01,15.26,3.34,0.00,672
82.407,16.75,0.25,1.06,15.08,3.36,0.29,687
82.424,16.69,0.11,1.10,15.11,3.45,0.00,699
82.440,16.64,0.12,1.13,15.22,3.60,0.29,697
82.457,16.58,0.11,1.09,15.18,3.61,0.00,695
82.474,16.72,0.14,1.07,15.23,3.60,0.29,695
82.490,16.69,0.11,1.11,15.16,3.60,0.00,697
82.507,16.63,0.15,1.04,15.29,3.60,0.29,695
82.524,16.65,0.12,1.11,15.19,3.59,0.00,697
82.540,16.67,0.13,1.09,15.24,3.60,0.29,694
82.557,16.73,0.11,1.07,15.14,3.61,0.00,694
82.574,16.68,0.11,1.09,15.27,3.61,0.29,694
82.590,16.60,0.13,1.09,15.18,3.61,0.00,694
82.607,16.74,0.11,1.09,15.23,3.60,0.29,693
82.624,16.66,0.11,1.07,15.27,3.61,0.00,690
82.640,16.58,0.12,1.06,15.35,3.61,0.29,689
82.657,16.71,0.13,1.08,15.16,3.63,0.00,689
82.674,16.71,0.11,1.08,15.22,3.64,0.29,690
82.691,16.69,0.11,1.09,15.19,3.64,0.00,690
82.707,16.73,0.12,1.10,15.14,3.64,0.29,690
82.724,16.55,0.11,1.08,15.23,3.64,0.00,691
82.741,16.73,0.11,1.11,15.15,3.65,0.29,689
82.757,16.58,0.18,1.11,15.09,3.66,0.00,687
82.774,16.70,0.13,1.08,15.25,3.67,0.29,687
82.790,16.63,0.12,1.09,15.29,3.67,0.00,688
82.807,16.69,0.11,1.09,15.26,3.66,0.29,688
82.824,16.65,0.11,1.06,15.31,3.68,0.00,686
82.840,16.67,0.13,1.07,15.23,3.41,0.29,686
82.857,16.72,0.11,1.07,15.25,3.42,0.00,687
82.874,16.62,0.11,1.07,15.37,3.44,0.30,686
82.890,16.66,0.11,1.11,15.20,3.44,0.00,685
82.907,16.76,0.11,1.06,15.23,3.42,0.29,682
82.924,16.59,0.10,1.06,15.37,3.41,0.00,684
82.940,16.66,0.12,1.07,15.28,3.41,0.29,683
82.957,16.76,0.11,1.06,15.08,3.42,0.00,681
82.974,16.60,0.11,1.05,15.29,3.42,0.29,681
82.990,16.70,0.11,1.01,15.24,3.42,0.00,681
83.007,16.69,0.12,1.06,15.32,3.42,0.28,682
83.024,16.63,0.10,1.08,15.23,3.41,0.00,681
83.040,16.64,0.13,1.06,15.25,3.41,0.27,679
83.057,16.73,0.11,1.02,15.26,3.41,0.00,678
83.074,16.61,0.12,1.05,15.22,3.42,0.26,675
83.091,16.74,0.10,1.04,15.03,3.41,0.00,674
83.107,16.62,0.11,1.05,15.32,3.42,0.27,673
83.124,16.65,0.13,1.04,15.24,3.41,0.00,672
83.141,16.71,0.12,1.05,15.23,3.41,0.26,668
83.157,16.69,0.11,1.08,15.16,3.39,0.00,669
83.174,16.62,0.11,1.06,15.22,3.41,0.26,669
83.190,16.65,0.10,1.07,15.19,3.41,0.00,667
83.207,16.67,0.13,1.02,15.37,3.40,0.26,663
83.224,16.64,0.10,1.08,15.25,3.40,0.00,661
83.241,16.76,0.10,1.06,15.25,3.39,0.26,660
83.257,16.58,0.11,1.04,15.29,3.38,0.00,657
83.274,16.67,0.10,1.03,15.32,3.39,0.26,656
83.290,16.67,0.14,0.85,15.54,3.39,0.00,655
83.307,16.65,0.14,0.83,15.66,3.37,0.28,654
83.324,16.74,0.10,0.88,15.36,3.35,0.00,654
83.341,16.68,0.11,0.85,15.41,3.34,0.26,653
83.357,16.60,0.10,0.82,15.35,3.32,0.00,654
83.374,16.68,0.11,0.79,15.60,3.34,0.26,654
83.391,16.68,0.10,0.89,15.36,3.33,0.00,655
83.407,16.65,0.11,0.84,15.65,3.31,0.26,655
83.424,16.73,0.11,0.89,15.30,3.30,0.00,653
83.441,16.69,0.10,0.84,15.42,3.29,0.26,653
83.457,16.62,0.14,1.05,15.18,3.27,0.00,710
83.474,16.63,0.14,1.05,15.41,4.17,0.42,710
83.491,16.72,0.12,1.07,15.24,4.15,0.00,712
83.507,16.61,0.12,1.06,15.25,4.15,0.26,709
83.524,16.67,0.16,1.00,15.27,4.14,0.00,706
83.541,16.69,0.16,1.05,15.23,4.13,0.27,704
83.557,16.65,0.13,1.06,15.21,4.11,0.00,702
83.574,16.73,0.13,1.02,15.15,4.15,0.26,700
83.591,16.62,0.12,1.02,15.18,4.13,0.00,698
83.607,16.70,0.12,1.04,15.27,4.14,0.26,704
83.624,16.61,0.14,1.06,15.28,4.13,0.00,703
83.641,16.67,0.16,1.04,15.23,4.14,0.24,701
83.657,16.71,0.12,1.08,15.15,4.12,0.00,700
83.674,16.70,0.13,1.03,15.20,4.13,0.26,700
83.691,16.62,0.12,1.09,15.21,4.12,0.00,699
83.707,16.64,0.11,1.03,15.27,4.10,0.26,696
83.724,16.71,0.12,1.00,15.31,4.09,0.00,692
83.741,16.63,0.12,1.00,15.34,4.08,0.26,693
83.757,16.73,0.12,0.97,15.33,4.10,0.00,688
83.774,16.61,0.12,0.97,15.38,4.07,0.26,682
83.791,16.66,0.11,1.00,15.33,4.05,0.00,679
83.807,16.67,0.13,0.99,15.32,4.03,0.26,676
83.824,16.67,0.11,1.00,15.31,4.03,0.00,674
83.841,16.68,0.12,0.98,15.31,4.01,0.26,670
83.857,16.67,0.12,0.99,15.26,3.66,0.00,665
83.874,16.67,0.12,0.98,15.39,3.08,0.26,666
83.891,16.67,0.11,0.96,15.30,3.07,0.00,665
83.907,16.72,0.11,0.99,15.29,3.05,0.26,663
83.924,16.66,0.11,0.99,15.19,3.04,0.00,662
83.941,16.63,0.12,0.97,15.29,3.04,0.26,660
83.957,16.73,0.15,0.96,15.18,3.06,0.00,657
83.974,16.60,0.11,0.94,15.39,3.05,0.26,653
83.991,16.67,0.11,0.95,15.27,3.04,0.00,649
84.007,16.72,0.12,0.98,15.29,3.03,0.26,645
84.024,16.61,0.11,1.03,15.28,3.02,0.00,643
84.041,16.67,0.11,0.98,15.29,3.02,0.26,642
84.057,16.75,0.11,0.99,15.19,3.04,0.00,639
84.074,16.61,0.13,0.98,15.28,3.03,0.26,637
84.091,16.73,0.11,0.97,15.23,3.03,0.00,637
84.107,16.65,0.11,0.95,15.27,3.02,0.27,635
84.124,16.61,0.13,0.97,15.29,3.01,0.00,634
84.141,16.74,0.11,0.96,15.24,3.00,0.26,631
84.157,16.66,0.15,0.93,15.26,3.02,0.00,629
84.174,16.60,0.11,0.93,15.40,3.02,0.26,627
84.191,16.69,0.11,0.95,15.27,3.01,0.00,626
84.207,16.70,0.10,0.95,15.29,3.00,0.26,623
84.224,16.68,0.11,0.92,15.29,2.99,0.00,623
84.241,16.61,0.12,0.96,15.33,3.01,0.27,620
84.257,16.67,0.11,0.96,15.30,3.01,0.00,618
84.274,16.74,0.12,0.95,15.30,3.01,0.26,613
84.291,16.65,0.11,0.95,15.29,2.99,0.00,613
84.307,16.66,0.11,0.88,15.41,2.98,0.26,607
84.324,16.68,0.11,0.84,15.36,2.97,0.00,607
84.341,16.67,0.11,0.90,15.51,2.99,0.26,606
84.357,16.63,0.10,0.96,15.36,2.99,0.00,609
84.374,16.63,0.10,0.81,15.54,2.98,0.26,608
84.391,16.72,0.11,0.82,15.51,2.97,0.00,609
84.407,16.62,0.24,0.87,15.41,2.97,0.26,658
84.424,16.66,0.12,0.96,15.35,3.18,0.00,667
84.441,16.75,0.11,0.92,15.42,3.30,0.28,666
84.457,16.58,0.12,0.95,15.35,3.29,0.00,666
84.474,16.67,0.11,0.94,15.40,3.28,0.29,668
84.491,16.71,0.11,0.94,15.37,3.27,0.00,669
84.507,16.63,0.13,0.94,15.37,3.27,0.29,668
84.524,16.72,0.11,0.91,15.32,3.25,0.00,670
84.541,16.69,0.11,0.93,15.34,3.27,0.29,668
84.557,16.60,0.17,0.93,15.30,3.25,0.00,668
84.574,16.74,0.11,0.96,15.31,3.24,0.29,668
84.591,16.64,0.11,0.93,15.29,3.23,0.00,667
84.607,16.69,0.11,0.95,15.42,3.24,0.29,668
84.624,16.59,0.11,0.98,15.30,3.22,0.00,667
84.641,16.71,0.14,0.91,15.38,3.24,0.29,666
84.657,16.73,0.11,0.89,15.31,3.23,0.00,663
84.674,16.62,0.12,0.95,15.36,3.21,0.28,663
84.691,16.65,0.11,0.94,15.35,3.20,0.00,663
84.707,16.67,0.13,0.96,15.37,3.19,0.29,662
84.724,16.72,0.11,0.95,15.26,3.20,0.00,659
84.741,16.65,0.11,0.94,15.44,3.20,0.29,658
84.757,16.60,0.11,0.93,15.38,3.19,0.00,657
84.774,16.76,0.14,0.95,15.31,3.18,0.29,656
84.791,16.59,0.11,0.96,15.38,3.18,0.00,657
84.807,16.67,0.13,0.93,15.43,3.17,0.29,657
84.824,16.76,0.10,0.97,15.26,3.19,0.00,657
84.841,16.65,0.15,0.96,15.28,3.19,0.29,656
84.857,16.65,0.10,0.97,15.34,3.18,0.00,655
84.874,16.61,0.11,0.97,15.39,3.17,0.29,654
84.891,16.74,0.11,0.97,15.24,3.17,0.00,652
84.907,16.61,0.15,0.94,15.34,3.17,0.29,651
84.924,16.69,0.10,0.94,15.30,3.19,0.00,646
84.941,16.65,0.15,0.92,15.60,3.18,0.33,641
84.957,16.80,0.10,0.90,15.23,3.15,0.00,624
84.974,16.60,0.13,0.90,15.34,2.89,0.29,622
84.991,16.60,0.10,0.91,15.35,2.86,0.00,622
85.007,16.68,0.15,1.22,15.88,2.85,1.14,672
85.025,17.40,0.16,1.22,14.29,3.78,0.00,667
85.041,15.98,0.17,1.23,15.01,3.76,0.29,664
85.057,16.62,0.15,1.22,15.05,3.75,0.00,662
85.074,16.74,0.13,1.23,15.04,3.74,0.29,656
85.091,16.60,0.13,1.26,15.03,3.73,0.00,652
85.107,16.74,0.13,1.24,15.09,3.72,0.29,649
85.124,16.58,0.12,1.27,14.69,3.72,0.00,646
85.141,16.67,0.10,0.91,15.41,3.70,0.29,641
85.157,16.67,0.14,1.27,15.00,3.70,0.00,639
85.174,16.74,0.13,1.27,15.03,3.68,0.29,633
85.191,16.62,0.13,1.30,14.96,3.67,0.00,627
85.207,16.69,0.14,1.25,15.04,3.69,0.29,618
85.224,16.62,0.13,1.25,15.02,3.67,0.00,609
85.241,16.73,0.17,1.28,14.96,3.65,0.29,606
85.257,16.67,0.12,1.26,15.06,3.65,0.00,603
85.274,16.62,0.12,1.25,15.24,3.63,0.40,598
85.291,16.74,0.12,1.35,14.62,3.62,0.00,588
85.307,16.58,0.10,0.95,15.16,3.63,0.21,581
85.324,16.69,0.09,0.94,15.08,3.61,0.00,574
85.341,16.71,0.11,0.95,15.08,3.59,0.21,568
85.357,16.66,0.11,0.94,15.02,3.57,0.00,561
85.374,16.61,0.09,1.01,15.13,3.53,0.22,552
85.391,16.74,0.11,0.97,14.99,3.48,0.00,534
85.407,16.59,0.10,0.93,15.17,3.46,0.21,382
85.424,16.70,0.10,0.83,15.21,2.64,0.00,381
85.441,16.64,0.09,0.80,15.28,2.65,0.21,380
85.457,16.72,0.09,0.82,15.38,2.64,0.00,379
85.474,16.63,0.13,1.05,15.27,2.65,0.28,377
85.491,16.66,0.12,1.05,15.31,2.63,0.00,379
85.507,16.67,0.12,1.07,15.26,2.70,0.29,378
85.524,16.74,0.11,1.08,15.11,2.70,0.00,378
85.541,16.61,0.16,1.10,14.96,2.72,0.21,377
85.557,16.70,0.09,0.82,15.15,2.72,0.00,376
85.574,16.69,0.10,0.81,15.20,2.74,0.20,376
85.591,16.67,0.10,0.84,15.10,2.74,0.00,377
85.607,16.59,0.10,0.79,15.55,2.76,0.29,376
85.624,16.71,0.12,1.07,15.19,2.75,0.00,376
85.641,16.64,0.12,1.06,15.26,2.77,0.29,376
85.657,16.71,0.11,1.09,15.03,2.76,0.00,376
85.674,16.63,0.12,1.11,15.27,2.77,0.30,376
85.691,16.62,0.12,1.09,15.12,2.80,0.00,375
85.707,16.70,0.11,1.06,15.28,2.81,0.29,374
85.724,16.71,0.11,1.08,15.12,2.80,0.00,372
85.741,16.64,0.14,1.07,15.20,2.82,0.30,370
85.757,16.70,0.11,1.08,15.13,2.81,0.00,370
85.774,16.65,0.13,1.07,15.22,2.82,0.29,370
85.791,16.70,0.11,1.08,15.17,2.85,0.00,369
85.807,16.61,0.11,1.09,15.25,2.85,0.29,369
85.824,16.71,0.11,1.09,15.11,2.85,0.00,369
85.841,16.62,0.13,1.07,15.26,2.86,0.29,369
85.857,16.68,0.17,1.08,15.15,2.86,0.00,368
85.874,16.65,0.13,1.08,15.27,2.87,0.29,369
85.891,16.67,0.11,1.06,15.17,2.88,0.00,367
85.907,16.67,0.14,1.07,15.22,2.89,0.29,366
85.924,16.68,0.11,1.05,15.18,2.88,0.00,365
85.941,16.66,0.11,1.06,15.26,2.88,0.29,363
85.957,16.73,0.11,1.08,15.04,2.87,0.00,363
85.974,16.60,0.11,1.04,15.31,2.87,0.29,364
85.991,16.68,0.11,1.10,15.12,2.90,0.00,362
86.007,16.72,0.11,1.04,15.23,2.89,0.29,362
86.024,16.65,0.11,1.05,15.15,2.88,0.00,362
86.041,16.61,0.11,1.04,15.40,2.89,0.29,362
86.057,16.67,0.12,1.07,15.06,2.88,0.00,360
86.074,16.68,0.12,1.06,15.27,2.87,0.29,361
86.091,16.72,0.11,1.05,15.14,2.89,0.00,359
86.107,16.62,0.11,1.05,15.25,2.89,0.29,359
86.124,16.70,0.11,1.03,15.23,2.88,0.00,359
86.141,16.70,0.12,1.06,15.11,2.87,0.29,359
86.157,16.60,0.11,1.02,15.23,2.86,0.00,359
86.174,16.66,0.13,1.06,15.56,2.89,0.35,356
86.191,16.88,0.11,0.83,15.34,2.88,0.00,353
86.207,16.45,0.11,1.07,15.30,2.87,0.29,353
86.224,16.68,0.10,1.02,15.26,2.86,0.00,353
86.241,16.75,0.11,1.05,15.22,2.86,0.29,352
86.257,16.62,0.11,1.01,15.26,2.85,0.00,353
86.274,16.74,0.11,1.02,15.27,2.88,0.29,352
86.291,16.57,0.15,0.98,15.35,2.87,0.00,351
86.307,16.67,0.12,1.06,15.30,2.86,0.29,349
86.324,16.67,0.13,1.03,15.17,2.86,0.00,349
86.341,16.67,0.11,1.02,15.31,2.85,0.29,349
86.357,16.72,0.11,1.02,15.34,2.84,0.00,350
86.374,16.63,0.10,0.95,15.45,2.87,0.31,349
86.391,16.67,0.12,0.95,15.27,2.86,0.00,349
86.407,16.69,0.26,1.03,15.10,2.86,0.29,363
86.424,16.66,0.12,1.05,15.19,2.92,0.00,369
86.441,16.72,0.11,1.03,15.24,2.99,0.29,369
86.457,16.66,0.14,1.05,15.09,2.98,0.00,368
86.474,16.65,0.11,1.01,15.28,3.01,0.29,366
86.491,16.64,0.11,1.02,15.24,3.00,0.00,366
86.508,16.74,0.12,1.01,15.20,3.00,0.29,363
86.524,16.63,0.11,0.98,15.23,2.66,0.00,363
86.541,16.64,0.11,0.97,15.39,2.64,0.29,362
86.557,16.64,0.11,1.01,15.25,2.64,0.00,362
86.574,16.66,0.12,1.01,15.32,2.67,0.29,361
86.591,16.74,0.11,1.03,15.14,2.66,0.00,360
86.607,16.61,0.11,1.02,15.31,2.66,0.29,359
86.624,16.70,0.11,0.99,15.30,2.66,0.00,358
86.641,16.67,0.15,1.02,15.23,2.66,0.29,358
86.657,16.65,0.12,1.04,15.18,2.68,0.00,362
86.674,16.73,0.12,1.03,15.39,2.69,0.50,455
86.691,16.65,0.11,1.05,15.14,2.78,0.00,478
86.707,16.59,0.11,1.01,15.37,2.82,0.29,496
86.724,16.78,0.12,1.05,15.12,2.85,0.00,495
86.741,16.64,0.12,1.04,15.20,2.86,0.29,489
86.757,16.63,0.11,1.02,15.26,2.88,0.00,486
86.774,16.64,0.11,1.03,15.32,2.87,0.30,486
86.791,16.65,0.19,1.02,15.30,2.88,0.00,474
86.808,16.81,0.11,1.04,15.19,2.87,0.29,473
86.824,16.68,0.11,1.01,15.12,2.87,0.00,471
86.841,16.52,0.11,1.00,15.35,2.87,0.29,466
86.857,16.70,0.11,1.04,15.18,2.90,0.00,465
86.874,16.64,0.13,1.06,15.44,2.89,0.29,463
86.891,16.75,0.11,1.04,15.14,2.87,0.00,460
86.908,16.66,0.11,1.04,15.20,2.86,0.29,453
86.924,16.65,0.11,1.06,15.13,2.84,0.00,452
86.941,16.62,0.14,1.35,15.13,2.83,0.54,462
86.958,16.75,0.12,1.40,14.71,3.52,0.00,506
86.974,16.58,0.13,1.07,15.23,3.69,0.28,525
86.991,16.71,0.13,1.06,15.23,3.70,0.00,535
87.007,16.64,0.18,1.07,15.17,3.73,0.29,542
87.024,16.78,0.13,1.16,14.93,3.74,0.00,554
87.041,16.58,0.16,1.10,15.18,3.75,0.29,571
87.057,16.62,0.18,1.12,15.10,3.74,0.00,577
87.074,16.74,0.13,1.11,15.13,3.77,0.29,584
87.091,16.59,0.13,1.13,15.16,3.77,0.00,593
87.108,16.71,0.15,1.21,15.07,3.80,0.29,610
87.124,16.69,0.16,1.24,14.95,3.83,0.00,614
87.141,16.63,0.13,1.12,15.41,3.83,0.31,616
87.158,16.79,0.13,1.11,14.98,3.87,0.00,617
87.174,16.54,0.13,1.12,15.26,3.78,0.29,617
87.191,16.63,0.12,1.15,15.08,3.78,0.00,619
87.208,16.73,0.12,1.13,15.19,3.78,0.29,623
87.224,16.71,0.13,1.13,15.06,3.78,0.00,628
87.241,16.61,0.17,1.12,15.08,3.83,0.29,629
87.258,16.69,0.12,1.09,15.15,3.83,0.00,633
87.274,16.72,0.16,1.13,15.08,3.83,0.29,635
87.291,16.63,0.12,1.17,15.10,3.84,0.00,639
87.308,16.77,0.12,1.13,15.05,3.85,0.29,642
87.324,16.58,0.12,1.13,15.08,3.86,0.00,643
87.341,16.71,0.15,1.10,15.12,3.90,0.29,644
87.358,16.60,0.12,1.13,15.09,3.32,0.00,644
87.374,16.67,0.12,1.13,15.30,3.33,0.30,643
87.391,16.66,0.11,1.14,15.10,3.34,0.00,642
87.408,16.70,0.12,1.13,15.29,3.34,0.31,642
87.424,16.66,0.12,1.09,15.15,3.35,0.00,645
87.441,16.62,0.11,1.11,15.21,3.42,0.29,645
87.458,16.71,0.12,1.13,15.08,3.43,0.00,645
87.474,16.66,0.14,1.13,15.08,3.46,0.29,673
87.491,16.69,0.12,1.13,15.01,3.50,0.00,676
87.508,16.62,0.11,1.13,15.19,3.54,0.29,677
87.524,16.72,0.12,1.11,15.05,3.55,0.00,678
87.541,16.62,0.12,1.14,15.20,3.54,0.29,681
87.558,16.66,0.12,1.11,15.16,3.54,0.00,681
87.574,16.72,0.12,1.13,15.12,3.55,0.28,682
87.591,16.65,0.11,1.16,15.07,3.57,0.00,681
87.608,16.62,0.12,1.12,15.23,3.57,0.29,682
87.624,16.70,0.11,1.15,15.12,3.58,0.00,682
87.641,16.72,0.12,1.13,15.13,3.62,0.29,683
87.658,16.64,0.11,1.10,15.11,3.63,0.00,685
87.674,16.61,0.16,1.12,15.18,3.64,0.29,684
87.691,16.74,0.11,1.08,15.09,3.64,0.00,689
87.708,16.67,0.12,1.13,15.11,3.65,0.29,688
87.724,16.62,0.11,1.10,15.15,3.68,0.00,687
87.741,16.72,0.11,1.11,15.25,3.67,0.29,688
87.758,16.58,0.11,1.08,15.22,3.68,0.00,688
87.774,16.75,0.11,1.11,15.17,3.68,0.29,687
87.791,16.60,0.10,1.12,15.18,3.67,0.00,688
87.808,16.68,0.11,1.12,15.23,3.67,0.29,686
87.824,16.71,0.11,1.12,15.11,3.70,0.00,686
87.841,16.70,0.11,1.10,15.16,3.69,0.28,686
87.858,16.64,0.11,1.11,15.05,3.68,0.00,688
87.874,16.61,0.11,1.10,15.33,3.68,0.29,688
87.891,16.65,0.11,1.07,15.24,3.67,0.00,688
87.908,16.77,0.16,1.23,15.42,3.65,0.75,695
87.925,16.93,0.11,1.16,14.80,3.66,0.00,695
87.941,16.39,0.15,1.17,15.09,3.67,0.29,694
87.958,16.66,0.11,1.14,15.05,3.66,0.00,694
87.974,16.70,0.11,1.14,15.13,3.67,0.29,694
87.991,16.66,0.12,1.19,15.00,3.67,0.00,694
88.008,16.61,0.14,1.21,15.13,3.67,0.29,696
88.024,16.72,0.11,1.12,15.20,3.70,0.00,693
88.041,16.71,0.12,1.18,15.32,3.69,0.31,693
88.058,16.77,0.11,1.29,14.93,3.68,0.00,691
88.074,16.45,0.12,1.20,15.36,3.69,0.30,691
88.091,16.81,0.11,1.18,15.07,3.68,0.00,693
88.108,16.56,0.12,1.19,15.25,3.68,0.31,691
88.124,16.70,0.14,1.21,15.16,3.71,0.00,691
88.141,16.65,0.13,1.19,15.22,3.70,0.29,692
88.158,16.69,0.11,1.17,15.22,3.70,0.00,692
88.174,16.66,0.11,1.26,15.12,3.71,0.29,694
88.191,16.63,0.11,1.22,15.15,3.71,0.00,696
88.208,16.63,0.11,1.23,15.31,3.74,0.29,694
88.224,16.79,0.11,1.26,15.09,3.73,0.00,696
88.241,16.60,0.12,1.17,15.30,3.73,0.30,695
88.258,16.74,0.11,1.21,15.09,3.74,0.00,693
88.274,16.54,0.11,1.18,15.45,3.74,0.31,692
88.291,16.88,0.11,1.16,15.06,3.75,0.00,692
88.308,16.50,0.13,1.33,14.70,3.78,0.15,691
88.324,16.65,0.06,0.70,15.76,3.78,0.00,690
88.341,16.66,0.11,1.22,15.35,3.77,0.30,689
88.358,16.81,0.11,1.14,15.09,3.78,0.00,691
88.374,16.56,0.11,1.08,15.59,3.80,0.52,688
88.391,16.91,0.11,1.06,14.86,3.79,0.00,687
88.408,16.43,0.19,0.91,15.38,3.82,0.21,698
88.424,16.66,0.08,0.98,15.11,4.00,0.00,699
88.441,16.66,0.08,0.89,15.39,4.04,0.21,693
88.458,16.68,0.09,0.94,15.30,3.61,0.00,691
88.474,16.71,0.08,0.90,15.21,3.62,0.22,693
88.491,16.68,0.10,0.93,15.20,3.62,0.00,694
88.508,16.60,0.08,0.87,15.39,3.65,0.23,694
88.524,16.74,0.09,0.89,15.47,3.64,0.00,696
88.541,16.57,0.11,1.18,15.36,3.65,0.30,697
88.558,16.77,0.11,1.20,15.17,3.65,0.00,697
88.574,16.63,0.11,1.21,15.31,3.65,0.31,696
88.591,16.81,0.21,1.58,14.54,3.65,0.00,755
88.608,16.48,0.15,1.52,15.11,4.48,0.56,755
88.625,17.00,0.18,1.56,14.44,4.48,0.00,755
88.641,16.34,0.27,1.51,14.61,4.47,0.22,756
88.658,16.72,0.12,1.18,14.80,4.47,0.00,754
88.674,16.62,0.13,1.12,14.97,4.47,0.22,753
88.691,16.67,0.12,1.16,14.84,4.48,0.00,752
88.708,16.66,0.13,1.09,14.99,4.47,0.21,753
88.724,16.68,0.13,1.19,14.84,4.47,0.00,754
88.741,16.66,0.10,1.12,14.99,4.46,0.21,754
88.758,16.74,0.11,1.10,14.87,4.46,0.00,755
88.774,16.60,0.12,1.15,14.92,4.45,0.21,755
88.791,16.72,0.11,1.16,14.86,4.48,0.00,754
88.808,16.62,0.10,1.12,14.96,4.47,0.22,743
88.824,16.67,0.10,1.16,14.86,4.44,0.00,742
88.841,16.74,0.12,1.10,15.15,4.43,0.28,742
88.858,16.60,0.13,1.55,14.72,4.42,0.00,741
88.874,16.68,0.13,1.51,14.83,4.42,0.29,739
88.891,16.73,0.13,1.53,14.74,4.42,0.00,736
88.908,16.60,0.14,1.26,15.04,4.41,0.29,727
88.924,16.71,0.13,1.25,14.97,4.39,0.00,724
88.941,16.63,0.12,1.26,15.13,4.39,0.29,726
88.958,16.64,0.13,1.23,15.06,4.39,0.00,728
88.974,16.77,0.27,1.25,14.89,4.42,0.28,729
88.991,16.62,0.12,1.30,14.94,4.41,0.00,729
89.008,16.71,0.16,1.28,14.96,4.29,0.29,729
89.024,16.61,0.12,1.25,15.00,3.83,0.00,727
89.041,16.65,0.12,1.25,15.14,3.83,0.30,726
89.058,16.64,0.12,1.19,15.09,3.86,0.00,727
89.074,16.77,0.12,1.23,15.04,3.86,0.29,728
89.091,16.66,0.12,1.28,14.92,3.86,0.00,727
89.108,16.61,0.12,1.25,15.07,3.86,0.29,727
89.124,16.67,0.12,1.26,15.15,3.86,0.00,729
89.141,16.66,0.12,1.25,15.17,3.86,0.30,729
89.158,16.67,0.12,1.27,15.01,3.89,0.00,727
89.174,16.67,0.16,1.25,15.03,3.90,0.29,728
89.191,16.71,0.12,1.24,14.94,3.90,0.00,727
89.208,16.65,0.15,1.24,14.99,3.90,0.28,728
89.224,16.64,0.13,1.22,15.00,3.90,0.00,726
89.241,16.70,0.11,1.21,15.07,3.94,0.28,725
89.258,16.69,0.12,1.19,15.06,3.93,0.00,723
89.274,16.61,0.12,1.21,15.13,3.94,0.29,722
89.291,16.74,0.12,1.22,14.97,3.94,0.00,720
89.308,16.61,0.12,1.23,15.11,3.94,0.29,720
89.324,16.66,0.13,1.23,15.21,3.93,0.00,721
89.341,16.70,0.12,1.27,15.24,3.97,0.31,721
89.358,16.75,0.12,1.24,14.91,3.98,0.00,720
89.374,16.55,0.15,1.23,15.12,3.97,0.29,719
89.391,16.70,0.20,1.18,14.94,3.97,0.00,714
89.408,16.64,0.14,1.21,15.16,3.98,0.29,714
89.424,16.62,0.11,1.16,15.21,3.65,0.00,714
89.441,16.69,0.11,1.17,15.24,3.63,0.29,713
89.458,16.65,0.13,1.24,15.13,3.64,0.00,713
89.474,16.72,0.12,1.19,15.11,3.62,0.29,713
89.491,16.68,0.11,1.18,15.06,3.62,0.00,712
89.508,16.69,0.11,1.19,15.11,3.61,0.29,714
89.524,16.62,0.11,1.27,15.13,3.75,0.00,712
89.541,16.63,0.11,1.17,15.29,3.73,0.29,712
89.558,16.66,0.11,1.19,15.17,3.74,0.00,709
89.574,16.68,0.11,1.17,15.10,3.77,0.27,709
89.591,16.72,0.11,1.20,15.03,3.76,0.00,710
89.608,16.72,0.12,1.17,15.07,3.72,0.29,710
89.624,16.62,0.11,1.17,15.03,3.71,0.00,711
89.641,16.64,0.11,1.17,15.18,3.70,0.29,707
89.658,16.66,0.11,1.18,15.08,3.69,0.00,706
89.674,16.74,0.11,1.17,15.08,3.69,0.29,705
89.691,16.63,0.11,1.14,15.08,3.68,0.00,708
89.708,16.70,0.11,1.17,15.09,3.70,0.29,709
89.724,16.62,0.11,1.20,15.03,3.68,0.00,707
89.741,16.65,0.11,1.16,15.17,3.67,0.29,704
89.758,16.71,0.11,1.12,15.16,3.66,0.00,705
89.774,16.71,0.15,1.17,15.05,3.65,0.28,705
89.791,16.63,0.10,1.11,15.17,3.67,0.00,705
89.808,16.63,0.16,1.14,15.14,3.65,0.29,704
89.824,16.70,0.10,1.10,15.14,3.64,0.00,701
89.841,16.65,0.11,1.15,15.17,3.63,0.29,700
89.858,16.69,0.11,1.14,15.09,3.62,0.00,698
89.874,16.65,0.15,1.08,15.19,3.60,0.29,697
89.891,16.71,0.11,1.10,15.12,3.62,0.00,696
89.908,16.63,0.11,1.05,15.29,3.61,0.29,694
89.924,16.65,0.11,1.01,15.25,3.61,0.00,694
89.941,16.68,0.11,1.04,15.27,3.59,0.29,692
89.958,16.70,0.11,1.03,15.18,3.58,0.00,689
89.974,16.68,0.11,1.07,15.27,3.60,0.29,690
89.991,16.62,0.10,1.03,15.31,3.58,0.00,689
90.008,16.71,0.11,1.04,15.22,3.58,0.28,687
90.024,16.62,0.11,1.01,15.21,3.56,0.00,687
90.041,16.68,0.11,1.03,15.28,3.56,0.29,685
90.058,16.69,0.11,1.04,15.21,3.55,0.00,682
90.074,16.69,0.11,1.04,15.26,3.56,0.29,680
90.091,16.59,0.11,0.97,15.32,3.56,0.00,675
90.108,16.76,0.11,1.01,15.25,3.55,0.29,674
90.124,16.62,0.11,0.98,15.28,3.09,0.00,674
90.141,16.66,0.11,0.98,15.34,3.08,0.29,675
90.158,16.64,0.11,0.96,15.38,3.11,0.00,674
90.174,16.76,0.10,0.99,15.31,3.10,0.29,674
90.191,16.57,0.10,0.96,15.33,3.09,0.00,671
90.208,16.70,0.10,0.99,15.36,3.09,0.29,671
90.224,16.64,0.10,0.95,15.34,3.09,0.00,669
90.241,16.70,0.16,1.00,15.26,3.07,0.28,670
90.258,16.67,0.10,1.01,15.24,3.10,0.00,671
90.274,16.67,0.10,1.04,15.34,3.10,0.29,669
90.291,16.63,0.10,0.96,15.37,3.09,0.00,667
90.308,16.69,0.10,0.97,15.41,3.09,0.29,667
90.324,16.66,0.12,0.98,15.38,3.08,0.00,667
90.341,16.67,0.12,0.99,15.32,3.10,0.28,664
90.358,16.70,0.10,0.97,15.29,3.09,0.00,663
90.374,16.69,0.10,0.91,15.41,3.09,0.29,660
90.391,16.61,0.11,0.90,15.42,3.07,0.00,660
90.408,16.76,0.25,1.02,15.07,3.06,0.29,670
90.424,16.63,0.11,0.98,15.22,3.15,0.00,673
90.441,16.64,0.17,1.00,15.25,3.20,0.29,672
90.458,16.67,0.11,1.02,15.20,3.19,0.00,669
90.474,16.65,0.13,1.00,15.28,3.17,0.28,668
90.491,16.72,0.11,0.98,15.26,3.16,0.00,664
90.508,16.69,0.11,1.02,15.22,3.15,0.29,662
90.524,16.66,0.31,0.89,15.13,3.13,0.00,631
90.541,16.67,0.06,0.91,15.91,2.53,0.82,624
90.558,16.99,0.06,0.61,15.36,2.51,0.00,580
90.575,16.37,0.08,0.81,15.29,2.47,0.13,613
90.591,16.59,0.06,0.78,15.50,2.64,0.00,611
90.608,16.72,0.07,0.81,15.20,2.62,0.04,611
90.625,16.70,0.10,0.98,15.28,2.61,0.00,644
90.641,16.64,0.09,1.01,15.23,2.79,0.13,643
90.658,16.64,0.14,0.98,15.11,2.77,0.00,642
90.674,16.64,0.10,1.02,15.02,2.75,0.05,642
90.691,16.67,0.11,1.21,15.21,2.74,0.00,678
90.708,16.65,0.10,1.22,15.05,2.91,0.13,681
90.724,16.72,0.10,1.16,15.20,2.89,0.00,682
90.741,16.64,0.11,1.49,14.71,2.88,0.13,714
90.758,16.70,0.10,1.47,14.78,3.04,0.00,715
90.775,16.71,0.11,1.62,14.47,3.02,0.13,747
90.791,16.61,0.10,1.67,14.63,3.17,0.00,748
90.808,16.72,0.10,1.68,14.34,3.14,0.05,749
90.825,16.64,0.12,1.89,14.28,3.12,0.00,786
90.841,16.68,0.10,1.87,14.25,3.28,0.13,789
90.858,16.66,0.10,1.90,14.31,3.25,0.00,787
90.874,16.61,0.10,1.92,14.12,3.22,0.05,789
90.891,16.70,0.12,2.11,14.13,3.20,0.00,825
90.908,16.65,0.10,2.12,13.99,3.35,0.13,828
90.924,16.67,0.10,2.18,14.11,3.32,0.00,830
90.941,16.75,0.12,2.33,13.78,3.29,0.13,868
90.958,16.61,0.11,2.42,13.81,3.44,0.00,867
90.974,16.67,0.12,2.34,13.67,3.39,0.04,868
90.991,16.65,0.12,2.71,13.72,3.36,0.00,904
91.008,16.69,0.14,2.70,13.54,3.51,0.13,906
91.024,16.66,0.19,2.84,13.50,3.47,0.00,941
91.041,16.65,0.13,2.85,13.37,3.63,0.13,943
91.058,16.75,0.12,2.86,13.43,3.57,0.00,944
91.074,16.59,0.12,2.80,13.26,3.53,0.05,948
91.091,16.68,0.12,3.04,13.33,3.48,0.00,986
91.108,16.62,0.10,3.04,13.21,3.63,0.13,986
91.124,16.72,0.12,3.28,13.05,3.59,0.00,1023
91.141,16.65,0.11,3.25,12.98,3.72,0.13,1027
91.158,16.73,0.11,3.24,12.98,3.67,0.00,1025
91.175,16.64,0.16,3.44,12.76,3.61,0.13,1060
91.191,16.72,0.17,3.51,12.73,3.75,0.00,1054
91.208,16.55,0.17,3.47,12.73,3.69,0.05,1051
91.225,16.73,0.18,3.81,12.40,3.65,0.00,1082
91.241,16.65,0.17,3.58,12.56,3.77,0.13,1077
91.258,16.70,0.17,3.61,12.58,3.71,0.00,1073
91.275,16.70,0.17,3.76,12.25,3.66,0.13,1108
91.291,16.60,0.18,3.84,12.45,3.78,0.00,1107
91.308,16.67,0.21,3.84,12.20,3.72,0.05,1103
91.324,16.65,0.16,3.76,12.50,3.66,0.00,1093
91.341,16.67,0.16,3.73,12.33,3.60,0.05,1090
91.358,16.71,0.16,3.86,12.36,3.55,0.00,1087
91.375,16.85,0.18,3.89,12.36,3.49,0.39,1139
91.391,16.55,0.16,3.91,12.26,3.74,0.00,1135
91.408,16.60,0.18,3.84,12.15,3.69,0.05,1130
91.425,16.63,0.16,3.97,12.37,3.64,0.00,1125
91.441,16.67,0.15,3.78,12.26,3.59,0.05,1119
91.458,16.69,0.16,3.82,12.37,3.58,0.00,1110
91.475,16.64,0.17,3.76,12.26,3.52,0.04,1103
91.491,16.68,0.17,4.12,12.07,3.48,0.00,1166
91.508,16.66,0.18,4.38,12.39,3.79,0.78,1227
91.525,17.06,0.16,4.43,11.40,4.08,0.00,1223
91.541,16.35,0.21,4.29,11.64,4.05,0.05,1216
91.558,16.60,0.17,4.34,11.89,4.03,0.00,1211
91.575,16.73,0.17,4.27,11.72,4.02,0.04,1200
91.591,16.63,0.16,4.30,11.91,4.00,0.00,1196
91.608,16.64,0.18,4.52,11.44,3.99,0.04,1184
91.625,16.67,0.14,3.77,12.59,3.97,0.00,1180
91.641,16.65,0.21,4.07,11.91,3.96,0.05,1167
91.658,16.69,0.17,4.02,12.00,3.93,0.00,1156
91.675,16.64,0.12,3.12,12.90,3.92,0.04,1151
91.691,16.74,0.13,3.48,12.49,3.91,0.00,1144
91.708,16.62,0.13,3.02,12.87,3.91,0.04,1137
91.725,16.71,0.13,3.47,12.74,3.89,0.00,1128
91.741,16.69,0.17,3.77,12.16,3.89,0.05,1121
91.758,16.63,0.16,3.74,12.54,3.92,0.00,1111
91.775,16.63,0.16,3.64,12.39,3.89,0.05,1099
91.791,16.74,0.18,3.95,12.17,3.90,0.00,1154
91.808,16.64,0.17,3.80,12.65,4.21,0.36,1128
91.825,16.74,0.16,3.83,12.34,4.20,0.00,1117
91.841,16.62,0.18,3.97,12.26,4.19,0.37,1167
91.858,16.59,0.17,4.06,12.16,4.51,0.00,1159
91.875,16.75,0.16,3.87,12.06,4.53,0.04,1144
91.891,16.60,0.17,3.85,12.35,4.53,0.00,1132
91.908,16.73,0.16,3.80,12.17,4.55,0.04,1126
91.925,16.61,0.17,3.73,12.56,4.58,0.00,1114
91.941,16.65,0.20,3.90,12.45,4.58,0.39,1156
91.958,16.66,0.18,4.01,12.25,4.91,0.00,1149
91.975,16.74,0.17,3.86,12.06,4.92,0.05,1142
91.991,16.61,0.16,3.88,12.40,4.68,0.00,1137
92.008,16.73,0.16,3.78,12.17,4.72,0.05,1129
92.025,16.63,0.16,3.76,12.44,4.73,0.00,1113
92.041,16.71,0.16,3.56,12.37,4.74,0.05,1096
92.058,16.69,0.16,3.47,12.72,4.76,0.00,1083
92.075,16.66,0.19,3.45,12.46,4.78,0.05,1077
92.091,16.67,0.19,3.69,12.43,4.80,0.00,1154
92.108,16.67,0.17,3.64,12.64,4.96,0.37,1145
92.125,16.56,0.16,3.68,12.63,4.64,0.00,1137
92.141,16.77,0.17,3.57,12.32,4.67,0.05,1129
92.158,16.60,0.15,3.56,12.74,4.70,0.00,1124
92.175,16.65,0.16,3.53,12.49,4.71,0.05,1116
92.191,16.69,0.16,3.55,12.57,4.72,0.00,1107
92.208,16.67,0.13,2.58,13.76,4.75,0.05,1101
92.225,16.77,0.16,3.47,12.76,4.75,0.00,1096
92.241,16.53,0.17,3.48,12.58,4.80,0.05,1092
92.258,16.71,0.18,3.62,12.62,4.81,0.00,1141
92.275,16.73,0.18,3.82,12.81,5.11,0.73,1210
92.292,16.93,0.16,3.82,12.06,5.51,0.00,1203
92.308,16.34,0.19,3.96,12.56,5.54,0.39,1268
92.325,16.85,0.17,4.08,11.99,5.90,0.00,1267
92.341,16.53,0.18,3.89,11.98,5.93,0.05,1260
92.358,16.61,0.17,3.88,12.39,5.94,0.00,1255
92.375,16.72,0.16,3.72,12.24,5.99,0.05,1252
92.391,16.61,0.16,3.81,12.44,5.99,0.00,1248
92.408,16.76,0.17,3.75,12.14,5.77,0.04,1244
92.425,16.59,0.17,3.72,12.51,5.80,0.00,1240
92.441,16.75,0.18,3.68,12.16,5.82,0.05,1236
92.458,16.58,0.19,3.74,12.48,5.52,0.00,1233
92.475,16.74,0.18,3.66,12.27,5.55,0.05,1232
92.491,16.61,0.19,3.99,12.18,5.57,0.00,1287
92.508,16.66,0.17,3.96,12.71,5.90,0.46,1282
92.525,16.96,0.18,4.04,11.93,5.92,0.00,1276
92.541,16.37,0.17,4.00,12.03,5.94,0.05,1273
92.558,16.69,0.17,4.01,12.26,5.61,0.00,1271
92.575,16.65,0.19,4.24,12.16,5.65,0.39,1329
92.591,16.70,0.25,4.38,11.75,6.01,0.00,1329
92.608,16.71,0.17,4.22,11.75,6.04,0.05,1328
92.625,16.63,0.20,4.71,11.46,6.05,0.00,1403
92.641,16.65,0.19,4.67,11.73,6.45,0.38,1402
92.658,16.70,0.17,4.75,11.50,6.49,0.00,1401
92.675,16.72,0.19,4.73,11.15,6.50,0.05,1400
92.691,16.58,0.18,4.82,11.39,6.53,0.00,1398
92.708,16.69,0.22,4.73,11.25,6.32,0.05,1400
92.725,16.67,0.19,4.78,11.42,6.38,0.00,1400
92.741,16.63,0.30,4.79,11.23,6.40,0.05,1401
92.758,16.69,0.21,5.10,11.11,6.43,0.00,1451
92.775,16.75,0.19,5.01,11.28,6.69,0.38,1451
92.791,16.59,0.19,5.17,11.08,6.71,0.00,1452
92.808,16.64,0.18,5.02,11.01,6.74,0.05,1456
92.825,16.68,0.19,5.14,11.07,6.77,0.00,1457
92.841,16.65,0.21,5.06,10.93,6.83,0.05,1456
92.858,16.71,0.18,5.18,10.99,6.84,0.00,1454
92.875,16.68,0.18,5.06,10.89,6.65,0.05,1453
92.891,16.62,0.18,5.13,11.10,6.38,0.00,1451
92.908,16.66,0.18,5.09,10.99,6.41,0.05,1450
92.925,16.69,0.18,5.17,11.00,6.21,0.00,1449
92.941,16.73,0.21,5.34,10.88,6.21,0.31,1522
92.958,16.62,0.19,5.51,10.76,6.58,0.00,1521
92.975,16.64,0.20,5.37,10.65,6.60,0.05,1522
92.991,16.69,0.19,5.45,10.78,6.63,0.00,1522
93.008,16.65,0.18,5.40,10.60,6.64,0.05,1519
93.025,16.69,0.19,5.47,10.70,6.67,0.00,1518
93.041,16.69,0.19,5.37,10.61,6.69,0.05,1518
93.058,16.66,0.23,5.79,10.41,6.73,0.00,1595
93.075,16.64,0.35,5.75,10.52,7.12,0.38,1596
93.091,16.73,0.20,5.83,10.35,7.15,0.00,1595
93.108,16.60,0.19,5.77,10.23,6.91,0.05,1594
93.125,16.71,0.20,5.81,10.38,6.92,0.00,1597
93.141,16.62,0.22,6.01,10.33,6.92,0.31,1655
93.158,16.69,0.19,6.08,10.12,7.28,0.00,1655
93.175,16.70,0.36,6.24,9.94,7.26,0.39,1719
93.191,16.65,0.26,6.36,9.74,7.30,0.00,1719
93.208,16.66,0.28,6.64,9.61,7.33,0.32,1797
93.225,16.66,0.27,6.75,9.52,7.72,0.00,1796
93.241,16.66,0.27,6.71,9.38,7.46,0.04,1797
93.258,16.71,0.30,6.67,9.58,7.47,0.00,1795
93.275,16.70,0.28,5.30,10.69,7.50,0.05,1793
93.291,16.60,0.30,5.82,10.19,7.50,0.00,1792
93.308,16.72,0.30,5.20,10.63,7.53,0.04,1792
93.325,16.61,0.22,5.10,11.04,7.55,0.00,1791
93.341,16.81,0.23,4.77,11.04,7.58,0.04,1791
93.358,16.53,0.22,4.92,11.18,7.57,0.00,1789
93.375,16.68,0.20,4.71,11.18,7.24,0.04,1788
93.391,16.69,0.22,4.84,11.24,7.25,0.00,1788
93.408,16.64,0.22,4.82,11.14,7.24,0.04,1787
93.425,16.75,0.23,5.19,10.79,7.28,0.00,1847
93.441,16.58,0.20,5.06,11.11,7.61,0.27,1847
93.458,16.68,0.20,4.86,11.19,7.59,0.00,1846
93.475,16.68,0.21,4.44,11.55,7.64,0.05,1846
93.491,16.67,0.29,6.04,10.03,7.62,0.00,1847
93.508,16.79,0.28,6.02,9.79,7.67,0.04,1847
93.525,16.55,0.31,6.19,9.97,7.66,0.00,1849
93.541,16.64,0.28,6.03,10.01,7.66,0.05,1848
93.558,16.69,0.29,5.89,10.20,7.46,0.00,1847
93.575,16.72,0.38,6.04,9.72,7.44,0.05,1847
93.591,16.62,0.33,6.41,9.70,7.47,0.00,1914
93.608,16.64,0.30,6.39,9.94,7.81,0.39,1914
93.625,16.76,0.28,6.47,9.62,7.81,0.00,1914
93.641,16.67,0.28,6.38,9.40,7.84,0.05,1916
93.658,16.66,0.31,6.44,9.61,7.87,0.00,1913
93.675,16.59,0.32,6.38,9.53,7.50,0.05,1912
93.691,16.71,0.29,6.42,9.64,7.51,0.00,1911
93.708,16.72,0.30,6.41,9.41,7.49,0.05,1911
93.725,16.60,0.32,6.49,9.62,7.51,0.00,1911
93.741,16.65,0.33,6.38,9.66,7.51,0.04,1910
93.758,16.69,0.29,6.09,10.11,7.27,0.00,1910
93.775,16.63,0.29,5.58,10.37,7.25,0.05,1909
93.791,16.70,0.28,6.19,10.01,7.01,0.00,1909
93.808,16.66,0.28,5.79,10.24,7.03,0.05,1907
93.825,16.68,0.30,5.87,10.04,6.78,0.00,1906
93.841,16.65,0.23,5.07,10.98,6.75,0.25,1975
93.858,16.71,0.26,5.42,10.46,7.10,0.00,1975
93.875,16.62,0.25,5.10,11.20,7.06,0.52,2102
93.891,16.66,0.23,5.99,9.95,7.72,0.00,2103
93.908,16.69,0.22,5.10,10.77,7.72,0.04,2102
93.925,16.69,0.22,5.70,10.48,7.73,0.00,2101
93.941,16.63,0.32,5.96,9.96,7.74,0.05,2100
93.958,16.71,0.32,6.04,10.05,7.71,0.00,2100
93.975,16.63,0.30,6.14,9.80,7.72,0.04,2099
93.991,16.70,0.34,6.84,9.25,7.71,0.00,2223
94.008,16.64,0.31,6.70,9.97,8.38,0.76,2223
94.025,17.10,0.31,6.84,8.88,8.40,0.00,2222
94.041,16.32,0.31,6.69,9.13,8.11,0.05,2222
94.058,16.61,0.33,6.47,9.69,8.11,0.00,2221
94.075,16.66,0.38,6.39,9.53,8.12,0.05,2218
94.091,16.69,0.33,6.43,9.68,8.10,0.00,2217
94.108,16.63,0.30,6.37,9.54,8.14,0.05,2217
94.125,16.70,0.33,6.39,9.71,8.18,0.00,2216
94.141,16.64,0.32,6.70,9.65,8.15,0.39,2295
94.158,16.79,0.31,6.38,9.69,8.59,0.00,2295
94.175,16.57,0.32,6.69,9.21,8.57,0.05,2294
94.191,16.66,0.33,6.74,9.36,8.58,0.00,2293
94.208,16.74,0.32,6.69,9.15,8.25,0.04,2293
94.225,16.62,0.31,6.32,9.84,8.26,0.00,2285
94.241,16.65,0.34,6.65,9.99,8.23,0.72,2416
94.259,17.12,0.33,6.82,8.93,8.90,0.00,2416
94.275,16.20,0.34,6.81,9.45,8.95,0.27,2482
94.291,16.73,0.34,6.88,9.17,9.28,0.00,2481
94.308,16.62,0.32,6.76,9.17,9.27,0.04,2481
94.325,16.74,0.34,6.84,9.20,9.26,0.00,2480
94.341,16.60,0.34,6.78,9.14,9.30,0.05,2482
94.358,16.68,0.33,6.80,9.42,9.29,0.00,2481
94.375,16.68,0.37,6.83,9.03,9.30,0.05,2480
94.391,16.67,0.34,6.85,9.27,9.33,0.00,2480
94.408,16.64,0.37,6.79,9.32,9.34,0.05,2478
94.425,16.70,0.37,6.45,9.67,9.32,0.00,2477
94.441,16.66,0.36,6.31,9.70,9.35,0.05,2477
94.458,16.73,0.37,4.92,10.95,9.12,0.00,2478
94.475,16.59,0.24,4.97,11.04,9.12,0.05,2476
94.491,16.69,0.36,4.91,11.23,8.66,0.00,2476
94.508,16.61,0.31,5.63,10.17,8.69,0.03,2477
94.525,16.76,0.26,4.71,11.29,8.65,0.00,2477
94.541,16.61,0.24,4.68,11.43,8.67,0.04,2477
94.558,16.74,0.33,4.74,11.36,8.62,0.00,2476
94.575,16.61,0.32,5.97,9.98,8.61,0.05,2476
94.591,16.68,0.34,5.43,10.62,8.61,0.00,2475
94.608,16.63,0.33,5.41,10.50,8.03,0.04,2474
94.625,16.69,0.35,5.51,10.59,8.01,0.00,2473
94.641,16.65,0.38,5.46,10.41,8.02,0.04,2473
94.658,16.69,0.35,5.49,10.68,7.95,0.00,2472
94.675,16.64,0.33,5.40,10.38,7.93,0.04,2472
94.691,16.70,0.25,5.14,10.79,7.92,0.00,2471
94.708,16.63,0.24,4.56,11.28,7.91,0.03,2471
94.725,16.74,0.26,4.75,11.13,7.87,0.00,2471
94.741,16.60,0.23,4.16,11.69,7.86,0.04,2469
94.758,16.71,0.25,4.75,11.46,7.61,0.00,2469
94.775,16.65,0.41,5.03,10.88,7.57,0.05,2469
94.791,16.67,0.35,5.08,11.09,7.51,0.00,2469
94.808,16.66,0.41,5.01,10.85,7.51,0.04,2469
94.825,16.71,0.35,5.06,11.03,7.45,0.00,2469
94.841,16.64,0.32,5.00,10.88,7.43,0.05,2467
94.858,16.68,0.34,5.05,11.08,6.85,0.00,2466
94.875,16.65,0.36,5.00,10.84,6.84,0.04,2465
94.892,16.70,0.35,5.00,11.09,6.65,0.00,2464
94.908,16.65,0.33,4.74,11.16,6.59,0.05,2464
94.925,16.68,0.43,4.83,11.29,6.51,0.00,2464
94.942,16.69,0.32,4.76,11.11,6.50,0.05,2463
94.958,16.67,0.36,4.76,11.36,6.47,0.00,2461
94.975,16.61,0.32,4.74,11.16,6.39,0.05,2460
94.992,16.70,0.34,4.81,11.29,6.38,0.00,2460
95.008,16.64,0.31,4.70,11.20,6.31,0.05,2456
95.025,16.70,0.33,4.52,11.58,6.27,0.00,2456
95.042,16.74,0.33,4.46,11.38,6.25,0.05,2457
95.058,16.60,0.33,4.52,11.61,6.20,0.00,2454
95.075,16.64,0.34,4.48,11.49,6.17,0.05,2453
95.092,16.71,0.36,4.49,11.60,6.12,0.00,2452
95.108,16.64,0.41,4.15,11.69,6.05,0.05,2447
95.125,16.67,0.35,4.24,11.86,6.06,0.00,2447
95.142,16.81,0.31,4.01,11.79,6.01,0.05,2446
95.158,16.56,0.32,4.09,12.03,5.95,0.00,2445
95.175,16.63,0.32,3.63,12.34,5.91,0.05,2429
95.192,16.68,0.34,3.62,12.56,5.87,0.00,2430
95.208,16.64,0.33,3.59,12.30,5.82,0.05,2430
95.225,16.69,0.34,3.66,12.54,5.80,0.00,2431
95.242,16.66,0.42,3.58,12.30,5.75,0.05,2431
95.258,16.66,0.32,3.66,12.49,5.71,0.00,2432
95.275,16.68,0.34,3.60,12.49,5.68,0.04,2431
95.292,16.67,0.38,3.65,12.51,5.65,0.00,2430
95.308,16.66,0.32,3.58,12.32,5.60,0.04,2427
95.325,16.67,0.34,3.60,12.55,5.59,0.00,2427
95.342,16.67,0.35,3.53,12.35,5.54,0.05,2426
95.358,16.68,0.38,3.57,12.52,5.50,0.00,2426
95.375,16.65,0.36,3.65,12.27,5.47,0.05,2424
95.392,16.68,0.35,3.28,12.92,5.45,0.00,2421
95.408,16.67,0.34,3.28,12.63,5.41,0.05,2421
95.425,16.69,0.35,3.37,12.76,5.38,0.00,2421
95.441,16.62,0.32,3.34,12.64,5.33,0.05,2421
95.458,16.71,0.33,3.29,12.92,5.30,0.00,2421
95.475,16.67,0.32,3.29,12.62,5.25,0.05,2421
95.492,16.66,0.33,3.37,12.69,5.25,0.00,2420
95.508,16.66,0.34,3.25,12.64,5.22,0.04,2421
95.525,16.70,0.33,3.29,12.84,5.17,0.00,2421
95.542,16.80,0.34,3.25,12.53,5.15,0.05,2421
95.558,16.52,0.34,3.11,13.05,5.09,0.00,2419
95.575,16.63,0.31,3.04,13.03,5.08,0.05,2420
95.592,16.73,0.34,3.11,13.01,5.03,0.00,2422
95.608,16.76,0.32,3.04,12.76,5.00,0.05,2422
95.625,16.56,0.37,3.15,12.99,4.97,0.00,2422
95.642,16.62,0.33,3.05,12.86,4.93,0.05,2421
95.658,16.71,0.33,3.03,13.11,4.92,0.00,2422
95.675,16.66,0.36,3.03,12.90,4.87,0.05,2422
95.692,16.71,0.34,3.07,13.02,4.83,0.00,2419
95.708,16.63,0.33,3.03,12.91,4.79,0.04,2419
95.725,16.68,0.34,3.10,13.07,4.74,0.00,2418
95.742,16.63,0.31,3.05,12.97,4.70,0.05,2418
95.758,16.72,0.37,3.12,12.97,4.67,0.00,2417
95.775,16.65,0.33,3.05,12.93,4.65,0.05,2413
95.792,16.75,0.35,3.14,12.96,4.62,0.00,2412
95.808,16.59,0.42,2.90,13.02,4.56,0.04,2412
95.825,16.66,0.32,3.00,13.20,4.53,0.00,2412
95.842,16.66,0.31,2.66,13.28,4.50,0.05,2410
95.858,16.71,0.34,2.71,13.40,4.46,0.00,2407
95.875,16.63,0.31,2.60,13.34,4.42,0.05,2406
95.892,16.68,0.33,2.69,13.41,4.40,0.00,2406
95.908,16.64,0.31,2.59,13.30,4.35,0.05,2400
95.925,16.68,0.34,2.63,13.55,4.30,0.00,2397
95.942,16.66,0.32,2.63,13.31,4.25,0.05,2397
95.958,16.70,0.32,2.04,14.07,4.22,0.00,2391
95.975,16.64,0.33,2.13,13.87,4.20,0.05,2390
95.992,16.68,0.33,2.07,14.07,4.15,0.00,2390
96.008,16.69,0.33,2.03,13.84,4.11,0.05,2388
96.025,16.64,0.34,2.07,13.98,4.06,0.00,2387
96.042,16.66,0.32,2.00,13.91,4.04,0.04,2385
96.058,16.68,0.35,2.07,14.06,4.00,0.00,2385
96.075,16.65,0.33,2.02,14.06,3.98,0.05,2384
96.092,16.66,0.33,2.07,14.06,3.94,0.00,2383
96.108,16.67,0.34,1.83,14.18,3.92,0.05,2379
96.125,16.71,0.34,1.91,14.21,3.88,0.00,2378
96.142,16.59,0.32,1.88,14.04,3.85,0.05,2373
96.158,16.71,0.34,1.89,14.23,3.82,0.00,2364
96.175,16.67,0.35,1.84,14.08,3.78,0.05,2358
96.192,16.67,0.33,1.89,14.23,3.75,0.00,2347
96.208,16.66,0.36,1.26,14.61,3.70,0.04,2257
96.225,16.67,0.34,1.23,14.76,3.60,0.00,2252
96.242,16.69,0.36,0.92,14.88,3.59,0.04,2192
96.258,16.67,0.36,0.94,15.22,3.52,0.00,2190
96.275,16.65,0.38,0.92,14.90,3.50,0.05,2187
96.292,16.69,0.34,0.93,15.24,3.47,0.00,2186
96.308,16.65,0.34,0.99,15.06,3.46,0.04,2182
96.325,16.75,0.37,0.97,15.04,3.43,0.00,2177
96.342,16.58,0.33,0.94,14.94,3.40,0.05,2175
96.358,16.68,0.33,0.93,15.17,3.39,0.00,2173
96.375,16.74,0.32,0.93,15.07,3.38,0.05,2171
96.392,16.64,0.36,0.95,15.10,3.35,0.00,2169
96.408,16.67,0.33,0.92,14.92,3.32,0.05,2166
96.425,16.63,0.35,0.90,15.17,3.30,0.00,2165
96.442,16.64,0.31,0.93,14.99,3.28,0.05,2166
96.458,16.69,0.33,0.95,15.17,3.26,0.00,2164
96.475,16.66,0.32,0.92,14.99,3.25,0.05,2164
96.492,16.68,0.33,0.93,15.21,3.22,0.00,2164
96.508,16.66,0.32,0.92,14.97,3.21,0.05,2161
96.525,16.68,0.36,0.95,15.14,3.19,0.00,2157
96.542,16.65,0.38,0.93,14.87,3.17,0.04,2153
96.558,16.69,0.34,0.94,15.15,3.15,0.00,2149
96.575,16.65,0.32,0.91,15.09,3.14,0.05,2146
96.592,16.70,0.35,0.96,15.21,3.11,0.00,2142
96.608,16.63,0.32,0.95,14.94,3.11,0.05,2138
96.625,16.69,0.33,0.93,15.21,3.07,0.00,2135
96.642,16.65,0.32,0.90,14.99,3.05,0.05,2135
96.658,16.68,0.34,0.97,15.14,3.03,0.00,2134
96.675,16.65,0.33,0.96,15.10,3.01,0.05,2132
96.692,16.67,0.25,0.70,15.58,3.00,0.00,2128
96.708,16.66,0.33,0.95,15.04,2.97,0.05,2126
96.725,16.73,0.35,0.97,15.10,2.96,0.00,2122
96.742,16.64,0.41,0.95,14.87,2.94,0.04,2120
96.758,16.64,0.37,0.96,15.15,2.91,0.00,2115
96.775,16.82,0.32,0.96,14.90,2.92,0.05,2110
96.792,16.59,0.32,0.97,15.09,2.89,0.00,2106
96.808,16.60,0.32,0.93,15.10,2.86,0.05,2105
96.825,16.73,0.33,0.98,15.12,2.85,0.00,2101
96.842,16.56,0.33,0.97,15.07,2.84,0.05,2096
96.858,16.75,0.34,0.97,15.13,2.82,0.00,2088
96.875,16.64,0.32,0.92,14.99,2.80,0.05,2081
96.892,16.66,0.33,0.92,15.17,2.78,0.00,2075
96.908,16.66,0.31,0.95,15.05,2.76,0.05,2071
96.925,16.69,0.46,0.90,15.11,2.74,0.00,2067
96.942,16.66,0.31,0.95,14.98,2.73,0.05,2058
96.958,16.66,0.33,0.93,15.15,2.72,0.00,2054
96.975,16.67,0.31,0.96,15.07,2.68,0.05,2050
96.992,16.71,0.33,0.95,15.12,2.66,0.00,2044
97.008,16.61,0.32,0.93,14.99,2.65,0.04,2035
97.025,16.68,0.34,0.93,15.20,2.64,0.00,2029
97.042,16.68,0.36,0.90,14.93,2.63,0.05,2028
97.058,16.66,0.32,0.94,15.19,2.61,0.00,2019
97.075,16.65,0.37,0.93,15.02,2.59,0.05,2013
97.092,16.72,0.34,0.93,15.16,2.58,0.00,2009
97.108,16.69,0.33,0.92,14.91,2.57,0.05,2005
97.125,16.60,0.32,0.95,15.14,2.56,0.00,1998
97.142,16.66,0.31,0.92,15.02,2.53,0.05,1993
97.158,16.67,0.34,0.93,15.19,2.52,0.00,1990
97.175,16.67,0.33,0.90,15.04,2.51,0.05,1982
97.192,16.69,0.35,0.95,15.12,2.49,0.00,1978
97.208,16.64,0.31,0.92,14.99,2.48,0.05,1975
97.225,16.68,0.36,0.92,15.09,2.46,0.00,1972
97.242,16.72,0.35,0.92,14.98,2.45,0.05,1963
97.258,16.62,0.32,0.93,15.23,2.43,0.00,1957
97.275,16.67,0.37,0.90,14.92,2.43,0.04,1945
97.292,16.70,0.31,0.90,15.21,2.40,0.00,1935
97.308,16.62,0.32,0.89,15.12,2.39,0.05,1930
97.325,16.68,0.39,0.96,15.18,2.38,0.00,1924
97.342,16.67,0.31,0.93,15.08,2.37,0.05,1918
97.358,16.70,0.31,0.90,15.22,2.36,0.00,1915
97.375,16.64,0.33,0.92,15.06,2.34,0.05,1912
97.392,16.71,0.32,0.90,15.13,2.33,0.00,1898
97.408,16.69,0.30,0.90,14.93,2.32,0.05,1889
97.425,16.62,0.32,0.88,15.22,2.31,0.00,1879
97.442,16.64,0.30,0.89,14.99,2.29,0.05,1871
97.458,16.68,0.30,0.91,15.24,2.28,0.00,1869
97.475,16.66,0.29,0.89,15.03,2.27,0.05,1858
97.492,16.74,0.32,0.91,15.18,2.27,0.00,1849
97.508,16.61,0.30,0.88,15.06,2.25,0.05,1845
97.525,16.67,0.31,0.92,15.22,2.22,0.00,1840
97.542,16.65,0.30,0.89,15.14,2.22,0.05,1835
97.558,16.74,0.31,0.90,15.15,2.22,0.00,1826
97.575,16.60,0.29,0.89,15.09,2.21,0.05,1823
97.592,16.68,0.30,0.88,15.16,2.19,0.00,1818
97.608,16.67,0.31,0.86,15.01,2.19,0.04,1813
97.625,16.67,0.31,0.88,15.28,2.17,0.00,1804
97.642,16.66,0.30,0.88,15.01,2.16,0.05,1800
97.658,16.68,0.30,0.88,15.19,2.15,0.00,1794
97.675,16.71,0.32,0.88,15.12,2.13,0.05,1787
97.692,16.70,0.32,0.89,15.16,2.14,0.00,1782
97.709,16.74,0.29,0.89,14.93,2.13,0.05,1776
97.725,16.59,0.33,0.88,15.09,2.12,0.00,1772
97.742,16.63,0.30,0.87,15.21,2.11,0.04,1771
97.758,16.63,0.31,0.87,15.20,2.10,0.00,1762
97.775,16.67,0.28,0.85,15.08,2.09,0.04,1755
97.792,16.72,0.31,0.87,15.23,2.08,0.00,1748
97.808,16.62,0.38,0.85,14.96,2.07,0.05,1739
97.825,16.66,0.30,0.87,15.30,2.06,0.00,1730
97.842,16.66,0.37,0.87,15.14,2.05,0.05,1722
97.858,16.75,0.34,0.86,15.16,2.03,0.00,1713
97.875,16.58,0.30,0.84,15.09,2.03,0.04,1709
97.892,16.68,0.28,0.84,15.32,2.02,0.00,1704
97.908,16.73,0.30,0.86,14.97,2.02,0.04,1692
97.925,16.63,0.30,0.86,15.28,2.01,0.00,1679
97.942,16.71,0.30,0.87,14.79,2.00,0.04,1670
97.958,16.66,0.24,0.67,15.26,2.00,0.00,1665
97.975,16.59,0.23,0.61,15.24,1.98,0.04,1661
97.992,16.70,0.22,0.68,15.25,1.99,0.00,1649
98.008,16.63,0.22,0.63,15.22,1.98,0.03,1642
98.025,16.72,0.22,0.63,15.28,1.97,0.00,1634
98.042,16.70,0.21,0.60,15.14,1.95,0.04,1628
98.058,16.65,0.22,0.64,15.29,1.95,0.00,1619
98.075,16.62,0.23,0.61,15.21,1.95,0.04,1608
98.092,16.71,0.22,0.67,15.24,1.95,0.00,1601
98.108,16.61,0.21,0.62,15.22,1.93,0.03,1592
98.125,16.69,0.22,0.61,15.37,1.92,0.00,1586
98.142,16.72,0.23,0.61,15.17,1.91,0.04,1574
98.158,16.64,0.23,0.66,15.24,1.90,0.00,1562
98.175,16.63,0.22,0.60,15.22,1.90,0.04,1554
98.192,16.70,0.22,0.80,15.12,1.88,0.00,1549
98.208,16.64,0.21,0.61,15.22,1.88,0.04,1545
98.225,16.73,0.22,0.64,15.22,1.86,0.00,1533
98.242,16.67,0.24,0.58,15.12,1.87,0.03,1525
98.259,16.68,0.20,0.68,15.18,1.87,0.00,1519
98.275,16.65,0.23,0.58,15.13,1.85,0.04,1511
98.292,16.64,0.21,0.67,15.23,1.84,0.00,1504
98.308,16.63,0.21,0.60,15.24,1.85,0.04,1496
98.325,16.74,0.22,0.60,15.59,1.84,0.00,1486
98.342,16.63,0.27,0.80,14.91,1.83,0.03,1480
98.358,16.63,0.16,0.44,15.66,1.83,0.00,1473
98.375,16.71,0.21,0.60,15.53,1.83,0.05,1466
98.392,16.68,0.28,0.79,15.32,1.81,0.00,1455
98.409,16.71,0.30,0.79,15.13,1.82,0.04,1443
98.425,16.59,0.22,0.79,15.43,1.81,0.00,1437
98.442,16.66,0.20,0.79,15.24,1.81,0.05,1432
98.458,16.67,0.21,0.80,15.37,1.79,0.00,1428
98.475,16.68,0.21,0.80,15.18,1.79,0.05,1422
98.492,16.65,0.21,0.82,15.43,1.79,0.00,1412
98.509,16.71,0.20,0.78,15.15,1.79,0.05,1404
98.525,16.61,0.20,0.76,15.49,1.79,0.00,1395
98.542,16.67,0.22,0.78,15.17,1.78,0.05,1387
98.558,16.71,0.19,0.78,15.45,1.77,0.00,1387
98.575,16.63,0.21,0.77,15.13,1.77,0.05,1381
98.592,16.74,0.20,0.70,15.43,1.76,0.00,1374
98.609,16.66,0.22,0.71,15.13,1.75,0.05,1368
98.625,16.68,0.21,0.70,15.43,1.75,0.00,1361
98.642,16.68,0.20,0.72,15.19,1.75,0.04,1355
98.658,16.59,0.19,0.68,15.54,1.74,0.00,1346
98.675,16.65,0.19,0.69,15.27,1.73,0.05,1337
98.692,16.75,0.21,0.67,15.47,1.73,0.00,1325
98.708,16.59,0.19,0.70,15.27,1.73,0.05,1318
98.725,16.69,0.19,0.68,15.56,1.72,0.00,1312
98.742,16.64,0.21,0.70,15.27,1.71,0.05,1302
98.758,16.68,0.19,0.71,15.55,1.71,0.00,1297
98.775,16.67,0.24,0.69,15.23,1.72,0.04,1288
98.792,16.68,0.19,0.70,15.53,1.70,0.00,1278
98.809,16.71,0.19,0.70,15.24,1.70,0.05,1274
98.825,16.63,0.19,0.71,15.49,1.70,0.00,1265
98.842,16.65,0.20,0.68,15.39,1.69,0.05,1259
98.859,16.71,0.24,0.72,15.43,1.69,0.00,1252
98.875,16.61,0.18,0.68,15.45,1.69,0.04,1252
98.892,16.73,0.20,0.69,15.53,1.69,0.00,1245
98.908,16.61,0.24,0.71,15.30,1.68,0.05,1235
98.925,16.67,0.19,0.67,15.60,1.67,0.00,1224
98.942,16.67,0.19,0.69,15.42,1.68,0.05,1216
98.959,16.69,0.20,0.69,15.63,1.68,0.00,1212
98.975,16.65,0.29,0.67,15.45,1.67,0.04,1204
98.992,16.68,0.19,0.65,15.73,1.66,0.00,1198
99.009,16.70,0.19,0.69,15.27,1.67,0.04,1190
99.025,16.64,0.19,0.66,15.60,1.66,0.00,1180
99.042,16.65,0.20,0.68,15.35,1.66,0.04,1171
99.059,16.69,0.19,0.68,15.68,1.66,0.00,1165
99.075,16.68,0.19,0.67,15.42,1.65,0.04,1159
99.092,16.68,0.21,0.67,15.64,1.65,0.00,1151
99.109,16.67,0.22,0.65,15.44,1.65,0.04,1143
99.125,16.71,0.18,0.64,15.59,1.64,0.00,1131
99.142,16.63,0.20,0.67,15.53,1.65,0.05,1122
99.159,16.64,0.19,0.69,15.29,1.64,0.00,1110
99.175,16.65,0.12,0.60,15.66,1.64,0.05,1102
99.192,16.69,0.19,0.64,15.68,1.64,0.00,1097
99.209,16.65,0.19,0.66,15.53,1.63,0.04,1093
99.225,16.69,0.18,0.65,15.67,1.63,0.00,1086
99.242,16.67,0.23,0.67,15.33,1.63,0.04,1077
99.259,16.70,0.19,0.64,15.71,1.64,0.00,1069
99.275,16.66,0.26,0.72,15.34,1.63,0.05,1061
99.292,16.64,0.17,0.64,15.76,1.62,0.00,1051
99.309,16.71,0.17,0.66,15.72,1.62,0.05,1045
99.325,16.68,0.27,0.64,15.52,1.63,0.00,1039
99.342,16.62,0.21,0.65,15.50,1.62,0.04,1036
99.359,16.67,0.20,0.65,15.65,1.61,0.00,1031
99.375,16.63,0.17,0.71,15.52,1.62,0.05,1023
99.392,16.70,0.27,0.69,15.55,1.62,0.00,1019
99.409,16.65,0.17,0.64,15.53,1.62,0.04,1010
99.425,16.68,0.17,0.66,15.71,1.61,0.00,1003
99.442,16.68,0.17,0.64,15.59,1.61,0.05,991
99.459,16.74,0.17,0.60,15.69,1.61,0.00,988
99.475,16.59,0.16,0.61,15.62,1.61,0.05,978
99.492,16.67,0.19,0.65,15.68,1.61,0.00,970
99.509,16.66,0.16,0.63,15.38,1.60,0.04,959
99.525,16.67,0.18,0.62,15.59,1.60,0.00,955
99.542,16.66,0.16,0.60,15.44,1.60,0.04,946
99.559,16.68,0.16,0.58,15.54,1.60,0.00,940
99.575,16.67,0.19,0.62,15.33,1.60,0.05,935
99.592,16.66,0.16,0.58,15.77,1.60,0.00,931
99.609,16.64,0.16,0.63,15.39,1.60,0.05,925
99.625,16.73,0.17,0.60,15.59,1.59,0.00,918
99.642,16.74,0.17,0.61,15.29,1.59,0.05,911
99.659,16.58,0.17,0.59,15.47,1.59,0.00,907
99.675,16.65,0.17,0.59,15.38,1.58,0.05,903
99.692,16.75,0.19,0.58,15.57,1.58,0.00,896
99.709,16.66,0.17,0.61,15.31,1.59,0.05,888
99.725,16.60,0.18,0.58,15.62,1.58,0.00,877
99.742,16.73,0.16,0.60,15.30,1.58,0.05,868
99.759,16.68,0.20,0.58,15.52,1.58,0.00,858
99.775,16.65,0.16,0.58,15.35,1.59,0.04,856
99.792,16.69,0.22,0.58,15.41,1.57,0.00,848
99.809,16.60,0.21,0.57,15.37,1.58,0.05,841
99.825,16.73,0.18,0.57,15.62,1.58,0.00,837
99.842,16.59,0.19,0.58,15.41,1.56,0.05,834
99.859,16.69,0.17,0.58,15.61,1.57,0.00,824
99.875,16.70,0.11,0.54,15.42,1.56,0.05,817
99.892,16.72,0.12,0.56,15.52,1.58,0.00,812
99.909,16.63,0.13,0.57,15.35,1.57,0.04,807
99.925,16.63,0.14,0.55,15.61,1.56,0.00,798
99.942,16.66,0.13,0.58,15.49,1.56,0.05,787
99.959,16.68,0.12,0.55,15.77,1.56,0.00,776
99.975,16.72,0.16,0.57,15.43,1.56,0.04,768
99.992,16.60,0.11,0.54,15.74,1.55,0.00,756
100.009,16.70,0.13,0.56,15.51,1.55,0.04,751
100.025,16.65,0.11,0.54,15.70,1.55,0.00,745
100.042,16.66,0.11,0.53,15.46,1.55,0.04,738
100.059,16.72,0.12,0.56,15.65,1.55,0.00,733
100.075,16.62,0.17,0.41,15.78,1.55,0.05,728
100.092,16.68,0.11,0.60,15.66,1.54,0.00,722
100.109,16.64,0.14,0.58,15.13,1.53,0.03,718
100.125,16.65,0.08,0.30,15.58,1.54,0.00,708
100.142,16.66,0.06,0.28,15.52,1.54,0.03,703
100.159,16.72,0.07,0.29,15.53,1.53,0.00,698
100.175,16.62,0.06,0.27,15.57,1.54,0.03,692
100.192,16.67,0.07,0.29,15.62,1.53,0.00,680
100.209,16.67,0.06,0.26,15.55,1.53,0.03,673
100.225,16.72,0.06,0.26,15.60,1.53,0.00,668
100.242,16.61,0.06,0.27,15.53,1.54,0.03,658
100.259,16.67,0.08,0.27,15.70,1.53,0.00,653
100.275,16.67,0.06,0.27,15.83,1.53,0.04,644
100.292,16.68,0.08,0.37,15.66,1.52,0.00,639
100.309,16.77,0.08,0.37,15.47,1.54,0.04,631
100.325,16.57,0.08,0.35,15.68,1.52,0.00,625
100.342,16.66,0.09,0.35,15.60,1.54,0.04,618
100.359,16.72,0.08,0.38,15.61,1.53,0.00,607
100.375,16.63,0.08,0.36,15.54,1.52,0.03,599
100.392,16.66,0.09,0.34,15.66,1.53,0.00,595
100.409,16.77,0.08,0.36,15.45,1.53,0.03,590
100.425,16.57,0.08,0.34,15.69,1.52,0.00,578
100.442,16.66,0.08,0.35,15.61,1.52,0.04,571
100.459,16.70,0.08,0.34,15.65,1.53,0.00,569
100.475,16.64,0.08,0.33,15.67,1.52,0.04,564
100.492,16.73,0.08,0.35,15.67,1.52,0.00,558
100.509,16.62,0.08,0.37,15.53,1.53,0.04,551
100.525,16.69,0.08,0.34,15.71,1.52,0.00,542
100.542,16.63,0.09,0.37,15.53,1.53,0.03,539
100.559,16.69,0.08,0.33,15.68,1.52,0.00,532
100.575,16.65,0.07,0.34,15.59,1.52,0.03,523
100.592,16.67,0.08,0.32,15.73,1.52,0.00,513
100.609,16.67,0.07,0.35,15.69,1.52,0.05,505
100.625,16.75,0.10,0.46,15.83,1.53,0.00,497
100.642,16.64,0.08,0.46,15.54,1.52,0.04,490
100.659,16.62,0.09,0.42,15.86,1.52,0.00,481
100.675,16.69,0.10,0.43,15.59,1.51,0.05,474
100.692,16.68,0.09,0.44,15.79,1.52,0.00,471
100.709,16.65,0.07,0.43,15.63,1.51,0.05,461
100.725,16.66,0.08,0.43,15.84,1.51,0.00,450
100.742,16.74,0.07,0.50,15.47,1.51,0.05,442
100.759,16.68,0.06,0.43,15.79,1.52,0.00,430
100.775,16.65,0.07,0.44,15.62,1.52,0.04,424
100.792,16.61,0.06,0.41,15.86,1.51,0.00,414
100.809,16.67,0.08,0.41,15.63,1.51,0.05,406
100.825,16.74,0.09,0.41,15.78,1.52,0.00,403
100.842,16.61,0.11,0.42,15.63,1.53,0.05,397
100.859,16.66,0.06,0.42,15.85,1.51,0.00,390
100.875,16.71,0.06,0.43,15.59,1.51,0.05,378
100.892,16.69,0.06,0.41,15.82,1.51,0.00,367
100.909,16.59,0.05,0.45,15.61,1.51,0.04,358
100.925,16.68,0.05,0.39,15.81,1.51,0.00,347
100.942,16.67,0.06,0.38,15.74,1.51,0.05,340
100.959,16.67,0.05,0.38,15.95,1.51,0.00,332
100.975,16.71,0.04,0.38,15.68,1.53,0.05,325
100.992,16.63,0.04,0.41,15.81,1.53,0.00,316
101.009,16.70,0.03,0.41,15.63,1.51,0.05,314
101.025,16.64,0.04,0.38,16.00,1.52,0.00,305
101.042,16.67,0.04,0.47,15.59,1.52,0.04,295
101.059,16.66,0.04,0.37,15.81,1.51,0.00,289
101.075,16.74,0.04,0.37,15.96,1.51,0.05,286
101.092,16.59,0.07,0.42,15.88,1.51,0.00,276
101.109,16.67,0.04,0.38,15.72,1.52,0.05,267
101.125,16.65,0.03,0.34,15.97,1.51,0.00,258
101.142,16.68,0.03,0.35,15.73,1.51,0.05,249
101.159,16.75,0.03,0.36,15.88,1.51,0.00,248
101.175,16.60,0.06,0.36,15.70,1.51,0.05,242
101.192,16.67,0.04,0.34,15.86,1.51,0.00,238
101.209,16.64,0.02,0.37,15.77,1.52,0.05,227
101.225,16.69,0.01,0.35,15.99,1.51,0.00,225
101.242,16.74,0.07,0.35,15.65,1.51,0.05,215
101.259,16.59,0.01,0.37,15.95,1.51,0.00,210
101.275,16.70,0.01,0.37,15.67,1.51,0.05,203
101.292,16.64,0.00,0.41,15.95,1.51,0.00,228
