t,frameMs,tickMs,buildMs,encodeMs,gpuMs,inkMs,instances
0.000,32.19,0.00,0.17,497.30,0.00,0.00,356
0.503,502.55,0.01,0.10,9.47,2.60,8.60,364
0.520,17.88,0.03,0.10,2.24,1.90,1.35,363
0.533,12.94,0.00,0.07,0.06,2.09,0.00,361
0.550,16.69,0.00,0.08,0.06,4.69,0.00,360
0.567,16.67,0.00,0.08,1.27,5.55,1.01,362
0.583,16.67,0.00,0.08,0.06,5.31,0.00,361
0.600,16.61,0.00,0.08,1.27,5.55,0.97,363
0.617,16.73,0.00,0.10,0.06,5.43,0.00,365
0.633,16.66,0.00,0.10,1.60,4.74,1.22,365
0.650,16.69,0.00,0.11,0.08,5.30,0.00,365
0.668,17.43,0.00,0.15,2.31,4.74,1.62,366
0.683,15.84,0.00,0.10,0.07,5.28,0.00,362
0.700,16.73,0.00,0.09,1.32,4.73,1.04,361
0.717,16.63,0.00,0.11,0.08,5.38,0.00,363
0.733,16.64,0.00,0.12,1.51,5.63,1.13,362
0.750,16.68,0.00,0.11,0.08,2.04,0.00,365
0.767,16.68,0.01,0.17,1.80,2.61,1.35,366
0.783,16.66,0.00,0.13,0.09,1.98,0.00,366
0.800,16.66,0.00,0.16,1.98,1.98,1.45,365
0.817,16.70,0.01,0.28,0.27,1.99,0.00,365
0.833,16.66,0.01,0.29,3.08,1.99,2.24,363
0.850,16.72,0.01,0.30,0.26,2.00,0.00,362
0.867,16.71,0.02,0.43,3.76,1.96,2.59,364
0.883,16.57,0.02,0.55,0.43,2.01,0.00,362
0.900,16.67,0.02,0.56,4.63,1.99,3.08,362
0.917,16.68,0.02,0.56,0.44,2.00,0.00,364
0.933,16.65,0.02,0.55,4.50,2.00,3.01,364
0.950,16.67,0.02,0.54,0.41,1.98,0.00,363
0.967,16.68,0.02,0.50,4.61,1.97,3.11,363
0.983,16.66,0.02,0.58,0.43,1.99,0.00,359
1.000,16.67,0.02,0.54,4.52,2.00,2.99,358
1.017,16.66,0.01,0.40,0.36,1.99,0.00,357
1.033,16.66,0.01,0.27,2.92,1.99,2.10,356
1.050,16.66,0.01,0.29,0.25,1.99,0.00,355
1.067,16.74,0.01,0.40,3.61,1.96,2.49,353
1.083,16.62,0.03,0.53,0.43,1.98,0.00,353
1.100,16.69,0.02,0.53,3.99,1.97,2.80,353
1.117,16.67,0.02,0.55,0.47,1.96,0.00,354
1.133,16.64,0.03,0.49,4.48,1.94,2.98,353
1.150,16.67,0.02,0.53,0.41,1.96,0.00,351
1.167,16.70,0.01,0.52,4.36,1.96,2.88,347
1.183,16.64,0.02,0.53,0.46,1.94,0.00,346
1.200,16.69,0.01,0.51,4.44,1.94,2.97,343
1.217,16.65,0.02,0.53,0.42,1.94,0.00,343
1.233,16.69,0.01,0.49,4.57,1.90,3.07,341
1.250,16.65,0.02,0.55,0.49,1.89,0.00,340
1.267,16.67,0.02,0.55,4.53,1.89,3.00,340
1.283,16.67,0.02,0.52,0.42,1.90,0.00,338
1.300,16.67,0.02,0.50,4.44,1.90,2.96,336
1.317,16.65,0.02,0.53,0.42,1.88,0.00,333
1.333,16.67,0.03,0.48,4.39,1.88,2.91,332
1.350,16.67,0.02,0.52,0.42,1.89,0.00,331
1.367,16.68,0.02,0.51,4.43,1.87,2.95,331
1.383,16.66,0.02,0.53,0.40,1.87,0.00,329
1.400,16.66,0.02,0.53,4.43,1.85,2.94,328
1.417,16.66,0.02,0.52,0.41,1.84,0.00,329
1.434,16.77,0.02,0.53,4.45,1.81,2.95,325
1.450,16.65,0.02,0.53,0.43,1.86,0.00,326
1.467,16.59,0.02,0.53,4.51,1.82,2.96,325
1.483,16.67,0.02,0.52,0.44,1.81,0.00,325
1.500,16.73,0.02,0.54,4.57,1.81,3.09,323
1.517,16.61,0.02,0.53,0.40,1.83,0.00,323
1.533,16.67,0.02,0.52,4.75,1.79,3.23,325
1.550,16.68,0.02,0.52,0.42,1.80,0.00,325
1.567,16.71,0.02,0.51,4.68,1.79,3.17,323
1.583,16.62,0.02,0.54,0.39,1.81,0.00,320
1.600,16.76,0.02,0.51,4.61,1.81,3.13,319
1.617,16.58,0.02,0.56,0.41,1.82,0.00,320
1.634,16.76,0.02,0.51,4.61,1.80,3.13,317
1.650,16.56,0.02,0.52,0.40,1.83,0.00,316
1.667,16.73,0.02,0.49,4.55,1.80,3.09,316
1.683,16.60,0.02,0.54,0.41,1.84,0.00,315
1.700,16.65,0.02,0.51,4.69,1.79,3.20,316
1.717,16.72,0.02,0.52,0.44,1.82,0.00,316
1.733,16.63,0.03,0.53,4.59,1.80,3.04,316
1.750,16.66,0.02,0.51,0.51,1.84,0.00,317
1.767,16.63,0.01,0.19,2.36,1.85,1.81,315
1.783,16.66,0.01,0.20,0.18,1.86,0.00,315
1.800,16.67,0.01,0.16,3.44,1.85,2.03,314
1.817,16.75,0.01,0.19,0.20,1.85,0.00,312
1.833,16.60,0.01,0.22,3.69,1.83,2.25,312
1.850,16.67,0.01,0.23,0.31,1.84,0.00,311
1.867,16.67,0.01,0.22,3.28,1.84,2.27,311
1.883,16.66,0.13,0.39,0.25,1.84,0.00,363
1.900,16.65,0.02,0.30,3.76,2.73,2.31,362
1.917,16.67,0.02,0.31,0.20,2.75,0.00,361
1.933,16.67,0.02,0.31,3.60,2.73,2.17,360
1.950,16.67,0.02,0.33,0.21,2.73,0.00,360
1.967,16.73,0.01,0.29,3.76,2.72,2.38,358
1.983,16.63,0.02,0.32,0.21,2.72,0.00,358
2.000,16.63,0.02,0.31,3.62,2.72,2.19,360
2.017,16.67,0.02,0.31,0.19,2.72,0.00,360
2.033,16.68,0.02,0.29,3.73,2.71,2.35,360
2.050,16.66,0.02,0.31,0.19,2.79,0.00,360
2.067,16.67,0.01,0.29,3.66,2.78,2.26,361
2.083,16.67,0.02,0.40,0.23,2.79,0.00,361
2.100,16.69,0.02,0.39,3.86,2.79,2.44,387
2.117,16.65,0.02,0.41,0.25,2.84,0.00,392
2.133,16.66,0.02,0.39,3.84,2.83,2.45,394
2.150,16.67,0.02,0.42,0.25,2.85,0.00,396
2.167,16.67,0.02,0.40,3.90,2.85,2.44,396
2.183,16.68,0.02,0.42,0.26,2.85,0.00,403
2.200,16.69,0.02,0.40,3.74,2.85,2.30,406
2.217,16.65,0.02,0.42,0.26,2.84,0.00,410
2.233,16.65,0.02,0.41,3.97,2.83,2.53,411
2.250,16.67,0.02,0.40,0.25,2.84,0.00,413
2.267,16.66,0.02,0.38,3.82,2.84,2.42,413
2.283,16.67,0.02,0.40,0.22,2.84,0.00,415
2.300,16.67,0.02,0.39,3.90,2.23,2.52,417
2.317,16.68,0.02,0.41,0.24,2.25,0.00,418
2.333,16.66,0.02,0.37,3.76,2.25,2.38,421
2.350,16.67,0.02,0.38,0.22,2.25,0.00,422
2.367,16.67,0.02,0.37,3.86,2.27,2.44,425
2.384,16.67,0.09,0.41,0.25,2.27,0.00,456
2.400,16.68,0.02,0.41,3.97,2.43,2.50,469
2.417,16.65,0.02,0.42,0.26,2.54,0.00,473
2.434,16.69,0.02,0.43,3.74,2.53,2.30,474
2.450,16.65,0.02,0.43,0.27,2.54,0.00,478
2.467,16.67,0.02,0.39,4.05,2.52,2.60,478
2.484,16.66,0.02,0.42,0.25,2.53,0.00,477
2.500,16.68,0.02,0.39,3.94,2.54,2.56,479
2.517,16.74,0.02,0.58,0.31,2.54,0.00,481
2.534,16.67,0.02,0.56,4.12,2.52,2.73,482
2.550,16.67,0.03,0.57,0.29,2.51,0.00,481
2.567,16.66,0.02,0.58,4.29,2.50,2.86,480
2.584,16.60,0.03,0.59,0.31,2.48,0.00,481
2.600,16.67,0.02,0.56,3.94,2.47,2.53,480
2.617,16.69,0.03,0.59,0.35,2.48,0.00,481
2.634,16.72,0.03,0.58,4.23,2.46,2.76,479
2.650,16.60,0.03,0.58,0.31,2.48,0.00,479
2.667,16.66,0.02,0.58,4.08,2.46,2.61,482
2.684,16.67,0.03,0.58,0.31,2.47,0.00,484
2.700,16.67,0.02,0.57,4.00,2.46,2.58,483
2.717,16.77,0.03,0.58,0.33,2.48,0.00,483
2.734,16.69,0.02,0.56,3.92,2.47,2.53,485
2.750,16.55,0.03,0.60,0.34,2.47,0.00,487
2.767,16.66,0.02,0.57,3.93,2.47,2.53,486
2.784,16.74,0.03,0.59,0.31,2.47,0.00,484
2.800,16.66,0.02,0.57,3.93,2.49,2.54,487
2.817,16.68,0.02,0.57,0.31,2.49,0.00,489
2.834,16.66,0.03,0.56,4.07,2.47,2.63,490
2.850,16.67,0.03,0.59,0.31,2.49,0.00,488
2.867,16.67,0.02,0.59,4.14,2.48,2.67,490
2.884,16.60,0.03,0.60,0.34,2.46,0.00,489
2.900,16.66,0.02,0.56,4.19,2.47,2.77,490
2.917,16.70,0.03,0.78,0.42,2.47,0.00,489
2.934,16.68,0.06,0.79,4.50,2.45,3.00,487
2.950,16.64,0.03,0.79,0.41,2.47,0.00,486
2.967,16.67,0.03,0.82,4.47,2.46,2.96,491
2.984,16.66,0.03,0.80,0.40,2.46,0.00,491
3.000,16.67,0.04,0.75,4.39,2.45,2.91,492
3.017,16.67,0.06,0.78,0.40,2.45,0.00,494
3.034,16.68,0.04,0.76,4.37,2.44,2.91,494
3.050,16.66,0.04,0.78,0.39,2.45,0.00,490
3.067,16.67,0.05,0.77,4.40,2.44,2.93,491
3.084,16.67,0.05,0.79,0.45,2.41,0.00,492
3.100,16.66,0.04,0.75,4.48,2.44,3.01,492
3.117,16.67,0.05,0.78,0.41,2.44,0.00,490
3.134,16.71,0.03,0.77,4.40,2.41,2.93,489
3.150,16.62,0.03,0.79,0.41,2.42,0.00,488
3.167,16.69,0.04,0.75,4.34,2.41,2.89,488
3.184,16.66,0.06,0.78,0.40,2.42,0.00,487
3.200,16.75,0.04,0.76,4.30,2.40,2.92,486
3.217,16.58,0.04,0.78,0.44,2.38,0.00,483
3.234,16.67,0.05,0.74,4.42,2.39,2.95,482
3.250,16.67,0.05,0.78,0.40,2.41,0.00,482
3.267,16.67,0.04,0.74,4.37,2.40,2.90,478
3.284,16.67,0.05,0.77,0.40,2.40,0.00,474
3.300,16.67,0.04,0.76,4.44,2.40,2.96,470
3.317,16.67,0.05,0.78,0.41,2.39,0.00,466
3.334,16.67,0.04,0.75,4.35,2.37,2.90,463
3.350,16.67,0.05,0.77,0.41,2.37,0.00,458
3.367,16.69,0.03,0.76,4.42,2.36,2.98,450
3.384,16.65,0.05,0.74,0.43,2.36,0.00,442
3.400,16.66,0.03,0.72,4.37,2.10,2.92,440
3.417,16.67,0.05,0.74,0.41,2.10,0.00,437
3.434,16.67,0.03,0.70,4.37,2.06,2.88,435
3.450,16.66,0.03,0.75,0.42,2.09,0.00,428
3.467,16.70,0.03,0.70,4.38,2.05,2.92,425
3.484,16.65,0.03,0.75,0.42,2.07,0.00,423
3.500,16.68,0.03,0.74,4.48,2.07,2.98,423
3.517,16.65,0.03,0.74,0.44,2.08,0.00,423
3.534,16.67,0.07,0.96,4.59,2.05,3.11,476
3.550,16.67,0.06,0.98,0.42,2.91,0.00,473
3.567,16.66,0.06,0.95,4.38,2.90,2.93,472
3.584,16.67,0.06,0.97,0.41,2.91,0.00,470
3.600,16.68,0.06,0.94,4.28,2.91,2.85,465
3.617,16.66,0.06,0.97,0.39,2.90,0.00,463
3.634,16.67,0.06,0.94,4.48,2.90,3.04,462
3.650,16.68,0.06,0.97,0.42,2.90,0.00,462
3.667,16.65,0.05,0.94,4.36,2.90,2.90,459
3.684,16.68,0.07,0.99,0.46,2.90,0.00,457
3.700,16.66,0.06,0.97,4.35,2.95,2.91,458
3.717,16.66,0.07,0.98,0.41,2.95,0.00,459
3.734,16.68,0.04,0.95,4.28,2.97,2.86,459
3.750,16.67,0.05,0.97,0.42,2.99,0.00,468
3.767,16.67,0.04,0.95,4.36,3.02,2.89,468
3.784,16.66,0.06,0.98,0.40,3.05,0.00,468
3.800,16.70,0.04,0.95,4.37,3.05,2.90,469
3.817,16.64,0.06,0.98,0.40,3.07,0.00,467
3.834,16.67,0.06,0.96,4.31,3.06,2.88,465
3.850,16.67,0.06,0.78,0.40,3.02,0.00,460
3.867,16.70,0.04,0.77,4.51,3.01,3.01,458
3.884,16.65,0.05,0.79,0.48,3.00,0.00,458
3.900,16.67,0.04,0.83,4.56,3.00,3.06,459
3.917,16.67,0.05,0.79,0.41,3.01,0.00,461
3.934,16.66,0.05,0.76,4.37,3.01,2.90,461
3.950,16.67,0.06,0.80,0.42,2.44,0.00,460
3.967,16.68,0.04,0.80,4.49,2.43,2.98,462
3.984,16.66,0.05,0.79,0.41,2.44,0.00,466
4.000,16.66,0.05,0.76,4.40,2.47,2.94,466
4.017,16.74,0.04,0.80,0.40,2.48,0.00,468
4.034,16.63,0.05,0.78,4.39,2.45,2.93,468
4.050,16.64,0.06,0.79,0.42,2.46,0.00,472
4.067,16.69,0.04,0.78,4.41,2.47,2.93,475
4.084,16.66,0.06,0.80,0.43,2.45,0.00,476
4.100,16.65,0.02,0.32,2.61,2.47,1.96,477
4.117,16.65,0.02,0.26,0.21,2.46,0.00,478
4.134,16.74,0.02,0.27,3.57,2.45,2.14,480
4.150,16.64,0.07,0.82,0.48,2.49,0.00,482
4.167,16.66,0.04,0.81,4.56,2.49,3.07,484
4.184,16.68,0.04,0.30,0.19,2.50,0.00,490
4.200,16.74,0.04,0.82,4.61,2.48,3.07,496
4.217,16.59,0.04,0.81,0.43,2.49,0.00,500
4.234,16.66,0.04,0.77,4.41,2.50,2.93,502
4.250,16.67,0.04,0.81,0.41,2.51,0.00,502
4.267,16.66,0.05,0.76,4.39,2.51,2.92,506
4.284,16.67,0.06,0.80,0.41,2.51,0.00,506
4.300,16.68,0.04,0.76,4.39,2.54,2.91,508
4.317,16.65,0.06,0.80,0.42,2.54,0.00,511
4.334,16.67,0.04,0.76,4.31,2.54,2.87,509
4.350,16.67,0.05,0.72,0.40,2.53,0.00,508
4.367,16.66,0.05,0.69,4.35,2.53,2.90,508
4.384,16.70,0.19,0.83,0.44,2.51,0.00,572
4.400,16.64,0.07,0.78,4.39,2.66,2.93,582
4.417,16.67,0.08,0.81,0.41,2.79,0.00,583
4.434,16.68,0.07,0.75,4.42,2.79,2.97,582
4.450,16.69,0.09,0.81,0.45,2.80,0.00,581
4.467,16.73,0.07,0.81,4.46,2.79,2.96,580
4.484,16.57,0.09,0.81,0.41,2.79,0.00,579
4.500,16.69,0.09,0.81,4.50,2.78,2.98,580
4.517,16.65,0.09,0.82,0.46,2.79,0.00,579
4.534,16.67,0.06,0.78,4.40,2.79,2.92,577
4.550,16.68,0.07,0.81,0.41,2.79,0.00,577
4.567,16.65,0.08,0.81,4.52,2.78,3.02,578
4.584,16.67,0.07,0.81,0.43,2.79,0.00,579
4.600,16.70,0.06,0.78,4.34,2.81,2.90,578
4.617,16.63,0.09,0.79,0.41,2.81,0.00,580
4.634,16.67,0.08,0.80,4.46,2.81,2.96,577
4.650,16.67,0.09,0.81,0.41,2.81,0.00,575
4.667,16.66,0.08,0.80,4.48,2.79,2.97,573
4.684,16.67,0.08,0.82,0.41,2.80,0.00,571
4.700,16.67,0.08,0.79,4.47,2.80,3.00,569
4.717,16.68,0.07,0.81,0.41,2.79,0.00,568
4.734,16.67,0.06,0.78,4.36,2.78,2.90,569
4.750,16.75,0.07,0.82,0.42,2.81,0.00,568
4.767,16.58,0.07,0.79,4.36,2.81,2.90,564
4.784,16.67,0.08,0.81,0.41,2.79,0.00,563
4.800,16.66,0.07,0.77,4.35,2.79,2.91,561
4.817,16.67,0.08,0.81,0.41,2.77,0.00,559
4.834,16.67,0.07,0.78,4.38,2.76,2.90,558
4.850,16.66,0.08,0.81,0.41,2.74,0.00,558
4.867,16.67,0.07,0.77,4.32,2.74,2.88,556
4.884,16.67,0.09,0.80,0.45,2.73,0.00,556
4.900,16.67,0.08,0.77,4.34,2.74,2.91,555
4.917,16.68,0.07,0.79,0.42,2.73,0.00,551
4.934,16.68,0.05,0.60,3.36,2.70,2.51,546
4.950,16.62,0.04,0.34,0.28,2.69,0.00,542
4.967,16.71,0.09,0.82,4.64,2.67,3.08,540
4.984,16.66,0.09,0.82,0.43,2.66,0.00,537
5.000,16.66,0.07,0.77,4.42,2.65,2.91,535
5.017,16.67,0.07,0.82,0.43,2.63,0.00,532
5.034,16.70,0.07,0.77,4.42,2.62,2.93,530
5.050,16.63,0.08,0.77,0.42,2.27,0.00,528
5.067,16.67,0.07,0.73,4.37,2.26,2.90,527
5.084,16.67,0.09,0.77,0.41,2.25,0.00,524
5.100,16.67,0.07,0.73,4.47,2.24,2.98,524
5.117,16.67,0.08,0.78,0.42,2.24,0.00,524
5.134,16.68,0.07,0.76,4.44,2.22,2.95,524
5.150,16.67,0.08,0.77,0.41,2.21,0.00,523
5.167,16.68,0.06,0.72,4.36,2.20,2.91,522
5.184,16.65,0.09,0.77,0.42,2.20,0.00,522
5.200,16.66,0.08,0.74,4.43,2.20,2.94,522
5.217,16.68,0.07,0.76,0.47,2.21,0.00,522
5.234,16.66,0.08,0.74,4.54,2.19,3.03,516
5.250,16.67,0.09,0.78,0.46,2.19,0.00,516
5.267,16.68,0.06,0.74,4.50,2.17,3.02,515
5.284,16.66,0.08,0.77,0.42,2.17,0.00,511
5.300,16.67,0.06,0.75,4.39,2.15,2.92,509
5.317,16.68,0.09,0.76,0.42,2.16,0.00,508
5.334,16.67,0.07,0.73,4.49,2.13,3.01,507
5.350,16.66,0.04,0.40,0.29,2.15,0.00,505
5.367,16.68,0.07,0.76,4.53,2.15,3.01,504
5.384,16.67,0.06,0.78,0.45,2.14,0.00,499
5.400,16.67,0.05,0.73,4.40,2.13,2.94,497
5.417,16.65,0.04,0.79,0.40,2.14,0.00,497
5.434,16.67,0.06,0.74,4.40,2.12,2.93,495
5.450,16.69,0.04,0.80,0.46,2.12,0.00,491
5.467,16.68,0.04,0.78,4.56,2.10,3.05,488
5.484,16.66,0.06,0.79,0.47,2.09,0.00,487
5.500,16.66,0.05,0.57,4.70,2.10,3.16,478
5.517,16.68,0.06,0.56,0.43,2.09,0.00,476
5.534,16.65,0.04,0.54,4.35,2.08,2.91,473
5.550,16.67,0.06,0.55,0.40,2.08,0.00,469
5.567,16.67,0.05,0.56,4.38,2.05,2.90,467
5.584,16.74,0.04,0.57,0.40,2.04,0.00,465
5.600,16.60,0.05,0.56,4.39,2.04,2.91,464
5.617,16.67,0.07,0.55,0.44,2.04,0.00,464
5.634,16.69,0.09,0.83,4.77,2.02,3.24,511
5.650,16.64,0.09,0.80,0.45,2.94,0.00,509
5.667,16.66,0.09,0.77,4.38,2.94,2.93,509
5.684,16.67,0.09,0.80,0.42,2.94,0.00,506
5.700,16.68,0.08,0.77,4.40,2.92,2.91,504
5.717,16.65,0.06,0.60,0.33,2.93,0.00,503
5.734,16.68,0.09,0.80,4.40,2.91,2.93,503
5.750,16.67,0.09,0.80,0.41,2.92,0.00,504
5.767,16.66,0.09,0.79,4.39,2.90,2.95,502
5.784,16.67,0.10,0.81,0.41,2.91,0.00,501
5.801,16.69,0.08,0.80,4.33,2.87,2.88,501
5.817,16.66,0.08,0.82,0.48,2.90,0.00,504
5.834,16.65,0.10,0.82,4.43,2.86,2.95,503
5.850,16.67,0.08,0.81,0.41,2.88,0.00,504
5.867,16.66,0.09,0.81,4.31,2.87,2.86,505
5.884,16.73,0.10,0.83,0.48,2.87,0.00,505
5.900,16.61,0.10,0.83,4.41,2.85,2.93,507
5.917,16.67,0.09,0.83,0.40,2.88,0.00,508
5.934,16.69,0.08,0.80,4.36,2.86,2.90,509
5.951,16.77,0.08,0.81,0.44,2.90,0.00,511
5.967,16.60,0.06,0.61,4.23,2.89,2.79,510
5.984,16.61,0.09,0.82,0.39,2.91,0.00,509
6.001,16.67,0.08,0.82,4.39,2.89,2.91,511
6.017,16.67,0.09,0.83,0.40,2.88,0.00,515
6.034,16.66,0.09,0.81,4.42,2.88,2.95,515
6.051,16.69,0.09,0.82,0.41,2.31,0.00,517
6.067,16.64,0.08,0.82,4.36,2.32,2.88,518
6.084,16.68,0.09,0.81,0.41,2.33,0.00,520
6.101,16.66,0.08,0.84,4.34,2.35,2.87,521
6.117,16.68,0.09,0.83,0.41,2.36,0.00,522
6.134,16.67,0.09,0.82,4.40,2.36,2.90,521
6.151,16.66,0.08,0.83,0.43,2.35,0.00,524
6.167,16.66,0.08,0.82,4.32,2.36,2.85,524
6.184,16.67,0.09,0.83,0.41,2.37,0.00,525
6.201,16.67,0.08,0.81,4.40,2.38,2.93,527
6.217,16.67,0.09,0.83,0.40,2.39,0.00,529
6.234,16.66,0.08,0.80,4.31,2.39,2.85,530
6.251,16.68,0.09,0.84,0.45,2.43,0.00,530
6.267,16.67,0.09,0.84,4.41,2.42,2.91,533
6.284,16.66,0.08,0.82,0.41,2.43,0.00,533
6.301,16.66,0.08,0.81,4.40,2.43,2.96,535
6.317,16.68,0.08,0.82,0.43,2.45,0.00,534
6.334,16.66,0.08,0.83,4.35,2.46,2.89,534
6.351,16.67,0.09,0.76,0.42,2.46,0.00,533
6.367,16.66,0.08,0.77,4.27,2.46,2.83,535
6.384,16.67,0.20,0.88,0.44,2.48,0.00,576
6.401,16.66,0.09,0.86,4.31,2.70,2.87,582
6.417,16.67,0.09,0.86,0.40,2.77,0.00,582
6.434,16.67,0.09,0.86,4.32,2.77,2.88,582
6.451,16.67,0.08,0.86,0.45,2.78,0.00,582
6.467,16.69,0.08,0.88,4.50,2.76,2.96,582
6.484,16.65,0.09,0.89,0.45,2.76,0.00,581
6.501,16.66,0.09,0.85,4.41,2.76,2.94,583
6.517,16.67,0.07,0.88,0.44,2.76,0.00,584
6.534,16.66,0.09,0.86,4.33,2.76,2.87,585
6.551,16.67,0.09,0.86,0.41,2.77,0.00,586
6.567,16.68,0.07,0.88,4.56,2.76,3.08,585
6.584,16.68,0.09,0.87,0.40,2.76,0.00,583
6.601,16.65,0.10,0.87,4.38,2.75,2.91,584
6.617,16.66,0.08,0.87,0.42,2.75,0.00,585
6.634,16.67,0.08,0.85,4.43,2.75,2.94,588
6.651,16.68,0.08,0.87,0.41,2.74,0.00,587
6.667,16.67,0.09,0.85,4.38,2.73,2.92,588
6.684,16.66,0.09,0.87,0.40,2.72,0.00,588
6.701,16.66,0.09,0.87,4.40,2.73,2.90,587
6.717,16.68,0.09,0.88,0.45,2.72,0.00,586
6.734,16.65,0.08,0.86,4.40,2.71,2.95,585
6.751,16.70,0.08,0.89,0.42,2.71,0.00,584
6.767,16.65,0.08,0.87,4.38,2.70,2.92,583
6.784,16.66,0.08,0.87,0.41,2.69,0.00,583
6.801,16.68,0.08,0.87,4.44,2.68,2.94,585
6.817,16.68,0.09,0.89,0.42,2.68,0.00,584
6.834,16.63,0.09,0.85,4.42,2.66,2.97,582
6.851,16.67,0.09,0.87,0.42,2.69,0.00,581
6.867,16.67,0.08,0.87,4.33,2.69,2.88,580
6.884,16.68,0.09,0.90,0.45,2.67,0.00,578
6.901,16.66,0.10,0.89,4.46,2.65,2.96,576
6.917,16.67,0.09,0.87,0.40,2.66,0.00,571
6.934,16.66,0.09,0.88,4.33,2.66,2.88,575
6.951,16.66,0.08,0.87,0.41,2.65,0.00,574
6.967,16.67,0.09,0.87,4.37,2.65,2.90,573
6.984,16.67,0.11,1.15,0.42,2.64,0.00,625
7.001,16.67,0.10,1.14,4.51,3.55,3.06,626
7.017,16.67,0.10,1.17,0.42,3.55,0.00,626
7.034,16.67,0.10,1.15,4.32,3.55,2.87,622
7.051,16.67,0.10,1.16,0.43,3.56,0.00,619
7.067,16.67,0.10,1.16,4.39,3.56,2.92,617
7.084,16.67,0.10,1.19,0.43,3.56,0.00,615
7.101,16.66,0.10,1.16,4.45,3.56,2.98,610
7.117,16.68,0.11,1.20,0.42,3.55,0.00,600
7.134,16.66,0.10,1.19,4.35,3.55,2.92,591
7.151,16.69,0.11,1.18,0.42,3.17,0.00,591
7.167,16.65,0.10,1.15,4.30,3.20,2.86,587
7.184,16.66,0.10,1.18,0.42,3.21,0.00,587
7.201,16.69,0.09,1.19,4.32,3.20,2.85,591
7.217,16.67,0.09,1.18,0.47,3.23,0.00,591
7.234,16.65,0.10,1.21,4.44,3.24,2.95,592
7.251,16.70,0.11,1.21,0.46,3.24,0.00,592
7.267,16.64,0.10,1.19,4.47,3.27,2.96,592
7.284,16.68,0.10,1.22,0.45,3.28,0.00,595
7.301,16.67,0.10,1.21,4.44,3.31,2.93,596
7.317,16.66,0.10,1.21,0.44,3.33,0.00,599
7.334,16.66,0.10,1.20,4.40,3.34,2.93,598
7.351,16.70,0.10,1.21,0.45,3.36,0.00,597
7.367,16.64,0.10,1.21,4.48,3.34,3.01,597
7.384,16.68,0.09,1.21,0.42,3.35,0.00,597
7.401,16.65,0.11,1.22,4.40,2.78,2.92,597
7.417,16.74,0.10,1.20,0.49,2.78,0.00,599
7.434,16.60,0.11,1.23,4.52,2.78,3.00,601
7.451,16.67,0.10,1.23,0.44,2.82,0.00,601
7.467,16.75,0.12,1.24,4.63,2.81,3.03,601
7.484,16.65,0.07,0.92,0.38,2.82,0.00,600
7.501,16.62,0.10,1.24,4.50,2.82,2.97,600
7.517,16.64,0.10,1.22,0.44,2.84,0.00,602
7.534,16.67,0.09,1.20,4.41,2.83,2.93,603
7.551,16.69,0.09,1.20,0.42,2.84,0.00,601
7.567,16.65,0.09,1.22,4.39,2.84,2.92,599
7.584,16.67,0.10,1.20,0.43,2.85,0.00,596
7.601,16.69,0.08,0.95,4.41,2.87,2.93,593
7.617,16.65,0.10,0.97,0.41,2.88,0.00,593
7.634,16.67,0.09,0.97,4.50,2.87,3.00,595
7.651,16.68,0.09,0.98,0.46,2.88,0.00,596
7.667,16.65,0.09,0.95,4.38,2.88,2.94,596
7.684,16.68,0.10,0.98,0.43,2.89,0.00,596
7.701,16.66,0.09,0.96,4.32,2.90,2.86,596
7.717,16.77,0.08,0.98,0.46,2.88,0.00,598
7.734,16.56,0.09,0.96,4.36,2.87,2.91,599
7.751,16.70,0.10,0.97,0.47,2.92,0.00,600
7.767,16.64,0.08,1.00,4.45,2.90,2.94,601
7.784,16.69,0.10,0.96,0.47,2.92,0.00,601
7.801,16.64,0.10,0.97,4.44,2.91,2.96,601
7.817,16.67,0.10,0.97,0.43,2.93,0.00,601
7.834,16.66,0.09,0.93,4.38,2.92,2.91,600
7.851,16.67,0.10,0.97,0.43,2.92,0.00,602
7.867,16.66,0.08,0.94,4.41,2.92,2.94,602
7.884,16.68,0.10,0.96,0.44,2.93,0.00,604
7.901,16.66,0.10,0.95,4.50,2.96,3.00,604
7.917,16.67,0.10,0.97,0.43,2.95,0.00,603
7.934,16.69,0.10,0.95,4.41,2.96,2.93,601
7.951,16.68,0.09,0.94,0.43,2.95,0.00,604
7.967,16.65,0.09,0.96,4.45,2.95,2.95,604
7.984,16.66,0.10,0.95,0.45,2.94,0.00,607
8.001,16.66,0.09,0.95,4.42,2.95,2.91,607
8.017,16.68,0.10,0.93,0.41,2.95,0.00,607
8.034,16.67,0.09,0.95,4.41,2.94,2.94,611
8.051,16.67,0.09,0.94,0.41,3.02,0.00,610
8.067,16.67,0.09,0.95,4.34,3.00,2.87,611
8.084,16.67,0.10,0.96,0.44,3.01,0.00,612
8.101,16.66,0.09,0.93,4.32,3.01,2.88,617
8.117,16.68,0.09,0.94,0.43,3.03,0.00,619
8.134,16.66,0.08,0.93,4.25,3.03,2.82,619
8.151,16.69,0.08,0.94,0.44,3.02,0.00,620
8.167,16.64,0.08,0.92,4.31,3.03,2.87,617
8.184,16.68,0.10,0.91,0.44,3.04,0.00,619
8.201,16.66,0.09,0.93,4.38,3.02,2.89,622
8.217,16.70,0.10,0.94,0.41,3.02,0.00,625
8.234,16.65,0.08,0.93,4.41,3.01,2.94,625
8.251,16.65,0.09,0.93,0.40,3.00,0.00,625
8.267,16.66,0.08,0.91,4.34,3.00,2.90,623
8.284,16.68,0.09,0.93,0.41,3.00,0.00,624
8.301,16.66,0.08,0.92,4.42,3.00,2.94,623
8.317,16.68,0.08,0.93,0.39,3.00,0.00,624
8.334,16.67,0.08,0.91,4.37,2.98,2.89,625
8.351,16.66,0.09,0.84,0.41,3.00,0.00,628
8.367,16.67,0.09,0.82,4.34,2.98,2.89,626
8.384,16.69,0.21,0.92,0.44,2.99,0.00,638
8.401,16.67,0.10,0.94,4.46,3.07,2.94,643
8.417,16.65,0.10,0.92,0.41,3.13,0.00,642
8.434,16.66,0.09,0.90,4.49,3.11,3.02,641
8.451,16.68,0.09,0.91,0.41,3.10,0.00,632
8.467,16.67,0.10,0.91,4.43,3.08,2.93,617
8.484,16.67,0.10,0.88,0.40,3.06,0.00,612
8.501,16.69,0.08,0.89,4.35,2.62,2.87,611
8.517,16.68,0.08,0.88,0.42,2.61,0.00,611
8.534,16.64,0.09,0.89,4.40,2.61,2.91,610
8.551,16.68,0.08,0.88,0.41,2.60,0.00,608
8.567,16.64,0.08,0.89,4.31,2.57,2.86,608
8.584,16.67,0.09,0.86,0.37,2.57,0.00,609
8.601,16.68,0.09,0.91,4.42,2.56,2.91,609
8.617,16.66,0.09,0.88,0.42,2.54,0.00,610
8.634,16.66,0.09,0.86,4.36,2.54,2.90,610
8.651,16.67,0.09,0.88,0.44,2.56,0.00,610
8.667,16.66,0.08,0.87,4.38,2.54,2.92,610
8.684,16.68,0.08,0.90,0.43,2.53,0.00,609
8.701,16.66,0.08,0.88,4.42,2.52,2.96,609
8.717,16.67,0.09,0.87,0.43,2.51,0.00,609
8.734,16.67,0.09,0.87,4.33,2.50,2.90,608
8.751,16.66,0.08,0.87,0.40,2.50,0.00,608
8.767,16.68,0.09,0.85,4.26,2.49,2.83,606
8.784,16.67,0.09,0.87,0.43,2.48,0.00,607
8.801,16.66,0.08,0.85,4.32,2.51,2.89,607
8.817,16.67,0.09,0.87,0.40,2.51,0.00,606
8.834,16.77,0.07,0.85,4.38,2.50,2.91,603
8.851,16.57,0.09,0.87,0.40,2.50,0.00,601
8.867,16.66,0.09,0.85,4.33,2.49,2.90,601
8.884,16.67,0.09,0.86,0.40,2.48,0.00,599
8.901,16.68,0.09,0.87,4.35,2.48,2.90,594
8.917,16.69,0.09,0.88,0.41,2.47,0.00,592
8.934,16.64,0.25,1.25,5.04,2.47,3.59,656
8.951,16.68,0.12,0.98,0.42,3.49,0.00,625
8.967,16.67,0.11,0.96,4.42,3.45,2.96,625
8.984,16.67,0.11,0.97,0.42,3.45,0.00,624
9.001,16.66,0.10,0.97,4.40,3.44,2.94,609
9.017,16.69,0.11,0.98,0.42,3.43,0.00,607
9.034,16.65,0.10,0.95,4.33,3.42,2.90,608
9.051,16.68,0.12,0.98,0.44,3.43,0.00,607
9.067,16.66,0.10,0.98,4.40,3.43,2.91,607
9.084,16.67,0.12,0.99,0.45,3.43,0.00,604
9.101,16.67,0.11,1.00,4.37,3.40,2.91,606
9.117,16.66,0.12,0.99,0.42,3.43,0.00,608
9.134,16.66,0.11,0.97,4.37,3.43,2.90,607
9.151,16.67,0.11,1.01,0.45,3.45,0.00,610
9.167,16.67,0.11,0.99,4.42,3.46,2.94,609
9.184,16.67,0.11,1.02,0.44,3.47,0.00,611
9.201,16.66,0.10,1.00,4.36,3.46,2.90,613
9.217,16.67,0.12,1.00,0.45,3.48,0.00,616
9.234,16.66,0.11,1.02,4.46,3.49,3.00,616
9.251,16.68,0.12,1.02,0.43,3.53,0.00,616
9.268,16.80,0.09,1.00,4.37,3.52,2.88,616
9.284,16.54,0.11,1.04,0.47,3.51,0.00,616
9.301,16.66,0.10,1.03,4.37,3.52,2.90,617
9.317,16.68,0.11,1.02,0.43,3.53,0.00,621
9.334,16.66,0.10,1.01,4.39,3.54,2.94,619
9.351,16.68,0.11,1.03,0.43,2.96,0.00,620
9.367,16.66,0.10,1.02,4.27,2.97,2.84,620
9.384,16.69,0.11,1.03,0.43,2.98,0.00,623
9.401,16.67,0.11,1.04,4.39,3.01,2.92,625
9.417,16.67,0.11,1.04,0.44,3.01,0.00,626
9.434,16.65,0.10,1.04,4.31,3.02,2.86,629
9.451,16.69,0.11,1.04,0.44,3.01,0.00,630
9.467,16.64,0.10,1.08,4.28,3.02,2.83,632
9.484,16.69,0.11,1.02,0.43,3.02,0.00,633
9.501,16.66,0.11,1.06,4.63,3.01,3.12,632
9.517,16.66,0.11,1.02,0.46,3.02,0.00,632
9.534,16.67,0.10,1.00,4.51,3.02,2.99,636
9.551,16.67,0.09,1.01,0.42,3.06,0.00,637
9.568,16.77,0.10,1.03,4.57,3.07,3.04,640
9.584,16.57,0.09,1.03,0.50,3.08,0.00,641
9.601,16.68,0.11,1.04,4.57,3.08,3.06,646
9.617,16.66,0.09,1.04,0.47,3.10,0.00,649
9.634,16.74,0.10,1.04,4.49,3.10,3.00,651
9.651,16.59,0.09,1.01,0.48,3.11,0.00,652
9.668,16.71,0.11,0.99,4.52,3.12,3.01,655
9.684,16.63,0.12,1.04,0.48,3.13,0.00,657
9.701,16.66,0.09,1.01,4.56,3.16,3.06,658
9.717,16.68,0.09,1.02,0.45,3.18,0.00,663
9.734,16.66,0.09,0.98,4.54,3.19,3.03,666
9.751,16.75,0.09,1.01,0.50,3.20,0.00,667
9.768,16.61,0.10,1.01,4.62,3.20,3.11,669
9.784,16.64,0.09,0.98,0.47,3.20,0.00,670
9.801,16.68,0.11,1.01,4.54,3.22,3.02,669
9.818,16.70,0.09,0.99,0.51,3.23,0.00,672
9.834,16.63,0.11,0.98,4.58,3.23,3.06,672
9.851,16.66,0.11,0.97,0.46,3.27,0.00,672
9.868,16.69,0.08,0.96,4.52,3.28,3.02,675
9.884,16.73,0.09,0.98,0.45,3.28,0.00,677
9.901,16.68,0.09,0.97,4.57,3.28,3.02,676
9.918,16.67,0.09,0.97,0.47,3.29,0.00,673
9.934,16.69,0.09,0.96,4.56,3.28,3.02,672
9.951,16.65,0.10,0.96,0.51,3.29,0.00,669
9.968,16.57,0.10,0.94,4.50,3.28,2.96,671
9.984,16.67,0.09,0.92,0.47,3.28,0.00,672
10.001,16.66,0.08,0.93,4.54,3.32,3.02,671
10.018,16.74,0.09,0.93,0.46,3.31,0.00,670
10.034,16.73,0.09,0.92,4.48,3.31,2.97,670
10.051,16.55,0.10,0.94,0.50,3.30,0.00,668
10.068,16.73,0.09,0.91,4.53,3.31,3.01,666
10.084,16.59,0.09,0.91,0.50,3.29,0.00,665
10.101,16.67,0.09,0.92,4.51,3.29,2.98,665
10.118,16.67,0.11,0.91,0.47,3.29,0.00,664
10.134,16.69,0.10,1.00,4.51,3.28,3.00,667
10.151,16.66,0.07,0.68,0.32,3.39,0.00,667
10.168,16.63,0.04,0.37,2.84,3.39,2.13,663
10.184,16.67,0.04,0.32,0.25,3.37,0.00,663
10.201,16.76,0.07,0.68,3.45,3.38,2.59,663
10.218,16.70,0.10,0.92,0.52,3.39,0.00,663
10.234,16.54,0.05,0.48,4.06,3.38,2.91,664
10.251,16.69,0.11,0.91,0.45,3.39,0.00,660
10.268,16.67,0.10,0.90,4.40,3.38,2.92,659
10.284,16.66,0.09,0.90,0.48,3.37,0.00,657
10.301,16.66,0.04,0.36,2.62,3.35,1.97,652
10.318,16.65,0.05,0.47,0.25,3.35,0.00,645
10.334,16.68,0.06,0.66,3.60,3.33,2.48,640
10.351,16.68,0.10,0.81,0.42,3.33,0.00,638
10.368,16.67,0.09,0.81,4.42,3.31,2.93,634
10.384,16.67,0.23,0.92,0.44,3.30,0.00,659
10.401,16.67,0.11,0.92,4.52,3.49,3.00,672
10.418,16.70,0.05,0.46,0.24,3.64,0.00,668
10.434,16.63,0.07,0.63,4.80,3.62,3.37,665
10.451,16.66,0.06,0.63,0.30,2.85,0.00,664
10.468,16.68,0.06,0.64,4.10,2.84,2.69,663
10.484,16.64,0.08,0.65,0.37,2.82,0.00,663
10.501,16.69,0.06,0.64,3.98,2.82,2.56,660
10.518,16.70,0.06,0.64,0.30,2.82,0.00,658
10.534,16.63,0.08,0.85,4.21,2.81,2.76,658
10.551,16.68,0.08,0.85,0.41,2.81,0.00,657
10.568,16.65,0.09,0.82,4.39,2.81,2.94,657
10.584,16.68,0.10,0.87,0.41,2.81,0.00,653
10.601,16.67,0.08,0.83,4.32,2.81,2.87,652
10.618,16.66,0.10,0.84,0.38,2.82,0.00,652
10.634,16.68,0.08,0.86,4.34,2.80,2.88,649
10.651,16.74,0.09,0.86,0.45,2.79,0.00,649
10.668,16.57,0.08,0.63,4.00,2.79,2.74,649
10.684,16.69,0.07,0.65,0.40,2.79,0.00,648
10.701,16.64,0.04,0.36,2.79,2.77,2.09,648
10.718,16.71,0.04,0.30,0.25,2.77,0.00,647
10.734,16.72,0.08,0.67,3.11,2.76,2.21,646
10.751,16.58,0.07,0.70,0.42,2.77,0.00,645
10.768,16.67,0.06,0.65,4.29,2.78,2.80,644
10.784,16.67,0.06,0.64,0.33,2.78,0.00,643
10.801,16.69,0.06,0.66,4.12,2.77,2.62,643
10.818,16.77,0.06,0.64,0.38,2.75,0.00,643
10.834,16.58,0.04,0.37,2.64,2.74,1.95,641
10.851,16.69,0.05,0.46,0.29,2.74,0.00,641
10.868,16.61,0.08,0.66,3.76,2.74,2.58,640
10.884,16.67,0.08,0.65,0.38,2.73,0.00,639
10.901,16.66,0.06,0.48,4.07,2.74,2.60,639
10.918,16.68,0.08,0.46,0.39,2.74,0.00,639
10.934,16.67,0.09,0.61,4.47,2.72,2.98,638
10.951,16.70,0.09,0.63,0.48,2.72,0.00,638
10.968,16.64,0.10,0.63,4.44,2.69,2.96,637
10.984,16.72,0.09,0.64,0.49,2.70,0.00,635
11.001,16.62,0.10,0.65,4.50,2.69,2.98,638
11.018,16.66,0.10,0.62,0.51,2.69,0.00,637
11.034,16.67,0.10,0.62,4.46,2.67,2.96,634
11.051,16.69,0.09,0.62,0.43,2.68,0.00,634
11.068,16.64,0.09,0.60,4.36,2.67,2.90,634
11.084,16.70,0.09,0.62,0.43,2.68,0.00,631
11.101,16.64,0.08,0.61,4.43,2.65,2.96,631
11.118,16.67,0.10,0.63,0.47,2.64,0.00,631
11.134,16.69,0.08,0.60,4.42,2.62,2.92,631
11.151,16.66,0.10,0.60,0.48,2.60,0.00,628
11.168,16.66,0.08,0.69,4.50,2.60,2.99,627
11.184,16.67,0.08,0.64,0.49,2.60,0.00,625
11.201,16.67,0.10,0.64,4.49,2.60,2.96,624
11.218,16.66,0.10,0.62,0.41,2.60,0.00,624
11.234,16.66,0.09,0.63,4.43,2.59,2.94,622
11.251,16.68,0.09,0.61,0.42,2.57,0.00,610
11.268,16.66,0.09,0.59,4.38,2.55,2.91,608
11.284,16.67,0.09,0.62,0.44,2.53,0.00,609
11.301,16.73,0.08,0.62,4.44,2.52,2.93,607
11.318,16.60,0.09,0.61,0.47,2.52,0.00,606
11.334,16.67,0.10,0.62,4.47,2.51,2.95,605
11.351,16.67,0.09,0.60,0.47,2.51,0.00,605
11.368,16.67,0.10,0.63,4.57,2.50,3.07,604
11.384,16.68,0.09,0.62,0.45,2.52,0.00,602
11.401,16.67,0.09,0.62,4.48,2.49,2.99,602
11.418,16.65,0.08,0.62,0.42,2.50,0.00,602
11.434,16.67,0.08,0.59,4.43,2.49,2.93,602
11.451,16.70,0.08,0.61,0.43,2.49,0.00,602
11.468,16.65,0.10,0.65,4.60,2.48,3.01,602
11.484,16.66,0.10,0.61,0.48,2.48,0.00,603
11.501,16.67,0.10,0.64,4.48,2.50,2.96,603
11.518,16.68,0.09,0.61,0.43,2.52,0.00,601
11.534,16.65,0.10,0.62,4.42,2.51,2.95,601
11.551,16.67,0.09,0.61,0.44,2.51,0.00,602
11.568,16.69,0.08,0.60,4.43,2.52,2.93,601
11.584,16.65,0.08,0.61,0.43,2.52,0.00,601
11.601,16.65,0.08,0.61,4.43,2.51,2.95,599
11.618,16.68,0.09,0.64,0.48,2.52,0.00,598
11.634,16.66,0.09,0.62,4.52,2.52,3.03,597
11.651,16.68,0.09,0.60,0.45,2.55,0.00,597
11.668,16.66,0.10,0.63,4.51,2.54,2.99,594
11.684,16.67,0.09,0.63,0.44,2.55,0.00,592
11.701,16.66,0.09,0.61,4.37,2.54,2.90,590
11.718,16.67,0.08,0.63,0.43,2.56,0.00,591
11.734,16.67,0.09,0.61,4.46,2.55,2.97,589
11.751,16.67,0.09,0.63,0.42,2.56,0.00,586
11.768,16.66,0.09,0.60,4.44,2.56,2.97,584
11.784,16.67,0.08,0.63,0.46,2.56,0.00,584
11.801,16.69,0.08,0.64,4.52,2.57,2.99,583
11.818,16.65,0.09,0.62,0.49,2.56,0.00,582
11.834,16.66,0.08,0.60,4.38,2.57,2.92,581
11.851,16.69,0.08,0.65,0.50,2.58,0.00,578
11.868,16.66,0.08,0.67,4.58,2.57,3.02,577
11.884,16.68,0.09,0.63,0.50,2.57,0.00,570
11.901,16.66,0.09,0.65,4.64,2.54,3.12,569
11.918,16.69,0.08,0.64,0.43,2.55,0.00,564
11.934,16.63,0.08,0.62,4.44,2.55,2.97,564
11.951,16.69,0.09,0.62,0.45,2.57,0.00,561
11.968,16.65,0.08,0.61,4.39,2.57,2.90,561
11.984,16.71,0.08,0.61,0.49,2.54,0.00,560
12.001,16.63,0.08,0.62,4.48,2.54,2.98,559
12.018,16.70,0.09,0.62,0.47,2.54,0.00,557
12.034,16.67,0.08,0.65,4.51,2.52,2.97,556
12.051,16.67,0.09,0.64,0.50,2.51,0.00,553
12.068,16.64,0.09,0.64,4.50,2.49,2.96,551
12.084,16.68,0.09,0.64,0.48,2.47,0.00,550
12.101,16.65,0.09,0.61,4.41,2.49,2.94,545
12.118,16.68,0.09,0.62,0.42,2.48,0.00,545
12.134,16.68,0.09,0.63,4.41,2.47,2.92,544
12.151,16.66,0.09,0.64,0.41,2.46,0.00,538
12.168,16.66,0.08,0.63,4.61,2.45,3.08,539
12.184,16.68,0.09,0.64,0.49,2.43,0.00,538
12.201,16.67,0.07,0.62,4.52,2.40,2.98,536
12.218,16.67,0.09,0.63,0.51,2.41,0.00,534
12.234,16.67,0.10,0.62,4.53,2.40,3.02,530
12.251,16.67,0.09,0.62,0.44,2.40,0.00,529
12.268,16.66,0.09,0.62,4.47,2.39,2.98,528
12.284,16.68,0.09,0.65,0.46,2.39,0.00,526
12.301,16.66,0.08,0.62,4.47,2.37,2.98,524
12.318,16.70,0.09,0.61,0.47,2.37,0.00,523
12.334,16.67,0.10,0.65,4.72,2.34,3.07,522
12.351,16.66,0.07,0.54,0.50,2.34,0.00,520
12.368,16.70,0.08,0.53,4.55,2.33,3.01,518
12.384,16.65,0.20,0.61,0.52,2.32,0.00,537
12.401,16.63,0.05,0.32,2.77,2.44,2.07,536
12.418,16.71,0.09,0.65,0.48,2.45,0.00,537
12.434,16.65,0.08,0.61,4.20,2.44,3.02,535
12.451,16.66,0.09,0.63,0.46,2.43,0.00,534
12.468,16.67,0.09,0.59,4.54,2.41,3.02,534
12.484,16.73,0.07,0.63,0.49,2.43,0.00,534
12.501,16.69,0.08,0.63,4.48,2.42,2.97,531
12.518,16.62,0.08,0.62,0.49,2.41,0.00,530
12.534,16.64,0.13,0.93,4.71,2.41,3.18,576
12.551,16.67,0.11,0.93,0.43,3.33,0.00,581
12.568,16.66,0.09,0.91,4.39,3.38,2.92,581
12.584,16.69,0.11,0.93,0.43,3.38,0.00,578
12.601,16.65,0.10,0.92,4.38,3.38,2.89,575
12.618,16.70,0.10,0.93,0.47,3.39,0.00,576
12.634,16.66,0.09,0.94,4.46,3.39,2.93,573
12.651,16.67,0.11,0.96,0.51,3.39,0.00,573
12.668,16.67,0.13,0.95,4.53,3.38,3.01,572
12.684,16.65,0.11,0.96,0.51,3.39,0.00,571
12.701,16.65,0.09,0.93,4.52,3.40,3.04,569
12.718,16.75,0.09,0.96,0.43,3.41,0.00,566
12.734,16.59,0.09,0.96,4.48,3.41,2.98,564
12.751,16.68,0.10,0.95,0.42,3.41,0.00,562
12.768,16.69,0.08,0.94,4.41,3.40,2.92,560
12.784,16.66,0.10,0.96,0.42,3.41,0.00,558
12.801,16.65,0.10,0.96,4.47,3.41,2.94,559
12.818,16.68,0.09,0.95,0.48,3.40,0.00,560
12.834,16.66,0.10,0.96,4.55,3.43,3.01,559
12.851,16.67,0.10,0.96,0.50,3.42,0.00,557
12.868,16.65,0.09,0.93,4.42,3.43,2.95,557
12.884,16.68,0.10,0.94,0.41,3.44,0.00,555
12.901,16.66,0.10,0.95,4.40,3.42,2.92,556
12.918,16.68,0.08,0.95,0.48,3.43,0.00,557
12.934,16.67,0.10,0.98,4.45,3.41,2.93,558
12.951,16.66,0.10,0.96,0.49,2.85,0.00,558
12.968,16.68,0.10,0.97,4.59,2.86,3.06,556
12.984,16.68,0.09,1.03,0.58,2.87,0.00,557
13.001,16.64,0.08,0.72,4.20,2.87,2.68,557
13.018,16.81,0.06,0.71,0.39,2.87,0.00,557
13.034,16.54,0.10,0.95,4.55,2.87,3.01,556
13.051,16.67,0.09,0.97,0.47,2.85,0.00,557
13.068,16.68,0.10,0.98,4.61,2.86,3.04,556
13.084,16.67,0.09,0.96,0.49,2.85,0.00,556
13.101,16.66,0.11,0.97,4.53,2.86,2.99,553
13.118,16.67,0.08,0.94,0.51,2.89,0.00,552
13.134,16.68,0.10,0.93,4.44,2.88,2.92,549
13.151,16.65,0.09,0.95,0.42,2.90,0.00,550
13.168,16.66,0.09,0.91,4.41,2.90,2.92,548
13.184,16.67,0.09,0.94,0.41,2.90,0.00,546
13.201,16.66,0.09,0.95,4.33,2.89,2.88,545
13.218,16.67,0.09,0.95,0.41,2.91,0.00,544
13.234,16.66,0.09,0.94,4.54,2.91,3.06,545
13.251,16.70,0.12,1.16,0.44,2.91,0.00,605
13.268,16.64,0.10,1.14,4.54,3.78,3.04,605
13.284,16.67,0.11,1.16,0.43,3.78,0.00,609
13.301,16.69,0.11,1.14,4.35,3.79,2.87,609
13.318,16.65,0.11,1.16,0.41,3.78,0.00,611
13.334,16.67,0.11,1.14,4.40,3.78,2.90,611
13.351,16.67,0.11,1.17,0.43,3.78,0.00,612
13.368,16.66,0.10,1.15,4.32,3.78,2.85,612
13.384,16.68,0.10,1.17,0.44,3.78,0.00,613
13.401,16.66,0.11,1.16,4.38,3.76,2.89,615
13.418,16.67,0.12,1.19,0.47,3.76,0.00,615
13.434,16.66,0.11,1.18,4.41,3.77,2.94,616
13.451,16.67,0.12,1.19,0.44,3.77,0.00,619
13.468,16.69,0.11,1.16,4.33,3.78,2.84,624
13.484,16.66,0.12,1.18,0.40,3.79,0.00,623
13.501,16.66,0.11,1.19,4.51,3.76,3.03,625
13.518,16.66,0.11,1.18,0.43,3.80,0.00,625
13.534,16.68,0.11,1.17,4.35,3.78,2.88,625
13.551,16.67,0.10,1.18,0.42,3.82,0.00,624
13.568,16.66,0.10,1.16,4.38,3.81,2.89,625
13.584,16.67,0.11,1.19,0.43,3.81,0.00,627
13.601,16.66,0.10,1.16,4.32,3.81,2.84,628
13.618,16.70,0.09,1.19,0.44,3.80,0.00,630
13.634,16.64,0.10,1.18,4.37,3.80,2.88,630
13.651,16.67,0.10,1.17,0.40,3.80,0.00,631
13.668,16.67,0.11,1.17,4.39,3.21,2.90,632
13.684,16.67,0.11,1.17,0.44,3.24,0.00,633
13.701,16.67,0.09,1.19,4.46,3.23,2.95,632
13.718,16.67,0.10,1.18,0.42,3.22,0.00,634
13.734,16.66,0.09,1.15,4.35,3.21,2.86,635
13.751,16.67,0.11,1.21,0.49,3.21,0.00,638
13.768,16.66,0.10,1.16,4.45,3.20,2.99,637
13.785,16.68,0.11,1.18,0.44,3.20,0.00,638
13.801,16.68,0.08,1.16,4.32,3.20,2.86,639
13.818,16.66,0.11,1.16,0.41,3.19,0.00,639
13.835,16.66,0.11,1.19,4.41,3.22,2.92,640
13.851,16.69,0.10,1.17,0.45,3.21,0.00,638
13.868,16.65,0.09,1.15,4.39,3.19,2.89,639
13.885,16.67,0.10,1.18,0.41,3.20,0.00,637
13.901,16.67,0.09,1.15,4.34,3.19,2.87,638
13.918,16.68,0.10,1.18,0.44,3.19,0.00,640
13.935,16.66,0.11,1.19,4.43,3.18,2.93,637
13.951,16.67,0.10,1.17,0.45,3.18,0.00,637
13.968,16.66,0.09,1.16,4.32,3.21,2.86,634
13.985,16.68,0.10,1.18,0.46,3.21,0.00,630
14.001,16.67,0.10,1.17,4.42,3.19,2.93,621
14.018,16.66,0.10,1.16,0.43,3.18,0.00,612
14.035,16.67,0.10,1.16,4.53,3.16,3.01,607
14.051,16.67,0.10,1.16,0.43,2.82,0.00,606
14.068,16.66,0.10,1.14,4.36,2.82,2.89,604
14.085,16.67,0.09,1.16,0.47,2.83,0.00,602
14.101,16.67,0.10,1.13,4.38,2.82,2.89,604
14.118,16.67,0.10,1.13,0.44,2.85,0.00,605
14.135,16.67,0.09,1.13,4.25,2.84,2.81,605
14.151,16.66,0.09,1.13,0.43,2.85,0.00,605
14.168,16.68,0.10,1.14,4.41,2.85,2.90,605
14.185,16.66,0.10,1.14,0.43,2.85,0.00,607
14.201,16.67,0.08,1.11,4.36,2.85,2.90,609
14.218,16.67,0.10,1.15,0.41,2.86,0.00,607
14.235,16.67,0.09,1.14,4.45,2.84,2.93,607
14.251,16.67,0.10,1.15,0.45,2.83,0.00,607
14.268,16.67,0.09,1.13,4.37,2.87,2.91,607
14.285,16.67,0.10,1.14,0.41,2.87,0.00,605
14.301,16.66,0.09,1.10,4.47,2.86,2.99,604
14.318,16.68,0.10,1.13,0.43,2.87,0.00,605
14.335,16.66,0.09,1.13,4.40,2.86,2.89,606
14.351,16.67,0.09,1.06,0.44,2.87,0.00,609
14.368,16.66,0.09,1.05,4.37,2.87,2.90,608
14.385,16.69,0.21,1.16,0.44,2.86,0.00,629
14.401,16.69,0.08,1.14,4.33,3.02,2.86,634
14.418,16.66,0.10,1.16,0.46,3.10,0.00,634
14.435,16.63,0.09,1.16,4.38,3.10,2.91,633
14.451,16.68,0.10,1.17,0.42,3.10,0.00,632
14.468,16.68,0.10,1.17,4.32,3.10,2.85,631
14.485,16.66,0.10,1.17,0.44,3.10,0.00,632
14.501,16.67,0.10,0.89,4.36,3.10,2.88,624
14.518,16.67,0.10,0.89,0.44,3.10,0.00,627
14.535,16.66,0.10,0.88,4.38,3.10,2.91,625
14.551,16.67,0.10,0.89,0.42,3.12,0.00,622
14.568,16.67,0.11,0.90,4.52,3.11,3.02,622
14.585,16.66,0.10,0.90,0.42,3.10,0.00,624
14.601,16.69,0.08,0.88,4.30,3.11,2.86,621
14.618,16.66,0.10,0.90,0.42,3.11,0.00,621
14.635,16.68,0.08,0.91,4.36,3.10,2.87,620
14.651,16.65,0.10,0.87,0.41,3.09,0.00,619
14.668,16.66,0.09,0.91,4.44,3.09,2.94,615
14.685,16.67,0.09,0.89,0.42,3.11,0.00,611
14.701,16.66,0.09,0.87,4.37,3.08,2.91,609
14.718,16.68,0.10,0.89,0.43,3.08,0.00,601
14.735,16.65,0.09,0.86,4.34,3.06,2.89,595
14.751,16.70,0.08,0.85,0.44,3.05,0.00,583
14.768,16.64,0.09,0.84,4.34,2.65,2.83,581
14.785,16.67,0.05,0.49,0.49,2.64,0.00,582
14.801,16.67,0.09,0.85,4.47,2.62,2.97,582
14.818,16.68,0.11,0.86,0.47,2.62,0.00,581
14.835,16.73,0.08,0.86,4.60,2.62,3.08,579
14.851,16.65,0.08,0.91,0.48,2.61,0.00,579
14.868,16.64,0.10,0.87,4.43,2.59,2.92,576
14.885,16.65,0.09,0.85,0.43,2.58,0.00,573
14.901,16.66,0.09,0.82,4.40,2.57,2.92,572
14.918,16.69,0.10,0.85,0.47,2.57,0.00,572
14.935,16.66,0.09,0.84,4.39,2.54,2.90,570
14.951,16.72,0.08,0.86,0.46,2.53,0.00,570
14.968,16.61,0.09,0.83,4.43,2.55,2.95,570
14.985,16.75,0.08,0.88,0.45,2.54,0.00,570
15.001,16.59,0.10,0.86,4.62,2.52,3.11,568
15.018,16.67,0.10,0.86,0.43,2.51,0.00,566
15.035,16.66,0.09,0.84,4.42,2.50,2.93,564
15.051,16.68,0.10,0.86,0.46,2.49,0.00,563
15.068,16.70,0.10,0.86,4.44,2.47,2.92,562
15.085,16.64,0.09,0.85,0.40,2.48,0.00,555
15.101,16.66,0.10,0.85,4.49,2.46,3.00,554
15.118,16.68,0.09,0.86,0.47,2.48,0.00,553
15.135,16.66,0.09,0.82,4.47,2.47,2.96,549
15.151,16.67,0.09,0.84,0.42,2.46,0.00,549
15.168,16.66,0.11,0.88,4.46,2.45,2.97,545
15.185,16.70,0.09,0.85,0.44,2.43,0.00,544
15.201,16.64,0.09,0.84,4.35,2.42,2.88,541
15.218,16.67,0.08,0.61,0.44,2.43,0.00,519
15.235,16.70,0.11,1.02,5.36,2.41,3.86,606
15.251,16.65,0.12,1.05,0.49,3.46,0.00,607
15.268,16.66,0.10,1.06,4.49,3.46,2.98,605
15.285,16.68,0.11,1.04,0.44,3.46,0.00,609
15.301,16.65,0.11,1.03,4.42,3.47,2.95,611
15.318,16.67,0.11,1.04,0.43,3.48,0.00,608
15.335,16.66,0.11,1.03,4.44,3.48,2.96,609
15.351,16.68,0.12,1.09,0.46,3.49,0.00,610
15.368,16.68,0.10,1.09,4.54,3.49,3.04,608
15.385,16.66,0.12,1.06,0.43,3.51,0.00,608
15.401,16.69,0.07,0.57,3.78,3.51,2.29,610
15.418,16.66,0.11,1.10,0.45,3.54,0.00,610
15.435,16.64,0.11,1.07,4.42,3.52,2.94,609
15.451,16.66,0.10,1.09,0.43,3.55,0.00,610
15.468,16.67,0.10,1.07,4.33,3.56,2.87,609
15.485,16.67,0.11,1.09,0.43,3.56,0.00,610
15.501,16.68,0.12,1.10,4.43,3.57,2.93,611
15.518,16.66,0.12,1.10,0.44,3.58,0.00,618
15.535,16.67,0.11,1.10,4.40,3.61,2.92,618
15.551,16.66,0.11,1.09,0.43,3.61,0.00,618
15.568,16.67,0.10,1.08,4.35,3.63,2.90,620
15.585,16.68,0.11,1.20,0.45,3.63,0.00,623
15.601,16.67,0.10,1.09,4.42,3.64,2.93,624
15.618,16.69,0.11,1.11,0.47,3.65,0.00,625
15.635,16.65,0.10,1.08,4.55,3.64,3.04,624
15.651,16.68,0.11,1.09,0.45,3.08,0.00,626
15.668,16.65,0.11,1.10,4.48,3.11,3.00,627
15.685,16.68,0.11,1.12,0.46,3.12,0.00,630
15.701,16.66,0.10,1.08,4.38,3.13,2.93,631
15.718,16.68,0.11,1.09,0.43,3.15,0.00,632
15.735,16.66,0.10,1.10,4.32,3.15,2.88,632
15.751,16.67,0.11,1.11,0.47,3.16,0.00,631
15.768,16.71,0.09,1.10,4.42,3.17,2.95,635
15.785,16.66,0.10,1.11,0.44,3.19,0.00,639
15.801,16.64,0.11,1.11,4.40,3.21,2.93,640
15.818,16.66,0.11,1.11,0.43,3.22,0.00,640
15.835,16.67,0.11,1.10,4.47,3.24,2.98,643
15.851,16.67,0.10,1.08,0.42,3.25,0.00,641
15.868,16.66,0.10,1.11,4.37,3.26,2.88,644
15.885,16.66,0.09,1.07,0.42,3.27,0.00,645
15.901,16.67,0.10,1.09,4.56,3.28,3.09,647
15.918,16.69,0.11,1.08,0.42,3.30,0.00,648
15.935,16.66,0.11,1.07,4.41,3.33,2.93,647
15.951,16.66,0.10,1.06,0.41,3.34,0.00,652
15.968,16.67,0.10,1.06,4.47,3.35,2.96,655
15.985,16.70,0.10,1.08,0.43,3.37,0.00,656
16.001,16.65,0.11,1.07,4.45,3.39,2.95,657
16.018,16.68,0.10,1.06,0.44,3.40,0.00,656
16.035,16.65,0.08,1.05,4.37,3.40,2.90,659
16.051,16.67,0.10,1.06,0.44,3.42,0.00,664
16.068,16.66,0.09,1.05,4.36,3.46,2.92,665
16.085,16.67,0.10,1.05,0.43,3.47,0.00,665
16.101,16.67,0.10,1.04,4.35,3.47,2.90,663
16.118,16.68,0.11,1.05,0.44,3.48,0.00,662
16.135,16.66,0.09,1.03,4.31,3.49,2.86,665
16.151,16.67,0.10,1.05,0.42,3.50,0.00,666
16.168,16.67,0.09,1.04,4.42,3.51,2.99,666
16.185,16.68,0.10,1.04,0.45,3.52,0.00,663
16.201,16.65,0.10,1.03,4.35,3.53,2.90,665
16.218,16.67,0.10,1.03,0.42,3.57,0.00,664
16.235,16.67,0.09,1.01,4.30,3.58,2.87,664
16.251,16.69,0.10,1.06,0.46,3.58,0.00,663
16.268,16.65,0.10,1.03,4.37,3.55,2.90,663
16.285,16.66,0.10,1.03,0.45,3.57,0.00,661
16.301,16.70,0.08,1.01,4.41,3.58,2.93,662
16.318,16.68,0.10,1.01,0.42,3.59,0.00,659
16.335,16.73,0.09,1.03,4.44,3.57,2.95,661
16.351,16.66,0.09,0.95,0.45,3.61,0.00,659
16.368,16.57,0.09,0.90,4.38,3.60,2.92,655
16.385,16.68,0.22,1.01,0.44,3.59,0.00,670
16.401,16.65,0.10,0.97,4.38,3.73,2.89,678
16.418,16.68,0.10,1.00,0.42,3.80,0.00,678
16.435,16.66,0.10,1.00,4.46,3.78,2.99,677
16.451,16.67,0.10,0.98,0.45,3.77,0.00,677
16.468,16.67,0.10,0.96,4.36,3.76,2.89,678
16.485,16.67,0.10,0.98,0.41,3.78,0.00,675
16.501,16.74,0.09,0.96,4.41,3.76,2.92,671
16.518,16.60,0.10,0.98,0.41,3.74,0.00,667
16.535,16.67,0.09,0.97,4.33,3.72,2.88,663
16.551,16.67,0.11,0.98,0.41,3.71,0.00,657
16.568,16.66,0.09,0.97,4.34,3.69,2.88,652
16.585,16.67,0.11,0.97,0.45,3.68,0.00,650
16.601,16.67,0.09,0.94,4.42,3.65,2.94,643
16.618,16.67,0.10,0.94,0.43,3.66,0.00,640
16.635,16.67,0.10,0.94,4.42,3.63,2.94,636
16.651,16.68,0.08,0.90,0.41,3.61,0.00,633
16.668,16.66,0.09,0.94,4.40,3.58,2.91,632
16.685,16.67,0.10,0.93,0.45,3.56,0.00,630
16.701,16.66,0.09,0.94,4.47,3.54,3.00,624
16.718,16.67,0.10,0.94,0.43,3.53,0.00,620
16.735,16.66,0.09,0.87,4.38,3.50,2.90,609
16.751,16.67,0.09,0.88,0.45,2.69,0.00,608
16.768,16.67,0.10,0.89,4.41,2.66,2.92,607
16.785,16.67,0.10,0.89,0.41,2.66,0.00,605
16.801,16.70,0.07,0.86,4.37,2.65,2.89,603
16.818,16.65,0.09,0.89,0.45,2.64,0.00,599
16.835,16.66,0.09,0.87,4.36,2.63,2.89,598
16.851,16.71,0.08,0.88,0.43,2.62,0.00,598
16.868,16.62,0.09,0.85,4.28,2.61,2.85,599
16.885,16.69,0.08,0.87,0.41,2.62,0.00,598
16.901,16.65,0.10,0.91,4.39,2.60,2.91,593
16.918,16.68,0.09,0.87,0.39,2.60,0.00,593
16.935,16.66,0.10,0.90,4.38,2.59,2.91,592
16.951,16.67,0.09,0.88,0.42,2.58,0.00,588
16.968,16.67,0.09,0.86,4.57,2.58,3.07,586
16.985,16.66,0.10,0.90,0.45,2.56,0.00,580
17.001,16.67,0.09,0.88,4.53,2.56,3.03,579
17.018,16.66,0.09,0.89,0.44,2.55,0.00,577
17.035,16.66,0.09,0.86,4.32,2.57,2.88,577
17.051,16.67,0.09,0.87,0.45,2.57,0.00,579
17.068,16.66,0.09,0.85,4.36,2.56,2.89,575
17.085,16.67,0.09,0.88,0.41,2.56,0.00,572
17.101,16.67,0.08,0.87,4.32,2.55,2.87,568
17.118,16.67,0.08,0.88,0.41,2.54,0.00,563
17.135,16.67,0.09,0.87,4.33,2.53,2.89,561
17.151,16.66,0.12,1.10,0.43,2.52,0.00,606
17.168,16.67,0.10,1.10,4.42,3.41,2.98,600
17.185,16.67,0.11,1.11,0.45,3.41,0.00,597
17.201,16.66,0.10,0.83,4.33,3.40,2.88,558
17.218,16.68,0.12,0.85,0.43,3.36,0.00,558
17.235,16.66,0.11,0.86,4.39,3.36,2.96,556
17.251,16.67,0.11,0.86,0.42,3.36,0.00,558
17.268,16.68,0.11,0.86,4.45,3.34,2.93,559
17.285,16.66,0.12,0.87,0.42,3.35,0.00,558
17.301,16.66,0.11,0.86,4.34,3.34,2.88,557
17.318,16.67,0.11,0.87,0.42,3.33,0.00,558
17.335,16.66,0.11,0.86,4.44,3.32,2.94,558
17.351,16.67,0.12,0.88,0.45,3.29,0.00,558
17.368,16.66,0.11,0.85,4.38,3.30,2.91,558
17.385,16.69,0.12,0.88,0.41,3.29,0.00,556
17.402,16.76,0.09,0.87,4.35,3.27,2.88,557
17.418,16.56,0.11,0.87,0.42,3.28,0.00,559
17.435,16.68,0.11,0.87,4.45,3.29,2.93,560
17.451,16.67,0.10,0.88,0.49,3.28,0.00,560
17.468,16.66,0.11,0.88,4.46,3.25,2.94,559
17.485,16.67,0.11,0.89,0.43,3.25,0.00,559
17.501,16.66,0.11,0.88,4.51,3.24,3.00,559
17.518,16.68,0.11,0.88,0.43,3.23,0.00,557
17.535,16.66,0.10,0.86,4.33,3.22,2.87,557
17.551,16.67,0.11,0.89,0.40,3.23,0.00,557
17.568,16.66,0.10,0.86,4.31,2.67,2.85,555
17.585,16.67,0.10,0.88,0.42,2.67,0.00,559
17.601,16.67,0.10,0.85,4.30,2.66,2.85,559
17.618,16.67,0.10,0.88,0.41,2.66,0.00,560
17.635,16.67,0.10,0.85,4.37,2.65,2.89,558
17.652,16.66,0.10,0.89,0.43,2.65,0.00,558
17.668,16.67,0.10,0.86,4.32,2.63,2.88,559
17.685,16.67,0.11,0.88,0.43,2.65,0.00,562
17.701,16.66,0.09,0.86,4.32,2.67,2.89,562
17.718,16.74,0.09,0.88,0.45,2.68,0.00,564
17.735,16.60,0.10,0.87,4.30,2.67,2.86,565
17.752,16.67,0.11,0.89,0.44,2.67,0.00,566
17.768,16.66,0.10,0.87,4.48,2.66,3.00,565
17.785,16.67,0.10,0.89,0.42,2.68,0.00,565
17.802,16.67,0.09,0.87,4.28,2.69,2.84,567
17.818,16.67,0.10,0.91,0.46,2.69,0.00,568
17.835,16.67,0.10,0.90,4.50,2.68,2.96,570
17.852,16.66,0.10,0.90,0.44,2.70,0.00,572
17.868,16.66,0.10,0.88,4.36,2.70,2.88,576
17.885,16.67,0.10,0.89,0.45,2.71,0.00,576
17.902,16.66,0.09,0.87,4.34,2.73,2.88,579
17.918,16.67,0.10,0.89,0.41,2.73,0.00,579
17.935,16.68,0.10,0.89,4.40,2.73,2.91,582
17.952,16.66,0.10,0.88,0.41,2.74,0.00,585
17.968,16.67,0.10,0.86,4.31,2.75,2.86,587
17.985,16.72,0.09,0.89,0.46,2.78,0.00,586
18.002,16.63,0.15,0.89,4.35,2.77,2.87,588
18.018,16.74,0.09,0.88,0.50,2.78,0.00,592
18.035,16.58,0.10,0.89,4.49,2.79,3.02,594
18.052,16.67,0.11,0.88,0.41,2.80,0.00,592
18.068,16.66,0.10,0.88,4.30,2.80,2.84,593
18.085,16.67,0.10,0.88,0.41,2.80,0.00,595
18.102,16.68,0.10,0.87,4.36,2.80,2.89,598
18.118,16.67,0.10,0.89,0.42,2.84,0.00,598
18.135,16.66,0.10,0.86,4.42,2.84,2.93,599
18.152,16.67,0.09,0.90,0.41,2.84,0.00,600
18.168,16.66,0.10,0.85,4.38,2.83,2.90,599
18.185,16.69,0.11,0.88,0.45,2.83,0.00,599
18.202,16.66,0.09,0.86,4.40,2.82,2.92,600
18.218,16.69,0.11,0.93,0.47,2.83,0.00,602
18.235,16.65,0.10,0.87,4.40,2.82,2.92,605
18.252,16.67,0.10,0.86,0.41,2.86,0.00,606
18.268,16.66,0.10,0.88,4.38,2.84,2.90,605
18.285,16.67,0.10,0.87,0.44,2.83,0.00,602
18.302,16.67,0.09,0.86,4.46,2.83,2.99,600
18.318,16.67,0.09,0.88,0.41,2.82,0.00,601
18.335,16.66,0.09,0.85,4.31,2.81,2.86,599
18.352,16.68,0.10,0.80,0.39,2.81,0.00,598
18.368,16.66,0.09,0.80,4.31,2.79,2.85,602
18.385,16.68,0.20,0.89,0.47,2.86,0.00,617
18.402,16.65,0.09,0.87,4.36,2.95,2.89,628
18.418,16.67,0.10,0.89,0.43,3.07,0.00,629
18.435,16.68,0.09,0.89,4.39,3.07,2.91,645
18.452,16.65,0.10,0.91,0.43,3.09,0.00,645
18.468,16.66,0.09,0.88,4.27,3.10,2.82,644
18.485,16.75,0.09,0.88,0.42,3.11,0.00,646
18.502,16.59,0.10,0.90,4.37,3.09,2.90,649
18.518,16.68,0.11,0.88,0.41,3.13,0.00,650
18.535,16.77,0.08,0.88,4.37,3.12,2.91,649
18.552,16.56,0.10,0.87,0.39,3.11,0.00,649
18.568,16.67,0.09,0.90,4.48,3.10,2.99,648
18.585,16.68,0.11,0.88,0.41,3.10,0.00,647
18.602,16.65,0.10,0.90,4.29,3.09,2.83,645
18.618,16.67,0.10,0.88,0.41,3.09,0.00,636
18.635,16.67,0.10,0.87,4.35,3.07,2.90,625
18.652,16.66,0.11,0.85,0.41,3.06,0.00,621
18.668,16.67,0.09,0.84,4.29,2.71,2.84,621
18.685,16.74,0.09,0.86,0.45,2.71,0.00,622
18.702,16.60,0.09,0.85,4.40,2.72,2.95,621
18.718,16.67,0.10,0.85,0.42,2.72,0.00,621
18.735,16.68,0.09,0.83,4.32,2.70,2.87,620
18.752,16.66,0.09,0.86,0.41,2.71,0.00,618
18.768,16.69,0.10,0.86,4.37,2.70,2.91,617
18.785,16.65,0.10,0.86,0.40,2.71,0.00,617
18.802,16.67,0.09,0.84,4.39,2.72,2.90,617
18.818,16.67,0.10,0.85,0.41,2.73,0.00,617
18.835,16.66,0.09,0.82,4.46,2.72,2.98,616
18.852,16.68,0.10,0.86,0.42,2.73,0.00,616
18.868,16.68,0.08,0.84,4.33,2.72,2.88,615
18.885,16.66,0.09,0.86,0.41,2.72,0.00,613
18.902,16.66,0.09,0.83,4.32,2.73,2.88,611
18.918,16.67,0.10,0.84,0.41,2.72,0.00,610
18.935,16.68,0.10,0.83,4.41,2.73,2.92,604
18.952,16.65,0.10,0.85,0.41,2.73,0.00,603
18.968,16.67,0.09,0.83,4.33,2.72,2.89,602
18.985,16.67,0.09,0.85,0.40,2.73,0.00,602
19.002,16.74,0.08,0.84,4.41,2.71,2.92,600
19.018,16.61,0.10,0.86,0.44,2.72,0.00,598
19.035,16.67,0.08,0.85,4.39,2.71,2.93,597
19.052,16.67,0.10,0.87,0.47,2.70,0.00,595
19.068,16.64,0.09,0.85,4.44,2.71,2.95,594
19.085,16.68,0.09,0.86,0.41,2.72,0.00,591
19.102,16.69,0.08,0.83,4.56,2.69,3.05,587
19.118,16.64,0.10,0.63,0.43,2.69,0.00,563
19.135,16.68,0.07,0.61,4.41,2.65,2.95,562
19.152,16.65,0.08,0.62,0.44,2.65,0.00,565
19.168,16.67,0.09,0.61,4.31,2.65,2.85,566
19.185,16.67,0.09,0.63,0.44,2.64,0.00,567
19.202,16.67,0.09,0.61,4.39,2.65,2.92,567
19.218,16.67,0.09,0.62,0.42,2.64,0.00,566
19.235,16.67,0.09,0.61,4.42,2.63,2.93,566
19.252,16.67,0.10,0.62,0.46,2.62,0.00,563
19.268,16.67,0.08,0.60,4.48,2.60,2.96,563
19.285,16.66,0.09,0.61,0.45,2.61,0.00,561
19.302,16.66,0.08,0.61,4.44,2.58,2.97,560
19.318,16.69,0.10,0.62,0.41,2.57,0.00,561
19.335,16.65,0.09,0.60,4.38,2.59,2.92,559
19.352,16.68,0.09,0.61,0.41,2.57,0.00,558
19.368,16.66,0.09,0.62,4.46,2.57,2.99,558
19.385,16.67,0.09,0.61,0.43,2.55,0.00,556
19.402,16.65,0.09,0.61,4.34,2.54,2.91,555
19.418,16.68,0.09,0.62,0.42,2.51,0.00,553
19.435,16.66,0.09,0.63,4.51,2.51,3.00,552
19.452,16.67,0.09,0.63,0.43,2.50,0.00,550
19.468,16.66,0.09,0.61,4.35,2.49,2.90,545
19.485,16.68,0.09,0.63,0.43,2.50,0.00,543
19.502,16.66,0.09,0.61,4.34,2.48,2.89,542
19.518,16.67,0.09,0.60,0.47,2.48,0.00,541
19.535,16.68,0.09,0.61,4.44,2.46,2.94,532
19.552,16.67,0.08,0.62,0.42,2.44,0.00,529
19.568,16.66,0.08,0.60,4.60,2.43,3.08,526
19.585,16.70,0.09,0.64,0.41,2.41,0.00,525
19.602,16.62,0.09,0.59,4.43,2.42,2.95,523
19.618,16.67,0.09,0.62,0.41,2.39,0.00,521
19.635,16.66,0.09,0.59,4.47,2.40,2.97,520
19.652,16.68,0.09,0.62,0.42,2.40,0.00,519
19.668,16.66,0.08,0.58,4.34,2.40,2.88,518
19.685,16.68,0.09,0.62,0.43,2.39,0.00,515
19.702,16.67,0.10,0.62,4.42,2.39,2.92,514
19.718,16.66,0.09,0.61,0.40,2.40,0.00,510
19.735,16.68,0.10,0.87,4.61,2.38,3.13,550
19.752,16.67,0.11,0.90,0.43,3.30,0.00,551
19.768,16.67,0.09,0.89,4.44,3.29,2.96,553
19.785,16.66,0.11,0.91,0.42,3.30,0.00,552
19.802,16.66,0.10,0.87,4.36,3.29,2.88,552
19.818,16.67,0.11,0.91,0.41,3.30,0.00,551
19.835,16.66,0.10,0.88,4.40,3.29,2.92,552
19.852,16.67,0.09,0.91,0.41,3.30,0.00,552
19.868,16.67,0.10,0.90,4.38,3.30,2.91,551
19.885,16.68,0.11,0.90,0.40,3.31,0.00,550
19.902,16.66,0.10,0.91,4.46,3.31,3.00,548
19.918,16.67,0.11,0.91,0.43,3.31,0.00,550
19.935,16.66,0.10,0.90,4.35,3.32,2.89,550
19.952,16.68,0.10,0.92,0.41,3.30,0.00,551
19.968,16.68,0.10,0.89,4.42,3.31,2.94,550
19.985,16.66,0.11,0.91,0.40,3.31,0.00,551
20.002,16.67,0.10,0.91,4.35,3.34,2.89,550
20.018,16.69,0.09,0.93,0.45,3.33,0.00,551
20.035,16.64,0.10,0.90,4.35,3.32,2.90,548
20.052,16.69,0.10,0.91,0.41,3.32,0.00,546
20.068,16.65,0.10,0.93,4.45,3.31,2.96,547
20.085,16.68,0.11,0.92,0.45,3.31,0.00,546
20.102,16.67,0.10,0.92,4.51,3.29,3.01,543
20.118,16.66,0.11,0.92,0.43,3.30,0.00,546
20.135,16.66,0.10,0.91,4.41,3.32,2.92,544
20.152,16.67,0.09,0.92,0.42,2.74,0.00,543
20.168,16.66,0.09,0.89,4.46,2.72,3.00,545
20.185,16.67,0.10,0.92,0.42,2.72,0.00,546
20.202,16.67,0.10,0.91,4.43,2.72,2.93,545
20.218,16.67,0.10,0.92,0.41,2.70,0.00,544
20.235,16.66,0.09,0.92,4.42,2.70,2.92,541
20.252,16.70,0.10,0.92,0.45,2.70,0.00,542
20.268,16.65,0.09,0.96,4.40,2.73,2.90,543
20.285,16.67,0.11,0.92,0.46,2.71,0.00,546
20.302,16.67,0.10,0.92,4.43,2.71,2.94,547
20.318,16.66,0.09,0.91,0.43,2.71,0.00,546
20.335,16.67,0.09,0.89,4.36,2.70,2.89,548
20.352,16.67,0.10,0.82,0.40,2.71,0.00,546
20.368,16.68,0.09,0.82,4.39,2.70,2.92,542
20.385,16.67,0.21,0.93,0.44,2.70,0.00,596
20.402,16.68,0.09,0.93,4.35,2.94,2.89,608
20.418,16.65,0.10,0.92,0.42,3.09,0.00,609
20.435,16.67,0.09,0.96,5.39,3.09,3.84,610
20.452,16.67,0.10,0.92,0.43,3.07,0.00,610
20.468,16.69,0.08,0.91,4.53,3.07,3.01,612
20.485,16.64,0.10,0.94,0.45,3.06,0.00,612
20.502,16.70,0.08,0.93,4.44,3.07,2.96,611
20.518,16.65,0.11,0.93,0.44,3.07,0.00,610
20.535,16.67,0.10,0.93,4.42,3.08,2.91,609
20.552,16.66,0.10,0.92,0.40,3.08,0.00,608
20.568,16.67,0.07,0.69,3.86,3.07,2.53,609
20.585,16.69,0.10,0.95,0.42,3.07,0.00,609
20.602,16.69,0.08,0.94,4.60,3.06,3.04,610
20.618,16.63,0.11,0.95,0.49,3.06,0.00,608
20.635,16.65,0.10,0.93,4.46,3.05,2.97,608
20.652,16.68,0.09,0.92,0.43,3.08,0.00,608
20.668,16.66,0.09,0.90,4.40,3.07,2.91,609
20.685,16.67,0.10,0.92,0.46,3.06,0.00,607
20.702,16.67,0.10,0.92,4.59,3.05,3.08,607
20.718,16.67,0.10,0.93,0.44,3.06,0.00,608
20.735,16.67,0.08,0.91,4.39,3.06,2.92,609
20.752,16.66,0.10,0.93,0.42,3.06,0.00,608
20.768,16.66,0.09,0.91,4.47,3.05,2.99,607
20.785,16.67,0.10,0.93,0.44,3.07,0.00,604
20.802,16.66,0.09,0.90,4.41,3.06,2.94,600
20.818,16.68,0.10,0.92,0.43,3.06,0.00,600
20.835,16.66,0.09,0.89,4.38,3.06,2.90,603
20.852,16.75,0.07,0.70,0.41,3.05,0.00,605
20.868,16.61,0.09,0.93,4.59,3.03,3.07,606
20.885,16.66,0.10,0.93,0.47,3.05,0.00,605
20.902,16.67,0.10,0.92,4.42,3.03,2.95,605
20.918,16.67,0.09,0.90,0.40,3.06,0.00,607
20.935,16.67,0.09,0.91,4.39,3.06,2.89,605
20.952,16.67,0.09,0.91,0.41,3.05,0.00,603
20.968,16.67,0.09,0.90,4.52,3.04,3.03,604
20.985,16.67,0.10,0.92,0.45,3.03,0.00,607
21.002,16.65,0.09,0.90,4.45,3.04,2.96,608
21.018,16.67,0.08,0.93,0.42,3.02,0.00,609
21.035,16.67,0.10,0.90,4.43,3.02,2.95,611
21.052,16.67,0.09,0.91,0.42,3.04,0.00,610
21.068,16.67,0.09,0.89,4.36,3.03,2.88,609
21.085,16.67,0.09,0.90,0.40,3.04,0.00,611
21.102,16.65,0.09,0.92,4.43,3.01,2.93,611
21.118,16.68,0.09,0.91,0.41,3.01,0.00,611
21.135,16.66,0.09,0.88,4.35,3.00,2.88,606
21.152,16.68,0.11,0.90,0.41,2.99,0.00,605
21.168,16.66,0.08,0.89,4.34,3.01,2.88,602
21.185,16.68,0.10,0.92,0.48,3.00,0.00,599
21.202,16.66,0.09,0.91,4.48,2.99,2.98,596
21.218,16.67,0.10,0.90,0.43,2.98,0.00,584
21.235,16.66,0.08,0.85,4.45,2.96,2.99,572
21.252,16.69,0.09,0.88,0.42,2.51,0.00,573
21.268,16.64,0.09,0.85,4.41,2.51,2.90,570
21.285,16.68,0.10,0.88,0.47,2.49,0.00,568
21.302,16.67,0.09,0.88,4.49,2.52,2.97,569
21.318,16.66,0.09,0.88,0.45,2.52,0.00,568
21.335,16.68,0.08,0.87,4.36,2.50,2.90,569
21.352,16.65,0.09,0.86,0.41,2.51,0.00,568
21.368,16.66,0.08,0.84,4.31,2.51,2.89,567
21.385,16.69,0.09,0.86,0.41,2.51,0.00,567
21.402,16.66,0.09,0.87,4.39,2.52,2.92,566
21.418,16.67,0.10,0.87,0.40,2.51,0.00,564
21.435,16.66,0.09,0.84,4.39,2.52,2.92,564
21.452,16.67,0.10,0.87,0.47,2.53,0.00,563
21.468,16.67,0.09,0.86,4.41,2.52,2.94,563
21.485,16.67,0.09,0.86,0.41,2.53,0.00,562
21.502,16.67,0.09,0.86,4.52,2.53,3.02,561
21.519,16.68,0.10,0.87,0.42,2.53,0.00,560
21.535,16.65,0.10,0.87,4.42,2.52,2.93,558
21.552,16.66,0.09,0.87,0.41,2.53,0.00,556
21.568,16.67,0.09,0.85,4.34,2.55,2.89,555
21.585,16.68,0.07,0.87,0.42,2.55,0.00,555
21.602,16.66,0.09,0.84,4.40,2.55,2.93,555
21.619,16.67,0.09,0.86,0.41,2.56,0.00,554
21.635,16.66,0.09,0.84,4.39,2.55,2.93,553
21.652,16.67,0.07,0.86,0.42,2.56,0.00,551
21.669,16.66,0.09,0.84,4.31,2.55,2.86,550
21.685,16.68,0.09,0.88,0.42,2.58,0.00,550
21.702,16.67,0.08,0.62,4.45,2.58,2.94,549
21.719,16.66,0.09,0.64,0.42,2.57,0.00,548
21.735,16.66,0.09,0.62,4.35,2.56,2.88,547
21.752,16.67,0.09,0.64,0.42,2.57,0.00,546
21.769,16.68,0.09,0.61,4.47,2.56,3.00,545
21.785,16.66,0.09,0.65,0.45,2.55,0.00,543
21.802,16.66,0.09,0.66,4.47,2.54,2.98,540
21.819,16.68,0.09,0.65,0.44,2.55,0.00,539
21.835,16.67,0.09,0.65,4.44,2.54,2.95,538
21.852,16.67,0.08,0.65,0.42,2.54,0.00,534
21.869,16.67,0.09,0.65,4.53,2.52,3.01,533
21.885,16.79,0.08,0.67,0.43,2.51,0.00,532
21.902,16.58,0.10,0.67,4.43,2.49,2.94,530
21.919,16.65,0.10,0.62,0.43,2.50,0.00,527
21.935,16.65,0.13,0.95,4.62,2.49,3.14,562
21.952,16.67,0.10,0.95,0.46,3.31,0.00,562
21.969,16.67,0.10,0.92,4.38,3.30,2.92,564
21.985,16.67,0.10,0.95,0.41,3.30,0.00,563
22.002,16.66,0.10,0.93,4.41,3.29,2.95,564
22.019,16.67,0.11,0.95,0.42,3.30,0.00,562
22.035,16.68,0.11,0.95,4.53,3.28,3.03,559
22.052,16.69,0.11,0.97,0.46,3.29,0.00,559
22.069,16.63,0.10,0.96,4.36,3.29,2.88,560
22.085,16.68,0.11,0.98,0.44,3.29,0.00,559
22.102,16.67,0.10,0.95,4.38,3.29,2.92,557
22.119,16.67,0.11,0.98,0.44,3.28,0.00,553
22.135,16.66,0.10,0.96,4.38,3.29,2.91,554
22.152,16.67,0.10,0.98,0.43,3.29,0.00,556
22.169,16.66,0.09,0.96,4.43,3.31,2.94,553
22.185,16.67,0.10,0.99,0.42,3.32,0.00,557
22.202,16.67,0.10,0.99,4.40,3.34,2.92,560
22.219,16.67,0.10,1.00,0.44,3.35,0.00,562
22.235,16.67,0.10,0.99,4.38,3.34,2.90,562
22.252,16.67,0.10,1.00,0.43,3.36,0.00,568
22.269,16.66,0.09,0.97,4.33,3.36,2.86,570
22.285,16.68,0.10,1.00,0.45,3.38,0.00,572
22.302,16.66,0.10,0.98,4.46,3.38,3.01,574
22.319,16.74,0.09,1.01,0.49,3.42,0.00,575
22.335,16.61,0.11,1.03,4.48,3.42,2.97,572
22.352,16.66,0.09,0.91,0.42,2.85,0.00,577
22.369,16.66,0.09,0.91,4.42,2.86,2.93,579
22.385,16.68,0.22,1.00,0.41,2.87,0.00,621
22.402,16.67,0.09,1.03,4.40,3.00,2.93,628
22.419,16.66,0.10,1.03,0.43,3.11,0.00,627
22.435,16.68,0.09,1.01,4.40,3.11,2.91,626
22.452,16.67,0.11,1.01,0.46,3.16,0.00,625
22.469,16.74,0.10,1.03,3.93,3.15,2.75,627
22.485,16.59,0.11,1.03,0.46,3.14,0.00,628
22.502,16.65,0.09,1.04,4.47,3.16,2.97,628
22.519,16.67,0.11,1.01,0.44,3.17,0.00,628
22.535,16.68,0.10,1.03,4.43,3.17,2.93,623
22.552,16.67,0.10,1.03,0.44,3.19,0.00,623
22.569,16.65,0.09,1.02,4.44,3.21,2.98,623
22.585,16.67,0.10,1.03,0.43,3.22,0.00,626
22.602,16.67,0.09,1.01,4.35,3.23,2.88,626
22.619,16.68,0.09,1.01,0.42,3.24,0.00,628
22.635,16.66,0.09,1.00,4.37,3.24,2.90,628
22.652,16.66,0.10,1.03,0.44,3.25,0.00,628
22.669,16.67,0.10,1.00,4.38,3.25,2.90,631
22.685,16.68,0.10,1.04,0.43,3.28,0.00,631
22.702,16.68,0.10,1.03,4.42,3.27,2.94,635
22.719,16.74,0.09,1.03,0.43,3.29,0.00,636
22.735,16.58,0.08,1.01,4.37,3.27,2.90,638
22.752,16.78,0.09,1.03,0.46,3.28,0.00,642
22.769,16.55,0.09,1.01,4.49,3.26,2.99,643
22.785,16.70,0.10,1.03,0.48,3.26,0.00,644
22.802,16.64,0.09,0.99,4.46,3.27,2.97,642
22.819,16.67,0.10,1.03,0.47,3.29,0.00,642
22.835,16.67,0.09,1.01,4.62,3.28,3.11,642
22.852,16.76,0.09,1.03,0.48,3.28,0.00,646
22.869,16.59,0.11,1.03,4.49,3.27,2.97,652
22.885,16.66,0.10,1.02,0.45,3.29,0.00,653
22.902,16.66,0.09,1.00,4.44,3.28,2.95,654
22.919,16.69,0.10,1.02,0.44,3.28,0.00,654
22.935,16.65,0.08,0.99,4.39,3.29,2.92,654
22.952,16.69,0.09,1.00,0.45,3.29,0.00,653
22.969,16.65,0.09,0.98,4.38,3.27,2.91,654
22.985,16.67,0.09,1.00,0.43,3.27,0.00,655
23.002,16.67,0.09,0.97,4.28,3.27,2.80,655
23.019,16.68,0.10,1.01,0.42,3.27,0.00,652
23.035,16.67,0.10,1.01,4.38,3.27,2.90,650
23.052,16.66,0.10,0.99,0.43,3.26,0.00,650
23.069,16.66,0.09,1.00,4.38,3.27,2.91,650
23.085,16.68,0.09,1.00,0.40,3.26,0.00,649
23.102,16.66,0.09,1.00,4.43,3.26,2.98,648
23.119,16.67,0.09,0.99,0.43,3.25,0.00,647
23.135,16.66,0.09,0.98,4.34,3.24,2.87,647
23.152,16.68,0.10,0.99,0.43,3.23,0.00,649
23.169,16.66,0.09,0.97,4.34,3.23,2.90,648
23.185,16.67,0.09,0.98,0.43,3.26,0.00,646
23.202,16.66,0.10,1.03,4.45,3.25,2.97,641
23.219,16.69,0.09,0.99,0.43,3.23,0.00,638
23.235,16.65,0.09,1.02,4.40,3.23,2.89,634
23.252,16.68,0.10,0.99,0.54,3.22,0.00,630
23.269,16.67,0.08,0.98,4.43,3.20,2.95,627
23.285,16.66,0.10,0.99,0.44,3.20,0.00,625
23.302,16.67,0.10,0.96,4.47,3.20,2.96,618
23.319,16.66,0.08,0.98,0.46,3.19,0.00,613
23.335,16.70,0.10,0.99,4.58,3.19,3.04,608
23.352,16.65,0.10,0.98,0.50,3.17,0.00,606
23.369,16.66,0.11,0.99,4.62,3.14,3.10,601
23.385,16.67,0.10,0.96,0.51,3.14,0.00,599
23.402,16.75,0.09,0.98,4.48,3.13,2.96,597
23.419,16.58,0.14,1.36,0.47,3.12,0.00,658
23.435,16.67,0.12,1.35,5.26,4.09,3.72,656
23.452,16.66,0.12,1.36,0.50,3.68,0.00,654
23.469,16.68,0.11,1.39,4.54,3.66,3.01,654
23.485,16.65,0.12,1.35,0.50,3.67,0.00,651
23.502,16.70,0.12,1.37,4.47,3.66,2.90,654
23.519,16.65,0.13,1.36,0.51,3.67,0.00,652
23.535,16.67,0.11,1.37,4.46,3.66,2.97,653
23.552,16.65,0.09,1.03,0.39,3.68,0.00,650
23.569,16.68,0.08,1.02,4.27,3.66,2.76,649
23.585,16.72,0.08,1.03,0.39,3.66,0.00,649
23.602,16.63,0.11,1.36,4.56,3.68,3.03,648
23.619,16.66,0.12,1.34,0.51,3.67,0.00,649
23.635,16.67,0.10,1.36,4.14,3.67,2.96,651
23.652,16.67,0.12,1.38,0.49,3.67,0.00,647
23.669,16.69,0.12,1.41,4.57,3.67,3.04,648
23.685,16.65,0.10,1.38,0.52,3.70,0.00,649
23.702,16.68,0.11,1.39,4.56,3.70,2.99,650
23.719,16.67,0.10,1.39,0.50,3.71,0.00,650
23.735,16.66,0.12,1.37,4.49,3.70,2.95,650
23.752,16.68,0.13,1.40,0.53,3.70,0.00,653
23.769,16.65,0.11,1.40,4.59,3.71,3.04,651
23.785,16.68,0.10,1.45,0.49,3.71,0.00,654
23.802,16.65,0.10,1.05,4.35,3.74,2.81,652
23.819,16.68,0.11,1.41,0.48,3.74,0.00,650
23.835,16.67,0.12,1.39,4.50,3.16,2.96,650
23.852,16.66,0.12,1.39,0.47,3.16,0.00,646
23.869,16.67,0.11,1.39,4.49,3.16,2.96,643
23.885,16.66,0.10,1.37,0.42,3.16,0.00,641
23.902,16.69,0.11,1.10,4.60,3.16,3.07,621
23.919,16.65,0.10,1.09,0.44,3.19,0.00,622
23.935,16.66,0.10,1.05,4.41,3.19,2.92,623
23.952,16.68,0.10,1.09,0.44,3.20,0.00,623
23.969,16.68,0.09,1.09,4.37,3.18,2.90,623
23.985,16.66,0.10,1.08,0.42,3.20,0.00,624
24.002,16.67,0.09,1.07,4.31,3.20,2.81,623
24.019,16.67,0.11,1.08,0.42,3.21,0.00,623
24.035,16.66,0.10,1.10,4.39,3.22,2.91,626
24.052,16.67,0.10,1.09,0.42,3.26,0.00,626
24.069,16.66,0.10,1.06,4.42,3.26,2.94,627
24.085,16.68,0.10,1.07,0.45,3.27,0.00,627
24.102,16.66,0.10,1.06,4.41,3.28,2.94,629
24.119,16.67,0.10,1.06,0.47,3.28,0.00,628
24.135,16.67,0.10,1.06,4.42,3.29,2.95,632
24.152,16.67,0.11,1.05,0.44,3.31,0.00,636
24.169,16.67,0.09,1.06,4.49,3.39,3.00,636
24.185,16.68,0.10,1.05,0.43,3.40,0.00,635
24.202,16.66,0.09,1.02,4.49,3.42,2.98,639
24.219,16.69,0.10,1.05,0.44,3.44,0.00,656
24.235,16.64,0.09,1.02,4.42,3.47,2.94,655
24.252,16.68,0.10,1.03,0.44,3.52,0.00,655
24.269,16.66,0.10,1.00,4.34,3.51,2.87,661
24.285,16.67,0.10,1.04,0.42,3.53,0.00,662
24.302,16.67,0.10,1.00,4.44,3.50,2.93,664
24.319,16.65,0.09,1.05,0.43,3.51,0.00,665
24.335,16.68,0.09,1.00,4.34,3.52,2.88,664
24.352,16.67,0.09,0.92,0.41,3.52,0.00,663
24.369,16.68,0.09,0.94,4.45,3.52,2.93,662
24.385,16.70,0.22,1.03,0.48,3.51,0.00,679
24.402,16.62,0.11,1.02,4.52,3.68,2.97,693
24.419,16.67,0.10,1.03,0.48,3.88,0.00,692
24.436,16.75,0.09,1.02,4.58,3.87,3.02,690
24.452,16.59,0.10,1.02,0.48,3.88,0.00,691
24.469,16.66,0.11,1.02,4.50,3.87,2.94,693
24.485,16.67,0.10,1.02,0.48,3.87,0.00,694
24.502,16.66,0.09,1.00,4.43,3.87,2.92,692
24.519,16.67,0.11,1.01,0.48,3.87,0.00,692
24.535,16.66,0.09,0.99,4.44,3.88,2.90,688
24.552,16.68,0.11,1.01,0.49,3.88,0.00,688
24.569,16.66,0.08,0.75,4.11,3.87,2.59,689
24.585,16.67,0.10,1.00,0.48,3.87,0.00,685
24.602,16.72,0.08,0.99,4.53,3.85,2.98,687
24.619,16.62,0.10,0.99,0.48,3.84,0.00,685
24.635,16.66,0.10,0.96,4.43,3.85,2.90,684
24.652,16.67,0.10,0.97,0.48,3.84,0.00,683
24.669,16.67,0.09,0.94,4.35,3.84,2.87,679
24.685,16.66,0.10,0.96,0.43,3.83,0.00,678
24.702,16.66,0.09,0.95,4.45,3.81,2.99,677
24.719,16.67,0.10,0.96,0.45,3.78,0.00,675
24.735,16.67,0.09,0.95,4.38,3.78,2.93,674
24.752,16.67,0.10,0.95,0.41,3.78,0.00,674
24.769,16.68,0.10,0.92,4.35,3.75,2.91,670
24.785,16.65,0.09,0.94,0.42,3.76,0.00,665
24.802,16.68,0.10,0.94,4.44,3.74,2.95,660
24.819,16.68,0.09,0.94,0.42,3.72,0.00,659
24.835,16.66,0.10,0.94,4.42,3.70,2.93,653
24.852,16.67,0.10,0.93,0.40,3.70,0.00,651
24.869,16.67,0.09,0.90,4.37,3.67,2.89,648
24.885,16.66,0.08,0.93,0.41,3.65,0.00,645
24.902,16.68,0.08,0.91,4.35,3.63,2.90,644
24.919,16.66,0.09,0.88,0.41,3.65,0.00,638
24.935,16.67,0.09,0.87,4.36,2.79,2.91,638
24.952,16.67,0.09,0.88,0.42,2.78,0.00,638
24.969,16.67,0.09,0.88,4.45,2.77,3.00,637
24.985,16.67,0.09,0.89,0.41,2.76,0.00,636
25.002,16.66,0.09,0.88,4.30,2.75,2.84,636
25.019,16.75,0.08,0.90,0.42,2.75,0.00,634
25.035,16.59,0.09,0.89,4.32,2.76,2.87,631
25.052,16.66,0.09,0.89,0.43,2.75,0.00,628
25.069,16.66,0.09,0.87,4.33,2.73,2.90,626
25.085,16.67,0.08,0.89,0.41,2.74,0.00,626
25.102,16.67,0.09,0.87,4.38,2.71,2.91,625
25.119,16.69,0.09,0.94,0.41,2.73,0.00,623
25.135,16.65,0.09,0.89,4.40,2.71,2.92,621
25.152,16.69,0.09,0.88,0.40,2.71,0.00,621
25.169,16.66,0.08,0.85,4.37,2.72,2.91,617
25.185,16.67,0.09,0.87,0.42,2.73,0.00,616
25.202,16.66,0.09,0.88,4.42,2.70,2.93,609
25.219,16.67,0.09,0.88,0.44,2.68,0.00,607
25.235,16.66,0.09,0.86,4.50,2.66,3.01,606
25.252,16.67,0.09,0.88,0.43,2.68,0.00,606
25.269,16.66,0.09,0.87,4.36,2.67,2.89,604
25.285,16.68,0.09,0.89,0.41,2.67,0.00,602
25.302,16.67,0.09,0.88,4.41,2.66,2.94,601
25.319,16.66,0.09,0.89,0.41,2.65,0.00,599
25.336,16.69,0.08,0.89,4.41,2.64,2.93,598
25.352,16.66,0.08,0.89,0.42,2.64,0.00,598
25.369,16.66,0.08,0.88,4.37,2.63,2.90,594
25.386,16.67,0.09,0.63,0.41,2.64,0.00,591
25.402,16.66,0.09,0.62,4.39,2.64,2.92,590
25.419,16.67,0.09,0.64,0.41,2.63,0.00,591
25.436,16.67,0.08,0.61,4.40,2.63,2.91,592
25.452,16.67,0.09,0.65,0.42,2.63,0.00,592
25.469,16.70,0.10,0.66,4.50,2.62,2.96,590
25.486,16.64,0.09,0.63,0.50,2.61,0.00,588
25.502,16.66,0.09,0.63,4.52,2.60,3.00,587
25.519,16.68,0.10,0.65,0.41,2.62,0.00,586
25.536,16.67,0.08,0.64,4.35,2.61,2.89,587
25.552,16.67,0.09,0.65,0.45,2.62,0.00,586
25.569,16.66,0.07,0.65,4.43,2.60,2.96,585
25.586,16.68,0.09,0.65,0.44,2.60,0.00,584
25.602,16.66,0.09,0.63,4.38,2.59,2.91,586
25.619,16.68,0.09,0.66,0.49,2.60,0.00,584
25.636,16.67,0.10,0.63,4.40,2.58,2.89,583
25.652,16.65,0.09,0.66,0.42,2.60,0.00,581
25.669,16.67,0.08,0.63,4.40,2.60,2.91,577
25.686,16.69,0.09,0.65,0.42,2.58,0.00,576
25.702,16.67,0.07,0.64,4.38,2.58,2.89,575
25.719,16.66,0.09,0.65,0.45,2.59,0.00,573
25.736,16.66,0.08,0.62,4.35,2.57,2.90,572
25.752,16.68,0.08,0.66,0.42,2.58,0.00,570
25.769,16.66,0.09,0.69,4.48,2.57,3.00,569
25.786,16.66,0.08,0.62,0.42,2.60,0.00,566
25.802,16.68,0.09,0.65,4.49,2.58,2.97,567
25.819,16.67,0.09,0.65,0.42,2.58,0.00,568
25.836,16.66,0.08,0.64,4.34,2.58,2.88,567
25.852,16.68,0.09,0.66,0.43,2.58,0.00,567
25.869,16.65,0.08,0.63,4.32,2.58,2.88,566
25.886,16.69,0.09,0.66,0.43,2.58,0.00,563
25.902,16.66,0.08,0.64,4.42,2.58,2.96,561
25.919,16.68,0.09,0.66,0.43,2.59,0.00,562
25.936,16.66,0.09,0.62,4.36,2.58,2.91,562
25.952,16.67,0.09,0.65,0.43,2.58,0.00,561
25.969,16.66,0.09,0.62,4.43,2.58,2.94,559
25.986,16.68,0.07,0.66,0.40,2.58,0.00,557
26.002,16.66,0.12,0.94,4.64,2.57,3.12,602
26.019,16.67,0.11,0.96,0.39,3.39,0.00,602
26.036,16.67,0.10,0.94,4.53,3.39,3.04,600
26.052,16.67,0.10,1.01,0.48,3.38,0.00,599
26.069,16.66,0.11,0.95,4.51,3.37,3.01,598
26.086,16.66,0.11,0.97,0.43,3.39,0.00,599
26.102,16.67,0.10,0.97,4.37,3.39,2.91,599
26.119,16.66,0.11,0.96,0.43,3.40,0.00,596
26.136,16.67,0.11,0.95,4.36,3.39,2.90,595
26.152,16.67,0.11,0.98,0.42,3.42,0.00,594
26.169,16.67,0.10,0.95,4.40,3.41,2.93,596
26.186,16.67,0.11,0.98,0.43,3.41,0.00,596
26.202,16.68,0.09,0.96,4.34,3.41,2.89,595
26.219,16.67,0.11,0.98,0.44,3.40,0.00,594
26.236,16.65,0.10,0.96,4.45,3.41,2.97,592
26.252,16.68,0.11,0.97,0.42,3.42,0.00,594
26.269,16.66,0.10,0.98,4.33,3.45,2.86,594
26.286,16.67,0.11,0.98,0.44,3.45,0.00,594
26.302,16.66,0.11,0.98,4.54,3.45,3.03,595
26.319,16.68,0.10,0.95,0.41,3.45,0.00,593
26.336,16.66,0.11,0.98,4.40,3.43,2.93,594
26.352,16.67,0.10,0.88,0.39,3.45,0.00,595
26.369,16.67,0.09,0.87,4.35,3.44,2.90,597
26.386,16.70,0.22,0.98,0.44,3.45,0.00,625
26.402,16.65,0.09,0.97,4.35,3.61,2.90,634
26.419,16.66,0.10,0.99,0.47,3.14,0.00,635
26.436,16.66,0.09,0.98,4.40,3.14,2.91,636
26.452,16.67,0.10,0.99,0.43,3.13,0.00,637
26.469,16.69,0.11,1.00,4.43,3.13,2.93,637
26.486,16.65,0.11,1.00,0.43,3.12,0.00,635
26.502,16.68,0.09,0.99,4.49,3.12,2.98,632
26.519,16.66,0.10,1.00,0.44,3.15,0.00,632
26.536,16.67,0.10,0.96,4.37,3.13,2.90,632
26.552,16.67,0.10,0.99,0.45,3.14,0.00,632
26.569,16.66,0.09,0.97,4.48,3.13,3.01,633
26.586,16.67,0.10,0.98,0.40,3.14,0.00,633
26.602,16.67,0.09,0.96,4.32,3.13,2.87,633
26.619,16.67,0.11,1.00,0.49,3.14,0.00,633
26.636,16.67,0.10,0.99,4.45,3.15,2.95,632
26.652,16.66,0.09,0.98,0.43,3.16,0.00,631
26.669,16.67,0.09,0.97,4.35,3.16,2.88,631
26.686,16.67,0.10,0.98,0.42,3.16,0.00,631
26.702,16.67,0.09,0.95,4.36,3.16,2.90,632
26.719,16.68,0.11,0.97,0.44,3.17,0.00,632
26.736,16.66,0.09,0.96,4.40,3.15,2.93,632
26.752,16.68,0.10,0.97,0.45,3.17,0.00,632
26.769,16.66,0.09,0.95,4.38,3.20,2.89,634
26.786,16.67,0.10,0.97,0.42,3.20,0.00,633
26.802,16.69,0.09,0.95,4.41,3.20,2.92,633
26.819,16.65,0.09,0.97,0.42,3.21,0.00,633
26.836,16.67,0.09,0.96,4.45,3.21,2.99,631
26.852,16.69,0.09,0.98,0.44,3.22,0.00,629
26.869,16.67,0.12,0.99,4.51,3.20,2.98,629
26.886,16.67,0.11,0.99,0.47,3.24,0.00,626
26.902,16.69,0.10,0.98,4.47,3.24,2.96,625
26.919,16.64,0.09,0.97,0.43,3.26,0.00,626
26.936,16.66,0.08,0.96,4.49,3.26,2.98,626
26.952,16.68,0.09,0.96,0.41,3.26,0.00,624
26.969,16.66,0.08,0.97,4.47,3.26,2.98,624
26.986,16.67,0.09,0.97,0.41,3.28,0.00,624
27.002,16.66,0.10,0.95,4.36,3.27,2.89,619
27.019,16.69,0.09,0.97,0.45,3.29,0.00,619
27.036,16.64,0.09,0.96,4.45,3.27,2.95,619
27.052,16.68,0.10,0.95,0.44,3.28,0.00,619
27.069,16.65,0.06,0.71,4.02,3.28,2.57,620
27.086,16.68,0.06,0.72,0.33,3.30,0.00,619
27.102,16.66,0.06,0.69,4.09,3.28,2.64,619
27.119,16.68,0.07,0.70,0.31,3.30,0.00,617
27.136,16.66,0.06,0.71,3.97,3.31,2.52,618
27.152,16.68,0.06,0.70,0.32,3.31,0.00,614
27.169,16.72,0.06,0.69,4.00,3.30,2.56,614
27.186,16.60,0.06,0.72,0.32,3.31,0.00,614
27.202,16.74,0.06,0.68,4.23,3.29,2.77,615
27.219,16.60,0.06,0.72,0.35,3.30,0.00,616
27.236,16.67,0.07,0.71,4.08,3.28,2.59,617
27.252,16.67,0.06,0.71,0.32,3.32,0.00,616
27.269,16.66,0.06,0.70,4.06,3.29,2.56,617
27.286,16.68,0.06,0.70,0.32,3.29,0.00,617
27.302,16.66,0.06,0.69,4.01,3.28,2.56,617
27.319,16.67,0.08,0.71,0.33,3.28,0.00,617
27.336,16.67,0.06,0.70,4.04,3.27,2.59,618
27.352,16.67,0.07,0.70,0.31,3.26,0.00,619
27.369,16.66,0.08,0.90,4.30,3.24,2.82,674
27.386,16.68,0.07,0.91,0.33,4.07,0.00,673
27.402,16.67,0.11,1.22,4.38,4.05,2.90,671
27.419,16.67,0.11,1.23,0.43,4.04,0.00,672
27.436,16.67,0.10,1.24,4.40,4.03,2.91,672
27.452,16.66,0.11,1.23,0.42,4.02,0.00,669
27.469,16.66,0.11,1.24,4.39,4.01,2.91,668
27.486,16.68,0.11,1.24,0.47,3.99,0.00,660
27.502,16.68,0.11,1.26,4.47,3.95,2.96,648
27.519,16.65,0.11,1.24,0.42,3.53,0.00,649
27.536,16.67,0.11,1.22,4.40,3.54,2.92,649
27.552,16.70,0.11,1.23,0.41,3.54,0.00,650
27.569,16.64,0.11,1.26,4.43,3.54,2.92,649
27.586,16.67,0.12,1.25,0.43,3.56,0.00,650
27.602,16.66,0.11,1.25,4.33,3.57,2.86,651
27.619,16.69,0.10,1.26,0.44,3.58,0.00,651
27.636,16.67,0.10,1.26,4.55,3.60,3.03,653
27.652,16.66,0.11,1.27,0.43,3.61,0.00,652
27.669,16.66,0.11,1.24,4.34,3.62,2.88,651
27.686,16.68,0.11,1.26,0.45,3.62,0.00,653
27.702,16.67,0.10,1.25,4.37,3.63,2.89,650
27.719,16.76,0.10,1.29,0.47,3.64,0.00,651
27.736,16.58,0.11,1.28,4.42,3.63,2.91,653
27.752,16.69,0.10,1.28,0.44,3.68,0.00,654
27.769,16.66,0.10,1.26,4.42,3.68,2.93,656
27.786,16.66,0.10,1.28,0.42,3.13,0.00,658
27.802,16.66,0.10,1.28,4.39,3.12,2.90,656
27.819,16.70,0.11,1.29,0.43,3.14,0.00,656
27.836,16.64,0.10,1.28,4.40,3.15,2.93,656
27.852,16.66,0.10,1.27,0.41,3.16,0.00,656
27.869,16.68,0.09,1.29,4.46,3.18,2.93,655
27.886,16.65,0.10,1.28,0.42,3.20,0.00,656
27.902,16.67,0.10,1.26,4.46,3.21,2.99,655
27.919,16.67,0.10,1.28,0.43,3.22,0.00,654
27.936,16.66,0.10,1.24,4.39,3.22,2.91,651
27.952,16.67,0.10,1.27,0.42,3.23,0.00,649
27.969,16.66,0.09,1.02,4.44,3.24,2.98,636
27.986,16.68,0.11,1.03,0.42,3.23,0.00,638
28.002,16.66,0.09,1.02,4.42,3.27,2.93,639
28.019,16.69,0.10,1.04,0.45,3.28,0.00,641
28.036,16.65,0.09,1.02,4.39,3.28,2.92,641
28.052,16.67,0.10,1.05,0.43,3.30,0.00,643
28.069,16.66,0.10,1.04,4.44,3.29,2.94,643
28.086,16.67,0.10,1.03,0.41,3.30,0.00,644
28.102,16.66,0.09,1.02,4.41,3.31,2.93,646
28.119,16.68,0.10,1.05,0.44,3.34,0.00,651
28.136,16.65,0.10,1.03,4.38,3.35,2.90,650
28.152,16.68,0.10,1.04,0.45,3.34,0.00,652
28.169,16.66,0.09,1.01,4.43,3.33,2.96,653
28.186,16.67,0.10,1.03,0.42,3.34,0.00,653
28.202,16.67,0.09,0.99,4.34,3.34,2.88,654
28.219,16.67,0.11,1.03,0.43,3.34,0.00,654
28.236,16.67,0.10,1.03,4.40,3.33,2.93,657
28.252,16.66,0.09,1.02,0.42,3.36,0.00,657
28.269,16.67,0.09,1.02,4.30,3.34,2.85,658
28.286,16.67,0.10,1.04,0.43,3.34,0.00,659
28.302,16.67,0.10,1.02,4.47,3.32,2.95,660
28.319,16.67,0.10,1.04,0.46,3.31,0.00,660
28.336,16.66,0.10,1.01,4.39,3.31,2.93,660
28.352,16.70,0.11,0.93,0.45,3.31,0.00,659
28.369,16.64,0.09,0.93,4.39,3.33,2.93,657
28.386,16.67,0.21,0.99,0.44,3.31,0.00,677
28.402,16.65,0.09,1.02,4.35,3.42,2.90,697
28.419,16.67,0.10,0.98,0.48,3.65,0.00,694
28.436,16.66,0.09,0.97,4.50,3.63,2.99,694
28.452,16.68,0.10,0.98,0.47,3.63,0.00,695
28.469,16.68,0.11,0.96,4.43,3.62,2.90,692
28.486,16.66,0.10,0.98,0.48,3.61,0.00,687
28.502,16.66,0.09,0.95,4.46,3.62,2.95,685
28.519,16.69,0.10,0.96,0.41,3.61,0.00,680
28.536,16.66,0.09,0.93,4.34,3.60,2.87,677
28.552,16.68,0.10,0.97,0.42,3.58,0.00,677
28.569,16.66,0.10,0.98,4.42,3.57,2.92,674
28.586,16.67,0.10,0.98,0.44,3.57,0.00,675
28.602,16.66,0.10,0.96,4.36,3.56,2.87,672
28.619,16.70,0.08,0.96,0.43,3.59,0.00,671
28.636,16.64,0.10,0.97,4.39,3.57,2.92,672
28.652,16.68,0.10,0.96,0.40,3.57,0.00,673
28.669,16.67,0.10,0.95,4.54,3.56,3.02,672
28.686,16.68,0.10,0.96,0.45,3.55,0.00,670
28.702,16.65,0.10,0.93,4.47,3.54,3.00,671
28.719,16.66,0.11,0.96,0.43,3.54,0.00,670
28.736,16.66,0.09,0.94,4.44,3.55,2.94,669
28.752,16.67,0.10,0.95,0.41,3.55,0.00,669
28.769,16.67,0.10,0.95,4.43,3.53,2.92,667
28.786,16.68,0.09,0.96,0.42,3.51,0.00,665
28.802,16.68,0.08,0.95,4.41,3.49,2.93,663
28.819,16.66,0.10,0.95,0.44,3.49,0.00,663
28.836,16.66,0.09,0.92,4.45,3.46,2.98,659
28.852,16.67,0.10,0.95,0.43,3.46,0.00,658
28.869,16.69,0.10,0.91,4.36,3.48,2.89,656
28.886,16.65,0.10,0.91,0.42,3.03,0.00,654
28.902,16.68,0.08,0.90,4.36,3.02,2.90,654
28.919,16.65,0.09,0.90,0.41,3.01,0.00,654
28.936,16.67,0.09,0.90,4.33,2.98,2.88,653
28.952,16.68,0.09,0.91,0.43,2.98,0.00,651
28.969,16.68,0.10,0.88,4.46,2.95,2.98,649
28.986,16.66,0.10,0.91,0.43,2.97,0.00,648
29.002,16.66,0.10,0.91,4.39,2.95,2.94,647
29.019,16.67,0.10,0.90,0.43,2.94,0.00,642
29.036,16.66,0.09,0.89,4.32,2.90,2.89,640
29.052,16.67,0.10,0.90,0.42,2.89,0.00,637
29.069,16.67,0.09,0.90,4.46,2.87,2.95,636
29.086,16.67,0.10,0.90,0.41,2.85,0.00,634
29.102,16.66,0.09,0.88,4.35,2.85,2.89,633
29.119,16.68,0.10,0.89,0.41,2.84,0.00,629
29.136,16.68,0.08,0.91,4.43,2.81,2.93,627
29.152,16.66,0.10,0.91,0.44,2.80,0.00,627
29.169,16.67,0.09,0.89,4.35,2.77,2.89,626
29.186,16.68,0.08,0.89,0.42,2.77,0.00,624
29.202,16.65,0.09,0.89,4.37,2.76,2.92,623
29.219,16.68,0.10,0.90,0.41,2.73,0.00,619
29.236,16.65,0.09,0.88,4.51,2.73,3.01,617
29.252,16.67,0.09,0.88,0.41,2.73,0.00,613
29.269,16.66,0.09,0.86,4.32,2.71,2.85,610
29.286,16.68,0.10,0.90,0.43,2.70,0.00,604
29.303,16.68,0.08,0.87,4.46,2.67,2.95,599
29.319,16.65,0.10,0.89,0.45,2.64,0.00,590
29.336,16.66,0.10,0.60,4.40,2.64,2.91,557
29.353,16.68,0.09,0.61,0.43,2.64,0.00,554
29.369,16.66,0.09,0.59,4.33,2.62,2.85,554
29.386,16.67,0.08,0.60,0.41,2.61,0.00,553
29.403,16.69,0.08,0.60,4.36,2.61,2.88,553
29.419,16.64,0.10,0.60,0.43,2.60,0.00,552
29.436,16.67,0.09,0.59,4.37,2.58,2.90,550
29.453,16.67,0.10,0.61,0.43,2.58,0.00,550
29.469,16.67,0.09,0.59,4.34,2.58,2.87,547
29.486,16.67,0.09,0.57,0.44,2.59,0.00,548
29.503,16.66,0.09,0.59,4.50,2.57,3.00,549
29.519,16.67,0.10,0.58,0.42,2.58,0.00,549
29.536,16.67,0.08,0.58,4.35,2.58,2.87,549
29.553,16.66,0.09,0.58,0.42,2.57,0.00,547
29.569,16.67,0.09,0.60,4.43,2.57,2.93,547
29.586,16.67,0.10,0.60,0.42,2.56,0.00,544
29.603,16.65,0.09,0.58,4.39,2.57,2.90,546
29.619,16.67,0.09,0.60,0.42,2.59,0.00,546
29.636,16.67,0.09,0.58,4.40,2.56,2.91,544
29.653,16.68,0.09,0.58,0.41,2.58,0.00,542
29.669,16.67,0.10,0.61,4.43,2.57,2.90,541
29.686,16.70,0.10,0.60,0.48,2.58,0.00,538
29.703,16.65,0.10,0.61,4.42,2.56,2.91,536
29.719,16.67,0.09,0.61,0.44,2.58,0.00,535
29.736,16.64,0.09,0.56,4.44,2.59,2.93,535
29.753,16.67,0.09,0.60,0.42,2.59,0.00,535
29.769,16.67,0.09,0.58,4.42,2.58,2.96,534
29.786,16.67,0.09,0.60,0.42,2.60,0.00,533
29.803,16.66,0.09,0.59,4.42,2.58,2.94,531
29.819,16.69,0.14,0.61,0.45,2.60,0.00,530
29.836,16.65,0.10,0.60,4.41,2.57,2.92,528
29.853,16.67,0.09,0.59,0.42,2.61,0.00,527
29.869,16.67,0.09,0.58,4.33,2.60,2.86,527
29.886,16.66,0.09,0.60,0.42,2.59,0.00,526
29.903,16.67,0.09,0.57,4.31,2.59,2.87,528
29.919,16.67,0.10,0.60,0.43,2.60,0.00,529
29.936,16.67,0.09,0.60,4.36,2.58,2.89,531
29.953,16.67,0.10,0.61,0.43,2.59,0.00,532
29.969,16.66,0.09,0.58,4.41,2.60,2.92,531
29.986,16.68,0.09,0.59,0.46,2.61,0.00,532
30.003,16.66,0.09,0.57,4.30,2.60,2.85,533
30.019,16.67,0.09,0.60,0.43,2.59,0.00,533
30.036,16.67,0.09,0.58,4.39,2.58,2.94,534
30.053,16.66,0.09,0.60,0.41,2.59,0.00,533
30.069,16.68,0.10,0.57,4.44,2.59,2.92,533
30.086,16.67,0.09,0.60,0.42,2.57,0.00,529
30.103,16.67,0.09,0.58,4.30,2.59,2.83,528
30.119,16.67,0.09,0.59,0.41,2.59,0.00,528
30.136,16.66,0.09,0.57,4.41,2.57,2.93,525
30.153,16.67,0.09,0.60,0.40,2.57,0.00,526
30.169,16.66,0.09,0.60,4.33,2.56,2.87,525
30.186,16.67,0.09,0.59,0.43,2.57,0.00,523
30.203,16.67,0.10,0.58,3.72,2.55,2.54,522
30.219,16.67,0.08,0.60,0.43,2.57,0.00,522
30.236,16.66,0.08,0.46,4.13,2.55,2.64,521
30.253,16.64,0.03,0.20,0.18,2.56,0.00,519
30.269,16.67,0.03,0.23,3.54,2.53,2.12,520
30.286,16.67,0.03,0.24,0.20,2.55,0.00,518
30.303,16.67,0.03,0.25,3.61,2.52,2.17,518
30.319,16.68,0.04,0.25,0.22,2.53,0.00,516
30.336,16.65,0.03,0.24,3.55,2.53,2.12,515
30.353,16.67,0.03,0.22,0.21,2.54,0.00,515
30.369,16.67,0.03,0.23,3.53,2.52,2.12,515
30.386,16.67,0.09,0.26,0.20,2.53,0.00,541
30.403,16.66,0.03,0.26,3.69,2.68,2.17,541
30.419,16.67,0.05,0.28,0.21,2.67,0.00,539
30.436,16.69,0.04,0.26,3.95,2.66,2.79,538
30.453,16.67,0.06,0.34,0.29,2.65,0.00,537
30.469,16.72,0.09,0.63,4.65,2.69,3.10,535
30.486,16.65,0.10,0.63,0.48,2.64,0.00,531
30.503,16.69,0.09,0.63,4.58,2.63,3.04,532
30.519,16.73,0.08,0.63,0.53,2.64,0.00,532
30.536,16.65,0.08,0.62,4.46,2.61,2.94,531
30.553,16.63,0.08,0.61,0.45,2.63,0.00,530
30.569,16.64,0.09,0.72,4.59,2.60,3.07,532
30.586,16.74,0.08,0.61,0.41,2.62,0.00,530
30.603,16.65,0.08,0.65,4.42,2.60,2.94,531
30.619,16.64,0.09,0.62,0.46,2.59,0.00,530
30.636,16.66,0.08,0.61,4.44,2.59,2.95,531
30.653,16.61,0.09,0.63,0.47,2.60,0.00,529
30.669,16.77,0.08,0.65,4.48,2.57,2.97,529
30.686,16.69,0.08,0.63,0.44,2.57,0.00,530
30.703,16.55,0.13,0.85,4.54,2.56,3.06,581
30.719,16.64,0.05,0.48,0.30,3.48,0.00,590
30.736,16.67,0.06,0.46,3.75,3.55,2.28,587
30.753,16.66,0.05,0.45,0.25,3.56,0.00,586
30.769,16.67,0.05,0.45,3.99,3.55,2.56,585
30.786,16.71,0.06,0.45,0.26,3.54,0.00,586
30.803,16.63,0.05,0.45,3.68,3.53,2.26,585
30.819,16.66,0.06,0.46,0.26,3.53,0.00,584
30.836,16.67,0.05,0.45,4.07,3.51,2.64,582
30.853,16.73,0.06,0.46,0.25,3.51,0.00,583
30.869,16.60,0.05,0.45,3.82,3.52,2.42,585
30.886,16.67,0.05,0.46,0.24,3.52,0.00,590
30.903,16.67,0.05,0.45,3.78,3.54,2.34,592
30.919,16.67,0.05,0.47,0.24,3.53,0.00,593
30.936,16.67,0.05,0.45,4.02,3.53,2.57,592
30.953,16.67,0.05,0.47,0.24,3.55,0.00,590
30.969,16.67,0.05,0.45,3.67,3.54,2.25,591
30.986,16.72,0.06,0.46,0.26,3.53,0.00,591
31.003,16.62,0.05,0.45,3.96,3.52,2.57,596
31.019,16.73,0.05,0.46,0.28,3.52,0.00,596
31.036,16.61,0.05,0.45,3.91,3.52,2.48,595
31.053,16.73,0.05,0.46,0.23,3.53,0.00,597
31.069,16.61,0.05,0.45,3.11,3.52,2.33,596
31.086,16.73,0.05,0.47,0.24,3.53,0.00,595
31.103,16.61,0.05,0.44,4.12,3.52,2.69,593
31.119,16.69,0.07,0.66,0.33,2.94,0.00,592
31.136,16.73,0.06,0.65,4.01,2.94,2.56,595
31.153,16.60,0.07,0.67,0.33,2.93,0.00,593
31.169,16.74,0.06,0.64,3.99,2.93,2.53,595
31.186,16.61,0.07,0.66,0.33,2.94,0.00,597
31.203,16.66,0.06,0.64,4.20,2.94,2.77,598
31.219,16.68,0.07,0.66,0.32,2.95,0.00,597
31.236,16.67,0.07,0.65,4.14,2.95,2.63,599
31.253,16.67,0.09,0.68,0.40,2.94,0.00,598
31.269,16.67,0.07,0.68,4.16,2.95,2.64,598
31.286,16.67,0.07,0.66,0.33,2.97,0.00,597
31.303,16.66,0.07,0.64,4.24,2.97,2.81,597
31.319,16.73,0.07,0.67,0.33,2.98,0.00,597
31.336,16.60,0.07,0.66,4.09,3.00,2.60,598
31.353,16.67,0.07,0.65,0.33,3.02,0.00,597
31.369,16.73,0.07,0.66,4.09,3.01,2.64,597
31.386,16.61,0.07,0.65,0.34,3.04,0.00,600
31.403,16.66,0.06,0.64,3.99,3.03,2.55,599
31.419,16.68,0.07,0.65,0.34,3.03,0.00,598
31.436,16.72,0.07,0.65,4.23,3.03,2.78,597
31.453,16.60,0.07,0.67,0.35,3.07,0.00,598
31.469,16.73,0.06,0.63,3.89,3.07,2.47,599
31.486,16.61,0.07,0.78,0.36,3.08,0.00,599
31.503,16.73,0.07,0.65,4.04,3.06,2.58,599
31.519,16.60,0.07,0.66,0.33,3.09,0.00,599
31.536,16.66,0.07,0.65,4.22,3.09,2.78,599
31.553,16.68,0.06,0.67,0.32,3.10,0.00,597
31.569,16.73,0.07,0.64,3.97,3.11,2.51,594
31.586,16.60,0.08,0.65,0.34,3.11,0.00,593
31.603,16.68,0.06,0.64,4.01,3.12,2.56,593
31.619,16.67,0.10,0.88,0.42,3.12,0.00,593
31.636,16.66,0.09,0.87,4.46,3.11,2.99,596
31.653,16.67,0.10,0.87,0.41,3.12,0.00,597
31.669,16.67,0.09,0.85,4.37,3.11,2.89,597
31.686,16.67,0.10,0.89,0.42,3.12,0.00,595
31.703,16.66,0.09,0.86,4.36,3.12,2.91,596
31.719,16.69,0.08,0.89,0.46,3.14,0.00,596
31.736,16.66,0.10,0.89,4.43,3.12,2.91,595
31.753,16.67,0.10,0.89,0.44,3.11,0.00,596
31.769,16.67,0.11,0.87,4.40,3.10,2.93,596
31.786,16.67,0.09,0.88,0.42,3.10,0.00,595
31.803,16.68,0.14,1.25,5.20,3.08,3.70,665
31.819,16.65,0.13,1.25,0.43,4.06,0.00,665
31.836,16.67,0.12,1.28,4.44,4.05,2.92,665
31.853,16.68,0.11,1.27,0.44,4.05,0.00,663
31.869,16.67,0.10,1.26,4.40,4.05,2.91,663
31.886,16.67,0.12,1.28,0.45,4.04,0.00,665
31.903,16.66,0.12,1.29,4.56,4.04,3.05,663
31.919,16.68,0.12,1.28,0.42,4.05,0.00,663
31.936,16.65,0.11,1.31,4.34,4.03,2.88,659
31.953,16.67,0.12,1.30,0.43,4.04,0.00,658
31.969,16.67,0.11,1.27,4.36,4.05,2.89,661
31.986,16.66,0.12,1.30,0.41,4.06,0.00,664
32.003,16.68,0.12,1.31,4.44,4.08,2.93,664
32.019,16.67,0.12,1.31,0.43,4.10,0.00,667
32.036,16.68,0.10,1.30,4.43,4.10,2.95,668
32.053,16.65,0.13,1.33,0.42,4.15,0.00,672
32.069,16.67,0.12,1.31,4.43,4.16,2.92,673
32.086,16.67,0.12,1.34,0.46,4.18,0.00,676
32.103,16.67,0.11,1.31,4.41,4.18,2.93,679
32.119,16.67,0.12,1.33,0.42,4.21,0.00,679
32.136,16.67,0.11,1.32,4.45,4.22,2.93,679
32.153,16.67,0.12,1.34,0.44,4.21,0.00,681
32.169,16.65,0.11,1.31,4.55,4.24,3.02,683
32.186,16.67,0.12,1.34,0.41,4.24,0.00,681
32.203,16.67,0.11,1.29,4.37,4.28,2.89,677
32.219,16.66,0.11,1.32,0.43,3.35,0.00,677
32.236,16.66,0.11,1.30,4.50,3.36,3.02,676
32.253,16.68,0.11,1.31,0.42,3.37,0.00,676
32.269,16.66,0.10,1.30,4.34,3.37,2.88,677
32.286,16.67,0.11,1.31,0.42,3.39,0.00,678
32.303,16.67,0.11,1.28,4.35,3.39,2.90,680
32.319,16.68,0.12,1.32,0.40,3.46,0.00,681
32.336,16.66,0.11,1.35,4.45,3.45,2.93,682
32.353,16.67,0.12,1.23,0.49,3.46,0.00,685
32.369,16.67,0.11,1.23,4.41,3.47,2.90,685
32.386,16.68,0.25,1.35,0.43,3.49,0.00,701
32.403,16.70,0.10,1.34,4.39,3.57,2.91,704
32.419,16.63,0.10,1.36,0.44,3.64,0.00,704
32.436,16.66,0.11,1.33,4.45,3.66,2.95,705
32.453,16.68,0.12,1.36,0.47,3.67,0.00,705
32.469,16.67,0.11,1.35,4.51,3.67,2.96,706
32.486,16.67,0.11,1.35,0.49,3.66,0.00,704
32.503,16.67,0.11,1.34,4.58,3.66,3.04,705
32.519,16.67,0.12,1.34,0.49,3.67,0.00,703
32.536,16.66,0.11,1.34,4.50,3.68,2.96,702
32.553,16.68,0.10,1.33,0.46,3.70,0.00,700
32.569,16.65,0.10,1.30,4.44,3.71,2.94,696
32.586,16.67,0.12,1.33,0.46,3.72,0.00,696
32.603,16.67,0.11,1.26,4.44,3.72,2.93,695
32.619,16.67,0.11,1.27,0.47,3.73,0.00,694
32.636,16.70,0.10,1.27,4.39,3.72,2.87,693
32.653,16.64,0.11,1.30,0.43,3.73,0.00,696
32.669,16.67,0.17,1.36,4.44,3.71,2.98,752
32.686,16.67,0.16,1.36,0.42,4.62,0.00,748
32.703,16.66,0.15,1.33,4.39,4.61,2.93,752
32.719,16.67,0.16,1.34,0.43,4.62,0.00,752
32.736,16.68,0.16,1.34,4.48,4.61,2.95,750
32.753,16.67,0.16,1.36,0.44,4.59,0.00,750
32.769,16.66,0.15,1.32,4.44,4.59,2.91,752
32.786,16.68,0.15,1.36,0.41,4.59,0.00,752
32.803,16.65,0.15,1.34,4.39,4.59,2.89,749
32.819,16.67,0.15,1.34,0.40,4.60,0.00,750
32.836,16.68,0.16,1.32,4.44,4.61,2.91,749
32.853,16.67,0.16,1.34,0.42,4.61,0.00,750
32.869,16.68,0.16,1.37,4.00,4.63,2.79,752
32.886,16.68,0.18,1.34,0.50,4.61,0.00,751
32.903,16.76,0.15,1.35,4.39,4.61,2.91,753
32.919,16.56,0.17,1.34,0.46,4.62,0.00,754
32.936,16.66,0.16,1.31,4.37,4.62,2.86,754
32.953,16.67,0.14,1.33,0.43,4.63,0.00,752
32.969,16.67,0.13,1.28,4.38,4.62,2.90,751
32.986,16.67,0.14,1.30,0.43,4.62,0.00,751
33.003,16.66,0.14,1.30,4.40,4.62,2.88,749
33.019,16.68,0.14,1.30,0.45,4.64,0.00,751
33.036,16.66,0.12,1.29,4.39,4.63,2.88,752
33.053,16.67,0.13,1.31,0.44,4.65,0.00,749
33.069,16.68,0.13,1.30,4.40,4.62,2.89,749
33.086,16.67,0.15,1.31,0.47,4.08,0.00,749
33.103,16.66,0.13,1.30,4.36,4.06,2.86,749
33.120,16.68,0.13,1.31,0.45,4.08,0.00,747
33.136,16.66,0.13,1.28,4.38,4.09,2.90,745
33.153,16.67,0.14,1.29,0.43,4.08,0.00,742
33.170,16.67,0.13,1.25,4.32,4.10,2.85,734
33.186,16.67,0.14,1.29,0.44,4.11,0.00,730
33.203,16.68,0.11,1.27,4.36,4.10,2.87,720
33.220,16.66,0.13,1.29,0.44,4.11,0.00,715
33.236,16.68,0.11,1.26,4.42,4.09,2.94,711
33.253,16.66,0.14,1.28,0.45,4.07,0.00,709
33.270,16.66,0.13,1.24,4.38,4.10,2.88,706
33.286,16.68,0.13,1.28,0.44,4.09,0.00,702
33.303,16.66,0.13,1.18,4.39,4.09,2.87,694
33.320,16.75,0.12,1.22,0.49,3.29,0.00,693
33.336,16.58,0.13,1.20,4.37,3.28,2.84,695
33.353,16.67,0.13,1.24,0.42,3.32,0.00,696
33.370,16.67,0.13,1.16,4.36,3.31,2.83,694
33.386,16.69,0.13,1.21,0.50,3.30,0.00,694
33.403,16.65,0.13,1.16,4.41,3.30,2.89,693
33.420,16.69,0.13,1.19,0.46,3.30,0.00,690
33.436,16.65,0.12,1.15,4.41,3.33,2.90,689
33.453,16.67,0.12,1.18,0.47,3.32,0.00,689
33.470,16.68,0.12,1.18,4.43,3.30,2.88,689
33.486,16.65,0.13,1.18,0.47,3.31,0.00,689
33.503,16.66,0.13,1.15,4.49,3.28,2.96,690
33.520,16.67,0.13,1.18,0.51,3.32,0.00,691
33.536,16.68,0.14,1.19,4.49,3.30,2.93,693
33.553,16.66,0.13,1.19,0.47,3.29,0.00,693
33.570,16.67,0.13,1.14,4.42,3.28,2.89,693
33.586,16.69,0.13,1.18,0.53,3.31,0.00,692
33.603,16.64,0.12,1.15,4.43,3.30,2.89,691
33.620,16.67,0.13,1.17,0.47,3.28,0.00,689
33.636,16.66,0.12,1.14,4.34,3.27,2.83,689
33.653,16.68,0.13,1.18,0.48,3.27,0.00,689
33.670,16.66,0.12,1.15,4.40,3.31,2.88,685
33.686,16.67,0.12,1.18,0.49,3.31,0.00,685
33.703,16.66,0.12,1.14,4.37,3.30,2.89,680
33.720,16.67,0.12,1.17,0.43,3.29,0.00,680
33.736,16.67,0.12,1.13,4.43,3.30,2.95,677
33.753,16.69,0.13,1.17,0.46,3.29,0.00,670
33.770,16.66,0.12,0.91,4.46,3.27,2.97,659
33.786,16.66,0.13,0.94,0.45,3.26,0.00,658
33.803,16.67,0.11,0.92,4.38,3.25,2.92,661
33.820,16.67,0.13,1.63,0.43,3.26,0.00,676
33.836,16.71,0.13,1.01,4.70,3.29,3.20,678
33.853,16.63,0.13,1.03,0.44,3.31,0.00,678
33.870,16.66,0.12,1.01,4.32,3.31,2.86,680
33.886,16.68,0.14,1.05,0.49,3.32,0.00,681
33.903,16.66,0.12,0.99,4.45,3.33,2.91,684
33.920,16.67,0.13,1.04,0.48,3.36,0.00,684
33.936,16.67,0.12,1.00,4.30,3.35,2.84,682
33.953,16.67,0.14,1.05,0.49,3.35,0.00,684
33.970,16.67,0.11,1.03,4.39,3.35,2.84,686
33.986,16.68,0.13,1.05,0.51,3.36,0.00,688
34.003,16.65,0.12,1.03,4.43,3.38,2.91,689
34.020,16.67,0.13,1.04,0.50,3.38,0.00,690
34.036,16.67,0.12,1.03,4.48,3.37,2.99,691
34.053,16.67,0.12,1.06,0.51,3.38,0.00,690
34.070,16.74,0.12,1.06,4.55,3.37,2.95,685
34.086,16.63,0.11,1.07,0.54,3.40,0.00,685
34.103,16.67,0.12,1.06,4.50,3.40,2.92,686
34.120,16.65,0.13,1.07,0.57,3.39,0.00,683
34.136,16.67,0.13,1.07,4.51,3.39,2.98,673
34.153,16.67,0.13,1.07,0.51,3.37,0.00,655
34.170,16.66,0.13,1.05,4.46,3.38,2.93,647
34.186,16.73,0.11,1.05,0.50,3.08,0.00,646
34.203,16.62,0.12,1.03,4.52,3.07,2.97,644
34.220,16.66,0.12,1.05,0.48,3.07,0.00,643
34.236,16.69,0.11,1.03,4.48,3.07,2.96,642
34.253,16.65,0.12,1.04,0.51,3.10,0.00,641
34.270,16.68,0.13,1.06,4.63,3.10,3.06,641
34.286,16.66,0.13,1.06,0.51,3.08,0.00,639
34.303,16.67,0.12,1.07,4.57,3.09,3.03,638
34.320,16.67,0.14,1.06,0.51,3.07,0.00,638
34.336,16.72,0.10,0.76,3.68,3.10,2.53,638
34.353,16.62,0.12,0.98,0.49,3.09,0.00,638
34.370,16.69,0.11,0.98,4.55,3.10,3.00,638
34.386,16.67,0.24,1.08,0.54,3.09,0.00,688
34.403,16.66,0.13,1.12,4.49,3.33,2.95,698
34.420,16.66,0.14,1.14,0.54,3.49,0.00,697
34.436,16.70,0.11,1.16,4.55,3.49,2.98,697
34.453,16.65,0.11,1.14,0.50,3.48,0.00,696
34.470,16.67,0.11,1.10,4.61,3.48,3.00,695
34.486,16.67,0.12,1.12,0.46,3.48,0.00,696
34.503,16.66,0.13,1.07,4.61,3.48,3.00,695
34.520,16.66,0.13,1.09,0.50,3.48,0.00,695
34.536,16.65,0.12,1.07,4.43,3.48,2.93,696
34.553,16.76,0.11,1.14,0.43,3.48,0.00,697
34.570,16.67,0.11,1.10,4.58,3.45,3.09,697
34.586,16.59,0.13,1.14,0.50,3.47,0.00,699
34.603,16.68,0.12,1.08,4.47,3.45,2.94,698
34.620,16.65,0.12,1.10,0.45,3.45,0.00,698
34.636,16.66,0.12,0.91,4.40,3.43,2.89,697
34.653,16.67,0.12,0.87,0.50,3.43,0.00,695
34.670,16.67,0.12,0.88,4.39,3.44,2.92,699
34.686,16.67,0.12,0.93,0.44,3.45,0.00,699
34.703,16.66,0.11,0.90,4.47,3.43,2.95,699
34.720,16.69,0.12,0.91,0.44,3.43,0.00,700
34.736,16.65,0.12,0.91,4.45,3.41,2.95,699
34.753,16.68,0.12,0.94,0.49,3.43,0.00,701
34.770,16.66,0.12,0.92,4.57,3.41,3.02,699
34.786,16.68,0.13,0.93,0.47,3.40,0.00,701
34.803,16.68,0.12,0.94,4.60,3.39,3.03,702
34.820,16.68,0.12,0.95,0.50,3.40,0.00,701
34.836,16.63,0.12,0.91,4.63,3.39,3.12,702
34.853,16.68,0.12,0.89,0.47,3.38,0.00,686
34.870,16.66,0.12,0.87,4.45,3.36,2.92,684
34.886,16.67,0.12,0.88,0.47,3.35,0.00,683
34.903,16.66,0.11,0.83,4.41,3.34,2.89,683
34.920,16.68,0.12,0.88,0.46,3.34,0.00,683
34.936,16.66,0.12,0.84,4.41,3.33,2.94,682
34.953,16.69,0.12,0.88,0.46,3.33,0.00,680
34.970,16.65,0.12,0.88,4.41,3.33,2.93,682
34.986,16.67,0.12,0.88,0.41,3.35,0.00,682
35.003,16.75,0.11,0.85,4.51,3.36,2.98,683
35.020,16.61,0.13,0.90,0.44,3.36,0.00,682
35.036,16.65,0.11,0.85,4.37,3.36,2.91,681
35.053,16.66,0.12,0.90,0.41,3.36,0.00,681
35.070,16.69,0.11,0.88,4.38,3.38,2.91,679
35.086,16.65,0.12,0.89,0.41,3.38,0.00,680
35.103,16.68,0.12,0.87,4.56,3.37,3.07,678
35.120,16.66,0.12,0.90,0.46,3.37,0.00,678
35.136,16.67,0.12,0.85,4.38,3.37,2.92,676
35.153,16.67,0.12,0.89,0.43,3.38,0.00,677
35.170,16.66,0.11,0.86,4.43,3.37,2.94,676
35.186,16.67,0.12,0.90,0.42,3.36,0.00,675
35.203,16.67,0.11,0.87,4.40,3.36,2.93,674
35.220,16.67,0.12,0.89,0.41,3.35,0.00,672
35.236,16.66,0.11,0.85,4.37,3.37,2.89,668
35.253,16.78,0.11,0.88,0.45,3.37,0.00,664
35.270,16.56,0.11,0.88,4.38,3.36,2.92,660
35.286,16.67,0.11,0.89,0.41,3.34,0.00,659
35.303,16.67,0.27,1.23,4.58,3.33,3.09,705
35.320,16.66,0.17,1.21,0.43,4.20,0.00,698
35.336,16.67,0.16,1.19,4.47,3.88,2.93,698
35.353,16.67,0.17,1.21,0.44,3.85,0.00,696
35.370,16.67,0.15,1.21,4.51,3.86,3.02,697
35.386,16.67,0.15,1.24,0.45,3.84,0.00,697
35.403,16.67,0.16,1.27,4.33,3.83,2.87,707
35.420,16.65,0.15,1.26,0.43,3.84,0.00,706
35.436,16.67,0.16,1.25,4.35,3.84,2.87,705
35.453,16.67,0.17,1.32,0.42,3.84,0.00,710
35.470,16.69,0.15,1.34,4.39,3.78,2.90,708
35.486,16.65,0.16,1.34,0.45,3.78,0.00,710
35.503,16.66,0.14,1.32,4.42,3.77,2.93,708
35.520,16.67,0.15,1.33,0.42,3.77,0.00,708
35.536,16.67,0.15,1.32,4.39,3.77,2.91,707
35.553,16.67,0.16,1.35,0.43,3.80,0.00,707
35.570,16.68,0.16,1.36,4.46,3.78,2.95,705
35.586,16.67,0.15,1.36,0.43,3.78,0.00,707
35.603,16.67,0.15,1.33,4.42,3.78,2.91,707
35.620,16.65,0.15,1.37,0.43,3.78,0.00,706
35.636,16.67,0.14,1.32,4.38,3.77,2.93,705
35.653,16.68,0.16,1.34,0.43,3.78,0.00,707
35.670,16.66,0.15,1.36,4.40,3.79,2.91,708
35.686,16.67,0.15,1.36,0.41,3.80,0.00,707
35.703,16.66,0.15,1.35,4.39,3.79,2.89,708
35.720,16.67,0.15,1.35,0.45,3.21,0.00,708
35.736,16.67,0.14,1.33,4.37,3.20,2.89,709
35.753,16.67,0.15,1.39,0.44,3.22,0.00,707
35.770,16.66,0.15,1.33,4.43,3.19,2.93,708
35.786,16.67,0.15,1.22,0.44,3.24,0.00,707
35.803,16.67,0.14,1.19,4.44,3.23,2.94,706
35.820,16.67,0.16,1.22,0.45,3.23,0.00,711
35.836,16.66,0.14,1.17,4.42,3.24,2.93,708
35.853,16.67,0.16,1.23,0.48,3.23,0.00,708
35.870,16.66,0.14,1.20,4.41,3.24,2.91,708
35.886,16.67,0.15,1.21,0.44,3.25,0.00,707
35.903,16.66,0.14,1.17,4.48,3.28,2.99,703
35.920,16.68,0.15,1.20,0.42,3.27,0.00,702
35.936,16.68,0.14,1.17,4.39,3.28,2.90,703
35.953,16.66,0.15,1.18,0.45,3.28,0.00,706
35.970,16.66,0.13,1.16,4.35,3.28,2.86,706
35.986,16.67,0.15,1.18,0.45,3.28,0.00,707
36.003,16.66,0.14,1.14,4.44,3.28,2.94,706
36.020,16.67,0.16,1.19,0.47,3.39,0.00,703
36.036,16.66,0.13,1.07,4.45,3.39,2.94,694
36.053,16.68,0.13,1.12,0.54,3.37,0.00,694
36.070,16.65,0.11,1.13,4.43,3.39,2.94,721
36.086,16.68,0.12,1.14,0.43,3.43,0.00,719
36.103,16.66,0.11,1.12,4.42,3.44,2.93,717
36.120,16.68,0.10,1.14,0.45,3.45,0.00,721
36.136,16.66,0.11,1.11,4.38,3.41,2.91,720
36.153,16.67,0.10,1.14,0.43,3.43,0.00,718
36.170,16.67,0.11,1.10,4.48,3.42,3.01,718
36.186,16.67,0.11,1.13,0.44,3.42,0.00,720
36.203,16.67,0.11,1.10,4.34,3.42,2.89,717
36.220,16.67,0.11,1.11,0.45,3.42,0.00,715
36.236,16.66,0.11,1.07,4.26,3.42,2.82,716
36.253,16.68,0.12,1.11,0.45,3.43,0.00,715
36.270,16.66,0.11,1.09,4.41,3.42,2.92,714
36.286,16.68,0.11,1.06,0.44,3.43,0.00,714
36.303,16.66,0.11,1.08,4.44,3.41,2.94,715
36.320,16.67,0.11,1.11,0.44,3.40,0.00,715
36.336,16.67,0.11,1.11,4.43,3.39,2.94,713
36.353,16.68,0.12,1.01,0.47,3.37,0.00,712
36.370,16.66,0.12,1.00,4.41,3.36,2.95,713
36.386,16.66,0.24,1.09,0.45,3.39,0.00,731
36.403,16.67,0.11,1.07,4.31,3.49,2.87,738
36.420,16.67,0.11,1.08,0.44,3.58,0.00,738
36.436,16.66,0.11,1.04,4.46,3.57,2.98,737
36.453,16.67,0.12,1.08,0.44,3.56,0.00,738
36.470,16.67,0.11,1.05,4.39,3.55,2.93,739
36.486,16.67,0.12,1.07,0.43,3.54,0.00,737
36.503,16.66,0.11,1.05,4.36,3.55,2.89,733
36.520,16.68,0.12,1.07,0.44,3.52,0.00,731
36.536,16.65,0.11,1.05,4.39,3.51,2.92,731
36.553,16.67,0.11,1.06,0.42,3.49,0.00,729
36.570,16.66,0.11,1.04,4.33,3.48,2.84,729
36.586,16.67,0.11,1.05,0.42,3.47,0.00,729
36.603,16.66,0.12,1.04,4.43,3.46,2.93,730
36.620,16.68,0.12,1.05,0.43,3.48,0.00,727
36.636,16.66,0.11,1.04,4.38,3.46,2.93,726
36.653,16.67,0.12,1.04,0.44,3.46,0.00,723
36.670,16.66,0.11,1.02,4.31,3.44,2.86,721
36.686,16.68,0.12,1.06,0.44,3.44,0.00,720
36.703,16.67,0.11,1.00,4.41,3.42,2.96,718
36.720,16.67,0.12,1.02,0.45,3.41,0.00,717
36.736,16.67,0.11,0.99,4.32,3.43,2.87,713
36.753,16.69,0.11,1.02,0.43,3.41,0.00,711
36.770,16.67,0.12,1.03,4.45,3.40,2.94,710
36.786,16.65,0.11,1.03,0.44,3.39,0.00,710
36.803,16.67,0.11,0.98,4.40,3.38,2.91,709
36.820,16.67,0.11,0.99,0.45,3.03,0.00,710
36.836,16.66,0.11,0.97,4.35,3.02,2.87,708
36.853,16.67,0.11,0.99,0.46,3.04,0.00,708
36.870,16.66,0.11,0.99,4.47,3.01,2.96,705
36.886,16.67,0.11,0.99,0.42,3.02,0.00,706
36.903,16.70,0.12,1.01,4.47,3.00,2.96,704
36.920,16.64,0.12,1.00,0.44,3.01,0.00,701
36.936,16.66,0.10,0.96,4.41,3.01,2.92,701
36.953,16.67,0.11,0.99,0.45,3.00,0.00,701
36.970,16.68,0.09,0.94,4.40,3.02,2.93,700
36.987,16.66,0.11,0.99,0.44,3.01,0.00,699
37.003,16.71,0.10,0.97,4.35,3.01,2.89,698
37.020,16.62,0.11,0.98,0.47,2.99,0.00,699
37.036,16.67,0.10,0.97,4.38,2.98,2.89,698
37.053,16.67,0.11,0.99,0.48,2.98,0.00,697
37.070,16.67,0.12,0.95,4.51,2.97,2.93,695
37.087,16.66,0.12,0.95,0.48,2.99,0.00,694
37.103,16.67,0.11,0.92,4.47,2.97,2.93,692
37.120,16.66,0.11,0.95,0.47,2.94,0.00,692
37.137,16.67,0.11,0.91,4.39,2.94,2.90,690
37.153,16.67,0.11,0.96,0.48,2.92,0.00,684
37.170,16.65,0.10,0.94,4.41,2.90,2.92,681
37.187,16.68,0.11,0.93,0.41,2.90,0.00,677
37.203,16.66,0.11,0.92,4.38,2.89,2.90,672
37.220,16.67,0.10,0.93,0.40,2.89,0.00,664
37.237,16.67,0.10,0.90,4.46,2.87,2.99,661
37.253,16.67,0.11,0.94,0.43,2.86,0.00,657
37.270,16.67,0.11,0.68,4.56,2.83,3.03,631
37.287,16.67,0.09,0.69,0.43,2.80,0.00,630
37.303,16.65,0.16,0.95,4.62,2.78,3.14,677
37.320,16.67,0.16,0.96,0.45,3.64,0.00,677
37.337,16.67,0.14,0.93,4.37,3.62,2.92,673
37.353,16.67,0.16,0.96,0.45,3.60,0.00,647
37.370,16.66,0.14,0.94,4.39,3.56,2.93,645
37.387,16.67,0.15,0.96,0.44,3.55,0.00,644
37.403,16.66,0.14,0.93,4.33,3.54,2.88,644
37.420,16.67,0.16,0.97,0.43,3.55,0.00,643
37.437,16.66,0.15,0.96,4.39,3.49,2.91,644
37.453,16.67,0.15,0.98,0.43,3.51,0.00,644
37.470,16.66,0.15,0.95,4.37,3.52,2.90,646
37.487,16.67,0.16,0.99,0.46,3.50,0.00,647
37.503,16.67,0.15,0.96,4.55,3.52,3.06,646
37.520,16.77,0.15,0.99,0.51,3.52,0.00,649
37.537,16.56,0.16,0.98,4.52,3.52,3.00,648
37.553,16.71,0.15,0.99,0.44,3.57,0.00,646
37.570,16.63,0.13,0.96,4.41,3.56,2.93,644
37.587,16.68,0.13,0.97,0.41,3.57,0.00,645
37.603,16.66,0.11,1.07,4.41,3.58,2.93,646
37.620,16.66,0.13,0.99,0.44,3.58,0.00,645
37.637,16.67,0.12,0.98,4.33,3.57,2.88,646
37.653,16.67,0.14,0.98,0.43,3.57,0.00,649
37.670,16.67,0.12,0.96,4.32,3.59,2.87,648
37.687,16.67,0.12,0.98,0.43,3.60,0.00,649
37.703,16.67,0.11,0.97,4.38,3.59,2.91,645
37.720,16.68,0.12,0.98,0.42,3.02,0.00,645
37.737,16.66,0.12,0.98,4.30,3.01,2.86,644
37.753,16.66,0.12,0.98,0.44,3.01,0.00,644
37.770,16.67,0.12,0.96,4.44,3.00,2.99,643
37.787,16.67,0.12,0.99,0.44,3.04,0.00,643
37.803,16.67,0.12,0.96,4.37,3.03,2.89,644
37.820,16.67,0.12,0.98,0.43,3.04,0.00,644
37.837,16.66,0.11,0.96,4.29,3.04,2.85,644
37.853,16.68,0.12,1.01,0.40,3.03,0.00,642
37.870,16.66,0.11,0.98,4.42,3.02,2.92,638
37.887,16.67,0.12,0.97,0.43,3.02,0.00,638
37.903,16.67,0.11,0.97,4.31,3.05,2.86,639
37.920,16.66,0.12,0.97,0.43,3.06,0.00,637
37.937,16.67,0.11,0.95,4.37,3.05,2.89,635
37.953,16.67,0.11,0.97,0.42,3.05,0.00,635
37.970,16.67,0.10,0.95,4.48,3.05,2.97,635
37.987,16.67,0.12,0.99,0.43,3.05,0.00,636
38.003,16.67,0.11,0.95,4.40,3.04,2.92,636
38.020,16.68,0.13,0.99,0.49,3.08,0.00,637
38.037,16.66,0.11,0.95,4.49,3.07,3.02,635
38.053,16.67,0.12,0.97,0.42,3.08,0.00,638
38.070,16.81,0.10,0.97,4.42,3.06,2.90,636
38.087,16.57,0.12,0.96,0.41,3.07,0.00,637
38.103,16.63,0.11,0.98,4.45,3.07,2.94,634
38.120,16.68,0.12,0.97,0.44,3.07,0.00,634
38.137,16.67,0.11,0.94,4.34,3.10,2.88,637
38.153,16.67,0.11,0.94,0.40,3.11,0.00,635
38.170,16.66,0.11,0.97,4.34,3.10,2.86,638
38.187,16.67,0.12,0.97,0.42,3.10,0.00,640
38.203,16.69,0.10,0.97,4.39,3.09,2.90,638
38.220,16.65,0.11,0.95,0.40,3.10,0.00,638
38.237,16.66,0.11,0.96,4.40,3.10,2.93,640
38.253,16.66,0.11,0.96,0.43,3.13,0.00,642
38.270,16.67,0.11,0.97,4.43,3.12,2.93,641
38.287,16.68,0.10,0.96,0.40,3.11,0.00,643
38.303,16.65,0.10,0.96,4.45,3.10,2.98,646
38.320,16.67,0.11,0.96,0.42,3.11,0.00,646
38.337,16.67,0.10,0.93,4.32,3.11,2.87,648
38.353,16.66,0.11,0.87,0.43,3.11,0.00,651
38.370,16.67,0.11,0.86,4.37,3.13,2.88,652
38.387,16.67,0.23,0.96,0.44,3.14,0.00,670
38.403,16.68,0.12,0.99,4.45,3.31,2.95,681
38.420,16.66,0.12,0.98,0.42,3.47,0.00,682
38.437,16.67,0.11,0.94,4.33,3.48,2.89,682
38.453,16.66,0.11,0.97,0.43,3.48,0.00,682
38.470,16.68,0.11,0.96,4.39,3.48,2.91,682
38.487,16.67,0.11,0.98,0.41,3.51,0.00,681
38.503,16.66,0.11,0.97,4.39,3.50,2.92,681
38.520,16.68,0.12,0.97,0.52,3.51,0.00,684
38.537,16.66,0.11,0.96,4.39,3.51,2.89,686
38.553,16.67,0.11,0.97,0.48,3.53,0.00,688
38.570,16.67,0.11,0.96,4.59,3.51,3.04,688
38.587,16.67,0.12,0.98,0.49,3.52,0.00,688
38.603,16.67,0.12,0.93,4.45,3.52,2.93,693
38.620,16.67,0.11,0.98,0.50,3.55,0.00,694
38.637,16.66,0.11,0.93,4.45,3.56,2.93,694
38.653,16.67,0.11,0.97,0.46,3.54,0.00,695
38.670,16.67,0.11,0.96,4.40,3.55,2.89,694
38.687,16.67,0.11,0.96,0.47,3.55,0.00,692
38.703,16.67,0.10,0.94,4.37,3.54,2.88,693
38.720,16.67,0.12,0.95,0.48,3.54,0.00,689
38.737,16.67,0.11,0.93,4.39,3.56,2.90,686
38.753,16.67,0.11,0.97,0.48,3.54,0.00,685
38.770,16.67,0.11,0.94,4.35,3.53,2.90,679
38.787,16.67,0.11,0.96,0.45,3.51,0.00,675
38.803,16.72,0.09,0.93,4.31,3.50,2.85,668
38.820,16.61,0.11,0.92,0.43,3.04,0.00,668
38.837,16.67,0.11,0.90,4.39,3.03,2.94,667
38.853,16.68,0.10,0.93,0.43,3.05,0.00,667
38.870,16.66,0.11,0.92,4.35,3.03,2.90,667
38.887,16.66,0.11,0.92,0.41,3.02,0.00,668
38.903,16.67,0.10,0.89,4.37,3.00,2.90,669
38.920,16.67,0.11,0.93,0.41,3.00,0.00,665
38.937,16.66,0.10,0.90,4.39,2.99,2.93,664
38.953,16.67,0.11,0.92,0.43,2.98,0.00,664
38.970,16.68,0.09,0.89,4.38,2.99,2.90,662
38.987,16.67,0.11,0.93,0.43,2.98,0.00,662
39.003,16.66,0.09,0.91,4.34,2.96,2.87,656
39.020,16.69,0.12,0.93,0.45,2.95,0.00,656
39.037,16.64,0.11,0.91,4.41,2.94,2.94,655
39.053,16.67,0.11,0.92,0.40,2.93,0.00,652
39.070,16.67,0.11,0.89,4.40,2.91,2.93,651
39.087,16.67,0.10,0.92,0.41,2.94,0.00,651
39.103,16.68,0.11,0.93,4.55,2.93,3.05,650
39.120,16.66,0.11,0.93,0.45,2.91,0.00,650
39.137,16.66,0.10,0.89,4.40,2.89,2.94,650
39.153,16.68,0.11,0.93,0.46,2.88,0.00,649
39.170,16.66,0.10,0.90,4.38,2.87,2.91,646
39.187,16.67,0.11,0.92,0.41,2.87,0.00,645
39.203,16.67,0.10,0.89,4.37,2.87,2.90,642
39.220,16.66,0.10,0.92,0.41,2.86,0.00,639
39.237,16.67,0.10,0.89,4.38,2.84,2.89,637
39.253,16.68,0.11,0.93,0.43,2.84,0.00,637
39.270,16.74,0.09,0.69,4.43,2.81,2.94,633
39.287,16.58,0.11,0.66,0.40,2.80,0.00,633
39.303,16.66,0.11,0.68,4.37,2.79,2.91,632
39.320,16.69,0.11,0.68,0.44,2.82,0.00,630
39.337,16.64,0.10,0.67,4.39,2.80,2.89,629
39.353,16.67,0.11,0.69,0.42,2.81,0.00,628
39.370,16.66,0.10,0.66,4.45,2.79,2.99,628
39.387,16.68,0.11,0.68,0.44,2.81,0.00,627
39.403,16.67,0.10,0.67,4.36,2.79,2.89,625
39.420,16.67,0.11,0.68,0.43,2.79,0.00,623
39.437,16.69,0.09,0.68,4.34,2.80,2.89,623
39.453,16.64,0.10,0.67,0.41,2.81,0.00,623
39.470,16.67,0.10,0.65,4.31,2.80,2.86,619
39.487,16.67,0.10,0.67,0.41,2.81,0.00,618
39.503,16.71,0.09,0.66,4.38,2.80,2.90,617
39.520,16.64,0.11,0.68,0.44,2.81,0.00,615
39.537,16.66,0.12,0.66,4.37,2.80,2.91,614
39.553,16.67,0.10,0.69,0.44,2.83,0.00,614
39.570,16.73,0.10,0.68,4.50,2.83,2.97,613
39.587,16.62,0.11,0.67,0.44,2.83,0.00,613
39.603,16.69,0.09,0.65,4.37,2.83,2.90,613
39.620,16.69,0.10,0.67,0.47,2.83,0.00,612
39.637,16.64,0.11,0.70,4.56,2.82,3.06,610
39.653,16.66,0.11,0.69,0.43,2.83,0.00,610
39.670,16.67,0.10,0.67,4.40,2.86,2.92,610
39.687,16.67,0.11,0.68,0.43,2.86,0.00,608
39.703,16.67,0.10,0.67,4.36,2.85,2.91,605
39.720,16.67,0.10,0.69,0.43,2.86,0.00,605
39.737,16.70,0.08,0.66,4.33,2.84,2.88,604
39.753,16.64,0.09,0.69,0.42,2.85,0.00,603
39.770,16.69,0.10,0.67,4.41,2.83,2.95,602
39.787,16.65,0.09,0.70,0.42,2.86,0.00,601
39.803,16.67,0.10,0.67,4.39,2.86,2.91,597
39.820,16.66,0.10,0.70,0.46,2.84,0.00,596
39.837,16.67,0.10,0.67,4.42,2.83,2.92,595
39.853,16.67,0.10,0.69,0.44,2.83,0.00,593
39.870,16.69,0.10,0.70,4.42,2.82,2.94,593
39.887,16.66,0.09,0.69,0.42,2.82,0.00,590
39.903,16.68,0.09,0.69,4.49,2.83,3.02,589
39.920,16.65,0.09,0.69,0.43,2.82,0.00,587
39.937,16.67,0.10,0.68,4.43,2.81,2.93,585
39.953,16.68,0.09,0.68,0.43,2.80,0.00,585
39.970,16.67,0.10,0.69,4.41,2.78,2.91,583
39.987,16.66,0.10,0.69,0.42,2.78,0.00,580
40.003,16.67,0.10,0.66,4.39,2.76,2.90,586
40.020,16.74,0.09,0.70,0.43,2.79,0.00,587
40.037,16.60,0.10,0.67,4.47,2.78,2.98,585
40.053,16.67,0.10,0.69,0.43,2.77,0.00,584
40.070,16.66,0.09,0.67,4.40,2.75,2.92,580
40.087,16.68,0.10,0.69,0.42,2.76,0.00,579
40.103,16.66,0.10,0.69,4.47,2.74,2.96,579
40.120,16.68,0.17,1.01,0.48,2.73,0.00,616
40.137,16.66,0.12,1.03,4.65,3.54,3.14,616
40.153,16.67,0.12,1.01,0.46,3.54,0.00,616
40.170,16.66,0.11,0.99,4.45,3.53,3.00,614
40.187,16.67,0.12,1.00,0.43,3.55,0.00,613
40.203,16.67,0.11,1.01,4.43,3.53,2.95,612
40.220,16.67,0.12,1.03,0.45,3.54,0.00,611
40.237,16.66,0.12,1.01,4.44,3.54,2.93,609
40.253,16.67,0.11,1.02,0.42,3.54,0.00,611
40.270,16.66,0.11,1.01,4.49,3.54,3.01,610
40.287,16.68,0.12,1.04,0.43,3.55,0.00,608
40.303,16.66,0.12,1.04,4.42,3.54,2.94,606
40.320,16.67,0.12,1.05,0.43,3.56,0.00,607
40.337,16.67,0.11,1.03,4.35,3.56,2.88,606
40.353,16.66,0.12,0.95,0.41,3.57,0.00,608
40.370,16.69,0.12,0.97,4.46,3.60,2.96,610
40.387,16.65,0.24,1.04,0.42,3.61,0.00,645
40.403,16.67,0.11,1.02,4.30,3.76,2.85,658
40.420,16.67,0.12,1.04,0.42,3.92,0.00,661
40.437,16.70,0.10,1.08,5.45,3.94,3.85,663
40.453,16.65,0.11,1.05,0.45,3.92,0.00,667
40.470,16.66,0.11,1.02,4.39,3.97,2.92,667
40.487,16.67,0.11,1.06,0.43,3.98,0.00,669
40.503,16.66,0.11,1.06,4.37,3.98,2.91,668
40.520,16.67,0.12,1.06,0.42,3.99,0.00,669
40.537,16.68,0.11,1.04,4.47,3.42,2.96,667
40.553,16.67,0.11,1.07,0.46,3.42,0.00,669
40.570,16.65,0.11,1.05,4.39,3.42,2.92,672
40.587,16.67,0.11,1.06,0.42,3.46,0.00,673
40.603,16.67,0.11,1.03,4.37,3.46,2.91,672
40.620,16.68,0.12,1.06,0.47,3.47,0.00,674
40.637,16.65,0.11,1.05,4.39,3.47,2.92,675
40.653,16.68,0.11,1.06,0.44,3.48,0.00,675
40.670,16.66,0.10,1.04,4.41,3.49,2.92,675
40.687,16.69,0.11,1.07,0.43,3.50,0.00,679
40.703,16.64,0.10,1.04,4.48,3.52,3.01,676
40.720,16.67,0.11,1.05,0.41,3.53,0.00,676
40.737,16.67,0.11,1.01,4.27,3.53,2.83,675
40.753,16.67,0.11,1.05,0.48,3.54,0.00,673
40.770,16.66,0.10,1.04,4.44,3.53,2.93,672
40.787,16.67,0.11,1.06,0.44,3.52,0.00,670
40.803,16.67,0.10,1.01,4.42,3.55,2.92,668
40.820,16.67,0.11,1.06,0.43,3.54,0.00,665
40.837,16.66,0.10,1.03,4.37,3.54,2.91,662
40.853,16.67,0.11,1.05,0.41,3.55,0.00,659
40.870,16.78,0.09,1.04,4.33,3.53,2.85,658
40.887,16.55,0.10,1.05,0.42,3.54,0.00,656
40.904,16.67,0.11,1.03,4.32,3.54,2.87,655
40.920,16.67,0.11,1.05,0.44,3.55,0.00,656
40.937,16.67,0.10,1.00,4.34,3.54,2.88,657
40.954,16.68,0.11,1.05,0.48,3.54,0.00,657
40.970,16.66,0.10,1.01,4.50,3.52,3.02,656
40.987,16.67,0.11,1.04,0.42,3.53,0.00,656
41.004,16.67,0.10,1.01,4.32,3.52,2.83,652
41.020,16.67,0.11,1.04,0.45,3.51,0.00,648
41.037,16.66,0.11,1.04,4.39,3.52,2.90,648
41.054,16.79,0.09,1.11,0.47,3.51,0.00,649
41.070,16.55,0.11,1.02,4.39,3.49,2.90,648
41.087,16.66,0.11,1.02,0.43,3.49,0.00,646
41.104,16.67,0.09,1.00,4.32,3.49,2.86,644
41.120,16.74,0.09,1.05,0.47,3.48,0.00,646
41.137,16.58,0.11,1.03,4.42,3.47,2.92,649
41.154,16.68,0.10,1.02,0.43,3.50,0.00,651
41.170,16.72,0.09,1.03,4.41,3.50,2.90,652
41.187,16.62,0.10,1.00,0.47,3.49,0.00,651
41.204,16.66,0.09,1.02,4.49,3.49,3.00,650
41.220,16.70,0.11,1.02,0.47,3.48,0.00,648
41.237,16.64,0.10,0.99,4.45,3.47,2.98,649
41.254,16.67,0.10,1.01,0.42,3.49,0.00,649
41.270,16.66,0.10,0.98,4.37,3.49,2.90,647
41.287,16.68,0.11,1.02,0.46,3.48,0.00,646
41.304,16.67,0.10,0.99,4.38,3.47,2.90,647
41.320,16.68,0.10,1.01,0.44,3.47,0.00,645
41.337,16.66,0.10,1.01,4.41,3.47,2.91,642
41.354,16.66,0.10,1.00,0.45,3.46,0.00,642
41.370,16.68,0.10,1.00,4.44,3.49,2.94,642
41.387,16.66,0.10,1.00,0.42,3.47,0.00,642
41.404,16.65,0.09,0.97,4.36,3.46,2.89,640
41.420,16.68,0.10,0.98,0.42,3.46,0.00,638
41.437,16.68,0.10,0.99,4.43,3.44,2.92,638
41.454,16.65,0.10,1.00,0.44,3.44,0.00,637
41.470,16.67,0.10,0.96,4.32,3.44,2.86,637
41.487,16.67,0.10,0.99,0.43,3.45,0.00,636
41.504,16.67,0.10,0.98,4.51,3.45,3.03,632
41.520,16.66,0.10,0.97,0.42,3.43,0.00,626
41.537,16.67,0.10,0.96,4.43,3.43,2.94,622
41.554,16.66,0.09,0.97,0.44,3.41,0.00,620
41.570,16.67,0.13,1.17,4.45,3.39,2.99,669
41.587,16.67,0.13,1.19,0.42,4.26,0.00,664
41.604,16.67,0.12,1.17,4.36,4.24,2.88,657
41.620,16.68,0.13,1.20,0.49,4.23,0.00,652
41.637,16.66,0.12,1.19,4.36,3.75,2.89,652
41.654,16.67,0.12,1.18,0.42,3.75,0.00,651
41.670,16.67,0.11,1.17,4.30,3.74,2.87,651
41.687,16.68,0.12,1.19,0.43,3.74,0.00,651
41.704,16.66,0.12,1.17,4.30,3.73,2.85,651
41.720,16.67,0.12,1.17,0.45,3.72,0.00,652
41.737,16.68,0.10,1.16,4.30,3.71,2.85,649
41.754,16.66,0.12,1.19,0.44,3.70,0.00,648
41.770,16.66,0.11,1.16,4.37,3.67,2.93,645
41.787,16.67,0.12,1.19,0.47,3.67,0.00,644
41.804,16.67,0.11,1.16,4.34,3.64,2.88,643
41.820,16.67,0.12,1.19,0.43,3.67,0.00,642
41.837,16.67,0.11,1.17,4.30,3.65,2.86,642
41.854,16.68,0.12,1.19,0.44,3.65,0.00,641
41.870,16.66,0.11,1.20,4.39,3.63,2.91,641
41.887,16.67,0.12,1.19,0.48,3.61,0.00,638
41.904,16.67,0.11,1.18,4.34,3.60,2.85,634
41.920,16.67,0.11,1.20,0.44,3.59,0.00,635
41.937,16.67,0.11,1.17,4.35,3.61,2.88,636
41.954,16.67,0.12,1.20,0.43,3.60,0.00,634
41.970,16.66,0.11,1.20,4.32,3.58,2.89,634
41.987,16.67,0.11,1.19,0.46,3.01,0.00,630
42.004,16.66,0.10,1.19,4.29,2.99,2.86,629
42.020,16.73,0.15,1.19,0.44,2.98,0.00,625
42.037,16.61,0.11,1.19,4.44,3.01,2.96,622
42.054,16.68,0.10,1.18,0.42,3.00,0.00,619
42.070,16.65,0.11,1.18,4.39,3.00,2.90,615
42.087,16.67,0.12,0.91,0.43,2.99,0.00,585
42.104,16.67,0.11,0.88,4.34,2.96,2.89,586
42.120,16.67,0.11,0.91,0.43,2.96,0.00,586
42.137,16.66,0.11,0.89,4.41,2.96,2.91,589
42.154,16.67,0.10,0.91,0.42,2.99,0.00,587
42.170,16.68,0.10,0.89,4.33,2.98,2.87,586
42.187,16.66,0.11,0.91,0.42,2.98,0.00,587
42.204,16.67,0.10,0.88,4.38,2.98,2.89,585
42.220,16.70,0.11,0.91,0.44,2.97,0.00,585
42.237,16.63,0.10,0.88,4.37,2.97,2.89,582
42.254,16.70,0.11,0.90,0.47,2.98,0.00,584
42.270,16.64,0.10,0.91,4.39,3.06,2.91,584
42.287,16.68,0.11,0.91,0.48,3.06,0.00,585
42.304,16.68,0.09,0.89,4.49,3.07,3.00,592
42.320,16.65,0.09,0.90,0.43,3.09,0.00,596
42.337,16.65,0.09,0.89,4.33,3.10,2.85,598
42.354,16.68,0.11,0.85,0.43,3.11,0.00,597
42.370,16.66,0.10,0.84,4.39,3.11,2.88,598
42.387,16.67,0.23,0.91,0.44,3.10,0.00,636
42.404,16.67,0.10,0.89,4.37,3.26,2.89,649
42.420,16.67,0.11,0.91,0.41,3.39,0.00,649
42.437,16.67,0.10,0.88,4.35,3.39,2.89,650
42.454,16.67,0.10,0.90,0.45,3.41,0.00,651
42.470,16.68,0.10,0.90,4.44,3.39,2.94,652
42.487,16.66,0.11,0.92,0.42,3.42,0.00,653
42.504,16.66,0.11,0.91,4.37,3.42,2.89,654
42.520,16.70,0.09,0.91,0.45,3.42,0.00,653
42.537,16.73,0.10,0.92,3.72,3.42,2.53,654
42.554,16.58,0.11,0.93,0.47,3.40,0.00,656
42.570,16.66,0.10,0.90,4.53,3.41,3.05,658
42.587,16.67,0.11,0.92,0.41,3.41,0.00,658
42.604,16.67,0.10,0.90,4.42,3.43,2.94,662
42.620,16.68,0.09,0.92,0.43,3.42,0.00,662
42.637,16.66,0.11,0.91,4.46,3.42,2.97,661
42.654,16.66,0.11,0.91,0.43,3.40,0.00,660
42.670,16.67,0.10,0.90,4.37,3.41,2.89,657
42.687,16.67,0.10,0.90,0.41,3.40,0.00,660
42.704,16.67,0.11,0.92,4.45,3.39,2.96,661
42.720,16.71,0.09,0.89,4.20,3.41,2.72,662
42.737,16.62,0.10,0.92,0.40,3.40,0.00,663
42.754,16.67,0.10,0.89,0.39,3.40,0.00,663
42.770,16.68,0.10,0.88,4.49,3.39,3.03,663
42.787,16.65,0.11,0.91,0.44,3.38,0.00,664
42.804,16.67,0.10,0.89,4.43,3.37,2.95,665
42.820,16.67,0.10,0.91,0.41,3.38,0.00,665
42.837,16.67,0.10,0.87,4.43,3.37,2.99,665
42.854,16.67,0.10,0.91,0.42,3.37,0.00,665
42.870,16.69,0.09,0.87,4.43,3.35,2.93,666
42.887,16.68,0.09,0.93,4.32,3.36,2.79,665
42.904,16.64,0.10,0.91,0.43,3.35,0.00,667
42.920,16.66,0.11,0.88,0.41,3.33,0.00,667
42.937,16.67,0.10,0.88,4.50,3.35,3.04,666
42.954,16.67,0.10,0.91,0.42,3.34,0.00,664
42.970,16.67,0.10,0.87,4.36,3.32,2.89,660
42.987,16.67,0.11,0.91,0.41,3.32,0.00,657
43.004,16.68,0.09,0.89,4.44,3.31,2.95,649
43.020,16.67,0.11,0.89,0.43,3.29,0.00,643
43.037,16.66,0.11,0.90,4.42,3.26,2.94,635
43.054,16.67,0.10,0.91,0.41,3.28,0.00,624
43.070,16.66,0.09,0.85,4.38,3.26,2.90,619
43.087,16.67,0.10,0.85,0.41,2.90,0.00,618
43.104,16.78,0.08,0.83,4.47,2.89,2.99,619
43.120,16.56,0.10,0.87,0.42,2.89,0.00,619
43.137,16.67,0.11,0.84,4.46,2.88,2.96,616
43.154,16.67,0.10,0.86,0.44,2.88,0.00,616
43.170,16.67,0.10,0.85,4.37,2.86,2.90,615
43.187,16.67,0.08,0.87,4.23,2.86,2.77,612
43.204,16.66,0.10,0.87,0.45,2.85,0.00,611
43.220,16.68,0.10,0.86,4.44,2.84,2.96,610
43.237,16.67,0.11,0.88,0.41,2.83,0.00,609
43.254,16.67,0.08,0.85,4.37,2.82,2.90,607
43.270,16.66,0.10,0.85,0.42,2.83,0.00,605
43.287,16.67,0.11,0.86,4.42,2.82,2.91,604
43.304,16.66,0.10,0.87,0.41,2.80,0.00,601
43.320,16.66,0.09,0.83,4.41,2.79,2.92,600
43.337,16.68,0.10,0.86,0.42,2.79,0.00,599
43.354,16.67,0.09,0.83,4.49,2.77,3.01,599
43.370,16.67,0.11,0.86,0.41,2.77,0.00,596
43.387,16.67,0.10,0.87,4.48,2.77,2.98,592
43.404,16.68,0.11,0.95,0.50,2.75,0.00,591
43.420,16.68,0.11,0.87,4.50,2.73,2.97,588
43.437,16.64,0.11,0.87,0.44,2.71,0.00,586
43.454,16.68,0.08,0.83,4.40,2.70,2.94,585
43.470,16.65,0.11,0.87,0.43,2.69,0.00,580
43.487,16.66,0.13,1.06,4.55,2.67,3.10,636
43.504,16.69,0.13,1.09,0.45,3.60,0.00,631
43.520,16.65,0.12,1.07,4.36,3.58,2.86,627
43.537,16.69,0.12,0.85,0.45,3.57,0.00,586
43.554,16.66,0.11,0.83,4.42,3.51,2.94,584
43.570,16.65,0.12,0.85,0.43,3.52,0.00,582
43.587,16.67,0.12,0.82,4.32,3.51,2.88,583
43.604,16.66,0.12,0.86,0.42,3.57,0.00,582
43.620,16.68,0.11,0.84,4.50,3.55,3.01,583
43.637,16.66,0.12,0.86,0.44,3.55,0.00,596
43.654,16.67,0.11,0.85,4.43,3.55,2.96,599
43.670,16.67,0.12,0.86,0.45,3.56,0.00,599
43.687,16.66,0.12,0.83,4.45,3.54,2.96,599
43.704,16.68,0.12,0.86,0.42,3.52,0.00,598
43.720,16.70,0.13,0.87,4.48,3.52,2.97,598
43.737,16.63,0.11,0.87,0.41,3.52,0.00,601
43.754,16.67,0.11,0.84,4.32,3.52,2.87,604
43.770,16.67,0.11,0.86,0.43,3.51,0.00,606
43.787,16.67,0.15,0.84,4.41,3.51,2.92,605
43.804,16.68,0.12,0.87,0.40,3.51,0.00,609
43.820,16.65,0.11,0.83,4.38,3.53,2.89,606
43.837,16.67,0.10,0.86,0.43,3.54,0.00,606
43.854,16.67,0.10,0.82,4.40,3.52,2.91,608
43.870,16.67,0.11,0.87,0.41,3.55,0.00,608
43.887,16.66,0.11,0.85,4.51,3.52,3.02,606
43.904,16.68,0.11,0.84,0.41,2.95,0.00,608
43.920,16.66,0.11,0.84,4.31,2.98,2.85,612
43.937,16.67,0.12,0.87,0.44,2.98,0.00,614
43.954,16.67,0.11,0.83,4.34,2.98,2.90,614
43.970,16.67,0.11,0.86,0.41,2.99,0.00,615
43.987,16.66,0.11,0.82,4.38,2.98,2.92,611
44.004,16.67,0.11,0.86,0.40,2.99,0.00,609
44.020,16.69,0.10,0.83,4.40,3.00,2.91,611
44.037,16.64,0.11,0.88,0.43,3.03,0.00,611
44.054,16.66,0.11,0.83,4.37,3.02,2.91,614
44.070,16.68,0.12,0.85,0.43,3.03,0.00,613
44.087,16.66,0.11,0.84,4.32,3.03,2.89,612
44.104,16.67,0.11,0.85,0.42,3.04,0.00,609
44.120,16.67,0.11,0.82,4.39,3.03,2.92,613
44.137,16.68,0.12,0.86,0.45,3.06,0.00,616
44.154,16.68,0.09,0.82,4.53,3.06,3.02,612
44.170,16.65,0.11,0.85,0.44,3.05,0.00,611
44.187,16.68,0.10,0.84,4.41,3.07,2.94,609
44.204,16.65,0.11,0.83,0.41,3.07,0.00,609
44.220,16.68,0.10,0.83,4.38,3.07,2.92,610
44.237,16.68,0.10,0.86,0.45,3.10,0.00,608
44.254,16.66,0.09,0.81,4.42,3.09,2.95,607
44.270,16.65,0.10,0.85,0.41,3.09,0.00,606
44.287,16.68,0.10,0.81,4.36,3.09,2.90,605
44.304,16.67,0.11,0.86,0.40,3.09,0.00,605
44.320,16.67,0.10,0.83,4.37,3.09,2.91,606
44.337,16.66,0.11,0.85,0.45,3.09,0.00,606
44.354,16.72,0.09,0.79,4.40,3.11,2.91,606
44.370,16.62,0.10,0.79,0.40,3.11,0.00,606
44.387,16.67,0.22,0.87,4.41,3.10,2.93,669
44.404,16.67,0.11,0.88,0.44,3.32,0.00,677
44.420,16.66,0.10,0.85,4.41,3.42,2.97,677
44.437,16.67,0.11,0.88,0.41,3.41,0.00,677
44.454,16.69,0.09,0.85,4.35,3.42,2.90,677
44.470,16.66,0.12,0.89,0.46,3.42,0.00,677
44.487,16.68,0.10,0.87,4.38,3.41,2.89,679
44.504,16.65,0.11,0.86,0.40,3.41,0.00,679
44.520,16.66,0.11,0.88,4.43,3.39,2.92,676
44.537,16.67,0.11,0.89,0.43,3.41,0.00,676
44.554,16.66,0.11,0.87,4.49,3.37,2.99,677
44.570,16.68,0.10,0.89,0.47,3.40,0.00,675
44.587,16.65,0.11,0.86,4.49,3.38,3.01,674
44.604,16.71,0.10,0.88,0.40,3.38,0.00,674
44.620,16.63,0.11,0.87,4.35,3.38,2.88,673
44.637,16.68,0.13,0.93,0.46,3.36,0.00,670
44.654,16.67,0.11,0.88,4.38,3.36,2.89,670
44.670,16.66,0.10,0.89,0.43,3.37,0.00,669
44.687,16.67,0.11,0.85,4.51,3.36,3.03,670
44.704,16.67,0.11,0.88,0.41,3.36,0.00,668
44.720,16.67,0.10,0.88,4.40,3.37,2.92,666
44.737,16.75,0.10,0.88,0.51,3.37,0.00,666
44.754,16.61,0.12,0.88,4.49,3.36,2.97,666
44.771,16.64,0.11,0.90,0.42,3.37,0.00,666
44.787,16.68,0.09,0.85,4.38,3.37,2.91,666
44.804,16.67,0.11,0.90,0.43,3.36,0.00,663
44.820,16.65,0.11,0.87,4.39,3.36,2.91,664
44.837,16.67,0.11,0.88,0.41,3.38,0.00,662
44.854,16.67,0.09,0.86,4.37,3.35,2.90,661
44.871,16.67,0.11,0.90,0.42,3.37,0.00,656
44.887,16.67,0.11,0.89,4.43,3.37,2.94,653
44.904,16.68,0.10,0.91,0.42,3.37,0.00,651
44.921,16.65,0.10,0.86,4.38,3.36,2.91,637
44.937,16.67,0.11,0.89,0.42,3.34,0.00,633
44.954,16.66,0.10,0.85,4.47,3.31,3.00,632
44.971,16.67,0.11,0.89,0.42,3.29,0.00,629
44.987,16.68,0.09,0.82,4.38,3.30,2.92,626
45.004,16.66,0.11,0.86,0.42,2.95,0.00,624
45.021,16.67,0.11,0.81,4.40,2.93,2.91,621
45.037,16.67,0.11,0.86,0.42,2.94,0.00,621
45.054,16.67,0.11,0.85,4.46,2.92,2.94,619
45.071,16.72,0.11,0.86,0.48,2.90,0.00,619
45.087,16.63,0.10,0.84,4.52,2.90,3.00,617
45.104,16.66,0.11,0.86,0.48,2.94,0.00,614
45.121,16.66,0.11,0.88,4.54,2.94,2.98,612
45.137,16.67,0.11,0.85,0.49,2.92,0.00,612
45.154,16.68,0.11,0.85,4.50,2.91,2.97,609
45.171,16.66,0.11,0.87,0.48,2.90,0.00,607
45.187,16.67,0.12,0.86,4.58,2.89,3.04,604
45.204,16.68,0.11,0.86,0.48,2.92,0.00,603
45.221,16.66,0.11,0.85,4.60,2.90,3.08,604
45.237,16.66,0.11,0.85,0.50,2.89,0.00,601
45.254,16.68,0.10,0.84,4.46,2.89,2.95,598
45.271,16.68,0.10,0.86,0.50,2.86,0.00,598
45.287,16.63,0.14,1.09,4.71,2.86,3.14,653
45.304,16.68,0.12,1.13,0.51,3.71,0.00,652
45.321,16.66,0.13,1.12,4.65,3.69,3.11,651
45.337,16.65,0.08,0.57,0.33,3.71,0.00,647
45.354,16.69,0.13,1.11,4.54,3.68,3.02,644
45.371,16.67,0.13,1.13,0.50,3.67,0.00,642
45.387,16.70,0.13,1.14,4.52,3.67,3.01,640
45.404,16.65,0.12,1.12,0.49,3.67,0.00,638
45.421,16.66,0.12,1.22,4.53,3.65,2.96,636
45.437,16.69,0.13,1.14,0.50,3.66,0.00,638
45.454,16.67,0.13,0.99,4.55,3.64,2.99,639
45.471,16.66,0.13,0.99,0.53,3.62,0.00,637
45.487,16.67,0.11,1.03,4.69,3.64,3.10,636
45.504,16.67,0.13,0.98,0.50,3.63,0.00,638
45.521,16.65,0.12,0.97,4.48,3.65,2.94,634
45.537,16.66,0.13,0.97,0.48,3.63,0.00,634
45.554,16.67,0.13,0.97,4.55,3.63,3.01,633
45.571,16.65,0.12,1.06,0.45,3.63,0.00,632
45.587,16.68,0.11,0.96,4.43,3.62,2.95,631
45.604,16.67,0.13,0.98,0.43,3.62,0.00,630
45.621,16.67,0.13,0.98,4.46,3.64,2.95,628
45.637,16.66,0.12,0.98,0.46,3.64,0.00,631
45.654,16.66,0.12,0.95,4.45,3.63,2.95,631
45.671,16.68,0.12,0.98,0.42,3.63,0.00,630
45.687,16.66,0.11,0.94,4.41,3.62,2.93,630
45.704,16.69,0.13,0.97,0.46,3.05,0.00,637
45.721,16.65,0.12,1.04,4.41,3.07,2.92,639
45.737,16.67,0.12,0.95,0.42,3.07,0.00,640
45.754,16.67,0.12,0.96,4.56,3.07,3.06,640
45.771,16.68,0.12,1.01,0.45,3.06,0.00,640
45.787,16.68,0.10,0.95,4.43,3.05,2.92,640
45.804,16.64,0.12,0.98,0.43,3.06,0.00,643
45.821,16.72,0.11,0.96,4.39,3.07,2.91,645
45.837,16.61,0.12,0.97,0.43,3.09,0.00,644
45.854,16.67,0.11,0.94,4.34,3.08,2.87,643
45.871,16.68,0.11,0.99,0.47,3.10,0.00,642
45.887,16.66,0.10,0.92,4.42,3.08,2.95,639
45.904,16.69,0.12,0.97,0.46,3.06,0.00,639
45.921,16.64,0.11,0.95,4.38,3.10,2.90,639
45.937,16.67,0.11,0.97,0.44,3.11,0.00,638
45.954,16.67,0.11,0.91,4.50,3.09,3.05,639
45.971,16.67,0.11,0.96,0.45,3.09,0.00,640
45.987,16.66,0.10,0.94,4.44,3.09,2.91,636
46.004,16.68,0.12,0.97,0.45,3.08,0.00,631
46.021,16.68,0.11,1.00,4.73,3.18,3.19,630
46.037,16.67,0.12,0.97,0.52,3.18,0.00,631
46.054,16.65,0.11,0.95,4.50,3.19,2.99,635
46.071,16.68,0.12,0.98,0.46,3.21,0.00,636
46.087,16.67,0.09,0.95,4.37,3.21,2.90,635
46.104,16.65,0.11,0.96,0.43,3.21,0.00,636
46.121,16.67,0.10,0.91,4.38,3.20,2.90,635
46.137,16.67,0.11,0.94,0.43,3.21,0.00,635
46.154,16.67,0.10,0.93,4.40,3.19,2.92,639
46.171,16.67,0.11,0.95,0.42,3.18,0.00,639
46.187,16.66,0.10,0.92,4.37,3.17,2.88,640
46.204,16.68,0.11,0.95,0.43,3.18,0.00,640
46.221,16.67,0.11,0.91,4.48,3.20,2.96,642
46.237,16.68,0.11,0.95,0.44,3.20,0.00,645
46.254,16.65,0.11,0.90,4.36,3.18,2.89,645
46.271,16.66,0.10,0.95,0.42,3.19,0.00,645
46.287,16.67,0.10,0.93,4.52,3.17,3.03,648
46.304,16.68,0.11,0.94,0.46,3.18,0.00,646
46.321,16.67,0.10,0.91,4.36,3.19,2.88,647
46.337,16.67,0.11,0.93,0.42,3.20,0.00,648
46.354,16.73,0.09,0.85,4.51,3.19,3.00,648
46.371,16.60,0.12,0.88,0.46,3.19,0.00,646
46.387,16.67,0.23,0.91,4.43,3.16,2.95,676
46.404,16.68,0.12,0.96,0.52,3.29,0.00,694
46.421,16.67,0.11,0.99,4.50,3.52,2.94,694
46.437,16.68,0.11,0.94,0.48,3.51,0.00,694
46.454,16.64,0.11,0.97,4.39,3.50,2.92,696
46.471,16.68,0.11,0.98,0.44,3.50,0.00,696
46.487,16.66,0.11,0.92,4.50,3.49,2.94,695
46.504,16.67,0.12,0.94,0.47,3.50,0.00,694
46.521,16.66,0.10,0.94,4.37,3.50,2.90,696
46.537,16.67,0.11,0.98,0.44,3.50,0.00,696
46.554,16.69,0.11,0.98,4.55,3.50,3.03,697
46.571,16.64,0.11,0.98,0.43,3.50,0.00,697
46.587,16.66,0.11,0.96,4.38,3.49,2.89,696
46.604,16.67,0.11,0.98,0.44,3.49,0.00,697
46.621,16.67,0.11,0.94,4.36,3.49,2.89,697
46.637,16.67,0.11,0.98,0.45,3.52,0.00,698
46.654,16.66,0.10,0.97,4.42,3.50,2.93,698
46.671,16.67,0.12,1.00,0.44,3.51,0.00,698
46.687,16.67,0.11,0.97,4.46,3.49,2.96,696
46.704,16.67,0.11,0.95,0.48,3.50,0.00,693
46.721,16.66,0.11,0.92,4.37,3.49,2.87,692
46.737,16.67,0.11,0.94,0.46,3.51,0.00,690
46.754,16.69,0.09,0.91,4.38,3.50,2.89,688
46.771,16.66,0.11,0.94,0.47,3.49,0.00,687
46.787,16.67,0.09,0.89,4.35,3.48,2.88,681
46.804,16.66,0.11,0.90,0.46,3.10,0.00,680
46.821,16.66,0.11,0.86,4.50,3.08,3.01,680
46.837,16.69,0.11,0.88,0.42,3.12,0.00,682
46.854,16.66,0.10,0.85,4.36,3.11,2.92,682
46.871,16.74,0.09,0.91,0.44,3.10,0.00,680
46.887,16.63,0.08,0.69,4.27,3.08,2.72,678
46.904,16.63,0.12,0.92,0.47,3.09,0.00,676
46.921,16.66,0.11,0.88,4.41,3.07,2.95,675
46.937,16.67,0.11,0.90,0.41,3.09,0.00,672
46.954,16.67,0.11,0.86,4.39,3.07,2.93,671
46.971,16.66,0.10,0.90,0.42,3.07,0.00,670
46.987,16.68,0.10,0.87,4.40,3.05,2.92,670
47.004,16.66,0.10,0.92,0.42,3.05,0.00,667
47.021,16.67,0.10,0.86,4.42,3.03,2.95,668
47.037,16.67,0.11,0.92,0.42,3.04,0.00,668
47.054,16.66,0.10,0.87,4.47,3.02,2.97,665
47.071,16.67,0.11,0.90,0.41,3.01,0.00,667
47.087,16.68,0.10,0.85,4.48,3.01,2.98,664
47.104,16.67,0.11,0.92,0.43,2.99,0.00,663
47.121,16.67,0.10,0.87,4.35,2.96,2.88,660
47.137,16.67,0.10,0.89,0.43,2.99,0.00,658
47.154,16.67,0.10,0.89,4.42,2.96,2.95,658
47.171,16.67,0.11,0.91,0.42,2.95,0.00,659
47.187,16.66,0.10,0.89,4.34,2.93,2.87,658
47.204,16.68,0.10,0.90,0.41,2.92,0.00,657
47.221,16.66,0.10,0.86,4.33,2.91,2.89,655
47.237,16.67,0.10,0.90,0.42,2.92,0.00,654
47.254,16.67,0.10,0.64,4.37,2.90,2.90,649
47.271,16.67,0.11,0.67,0.43,2.87,0.00,634
47.287,16.68,0.09,0.63,4.34,2.83,2.88,633
47.304,16.66,0.11,0.67,0.44,2.81,0.00,628
47.321,16.66,0.10,0.64,4.33,2.80,2.89,625
47.337,16.67,0.11,0.67,0.42,2.81,0.00,625
47.354,16.67,0.09,0.63,4.44,2.80,3.00,624
47.371,16.67,0.10,0.67,0.46,2.78,0.00,626
47.387,16.67,0.10,0.64,4.49,2.76,2.97,626
47.404,16.67,0.11,0.68,0.46,2.76,0.00,624
47.421,16.67,0.10,0.64,4.41,2.75,2.93,624
47.437,16.67,0.09,0.69,0.43,2.77,0.00,624
47.454,16.68,0.08,0.64,4.35,2.76,2.91,622
47.471,16.66,0.11,0.68,0.46,2.75,0.00,623
47.487,16.67,0.09,0.63,4.36,2.74,2.92,619
47.504,16.67,0.10,0.68,0.42,2.74,0.00,616
47.521,16.66,0.09,0.62,4.40,2.72,2.93,613
47.537,16.68,0.10,0.70,0.42,2.76,0.00,612
47.554,16.67,0.07,0.49,3.43,2.75,2.55,613
47.571,16.67,0.11,0.70,0.47,2.73,0.00,613
47.587,16.66,0.09,0.65,4.47,2.74,2.98,613
47.604,16.67,0.10,0.67,0.41,2.74,0.00,612
47.621,16.68,0.08,0.63,4.44,2.73,2.97,606
47.637,16.65,0.09,0.69,0.42,2.75,0.00,606
47.654,16.68,0.10,0.65,4.42,2.74,2.93,604
47.671,16.66,0.10,0.68,0.41,2.74,0.00,602
47.687,16.67,0.10,0.64,4.42,2.75,2.92,599
47.704,16.67,0.10,0.68,0.43,2.74,0.00,598
47.721,16.66,0.09,0.65,4.46,2.74,2.94,597
47.737,16.68,0.11,0.68,0.42,2.74,0.00,597
47.754,16.68,0.08,0.66,4.38,2.76,2.90,596
47.771,16.66,0.10,0.66,0.41,2.76,0.00,594
47.787,16.66,0.09,0.66,4.36,2.77,2.87,592
47.804,16.68,0.09,0.67,0.43,2.76,0.00,589
47.821,16.66,0.09,0.66,4.36,2.75,2.90,587
47.837,16.67,0.09,0.67,0.44,2.75,0.00,585
47.854,16.66,0.09,0.63,4.40,2.75,2.92,583
47.871,16.68,0.10,0.67,0.42,2.77,0.00,582
47.887,16.67,0.08,0.66,4.48,2.75,3.01,582
47.904,16.67,0.09,0.68,0.44,2.75,0.00,582
47.921,16.65,0.06,0.47,4.05,2.74,2.59,579
47.937,16.67,0.07,0.51,0.34,2.74,0.00,576
47.954,16.67,0.06,0.48,4.00,2.75,2.56,573
47.971,16.67,0.06,0.50,0.32,2.75,0.00,571
47.987,16.67,0.06,0.48,3.97,2.74,2.56,568
48.004,16.67,0.06,0.50,0.32,2.74,0.00,568
48.021,16.73,0.06,0.48,4.04,2.72,2.58,566
48.037,16.60,0.07,0.50,0.33,2.72,0.00,562
48.054,16.73,0.12,0.65,4.45,2.73,2.95,561
48.071,16.60,0.06,0.50,0.32,2.72,0.00,560
48.087,16.66,0.06,0.47,3.96,2.71,2.53,557
48.104,16.67,0.06,0.49,0.32,2.71,0.00,557
48.121,16.73,0.06,0.48,3.98,2.70,2.54,556
48.137,16.60,0.09,0.66,0.32,2.71,0.00,608
48.154,16.67,0.07,0.64,4.25,3.55,2.81,605
48.171,16.67,0.08,0.68,0.31,3.56,0.00,603
48.188,16.75,0.07,0.65,3.99,3.53,2.53,601
48.204,16.61,0.08,0.66,0.33,3.53,0.00,599
48.221,16.67,0.12,0.89,4.44,3.50,2.95,598
48.237,16.66,0.12,0.90,0.42,3.52,0.00,598
48.254,16.67,0.12,0.88,4.35,3.54,2.89,598
48.271,16.66,0.11,0.89,0.41,3.56,0.00,596
48.287,16.68,0.11,0.89,4.38,3.56,2.89,609
48.304,16.67,0.11,0.94,0.44,3.60,0.00,610
48.321,16.66,0.12,0.89,4.38,3.60,2.91,611
48.337,16.67,0.12,0.93,0.43,3.62,0.00,611
48.354,16.67,0.10,0.83,4.40,3.64,2.91,611
48.371,16.68,0.11,0.84,0.42,3.64,0.00,611
48.387,16.65,0.24,0.93,4.39,3.64,2.91,667
48.404,16.67,0.11,0.93,0.46,3.87,0.00,684
48.421,16.66,0.11,0.91,4.52,4.05,3.02,684
48.437,16.68,0.12,0.95,0.52,4.07,0.00,684
48.454,16.69,0.10,0.93,4.46,4.08,2.94,686
48.471,16.67,0.11,0.94,0.47,4.08,0.00,686
48.488,16.76,0.10,0.91,4.48,4.07,2.94,687
48.504,16.55,0.11,0.94,0.47,4.08,0.00,688
48.521,16.67,0.09,0.92,4.37,4.07,2.87,687
48.537,16.66,0.11,0.93,0.45,4.07,0.00,685
48.554,16.66,0.10,0.90,4.48,3.51,2.95,686
48.571,16.67,0.11,0.94,0.48,3.50,0.00,688
48.588,16.76,0.10,0.95,4.53,3.50,2.95,688
48.604,16.58,0.12,0.95,0.48,3.49,0.00,688
48.621,16.66,0.11,0.93,4.42,3.48,2.91,689
48.638,16.67,0.11,0.94,0.47,3.48,0.00,688
48.654,16.67,0.09,0.90,4.39,3.49,2.90,686
48.671,16.69,0.11,0.95,0.47,3.49,0.00,686
48.688,16.63,0.11,0.91,4.49,3.47,3.00,687
48.704,16.68,0.10,0.94,0.48,3.46,0.00,687
48.721,16.65,0.11,0.91,4.40,3.46,2.91,687
48.738,16.67,0.11,0.94,0.48,3.45,0.00,686
48.754,16.69,0.09,0.90,4.37,3.45,2.89,685
48.771,16.65,0.11,0.93,0.46,3.45,0.00,684
48.788,16.66,0.11,0.91,4.42,3.43,2.90,685
48.804,16.67,0.11,0.94,0.49,3.42,0.00,687
48.821,16.67,0.11,0.91,4.43,3.42,2.93,686
48.838,16.70,0.09,0.94,0.48,3.40,0.00,685
48.854,16.63,0.11,0.90,4.35,3.38,2.86,686
48.871,16.66,0.11,0.94,0.48,3.40,0.00,686
48.888,16.67,0.10,0.90,4.32,3.39,2.84,686
48.904,16.68,0.10,0.93,0.49,3.38,0.00,684
48.921,16.66,0.10,0.92,4.40,3.37,2.91,684
48.938,16.67,0.11,0.95,0.43,3.36,0.00,681
48.954,16.68,0.10,0.92,4.49,3.34,2.97,683
48.971,16.65,0.10,0.93,0.41,3.36,0.00,680
48.988,16.68,0.09,0.88,4.40,3.35,2.93,678
49.004,16.74,0.09,0.93,0.44,3.34,0.00,679
49.021,16.68,0.09,0.92,4.40,3.33,2.92,679
49.038,16.59,0.11,0.93,0.43,3.32,0.00,679
49.054,16.66,0.11,0.89,4.45,3.30,2.97,680
49.071,16.68,0.11,0.94,0.45,3.31,0.00,677
49.088,16.66,0.10,0.89,4.41,3.30,2.93,678
49.104,16.67,0.11,0.93,0.41,3.30,0.00,680
49.121,16.66,0.10,0.89,4.37,3.29,2.88,681
49.138,16.67,0.10,0.93,0.42,3.29,0.00,679
49.154,16.67,0.11,0.88,4.36,3.28,2.88,680
49.171,16.67,0.11,0.93,0.47,3.28,0.00,678
49.188,16.66,0.10,0.89,4.46,3.28,2.98,677
49.204,16.67,0.11,0.92,0.41,3.27,0.00,676
49.221,16.67,0.09,0.88,4.42,3.27,2.95,678
49.238,16.66,0.11,0.92,0.42,3.28,0.00,678
49.254,16.70,0.09,0.89,4.35,3.27,2.89,676
49.271,16.64,0.10,0.92,0.43,3.29,0.00,672
49.288,16.67,0.09,0.88,4.37,3.28,2.91,669
49.304,16.67,0.10,0.92,0.42,3.29,0.00,668
49.321,16.67,0.09,0.90,4.43,3.28,2.93,667
49.338,16.67,0.10,0.92,0.42,3.28,0.00,666
49.354,16.69,0.09,0.90,4.36,3.27,2.87,662
49.371,16.65,0.11,0.91,0.41,3.31,0.00,660
49.388,16.67,0.10,0.87,4.36,3.29,2.91,657
49.404,16.68,0.10,0.92,0.44,3.29,0.00,654
49.421,16.66,0.10,0.90,4.36,3.29,2.91,654
49.438,16.68,0.11,0.91,0.45,3.30,0.00,655
49.454,16.67,0.11,0.90,4.47,3.29,2.96,653
49.471,16.66,0.10,0.92,0.43,3.30,0.00,650
49.488,16.67,0.10,0.88,4.46,3.30,2.98,648
49.504,16.67,0.11,0.91,0.42,3.31,0.00,646
49.521,16.67,0.09,0.88,4.40,3.30,2.93,643
49.538,16.67,0.09,0.92,0.43,3.30,0.00,639
49.554,16.68,0.10,0.88,4.38,3.29,2.90,635
49.571,16.66,0.07,0.76,0.47,3.29,0.00,635
49.588,16.66,0.09,0.87,4.43,3.30,2.96,632
49.604,16.67,0.10,0.91,0.41,3.27,0.00,614
49.621,16.67,0.09,0.87,4.38,3.25,2.89,610
49.638,16.67,0.11,0.87,0.42,3.23,0.00,607
49.654,16.67,0.10,0.82,4.37,2.96,2.91,604
49.671,16.68,0.10,0.87,0.43,2.96,0.00,602
49.688,16.68,0.08,0.86,4.44,2.95,2.95,598
49.704,16.66,0.10,0.87,0.43,2.94,0.00,598
49.721,16.67,0.09,0.84,4.39,2.93,2.93,598
49.738,16.67,0.10,0.86,0.42,2.93,0.00,595
49.754,16.68,0.09,0.85,4.48,2.92,2.99,594
49.771,16.66,0.11,0.85,0.43,2.91,0.00,593
49.788,16.67,0.08,0.85,4.43,2.92,2.96,592
49.804,16.66,0.10,0.86,0.42,2.91,0.00,591
49.821,16.66,0.10,0.83,4.42,2.89,2.91,590
49.838,16.68,0.10,0.86,0.42,2.88,0.00,587
49.854,16.66,0.10,0.86,4.40,2.87,2.92,582
49.871,16.67,0.10,0.87,0.40,2.88,0.00,581
49.888,16.66,0.09,0.84,4.33,2.86,2.87,578
49.904,16.68,0.10,0.87,0.41,2.85,0.00,578
49.921,16.66,0.09,0.85,4.35,2.83,2.90,577
49.938,16.67,0.10,0.87,0.43,2.83,0.00,574
49.954,16.67,0.09,0.83,4.37,2.81,2.93,571
49.971,16.67,0.11,0.88,0.41,2.79,0.00,569
49.988,16.66,0.09,0.84,4.32,2.80,2.86,566
50.004,16.67,0.10,0.86,0.42,2.79,0.00,565
50.021,16.67,0.09,0.83,4.46,2.78,3.00,563
50.038,16.67,0.10,0.85,0.44,2.75,0.00,559
50.054,16.66,0.09,0.85,4.33,2.74,2.89,555
50.071,16.67,0.14,1.14,0.46,2.73,0.00,602
50.088,16.67,0.11,1.11,4.64,3.59,3.14,602
50.104,16.67,0.12,0.95,0.42,3.59,0.00,596
50.121,16.67,0.11,0.92,4.40,3.57,2.93,590
50.138,16.67,0.12,0.96,0.41,3.57,0.00,588
50.154,16.67,0.12,0.92,4.37,3.57,2.91,587
50.171,16.70,0.13,0.98,0.49,3.58,0.00,587
50.188,16.64,0.12,0.95,4.41,3.58,2.93,582
50.204,16.68,0.12,0.97,0.42,3.57,0.00,580
50.221,16.65,0.11,0.94,4.37,3.56,2.90,579
50.238,16.67,0.13,0.96,0.42,3.56,0.00,575
50.254,16.66,0.12,0.94,4.39,3.55,2.92,574
50.271,16.66,0.12,0.95,0.40,3.59,0.00,574
50.288,16.69,0.10,0.94,4.45,3.59,2.99,575
50.304,16.71,0.11,0.96,0.42,3.59,0.00,574
50.321,16.63,0.11,0.93,4.67,3.58,3.08,575
50.338,16.66,0.12,1.03,0.47,3.57,0.00,575
50.354,16.65,0.09,0.64,4.02,3.57,2.52,572
50.371,16.69,0.11,0.89,0.49,3.60,0.00,574
50.388,16.65,0.24,0.94,4.46,3.60,2.96,640
50.404,16.68,0.12,0.98,0.42,3.76,0.00,663
50.421,16.66,0.12,0.97,5.15,3.98,3.63,663
50.438,16.67,0.12,0.98,0.44,3.96,0.00,662
50.454,16.67,0.11,0.95,4.39,3.97,2.93,663
50.471,16.68,0.12,1.00,0.48,3.98,0.00,660
50.488,16.68,0.13,0.98,4.50,3.39,2.96,661
50.504,16.65,0.12,0.98,0.48,3.39,0.00,661
50.521,16.66,0.12,0.95,4.44,3.38,2.94,659
50.538,16.68,0.12,0.99,0.45,3.38,0.00,659
50.554,16.66,0.12,0.96,4.50,3.36,3.01,658
50.571,16.69,0.12,0.98,0.43,3.39,0.00,657
50.588,16.74,0.10,0.95,4.44,3.37,2.93,657
50.604,16.58,0.10,0.96,0.43,3.37,0.00,656
50.621,16.66,0.11,0.96,4.39,3.36,2.91,656
50.638,16.68,0.11,0.97,0.43,3.35,0.00,657
50.654,16.66,0.11,0.95,4.34,3.37,2.89,656
50.671,16.68,0.12,0.97,0.45,3.38,0.00,654
50.688,16.66,0.11,0.96,4.38,3.34,2.91,653
50.704,16.67,0.11,0.96,0.45,3.35,0.00,654
50.721,16.67,0.11,0.93,4.41,3.33,2.93,654
50.738,16.68,0.12,0.97,0.42,3.33,0.00,654
50.754,16.66,0.09,0.95,4.40,3.34,2.92,652
50.771,16.65,0.12,0.96,0.42,3.34,0.00,654
50.788,16.67,0.11,0.94,4.34,3.33,2.87,654
50.804,16.68,0.12,0.98,0.44,3.32,0.00,654
50.821,16.66,0.12,0.96,4.54,3.32,3.03,655
50.838,16.67,0.11,0.97,0.44,3.31,0.00,656
50.854,16.68,0.09,0.93,4.35,3.33,2.90,656
50.871,16.66,0.11,0.97,0.41,3.32,0.00,658
50.888,16.69,0.10,0.96,4.37,3.31,2.92,659
50.904,16.65,0.12,0.96,0.40,3.30,0.00,659
50.921,16.66,0.11,0.94,4.44,3.30,2.94,659
50.938,16.68,0.10,0.98,0.42,3.30,0.00,660
50.954,16.66,0.10,0.92,4.42,3.31,2.94,662
50.971,16.67,0.11,0.97,0.41,3.31,0.00,664
50.988,16.69,0.09,0.93,4.45,3.30,2.95,664
51.004,16.66,0.12,0.96,0.40,3.29,0.00,666
51.021,16.67,0.09,0.95,4.34,3.30,2.88,668
51.038,16.65,0.11,0.96,0.44,3.29,0.00,668
51.054,16.67,0.10,0.92,4.37,3.30,2.89,670
51.071,16.67,0.11,0.96,0.44,3.30,0.00,670
51.088,16.67,0.10,0.92,4.56,3.29,3.08,672
51.104,16.67,0.11,0.96,0.42,3.29,0.00,672
51.121,16.67,0.11,0.93,4.40,3.29,2.93,672
51.138,16.66,0.11,0.95,0.40,3.30,0.00,670
51.154,16.68,0.09,0.92,4.38,3.30,2.91,668
51.171,16.67,0.11,0.95,0.44,3.29,0.00,668
51.188,16.65,0.11,0.93,4.42,3.28,2.94,668
51.204,16.72,0.09,0.96,0.44,3.28,0.00,667
51.221,16.62,0.11,0.95,4.37,3.27,2.91,666
51.238,16.66,0.11,0.96,0.44,3.30,0.00,664
51.254,16.67,0.10,0.92,4.44,3.29,2.94,660
51.271,16.67,0.11,0.96,0.45,3.29,0.00,661
51.288,16.67,0.10,0.91,4.31,3.28,2.86,660
51.304,16.67,0.11,0.94,0.40,3.27,0.00,658
51.321,16.67,0.11,0.94,4.41,3.27,2.93,657
51.338,16.67,0.11,0.96,0.47,3.29,0.00,652
51.354,16.67,0.09,0.91,4.46,3.28,3.00,652
51.371,16.66,0.10,0.95,0.41,3.29,0.00,653
51.388,16.67,0.10,0.91,4.36,3.28,2.89,654
51.404,16.67,0.11,0.95,0.44,3.28,0.00,652
51.421,16.79,0.09,0.97,4.40,3.26,2.92,648
51.438,16.54,0.11,0.94,0.43,3.28,0.00,646
51.454,16.68,0.08,0.92,4.37,3.27,2.91,643
51.471,16.65,0.10,0.95,0.41,3.27,0.00,641
51.488,16.67,0.10,0.93,4.47,3.24,2.96,635
51.504,16.67,0.11,0.95,0.45,3.24,0.00,635
51.521,16.67,0.09,0.90,4.45,3.21,2.96,631
51.538,16.65,0.10,0.93,0.41,3.22,0.00,629
51.554,16.74,0.09,0.93,4.42,3.21,2.94,626
51.571,16.61,0.11,0.90,0.44,3.19,0.00,618
51.588,16.75,0.09,0.92,4.46,2.84,2.98,616
51.604,16.63,0.11,0.91,0.49,2.84,0.00,614
51.621,16.61,0.09,0.90,4.52,2.85,3.02,612
51.638,16.67,0.10,0.90,0.42,2.84,0.00,611
51.654,16.67,0.09,0.86,4.36,2.82,2.92,610
51.671,16.68,0.10,0.96,0.41,2.81,0.00,611
51.688,16.67,0.10,0.89,4.40,2.79,2.93,610
51.704,16.70,0.09,0.90,0.41,2.79,0.00,609
51.721,16.63,0.09,0.89,4.31,2.78,2.88,609
51.738,16.68,0.10,0.90,0.43,2.78,0.00,607
51.754,16.68,0.08,0.86,4.44,2.76,2.94,606
51.771,16.66,0.10,0.90,0.42,2.76,0.00,604
51.788,16.65,0.09,0.87,4.28,2.74,2.85,603
51.804,16.69,0.11,0.91,0.42,2.75,0.00,601
51.821,16.65,0.10,0.88,4.46,2.75,2.96,600
51.838,16.71,0.09,0.92,0.42,2.75,0.00,599
51.854,16.62,0.09,0.87,4.36,2.74,2.89,598
51.871,16.67,0.10,0.91,0.39,2.73,0.00,597
51.888,16.81,0.08,0.86,4.55,2.72,3.05,596
51.904,16.57,0.11,0.92,0.45,2.71,0.00,595
51.921,16.63,0.09,0.89,4.51,2.73,3.01,592
51.938,16.66,0.10,0.90,0.41,2.73,0.00,591
51.954,16.67,0.09,0.86,4.38,2.71,2.91,589
51.971,16.68,0.10,0.91,0.42,2.72,0.00,587
51.988,16.74,0.08,0.88,4.37,2.72,2.90,585
52.004,16.58,0.10,0.90,0.41,2.71,0.00,581
52.021,16.67,0.09,0.86,4.35,2.72,2.89,580
52.038,16.68,0.09,0.67,0.43,2.73,0.00,573
52.054,16.66,0.08,0.66,4.42,2.70,2.94,572
52.071,16.67,0.10,0.66,0.45,2.71,0.00,570
52.088,16.67,0.09,0.65,4.35,2.70,2.88,565
52.104,16.66,0.10,0.66,0.41,2.73,0.00,564
52.121,16.67,0.09,0.63,4.32,2.72,2.87,563
52.138,16.67,0.10,0.66,0.40,2.74,0.00,562
52.154,16.67,0.09,0.63,4.47,2.72,3.00,560
52.171,16.67,0.11,0.67,0.42,2.73,0.00,557
52.188,16.66,0.10,0.64,4.36,2.73,2.89,557
52.204,16.68,0.10,0.66,0.42,2.74,0.00,554
52.221,16.74,0.08,0.66,4.40,2.74,2.93,554
52.238,16.59,0.10,0.66,0.42,2.74,0.00,552
52.255,16.77,0.08,0.63,4.32,2.74,2.88,548
52.271,16.58,0.10,0.67,0.39,2.74,0.00,548
52.288,16.66,0.12,0.91,4.52,2.74,3.07,596
52.305,16.73,0.10,0.92,0.43,3.62,0.00,594
52.321,16.64,0.14,0.92,4.37,3.61,2.90,593
52.338,16.63,0.11,0.92,0.41,3.61,0.00,588
52.354,16.67,0.11,0.83,4.40,3.60,2.92,587
52.371,16.67,0.11,0.87,0.41,3.59,0.00,587
52.388,16.68,0.22,0.94,4.41,3.59,2.93,616
52.404,16.66,0.12,0.96,0.44,3.75,0.00,619
52.421,16.66,0.12,0.92,4.48,3.82,3.00,617
52.438,16.70,0.12,0.97,0.45,3.80,0.00,617
52.455,16.66,0.11,0.95,4.42,3.81,2.94,615
52.471,16.66,0.12,0.97,0.44,3.81,0.00,615
52.488,16.65,0.12,0.94,4.44,3.83,2.93,614
52.505,16.68,0.13,0.98,0.49,3.84,0.00,612
52.521,16.68,0.10,0.94,4.42,3.84,2.93,610
52.538,16.68,0.12,0.97,0.47,3.85,0.00,607
52.555,16.67,0.10,0.95,4.50,3.83,2.99,607
52.571,16.73,0.11,0.96,0.38,3.82,0.00,654
52.588,16.66,0.13,1.27,4.66,4.06,3.15,654
52.605,16.58,0.14,1.24,0.45,4.07,0.00,655
52.621,16.67,0.14,1.21,4.44,4.04,2.94,655
52.638,16.67,0.14,1.25,0.44,4.05,0.00,655
52.655,16.67,0.14,1.22,4.39,4.04,2.90,654
52.671,16.66,0.14,1.26,0.42,4.04,0.00,657
52.688,16.68,0.15,1.23,4.51,4.02,3.01,656
52.705,16.67,0.15,1.26,0.42,4.04,0.00,656
52.721,16.70,0.15,1.22,4.38,4.02,2.89,659
52.738,16.64,0.14,1.26,0.45,4.03,0.00,656
52.755,16.67,0.14,1.23,4.36,4.04,2.90,658
52.771,16.68,0.15,1.27,0.42,4.05,0.00,657
52.788,16.67,0.12,1.25,4.36,4.09,2.90,657
52.805,16.66,0.14,1.31,0.44,4.08,0.00,658
52.821,16.66,0.13,1.25,4.65,4.10,2.90,655
52.838,16.67,0.14,1.28,0.45,4.07,0.00,653
52.855,16.68,0.12,1.24,4.41,4.07,2.92,653
52.871,16.66,0.14,1.28,0.41,4.09,0.00,654
52.888,16.66,0.13,1.25,4.31,4.11,2.85,654
52.905,16.68,0.14,1.27,0.40,4.12,0.00,655
52.921,16.66,0.13,1.27,4.39,4.11,2.91,655
52.938,16.67,0.14,1.28,0.45,4.10,0.00,650
52.955,16.67,0.14,1.25,4.49,4.11,3.01,649
52.971,16.67,0.14,1.27,0.42,4.11,0.00,648
52.988,16.67,0.12,1.26,4.35,4.02,2.88,646
53.005,16.67,0.13,1.26,0.39,3.58,0.00,645
53.021,16.66,0.12,1.26,4.37,3.58,2.91,647
53.038,16.67,0.13,1.29,0.48,3.59,0.00,644
53.055,16.73,0.12,1.28,4.41,3.60,2.94,645
53.071,16.60,0.13,1.27,0.42,3.63,0.00,644
53.088,16.67,0.12,1.25,4.43,3.62,2.94,644
53.105,16.67,0.13,1.27,0.43,3.63,0.00,642
53.121,16.67,0.12,1.24,4.33,3.64,2.85,643
53.138,16.69,0.13,1.27,0.41,3.64,0.00,643
53.155,16.65,0.13,1.24,4.37,3.65,2.90,646
53.171,16.66,0.12,1.28,0.42,3.68,0.00,646
53.188,16.67,0.12,1.25,4.41,3.69,2.92,644
53.205,16.67,0.12,1.28,0.44,3.68,0.00,646
53.221,16.67,0.12,1.25,4.47,3.69,2.98,647
53.238,16.67,0.12,1.28,0.46,3.70,0.00,650
53.255,16.67,0.14,1.26,4.42,3.69,2.92,654
53.271,16.65,0.12,1.27,0.43,3.75,0.00,654
53.288,16.67,0.11,1.24,4.37,3.74,2.90,657
53.305,16.67,0.12,1.27,0.43,3.76,0.00,660
53.321,16.66,0.12,1.23,4.44,3.76,2.96,661
53.338,16.68,0.11,1.28,0.42,3.76,0.00,667
53.355,16.66,0.12,1.22,4.41,3.76,2.94,669
53.371,16.67,0.13,1.26,0.42,3.80,0.00,671
53.388,16.67,0.13,1.22,4.40,3.81,2.92,676
53.405,16.67,0.12,1.23,0.42,3.82,0.00,677
53.421,16.66,0.12,1.25,4.41,3.82,2.91,679
53.438,16.69,0.12,1.22,0.45,3.83,0.00,678
53.455,16.65,0.13,1.25,4.43,3.82,2.92,681
53.471,16.67,0.13,1.27,0.49,3.85,0.00,680
53.488,16.67,0.12,1.23,4.53,3.86,3.01,679
53.505,16.68,0.12,1.31,0.44,3.86,0.00,681
53.521,16.66,0.12,1.27,4.48,3.85,2.92,683
53.538,16.67,0.14,1.24,0.61,3.86,0.00,685
53.555,16.72,0.11,1.24,4.49,3.89,2.92,687
53.571,16.61,0.12,1.25,0.48,3.89,0.00,689
53.588,16.75,0.11,1.23,4.54,3.90,2.96,692
53.605,16.60,0.12,1.27,0.58,3.90,0.00,694
53.621,16.66,0.13,1.25,4.53,3.88,2.96,693
53.638,16.67,0.12,1.24,0.50,3.90,0.00,694
53.655,16.66,0.11,1.20,4.45,3.93,2.92,693
53.671,16.67,0.12,1.25,0.47,3.94,0.00,693
53.688,16.66,0.12,1.22,4.50,3.95,2.95,693
53.705,16.67,0.12,1.24,0.47,3.93,0.00,692
53.721,16.67,0.12,1.20,4.39,3.93,2.88,691
53.738,16.66,0.13,1.24,0.47,3.93,0.00,693
53.755,16.67,0.11,1.21,4.51,3.95,2.98,691
53.771,16.67,0.12,1.23,0.47,3.94,0.00,691
53.788,16.67,0.12,1.17,4.44,3.95,2.91,689
53.805,16.68,0.12,1.21,0.46,3.55,0.00,688
53.821,16.67,0.10,1.20,4.46,3.55,2.90,688
53.838,16.66,0.12,1.21,0.51,3.53,0.00,690
53.855,16.66,0.11,1.17,4.47,3.61,2.94,689
53.871,16.66,0.11,1.20,0.46,3.60,0.00,690
53.888,16.68,0.13,1.20,4.43,3.62,2.89,684
53.905,16.66,0.12,1.21,0.48,3.59,0.00,685
53.921,16.67,0.11,1.18,4.33,3.61,2.83,685
53.938,16.67,0.14,1.34,0.51,3.61,0.00,691
53.955,16.67,0.11,1.24,4.82,3.58,3.29,689
53.971,16.67,0.12,1.26,0.47,3.61,0.00,689
53.988,16.66,0.12,1.23,4.39,3.59,2.88,690
54.005,16.67,0.12,1.25,0.48,3.62,0.00,688
54.021,16.68,0.11,1.22,4.49,3.62,2.99,687
54.038,16.66,0.12,1.27,0.49,3.65,0.00,684
54.055,16.73,0.11,1.26,4.52,3.63,3.00,681
54.071,16.61,0.13,1.26,0.45,3.64,0.00,680
54.088,16.66,0.12,1.23,4.47,3.22,2.96,680
54.105,16.67,0.11,1.22,0.41,3.22,0.00,680
54.121,16.67,0.12,1.22,4.33,3.23,2.86,680
54.138,16.66,0.12,1.25,0.43,3.24,0.00,679
54.155,16.67,0.11,1.22,4.38,3.25,2.89,678
54.171,16.67,0.11,1.28,0.44,3.24,0.00,677
54.188,16.67,0.12,1.25,4.49,3.22,2.99,676
54.205,16.67,0.12,1.24,0.43,3.23,0.00,675
54.221,16.66,0.11,1.21,4.37,3.23,2.89,676
54.238,16.67,0.12,1.24,0.43,3.26,0.00,674
54.255,16.67,0.11,1.02,4.31,3.24,2.85,673
54.271,16.67,0.12,1.06,0.45,3.22,0.00,672
54.288,16.66,0.11,1.01,4.42,3.21,2.97,672
54.305,16.68,0.11,1.05,0.43,3.21,0.00,672
54.321,16.66,0.11,1.02,4.33,3.20,2.89,673
54.338,16.69,0.11,1.08,0.48,3.22,0.00,672
54.355,16.66,0.10,0.94,4.37,3.21,2.91,672
54.371,16.66,0.12,0.96,0.43,3.21,0.00,672
54.388,16.66,0.23,1.08,4.39,3.20,2.90,697
54.405,16.67,0.12,1.11,0.46,3.34,0.00,703
54.421,16.67,0.11,1.07,4.37,3.42,2.89,703
54.438,16.68,0.12,1.12,0.47,3.43,0.00,702
54.455,16.66,0.11,1.07,4.32,3.40,2.87,702
54.471,16.75,0.11,1.11,0.49,3.42,0.00,701
54.488,16.59,0.11,1.12,4.51,3.41,2.98,701
54.505,16.69,0.13,1.11,0.46,3.42,0.00,701
54.521,16.64,0.12,1.11,4.42,3.40,2.93,699
54.538,16.67,0.12,0.88,0.44,3.41,0.00,697
54.555,16.75,0.10,0.81,4.50,3.40,2.98,695
54.571,16.74,0.10,0.83,0.50,3.38,0.00,695
54.588,16.52,0.12,0.82,4.52,3.38,2.97,695
54.605,16.68,0.12,0.83,0.48,3.39,0.00,692
54.621,16.65,0.11,0.80,4.45,3.39,2.93,690
54.638,16.66,0.12,0.84,0.46,3.41,0.00,689
54.655,16.68,0.12,0.83,4.56,3.38,2.99,689
54.671,16.66,0.12,0.82,0.46,3.41,0.00,688
54.688,16.67,0.11,0.80,4.48,3.38,2.95,687
54.705,16.67,0.12,0.83,0.45,3.40,0.00,687
54.721,16.68,0.10,0.79,4.42,3.40,2.89,686
54.738,16.66,0.12,0.83,0.45,3.41,0.00,685
54.755,16.66,0.11,0.80,4.46,3.41,2.92,683
54.771,16.68,0.12,0.83,0.47,3.41,0.00,683
54.788,16.66,0.11,0.80,4.38,3.41,2.89,681
54.805,16.67,0.12,0.83,0.41,3.41,0.00,681
54.821,16.67,0.11,0.80,4.46,3.44,3.01,679
54.838,16.67,0.12,0.84,0.49,3.44,0.00,679
54.855,16.70,0.10,0.80,4.41,3.43,2.94,680
54.871,16.65,0.12,0.83,0.46,3.44,0.00,678
54.888,16.67,0.12,0.82,4.41,3.45,2.92,677
54.905,16.67,0.18,1.15,0.43,3.45,0.00,726
54.921,16.65,0.15,1.14,4.59,4.34,3.11,723
54.938,16.69,0.16,1.16,0.46,4.34,0.00,723
54.955,16.65,0.15,1.14,4.41,4.34,2.95,725
54.971,16.68,0.16,1.16,0.43,4.35,0.00,725
54.988,16.66,0.16,1.15,4.37,4.35,2.92,724
55.005,16.67,0.16,1.16,0.44,4.37,0.00,726
55.021,16.75,0.13,1.17,4.39,4.37,2.90,725
55.038,16.59,0.14,1.17,0.45,4.37,0.00,724
55.055,16.73,0.12,1.14,4.39,4.36,2.92,725
55.071,16.59,0.13,1.19,0.43,4.37,0.00,725
55.088,16.67,0.13,1.18,4.46,4.36,2.99,729
55.105,16.68,0.14,1.18,0.44,4.40,0.00,727
55.121,16.68,0.12,1.15,4.37,4.41,2.89,728
55.138,16.66,0.14,1.20,0.44,4.40,0.00,728
55.155,16.67,0.13,1.18,4.34,4.39,2.89,728
55.171,16.68,0.14,1.20,0.42,4.40,0.00,728
55.188,16.65,0.13,1.22,4.44,4.43,2.96,730
55.205,16.67,0.13,1.20,0.45,4.43,0.00,729
55.221,16.66,0.13,1.18,4.37,4.41,2.90,717
55.238,16.67,0.14,1.22,0.46,4.40,0.00,714
55.255,16.66,0.12,1.20,4.41,4.38,2.90,715
55.271,16.66,0.14,1.20,0.43,4.39,0.00,719
55.288,16.67,0.12,1.19,4.34,4.39,2.86,721
55.305,16.69,0.12,1.21,0.44,4.40,0.00,722
55.321,16.65,0.12,1.18,4.39,3.81,2.90,721
55.338,16.67,0.13,1.20,0.46,3.82,0.00,721
55.355,16.68,0.12,1.21,4.49,3.81,3.00,720
55.371,16.67,0.13,1.20,0.45,3.84,0.00,721
55.388,16.65,0.12,1.21,4.42,3.84,2.93,717
55.405,16.67,0.13,1.20,0.44,3.83,0.00,713
55.421,16.67,0.11,1.21,4.33,3.82,2.84,715
55.438,16.66,0.13,1.20,0.48,3.83,0.00,713
55.455,16.67,0.12,1.19,4.46,3.43,2.95,713
55.471,16.67,0.13,1.20,0.44,3.49,0.00,714
55.488,16.67,0.11,1.18,4.36,3.47,2.88,713
55.505,16.68,0.11,1.21,0.46,3.49,0.00,711
55.521,16.65,0.11,1.18,4.45,3.48,2.94,711
55.538,16.66,0.13,1.20,0.45,3.49,0.00,713
55.555,16.76,0.11,1.21,4.44,3.56,2.93,712
55.571,16.57,0.13,1.19,0.44,3.57,0.00,714
55.588,16.76,0.11,1.20,4.42,3.58,2.91,716
55.605,16.60,0.13,1.20,0.47,3.59,0.00,715
55.621,16.66,0.12,1.20,4.51,3.62,3.00,714
55.638,16.67,0.12,1.21,0.45,3.62,0.00,716
55.655,16.67,0.11,1.19,4.49,3.65,2.95,717
55.671,16.66,0.12,1.17,0.45,3.65,0.00,717
55.688,16.67,0.11,1.16,4.49,3.66,3.00,716
55.705,16.67,0.12,1.19,0.44,3.67,0.00,715
55.721,16.66,0.12,1.16,4.43,3.67,2.93,717
55.738,16.68,0.12,1.17,0.43,3.71,0.00,717
55.755,16.67,0.13,1.18,4.48,3.71,2.95,716
55.771,16.67,0.11,1.19,0.51,3.69,0.00,713
55.788,16.66,0.12,1.18,4.53,3.69,2.99,713
55.805,16.67,0.13,1.20,0.51,3.70,0.00,714
55.821,16.66,0.13,1.18,4.51,3.68,2.96,716
55.838,16.68,0.13,1.18,0.49,3.72,0.00,718
55.855,16.66,0.13,1.19,4.42,3.72,2.88,716
55.871,16.67,0.13,1.19,0.49,3.71,0.00,714
55.888,16.66,0.12,1.20,4.64,3.71,3.10,713
55.905,16.69,0.12,1.15,0.52,3.70,0.00,714
55.921,16.67,0.11,1.14,4.56,3.73,3.02,714
55.938,16.74,0.12,1.13,0.50,3.73,0.00,714
55.955,16.59,0.11,1.13,4.61,3.72,3.06,715
55.972,16.70,0.13,1.15,0.51,3.71,0.00,714
55.988,16.63,0.13,1.15,4.52,3.70,2.96,713
56.005,16.67,0.08,0.84,0.44,3.69,0.00,714
56.021,16.66,0.11,1.12,4.67,3.71,3.11,713
56.038,16.72,0.11,1.15,0.54,3.69,0.00,712
56.055,16.61,0.12,1.12,4.64,3.68,3.07,713
56.071,16.67,0.10,1.12,0.50,3.66,0.00,713
56.088,16.68,0.12,1.09,4.46,3.64,2.94,712
56.105,16.65,0.12,1.13,0.49,3.64,0.00,713
56.122,16.70,0.10,1.12,4.50,3.65,2.97,713
56.138,16.66,0.10,1.13,0.51,3.64,0.00,711
56.155,16.67,0.10,1.09,4.64,3.62,3.06,709
56.171,16.66,0.13,1.09,0.52,3.61,0.00,705
56.188,16.68,0.11,1.10,4.51,3.59,2.96,704
56.205,16.66,0.12,1.13,0.52,3.60,0.00,704
56.222,16.70,0.11,1.11,4.54,3.59,2.98,702
56.238,16.64,0.12,1.12,0.51,3.58,0.00,702
56.255,16.67,0.12,1.11,4.59,3.56,3.04,701
56.272,16.67,0.12,1.11,0.51,3.56,0.00,701
56.288,16.66,0.11,1.07,4.44,3.53,2.94,701
56.305,16.68,0.12,1.11,0.45,3.56,0.00,699
56.321,16.66,0.11,1.05,4.41,3.54,2.90,692
56.338,16.67,0.11,1.05,0.53,3.53,0.00,687
56.355,16.66,0.08,0.71,4.05,3.51,2.56,685
56.371,16.67,0.08,0.72,0.37,3.49,0.00,683
56.388,16.74,0.18,0.78,3.96,3.52,2.51,705
56.405,16.67,0.08,0.79,0.31,3.66,0.00,714
56.422,16.66,0.07,0.78,4.42,3.38,2.98,715
56.438,16.62,0.08,0.80,0.35,3.38,0.00,715
56.455,16.73,0.08,0.78,4.10,3.37,2.62,714
56.472,16.67,0.08,0.78,0.34,3.37,0.00,714
56.488,16.67,0.07,0.75,4.23,3.38,2.75,714
56.505,16.61,0.08,0.78,0.33,3.37,0.00,714
56.521,16.66,0.07,0.77,4.29,3.36,2.85,712
56.538,16.68,0.12,1.06,0.45,3.36,0.00,712
56.555,16.67,0.11,1.04,4.32,3.35,2.87,710
56.572,16.68,0.12,1.06,0.44,3.37,0.00,709
56.588,16.74,0.10,1.08,4.44,3.36,2.94,709
56.605,16.59,0.11,1.05,0.44,3.35,0.00,708
56.622,16.66,0.11,1.02,4.43,3.34,2.94,707
56.638,16.66,0.11,1.06,0.42,3.34,0.00,706
56.655,16.68,0.11,1.04,4.39,3.33,2.92,706
56.672,16.68,0.10,1.05,0.46,3.35,0.00,703
56.688,16.66,0.11,1.03,4.56,3.32,3.03,703
56.705,16.67,0.12,1.05,0.45,3.32,0.00,703
56.722,16.66,0.11,1.06,4.42,3.32,2.93,702
56.738,16.67,0.12,1.06,0.44,3.32,0.00,699
56.755,16.69,0.10,1.04,4.31,3.32,2.85,697
56.772,16.65,0.12,1.05,0.44,3.33,0.00,696
56.788,16.66,0.11,0.98,4.39,3.30,2.89,694
56.805,16.66,0.11,1.00,0.46,3.30,0.00,691
56.822,16.69,0.10,1.00,4.36,3.29,2.88,685
56.838,16.65,0.11,1.01,0.43,3.27,0.00,681
56.855,16.67,0.12,1.00,4.39,3.27,2.90,674
56.872,16.67,0.12,0.72,0.42,3.26,0.00,616
56.888,16.69,0.10,0.73,4.56,3.18,3.04,615
56.905,16.68,0.12,0.74,0.41,3.16,0.00,613
56.922,16.66,0.10,0.72,4.43,3.14,2.96,612
56.938,16.65,0.12,0.73,0.44,3.15,0.00,611
56.955,16.67,0.11,0.71,4.52,3.13,3.03,610
56.972,16.67,0.11,0.72,0.42,3.11,0.00,609
56.988,16.70,0.09,0.70,4.42,3.09,2.93,608
57.005,16.64,0.11,0.72,0.42,3.08,0.00,607
57.022,16.67,0.12,0.71,4.38,3.06,2.92,605
57.038,16.67,0.11,0.72,0.44,3.08,0.00,605
57.055,16.66,0.10,0.70,4.42,3.05,2.93,603
57.072,16.69,0.09,0.71,0.41,3.04,0.00,603
57.088,16.65,0.09,0.73,4.45,3.02,2.98,602
57.105,16.66,0.12,0.73,0.45,3.00,0.00,600
57.122,16.66,0.10,0.70,4.38,3.00,2.89,599
57.138,16.67,0.10,0.72,0.41,3.01,0.00,597
57.155,16.67,0.10,0.70,4.36,2.97,2.88,593
57.172,16.67,0.10,0.72,0.41,2.96,0.00,594
57.188,16.70,0.09,0.73,4.40,2.95,2.92,596
57.205,16.64,0.11,0.72,0.46,2.94,0.00,592
57.222,16.67,0.10,0.71,4.52,2.94,3.04,591
57.238,16.67,0.10,0.71,0.41,2.92,0.00,588
57.255,16.66,0.10,0.70,4.38,2.93,2.90,588
57.272,16.68,0.09,0.73,0.42,2.90,0.00,587
57.288,16.65,0.13,0.99,4.51,2.89,3.05,641
57.305,16.66,0.12,1.01,0.42,3.80,0.00,642
57.322,16.67,0.13,0.99,4.32,3.80,2.87,643
57.338,16.67,0.13,1.01,0.43,3.79,0.00,641
57.355,16.67,0.12,0.99,4.35,3.78,2.90,640
57.372,16.69,0.12,1.01,0.43,3.77,0.00,640
57.388,16.64,0.13,1.00,4.38,3.77,2.91,639
57.405,16.67,0.13,1.03,0.44,3.75,0.00,638
57.422,16.67,0.13,1.02,4.36,3.76,2.89,637
57.438,16.67,0.13,1.02,0.43,3.77,0.00,637
57.455,16.66,0.13,1.02,4.36,3.78,2.91,638
57.472,16.67,0.14,1.02,0.43,3.79,0.00,639
57.488,16.69,0.11,1.01,4.40,3.84,2.96,638
57.505,16.64,0.12,1.01,0.43,3.84,0.00,636
57.522,16.67,0.12,1.00,4.31,3.83,2.87,633
57.538,16.67,0.12,1.01,0.44,3.83,0.00,632
57.555,16.78,0.11,1.03,4.43,3.81,2.94,632
57.572,16.56,0.14,1.04,0.46,3.83,0.00,633
57.588,16.68,0.13,1.01,4.09,3.92,2.88,632
57.605,16.64,0.12,1.02,0.48,3.92,0.00,630
57.622,16.66,0.11,1.00,4.43,3.95,2.95,661
57.638,16.68,0.13,1.03,0.45,4.01,0.00,657
57.655,16.65,0.12,1.00,4.43,4.02,2.96,659
57.672,16.67,0.12,1.02,0.44,3.97,0.00,659
57.688,16.67,0.12,1.01,4.35,3.98,2.88,657
57.705,16.67,0.13,1.03,0.47,3.40,0.00,655
57.722,16.67,0.11,1.01,4.42,3.40,2.94,654
57.738,16.67,0.12,1.02,0.43,3.40,0.00,654
57.755,16.68,0.10,0.98,4.46,3.40,3.00,656
57.772,16.67,0.12,1.00,0.40,3.43,0.00,657
57.788,16.66,0.12,1.02,4.37,3.43,2.90,656
57.805,16.66,0.12,1.00,0.43,3.43,0.00,656
57.822,16.67,0.11,0.98,4.31,3.42,2.88,655
57.838,16.67,0.13,1.00,0.43,3.43,0.00,655
57.855,16.67,0.13,0.99,4.36,3.44,2.90,654
57.872,16.75,0.11,1.01,0.47,3.44,0.00,653
57.888,16.61,0.12,1.02,4.48,3.43,2.96,652
57.905,16.66,0.13,0.99,0.41,3.42,0.00,649
57.922,16.66,0.11,1.00,4.37,3.41,2.91,648
57.938,16.66,0.12,1.00,0.44,3.41,0.00,646
57.955,16.68,0.12,1.00,4.44,3.43,2.93,644
57.972,16.66,0.12,1.00,0.46,3.40,0.00,642
57.988,16.68,0.10,0.98,4.40,3.40,2.94,642
58.005,16.66,0.11,1.00,0.42,3.41,0.00,642
58.022,16.75,0.10,0.99,4.50,3.40,3.02,641
58.038,16.58,0.13,1.12,0.43,3.40,0.00,649
58.055,16.72,0.11,1.06,4.75,3.43,3.27,653
58.072,16.61,0.12,1.05,0.44,3.45,0.00,656
58.088,16.67,0.12,1.05,4.36,3.46,2.90,657
58.105,16.67,0.13,1.06,0.45,3.46,0.00,658
58.122,16.66,0.12,1.06,4.36,3.48,2.89,660
58.138,16.67,0.12,1.05,0.41,3.51,0.00,657
58.155,16.66,0.11,1.06,4.39,3.51,2.92,657
58.172,16.68,0.12,1.06,0.43,3.51,0.00,656
58.188,16.66,0.12,1.05,4.40,3.51,2.91,656
58.205,16.67,0.14,1.06,0.47,3.51,0.00,658
58.222,16.66,0.12,1.05,4.40,3.50,2.93,660
58.238,16.67,0.11,1.06,0.44,3.55,0.00,661
58.255,16.67,0.11,1.04,4.38,3.55,2.92,657
58.272,16.67,0.12,1.05,0.45,3.55,0.00,657
58.288,16.67,0.11,1.03,4.43,3.55,2.98,657
58.305,16.74,0.11,1.05,0.43,3.56,0.00,658
58.322,16.60,0.11,1.05,4.39,3.59,2.91,658
58.338,16.68,0.12,1.04,0.44,3.60,0.00,658
58.355,16.66,0.11,0.99,4.38,3.60,2.91,659
58.372,16.67,0.12,0.97,0.39,3.61,0.00,661
58.388,16.67,0.24,1.08,4.43,3.61,2.88,694
58.405,16.66,0.12,1.13,0.43,3.83,0.00,704
58.422,16.67,0.11,1.11,4.39,3.93,2.92,705
58.438,16.67,0.12,1.10,0.43,3.93,0.00,704
58.455,16.72,0.10,1.13,4.40,3.93,2.92,702
58.472,16.62,0.11,1.12,0.44,3.93,0.00,701
58.488,16.67,0.11,1.10,4.37,3.93,2.88,702
58.505,16.68,0.11,1.12,0.42,3.95,0.00,700
58.522,16.66,0.11,1.09,4.39,3.94,2.92,701
58.538,16.67,0.12,1.12,0.43,3.96,0.00,700
58.555,16.69,0.10,1.12,4.51,3.94,3.02,699
58.572,16.65,0.12,1.13,0.46,3.93,0.00,701
58.588,16.75,0.10,1.10,4.39,3.93,2.90,701
58.605,16.59,0.12,1.12,0.46,3.95,0.00,699
58.622,16.66,0.11,1.09,4.38,3.94,2.89,697
58.638,16.68,0.10,1.07,0.50,3.94,0.00,695
58.655,16.66,0.11,1.09,4.43,3.92,2.91,694
58.672,16.66,0.12,1.06,0.47,3.92,0.00,691
58.688,16.67,0.11,1.05,4.39,3.93,2.90,690
58.705,16.67,0.11,1.08,0.52,3.93,0.00,692
58.722,16.67,0.11,1.07,4.51,3.90,2.98,692
58.738,16.67,0.12,1.09,0.49,3.88,0.00,693
58.755,16.67,0.10,1.05,4.41,3.87,2.90,693
58.772,16.66,0.12,1.07,0.48,3.87,0.00,693
58.788,16.67,0.11,1.02,4.41,3.87,2.90,692
58.805,16.67,0.12,1.05,0.46,3.47,0.00,690
58.822,16.67,0.11,1.06,4.55,3.45,3.03,689
58.838,16.68,0.12,1.06,0.48,3.45,0.00,688
58.855,16.66,0.14,1.38,4.67,3.43,3.16,743
58.872,16.80,0.12,1.41,0.45,4.33,0.00,744
58.888,16.54,0.13,1.38,4.45,4.32,2.96,742
58.905,16.67,0.14,1.36,0.43,4.31,0.00,729
58.922,16.68,0.12,1.34,4.37,4.28,2.90,729
58.938,16.66,0.14,1.39,0.41,4.27,0.00,728
58.955,16.68,0.12,1.40,4.42,4.27,2.92,725
58.972,16.66,0.14,1.39,0.43,4.25,0.00,725
58.989,16.78,0.13,1.42,4.50,4.24,2.98,725
59.005,16.55,0.14,1.39,0.43,4.24,0.00,725
59.022,16.66,0.13,1.35,4.39,4.23,2.92,725
59.038,16.70,0.12,1.38,0.45,4.24,0.00,726
59.055,16.64,0.12,1.39,4.46,4.26,2.97,725
59.072,16.68,0.14,1.40,0.43,4.26,0.00,724
59.088,16.65,0.13,1.39,4.48,4.25,3.00,721
59.105,16.67,0.14,1.40,0.46,4.25,0.00,720
59.122,16.69,0.13,1.40,4.34,4.24,2.86,721
59.138,16.68,0.12,1.38,0.43,4.30,0.00,720
59.155,16.64,0.12,1.36,4.27,4.31,2.81,716
59.172,16.66,0.13,1.39,0.44,4.32,0.00,717
59.188,16.67,0.13,1.39,4.40,4.34,2.88,715
59.205,16.67,0.13,1.40,0.44,4.33,0.00,716
59.222,16.67,0.12,1.40,4.38,4.34,2.89,714
59.238,16.68,0.13,1.41,0.42,4.36,0.00,712
59.255,16.76,0.11,1.18,4.32,4.35,2.85,709
59.272,16.61,0.12,1.18,0.44,3.77,0.00,706
59.288,16.63,0.12,1.17,4.39,3.78,2.91,703
59.305,16.68,0.17,1.48,0.42,3.78,0.00,731
59.322,16.67,0.15,1.40,4.75,3.83,3.26,733
59.338,16.66,0.15,1.40,0.42,3.86,0.00,734
59.355,16.66,0.16,1.40,4.50,3.88,3.01,733
59.372,16.67,0.15,1.43,0.43,3.88,0.00,734
59.388,16.67,0.15,1.40,4.39,3.90,2.91,737
59.405,16.66,0.15,1.43,0.41,3.94,0.00,734
59.422,16.67,0.14,1.41,4.41,3.94,2.91,731
59.438,16.66,0.15,1.44,0.43,3.96,0.00,730
59.455,16.67,0.14,1.42,4.38,3.96,2.88,725
59.472,16.67,0.15,1.44,0.41,3.96,0.00,726
59.488,16.67,0.14,1.44,4.36,4.00,2.89,726
59.505,16.68,0.15,1.45,0.43,4.00,0.00,723
59.522,16.66,0.15,1.44,4.39,4.00,2.91,722
59.538,16.67,0.15,1.45,0.43,3.99,0.00,722
59.555,16.67,0.14,1.43,4.34,3.64,2.88,727
59.572,16.67,0.16,1.46,0.46,3.68,0.00,729
59.588,16.66,0.15,1.43,4.44,3.68,2.96,731
59.605,16.68,0.15,1.46,0.45,3.70,0.00,728
59.622,16.66,0.14,1.42,4.50,3.70,3.03,727
59.638,16.67,0.15,1.47,0.42,3.70,0.00,727
59.655,16.66,0.14,1.41,4.33,3.71,2.86,729
59.672,16.67,0.14,1.45,0.41,3.73,0.00,728
59.688,16.67,0.13,1.45,4.49,3.73,2.97,729
59.705,16.67,0.15,1.45,0.40,3.72,0.00,728
59.722,16.69,0.14,1.46,4.45,3.72,2.93,730
59.738,16.66,0.15,1.46,0.45,3.73,0.00,732
59.755,16.65,0.14,1.43,4.38,3.76,2.92,733
59.772,16.68,0.14,1.45,0.42,3.76,0.00,733
59.788,16.66,0.14,1.43,4.35,3.76,2.89,736
59.805,16.74,0.13,1.44,0.45,3.75,0.00,735
59.822,16.60,0.14,1.42,4.34,3.75,2.89,736
59.838,16.67,0.14,1.44,0.43,3.79,0.00,737
59.855,16.67,0.14,1.44,4.49,3.78,2.99,737
59.872,16.67,0.14,1.45,0.41,3.79,0.00,736
59.888,16.66,0.11,1.41,4.50,3.78,3.02,735
59.905,16.67,0.12,1.43,0.42,3.79,0.00,736
59.922,16.66,0.10,1.42,4.39,3.81,2.92,738
59.938,16.66,0.11,1.43,0.42,3.82,0.00,738
59.955,16.67,0.11,1.41,4.35,3.81,2.87,738
59.972,16.67,0.12,1.42,0.45,3.80,0.00,737
59.989,16.75,0.11,1.41,4.41,3.82,2.91,742
60.005,16.60,0.13,1.36,0.47,3.81,0.00,743
60.022,16.65,0.12,1.37,4.46,3.84,2.94,743
60.038,16.68,0.12,1.37,0.46,3.83,0.00,742
60.055,16.66,0.11,1.32,4.36,3.83,2.89,740
60.072,16.68,0.12,1.34,0.47,3.82,0.00,739
60.089,16.68,0.13,1.37,4.45,3.81,2.92,739
60.105,16.66,0.12,1.34,0.48,3.87,0.00,737
60.122,16.66,0.11,1.31,4.34,3.86,2.86,739
60.139,16.68,0.11,1.37,0.44,3.88,0.00,740
60.155,16.66,0.11,1.35,4.33,3.88,2.88,737
60.172,16.66,0.11,1.33,0.42,3.88,0.00,737
60.189,16.70,0.10,1.34,4.32,3.89,2.86,736
60.205,16.64,0.11,1.34,0.44,3.91,0.00,734
60.222,16.68,0.12,1.34,4.40,3.89,2.91,731
60.239,16.66,0.11,1.35,0.45,3.88,0.00,725
60.255,16.67,0.10,1.35,4.38,3.88,2.88,723
60.272,16.66,0.11,1.33,0.41,3.91,0.00,723
60.289,16.66,0.10,1.34,4.39,3.91,2.90,724
60.305,16.67,0.14,1.34,0.45,3.90,0.00,724
60.322,16.66,0.11,1.33,4.42,3.89,2.93,721
60.339,16.67,0.11,1.34,0.44,3.90,0.00,720
60.355,16.68,0.10,1.22,4.48,3.89,2.97,717
60.372,16.66,0.10,1.22,0.46,3.49,0.00,717
60.389,16.67,0.24,1.30,4.54,3.48,2.99,732
60.405,16.67,0.10,1.33,0.48,3.57,0.00,741
60.422,16.65,0.11,1.29,5.27,3.70,3.77,741
60.439,16.69,0.15,1.39,0.49,3.70,0.00,739
60.455,16.65,0.12,1.30,4.39,3.72,2.90,739
60.472,16.67,0.12,1.31,0.46,3.71,0.00,738
60.489,16.67,0.11,1.28,4.42,3.70,2.94,738
60.505,16.73,0.10,1.26,0.47,3.70,0.00,737
60.522,16.61,0.12,1.31,4.46,3.68,2.95,735
60.539,16.68,0.12,1.30,0.45,3.70,0.00,735
60.555,16.67,0.12,1.26,4.40,3.68,2.90,734
60.572,16.66,0.11,1.28,0.43,3.67,0.00,734
60.589,16.75,0.09,1.30,4.38,3.65,2.88,733
60.605,16.59,0.11,1.32,0.45,3.65,0.00,731
60.622,16.72,0.07,0.95,4.02,3.65,2.56,731
60.639,16.60,0.08,0.97,0.33,3.64,0.00,731
60.655,16.68,0.11,1.27,4.42,3.61,2.93,731
60.672,16.67,0.11,1.28,0.44,3.60,0.00,730
60.689,16.67,0.11,1.26,4.48,3.58,2.99,729
60.705,16.67,0.12,1.27,0.45,3.56,0.00,728
60.722,16.68,0.11,1.26,4.45,3.58,2.93,726
60.739,16.65,0.11,1.26,0.43,3.56,0.00,725
60.755,16.67,0.10,1.24,4.38,3.52,2.89,722
60.772,16.73,0.10,1.28,0.40,3.51,0.00,720
60.789,16.61,0.11,1.27,4.40,3.48,2.91,717
60.805,16.68,0.13,1.24,0.41,3.49,0.00,709
60.822,16.66,0.10,0.91,4.48,3.05,2.92,693
60.839,16.66,0.11,0.91,0.49,3.03,0.00,693
60.855,16.67,0.10,0.96,4.37,3.00,2.87,692
60.872,16.66,0.12,0.91,0.47,3.00,0.00,691
60.889,16.67,0.11,0.89,4.36,2.99,2.87,690
60.905,16.67,0.11,0.90,0.47,3.00,0.00,690
60.922,16.67,0.10,0.92,4.55,2.98,3.00,690
60.939,16.67,0.11,0.92,0.49,2.97,0.00,687
60.955,16.66,0.11,0.90,4.51,2.96,3.01,686
60.972,16.68,0.11,0.91,0.52,2.96,0.00,685
60.989,16.66,0.10,0.89,4.45,2.96,2.93,683
61.005,16.67,0.10,0.90,0.42,2.94,0.00,659
61.022,16.67,0.10,0.89,4.44,2.90,2.91,654
61.039,16.66,0.11,0.91,0.46,2.89,0.00,653
61.055,16.66,0.12,0.90,4.47,2.88,2.97,651
61.072,16.67,0.12,0.90,0.44,2.87,0.00,650
61.089,16.66,0.11,0.88,4.39,2.87,2.92,647
61.105,16.67,0.11,0.89,0.44,2.86,0.00,641
61.122,16.67,0.11,0.88,4.51,2.85,3.01,640
61.139,16.68,0.12,0.90,0.43,2.85,0.00,637
61.155,16.66,0.10,0.89,4.40,2.85,2.94,630
61.172,16.68,0.11,0.90,0.42,2.84,0.00,625
61.189,16.66,0.11,0.88,4.36,2.83,2.90,622
61.205,16.67,0.10,0.89,0.42,2.82,0.00,617
61.222,16.67,0.16,1.12,4.76,2.81,3.26,673
61.239,16.68,0.16,1.11,0.50,3.68,0.00,664
61.255,16.68,0.15,1.13,4.51,3.64,2.98,652
61.272,16.65,0.16,0.85,0.43,3.63,0.00,617
61.289,16.66,0.14,0.84,4.36,3.59,2.89,613
61.305,16.68,0.14,0.85,0.40,3.61,0.00,613
61.322,16.66,0.15,0.86,4.43,3.59,2.94,612
61.339,16.67,0.16,0.86,0.41,3.65,0.00,613
61.355,16.67,0.15,0.84,4.52,3.68,3.02,648
61.372,16.67,0.14,0.88,0.41,3.71,0.00,646
61.389,16.66,0.15,0.85,4.38,3.71,2.90,646
61.405,16.67,0.16,0.87,0.40,3.73,0.00,645
61.422,16.66,0.14,0.86,4.36,3.71,2.89,644
61.439,16.68,0.16,0.86,0.42,3.71,0.00,643
61.455,16.67,0.13,0.85,4.35,3.70,2.89,643
61.472,16.66,0.16,0.89,0.45,3.69,0.00,641
61.489,16.66,0.15,0.84,4.61,3.68,3.13,644
61.505,16.66,0.15,0.86,0.42,3.69,0.00,643
61.522,16.67,0.14,0.83,4.42,3.67,2.95,642
61.539,16.67,0.15,0.86,0.41,3.67,0.00,642
61.555,16.68,0.11,0.87,4.45,3.64,2.95,636
61.572,16.65,0.12,0.86,0.42,3.63,0.00,634
61.589,16.76,0.10,0.84,4.43,3.65,2.93,632
61.605,16.60,0.12,0.86,0.40,3.65,0.00,632
61.622,16.65,0.12,0.86,4.43,3.62,2.93,632
61.639,16.67,0.11,0.86,0.43,3.04,0.00,629
61.655,16.67,0.10,0.84,4.34,3.04,2.88,626
61.672,16.65,0.12,0.85,0.42,3.02,0.00,629
61.689,16.68,0.11,0.84,4.34,3.03,2.89,628
61.705,16.66,0.12,0.85,0.42,3.03,0.00,626
61.722,16.67,0.11,0.84,4.36,3.01,2.89,622
61.739,16.68,0.10,0.85,0.43,3.00,0.00,623
61.755,16.66,0.12,0.86,4.54,2.98,3.05,624
61.772,16.67,0.11,0.85,0.41,3.01,0.00,624
61.789,16.66,0.11,0.83,4.35,3.00,2.90,622
61.805,16.68,0.12,0.86,0.46,2.99,0.00,623
61.822,16.66,0.11,0.82,4.40,2.98,2.93,622
61.839,16.67,0.12,0.85,0.41,2.99,0.00,623
61.855,16.67,0.11,0.83,4.38,3.01,2.90,622
61.872,16.67,0.11,0.85,0.44,3.00,0.00,624
61.889,16.67,0.10,0.84,4.52,3.00,3.04,625
61.905,16.68,0.12,0.86,0.43,2.99,0.00,625
61.922,16.65,0.12,0.84,4.41,2.99,2.93,626
61.939,16.66,0.12,0.83,0.41,3.02,0.00,625
61.955,16.68,0.09,0.82,4.37,3.03,2.90,626
61.972,16.68,0.11,0.85,0.45,3.02,0.00,624
61.989,16.64,0.11,0.83,4.39,3.01,2.93,622
62.005,16.68,0.11,0.85,0.42,3.00,0.00,623
62.022,16.67,0.10,0.84,4.56,3.00,3.08,626
62.039,16.79,0.10,0.85,0.49,3.02,0.00,627
62.055,16.54,0.12,0.85,4.46,3.02,2.96,627
62.072,16.66,0.12,0.85,0.42,3.02,0.00,625
62.089,16.67,0.11,0.81,4.38,3.01,2.91,627
62.105,16.70,0.10,0.84,0.42,3.03,0.00,629
62.122,16.63,0.11,0.82,4.41,3.04,2.93,627
62.139,16.67,0.11,0.84,0.42,3.03,0.00,627
62.155,16.68,0.09,0.82,4.40,3.03,2.92,629
62.172,16.65,0.11,0.84,0.42,3.03,0.00,631
62.189,16.67,0.11,0.82,4.37,3.04,2.90,634
62.205,16.66,0.10,0.84,0.42,3.06,0.00,636
62.222,16.67,0.13,0.82,4.46,3.06,2.95,636
62.239,16.68,0.12,0.83,0.40,3.05,0.00,637
62.255,16.66,0.11,0.84,4.40,3.03,2.93,636
62.272,16.67,0.11,0.84,0.44,3.05,0.00,637
62.289,16.67,0.10,0.81,4.43,3.06,2.97,638
62.305,16.66,0.10,0.84,0.41,3.06,0.00,636
62.322,16.69,0.09,0.81,4.39,3.03,2.92,635
62.339,16.64,0.11,0.84,0.42,3.03,0.00,634
62.355,16.67,0.11,0.79,4.42,3.01,2.92,633
62.372,16.68,0.12,0.79,0.45,2.98,0.00,635
62.389,16.66,0.24,0.93,4.41,3.00,2.92,697
62.405,16.67,0.11,0.93,0.44,3.26,0.00,713
62.422,16.68,0.09,0.91,4.37,3.40,2.90,713
62.439,16.67,0.10,0.92,0.43,3.41,0.00,712
62.455,16.66,0.11,0.94,4.43,3.40,2.94,712
62.472,16.69,0.11,0.94,0.46,3.42,0.00,712
62.489,16.65,0.11,0.95,4.48,3.38,2.95,714
62.505,16.68,0.11,0.95,0.45,3.39,0.00,712
62.522,16.66,0.11,0.94,4.35,3.37,2.87,708
62.539,16.67,0.12,0.94,0.44,3.37,0.00,709
62.555,16.68,0.09,0.94,4.49,3.37,2.99,706
62.572,16.65,0.12,0.94,0.43,3.37,0.00,707
62.589,16.74,0.09,0.94,4.41,3.34,2.93,705
62.605,16.69,0.11,0.97,0.51,3.33,0.00,703
62.622,16.62,0.12,0.95,4.54,3.31,3.01,698
62.639,16.62,0.11,0.90,0.48,3.31,0.00,695
62.655,16.67,0.10,0.88,4.36,3.31,2.86,691
62.672,16.66,0.11,0.90,0.47,3.31,0.00,689
62.689,16.68,0.09,0.87,4.39,3.28,2.90,684
62.705,16.65,0.11,0.90,0.41,3.26,0.00,678
62.722,16.67,0.11,0.85,4.49,3.23,2.99,676
62.739,16.67,0.10,0.88,0.41,2.99,0.00,675
62.755,16.67,0.11,0.86,4.40,2.97,2.93,673
62.772,16.66,0.11,0.86,0.42,2.96,0.00,672
62.789,16.67,0.10,0.85,4.41,2.95,2.94,672
62.805,16.68,0.11,0.86,0.44,2.96,0.00,673
62.822,16.66,0.10,0.84,4.47,2.94,3.01,672
62.839,16.66,0.11,0.87,0.41,2.96,0.00,673
62.855,16.69,0.09,0.84,4.35,2.94,2.90,676
62.872,16.66,0.12,0.88,0.44,2.93,0.00,675
62.889,16.67,0.10,0.84,4.35,2.93,2.90,675
62.905,16.66,0.11,0.87,0.42,2.95,0.00,674
62.922,16.67,0.11,0.84,4.36,2.94,2.90,676
62.939,16.66,0.11,0.87,0.42,2.94,0.00,674
62.955,16.67,0.10,0.86,4.37,2.92,2.91,672
62.972,16.66,0.11,0.88,0.42,2.92,0.00,672
62.989,16.67,0.12,0.87,4.43,2.91,2.94,668
63.005,16.67,0.11,0.87,0.41,2.93,0.00,665
63.022,16.66,0.10,0.85,4.39,2.92,2.92,665
63.039,16.67,0.11,0.87,0.42,2.92,0.00,664
63.055,16.67,0.11,0.87,4.45,2.90,2.93,661
63.072,16.67,0.12,0.88,0.42,2.91,0.00,661
63.089,16.66,0.12,0.88,4.55,2.92,3.05,659
63.105,16.67,0.11,0.87,0.42,2.92,0.00,657
63.122,16.67,0.11,0.87,4.45,2.90,2.95,655
63.139,16.66,0.11,0.87,0.41,2.91,0.00,650
63.155,16.67,0.11,0.86,4.37,2.89,2.90,647
63.172,16.66,0.11,0.88,0.41,2.91,0.00,644
63.189,16.71,0.09,0.67,4.45,2.89,2.95,641
63.205,16.64,0.11,0.70,0.45,2.89,0.00,639
63.222,16.66,0.11,0.70,4.46,2.88,2.93,636
63.239,16.67,0.11,0.69,0.44,2.86,0.00,631
63.255,16.69,0.09,0.65,4.45,2.87,2.96,629
63.272,16.65,0.10,0.69,0.49,2.86,0.00,628
63.289,16.66,0.11,0.68,4.54,2.84,3.04,628
63.305,16.68,0.10,0.68,0.49,2.84,0.00,626
63.322,16.66,0.11,0.70,4.51,2.82,3.00,623
63.339,16.66,0.12,0.70,0.44,2.83,0.00,621
63.355,16.66,0.10,0.67,4.50,2.82,3.02,620
63.372,16.69,0.11,0.70,0.44,2.82,0.00,619
63.389,16.65,0.10,0.70,4.45,2.80,2.95,617
63.405,16.66,0.10,0.69,0.42,2.81,0.00,617
63.422,16.67,0.10,0.65,4.36,2.78,2.89,615
63.439,16.68,0.10,0.70,0.42,2.80,0.00,615
63.455,16.67,0.09,0.68,4.38,2.80,2.91,612
63.472,16.66,0.10,0.69,0.43,2.79,0.00,614
63.489,16.66,0.10,0.70,4.46,2.78,2.96,612
63.505,16.67,0.14,1.00,0.50,2.77,0.00,648
63.522,16.66,0.12,0.97,4.64,3.61,3.14,649
63.539,16.67,0.12,1.00,0.44,3.60,0.00,650
63.555,16.66,0.11,0.99,4.35,3.60,2.86,649
63.572,16.67,0.12,1.01,0.41,3.59,0.00,649
63.589,16.76,0.11,1.01,4.35,3.58,2.86,647
63.605,16.58,0.12,1.01,0.42,3.59,0.00,647
63.622,16.67,0.12,1.01,4.52,3.59,3.03,647
63.639,16.67,0.12,1.01,0.43,3.59,0.00,644
63.655,16.67,0.12,1.00,4.32,3.58,2.86,642
63.672,16.66,0.12,1.03,0.42,3.58,0.00,640
63.689,16.67,0.12,1.00,4.30,3.61,2.87,639
63.705,16.67,0.13,1.04,0.43,3.61,0.00,637
63.722,16.66,0.11,1.00,4.37,3.60,2.89,632
63.739,16.67,0.12,1.04,0.46,3.60,0.00,631
63.755,16.66,0.12,1.00,4.38,3.61,2.94,629
63.772,16.68,0.11,1.02,0.43,3.63,0.00,631
63.789,16.66,0.12,1.03,4.44,3.65,2.96,629
63.805,16.68,0.11,1.05,0.51,3.63,0.00,629
63.822,16.65,0.11,1.00,4.42,3.64,2.93,630
63.839,16.67,0.12,1.04,0.45,3.65,0.00,630
63.855,16.67,0.11,1.01,4.41,3.69,2.92,631
63.872,16.68,0.12,1.03,0.45,3.69,0.00,630
63.889,16.66,0.11,1.02,4.51,3.70,3.04,631
63.905,16.67,0.11,1.04,0.42,3.69,0.00,628
63.922,16.68,0.10,1.02,4.42,3.12,2.94,628
63.939,16.65,0.12,1.05,0.42,3.22,0.00,627
63.955,16.68,0.10,1.02,4.40,3.23,2.91,622
63.972,16.66,0.12,1.04,0.42,3.26,0.00,649
63.989,16.66,0.11,1.05,4.44,3.32,2.94,653
64.005,16.67,0.11,1.04,0.43,3.33,0.00,654
64.022,16.75,0.10,1.03,4.37,3.27,2.91,656
64.039,16.58,0.11,1.04,0.45,3.28,0.00,657
64.055,16.67,0.12,1.06,4.42,3.28,2.92,660
64.072,16.67,0.12,1.05,0.45,3.30,0.00,664
64.089,16.66,0.11,1.02,4.50,3.29,2.95,665
64.105,16.67,0.11,1.04,0.47,3.33,0.00,665
64.122,16.67,0.11,1.03,4.41,3.34,2.91,666
64.139,16.68,0.11,1.04,0.41,3.34,0.00,666
64.156,16.66,0.10,1.03,4.50,3.34,3.02,666
64.172,16.67,0.11,1.03,0.42,3.35,0.00,668
64.189,16.67,0.11,1.02,4.39,3.38,2.92,668
64.206,16.66,0.11,1.04,0.44,3.37,0.00,667
64.222,16.67,0.10,1.02,4.35,3.37,2.90,669
64.239,16.68,0.11,1.03,0.46,3.37,0.00,670
64.256,16.65,0.11,1.02,4.45,3.36,2.96,671
64.272,16.68,0.10,1.03,0.41,3.40,0.00,671
64.289,16.66,0.10,1.01,4.42,3.38,2.92,672
64.306,16.67,0.10,1.03,0.43,3.38,0.00,672
64.322,16.67,0.11,1.01,4.39,3.37,2.91,671
64.339,16.67,0.11,1.01,0.41,3.37,0.00,671
64.356,16.66,0.10,0.93,4.37,3.39,2.91,673
64.372,16.67,0.11,0.93,0.46,3.40,0.00,669
64.389,16.66,0.23,1.04,4.39,3.37,2.88,700
64.406,16.67,0.10,1.06,0.44,3.49,0.00,705
64.422,16.68,0.10,1.03,4.43,3.55,2.98,705
64.439,16.65,0.10,1.05,0.45,3.56,0.00,704
64.456,16.69,0.09,1.03,4.26,3.55,2.83,705
64.472,16.65,0.11,1.05,0.44,3.54,0.00,703
64.489,16.67,0.11,1.05,4.35,3.52,2.90,701
64.506,16.67,0.11,1.05,0.47,3.50,0.00,700
64.522,16.66,0.10,1.02,4.33,3.51,2.87,697
64.539,16.68,0.10,1.05,0.44,3.51,0.00,697
64.556,16.75,0.09,1.03,4.31,3.50,2.85,696
64.572,16.59,0.11,1.07,0.48,3.47,0.00,696
64.589,16.66,0.10,1.02,4.39,3.46,2.92,696
64.606,16.68,0.11,1.01,0.48,3.48,0.00,695
64.622,16.68,0.10,1.01,4.45,3.47,2.94,692
64.639,16.65,0.11,0.99,0.47,3.46,0.00,694
64.656,16.67,0.10,1.00,4.33,3.45,2.85,694
64.672,16.66,0.16,1.33,0.43,3.45,0.00,746
64.689,16.67,0.15,1.29,4.65,4.35,3.15,746
64.706,16.66,0.15,1.33,0.41,4.34,0.00,746
64.722,16.67,0.14,1.31,4.36,4.33,2.88,745
64.739,16.75,0.14,1.32,0.44,4.33,0.00,744
64.756,16.59,0.14,1.33,4.40,4.31,2.90,743
64.772,16.65,0.16,1.34,0.42,4.30,0.00,743
64.789,16.67,0.15,1.33,4.38,4.30,2.90,744
64.806,16.67,0.15,1.35,0.43,4.32,0.00,743
64.822,16.67,0.16,1.32,4.40,4.32,2.90,740
64.839,16.67,0.16,1.35,0.44,4.32,0.00,738
64.856,16.67,0.15,1.32,4.36,4.34,2.89,737
64.872,16.67,0.18,1.39,0.44,4.36,0.00,734
64.889,16.67,0.13,1.34,4.44,4.34,2.93,730
64.906,16.67,0.12,1.35,0.41,4.33,0.00,724
64.922,16.68,0.11,1.32,4.35,4.31,2.86,725
64.939,16.66,0.13,1.36,0.41,4.40,0.00,724
64.956,16.69,0.12,1.35,4.17,4.38,2.97,723
64.972,16.64,0.13,1.36,0.49,4.36,0.00,720
64.989,16.66,0.12,1.32,4.40,4.37,2.87,718
65.006,16.67,0.12,1.35,0.44,4.36,0.00,716
65.022,16.67,0.13,1.32,4.43,3.87,2.92,717
65.039,16.71,0.12,1.35,0.45,3.88,0.00,717
65.056,16.64,0.11,1.33,4.44,3.87,2.94,715
65.072,16.68,0.13,1.36,0.49,3.86,0.00,714
65.089,16.66,0.11,1.30,4.47,3.27,2.92,714
65.106,16.66,0.11,1.33,0.43,3.31,0.00,713
65.122,16.67,0.11,1.39,4.44,3.30,2.94,712
65.139,16.68,0.13,1.34,0.43,3.28,0.00,713
65.156,16.66,0.12,1.34,4.35,3.27,2.86,709
65.172,16.66,0.12,1.33,0.43,3.27,0.00,708
65.189,16.68,0.10,1.31,4.34,3.27,2.88,706
65.206,16.65,0.12,1.32,0.43,3.28,0.00,704
65.222,16.68,0.10,1.35,4.45,3.26,2.99,706
65.239,16.66,0.13,1.34,0.47,3.25,0.00,704
65.256,16.67,0.15,1.51,4.70,3.23,3.25,719
65.272,16.66,0.14,1.45,0.43,3.27,0.00,720
65.289,16.67,0.14,1.47,4.36,3.27,2.90,719
65.306,16.67,0.15,1.45,0.43,3.27,0.00,717
65.322,16.68,0.14,1.49,4.46,3.28,2.95,716
65.339,16.66,0.13,1.45,0.44,3.30,0.00,716
65.356,16.66,0.12,1.46,4.43,3.31,2.92,714
65.372,16.68,0.11,1.50,0.45,3.32,0.00,711
65.389,16.65,0.11,1.46,4.45,3.29,2.94,709
65.406,16.67,0.12,1.48,0.43,3.32,0.00,707
65.422,16.67,0.12,1.45,4.35,3.31,2.87,706
65.439,16.66,0.12,1.49,0.43,3.35,0.00,704
65.456,16.67,0.11,1.45,4.36,3.34,2.88,706
65.472,16.66,0.11,1.19,0.49,3.35,0.00,688
65.489,16.77,0.11,1.17,4.51,3.35,2.97,689
65.506,16.57,0.11,1.19,0.47,3.36,0.00,688
65.522,16.67,0.11,1.16,4.46,3.38,2.90,688
65.539,16.67,0.12,1.19,0.53,3.40,0.00,687
65.556,16.68,0.10,1.17,4.43,3.40,2.92,688
65.572,16.65,0.12,1.18,0.47,3.41,0.00,691
65.589,16.76,0.10,1.15,4.46,3.41,2.92,693
65.606,16.59,0.10,1.17,0.48,3.46,0.00,694
65.622,16.66,0.12,1.17,4.50,3.46,2.96,694
65.639,16.68,0.11,1.23,0.42,3.46,0.00,696
65.656,16.66,0.12,1.20,4.38,3.46,2.86,696
65.672,16.66,0.11,1.22,0.43,3.48,0.00,696
65.689,16.69,0.11,1.19,4.41,3.51,2.92,696
65.706,16.66,0.11,1.23,0.45,3.52,0.00,697
65.722,16.68,0.12,1.21,4.39,3.52,2.90,697
65.739,16.68,0.12,1.24,0.48,3.53,0.00,699
65.756,16.64,0.11,1.21,4.51,3.53,3.02,700
65.772,16.67,0.11,1.23,0.44,3.57,0.00,700
65.789,16.67,0.11,1.19,4.37,3.57,2.88,698
65.806,16.70,0.10,1.18,0.45,3.57,0.00,697
65.822,16.63,0.11,1.20,4.43,3.56,2.92,697
65.839,16.66,0.11,1.19,0.43,3.56,0.00,698
65.856,16.67,0.11,1.15,4.37,3.63,2.89,699
65.872,16.67,0.11,1.19,0.41,3.64,0.00,701
65.889,16.67,0.11,1.19,4.34,3.65,2.85,702
65.906,16.67,0.11,1.21,0.44,3.66,0.00,704
65.922,16.67,0.11,1.19,4.35,3.68,2.86,705
65.939,16.66,0.11,1.20,0.42,3.65,0.00,704
65.956,16.67,0.10,1.18,4.35,3.66,2.88,705
65.972,16.67,0.10,1.21,0.44,3.66,0.00,706
65.989,16.68,0.09,1.18,4.48,3.65,2.93,707
66.006,16.66,0.12,1.20,0.43,3.65,0.00,707
66.022,16.67,0.10,1.18,4.43,3.67,2.97,705
66.039,16.67,0.12,1.19,0.46,3.66,0.00,705
66.056,16.68,0.12,1.22,4.48,3.65,2.96,704
66.072,16.66,0.11,1.21,0.46,3.65,0.00,702
66.089,16.75,0.10,1.23,4.53,3.64,2.97,698
66.106,16.59,0.11,1.23,0.46,3.66,0.00,698
66.122,16.67,0.10,1.15,4.41,3.64,2.91,697
66.139,16.68,0.12,1.17,0.50,3.63,0.00,693
66.156,16.66,0.10,1.15,4.47,3.61,2.93,691
66.172,16.68,0.09,1.14,0.47,3.61,0.00,690
66.189,16.69,0.09,1.13,4.40,3.26,2.89,690
66.206,16.64,0.10,1.14,0.48,3.25,0.00,688
66.222,16.67,0.10,1.12,4.39,3.24,2.90,688
66.239,16.70,0.09,1.14,0.48,3.24,0.00,689
66.256,16.64,0.11,1.14,4.49,3.20,2.93,689
66.272,16.66,0.11,1.13,0.47,3.24,0.00,689
66.289,16.67,0.10,1.10,4.49,3.21,2.97,690
66.306,16.68,0.11,1.15,0.50,3.22,0.00,690
66.322,16.67,0.09,1.11,4.44,3.20,2.92,689
66.339,16.65,0.11,1.14,0.48,3.19,0.00,689
66.356,16.67,0.10,1.02,4.47,3.17,2.96,689
66.372,16.67,0.10,1.07,0.50,3.20,0.00,690
66.389,16.67,0.23,1.18,4.45,3.18,2.93,714
66.406,16.67,0.11,1.18,0.44,3.36,0.00,726
66.422,16.67,0.11,1.14,4.30,3.49,2.84,723
66.439,16.66,0.12,1.18,0.43,3.49,0.00,723
66.456,16.67,0.10,1.17,4.33,3.51,2.89,723
66.472,16.68,0.12,1.18,0.44,3.51,0.00,723
66.489,16.66,0.11,1.17,4.43,3.50,2.94,722
66.506,16.68,0.11,1.18,0.44,3.50,0.00,721
66.522,16.66,0.11,1.13,4.41,3.49,2.94,721
66.539,16.66,0.11,1.18,0.43,3.52,0.00,720
66.556,16.70,0.12,1.18,4.60,3.50,3.05,721
66.572,16.68,0.12,1.20,0.50,3.48,0.00,720
66.589,16.67,0.11,1.20,4.53,3.48,2.97,718
66.606,16.67,0.12,1.19,0.47,3.47,0.00,717
66.622,16.64,0.10,1.17,4.54,3.48,2.99,714
66.639,16.69,0.10,0.93,0.50,3.47,0.00,708
66.656,16.67,0.10,0.94,4.47,3.44,2.91,708
66.672,16.64,0.16,0.93,0.51,3.43,0.00,707
66.689,16.69,0.13,0.91,4.54,3.44,2.98,705
66.706,16.64,0.12,0.92,0.52,3.45,0.00,703
66.722,16.69,0.11,0.87,4.60,3.40,3.00,692
66.739,16.69,0.10,0.87,0.55,3.40,0.00,688
66.756,16.64,0.12,0.81,4.61,3.38,3.03,685
66.772,16.67,0.12,0.84,0.44,3.01,0.00,682
66.789,16.66,0.12,0.82,4.55,2.99,3.01,682
66.806,16.70,0.10,0.85,0.53,2.97,0.00,680
66.822,16.64,0.11,0.83,4.67,2.97,3.14,679
66.839,16.69,0.11,0.85,0.50,2.96,0.00,677
66.856,16.71,0.08,0.63,3.76,2.94,2.59,676
66.872,16.68,0.10,0.86,0.50,2.95,0.00,674
66.889,16.61,0.10,0.82,4.52,2.94,3.00,675
66.906,16.65,0.10,0.82,0.50,2.92,0.00,669
66.922,16.68,0.11,0.84,4.61,2.91,3.08,667
66.939,16.66,0.12,0.84,0.48,2.89,0.00,665
66.956,16.74,0.10,0.86,4.49,2.91,2.92,663
66.972,16.59,0.11,0.83,0.52,2.88,0.00,659
66.989,16.70,0.11,0.83,4.51,2.86,2.95,657
67.006,16.64,0.11,0.86,0.50,2.85,0.00,653
67.022,16.69,0.12,0.83,4.59,2.83,3.06,650
67.039,16.68,0.11,0.84,0.48,2.85,0.00,644
67.056,16.66,0.09,0.84,4.48,2.82,2.96,641
67.072,16.63,0.10,0.84,0.43,2.81,0.00,641
67.089,16.67,0.10,0.79,4.50,2.80,3.02,641
67.106,16.67,0.12,0.83,0.48,2.78,0.00,639
67.122,16.66,0.10,0.80,4.46,2.80,2.97,636
67.139,16.67,0.11,0.83,0.45,2.78,0.00,632
67.156,16.67,0.09,0.78,4.31,2.77,2.87,630
67.172,16.66,0.11,0.83,0.43,2.77,0.00,630
67.189,16.67,0.10,0.81,4.35,2.76,2.90,625
67.206,16.66,0.10,0.83,0.41,2.77,0.00,623
67.222,16.67,0.10,0.65,4.32,2.76,2.88,601
67.239,16.67,0.10,0.67,0.43,2.73,0.00,601
67.256,16.66,0.10,0.65,4.42,2.72,2.94,599
67.272,16.67,0.14,0.91,0.42,2.71,0.00,648
67.289,16.67,0.11,0.87,5.18,3.64,3.69,642
67.306,16.68,0.11,0.92,0.43,3.62,0.00,639
67.322,16.66,0.12,0.88,4.45,3.61,2.94,634
67.339,16.67,0.13,0.92,0.43,3.60,0.00,631
67.356,16.66,0.11,0.88,4.42,3.59,2.95,626
67.372,16.66,0.12,0.91,0.44,3.64,0.00,620
67.389,16.67,0.13,0.91,4.44,3.65,2.95,647
67.406,16.66,0.12,0.93,0.42,3.67,0.00,643
67.422,16.68,0.10,0.89,4.38,3.69,2.90,643
67.439,16.67,0.12,0.92,0.43,3.69,0.00,635
67.456,16.66,0.11,0.88,4.42,3.66,2.94,628
67.472,16.66,0.11,0.91,0.41,3.65,0.00,620
67.489,16.68,0.10,0.87,4.33,3.65,2.85,616
67.506,16.67,0.12,0.93,0.43,3.64,0.00,612
67.522,16.67,0.10,0.88,4.39,3.63,2.92,603
67.539,16.65,0.12,0.91,0.41,3.67,0.00,599
67.556,16.68,0.10,0.89,4.36,3.65,2.90,596
67.572,16.65,0.11,0.91,0.41,3.65,0.00,585
67.589,16.68,0.11,0.87,4.36,3.63,2.90,574
67.606,16.68,0.12,0.93,0.43,3.61,0.00,568
67.622,16.67,0.10,0.91,4.69,3.62,3.14,553
67.639,16.66,0.09,0.70,0.38,3.58,0.00,531
67.656,16.67,0.12,0.89,4.50,3.55,3.01,496
67.672,16.66,0.11,0.90,0.43,3.50,0.00,367
67.689,16.67,0.11,0.88,4.37,2.70,2.90,366
67.706,16.66,0.11,0.90,0.40,2.73,0.00,366
67.722,16.67,0.11,0.87,4.38,2.72,2.91,364
67.739,16.66,0.11,0.90,0.42,2.72,0.00,364
67.756,16.67,0.11,0.89,4.39,2.70,2.93,362
67.772,16.67,0.11,0.90,0.41,2.70,0.00,362
67.789,16.67,0.10,0.87,4.36,2.73,2.89,361
67.806,16.69,0.10,0.91,0.42,2.72,0.00,359
67.822,16.65,0.10,0.87,4.38,2.71,2.94,359
67.839,16.66,0.11,0.89,0.41,2.70,0.00,359
67.856,16.67,0.10,0.86,4.35,2.71,2.90,359
67.872,16.67,0.10,0.90,0.41,2.72,0.00,358
67.889,16.66,0.10,0.89,4.51,2.72,3.03,358
67.906,16.67,0.11,0.89,0.40,2.71,0.00,357
67.922,16.67,0.10,0.85,4.35,2.71,2.88,355
67.939,16.67,0.09,0.91,0.41,2.70,0.00,355
67.956,16.68,0.09,0.85,4.35,2.72,2.90,354
67.973,16.67,0.10,0.89,0.41,2.71,0.00,352
67.989,16.66,0.10,0.85,4.41,2.71,2.95,350
68.006,16.69,0.10,0.88,0.44,2.70,0.00,350
68.023,16.73,0.10,0.89,4.49,2.68,2.97,350
68.039,16.59,0.11,0.90,0.44,2.72,0.00,349
68.056,16.66,0.04,0.35,2.67,2.70,2.00,349
68.073,16.68,0.04,0.30,0.24,2.70,0.00,347
68.089,16.71,0.10,0.91,4.71,2.69,3.13,346
68.106,16.65,0.12,0.94,0.30,2.70,0.00,346
68.123,16.68,0.11,0.91,4.72,2.72,3.18,345
68.139,16.67,0.10,0.88,0.51,2.71,0.00,345
68.156,16.67,0.09,0.88,4.67,2.71,3.18,344
68.173,16.67,0.09,0.89,0.53,2.71,0.00,343
68.189,16.75,0.10,0.90,4.68,2.70,3.10,343
68.206,16.58,0.10,0.89,0.51,2.73,0.00,342
68.223,16.65,0.11,0.89,4.53,2.73,3.01,338
68.239,16.68,0.11,0.89,0.42,2.72,0.00,337
68.256,16.65,0.10,0.87,4.45,2.70,2.96,337
68.273,16.66,0.11,0.88,0.41,2.69,0.00,335
68.289,16.67,0.10,0.84,4.38,2.71,2.91,333
68.306,16.70,0.09,0.88,0.41,2.71,0.00,333
68.323,16.64,0.10,0.84,4.37,2.71,2.93,333
68.339,16.68,0.11,0.88,0.40,2.71,0.00,333
68.356,16.66,0.10,0.79,4.34,2.69,2.90,333
68.373,16.66,0.10,0.81,0.39,2.74,0.00,333
68.389,16.68,0.25,0.90,4.47,2.73,2.96,348
68.406,16.66,0.11,0.91,0.41,2.80,0.00,355
68.423,16.67,0.10,0.87,4.42,2.90,2.97,354
68.439,16.67,0.11,0.91,0.42,2.90,0.00,353
68.456,16.67,0.10,0.87,4.35,2.93,2.88,353
68.473,16.66,0.11,0.90,0.40,2.91,0.00,352
68.489,16.70,0.09,0.87,4.37,2.89,2.91,352
68.506,16.65,0.12,0.92,0.42,2.88,0.00,350
68.523,16.67,0.11,0.87,4.37,2.87,2.91,349
68.539,16.67,0.19,0.92,0.43,2.90,0.00,352
68.556,16.68,0.09,0.90,4.52,2.88,3.05,435
68.573,16.65,0.10,0.94,0.41,2.96,0.00,465
68.589,16.76,0.09,0.92,4.31,2.98,2.85,482
68.606,16.58,0.11,0.94,0.43,3.00,0.00,467
68.623,16.66,0.11,0.89,4.40,3.01,2.93,467
68.639,16.68,0.11,0.94,0.44,3.02,0.00,460
68.656,16.66,0.11,0.89,4.41,2.99,2.93,455
68.673,16.66,0.10,0.93,0.39,2.99,0.00,455
68.689,16.67,0.11,0.89,4.46,2.99,3.00,454
68.706,16.66,0.11,0.93,0.42,3.01,0.00,447
68.723,16.67,0.10,0.90,4.37,2.99,2.92,445
68.739,16.66,0.11,0.92,0.40,2.98,0.00,444
68.756,16.68,0.11,0.93,4.39,2.97,2.91,444
68.773,16.66,0.10,0.91,0.41,2.97,0.00,428
68.789,16.67,0.10,0.87,4.31,2.60,2.87,427
68.806,16.67,0.10,0.91,0.40,2.59,0.00,418
68.823,16.74,0.09,0.91,4.39,2.56,2.92,418
68.839,16.59,0.11,0.93,0.40,2.57,0.00,416
68.856,16.68,0.09,0.88,4.36,2.54,2.91,413
68.873,16.65,0.10,0.92,0.41,2.57,0.00,411
68.889,16.68,0.11,0.89,4.38,2.55,2.92,411
68.906,16.66,0.10,0.91,0.41,2.56,0.00,410
68.923,16.67,0.10,0.90,4.43,2.53,2.94,408
68.939,16.66,0.11,0.91,0.42,2.54,0.00,405
68.956,16.69,0.09,0.87,4.49,2.56,3.03,405
68.973,16.65,0.10,0.90,0.40,2.56,0.00,404
68.989,16.68,0.08,0.87,4.30,2.54,2.85,403
69.006,16.68,0.10,0.92,0.45,2.54,0.00,374
69.023,16.64,0.12,1.19,4.58,2.51,3.11,400
69.039,16.66,0.12,1.18,0.42,3.31,0.00,477
69.056,16.67,0.11,1.16,4.39,3.39,2.93,504
69.073,16.66,0.11,1.19,0.44,3.44,0.00,528
69.089,16.67,0.10,1.17,4.35,3.45,2.85,543
69.106,16.67,0.12,1.21,0.42,3.47,0.00,556
69.123,16.66,0.11,1.21,4.44,3.48,2.96,568
69.139,16.69,0.12,1.31,0.43,3.51,0.00,577
69.156,16.63,0.08,0.91,4.02,3.53,2.55,584
69.173,16.68,0.08,0.93,0.34,3.55,0.00,595
69.189,16.69,0.11,1.23,4.46,3.58,2.93,605
69.206,16.65,0.12,1.25,0.45,3.64,0.00,615
69.223,16.67,0.11,1.21,4.55,3.64,3.05,620
69.239,16.66,0.12,1.05,0.42,3.67,0.00,616
69.256,16.77,0.11,1.07,4.42,3.66,2.94,622
69.273,16.57,0.08,0.79,0.33,3.68,0.00,625
69.289,16.67,0.08,0.76,4.33,3.72,2.83,628
69.306,16.66,0.09,0.79,0.35,3.73,0.00,628
69.323,16.73,0.08,0.77,4.01,3.75,2.52,633
69.339,16.60,0.08,0.78,0.35,3.78,0.00,637
69.356,16.67,0.08,0.77,4.31,3.77,2.88,637
69.373,16.67,0.07,0.79,0.35,3.81,0.00,641
69.389,16.67,0.07,0.79,4.08,3.82,2.62,641
69.406,16.67,0.08,0.78,0.31,3.83,0.00,646
69.423,16.73,0.07,0.76,3.98,3.85,2.51,645
69.439,16.61,0.11,1.07,0.45,3.28,0.00,646
69.456,16.66,0.11,1.03,4.48,3.31,3.02,647
69.473,16.66,0.11,1.07,0.43,3.32,0.00,647
69.489,16.69,0.09,1.03,4.45,3.32,3.01,649
69.506,16.69,0.10,1.06,0.45,3.33,0.00,649
69.523,16.61,0.08,0.76,4.02,3.32,2.57,650
69.539,16.74,0.07,0.80,0.34,3.36,0.00,650
69.556,16.61,0.11,1.06,4.42,3.34,2.93,649
69.573,16.68,0.11,1.07,0.46,3.35,0.00,649
69.589,16.68,0.10,1.05,4.42,3.34,2.93,650
69.606,16.65,0.11,1.07,0.42,3.34,0.00,649
69.623,16.66,0.11,1.03,4.40,3.44,2.93,648
69.639,16.66,0.11,1.07,0.43,3.44,0.00,662
69.656,16.70,0.10,1.05,4.44,3.45,2.94,666
69.673,16.64,0.11,1.07,0.42,3.47,0.00,664
69.689,16.67,0.11,1.03,4.35,3.47,2.89,665
69.706,16.67,0.11,1.07,0.44,3.47,0.00,667
69.723,16.75,0.09,1.04,4.37,3.46,2.88,669
69.739,16.59,0.10,1.06,0.45,3.48,0.00,670
69.756,16.67,0.10,1.04,4.48,3.49,3.01,670
69.773,16.69,0.12,1.08,0.43,3.47,0.00,671
69.789,16.65,0.10,1.06,4.42,3.50,2.94,669
69.806,16.66,0.11,1.06,0.45,3.49,0.00,672
69.823,16.67,0.10,1.01,4.33,3.49,2.89,671
69.839,16.66,0.10,1.05,0.40,3.49,0.00,670
69.856,16.68,0.10,1.04,4.36,3.48,2.89,672
69.873,16.67,0.10,1.04,0.41,3.53,0.00,669
69.889,16.66,0.12,1.03,4.44,3.51,2.96,671
69.906,16.68,0.11,1.07,0.43,3.51,0.00,669
69.923,16.65,0.10,1.04,4.37,3.49,2.91,668
69.939,16.67,0.10,1.05,0.42,3.50,0.00,669
69.956,16.67,0.10,1.02,4.32,3.53,2.89,669
69.973,16.67,0.10,1.06,0.42,3.53,0.00,670
69.989,16.68,0.09,1.01,4.27,3.52,2.84,669
70.006,16.65,0.10,1.05,0.43,3.52,0.00,670
70.023,16.76,0.09,1.03,4.45,3.50,3.00,669
70.039,16.58,0.10,1.05,0.44,3.53,0.00,670
70.056,16.67,0.10,1.02,4.38,3.52,2.90,670
70.073,16.66,0.10,1.04,0.41,3.52,0.00,672
70.089,16.67,0.10,1.00,4.32,3.51,2.88,673
70.106,16.67,0.10,1.04,0.43,3.51,0.00,673
70.123,16.67,0.10,0.99,4.29,3.54,2.86,673
70.139,16.67,0.11,1.04,0.43,3.53,0.00,669
70.156,16.67,0.11,1.04,4.36,3.51,2.91,669
70.173,16.67,0.10,1.04,0.41,3.51,0.00,670
70.189,16.66,0.10,1.03,4.38,3.49,2.93,672
70.206,16.66,0.10,1.03,0.43,3.52,0.00,673
70.223,16.68,0.10,1.00,4.35,3.51,2.88,671
70.239,16.68,0.10,1.04,0.46,3.51,0.00,672
70.256,16.65,0.10,1.01,4.40,3.49,2.94,672
70.273,16.67,0.11,1.03,0.42,3.49,0.00,670
70.289,16.66,0.10,1.02,4.45,3.50,2.98,670
70.306,16.69,0.09,1.04,0.46,3.50,0.00,667
70.323,16.66,0.09,0.98,4.65,3.49,3.08,668
70.339,16.68,0.13,1.06,0.42,3.46,0.00,667
70.356,16.64,0.07,0.69,4.07,3.44,2.56,664
70.373,16.72,0.11,0.94,0.50,3.46,0.00,663
70.389,16.63,0.24,0.99,4.42,3.45,2.94,681
70.406,16.67,0.11,1.02,0.52,3.56,0.00,687
70.423,16.66,0.11,1.02,5.15,3.66,3.67,682
70.439,16.69,0.12,1.03,0.46,3.65,0.00,679
70.456,16.65,0.09,1.00,4.34,3.66,2.89,678
70.473,16.67,0.09,1.01,0.41,3.64,0.00,677
70.489,16.69,0.09,1.02,4.38,3.63,2.89,677
70.506,16.65,0.11,1.03,0.45,3.60,0.00,674
70.523,16.66,0.11,0.98,4.40,3.58,2.92,668
70.539,16.67,0.10,1.00,0.46,3.22,0.00,668
70.556,16.69,0.10,0.97,4.46,3.20,2.99,667
70.573,16.65,0.10,0.98,0.42,3.17,0.00,654
70.589,16.76,0.09,0.98,4.43,3.13,2.93,654
70.606,16.57,0.10,0.99,0.43,3.12,0.00,651
70.623,16.67,0.10,0.97,4.39,3.11,2.90,648
70.639,16.66,0.10,0.99,0.41,3.09,0.00,648
70.656,16.67,0.10,0.97,4.44,3.08,2.94,644
70.673,16.67,0.10,0.99,0.43,3.06,0.00,642
70.689,16.68,0.09,0.97,4.39,3.05,2.91,641
70.706,16.65,0.10,0.98,0.41,3.06,0.00,641
70.723,16.67,0.09,0.95,4.37,3.04,2.90,640
70.739,16.74,0.09,1.00,0.42,3.05,0.00,638
70.756,16.60,0.10,0.96,4.41,3.02,2.94,637
70.773,16.68,0.11,0.99,0.45,3.00,0.00,635
70.789,16.67,0.08,0.95,4.35,3.01,2.88,634
70.806,16.66,0.10,0.98,0.42,3.01,0.00,634
70.823,16.66,0.10,0.96,4.51,2.99,3.03,633
70.839,16.67,0.10,0.98,0.43,2.98,0.00,632
70.856,16.68,0.09,0.95,4.35,2.96,2.91,630
70.873,16.66,0.10,0.99,0.42,2.98,0.00,628
70.889,16.69,0.08,0.96,4.34,2.95,2.88,627
70.906,16.65,0.10,0.99,0.45,2.95,0.00,624
70.923,16.66,0.10,0.95,4.35,2.93,2.91,623
70.939,16.66,0.11,0.98,0.43,2.93,0.00,622
70.956,16.68,0.09,0.95,4.31,2.94,2.88,621
70.973,16.68,0.10,0.98,0.43,2.93,0.00,614
70.989,16.68,0.08,0.66,4.43,2.91,2.95,583
71.006,16.64,0.10,0.71,0.42,2.88,0.00,583
71.023,16.67,0.13,0.97,4.64,2.86,3.14,632
71.039,16.68,0.11,0.98,0.42,3.73,0.00,629
71.056,16.67,0.12,0.97,4.37,3.71,2.89,630
71.073,16.66,0.12,0.99,0.43,3.73,0.00,629
71.089,16.68,0.10,0.96,4.48,3.72,3.00,629
71.106,16.66,0.12,0.99,0.45,3.73,0.00,630
71.123,16.68,0.10,0.95,4.33,3.74,2.88,628
71.139,16.65,0.12,0.99,0.43,3.73,0.00,629
71.156,16.67,0.12,0.97,4.45,3.72,2.96,628
71.173,16.69,0.12,1.00,0.43,3.73,0.00,629
71.189,16.65,0.12,0.96,4.42,3.72,2.94,631
71.206,16.67,0.12,0.99,0.41,3.76,0.00,630
71.223,16.68,0.10,0.96,4.35,3.75,2.88,629
71.239,16.67,0.11,0.98,0.44,3.75,0.00,630
71.256,16.68,0.10,0.96,4.41,3.74,2.92,628
71.273,16.68,0.12,1.00,0.47,3.74,0.00,629
71.289,16.64,0.11,0.96,4.43,3.84,2.94,627
71.306,16.66,0.11,0.98,0.43,3.84,0.00,626
71.323,16.67,0.11,0.96,4.38,3.85,2.91,652
71.339,16.67,0.12,0.99,0.44,3.91,0.00,654
71.356,16.66,0.11,0.95,4.47,3.91,3.01,655
71.373,16.66,0.11,0.98,0.42,3.87,0.00,657
71.390,16.71,0.10,0.95,4.34,3.86,2.88,655
71.406,16.64,0.12,0.99,0.48,3.85,0.00,656
71.423,16.65,0.11,0.94,4.35,3.86,2.88,652
71.439,16.67,0.11,0.96,0.48,3.30,0.00,651
71.456,16.68,0.11,0.97,4.43,3.31,2.93,652
71.473,16.66,0.11,0.97,0.46,3.31,0.00,654
71.489,16.70,0.10,0.94,4.37,3.30,2.90,655
71.506,16.65,0.10,0.97,0.46,3.30,0.00,656
71.523,16.66,0.12,0.98,4.43,3.30,2.93,655
71.539,16.66,0.11,0.98,0.42,3.32,0.00,654
71.556,16.67,0.11,0.94,4.43,3.32,2.94,654
71.573,16.67,0.10,0.97,0.43,3.32,0.00,655
71.590,16.75,0.09,0.97,4.41,3.31,2.91,657
71.606,16.59,0.11,0.96,0.43,3.30,0.00,658
71.623,16.66,0.11,0.95,4.48,3.33,2.99,657
71.639,16.66,0.11,0.97,0.41,3.33,0.00,657
71.656,16.69,0.10,0.95,4.42,3.32,2.93,659
71.673,16.66,0.11,0.98,0.47,3.33,0.00,659
71.689,16.67,0.11,0.94,4.47,3.33,2.96,659
71.706,16.66,0.10,0.97,0.48,3.35,0.00,658
71.723,16.66,0.10,0.95,4.49,3.35,3.00,657
71.739,16.67,0.11,0.97,0.46,3.36,0.00,656
71.756,16.68,0.11,0.95,4.46,3.34,2.94,655
71.773,16.65,0.11,0.96,0.46,3.36,0.00,655
71.790,16.68,0.09,0.92,4.41,3.37,2.93,655
71.806,16.66,0.10,0.96,0.42,3.38,0.00,656
71.823,16.67,0.10,0.92,4.40,3.37,2.91,656
71.839,16.67,0.10,0.95,0.43,3.39,0.00,655
71.856,16.67,0.11,0.92,4.39,3.37,2.92,652
71.873,16.66,0.11,0.95,0.40,3.42,0.00,653
71.890,16.69,0.09,0.94,4.65,3.40,3.16,652
71.906,16.67,0.11,0.96,0.47,3.40,0.00,651
71.923,16.64,0.11,0.94,4.43,3.41,2.94,651
71.940,16.66,0.11,0.95,0.43,3.41,0.00,650
71.956,16.69,0.09,0.92,4.37,3.42,2.89,653
71.973,16.65,0.11,0.96,0.43,3.44,0.00,653
71.990,16.68,0.10,0.92,4.39,3.43,2.91,655
72.006,16.66,0.11,0.94,0.44,3.44,0.00,653
72.023,16.67,0.11,0.92,4.39,3.42,2.91,654
72.040,16.67,0.10,0.94,0.42,3.47,0.00,655
72.056,16.68,0.10,0.92,4.39,3.45,2.92,653
72.073,16.68,0.09,0.95,0.45,3.45,0.00,653
72.090,16.66,0.10,0.91,4.40,3.44,2.94,653
72.106,16.66,0.11,0.95,0.42,3.45,0.00,652
72.123,16.69,0.09,0.91,4.38,3.48,2.91,652
72.140,16.65,0.10,0.94,0.40,3.47,0.00,651
72.156,16.67,0.10,0.91,4.50,3.46,3.01,651
72.173,16.66,0.10,0.93,0.41,3.45,0.00,652
72.190,16.69,0.09,0.89,4.41,3.43,2.93,651
72.206,16.65,0.10,0.93,0.41,3.46,0.00,653
72.223,16.67,0.10,0.89,4.40,3.44,2.93,651
72.240,16.66,0.10,0.92,0.43,3.42,0.00,649
72.256,16.67,0.09,0.88,4.36,3.41,2.89,650
72.273,16.67,0.11,0.92,0.44,3.38,0.00,650
72.290,16.67,0.10,0.90,4.42,3.38,2.93,648
72.306,16.66,0.10,0.92,0.42,3.36,0.00,647
72.323,16.69,0.08,0.88,4.37,3.34,2.90,645
72.340,16.65,0.10,0.92,0.42,3.34,0.00,646
72.356,16.69,0.09,0.84,4.39,3.31,2.91,643
72.373,16.65,0.10,0.86,0.41,3.35,0.00,641
72.390,16.68,0.23,0.91,4.41,3.31,2.92,660
72.406,16.67,0.11,0.94,0.47,3.46,0.00,664
72.423,16.66,0.10,0.91,4.53,3.52,3.04,659
72.440,16.67,0.11,0.92,0.45,3.49,0.00,656
72.456,16.68,0.08,0.88,4.39,3.50,2.91,652
72.473,16.70,0.09,0.92,0.44,3.48,0.00,651
72.490,16.64,0.10,0.92,4.45,3.46,2.96,641
72.506,16.65,0.10,0.92,0.44,3.43,0.00,636
72.523,16.68,0.11,0.86,4.42,3.41,2.93,629
72.540,16.66,0.10,0.90,0.41,3.01,0.00,629
72.556,16.67,0.10,0.84,4.32,3.00,2.86,625
72.573,16.66,0.10,0.88,0.42,2.98,0.00,622
72.590,16.76,0.08,0.85,4.33,2.96,2.87,620
72.606,16.59,0.10,0.89,0.41,2.96,0.00,617
72.623,16.68,0.09,0.86,4.50,2.96,2.98,616
72.640,16.69,0.10,0.91,0.51,2.95,0.00,611
72.656,16.64,0.12,0.88,4.53,2.92,2.98,608
72.673,16.66,0.10,0.89,0.42,2.92,0.00,605
72.690,16.69,0.09,0.86,4.49,2.91,3.01,601
72.706,16.66,0.11,0.88,0.42,2.92,0.00,600
72.723,16.67,0.10,0.85,4.40,2.91,2.91,598
72.740,16.66,0.10,0.89,0.41,2.90,0.00,597
72.756,16.67,0.10,0.85,4.38,2.88,2.91,596
72.773,16.70,0.10,0.88,0.44,2.88,0.00,591
72.790,16.63,0.10,0.86,4.40,2.88,2.91,589
72.806,16.70,0.10,0.87,0.42,2.88,0.00,586
72.823,16.64,0.09,0.83,4.33,2.87,2.88,583
72.840,16.66,0.11,0.88,0.42,2.85,0.00,580
72.856,16.68,0.08,0.83,4.37,2.84,2.93,579
72.873,16.65,0.10,0.87,0.40,2.85,0.00,578
72.890,16.68,0.08,0.83,4.33,2.84,2.89,578
72.906,16.67,0.10,0.87,0.46,2.84,0.00,575
72.923,16.65,0.09,0.84,4.39,2.82,2.93,573
72.940,16.66,0.14,1.09,0.45,2.82,0.00,628
72.956,16.69,0.11,1.05,4.65,3.72,3.17,624
72.973,16.65,0.12,1.08,0.41,3.71,0.00,620
72.990,16.69,0.10,0.84,4.34,3.70,2.89,613
73.006,16.65,0.12,0.86,0.41,3.68,0.00,612
73.023,16.76,0.11,0.88,4.41,3.66,2.92,611
73.040,16.58,0.13,0.89,0.44,3.70,0.00,612
73.056,16.67,0.12,0.87,4.37,3.71,2.89,613
73.073,16.66,0.13,0.89,0.42,3.72,0.00,622
73.090,16.69,0.10,0.85,4.23,3.73,2.79,624
73.106,16.65,0.12,0.88,0.40,3.76,0.00,623
73.123,16.67,0.12,0.85,4.37,3.73,2.89,622
73.140,16.67,0.13,0.89,0.42,3.72,0.00,622
73.156,16.67,0.12,0.86,4.44,3.70,2.96,620
73.173,16.66,0.08,0.66,0.33,3.70,0.00,617
73.190,16.65,0.08,0.63,4.29,3.67,2.83,615
73.206,16.67,0.08,0.66,0.33,3.70,0.00,613
73.223,16.66,0.08,0.63,4.37,3.68,2.90,610
73.240,16.68,0.12,0.89,0.41,3.68,0.00,607
73.256,16.68,0.10,0.84,4.37,3.66,2.90,606
73.273,16.65,0.13,1.08,0.42,3.64,0.00,616
73.290,16.67,0.13,0.97,4.81,3.64,3.32,615
73.306,16.69,0.12,0.99,0.43,3.67,0.00,613
73.323,16.65,0.12,0.98,4.43,3.66,2.93,614
73.340,16.68,0.12,0.99,0.44,3.66,0.00,616
73.356,16.66,0.12,0.99,4.43,3.09,2.96,613
73.373,16.66,0.12,1.00,0.42,3.12,0.00,613
73.390,16.68,0.12,0.98,4.44,3.12,2.93,612
73.406,16.75,0.10,1.07,0.44,3.12,0.00,612
73.423,16.62,0.12,1.00,4.49,3.10,2.98,613
73.440,16.63,0.13,1.02,0.43,3.12,0.00,613
73.456,16.67,0.10,0.96,4.39,3.14,2.92,613
73.473,16.69,0.10,1.01,0.45,3.15,0.00,614
73.490,16.68,0.11,1.04,4.71,3.13,3.17,615
73.506,16.63,0.11,1.03,0.51,3.14,0.00,615
73.523,16.68,0.11,1.01,4.48,3.14,2.98,617
73.540,16.67,0.12,1.02,0.45,3.18,0.00,617
73.556,16.73,0.10,1.00,4.47,3.18,2.94,616
73.573,16.60,0.12,1.00,0.47,3.19,0.00,618
73.590,16.76,0.10,1.01,4.46,3.18,2.95,620
73.606,16.57,0.12,1.01,0.44,3.21,0.00,619
73.623,16.67,0.11,0.97,4.41,3.24,2.87,620
73.640,16.68,0.12,1.02,0.45,3.24,0.00,622
73.656,16.65,0.11,0.99,4.46,3.26,2.96,621
73.673,16.67,0.12,1.00,0.42,3.26,0.00,622
73.690,16.67,0.12,0.99,4.46,3.27,2.95,625
73.706,16.66,0.11,1.02,0.45,3.31,0.00,626
73.723,16.68,0.11,1.00,4.46,3.30,2.94,627
73.740,16.66,0.11,1.01,0.43,3.32,0.00,627
73.756,16.67,0.10,0.96,4.48,3.33,3.00,630
73.773,16.66,0.11,0.98,0.43,3.35,0.00,631
73.790,16.67,0.11,0.96,4.41,3.37,2.92,630
73.806,16.68,0.11,1.00,0.44,3.39,0.00,633
73.823,16.65,0.11,0.97,4.37,3.38,2.91,636
73.840,16.67,0.11,1.00,0.44,3.41,0.00,636
73.856,16.67,0.10,0.96,4.41,3.40,2.92,634
73.873,16.66,0.12,0.98,0.42,3.42,0.00,634
73.890,16.67,0.10,0.94,4.36,3.43,2.88,631
73.906,16.67,0.11,0.99,0.44,3.43,0.00,635
73.923,16.68,0.12,0.97,4.43,3.42,2.94,636
73.940,16.66,0.11,0.99,0.42,3.42,0.00,634
73.956,16.69,0.09,0.96,4.35,3.43,2.88,635
73.973,16.66,0.11,0.96,0.43,3.49,0.00,636
73.990,16.67,0.09,0.98,4.33,3.51,2.86,636
74.006,16.66,0.11,0.99,0.43,3.52,0.00,640
74.023,16.67,0.10,0.96,4.37,3.52,2.89,638
74.040,16.68,0.12,0.98,0.46,3.51,0.00,640
74.056,16.66,0.12,0.98,4.43,3.50,2.94,642
74.073,16.67,0.11,0.99,0.43,3.52,0.00,641
74.090,16.68,0.09,0.96,4.37,3.51,2.88,641
74.106,16.65,0.11,0.99,0.41,3.52,0.00,641
74.123,16.67,0.11,0.96,4.38,3.52,2.89,644
74.140,16.68,0.11,0.99,0.43,3.56,0.00,646
74.156,16.67,0.09,0.96,4.49,3.55,3.02,645
74.173,16.67,0.11,0.98,0.43,3.55,0.00,644
74.190,16.66,0.09,0.98,4.43,3.54,2.93,645
74.206,16.66,0.12,0.98,0.44,3.54,0.00,644
74.223,16.68,0.11,0.94,4.34,3.56,2.88,644
74.240,16.67,0.11,1.00,0.43,3.57,0.00,646
74.256,16.68,0.09,0.97,4.36,3.57,2.90,649
74.273,16.65,0.11,0.98,0.43,3.57,0.00,649
74.290,16.67,0.11,0.96,4.43,3.56,2.98,650
74.306,16.72,0.10,1.00,0.47,3.60,0.00,650
74.323,16.62,0.10,0.96,4.38,3.58,2.92,654
74.340,16.68,0.11,0.99,0.47,3.59,0.00,653
74.356,16.66,0.10,0.89,4.37,3.58,2.89,653
74.373,16.66,0.11,0.94,0.42,3.57,0.00,653
74.390,16.72,0.21,1.07,4.43,3.59,2.92,698
74.406,16.62,0.11,1.09,0.44,3.75,0.00,709
74.423,16.67,0.11,1.06,4.45,3.86,2.93,709
74.440,16.68,0.12,1.12,0.48,3.85,0.00,708
74.456,16.66,0.11,1.03,4.48,3.48,2.98,707
74.473,16.66,0.12,1.06,0.48,3.50,0.00,706
74.490,16.70,0.09,1.03,4.39,3.50,2.91,706
74.506,16.64,0.10,1.07,0.43,3.49,0.00,706
74.523,16.67,0.10,1.04,4.40,3.48,2.91,704
74.540,16.69,0.12,1.06,0.47,3.48,0.00,703
74.556,16.74,0.09,1.02,4.51,3.49,3.01,701
74.573,16.59,0.11,1.07,0.48,3.48,0.00,701
74.590,16.67,0.11,1.02,4.40,3.47,2.93,701
74.606,16.67,0.11,1.06,0.44,3.48,0.00,701
74.623,16.65,0.11,1.03,4.32,3.45,2.86,698
74.640,16.72,0.09,1.06,0.47,3.49,0.00,697
74.656,16.63,0.09,1.04,4.45,3.49,2.94,696
74.673,16.66,0.12,1.03,0.52,3.47,0.00,693
74.690,16.68,0.09,1.00,4.47,3.47,2.94,693
74.706,16.65,0.11,1.02,0.47,3.47,0.00,690
74.723,16.69,0.09,0.98,4.46,3.49,2.92,691
74.740,16.67,0.11,1.02,0.45,3.49,0.00,691
74.756,16.66,0.10,1.01,4.43,3.47,2.90,689
74.773,16.67,0.11,0.99,0.47,3.47,0.00,687
74.790,16.67,0.11,0.97,4.44,3.08,2.90,684
74.806,16.67,0.11,0.99,0.47,3.11,0.00,683
74.823,16.66,0.10,0.95,4.43,3.07,2.97,666
74.840,16.66,0.10,0.98,0.43,3.07,0.00,663
74.856,16.67,0.10,0.95,4.30,3.06,2.87,662
74.873,16.66,0.11,0.99,0.42,3.05,0.00,656
74.890,16.67,0.10,0.95,4.31,3.05,2.88,654
74.906,16.67,0.10,0.80,0.41,3.04,0.00,647
74.923,16.67,0.11,0.79,4.35,3.03,2.89,647
74.940,16.66,0.11,0.81,0.42,3.01,0.00,647
74.956,16.68,0.11,0.82,4.45,3.00,2.91,643
74.973,16.68,0.10,0.82,0.42,3.03,0.00,642
74.990,16.65,0.10,0.77,4.41,2.99,2.94,643
75.006,16.67,0.10,0.80,0.42,2.99,0.00,642
75.023,16.67,0.10,0.77,4.38,2.97,2.91,641
75.040,16.68,0.11,0.82,0.45,2.97,0.00,641
75.056,16.66,0.11,0.81,4.44,2.98,2.94,640
75.073,16.67,0.10,0.81,0.41,2.96,0.00,639
75.090,16.67,0.10,0.77,4.44,2.94,2.95,637
75.106,16.66,0.10,0.81,0.41,2.94,0.00,636
75.123,16.68,0.09,0.78,4.34,2.91,2.88,632
75.140,16.66,0.10,0.80,0.42,2.92,0.00,627
75.156,16.68,0.08,0.76,4.35,2.89,2.90,625
75.173,16.67,0.10,0.82,0.46,2.88,0.00,625
75.190,16.69,0.08,0.78,4.41,2.85,2.93,620
75.206,16.64,0.10,0.82,0.41,2.85,0.00,617
75.223,16.67,0.10,0.77,4.35,2.85,2.87,614
75.240,16.68,0.09,0.68,0.41,2.83,0.00,608
75.256,16.67,0.08,0.67,4.41,2.81,2.94,606
75.273,16.65,0.11,0.69,0.44,2.81,0.00,606
75.290,16.67,0.09,0.66,4.52,2.78,2.99,605
75.306,16.69,0.10,0.69,0.43,2.81,0.00,601
75.323,16.66,0.08,0.64,4.38,2.77,2.91,599
75.340,16.65,0.10,0.69,0.42,2.78,0.00,598
75.356,16.67,0.09,0.65,4.49,2.75,2.99,597
75.373,16.67,0.13,0.99,0.44,2.75,0.00,644
75.390,16.67,0.11,0.95,5.12,3.64,3.67,640
75.406,16.66,0.11,0.99,0.41,3.63,0.00,634
75.423,16.67,0.12,0.95,4.38,3.62,2.91,628
75.440,16.67,0.12,0.99,0.43,3.61,0.00,625
75.456,16.68,0.11,0.95,4.36,3.62,2.90,621
75.473,16.66,0.12,0.99,0.42,3.61,0.00,617
75.490,16.70,0.11,1.01,4.41,3.62,2.91,611
75.506,16.63,0.12,0.98,0.42,3.60,0.00,602
75.523,16.67,0.11,0.96,4.37,3.58,2.91,598
75.540,16.67,0.13,0.99,0.46,3.58,0.00,593
75.556,16.67,0.11,0.96,4.37,3.60,2.90,588
75.573,16.66,0.11,0.98,0.40,3.59,0.00,579
75.590,16.76,0.10,0.99,4.38,3.57,2.91,575
75.607,16.63,0.10,0.98,0.43,3.58,0.00,566
75.623,16.72,0.11,1.00,4.64,3.54,3.13,561
75.640,16.57,0.13,1.01,0.47,3.66,0.00,556
75.656,16.66,0.11,0.99,4.45,3.64,2.95,584
75.673,16.68,0.11,1.00,0.47,3.69,0.00,580
75.690,16.66,0.10,0.96,4.40,3.69,2.92,572
75.706,16.66,0.12,1.00,0.43,3.68,0.00,565
75.723,16.67,0.10,0.96,4.35,3.63,2.89,556
75.740,16.67,0.11,0.99,0.42,3.60,0.00,539
75.757,16.67,0.10,0.96,4.36,3.56,2.89,510
75.773,16.68,0.11,0.98,0.41,3.50,0.00,363
75.790,16.73,0.10,0.97,4.41,2.69,2.93,363
75.807,16.64,0.10,0.99,0.43,2.72,0.00,363
75.823,16.63,0.11,0.97,4.41,2.70,2.94,362
75.840,16.67,0.11,0.98,0.42,2.70,0.00,361
75.857,16.67,0.11,0.95,4.30,2.69,2.85,361
75.873,16.67,0.12,0.98,0.44,2.68,0.00,359
75.890,16.68,0.09,0.95,4.46,2.70,3.00,359
75.907,16.65,0.12,0.99,0.45,2.69,0.00,359
75.923,16.67,0.11,0.97,4.40,2.68,2.92,359
75.940,16.66,0.11,0.97,0.41,2.67,0.00,359
75.957,16.67,0.11,0.94,4.40,2.66,2.94,358
75.973,16.67,0.11,0.98,0.40,2.69,0.00,358
75.990,16.67,0.09,0.95,4.31,2.66,2.86,358
76.007,16.66,0.11,0.97,0.40,2.68,0.00,358
76.023,16.67,0.10,0.94,4.32,2.65,2.88,357
76.040,16.70,0.10,0.97,0.49,2.65,0.00,357
76.057,16.65,0.08,0.72,4.47,2.65,2.96,356
76.073,16.66,0.11,0.97,0.42,2.65,0.00,355
76.090,16.68,0.11,0.95,4.48,2.65,2.96,354
76.107,16.66,0.11,0.97,0.43,2.63,0.00,353
76.123,16.66,0.11,0.95,4.40,2.63,2.92,352
76.140,16.67,0.11,0.97,0.40,2.66,0.00,352
76.157,16.67,0.10,0.94,4.45,2.64,2.99,352
76.173,16.67,0.12,0.97,0.43,2.64,0.00,352
76.190,16.67,0.11,0.94,4.46,2.63,2.96,352
76.207,16.68,0.10,0.96,0.43,2.64,0.00,352
76.223,16.65,0.10,0.92,4.47,2.65,3.00,352
76.240,16.66,0.11,0.95,0.40,2.65,0.00,351
76.257,16.67,0.09,0.94,4.46,2.65,2.97,351
76.273,16.68,0.11,0.95,0.44,2.65,0.00,350
76.290,16.65,0.09,0.89,4.45,2.63,2.94,349
76.307,16.68,0.11,0.95,0.42,2.66,0.00,348
76.323,16.67,0.09,0.91,4.43,2.65,2.95,347
76.340,16.68,0.10,0.94,0.43,2.66,0.00,347
76.357,16.64,0.10,0.87,4.41,2.65,2.92,347
76.373,16.67,0.10,0.86,0.41,2.65,0.00,347
76.390,16.67,0.24,0.91,4.44,2.67,2.95,360
76.407,16.69,0.10,0.95,0.42,2.79,0.00,368
76.423,16.66,0.11,0.90,4.52,2.88,3.04,368
76.440,16.67,0.11,0.93,0.43,2.87,0.00,368
76.457,16.66,0.11,0.93,4.36,2.89,2.91,367
76.473,16.66,0.11,0.94,0.41,2.91,0.00,366
76.490,16.69,0.10,0.90,4.38,2.90,2.91,364
76.507,16.65,0.11,0.94,0.44,2.88,0.00,367
76.523,16.67,0.10,0.92,4.62,2.87,3.14,428
76.540,16.67,0.12,0.97,0.45,2.93,0.00,431
76.557,16.68,0.12,0.92,4.44,2.93,2.94,444
76.573,16.67,0.10,0.96,0.49,2.96,0.00,443
76.590,16.72,0.09,0.92,4.43,2.95,2.95,443
76.607,16.59,0.11,0.95,0.43,2.95,0.00,437
76.623,16.67,0.11,0.93,4.39,2.95,2.92,436
76.640,16.66,0.12,0.95,0.44,2.96,0.00,428
76.657,16.72,0.26,0.95,4.52,2.95,2.98,427
76.673,16.65,0.11,0.96,0.47,2.94,0.00,426
76.690,16.63,0.11,0.94,4.52,2.93,3.04,425
76.707,16.67,0.11,0.95,0.42,2.93,0.00,424
76.723,16.67,0.11,0.94,4.45,2.94,2.96,420
76.740,16.75,0.10,0.94,0.44,2.92,0.00,419
76.757,16.60,0.10,0.94,4.43,2.91,2.97,418
76.773,16.66,0.11,0.95,0.41,2.90,0.00,409
76.790,16.67,0.11,0.90,4.41,2.89,2.95,403
76.807,16.66,0.12,0.96,0.41,2.89,0.00,402
76.823,16.67,0.11,0.92,4.35,2.86,2.91,402
76.840,16.67,0.11,0.94,0.41,2.87,0.00,402
76.857,16.67,0.10,0.91,4.54,2.85,3.04,402
76.873,16.68,0.12,0.92,0.41,2.85,0.00,400
76.890,16.66,0.10,0.93,4.56,2.53,3.08,394
76.907,16.67,0.11,0.96,0.46,2.53,0.00,393
76.923,16.66,0.11,0.92,4.46,2.51,2.96,393
76.940,16.66,0.11,0.93,0.46,2.49,0.00,391
76.957,16.68,0.10,0.89,4.43,2.48,2.97,383
76.973,16.65,0.11,0.91,0.41,2.46,0.00,363
76.990,16.67,0.11,0.86,4.37,2.43,2.90,351
77.007,16.66,0.11,0.89,0.41,2.42,0.00,332
77.023,16.68,0.09,0.85,4.34,2.32,2.89,332
77.040,16.65,0.11,0.88,0.38,2.30,0.00,332
77.057,16.68,0.11,0.88,4.43,2.32,2.93,331
77.073,16.66,0.11,0.89,0.42,2.33,0.00,329
77.090,16.67,0.09,0.83,4.39,2.30,2.93,328
77.107,16.68,0.10,0.88,0.41,2.29,0.00,328
77.123,16.66,0.14,1.11,4.57,2.29,3.10,384
77.140,16.66,0.12,1.15,0.41,3.17,0.00,470
77.157,16.67,0.12,1.12,4.35,3.35,2.87,497
77.173,16.67,0.13,1.17,0.46,3.39,0.00,514
77.190,16.68,0.11,1.13,4.38,3.39,2.92,527
77.207,16.65,0.14,1.16,0.41,3.41,0.00,539
77.223,16.69,0.11,1.13,4.49,3.43,3.01,545
77.240,16.65,0.13,1.17,0.42,3.44,0.00,560
77.257,16.70,0.12,1.18,4.52,3.46,2.96,568
77.273,16.67,0.12,1.22,0.51,3.46,0.00,572
77.290,16.65,0.14,1.18,4.45,3.46,2.93,573
77.307,16.66,0.13,1.19,0.49,3.50,0.00,574
77.323,16.66,0.12,1.16,4.52,3.48,2.98,575
77.340,16.70,0.13,0.96,0.48,3.51,0.00,566
77.357,16.64,0.14,0.94,4.48,3.49,2.95,569
77.373,16.68,0.14,0.97,0.51,3.49,0.00,574
77.390,16.66,0.13,0.95,4.55,3.52,3.01,582
77.407,16.67,0.13,0.95,0.51,3.52,0.00,583
77.423,16.71,0.16,0.96,4.52,3.52,2.98,586
77.440,16.64,0.13,1.00,0.54,3.52,0.00,588
77.457,16.67,0.13,0.92,4.58,3.52,3.04,590
77.473,16.68,0.12,0.95,0.51,3.55,0.00,593
77.490,16.65,0.12,0.97,4.61,3.55,3.08,596
77.507,16.65,0.13,0.95,0.46,3.56,0.00,597
77.523,16.70,0.11,0.94,4.55,3.54,2.99,599
77.540,16.64,0.13,0.96,0.47,2.97,0.00,601
77.557,16.70,0.12,0.95,4.68,2.99,3.06,604
77.573,16.68,0.08,0.79,0.50,2.97,0.00,603
77.590,16.68,0.10,0.93,4.52,2.97,3.00,606
77.607,16.62,0.13,0.99,0.51,2.97,0.00,606
77.623,16.68,0.12,0.94,4.52,2.98,2.99,609
77.640,16.66,0.11,0.94,0.48,3.00,0.00,609
77.657,16.68,0.13,0.76,3.81,2.99,2.57,610
77.673,16.65,0.11,0.99,0.47,2.99,0.00,609
77.690,16.65,0.08,0.70,4.08,2.98,2.61,610
77.707,16.67,0.08,0.72,0.36,2.98,0.00,610
77.723,16.67,0.09,0.72,4.14,3.01,2.64,611
77.740,16.67,0.08,0.71,0.36,2.99,0.00,614
77.757,16.67,0.07,0.70,4.17,2.99,2.67,614
77.773,16.76,0.08,0.72,0.38,2.99,0.00,613
77.790,16.58,0.08,0.72,4.30,2.97,2.79,613
77.807,16.66,0.08,0.71,0.40,3.06,0.00,613
77.823,16.68,0.11,0.95,4.59,3.04,3.01,617
77.840,16.74,0.10,0.96,0.50,3.05,0.00,628
77.857,16.60,0.12,0.94,4.52,3.09,2.98,629
77.873,16.65,0.12,0.95,0.41,3.09,0.00,630
77.890,16.68,0.09,0.90,4.41,3.07,2.92,627
77.907,16.66,0.12,0.95,0.42,3.07,0.00,628
77.923,16.67,0.11,0.94,4.46,3.07,2.95,628
77.940,16.74,0.07,0.70,0.33,3.07,0.00,626
77.957,16.61,0.10,0.92,4.45,3.07,2.97,626
77.973,16.67,0.11,0.95,0.43,3.11,0.00,626
77.990,16.68,0.09,0.92,4.37,3.10,2.90,627
78.007,16.65,0.11,0.94,0.43,3.10,0.00,630
78.023,16.68,0.09,0.92,4.49,3.10,3.01,630
78.040,16.65,0.12,0.94,0.43,3.09,0.00,629
78.057,16.76,0.09,0.92,4.46,3.13,2.98,630
78.073,16.57,0.11,0.94,0.42,3.12,0.00,634
78.090,16.68,0.09,0.91,4.36,3.12,2.89,636
78.107,16.65,0.11,0.92,0.42,3.12,0.00,639
78.123,16.69,0.12,0.95,4.48,3.11,2.96,640
78.140,16.65,0.11,0.94,0.42,3.15,0.00,640
78.157,16.67,0.10,0.90,4.32,3.15,2.87,641
78.173,16.66,0.11,0.94,0.41,3.15,0.00,641
78.190,16.68,0.10,0.93,4.45,3.13,2.96,644
78.207,16.67,0.12,0.94,0.44,3.15,0.00,644
78.223,16.66,0.11,0.89,4.45,3.17,2.94,647
78.240,16.67,0.12,0.96,0.42,3.17,0.00,652
78.257,16.66,0.10,0.92,4.40,3.18,2.91,652
78.273,16.67,0.10,0.94,0.42,3.18,0.00,655
78.290,16.67,0.09,0.89,4.42,3.17,2.97,656
78.307,16.66,0.11,0.93,0.45,3.22,0.00,655
78.323,16.67,0.11,0.90,4.42,3.21,2.93,660
78.340,16.67,0.11,0.93,0.43,3.22,0.00,661
78.357,16.66,0.11,0.84,4.37,3.22,2.91,664
78.373,16.66,0.11,0.87,0.41,3.21,0.00,665
78.390,16.68,0.24,0.94,4.55,3.23,2.97,688
78.407,16.66,0.10,1.00,0.44,3.36,0.00,696
78.423,16.68,0.09,0.95,4.45,3.46,2.97,697
78.440,16.66,0.11,1.00,0.46,3.46,0.00,698
78.457,16.67,0.11,0.96,4.42,3.45,2.94,697
78.473,16.67,0.11,0.99,0.43,3.47,0.00,700
78.490,16.67,0.10,0.96,4.40,3.45,2.92,702
78.507,16.66,0.11,0.99,0.43,3.46,0.00,702
78.523,16.68,0.09,0.96,4.41,3.44,2.92,701
78.540,16.66,0.11,0.95,0.46,3.44,0.00,695
78.557,16.67,0.10,0.92,4.60,3.45,3.06,694
78.573,16.67,0.11,0.96,0.46,3.42,0.00,690
78.590,16.76,0.09,0.93,4.32,3.39,2.86,682
78.607,16.58,0.10,0.96,0.41,3.37,0.00,676
78.623,16.68,0.09,0.89,4.41,3.36,2.92,667
78.640,16.65,0.11,0.92,0.45,2.95,0.00,663
78.657,16.68,0.09,0.87,4.37,2.93,2.89,661
78.673,16.66,0.10,0.91,0.40,2.90,0.00,634
78.690,16.68,0.11,0.90,4.45,2.85,2.95,632
78.707,16.65,0.11,0.91,0.42,2.84,0.00,631
78.723,16.67,0.10,0.87,4.38,2.83,2.91,631
78.740,16.67,0.09,0.92,0.45,2.82,0.00,628
78.757,16.67,0.10,0.87,4.36,2.79,2.90,627
78.773,16.68,0.10,0.92,0.42,2.79,0.00,625
78.790,16.65,0.10,0.88,4.38,2.78,2.91,622
78.807,16.67,0.11,0.92,0.45,2.80,0.00,620
78.823,16.67,0.11,0.89,4.44,2.77,2.99,618
78.840,16.66,0.11,0.90,0.41,2.77,0.00,615
78.857,16.67,0.10,0.87,4.43,2.75,2.93,613
78.873,16.66,0.10,0.91,0.41,2.74,0.00,610
78.890,16.67,0.10,0.87,4.41,2.75,2.95,611
78.907,16.67,0.11,0.92,0.41,2.75,0.00,609
78.923,16.69,0.09,0.93,4.40,2.73,2.89,609
78.940,16.66,0.11,0.92,0.49,2.70,0.00,607
78.957,16.66,0.11,0.91,4.42,2.70,2.95,604
78.973,16.66,0.11,0.92,0.42,2.73,0.00,606
78.990,16.73,0.09,0.89,4.44,2.71,2.92,604
79.007,16.62,0.11,0.92,0.49,2.69,0.00,603
79.024,16.74,0.09,0.91,4.47,2.69,2.98,599
79.040,16.60,0.11,0.92,0.43,2.68,0.00,595
79.057,16.65,0.11,0.88,4.47,2.69,2.98,593
79.073,16.67,0.10,0.92,0.41,2.69,0.00,592
79.090,16.67,0.10,0.63,4.50,2.67,3.01,574
79.107,16.67,0.10,0.65,0.43,2.66,0.00,572
79.123,16.67,0.12,0.89,4.60,2.64,3.10,617
79.140,16.67,0.13,0.93,0.43,3.49,0.00,616
79.157,16.67,0.11,0.91,4.40,3.47,2.92,615
79.173,16.66,0.12,0.93,0.42,3.47,0.00,614
79.190,16.68,0.13,0.92,4.43,3.46,2.95,611
79.207,16.66,0.13,0.93,0.47,3.46,0.00,605
79.223,16.68,0.12,0.92,4.39,3.47,2.92,604
79.240,16.66,0.12,0.93,0.46,3.46,0.00,605
79.257,16.68,0.12,0.94,4.41,3.46,2.92,606
79.273,16.65,0.12,0.94,0.42,3.46,0.00,606
79.290,16.67,0.12,0.91,4.44,3.45,2.95,606
79.307,16.67,0.12,0.95,0.49,3.48,0.00,606
79.323,16.67,0.10,0.93,4.39,3.47,2.94,609
79.340,16.66,0.11,0.94,0.43,3.48,0.00,608
79.357,16.67,0.11,0.91,4.47,3.47,3.01,607
79.373,16.66,0.12,0.96,0.43,3.48,0.00,608
79.390,16.67,0.11,0.92,4.34,3.49,2.89,609
79.407,16.66,0.12,0.96,0.43,3.49,0.00,610
79.424,16.76,0.10,0.94,4.41,3.48,2.92,610
79.440,16.58,0.12,0.95,0.46,3.47,0.00,607
79.457,16.69,0.10,0.92,4.37,3.47,2.91,610
79.473,16.64,0.11,0.95,0.43,3.49,0.00,610
79.490,16.69,0.10,0.91,4.36,3.48,2.90,606
79.507,16.66,0.10,0.95,0.42,3.48,0.00,606
79.523,16.66,0.11,0.94,4.44,3.47,2.96,604
79.540,16.66,0.11,0.93,0.42,2.89,0.00,603
79.557,16.69,0.11,0.92,4.44,2.90,2.96,602
79.574,16.68,0.12,0.95,0.47,2.90,0.00,600
79.590,16.64,0.11,0.93,4.43,2.89,2.95,600
79.607,16.66,0.11,0.94,0.41,2.88,0.00,597
79.624,16.67,0.11,0.91,4.44,2.87,2.98,598
79.640,16.67,0.11,0.94,0.42,2.89,0.00,600
79.657,16.69,0.09,0.91,4.40,2.89,2.91,599
79.674,16.64,0.11,0.93,0.41,2.89,0.00,598
79.690,16.70,0.10,0.91,4.46,2.89,2.96,599
79.707,16.64,0.11,0.95,0.41,2.88,0.00,601
79.724,16.68,0.09,0.91,4.31,2.94,2.86,600
79.740,16.75,0.10,0.92,0.42,2.95,0.00,601
79.757,16.58,0.09,0.93,4.34,2.95,2.88,609
79.774,16.66,0.11,0.93,0.42,2.96,0.00,609
79.790,16.67,0.10,0.90,4.37,2.98,2.90,610
79.807,16.67,0.11,0.93,0.46,2.99,0.00,611
79.824,16.66,0.10,0.90,4.39,2.99,2.94,608
79.840,16.67,0.10,0.93,0.41,2.99,0.00,608
79.857,16.68,0.09,0.89,4.34,2.99,2.89,609
79.874,16.66,0.11,0.93,0.42,3.00,0.00,609
79.890,16.68,0.09,0.91,4.43,3.03,2.97,610
79.907,16.65,0.10,0.93,0.41,3.03,0.00,610
79.924,16.69,0.09,0.89,4.30,3.03,2.84,610
79.940,16.66,0.12,0.93,0.48,3.02,0.00,613
79.957,16.66,0.11,0.93,4.48,3.03,2.95,614
79.974,16.70,0.09,0.94,0.44,3.07,0.00,614
79.990,16.63,0.10,0.90,4.37,3.06,2.91,611
80.007,16.66,0.10,0.93,0.41,3.06,0.00,614
80.024,16.68,0.09,0.89,4.39,3.06,2.92,612
80.040,16.65,0.11,0.92,0.42,3.07,0.00,614
80.057,16.69,0.09,0.95,4.42,3.09,2.94,615
80.074,16.67,0.11,0.93,0.41,3.08,0.00,616
80.090,16.66,0.10,0.92,4.40,3.08,2.92,620
80.107,16.66,0.10,0.93,0.41,3.09,0.00,618
80.124,16.69,0.09,0.90,4.34,3.08,2.87,620
80.140,16.65,0.10,0.93,0.42,3.12,0.00,620
80.157,16.68,0.09,0.90,4.47,3.11,3.00,621
80.174,16.66,0.10,0.93,0.42,3.12,0.00,621
80.190,16.66,0.10,0.90,4.42,3.10,2.94,625
80.207,16.67,0.11,0.92,0.42,3.11,0.00,628
80.224,16.67,0.10,0.89,4.41,3.13,2.95,630
80.240,16.67,0.10,0.92,0.42,3.14,0.00,633
80.257,16.67,0.10,0.88,4.34,3.13,2.90,633
80.274,16.67,0.11,0.92,0.43,3.14,0.00,636
80.290,16.69,0.09,0.90,4.44,3.13,2.97,635
80.307,16.66,0.10,0.92,0.46,3.15,0.00,635
80.324,16.65,0.10,0.90,4.42,3.13,2.93,639
80.340,16.67,0.10,0.92,0.41,3.15,0.00,640
80.357,16.67,0.09,0.82,4.40,3.14,2.93,641
80.374,16.68,0.09,0.83,0.43,3.14,0.00,644
80.390,16.67,0.24,0.93,4.42,3.16,2.93,674
80.407,16.66,0.10,0.93,0.50,3.37,0.00,690
80.424,16.67,0.10,0.90,5.19,3.52,3.69,689
80.440,16.70,0.09,1.00,0.53,3.51,0.00,688
80.457,16.64,0.10,0.93,4.42,3.51,2.91,687
80.474,16.66,0.10,0.94,0.47,3.54,0.00,688
80.490,16.68,0.10,0.91,4.42,3.53,2.88,688
80.507,16.65,0.10,0.94,0.46,3.53,0.00,687
80.524,16.67,0.09,0.90,4.35,3.52,2.85,687
80.540,16.66,0.10,0.94,0.41,3.51,0.00,682
80.557,16.67,0.09,0.91,4.41,3.51,2.97,678
80.574,16.67,0.11,0.92,0.41,3.50,0.00,672
80.590,16.74,0.09,0.92,4.44,3.45,2.95,647
80.607,16.60,0.11,0.94,0.43,3.42,0.00,635
80.624,16.67,0.09,0.86,4.40,3.39,2.91,631
80.640,16.66,0.10,0.91,0.41,2.96,0.00,631
80.657,16.67,0.10,0.87,4.42,2.94,2.93,632
80.674,16.66,0.11,0.89,0.41,2.94,0.00,631
80.690,16.67,0.09,0.89,4.52,2.92,3.03,631
80.707,16.67,0.09,0.90,0.41,2.91,0.00,628
80.724,16.67,0.10,0.86,4.30,2.92,2.86,627
80.740,16.67,0.10,0.90,0.42,2.92,0.00,626
80.757,16.67,0.10,0.87,4.37,2.90,2.90,626
80.774,16.66,0.10,0.90,0.39,2.89,0.00,625
80.790,16.68,0.10,0.86,4.43,2.89,2.95,623
80.807,16.66,0.10,0.91,0.43,2.90,0.00,622
80.824,16.67,0.10,0.88,4.48,2.88,2.98,623
80.840,16.67,0.09,0.91,0.42,2.86,0.00,622
80.857,16.68,0.08,0.86,4.36,2.86,2.88,624
80.874,16.66,0.11,0.91,0.42,2.86,0.00,623
80.890,16.66,0.09,0.87,4.34,2.87,2.88,622
80.907,16.66,0.10,0.90,0.41,2.86,0.00,623
80.924,16.67,0.08,0.87,4.31,2.85,2.87,624
80.940,16.68,0.10,0.92,0.46,2.85,0.00,625
80.957,16.66,0.11,0.89,4.61,2.83,3.10,624
80.974,16.67,0.10,0.92,0.44,2.85,0.00,623
80.990,16.68,0.08,0.88,4.44,2.84,2.95,619
81.007,16.65,0.10,0.91,0.40,2.83,0.00,614
81.024,16.67,0.09,0.87,4.33,2.81,2.88,611
81.040,16.67,0.11,0.89,0.40,2.81,0.00,606
81.057,16.66,0.09,0.87,4.40,2.82,2.91,603
81.074,16.67,0.10,0.91,0.44,2.79,0.00,600
81.090,16.67,0.09,0.64,4.47,2.80,2.98,584
81.107,16.74,0.09,0.68,0.43,2.77,0.00,581
81.124,16.59,0.10,0.65,4.42,2.76,2.95,577
81.140,16.67,0.10,0.67,0.41,2.78,0.00,575
81.157,16.67,0.09,0.62,4.43,2.77,2.94,571
81.174,16.67,0.10,0.67,0.44,2.76,0.00,570
81.190,16.69,0.10,0.66,4.49,2.75,2.98,570
81.207,16.65,0.11,0.66,0.44,2.74,0.00,566
81.224,16.67,0.09,0.62,4.53,2.75,3.02,566
81.240,16.66,0.10,0.66,0.41,2.75,0.00,567
81.257,16.68,0.08,0.63,4.40,2.72,2.92,567
81.274,16.65,0.09,0.66,0.41,2.72,0.00,565
81.290,16.67,0.09,0.63,4.35,2.71,2.88,561
81.307,16.68,0.09,0.67,0.47,2.71,0.00,558
81.324,16.65,0.10,0.66,4.38,2.69,2.92,557
81.340,16.71,0.09,0.67,0.44,2.69,0.00,555
81.357,16.64,0.08,0.62,4.43,2.67,2.95,553
81.374,16.65,0.10,0.65,0.42,2.67,0.00,550
81.390,16.69,0.08,0.64,4.35,2.64,2.87,548
81.407,16.65,0.10,0.66,0.41,2.66,0.00,546
81.424,16.68,0.09,0.63,4.35,2.64,2.88,545
81.440,16.67,0.11,0.65,0.45,2.63,0.00,542
81.457,16.66,0.09,0.62,4.36,2.61,2.89,541
81.474,16.67,0.10,0.66,0.42,2.61,0.00,540
81.490,16.69,0.08,0.64,4.47,2.61,3.00,537
81.507,16.64,0.10,0.66,0.40,2.60,0.00,534
81.524,16.67,0.10,0.65,4.35,2.59,2.88,530
81.540,16.67,0.10,0.65,0.43,2.59,0.00,529
81.557,16.67,0.13,0.86,4.58,2.57,3.10,581
81.574,16.67,0.10,0.91,0.43,3.45,0.00,578
81.590,16.74,0.10,0.86,4.40,3.44,2.92,577
81.607,16.59,0.11,0.89,0.40,3.44,0.00,572
81.624,16.67,0.11,0.86,4.37,3.42,2.89,569
81.640,16.67,0.10,0.91,0.46,3.48,0.00,568
81.657,16.67,0.10,0.86,4.43,3.46,2.94,567
81.674,16.66,0.10,0.90,0.42,3.48,0.00,614
81.690,16.78,0.10,0.88,4.46,3.53,2.96,615
81.707,16.56,0.12,0.92,0.45,3.54,0.00,613
81.724,16.68,0.09,0.87,4.38,3.53,2.90,613
81.740,16.65,0.12,0.91,0.43,3.55,0.00,611
81.757,16.68,0.10,0.88,4.45,3.54,2.98,611
81.774,16.66,0.11,0.91,0.42,3.54,0.00,614
81.790,16.67,0.10,0.87,4.34,3.54,2.88,612
81.807,16.65,0.11,0.89,0.42,3.58,0.00,612
81.824,16.67,0.10,0.89,4.43,3.57,2.95,614
81.840,16.67,0.11,0.90,0.41,3.57,0.00,613
81.857,16.67,0.09,0.87,4.40,3.57,2.91,611
81.874,16.67,0.11,0.90,0.40,3.57,0.00,611
81.890,16.67,0.10,0.89,4.55,3.59,3.04,610
81.907,16.68,0.11,0.88,0.41,3.59,0.00,610
81.924,16.67,0.09,0.89,4.42,3.58,2.92,610
81.940,16.67,0.10,0.94,0.45,3.58,0.00,610
81.957,16.65,0.10,0.87,4.46,3.61,2.98,611
81.974,16.71,0.11,0.92,0.48,3.02,0.00,611
81.990,16.63,0.10,0.88,4.44,3.02,2.96,612
82.007,16.66,0.11,0.91,0.41,3.02,0.00,612
82.024,16.67,0.10,0.87,4.44,3.02,2.97,613
82.040,16.67,0.10,0.91,0.42,3.05,0.00,614
82.057,16.67,0.10,0.88,4.50,3.04,2.99,611
82.074,16.66,0.11,0.90,0.42,3.03,0.00,613
82.090,16.69,0.10,0.87,4.41,3.03,2.94,612
82.107,16.65,0.11,0.89,0.44,3.02,0.00,613
82.124,16.80,0.09,0.88,4.38,3.04,2.90,612
82.140,16.53,0.11,0.91,0.44,3.03,0.00,613
82.157,16.69,0.09,0.87,4.35,3.02,2.89,613
82.174,16.67,0.10,0.88,0.40,3.02,0.00,613
82.190,16.65,0.09,0.87,4.43,3.01,2.95,614
82.207,16.67,0.11,0.90,0.44,3.03,0.00,613
82.224,16.67,0.10,0.87,4.35,3.02,2.88,616
82.240,16.67,0.09,0.90,0.43,3.01,0.00,619
82.257,16.67,0.10,0.85,4.39,3.00,2.92,619
82.274,16.67,0.10,0.89,0.41,3.03,0.00,618
82.290,16.69,0.09,0.85,4.50,3.02,3.01,615
82.307,16.65,0.10,0.89,0.43,3.00,0.00,615
82.324,16.68,0.10,0.88,4.41,2.99,2.93,616
82.340,16.65,0.10,0.90,0.42,2.98,0.00,616
82.357,16.67,0.09,0.80,4.42,3.00,2.94,618
82.374,16.67,0.10,0.83,0.43,2.98,0.00,617
82.390,16.67,0.22,0.88,4.35,2.98,2.89,642
82.407,16.67,0.10,0.91,0.41,3.09,0.00,649
82.424,16.67,0.10,0.87,4.39,3.18,2.90,649
82.440,16.67,0.12,0.95,0.47,3.20,0.00,646
82.457,16.68,0.09,0.94,4.55,3.16,3.04,646
82.474,16.68,0.11,0.89,0.43,3.15,0.00,642
82.490,16.64,0.11,0.89,4.47,3.11,2.93,642
82.507,16.68,0.11,0.92,0.47,3.10,0.00,639
82.524,16.68,0.09,0.89,4.36,3.10,2.88,636
82.540,16.68,0.10,0.91,0.41,3.09,0.00,637
82.557,16.66,0.09,0.88,4.48,3.08,3.00,636
82.574,16.66,0.11,0.93,0.48,3.06,0.00,635
82.591,16.74,0.10,0.91,4.45,3.06,2.96,635
82.607,16.57,0.10,0.91,0.41,3.08,0.00,632
82.624,16.75,0.09,0.89,4.44,3.06,2.97,629
82.640,16.59,0.10,0.91,0.44,3.05,0.00,629
82.657,16.67,0.10,0.90,4.40,3.05,2.92,626
82.674,16.70,0.12,0.92,0.48,3.05,0.00,625
82.690,16.69,0.11,0.90,4.52,3.03,3.00,622
82.707,16.62,0.10,0.91,0.43,3.04,0.00,621
82.724,16.67,0.10,0.87,4.38,3.03,2.91,618
82.740,16.67,0.11,0.91,0.44,3.02,0.00,614
82.757,16.70,0.09,0.90,4.41,3.04,2.94,614
82.774,16.64,0.10,0.91,0.42,3.03,0.00,610
82.790,16.67,0.10,0.86,4.36,3.03,2.89,604
82.807,16.67,0.10,0.90,0.41,3.02,0.00,601
82.824,16.67,0.10,0.88,4.46,3.01,3.00,600
82.840,16.66,0.10,0.88,0.40,3.02,0.00,595
82.857,16.70,0.08,0.87,4.43,3.01,2.95,592
82.874,16.64,0.10,0.89,0.42,3.01,0.00,586
82.890,16.67,0.09,0.85,4.31,2.99,2.86,585
82.907,16.67,0.11,0.90,0.42,3.00,0.00,586
82.924,16.69,0.09,0.87,4.36,3.01,2.90,582
82.940,16.65,0.11,0.90,0.41,3.00,0.00,576
82.957,16.67,0.11,0.88,4.42,2.99,2.93,574
82.974,16.74,0.27,0.85,0.47,2.98,0.00,538
82.990,16.59,0.07,0.83,4.93,2.57,3.42,537
83.007,16.66,0.07,0.82,0.42,2.56,0.00,534
83.024,16.68,0.07,0.83,4.21,2.55,2.69,531
83.040,16.66,0.09,1.01,0.43,2.54,0.00,563
83.057,16.68,0.05,0.95,4.26,2.71,2.78,558
83.074,16.67,0.07,0.99,0.49,2.43,0.00,557
83.090,16.67,0.06,1.13,4.37,2.41,2.86,590
83.107,16.67,0.08,1.18,0.43,2.59,0.00,589
83.124,16.66,0.07,1.18,4.19,2.58,2.72,588
83.140,16.66,0.11,1.38,0.42,2.56,0.00,623
83.157,16.73,0.08,1.37,4.16,2.72,2.71,621
83.174,16.60,0.10,1.40,0.41,2.71,0.00,619
83.190,16.67,0.11,1.54,4.12,2.68,2.66,651
83.207,16.66,0.11,1.59,0.42,2.85,0.00,650
83.224,16.68,0.08,1.56,4.11,2.82,2.66,648
83.240,16.66,0.11,1.78,0.42,2.80,0.00,682
83.257,16.66,0.10,1.78,4.23,2.97,2.74,685
83.274,16.66,0.11,1.81,0.41,2.95,0.00,681
83.290,16.69,0.09,2.04,4.28,2.92,2.77,718
83.307,16.66,0.11,2.07,0.42,3.10,0.00,717
83.324,16.74,0.10,2.27,4.24,3.05,2.75,750
83.340,16.58,0.10,2.30,0.43,3.20,0.00,750
83.357,16.68,0.09,2.29,4.25,3.17,2.75,751
83.374,16.65,0.11,2.34,0.43,3.14,0.00,750
83.390,16.67,0.12,2.51,4.27,3.10,2.77,783
83.407,16.67,0.11,2.55,0.44,3.27,0.00,781
83.424,16.67,0.11,2.54,4.17,3.21,2.67,786
83.440,16.66,0.12,2.74,0.43,3.19,0.00,821
83.457,16.68,0.11,2.75,4.23,3.32,2.74,820
83.474,16.68,0.11,2.78,0.43,3.28,0.00,820
83.491,16.68,0.11,2.97,4.23,3.23,2.73,857
83.507,16.64,0.11,3.00,0.41,3.39,0.00,853
83.524,16.68,0.10,2.80,4.15,3.33,2.64,854
83.541,16.65,0.12,3.02,0.44,3.30,0.00,889
83.557,16.68,0.11,3.03,4.24,3.42,2.74,890
83.574,16.67,0.11,3.08,0.45,3.39,0.00,892
83.591,16.75,0.12,3.30,4.50,3.33,2.99,947
83.607,16.58,0.12,3.32,0.45,3.55,0.00,949
83.624,16.68,0.10,3.31,4.25,3.52,2.75,948
83.641,16.66,0.12,3.35,0.44,3.48,0.00,952
83.657,16.67,0.11,3.33,4.17,3.46,2.64,953
83.674,16.66,0.11,3.35,0.44,3.43,0.00,953
83.691,16.68,0.12,3.32,4.30,3.39,2.81,951
83.707,16.67,0.13,3.33,0.44,3.36,0.00,950
83.724,16.67,0.11,3.31,4.10,3.32,2.61,953
83.741,16.66,0.12,3.33,0.42,3.31,0.00,953
83.757,16.67,0.12,3.29,4.21,3.27,2.71,954
83.774,16.66,0.12,3.33,0.43,3.26,0.00,952
83.791,16.68,0.17,3.61,4.50,3.23,3.00,1012
83.807,16.75,0.15,3.61,0.43,3.53,0.00,1008
83.824,16.59,0.16,3.63,4.16,3.49,2.65,1004
83.841,16.67,0.19,4.14,0.44,3.49,0.00,1118
83.857,16.67,0.16,4.10,4.31,4.05,3.17,1117
83.874,16.67,0.17,4.15,0.41,4.05,0.00,1118
83.891,16.67,0.16,4.13,4.23,4.02,2.73,1115
83.907,16.67,0.17,4.09,0.41,4.03,0.00,1108
83.924,16.67,0.16,4.10,3.46,4.02,2.30,1104
83.941,16.67,0.16,3.38,0.36,4.02,0.00,1098
83.957,16.67,0.18,4.38,3.79,4.02,2.61,1158
83.974,16.67,0.17,4.32,0.40,4.36,0.00,1152
83.991,16.67,0.19,4.00,3.71,4.36,2.53,1239
84.007,16.65,0.16,3.59,0.38,4.78,0.00,1296
84.024,16.68,0.17,4.78,3.73,5.10,2.57,1287
84.041,16.67,0.18,4.79,0.42,5.12,0.00,1282
84.057,16.67,0.18,4.03,3.53,5.13,2.33,1273
84.074,16.68,0.21,4.28,0.37,5.15,0.00,1333
84.091,16.65,0.17,5.04,3.75,5.51,2.58,1335
84.107,16.68,0.19,4.99,0.41,5.55,0.00,1328
84.124,16.65,0.14,4.00,3.45,5.57,2.28,1322
84.141,16.69,0.17,4.96,0.42,5.63,0.00,1314
84.157,16.68,0.16,4.90,3.53,5.64,2.34,1306
84.174,16.64,0.14,3.80,0.36,5.67,0.00,1361
84.191,16.68,0.17,5.09,3.67,6.02,2.53,1353
84.207,16.66,0.16,4.06,0.39,5.80,0.00,1413
84.224,16.68,0.19,5.36,3.76,6.20,2.57,1404
84.241,16.66,0.13,3.96,0.37,6.25,0.00,1404
84.257,16.67,0.18,5.33,3.48,4.98,2.32,1398
84.274,16.67,0.15,4.21,0.37,4.89,0.00,1470
84.291,16.67,0.19,5.68,3.76,6.77,2.59,1469
84.307,16.66,0.16,4.16,0.35,6.83,0.00,1455
84.324,16.73,0.13,4.18,3.51,5.19,2.33,1450
84.341,16.61,0.16,4.12,0.35,5.46,0.00,1445
84.357,16.68,0.19,5.00,3.43,6.97,2.28,1434
84.374,16.66,0.15,3.97,0.36,7.01,0.00,1418
84.391,16.67,0.12,3.90,3.47,5.37,2.31,1405
84.407,16.75,0.14,3.91,0.37,5.57,0.00,1401
84.424,16.61,0.20,5.27,3.66,6.81,2.44,1394
84.441,16.70,0.14,3.88,0.37,6.82,0.00,1388
84.457,16.63,0.14,3.87,3.46,5.03,2.29,1382
84.474,16.68,0.19,5.14,0.51,5.39,0.00,1376
84.491,16.65,0.14,3.78,3.47,6.42,2.25,1367
84.507,16.66,0.13,4.95,0.41,6.47,0.00,1361
84.524,16.68,0.20,5.46,3.82,6.47,2.62,1425
84.541,16.65,0.13,4.06,0.35,6.86,0.00,1419
84.557,16.74,0.14,4.41,3.45,5.23,2.28,1415
84.574,16.62,0.14,4.08,0.40,5.19,0.00,1414
84.591,16.67,0.15,3.06,3.09,6.61,2.22,1479
84.607,16.69,0.18,5.75,0.46,6.76,0.00,1468
84.624,16.65,0.18,5.66,3.43,6.49,2.30,1464
84.641,16.65,0.15,4.23,0.35,6.53,0.00,1460
84.657,16.68,0.19,4.93,3.47,5.01,2.30,1459
84.674,16.71,0.14,4.64,0.39,4.98,0.00,1456
84.691,16.65,0.19,5.71,3.61,6.28,2.40,1457
84.707,16.63,0.15,4.19,0.31,6.30,0.00,1445
84.724,16.67,0.12,4.19,3.47,4.93,2.31,1442
84.741,16.75,0.13,4.20,0.35,5.25,0.00,1438
84.757,16.60,0.18,5.64,3.48,6.36,2.30,1433
84.774,16.67,0.14,4.17,0.38,6.39,0.00,1428
84.791,16.66,0.18,5.61,3.52,4.81,2.35,1425
84.807,16.68,0.18,5.62,0.44,4.64,0.00,1418
84.824,16.65,0.13,4.13,3.50,5.98,2.35,1413
84.841,16.67,0.15,4.13,0.37,5.99,0.00,1410
84.857,16.68,0.18,5.56,3.45,6.01,2.28,1409
84.874,16.66,0.18,5.56,0.41,6.02,0.00,1406
84.891,16.66,0.14,4.19,3.68,4.86,2.52,1463
84.907,16.67,0.14,4.20,0.37,6.01,0.00,1462
84.924,16.68,0.18,5.03,3.41,6.08,2.27,1462
84.941,16.66,0.14,4.22,0.38,6.01,0.00,1462
84.957,16.68,0.19,5.73,3.61,6.02,2.41,1464
84.974,16.66,0.15,4.22,0.36,6.03,0.00,1464
84.991,16.67,0.13,4.26,3.48,4.72,2.30,1464
85.007,16.66,0.17,4.24,0.40,5.25,0.00,1463
85.024,16.76,0.18,5.72,3.47,6.05,2.30,1463
85.041,16.58,0.14,4.63,0.38,6.08,0.00,1520
85.057,16.69,0.17,5.86,3.80,4.69,2.59,1520
85.074,16.64,0.14,4.35,0.37,4.50,0.00,1521
85.091,16.67,0.19,5.89,3.53,6.36,2.35,1521
85.107,16.72,0.15,4.36,0.39,6.39,0.00,1521
85.124,16.61,0.14,4.33,3.45,4.79,2.31,1520
85.141,16.69,0.14,4.37,0.36,4.99,0.00,1519
85.157,16.65,0.13,4.35,3.51,6.04,2.35,1520
85.174,16.67,0.15,4.36,0.37,6.06,0.00,1518
85.191,16.67,0.15,4.63,3.69,6.10,2.53,1594
85.207,16.68,0.14,4.65,0.40,6.19,0.00,1591
85.224,16.66,0.15,4.63,3.56,6.19,2.39,1589
85.241,16.67,0.15,4.67,0.37,6.20,0.00,1589
85.257,16.67,0.13,4.65,3.44,6.17,2.28,1589
85.274,16.74,0.15,4.68,0.36,6.18,0.00,1589
85.291,16.63,0.18,6.32,3.49,6.17,2.30,1590
85.307,16.65,0.18,4.91,0.37,6.17,0.00,1652
85.324,16.66,0.14,4.54,2.96,4.61,2.12,1650
85.341,16.67,0.16,4.74,0.29,5.33,0.00,1651
85.357,16.67,0.15,4.88,3.49,6.47,2.34,1651
85.374,16.68,0.22,5.07,0.67,6.48,0.00,1708
85.391,16.65,0.21,5.23,3.33,6.76,2.46,1776
85.407,16.67,0.20,4.63,0.27,7.12,0.00,1776
85.424,16.67,0.21,4.60,2.96,5.12,2.12,1837
85.441,16.67,0.21,4.10,0.30,5.81,0.00,1837
85.457,16.67,0.22,5.23,2.90,7.50,2.05,1838
85.474,16.67,0.21,5.01,0.27,7.48,0.00,1839
85.491,16.68,0.20,5.04,2.84,5.17,2.01,1837
85.507,16.66,0.22,4.95,0.27,5.59,0.00,1895
85.524,16.67,0.21,5.20,2.95,7.53,2.13,1895
85.541,16.65,0.14,4.91,0.29,7.53,0.00,1896
85.557,16.68,0.20,4.57,2.82,5.25,1.98,1896
85.574,16.68,0.21,4.65,0.28,5.97,0.00,1896
85.591,16.73,0.20,4.97,2.84,7.54,1.99,1896
85.607,16.62,0.23,4.71,0.32,7.60,0.00,1896
85.624,16.65,0.24,4.63,2.98,5.26,2.12,1976
85.641,16.67,0.21,4.99,0.29,6.95,0.00,1975
85.657,16.66,0.20,5.54,2.85,7.82,2.00,1974
85.674,16.67,0.22,4.67,0.28,7.82,0.00,1974
85.691,16.67,0.22,5.46,2.98,5.50,2.13,2046
85.707,16.68,0.23,4.92,0.33,5.59,0.00,2046
85.724,16.65,0.21,4.55,2.80,8.17,1.96,2046
85.741,16.75,0.18,4.12,0.31,8.24,0.00,2045
85.757,16.59,0.21,4.61,2.89,5.94,2.05,2045
85.774,16.68,0.22,4.45,0.31,6.29,0.00,2043
85.791,16.73,0.20,4.79,2.77,8.22,1.94,2042
85.807,16.60,0.24,4.15,0.29,7.99,0.00,2113
85.824,16.67,0.23,5.34,3.10,6.00,2.25,2172
85.841,16.68,0.23,5.10,0.30,5.86,0.00,2172
85.857,16.66,0.21,5.02,2.81,8.66,1.97,2172
85.874,16.67,0.22,4.80,0.31,8.68,0.00,2172
85.891,16.66,0.21,5.14,2.84,5.89,1.98,2171
85.907,16.67,0.22,5.55,0.33,6.10,0.00,2170
85.924,16.68,0.22,4.86,2.89,8.47,1.99,2169
85.941,16.66,0.22,4.66,0.28,8.49,0.00,2168
85.957,16.67,0.21,4.49,2.87,5.84,2.00,2168
85.974,16.67,0.23,4.25,0.31,6.26,0.00,2166
85.991,16.65,0.21,4.63,3.49,8.29,2.29,2165
86.007,16.67,0.24,4.67,0.44,8.14,0.00,2165
86.024,16.67,0.24,4.65,2.99,5.55,2.08,2165
86.041,16.67,0.23,4.00,0.30,5.76,0.00,2165
86.057,16.67,0.21,4.29,3.50,7.84,2.31,2165
86.074,16.66,0.24,4.30,0.38,7.85,0.00,2165
86.091,16.68,0.22,4.31,3.52,5.59,2.34,2165
86.107,16.66,0.21,4.32,0.44,5.88,0.00,2165
86.124,16.67,0.23,4.31,3.51,7.62,2.32,2165
86.141,16.68,0.23,4.12,0.39,7.60,0.00,2164
86.157,16.67,0.30,5.55,3.52,5.53,2.32,2164
86.174,16.67,0.30,5.12,0.45,5.14,0.00,2163
86.191,16.67,0.28,5.10,3.56,7.56,2.35,2163
86.207,16.66,0.23,3.93,0.41,7.55,0.00,2163
86.224,16.66,0.22,3.76,3.48,5.56,2.28,2162
86.241,16.67,0.21,3.49,0.40,5.59,0.00,2161
86.257,16.66,0.23,4.61,4.05,7.19,2.83,2230
86.274,16.67,0.22,3.75,0.37,7.51,0.00,2230
86.291,16.67,0.22,4.61,3.82,5.67,2.61,2227
86.307,16.68,0.23,4.20,0.39,5.04,0.00,2227
86.324,16.66,0.21,4.62,3.68,7.14,2.45,2227
86.341,16.67,0.24,4.42,0.49,7.14,0.00,2301
86.357,16.66,0.23,4.50,3.80,5.27,2.59,2300
86.374,16.68,0.34,5.58,0.45,5.47,0.00,2379
86.391,16.67,0.32,5.60,3.77,7.82,2.58,2378
86.407,16.67,0.25,4.37,0.43,7.79,0.00,2456
86.424,16.67,0.32,5.88,3.72,5.61,2.54,2454
86.441,16.68,0.23,4.36,0.41,4.46,0.00,2453
86.457,16.66,0.26,4.66,3.69,7.81,2.50,2517
86.474,16.66,0.25,4.64,0.39,8.21,0.00,2517
86.491,16.67,0.25,4.25,3.49,5.54,2.30,2515
86.507,16.67,0.24,4.27,0.43,5.80,0.00,2515
86.524,16.67,0.24,4.25,3.61,8.05,2.41,2515
86.541,16.69,0.26,4.82,0.43,8.02,0.00,2514
86.557,16.68,0.32,5.34,3.68,5.37,2.43,2514
86.574,16.65,0.24,3.98,0.37,5.38,0.00,2514
86.591,16.74,0.25,3.98,3.52,7.99,2.31,2514
86.607,16.60,0.25,3.78,0.31,8.03,0.00,2514
86.624,16.66,0.23,3.97,3.49,5.92,2.29,2513
86.641,16.67,0.24,4.00,0.42,6.92,0.00,2510
86.657,16.68,0.23,3.99,3.47,8.02,2.29,2509
86.674,16.66,0.26,4.02,0.39,7.97,0.00,2509
86.691,16.67,0.23,4.00,3.47,5.80,2.26,2508
86.707,16.68,0.26,4.05,0.41,6.13,0.00,2506
86.724,16.66,0.33,5.44,3.56,7.92,2.34,2505
86.741,16.67,0.25,4.05,0.40,7.90,0.00,2505
86.757,16.66,0.24,4.39,3.54,5.76,2.32,2505
86.774,16.67,0.25,4.02,0.41,5.36,0.00,2504
86.791,16.68,0.31,5.47,3.56,7.89,2.34,2504
86.807,16.65,0.24,4.11,0.40,7.87,0.00,2503
86.824,16.67,0.31,5.05,3.52,5.69,2.33,2503
86.841,16.66,0.25,4.05,0.41,5.29,0.00,2503
86.857,16.67,0.33,5.37,3.56,7.81,2.33,2502
86.874,16.67,0.25,4.01,0.36,7.60,0.00,2501
86.891,16.66,0.26,4.02,3.62,5.62,2.41,2501
86.907,16.68,0.25,3.99,0.41,5.60,0.00,2501
86.924,16.65,0.23,3.97,3.51,7.55,2.29,2501
86.941,16.68,0.25,3.98,0.41,7.50,0.00,2499
86.957,16.67,0.31,4.70,3.54,6.39,2.33,2499
86.974,16.66,0.25,4.01,0.42,6.33,0.00,2498
86.991,16.68,0.32,5.39,3.56,6.99,2.34,2498
87.007,16.66,0.26,3.96,0.35,6.97,0.00,2497
87.024,16.66,0.23,3.90,3.46,5.15,2.27,2497
87.041,16.67,0.25,3.90,0.41,5.47,0.00,2497
87.057,16.68,0.31,5.30,3.60,6.58,2.35,2496
87.074,16.67,0.25,3.92,0.43,6.32,0.00,2495
87.091,16.66,0.25,3.92,3.61,4.93,2.40,2495
87.107,16.67,0.27,3.93,0.46,5.39,0.00,2494
87.124,16.67,0.32,5.32,3.55,6.24,2.34,2492
87.141,16.67,0.24,3.92,0.41,6.20,0.00,2487
87.157,16.66,0.23,3.71,3.50,4.84,2.31,2447
87.174,16.68,0.34,4.78,0.47,5.49,0.00,2446
87.191,16.70,0.32,4.77,3.55,6.03,2.33,2446
87.207,16.62,0.24,3.56,0.42,6.05,0.00,2446
87.224,16.67,0.23,3.53,3.49,6.00,2.30,2446
87.241,16.67,0.25,3.54,0.40,5.97,0.00,2444
87.258,16.69,0.31,4.78,3.54,5.94,2.33,2444
87.274,16.64,0.25,3.32,0.41,5.87,0.00,2439
87.291,16.68,0.31,4.47,3.54,5.83,2.32,2439
87.307,16.66,0.24,3.30,0.40,5.81,0.00,2440
87.324,16.68,0.33,4.46,3.57,5.78,2.36,2440
87.341,16.68,0.24,3.07,0.42,5.74,0.00,2440
87.357,16.64,0.23,2.95,3.56,5.72,2.36,2440
87.374,16.67,0.25,3.22,0.42,5.71,0.00,2440
87.391,16.68,0.33,3.85,3.56,5.66,2.33,2438
87.407,16.66,0.24,2.86,0.41,5.62,0.00,2438
87.424,16.68,0.30,3.85,3.46,5.59,2.23,2436
87.441,16.66,0.33,3.83,0.43,5.55,0.00,2436
87.458,16.68,0.34,3.90,3.77,5.53,2.55,2436
87.474,16.66,0.33,3.75,0.48,5.51,0.00,2434
87.491,16.67,0.33,3.73,3.68,5.46,2.44,2434
87.508,16.70,0.34,3.76,0.51,5.43,0.00,2433
87.524,16.62,0.33,3.75,4.26,5.40,2.68,2431
87.541,16.68,0.33,3.75,0.45,5.38,0.00,2431
87.558,16.66,0.33,3.73,3.54,5.33,2.32,2429
87.574,16.68,0.33,3.76,0.47,5.30,0.00,2425
87.591,16.78,0.32,3.41,4.23,5.27,2.40,2401
87.608,16.56,0.34,3.44,0.47,5.26,0.00,2400
87.624,16.66,0.33,3.44,4.33,5.21,2.72,2399
87.641,16.66,0.32,3.44,0.46,5.17,0.00,2400
87.658,16.67,0.33,2.94,4.30,5.13,2.72,2397
87.674,16.67,0.34,2.97,0.53,5.10,0.00,2397
87.691,16.68,0.27,2.20,3.67,5.09,2.42,2397
87.708,16.68,0.35,2.97,0.56,5.08,0.00,2397
87.724,16.65,0.33,2.95,4.37,4.99,2.75,2399
87.741,16.67,0.36,2.97,0.53,4.98,0.00,2400
87.758,16.66,0.32,2.94,4.25,4.95,2.67,2401
87.774,16.68,0.34,2.81,0.51,4.94,0.00,2403
87.791,16.66,0.31,2.50,4.27,4.90,2.69,2402
87.808,16.67,0.33,2.53,0.51,4.92,0.00,2403
87.824,16.67,0.33,2.51,4.27,4.88,2.66,2403
87.841,16.66,0.33,2.55,0.53,4.83,0.00,2404
87.858,16.67,0.32,2.50,4.29,4.79,2.69,2405
87.874,16.67,0.33,2.54,0.52,4.77,0.00,2404
87.891,16.68,0.30,2.52,4.32,4.74,2.76,2405
87.908,16.65,0.33,2.54,0.51,4.75,0.00,2407
87.924,16.67,0.30,2.54,4.26,4.67,2.66,2407
87.941,16.66,0.32,2.56,0.50,4.66,0.00,2407
87.958,16.68,0.32,2.53,4.33,4.62,2.72,2405
87.974,16.67,0.34,2.55,0.51,4.59,0.00,2405
87.991,16.68,0.31,2.54,4.25,4.58,2.68,2404
88.008,16.66,0.34,2.55,0.57,4.51,0.00,2404
88.024,16.74,0.31,2.53,4.22,4.50,2.64,2403
88.041,16.58,0.32,2.56,0.52,4.47,0.00,2404
88.058,16.67,0.32,2.55,4.26,4.47,2.69,2404
88.074,16.67,0.31,2.56,0.55,4.43,0.00,2405
88.091,16.67,0.33,2.56,4.26,4.37,2.66,2403
88.108,16.67,0.34,2.56,0.53,4.36,0.00,2405
88.124,16.67,0.32,2.54,4.19,4.30,2.62,2404
88.141,16.66,0.31,2.57,0.50,4.27,0.00,2405
88.158,16.67,0.31,2.54,4.31,4.24,2.75,2404
88.174,16.66,0.33,2.57,0.52,4.22,0.00,2404
88.191,16.67,0.32,2.56,4.23,4.17,2.65,2402
88.208,16.67,0.33,2.59,0.54,4.15,0.00,2399
88.224,16.67,0.33,2.15,4.28,4.13,2.68,2390
88.241,16.67,0.32,2.18,0.54,4.07,0.00,2386
88.258,16.68,0.30,2.15,4.35,4.03,2.70,2381
88.274,16.72,0.33,2.18,0.56,4.00,0.00,2375
88.291,16.61,0.34,2.19,4.32,3.99,2.68,2367
88.308,16.68,0.33,1.71,0.57,3.92,0.00,2319
88.324,16.66,0.33,1.72,4.30,3.86,2.68,2318
88.341,16.67,0.33,1.53,0.56,3.83,0.00,2313
88.358,16.66,0.33,1.52,4.26,3.82,2.68,2303
88.374,16.67,0.33,1.35,0.52,3.78,0.00,2294
88.391,16.67,0.32,1.34,4.26,3.76,2.70,2290
88.408,16.67,0.32,1.39,0.51,3.74,0.00,2284
88.424,16.67,0.33,0.90,4.31,3.70,2.77,2196
88.441,16.66,0.33,0.92,0.52,3.60,0.00,2193
88.458,16.67,0.33,0.91,4.33,3.58,2.73,2191
88.474,16.69,0.34,0.93,0.52,3.57,0.00,2187
88.491,16.65,0.33,0.91,4.29,3.52,2.72,2184
88.508,16.65,0.32,0.92,0.51,3.53,0.00,2184
88.524,16.68,0.30,0.91,4.27,3.51,2.71,2182
88.541,16.65,0.33,0.92,0.52,3.50,0.00,2178
88.558,16.69,0.32,0.92,4.35,3.45,2.74,2175
88.574,16.77,0.33,0.95,0.58,3.43,0.00,2173
88.591,16.64,0.34,0.94,4.38,3.41,2.76,2171
88.608,16.58,0.36,0.93,0.57,3.40,0.00,2168
88.624,16.69,0.33,0.93,4.43,3.38,2.79,2163
88.641,16.66,0.32,0.91,0.59,3.36,0.00,2161
88.658,16.67,0.32,0.95,4.32,3.35,2.74,2156
88.674,16.68,0.34,0.93,0.57,3.31,0.00,2153
88.691,16.66,0.37,0.93,4.46,3.29,2.85,2148
88.708,16.67,0.34,0.98,0.58,3.27,0.00,2145
88.724,16.70,0.32,0.95,4.32,3.26,2.72,2141
88.741,16.65,0.33,0.92,0.59,3.23,0.00,2141
88.758,16.66,0.34,0.93,4.42,3.20,2.82,2140
88.774,16.74,0.34,0.94,0.58,3.21,0.00,2140
88.791,16.59,0.34,0.94,4.41,3.18,2.80,2139
88.808,16.67,0.33,0.93,0.60,3.17,0.00,2130
88.824,16.68,0.34,0.91,4.37,3.15,2.74,2127
88.841,16.66,0.41,1.00,0.65,3.13,0.00,2126
88.858,16.66,0.32,0.93,4.41,3.12,2.78,2124
88.874,16.66,0.33,0.93,0.56,3.10,0.00,2118
88.891,16.66,0.34,0.94,4.33,3.07,2.69,2117
88.908,16.69,0.33,0.94,0.57,3.05,0.00,2114
88.924,16.68,0.32,0.94,4.39,3.04,2.79,2112
88.941,16.68,0.34,0.94,0.57,3.02,0.00,2112
88.958,16.62,0.31,0.89,4.44,3.03,2.86,2108
88.974,16.68,0.32,0.93,0.54,3.01,0.00,2105
88.991,16.65,0.31,0.92,4.29,2.97,2.72,2102
89.008,16.68,0.33,0.94,0.54,2.97,0.00,2099
89.024,16.66,0.33,0.93,4.24,2.95,2.69,2092
89.041,16.66,0.32,0.93,0.53,2.94,0.00,2086
89.058,16.68,0.34,0.91,4.31,2.91,2.71,2081
89.074,16.67,0.32,0.93,0.54,2.90,0.00,2078
89.091,16.68,0.33,0.95,4.37,2.88,2.73,2074
89.108,16.68,0.33,0.93,0.54,2.87,0.00,2071
89.124,16.64,0.30,0.92,4.27,2.84,2.70,2060
89.141,16.66,0.31,0.93,0.53,2.84,0.00,2055
89.158,16.67,0.30,0.91,4.19,2.81,2.64,2052
89.174,16.66,0.31,0.91,0.51,2.82,0.00,2046
89.191,16.68,0.29,0.88,4.29,2.79,2.74,2041
89.208,16.67,0.33,0.90,0.50,2.78,0.00,2038
89.224,16.66,0.33,0.90,4.41,2.75,2.84,2035
89.241,16.66,0.17,0.49,0.32,2.74,0.00,2033
89.258,16.66,0.12,0.33,2.35,2.72,1.76,2028
89.274,16.66,0.13,0.31,0.26,2.71,0.00,2019
89.291,16.69,0.33,0.92,4.36,2.70,2.76,2014
89.308,16.67,0.31,0.92,0.53,2.69,0.00,2009
89.324,16.66,0.30,0.89,4.29,2.68,2.73,1998
89.341,16.67,0.30,0.90,0.49,2.68,0.00,1994
89.358,16.68,0.32,0.87,4.28,2.66,2.72,1987
89.374,16.68,0.31,0.90,0.52,2.65,0.00,1983
89.391,16.65,0.31,0.89,4.24,2.63,2.70,1977
89.408,16.67,0.31,0.89,0.51,2.63,0.00,1967
89.424,16.67,0.31,0.89,4.21,2.60,2.69,1962
89.441,16.66,0.32,0.89,0.52,2.59,0.00,1955
89.458,16.67,0.30,0.88,4.22,2.57,2.66,1949
89.474,16.68,0.31,0.90,0.52,2.56,0.00,1937
89.491,16.68,0.29,0.90,4.35,2.55,2.80,1932
89.508,16.64,0.30,0.89,0.49,2.54,0.00,1927
89.524,16.67,0.30,0.86,4.23,2.53,2.67,1918
89.541,16.68,0.32,0.89,0.50,2.52,0.00,1915
89.558,16.67,0.32,0.88,4.17,2.50,2.64,1908
89.574,16.66,0.32,0.91,0.57,2.47,0.00,1904
89.591,16.67,0.28,0.87,4.26,2.47,2.72,1894
89.608,16.67,0.31,0.89,0.53,2.46,0.00,1884
89.624,16.67,0.31,0.88,4.28,2.44,2.71,1879
89.641,16.66,0.30,0.89,0.53,2.45,0.00,1872
89.658,16.69,0.28,0.87,4.22,2.42,2.68,1866
89.674,16.66,0.29,0.85,0.51,2.41,0.00,1855
89.691,16.69,0.28,0.85,4.26,2.41,2.72,1850
89.708,16.67,0.30,0.87,0.50,2.39,0.00,1838
89.724,16.65,0.30,0.87,4.26,2.37,2.70,1836
89.741,16.66,0.30,0.88,0.52,2.37,0.00,1831
89.758,16.68,0.27,0.85,4.32,2.36,2.78,1827
89.774,16.65,0.30,0.86,0.51,2.36,0.00,1822
89.791,16.68,0.29,0.85,4.28,2.34,2.72,1811
89.808,16.66,0.31,0.86,0.54,2.33,0.00,1805
89.824,16.66,0.29,0.83,4.17,2.32,2.63,1801
89.841,16.67,0.29,0.87,0.51,2.31,0.00,1798
89.858,16.69,0.28,0.84,4.25,2.30,2.70,1794
89.874,16.65,0.30,0.86,0.50,2.30,0.00,1786
89.891,16.67,0.30,0.83,4.16,2.29,2.64,1780
89.908,16.67,0.30,0.86,0.52,2.27,0.00,1771
89.924,16.68,0.31,0.85,4.26,2.26,2.72,1766
89.941,16.67,0.29,0.87,0.49,2.25,0.00,1755
89.958,16.65,0.28,0.82,4.23,2.25,2.69,1746
89.974,16.68,0.31,0.85,0.49,2.26,0.00,1737
89.991,16.65,0.29,0.85,4.25,2.23,2.69,1727
90.008,16.67,0.30,0.85,0.47,2.25,0.00,1723
90.024,16.67,0.28,0.82,4.30,2.23,2.76,1715
90.041,16.66,0.29,0.84,0.48,2.22,0.00,1711
90.058,16.67,0.27,0.81,4.21,2.20,2.68,1702
90.074,16.67,0.29,0.83,0.51,2.19,0.00,1689
90.091,16.66,0.27,0.83,4.29,2.17,2.74,1681
90.108,16.67,0.30,0.83,0.52,2.19,0.00,1678
90.124,16.67,0.27,0.82,4.24,2.17,2.70,1670
90.141,16.66,0.28,0.82,0.49,2.16,0.00,1662
90.158,16.68,0.28,0.79,4.12,2.14,2.61,1652
90.174,16.65,0.29,0.84,0.51,2.15,0.00,1649
90.191,16.70,0.27,0.81,4.18,2.13,2.67,1639
90.208,16.65,0.29,0.85,0.50,2.12,0.00,1631
90.224,16.66,0.22,0.64,4.04,2.10,2.50,1622
90.241,16.64,0.15,0.43,0.32,2.11,0.00,1618
90.258,16.67,0.14,0.41,3.93,2.11,2.44,1613
90.274,16.67,0.15,0.43,0.29,2.10,0.00,1604
90.291,16.67,0.15,0.41,3.92,2.08,2.43,1598
90.308,16.67,0.14,0.44,0.29,2.09,0.00,1590
90.324,16.68,0.18,0.43,4.17,2.07,2.60,1585
90.341,16.68,0.17,0.46,0.32,2.06,0.00,1574
90.358,16.66,0.16,0.43,3.17,2.05,2.29,1567
90.374,16.68,0.18,0.46,0.35,2.05,0.00,1562
90.391,16.67,0.17,0.47,4.30,2.03,2.68,1556
90.408,16.68,0.18,0.43,0.37,2.02,0.00,1545
90.424,16.66,0.16,0.42,4.93,2.02,3.37,1535
90.441,16.66,0.17,0.43,0.38,2.01,0.00,1525
90.458,16.69,0.19,0.48,4.35,2.01,2.72,1517
90.474,16.67,0.23,0.62,0.46,2.01,0.00,1516
90.491,16.65,0.18,0.51,4.47,1.99,2.90,1511
90.508,16.67,0.17,0.44,0.36,1.99,0.00,1504
90.524,16.67,0.16,0.42,4.05,1.98,2.51,1496
90.541,16.68,0.22,0.60,0.44,1.99,0.00,1487
90.558,16.67,0.23,0.59,4.30,1.97,2.74,1478
90.574,16.67,0.25,0.60,0.43,1.95,0.00,1472
90.591,16.68,0.22,0.58,4.12,1.95,2.51,1464
90.608,16.66,0.22,0.62,0.45,1.95,0.00,1460
90.624,16.67,0.22,0.57,3.98,1.94,2.42,1452
90.641,16.66,0.22,0.60,0.46,1.93,0.00,1447
90.658,16.67,0.16,0.58,4.01,1.93,2.45,1441
90.674,16.69,0.16,0.58,0.44,1.92,0.00,1434
90.691,16.65,0.16,0.58,4.15,1.92,2.60,1423
90.708,16.67,0.16,0.58,0.42,1.91,0.00,1417
90.724,16.68,0.15,0.58,4.11,1.90,2.57,1409
90.741,16.65,0.16,0.57,0.41,1.90,0.00,1406
90.758,16.67,0.16,0.59,4.13,1.90,2.56,1400
90.774,16.70,0.17,0.58,0.42,1.90,0.00,1395
90.791,16.64,0.15,0.57,4.14,1.89,2.58,1387
90.808,16.66,0.16,0.53,0.47,1.89,0.00,1375
90.824,16.67,0.16,0.54,4.16,1.88,2.57,1369
90.841,16.73,0.15,0.53,0.42,1.87,0.00,1363
90.858,16.61,0.15,0.52,4.00,1.86,2.43,1356
90.874,16.66,0.16,0.54,0.40,1.86,0.00,1347
90.891,16.72,0.15,0.52,4.09,1.85,2.59,1345
90.908,16.67,0.15,0.52,0.37,1.86,0.00,1342
90.924,16.60,0.15,0.54,4.08,1.84,2.55,1336
90.941,16.70,0.15,0.53,0.38,1.84,0.00,1329
90.958,16.64,0.15,0.51,4.06,1.83,2.52,1320
90.975,16.72,0.15,0.52,0.40,1.82,0.00,1313
90.991,16.75,0.16,0.52,4.02,1.83,2.51,1309
91.008,16.65,0.15,0.52,0.35,1.82,0.00,1301
91.025,16.62,0.15,0.50,4.21,1.82,2.69,1293
91.041,16.65,0.15,0.50,0.41,1.81,0.00,1286
91.058,16.64,0.15,0.51,4.14,1.81,2.59,1273
91.075,16.74,0.16,0.52,0.44,1.80,0.00,1268
91.091,16.61,0.16,0.53,4.18,1.80,2.57,1261
91.108,16.67,0.15,0.53,0.41,1.79,0.00,1252
91.124,16.66,0.14,0.51,4.04,1.79,2.50,1249
91.141,16.67,0.16,0.52,0.42,1.79,0.00,1241
91.158,16.79,0.15,0.50,4.05,1.78,2.53,1232
91.175,16.58,0.15,0.50,0.39,1.78,0.00,1231
91.191,16.63,0.14,0.51,4.07,1.77,2.54,1213
91.208,16.76,0.15,0.49,0.42,1.77,0.00,1206
91.224,16.57,0.14,0.48,3.90,1.76,2.35,1195
91.241,16.80,0.16,0.50,0.40,1.76,0.00,1189
91.258,16.53,0.17,0.51,4.10,1.75,2.57,1183
91.274,16.66,0.14,0.49,0.39,1.75,0.00,1173
91.291,16.74,0.13,0.48,3.81,1.75,2.34,1163
91.308,16.68,0.14,0.48,0.36,1.76,0.00,1159
91.325,16.66,0.13,0.47,4.00,1.75,2.53,1155
91.341,16.61,0.14,0.50,0.37,1.76,0.00,1151
91.358,16.66,0.12,0.60,3.99,1.74,2.49,1142
91.375,16.67,0.14,0.49,0.35,1.75,0.00,1137
91.391,16.67,0.13,0.47,4.05,1.75,2.56,1131
91.408,16.74,0.12,0.48,0.37,1.75,0.00,1127
91.425,16.67,0.12,0.46,4.05,1.74,2.57,1123
91.441,16.60,0.13,0.48,0.36,1.74,0.00,1118
91.458,16.67,0.12,0.45,3.84,1.73,2.35,1107
91.475,16.68,0.13,0.48,0.37,1.73,0.00,1099
91.491,16.67,0.13,0.46,3.89,1.72,2.41,1094
91.508,16.66,0.13,0.46,0.34,1.73,0.00,1088
91.525,16.68,0.17,0.61,4.22,1.72,2.71,1076
91.541,16.66,0.17,0.63,0.43,1.72,0.00,1067
91.558,16.67,0.16,0.60,4.21,1.70,2.71,1059
91.575,16.67,0.17,0.61,0.44,1.70,0.00,1048
91.591,16.76,0.16,0.61,4.14,1.70,2.64,1044
91.608,16.58,0.17,0.59,0.44,1.70,0.00,1037
91.625,16.69,0.17,0.59,4.33,1.69,2.79,1025
91.641,16.65,0.18,0.60,0.44,1.70,0.00,1016
91.658,16.67,0.17,0.58,4.15,1.68,2.65,1007
91.675,16.67,0.18,0.61,0.44,1.69,0.00,998
91.691,16.69,0.16,0.57,4.23,1.67,2.69,988
91.708,16.72,0.16,0.61,0.45,1.68,0.00,982
91.725,16.61,0.16,0.59,4.23,1.67,2.71,979
91.741,16.72,0.15,0.59,0.45,1.68,0.00,971
91.758,16.62,0.16,0.57,4.20,1.67,2.70,963
91.775,16.64,0.17,0.59,0.44,1.67,0.00,960
91.791,16.67,0.16,0.56,4.14,1.67,2.65,950
91.808,16.66,0.17,0.59,0.44,1.67,0.00,940
91.825,16.67,0.16,0.57,4.18,1.67,2.66,930
91.841,16.67,0.17,0.58,0.44,1.66,0.00,925
91.858,16.66,0.16,0.56,4.19,1.64,2.67,920
91.875,16.68,0.15,0.60,0.44,1.65,0.00,915
91.891,16.66,0.18,0.59,4.38,1.65,2.85,909
91.908,16.67,0.17,0.58,0.43,1.66,0.00,898
91.925,16.67,0.14,0.57,4.16,1.64,2.66,890
91.941,16.68,0.16,0.58,0.44,1.65,0.00,883
91.958,16.66,0.15,0.55,4.19,1.64,2.67,879
91.975,16.65,0.17,0.56,0.42,1.65,0.00,877
91.991,16.67,0.17,0.55,4.20,1.63,2.70,869
92.008,16.66,0.17,0.55,0.43,1.64,0.00,859
92.025,16.68,0.14,0.52,4.21,1.63,2.71,854
92.041,16.66,0.16,0.56,0.45,1.63,0.00,848
92.058,16.67,0.17,0.54,4.23,1.61,2.71,840
92.075,16.67,0.17,0.56,0.45,1.63,0.00,832
92.091,16.67,0.15,0.53,4.17,1.63,2.68,826
92.108,16.66,0.13,0.55,0.44,1.62,0.00,814
92.125,16.67,0.12,0.53,4.22,1.60,2.71,807
92.141,16.66,0.12,0.54,0.46,1.63,0.00,798
92.158,16.68,0.10,0.53,4.27,1.60,2.76,788
92.175,16.66,0.13,0.54,0.45,1.62,0.00,783
92.191,16.67,0.12,0.54,4.16,1.60,2.65,770
92.208,16.66,0.11,0.53,0.42,1.61,0.00,760
92.225,16.67,0.11,0.53,4.16,1.60,2.66,752
92.241,16.67,0.12,0.54,0.45,1.58,0.00,746
92.258,16.67,0.11,0.53,4.19,1.60,2.68,740
92.275,16.67,0.11,0.51,0.43,1.60,0.00,731
92.291,16.66,0.11,0.49,4.14,1.58,2.65,724
92.308,16.72,0.12,0.52,0.43,1.59,0.00,713
92.325,16.64,0.10,0.50,4.17,1.57,2.68,707
92.341,16.64,0.12,0.53,0.44,1.58,0.00,702
92.358,16.67,0.11,0.45,4.24,1.56,2.69,695
92.375,16.67,0.12,0.48,0.48,1.57,0.00,685
92.391,16.68,0.10,0.46,4.17,1.59,2.69,669
92.408,16.65,0.11,0.47,0.42,1.59,0.00,665
92.425,16.67,0.10,0.44,4.23,1.56,2.75,655
92.441,16.66,0.09,0.47,0.43,1.58,0.00,648
92.458,16.67,0.10,0.45,4.13,1.55,2.66,641
92.475,16.69,0.11,0.46,0.42,1.57,0.00,636
92.491,16.66,0.10,0.45,4.23,1.56,2.71,631
92.508,16.65,0.11,0.46,0.42,1.57,0.00,625
92.525,16.68,0.09,0.43,4.17,1.55,2.67,615
92.541,16.65,0.10,0.46,0.41,1.55,0.00,605
92.558,16.67,0.10,0.42,4.17,1.58,2.69,600
92.575,16.66,0.11,0.45,0.41,1.56,0.00,592
92.591,16.76,0.09,0.44,4.14,1.55,2.67,585
92.608,16.60,0.11,0.45,0.43,1.55,0.00,581
92.625,16.67,0.11,0.45,4.19,1.54,2.69,575
92.641,16.66,0.11,0.45,0.43,1.55,0.00,570
92.658,16.66,0.10,0.41,4.15,1.53,2.66,561
92.675,16.67,0.09,0.43,0.43,1.55,0.00,558
92.691,16.69,0.09,0.43,4.27,1.54,2.77,552
92.708,16.66,0.07,0.34,0.41,1.56,0.00,549
92.725,16.66,0.11,0.45,4.28,1.54,2.76,543
92.741,16.67,0.12,0.45,0.46,1.55,0.00,538
92.758,16.67,0.10,0.44,4.17,1.54,2.67,535
92.775,16.67,0.11,0.43,0.45,1.55,0.00,522
92.791,16.67,0.09,0.40,4.13,1.54,2.66,511
92.808,16.68,0.09,0.43,0.40,1.54,0.00,500
92.825,16.65,0.09,0.40,4.16,1.54,2.68,495
92.841,16.67,0.09,0.42,0.41,1.54,0.00,489
92.858,16.68,0.08,0.39,4.18,1.53,2.71,480
92.875,16.66,0.10,0.43,0.44,1.53,0.00,474
92.891,16.67,0.09,0.40,4.20,1.52,2.71,470
92.908,16.67,0.09,0.42,0.42,1.53,0.00,464
92.925,16.67,0.07,0.40,4.13,1.53,2.65,459
92.941,16.67,0.07,0.41,0.42,1.54,0.00,444
92.958,16.68,0.05,0.39,4.25,1.53,2.75,437
92.975,16.65,0.07,0.40,0.41,1.53,0.00,428
92.991,16.67,0.07,0.39,4.20,1.53,2.72,425
93.008,16.68,0.07,0.40,0.42,1.53,0.00,419
93.025,16.66,0.06,0.39,4.16,1.51,2.69,410
93.041,16.67,0.07,0.40,0.44,1.53,0.00,404
93.058,16.67,0.07,0.39,4.24,1.52,2.72,398
93.075,16.66,0.06,0.42,0.45,1.52,0.00,388
93.091,16.67,0.06,0.39,4.19,1.51,2.70,379
93.108,16.69,0.07,0.40,0.41,1.52,0.00,371
93.125,16.65,0.06,0.40,4.24,1.52,2.74,363
93.141,16.67,0.05,0.41,0.47,1.52,0.00,356
93.158,16.66,0.05,0.36,4.19,1.52,2.72,348
93.175,16.67,0.06,0.38,0.40,1.52,0.00,339
93.191,16.70,0.05,0.37,4.11,1.52,2.65,333
93.208,16.63,0.05,0.38,0.39,1.53,0.00,322
93.225,16.67,0.05,0.36,4.23,1.52,2.77,315
93.241,16.66,0.02,0.37,0.45,1.52,0.00,304
93.258,16.67,0.03,0.34,4.16,1.51,2.71,298
93.275,16.66,0.03,0.37,0.41,1.51,0.00,297
93.291,16.68,0.03,0.33,4.09,1.51,2.66,290
93.308,16.67,0.02,0.37,0.41,1.52,0.00,274
93.325,16.67,0.03,0.33,4.16,1.52,2.69,267
93.341,16.67,0.02,0.37,0.41,1.51,0.00,262
93.358,16.68,0.02,0.33,4.15,1.51,2.69,254
93.375,16.65,0.02,0.36,0.43,1.52,0.00,251
93.391,16.67,0.02,0.35,4.23,1.51,2.73,249
93.408,16.66,0.02,0.36,0.42,1.51,0.00,239
93.425,16.68,0.03,0.32,4.20,1.51,2.73,235
93.441,16.68,0.02,0.37,0.50,1.51,0.00,232
93.458,16.65,0.02,0.34,4.17,1.50,2.70,220
93.475,16.67,0.02,0.35,0.41,1.50,0.00,211
93.491,16.68,0.02,0.35,4.33,1.50,2.83,200
93.508,16.65,0.03,0.35,0.43,1.50,0.00,194
93.525,16.67,0.02,0.31,4.24,1.50,2.71,191
93.541,16.69,0.01,0.34,0.42,1.50,0.00,186
93.558,16.66,0.00,0.35,4.20,1.50,2.71,212
