t,frameMs,tickMs,buildMs,encodeMs,gpuMs,inkMs,instances
0.000,25.76,0.00,0.17,1744.76,0.00,0.00,351
1.753,1753.09,0.01,0.09,0.90,2.63,0.04,373
1.766,13.11,0.00,0.08,0.66,1.95,0.00,371
1.783,16.61,0.02,0.07,0.11,2.54,0.04,374
1.799,16.69,0.00,0.08,0.07,2.08,0.00,372
1.816,16.65,0.00,0.08,8.09,1.95,7.81,372
1.833,16.66,0.00,0.09,0.06,1.95,0.00,373
1.849,16.66,0.00,0.08,0.35,1.95,0.04,372
1.866,16.76,0.01,0.10,0.07,1.96,0.00,371
1.883,16.58,0.00,0.09,0.44,1.96,0.05,371
1.899,16.68,0.00,0.10,0.07,1.96,0.00,372
1.917,17.59,0.00,0.14,0.55,1.92,0.07,370
1.933,15.73,0.00,0.11,0.09,1.92,0.00,370
1.949,16.67,0.00,0.09,3.97,1.93,3.64,365
1.966,16.68,0.00,0.11,0.07,1.93,0.00,365
1.983,16.66,0.00,0.09,0.38,1.93,0.05,365
1.999,16.67,0.00,0.10,0.07,1.93,0.00,365
2.016,16.66,0.00,0.11,0.51,1.92,0.06,365
2.033,16.68,0.00,0.11,0.09,1.91,0.00,365
2.049,16.67,0.00,0.13,0.60,1.94,0.08,365
2.066,16.66,0.01,0.26,0.31,1.94,0.00,365
2.083,16.66,0.01,0.29,6.44,1.90,5.58,365
2.100,16.72,0.02,0.29,0.27,1.94,0.00,363
2.116,16.70,0.01,0.41,1.31,1.90,0.20,362
2.133,16.67,0.01,0.52,0.41,1.90,0.00,361
2.150,16.61,0.02,0.52,1.79,1.91,0.27,361
2.166,16.71,0.02,0.51,0.40,1.92,0.00,361
2.183,16.70,0.02,0.51,1.76,1.89,0.28,360
2.200,16.66,0.02,0.55,0.44,1.90,0.00,359
2.216,16.61,0.02,0.50,7.69,1.91,6.17,358
2.233,16.66,0.03,0.52,0.42,1.93,0.00,357
2.250,16.67,0.02,0.50,1.80,1.92,0.27,357
2.266,16.73,0.02,0.55,0.47,1.93,0.00,355
2.283,16.70,0.01,0.29,0.99,1.92,0.14,353
2.300,16.63,0.01,0.31,0.33,1.93,0.00,350
2.316,16.64,0.04,0.38,0.81,1.93,0.12,348
2.333,16.68,0.02,0.54,0.53,1.92,0.00,347
2.350,16.66,0.02,0.54,7.76,1.92,6.21,347
2.366,16.64,0.04,0.53,0.43,1.93,0.00,347
2.383,16.65,0.02,0.51,1.75,1.93,0.27,346
2.400,16.67,0.02,0.52,0.44,1.96,0.00,344
2.416,16.67,0.03,0.49,1.75,1.94,0.27,342
2.433,16.66,0.03,0.50,0.40,1.94,0.00,340
2.450,16.67,0.01,0.48,1.72,1.93,0.27,342
2.466,16.68,0.01,0.51,0.37,1.94,0.00,341
2.483,16.65,0.01,0.49,7.56,1.95,6.05,339
2.500,16.66,0.02,0.53,0.43,1.95,0.00,340
2.516,16.67,0.01,0.49,1.73,1.93,0.29,339
2.533,16.66,0.03,0.48,0.39,1.92,0.00,335
2.550,16.70,0.03,0.48,1.73,1.94,0.27,335
2.566,16.64,0.02,0.46,0.39,1.94,0.00,333
2.583,16.73,0.02,0.54,1.76,1.93,0.27,333
2.600,16.62,0.04,0.51,0.45,1.97,0.00,330
2.616,16.66,0.04,0.51,7.45,1.92,5.91,328
2.633,16.70,0.02,0.55,0.50,1.91,0.00,325
2.650,16.64,0.02,0.49,1.76,1.91,0.29,324
2.666,16.66,0.01,0.50,0.40,1.91,0.00,325
2.683,16.67,0.02,0.49,1.71,1.91,0.27,323
2.700,16.69,0.01,0.51,0.39,1.92,0.00,323
2.716,16.65,0.02,0.52,1.72,1.90,0.27,320
2.733,16.66,0.01,0.39,0.33,1.93,0.00,318
2.750,16.66,0.01,0.37,7.20,1.88,5.75,316
2.766,16.67,0.01,0.41,0.34,1.91,0.00,316
2.783,16.69,0.01,0.38,1.31,1.87,0.20,315
2.800,16.65,0.02,0.41,0.37,1.88,0.00,314
2.816,16.68,0.01,0.37,1.27,1.86,0.20,314
2.833,16.65,0.02,0.38,0.29,1.86,0.00,312
2.850,16.67,0.01,0.35,1.45,1.87,0.20,309
2.866,16.68,0.01,0.36,0.30,1.87,0.00,310
2.883,16.67,0.02,0.46,7.41,1.85,5.89,308
2.900,16.68,0.02,0.51,0.48,1.88,0.00,308
2.916,16.66,0.03,0.45,1.75,1.86,0.28,307
2.933,16.69,0.02,0.49,0.44,1.88,0.00,307
2.950,16.65,0.01,0.47,1.69,1.84,0.27,304
2.966,16.70,0.02,0.49,0.44,1.88,0.00,304
2.983,16.64,0.02,0.45,1.74,1.85,0.27,304
3.000,16.75,0.02,0.49,0.46,1.88,0.00,303
3.016,16.61,0.02,0.48,7.64,1.86,6.07,303
3.033,16.66,0.02,0.50,0.46,1.85,0.00,299
3.050,16.64,0.02,0.49,1.84,1.83,0.27,297
3.066,16.66,0.01,0.35,0.29,1.86,0.00,296
3.083,16.69,0.01,0.34,1.49,1.83,0.20,296
3.100,16.72,0.01,0.38,0.37,1.84,0.00,295
3.116,16.62,0.02,0.35,1.55,1.82,0.20,294
3.133,16.66,0.26,0.88,0.46,1.82,0.00,347
3.150,16.67,0.07,0.72,7.65,2.72,6.12,348
3.166,16.66,0.07,0.74,0.43,2.72,0.00,347
3.183,16.75,0.05,0.71,1.71,2.71,0.27,347
3.200,16.59,0.05,0.72,0.40,2.71,0.00,346
3.216,16.68,0.05,0.71,1.70,2.72,0.27,346
3.233,16.67,0.05,0.73,0.40,2.72,0.00,347
3.250,16.65,0.05,0.72,1.70,2.71,0.26,346
3.266,16.68,0.05,0.72,0.41,2.72,0.00,345
3.283,16.67,0.05,0.73,7.44,2.70,5.94,346
3.300,16.66,0.05,0.73,0.46,2.79,0.00,344
3.316,16.65,0.04,0.55,1.29,2.78,0.20,345
3.333,16.67,0.04,0.54,0.32,2.80,0.00,344
3.350,16.67,0.04,0.54,1.27,2.81,0.20,345
3.366,16.67,0.04,0.54,0.29,2.82,0.00,378
3.383,16.66,0.03,0.54,1.50,2.86,0.19,382
3.400,16.69,0.07,0.74,0.42,2.90,0.00,384
3.416,16.65,0.04,0.54,6.90,2.88,5.44,385
3.433,16.67,0.04,0.57,0.32,2.90,0.00,391
3.450,16.66,0.04,0.55,1.53,2.87,0.20,394
3.466,16.67,0.03,0.55,0.29,2.87,0.00,398
3.483,16.71,0.04,0.54,1.57,2.86,0.20,397
3.500,16.64,0.03,0.55,0.29,2.87,0.00,395
3.516,16.66,0.03,0.54,1.50,2.85,0.20,397
3.533,16.67,0.03,0.56,0.30,2.84,0.00,399
3.550,16.69,0.05,0.76,7.39,2.23,5.91,402
3.566,16.65,0.04,0.58,0.33,2.27,0.00,403
3.583,16.68,0.04,0.55,1.51,2.25,0.20,408
3.600,16.68,0.04,0.68,0.39,2.29,0.00,409
3.616,16.67,0.04,0.67,1.70,2.27,0.27,411
3.633,16.66,0.17,0.75,0.42,2.28,0.00,461
3.650,16.66,0.06,0.79,1.79,2.40,0.27,471
3.666,16.66,0.04,0.55,0.31,2.50,0.00,476
3.683,16.67,0.04,0.56,7.03,2.49,5.55,476
3.700,16.67,0.04,0.58,0.33,2.50,0.00,478
3.716,16.66,0.03,0.55,1.54,2.49,0.21,479
3.733,16.71,0.04,0.56,0.37,2.48,0.00,484
3.750,16.64,0.04,0.58,1.34,2.49,0.20,486
3.766,16.65,0.04,0.55,0.31,2.50,0.00,486
3.783,16.68,0.06,0.74,1.70,2.49,0.27,486
3.800,16.68,0.05,0.74,0.38,2.49,0.00,487
3.816,16.67,0.06,0.75,7.51,2.45,5.97,489
3.833,16.66,0.07,0.77,0.42,2.47,0.00,488
3.850,16.68,0.05,0.73,1.70,2.44,0.27,488
3.866,16.66,0.05,0.75,0.39,2.45,0.00,490
3.883,16.73,0.05,0.76,1.75,2.45,0.27,494
3.900,16.62,0.05,0.85,0.43,2.45,0.00,497
3.916,16.67,0.06,0.76,1.78,2.45,0.27,501
3.933,16.66,0.05,0.75,0.46,2.47,0.00,500
3.950,16.66,0.06,0.76,7.40,2.44,5.86,503
3.966,16.67,0.06,0.77,0.42,2.47,0.00,504
3.983,16.66,0.06,0.74,1.72,2.46,0.27,505
4.000,16.67,0.06,0.75,0.40,2.49,0.00,505
4.016,16.67,0.04,0.74,1.69,2.48,0.27,506
4.033,16.68,0.05,0.75,0.38,2.49,0.00,506
4.050,16.67,0.04,0.74,1.73,2.51,0.27,506
4.066,16.70,0.05,0.75,0.44,2.51,0.00,507
4.083,16.62,0.06,0.74,7.47,2.50,5.95,503
4.100,16.67,0.08,0.78,0.43,2.52,0.00,500
4.116,16.68,0.06,0.75,1.72,2.51,0.27,500
4.133,16.66,0.06,0.74,0.43,2.52,0.00,499
4.150,16.67,0.06,0.75,1.80,2.51,0.27,500
4.166,16.67,0.06,0.74,0.39,2.53,0.00,497
4.183,16.74,0.05,0.76,1.72,2.52,0.28,497
4.200,16.61,0.05,0.77,0.46,2.56,0.00,496
4.216,16.67,0.04,0.74,7.35,2.54,5.86,497
4.233,16.65,0.07,0.76,0.41,2.55,0.00,496
4.250,16.73,0.04,0.73,1.70,2.54,0.27,496
4.266,16.61,0.05,0.75,0.39,2.55,0.00,496
4.283,16.67,0.05,0.74,1.73,2.54,0.26,494
4.300,16.74,0.04,0.74,0.39,2.55,0.00,491
4.316,16.59,0.05,0.76,1.76,2.53,0.27,489
4.333,16.67,0.05,0.74,0.41,2.53,0.00,488
4.350,16.66,0.04,0.75,7.61,2.54,6.09,485
4.366,16.78,0.05,0.75,0.49,2.52,0.00,487
4.383,16.56,0.06,0.77,1.78,2.51,0.27,483
4.400,16.66,0.05,0.75,0.41,2.51,0.00,483
4.416,16.67,0.06,0.73,1.73,2.49,0.27,481
4.433,16.67,0.05,0.78,0.47,2.49,0.00,479
4.450,16.66,0.06,0.74,1.74,2.46,0.27,476
4.466,16.67,0.06,0.73,0.39,2.47,0.00,476
4.483,16.68,0.05,0.73,7.42,2.45,5.92,471
4.500,16.67,0.07,0.76,0.41,2.46,0.00,468
4.516,16.66,0.04,0.72,1.70,2.45,0.27,466
4.533,16.66,0.06,0.74,0.40,2.44,0.00,465
4.550,16.67,0.07,0.75,1.76,2.42,0.27,464
4.566,16.67,0.06,0.75,0.43,2.40,0.00,460
4.583,16.66,0.04,0.74,1.71,2.38,0.27,456
4.600,16.68,0.05,0.74,0.39,2.38,0.00,448
4.616,16.67,0.05,0.75,7.48,2.35,5.98,440
4.633,16.65,0.08,0.72,0.43,2.35,0.00,433
4.650,16.74,0.05,0.71,1.74,2.04,0.27,433
4.666,16.60,0.05,0.69,0.42,2.05,0.00,430
4.683,16.69,0.04,0.68,1.71,2.04,0.27,428
4.700,16.65,0.05,0.66,0.39,2.04,0.00,429
4.716,16.66,0.04,0.67,1.69,2.01,0.27,424
4.733,16.68,0.06,0.69,0.44,2.00,0.00,423
4.750,16.65,0.05,0.67,7.35,2.00,5.86,421
4.766,16.67,0.06,0.72,0.42,1.99,0.00,418
4.783,16.67,0.08,0.95,1.90,1.95,0.47,469
4.800,16.67,0.07,0.93,0.39,2.88,0.00,470
4.816,16.67,0.07,0.94,1.74,2.87,0.27,469
4.833,16.67,0.06,0.92,0.40,2.87,0.00,465
4.850,16.70,0.06,0.92,1.69,2.86,0.28,462
4.866,16.64,0.06,0.93,0.39,2.87,0.00,461
4.883,16.67,0.06,0.90,7.44,2.85,5.95,461
4.900,16.67,0.08,0.96,0.43,2.88,0.00,461
4.916,16.66,0.07,0.92,1.73,2.85,0.27,459
4.933,16.77,0.05,0.73,0.37,2.85,0.00,458
4.950,16.54,0.03,0.40,0.78,2.88,0.11,455
4.966,16.70,0.10,1.00,0.53,2.89,0.00,454
4.983,16.67,0.08,0.96,1.78,2.91,0.28,452
5.000,16.65,0.07,0.92,0.39,2.94,0.00,453
5.016,16.67,0.08,0.93,7.52,2.96,6.01,462
5.033,16.67,0.08,0.97,0.41,3.00,0.00,465
5.050,16.68,0.06,0.93,1.72,3.01,0.27,467
5.066,16.72,0.06,0.98,0.47,3.07,0.00,468
5.083,16.60,0.06,0.72,1.34,3.05,0.20,470
5.100,16.65,0.03,0.50,0.47,3.01,0.00,458
5.116,16.69,0.05,0.75,1.70,3.00,0.27,458
5.133,16.67,0.06,0.74,0.40,3.02,0.00,458
5.150,16.67,0.07,0.75,7.65,3.02,6.14,460
5.166,16.68,0.07,0.78,0.42,3.02,0.00,466
5.183,16.75,0.06,0.82,1.74,3.03,0.27,465
5.200,16.58,0.07,0.76,0.40,2.46,0.00,465
5.216,16.68,0.05,0.75,1.73,2.46,0.27,465
5.233,16.67,0.08,0.78,0.45,2.47,0.00,469
5.250,16.65,0.08,0.75,1.75,2.49,0.27,469
5.266,16.68,0.05,0.74,0.41,2.51,0.00,469
5.283,16.66,0.06,0.77,7.42,2.50,5.90,471
5.300,16.66,0.08,0.78,0.41,2.49,0.00,474
5.316,16.70,0.06,0.76,1.76,2.49,0.27,479
5.333,16.64,0.07,0.75,0.39,2.50,0.00,479
5.350,16.67,0.05,0.74,1.69,2.50,0.27,481
5.366,16.68,0.05,0.75,0.39,2.52,0.00,483
5.383,16.66,0.06,0.77,1.72,2.49,0.27,486
5.400,16.66,0.06,0.76,0.40,2.54,0.00,487
5.416,16.67,0.08,0.78,7.55,2.53,6.01,488
5.433,16.67,0.07,0.77,0.42,2.52,0.00,491
5.450,16.73,0.05,0.76,1.72,2.51,0.28,492
5.466,16.61,0.05,0.74,0.39,2.52,0.00,492
5.483,16.66,0.06,0.77,1.78,2.49,0.27,493
5.500,16.68,0.06,0.78,0.48,2.49,0.00,497
5.517,16.75,0.06,0.78,1.81,2.50,0.27,502
5.533,16.57,0.07,0.77,0.42,2.51,0.00,505
5.550,16.67,0.05,0.74,7.40,2.53,5.91,504
5.566,16.66,0.07,0.78,0.45,2.53,0.00,504
5.583,16.68,0.05,0.73,1.72,2.53,0.27,503
5.600,16.66,0.05,0.69,0.40,2.52,0.00,504
5.617,16.74,0.05,0.70,1.72,2.51,0.27,499
5.633,16.60,0.22,0.82,0.43,2.52,0.00,566
5.650,16.67,0.08,0.78,1.71,2.70,0.27,575
5.666,16.67,0.10,0.79,0.45,2.83,0.00,576
5.683,16.67,0.09,0.78,7.52,2.81,6.01,577
5.700,16.74,0.08,0.82,0.44,2.82,0.00,575
5.716,16.58,0.09,0.77,1.70,2.82,0.27,575
5.733,16.71,0.08,0.80,0.44,2.81,0.00,572
5.750,16.63,0.09,0.78,1.72,2.81,0.27,571
5.766,16.67,0.10,0.78,0.44,2.81,0.00,570
5.783,16.67,0.10,0.77,1.71,2.80,0.27,570
5.800,16.68,0.08,0.78,0.39,2.82,0.00,571
5.816,16.67,0.10,0.78,7.47,2.80,5.92,571
5.833,16.69,0.11,0.81,0.46,2.79,0.00,572
5.850,16.65,0.09,0.79,1.73,2.82,0.27,568
5.866,16.66,0.09,0.78,0.40,2.82,0.00,568
5.883,16.67,0.08,0.77,1.70,2.81,0.28,567
5.900,16.67,0.08,0.76,0.41,2.82,0.00,565
5.917,16.68,0.11,0.80,1.81,2.81,0.27,563
5.933,16.66,0.09,0.77,0.44,2.80,0.00,561
5.950,16.67,0.09,0.78,7.52,2.79,6.00,560
5.966,16.66,0.10,0.80,0.43,2.80,0.00,560
5.983,16.67,0.11,0.80,1.77,2.78,0.27,559
6.000,16.67,0.09,0.78,0.39,2.80,0.00,561
6.017,16.68,0.08,0.77,1.70,2.80,0.28,554
6.033,16.67,0.08,0.78,0.38,2.79,0.00,552
6.050,16.66,0.08,0.76,1.71,2.78,0.26,551
6.067,16.68,0.08,0.78,0.49,2.79,0.00,550
6.083,16.66,0.10,0.89,7.54,2.75,6.00,547
6.100,16.66,0.10,0.81,0.43,2.74,0.00,544
6.117,16.67,0.09,0.76,1.74,2.73,0.27,542
6.133,16.67,0.11,0.79,0.41,2.71,0.00,539
6.150,16.76,0.09,0.80,1.77,2.71,0.27,535
6.167,16.60,0.09,0.79,0.48,2.70,0.00,533
6.183,16.65,0.11,0.77,1.78,2.69,0.27,531
6.200,16.68,0.09,0.80,0.47,2.68,0.00,529
6.217,16.67,0.08,0.75,7.47,2.65,5.98,528
6.233,16.65,0.10,0.81,0.45,2.64,0.00,524
6.250,16.66,0.09,0.78,1.71,2.62,0.27,524
6.267,16.68,0.08,0.79,0.44,2.62,0.00,524
6.283,16.66,0.09,0.79,1.74,2.59,0.27,522
6.300,16.67,0.08,0.76,0.49,2.23,0.00,520
6.317,16.67,0.09,0.74,1.76,2.22,0.27,519
6.333,16.66,0.09,0.74,0.39,2.21,0.00,516
6.350,16.68,0.07,0.72,7.35,2.19,5.87,514
6.367,16.66,0.10,0.76,0.44,2.18,0.00,513
6.383,16.67,0.09,0.72,1.74,2.17,0.27,510
6.400,16.67,0.09,0.74,0.40,2.16,0.00,509
6.417,16.68,0.09,0.74,1.74,2.15,0.27,507
6.433,16.67,0.08,0.74,0.39,2.14,0.00,507
6.450,16.66,0.07,0.72,1.71,2.15,0.28,507
6.467,16.69,0.07,0.73,0.37,2.15,0.00,506
6.483,16.66,0.11,0.81,7.54,2.12,6.00,504
6.500,16.74,0.15,0.77,0.44,2.12,0.00,503
6.517,16.59,0.09,0.74,1.77,2.12,0.27,503
6.533,16.67,0.09,0.74,0.42,2.11,0.00,501
6.550,16.68,0.07,0.73,1.70,2.10,0.27,498
6.567,16.67,0.10,0.75,0.44,2.11,0.00,496
6.583,16.66,0.10,0.72,1.71,2.10,0.27,497
6.600,16.66,0.09,0.74,0.41,2.13,0.00,497
6.617,16.75,0.09,0.74,7.32,2.10,5.84,496
6.633,16.59,0.09,0.75,0.41,2.11,0.00,492
6.650,16.68,0.05,0.71,1.70,2.10,0.27,489
6.667,16.69,0.05,0.73,0.42,2.10,0.00,487
6.683,16.72,0.06,0.71,1.72,2.09,0.27,485
6.700,16.60,0.05,0.70,0.40,2.09,0.00,480
6.717,16.65,0.05,0.71,1.70,2.09,0.27,478
6.733,16.74,0.06,0.75,0.41,2.09,0.00,474
6.750,16.60,0.07,0.52,7.52,2.09,5.98,459
6.767,16.67,0.07,0.55,0.42,2.08,0.00,458
6.783,16.68,0.05,0.51,1.73,2.07,0.27,455
6.800,16.66,0.07,0.53,0.45,2.06,0.00,450
6.817,16.69,0.06,0.55,1.81,2.05,0.27,446
6.833,16.65,0.07,0.54,0.41,2.06,0.00,446
6.850,16.66,0.05,0.52,1.69,2.06,0.25,447
6.867,16.74,0.05,0.55,0.42,2.05,0.00,445
6.883,16.59,0.11,0.78,7.54,2.04,6.04,490
6.900,16.67,0.12,0.79,0.41,2.93,0.00,487
6.917,16.67,0.11,0.77,1.71,2.92,0.24,488
6.933,16.69,0.09,0.76,0.40,2.92,0.00,485
6.950,16.64,0.09,0.77,1.66,2.91,0.24,482
6.967,16.67,0.10,0.76,0.40,2.92,0.00,478
6.983,16.68,0.10,0.78,1.72,2.91,0.24,477
7.000,16.65,0.12,0.78,0.45,2.90,0.00,478
7.017,16.67,0.10,0.78,7.46,2.90,5.97,477
7.033,16.66,0.12,0.81,0.43,2.91,0.00,479
7.050,16.67,0.11,0.78,1.72,2.88,0.24,479
7.067,16.68,0.10,0.81,0.45,2.89,0.00,482
7.083,16.65,0.11,0.79,1.69,2.88,0.24,482
7.100,16.68,0.09,0.78,0.39,2.89,0.00,482
7.117,16.65,0.09,0.78,1.68,2.88,0.24,484
7.133,16.68,0.09,0.76,0.39,2.88,0.00,482
7.150,16.67,0.09,0.79,7.30,2.87,5.83,481
7.167,16.67,0.11,0.83,0.43,2.87,0.00,480
7.183,16.74,0.09,0.80,1.67,2.87,0.24,483
7.200,16.62,0.10,0.79,0.44,2.91,0.00,484
7.217,16.67,0.10,0.81,1.74,2.89,0.24,482
7.233,16.65,0.10,0.81,0.49,2.87,0.00,482
7.250,16.65,0.12,0.83,1.76,2.86,0.25,485
7.267,16.68,0.10,0.80,0.39,2.88,0.00,486
7.283,16.65,0.10,0.79,7.49,2.87,5.99,486
7.300,16.69,0.09,0.82,0.45,2.31,0.00,489
7.317,16.65,0.08,0.81,1.69,2.28,0.24,490
7.333,16.76,0.09,0.81,0.43,2.30,0.00,493
7.350,16.58,0.09,0.81,1.68,2.33,0.25,494
7.367,16.68,0.08,0.79,0.39,2.33,0.00,494
7.383,16.65,0.08,0.79,1.66,2.32,0.25,495
7.400,16.68,0.11,0.82,0.44,2.33,0.00,496
7.417,16.82,0.09,0.83,7.37,2.32,5.85,497
7.433,16.49,0.07,0.60,0.31,2.33,0.00,497
7.450,16.67,0.06,0.59,1.24,2.32,0.18,499
7.467,16.74,0.07,0.61,0.35,2.35,0.00,501
7.483,16.62,0.10,0.83,1.76,2.33,0.24,502
7.500,16.68,0.05,0.42,0.26,2.37,0.00,500
7.517,16.64,0.06,0.43,1.04,2.37,0.12,501
7.533,16.66,0.07,0.62,0.32,2.39,0.00,504
7.550,16.68,0.08,0.80,7.44,2.39,5.95,506
7.567,16.67,0.11,0.82,0.42,2.40,0.00,508
7.583,16.67,0.10,0.79,1.69,2.40,0.24,508
7.600,16.67,0.09,0.73,0.41,2.40,0.00,510
7.617,16.67,0.08,0.73,1.66,2.41,0.24,511
7.633,16.67,0.24,0.83,0.39,2.42,0.00,573
7.650,16.68,0.08,0.84,1.69,2.61,0.24,577
7.667,16.66,0.09,0.86,0.42,2.68,0.00,577
7.683,16.67,0.11,0.85,7.54,2.67,5.98,577
7.700,16.68,0.11,0.90,0.44,2.66,0.00,578
7.717,16.65,0.11,0.86,1.71,2.67,0.24,579
7.733,16.67,0.10,0.86,0.46,2.68,0.00,580
7.750,16.67,0.10,0.85,1.70,2.68,0.24,580
7.767,16.69,0.09,0.85,0.41,2.68,0.00,580
7.783,16.67,0.09,0.84,1.69,2.68,0.24,582
7.800,16.65,0.09,0.82,0.40,2.71,0.00,583
7.817,16.66,0.11,0.87,7.61,2.70,6.11,582
7.833,16.66,0.11,0.88,0.44,2.70,0.00,579
7.850,16.67,0.10,0.85,1.72,2.70,0.26,580
7.867,16.67,0.10,0.85,0.40,2.70,0.00,578
7.883,16.67,0.08,0.85,1.70,2.70,0.28,578
7.900,16.68,0.08,0.85,0.38,2.70,0.00,581
7.917,16.67,0.08,0.86,1.73,2.69,0.27,582
7.933,16.66,0.11,0.84,0.41,2.69,0.00,583
7.950,16.67,0.09,0.84,7.35,2.70,5.85,583
7.967,16.66,0.11,0.87,0.44,2.71,0.00,584
7.983,16.66,0.10,0.85,1.76,2.71,0.28,583
8.000,16.67,0.10,0.83,0.39,2.70,0.00,580
8.017,16.68,0.08,0.84,1.69,2.69,0.27,581
8.033,16.68,0.09,0.85,0.42,2.69,0.00,582
8.050,16.65,0.09,0.84,1.71,2.69,0.27,583
8.067,16.66,0.09,0.82,0.38,2.69,0.00,583
8.083,16.68,0.10,0.86,7.43,2.67,5.93,582
8.100,16.66,0.11,0.87,0.41,2.70,0.00,583
8.117,16.68,0.08,0.85,1.71,2.68,0.27,582
8.133,16.67,0.09,0.85,0.39,2.69,0.00,580
8.150,16.66,0.08,0.85,1.71,2.67,0.27,578
8.167,16.73,0.10,0.86,0.46,2.68,0.00,575
8.183,16.68,0.09,0.86,1.74,2.67,0.28,576
8.200,16.58,0.09,0.86,0.42,2.68,0.00,576
8.217,16.74,0.09,0.84,7.34,2.68,5.86,576
8.233,16.60,0.13,1.16,0.43,2.68,0.00,627
8.250,16.68,0.10,1.14,1.91,3.54,0.46,628
8.267,16.67,0.11,1.17,0.42,3.54,0.00,627
8.283,16.65,0.10,1.15,1.72,3.53,0.27,626
8.300,16.67,0.10,1.14,0.42,3.53,0.00,622
8.317,16.67,0.10,1.17,1.75,3.53,0.27,616
8.333,16.67,0.14,1.20,0.47,3.52,0.00,615
8.350,16.68,0.10,1.16,7.48,3.52,5.98,605
8.367,16.66,0.13,1.19,0.42,3.53,0.00,595
8.383,16.65,0.12,1.16,1.71,3.52,0.28,585
8.400,16.75,0.11,1.18,0.42,3.15,0.00,582
8.417,16.60,0.11,1.20,1.78,3.13,0.27,584
8.433,16.66,0.13,1.19,0.45,3.17,0.00,584
8.450,16.65,0.11,1.17,1.73,3.18,0.27,583
8.467,16.67,0.11,1.17,0.40,3.19,0.00,585
8.483,16.68,0.12,1.22,7.42,3.21,5.89,585
8.500,16.67,0.13,1.20,0.44,3.22,0.00,585
8.517,16.65,0.10,1.18,1.71,3.24,0.27,586
8.533,16.67,0.12,1.18,0.41,3.25,0.00,589
8.550,16.67,0.10,1.19,1.70,3.29,0.26,590
8.567,16.67,0.12,1.19,0.43,3.31,0.00,590
8.583,16.67,0.12,1.20,1.73,3.31,0.28,589
8.600,16.67,0.12,1.19,0.41,3.32,0.00,588
8.617,16.69,0.10,1.18,7.41,3.32,5.91,588
8.633,16.65,0.13,1.21,0.45,3.35,0.00,588
8.650,16.66,0.12,1.19,1.73,2.76,0.28,591
8.667,16.67,0.11,1.22,0.44,2.79,0.00,591
8.683,16.67,0.12,1.21,1.74,2.79,0.27,594
8.700,16.66,0.12,1.19,0.40,2.84,0.00,596
8.717,16.67,0.11,1.18,1.72,2.84,0.28,597
8.733,16.68,0.10,1.19,0.41,2.85,0.00,597
8.750,16.67,0.10,1.19,7.36,2.86,5.86,598
8.767,16.67,0.12,1.21,0.43,2.85,0.00,596
8.783,16.67,0.09,1.19,1.71,2.85,0.27,597
8.800,16.65,0.11,1.19,0.40,2.87,0.00,597
8.817,16.68,0.09,1.20,1.69,2.87,0.27,598
8.833,16.67,0.10,1.19,0.44,2.89,0.00,596
8.850,16.65,0.10,0.93,1.70,2.92,0.28,594
8.867,16.70,0.10,0.94,0.41,2.92,0.00,597
8.883,16.65,0.09,0.94,7.42,2.92,5.92,598
8.900,16.67,0.11,0.96,0.43,2.93,0.00,600
8.917,16.68,0.10,0.97,1.77,2.92,0.28,600
8.933,16.66,0.10,0.96,0.46,2.90,0.00,600
8.950,16.66,0.10,0.92,1.72,2.91,0.27,601
8.967,16.67,0.11,0.94,0.41,2.91,0.00,602
8.984,16.74,0.11,0.96,1.73,2.91,0.28,605
9.000,16.59,0.10,0.96,0.42,2.95,0.00,606
9.017,16.67,0.09,0.93,7.37,2.93,5.88,610
9.033,16.67,0.12,0.97,0.44,2.94,0.00,611
9.050,16.68,0.09,0.93,1.71,2.93,0.27,611
9.067,16.66,0.11,0.92,0.40,2.94,0.00,610
9.083,16.67,0.11,0.93,1.72,2.93,0.27,609
9.100,16.68,0.09,0.92,0.42,2.94,0.00,609
9.117,16.67,0.09,0.93,1.70,2.93,0.27,609
9.133,16.67,0.10,0.94,0.40,2.94,0.00,612
9.150,16.66,0.09,0.93,7.43,2.97,5.95,613
9.167,16.66,0.11,0.94,0.42,2.97,0.00,615
9.184,16.74,0.10,0.95,1.75,2.96,0.28,616
9.200,16.60,0.10,0.93,0.42,2.97,0.00,615
9.217,16.68,0.10,0.93,1.73,2.95,0.28,612
9.233,16.66,0.10,0.94,0.43,2.95,0.00,613
9.250,16.65,0.11,0.92,1.70,2.94,0.25,613
9.267,16.67,0.10,0.93,0.41,2.93,0.00,613
9.283,16.67,0.10,0.93,7.31,2.94,5.83,613
9.300,16.74,0.10,0.94,0.46,2.98,0.00,616
9.317,16.59,0.09,0.91,1.69,2.99,0.24,616
9.333,16.67,0.10,0.91,0.42,2.99,0.00,616
9.350,16.67,0.12,0.94,1.74,2.99,0.22,618
9.367,16.67,0.11,0.94,0.45,2.97,0.00,631
9.383,16.67,0.09,0.71,1.33,2.99,0.15,633
9.400,16.67,0.11,0.93,0.44,3.01,0.00,633
9.417,16.67,0.10,0.92,7.59,3.01,6.06,631
9.433,16.68,0.12,0.93,0.45,3.01,0.00,633
9.450,16.66,0.10,0.92,1.72,3.01,0.26,633
9.467,16.69,0.10,0.90,0.43,3.01,0.00,632
9.483,16.64,0.10,0.90,1.71,3.00,0.25,633
9.500,16.69,0.10,0.91,0.43,3.01,0.00,632
9.517,16.66,0.09,0.91,1.73,2.99,0.28,631
9.533,16.66,0.10,0.91,0.43,3.00,0.00,631
9.550,16.67,0.09,0.90,7.37,3.00,5.88,631
9.567,16.67,0.11,0.93,0.43,3.00,0.00,632
9.583,16.67,0.11,0.90,1.73,2.98,0.27,631
9.600,16.67,0.09,0.81,0.45,3.02,0.00,631
9.617,16.68,0.11,0.82,1.80,3.00,0.27,630
9.633,16.66,0.22,0.90,0.48,3.00,0.00,646
9.650,16.67,0.10,0.90,1.76,3.12,0.27,651
9.667,16.67,0.10,0.90,0.48,3.18,0.00,651
9.683,16.66,0.12,0.89,7.79,3.18,6.26,648
9.700,16.67,0.12,0.91,0.43,3.17,0.00,640
9.717,16.68,0.10,0.88,1.73,3.15,0.27,630
9.734,16.66,0.11,0.88,0.46,3.14,0.00,622
9.750,16.67,0.10,0.88,1.81,2.71,0.27,621
9.767,16.66,0.12,0.89,0.49,2.70,0.00,621
9.784,16.68,0.12,0.90,1.82,2.69,0.27,620
9.800,16.66,0.10,0.85,0.45,2.68,0.00,618
9.817,16.66,0.12,0.88,7.70,2.67,6.16,618
9.834,16.70,0.11,0.88,0.52,2.66,0.00,619
9.850,16.70,0.10,0.88,1.79,2.65,0.29,619
9.867,16.61,0.10,0.88,0.50,2.64,0.00,619
9.884,16.66,0.12,0.86,1.74,2.63,0.27,619
9.900,16.74,0.10,0.88,0.50,2.64,0.00,618
9.917,16.69,0.10,0.89,1.85,2.63,0.28,617
9.934,16.59,0.12,0.87,0.48,2.60,0.00,616
9.950,16.67,0.12,0.88,7.83,2.59,6.26,615
9.967,16.67,0.12,0.88,0.51,2.58,0.00,615
9.984,16.69,0.10,0.89,1.82,2.56,0.27,615
10.000,16.63,0.12,0.87,0.49,2.55,0.00,615
10.017,16.67,0.11,0.87,1.76,2.54,0.27,612
10.034,16.67,0.12,0.85,0.45,2.53,0.00,612
10.050,16.79,0.10,0.86,1.80,2.54,0.27,608
10.067,16.64,0.11,0.87,0.52,2.53,0.00,606
10.084,16.59,0.12,0.88,7.72,2.52,6.17,600
10.100,16.66,0.11,0.87,0.50,2.50,0.00,596
10.117,16.66,0.10,0.86,1.82,2.49,0.27,594
10.134,16.67,0.11,0.86,0.45,2.47,0.00,593
10.150,16.67,0.09,0.86,1.76,2.46,0.27,586
10.167,16.68,0.10,0.84,0.41,2.44,0.00,578
10.184,16.69,0.30,1.27,2.56,2.43,1.03,641
10.200,16.64,0.13,0.95,0.52,3.43,0.00,603
10.217,16.68,0.12,0.97,7.72,3.39,6.18,603
10.234,16.66,0.14,0.96,0.49,3.39,0.00,601
10.250,16.66,0.12,0.96,1.79,3.38,0.28,602
10.267,16.67,0.12,0.94,0.45,3.39,0.00,577
10.284,16.66,0.11,0.96,1.74,3.37,0.27,577
10.300,16.67,0.12,0.97,0.50,3.38,0.00,577
10.317,16.78,0.12,0.97,1.81,3.37,0.27,580
10.334,16.55,0.13,0.99,0.50,3.38,0.00,579
10.350,16.65,0.09,0.74,7.16,3.36,5.63,584
10.367,16.67,0.10,0.77,0.40,3.38,0.00,585
10.384,16.66,0.07,0.52,0.99,3.39,0.14,588
10.400,16.67,0.05,0.33,0.26,3.40,0.00,588
10.417,16.68,0.06,0.40,0.79,3.41,0.11,592
10.434,16.65,0.06,0.41,0.25,3.43,0.00,594
10.450,16.68,0.11,0.77,1.38,3.43,0.20,599
10.467,16.65,0.10,0.85,0.40,3.47,0.00,602
10.484,16.70,0.12,1.01,7.48,3.47,6.25,603
10.500,16.65,0.08,0.44,0.28,3.50,0.00,605
10.517,16.65,0.05,0.34,0.68,3.51,0.10,607
10.534,16.77,0.10,0.83,0.43,3.52,0.00,608
10.550,16.58,0.10,0.78,1.69,3.52,0.22,614
10.567,16.65,0.05,0.34,0.23,3.54,0.00,621
10.584,16.69,0.12,0.93,1.09,3.53,0.14,619
10.600,16.66,0.08,0.77,0.39,2.97,0.00,621
10.617,16.66,0.08,0.77,7.95,2.98,6.42,622
10.634,16.69,0.10,0.78,0.41,2.99,0.00,629
10.650,16.65,0.09,0.79,1.68,3.01,0.21,631
10.667,16.73,0.10,0.79,0.43,3.02,0.00,635
10.684,16.63,0.11,1.06,1.83,3.04,0.29,637
10.700,16.66,0.13,1.04,0.52,3.04,0.00,637
10.717,16.66,0.13,1.05,1.81,3.04,0.28,638
10.734,16.66,0.13,1.05,0.50,3.04,0.00,641
10.750,16.68,0.13,1.03,7.80,3.04,6.22,639
10.767,16.66,0.13,1.02,0.51,3.05,0.00,640
10.784,16.67,0.14,1.02,1.80,3.05,0.28,642
10.800,16.67,0.13,1.01,0.50,3.07,0.00,647
10.817,16.69,0.10,0.99,1.73,3.10,0.28,648
10.834,16.64,0.12,1.00,0.43,3.11,0.00,648
10.850,16.70,0.11,1.00,1.75,3.10,0.28,647
10.867,16.64,0.12,1.00,0.46,3.12,0.00,649
10.884,16.67,0.10,1.00,7.43,3.12,5.92,656
10.900,16.66,0.13,1.01,0.44,3.13,0.00,658
10.917,16.68,0.14,1.04,1.85,3.13,0.29,659
10.934,16.67,0.13,0.99,0.52,3.14,0.00,660
10.950,16.67,0.14,1.01,1.84,3.16,0.28,659
10.967,16.66,0.12,1.00,0.45,3.17,0.00,661
10.984,16.69,0.11,0.99,1.77,3.18,0.28,666
11.000,16.67,0.12,1.00,0.49,3.17,0.00,665
11.017,16.64,0.12,0.99,7.82,3.19,6.25,665
11.034,16.68,0.13,0.99,0.51,3.18,0.00,667
11.050,16.66,0.11,0.97,1.78,3.19,0.28,668
11.067,16.67,0.13,0.99,0.52,3.21,0.00,671
11.084,16.67,0.13,0.97,1.82,3.21,0.28,672
11.100,16.66,0.11,0.95,0.48,3.25,0.00,673
11.117,16.67,0.12,0.97,1.80,3.24,0.28,676
11.134,16.68,0.10,0.93,0.42,3.27,0.00,677
11.150,16.65,0.13,0.97,7.60,3.27,6.06,675
11.167,16.67,0.13,0.95,0.47,3.25,0.00,671
11.184,16.67,0.11,0.92,1.79,3.26,0.28,673
11.200,16.67,0.13,0.94,0.44,3.27,0.00,671
11.217,16.67,0.10,0.91,1.72,3.27,0.28,671
11.234,16.66,0.13,0.92,0.53,3.28,0.00,672
11.250,16.68,0.11,0.92,1.80,3.31,0.28,672
11.267,16.67,0.14,0.92,0.51,3.30,0.00,671
11.284,16.67,0.10,0.91,7.57,3.31,6.04,668
11.300,16.66,0.12,0.91,0.43,3.30,0.00,670
11.317,16.67,0.11,0.89,1.73,3.31,0.27,667
11.334,16.67,0.11,0.88,0.40,3.32,0.00,667
11.350,16.67,0.11,0.90,1.74,3.31,0.27,666
11.367,16.67,0.11,0.87,0.42,3.30,0.00,662
11.384,16.67,0.13,0.90,1.79,3.29,0.27,664
11.400,16.66,0.12,0.90,0.50,3.40,0.00,661
11.417,16.67,0.11,0.89,7.53,3.41,5.99,657
11.434,16.66,0.13,0.91,0.45,3.40,0.00,657
11.450,16.65,0.08,0.65,1.54,3.40,0.20,655
11.467,16.74,0.08,0.66,0.33,3.40,0.00,660
11.484,16.59,0.07,0.65,1.27,3.40,0.19,661
11.500,16.68,0.09,0.68,0.40,3.42,0.00,656
11.517,16.66,0.08,0.69,1.55,3.40,0.19,654
11.534,16.70,0.09,0.67,0.39,3.39,0.00,653
11.550,16.65,0.06,0.46,6.95,3.37,5.45,645
11.567,16.65,0.06,0.49,0.35,3.37,0.00,639
11.584,16.67,0.08,0.66,1.34,3.34,0.20,635
11.600,16.67,0.08,0.61,0.39,3.33,0.00,630
11.617,16.73,0.07,0.60,1.29,3.32,0.20,625
11.634,16.66,0.19,0.64,0.37,3.30,0.00,657
11.650,16.63,0.10,0.89,1.72,3.48,0.27,669
11.667,16.68,0.10,0.89,0.42,3.64,0.00,662
11.684,16.72,0.11,0.86,8.20,3.61,6.66,657
11.700,16.61,0.10,0.65,0.41,2.80,0.00,657
11.717,16.71,0.09,0.66,1.59,2.80,0.20,657
11.734,16.66,0.08,0.62,0.35,2.78,0.00,657
11.750,16.59,0.07,0.64,1.58,2.77,0.20,653
11.767,16.74,0.08,0.62,0.30,2.77,0.00,655
11.784,16.64,0.10,0.85,1.74,2.74,0.27,654
11.800,16.64,0.11,0.93,0.47,2.74,0.00,652
11.817,16.68,0.12,0.96,7.67,2.71,6.11,651
11.834,16.66,0.13,0.87,0.44,2.72,0.00,650
11.850,16.69,0.13,0.88,1.83,2.74,0.27,649
11.867,16.65,0.09,0.64,0.40,2.71,0.00,649
11.884,16.67,0.11,0.85,1.79,2.70,0.27,648
11.900,16.69,0.10,0.85,0.43,2.71,0.00,647
11.917,16.66,0.11,0.86,1.76,2.67,0.27,645
11.934,16.66,0.11,0.91,0.51,2.69,0.00,644
11.950,16.69,0.11,0.86,7.69,2.67,6.10,643
11.967,16.68,0.13,0.88,0.49,2.67,0.00,644
11.984,16.63,0.12,0.84,1.75,2.67,0.27,643
12.000,16.69,0.10,0.86,0.43,2.69,0.00,641
12.017,16.67,0.13,0.92,1.89,2.68,0.30,639
12.034,16.68,0.11,0.86,0.54,2.66,0.00,636
12.050,16.63,0.11,0.86,1.73,2.66,0.27,633
12.067,16.67,0.11,0.85,0.44,2.66,0.00,629
12.084,16.66,0.10,0.84,7.54,2.65,5.99,630
12.100,16.67,0.12,0.87,0.46,2.64,0.00,629
12.117,16.67,0.10,0.86,1.80,2.65,0.27,626
12.134,16.70,0.10,0.84,0.42,2.65,0.00,628
12.150,16.63,0.10,0.59,1.84,2.67,0.28,623
12.167,16.68,0.13,0.63,0.48,2.66,0.00,625
12.184,16.76,0.11,0.64,1.86,2.66,0.27,624
12.200,16.58,0.12,0.63,0.54,2.65,0.00,625
12.217,16.66,0.10,0.62,7.50,2.65,5.96,625
12.234,16.65,0.12,0.61,0.47,2.66,0.00,625
12.250,16.67,0.10,0.59,1.74,2.66,0.28,624
12.267,16.66,0.11,0.60,0.41,2.68,0.00,625
12.284,16.67,0.10,0.60,1.72,2.66,0.27,623
12.300,16.68,0.10,0.61,0.43,2.68,0.00,623
12.317,16.68,0.10,0.63,1.78,2.68,0.27,624
12.334,16.65,0.11,0.62,0.50,2.67,0.00,622
12.350,16.67,0.12,0.61,7.58,2.66,6.05,623
12.367,16.67,0.12,0.63,0.44,2.68,0.00,624
12.384,16.67,0.09,0.60,1.73,2.68,0.27,623
12.400,16.66,0.11,0.61,0.45,2.68,0.00,620
12.417,16.69,0.10,0.63,1.80,2.66,0.27,621
12.434,16.65,0.12,0.59,0.39,2.66,0.00,620
12.450,16.67,0.10,0.61,1.76,2.68,0.27,618
12.467,16.84,0.10,0.64,0.53,2.68,0.00,618
12.484,16.50,0.11,0.65,7.64,2.66,6.08,616
12.500,16.69,0.10,0.61,0.50,2.65,0.00,616
12.517,16.65,0.11,0.63,1.84,2.63,0.27,592
12.534,16.67,0.12,0.62,0.51,2.61,0.00,590
12.550,16.67,0.09,0.58,1.72,2.60,0.27,587
12.567,16.66,0.10,0.59,0.40,2.59,0.00,586
12.584,16.67,0.10,0.59,1.71,2.59,0.27,584
12.600,16.68,0.10,0.59,0.46,2.62,0.00,584
12.617,16.66,0.11,0.61,7.72,2.58,6.13,583
12.634,16.68,0.11,0.62,0.47,2.58,0.00,581
12.650,16.65,0.09,0.61,1.74,2.57,0.27,581
12.667,16.68,0.09,0.58,0.40,2.58,0.00,580
12.684,16.65,0.09,0.59,1.72,2.58,0.27,581
12.700,16.67,0.10,0.58,0.44,2.57,0.00,583
12.717,16.67,0.09,0.59,1.70,2.56,0.27,583
12.734,16.68,0.10,0.58,0.40,2.55,0.00,582
12.750,16.66,0.09,0.59,7.42,2.57,5.91,581
12.767,16.67,0.12,0.63,0.43,2.58,0.00,579
12.784,16.65,0.10,0.58,1.72,2.56,0.27,577
12.800,16.68,0.09,0.60,0.39,2.57,0.00,576
12.817,16.67,0.09,0.58,1.73,2.56,0.26,574
12.834,16.67,0.10,0.63,0.51,2.54,0.00,575
12.850,16.69,0.11,0.64,1.84,2.53,0.29,575
12.867,16.65,0.11,0.62,0.44,2.52,0.00,573
12.884,16.66,0.10,0.58,7.55,2.52,6.05,574
12.900,16.66,0.11,0.61,0.45,2.56,0.00,574
12.917,16.70,0.09,0.59,1.73,2.55,0.27,571
12.934,16.64,0.09,0.60,0.42,2.55,0.00,569
12.950,16.66,0.10,0.60,1.75,2.54,0.27,567
12.967,16.68,0.09,0.58,0.40,2.53,0.00,566
12.984,16.66,0.08,0.59,1.71,2.52,0.27,565
13.001,16.75,0.09,0.63,0.44,2.52,0.00,564
13.017,16.60,0.10,0.64,7.52,2.51,6.00,562
13.034,16.67,0.12,0.65,0.48,2.50,0.00,563
13.050,16.66,0.10,0.61,1.73,2.51,0.27,563
13.067,16.67,0.10,0.60,0.40,2.52,0.00,561
13.084,16.68,0.08,0.58,1.70,2.51,0.27,560
13.100,16.66,0.10,0.58,0.42,2.51,0.00,560
13.117,16.66,0.09,0.59,1.71,2.49,0.27,559
13.134,16.67,0.10,0.58,0.41,2.49,0.00,552
13.150,16.67,0.10,0.62,7.56,2.48,5.97,550
13.167,16.67,0.11,0.63,0.44,2.49,0.00,548
13.184,16.76,0.09,0.62,1.73,2.48,0.27,548
13.200,16.59,0.10,0.62,0.43,2.50,0.00,546
13.217,16.68,0.09,0.60,1.73,2.48,0.27,543
13.234,16.64,0.09,0.60,0.41,2.49,0.00,542
13.251,16.73,0.09,0.64,1.81,2.47,0.27,542
13.267,16.61,0.10,0.62,0.43,2.45,0.00,541
13.284,16.69,0.08,0.60,7.35,2.45,5.84,538
13.300,16.65,0.11,0.63,0.43,2.45,0.00,536
13.317,16.67,0.08,0.61,1.73,2.42,0.27,535
13.334,16.76,0.09,0.61,0.41,2.43,0.00,534
13.350,16.60,0.09,0.61,1.76,2.44,0.27,533
13.367,16.65,0.10,0.61,0.42,2.41,0.00,532
13.384,16.74,0.09,0.63,1.74,2.42,0.27,531
13.400,16.59,0.08,0.61,0.41,2.41,0.00,526
13.417,16.67,0.08,0.59,7.43,2.39,5.93,525
13.434,16.68,0.09,0.63,0.42,2.39,0.00,525
13.450,16.65,0.10,0.58,1.79,2.37,0.27,523
13.467,16.67,0.10,0.61,0.40,2.37,0.00,523
13.484,16.67,0.11,0.63,1.77,2.36,0.27,520
13.500,16.68,0.09,0.60,0.41,2.37,0.00,519
13.517,16.64,0.08,0.60,1.72,2.36,0.27,519
13.534,16.68,0.08,0.59,0.40,2.36,0.00,516
13.550,16.66,0.10,0.60,7.38,2.34,5.85,513
13.567,16.67,0.10,0.61,0.43,2.33,0.00,513
13.584,16.73,0.08,0.59,1.71,2.32,0.27,512
13.600,16.60,0.09,0.52,0.44,2.32,0.00,511
13.617,16.75,0.09,0.52,1.73,2.30,0.27,511
13.634,16.62,0.23,0.60,0.47,2.30,0.00,527
13.650,16.64,0.10,0.59,1.77,2.41,0.27,526
13.667,16.67,0.09,0.58,0.42,2.43,0.00,527
13.684,16.66,0.09,0.58,7.51,2.42,6.01,525
13.701,16.68,0.10,0.61,0.46,2.40,0.00,525
13.717,16.67,0.09,0.60,1.75,2.41,0.27,523
13.734,16.66,0.10,0.59,0.43,2.42,0.00,523
13.750,16.67,0.10,0.58,1.74,2.41,0.27,522
13.767,16.67,0.09,0.59,0.42,2.42,0.00,522
13.784,16.67,0.11,0.90,1.92,2.41,0.47,564
13.801,16.74,0.11,0.92,0.44,3.31,0.00,569
13.817,16.67,0.11,0.90,7.35,3.35,5.82,568
13.834,16.58,0.12,0.91,0.41,3.35,0.00,565
13.851,16.68,0.10,0.90,1.76,3.35,0.27,561
13.867,16.68,0.12,0.91,0.39,3.36,0.00,562
13.884,16.65,0.10,0.91,1.72,3.37,0.28,561
13.901,16.67,0.10,0.91,0.40,3.39,0.00,562
13.917,16.72,0.10,0.91,1.70,3.38,0.27,562
13.934,16.65,0.11,0.92,0.39,3.39,0.00,560
13.951,16.64,0.11,0.94,7.49,3.42,5.97,560
13.967,16.66,0.13,0.95,0.43,3.42,0.00,559
13.984,16.67,0.11,0.92,1.72,3.42,0.27,558
14.001,16.68,0.10,0.92,0.41,3.44,0.00,557
14.017,16.66,0.10,0.93,1.71,3.44,0.28,556
14.034,16.69,0.10,0.92,0.40,3.45,0.00,554
14.051,16.66,0.10,0.93,1.76,3.44,0.28,554
14.067,16.69,0.10,0.92,0.44,3.46,0.00,555
14.084,16.64,0.12,0.93,7.36,3.48,5.85,555
14.101,16.67,0.12,1.00,0.46,3.48,0.00,554
14.117,16.69,0.10,0.94,1.76,3.47,0.28,555
14.134,16.64,0.11,0.91,0.40,3.49,0.00,554
14.151,16.68,0.09,0.93,1.71,3.48,0.28,553
14.167,16.66,0.09,0.93,0.41,3.49,0.00,553
14.184,16.73,0.09,0.93,1.72,3.48,0.27,554
14.201,16.59,0.11,0.94,0.43,2.92,0.00,555
14.217,16.67,0.10,0.93,7.58,2.90,6.04,551
14.234,16.77,0.10,0.97,0.53,2.93,0.00,550
14.251,16.58,0.10,0.92,1.73,2.90,0.27,550
14.267,16.67,0.10,0.93,0.49,2.90,0.00,549
14.284,16.68,0.10,0.92,1.76,2.90,0.26,547
14.301,16.72,0.10,0.95,0.47,2.89,0.00,546
14.317,16.60,0.13,0.96,1.79,2.88,0.25,546
14.334,16.66,0.10,0.93,0.40,2.89,0.00,547
14.351,16.67,0.09,0.92,7.51,2.89,5.98,545
14.367,16.67,0.11,0.95,0.42,2.91,0.00,543
14.384,16.67,0.10,0.95,1.72,2.90,0.24,543
14.401,16.86,0.08,0.72,0.41,2.88,0.00,545
14.417,16.48,0.11,0.94,1.75,2.88,0.24,542
14.434,16.70,0.09,0.90,0.41,2.89,0.00,542
14.451,16.63,0.10,0.93,1.71,2.89,0.24,542
14.467,16.68,0.09,0.91,0.43,2.89,0.00,543
14.484,16.65,0.09,0.90,7.50,2.87,5.98,545
14.501,16.68,0.15,1.19,0.45,2.88,0.00,601
14.517,16.74,0.13,1.20,1.90,3.76,0.40,603
14.534,16.59,0.13,1.18,0.42,3.77,0.00,607
14.551,16.66,0.12,1.15,1.69,3.76,0.26,609
14.567,16.68,0.11,1.16,0.43,3.77,0.00,611
14.584,16.66,0.11,1.17,1.68,3.76,0.24,614
14.601,16.67,0.12,1.16,0.41,3.78,0.00,618
14.617,16.68,0.13,1.17,7.43,3.75,5.91,618
14.634,16.65,0.13,1.18,0.43,3.75,0.00,620
14.651,16.68,0.13,1.17,1.72,3.75,0.24,622
14.667,16.66,0.13,1.17,0.42,3.74,0.00,623
14.684,16.67,0.13,1.14,1.68,3.75,0.25,624
14.701,16.67,0.13,1.18,0.46,3.75,0.00,625
14.717,16.68,0.11,1.16,1.72,3.73,0.26,628
14.734,16.65,0.13,1.16,0.42,3.76,0.00,631
14.751,16.67,0.12,1.17,7.42,3.75,5.91,635
14.767,16.68,0.14,1.20,0.44,3.76,0.00,637
14.784,16.69,0.11,1.19,1.70,3.76,0.24,638
14.801,16.64,0.11,1.15,0.43,3.80,0.00,637
14.817,16.67,0.12,1.16,1.69,3.79,0.25,639
14.834,16.67,0.11,1.17,0.41,3.79,0.00,640
14.851,16.68,0.11,1.18,1.69,3.80,0.24,642
14.867,16.66,0.12,1.16,0.44,3.79,0.00,642
14.884,16.66,0.11,1.17,7.28,3.78,5.80,642
14.901,16.67,0.13,1.18,0.44,3.78,0.00,646
14.917,16.70,0.11,1.17,1.71,3.20,0.24,647
14.934,16.65,0.11,1.16,0.42,3.20,0.00,648
14.951,16.65,0.13,1.17,1.70,3.23,0.24,646
14.967,16.70,0.11,1.18,0.40,3.22,0.00,646
14.984,16.79,0.12,1.17,1.74,3.21,0.24,648
15.001,16.51,0.13,1.17,0.44,3.21,0.00,651
15.017,16.67,0.11,1.16,7.45,3.21,5.95,649
15.034,16.68,0.13,1.18,0.43,3.21,0.00,647
15.051,16.66,0.11,1.15,1.69,3.21,0.24,642
15.067,16.69,0.11,1.16,0.43,3.21,0.00,643
15.084,16.65,0.13,1.16,1.73,3.23,0.25,642
15.101,16.66,0.12,1.15,0.41,3.23,0.00,642
15.117,16.67,0.12,1.17,1.72,3.22,0.24,642
15.134,16.66,0.10,1.15,0.40,3.22,0.00,639
15.151,16.68,0.10,1.15,7.31,3.20,5.80,638
15.167,16.66,0.13,1.17,0.44,3.21,0.00,637
15.184,16.75,0.11,1.14,1.69,3.20,0.24,635
15.201,16.59,0.12,1.14,0.44,3.20,0.00,634
15.217,16.69,0.10,1.15,1.70,3.20,0.24,635
15.234,16.64,0.12,1.14,0.39,3.23,0.00,630
15.251,16.67,0.11,1.14,1.67,3.22,0.24,625
15.267,16.67,0.11,1.14,0.42,3.21,0.00,620
15.284,16.68,0.11,1.13,7.43,3.19,5.89,613
15.301,16.65,0.13,1.16,0.43,2.84,0.00,612
15.317,16.68,0.10,1.13,1.69,2.84,0.25,610
15.334,16.65,0.11,1.12,0.40,2.84,0.00,611
15.351,16.67,0.11,1.10,1.66,2.83,0.25,614
15.367,16.68,0.11,1.13,0.45,2.87,0.00,613
15.384,16.66,0.10,1.12,1.71,2.86,0.24,614
15.401,16.69,0.10,1.12,0.41,2.86,0.00,615
15.417,16.64,0.11,1.12,7.33,2.86,5.81,614
15.434,16.67,0.12,1.15,0.44,2.86,0.00,612
15.451,16.67,0.10,1.12,1.71,2.85,0.24,613
15.467,16.67,0.10,1.11,0.41,2.85,0.00,613
15.484,16.66,0.11,1.12,1.67,2.85,0.24,613
15.501,16.69,0.10,1.12,0.41,2.85,0.00,613
15.517,16.65,0.10,1.11,1.73,2.87,0.24,612
15.534,16.67,0.12,1.13,0.44,2.85,0.00,610
15.551,16.66,0.10,1.11,7.39,2.85,5.89,610
15.567,16.68,0.12,1.14,0.43,2.86,0.00,607
15.584,16.66,0.11,1.13,1.72,2.85,0.25,609
15.601,16.69,0.11,1.07,0.47,2.84,0.00,609
15.617,16.65,0.13,1.06,1.73,2.83,0.26,608
15.634,16.67,0.24,1.16,0.47,2.83,0.00,625
15.651,16.66,0.10,1.14,1.71,3.02,0.24,630
15.667,16.68,0.11,1.13,0.43,3.12,0.00,630
15.684,16.65,0.11,1.14,7.34,3.11,5.85,627
15.701,16.68,0.11,1.15,0.48,3.09,0.00,627
15.717,16.64,0.08,0.86,1.29,3.09,0.21,627
15.734,16.70,0.10,1.15,0.42,3.09,0.00,627
15.751,16.66,0.10,0.87,1.70,3.09,0.27,618
15.767,16.66,0.11,0.87,0.41,3.08,0.00,620
15.784,16.68,0.10,0.87,1.73,3.06,0.27,622
15.801,16.67,0.10,0.84,0.41,3.09,0.00,621
15.817,16.74,0.10,0.89,7.45,3.08,5.91,620
15.834,16.60,0.11,0.91,0.43,3.06,0.00,619
15.851,16.67,0.12,0.87,1.77,3.05,0.27,615
15.867,16.67,0.12,0.88,0.43,3.07,0.00,614
15.884,16.68,0.09,0.88,1.71,3.05,0.27,610
15.901,16.66,0.10,0.88,0.40,3.04,0.00,611
15.917,16.67,0.09,0.87,1.71,3.04,0.27,611
15.934,16.66,0.12,0.88,0.45,3.04,0.00,605
15.951,16.66,0.11,0.89,7.33,3.02,5.85,601
15.967,16.67,0.12,0.89,0.42,3.02,0.00,597
15.984,16.67,0.11,0.85,1.73,3.00,0.27,580
16.001,16.67,0.11,0.82,0.39,3.00,0.00,574
16.017,16.68,0.09,0.82,1.73,2.59,0.27,575
16.034,16.74,0.09,0.84,0.44,2.59,0.00,576
16.051,16.58,0.09,0.86,1.71,2.58,0.28,574
16.067,16.69,0.09,0.81,0.39,2.56,0.00,572
16.084,16.66,0.10,0.85,7.45,2.57,5.94,571
16.101,16.66,0.12,0.84,0.46,2.56,0.00,572
16.117,16.66,0.11,0.85,1.78,2.53,0.27,570
16.134,16.69,0.09,0.83,0.40,2.52,0.00,568
16.151,16.73,0.10,0.84,1.74,2.51,0.28,563
16.167,16.58,0.11,0.85,0.46,2.48,0.00,562
16.184,16.67,0.11,0.83,1.72,2.48,0.27,558
16.201,16.67,0.10,0.83,0.40,2.47,0.00,554
16.217,16.68,0.15,1.26,8.15,2.45,6.62,624
16.234,16.66,0.14,1.27,0.44,3.49,0.00,622
16.251,16.67,0.13,1.26,1.71,3.48,0.27,624
16.267,16.68,0.12,1.26,0.42,3.48,0.00,622
16.284,16.66,0.12,1.28,1.72,3.47,0.27,621
16.301,16.66,0.12,1.30,0.44,3.46,0.00,621
16.317,16.68,0.12,1.30,1.71,3.47,0.27,621
16.334,16.74,0.13,1.30,0.41,3.49,0.00,620
16.351,16.58,0.12,1.29,7.41,3.47,5.91,620
16.367,16.67,0.14,1.29,0.44,3.49,0.00,620
16.384,16.67,0.13,1.26,1.73,3.49,0.27,620
16.401,16.67,0.13,1.30,0.41,3.51,0.00,621
16.417,16.67,0.13,1.29,1.72,3.51,0.27,622
16.434,16.67,0.13,1.28,0.41,3.52,0.00,621
16.451,16.67,0.13,1.29,1.75,3.52,0.27,620
16.467,16.67,0.14,1.06,0.42,3.52,0.00,615
16.484,16.66,0.12,1.04,7.32,3.54,5.85,618
16.501,16.69,0.14,1.08,0.43,3.57,0.00,623
16.517,16.65,0.12,1.05,1.72,3.58,0.28,622
16.534,16.68,0.12,1.06,0.40,3.60,0.00,623
16.551,16.66,0.12,1.06,1.69,3.59,0.28,624
16.567,16.68,0.11,1.08,0.42,3.62,0.00,625
16.584,16.66,0.11,1.07,1.70,3.63,0.28,626
16.601,16.66,0.13,1.10,0.43,3.65,0.00,625
16.617,16.67,0.13,1.10,7.50,3.66,5.98,626
16.634,16.67,0.13,1.09,0.43,3.12,0.00,626
16.651,16.67,0.10,1.06,1.71,3.14,0.27,627
16.667,16.66,0.13,1.07,0.41,3.16,0.00,632
16.684,16.75,0.11,1.11,1.76,3.17,0.27,632
16.701,16.59,0.12,1.09,0.43,3.20,0.00,635
16.717,16.67,0.12,1.10,1.76,3.20,0.28,635
16.734,16.67,0.11,1.07,0.42,3.22,0.00,635
16.751,16.66,0.12,1.06,7.32,3.23,5.83,638
16.767,16.67,0.13,1.09,0.47,3.27,0.00,640
16.784,16.68,0.11,1.07,1.74,3.28,0.29,640
16.801,16.66,0.13,1.11,0.48,3.29,0.00,641
16.817,16.67,0.12,1.10,1.75,3.30,0.28,643
16.834,16.68,0.13,1.09,0.52,3.32,0.00,646
16.851,16.79,0.11,1.08,1.77,3.34,0.27,647
16.867,16.53,0.13,1.10,0.47,3.35,0.00,651
16.884,16.66,0.11,1.06,7.51,3.36,6.00,651
16.901,16.67,0.14,1.08,0.46,3.38,0.00,652
16.917,16.68,0.10,1.03,1.71,3.41,0.27,651
16.934,16.65,0.13,1.04,0.43,3.42,0.00,653
16.951,16.67,0.11,1.03,1.72,3.42,0.28,655
16.968,16.73,0.12,1.05,0.46,3.42,0.00,657
16.984,16.63,0.10,1.03,1.72,3.45,0.28,657
17.001,16.65,0.10,1.01,0.40,3.46,0.00,657
17.017,16.69,0.10,1.03,7.39,3.45,5.87,660
17.034,16.64,0.13,1.05,0.44,3.45,0.00,663
17.051,16.66,0.11,1.01,1.76,3.49,0.28,663
17.067,16.68,0.10,1.02,0.39,3.49,0.00,662
17.084,16.66,0.10,1.05,1.73,3.49,0.28,664
17.101,16.67,0.10,1.02,0.41,3.48,0.00,664
17.117,16.66,0.12,1.02,1.75,3.50,0.27,663
17.134,16.66,0.11,1.01,0.41,3.50,0.00,665
17.151,16.67,0.11,1.01,7.45,3.50,5.93,668
17.167,16.68,0.13,1.04,0.42,3.51,0.00,669
17.184,16.75,0.11,1.02,1.73,3.54,0.28,670
17.201,16.59,0.10,1.03,0.41,3.54,0.00,670
17.217,16.66,0.11,1.00,1.74,3.54,0.28,670
17.234,16.67,0.10,0.99,0.41,3.54,0.00,671
17.251,16.66,0.10,1.00,1.68,3.53,0.27,673
17.267,16.67,0.11,1.00,0.40,3.55,0.00,674
17.284,16.67,0.12,0.99,7.39,3.55,5.88,675
17.301,16.66,0.12,1.02,0.44,3.54,0.00,677
17.317,16.68,0.10,0.99,1.72,3.57,0.28,677
17.334,16.69,0.11,1.02,0.48,3.57,0.00,678
17.351,16.64,0.12,1.01,1.78,3.56,0.28,675
17.367,16.66,0.11,0.96,0.49,3.55,0.00,674
17.384,16.67,0.11,0.97,1.73,3.53,0.28,674
17.401,16.66,0.11,0.99,0.41,3.56,0.00,671
17.417,16.68,0.11,0.99,7.45,3.55,5.96,672
17.434,16.65,0.13,1.01,0.46,3.55,0.00,671
17.451,16.67,0.11,0.97,1.74,3.57,0.28,668
17.468,16.69,0.10,0.98,0.45,3.57,0.00,666
17.484,16.65,0.10,0.96,1.71,3.55,0.28,664
17.501,16.67,0.11,0.97,0.39,3.57,0.00,662
17.517,16.67,0.10,0.96,1.71,3.56,0.28,659
17.534,16.67,0.10,0.97,0.42,3.56,0.00,651
17.551,16.67,0.10,0.97,7.44,3.55,5.92,646
17.567,16.66,0.11,0.96,0.43,3.51,0.00,639
17.584,16.67,0.09,0.93,1.71,3.54,0.28,637
17.601,16.67,0.11,0.84,0.39,3.54,0.00,627
17.617,16.67,0.10,0.91,1.76,3.51,0.27,624
17.634,16.67,0.25,0.97,0.50,3.50,0.00,638
17.651,16.67,0.11,0.94,1.78,3.58,0.27,644
17.667,16.66,0.11,0.93,0.39,3.66,0.00,639
17.684,16.67,0.09,0.93,7.42,3.63,5.94,639
17.701,16.68,0.12,0.96,0.45,3.62,0.00,639
17.718,16.67,0.11,0.92,1.77,3.62,0.28,635
17.734,16.67,0.10,0.89,0.41,2.80,0.00,631
17.751,16.65,0.11,0.89,1.71,2.79,0.27,628
17.768,16.67,0.11,0.88,0.41,2.79,0.00,627
17.784,16.68,0.10,0.90,1.72,2.77,0.28,622
17.801,16.67,0.10,0.88,0.39,2.76,0.00,619
17.818,16.66,0.10,0.87,7.36,2.75,5.87,617
17.834,16.75,0.11,0.91,0.47,2.74,0.00,616
17.851,16.60,0.13,0.91,1.83,2.72,0.27,616
17.868,16.66,0.11,0.89,0.43,2.74,0.00,615
17.884,16.66,0.12,0.88,1.75,2.72,0.27,614
17.901,16.66,0.11,0.86,0.41,2.73,0.00,613
17.918,16.68,0.09,0.88,1.70,2.70,0.27,612
17.934,16.67,0.10,0.89,0.41,2.70,0.00,611
17.951,16.66,0.11,0.91,7.53,2.69,5.97,611
17.968,16.66,0.13,0.90,0.44,2.66,0.00,611
17.984,16.67,0.10,0.88,1.72,2.66,0.28,609
18.001,16.67,0.11,0.86,0.39,2.69,0.00,610
18.018,16.70,0.09,0.87,1.73,2.68,0.28,608
18.034,16.66,0.10,0.88,0.40,2.66,0.00,607
18.051,16.65,0.10,0.88,1.73,2.65,0.28,606
18.068,16.67,0.10,0.89,0.40,2.65,0.00,602
18.084,16.73,0.09,0.86,7.36,2.64,5.87,601
18.101,16.59,0.12,0.90,0.44,2.63,0.00,600
18.118,16.67,0.11,0.86,1.73,2.62,0.28,600
18.134,16.69,0.10,0.89,0.42,2.63,0.00,595
18.151,16.64,0.10,0.86,1.72,2.63,0.27,591
18.168,16.68,0.09,0.86,0.39,2.63,0.00,586
18.184,16.73,0.10,0.62,1.71,2.62,0.27,547
18.201,16.59,0.09,0.60,0.42,2.60,0.00,545
18.218,16.68,0.10,0.61,7.50,2.58,5.98,545
18.234,16.66,0.10,0.61,0.41,2.58,0.00,541
18.251,16.75,0.10,0.62,1.73,2.57,0.27,540
18.268,16.60,0.09,0.60,0.42,2.61,0.00,537
18.284,16.65,0.10,0.58,1.75,2.59,0.27,537
18.301,16.67,0.10,0.60,0.40,2.59,0.00,539
18.318,16.68,0.09,0.59,1.71,2.58,0.27,538
18.334,16.66,0.09,0.60,0.41,2.58,0.00,537
18.351,16.68,0.09,0.61,7.40,2.58,5.87,535
18.368,16.66,0.12,0.62,0.44,2.57,0.00,535
18.384,16.67,0.13,0.90,1.94,2.57,0.47,571
18.401,16.66,0.13,0.89,0.42,3.38,0.00,572
18.418,16.67,0.11,0.89,1.71,3.38,0.28,572
18.434,16.68,0.12,0.88,0.39,3.39,0.00,573
18.451,16.66,0.12,0.91,1.76,3.39,0.27,572
18.468,16.67,0.12,0.89,0.42,3.39,0.00,572
18.484,16.67,0.13,0.94,7.52,3.38,6.00,571
18.501,16.68,0.13,0.91,0.44,3.39,0.00,571
18.518,16.66,0.10,0.91,1.71,3.39,0.28,571
18.534,16.66,0.12,0.90,0.42,3.40,0.00,573
18.551,16.67,0.11,0.90,1.68,3.41,0.26,572
18.568,16.67,0.12,0.92,0.44,3.44,0.00,575
18.584,16.66,0.11,0.91,1.71,3.42,0.27,579
18.601,16.67,0.12,0.90,0.41,3.43,0.00,579
18.618,16.67,0.11,0.91,7.47,3.43,5.98,579
18.634,16.69,0.13,0.94,0.44,3.44,0.00,578
18.651,16.65,0.13,0.95,1.81,3.43,0.27,579
18.668,16.67,0.13,0.93,0.45,3.44,0.00,583
18.684,16.67,0.10,0.93,1.70,3.47,0.28,585
18.701,16.68,0.11,0.91,0.45,3.47,0.00,586
18.718,16.65,0.11,0.92,1.74,3.47,0.27,584
18.734,16.69,0.11,0.92,0.42,3.48,0.00,586
18.751,16.64,0.10,0.92,7.42,3.47,5.93,588
18.768,16.67,0.13,0.93,0.44,3.48,0.00,588
18.784,16.68,0.10,0.91,1.71,3.47,0.27,588
18.801,16.66,0.11,0.91,0.40,2.89,0.00,589
18.818,16.66,0.10,0.94,1.74,2.92,0.28,591
18.834,16.67,0.10,0.93,0.42,2.92,0.00,593
18.851,16.67,0.10,0.91,1.71,2.90,0.28,592
18.868,16.67,0.10,0.91,0.40,2.91,0.00,593
18.884,16.67,0.11,0.92,7.38,2.90,5.86,590
18.901,16.67,0.12,0.94,0.45,2.90,0.00,593
18.918,16.67,0.11,0.93,1.72,2.89,0.28,594
18.934,16.67,0.12,0.90,0.45,2.89,0.00,597
18.951,16.67,0.11,0.92,1.71,2.92,0.27,596
18.968,16.83,0.11,0.93,0.45,2.93,0.00,596
18.984,16.53,0.10,0.92,1.76,2.91,0.28,598
19.001,16.65,0.12,0.92,0.39,2.92,0.00,603
19.018,16.66,0.10,0.91,7.46,2.91,5.97,602
19.034,16.67,0.11,0.92,0.41,2.91,0.00,605
19.051,16.68,0.09,0.91,1.73,2.91,0.27,606
19.068,16.66,0.11,0.91,0.40,2.93,0.00,606
19.084,16.75,0.10,0.93,1.74,2.96,0.28,606
19.101,16.59,0.10,0.92,0.40,2.96,0.00,607
19.118,16.68,0.09,0.91,1.71,2.96,0.28,609
19.134,16.66,0.10,0.93,0.43,2.97,0.00,611
19.151,16.66,0.10,0.92,7.30,2.96,5.82,613
19.168,16.70,0.11,0.93,0.44,2.96,0.00,613
19.184,16.73,0.10,0.93,1.76,2.96,0.28,617
19.201,16.59,0.11,0.91,0.43,2.97,0.00,621
19.218,16.69,0.10,0.91,1.74,3.01,0.28,622
19.234,16.64,0.11,0.92,0.40,3.01,0.00,624
19.251,16.67,0.10,0.91,1.69,3.01,0.27,623
19.268,16.68,0.10,0.92,0.43,3.02,0.00,622
19.284,16.68,0.10,0.95,7.47,3.02,5.92,623
19.301,16.74,0.11,0.94,0.42,3.01,0.00,621
19.318,16.59,0.10,0.91,1.71,3.01,0.28,625
19.334,16.67,0.10,0.91,0.39,3.03,0.00,626
19.351,16.66,0.09,0.89,1.69,3.03,0.28,628
19.368,16.67,0.10,0.91,0.41,3.08,0.00,629
19.384,16.66,0.11,0.91,1.73,3.06,0.27,631
19.401,16.66,0.12,0.90,0.45,3.06,0.00,630
19.418,16.66,0.10,0.93,7.42,3.04,5.87,628
19.434,16.67,0.12,0.92,0.44,3.06,0.00,625
19.451,16.67,0.10,0.90,1.74,3.06,0.27,625
19.468,16.67,0.11,0.89,0.43,3.06,0.00,627
19.484,16.68,0.10,0.87,1.71,3.04,0.27,630
19.501,16.66,0.12,0.90,0.42,3.09,0.00,630
19.518,16.67,0.11,0.91,1.76,3.08,0.27,629
19.534,16.67,0.11,0.89,0.40,3.07,0.00,631
19.551,16.67,0.11,0.88,7.48,3.06,5.96,629
19.568,16.67,0.12,0.91,0.44,3.05,0.00,628
19.584,16.66,0.09,0.88,1.72,3.04,0.28,629
19.601,16.71,0.10,0.80,0.42,3.04,0.00,630
19.618,16.66,0.10,0.82,1.71,3.02,0.27,633
19.634,16.65,0.23,0.92,0.45,3.12,0.00,649
19.651,16.65,0.11,0.89,1.72,3.24,0.27,660
19.668,16.67,0.12,0.90,0.46,3.37,0.00,661
19.684,16.67,0.11,0.92,7.37,3.35,5.86,676
19.701,16.66,0.12,0.92,0.44,3.37,0.00,677
19.718,16.68,0.12,0.92,1.78,3.36,0.27,676
19.734,16.66,0.11,0.88,0.41,3.36,0.00,676
19.751,16.68,0.10,0.91,1.71,3.34,0.27,677
19.768,16.67,0.10,0.89,0.39,3.38,0.00,672
19.784,16.65,0.10,0.90,1.73,3.35,0.27,671
19.801,16.67,0.11,0.89,0.39,3.34,0.00,671
19.818,16.67,0.09,0.89,7.45,3.28,5.96,668
19.834,16.66,0.12,0.92,0.42,3.26,0.00,665
19.851,16.66,0.11,0.87,1.71,3.25,0.27,652
19.868,16.67,0.10,0.89,0.41,3.24,0.00,644
19.884,16.67,0.11,0.87,1.76,3.20,0.27,643
19.901,16.67,0.10,0.86,0.41,2.83,0.00,642
19.918,16.66,0.10,0.85,1.70,2.82,0.28,642
19.934,16.67,0.11,0.83,0.40,2.81,0.00,643
19.951,16.67,0.10,0.85,7.32,2.80,5.84,643
19.968,16.67,0.11,0.87,0.46,2.79,0.00,644
19.984,16.67,0.07,0.64,1.29,2.79,0.19,642
20.001,16.65,0.08,0.62,0.33,2.76,0.00,640
20.018,16.68,0.10,0.85,1.69,2.76,0.25,640
20.034,16.67,0.11,0.85,0.40,2.79,0.00,638
20.051,16.68,0.10,0.86,1.68,2.76,0.24,638
20.068,16.65,0.11,0.85,0.40,2.74,0.00,639
20.084,16.68,0.09,0.86,7.47,2.73,5.95,639
20.101,16.66,0.12,0.87,0.48,2.73,0.00,637
20.118,16.68,0.09,0.84,1.68,2.71,0.24,636
20.134,16.66,0.12,0.86,0.42,2.71,0.00,636
20.151,16.74,0.10,0.87,1.69,2.71,0.25,634
20.168,16.59,0.11,0.86,0.45,2.70,0.00,633
20.184,16.74,0.09,0.85,1.69,2.69,0.25,626
20.201,16.59,0.10,0.86,0.42,2.71,0.00,624
20.218,16.68,0.09,0.84,7.30,2.71,5.82,622
20.234,16.66,0.12,0.86,0.43,2.69,0.00,623
20.251,16.68,0.09,0.83,1.70,2.67,0.24,620
20.268,16.67,0.09,0.82,0.40,2.67,0.00,618
20.284,16.65,0.11,0.83,1.68,2.66,0.24,618
20.301,16.67,0.11,0.85,0.41,2.67,0.00,616
20.318,16.66,0.10,0.84,1.69,2.67,0.24,612
20.334,16.67,0.10,0.83,0.39,2.67,0.00,607
20.351,16.68,0.09,0.58,7.42,2.65,5.92,553
20.368,16.67,0.11,0.59,0.42,2.61,0.00,554
20.384,16.66,0.11,0.57,1.73,2.60,0.24,554
20.401,16.66,0.10,0.57,0.39,2.60,0.00,553
20.418,16.68,0.09,0.57,1.67,2.58,0.24,553
20.434,16.67,0.09,0.56,0.40,2.58,0.00,552
20.451,16.66,0.10,0.60,1.71,2.59,0.24,551
20.468,16.68,0.09,0.59,0.43,2.59,0.00,551
20.484,16.66,0.10,0.58,7.47,2.56,5.95,547
20.501,16.67,0.10,0.61,0.45,2.55,0.00,548
20.518,16.66,0.12,0.60,1.76,2.54,0.24,546
20.534,16.66,0.10,0.57,0.43,2.54,0.00,545
20.551,16.68,0.09,0.58,1.71,2.53,0.24,544
20.568,16.66,0.12,0.55,0.40,2.54,0.00,544
20.584,16.67,0.09,0.57,1.68,2.54,0.24,541
20.601,16.67,0.09,0.55,0.39,2.54,0.00,540
20.618,16.67,0.09,0.56,7.47,2.54,5.98,537
20.634,16.68,0.12,0.59,0.50,2.52,0.00,537
20.651,16.67,0.10,0.59,1.72,2.49,0.24,536
20.668,16.69,0.10,0.58,0.41,2.50,0.00,533
20.684,16.65,0.09,0.57,1.71,2.50,0.24,533
20.701,16.66,0.11,0.58,0.41,2.49,0.00,530
20.718,16.68,0.09,0.57,1.71,2.50,0.24,529
20.734,16.67,0.09,0.56,0.43,2.48,0.00,529
20.751,16.65,0.10,0.59,7.33,2.48,5.81,527
20.768,16.67,0.12,0.58,0.42,2.47,0.00,510
20.784,16.66,0.09,0.56,1.70,2.44,0.24,510
20.801,16.67,0.11,0.56,0.39,2.44,0.00,509
20.818,16.67,0.09,0.55,1.68,2.42,0.24,507
20.834,16.69,0.12,0.81,0.43,2.43,0.00,554
20.851,16.66,0.11,0.80,1.85,3.26,0.41,554
20.868,16.65,0.13,0.80,0.42,3.24,0.00,554
20.884,16.67,0.11,0.82,7.42,3.24,5.92,553
20.901,16.67,0.13,0.85,0.43,3.24,0.00,551
20.918,16.69,0.11,0.83,1.75,3.23,0.24,551
20.934,16.65,0.13,0.83,0.46,3.23,0.00,548
20.951,16.67,0.10,0.81,1.69,3.22,0.24,546
20.968,16.67,0.11,0.83,0.42,3.23,0.00,546
20.984,16.66,0.13,0.85,1.73,3.22,0.24,546
21.001,16.67,0.12,0.83,0.40,3.22,0.00,547
21.018,16.68,0.11,0.83,7.38,3.21,5.86,545
21.034,16.66,0.14,0.85,0.44,3.20,0.00,545
21.051,16.67,0.10,0.83,1.68,3.19,0.24,542
21.068,16.66,0.12,0.83,0.42,3.19,0.00,543
21.084,16.67,0.10,0.83,1.67,3.18,0.25,544
21.101,16.68,0.11,0.82,0.40,3.19,0.00,546
21.118,16.66,0.10,0.84,1.67,3.20,0.25,543
21.134,16.67,0.12,0.84,0.42,3.20,0.00,545
21.151,16.67,0.11,0.85,7.57,3.19,6.05,546
21.168,16.67,0.13,0.87,0.45,3.18,0.00,545
21.184,16.66,0.10,0.85,1.71,3.18,0.24,546
21.201,16.70,0.11,0.85,0.39,3.18,0.00,545
21.218,16.66,0.10,0.85,1.69,3.19,0.24,546
21.234,16.65,0.12,0.84,0.44,3.18,0.00,546
21.251,16.68,0.10,0.85,1.71,2.62,0.24,546
21.268,16.66,0.10,0.83,0.40,2.63,0.00,546
21.284,16.66,0.10,0.85,7.33,2.61,5.83,545
21.301,16.67,0.12,0.87,0.42,2.62,0.00,544
21.318,16.68,0.10,0.85,1.70,2.61,0.24,545
21.334,16.65,0.11,0.84,0.41,2.61,0.00,544
21.351,16.67,0.10,0.85,1.68,2.61,0.25,547
21.368,16.67,0.10,0.86,0.42,2.64,0.00,546
21.384,16.66,0.10,0.84,1.70,2.63,0.24,545
21.401,16.68,0.10,0.85,0.41,2.63,0.00,548
21.418,16.65,0.10,0.86,7.39,2.61,5.91,548
21.434,16.67,0.12,0.88,0.43,2.64,0.00,551
21.451,16.67,0.10,0.84,1.68,2.62,0.25,552
21.468,16.67,0.11,0.85,0.41,2.63,0.00,554
21.484,16.67,0.11,0.86,1.70,2.63,0.24,556
21.501,16.68,0.10,0.86,0.39,2.67,0.00,556
21.518,16.65,0.09,0.85,1.69,2.66,0.25,556
21.534,16.67,0.12,0.84,0.40,2.66,0.00,557
21.551,16.68,0.09,0.85,7.29,2.66,5.81,560
21.568,16.70,0.11,0.87,0.43,2.66,0.00,557
21.585,16.62,0.11,0.84,1.72,2.65,0.24,556
21.601,16.67,0.10,0.79,0.40,2.66,0.00,555
21.618,16.67,0.10,0.79,1.68,2.65,0.25,557
21.635,16.67,0.24,0.89,0.47,2.68,0.00,599
21.651,16.68,0.10,0.91,1.74,2.82,0.25,610
21.668,16.65,0.11,0.88,0.41,2.95,0.00,614
21.685,16.68,0.10,0.88,8.08,2.96,6.61,616
21.701,16.66,0.12,0.91,0.46,2.96,0.00,618
21.718,16.66,0.10,0.88,1.69,2.95,0.25,616
21.735,16.67,0.12,0.90,0.47,2.95,0.00,615
21.751,16.68,0.10,0.88,1.67,2.94,0.24,615
21.768,16.67,0.10,0.90,0.41,2.98,0.00,614
21.785,16.66,0.11,0.90,1.75,2.95,0.25,612
21.801,16.67,0.11,0.89,0.40,2.95,0.00,616
21.818,16.69,0.10,0.97,7.35,2.95,5.83,615
21.835,16.65,0.12,0.90,0.43,2.95,0.00,614
21.851,16.66,0.11,0.89,1.73,2.95,0.27,613
21.868,16.71,0.10,0.90,0.40,2.95,0.00,614
21.885,16.63,0.10,0.89,1.70,2.95,0.28,613
21.901,16.67,0.11,0.88,0.42,2.96,0.00,613
21.918,16.67,0.14,0.94,1.81,2.96,0.29,610
21.935,16.68,0.14,0.94,0.42,2.96,0.00,612
21.951,16.68,0.11,0.93,7.43,2.97,5.88,614
21.968,16.65,0.13,0.94,0.44,2.96,0.00,613
21.985,16.66,0.12,0.89,1.74,2.97,0.27,614
22.001,16.68,0.10,0.89,0.40,2.98,0.00,615
22.018,16.66,0.09,0.88,1.71,3.00,0.28,614
22.035,16.67,0.12,0.89,0.44,3.01,0.00,611
22.051,16.67,0.11,0.90,1.76,3.01,0.27,609
22.068,16.67,0.11,0.89,0.44,3.02,0.00,610
22.085,16.66,0.11,0.89,7.42,3.00,5.90,610
22.101,16.67,0.12,0.92,0.43,3.02,0.00,611
22.118,16.66,0.10,0.87,1.71,3.02,0.27,609
22.135,16.67,0.10,0.88,0.41,3.03,0.00,609
22.151,16.67,0.12,0.89,1.75,3.03,0.27,606
22.168,16.68,0.09,0.87,0.41,3.03,0.00,607
22.185,16.74,0.11,0.91,1.73,3.04,0.28,607
22.201,16.59,0.09,0.89,0.40,3.05,0.00,604
22.218,16.68,0.09,0.88,7.45,3.04,5.93,600
22.235,16.66,0.11,0.90,0.47,3.02,0.00,600
22.251,16.69,0.09,0.88,1.72,3.03,0.28,596
22.268,16.64,0.11,0.89,0.41,3.03,0.00,596
22.285,16.68,0.10,0.88,1.72,3.04,0.28,593
22.301,16.67,0.09,0.87,0.40,3.04,0.00,589
22.318,16.66,0.09,0.88,1.70,3.02,0.28,581
22.335,16.76,0.09,0.86,0.43,3.03,0.00,578
22.351,16.58,0.09,0.85,7.37,2.61,5.86,577
22.368,16.67,0.10,0.89,0.43,2.61,0.00,579
22.385,16.67,0.12,0.87,1.79,2.60,0.27,584
22.401,16.68,0.11,0.86,0.44,2.61,0.00,585
22.418,16.66,0.09,0.83,1.71,2.63,0.27,585
22.435,16.66,0.10,0.83,0.38,2.62,0.00,585
22.451,16.68,0.09,0.85,1.72,2.61,0.27,587
22.468,16.67,0.09,0.85,0.40,2.61,0.00,586
22.485,16.66,0.11,0.84,7.42,2.60,5.91,587
22.501,16.67,0.11,0.86,0.44,2.60,0.00,585
22.518,16.66,0.11,0.83,1.75,2.57,0.27,583
22.535,16.67,0.10,0.84,0.40,2.60,0.00,583
22.551,16.67,0.10,0.85,1.71,2.59,0.27,582
22.568,16.66,0.10,0.85,0.39,2.59,0.00,578
22.585,16.69,0.09,0.84,1.71,2.57,0.28,576
22.601,16.65,0.10,0.83,0.39,2.57,0.00,574
22.618,16.67,0.10,0.85,7.33,2.56,5.83,574
22.635,16.67,0.11,0.87,0.43,2.55,0.00,573
22.651,16.72,0.10,0.87,1.76,2.54,0.28,571
22.668,16.62,0.11,0.84,0.42,2.55,0.00,570
22.685,16.65,0.09,0.85,1.70,2.54,0.28,568
22.701,16.70,0.09,0.83,0.41,2.54,0.00,566
22.718,16.63,0.10,0.84,1.72,2.52,0.27,565
22.735,16.67,0.09,0.86,0.44,2.52,0.00,563
22.751,16.66,0.09,0.84,7.43,2.50,5.95,563
22.768,16.67,0.10,0.87,0.46,2.50,0.00,561
22.785,16.75,0.09,0.84,1.71,2.49,0.28,560
22.801,16.59,0.09,0.63,0.41,2.50,0.00,557
22.818,16.68,0.09,0.60,1.72,2.48,0.27,557
22.835,16.66,0.09,0.63,0.39,2.48,0.00,557
22.851,16.68,0.09,0.62,1.72,2.47,0.27,557
22.868,16.65,0.09,0.59,0.42,2.48,0.00,556
22.885,16.68,0.09,0.62,7.44,2.46,5.93,554
22.901,16.66,0.11,0.64,0.46,2.45,0.00,553
22.918,16.68,0.12,0.63,1.77,2.44,0.27,552
22.935,16.68,0.09,0.60,0.45,2.48,0.00,552
22.951,16.65,0.11,0.64,1.79,2.46,0.27,551
22.968,16.68,0.10,0.64,0.50,2.45,0.00,551
22.985,16.68,0.12,0.64,1.78,2.46,0.27,551
23.001,16.64,0.11,0.65,0.47,2.46,0.00,548
23.018,16.67,0.11,0.63,7.54,2.45,6.01,545
23.035,16.68,0.12,0.65,0.42,2.46,0.00,541
23.051,16.67,0.09,0.63,1.78,2.46,0.27,540
23.068,16.65,0.11,0.64,0.48,2.45,0.00,539
23.085,16.76,0.10,0.67,1.83,2.45,0.27,538
23.101,16.60,0.10,0.69,0.48,2.46,0.00,536
23.118,16.65,0.11,0.65,1.80,2.44,0.27,536
23.135,16.67,0.11,0.68,0.51,2.43,0.00,535
23.151,16.67,0.12,0.64,7.56,2.43,5.96,534
23.168,16.70,0.16,0.96,0.53,2.43,0.00,574
23.185,16.73,0.12,0.96,2.01,3.32,0.47,573
23.201,16.58,0.13,0.97,0.51,3.32,0.00,573
23.218,16.68,0.11,0.98,1.80,3.31,0.28,575
23.235,16.66,0.13,0.95,0.49,3.31,0.00,574
23.251,16.66,0.12,0.97,1.79,3.31,0.28,573
23.268,16.67,0.13,0.96,0.49,3.32,0.00,574
23.285,16.71,0.12,0.98,7.73,3.32,6.15,570
23.301,16.67,0.13,1.02,0.50,3.30,0.00,571
23.318,16.62,0.12,0.98,1.81,3.31,0.28,572
23.335,16.69,0.12,0.98,0.52,3.31,0.00,570
23.351,16.71,0.09,0.73,1.36,3.30,0.20,570
23.368,16.60,0.13,0.98,0.52,3.32,0.00,571
23.385,16.67,0.11,0.98,1.85,3.32,0.27,571
23.401,16.67,0.13,1.00,0.51,3.32,0.00,570
23.418,16.66,0.11,1.04,7.48,3.32,5.90,567
23.435,16.67,0.12,0.99,0.50,3.35,0.00,568
23.451,16.66,0.12,1.02,1.89,3.34,0.27,569
23.468,16.67,0.13,1.01,0.54,3.34,0.00,572
23.485,16.71,0.13,1.01,1.86,3.34,0.28,572
23.501,16.63,0.13,1.03,0.55,3.35,0.00,572
23.518,16.65,0.12,1.01,1.83,3.36,0.29,572
23.535,16.68,0.12,1.01,0.51,3.38,0.00,573
23.551,16.69,0.11,1.06,7.67,3.41,6.10,576
23.568,16.64,0.12,1.02,0.51,3.39,0.00,577
23.585,16.75,0.10,1.00,1.85,2.83,0.29,582
23.601,16.59,0.13,0.92,0.52,2.84,0.00,580
23.618,16.67,0.12,0.92,1.79,2.83,0.27,580
23.635,16.69,0.22,1.01,0.44,2.86,0.00,618
23.651,16.64,0.12,1.02,1.75,3.02,0.28,626
23.668,16.66,0.12,1.00,0.41,3.14,0.00,625
23.685,16.68,0.10,1.00,7.42,3.17,5.91,627
23.701,16.66,0.13,1.03,0.45,3.17,0.00,629
23.718,16.67,0.11,0.99,1.73,3.17,0.28,630
23.735,16.67,0.12,1.01,0.44,3.18,0.00,626
23.751,16.68,0.10,1.00,1.71,3.20,0.28,626
23.768,16.68,0.10,1.00,0.42,3.21,0.00,628
23.785,16.64,0.12,1.02,1.76,3.22,0.28,624
23.801,16.67,0.11,1.00,0.42,3.26,0.00,623
23.818,16.68,0.10,1.00,7.49,3.25,5.98,626
23.835,16.66,0.12,1.01,0.43,3.28,0.00,628
23.851,16.68,0.10,0.99,1.70,3.28,0.28,630
23.868,16.66,0.11,1.00,0.39,3.29,0.00,630
23.885,16.67,0.10,1.00,1.71,3.29,0.28,631
23.901,16.67,0.11,1.01,0.45,3.32,0.00,632
23.918,16.69,0.11,1.03,1.74,3.30,0.28,632
23.935,16.66,0.10,1.00,0.41,3.35,0.00,635
23.951,16.65,0.10,0.98,7.31,3.34,5.83,637
23.968,16.67,0.12,1.03,0.44,3.34,0.00,639
23.985,16.66,0.12,1.01,1.75,3.34,0.28,640
24.001,16.67,0.11,0.98,0.42,3.35,0.00,638
24.018,16.70,0.10,0.99,1.75,3.35,0.28,641
24.035,16.64,0.11,1.00,0.40,3.36,0.00,642
24.051,16.68,0.10,1.00,1.71,3.37,0.28,641
24.068,16.79,0.10,0.99,0.46,3.37,0.00,639
24.085,16.54,0.10,1.00,7.51,3.37,5.97,643
24.101,16.69,0.12,1.02,0.44,3.37,0.00,645
24.118,16.66,0.09,0.98,1.73,3.36,0.28,646
24.135,16.68,0.10,1.00,0.48,3.35,0.00,647
24.151,16.65,0.12,1.00,1.77,3.33,0.27,648
24.168,16.66,0.12,0.97,0.41,3.35,0.00,649
24.185,16.75,0.11,0.99,1.72,3.33,0.28,649
24.201,16.58,0.11,0.98,0.41,3.33,0.00,651
24.218,16.68,0.09,0.98,7.39,3.31,5.87,650
24.235,16.66,0.11,1.01,0.50,3.27,0.00,653
24.251,16.65,0.07,0.72,1.28,3.27,0.21,654
24.268,16.67,0.07,0.72,0.32,3.26,0.00,651
24.285,16.66,0.08,0.72,1.28,3.25,0.21,650
24.301,16.71,0.08,0.75,0.39,3.26,0.00,650
24.318,16.62,0.07,0.72,1.64,3.23,0.25,650
24.335,16.70,0.09,0.98,0.41,3.22,0.00,649
24.351,16.66,0.09,0.95,7.44,3.20,5.94,648
24.368,16.66,0.11,1.00,0.43,3.19,0.00,649
24.385,16.68,0.10,0.97,1.72,3.18,0.28,649
24.401,16.67,0.12,1.02,0.44,3.17,0.00,650
24.418,16.66,0.08,0.74,1.69,3.17,0.20,645
24.435,16.66,0.08,0.74,0.39,3.16,0.00,644
24.451,16.66,0.07,0.72,1.62,3.15,0.21,638
24.468,16.67,0.07,0.71,0.32,3.15,0.00,635
24.485,16.74,0.07,0.71,7.08,3.12,5.58,633
24.501,16.61,0.08,0.74,0.34,3.11,0.00,631
24.518,16.66,0.07,0.71,1.29,3.10,0.21,628
24.535,16.67,0.07,0.71,0.33,3.09,0.00,624
24.551,16.67,0.07,0.71,1.57,3.10,0.20,619
24.568,16.67,0.08,0.71,0.31,3.08,0.00,615
24.585,16.67,0.07,0.70,1.64,3.07,0.25,610
24.601,16.67,0.07,0.70,0.32,3.08,0.00,608
24.618,16.67,0.08,0.71,7.35,3.06,5.84,606
24.635,16.67,0.08,0.72,0.33,3.04,0.00,604
24.651,16.70,0.11,1.07,2.02,3.03,0.76,662
24.668,16.63,0.10,1.01,0.41,4.05,0.00,662
24.685,16.67,0.08,0.98,1.68,3.64,0.27,662
24.701,16.67,0.09,1.00,0.37,3.64,0.00,664
24.718,16.67,0.09,0.99,1.68,3.64,0.27,666
24.735,16.67,0.09,1.07,0.34,3.65,0.00,665
24.751,16.69,0.12,1.37,7.34,3.64,5.83,661
24.768,16.67,0.13,1.38,0.43,3.65,0.00,662
24.785,16.68,0.12,1.36,1.71,3.65,0.27,662
24.801,16.65,0.13,1.33,0.41,3.68,0.00,663
24.818,16.67,0.14,1.36,1.77,3.68,0.27,661
24.835,16.68,0.12,1.36,0.47,3.68,0.00,665
24.851,16.68,0.12,1.38,1.83,3.67,0.29,664
24.868,16.67,0.14,1.39,0.47,3.68,0.00,665
24.885,16.65,0.11,1.36,7.48,3.68,5.96,662
24.901,16.67,0.15,1.43,0.45,3.70,0.00,657
24.918,16.68,0.13,1.37,1.75,3.72,0.27,657
24.935,16.66,0.13,1.37,0.40,3.73,0.00,656
24.951,16.68,0.11,1.38,1.69,3.74,0.27,656
24.968,16.67,0.11,1.36,0.40,3.74,0.00,652
24.985,16.66,0.12,1.40,1.77,3.74,0.27,651
25.001,16.67,0.13,1.36,0.42,3.74,0.00,651
25.018,16.68,0.11,1.36,7.40,3.74,5.90,651
25.035,16.66,0.13,1.41,0.43,3.78,0.00,651
25.051,16.67,0.12,1.39,1.72,3.78,0.27,650
25.068,16.67,0.12,1.39,0.40,3.21,0.00,648
25.085,16.68,0.11,1.39,1.72,3.20,0.27,645
25.101,16.68,0.11,1.37,0.41,3.20,0.00,644
25.118,16.71,0.11,1.40,1.74,3.19,0.27,645
25.135,16.60,0.13,1.08,0.44,3.20,0.00,629
25.151,16.69,0.12,1.11,7.62,3.18,6.10,628
25.168,16.65,0.12,1.09,0.44,3.21,0.00,625
25.185,16.75,0.10,1.07,1.72,3.21,0.28,626
25.201,16.58,0.11,1.08,0.42,3.22,0.00,626
25.218,16.69,0.10,1.06,1.72,3.21,0.28,628
25.235,16.65,0.11,1.06,0.40,3.22,0.00,629
25.251,16.67,0.11,1.07,1.75,3.22,0.28,629
25.268,16.68,0.11,1.04,0.41,3.23,0.00,632
25.285,16.65,0.10,1.04,7.47,3.26,5.95,632
25.301,16.67,0.12,1.08,0.45,3.26,0.00,631
25.318,16.67,0.11,1.05,1.73,3.27,0.28,631
25.335,16.67,0.10,1.05,0.41,3.28,0.00,633
25.352,16.69,0.10,1.05,1.74,3.28,0.28,631
25.368,16.64,0.12,1.03,0.41,3.29,0.00,631
25.385,16.68,0.10,1.02,1.71,3.29,0.28,633
25.401,16.65,0.12,1.02,0.41,3.31,0.00,635
25.418,16.67,0.11,1.02,7.46,3.38,5.96,636
25.435,16.67,0.12,1.04,0.44,3.39,0.00,640
25.451,16.66,0.10,1.02,1.70,3.40,0.28,658
25.468,16.67,0.11,0.99,0.41,3.45,0.00,659
25.485,16.68,0.10,1.01,1.70,3.46,0.28,659
25.502,16.73,0.10,1.02,0.44,3.46,0.00,660
25.518,16.60,0.10,1.02,1.76,3.48,0.28,659
25.535,16.67,0.11,0.99,0.43,3.50,0.00,660
25.552,16.67,0.09,0.98,7.36,3.49,5.85,661
25.568,16.67,0.12,1.02,0.43,3.50,0.00,662
25.585,16.66,0.11,0.99,1.71,3.49,0.28,660
25.602,16.67,0.10,0.90,0.42,3.51,0.00,659
25.618,16.66,0.10,0.91,1.71,3.50,0.28,660
25.635,16.67,0.24,0.99,0.42,3.51,0.00,677
25.652,16.68,0.09,0.98,1.76,3.68,0.28,689
25.668,16.66,0.10,0.99,0.47,3.83,0.00,690
25.685,16.73,0.11,1.01,7.48,3.82,5.92,691
25.702,16.62,0.12,1.07,0.50,3.83,0.00,690
25.718,16.65,0.11,1.03,1.86,3.83,0.28,688
25.735,16.66,0.12,0.97,0.48,3.83,0.00,688
25.752,16.67,0.11,0.98,1.77,3.82,0.28,688
25.768,16.68,0.11,0.96,0.46,3.83,0.00,685
25.785,16.66,0.10,0.96,1.74,3.83,0.28,685
25.802,16.67,0.10,0.96,0.48,3.84,0.00,685
25.818,16.68,0.09,0.96,7.45,3.83,5.89,686
25.835,16.66,0.13,0.98,0.52,3.81,0.00,686
25.852,16.66,0.11,0.96,1.77,3.82,0.28,686
25.868,16.67,0.12,0.96,0.48,3.82,0.00,686
25.885,16.67,0.11,0.95,1.75,3.80,0.28,683
25.902,16.68,0.10,0.95,0.40,3.82,0.00,679
25.918,16.66,0.11,0.94,1.74,3.81,0.27,677
25.935,16.66,0.11,0.93,0.40,3.79,0.00,676
25.952,16.67,0.11,0.92,7.42,3.78,5.94,675
25.968,16.68,0.12,0.95,0.45,3.76,0.00,669
25.985,16.66,0.11,0.94,1.72,3.75,0.28,666
26.002,16.66,0.11,0.93,0.43,3.74,0.00,664
26.018,16.67,0.12,0.95,1.81,3.72,0.28,658
26.035,16.66,0.10,0.91,0.41,3.74,0.00,655
26.052,16.67,0.10,0.92,1.73,3.70,0.27,652
26.068,16.67,0.11,0.92,0.42,3.70,0.00,649
26.085,16.67,0.09,0.91,7.34,3.67,5.86,645
26.102,16.67,0.12,0.93,0.45,3.67,0.00,637
26.118,16.67,0.09,0.90,1.71,3.65,0.28,638
26.135,16.74,0.11,0.91,0.44,3.63,0.00,635
26.152,16.69,0.10,0.96,1.82,3.64,0.29,631
26.168,16.62,0.10,0.89,0.51,2.76,0.00,631
26.185,16.67,0.09,0.87,1.74,2.76,0.27,629
26.202,16.64,0.09,0.86,0.40,2.77,0.00,627
26.218,16.69,0.09,0.85,7.47,2.74,5.99,623
26.235,16.64,0.11,0.89,0.43,2.74,0.00,623
26.252,16.66,0.11,0.86,1.76,2.72,0.27,623
26.268,16.67,0.10,0.85,0.40,2.77,0.00,621
26.285,16.68,0.09,0.87,1.72,2.73,0.28,621
26.302,16.66,0.09,0.88,0.40,2.75,0.00,621
26.318,16.66,0.10,0.88,1.73,2.74,0.28,620
26.335,16.68,0.09,0.87,0.40,2.74,0.00,619
26.352,16.66,0.10,0.88,7.35,2.72,5.84,620
26.368,16.67,0.12,0.88,0.43,2.73,0.00,618
26.385,16.66,0.11,0.85,1.72,2.72,0.27,618
26.402,16.67,0.10,0.87,0.40,2.75,0.00,616
26.418,16.67,0.10,0.87,1.76,2.74,0.27,614
26.435,16.68,0.09,0.86,0.40,2.72,0.00,606
26.452,16.67,0.09,0.84,1.69,2.71,0.27,604
26.468,16.66,0.09,0.85,0.41,2.72,0.00,600
26.485,16.66,0.09,0.88,7.44,2.69,5.94,599
26.502,16.67,0.12,0.88,0.46,2.69,0.00,598
26.518,16.66,0.09,0.86,1.73,2.69,0.28,596
26.535,16.68,0.10,0.86,0.42,2.71,0.00,597
26.552,16.76,0.10,0.89,1.80,2.69,0.27,597
26.568,16.58,0.11,0.88,0.42,2.69,0.00,594
26.585,16.66,0.10,0.87,1.73,2.69,0.27,591
26.602,16.67,0.10,0.87,0.40,2.71,0.00,590
26.618,16.68,0.09,0.64,7.37,2.70,5.87,588
26.635,16.66,0.11,0.63,0.42,2.70,0.00,587
26.652,16.74,0.09,0.69,1.74,2.72,0.27,587
26.668,16.60,0.10,0.63,0.44,2.72,0.00,586
26.685,16.67,0.09,0.61,1.72,2.71,0.27,585
26.702,16.67,0.09,0.62,0.41,2.72,0.00,585
26.718,16.66,0.11,0.63,1.75,2.69,0.27,582
26.735,16.67,0.09,0.61,0.38,2.71,0.00,581
26.752,16.67,0.11,0.65,7.39,2.69,5.96,579
26.768,16.73,0.05,0.34,0.30,2.70,0.00,579
26.785,16.60,0.05,0.23,0.68,2.69,0.09,579
26.802,16.70,0.12,0.67,0.53,2.69,0.00,578
26.818,16.77,0.11,0.69,1.90,2.68,0.27,576
26.835,16.57,0.11,0.67,0.55,2.67,0.00,572
26.852,16.66,0.11,0.68,1.87,2.66,0.27,570
26.868,16.66,0.12,0.66,0.50,2.65,0.00,570
26.885,16.70,0.10,0.68,8.06,2.65,6.50,568
26.902,16.64,0.12,0.70,0.49,2.65,0.00,566
26.918,16.69,0.11,0.62,1.76,2.63,0.27,564
26.935,16.64,0.10,0.62,0.41,2.63,0.00,561
26.952,16.67,0.09,0.65,1.76,2.60,0.27,558
26.968,16.67,0.09,0.63,0.41,2.60,0.00,556
26.985,16.66,0.09,0.65,1.74,2.59,0.27,555
27.002,16.67,0.09,0.64,0.43,2.58,0.00,548
27.018,16.67,0.09,0.62,7.63,2.57,6.12,547
27.035,16.67,0.12,0.66,0.43,2.57,0.00,545
27.052,16.70,0.09,0.62,1.73,2.55,0.27,543
27.068,16.67,0.09,0.66,0.47,2.54,0.00,542
27.085,16.65,0.09,0.63,1.73,2.53,0.27,542
27.102,16.66,0.09,0.64,0.43,2.52,0.00,538
27.118,16.67,0.09,0.62,1.75,2.50,0.27,536
27.135,16.66,0.10,0.63,0.41,2.52,0.00,533
27.152,16.76,0.10,0.65,7.46,2.50,5.92,532
27.168,16.59,0.11,0.65,0.49,2.49,0.00,529
27.185,16.75,0.09,0.66,1.74,2.47,0.27,528
27.202,16.58,0.09,0.63,0.41,2.47,0.00,526
27.218,16.69,0.09,0.64,1.73,2.46,0.27,527
27.235,16.66,0.08,0.64,0.41,2.47,0.00,527
27.252,16.65,0.13,0.93,1.93,2.46,0.47,571
27.268,16.68,0.11,0.94,0.46,3.37,0.00,572
27.285,16.67,0.10,0.93,7.46,3.32,5.93,572
27.302,16.66,0.13,0.95,0.43,3.34,0.00,571
27.318,16.68,0.11,0.93,1.75,3.33,0.28,570
27.335,16.65,0.12,0.94,0.42,3.34,0.00,566
27.352,16.67,0.11,0.94,1.71,3.34,0.28,565
27.368,16.67,0.12,0.93,0.41,3.35,0.00,564
27.385,16.66,0.12,0.94,1.74,3.36,0.28,562
27.402,16.69,0.12,0.95,0.42,3.36,0.00,562
27.418,16.66,0.11,0.96,7.52,3.36,6.01,560
27.435,16.66,0.13,0.97,0.44,3.36,0.00,562
27.452,16.69,0.11,0.97,1.74,3.36,0.28,561
27.468,16.65,0.10,0.95,0.40,3.37,0.00,559
27.485,16.66,0.11,0.97,1.73,3.37,0.27,559
27.502,16.68,0.13,0.96,0.44,3.42,0.00,555
27.518,16.66,0.10,0.96,1.73,3.40,0.28,557
27.535,16.67,0.10,0.96,0.41,3.42,0.00,556
27.552,16.66,0.10,0.95,7.43,3.41,5.93,555
27.568,16.67,0.13,0.98,0.43,3.43,0.00,554
27.585,16.67,0.10,0.94,1.73,3.42,0.28,553
27.602,16.66,0.11,0.86,0.40,3.44,0.00,552
27.618,16.67,0.10,0.85,1.71,3.43,0.27,550
27.635,16.67,0.23,0.96,0.41,3.48,0.00,606
27.652,16.68,0.10,0.97,1.73,3.62,0.28,615
27.668,16.66,0.11,0.97,0.41,3.18,0.00,618
27.685,16.68,0.12,0.98,7.41,3.16,5.89,617
27.702,16.68,0.13,1.01,0.43,3.16,0.00,616
27.718,16.65,0.11,0.98,1.74,3.16,0.28,617
27.735,16.67,0.12,0.96,0.41,3.17,0.00,612
27.752,16.67,0.11,0.99,1.73,3.18,0.28,613
27.768,16.66,0.11,0.97,0.40,3.20,0.00,614
27.785,16.68,0.10,0.99,1.73,3.18,0.28,614
27.802,16.67,0.12,0.98,0.48,3.20,0.00,615
27.818,16.66,0.10,0.97,7.49,3.18,5.99,617
27.835,16.67,0.12,0.99,0.44,3.20,0.00,621
27.852,16.66,0.11,0.97,1.72,3.20,0.28,619
27.868,16.68,0.10,0.96,0.42,3.20,0.00,618
27.885,16.66,0.11,0.98,1.76,3.23,0.28,618
27.902,16.69,0.10,0.94,0.45,3.24,0.00,618
27.919,16.77,0.11,0.99,1.78,3.22,0.28,621
27.935,16.54,0.12,0.96,0.43,3.23,0.00,622
27.952,16.67,0.10,0.94,7.39,3.23,5.88,623
27.968,16.69,0.10,0.98,0.44,3.24,0.00,624
27.985,16.65,0.12,0.96,1.77,3.24,0.28,622
28.002,16.68,0.11,0.98,0.48,3.27,0.00,622
28.018,16.67,0.10,0.95,1.76,3.26,0.29,623
28.035,16.67,0.10,0.96,0.44,3.27,0.00,623
28.052,16.66,0.10,0.96,1.74,3.27,0.28,621
28.068,16.68,0.10,0.95,0.42,3.28,0.00,622
28.085,16.65,0.10,0.95,7.43,3.27,5.94,622
28.102,16.67,0.12,0.97,0.44,3.28,0.00,621
28.118,16.68,0.09,0.93,1.71,3.30,0.28,621
28.135,16.66,0.11,0.93,0.41,3.30,0.00,622
28.152,16.68,0.09,0.94,1.71,3.30,0.28,623
28.168,16.67,0.10,0.93,0.41,3.32,0.00,623
28.185,16.75,0.10,0.95,1.76,3.30,0.28,622
28.202,16.58,0.09,0.95,0.41,3.32,0.00,621
28.218,16.69,0.09,0.93,7.38,3.29,5.89,621
28.235,16.65,0.11,0.95,0.44,3.29,0.00,620
28.252,16.68,0.10,0.94,1.73,3.31,0.27,612
28.268,16.66,0.10,0.93,0.40,3.30,0.00,611
28.285,16.67,0.11,0.94,1.75,3.28,0.27,612
28.302,16.67,0.10,0.94,0.43,3.29,0.00,613
28.318,16.67,0.10,0.94,1.72,3.28,0.28,612
28.335,16.77,0.10,0.95,0.44,3.28,0.00,614
28.352,16.57,0.10,0.94,7.52,3.27,5.98,614
28.368,16.66,0.11,0.95,0.43,3.28,0.00,614
28.385,16.68,0.09,0.91,1.72,3.27,0.27,611
28.402,16.66,0.10,0.93,0.44,3.29,0.00,612
28.418,16.68,0.10,0.93,1.74,3.27,0.26,612
28.435,16.65,0.11,0.91,0.40,3.26,0.00,613
28.452,16.67,0.10,0.92,1.73,3.25,0.28,615
28.468,16.67,0.09,0.93,0.41,3.26,0.00,617
28.485,16.67,0.12,0.94,7.44,3.25,5.92,617
28.502,16.68,0.12,0.94,0.46,3.27,0.00,616
28.518,16.66,0.11,0.92,1.74,3.25,0.28,618
28.535,16.67,0.11,0.92,0.40,3.25,0.00,617
28.552,16.67,0.10,0.91,1.71,3.23,0.27,617
28.568,16.67,0.11,0.91,0.40,3.24,0.00,618
28.585,16.68,0.09,0.90,1.71,3.22,0.27,619
28.602,16.65,0.11,0.90,0.39,3.21,0.00,617
28.618,16.67,0.10,0.90,7.45,3.22,5.94,616
28.635,16.67,0.11,0.91,0.43,3.20,0.00,616
28.652,16.67,0.11,0.93,1.74,3.18,0.27,617
28.668,16.66,0.10,0.90,0.39,3.18,0.00,616
28.685,16.68,0.10,0.94,1.74,3.14,0.28,616
28.702,16.66,0.10,0.90,0.40,3.14,0.00,611
28.718,16.66,0.15,1.21,1.93,3.12,0.46,654
28.735,16.67,0.13,1.20,0.40,4.01,0.00,639
28.752,16.68,0.12,1.20,7.39,3.98,5.87,635
28.768,16.69,0.14,1.22,0.49,3.55,0.00,635
28.785,16.64,0.14,1.22,1.74,3.53,0.27,634
28.802,16.67,0.13,1.20,0.44,3.54,0.00,633
28.818,16.67,0.13,1.20,1.70,3.53,0.27,631
28.835,16.67,0.12,1.20,0.40,3.53,0.00,630
28.852,16.67,0.13,1.22,1.71,3.51,0.27,630
28.868,16.67,0.13,1.21,0.40,3.50,0.00,631
28.885,16.68,0.12,1.21,7.40,3.53,5.89,632
28.902,16.74,0.13,1.23,0.48,3.50,0.00,632
28.918,16.60,0.14,1.27,1.81,3.50,0.27,632
28.935,16.68,0.12,1.25,0.48,3.51,0.00,631
28.952,16.65,0.14,1.25,1.79,3.50,0.27,632
28.968,16.68,0.12,1.26,0.49,3.54,0.00,632
28.985,16.71,0.11,1.27,1.74,3.57,0.27,631
29.002,16.67,0.12,1.52,0.48,3.58,0.00,633
29.018,16.62,0.14,1.23,7.74,3.57,6.18,636
29.035,16.69,0.14,1.26,0.44,3.59,0.00,635
29.052,16.66,0.13,1.23,1.74,3.58,0.27,637
29.068,16.65,0.13,1.27,0.44,3.61,0.00,639
29.085,16.68,0.13,1.30,1.78,3.59,0.28,638
29.102,16.66,0.13,1.25,0.44,3.61,0.00,636
29.119,16.69,0.13,1.27,1.79,3.64,0.27,635
29.135,16.64,0.13,1.25,0.45,3.06,0.00,638
29.152,16.66,0.12,1.22,7.56,3.07,6.01,638
29.168,16.68,0.12,1.24,0.43,3.08,0.00,634
29.185,16.74,0.11,1.28,1.77,3.07,0.27,632
29.202,16.58,0.12,1.23,0.42,3.09,0.00,630
29.219,16.70,0.10,0.98,1.73,3.09,0.28,608
29.235,16.65,0.10,0.97,0.43,3.12,0.00,608
29.252,16.66,0.12,0.98,1.73,3.12,0.28,608
29.269,16.68,0.13,0.99,0.47,3.14,0.00,610
29.285,16.65,0.10,0.98,7.41,3.14,5.89,614
29.302,16.71,0.12,1.01,0.47,3.15,0.00,616
29.319,16.64,0.12,1.00,1.78,3.16,0.28,617
29.335,16.69,0.13,1.00,0.47,3.16,0.00,618
29.352,16.65,0.10,1.00,1.74,3.20,0.29,621
29.368,16.66,0.12,0.99,0.43,3.21,0.00,622
29.385,16.68,0.12,0.96,1.72,3.20,0.28,621
29.402,16.66,0.12,0.99,0.43,3.22,0.00,621
29.419,16.68,0.11,0.99,7.63,3.21,6.09,623
29.435,16.67,0.13,1.01,0.49,3.22,0.00,624
29.452,16.66,0.12,1.01,1.81,3.21,0.27,624
29.469,16.65,0.12,0.98,0.44,3.22,0.00,628
29.485,16.67,0.11,0.97,1.70,3.25,0.28,630
29.502,16.67,0.10,0.99,0.43,3.26,0.00,634
29.519,16.68,0.12,1.01,1.83,3.26,0.28,635
29.535,16.66,0.12,1.00,0.50,3.25,0.00,639
29.552,16.66,0.11,0.96,7.58,3.26,6.06,639
29.569,16.71,0.12,0.99,0.43,3.26,0.00,640
29.585,16.63,0.11,0.96,1.72,3.26,0.28,642
29.602,16.67,0.11,0.88,0.39,3.28,0.00,641
29.619,16.67,0.11,0.87,1.70,3.28,0.27,640
29.635,16.68,0.24,0.96,0.40,3.28,0.00,670
29.652,16.65,0.12,0.95,1.76,3.42,0.28,690
29.669,16.67,0.10,0.95,0.43,3.64,0.00,691
29.685,16.68,0.12,0.99,7.59,3.63,6.02,691
29.702,16.67,0.13,0.97,0.47,3.62,0.00,693
29.719,16.75,0.11,0.97,1.84,3.60,0.28,693
29.735,16.58,0.11,0.93,0.47,3.63,0.00,693
29.752,16.67,0.10,0.92,1.76,3.62,0.28,692
29.769,16.68,0.11,0.95,0.48,3.60,0.00,690
29.785,16.69,0.10,0.94,1.75,3.58,0.28,686
29.802,16.65,0.10,0.95,0.45,3.57,0.00,687
29.819,16.65,0.11,0.93,7.41,3.56,5.87,686
29.835,16.68,0.13,0.95,0.43,3.55,0.00,679
29.852,16.67,0.12,0.93,1.71,3.56,0.27,678
29.869,16.66,0.11,0.93,0.40,3.54,0.00,676
29.885,16.68,0.10,0.93,1.71,3.52,0.28,675
29.902,16.65,0.11,0.94,0.40,3.52,0.00,674
29.919,16.67,0.11,0.93,1.70,3.50,0.27,674
29.935,16.69,0.11,0.95,0.46,3.50,0.00,673
29.952,16.64,0.11,0.91,7.42,3.48,5.94,673
29.969,16.70,0.11,0.93,0.42,3.49,0.00,669
29.985,16.63,0.11,0.94,1.76,3.47,0.29,666
30.002,16.67,0.11,0.92,0.41,3.47,0.00,665
30.019,16.67,0.11,0.93,1.75,3.45,0.27,662
30.035,16.70,0.11,0.93,0.44,3.45,0.00,663
30.052,16.64,0.11,0.92,1.73,3.44,0.27,663
30.069,16.66,0.11,0.92,0.40,3.43,0.00,661
30.085,16.69,0.10,0.92,7.36,3.42,5.87,659
30.102,16.67,0.12,0.94,0.44,3.44,0.00,655
30.119,16.66,0.11,0.91,1.71,3.42,0.27,653
30.135,16.67,0.12,0.94,0.50,3.41,0.00,653
30.152,16.66,0.11,0.92,1.74,3.38,0.27,651
30.169,16.67,0.11,0.92,0.40,3.38,0.00,649
30.185,16.75,0.10,0.93,1.76,3.37,0.28,647
30.202,16.58,0.12,0.92,0.41,3.35,0.00,645
30.219,16.68,0.11,0.88,7.49,3.37,5.98,642
30.235,16.66,0.12,0.89,0.45,2.94,0.00,642
30.252,16.67,0.12,0.88,1.73,2.92,0.27,641
30.269,16.67,0.12,0.88,0.43,2.93,0.00,638
30.285,16.68,0.09,0.85,1.72,2.89,0.27,635
30.302,16.66,0.11,0.87,0.38,2.89,0.00,635
30.319,16.67,0.11,0.87,1.69,2.87,0.27,633
30.335,16.66,0.11,0.87,0.39,2.88,0.00,632
30.352,16.68,0.10,0.88,7.38,2.87,5.88,631
30.369,16.67,0.10,0.90,0.42,2.86,0.00,631
30.385,16.67,0.11,0.89,1.74,2.84,0.27,628
30.402,16.67,0.12,0.88,0.41,2.84,0.00,626
30.419,16.66,0.11,0.86,1.69,2.83,0.27,624
30.435,16.67,0.11,0.88,0.46,2.82,0.00,624
30.452,16.66,0.11,0.84,1.76,2.79,0.27,621
30.469,16.67,0.11,0.87,0.42,2.79,0.00,616
30.485,16.67,0.10,0.86,7.41,2.79,5.94,617
30.502,16.68,0.12,0.88,0.43,2.78,0.00,616
30.519,16.67,0.12,0.88,1.77,2.76,0.27,611
30.535,16.66,0.11,0.87,0.40,2.74,0.00,609
30.552,16.67,0.10,0.87,1.70,2.72,0.25,604
30.569,16.67,0.11,0.86,0.41,2.71,0.00,601
30.585,16.68,0.09,0.86,1.69,2.71,0.24,595
30.602,16.65,0.10,0.86,0.39,2.71,0.00,593
30.619,16.68,0.11,0.86,7.29,2.70,5.80,590
30.635,16.66,0.12,0.88,0.43,2.69,0.00,587
30.652,16.66,0.10,0.84,1.69,2.67,0.24,582
30.669,16.67,0.11,0.84,0.42,2.67,0.00,580
30.685,16.67,0.11,0.59,1.73,2.65,0.24,568
30.702,16.66,0.11,0.59,0.41,2.63,0.00,563
30.719,16.66,0.11,0.58,1.70,2.65,0.24,564
30.735,16.68,0.11,0.58,0.40,2.64,0.00,566
30.752,16.67,0.09,0.57,7.41,2.65,5.91,562
30.769,16.69,0.11,0.60,0.45,2.63,0.00,562
30.785,16.64,0.11,0.58,1.70,2.61,0.24,562
30.802,16.66,0.11,0.58,0.40,2.63,0.00,562
30.819,16.68,0.10,0.57,1.68,2.61,0.24,561
30.835,16.65,0.10,0.56,0.40,2.63,0.00,560
30.852,16.70,0.09,0.57,1.69,2.62,0.24,561
30.869,16.66,0.09,0.55,0.42,2.63,0.00,561
30.885,16.65,0.10,0.60,7.38,2.62,5.87,560
30.902,16.68,0.13,0.60,0.46,2.61,0.00,560
30.919,16.66,0.11,0.58,1.72,2.60,0.24,558
30.935,16.67,0.12,0.57,0.46,2.61,0.00,557
30.952,16.66,0.11,0.58,1.69,2.59,0.24,558
30.969,16.70,0.09,0.58,0.41,2.63,0.00,557
30.985,16.64,0.11,0.57,1.69,2.62,0.24,551
31.002,16.67,0.10,0.56,0.40,2.62,0.00,551
31.019,16.66,0.11,0.58,7.46,2.61,5.96,550
31.035,16.68,0.11,0.57,0.43,2.61,0.00,548
31.052,16.73,0.10,0.60,1.71,2.61,0.24,546
31.069,16.61,0.12,0.58,0.46,2.60,0.00,543
31.085,16.65,0.10,0.59,1.68,2.61,0.24,543
31.102,16.67,0.10,0.57,0.40,2.62,0.00,543
31.119,16.67,0.10,0.56,1.68,2.61,0.24,542
31.135,16.66,0.10,0.57,0.39,2.62,0.00,544
31.152,16.68,0.10,0.57,7.46,2.60,5.95,544
31.169,16.67,0.12,0.57,0.47,2.59,0.00,542
31.185,16.66,0.10,0.58,1.73,2.59,0.24,540
31.202,16.67,0.12,0.57,0.41,2.58,0.00,540
31.219,16.68,0.11,0.57,1.69,2.59,0.24,539
31.235,16.65,0.10,0.56,0.39,2.60,0.00,538
31.252,16.68,0.11,0.56,1.67,2.58,0.24,533
31.269,16.66,0.11,0.55,0.43,2.57,0.00,533
31.285,16.67,0.10,0.57,7.41,2.55,5.91,532
31.302,16.67,0.11,0.58,0.45,2.57,0.00,531
31.319,16.69,0.10,0.57,1.69,2.55,0.24,526
31.335,16.73,0.09,0.58,0.43,2.57,0.00,522
31.352,16.58,0.10,0.57,1.68,2.55,0.24,522
31.369,16.66,0.12,0.57,0.44,2.54,0.00,520
31.385,16.67,0.10,0.56,1.68,2.53,0.24,520
31.402,16.67,0.11,0.54,0.40,2.53,0.00,517
31.419,16.67,0.10,0.57,7.30,2.50,5.82,515
31.435,16.76,0.10,0.59,0.44,2.50,0.00,509
31.452,16.58,0.11,0.57,1.71,2.50,0.24,508
31.469,16.69,0.09,0.58,0.44,2.50,0.00,509
31.485,16.64,0.11,0.58,1.72,2.49,0.24,508
31.502,16.67,0.10,0.57,0.43,2.48,0.00,507
31.519,16.66,0.10,0.58,1.72,2.47,0.24,505
31.535,16.67,0.10,0.54,0.40,2.47,0.00,504
31.552,16.68,0.10,0.57,7.40,2.46,5.91,504
31.569,16.68,0.11,0.59,0.43,2.46,0.00,502
31.585,16.66,0.10,0.57,1.68,2.46,0.24,503
31.602,16.67,0.10,0.50,0.40,2.47,0.00,502
31.619,16.68,0.09,0.50,1.67,2.46,0.24,502
31.635,16.66,0.23,0.59,0.42,2.46,0.00,529
31.652,16.66,0.10,0.60,1.69,2.55,0.24,526
31.669,16.68,0.11,0.58,0.40,2.55,0.00,524
31.685,16.67,0.11,0.60,8.00,2.54,6.50,523
31.702,16.68,0.11,0.59,0.43,2.55,0.00,522
31.719,16.67,0.10,0.61,1.73,2.54,0.24,521
31.735,16.67,0.10,0.60,0.47,2.55,0.00,520
31.752,16.66,0.12,0.61,1.72,2.53,0.24,520
31.769,16.67,0.11,0.59,0.43,2.55,0.00,519
31.785,16.66,0.11,0.59,1.69,2.51,0.24,516
31.802,16.66,0.10,0.58,0.39,2.54,0.00,515
31.819,16.69,0.10,0.64,7.46,2.52,5.94,514
31.835,16.68,0.12,0.61,0.41,2.54,0.00,513
31.852,16.65,0.10,0.59,1.71,2.53,0.24,513
31.869,16.66,0.10,0.59,0.42,2.53,0.00,513
31.885,16.68,0.10,0.58,1.69,2.53,0.25,513
31.902,16.66,0.11,0.60,0.40,2.54,0.00,512
31.919,16.68,0.10,0.60,1.68,2.54,0.24,512
31.935,16.67,0.14,0.82,0.40,2.55,0.00,565
31.952,16.67,0.12,0.84,7.46,3.44,5.97,573
31.969,16.71,0.12,0.86,0.43,3.53,0.00,572
31.985,16.63,0.12,0.83,1.70,3.53,0.24,571
32.002,16.66,0.12,0.83,0.40,3.54,0.00,571
32.019,16.68,0.12,0.90,1.81,3.54,0.26,571
32.035,16.69,0.12,0.85,0.41,3.53,0.00,570
32.052,16.63,0.14,0.88,1.77,3.53,0.25,570
32.069,16.66,0.14,0.91,0.47,3.54,0.00,568
32.085,16.69,0.17,0.96,7.78,3.52,6.23,569
32.102,16.67,0.10,0.66,0.41,3.55,0.00,568
32.119,16.64,0.07,0.50,1.03,3.53,0.14,570
32.135,16.69,0.09,0.65,0.38,3.55,0.00,571
32.152,16.67,0.12,0.88,1.78,3.55,0.27,572
32.169,16.66,0.14,0.86,0.44,3.57,0.00,570
32.185,16.66,0.14,0.86,1.73,3.57,0.27,569
32.202,16.67,0.12,0.86,0.42,3.59,0.00,569
32.219,16.68,0.12,0.85,7.45,3.58,5.93,570
32.235,16.69,0.13,0.87,0.43,3.58,0.00,571
32.252,16.63,0.12,0.85,1.71,3.57,0.27,576
32.269,16.70,0.12,0.87,0.44,3.61,0.00,577
32.285,16.65,0.13,0.87,1.78,3.58,0.27,578
32.302,16.68,0.12,0.85,0.43,3.60,0.00,578
32.319,16.66,0.12,0.88,1.75,3.59,0.27,577
32.335,16.66,0.12,0.85,0.39,3.60,0.00,577
32.352,16.69,0.10,0.86,7.47,3.02,5.96,577
32.369,16.70,0.11,0.87,0.43,3.01,0.00,579
32.385,16.62,0.12,0.87,1.75,3.00,0.27,577
32.402,16.67,0.12,0.86,0.43,3.00,0.00,576
32.419,16.67,0.11,0.86,1.69,2.99,0.27,576
32.435,16.67,0.12,0.85,0.39,2.99,0.00,576
32.452,16.67,0.13,0.87,1.75,2.99,0.27,578
32.469,16.67,0.12,0.84,0.40,2.99,0.00,577
32.485,16.72,0.11,0.88,7.39,2.97,5.85,577
32.502,16.62,0.12,0.87,0.42,2.98,0.00,575
32.519,16.67,0.10,0.91,1.77,2.96,0.28,576
32.535,16.65,0.12,0.85,0.42,2.97,0.00,574
32.552,16.67,0.13,0.84,1.69,2.95,0.27,574
32.569,16.66,0.11,0.84,0.39,2.98,0.00,575
32.585,16.68,0.10,0.84,1.75,2.97,0.27,576
32.602,16.66,0.12,0.86,0.45,2.96,0.00,574
32.619,16.66,0.11,0.84,7.41,2.96,5.92,574
32.635,16.67,0.14,0.88,0.44,2.95,0.00,574
32.652,16.67,0.12,0.86,1.76,2.95,0.27,574
32.669,16.67,0.12,0.85,0.39,2.96,0.00,576
32.685,16.66,0.11,0.85,1.72,2.96,0.27,573
32.702,16.67,0.13,0.87,0.44,2.95,0.00,572
32.719,16.66,0.12,0.86,1.73,2.95,0.27,572
32.735,16.67,0.12,0.85,0.39,2.97,0.00,572
32.752,16.67,0.11,0.85,7.30,2.96,5.82,571
32.769,16.71,0.10,0.84,0.42,2.97,0.00,570
32.785,16.64,0.12,0.87,1.75,2.95,0.27,570
32.802,16.66,0.12,0.85,0.41,2.98,0.00,567
32.819,16.69,0.10,0.85,1.72,2.97,0.28,566
32.835,16.64,0.11,0.83,0.41,2.99,0.00,566
32.852,16.67,0.12,0.83,1.72,2.99,0.27,567
32.869,16.67,0.11,0.84,0.40,3.00,0.00,567
32.885,16.69,0.10,0.86,7.45,3.00,5.92,567
32.902,16.66,0.12,0.88,0.43,3.00,0.00,566
32.919,16.68,0.10,0.84,1.73,2.99,0.27,568
32.935,16.64,0.11,0.84,0.40,3.03,0.00,567
32.952,16.69,0.12,0.87,1.74,3.02,0.27,567
32.969,16.65,0.10,0.85,0.42,3.03,0.00,568
32.985,16.67,0.11,0.85,1.71,3.02,0.27,568
33.002,16.74,0.11,0.87,0.42,3.02,0.00,568
33.019,16.59,0.11,0.85,7.41,3.02,5.90,568
33.035,16.67,0.12,0.87,0.43,3.02,0.00,569
33.052,16.66,0.16,1.24,2.52,3.02,1.03,642
33.069,16.67,0.14,1.25,0.41,4.07,0.00,641
33.085,16.67,0.14,1.26,1.73,4.06,0.27,644
33.102,16.67,0.15,1.25,0.43,4.05,0.00,644
33.119,16.67,0.13,1.25,1.72,4.06,0.27,645
33.135,16.66,0.14,1.26,0.42,4.08,0.00,644
33.152,16.67,0.13,1.26,7.38,4.07,5.89,648
33.169,16.68,0.15,1.29,0.45,4.07,0.00,644
33.186,16.75,0.14,1.29,1.72,4.06,0.26,645
33.202,16.60,0.14,1.32,0.47,4.09,0.00,646
33.219,16.65,0.13,1.31,1.71,4.08,0.27,646
33.235,16.65,0.14,1.29,0.41,4.09,0.00,647
33.252,16.67,0.14,1.29,1.71,4.10,0.27,647
33.269,16.68,0.13,1.31,0.40,4.11,0.00,650
33.286,16.68,0.15,1.34,7.38,4.12,5.85,652
33.302,16.66,0.15,1.33,0.43,4.16,0.00,654
33.319,16.66,0.14,1.30,1.71,4.16,0.27,656
33.336,16.68,0.14,1.31,0.41,4.18,0.00,657
33.352,16.69,0.13,1.35,1.74,4.19,0.27,658
33.369,16.64,0.13,1.32,0.42,4.20,0.00,660
33.386,16.67,0.13,1.34,1.70,4.20,0.27,661
33.402,16.68,0.14,1.33,0.43,4.22,0.00,660
33.419,16.68,0.15,1.34,7.49,4.22,5.97,660
33.436,16.67,0.14,1.30,0.44,4.26,0.00,655
33.452,16.66,0.13,1.31,1.76,3.89,0.27,659
33.469,16.67,0.13,1.28,0.43,3.32,0.00,659
33.486,16.68,0.14,1.32,1.80,3.31,0.27,660
33.502,16.66,0.13,1.29,0.41,3.33,0.00,659
33.519,16.66,0.12,1.30,1.72,3.35,0.27,663
33.536,16.68,0.14,1.29,0.45,3.35,0.00,664
33.552,16.66,0.13,1.28,7.37,3.39,5.84,666
33.569,16.68,0.14,1.32,0.44,3.41,0.00,667
33.586,16.66,0.12,1.32,1.73,3.41,0.27,667
33.602,16.68,0.14,1.22,0.45,3.41,0.00,668
33.619,16.68,0.12,1.25,1.78,3.44,0.27,668
33.636,16.68,0.28,1.32,0.51,3.42,0.00,680
33.652,16.65,0.14,1.30,1.82,3.58,0.27,687
33.669,16.72,0.13,1.34,0.49,3.64,0.00,688
33.686,16.61,0.14,1.28,7.59,3.68,6.04,689
33.702,16.70,0.15,1.31,0.49,3.68,0.00,689
33.719,16.64,0.14,1.31,1.80,3.68,0.27,687
33.736,16.67,0.13,1.28,0.46,3.69,0.00,686
33.752,16.66,0.13,1.27,1.74,3.69,0.27,684
33.769,16.68,0.13,1.27,0.48,3.72,0.00,684
33.786,16.67,0.13,1.28,1.77,3.71,0.27,683
33.802,16.66,0.13,1.28,0.46,3.74,0.00,685
33.819,16.67,0.14,1.29,7.46,3.74,5.89,683
33.836,16.70,0.15,1.29,0.50,3.75,0.00,684
33.852,16.64,0.13,1.28,1.80,3.75,0.26,685
33.869,16.67,0.13,1.25,0.47,3.75,0.00,686
33.886,16.67,0.13,1.24,1.74,3.75,0.25,685
33.902,16.68,0.20,1.35,0.42,3.75,0.00,743
33.919,16.72,0.17,1.39,1.94,4.63,0.40,743
33.936,16.61,0.18,1.32,0.44,4.63,0.00,740
33.952,16.66,0.17,1.32,7.44,4.61,5.93,741
33.969,16.67,0.18,1.35,0.44,4.62,0.00,743
33.986,16.66,0.17,1.33,1.68,4.62,0.24,742
34.002,16.70,0.17,1.35,0.48,4.61,0.00,745
34.019,16.65,0.20,1.36,1.79,4.60,0.24,746
34.036,16.66,0.19,1.33,0.51,4.62,0.00,747
34.052,16.67,0.19,1.41,1.80,4.63,0.24,744
34.069,16.67,0.19,1.34,0.53,4.62,0.00,743
34.086,16.67,0.20,1.35,7.52,4.62,5.96,744
34.102,16.73,0.18,1.38,0.50,4.64,0.00,745
34.119,16.60,0.20,1.38,1.81,4.63,0.24,747
34.136,16.68,0.17,1.36,0.53,4.63,0.00,749
34.152,16.67,0.23,1.34,1.76,4.65,0.24,750
34.169,16.69,0.18,1.33,0.49,4.64,0.00,752
34.186,16.63,0.19,1.34,1.77,4.64,0.24,751
34.202,16.66,0.17,1.33,0.51,4.64,0.00,749
34.219,16.70,0.17,1.35,7.64,4.62,6.06,750
34.236,16.65,0.18,1.34,0.50,4.65,0.00,751
34.252,16.67,0.17,1.32,1.79,4.62,0.24,751
34.269,16.69,0.15,1.33,0.52,4.64,0.00,752
34.286,16.65,0.15,1.34,1.79,4.63,0.24,750
34.302,16.69,0.14,1.33,0.58,4.65,0.00,749
34.319,16.64,0.17,1.32,1.81,4.07,0.24,748
34.336,16.66,0.16,1.33,0.51,4.08,0.00,747
34.352,16.69,0.16,1.30,7.65,4.09,6.08,746
34.369,16.65,0.16,1.34,0.52,4.08,0.00,743
34.386,16.68,0.16,1.31,1.84,4.09,0.25,740
34.402,16.66,0.16,1.31,0.52,4.08,0.00,734
34.419,16.66,0.16,1.30,1.82,4.10,0.24,726
34.436,16.68,0.17,1.34,0.53,4.09,0.00,718
34.452,16.71,0.12,0.92,0.97,4.10,0.13,713
34.469,16.62,0.17,1.30,0.54,4.07,0.00,707
34.486,16.68,0.15,1.35,7.77,4.07,6.17,706
34.502,16.65,0.15,1.28,0.53,4.09,0.00,705
34.519,16.68,0.17,1.25,1.85,4.08,0.24,694
34.536,16.67,0.16,1.26,0.61,4.07,0.00,692
34.552,16.66,0.17,1.20,1.78,4.05,0.25,687
34.569,16.66,0.15,1.18,0.46,3.27,0.00,687
34.586,16.67,0.15,1.18,1.72,3.29,0.24,688
34.602,16.69,0.15,1.22,0.47,3.30,0.00,687
34.619,16.65,0.15,1.17,7.57,3.29,5.98,686
34.636,16.67,0.16,1.22,0.53,3.28,0.00,686
34.652,16.67,0.15,1.16,1.75,3.28,0.24,685
34.669,16.66,0.13,1.17,0.53,3.32,0.00,684
34.686,16.69,0.16,1.20,1.85,3.29,0.25,684
34.702,16.66,0.18,1.21,0.50,3.30,0.00,683
34.719,16.65,0.10,0.86,1.50,3.28,0.19,681
34.736,16.68,0.10,0.86,0.34,3.28,0.00,681
34.752,16.66,0.10,0.85,7.19,3.32,5.68,681
34.769,16.67,0.10,0.88,0.38,3.31,0.00,681
34.786,16.67,0.11,0.87,1.55,3.31,0.18,682
34.802,16.67,0.15,1.18,0.45,3.30,0.00,681
34.819,16.66,0.15,1.15,1.73,3.29,0.24,683
34.836,16.67,0.15,1.17,0.48,3.31,0.00,683
34.852,16.66,0.14,1.14,1.70,3.30,0.25,680
34.869,16.69,0.14,1.16,0.44,3.30,0.00,679
34.886,16.65,0.15,1.14,7.34,3.29,5.83,679
34.902,16.67,0.16,1.18,0.45,3.27,0.00,677
34.919,16.66,0.14,1.14,1.68,3.35,0.25,676
34.936,16.67,0.15,1.15,0.43,3.35,0.00,671
34.952,16.67,0.16,1.14,1.73,3.35,0.24,671
34.969,16.67,0.14,1.14,0.41,3.35,0.00,670
34.986,16.69,0.13,1.15,1.70,3.33,0.24,669
35.002,16.64,0.14,1.14,0.41,3.32,0.00,668
35.019,16.70,0.12,0.89,7.41,3.31,5.92,655
35.036,16.65,0.15,0.92,0.46,3.28,0.00,655
35.052,16.67,0.15,1.59,2.04,3.28,0.51,674
35.069,16.66,0.14,0.99,0.42,3.31,0.00,677
35.086,16.67,0.15,1.01,1.69,3.33,0.25,677
35.102,16.67,0.14,1.02,0.40,3.34,0.00,678
35.119,16.67,0.15,1.00,1.71,3.34,0.26,682
35.136,16.67,0.15,1.01,0.47,3.36,0.00,686
35.152,16.67,0.14,0.99,7.37,3.38,5.82,686
35.169,16.69,0.13,1.05,0.49,3.37,0.00,683
35.186,16.73,0.14,1.03,1.72,3.37,0.24,682
35.202,16.58,0.15,1.04,0.48,3.37,0.00,684
35.219,16.72,0.14,1.04,1.75,3.34,0.25,687
35.236,16.60,0.14,1.04,0.45,3.39,0.00,690
35.252,16.67,0.14,1.03,1.74,3.39,0.25,690
35.269,16.67,0.14,1.04,0.48,3.38,0.00,691
35.286,16.68,0.15,1.04,7.47,3.36,5.92,693
35.302,16.67,0.14,1.05,0.49,3.37,0.00,692
35.319,16.66,0.13,1.02,1.72,3.39,0.25,688
35.336,16.67,0.15,1.02,0.45,3.40,0.00,685
35.352,16.67,0.15,1.06,1.80,3.38,0.25,683
35.369,16.66,0.14,1.05,0.42,3.38,0.00,674
35.386,16.67,0.14,1.02,1.69,3.36,0.25,660
35.402,16.67,0.14,1.01,0.41,3.37,0.00,647
35.419,16.67,0.13,0.99,7.31,3.06,5.81,646
35.436,16.68,0.15,1.04,0.45,3.06,0.00,645
35.452,16.66,0.15,1.03,1.73,3.05,0.25,644
35.469,16.67,0.15,1.02,0.44,3.03,0.00,644
35.486,16.67,0.15,1.00,1.68,3.08,0.25,645
35.502,16.66,0.14,1.02,0.43,3.09,0.00,642
35.519,16.68,0.12,1.01,1.69,3.08,0.25,642
35.536,16.66,0.14,1.03,0.43,3.09,0.00,640
35.552,16.66,0.13,1.00,7.48,3.06,5.97,640
35.569,16.67,0.14,1.04,0.43,3.08,0.00,641
35.586,16.67,0.14,1.00,1.69,3.10,0.25,641
35.602,16.68,0.14,0.94,0.41,3.11,0.00,639
35.619,16.65,0.13,0.91,1.67,3.10,0.24,639
35.636,16.68,0.26,1.07,0.50,3.10,0.00,694
35.652,16.66,0.14,1.08,1.73,3.28,0.25,706
35.669,16.67,0.14,1.12,0.42,3.45,0.00,704
35.686,16.69,0.13,1.13,7.32,3.43,5.79,704
35.702,16.67,0.13,1.12,0.44,3.43,0.00,704
35.719,16.66,0.15,1.10,1.73,3.42,0.25,702
35.736,16.64,0.13,1.10,0.41,3.45,0.00,701
35.752,16.70,0.12,1.08,1.70,3.43,0.27,702
35.769,16.64,0.13,1.08,0.42,3.44,0.00,701
35.786,16.68,0.14,1.09,1.75,3.44,0.28,703
35.802,16.67,0.14,1.09,0.41,3.43,0.00,702
35.819,16.67,0.14,1.09,7.46,3.45,5.98,704
35.836,16.67,0.14,1.13,0.43,3.44,0.00,704
35.852,16.66,0.14,1.10,1.71,3.45,0.28,704
35.869,16.67,0.14,0.89,0.45,3.46,0.00,702
35.886,16.67,0.12,0.84,1.73,3.42,0.27,701
35.902,16.67,0.13,0.89,0.41,3.46,0.00,702
35.919,16.67,0.14,0.89,1.78,3.46,0.27,707
35.936,16.67,0.14,0.92,0.51,3.45,0.00,707
35.952,16.67,0.12,0.87,7.44,3.44,5.95,706
35.969,16.66,0.15,0.93,0.47,3.43,0.00,707
35.986,16.67,0.12,0.89,1.74,3.45,0.28,707
36.002,16.66,0.13,0.87,0.41,3.45,0.00,704
36.019,16.67,0.13,0.85,1.72,3.44,0.27,704
36.036,16.68,0.13,0.90,0.44,3.44,0.00,704
36.052,16.65,0.13,0.87,1.71,3.41,0.27,703
36.069,16.67,0.12,0.89,0.41,3.45,0.00,703
36.086,16.68,0.13,0.84,7.54,3.41,5.98,693
36.102,16.68,0.14,0.88,0.46,3.40,0.00,694
36.119,16.67,0.12,0.86,1.78,3.38,0.28,693
36.136,16.65,0.14,0.86,0.47,3.39,0.00,692
36.153,16.75,0.13,0.85,1.79,3.38,0.27,692
36.169,16.58,0.14,0.88,0.51,3.36,0.00,691
36.186,16.68,0.14,0.87,1.78,3.38,0.28,691
36.202,16.66,0.13,0.86,0.45,3.38,0.00,689
36.219,16.66,0.14,0.85,7.50,3.37,5.95,688
36.236,16.69,0.13,0.89,0.49,3.39,0.00,688
36.252,16.64,0.12,0.84,1.79,3.40,0.27,689
36.269,16.67,0.13,0.86,0.49,3.41,0.00,688
36.286,16.67,0.13,0.83,1.79,3.39,0.27,688
36.302,16.67,0.12,0.86,0.45,3.40,0.00,685
36.319,16.67,0.13,0.86,1.76,3.42,0.27,684
36.336,16.66,0.13,0.87,0.39,3.42,0.00,681
36.352,16.67,0.13,0.86,7.47,3.42,5.99,680
36.369,16.67,0.14,0.91,0.45,3.42,0.00,677
36.386,16.66,0.13,0.88,1.75,3.43,0.27,677
36.402,16.66,0.13,0.87,0.42,3.44,0.00,677
36.419,16.67,0.13,0.85,1.70,3.44,0.27,675
36.436,16.66,0.13,0.87,0.41,3.43,0.00,671
36.452,16.67,0.13,0.87,1.73,3.44,0.27,669
36.469,16.67,0.13,0.88,0.42,3.46,0.00,667
36.486,16.67,0.13,0.86,7.31,3.43,5.82,665
36.502,16.67,0.12,0.87,0.44,3.45,0.00,665
36.519,16.67,0.13,0.86,1.73,3.42,0.27,663
36.536,16.68,0.30,1.24,0.45,3.43,0.00,709
36.552,16.66,0.18,1.18,1.91,4.21,0.46,703
36.569,16.66,0.16,1.19,0.41,3.91,0.00,701
36.586,16.72,0.19,1.25,1.80,3.90,0.27,699
36.602,16.62,0.17,1.22,0.45,3.87,0.00,700
36.619,16.67,0.17,1.21,7.49,3.87,5.98,699
36.636,16.68,0.19,1.31,0.44,3.87,0.00,707
36.652,16.65,0.18,1.27,1.73,3.89,0.27,708
36.669,16.68,0.16,1.28,0.40,3.89,0.00,709
36.686,16.66,0.19,1.32,1.76,3.88,0.27,715
36.702,16.66,0.18,1.31,0.41,3.85,0.00,716
36.719,16.67,0.18,1.32,1.75,3.84,0.27,715
36.736,16.67,0.17,1.31,0.41,3.86,0.00,715
36.752,16.67,0.18,1.32,7.39,3.85,5.89,717
36.769,16.68,0.20,1.37,0.46,3.85,0.00,719
36.786,16.68,0.16,1.33,1.77,3.87,0.27,718
36.802,16.64,0.18,1.36,0.44,3.87,0.00,717
36.819,16.68,0.15,1.34,1.73,3.85,0.27,716
36.836,16.66,0.17,1.33,0.42,3.86,0.00,719
36.852,16.66,0.16,1.32,1.73,3.85,0.26,720
36.869,16.69,0.15,1.33,0.41,3.84,0.00,717
36.886,16.71,0.16,1.31,7.49,3.84,5.98,719
36.903,16.65,0.18,1.38,0.45,3.86,0.00,718
36.919,16.63,0.16,1.34,1.70,3.85,0.27,719
36.936,16.67,0.17,1.35,0.42,3.85,0.00,718
36.952,16.68,0.18,1.33,1.72,3.27,0.27,719
36.969,16.65,0.17,1.33,0.43,3.28,0.00,718
36.986,16.68,0.17,1.33,1.71,3.26,0.27,717
37.002,16.67,0.18,1.34,0.41,3.27,0.00,717
37.019,16.66,0.16,1.20,7.37,3.26,5.86,717
37.036,16.67,0.17,1.33,0.46,3.28,0.00,716
37.052,16.66,0.16,1.21,1.76,3.27,0.27,716
37.069,16.67,0.16,1.20,0.41,3.28,0.00,717
37.086,16.67,0.16,1.20,1.70,3.28,0.27,717
37.103,16.69,0.15,1.20,0.42,3.28,0.00,716
37.119,16.65,0.16,1.18,1.72,3.27,0.27,714
37.136,16.71,0.15,1.18,0.41,3.27,0.00,713
37.152,16.63,0.15,1.17,7.46,3.31,5.94,711
37.169,16.67,0.17,1.22,0.45,3.30,0.00,712
37.186,16.75,0.16,1.20,1.73,3.31,0.26,712
37.203,16.61,0.16,1.22,0.47,3.30,0.00,712
37.219,16.72,0.16,1.20,1.81,3.28,0.27,710
37.236,16.58,0.16,1.17,0.43,3.30,0.00,711
37.253,16.66,0.16,1.15,1.73,3.29,0.28,709
37.269,16.69,0.14,1.15,0.41,3.38,0.00,698
37.286,16.65,0.15,1.12,7.48,3.37,5.94,698
37.303,16.71,0.15,1.17,0.45,3.39,0.00,721
37.319,16.63,0.13,1.13,1.71,3.42,0.27,720
37.336,16.76,0.12,1.15,0.47,3.45,0.00,722
37.353,16.59,0.14,1.12,1.72,3.45,0.26,719
37.369,16.66,0.13,1.12,0.42,3.46,0.00,721
37.386,16.67,0.14,1.12,1.75,3.46,0.27,719
37.403,16.66,0.13,1.09,0.43,3.46,0.00,718
37.419,16.67,0.13,1.07,7.44,3.45,5.95,718
37.436,16.67,0.12,1.13,0.45,3.45,0.00,715
37.453,16.66,0.13,1.08,1.72,3.46,0.28,716
37.469,16.68,0.13,1.09,0.45,3.47,0.00,715
37.486,16.66,0.13,1.06,1.71,3.46,0.28,717
37.503,16.68,0.13,1.07,0.41,3.50,0.00,716
37.519,16.66,0.14,1.07,1.70,3.48,0.28,715
37.536,16.68,0.12,1.07,0.41,3.48,0.00,715
37.553,16.67,0.14,1.06,7.39,3.47,5.85,716
37.569,16.70,0.13,1.10,0.45,3.46,0.00,715
37.586,16.63,0.13,1.06,1.73,3.45,0.28,715
37.603,16.67,0.13,0.98,0.43,3.45,0.00,716
37.619,16.70,0.13,1.01,1.78,3.47,0.28,716
37.636,16.63,0.26,1.07,0.43,3.45,0.00,732
37.653,16.67,0.13,1.05,1.71,3.59,0.28,739
37.669,16.67,0.12,1.04,0.43,3.69,0.00,740
37.686,16.67,0.13,1.05,7.57,3.67,6.03,741
37.703,16.67,0.15,1.10,0.46,3.65,0.00,741
37.719,16.67,0.14,1.08,1.77,3.65,0.28,740
37.736,16.66,0.13,1.07,0.44,3.66,0.00,737
37.753,16.70,0.14,1.06,1.80,3.63,0.28,734
37.769,16.65,0.12,1.05,0.45,3.63,0.00,735
37.786,16.66,0.13,1.02,1.71,3.61,0.28,734
37.803,16.68,0.13,1.05,0.45,3.59,0.00,734
37.819,16.69,0.12,1.03,7.40,3.58,5.87,734
37.836,16.64,0.14,1.07,0.46,3.57,0.00,734
37.853,16.69,0.12,1.04,1.71,3.59,0.27,734
37.869,16.66,0.13,1.06,0.48,3.56,0.00,730
37.886,16.66,0.14,1.03,1.71,3.55,0.28,730
37.903,16.67,0.14,1.04,0.44,3.55,0.00,727
37.919,16.67,0.13,1.02,1.72,3.52,0.28,726
37.936,16.66,0.12,1.01,0.42,3.52,0.00,721
37.953,16.67,0.14,0.99,7.45,3.49,5.95,720
37.969,16.68,0.13,1.04,0.47,3.50,0.00,720
37.986,16.66,0.13,1.00,1.73,3.48,0.28,716
38.003,16.66,0.12,0.99,0.42,3.47,0.00,715
38.019,16.66,0.12,1.00,1.75,3.45,0.28,715
38.036,16.76,0.09,0.75,0.42,3.43,0.00,713
38.053,16.59,0.14,1.00,1.79,3.06,0.27,713
38.069,16.66,0.13,0.97,0.44,3.05,0.00,712
38.086,16.66,0.13,0.97,7.51,3.06,5.98,710
38.103,16.67,0.13,1.01,0.45,3.05,0.00,708
38.119,16.67,0.13,0.97,1.73,3.03,0.28,706
38.136,16.67,0.13,0.98,0.42,3.03,0.00,705
38.153,16.67,0.12,0.97,1.73,3.00,0.28,702
38.169,16.66,0.12,0.96,0.41,3.00,0.00,702
38.186,16.76,0.12,0.98,1.76,2.98,0.28,702
38.203,16.58,0.12,0.97,0.42,3.01,0.00,700
38.219,16.69,0.11,0.94,7.52,2.99,5.98,698
38.236,16.69,0.12,1.00,0.43,2.97,0.00,699
38.253,16.65,0.12,0.90,1.76,2.95,0.28,693
38.269,16.71,0.11,0.92,0.44,2.94,0.00,692
38.286,16.59,0.12,0.91,1.75,2.94,0.28,688
38.303,16.68,0.13,0.93,0.46,2.93,0.00,684
38.319,16.69,0.11,0.90,1.69,2.95,0.28,682
38.336,16.65,0.12,0.92,0.39,2.93,0.00,680
38.353,16.68,0.12,0.91,7.36,2.91,5.86,679
38.369,16.70,0.11,0.95,0.43,2.90,0.00,677
38.386,16.62,0.11,0.90,1.78,2.88,0.27,672
38.403,16.68,0.12,0.94,0.44,2.87,0.00,671
38.419,16.67,0.11,0.91,1.72,2.84,0.28,663
38.436,16.66,0.12,0.89,0.39,2.87,0.00,654
38.453,16.66,0.12,0.91,1.71,2.85,0.27,647
38.469,16.67,0.11,0.99,0.45,2.82,0.00,643
38.486,16.68,0.14,0.94,7.55,2.81,6.02,638
38.503,16.67,0.13,0.68,0.43,2.78,0.00,621
38.519,16.65,0.13,0.67,1.74,2.76,0.27,621
38.536,16.67,0.18,0.94,0.43,2.75,0.00,671
38.553,16.67,0.16,0.94,1.93,3.66,0.47,668
38.569,16.67,0.16,0.92,0.41,3.66,0.00,663
38.586,16.67,0.16,0.91,1.72,3.63,0.28,662
38.603,16.67,0.17,0.94,0.41,3.62,0.00,642
38.619,16.67,0.16,0.93,7.31,3.59,5.83,641
38.636,16.68,0.20,0.97,0.43,3.57,0.00,641
38.653,16.68,0.16,0.97,1.79,3.55,0.28,640
38.669,16.64,0.16,0.94,0.44,3.52,0.00,638
38.686,16.68,0.16,0.94,1.71,3.52,0.28,638
38.703,16.66,0.18,0.98,0.47,3.53,0.00,639
38.719,16.67,0.16,0.96,1.75,3.53,0.30,640
38.736,16.69,0.17,0.96,0.44,3.54,0.00,640
38.753,16.63,0.16,0.94,7.44,3.53,5.96,641
38.769,16.68,0.16,1.00,0.44,3.56,0.00,643
38.786,16.69,0.16,0.98,1.73,3.57,0.28,641
38.803,16.64,0.17,0.96,0.46,3.58,0.00,639
38.819,16.67,0.14,0.97,1.71,3.56,0.28,639
38.836,16.67,0.14,0.97,0.44,3.56,0.00,636
38.853,16.67,0.13,0.96,1.70,3.55,0.28,634
38.869,16.67,0.14,0.97,0.39,3.56,0.00,634
38.886,16.67,0.13,0.96,7.33,3.55,5.84,635
38.903,16.69,0.14,0.97,0.41,3.57,0.00,636
38.919,16.66,0.12,0.97,1.76,3.56,0.28,638
38.936,16.75,0.13,0.97,0.49,3.56,0.00,636
38.953,16.57,0.13,0.98,1.77,2.97,0.28,636
38.969,16.66,0.13,0.96,0.41,2.99,0.00,638
38.986,16.67,0.13,0.97,1.75,2.97,0.28,636
39.003,16.66,0.15,0.96,0.41,2.98,0.00,639
39.019,16.67,0.13,0.97,7.45,3.00,5.96,637
39.036,16.67,0.15,0.98,0.47,3.00,0.00,636
39.053,16.68,0.14,0.98,1.75,2.99,0.28,636
39.069,16.67,0.14,0.96,0.43,3.00,0.00,638
39.086,16.65,0.12,0.96,1.72,3.00,0.28,639
39.103,16.68,0.14,0.96,0.41,3.00,0.00,636
39.119,16.67,0.14,0.94,1.71,3.00,0.28,640
39.136,16.66,0.13,0.97,0.42,3.04,0.00,641
39.153,16.67,0.14,0.97,7.41,3.02,5.89,643
39.169,16.68,0.13,0.98,0.43,3.04,0.00,645
39.186,16.75,0.12,0.97,1.74,3.04,0.26,644
39.203,16.58,0.13,0.96,0.42,3.05,0.00,647
39.219,16.67,0.12,0.95,1.72,3.04,0.28,646
39.236,16.67,0.13,0.95,0.44,3.05,0.00,645
39.253,16.66,0.13,0.95,1.71,3.04,0.28,645
39.269,16.67,0.12,0.95,0.41,3.09,0.00,646
39.286,16.67,0.12,0.95,7.42,3.09,5.92,647
39.303,16.75,0.12,0.98,0.46,3.08,0.00,648
39.319,16.58,0.12,0.97,1.74,3.09,0.28,650
39.336,16.68,0.12,0.97,0.48,3.09,0.00,652
39.353,16.67,0.13,0.99,1.80,3.09,0.28,648
39.369,16.67,0.15,0.95,0.44,3.10,0.00,650
39.386,16.67,0.11,0.97,1.76,3.13,0.28,651
39.403,16.67,0.13,0.97,0.48,3.14,0.00,650
39.419,16.68,0.13,0.97,7.37,3.12,5.88,655
39.436,16.69,0.13,0.96,0.43,3.14,0.00,654
39.453,16.63,0.12,0.94,1.76,3.13,0.27,653
39.469,16.73,0.07,0.50,0.30,3.13,0.00,655
39.486,16.67,0.12,0.97,1.78,3.12,0.27,656
39.503,16.62,0.13,0.93,0.44,3.16,0.00,656
39.519,16.66,0.12,0.94,1.71,3.15,0.28,657
39.536,16.67,0.12,0.94,0.42,3.16,0.00,656
39.553,16.66,0.13,0.96,7.57,3.15,6.05,657
39.569,16.69,0.13,0.96,0.44,3.14,0.00,657
39.586,16.64,0.11,0.94,1.72,3.15,0.28,658
39.603,16.67,0.13,0.84,0.39,3.15,0.00,660
39.619,16.66,0.13,0.85,1.70,3.17,0.27,660
39.636,16.67,0.25,0.96,0.42,3.18,0.00,677
39.653,16.68,0.12,0.95,1.75,3.33,0.28,691
39.669,16.66,0.13,0.95,0.45,3.50,0.00,690
39.686,16.69,0.11,0.96,7.40,3.48,5.86,690
39.703,16.69,0.14,0.97,0.55,3.47,0.00,687
39.719,16.63,0.13,0.98,1.82,3.45,0.27,686
39.736,16.68,0.14,0.94,0.48,3.47,0.00,687
39.753,16.65,0.12,0.95,1.76,3.48,0.28,689
39.769,16.67,0.14,0.97,0.51,3.48,0.00,690
39.786,16.66,0.12,0.96,1.75,3.46,0.28,690
39.803,16.68,0.13,0.96,0.48,3.47,0.00,692
39.819,16.67,0.13,0.94,7.54,3.45,5.98,693
39.836,16.68,0.14,0.99,0.48,3.46,0.00,694
39.853,16.66,0.13,0.97,1.77,3.47,0.28,692
39.869,16.66,0.13,0.95,0.46,3.47,0.00,692
39.886,16.66,0.12,0.95,1.75,3.46,0.28,692
39.903,16.68,0.13,0.97,0.46,3.47,0.00,691
39.919,16.66,0.11,0.96,1.76,3.47,0.28,690
39.936,16.67,0.13,0.96,0.49,3.48,0.00,688
39.953,16.67,0.12,0.95,7.39,3.45,5.86,684
39.969,16.68,0.13,0.96,0.47,3.47,0.00,684
39.986,16.71,0.12,0.97,1.79,3.46,0.29,681
40.003,16.61,0.14,0.95,0.43,3.45,0.00,679
40.019,16.67,0.12,0.95,1.73,3.43,0.28,676
40.036,16.67,0.13,0.91,0.40,3.44,0.00,670
40.053,16.67,0.11,0.91,1.73,2.97,0.27,668
40.069,16.66,0.12,0.90,0.39,2.98,0.00,666
40.086,16.67,0.12,0.90,7.48,2.98,5.97,667
40.103,16.70,0.14,0.93,0.42,2.98,0.00,665
40.119,16.64,0.12,0.92,1.73,2.96,0.28,662
40.136,16.69,0.12,0.92,0.44,2.97,0.00,661
40.153,16.65,0.12,0.92,1.74,2.95,0.27,661
40.169,16.67,0.12,0.89,0.40,2.97,0.00,659
40.186,16.75,0.11,0.90,1.72,2.96,0.28,658
40.203,16.58,0.13,0.91,0.43,2.98,0.00,658
40.219,16.66,0.12,0.90,7.34,2.97,5.84,656
40.236,16.72,0.12,0.93,0.45,2.95,0.00,655
40.253,16.62,0.12,0.90,1.72,2.95,0.27,654
40.270,16.74,0.11,0.92,0.43,2.96,0.00,654
40.286,16.59,0.12,0.89,1.71,2.96,0.27,652
40.303,16.67,0.13,0.89,0.44,2.96,0.00,651
40.319,16.72,0.11,0.90,1.71,2.97,0.28,649
40.336,16.61,0.12,0.91,0.39,2.97,0.00,649
40.353,16.68,0.12,0.91,7.43,2.96,5.94,648
40.369,16.68,0.18,0.91,0.47,2.96,0.00,648
40.386,16.66,0.12,0.92,1.77,2.94,0.27,648
40.403,16.66,0.13,0.92,0.43,2.95,0.00,646
40.419,16.68,0.11,0.89,1.71,2.95,0.27,645
40.436,16.66,0.13,0.91,0.40,2.97,0.00,642
40.453,16.67,0.12,0.90,1.70,2.95,0.27,638
40.469,16.67,0.13,0.92,0.43,2.94,0.00,637
40.486,16.67,0.12,0.91,7.39,2.93,5.88,636
40.503,16.68,0.12,0.66,0.42,2.91,0.00,634
40.520,16.74,0.11,0.68,1.74,2.89,0.27,634
40.536,16.59,0.13,0.68,0.41,2.89,0.00,632
40.553,16.66,0.12,0.66,1.75,2.91,0.27,632
40.569,16.67,0.12,0.65,0.41,2.92,0.00,631
40.586,16.67,0.12,0.65,1.74,2.90,0.27,631
40.603,16.66,0.12,0.66,0.40,2.91,0.00,631
40.619,16.69,0.10,0.66,7.44,2.88,5.95,629
40.636,16.65,0.13,0.68,0.42,2.89,0.00,628
40.653,16.67,0.12,0.65,1.71,2.87,0.27,627
40.669,16.67,0.12,0.65,0.40,2.90,0.00,626
40.686,16.66,0.12,0.66,1.77,2.90,0.27,625
40.703,16.69,0.14,0.69,0.53,2.87,0.00,624
40.719,16.66,0.12,0.66,1.75,2.87,0.27,623
40.736,16.68,0.12,0.68,0.43,2.88,0.00,624
40.753,16.66,0.12,0.65,7.40,2.87,5.89,621
40.770,16.69,0.14,0.68,0.43,2.88,0.00,620
40.786,16.64,0.12,0.68,1.74,2.88,0.27,620
40.803,16.81,0.11,0.69,0.45,2.89,0.00,618
40.819,16.53,0.12,0.68,1.75,2.87,0.27,617
40.836,16.66,0.12,0.64,0.41,2.88,0.00,617
40.853,16.71,0.10,0.67,1.72,2.88,0.27,616
40.869,16.64,0.12,0.67,0.40,2.86,0.00,615
40.886,16.68,0.10,0.65,7.43,2.86,5.93,615
40.903,16.67,0.13,0.68,0.44,2.87,0.00,615
40.919,16.67,0.12,0.64,1.75,2.87,0.27,612
40.936,16.67,0.13,0.69,0.46,2.86,0.00,611
40.953,16.65,0.11,0.67,1.73,2.85,0.27,611
40.969,16.67,0.11,0.64,0.40,2.85,0.00,609
40.986,16.70,0.10,0.69,1.81,2.84,0.27,607
41.003,16.67,0.13,0.68,0.46,2.82,0.00,607
41.020,16.70,0.11,0.68,7.37,2.84,5.83,607
41.036,16.60,0.13,0.69,0.43,2.84,0.00,603
41.053,16.68,0.10,0.67,1.76,2.82,0.27,600
41.070,16.73,0.10,0.68,0.40,2.82,0.00,599
41.086,16.60,0.11,0.67,1.70,2.81,0.27,597
41.103,16.69,0.10,0.66,0.41,2.81,0.00,596
41.120,16.65,0.12,0.68,1.76,2.81,0.27,591
41.136,16.66,0.12,0.65,0.42,2.82,0.00,591
41.153,16.76,0.11,0.68,7.55,2.80,6.04,588
41.170,16.58,0.12,0.70,0.45,2.79,0.00,586
41.186,16.67,0.13,0.68,1.72,2.77,0.27,586
41.203,16.67,0.11,0.68,0.40,2.77,0.00,584
41.220,16.67,0.11,0.67,1.73,2.75,0.27,584
41.236,16.67,0.16,0.97,0.45,2.74,0.00,624
41.253,16.65,0.13,1.00,1.93,3.62,0.47,622
41.270,16.68,0.14,0.99,0.43,3.61,0.00,620
41.286,16.66,0.13,0.99,7.39,3.60,5.89,623
41.303,16.70,0.14,1.03,0.45,3.60,0.00,621
41.320,16.64,0.14,1.01,1.76,3.58,0.28,620
41.336,16.67,0.13,1.00,0.42,3.59,0.00,615
41.353,16.66,0.14,1.01,1.71,3.57,0.28,618
41.370,16.68,0.12,0.98,0.39,3.60,0.00,619
41.386,16.74,0.12,1.02,1.74,3.58,0.27,616
41.403,16.58,0.14,1.02,0.42,3.58,0.00,617
41.420,16.67,0.13,0.99,7.41,3.57,5.91,619
41.436,16.68,0.14,1.03,0.45,3.57,0.00,618
41.453,16.65,0.13,1.01,1.71,3.57,0.28,617
41.470,16.67,0.14,1.02,0.43,3.58,0.00,618
41.486,16.68,0.14,1.03,1.74,3.59,0.28,620
41.503,16.65,0.13,1.03,0.42,3.61,0.00,621
41.520,16.75,0.12,1.05,1.74,3.60,0.27,620
41.536,16.60,0.13,1.03,0.41,3.62,0.00,620
41.553,16.68,0.11,1.02,7.34,3.61,5.84,623
41.570,16.66,0.13,1.06,0.44,3.62,0.00,622
41.586,16.67,0.13,1.04,1.75,3.62,0.28,625
41.603,16.66,0.13,0.94,0.41,3.67,0.00,629
41.620,16.69,0.11,0.94,1.70,3.68,0.28,628
41.636,16.66,0.24,1.03,0.41,3.68,0.00,658
41.653,16.66,0.13,1.03,1.72,3.24,0.28,672
41.670,16.68,0.11,1.04,0.41,3.42,0.00,673
41.686,16.67,0.12,1.04,8.22,3.42,6.73,675
41.703,16.66,0.14,1.06,0.44,3.46,0.00,675
41.720,16.66,0.12,1.04,1.73,3.46,0.28,674
41.736,16.69,0.11,1.03,0.45,3.47,0.00,676
41.753,16.64,0.12,1.04,1.70,3.48,0.28,678
41.770,16.74,0.12,1.06,0.41,3.50,0.00,677
41.786,16.61,0.16,1.06,1.78,3.50,0.27,680
41.803,16.74,0.13,1.07,0.45,3.51,0.00,679
41.820,16.59,0.10,0.81,7.24,3.53,5.71,679
41.836,16.63,0.05,0.36,0.18,3.57,0.00,679
41.853,16.66,0.05,0.41,0.86,3.56,0.11,680
41.870,16.67,0.05,0.41,0.19,3.59,0.00,680
41.886,16.67,0.04,0.42,0.84,3.60,0.11,681
41.903,16.67,0.04,0.42,0.20,3.62,0.00,682
41.920,16.67,0.06,0.44,1.12,3.63,0.12,684
41.936,16.68,0.05,0.45,0.21,3.66,0.00,679
41.953,16.68,0.05,0.43,7.00,3.66,5.53,679
41.970,16.65,0.06,0.44,0.21,3.67,0.00,679
41.986,16.66,0.06,0.45,0.72,3.67,0.11,678
42.003,16.67,0.05,0.42,0.20,3.69,0.00,678
42.020,16.67,0.05,0.41,0.85,3.69,0.11,677
42.036,16.68,0.05,0.43,0.24,3.70,0.00,678
42.053,16.66,0.04,0.40,0.75,3.70,0.11,674
42.070,16.67,0.05,0.42,0.22,3.69,0.00,675
42.086,16.66,0.04,0.36,4.89,3.68,4.31,672
42.103,16.69,0.05,0.34,0.20,3.68,0.00,674
42.120,16.66,0.04,0.34,0.61,3.67,0.09,674
42.136,16.65,0.05,0.33,0.18,3.67,0.00,673
42.153,16.76,0.07,0.57,0.65,3.67,0.09,674
42.170,16.59,0.06,0.53,0.27,3.68,0.00,675
42.186,16.74,0.06,0.53,1.34,3.67,0.14,674
42.203,16.63,0.06,0.52,0.25,3.67,0.00,674
42.220,16.67,0.06,0.52,7.21,3.65,5.75,676
42.236,16.69,0.06,0.54,0.25,3.65,0.00,676
42.253,16.68,0.07,0.54,1.29,3.62,0.14,674
42.270,16.60,0.06,0.52,0.25,3.65,0.00,674
42.286,16.67,0.06,0.52,1.25,3.62,0.14,675
42.303,16.71,0.06,0.52,0.24,3.62,0.00,674
42.320,16.69,0.06,0.53,1.27,3.59,0.14,673
42.336,16.62,0.08,0.77,0.33,3.59,0.00,671
42.353,16.68,0.08,0.76,7.03,3.57,5.52,671
42.370,16.66,0.10,0.76,0.33,3.56,0.00,671
42.386,16.67,0.08,0.75,1.30,3.57,0.19,671
42.403,16.67,0.08,0.75,0.33,3.57,0.00,672
42.420,16.67,0.08,0.74,1.29,3.56,0.20,672
42.436,16.66,0.08,0.74,0.30,3.55,0.00,671
42.453,16.73,0.07,0.73,1.27,3.53,0.21,669
42.470,16.60,0.08,0.75,0.34,3.53,0.00,668
42.486,16.67,0.10,0.75,7.08,3.54,5.60,667
42.503,16.67,0.10,0.75,0.32,3.51,0.00,665
42.520,16.66,0.08,0.74,1.57,3.50,0.19,663
42.536,16.67,0.08,0.73,0.32,3.50,0.00,663
42.553,16.73,0.08,0.72,1.64,3.48,0.24,660
42.570,16.68,0.08,0.73,0.31,3.47,0.00,655
42.586,16.62,0.11,1.00,1.73,3.47,0.28,649
42.603,16.65,0.12,0.98,0.41,3.48,0.00,644
42.620,16.67,0.11,0.97,7.43,3.45,5.92,643
42.636,16.71,0.11,1.01,0.46,3.45,0.00,640
42.653,16.63,0.13,0.99,1.73,3.44,0.28,639
42.670,16.67,0.11,0.99,0.44,3.42,0.00,635
42.686,16.66,0.11,0.98,1.72,3.41,0.28,635
42.703,16.67,0.12,0.95,0.41,3.40,0.00,634
42.720,16.69,0.10,1.04,1.72,3.41,0.27,634
42.736,16.70,0.10,0.93,0.43,3.39,0.00,633
42.753,16.62,0.13,0.97,7.45,2.95,5.92,628
42.770,16.68,0.10,0.95,0.42,2.95,0.00,626
42.786,16.65,0.11,0.94,1.74,2.93,0.28,625
42.803,16.70,0.13,0.98,0.55,2.94,0.00,625
42.820,16.65,0.12,0.96,1.82,2.93,0.27,625
42.836,16.66,0.12,0.95,0.52,2.92,0.00,624
42.853,16.69,0.13,0.97,1.79,2.91,0.28,623
42.870,16.63,0.11,0.95,0.45,2.92,0.00,621
42.886,16.67,0.11,0.94,7.68,2.91,6.16,619
42.903,16.74,0.10,0.95,0.46,2.90,0.00,617
42.920,16.59,0.15,1.21,1.91,2.89,0.46,669
42.936,16.67,0.13,1.21,0.43,3.80,0.00,669
42.953,16.66,0.13,1.20,1.70,3.79,0.27,669
42.970,16.67,0.13,1.21,0.40,3.79,0.00,666
42.986,16.67,0.13,1.21,1.71,3.77,0.27,665
43.003,16.67,0.14,1.22,0.42,3.77,0.00,665
43.020,16.74,0.12,1.23,7.51,3.75,5.98,663
43.036,16.62,0.14,1.24,0.44,3.75,0.00,659
43.053,16.65,0.14,1.23,1.72,3.75,0.27,657
43.070,16.69,0.17,1.24,0.52,3.75,0.00,655
43.086,16.67,0.12,1.23,1.78,3.72,0.26,653
43.103,16.67,0.12,1.23,0.46,3.72,0.00,651
43.120,16.65,0.14,1.21,1.73,3.71,0.27,643
43.136,16.68,0.14,1.21,0.42,3.71,0.00,640
43.153,16.66,0.13,1.20,7.46,3.72,5.94,639
43.170,16.67,0.15,1.22,0.44,3.72,0.00,629
43.186,16.76,0.12,1.24,1.75,3.69,0.27,621
43.203,16.57,0.12,0.92,0.42,3.68,0.00,578
43.220,16.67,0.13,0.91,1.72,3.64,0.27,576
43.236,16.66,0.13,0.91,0.39,3.63,0.00,576
43.253,16.69,0.11,0.94,1.76,3.66,0.28,577
43.270,16.65,0.11,0.92,0.39,3.64,0.00,578
43.286,16.67,0.12,0.92,7.43,3.62,5.92,579
43.303,16.66,0.13,0.93,0.43,3.62,0.00,581
43.320,16.68,0.10,0.71,1.38,3.61,0.20,578
43.336,16.70,0.13,0.94,0.48,3.01,0.00,576
43.353,16.63,0.12,0.94,1.75,3.01,0.28,576
43.370,16.66,0.12,0.91,0.42,3.07,0.00,577
43.386,16.66,0.12,0.92,1.71,3.07,0.27,578
43.403,16.67,0.13,0.91,0.39,3.08,0.00,588
43.420,16.66,0.11,0.92,7.35,3.08,5.86,592
43.436,16.70,0.13,0.94,0.40,3.11,0.00,594
43.453,16.63,0.12,0.94,1.76,3.09,0.27,596
43.470,16.67,0.12,0.92,0.41,3.11,0.00,595
43.486,16.66,0.13,0.94,1.77,3.10,0.27,596
43.503,16.67,0.13,0.92,0.44,3.10,0.00,595
43.520,16.74,0.11,0.94,1.73,3.11,0.28,597
43.536,16.59,0.12,0.92,0.43,3.11,0.00,596
43.553,16.67,0.12,0.93,7.52,3.09,6.03,599
43.570,16.67,0.13,0.95,0.43,3.12,0.00,601
43.586,16.67,0.12,0.93,1.73,3.13,0.27,600
43.603,16.67,0.12,0.84,0.41,3.13,0.00,600
43.620,16.66,0.11,0.84,1.69,3.12,0.26,601
43.636,16.71,0.23,0.93,0.41,3.13,0.00,618
43.653,16.63,0.12,0.96,1.72,3.28,0.27,631
43.670,16.67,0.13,0.92,0.40,3.44,0.00,632
43.686,16.66,0.12,0.94,7.36,3.45,5.87,634
43.703,16.70,0.13,0.97,0.43,3.44,0.00,634
43.720,16.73,0.10,0.94,1.73,3.44,0.27,634
43.736,16.58,0.12,0.95,0.42,3.44,0.00,633
43.753,16.67,0.12,0.96,1.77,3.43,0.27,631
43.770,16.74,0.12,0.96,0.44,3.44,0.00,632
43.786,16.60,0.11,0.95,1.71,3.44,0.28,632
43.803,16.71,0.12,0.96,0.45,3.45,0.00,633
43.820,16.66,0.13,0.97,7.45,3.45,5.93,631
43.836,16.65,0.11,0.96,0.45,3.44,0.00,635
43.853,16.65,0.12,0.96,1.74,3.43,0.28,635
43.870,16.67,0.12,0.95,0.42,3.41,0.00,634
43.886,16.66,0.12,0.95,1.71,3.40,0.28,633
43.903,16.75,0.10,0.94,0.43,3.44,0.00,629
43.920,16.62,0.10,0.95,1.71,3.42,0.28,629
43.936,16.64,0.12,0.94,0.40,3.41,0.00,629
43.953,16.66,0.11,0.94,7.40,3.39,5.91,630
43.970,16.69,0.12,0.97,0.46,3.38,0.00,631
43.986,16.67,0.11,0.94,1.75,3.38,0.27,630
44.003,16.66,0.13,0.97,0.48,3.38,0.00,632
44.020,16.72,0.11,0.97,1.75,3.37,0.28,632
44.036,16.61,0.12,0.95,0.42,3.37,0.00,632
44.053,16.66,0.11,0.93,1.71,3.35,0.27,631
44.070,16.68,0.12,0.95,0.46,3.34,0.00,633
44.086,16.68,0.11,0.92,7.48,3.33,5.98,633
44.103,16.67,0.13,0.97,0.46,3.34,0.00,633
44.120,16.66,0.11,0.96,1.75,3.32,0.28,633
44.136,16.66,0.12,0.96,0.46,3.33,0.00,632
44.153,16.67,0.12,0.95,1.73,3.32,0.28,633
44.170,16.69,0.10,0.94,0.41,3.31,0.00,635
44.187,16.73,0.10,0.95,1.72,3.31,0.28,636
44.203,16.59,0.13,0.95,0.42,3.31,0.00,637
44.220,16.67,0.12,0.93,7.46,3.31,5.96,637
44.236,16.69,0.12,0.94,0.41,3.31,0.00,638
44.253,16.65,0.13,0.97,1.76,3.30,0.28,641
44.270,16.74,0.11,0.95,0.42,3.30,0.00,644
44.286,16.59,0.11,0.94,1.72,3.29,0.28,643
44.303,16.77,0.11,0.96,0.43,3.29,0.00,642
44.320,16.58,0.12,0.96,1.74,3.31,0.27,641
44.336,16.66,0.11,0.93,0.39,3.31,0.00,641
44.353,16.67,0.12,0.94,7.41,3.28,5.94,639
44.370,16.69,0.13,0.97,0.43,3.29,0.00,638
44.386,16.66,0.12,0.96,1.77,3.29,0.28,629
44.403,16.66,0.11,0.94,0.43,3.27,0.00,616
44.420,16.67,0.12,0.92,1.75,3.26,0.27,607
44.436,16.67,0.12,0.92,0.45,2.95,0.00,606
44.453,16.67,0.11,0.90,1.71,2.94,0.27,605
44.470,16.69,0.10,0.91,0.42,2.94,0.00,606
44.486,16.66,0.08,0.70,6.77,2.93,5.30,604
44.503,16.67,0.12,0.93,0.47,2.93,0.00,602
44.520,16.73,0.11,0.92,1.71,2.93,0.28,602
44.536,16.59,0.12,0.90,0.40,2.96,0.00,600
44.553,16.67,0.12,0.90,1.73,2.95,0.27,598
44.570,16.68,0.12,0.89,0.43,2.95,0.00,599
44.586,16.66,0.11,0.90,1.73,2.94,0.27,598
44.603,16.68,0.11,0.90,0.40,2.95,0.00,597
44.620,16.68,0.14,1.22,7.68,2.94,6.17,650
44.636,16.65,0.15,1.24,0.45,3.82,0.00,650
44.653,16.67,0.14,1.20,1.73,3.81,0.27,648
44.670,16.67,0.13,1.22,0.41,3.80,0.00,639
44.686,16.66,0.13,1.23,1.73,3.76,0.27,635
44.703,16.68,0.13,1.23,0.41,3.76,0.00,630
44.720,16.68,0.12,1.23,1.73,3.72,0.27,632
44.736,16.67,0.13,1.23,0.40,3.73,0.00,635
44.753,16.67,0.14,1.25,7.38,3.75,5.85,637
44.770,16.68,0.15,1.28,0.43,3.76,0.00,636
44.787,16.66,0.14,1.29,1.74,3.75,0.27,637
44.803,16.70,0.13,1.27,0.42,3.78,0.00,638
44.820,16.77,0.13,1.30,1.72,3.79,0.26,638
44.836,16.52,0.15,1.27,0.41,3.81,0.00,639
44.853,16.66,0.14,1.27,1.72,3.81,0.27,641
44.870,16.68,0.13,1.25,0.40,3.84,0.00,640
44.887,16.67,0.13,1.03,7.42,3.84,5.93,633
44.903,16.66,0.15,1.05,0.41,3.83,0.00,635
44.920,16.71,0.12,1.03,1.73,3.85,0.28,634
44.937,16.64,0.12,1.04,0.41,3.88,0.00,635
44.953,16.65,0.13,1.05,1.70,3.86,0.28,635
44.970,16.68,0.14,1.05,0.42,3.89,0.00,636
44.987,16.67,0.14,1.06,1.72,3.90,0.28,636
45.003,16.68,0.14,1.07,0.48,3.97,0.00,639
45.020,16.65,0.14,1.06,7.33,4.00,5.83,638
45.037,16.68,0.15,1.09,0.48,3.44,0.00,641
45.053,16.66,0.13,1.07,1.72,3.46,0.27,643
45.070,16.67,0.15,1.12,0.46,3.49,0.00,645
45.087,16.66,0.11,0.81,1.31,3.50,0.20,645
45.103,16.66,0.09,0.78,0.31,3.49,0.00,645
45.120,16.68,0.11,1.00,1.98,3.50,0.51,673
45.137,16.66,0.11,0.92,0.38,3.56,0.00,674
45.153,16.68,0.15,1.24,7.58,3.58,6.03,676
45.170,16.67,0.16,1.28,0.49,3.61,0.00,678
45.187,16.69,0.14,1.28,1.80,3.61,0.27,681
45.203,16.66,0.15,1.27,0.48,3.64,0.00,682
45.220,16.66,0.14,1.29,1.81,3.67,0.27,680
45.237,16.73,0.13,1.28,0.56,3.67,0.00,683
45.253,16.67,0.13,1.36,1.78,3.66,0.27,681
45.270,16.64,0.11,0.95,0.42,3.67,0.00,680
45.287,16.70,0.10,0.95,7.49,3.71,5.93,683
45.303,16.57,0.12,0.98,0.46,3.72,0.00,685
45.320,16.66,0.11,0.97,1.40,3.73,0.21,686
45.337,16.67,0.12,0.95,0.43,3.74,0.00,689
45.353,16.66,0.18,0.94,1.72,3.77,0.21,690
45.370,16.67,0.11,0.95,0.44,3.78,0.00,692
45.387,16.71,0.10,0.96,1.71,3.79,0.20,693
45.403,16.64,0.15,1.28,0.54,3.80,0.00,693
45.420,16.68,0.15,1.33,7.68,3.83,6.07,696
45.437,16.66,0.15,1.35,0.46,3.83,0.00,696
45.453,16.66,0.15,1.32,1.81,3.84,0.27,698
45.470,16.67,0.16,1.31,0.49,3.84,0.00,699
45.487,16.66,0.15,1.30,1.80,3.85,0.27,703
45.503,16.69,0.13,1.37,0.52,3.89,0.00,704
45.520,16.73,0.10,0.97,1.39,3.89,0.20,707
45.537,16.60,0.14,1.28,0.51,3.89,0.00,708
45.553,16.69,0.16,1.31,7.59,3.90,6.02,711
45.570,16.65,0.15,1.33,0.56,3.92,0.00,712
45.587,16.66,0.15,1.31,1.82,3.94,0.27,712
45.603,16.66,0.15,1.19,0.53,3.92,0.00,711
45.620,16.72,0.13,1.21,1.84,3.93,0.27,710
45.637,16.63,0.26,1.31,0.51,3.95,0.00,731
45.653,16.67,0.13,1.34,1.90,4.04,0.28,741
45.670,16.66,0.15,1.29,0.50,4.13,0.00,739
45.687,16.68,0.18,1.33,7.78,4.13,6.16,740
45.703,16.68,0.14,1.33,0.53,4.15,0.00,736
45.720,16.66,0.14,1.30,1.83,4.13,0.27,737
45.737,16.65,0.15,1.29,0.53,4.13,0.00,737
45.753,16.78,0.14,1.35,1.88,4.12,0.27,735
45.770,16.58,0.14,1.35,0.54,4.11,0.00,734
45.787,16.73,0.14,1.29,1.81,4.12,0.27,734
45.803,16.60,0.15,1.28,0.53,4.10,0.00,734
45.820,16.67,0.13,1.26,7.63,4.07,6.09,734
45.837,16.65,0.16,1.29,0.46,4.07,0.00,733
45.853,16.68,0.13,1.25,1.74,4.08,0.27,733
45.870,16.65,0.14,1.25,0.42,4.09,0.00,732
45.887,16.67,0.14,1.26,1.74,4.06,0.27,733
45.903,16.67,0.15,1.26,0.45,4.05,0.00,731
45.920,16.67,0.14,1.23,1.70,4.06,0.27,730
45.937,16.67,0.14,1.26,0.46,4.04,0.00,729
45.953,16.66,0.13,1.24,7.45,4.04,5.94,728
45.970,16.67,0.15,1.28,0.47,4.04,0.00,726
45.987,16.67,0.14,1.25,1.74,4.04,0.27,725
46.003,16.67,0.14,1.25,0.42,4.04,0.00,721
46.020,16.74,0.13,1.25,1.74,4.01,0.27,711
46.037,16.60,0.15,1.25,0.45,3.98,0.00,710
46.053,16.66,0.14,1.24,1.71,3.96,0.27,709
46.070,16.68,0.14,1.24,0.43,3.98,0.00,708
46.087,16.67,0.14,1.24,7.41,3.96,5.89,704
46.103,16.68,0.15,1.24,0.42,3.96,0.00,702
46.120,16.66,0.20,1.53,2.50,3.96,1.02,757
46.137,16.69,0.17,1.52,0.43,4.51,0.00,756
46.153,16.65,0.17,1.51,1.76,4.48,0.27,754
46.170,16.71,0.18,1.59,0.45,4.46,0.00,753
46.187,16.77,0.18,1.61,1.77,4.43,0.27,752
46.203,16.53,0.19,1.66,0.49,4.42,0.00,751
46.220,16.72,0.18,1.65,7.57,4.43,6.04,759
46.237,16.64,0.17,1.65,0.45,4.44,0.00,755
46.253,16.63,0.19,1.64,1.76,4.42,0.27,751
46.270,16.75,0.17,1.64,0.43,4.40,0.00,748
46.287,16.60,0.18,1.63,1.70,4.41,0.27,746
46.303,16.66,0.17,1.62,0.41,4.40,0.00,745
46.320,16.68,0.18,1.61,1.71,4.39,0.27,740
46.337,16.67,0.19,1.66,0.47,4.36,0.00,736
46.353,16.66,0.17,1.65,7.39,4.39,5.90,731
46.370,16.67,0.18,1.68,0.43,4.37,0.00,723
46.387,16.67,0.18,1.64,1.73,4.35,0.27,718
46.403,16.67,0.17,1.65,0.42,4.35,0.00,710
46.420,16.67,0.17,1.64,1.70,4.31,0.27,703
46.437,16.67,0.18,1.63,0.44,4.31,0.00,694
46.453,16.76,0.16,1.62,1.75,4.30,0.27,684
46.470,16.57,0.17,1.61,0.39,4.29,0.00,663
46.487,16.66,0.16,1.60,7.49,4.24,5.98,639
46.503,16.67,0.16,1.64,0.42,4.17,0.00,601
46.520,16.67,0.17,1.60,1.71,4.10,0.27,417
46.537,16.67,0.17,1.60,0.39,3.21,0.00,416
46.553,16.67,0.17,1.59,1.69,3.20,0.27,416
46.570,16.66,0.16,1.61,0.39,3.24,0.00,416
46.587,16.68,0.17,1.36,1.73,3.23,0.27,415
46.603,16.66,0.16,1.34,0.40,3.23,0.00,415
46.620,16.68,0.15,1.32,7.33,3.22,5.84,412
46.637,16.66,0.17,1.36,0.43,2.83,0.00,412
46.653,16.67,0.17,1.32,1.70,2.81,0.26,413
46.670,16.67,0.16,1.31,0.41,2.84,0.00,413
46.687,16.66,0.16,1.32,1.68,2.82,0.27,411
46.703,16.68,0.17,1.35,0.44,2.83,0.00,410
46.720,16.65,0.16,1.33,1.71,2.82,0.27,407
46.737,16.71,0.18,1.33,0.50,2.82,0.00,407
46.753,16.67,0.18,1.32,7.54,2.79,6.02,408
46.770,16.72,0.17,1.34,0.42,2.86,0.00,407
46.787,16.57,0.16,1.32,1.74,2.86,0.27,406
46.803,16.68,0.16,1.28,0.42,2.86,0.00,404
46.820,16.80,0.16,1.30,1.76,2.86,0.27,405
46.837,16.56,0.16,1.31,0.45,2.88,0.00,403
46.853,16.64,0.16,1.26,1.70,2.86,0.27,401
46.870,16.68,0.16,1.29,0.40,2.87,0.00,402
46.887,16.66,0.16,1.25,7.35,2.86,5.85,401
46.903,16.68,0.18,1.29,0.44,2.86,0.00,401
46.920,16.66,0.16,1.26,1.72,2.86,0.27,401
46.937,16.67,0.16,1.27,0.45,2.85,0.00,400
46.953,16.69,0.15,1.23,1.72,2.85,0.27,400
46.970,16.64,0.16,1.25,0.40,2.86,0.00,400
46.987,16.70,0.15,1.26,1.71,2.89,0.27,400
47.003,16.65,0.15,1.24,0.40,2.90,0.00,400
47.020,16.72,0.15,1.26,7.43,2.88,5.91,400
47.037,16.61,0.18,1.27,0.44,2.88,0.00,400
47.053,16.66,0.16,1.25,1.70,2.87,0.27,399
47.070,16.67,0.15,1.24,0.40,2.89,0.00,399
47.087,16.67,0.14,1.09,1.73,2.87,0.28,398
47.103,16.66,0.13,1.09,0.40,2.91,0.00,398
47.120,16.70,0.12,1.09,1.70,2.91,0.27,398
47.137,16.67,0.13,1.08,0.41,2.90,0.00,396
47.153,16.64,0.13,1.07,7.32,2.92,5.85,394
47.170,16.72,0.13,1.09,0.44,2.91,0.00,392
47.187,16.71,0.14,1.08,1.73,2.91,0.26,393
47.203,16.59,0.14,1.08,0.42,2.93,0.00,392
47.220,16.65,0.14,1.05,1.72,2.94,0.28,389
47.237,16.66,0.13,1.04,0.42,2.95,0.00,387
47.253,16.67,0.13,1.02,1.70,2.94,0.28,383
47.270,16.73,0.12,1.03,0.42,2.94,0.00,383
47.287,16.63,0.12,1.01,7.47,2.93,5.96,384
47.303,16.65,0.14,1.09,0.44,2.97,0.00,384
47.320,16.66,0.13,1.03,1.72,2.98,0.28,384
47.337,16.68,0.13,1.02,0.45,2.97,0.00,383
47.353,16.66,0.13,1.01,1.73,2.97,0.28,381
47.370,16.67,0.13,1.01,0.40,2.99,0.00,380
47.387,16.67,0.12,1.03,1.75,2.97,0.28,380
47.403,16.67,0.13,1.01,0.42,2.97,0.00,380
47.420,16.66,0.13,1.00,7.31,3.01,5.83,379
47.437,16.68,0.14,1.03,0.43,3.01,0.00,379
47.453,16.67,0.11,1.00,1.69,3.00,0.28,379
47.470,16.66,0.13,0.98,0.40,3.00,0.00,375
47.487,16.67,0.12,0.98,1.71,2.98,0.28,372
47.503,16.67,0.14,0.97,0.41,3.00,0.00,373
47.520,16.74,0.12,1.00,1.73,3.01,0.27,372
47.537,16.59,0.13,0.97,0.41,3.00,0.00,370
47.553,16.67,0.12,0.95,7.42,2.99,5.94,369
47.570,16.70,0.13,0.97,0.42,2.99,0.00,368
47.587,16.64,0.13,0.97,1.77,2.97,0.27,367
47.603,16.67,0.12,0.88,0.40,2.98,0.00,366
47.620,16.67,0.13,0.83,1.70,2.96,0.27,365
47.637,16.66,0.25,0.91,0.39,2.56,0.00,380
47.653,16.68,0.13,0.91,1.69,2.66,0.27,387
47.670,16.67,0.13,0.91,0.38,2.74,0.00,387
47.687,16.67,0.13,0.93,7.38,2.72,5.86,385
47.703,16.67,0.13,0.93,0.43,2.73,0.00,383
47.720,16.66,0.13,0.89,1.69,2.70,0.27,383
47.737,16.68,0.13,0.91,0.41,2.72,0.00,382
47.753,16.67,0.13,0.90,1.69,2.70,0.27,381
47.770,16.67,0.13,0.92,0.43,2.70,0.00,378
47.787,16.68,0.12,0.91,1.69,2.68,0.28,377
47.803,16.66,0.12,0.91,0.39,2.68,0.00,375
47.820,16.67,0.13,0.90,7.42,2.65,5.93,375
47.837,16.68,0.13,0.93,0.43,2.68,0.00,374
47.853,16.65,0.12,0.92,1.70,2.67,0.27,374
47.870,16.67,0.12,0.90,0.40,2.64,0.00,373
47.887,16.67,0.12,0.91,1.71,2.63,0.28,373
47.903,16.67,0.13,0.92,0.41,2.64,0.00,372
47.920,16.68,0.12,0.91,1.70,2.61,0.28,372
47.937,16.66,0.13,0.91,0.39,2.64,0.00,369
47.953,16.66,0.12,0.90,7.30,2.63,5.84,368
47.970,16.71,0.13,0.93,0.42,2.63,0.00,368
47.987,16.64,0.13,0.92,1.73,2.60,0.27,368
48.003,16.67,0.12,0.91,0.39,2.59,0.00,365
48.020,16.73,0.11,0.93,1.73,2.60,0.28,365
48.037,16.62,0.12,0.90,0.38,2.59,0.00,364
48.053,16.68,0.11,0.91,1.74,2.61,0.27,364
48.070,16.64,0.13,0.92,0.43,2.60,0.00,360
48.087,16.67,0.12,0.65,7.54,2.58,6.01,360
48.103,16.67,0.13,0.64,0.48,2.57,0.00,358
48.120,16.67,0.12,0.63,1.75,2.54,0.27,357
48.137,16.67,0.12,0.64,0.42,2.55,0.00,354
48.153,16.66,0.12,0.64,1.76,2.54,0.27,353
48.170,16.67,0.13,0.61,0.42,2.52,0.00,351
48.187,16.73,0.11,0.62,1.71,2.53,0.27,348
48.203,16.60,0.13,0.60,0.39,2.53,0.00,347
48.220,16.69,0.10,0.62,7.34,2.51,5.85,345
48.237,16.66,0.13,0.64,0.41,2.52,0.00,344
48.253,16.68,0.15,0.89,1.91,2.51,0.47,398
48.270,16.73,0.13,0.93,0.45,3.36,0.00,512
48.287,16.59,0.14,0.92,1.72,3.57,0.28,539
48.304,16.74,0.13,0.98,0.47,3.61,0.00,551
48.320,16.59,0.15,0.93,1.72,3.62,0.28,567
48.337,16.68,0.13,0.93,0.43,3.65,0.00,578
48.353,16.66,0.14,0.93,7.38,3.66,5.89,590
48.370,16.70,0.16,0.96,0.48,3.69,0.00,600
48.387,16.63,0.14,0.93,1.71,3.70,0.28,606
48.403,16.67,0.15,0.94,0.42,3.78,0.00,614
48.420,16.67,0.14,0.93,1.71,3.81,0.28,621
48.437,16.67,0.14,0.95,0.41,3.85,0.00,642
48.453,16.66,0.14,0.96,1.71,3.89,0.28,651
48.470,16.68,0.14,0.96,0.42,3.94,0.00,653
48.487,16.67,0.15,0.99,7.41,3.87,5.88,656
48.503,16.68,0.16,0.98,0.46,3.91,0.00,658
48.520,16.66,0.19,1.00,1.77,3.93,0.28,660
48.537,16.66,0.13,0.97,0.42,3.96,0.00,656
48.553,16.67,0.14,0.96,1.70,3.96,0.28,659
48.570,16.67,0.14,0.97,0.41,3.99,0.00,665
48.587,16.67,0.14,0.99,1.74,4.01,0.28,667
48.603,16.66,0.14,0.99,0.41,4.02,0.00,670
48.620,16.68,0.14,0.99,7.40,4.03,5.91,675
48.637,16.70,0.14,1.01,0.45,4.07,0.00,675
48.653,16.63,0.14,1.00,1.72,4.09,0.28,674
48.670,16.67,0.14,0.98,0.40,3.52,0.00,676
48.687,16.67,0.13,0.99,1.70,3.55,0.28,676
48.703,16.67,0.14,0.99,0.40,3.56,0.00,678
48.720,16.68,0.12,0.98,1.70,3.57,0.27,679
48.737,16.65,0.14,1.00,0.42,3.57,0.00,679
48.754,16.67,0.14,0.98,7.35,3.57,5.87,680
48.770,16.74,0.14,1.02,0.48,3.60,0.00,681
48.787,16.59,0.14,1.00,1.73,3.59,0.28,679
48.804,16.67,0.14,0.99,0.43,3.60,0.00,680
48.820,16.67,0.14,0.99,1.71,3.59,0.27,681
48.837,16.67,0.14,1.01,0.45,3.65,0.00,680
48.853,16.65,0.09,0.74,1.28,3.62,0.21,681
48.870,16.68,0.11,0.74,0.33,3.63,0.00,678
48.887,16.66,0.09,0.73,7.35,3.63,5.89,681
48.904,16.67,0.11,0.75,0.34,3.67,0.00,680
48.920,16.70,0.12,0.97,1.77,3.66,0.27,678
48.937,16.66,0.14,1.00,0.47,3.67,0.00,679
48.954,16.65,0.13,0.99,1.70,3.66,0.27,679
48.970,16.67,0.18,1.28,0.45,3.67,0.00,706
48.987,16.68,0.16,1.18,2.09,3.72,0.64,706
49.004,16.66,0.17,1.20,0.44,3.74,0.00,706
49.020,16.67,0.17,1.19,7.42,3.75,5.88,707
49.037,16.68,0.18,1.25,0.45,3.77,0.00,706
49.054,16.66,0.17,1.22,1.73,3.80,0.27,705
49.070,16.77,0.16,1.23,0.42,3.81,0.00,705
49.087,16.56,0.23,1.27,1.79,3.81,0.27,703
49.104,16.67,0.13,0.91,0.34,3.83,0.00,703
49.120,16.66,0.11,0.93,1.30,3.86,0.20,702
49.137,16.68,0.12,0.92,0.35,3.86,0.00,703
49.154,16.67,0.14,1.22,7.47,3.86,5.95,702
49.170,16.68,0.16,1.26,0.46,3.87,0.00,702
49.187,16.74,0.13,1.25,1.74,3.90,0.27,704
49.204,16.59,0.14,1.22,0.41,3.91,0.00,703
49.220,16.67,0.14,1.23,1.72,3.90,0.27,701
49.237,16.67,0.14,1.22,0.42,3.91,0.00,703
49.254,16.67,0.14,1.24,1.72,3.92,0.27,703
49.270,16.74,0.13,1.25,0.41,3.96,0.00,701
49.287,16.60,0.14,1.26,7.39,3.93,5.83,703
49.304,16.74,0.14,1.27,0.46,3.94,0.00,703
49.320,16.61,0.15,1.26,1.75,3.93,0.27,705
49.337,16.66,0.15,1.25,0.50,3.97,0.00,705
49.354,16.66,0.14,1.24,1.75,3.96,0.27,704
49.370,16.67,0.15,1.26,0.44,3.95,0.00,704
49.387,16.66,0.14,1.25,1.76,3.93,0.27,704
49.404,16.74,0.14,1.27,0.49,3.98,0.00,706
49.420,16.59,0.14,1.25,7.48,3.97,5.94,704
49.437,16.68,0.15,1.26,0.44,3.95,0.00,705
49.454,16.66,0.14,1.22,1.73,3.92,0.27,705
49.470,16.67,0.14,1.22,0.41,4.00,0.00,706
49.487,16.68,0.13,1.25,1.81,3.96,0.27,708
49.504,16.66,0.15,1.27,0.51,3.97,0.00,715
49.520,16.66,0.15,1.24,1.75,3.99,0.27,717
49.537,16.72,0.13,1.24,0.44,3.98,0.00,717
49.554,16.62,0.13,1.21,7.48,3.98,5.96,715
49.570,16.67,0.15,1.26,0.46,3.97,0.00,715
49.587,16.71,0.12,1.24,1.76,3.96,0.28,715
49.604,16.64,0.16,1.18,0.44,3.96,0.00,717
49.620,16.67,0.13,1.18,1.74,3.99,0.27,718
49.637,16.65,0.29,1.30,0.40,3.99,0.00,733
49.654,16.67,0.17,1.27,1.73,4.09,0.27,747
49.670,16.66,0.16,1.31,0.40,4.23,0.00,745
49.687,16.67,0.16,1.29,7.47,4.24,5.94,744
49.704,16.70,0.17,1.32,0.43,4.23,0.00,746
49.720,16.64,0.17,1.30,1.72,4.21,0.27,747
49.737,16.67,0.15,1.32,0.43,4.21,0.00,747
49.754,16.68,0.13,1.28,1.71,4.22,0.27,745
49.770,16.73,0.13,1.29,0.43,3.85,0.00,748
49.787,16.59,0.14,1.26,1.76,3.83,0.27,748
49.804,16.67,0.14,1.25,0.42,3.83,0.00,749
49.820,16.67,0.15,1.23,7.34,3.83,5.81,751
49.837,16.72,0.13,1.29,0.45,3.86,0.00,753
49.854,16.62,0.15,1.27,1.77,3.83,0.27,753
49.870,16.66,0.14,1.27,0.43,3.85,0.00,754
49.887,16.67,0.14,1.26,1.72,3.83,0.27,754
49.904,16.66,0.13,1.25,0.41,3.86,0.00,753
49.920,16.69,0.13,1.25,1.75,3.85,0.27,755
49.937,16.66,0.14,1.28,0.48,3.85,0.00,756
49.954,16.71,0.13,1.25,7.46,3.86,5.94,755
49.970,16.62,0.15,1.29,0.46,3.87,0.00,757
49.987,16.71,0.13,1.26,1.76,3.87,0.27,756
50.004,16.64,0.13,1.28,0.41,3.87,0.00,755
50.020,16.69,0.14,1.26,1.76,3.85,0.27,755
50.037,16.64,0.13,1.26,0.48,3.88,0.00,754
50.054,16.67,0.14,1.24,1.77,3.87,0.27,753
50.070,16.69,0.15,1.26,0.47,3.86,0.00,751
50.087,16.63,0.14,1.23,7.50,3.86,5.95,750
50.104,16.68,0.15,1.25,0.44,3.87,0.00,746
50.120,16.65,0.14,1.25,1.75,3.87,0.27,747
50.137,16.68,0.14,1.27,0.45,3.88,0.00,746
50.154,16.66,0.13,1.25,1.75,3.85,0.27,744
50.170,16.66,0.14,1.23,0.43,3.85,0.00,740
50.187,16.76,0.13,1.25,1.75,3.85,0.27,738
50.204,16.57,0.14,1.25,0.43,3.85,0.00,736
50.220,16.69,0.12,0.99,7.45,3.83,5.96,732
50.237,16.65,0.14,1.05,0.47,3.82,0.00,731
50.254,16.67,0.14,0.99,1.75,3.83,0.28,732
50.270,16.67,0.12,0.98,0.42,3.85,0.00,731
50.287,16.67,0.14,0.99,1.74,3.82,0.28,729
50.304,16.66,0.13,0.99,0.41,3.81,0.00,730
50.320,16.68,0.15,1.02,1.79,3.79,0.27,729
50.337,16.66,0.13,1.00,0.41,3.80,0.00,726
50.354,16.67,0.13,1.00,7.42,3.80,5.90,725
50.370,16.70,0.14,1.02,0.43,3.78,0.00,721
50.387,16.64,0.20,1.30,2.49,3.74,1.02,768
50.404,16.70,0.17,1.30,0.44,4.60,0.00,766
50.420,16.65,0.20,1.28,1.73,4.56,0.27,761
50.437,16.66,0.21,1.35,0.43,4.54,0.00,740
50.454,16.66,0.18,1.31,1.71,4.42,0.27,735
50.470,16.66,0.19,1.32,0.41,4.40,0.00,729
50.487,16.67,0.19,1.35,7.44,3.97,5.93,750
50.504,16.68,0.19,1.37,0.43,3.99,0.00,744
50.520,16.66,0.18,1.35,1.70,3.96,0.27,740
50.537,16.68,0.19,1.38,0.42,3.96,0.00,738
50.554,16.67,0.18,1.35,1.71,3.94,0.27,735
50.570,16.67,0.18,1.36,0.39,3.94,0.00,731
50.587,16.68,0.16,1.36,1.72,3.91,0.27,726
50.604,16.66,0.19,1.37,0.44,3.90,0.00,718
50.620,16.66,0.18,1.37,7.40,3.91,5.88,714
50.637,16.70,0.19,1.40,0.44,3.90,0.00,709
50.654,16.64,0.17,1.37,1.72,3.88,0.27,698
50.670,16.66,0.17,1.35,0.44,3.86,0.00,690
50.687,16.68,0.17,1.33,1.74,3.84,0.27,685
50.704,16.67,0.16,1.34,0.39,3.83,0.00,679
50.720,16.66,0.17,1.32,1.72,3.83,0.27,674
50.737,16.67,0.18,1.35,0.41,3.81,0.00,668
50.754,16.67,0.17,1.34,7.43,3.76,5.93,655
50.770,16.67,0.18,1.38,0.44,3.73,0.00,616
50.787,16.67,0.18,1.33,1.73,3.65,0.27,424
50.804,16.66,0.17,1.30,0.39,2.78,0.00,423
50.820,16.67,0.17,1.31,1.69,2.81,0.27,420
50.837,16.67,0.17,1.31,0.40,2.82,0.00,419
50.854,16.68,0.17,1.32,1.74,2.82,0.27,418
50.870,16.65,0.17,1.30,0.40,2.81,0.00,418
50.887,16.67,0.17,1.29,7.41,2.80,5.87,417
50.904,16.68,0.19,1.36,0.47,2.80,0.00,416
50.920,16.65,0.16,1.31,1.75,2.79,0.27,417
50.937,16.68,0.17,1.11,0.45,2.84,0.00,417
50.954,16.70,0.15,1.07,1.69,2.83,0.27,417
50.970,16.62,0.17,1.09,0.40,2.84,0.00,417
50.987,16.67,0.16,1.10,1.70,2.83,0.28,416
51.004,16.67,0.16,1.09,0.42,2.83,0.00,414
51.020,16.76,0.16,1.12,7.45,2.82,5.95,416
51.037,16.60,0.18,1.11,0.44,2.93,0.00,414
51.054,16.64,0.16,1.08,1.72,2.92,0.28,414
51.070,16.67,0.16,1.09,0.39,2.94,0.00,414
51.087,16.66,0.16,1.07,1.70,2.93,0.28,414
51.104,16.67,0.17,1.08,0.42,2.95,0.00,412
51.120,16.67,0.16,1.07,1.71,2.94,0.28,412
51.137,16.67,0.16,1.07,0.40,2.94,0.00,413
51.154,16.67,0.15,1.05,7.42,2.88,5.93,410
51.170,16.67,0.18,1.10,0.43,2.87,0.00,410
51.187,16.66,0.16,1.07,1.72,2.87,0.28,410
51.204,16.68,0.16,1.05,0.40,2.88,0.00,405
51.220,16.66,0.18,1.08,1.76,2.86,0.28,403
51.237,16.70,0.15,1.09,0.47,2.85,0.00,399
51.254,16.67,0.13,1.05,1.77,2.88,0.29,398
51.270,16.63,0.14,1.04,0.44,2.88,0.00,398
51.287,16.68,0.15,1.05,7.47,2.85,5.95,397
51.304,16.67,0.14,1.06,0.46,2.86,0.00,396
51.320,16.65,0.13,1.03,1.71,2.84,0.28,396
51.337,16.69,0.12,1.03,0.41,2.84,0.00,397
51.354,16.65,0.13,1.02,1.73,2.86,0.28,397
51.370,16.67,0.13,1.02,0.40,2.87,0.00,395
51.387,16.67,0.13,1.01,1.71,2.86,0.28,394
51.404,16.72,0.12,1.02,0.40,2.86,0.00,394
51.420,16.62,0.13,1.01,7.36,2.86,5.87,393
51.437,16.68,0.13,1.05,0.47,2.83,0.00,393
51.454,16.65,0.13,1.01,1.71,2.84,0.28,393
51.470,16.68,0.13,1.02,0.41,2.89,0.00,392
51.487,16.67,0.13,0.99,1.72,2.87,0.28,389
51.504,16.67,0.13,1.01,0.40,2.87,0.00,389
51.520,16.70,0.12,1.00,1.70,2.86,0.28,388
51.537,16.65,0.13,1.02,0.46,2.86,0.00,387
51.554,16.66,0.13,0.98,7.47,2.85,5.98,386
51.570,16.67,0.13,1.03,0.42,2.88,0.00,385
51.587,16.66,0.13,0.99,1.71,2.88,0.28,384
51.604,16.68,0.13,0.91,0.42,2.89,0.00,383
51.620,16.66,0.13,0.87,1.69,2.87,0.27,381
51.637,16.67,0.25,0.97,0.40,2.88,0.00,392
51.654,16.66,0.13,0.96,1.71,2.96,0.28,398
51.670,16.67,0.14,0.95,0.38,3.05,0.00,396
51.687,16.67,0.13,0.95,8.04,3.07,6.55,394
51.704,16.67,0.14,0.96,0.42,3.08,0.00,393
51.720,16.67,0.13,0.94,1.70,3.08,0.28,393
51.737,16.66,0.13,0.97,0.44,3.08,0.00,391
51.754,16.67,0.12,0.94,1.71,3.08,0.28,391
51.770,16.68,0.13,0.96,0.41,3.08,0.00,389
51.787,16.69,0.12,0.95,1.73,3.11,0.28,389
51.804,16.63,0.13,0.92,0.39,3.11,0.00,387
51.820,16.67,0.14,0.92,7.45,3.10,5.98,386
51.837,16.67,0.13,0.95,0.42,3.11,0.00,384
51.854,16.66,0.13,0.92,1.72,3.10,0.27,383
51.870,16.67,0.13,0.93,0.40,3.11,0.00,383
51.887,16.70,0.12,0.89,1.69,3.13,0.27,382
51.904,16.66,0.12,0.90,0.39,2.67,0.00,382
51.920,16.64,0.12,0.89,1.69,2.65,0.26,381
51.937,16.69,0.12,0.90,0.39,2.67,0.00,380
51.954,16.67,0.14,0.93,7.38,2.65,5.85,377
51.970,16.65,0.13,0.92,0.42,2.64,0.00,376
51.987,16.66,0.14,0.87,1.67,2.64,0.24,375
52.004,16.67,0.13,0.89,0.38,2.64,0.00,373
52.020,16.69,0.11,0.91,1.77,2.63,0.27,373
52.037,16.66,0.12,0.91,0.42,2.62,0.00,371
52.054,16.65,0.13,0.89,1.69,2.60,0.24,370
52.070,16.67,0.22,0.91,0.40,2.60,0.00,375
52.087,16.67,0.13,0.90,7.56,2.59,6.09,425
52.104,16.67,0.13,0.94,0.46,2.67,0.00,431
52.120,16.67,0.13,0.91,1.68,2.66,0.24,439
52.137,16.67,0.13,0.92,0.40,2.68,0.00,438
52.154,16.66,0.14,0.91,1.69,2.64,0.24,437
52.170,16.68,0.13,0.91,0.40,2.67,0.00,434
52.187,16.75,0.12,0.92,1.71,2.64,0.25,432
52.204,16.57,0.18,1.15,0.41,2.64,0.00,443
52.220,16.67,0.17,1.14,7.47,3.39,5.97,502
52.237,16.68,0.17,1.18,0.43,3.57,0.00,536
52.254,16.65,0.18,1.16,1.71,3.60,0.24,558
52.270,16.67,0.17,1.16,0.43,3.62,0.00,569
52.287,16.67,0.19,1.20,1.72,3.62,0.24,584
52.304,16.67,0.18,1.16,0.42,3.64,0.00,595
52.320,16.67,0.16,1.16,1.70,3.66,0.24,599
52.337,16.75,0.17,1.16,0.40,3.66,0.00,600
52.354,16.59,0.18,0.88,7.42,3.64,5.92,559
52.371,16.70,0.18,0.90,0.45,3.61,0.00,565
52.387,16.64,0.17,0.88,1.70,3.59,0.24,573
52.404,16.67,0.18,0.89,0.42,3.60,0.00,577
52.420,16.67,0.16,0.87,1.71,3.59,0.24,581
52.437,16.67,0.17,0.86,0.39,3.60,0.00,586
52.454,16.65,0.16,0.86,1.70,3.59,0.24,586
52.470,16.68,0.16,0.86,0.41,3.59,0.00,589
52.487,16.67,0.15,0.88,7.28,3.58,5.79,588
52.504,16.69,0.17,0.90,0.44,3.58,0.00,589
52.520,16.64,0.16,0.87,1.71,3.56,0.24,593
52.537,16.67,0.17,0.89,0.43,3.65,0.00,600
52.554,16.67,0.16,0.88,1.72,3.62,0.24,605
52.570,16.66,0.16,0.87,0.41,3.64,0.00,626
52.587,16.66,0.14,0.87,1.67,3.60,0.23,628
52.604,16.67,0.15,0.89,0.44,3.62,0.00,630
52.621,16.71,0.13,0.86,7.42,3.03,5.93,631
52.637,16.64,0.15,0.90,0.44,3.04,0.00,631
52.654,16.66,0.13,0.88,1.70,3.03,0.24,630
52.671,16.67,0.13,0.86,0.40,3.03,0.00,632
52.687,16.67,0.13,0.86,1.68,3.03,0.24,633
52.704,16.67,0.15,0.89,0.47,3.04,0.00,631
52.721,16.66,0.12,0.87,1.70,3.02,0.24,633
52.737,16.66,0.15,0.89,0.43,3.04,0.00,634
52.754,16.67,0.14,0.87,7.28,3.05,5.80,634
52.771,16.67,0.14,0.89,0.45,3.05,0.00,635
52.787,16.67,0.14,0.87,1.72,3.04,0.24,633
52.804,16.69,0.13,0.89,0.44,3.02,0.00,630
52.821,16.65,0.13,0.89,1.71,3.02,0.24,629
52.837,16.68,0.13,0.86,0.41,3.03,0.00,631
52.854,16.65,0.13,0.87,1.71,3.04,0.24,631
52.871,16.67,0.13,0.85,0.39,3.05,0.00,631
52.887,16.69,0.12,0.85,7.43,3.04,5.94,633
52.904,16.67,0.13,0.89,0.43,3.04,0.00,633
52.921,16.65,0.13,0.85,1.70,3.03,0.24,629
52.937,16.70,0.12,0.87,0.44,3.02,0.00,628
52.954,16.65,0.14,0.89,1.76,3.05,0.25,628
52.971,16.66,0.13,0.87,0.43,3.05,0.00,628
52.987,16.69,0.12,0.85,1.69,3.04,0.24,625
53.004,16.65,0.13,0.85,0.38,3.04,0.00,625
53.021,16.66,0.12,0.86,7.33,3.03,5.83,624
53.037,16.67,0.12,0.88,0.46,3.02,0.00,626
53.054,16.66,0.13,0.85,1.72,3.03,0.24,627
53.071,16.69,0.12,0.85,0.41,3.04,0.00,629
53.087,16.64,0.12,0.85,1.69,3.04,0.24,627
53.104,16.67,0.13,0.85,0.43,3.03,0.00,629
53.121,16.67,0.12,0.83,1.67,3.02,0.24,628
53.137,16.68,0.13,0.85,0.39,3.03,0.00,627
53.154,16.66,0.13,0.85,7.37,3.02,5.89,630
53.171,16.70,0.14,0.87,0.42,3.04,0.00,633
53.187,16.65,0.12,0.89,1.72,3.03,0.25,632
53.204,16.65,0.13,0.85,0.41,3.03,0.00,631
53.221,16.67,0.13,0.83,1.69,3.02,0.24,632
53.237,16.69,0.12,0.85,0.39,3.02,0.00,633
53.254,16.64,0.13,0.85,1.68,3.02,0.24,635
53.271,16.67,0.13,0.82,0.42,3.05,0.00,637
53.287,16.68,0.12,0.84,7.39,3.03,5.87,637
53.304,16.66,0.13,0.86,0.43,3.03,0.00,640
53.321,16.67,0.12,0.83,1.68,3.03,0.24,642
53.337,16.67,0.13,0.85,0.39,3.03,0.00,639
53.354,16.68,0.11,0.93,1.70,3.03,0.24,640
53.371,16.66,0.14,0.86,0.40,3.02,0.00,642
53.387,16.67,0.12,0.86,1.70,3.05,0.24,642
53.404,16.66,0.13,0.84,0.42,3.05,0.00,641
53.421,16.67,0.12,0.84,7.42,3.03,5.92,643
53.437,16.67,0.13,0.87,0.41,3.04,0.00,643
53.454,16.66,0.12,0.84,1.68,3.03,0.24,645
53.471,16.67,0.13,0.83,0.39,3.04,0.00,642
53.487,16.67,0.14,0.85,1.75,3.06,0.24,641
53.504,16.68,0.12,0.86,0.44,3.06,0.00,640
53.521,16.65,0.12,0.86,1.73,3.05,0.24,637
53.537,16.67,0.12,0.84,0.40,3.07,0.00,637
53.554,16.67,0.13,0.86,7.38,3.05,5.86,633
53.571,16.68,0.13,0.86,0.43,3.06,0.00,631
53.587,16.66,0.12,0.84,1.73,3.04,0.24,626
53.604,16.66,0.13,0.78,0.41,3.07,0.00,624
53.621,16.68,0.13,0.77,1.69,3.04,0.24,621
53.637,16.69,0.24,0.88,0.42,3.05,0.00,679
53.654,16.65,0.13,0.89,1.74,3.27,0.24,690
53.671,16.68,0.11,0.87,0.45,3.42,0.00,685
53.687,16.66,0.13,0.87,7.39,3.39,5.91,674
53.704,16.68,0.13,0.85,0.41,3.41,0.00,669
53.721,16.70,0.11,0.83,1.72,3.10,0.25,668
53.737,16.63,0.13,0.85,0.41,3.09,0.00,667
53.754,16.66,0.12,0.84,1.71,3.07,0.27,665
53.771,16.68,0.12,0.83,0.40,3.07,0.00,662
53.787,16.68,0.12,0.83,1.71,3.04,0.27,662
53.804,16.66,0.13,0.84,0.43,3.06,0.00,662
53.821,16.66,0.12,0.86,7.34,3.04,5.85,662
53.837,16.69,0.12,0.87,0.42,3.02,0.00,659
53.854,16.65,0.12,0.84,1.73,3.00,0.27,655
53.871,16.67,0.13,0.87,0.42,2.98,0.00,652
53.887,16.69,0.11,0.84,1.73,2.96,0.27,650
53.904,16.65,0.13,0.85,0.41,2.96,0.00,649
53.921,16.69,0.10,0.85,1.71,2.93,0.28,646
53.937,16.65,0.12,0.83,0.40,2.92,0.00,646
53.954,16.68,0.10,0.85,7.44,2.90,5.91,645
53.971,16.66,0.13,0.88,0.48,2.90,0.00,645
53.987,16.66,0.12,0.86,1.74,2.88,0.27,643
54.004,16.68,0.13,0.86,0.39,2.88,0.00,641
54.021,16.66,0.12,0.85,1.72,2.88,0.27,640
54.037,16.67,0.13,0.85,0.39,2.88,0.00,640
54.054,16.67,0.12,0.86,1.74,2.86,0.27,641
54.071,16.66,0.12,0.84,0.42,2.85,0.00,642
54.087,16.66,0.11,0.86,7.37,2.83,5.86,640
54.104,16.67,0.12,0.89,0.42,2.83,0.00,636
54.121,16.67,0.13,0.86,1.73,2.81,0.27,636
54.137,16.66,0.12,0.87,0.40,2.83,0.00,639
54.154,16.68,0.10,0.86,1.72,2.82,0.27,639
54.171,16.66,0.12,0.65,0.39,2.82,0.00,639
54.187,16.70,0.12,0.70,1.81,2.80,0.27,640
54.204,16.62,0.12,0.67,0.41,2.80,0.00,640
54.221,16.67,0.12,0.65,7.48,2.79,5.96,641
54.237,16.67,0.14,0.69,0.43,2.81,0.00,642
54.254,16.67,0.12,0.66,1.74,2.81,0.27,644
54.271,16.68,0.11,0.68,0.41,2.81,0.00,645
54.287,16.65,0.11,0.66,1.72,2.80,0.27,644
54.304,16.77,0.11,0.70,0.43,2.80,0.00,645
54.321,16.57,0.12,0.66,1.72,2.79,0.27,643
54.337,16.67,0.11,0.65,0.39,2.83,0.00,641
54.354,16.70,0.10,0.67,7.46,2.82,5.97,642
54.371,16.64,0.12,0.69,0.43,2.82,0.00,639
54.387,16.67,0.12,0.67,1.72,2.82,0.27,636
54.404,16.67,0.12,0.65,0.41,2.82,0.00,633
54.421,16.66,0.11,0.67,1.71,2.82,0.27,632
54.437,16.67,0.12,0.68,0.40,2.83,0.00,630
54.454,16.66,0.11,0.67,1.70,2.84,0.27,628
54.471,16.67,0.13,0.67,0.44,2.84,0.00,626
54.487,16.69,0.13,0.71,7.59,2.83,6.05,625
54.504,16.76,0.11,0.70,0.50,2.84,0.00,621
54.521,16.60,0.13,0.71,1.81,2.83,0.27,620
54.537,16.66,0.13,0.69,0.42,2.82,0.00,617
54.554,16.65,0.12,0.66,1.76,2.85,0.27,615
54.571,16.67,0.10,0.68,0.40,2.86,0.00,611
54.587,16.65,0.11,0.67,1.72,2.85,0.27,609
54.604,16.75,0.11,0.67,0.45,2.86,0.00,607
54.621,16.64,0.12,0.71,7.50,2.84,5.96,602
54.637,16.64,0.12,0.69,0.41,2.85,0.00,601
54.654,16.65,0.11,0.66,1.71,2.83,0.27,597
54.671,16.67,0.11,0.66,0.41,2.85,0.00,595
54.687,16.67,0.11,0.66,1.71,2.84,0.26,593
54.704,16.68,0.10,0.65,0.39,2.84,0.00,592
54.721,16.65,0.11,0.66,1.69,2.82,0.26,592
54.737,16.67,0.11,0.66,0.41,2.82,0.00,591
54.754,16.67,0.12,0.67,7.42,2.80,5.93,591
54.771,16.67,0.12,0.69,0.43,2.83,0.00,590
54.787,16.67,0.11,0.66,1.71,2.81,0.27,589
54.804,16.68,0.12,0.70,0.42,2.80,0.00,588
54.821,16.69,0.10,0.69,1.72,2.77,0.27,584
54.837,16.64,0.11,0.68,0.41,2.77,0.00,584
54.854,16.67,0.14,0.97,1.92,2.77,0.47,621
54.871,16.68,0.13,0.97,0.43,3.58,0.00,619
54.887,16.65,0.13,1.00,7.31,3.56,5.81,620
54.904,16.67,0.14,1.00,0.43,3.56,0.00,619
54.921,16.67,0.13,0.98,1.74,3.55,0.28,616
54.937,16.68,0.13,0.99,0.42,3.54,0.00,614
54.954,16.66,0.13,0.99,1.71,3.56,0.28,614
54.971,16.67,0.12,0.99,0.44,3.55,0.00,617
54.987,16.67,0.14,1.00,1.77,3.53,0.28,617
55.004,16.67,0.11,0.99,0.40,3.54,0.00,617
55.021,16.66,0.13,1.01,7.48,3.53,5.98,617
55.037,16.67,0.13,1.03,0.44,3.55,0.00,614
55.054,16.68,0.13,1.02,1.75,3.54,0.28,617
55.071,16.65,0.14,1.02,0.42,3.54,0.00,617
55.087,16.67,0.12,1.02,1.74,3.57,0.28,617
55.104,16.67,0.16,1.04,0.42,3.60,0.00,617
55.121,16.66,0.12,1.05,1.78,3.58,0.28,616
55.137,16.69,0.13,1.02,0.44,3.59,0.00,618
55.154,16.65,0.12,1.03,7.33,3.60,5.83,616
55.171,16.67,0.13,1.05,0.46,3.61,0.00,616
55.187,16.69,0.11,1.03,1.71,3.61,0.28,619
55.204,16.64,0.13,1.03,0.43,3.65,0.00,619
55.221,16.67,0.12,1.03,1.73,3.66,0.28,620
55.237,16.67,0.12,1.02,0.41,3.66,0.00,621
55.254,16.67,0.13,1.04,1.76,3.67,0.28,620
55.271,16.66,0.12,1.03,0.42,3.10,0.00,619
55.287,16.66,0.12,1.03,7.43,3.11,5.94,621
55.304,16.68,0.13,1.05,0.47,3.15,0.00,620
55.321,16.65,0.11,1.03,1.71,3.15,0.28,621
55.337,16.68,0.12,1.04,0.41,3.17,0.00,621
55.354,16.66,0.12,1.03,1.71,3.17,0.28,620
55.371,16.67,0.12,1.03,0.43,3.19,0.00,619
55.387,16.69,0.11,1.03,1.71,3.19,0.28,618
55.404,16.64,0.12,1.03,0.42,3.29,0.00,618
55.421,16.67,0.12,1.02,7.41,3.30,5.89,617
55.437,16.69,0.13,1.05,0.46,3.31,0.00,617
55.454,16.65,0.11,1.03,1.74,3.33,0.28,640
55.471,16.67,0.12,1.03,0.41,3.40,0.00,644
55.487,16.69,0.10,1.03,1.72,3.44,0.28,643
55.504,16.65,0.12,1.03,0.40,3.43,0.00,646
55.521,16.68,0.10,1.02,1.72,3.37,0.28,644
55.537,16.66,0.13,1.02,0.41,3.37,0.00,646
55.554,16.66,0.12,1.05,7.54,3.38,6.02,647
55.571,16.68,0.13,1.05,0.46,3.39,0.00,647
55.587,16.65,0.12,1.03,1.72,3.40,0.28,646
55.604,16.67,0.12,0.94,0.43,3.42,0.00,650
55.621,16.68,0.12,0.96,1.75,3.44,0.28,653
55.637,16.66,0.26,1.04,0.47,3.45,0.00,682
55.654,16.67,0.12,1.03,1.77,3.57,0.28,690
55.671,16.67,0.12,1.03,0.44,3.66,0.00,690
55.687,16.66,0.11,1.02,7.38,3.65,5.84,688
55.704,16.69,0.13,1.05,0.49,3.65,0.00,688
55.721,16.65,0.13,1.01,1.77,3.64,0.28,689
55.737,16.68,0.13,1.03,0.48,3.67,0.00,688
55.754,16.66,0.12,1.01,1.76,3.66,0.28,686
55.771,16.68,0.13,1.01,0.45,3.66,0.00,687
55.787,16.67,0.12,1.00,1.75,3.65,0.28,686
55.804,16.73,0.12,1.01,0.49,3.65,0.00,686
55.821,16.60,0.12,1.02,7.48,3.64,5.95,686
55.837,16.67,0.14,1.04,0.53,3.65,0.00,685
55.854,16.67,0.12,1.00,1.77,3.65,0.28,685
55.871,16.67,0.13,1.02,0.47,3.65,0.00,684
55.887,16.68,0.10,1.00,1.76,3.62,0.28,683
55.904,16.68,0.11,1.02,0.46,3.63,0.00,684
55.921,16.67,0.11,0.99,1.75,3.61,0.27,683
55.937,16.66,0.12,1.01,0.52,3.63,0.00,683
55.954,16.65,0.12,1.01,7.44,3.62,5.88,683
55.971,16.70,0.13,1.04,0.48,3.62,0.00,683
55.987,16.65,0.12,1.05,1.86,3.61,0.28,683
56.004,16.71,0.12,1.02,0.47,3.61,0.00,682
56.021,16.64,0.12,1.06,1.83,3.60,0.27,679
56.038,16.70,0.17,1.37,0.51,3.59,0.00,734
56.054,16.65,0.15,1.44,2.01,4.43,0.46,733
56.071,16.66,0.14,1.38,0.50,4.43,0.00,733
56.087,16.65,0.16,1.39,7.63,4.43,6.07,733
56.104,16.67,0.16,1.42,0.49,4.42,0.00,729
56.121,16.67,0.15,1.39,1.82,4.40,0.28,725
56.137,16.67,0.16,1.43,0.52,4.40,0.00,725
56.154,16.69,0.15,1.37,1.81,4.41,0.27,725
56.171,16.66,0.16,1.39,0.50,4.41,0.00,724
56.187,16.68,0.14,1.38,1.82,4.42,0.28,723
56.204,16.65,0.14,1.38,0.52,4.43,0.00,722
56.221,16.67,0.16,1.37,7.70,4.42,6.14,718
56.238,16.68,0.16,1.38,0.53,4.42,0.00,718
56.254,16.65,0.16,1.38,1.82,4.40,0.27,719
56.271,16.71,0.14,1.40,0.53,4.45,0.00,717
56.287,16.63,0.15,1.39,1.84,4.43,0.27,717
56.304,16.66,0.09,1.40,0.52,4.43,0.00,715
56.321,16.68,0.15,1.38,1.82,4.43,0.27,713
56.338,16.67,0.14,1.34,0.51,4.43,0.00,711
56.354,16.67,0.16,1.35,7.83,4.43,6.25,710
56.371,16.66,0.15,1.36,0.50,4.02,0.00,713
56.388,16.69,0.14,1.40,1.82,4.03,0.27,713
56.404,16.64,0.14,1.36,0.58,4.02,0.00,713
56.421,16.67,0.15,1.38,1.85,4.01,0.27,712
56.438,16.70,0.15,1.36,0.52,4.00,0.00,709
56.454,16.69,0.16,1.45,1.85,3.43,0.27,710
56.471,16.63,0.13,1.37,0.50,3.46,0.00,710
56.488,16.66,0.14,1.36,7.61,3.46,6.00,709
56.504,16.67,0.15,1.36,0.50,3.45,0.00,709
56.521,16.70,0.14,1.40,1.89,3.44,0.27,707
56.538,16.64,0.14,1.37,0.52,3.44,0.00,704
56.554,16.69,0.14,1.35,1.86,3.44,0.27,702
56.571,16.73,0.13,1.36,0.53,3.42,0.00,703
56.588,16.59,0.13,1.35,1.77,3.45,0.27,703
56.604,16.64,0.13,1.33,0.44,3.46,0.00,702
56.621,16.68,0.15,1.37,7.65,3.45,6.10,701
56.638,16.66,0.14,1.34,0.47,3.43,0.00,699
56.654,16.66,0.13,1.26,1.78,3.42,0.27,695
56.671,16.67,0.14,1.32,0.41,3.42,0.00,696
56.688,16.68,0.12,1.27,1.76,3.44,0.27,694
56.704,16.66,0.13,1.26,0.47,3.45,0.00,689
56.721,16.67,0.12,1.25,1.71,3.40,0.27,670
56.738,16.67,0.13,1.24,0.42,3.40,0.00,669
56.754,16.69,0.11,1.27,7.38,3.36,5.88,665
56.771,16.65,0.14,1.28,0.44,3.36,0.00,666
56.788,16.68,0.12,1.28,1.74,3.35,0.27,661
56.804,16.64,0.13,1.27,0.43,3.37,0.00,659
56.821,16.67,0.13,1.00,1.76,3.35,0.28,646
56.838,16.66,0.12,0.97,0.42,3.33,0.00,648
56.854,16.67,0.12,0.99,1.72,3.33,0.28,649
56.871,16.77,0.11,0.98,0.43,3.34,0.00,652
56.888,16.56,0.10,0.73,7.09,3.33,5.60,654
56.904,16.67,0.10,0.74,0.35,3.36,0.00,655
56.921,16.67,0.08,0.72,1.55,3.36,0.20,657
56.938,16.67,0.08,0.72,0.32,3.37,0.00,658
56.954,16.69,0.11,0.98,1.70,3.35,0.28,657
56.971,16.65,0.12,0.97,0.41,3.36,0.00,660
56.988,16.68,0.11,0.97,1.71,3.35,0.27,663
57.004,16.65,0.12,0.97,0.40,3.40,0.00,666
57.021,16.75,0.11,1.00,7.33,3.38,5.82,662
57.038,16.59,0.13,0.98,0.42,3.38,0.00,663
57.054,16.67,0.12,0.95,1.70,3.38,0.27,664
57.071,16.67,0.13,0.99,0.45,3.37,0.00,664
57.088,16.69,0.13,0.96,1.79,3.37,0.28,661
57.104,16.64,0.13,0.97,0.45,3.36,0.00,661
57.121,16.69,0.11,0.99,1.77,3.39,0.28,663
57.138,16.72,0.12,0.98,0.45,3.39,0.00,663
57.154,16.59,0.12,0.97,7.50,3.38,5.99,662
57.171,16.67,0.13,0.98,0.44,3.39,0.00,659
57.188,16.75,0.10,0.98,1.72,3.38,0.27,659
57.204,16.66,0.12,0.95,0.44,3.37,0.00,659
57.221,16.58,0.12,0.97,1.72,3.39,0.28,659
57.238,16.67,0.12,0.96,0.43,3.39,0.00,658
57.254,16.67,0.12,0.96,1.70,3.38,0.28,658
57.271,16.68,0.11,0.96,0.41,3.38,0.00,658
57.288,16.65,0.12,0.96,7.34,3.36,5.86,657
57.304,16.68,0.13,0.97,0.44,3.36,0.00,658
57.321,16.65,0.12,0.95,1.77,3.34,0.27,657
57.338,16.67,0.12,0.93,0.39,3.45,0.00,654
57.354,16.70,0.11,0.93,1.71,3.42,0.28,652
57.371,16.64,0.12,0.97,0.42,3.45,0.00,651
57.388,16.67,0.12,0.97,1.75,3.41,0.28,651
57.404,16.67,0.12,0.96,0.41,3.44,0.00,650
57.421,16.66,0.12,0.95,7.40,3.42,5.93,649
57.438,16.68,0.12,0.95,0.40,3.36,0.00,649
57.454,16.65,0.13,0.96,1.73,3.35,0.28,650
57.471,16.67,0.12,0.94,0.41,3.35,0.00,650
57.488,16.67,0.12,0.95,1.72,3.33,0.28,649
57.504,16.67,0.12,0.95,0.41,3.32,0.00,646
57.521,16.66,0.12,0.95,1.72,3.30,0.28,636
57.538,16.67,0.11,0.91,0.39,3.33,0.00,633
57.554,16.67,0.12,0.92,7.33,2.98,5.84,633
57.571,16.67,0.13,0.94,0.44,2.97,0.00,633
57.588,16.69,0.10,0.91,1.72,2.95,0.27,632
57.604,16.64,0.12,0.82,0.40,2.95,0.00,630
57.621,16.67,0.11,0.83,1.74,2.93,0.27,630
57.638,16.67,0.24,0.91,0.42,2.90,0.00,647
57.654,16.66,0.13,0.91,1.71,3.08,0.27,657
57.671,16.67,0.12,0.91,0.40,3.21,0.00,654
57.688,16.67,0.12,0.91,7.44,3.18,5.94,654
57.704,16.69,0.13,0.92,0.45,3.16,0.00,652
57.721,16.64,0.12,0.91,1.72,3.15,0.27,652
57.738,16.66,0.13,0.91,0.41,3.15,0.00,650
57.754,16.71,0.11,0.91,1.71,3.15,0.28,650
57.771,16.64,0.11,0.91,0.40,3.15,0.00,648
57.788,16.65,0.11,0.90,1.72,3.12,0.27,648
57.804,16.68,0.12,0.92,0.43,3.12,0.00,646
57.821,16.66,0.12,0.93,7.34,3.08,5.83,645
57.838,16.66,0.13,0.92,0.42,3.08,0.00,644
57.854,16.67,0.12,0.91,1.75,3.08,0.27,643
57.871,16.66,0.12,0.88,0.40,3.08,0.00,642
57.888,16.67,0.12,0.89,1.73,3.07,0.27,641
57.904,16.67,0.12,0.90,0.40,3.06,0.00,642
57.921,16.68,0.11,0.90,1.72,3.05,0.27,638
57.938,16.68,0.11,0.90,0.41,3.05,0.00,637
57.954,16.65,0.12,0.90,7.45,3.03,5.95,636
57.971,16.72,0.11,0.91,0.44,3.05,0.00,634
57.988,16.62,0.12,0.89,1.75,3.03,0.27,629
58.004,16.67,0.12,0.64,0.42,3.02,0.00,590
58.021,16.67,0.12,0.64,1.72,2.97,0.26,588
58.038,16.68,0.10,0.63,0.40,2.97,0.00,585
58.054,16.65,0.13,0.63,1.69,2.95,0.24,584
58.071,16.67,0.12,0.65,0.43,2.97,0.00,584
58.088,16.66,0.11,0.62,7.33,2.96,5.83,584
58.104,16.68,0.13,0.65,0.42,2.96,0.00,583
58.121,16.69,0.10,0.64,1.70,2.94,0.24,583
58.138,16.65,0.12,0.64,0.42,2.94,0.00,582
58.154,16.66,0.12,0.62,1.68,2.92,0.24,581
58.171,16.67,0.12,0.64,0.41,2.92,0.00,579
58.188,16.73,0.11,0.68,1.77,2.94,0.24,579
58.204,16.61,0.13,0.65,0.45,2.93,0.00,577
58.221,16.66,0.12,0.64,7.40,2.91,5.90,576
58.238,16.70,0.13,0.66,0.43,2.92,0.00,574
58.254,16.66,0.10,0.63,1.69,2.90,0.24,568
58.271,16.64,0.12,0.64,0.42,2.91,0.00,567
58.288,16.66,0.11,0.62,1.73,2.90,0.24,566
58.304,16.68,0.12,0.62,0.39,2.91,0.00,564
58.321,16.67,0.12,0.63,1.71,2.89,0.24,563
58.338,16.76,0.10,0.65,0.42,2.87,0.00,562
58.354,16.58,0.11,0.63,7.33,2.88,5.84,561
58.371,16.67,0.13,0.64,0.42,2.87,0.00,560
58.388,16.66,0.13,0.65,1.76,2.87,0.24,561
58.404,16.67,0.12,0.63,0.41,2.87,0.00,559
58.421,16.68,0.10,0.63,1.71,2.85,0.24,556
58.438,16.66,0.12,0.61,0.38,2.84,0.00,553
58.454,16.66,0.11,0.63,1.67,2.83,0.24,553
58.471,16.68,0.11,0.62,0.40,2.83,0.00,552
58.488,16.67,0.13,0.66,7.57,2.81,6.02,553
58.504,16.68,0.12,0.63,0.43,2.83,0.00,549
58.521,16.66,0.11,0.61,1.69,2.81,0.24,549
58.538,16.67,0.12,0.63,0.41,2.81,0.00,547
58.554,16.67,0.11,0.61,1.68,2.79,0.24,544
58.571,16.68,0.12,0.64,0.45,2.79,0.00,541
58.588,16.65,0.15,0.86,1.84,2.77,0.41,592
58.604,16.67,0.13,0.85,0.39,3.66,0.00,590
58.621,16.67,0.13,0.87,7.39,3.64,5.87,566
58.638,16.68,0.18,0.89,0.45,3.61,0.00,566
58.654,16.65,0.13,0.89,1.70,3.59,0.24,567
58.671,16.68,0.14,0.86,0.40,3.58,0.00,565
58.688,16.66,0.14,0.87,1.68,3.55,0.24,568
58.704,16.67,0.15,0.86,0.40,3.56,0.00,570
58.721,16.66,0.13,0.87,1.68,3.57,0.24,568
58.738,16.68,0.15,0.87,0.41,3.59,0.00,569
58.754,16.66,0.13,0.88,7.39,3.58,5.91,571
58.771,16.68,0.14,0.91,0.44,3.60,0.00,573
58.788,16.67,0.12,0.90,1.69,3.60,0.24,574
58.804,16.66,0.14,0.90,0.40,3.62,0.00,575
58.821,16.68,0.14,0.91,1.72,3.61,0.24,576
58.838,16.66,0.14,0.91,0.43,3.62,0.00,577
58.854,16.70,0.12,0.90,1.69,3.64,0.26,580
58.871,16.63,0.14,0.90,0.42,3.65,0.00,579
58.888,16.66,0.13,0.93,7.32,3.64,5.81,579
58.904,16.68,0.13,0.93,0.43,3.66,0.00,583
58.921,16.66,0.13,0.90,1.69,3.67,0.24,583
58.938,16.67,0.13,0.93,0.43,3.67,0.00,584
58.954,16.67,0.13,0.93,1.68,3.68,0.24,585
58.971,16.68,0.12,0.92,0.39,3.72,0.00,585
58.988,16.69,0.11,0.92,1.68,3.71,0.25,586
59.004,16.64,0.13,0.93,0.41,3.14,0.00,585
59.021,16.67,0.13,0.93,7.40,3.16,5.91,587
59.038,16.68,0.13,0.95,0.44,3.24,0.00,587
59.054,16.66,0.13,0.93,1.68,3.25,0.24,590
59.071,16.67,0.13,0.94,0.44,3.27,0.00,591
59.088,16.75,0.13,0.96,1.71,3.29,0.25,592
59.104,16.58,0.14,0.95,0.41,3.27,0.00,591
59.121,16.68,0.13,0.95,1.71,3.26,0.24,591
59.138,16.66,0.14,0.95,0.42,3.26,0.00,590
59.154,16.67,0.13,0.92,7.29,3.26,5.80,591
59.171,16.67,0.13,0.96,0.43,3.29,0.00,593
59.188,16.66,0.13,0.93,1.69,3.28,0.25,594
59.204,16.67,0.13,0.94,0.41,3.30,0.00,593
59.221,16.68,0.12,0.95,1.68,3.28,0.25,591
59.238,16.65,0.15,1.18,0.42,3.28,0.00,613
59.254,16.69,0.13,1.11,1.94,3.32,0.51,613
59.271,16.68,0.13,1.11,0.43,3.32,0.00,614
59.288,16.65,0.14,1.11,7.39,3.33,5.91,618
59.304,16.74,0.14,1.14,0.43,3.35,0.00,618
59.321,16.60,0.13,1.12,1.72,3.38,0.25,617
59.338,16.66,0.15,1.12,0.40,3.38,0.00,620
59.354,16.67,0.13,1.13,1.69,3.39,0.25,623
59.371,16.69,0.13,1.13,0.41,3.38,0.00,625
59.388,16.64,0.14,1.14,1.71,3.41,0.24,628
59.404,16.69,0.13,1.15,0.43,3.41,0.00,629
59.421,16.64,0.14,1.14,7.34,3.39,5.82,632
59.438,16.68,0.14,1.16,0.44,3.40,0.00,637
59.454,16.66,0.14,1.15,1.71,3.43,0.25,639
59.471,16.67,0.14,1.14,0.41,3.44,0.00,640
59.488,16.67,0.14,1.14,1.71,3.43,0.25,642
59.504,16.69,0.13,1.15,0.44,3.43,0.00,646
59.521,16.77,0.13,1.17,1.78,3.43,0.24,646
59.538,16.56,0.14,1.09,0.42,3.43,0.00,649
59.554,16.66,0.15,1.18,7.75,3.44,6.18,652
59.571,16.67,0.13,1.17,0.50,3.44,0.00,650
59.588,16.67,0.16,1.15,1.75,3.43,0.25,651
59.604,16.67,0.14,1.06,0.44,3.47,0.00,655
59.621,16.66,0.13,1.04,1.69,3.48,0.24,658
59.638,16.67,0.27,1.16,0.47,3.48,0.00,679
59.654,16.67,0.14,1.14,1.78,3.56,0.24,691
59.671,16.67,0.14,1.15,0.46,3.72,0.00,690
59.688,16.66,0.13,1.15,7.59,3.72,5.99,691
59.704,16.70,0.16,1.19,0.55,3.70,0.00,695
59.721,16.63,0.15,1.15,1.81,3.72,0.27,695
59.738,16.71,0.13,1.13,0.49,3.73,0.00,695
59.754,16.64,0.14,1.21,1.76,3.73,0.27,696
59.771,16.66,0.14,1.18,0.42,3.74,0.00,697
59.788,16.69,0.14,1.19,1.74,3.74,0.27,698
59.804,16.66,0.14,1.19,0.45,3.75,0.00,697
59.821,16.66,0.13,1.17,7.69,3.77,6.18,697
59.838,16.68,0.15,1.21,0.42,3.78,0.00,699
59.854,16.66,0.14,1.17,1.74,3.77,0.28,700
59.871,16.66,0.14,1.17,0.42,3.78,0.00,700
59.888,16.75,0.13,1.22,1.92,3.80,0.27,701
59.904,16.60,0.15,1.21,0.45,3.81,0.00,702
59.921,16.65,0.14,1.18,1.76,3.80,0.27,701
59.938,16.67,0.15,1.19,0.45,3.80,0.00,703
59.955,16.74,0.15,1.21,7.43,3.83,5.89,702
59.971,16.61,0.14,1.21,0.44,3.83,0.00,701
59.988,16.66,0.15,1.21,1.76,3.84,0.27,697
60.004,16.67,0.14,1.20,0.44,3.84,0.00,697
60.021,16.66,0.14,1.14,1.77,3.83,0.28,692
60.038,16.67,0.14,1.15,0.47,3.86,0.00,688
60.054,16.67,0.13,1.14,1.72,3.82,0.28,669
60.071,16.68,0.17,1.15,0.46,3.79,0.00,665
60.088,16.66,0.15,1.15,7.53,3.77,6.00,659
60.104,16.67,0.13,1.15,0.46,3.36,0.00,659
60.121,16.66,0.13,1.10,1.73,3.35,0.28,660
60.138,16.67,0.15,1.12,0.47,3.35,0.00,660
60.155,16.70,0.16,1.16,1.83,3.34,0.28,658
60.171,16.65,0.18,1.13,0.47,3.34,0.00,658
60.188,16.75,0.12,1.15,1.77,3.34,0.27,657
60.204,16.57,0.13,1.13,0.43,3.34,0.00,657
60.221,16.68,0.14,1.12,7.45,3.33,5.93,657
60.238,16.67,0.14,1.14,0.43,3.34,0.00,656
60.254,16.66,0.13,1.11,1.72,3.34,0.28,657
60.271,16.68,0.13,1.12,0.42,3.34,0.00,657
60.288,16.67,0.12,1.12,1.72,3.31,0.28,655
60.304,16.65,0.19,1.40,0.42,3.32,0.00,712
60.321,16.69,0.17,1.38,2.30,4.17,0.86,712
60.338,16.65,0.19,1.39,0.42,4.14,0.00,710
60.355,16.71,0.18,1.41,7.60,4.15,6.07,713
60.371,16.64,0.19,1.44,0.45,4.11,0.00,712
60.388,16.70,0.17,1.42,1.75,4.09,0.27,706
60.405,16.63,0.18,1.44,0.42,4.10,0.00,710
60.421,16.66,0.17,1.44,1.71,4.13,0.27,710
60.438,16.67,0.18,1.44,0.42,4.13,0.00,708
60.455,16.67,0.17,1.45,1.70,4.11,0.26,725
60.471,16.67,0.17,1.46,0.41,4.13,0.00,722
60.488,16.66,0.17,1.45,7.34,4.12,5.84,721
60.505,16.67,0.19,1.47,0.43,4.11,0.00,721
60.521,16.66,0.17,1.45,1.71,4.11,0.27,714
60.538,16.67,0.17,1.45,0.39,4.10,0.00,711
60.555,16.68,0.17,1.20,1.71,4.07,0.27,707
60.571,16.70,0.16,1.22,0.43,4.07,0.00,703
60.588,16.64,0.18,1.23,1.76,4.03,0.27,699
60.605,16.68,0.15,1.18,0.45,4.03,0.00,685
60.621,16.65,0.17,1.15,7.42,3.98,5.91,667
60.638,16.69,0.16,1.19,0.46,3.99,0.00,645
60.655,16.64,0.18,1.19,1.74,3.94,0.27,623
60.671,16.67,0.18,1.17,0.42,3.91,0.00,605
60.688,16.66,0.17,1.16,1.72,3.88,0.27,568
60.705,16.67,0.16,1.16,0.41,3.84,0.00,415
60.721,16.67,0.17,1.14,1.71,3.01,0.27,415
60.738,16.67,0.17,1.14,0.42,3.05,0.00,414
60.755,16.66,0.15,1.12,7.31,2.73,5.84,414
60.771,16.68,0.16,1.15,0.44,2.73,0.00,412
60.788,16.66,0.17,1.13,1.70,2.72,0.27,411
60.805,16.67,0.16,1.13,0.40,2.72,0.00,410
60.821,16.67,0.16,1.13,1.69,2.71,0.28,409
60.838,16.68,0.17,1.14,0.44,2.71,0.00,409
60.855,16.68,0.15,1.12,1.70,2.73,0.27,408
60.871,16.77,0.16,1.15,0.41,2.71,0.00,408
60.888,16.63,0.16,1.11,7.47,2.71,5.95,408
60.905,16.58,0.17,1.14,0.44,2.72,0.00,406
60.921,16.67,0.16,1.12,1.70,2.71,0.28,404
60.938,16.68,0.17,1.12,0.41,2.70,0.00,403
60.955,16.67,0.17,1.11,1.72,2.72,0.28,401
60.971,16.65,0.16,1.09,0.39,2.71,0.00,400
60.988,16.68,0.14,1.10,1.70,2.71,0.28,400
61.005,16.66,0.15,1.10,0.40,2.71,0.00,398
61.021,16.67,0.13,1.09,7.28,2.68,5.81,398
61.038,16.67,0.15,1.11,0.43,2.68,0.00,396
61.055,16.70,0.13,1.09,1.70,2.70,0.27,396
61.071,16.64,0.13,1.08,0.40,2.70,0.00,395
61.088,16.67,0.14,1.10,1.74,2.68,0.28,395
61.105,16.67,0.13,1.08,0.41,2.65,0.00,393
61.121,16.66,0.14,1.06,1.69,2.65,0.28,392
61.138,16.70,0.12,1.08,0.40,2.65,0.00,392
61.155,16.64,0.13,1.19,7.22,2.63,6.01,391
61.171,16.68,0.14,1.15,0.45,2.66,0.00,391
61.188,16.65,0.14,1.07,1.73,2.65,0.28,391
61.205,16.74,0.14,0.92,0.45,2.65,0.00,391
61.221,16.62,0.14,0.92,1.78,2.63,0.27,390
61.238,16.65,0.13,0.90,0.41,2.63,0.00,388
61.255,16.67,0.13,0.88,1.70,2.61,0.27,388
61.271,16.67,0.13,0.91,0.42,2.65,0.00,386
61.288,16.68,0.13,0.87,7.35,2.64,5.86,384
61.305,16.66,0.13,0.90,0.41,2.62,0.00,384
61.321,16.67,0.13,0.86,1.72,2.61,0.27,384
61.338,16.74,0.12,0.90,0.45,2.61,0.00,383
61.355,16.59,0.13,0.87,1.70,2.61,0.27,383
61.371,16.68,0.14,0.88,0.43,2.61,0.00,383
61.388,16.66,0.13,0.85,1.74,2.62,0.27,382
61.405,16.67,0.13,0.86,0.40,2.63,0.00,378
61.421,16.68,0.13,0.86,7.47,2.60,5.97,377
61.438,16.66,0.12,0.89,0.41,2.62,0.00,376
61.455,16.67,0.13,0.85,1.70,2.59,0.27,375
61.471,16.67,0.13,0.88,0.48,2.60,0.00,376
61.488,16.68,0.14,0.87,1.77,2.64,0.27,375
61.505,16.67,0.13,0.87,0.42,2.63,0.00,374
61.521,16.67,0.13,0.87,1.76,2.61,0.27,373
61.538,16.66,0.13,0.87,0.44,2.64,0.00,370
61.555,16.66,0.13,0.87,7.41,2.63,5.88,370
61.571,16.67,0.14,0.87,0.42,2.63,0.00,371
61.588,16.67,0.14,0.85,1.75,2.64,0.27,370
61.605,16.66,0.12,0.80,0.40,2.67,0.00,367
61.621,16.67,0.13,0.77,1.71,2.63,0.27,367
61.638,16.67,0.25,0.89,0.40,2.68,0.00,382
61.655,16.67,0.14,0.90,1.77,2.79,0.27,394
61.671,16.67,0.13,0.89,0.38,2.96,0.00,391
61.688,16.67,0.13,0.87,8.12,2.95,6.62,391
61.705,16.67,0.13,0.91,0.42,2.98,0.00,391
61.721,16.67,0.14,0.88,1.72,2.97,0.27,388
61.738,16.68,0.13,0.89,0.41,2.96,0.00,386
61.755,16.66,0.11,0.86,1.72,2.95,0.27,384
61.771,16.68,0.13,0.88,0.42,2.93,0.00,383
61.788,16.66,0.13,0.85,1.71,2.91,0.27,382
61.805,16.66,0.12,0.83,0.39,2.93,0.00,381
61.821,16.68,0.13,0.83,7.34,2.65,5.85,380
61.838,16.68,0.13,0.86,0.47,2.64,0.00,379
61.855,16.65,0.08,0.46,1.02,2.62,0.14,378
61.871,16.68,0.12,0.66,0.31,2.60,0.00,377
61.888,16.64,0.08,0.49,1.06,2.59,0.17,375
61.905,16.68,0.12,0.66,0.41,2.58,0.00,375
61.921,16.68,0.12,0.85,1.73,2.56,0.29,374
61.938,16.68,0.11,0.86,0.41,2.58,0.00,373
61.955,16.65,0.13,0.96,8.44,2.56,6.85,373
61.971,16.71,0.10,0.66,0.41,2.54,0.00,371
61.988,16.62,0.07,0.46,1.03,2.52,0.15,370
62.005,16.67,0.19,0.48,0.35,2.51,0.00,368
62.021,16.74,0.08,0.46,1.08,2.51,0.14,368
62.038,16.61,0.11,0.66,0.40,2.49,0.00,365
62.055,16.66,0.10,0.64,1.35,2.48,0.20,365
62.071,16.65,0.10,0.65,0.35,2.46,0.00,364
62.088,16.67,0.10,0.63,8.03,2.43,6.53,363
62.105,16.68,0.15,0.90,0.44,2.44,0.00,363
62.121,16.66,0.13,0.85,1.73,2.44,0.27,363
62.138,16.66,0.12,0.86,0.41,2.44,0.00,362
62.155,16.68,0.13,0.84,1.72,2.40,0.27,362
62.171,16.67,0.09,0.65,0.39,2.41,0.00,361
62.188,16.67,0.14,0.88,1.81,2.38,0.27,360
62.205,16.66,0.13,0.87,0.43,2.37,0.00,359
62.221,16.67,0.13,0.85,7.66,2.34,6.14,359
62.238,16.67,0.12,0.88,0.43,2.39,0.00,358
62.255,16.67,0.12,0.82,1.71,2.34,0.27,358
62.271,16.68,0.11,0.66,0.40,2.36,0.00,358
62.288,16.67,0.15,0.70,1.97,2.31,0.43,361
62.305,16.65,0.12,0.42,0.33,2.33,0.00,434
62.321,16.68,0.16,0.70,1.81,2.39,0.27,457
62.338,16.66,0.13,0.70,0.46,2.45,0.00,469
62.355,16.67,0.14,0.70,7.85,2.48,6.30,461
62.371,16.69,0.13,0.73,0.43,2.47,0.00,460
62.388,16.64,0.13,0.70,1.71,2.47,0.27,458
62.405,16.69,0.11,0.70,0.49,2.44,0.00,455
62.421,16.67,0.12,0.69,1.72,2.45,0.26,455
62.438,16.65,0.13,0.67,0.40,2.46,0.00,455
62.455,16.75,0.13,0.67,1.76,2.48,0.27,449
62.471,16.62,0.07,0.42,0.31,2.47,0.00,444
62.488,16.64,0.08,0.38,6.81,2.46,5.72,444
62.505,16.68,0.11,0.54,0.67,2.48,0.00,441
62.521,16.66,0.11,0.54,1.46,2.48,0.20,430
62.538,16.66,0.11,0.54,0.37,2.47,0.00,429
62.555,16.66,0.09,0.51,1.47,2.49,0.20,427
62.571,16.67,0.08,0.51,0.31,2.51,0.00,426
62.588,16.74,0.09,0.53,1.32,2.47,0.20,426
62.605,16.60,0.10,0.52,0.33,2.49,0.00,422
62.621,16.67,0.08,0.51,7.23,2.47,5.75,422
62.638,16.67,0.10,0.53,0.36,2.50,0.00,421
62.655,16.66,0.09,0.51,1.41,2.52,0.20,418
62.671,16.67,0.09,0.52,0.33,2.54,0.00,418
62.688,16.66,0.08,0.52,1.30,2.49,0.20,416
62.705,16.67,0.08,0.51,0.31,2.52,0.00,415
62.721,16.67,0.10,0.52,1.44,2.50,0.21,413
62.738,16.74,0.08,0.52,0.33,2.49,0.00,408
62.755,16.59,0.10,0.50,7.12,2.46,5.64,380
62.771,16.67,0.10,0.53,0.35,2.49,0.00,361
62.788,16.74,0.08,0.48,1.27,2.45,0.20,326
62.805,16.59,0.08,0.48,0.30,2.33,0.00,326
62.821,16.67,0.08,0.49,1.29,2.31,0.20,324
62.838,16.66,0.08,0.55,0.32,2.31,0.00,323
62.855,16.68,0.11,0.64,1.74,2.29,0.27,323
62.871,16.68,0.11,0.66,0.39,2.31,0.00,322
62.888,16.66,0.12,0.63,7.39,2.30,5.89,320
62.905,16.68,0.14,0.66,0.47,2.29,0.00,319
62.921,16.65,0.10,0.50,1.34,2.29,0.20,319
62.938,16.66,0.08,0.49,0.31,2.29,0.00,318
62.955,16.66,0.11,0.70,1.46,2.26,0.35,375
62.971,16.74,0.09,0.72,0.33,3.09,0.00,498
62.988,16.59,0.09,0.71,1.28,3.28,0.20,525
63.005,16.68,0.14,0.97,0.43,3.32,0.00,536
63.021,16.67,0.13,0.96,7.45,3.33,5.94,554
63.038,16.67,0.14,0.99,0.44,3.35,0.00,562
63.055,16.70,0.12,0.94,1.72,3.36,0.28,568
63.071,16.64,0.14,0.98,0.42,3.39,0.00,580
63.088,16.69,0.12,0.95,1.77,3.39,0.27,589
63.105,16.65,0.12,0.96,0.43,3.41,0.00,597
63.121,16.72,0.13,1.00,1.78,3.43,0.28,604
63.138,16.62,0.13,0.97,0.44,3.44,0.00,609
63.155,16.66,0.14,0.98,7.38,3.45,5.87,611
63.171,16.68,0.15,0.98,0.45,3.46,0.00,614
63.188,16.74,0.13,1.00,1.78,3.49,0.27,619
63.205,16.58,0.12,0.99,0.47,3.50,0.00,619
63.221,16.67,0.14,0.97,1.81,3.50,0.27,623
63.238,16.66,0.13,0.99,0.44,3.53,0.00,625
63.255,16.66,0.13,0.97,1.70,3.53,0.28,626
63.271,16.69,0.12,0.95,0.40,3.54,0.00,630
63.288,16.65,0.13,0.96,7.60,3.58,6.07,632
63.305,16.67,0.13,0.98,0.42,3.59,0.00,635
63.321,16.66,0.13,0.98,1.72,3.59,0.28,634
63.338,16.67,0.13,0.97,0.40,3.61,0.00,632
63.355,16.70,0.14,0.99,1.80,3.60,0.28,629
63.371,16.66,0.12,0.96,0.41,3.03,0.00,631
63.388,16.65,0.13,0.95,1.71,3.06,0.28,630
63.405,16.67,0.13,0.98,0.45,3.08,0.00,630
63.421,16.67,0.13,0.95,7.38,3.07,5.86,631
63.438,16.67,0.14,0.99,0.45,3.07,0.00,629
63.455,16.66,0.13,0.97,1.73,3.07,0.28,627
63.471,16.69,0.11,0.95,0.40,3.09,0.00,626
63.488,16.68,0.14,0.97,1.77,3.17,0.28,624
63.505,16.65,0.12,0.97,0.47,3.19,0.00,626
63.521,16.66,0.08,0.52,0.99,3.19,0.14,637
63.538,16.67,0.13,1.01,0.49,3.23,0.00,641
63.555,16.66,0.12,0.96,7.58,3.26,6.08,640
63.571,16.68,0.14,0.98,0.44,3.29,0.00,641
63.588,16.67,0.12,0.94,1.72,3.23,0.27,642
63.605,16.67,0.13,0.90,0.43,3.22,0.00,642
63.621,16.69,0.11,0.88,1.73,3.21,0.27,642
63.638,16.67,0.25,0.98,0.44,3.23,0.00,682
63.655,16.65,0.13,1.03,1.77,3.36,0.28,701
63.671,16.66,0.13,0.98,0.44,3.58,0.00,699
63.688,16.68,0.11,0.99,7.39,3.60,5.87,700
63.705,16.67,0.13,1.02,0.44,3.59,0.00,700
63.721,16.66,0.13,0.98,1.76,3.58,0.28,702
63.738,16.67,0.12,1.00,0.43,3.58,0.00,703
63.755,16.66,0.13,0.99,1.72,3.57,0.28,703
63.771,16.67,0.13,1.00,0.43,3.57,0.00,702
63.788,16.67,0.12,0.99,1.71,3.58,0.28,700
63.805,16.67,0.12,1.00,0.42,3.58,0.00,700
63.821,16.67,0.12,1.00,7.49,3.58,5.96,700
63.838,16.71,0.11,1.02,0.43,3.56,0.00,702
63.855,16.63,0.13,0.99,1.76,3.55,0.28,701
63.871,16.66,0.12,1.00,0.42,3.55,0.00,702
63.888,16.67,0.12,0.98,1.72,3.55,0.28,703
63.905,16.68,0.13,1.03,0.49,3.55,0.00,703
63.921,16.68,0.13,0.98,1.73,3.53,0.28,704
63.938,16.66,0.12,0.97,0.41,3.53,0.00,703
63.955,16.66,0.12,0.98,7.39,3.51,5.86,703
63.972,16.72,0.12,1.01,0.46,3.53,0.00,703
63.988,16.61,0.12,0.97,1.72,3.53,0.27,703
64.005,16.67,0.13,0.99,0.41,3.55,0.00,706
64.021,16.67,0.13,0.99,1.73,3.54,0.27,707
64.038,16.67,0.12,0.98,0.41,3.53,0.00,707
64.055,16.66,0.12,0.98,1.73,3.52,0.28,708
64.072,16.70,0.11,0.99,0.43,3.54,0.00,707
64.088,16.64,0.12,0.99,7.62,3.53,6.10,707
64.105,16.68,0.12,1.01,0.44,3.53,0.00,706
64.121,16.66,0.12,0.96,1.74,3.53,0.28,705
64.138,16.69,0.11,0.98,0.41,3.54,0.00,704
64.155,16.65,0.12,0.98,1.75,3.52,0.28,704
64.171,16.66,0.11,0.98,0.41,3.54,0.00,703
64.188,16.76,0.12,0.99,1.75,3.53,0.28,705
64.205,16.58,0.12,0.98,0.42,3.56,0.00,707
64.221,16.67,0.15,0.97,7.46,3.56,5.92,707
64.238,16.67,0.12,1.00,0.46,3.54,0.00,706
64.255,16.66,0.12,0.94,1.72,3.53,0.28,705
64.271,16.67,0.11,0.98,0.42,3.55,0.00,703
64.288,16.69,0.11,0.97,1.71,3.54,0.28,702
64.305,16.73,0.10,0.96,0.44,3.57,0.00,701
64.322,16.60,0.14,0.99,1.81,3.56,0.27,700
64.338,16.66,0.13,0.99,0.47,3.55,0.00,698
64.355,16.67,0.11,0.93,7.56,3.55,6.00,694
64.372,16.68,0.12,0.94,0.48,3.55,0.00,692
64.388,16.64,0.13,0.89,1.76,3.53,0.28,690
64.405,16.69,0.13,0.95,0.51,3.55,0.00,688
64.422,16.69,0.13,0.94,1.84,3.53,0.28,684
64.438,16.65,0.11,0.92,0.46,3.51,0.00,680
64.455,16.66,0.12,0.88,1.71,3.48,0.26,676
64.472,16.68,0.11,0.86,0.39,3.05,0.00,672
64.488,16.66,0.12,0.87,7.34,3.04,5.84,669
64.505,16.72,0.11,0.91,0.44,3.05,0.00,669
64.522,16.64,0.11,0.86,1.75,3.03,0.25,665
64.538,16.74,0.12,0.91,0.52,3.04,0.00,663
64.555,16.58,0.13,0.91,1.77,3.01,0.24,659
64.572,16.68,0.10,0.89,0.43,3.00,0.00,656
64.588,16.66,0.13,0.87,1.69,2.99,0.24,656
64.605,16.67,0.13,0.90,0.45,3.02,0.00,655
64.622,16.68,0.10,0.87,7.47,2.99,5.97,653
64.638,16.66,0.12,0.91,0.45,2.98,0.00,648
64.655,16.81,0.11,0.90,1.74,2.97,0.26,647
64.672,16.51,0.11,0.89,0.41,2.95,0.00,646
64.688,16.67,0.12,0.85,1.69,2.94,0.24,642
64.705,16.67,0.12,0.87,0.40,2.96,0.00,641
64.722,16.70,0.10,0.86,1.68,2.93,0.25,636
64.738,16.64,0.12,0.89,0.44,2.92,0.00,620
64.755,16.68,0.12,0.88,7.35,2.87,5.84,618
64.772,16.66,0.12,0.90,0.42,2.85,0.00,618
64.788,16.66,0.12,0.85,1.68,2.85,0.24,616
64.805,16.67,0.11,0.86,0.40,2.85,0.00,617
64.822,16.67,0.11,0.85,1.67,2.83,0.24,615
64.838,16.66,0.11,0.85,0.39,2.83,0.00,614
64.855,16.67,0.11,0.86,1.71,2.80,0.24,606
64.872,16.67,0.10,0.83,0.38,2.79,0.00,604
64.888,16.66,0.11,0.85,7.42,2.78,5.91,602
64.905,16.69,0.13,0.89,0.46,2.79,0.00,600
64.922,16.66,0.12,0.63,1.74,2.77,0.24,592
64.938,16.68,0.10,0.63,0.41,2.75,0.00,587
64.955,16.65,0.12,0.61,1.68,2.74,0.24,586
64.972,16.69,0.09,0.62,0.40,2.74,0.00,582
64.988,16.68,0.10,0.62,1.70,2.72,0.24,581
65.005,16.64,0.11,0.61,0.39,2.73,0.00,581
65.022,16.67,0.11,0.62,7.33,2.73,5.84,578
65.038,16.68,0.10,0.65,0.44,2.71,0.00,577
65.055,16.67,0.12,0.62,1.71,2.68,0.24,573
65.072,16.65,0.11,0.62,0.39,2.68,0.00,571
65.088,16.67,0.11,0.60,1.70,2.67,0.24,568
65.105,16.67,0.11,0.63,0.42,2.68,0.00,567
65.122,16.66,0.11,0.61,1.67,2.67,0.24,564
65.138,16.67,0.10,0.62,0.40,2.67,0.00,562
65.155,16.67,0.11,0.60,7.42,2.65,5.92,560
65.172,16.67,0.12,0.64,0.43,2.65,0.00,556
65.188,16.76,0.10,0.62,1.70,2.64,0.24,552
65.205,16.58,0.10,0.61,0.41,2.67,0.00,552
65.222,16.67,0.09,0.60,1.69,2.64,0.24,546
65.238,16.66,0.11,0.63,0.40,2.66,0.00,546
65.255,16.66,0.11,0.62,1.68,2.63,0.24,546
65.272,16.68,0.09,0.62,0.41,2.65,0.00,542
65.288,16.67,0.09,0.60,7.30,2.63,5.81,535
65.305,16.66,0.15,0.88,0.43,2.63,0.00,585
65.322,16.66,0.13,0.84,1.82,3.53,0.40,584
65.338,16.69,0.11,0.84,0.39,3.53,0.00,579
65.355,16.65,0.13,0.86,1.71,3.51,0.24,576
65.372,16.68,0.11,0.87,0.40,3.50,0.00,578
65.388,16.70,0.14,0.88,1.77,3.50,0.24,574
65.405,16.63,0.13,0.88,0.42,3.49,0.00,573
65.422,16.68,0.13,0.86,7.44,3.49,5.94,575
65.438,16.67,0.13,0.90,0.41,3.51,0.00,576
65.455,16.66,0.13,0.86,1.68,3.51,0.24,576
65.472,16.68,0.13,0.89,0.44,3.51,0.00,577
65.488,16.68,0.12,0.87,1.67,3.52,0.24,575
65.505,16.65,0.13,0.91,0.42,3.54,0.00,575
65.522,16.66,0.13,0.88,1.68,3.52,0.24,575
65.538,16.68,0.12,0.89,0.39,3.54,0.00,576
65.555,16.65,0.13,0.89,7.33,3.55,5.82,575
65.572,16.70,0.13,0.93,0.51,3.53,0.00,576
65.588,16.66,0.15,0.93,1.80,3.53,0.24,574
65.605,16.67,0.13,0.84,0.43,3.55,0.00,576
65.622,16.66,0.13,0.84,1.70,3.56,0.24,575
65.638,16.66,0.25,0.94,0.43,3.58,0.00,652
65.655,16.68,0.14,0.94,1.73,3.83,0.26,663
65.672,16.68,0.15,0.99,0.47,3.98,0.00,668
65.688,16.66,0.13,0.96,7.52,4.02,6.01,668
65.705,16.67,0.15,0.99,0.43,4.05,0.00,668
65.722,16.66,0.13,0.97,1.70,3.51,0.26,668
65.738,16.69,0.12,0.99,0.43,3.48,0.00,668
65.755,16.67,0.12,1.00,1.74,3.47,0.29,669
65.772,16.67,0.14,0.96,0.44,3.48,0.00,669
65.788,16.65,0.13,0.94,1.70,3.50,0.28,671
65.805,16.67,0.13,0.97,0.38,3.52,0.00,669
65.822,16.69,0.13,0.97,7.39,3.48,5.88,669
65.838,16.65,0.14,0.99,0.46,3.49,0.00,669
65.855,16.67,0.14,0.97,1.75,3.51,0.27,667
65.872,16.67,0.13,0.96,0.44,3.50,0.00,667
65.888,16.67,0.14,0.96,1.73,3.49,0.28,667
65.905,16.67,0.13,0.98,0.42,3.50,0.00,667
65.922,16.67,0.14,0.97,1.75,3.51,0.28,668
65.938,16.69,0.12,0.96,0.41,3.51,0.00,668
65.955,16.64,0.13,0.97,7.51,3.51,5.98,667
65.972,16.69,0.14,0.99,0.46,3.51,0.00,664
65.988,16.68,0.12,0.95,1.74,3.52,0.28,664
66.005,16.64,0.13,0.97,0.41,3.52,0.00,664
66.022,16.66,0.13,0.98,1.71,3.51,0.28,663
66.038,16.68,0.12,0.97,0.41,3.52,0.00,661
66.055,16.66,0.13,0.96,1.70,3.52,0.28,661
66.072,16.67,0.13,0.97,0.40,3.52,0.00,661
66.088,16.67,0.12,0.96,7.32,3.50,5.82,662
66.105,16.68,0.14,1.00,0.43,3.51,0.00,661
66.122,16.66,0.13,0.97,1.72,3.52,0.28,662
66.138,16.67,0.13,0.95,0.41,3.52,0.00,663
66.155,16.75,0.13,0.98,1.78,3.51,0.28,662
66.172,16.67,0.12,0.98,0.62,3.48,0.00,662
66.188,16.59,0.13,0.98,1.74,3.51,0.28,663
66.205,16.68,0.13,0.99,0.41,3.51,0.00,663
66.222,16.64,0.11,0.97,7.50,3.52,5.99,663
66.238,16.67,0.14,1.00,0.46,3.52,0.00,664
66.255,16.68,0.13,0.96,1.73,3.54,0.28,663
66.272,16.66,0.13,0.97,0.42,3.52,0.00,662
66.288,16.67,0.13,0.96,1.73,3.52,0.28,661
66.305,16.67,0.17,1.31,0.42,3.51,0.00,717
66.322,16.68,0.14,1.32,1.89,4.39,0.46,716
66.338,16.67,0.14,1.32,0.40,4.39,0.00,717
66.355,16.68,0.15,1.38,7.42,4.38,5.88,715
66.372,16.65,0.16,1.39,0.45,4.34,0.00,718
66.388,16.67,0.16,1.38,1.76,4.35,0.27,719
66.405,16.67,0.16,1.44,0.46,4.35,0.00,725
66.422,16.67,0.16,1.42,1.76,4.35,0.27,726
66.438,16.66,0.16,1.44,0.41,4.34,0.00,731
66.455,16.67,0.21,1.44,1.70,4.35,0.27,736
66.472,16.68,0.17,1.45,0.47,4.41,0.00,736
66.488,16.66,0.19,1.49,7.55,4.38,6.02,736
66.505,16.67,0.20,1.53,0.51,4.38,0.00,749
66.522,16.68,0.17,1.50,1.83,4.38,0.27,753
66.538,16.65,0.19,1.54,0.49,4.39,0.00,753
66.555,16.66,0.18,1.54,1.75,4.39,0.27,760
66.572,16.66,0.17,1.53,0.42,4.38,0.00,763
66.588,16.67,0.18,1.54,1.72,4.40,0.27,761
66.605,16.75,0.17,1.56,0.46,4.38,0.00,764
66.622,16.59,0.19,1.55,7.50,4.39,5.99,766
66.638,16.68,0.18,1.56,0.42,4.42,0.00,766
66.655,16.66,0.18,1.56,1.73,4.41,0.27,765
66.672,16.67,0.18,1.55,0.44,4.40,0.00,764
66.688,16.68,0.15,1.54,1.72,4.39,0.27,762
66.705,16.67,0.16,1.54,0.42,4.39,0.00,761
66.722,16.65,0.17,1.54,1.70,3.80,0.27,759
66.738,16.66,0.16,1.54,0.41,3.80,0.00,758
66.755,16.68,0.17,1.53,7.58,3.80,6.07,757
66.772,16.66,0.18,1.58,0.44,3.79,0.00,755
66.788,16.67,0.17,1.53,1.71,3.78,0.27,751
66.805,16.66,0.16,1.54,0.42,3.79,0.00,748
66.822,16.69,0.16,1.53,1.74,3.34,0.27,749
66.838,16.65,0.17,1.52,0.41,3.38,0.00,749
66.855,16.69,0.15,1.53,1.72,3.38,0.27,749
66.872,16.65,0.17,1.52,0.45,3.37,0.00,747
66.888,16.66,0.16,1.52,7.39,3.38,5.86,746
66.905,16.68,0.18,1.56,0.43,3.39,0.00,746
66.922,16.72,0.17,1.53,1.75,3.38,0.27,747
66.938,16.63,0.16,1.53,0.42,3.42,0.00,746
66.955,16.67,0.16,1.52,1.74,3.42,0.27,745
66.972,16.67,0.15,1.51,0.41,3.42,0.00,745
66.988,16.64,0.16,1.50,1.70,3.40,0.27,744
67.005,16.70,0.18,1.62,0.51,3.41,0.00,742
67.022,16.67,0.18,1.56,7.69,3.39,6.13,743
67.038,16.68,0.16,1.55,0.49,3.42,0.00,743
67.055,16.62,0.18,1.55,1.82,3.42,0.27,742
67.072,16.68,0.16,1.52,0.51,3.43,0.00,743
67.088,16.67,0.17,1.54,1.80,3.42,0.27,741
67.105,16.66,0.18,1.55,0.48,3.41,0.00,741
67.122,16.67,0.18,1.53,1.82,3.43,0.27,738
67.138,16.69,0.15,1.51,0.48,3.46,0.00,737
67.155,16.65,0.15,1.49,7.50,3.47,5.94,735
67.172,16.67,0.15,1.50,0.49,3.45,0.00,738
67.188,16.66,0.15,1.47,1.78,3.46,0.27,740
67.205,16.68,0.13,1.53,0.51,3.47,0.00,741
67.222,16.67,0.16,1.49,1.83,3.46,0.27,739
67.238,16.66,0.14,1.47,0.53,3.48,0.00,737
67.255,16.65,0.15,1.46,1.76,3.48,0.27,736
67.272,16.69,0.15,1.24,0.54,3.48,0.00,731
67.288,16.72,0.15,1.27,7.71,3.46,6.12,732
67.305,16.62,0.15,1.24,0.51,3.45,0.00,731
67.322,16.67,0.15,1.22,1.81,3.45,0.27,731
67.338,16.66,0.14,1.19,0.46,3.48,0.00,729
67.355,16.69,0.16,1.22,1.82,3.47,0.28,729
67.372,16.73,0.12,1.18,0.52,3.46,0.00,726
67.388,16.61,0.15,1.19,1.82,3.43,0.27,726
67.405,16.63,0.15,1.15,0.50,3.43,0.00,721
67.422,16.71,0.14,1.14,7.62,3.41,6.08,721
67.438,16.68,0.14,1.16,0.52,3.43,0.00,720
67.455,16.65,0.12,1.12,1.80,3.41,0.28,717
67.472,16.64,0.14,1.13,0.53,3.39,0.00,718
67.488,16.69,0.12,1.10,1.80,3.37,0.28,719
67.505,16.65,0.13,1.14,0.53,3.36,0.00,719
67.522,16.71,0.12,1.13,1.88,3.36,0.30,718
67.538,16.63,0.14,1.14,0.51,3.34,0.00,718
67.555,16.75,0.12,1.10,7.82,3.39,6.22,715
67.572,16.59,0.14,1.14,0.50,3.37,0.00,715
67.589,16.75,0.12,1.14,1.87,3.38,0.29,710
67.605,16.62,0.13,0.99,0.57,3.37,0.00,692
67.622,16.63,0.14,0.95,1.84,3.35,0.29,688
67.638,16.67,0.23,1.09,0.46,3.33,0.00,703
67.655,16.65,0.13,1.07,1.74,3.50,0.28,714
67.672,16.67,0.13,1.08,0.47,3.62,0.00,713
67.688,16.66,0.13,1.04,7.41,3.59,5.90,711
67.705,16.68,0.13,1.08,0.46,3.59,0.00,709
67.722,16.66,0.13,1.04,1.73,3.58,0.28,707
67.738,16.67,0.13,1.05,0.43,3.56,0.00,707
67.755,16.67,0.13,1.06,1.73,3.57,0.28,707
67.772,16.68,0.11,1.09,0.46,3.56,0.00,704
67.788,16.67,0.13,1.08,1.74,3.54,0.28,701
67.805,16.66,0.12,1.00,0.47,3.53,0.00,694
67.822,16.68,0.11,0.97,7.56,3.20,5.99,687
67.838,16.66,0.16,1.00,0.50,3.18,0.00,685
67.855,16.66,0.12,0.98,1.77,3.19,0.28,685
67.872,16.68,0.13,0.99,0.49,3.19,0.00,682
67.888,16.66,0.13,0.95,1.78,3.18,0.27,677
67.905,16.67,0.12,0.98,0.43,3.17,0.00,678
67.922,16.67,0.13,1.00,1.83,3.16,0.29,677
67.939,16.68,0.12,1.00,0.50,3.15,0.00,676
67.955,16.69,0.14,1.00,7.56,3.16,5.99,675
67.972,16.67,0.12,1.00,0.51,3.16,0.00,673
67.989,16.67,0.16,0.99,1.82,3.16,0.28,673
68.005,16.66,0.13,0.99,0.53,3.15,0.00,673
68.022,16.66,0.13,0.99,1.81,3.13,0.28,673
68.039,16.69,0.12,0.98,0.49,3.13,0.00,672
68.055,16.62,0.12,0.96,1.74,3.14,0.28,671
68.072,16.67,0.11,0.96,0.41,3.15,0.00,671
68.089,16.68,0.11,0.93,7.54,3.13,6.01,670
68.105,16.66,0.13,0.98,0.43,3.13,0.00,670
68.122,16.67,0.12,0.94,1.76,3.12,0.27,669
68.139,16.66,0.12,0.95,0.41,3.12,0.00,664
68.155,16.67,0.12,0.95,1.70,3.13,0.28,664
68.172,16.67,0.13,0.95,0.42,3.13,0.00,663
68.189,16.75,0.12,0.93,1.73,3.12,0.28,660
68.205,16.58,0.12,0.95,0.39,3.12,0.00,660
68.222,16.66,0.12,0.94,7.31,3.11,5.83,657
68.239,16.68,0.13,0.97,0.44,3.09,0.00,652
68.255,16.69,0.10,0.93,1.70,3.11,0.28,651
68.272,16.64,0.12,0.68,0.41,3.10,0.00,645
68.289,16.69,0.11,0.68,1.73,3.08,0.27,644
68.305,16.65,0.11,0.70,0.41,3.08,0.00,644
68.322,16.67,0.12,0.68,1.70,3.06,0.27,643
68.339,16.67,0.13,0.70,0.42,3.05,0.00,639
68.355,16.68,0.10,0.69,7.49,3.06,5.99,636
68.372,16.65,0.12,0.71,0.44,3.06,0.00,634
68.389,16.67,0.11,0.67,1.72,3.04,0.27,631
68.405,16.67,0.12,0.69,0.40,3.04,0.00,631
68.422,16.67,0.11,0.68,1.76,3.02,0.27,628
68.439,16.66,0.12,0.65,0.40,3.02,0.00,626
68.455,16.67,0.11,0.69,1.71,3.02,0.27,625
68.472,16.69,0.10,0.70,0.40,3.03,0.00,625
68.489,16.70,0.12,0.72,7.42,2.99,5.90,623
68.505,16.62,0.13,0.71,0.44,2.99,0.00,623
68.522,16.66,0.12,0.70,1.76,2.99,0.27,621
68.539,16.67,0.13,0.71,0.46,2.98,0.00,616
68.555,16.67,0.12,0.68,1.75,2.98,0.27,617
68.572,16.68,0.10,0.70,0.40,3.00,0.00,617
68.589,16.65,0.11,0.66,1.73,2.98,0.27,612
68.605,16.67,0.11,0.68,0.40,2.98,0.00,614
68.622,16.66,0.11,0.70,7.48,2.97,5.97,614
68.639,16.67,0.12,0.72,0.44,2.97,0.00,610
68.655,16.67,0.15,0.99,1.94,2.97,0.47,653
68.672,16.67,0.14,1.02,0.48,3.79,0.00,652
68.689,16.66,0.14,0.99,1.73,3.78,0.28,653
68.705,16.66,0.13,1.00,0.42,3.79,0.00,655
68.722,16.67,0.14,0.99,1.71,3.77,0.28,654
68.739,16.67,0.13,0.99,0.41,3.79,0.00,655
68.755,16.67,0.14,1.01,7.43,3.78,5.90,654
68.772,16.67,0.14,1.04,0.44,3.76,0.00,656
68.789,16.68,0.14,1.01,1.72,3.78,0.28,652
68.805,16.66,0.14,1.02,0.41,3.79,0.00,654
68.822,16.68,0.13,1.01,1.68,3.80,0.28,655
68.839,16.67,0.14,1.03,0.41,3.82,0.00,656
68.855,16.66,0.14,1.03,1.74,3.84,0.28,656
68.872,16.66,0.14,1.03,0.45,3.88,0.00,659
68.889,16.67,0.14,1.01,7.48,3.89,5.99,656
68.905,16.68,0.14,1.08,0.45,3.87,0.00,656
68.922,16.67,0.14,1.04,1.74,3.89,0.28,658
68.939,16.68,0.14,1.06,0.42,3.90,0.00,656
68.955,16.65,0.14,1.04,1.72,3.90,0.28,658
68.972,16.69,0.12,1.02,0.42,3.95,0.00,658
68.989,16.64,0.13,1.03,1.70,3.94,0.28,656
69.005,16.66,0.13,1.06,0.42,3.94,0.00,639
69.022,16.68,0.13,1.05,7.39,3.93,5.89,638
69.039,16.69,0.12,1.08,0.44,3.91,0.00,639
69.055,16.73,0.13,1.07,1.76,3.92,0.28,639
69.072,16.61,0.14,1.06,0.43,3.36,0.00,641
69.089,16.66,0.15,1.06,1.77,3.35,0.29,640
69.105,16.66,0.13,1.03,0.43,3.37,0.00,640
69.122,16.71,0.12,1.07,1.76,3.35,0.28,640
69.139,16.64,0.12,1.06,0.43,3.36,0.00,640
69.155,16.68,0.12,1.04,7.51,3.35,5.98,645
69.172,16.65,0.14,1.06,0.46,3.39,0.00,645
69.189,16.68,0.12,1.07,1.74,3.38,0.28,646
69.205,16.66,0.13,1.05,0.43,3.39,0.00,646
69.222,16.67,0.13,1.03,1.70,3.38,0.28,645
69.239,16.67,0.12,1.03,0.41,3.39,0.00,644
69.255,16.67,0.13,1.03,1.70,3.38,0.28,645
69.272,16.67,0.12,1.05,0.39,3.43,0.00,644
69.289,16.67,0.12,1.03,7.35,3.41,5.85,647
69.305,16.69,0.12,1.04,0.45,3.41,0.00,645
69.322,16.65,0.13,1.04,1.74,3.41,0.29,642
69.339,16.66,0.12,1.05,0.42,3.41,0.00,642
69.355,16.70,0.12,1.05,1.73,3.40,0.27,639
69.372,16.67,0.11,1.06,0.45,3.43,0.00,641
69.389,16.68,0.11,1.03,1.73,3.42,0.28,640
69.405,16.64,0.12,1.04,0.42,3.42,0.00,640
69.422,16.67,0.13,1.03,7.49,3.42,5.99,640
69.439,16.67,0.12,1.05,0.44,3.41,0.00,642
69.455,16.67,0.13,1.02,1.75,3.40,0.28,642
69.472,16.66,0.12,1.01,0.42,3.48,0.00,643
69.489,16.67,0.12,1.02,1.71,3.48,0.28,644
69.505,16.67,0.12,1.03,0.39,3.49,0.00,648
69.522,16.68,0.11,1.03,1.71,3.50,0.28,650
69.539,16.65,0.12,1.04,0.44,3.52,0.00,651
69.555,16.70,0.12,1.05,6.91,3.52,5.73,651
69.572,16.65,0.13,1.08,0.49,3.51,0.00,653
69.589,16.66,0.12,1.02,1.75,3.53,0.28,655
69.605,16.75,0.11,0.96,0.45,3.53,0.00,657
69.622,16.59,0.14,0.93,1.74,3.52,0.28,659
69.639,16.68,0.26,1.05,0.46,3.53,0.00,676
69.655,16.66,0.13,1.00,1.75,3.62,0.28,689
69.672,16.66,0.13,1.05,0.50,3.81,0.00,689
69.689,16.67,0.13,1.00,7.60,3.79,6.04,690
69.705,16.67,0.13,1.04,0.48,3.80,0.00,691
69.722,16.67,0.12,1.00,1.76,3.80,0.28,690
69.739,16.67,0.12,1.00,0.44,3.81,0.00,694
69.755,16.67,0.13,1.04,1.75,3.81,0.28,698
69.772,16.67,0.13,1.04,0.42,3.82,0.00,697
69.789,16.66,0.12,1.02,1.70,3.84,0.27,696
69.805,16.67,0.12,1.00,0.45,3.86,0.00,695
69.822,16.67,0.13,1.00,7.46,3.85,5.87,694
69.839,16.67,0.14,1.04,0.51,3.82,0.00,693
69.855,16.67,0.12,0.99,1.76,3.83,0.28,693
69.872,16.66,0.13,1.01,0.47,3.85,0.00,694
69.889,16.68,0.13,1.05,1.76,3.83,0.28,697
69.905,16.66,0.12,0.99,0.45,3.85,0.00,695
69.922,16.67,0.12,0.98,1.75,3.84,0.27,695
69.939,16.68,0.13,1.03,0.51,3.82,0.00,694
69.955,16.65,0.12,1.00,7.52,3.82,5.98,693
69.972,16.69,0.11,1.01,0.47,3.81,0.00,690
69.989,16.65,0.13,1.01,1.80,3.82,0.28,688
70.005,16.67,0.12,0.99,0.46,3.82,0.00,684
70.022,16.66,0.12,0.98,1.72,3.80,0.28,682
70.039,16.67,0.12,0.99,0.38,3.80,0.00,680
70.055,16.67,0.12,0.99,1.72,3.78,0.28,675
70.072,16.66,0.12,0.98,0.40,3.77,0.00,675
70.089,16.67,0.12,0.97,7.33,3.76,5.83,674
70.105,16.68,0.13,1.00,0.45,3.75,0.00,670
70.122,16.66,0.12,0.98,1.77,3.73,0.28,663
70.139,16.68,0.12,0.99,0.44,3.69,0.00,661
70.155,16.65,0.12,0.95,1.71,3.70,0.28,658
70.172,16.68,0.12,0.96,0.39,3.28,0.00,658
70.189,16.76,0.11,0.96,1.73,3.28,0.27,658
70.205,16.60,0.11,0.96,0.42,3.27,0.00,658
70.222,16.67,0.11,0.95,7.44,3.25,5.94,657
70.239,16.64,0.12,0.97,0.45,3.25,0.00,656
70.255,16.67,0.12,0.93,1.71,3.23,0.27,656
70.272,16.67,0.12,0.99,0.46,3.22,0.00,653
70.289,16.67,0.11,0.95,1.73,3.21,0.28,652
70.305,16.67,0.12,0.96,0.41,3.21,0.00,648
70.322,16.68,0.10,0.93,1.73,3.19,0.28,647
70.339,16.67,0.10,0.93,0.40,3.19,0.00,646
70.355,16.65,0.11,0.94,7.30,3.17,5.82,645
70.372,16.70,0.12,0.98,0.45,3.15,0.00,643
70.389,16.66,0.12,0.94,1.77,3.15,0.28,643
70.405,16.65,0.12,0.95,0.40,3.14,0.00,641
70.422,16.67,0.11,0.94,1.72,3.13,0.27,639
70.439,16.67,0.12,0.96,0.43,3.12,0.00,638
70.455,16.67,0.11,0.91,1.71,3.11,0.27,637
70.472,16.67,0.12,0.94,0.39,3.10,0.00,635
70.489,16.66,0.11,0.94,7.42,3.10,5.93,632
70.505,16.67,0.12,0.96,0.42,3.10,0.00,632
70.522,16.67,0.11,0.93,1.74,3.09,0.27,632
70.539,16.69,0.11,0.94,0.43,3.07,0.00,629
70.555,16.64,0.11,0.92,1.71,3.06,0.27,626
70.572,16.68,0.12,0.95,0.44,3.07,0.00,625
70.589,16.66,0.11,0.93,1.72,3.05,0.27,624
70.605,16.66,0.11,0.94,0.39,3.06,0.00,617
70.622,16.67,0.11,0.64,7.41,3.04,5.90,573
70.639,16.68,0.12,0.68,0.44,3.00,0.00,571
70.655,16.65,0.11,0.66,1.72,2.99,0.27,570
70.672,16.67,0.12,0.66,0.45,3.00,0.00,569
70.689,16.67,0.12,0.67,1.79,3.00,0.27,568
70.705,16.69,0.10,0.66,0.41,3.00,0.00,566
70.722,16.64,0.11,0.63,1.72,2.98,0.27,568
70.739,16.68,0.10,0.67,0.43,2.99,0.00,567
70.755,16.65,0.11,0.64,7.45,2.97,5.95,566
70.772,16.68,0.12,0.68,0.43,2.98,0.00,565
70.789,16.66,0.11,0.64,1.74,2.98,0.27,564
70.805,16.67,0.11,0.65,0.41,2.98,0.00,561
70.822,16.70,0.10,0.65,1.72,2.96,0.27,561
70.839,16.64,0.11,0.64,0.40,2.97,0.00,562
70.855,16.67,0.11,0.65,1.70,2.95,0.27,562
70.872,16.68,0.10,0.65,0.40,2.95,0.00,560
70.889,16.68,0.17,0.92,7.63,2.95,6.10,614
70.905,16.65,0.14,0.95,0.48,3.86,0.00,613
70.922,16.66,0.14,0.90,1.71,3.84,0.28,611
70.939,16.68,0.12,0.95,0.46,3.82,0.00,608
70.955,16.66,0.14,0.91,1.74,3.80,0.29,604
70.972,16.71,0.12,0.94,0.46,3.77,0.00,603
70.989,16.66,0.12,0.91,1.72,3.79,0.28,600
71.005,16.64,0.12,0.91,0.43,3.78,0.00,598
71.022,16.68,0.12,0.90,7.45,3.76,5.96,597
71.039,16.67,0.14,0.95,0.44,3.77,0.00,597
71.055,16.66,0.14,0.90,1.71,3.74,0.28,596
71.072,16.67,0.14,0.92,0.38,3.75,0.00,595
71.089,16.67,0.13,0.90,1.71,3.73,0.27,598
71.105,16.68,0.12,0.91,0.39,3.82,0.00,597
71.122,16.65,0.13,0.90,1.70,3.80,0.28,598
71.139,16.67,0.13,0.93,0.44,3.82,0.00,601
71.155,16.68,0.12,0.90,6.90,3.81,5.73,602
71.172,16.66,0.13,0.96,0.46,3.83,0.00,602
71.189,16.67,0.13,0.91,1.75,3.82,0.27,606
71.205,16.69,0.12,0.95,0.44,3.82,0.00,605
71.222,16.64,0.13,0.93,1.74,3.82,0.28,606
71.239,16.68,0.11,0.93,0.41,3.83,0.00,605
71.255,16.66,0.12,0.91,1.72,3.81,0.28,605
71.272,16.67,0.12,0.91,0.38,3.83,0.00,606
71.289,16.66,0.12,0.91,7.41,3.81,5.90,606
71.305,16.68,0.13,0.95,0.44,3.27,0.00,608
71.322,16.68,0.11,0.90,1.72,3.26,0.27,608
71.339,16.64,0.12,0.93,0.40,3.27,0.00,607
71.355,16.67,0.12,0.92,1.70,3.26,0.27,606
71.372,16.68,0.11,0.93,0.42,3.27,0.00,606
71.389,16.66,0.13,0.92,1.73,3.27,0.28,606
71.405,16.67,0.12,0.91,0.42,3.30,0.00,605
71.422,16.67,0.12,0.91,7.38,3.29,5.88,604
71.439,16.67,0.13,0.95,0.46,3.29,0.00,605
71.455,16.67,0.12,0.91,1.71,3.30,0.28,606
71.472,16.66,0.11,0.94,0.39,3.30,0.00,607
71.489,16.67,0.12,0.90,1.71,3.30,0.26,608
71.505,16.68,0.11,0.95,0.49,3.34,0.00,608
71.522,16.70,0.12,0.95,1.79,3.32,0.28,610
71.539,16.62,0.12,0.94,0.44,3.33,0.00,609
71.555,16.67,0.12,0.90,7.45,3.34,5.93,609
71.572,16.67,0.12,0.95,0.44,3.34,0.00,605
71.589,16.66,0.12,0.90,1.72,3.34,0.27,604
71.605,16.67,0.12,0.86,0.41,3.38,0.00,604
71.622,16.67,0.12,0.84,1.70,3.36,0.27,603
71.639,16.67,0.25,0.93,0.44,3.36,0.00,619
71.655,16.66,0.12,0.90,1.71,3.51,0.27,626
71.672,16.67,0.12,0.93,0.38,3.59,0.00,625
71.689,16.67,0.14,0.93,8.10,3.58,6.59,624
71.705,16.68,0.13,0.94,0.43,3.61,0.00,625
71.722,16.66,0.13,0.91,1.72,3.60,0.27,626
71.739,16.69,0.11,0.94,0.46,3.60,0.00,626
71.755,16.65,0.13,0.91,1.75,3.58,0.27,624
71.772,16.70,0.11,0.92,0.43,3.58,0.00,624
71.789,16.66,0.15,0.93,1.75,3.57,0.28,624
71.805,16.64,0.12,0.91,0.41,3.59,0.00,624
71.822,16.67,0.13,0.91,7.50,3.58,5.98,627
71.839,16.68,0.13,0.94,0.42,3.58,0.00,629
71.855,16.65,0.12,0.90,1.72,3.56,0.28,629
71.872,16.67,0.12,0.91,0.39,3.56,0.00,631
71.889,16.67,0.14,0.92,1.74,3.55,0.27,630
71.905,16.67,0.13,0.91,0.40,3.56,0.00,629
71.922,16.66,0.12,0.90,1.70,3.54,0.27,629
71.939,16.69,0.13,0.93,0.43,3.53,0.00,628
71.956,16.68,0.13,0.90,7.37,3.51,5.85,628
71.972,16.66,0.14,0.95,0.46,3.48,0.00,631
71.989,16.66,0.13,0.91,1.71,3.47,0.27,632
72.006,16.67,0.13,0.91,0.41,3.48,0.00,633
72.022,16.68,0.13,0.95,1.83,3.49,0.27,633
72.039,16.67,0.16,0.93,0.46,3.46,0.00,633
72.056,16.65,0.13,0.93,1.76,3.46,0.27,631
72.072,16.67,0.13,0.92,0.46,3.44,0.00,630
72.089,16.66,0.13,0.92,7.49,3.42,5.97,630
72.106,16.70,0.14,1.16,0.50,3.42,0.00,689
72.122,16.64,0.16,1.15,1.99,4.34,0.45,692
72.139,16.68,0.15,1.16,0.48,4.34,0.00,692
72.156,16.64,0.15,1.13,1.75,4.32,0.27,691
72.172,16.69,0.14,1.13,0.45,4.32,0.00,689
72.189,16.75,0.14,1.16,1.80,4.30,0.27,689
72.206,16.57,0.16,1.16,0.50,4.31,0.00,688
72.222,16.67,0.15,1.14,7.42,4.28,5.84,688
72.239,16.66,0.15,1.16,0.49,4.30,0.00,688
72.256,16.67,0.15,1.14,1.75,4.30,0.27,685
72.272,16.67,0.14,1.14,0.47,4.30,0.00,684
72.289,16.66,0.14,1.13,1.70,4.29,0.26,681
72.306,16.67,0.15,1.15,0.44,4.31,0.00,684
72.322,16.71,0.13,1.14,1.76,4.38,0.27,683
72.339,16.64,0.14,1.14,0.40,4.38,0.00,681
72.356,16.69,0.13,1.14,7.41,4.37,5.90,670
72.372,16.64,0.15,1.16,0.44,4.36,0.00,663
72.389,16.68,0.14,1.13,1.74,4.36,0.25,659
72.406,16.66,0.14,1.13,0.41,3.98,0.00,659
72.422,16.70,0.13,1.10,1.72,3.97,0.28,656
72.439,16.65,0.15,1.14,0.45,3.96,0.00,656
72.456,16.66,0.14,1.11,1.72,3.96,0.28,657
72.472,16.66,0.14,1.11,0.41,3.96,0.00,658
72.489,16.67,0.13,1.10,7.30,3.94,5.82,658
72.506,16.67,0.15,1.14,0.43,3.93,0.00,661
72.522,16.69,0.17,1.14,1.78,3.82,0.27,659
72.539,16.64,0.14,1.13,0.45,3.36,0.00,660
72.556,16.67,0.13,1.10,1.71,3.36,0.28,662
72.572,16.67,0.14,1.12,0.44,3.36,0.00,663
72.589,16.67,0.14,1.10,1.72,3.35,0.28,664
72.606,16.67,0.14,1.11,0.40,3.34,0.00,664
72.622,16.66,0.13,1.10,7.54,3.36,6.02,665
72.639,16.68,0.13,1.12,0.48,3.34,0.00,664
72.656,16.66,0.15,1.09,1.74,3.31,0.28,664
72.672,16.66,0.13,1.11,0.39,3.33,0.00,665
72.689,16.67,0.14,1.11,1.74,3.28,0.27,666
72.706,16.67,0.14,1.10,0.43,3.29,0.00,666
72.722,16.66,0.14,1.09,1.70,3.28,0.28,666
72.739,16.67,0.14,1.11,0.41,3.29,0.00,667
72.756,16.67,0.14,1.09,7.35,3.27,5.85,670
72.772,16.70,0.14,1.13,0.48,3.26,0.00,669
72.789,16.64,0.15,1.11,1.75,3.24,0.28,668
72.806,16.66,0.14,1.10,0.42,3.26,0.00,668
72.822,16.70,0.12,1.10,1.76,3.26,0.27,666
72.839,16.68,0.16,1.13,0.50,3.25,0.00,662
72.856,16.63,0.15,0.89,1.81,3.23,0.27,640
72.872,16.67,0.13,0.87,0.40,3.22,0.00,641
72.889,16.66,0.13,0.86,7.58,3.22,6.07,641
72.906,16.74,0.13,0.90,0.45,3.21,0.00,642
72.922,16.64,0.12,0.86,1.73,3.23,0.27,642
72.939,16.78,0.13,0.90,0.46,3.24,0.00,640
72.956,16.51,0.09,0.65,1.28,3.21,0.20,640
72.972,16.74,0.09,0.65,0.32,3.21,0.00,642
72.989,16.60,0.09,0.66,1.28,3.20,0.20,642
73.006,16.67,0.13,0.86,0.39,3.19,0.00,642
73.022,16.68,0.13,0.85,7.35,3.23,5.85,642
73.039,16.68,0.12,0.90,0.42,3.23,0.00,640
73.056,16.65,0.13,0.85,1.73,3.21,0.27,641
73.072,16.66,0.13,0.87,0.40,3.21,0.00,642
73.089,16.67,0.13,0.86,1.70,3.19,0.26,642
73.106,16.67,0.13,0.86,0.40,3.21,0.00,641
73.122,16.66,0.13,0.88,1.76,3.21,0.27,641
73.139,16.71,0.12,0.91,0.50,3.22,0.00,641
73.156,16.66,0.14,0.88,7.52,3.20,6.01,641
73.172,16.64,0.13,0.90,0.45,3.22,0.00,642
73.189,16.73,0.12,0.87,1.73,3.20,0.28,641
73.206,16.58,0.10,0.66,0.33,3.20,0.00,640
73.222,16.67,0.10,0.75,2.00,3.20,0.58,646
73.239,16.69,0.11,0.93,0.44,3.22,0.00,648
73.256,16.65,0.13,0.90,1.70,3.23,0.26,651
73.272,16.68,0.12,0.91,0.42,3.25,0.00,653
73.289,16.66,0.14,0.91,7.38,3.25,5.88,653
73.306,16.67,0.14,0.95,0.46,3.27,0.00,649
73.322,16.66,0.13,0.91,1.71,3.29,0.26,649
73.339,16.76,0.12,0.95,0.43,3.33,0.00,651
73.356,16.60,0.12,0.93,1.73,3.33,0.28,653
73.372,16.64,0.12,0.93,0.42,3.33,0.00,653
73.389,16.69,0.12,0.93,1.75,3.33,0.28,653
73.406,16.66,0.13,0.95,0.43,3.31,0.00,652
73.422,16.66,0.13,0.91,7.45,3.32,5.95,654
73.439,16.68,0.13,0.95,0.46,3.37,0.00,655
73.456,16.66,0.13,0.93,1.76,3.36,0.27,656
73.472,16.69,0.11,0.92,0.41,3.37,0.00,657
73.489,16.65,0.13,0.95,1.75,3.35,0.27,658
73.506,16.66,0.13,0.94,0.40,3.37,0.00,654
73.522,16.69,0.12,0.94,1.71,3.36,0.28,656
73.539,16.65,0.12,0.95,0.40,3.40,0.00,652
73.556,16.67,0.13,0.94,7.36,3.39,5.86,646
73.572,16.68,0.13,0.97,0.46,3.38,0.00,638
73.589,16.66,0.12,0.92,1.72,3.36,0.27,630
73.606,16.67,0.12,0.88,0.41,3.37,0.00,623
73.622,16.68,0.13,0.87,1.71,3.07,0.28,620
73.639,16.67,0.26,0.99,0.47,3.11,0.00,636
73.656,16.67,0.14,1.00,1.76,3.19,0.28,642
73.672,16.66,0.12,0.99,0.42,3.28,0.00,642
73.689,16.67,0.13,0.97,7.54,3.27,6.04,641
73.706,16.67,0.13,1.01,0.42,3.28,0.00,642
73.722,16.66,0.13,0.99,1.73,3.27,0.28,640
73.739,16.68,0.13,0.99,0.44,3.30,0.00,641
73.756,16.67,0.13,0.97,1.73,3.29,0.28,641
73.772,16.67,0.12,0.98,0.41,3.27,0.00,641
73.789,16.68,0.11,0.97,1.70,3.25,0.28,639
73.806,16.66,0.12,0.98,0.40,3.25,0.00,640
73.822,16.68,0.11,0.96,7.34,3.23,5.85,638
73.839,16.66,0.13,0.99,0.44,3.24,0.00,638
73.856,16.67,0.13,0.97,1.71,3.24,0.28,641
73.872,16.67,0.13,0.98,0.40,3.24,0.00,641
73.889,16.67,0.11,0.97,1.69,3.23,0.28,642
73.906,16.67,0.14,1.01,0.45,3.23,0.00,641
73.922,16.68,0.11,1.00,1.73,3.23,0.28,641
73.939,16.65,0.12,0.97,0.42,3.27,0.00,640
73.956,16.67,0.12,0.99,7.42,3.25,5.91,640
73.972,16.68,0.13,1.02,0.45,3.26,0.00,639
73.989,16.68,0.11,0.98,1.73,3.26,0.28,638
74.006,16.65,0.12,0.98,0.41,3.26,0.00,636
74.022,16.70,0.12,0.98,1.71,3.25,0.28,631
74.039,16.65,0.11,0.98,0.41,3.29,0.00,631
74.056,16.68,0.11,0.99,1.72,3.28,0.28,627
74.072,16.65,0.13,0.82,0.43,3.28,0.00,621
74.089,16.68,0.12,0.80,7.33,3.27,5.85,622
74.106,16.64,0.12,0.83,0.43,3.28,0.00,620
74.122,16.67,0.13,0.78,1.72,3.29,0.27,620
74.139,16.67,0.12,0.80,0.40,3.31,0.00,621
74.156,16.66,0.12,0.81,1.74,3.31,0.27,621
74.172,16.68,0.12,0.81,0.44,3.31,0.00,625
74.189,16.75,0.12,0.81,1.73,3.32,0.28,621
74.206,16.58,0.12,0.81,0.42,3.30,0.00,620
74.222,16.69,0.11,0.79,7.44,3.31,5.95,623
74.239,16.64,0.14,0.82,0.43,3.32,0.00,625
74.256,16.67,0.13,0.78,1.71,3.34,0.27,626
74.272,16.66,0.12,0.81,0.40,3.36,0.00,630
74.289,16.67,0.12,0.80,1.71,3.35,0.27,631
74.306,16.76,0.11,0.80,0.41,3.35,0.00,632
74.322,16.58,0.12,0.80,1.72,3.35,0.27,632
74.339,16.67,0.13,0.81,0.38,3.36,0.00,634
74.356,16.67,0.13,0.79,7.33,3.38,5.84,637
74.372,16.68,0.13,0.85,0.47,3.37,0.00,639
74.389,16.66,0.13,0.81,1.75,3.36,0.27,639
74.406,16.66,0.12,0.83,0.45,3.37,0.00,644
74.422,16.67,0.12,0.79,1.69,3.37,0.27,644
74.439,16.67,0.16,1.13,0.43,3.37,0.00,701
74.456,16.66,0.15,1.13,1.94,4.20,0.47,702
74.472,16.67,0.14,1.14,0.42,4.21,0.00,699
74.489,16.67,0.14,1.14,7.46,4.20,5.94,699
74.506,16.67,0.13,1.18,0.47,4.20,0.00,701
74.522,16.66,0.14,1.13,1.73,4.18,0.28,700
74.539,16.67,0.15,1.13,0.46,4.19,0.00,695
74.556,16.66,0.14,1.11,1.78,4.16,0.28,695
74.572,16.75,0.11,0.90,0.41,4.17,0.00,696
74.589,16.60,0.16,1.20,1.78,4.16,0.27,696
74.606,16.67,0.13,1.14,0.48,4.20,0.00,690
74.622,16.68,0.13,1.13,7.42,4.19,5.88,689
74.639,16.71,0.16,1.16,0.53,4.20,0.00,683
74.656,16.61,0.15,1.15,1.76,4.23,0.28,677
74.672,16.66,0.14,1.15,0.44,4.23,0.00,670
74.689,16.67,0.14,1.13,1.71,4.21,0.28,665
74.706,16.68,0.14,1.14,0.45,4.20,0.00,654
74.722,16.66,0.14,1.13,1.70,4.18,0.28,648
74.739,16.66,0.14,1.13,0.42,3.83,0.00,647
74.756,16.67,0.14,1.12,7.45,3.85,5.93,649
74.772,16.67,0.15,1.16,0.44,3.86,0.00,650
74.789,16.68,0.14,1.10,1.73,3.85,0.28,651
74.806,16.65,0.14,1.12,0.41,3.87,0.00,651
74.822,16.67,0.14,1.13,1.72,3.86,0.28,652
74.839,16.74,0.12,1.15,0.46,3.88,0.00,651
74.856,16.59,0.13,1.13,1.71,3.32,0.28,651
74.872,16.67,0.13,1.14,0.39,3.34,0.00,650
74.889,16.67,0.13,1.13,7.39,3.33,5.88,651
74.906,16.67,0.14,1.16,0.45,3.33,0.00,651
74.922,16.67,0.13,1.14,1.72,3.34,0.28,651
74.939,16.68,0.14,1.15,0.44,3.34,0.00,653
74.956,16.65,0.13,1.15,1.75,3.38,0.28,656
74.972,16.68,0.13,1.14,0.41,3.39,0.00,656
74.989,16.66,0.14,1.14,1.73,3.37,0.27,655
75.006,16.67,0.13,1.14,0.42,3.40,0.00,654
75.022,16.66,0.13,1.12,7.46,3.40,5.96,653
75.039,16.68,0.15,1.17,0.43,3.41,0.00,655
75.056,16.68,0.14,1.12,1.73,3.45,0.28,656
75.072,16.66,0.13,1.12,0.39,3.45,0.00,657
75.089,16.67,0.13,1.12,1.70,3.47,0.28,657
75.106,16.68,0.11,1.13,0.41,3.48,0.00,655
75.122,16.67,0.11,1.12,1.70,3.48,0.27,653
75.139,16.65,0.13,1.13,0.41,3.49,0.00,653
75.156,16.67,0.14,1.13,7.46,3.51,5.95,654
75.172,16.68,0.13,1.16,0.46,3.51,0.00,653
75.189,16.74,0.12,1.04,1.71,3.52,0.28,653
75.206,16.59,0.13,1.07,0.44,3.53,0.00,654
75.222,16.66,0.13,1.03,1.71,3.52,0.28,654
75.239,16.67,0.13,1.04,0.44,3.55,0.00,654
75.256,16.66,0.13,1.04,1.70,3.63,0.28,655
75.272,16.67,0.12,1.05,0.41,3.65,0.00,659
75.289,16.66,0.13,1.05,7.45,3.65,5.94,663
75.306,16.68,0.13,1.09,0.44,3.69,0.00,664
75.322,16.66,0.13,1.07,1.72,3.70,0.28,664
75.339,16.67,0.13,1.06,0.41,3.71,0.00,663
75.356,16.69,0.12,1.17,2.09,3.72,0.64,674
75.372,16.64,0.12,1.11,0.41,3.67,0.00,674
75.389,16.70,0.11,1.09,1.70,3.67,0.28,675
75.406,16.65,0.13,1.15,0.49,3.67,0.00,682
75.422,16.66,0.13,1.11,7.42,3.69,5.87,685
75.439,16.66,0.13,1.14,0.47,3.72,0.00,684
75.456,16.67,0.14,1.10,1.80,3.71,0.28,686
75.472,16.67,0.12,1.11,0.45,3.75,0.00,685
75.489,16.66,0.11,1.09,1.75,3.75,0.27,684
75.506,16.73,0.12,1.16,0.54,3.74,0.00,684
75.522,16.60,0.13,1.11,1.79,3.72,0.28,686
75.539,16.69,0.11,1.10,0.47,3.74,0.00,689
75.556,16.65,0.14,1.11,7.52,3.72,5.94,692
75.572,16.67,0.13,1.14,0.49,3.76,0.00,692
75.589,16.66,0.12,1.12,1.79,3.73,0.27,691
75.606,16.69,0.13,1.04,0.49,3.74,0.00,690
75.622,16.64,0.12,1.04,1.77,3.73,0.28,690
75.639,16.67,0.25,1.15,0.42,3.75,0.00,709
75.656,16.72,0.13,1.14,1.75,3.91,0.28,712
75.672,16.61,0.13,1.16,0.46,4.00,0.00,711
75.689,16.67,0.13,1.17,7.56,3.97,6.00,711
75.706,16.66,0.13,1.17,0.47,3.95,0.00,709
75.722,16.68,0.13,1.12,1.72,3.95,0.28,709
75.739,16.66,0.12,1.13,0.41,3.95,0.00,709
75.756,16.67,0.13,1.13,1.73,3.93,0.28,709
75.772,16.66,0.12,1.14,0.40,3.95,0.00,710
75.789,16.69,0.11,1.12,1.71,3.94,0.28,712
75.806,16.66,0.12,1.11,0.41,3.94,0.00,711
75.822,16.66,0.13,1.11,7.51,3.92,5.97,708
75.839,16.68,0.13,1.17,0.47,3.92,0.00,708
75.856,16.66,0.14,1.13,1.71,3.90,0.27,700
75.872,16.67,0.13,1.12,0.41,3.91,0.00,698
75.889,16.67,0.13,1.11,1.72,3.89,0.28,700
75.906,16.67,0.13,1.14,0.45,3.89,0.00,701
75.923,16.69,0.12,1.12,1.72,3.87,0.28,700
75.939,16.65,0.11,1.11,0.40,3.87,0.00,696
75.956,16.66,0.13,1.07,7.50,3.45,5.92,695
75.973,16.69,0.14,1.10,0.49,3.46,0.00,695
75.989,16.65,0.13,1.07,1.79,3.46,0.28,693
76.006,16.66,0.13,1.07,0.46,3.46,0.00,692
76.023,16.67,0.13,1.07,1.74,3.44,0.28,691
76.039,16.67,0.13,1.07,0.44,3.43,0.00,691
76.056,16.67,0.16,1.40,2.46,3.42,1.01,744
76.073,16.68,0.16,1.45,0.50,4.32,0.00,744
76.089,16.66,0.15,1.41,7.48,4.31,5.99,743
76.106,16.70,0.16,1.45,0.46,4.31,0.00,741
76.123,16.63,0.15,1.41,1.75,4.29,0.26,738
76.139,16.67,0.16,1.41,0.42,4.29,0.00,738
76.156,16.68,0.16,1.43,1.84,4.27,0.27,734
76.173,16.69,0.15,1.44,0.44,4.25,0.00,734
76.189,16.65,0.13,1.40,1.71,4.27,0.27,733
76.206,16.68,0.16,1.41,0.43,4.26,0.00,732
76.223,16.64,0.14,1.38,7.45,4.25,5.92,730
76.239,16.66,0.16,1.43,0.44,4.23,0.00,729
76.256,16.67,0.15,1.42,1.71,4.21,0.27,724
76.273,16.67,0.15,1.41,0.41,4.24,0.00,722
76.289,16.67,0.15,1.38,1.73,4.22,0.27,716
76.306,16.67,0.15,1.38,0.42,4.22,0.00,709
76.323,16.67,0.15,1.39,1.71,4.20,0.27,703
76.339,16.77,0.14,1.37,0.45,4.18,0.00,694
76.356,16.57,0.15,1.35,7.42,4.16,5.92,671
76.373,16.68,0.16,1.35,0.44,4.25,0.00,651
76.389,16.73,0.14,1.38,1.77,4.22,0.27,628
76.406,16.59,0.15,1.06,0.45,4.17,0.00,606
76.423,16.66,0.15,1.05,1.74,4.11,0.28,601
76.439,16.68,0.15,1.06,0.48,4.09,0.00,545
76.456,16.67,0.15,1.01,1.71,4.02,0.26,394
76.473,16.66,0.15,1.02,0.41,3.17,0.00,395
76.489,16.68,0.14,1.01,7.39,3.17,5.90,395
76.506,16.66,0.15,1.04,0.44,3.17,0.00,395
76.523,16.67,0.15,1.02,1.74,3.16,0.28,395
76.539,16.67,0.14,1.02,0.41,3.15,0.00,395
76.556,16.66,0.14,1.00,1.68,3.15,0.28,393
76.573,16.67,0.14,1.02,0.40,3.14,0.00,394
76.589,16.67,0.14,1.00,1.69,3.16,0.28,394
76.606,16.67,0.15,0.99,0.40,3.16,0.00,394
76.623,16.67,0.15,1.02,7.51,3.15,5.99,394
76.639,16.67,0.14,1.04,0.44,3.14,0.00,394
76.656,16.67,0.15,1.00,1.76,3.14,0.28,391
76.673,16.67,0.14,1.02,0.42,3.12,0.00,392
76.689,16.67,0.15,1.02,1.77,3.15,0.28,392
76.706,16.68,0.14,1.02,0.45,3.15,0.00,390
76.723,16.65,0.14,1.01,1.74,3.12,0.28,388
76.739,16.67,0.15,1.02,0.43,3.13,0.00,385
76.756,16.66,0.14,1.00,7.33,3.11,5.83,382
76.773,16.67,0.15,1.03,0.44,3.10,0.00,382
76.789,16.65,0.15,1.00,1.73,3.11,0.28,382
76.806,16.69,0.13,1.00,0.42,3.12,0.00,382
76.823,16.67,0.15,0.99,1.74,3.11,0.28,382
76.839,16.65,0.14,0.98,0.43,3.12,0.00,382
76.856,16.67,0.14,0.96,1.71,3.11,0.28,380
76.873,16.67,0.13,0.97,0.41,2.83,0.00,380
76.889,16.69,0.12,0.96,7.39,2.85,5.91,379
76.906,16.64,0.14,1.02,0.49,2.85,0.00,377
76.923,16.70,0.14,0.97,1.79,2.86,0.28,375
76.939,16.64,0.14,0.98,0.44,2.84,0.00,375
76.956,16.67,0.13,0.95,1.76,2.85,0.28,373
76.973,16.66,0.14,0.97,0.42,2.86,0.00,373
76.989,16.68,0.12,0.94,1.72,2.87,0.28,373
77.006,16.65,0.13,0.97,0.40,2.88,0.00,373
77.023,16.67,0.13,0.96,7.37,2.87,5.87,371
77.039,16.67,0.14,1.00,0.45,2.88,0.00,371
77.056,16.67,0.12,0.95,1.72,2.87,0.28,371
77.073,16.69,0.12,0.97,0.43,2.88,0.00,371
77.089,16.65,0.14,0.96,1.73,2.91,0.28,371
77.106,16.67,0.15,0.99,0.42,2.91,0.00,371
77.123,16.66,0.13,0.96,1.71,2.90,0.28,370
77.139,16.67,0.13,0.95,0.38,2.91,0.00,370
77.156,16.67,0.13,0.95,7.44,2.91,5.95,370
77.173,16.67,0.14,0.99,0.43,2.90,0.00,369
77.189,16.76,0.12,0.97,1.71,2.92,0.28,369
77.206,16.68,0.12,0.95,0.41,2.92,0.00,368
77.223,16.56,0.14,0.96,1.72,2.89,0.28,368
77.239,16.66,0.14,0.96,0.42,2.91,0.00,368
77.256,16.66,0.13,0.94,1.71,2.90,0.28,367
77.273,16.67,0.13,0.96,0.39,2.89,0.00,367
77.289,16.68,0.12,0.94,7.35,2.89,5.87,367
77.306,16.66,0.14,0.98,0.44,2.90,0.00,367
77.323,16.67,0.14,0.90,1.72,2.88,0.27,367
77.339,16.67,0.13,0.91,0.39,2.88,0.00,367
77.356,16.68,0.12,0.90,1.69,2.88,0.27,366
77.373,16.67,0.12,0.91,0.39,2.88,0.00,365
77.389,16.66,0.13,0.90,1.70,2.90,0.27,365
77.406,16.70,0.12,0.92,0.41,2.90,0.00,365
77.423,16.65,0.12,0.91,7.46,2.87,5.95,365
77.439,16.69,0.12,0.94,0.45,2.87,0.00,365
77.456,16.63,0.14,0.94,1.77,2.86,0.27,365
77.473,16.67,0.12,0.92,0.41,2.86,0.00,363
77.489,16.67,0.14,0.91,1.72,2.88,0.28,362
77.506,16.66,0.11,0.90,0.38,2.87,0.00,362
77.523,16.67,0.14,0.89,1.70,2.87,0.28,362
77.539,16.66,0.12,0.91,0.41,2.86,0.00,362
77.556,16.68,0.14,0.88,7.38,2.85,5.89,359
77.573,16.66,0.14,0.89,0.44,2.53,0.00,357
77.589,16.67,0.13,0.85,1.71,2.52,0.27,357
77.606,16.66,0.12,0.80,0.39,2.52,0.00,355
77.623,16.67,0.13,0.79,1.71,2.54,0.27,355
77.639,16.67,0.25,0.90,0.40,2.52,0.00,370
77.656,16.67,0.13,0.89,1.71,2.59,0.27,381
77.673,16.67,0.14,0.91,0.40,2.75,0.00,379
77.689,16.67,0.13,0.92,7.54,2.73,6.08,382
77.706,16.67,0.13,0.96,0.45,2.76,0.00,463
77.723,16.67,0.13,0.92,1.74,2.82,0.27,489
77.739,16.68,0.14,0.95,0.46,2.86,0.00,505
77.756,16.66,0.12,0.95,1.78,2.88,0.27,493
77.773,16.68,0.13,0.96,0.44,2.87,0.00,491
77.789,16.66,0.18,0.95,1.74,2.87,0.28,487
77.806,16.66,0.13,0.95,0.43,2.90,0.00,486
77.823,16.67,0.13,0.93,7.30,2.88,5.82,485
77.839,16.68,0.12,0.97,0.45,2.88,0.00,485
77.856,16.66,0.13,0.93,1.71,2.86,0.27,478
77.873,16.67,0.12,0.95,0.41,2.86,0.00,476
77.889,16.68,0.12,0.93,1.70,2.85,0.28,480
77.906,16.68,0.11,0.94,0.41,2.87,0.00,479
77.923,16.68,0.12,0.95,1.75,2.85,0.28,466
77.939,16.66,0.11,0.92,0.38,2.86,0.00,466
77.956,16.64,0.13,0.94,7.48,2.85,5.99,463
77.973,16.68,0.12,0.98,0.43,2.84,0.00,462
77.989,16.75,0.12,0.94,1.71,2.83,0.28,461
78.006,16.57,0.13,0.95,0.39,2.86,0.00,456
78.023,16.67,0.13,0.71,1.70,2.85,0.27,454
78.039,16.67,0.13,0.73,0.40,2.85,0.00,452
78.056,16.67,0.12,0.71,1.69,2.84,0.27,452
78.073,16.67,0.13,0.72,0.38,2.85,0.00,446
78.089,16.66,0.12,0.72,7.32,2.83,5.85,441
78.106,16.68,0.15,0.76,0.46,2.84,0.00,440
78.123,16.66,0.13,0.72,1.73,2.83,0.27,435
78.139,16.67,0.13,0.72,0.42,2.80,0.00,429
78.156,16.66,0.13,0.71,1.71,2.80,0.27,416
78.173,16.68,0.12,0.73,0.44,2.80,0.00,390
78.189,16.72,0.12,0.68,1.70,2.75,0.27,351
78.206,16.60,0.12,0.70,0.39,2.64,0.00,351
78.223,16.69,0.12,0.71,7.73,2.62,6.19,351
78.239,16.66,0.12,0.72,0.47,2.62,0.00,351
78.256,16.70,0.12,0.68,1.80,2.58,0.27,351
78.273,16.64,0.14,0.71,0.47,2.58,0.00,350
78.289,16.70,0.14,0.71,1.82,2.58,0.27,349
78.306,16.65,0.14,0.71,0.47,2.59,0.00,347
78.323,16.65,0.13,0.71,1.82,2.58,0.27,345
78.339,16.68,0.12,0.69,0.48,2.58,0.00,345
78.356,16.69,0.15,0.72,7.49,2.56,5.96,345
78.373,16.66,0.13,0.70,0.45,2.57,0.00,344
78.389,16.65,0.14,0.69,1.77,2.55,0.27,343
78.406,16.66,0.13,0.72,0.45,2.56,0.00,343
78.423,16.68,0.13,0.70,1.80,2.56,0.27,343
78.439,16.67,0.13,0.69,0.44,2.56,0.00,343
78.456,16.67,0.13,0.71,1.78,2.55,0.27,343
78.473,16.67,0.12,0.71,0.51,2.55,0.00,343
78.489,16.67,0.14,0.71,7.52,2.53,5.99,341
78.506,16.67,0.14,0.72,0.42,2.56,0.00,341
78.523,16.67,0.12,0.72,1.81,2.54,0.27,340
78.539,16.69,0.12,0.69,0.47,2.54,0.00,340
78.556,16.67,0.14,0.71,1.79,2.53,0.28,340
78.573,16.64,0.12,0.70,0.44,2.54,0.00,340
78.589,16.68,0.17,1.03,2.01,2.52,0.48,395
78.606,16.66,0.16,1.03,0.48,3.32,0.00,524
78.623,16.65,0.08,0.72,7.54,3.52,6.00,549
78.639,16.73,0.16,1.04,0.49,3.57,0.00,567
78.656,16.62,0.19,1.08,1.87,3.59,0.28,574
78.673,16.69,0.14,1.04,0.51,3.61,0.00,587
78.689,16.64,0.16,1.06,1.81,3.62,0.28,597
78.706,16.74,0.16,1.07,0.48,3.67,0.00,600
78.723,16.60,0.17,1.08,1.81,3.65,0.28,608
78.739,16.67,0.15,1.07,0.49,3.68,0.00,614
78.756,16.68,0.14,1.08,7.72,3.71,6.15,620
78.773,16.68,0.15,1.13,0.53,3.75,0.00,630
78.789,16.69,0.15,1.13,1.80,3.77,0.28,636
78.806,16.63,0.16,1.09,0.50,3.81,0.00,643
78.823,16.67,0.17,1.11,1.79,3.85,0.28,648
78.839,16.72,0.16,1.13,0.56,3.87,0.00,649
78.856,16.62,0.15,1.10,1.80,3.89,0.28,653
78.873,16.66,0.15,1.10,0.49,3.89,0.00,658
78.889,16.67,0.16,1.08,7.54,3.91,5.99,663
78.906,16.67,0.16,1.13,0.46,3.92,0.00,665
78.923,16.68,0.16,1.12,1.85,3.97,0.28,672
78.940,16.72,0.13,1.12,0.50,3.97,0.00,676
78.956,16.60,0.15,1.11,1.78,3.97,0.28,676
78.973,16.67,0.14,1.11,0.49,3.98,0.00,677
78.989,16.68,0.16,1.12,1.84,3.98,0.29,677
79.006,16.65,0.15,1.11,0.47,3.41,0.00,679
79.023,16.67,0.15,1.06,7.53,3.45,6.02,681
79.039,16.66,0.14,1.10,0.44,3.46,0.00,682
79.056,16.67,0.13,1.10,1.76,3.46,0.28,681
79.073,16.66,0.14,1.08,0.47,3.46,0.00,683
79.089,16.67,0.14,1.07,1.74,3.45,0.28,679
79.106,16.67,0.14,1.07,0.41,3.46,0.00,682
79.123,16.68,0.12,1.07,1.75,3.55,0.28,683
79.139,16.67,0.14,1.09,0.46,3.55,0.00,686
79.156,16.66,0.14,1.11,7.35,3.55,5.86,697
79.173,16.68,0.13,1.18,0.48,3.58,0.00,701
79.189,16.65,0.11,0.84,1.32,3.59,0.20,699
79.206,16.67,0.11,0.85,0.33,3.60,0.00,699
79.223,16.67,0.10,0.83,1.54,3.58,0.20,700
79.239,16.68,0.13,1.13,0.45,3.59,0.00,702
79.256,16.66,0.13,1.12,1.72,3.60,0.28,702
79.273,16.67,0.13,1.12,0.41,3.61,0.00,701
79.289,16.66,0.13,1.11,7.44,3.60,5.94,701
79.306,16.75,0.14,1.29,0.45,3.60,0.00,708
79.323,16.59,0.13,1.17,2.12,3.62,0.64,708
79.339,16.68,0.13,1.17,0.42,3.65,0.00,710
79.356,16.66,0.13,1.16,1.72,3.64,0.28,712
79.373,16.67,0.14,1.20,0.42,3.68,0.00,712
79.389,16.68,0.14,1.21,1.81,3.67,0.27,711
79.406,16.66,0.14,1.20,0.43,3.69,0.00,712
79.423,16.67,0.12,1.18,7.44,3.72,5.91,712
79.439,16.67,0.15,1.21,0.46,3.73,0.00,712
79.456,16.65,0.13,1.17,1.72,3.73,0.27,711
79.473,16.68,0.14,1.18,0.45,3.75,0.00,712
79.489,16.68,0.12,1.16,1.73,3.73,0.28,712
79.506,16.65,0.13,1.19,0.42,3.75,0.00,713
79.523,16.67,0.13,1.17,1.73,3.78,0.28,713
79.539,16.68,0.11,1.20,0.41,3.79,0.00,711
79.556,16.65,0.12,1.16,7.51,3.77,5.98,712
79.573,16.67,0.12,1.20,0.48,3.78,0.00,709
79.589,16.66,0.07,0.70,1.81,3.78,0.27,710
79.606,16.68,0.13,1.10,0.46,3.80,0.00,711
79.623,16.69,0.11,1.09,1.72,3.84,0.28,712
79.639,16.64,0.26,1.14,0.43,3.84,0.00,731
79.656,16.67,0.13,1.14,1.73,3.97,0.28,741
79.673,16.67,0.13,1.16,0.41,4.11,0.00,739
79.689,16.67,0.13,1.14,7.48,4.09,5.95,739
79.706,16.67,0.15,1.17,0.46,4.12,0.00,738
79.723,16.68,0.14,1.13,1.76,4.13,0.28,738
79.739,16.65,0.13,1.16,0.47,4.14,0.00,739
79.756,16.68,0.13,1.12,1.74,4.13,0.28,739
79.773,16.67,0.13,1.15,0.43,4.15,0.00,739
79.790,16.67,0.13,1.12,1.74,4.12,0.28,739
79.806,16.67,0.13,1.13,0.41,4.14,0.00,738
79.823,16.67,0.13,1.12,7.45,4.13,5.94,737
79.840,16.68,0.14,1.14,0.44,4.16,0.00,737
79.856,16.65,0.13,1.11,1.71,4.14,0.28,736
79.873,16.67,0.14,1.14,0.48,4.15,0.00,733
79.890,16.72,0.13,1.11,1.75,4.13,0.27,733
79.906,16.62,0.13,1.13,0.46,4.13,0.00,732
79.923,16.68,0.14,1.10,1.75,4.13,0.28,732
79.940,16.66,0.14,1.14,0.46,4.13,0.00,730
79.956,16.66,0.14,1.11,7.38,4.13,5.86,730
79.973,16.71,0.12,1.13,0.47,4.13,0.00,729
79.990,16.65,0.19,1.10,1.74,4.12,0.29,729
80.006,16.65,0.13,1.12,0.42,4.10,0.00,728
80.023,16.67,0.13,1.09,1.73,4.10,0.28,727
80.040,16.68,0.11,1.11,0.41,4.09,0.00,727
80.056,16.71,0.12,1.08,1.70,4.08,0.28,726
80.073,16.62,0.13,1.10,0.41,4.08,0.00,724
80.090,16.67,0.14,1.07,7.43,4.06,5.94,723
80.106,16.68,0.12,1.10,0.42,3.60,0.00,721
80.123,16.68,0.13,1.09,1.77,3.58,0.27,721
80.140,16.66,0.12,1.07,0.42,3.59,0.00,721
80.156,16.67,0.13,1.08,1.73,3.56,0.28,720
80.173,16.67,0.12,1.09,0.45,3.55,0.00,720
80.190,16.66,0.14,1.07,1.75,3.52,0.27,720
80.206,16.67,0.13,1.06,0.41,3.51,0.00,719
80.223,16.67,0.14,1.06,7.36,3.50,5.82,719
80.240,16.68,0.15,1.08,0.45,3.50,0.00,719
80.256,16.66,0.13,1.05,1.68,3.49,0.25,718
80.273,16.66,0.12,1.06,0.41,3.49,0.00,717
80.290,16.67,0.13,1.05,1.68,3.46,0.25,715
80.306,16.67,0.12,1.04,0.41,3.46,0.00,715
80.323,16.66,0.13,1.04,1.70,3.44,0.25,713
80.340,16.68,0.13,1.06,0.40,3.46,0.00,712
80.356,16.66,0.13,1.04,7.40,3.42,5.91,712
80.373,16.67,0.13,1.07,0.44,3.42,0.00,712
80.390,16.70,0.12,1.03,1.70,3.41,0.25,712
80.406,16.64,0.13,1.05,0.43,3.39,0.00,709
80.423,16.66,0.13,1.03,1.69,3.38,0.25,707
80.440,16.67,0.13,1.05,0.44,3.38,0.00,705
80.456,16.67,0.12,1.03,1.71,3.37,0.25,705
80.473,16.66,0.13,1.04,0.42,3.37,0.00,704
80.490,16.69,0.12,1.02,7.32,3.35,5.83,700
80.506,16.66,0.13,1.04,0.49,3.34,0.00,694
80.523,16.66,0.13,1.00,1.76,3.32,0.25,689
80.540,16.68,0.12,0.97,0.45,3.34,0.00,684
80.556,16.66,0.13,0.74,1.68,3.32,0.24,655
80.573,16.67,0.13,0.75,0.39,3.29,0.00,639
80.590,16.67,0.12,0.73,1.68,3.25,0.24,635
80.606,16.67,0.12,0.75,0.39,3.24,0.00,636
80.623,16.67,0.15,0.92,7.86,3.22,6.32,694
80.640,16.67,0.15,0.94,0.48,4.15,0.00,688
80.656,16.66,0.14,0.90,1.73,4.14,0.24,684
80.673,16.67,0.14,0.91,0.40,4.13,0.00,679
80.690,16.67,0.14,0.90,1.71,4.10,0.24,673
80.706,16.67,0.14,0.90,0.40,4.10,0.00,668
80.723,16.67,0.16,0.93,1.75,4.07,0.25,666
80.740,16.67,0.14,0.94,0.45,4.15,0.00,661
80.756,16.66,0.14,0.92,7.34,4.13,5.83,653
80.773,16.66,0.14,0.94,0.43,4.11,0.00,662
80.790,16.68,0.14,0.92,1.71,4.10,0.23,651
80.806,16.66,0.14,0.89,0.41,4.09,0.00,643
80.823,16.67,0.14,0.90,1.66,3.77,0.22,636
80.840,16.67,0.14,0.92,0.40,3.74,0.00,629
80.856,16.68,0.13,0.89,1.68,3.70,0.24,623
80.873,16.66,0.13,0.89,0.40,3.67,0.00,610
80.890,16.66,0.13,0.88,7.41,3.65,5.91,595
80.906,16.68,0.14,0.91,0.44,3.60,0.00,581
80.923,16.66,0.13,0.90,1.70,3.56,0.24,569
80.940,16.70,0.15,0.91,0.44,3.55,0.00,554
80.956,16.63,0.13,0.89,1.98,3.54,0.24,539
80.973,16.69,0.13,0.92,0.50,3.50,0.00,529
80.990,16.65,0.14,0.89,1.69,3.45,0.24,512
81.006,16.66,0.13,0.88,0.39,3.42,0.00,481
81.023,16.66,0.13,0.87,7.29,3.37,5.81,374
81.040,16.72,0.12,0.90,0.46,2.59,0.00,375
81.056,16.62,0.13,0.86,1.66,2.62,0.24,374
81.073,16.67,0.14,0.88,0.38,2.61,0.00,373
81.090,16.66,0.13,0.86,1.66,2.57,0.24,373
81.106,16.67,0.13,0.86,0.39,2.59,0.00,373
81.123,16.68,0.13,0.86,1.67,2.58,0.24,372
81.140,16.67,0.12,0.87,0.42,2.55,0.00,373
81.156,16.67,0.13,0.85,7.46,2.58,5.96,373
81.173,16.67,0.14,0.90,0.42,2.58,0.00,371
81.190,16.69,0.12,0.89,1.72,2.57,0.24,370
81.206,16.67,0.13,0.88,0.41,2.57,0.00,370
81.223,16.66,0.13,0.86,1.71,2.57,0.24,369
81.240,16.65,0.13,0.87,0.39,2.55,0.00,367
81.256,16.67,0.13,0.86,1.68,2.58,0.24,365
81.273,16.67,0.13,0.82,0.39,2.60,0.00,365
81.290,16.67,0.13,0.81,7.29,2.57,5.81,365
81.306,16.67,0.14,0.84,0.42,2.58,0.00,365
81.323,16.67,0.13,0.81,1.68,2.57,0.24,365
81.340,16.66,0.14,0.83,0.38,2.59,0.00,363
81.356,16.69,0.12,0.81,1.67,2.59,0.24,363
81.373,16.64,0.13,0.82,0.40,2.62,0.00,362
81.390,16.68,0.12,0.81,1.71,2.60,0.24,362
81.406,16.67,0.13,0.82,0.41,2.60,0.00,360
81.423,16.68,0.12,0.81,7.40,2.59,5.91,360
81.440,16.65,0.14,0.84,0.46,2.59,0.00,359
81.456,16.69,0.13,0.80,1.68,2.62,0.24,358
81.473,16.65,0.13,0.90,0.42,2.64,0.00,358
81.490,16.68,0.17,0.83,1.71,2.62,0.24,358
81.506,16.65,0.14,0.82,0.40,2.62,0.00,358
81.523,16.67,0.12,0.80,1.68,2.62,0.24,358
81.540,16.67,0.13,0.80,0.40,2.64,0.00,357
81.556,16.66,0.13,0.80,7.28,2.66,5.81,356
81.573,16.67,0.14,0.83,0.43,2.66,0.00,356
81.590,16.67,0.13,0.80,1.69,2.66,0.24,355
81.606,16.76,0.12,0.76,0.40,2.64,0.00,354
81.623,16.58,0.12,0.75,1.69,2.66,0.24,354
81.640,16.68,0.26,0.84,0.43,2.67,0.00,368
81.656,16.65,0.13,0.83,1.67,2.78,0.24,377
81.673,16.67,0.13,0.83,0.41,2.91,0.00,377
81.690,16.67,0.14,0.84,8.18,2.88,6.68,377
81.706,16.67,0.14,0.85,0.42,2.89,0.00,374
81.723,16.67,0.13,0.82,1.70,2.88,0.26,374
81.740,16.67,0.13,0.86,0.40,2.88,0.00,372
81.756,16.67,0.13,0.85,1.73,2.86,0.24,372
81.773,16.67,0.13,0.84,0.39,2.88,0.00,371
81.790,16.65,0.13,0.85,1.71,2.86,0.26,369
81.806,16.68,0.12,0.83,0.39,2.88,0.00,368
81.823,16.67,0.13,0.83,7.32,2.85,5.84,368
81.840,16.67,0.14,0.85,0.42,2.85,0.00,367
81.856,16.66,0.13,0.82,1.73,2.83,0.27,366
81.873,16.67,0.13,0.84,0.38,2.87,0.00,366
81.890,16.68,0.12,0.82,1.70,2.84,0.26,366
81.906,16.71,0.11,0.90,0.45,2.85,0.00,363
81.923,16.63,0.12,0.87,1.82,2.82,0.29,363
81.940,16.68,0.12,0.90,0.44,2.81,0.00,361
81.956,16.64,0.19,0.89,7.75,2.80,6.13,361
81.973,16.69,0.13,0.86,0.47,2.82,0.00,361
81.990,16.66,0.14,0.88,1.79,2.80,0.27,361
82.006,16.66,0.13,0.83,0.39,2.82,0.00,360
82.023,16.67,0.13,0.84,1.71,2.80,0.27,358
82.040,16.70,0.11,0.86,0.43,2.81,0.00,356
82.056,16.63,0.14,0.86,1.75,2.79,0.27,356
82.073,16.69,0.12,0.86,0.50,2.82,0.00,356
82.090,16.66,0.13,0.86,7.49,2.80,5.92,356
82.106,16.67,0.12,0.87,0.42,2.81,0.00,348
82.123,16.69,0.11,0.79,1.71,2.79,0.27,347
82.140,16.72,0.11,0.82,0.40,2.53,0.00,346
82.156,16.58,0.14,0.82,1.88,2.54,0.43,351
82.173,16.68,0.13,0.87,0.47,2.55,0.00,400
82.190,16.67,0.13,0.83,1.74,2.60,0.27,416
82.206,16.66,0.13,0.85,0.41,2.61,0.00,424
82.223,16.67,0.12,0.83,7.46,2.63,5.96,416
82.240,16.67,0.14,0.87,0.43,2.61,0.00,414
82.256,16.66,0.14,0.85,1.72,2.59,0.27,413
82.273,16.67,0.13,0.83,0.39,2.62,0.00,411
82.290,16.66,0.12,0.83,1.70,2.61,0.26,409
82.306,16.68,0.11,0.82,0.39,2.60,0.00,407
82.323,16.66,0.12,0.84,1.70,2.63,0.27,407
82.340,16.74,0.12,0.87,0.44,2.65,0.00,406
82.356,16.58,0.13,0.84,7.33,2.63,5.85,403
82.373,16.68,0.13,0.87,0.42,2.64,0.00,402
82.390,16.65,0.13,0.82,1.72,2.65,0.27,401
82.406,16.68,0.13,0.85,0.40,2.66,0.00,401
82.423,16.67,0.12,0.83,1.69,2.65,0.27,394
82.440,16.67,0.11,0.84,0.41,2.66,0.00,392
82.456,16.66,0.13,0.83,1.69,2.63,0.27,385
82.473,16.67,0.12,0.83,0.39,2.68,0.00,384
82.490,16.70,0.16,0.85,7.45,2.67,5.95,384
82.506,16.63,0.13,0.86,0.42,2.68,0.00,384
82.523,16.69,0.11,0.82,1.72,2.67,0.27,383
82.540,16.65,0.13,0.83,0.40,2.67,0.00,383
82.556,16.67,0.16,1.07,1.90,2.67,0.46,420
82.573,16.67,0.15,1.09,0.40,3.45,0.00,498
82.590,16.68,0.13,0.89,1.72,3.60,0.28,520
82.606,16.67,0.14,0.95,0.52,3.63,0.00,527
82.623,16.66,0.16,0.94,7.43,3.63,5.89,529
82.640,16.70,0.13,0.95,0.44,3.63,0.00,538
82.656,16.63,0.14,0.90,1.71,3.63,0.27,540
82.673,16.66,0.14,0.93,0.41,3.64,0.00,550
82.690,16.67,0.14,0.92,1.72,3.65,0.27,559
82.706,16.67,0.14,0.94,0.39,3.67,0.00,605
82.723,16.67,0.14,0.91,1.68,3.72,0.26,613
82.740,16.67,0.14,0.94,0.42,3.74,0.00,621
82.757,16.76,0.13,0.94,7.47,3.75,5.96,627
82.773,16.58,0.15,0.96,0.46,3.75,0.00,633
82.790,16.66,0.14,0.96,1.77,3.74,0.28,639
82.806,16.69,0.14,0.93,0.44,3.77,0.00,642
82.823,16.65,0.14,0.93,1.71,3.77,0.28,646
82.840,16.69,0.12,0.95,0.41,3.78,0.00,646
82.856,16.64,0.13,0.92,1.73,3.78,0.28,649
82.873,16.68,0.13,0.94,0.45,3.82,0.00,649
82.890,16.66,0.14,0.91,7.41,3.80,5.90,650
82.906,16.67,0.13,0.95,0.43,3.80,0.00,654
82.923,16.66,0.13,0.92,1.73,3.80,0.27,654
82.940,16.69,0.13,0.96,0.43,3.81,0.00,655
82.956,16.64,0.14,0.95,1.74,3.80,0.28,656
82.973,16.70,0.12,0.94,0.41,3.26,0.00,657
82.990,16.65,0.14,0.93,1.74,3.25,0.28,656
83.006,16.66,0.13,0.93,0.42,3.25,0.00,654
83.023,16.66,0.13,0.93,7.50,3.24,5.99,654
83.040,16.67,0.13,0.97,0.44,3.24,0.00,651
83.056,16.67,0.13,0.95,1.76,3.24,0.27,651
83.073,16.66,0.14,0.98,0.45,3.23,0.00,653
83.090,16.67,0.14,0.95,1.80,3.27,0.28,654
83.106,16.67,0.12,0.93,0.42,3.28,0.00,652
83.123,16.67,0.12,0.93,1.71,3.26,0.28,651
83.140,16.67,0.13,0.95,0.40,3.28,0.00,652
83.156,16.67,0.12,0.93,7.32,3.27,5.83,653
83.173,16.68,0.14,0.98,0.47,3.28,0.00,654
83.190,16.66,0.13,0.94,1.74,3.30,0.27,655
83.206,16.66,0.14,0.95,0.44,3.29,0.00,655
83.223,16.67,0.12,0.93,1.72,3.31,0.27,655
83.240,16.72,0.12,0.96,0.45,3.32,0.00,655
83.256,16.61,0.13,0.96,1.75,3.31,0.28,653
83.273,16.67,0.13,0.94,0.43,3.32,0.00,653
83.290,16.69,0.12,0.94,7.54,3.34,6.02,652
83.306,16.65,0.13,0.97,0.47,3.34,0.00,654
83.323,16.66,0.13,0.93,1.72,3.34,0.28,655
83.340,16.67,0.13,0.96,0.44,3.34,0.00,652
83.357,16.80,0.12,0.96,1.76,3.35,0.28,650
83.373,16.52,0.12,0.94,0.41,3.35,0.00,650
83.390,16.68,0.13,0.93,1.73,3.37,0.27,649
83.406,16.67,0.13,0.95,0.41,3.38,0.00,649
83.423,16.69,0.12,0.93,7.31,3.36,5.82,650
83.440,16.65,0.12,0.97,0.45,3.36,0.00,649
83.456,16.66,0.13,0.94,1.74,3.34,0.28,648
83.473,16.67,0.12,0.94,0.43,3.35,0.00,648
83.490,16.67,0.13,1.00,1.78,3.36,0.27,649
83.506,16.66,0.12,0.95,0.42,3.37,0.00,649
83.523,16.67,0.12,0.91,1.74,3.35,0.27,649
83.540,16.67,0.14,0.93,0.41,3.36,0.00,648
83.556,16.66,0.13,0.93,7.45,3.33,5.95,647
83.573,16.67,0.20,1.10,0.44,3.33,0.00,654
83.590,16.70,0.13,1.02,2.21,3.32,0.65,655
83.607,16.65,0.13,0.97,0.51,3.32,0.00,657
83.623,16.69,0.12,0.93,1.73,3.33,0.28,657
83.640,16.64,0.26,1.03,0.44,3.34,0.00,674
83.657,16.67,0.14,1.01,1.76,3.42,0.28,687
83.673,16.67,0.14,1.01,0.45,3.59,0.00,685
83.690,16.68,0.13,1.04,7.60,3.59,6.04,684
83.707,16.66,0.14,1.06,0.50,3.57,0.00,685
83.723,16.66,0.13,1.02,1.77,3.56,0.28,686
83.740,16.68,0.14,1.04,0.51,3.58,0.00,684
83.757,16.66,0.13,1.02,1.77,3.57,0.28,685
83.773,16.68,0.14,1.06,0.44,3.58,0.00,682
83.790,16.67,0.12,1.02,1.72,3.58,0.27,682
83.807,16.66,0.13,1.02,0.40,3.59,0.00,681
83.823,16.67,0.13,1.02,7.51,3.58,5.99,681
83.840,16.67,0.13,1.06,0.44,3.58,0.00,679
83.857,16.68,0.12,1.01,1.74,3.58,0.27,676
83.873,16.67,0.12,1.04,0.43,3.60,0.00,677
83.890,16.68,0.12,1.03,1.71,3.61,0.28,676
83.907,16.64,0.14,1.05,0.42,3.61,0.00,677
83.923,16.70,0.11,1.02,1.70,3.62,0.28,676
83.940,16.65,0.12,1.03,0.40,3.66,0.00,675
83.957,16.65,0.13,1.02,7.35,3.63,5.85,677
83.973,16.69,0.14,1.07,0.45,3.64,0.00,675
83.990,16.66,0.12,1.05,1.77,3.67,0.28,674
84.007,16.65,0.13,1.03,0.43,3.68,0.00,675
84.023,16.69,0.11,1.01,1.72,3.68,0.28,676
84.040,16.65,0.12,1.01,0.42,3.68,0.00,676
84.057,16.70,0.12,0.98,1.73,3.68,0.28,674
84.073,16.65,0.13,1.01,0.41,3.43,0.00,672
84.090,16.67,0.13,1.02,7.46,3.44,5.95,673
84.107,16.67,0.13,1.05,0.48,3.46,0.00,673
84.123,16.66,0.12,0.99,1.74,3.46,0.28,670
84.140,16.68,0.12,1.00,0.41,3.45,0.00,671
84.157,16.66,0.13,1.00,1.70,3.43,0.28,671
84.173,16.67,0.12,1.01,0.40,3.44,0.00,671
84.190,16.67,0.11,0.99,1.69,3.44,0.28,670
84.207,16.67,0.12,1.03,0.44,3.45,0.00,670
84.223,16.66,0.12,1.01,7.36,3.43,5.86,670
84.240,16.69,0.13,1.03,0.46,3.43,0.00,670
84.257,16.65,0.13,1.05,1.72,3.43,0.26,669
84.273,16.67,0.12,1.03,0.44,3.42,0.00,665
84.290,16.66,0.13,0.98,1.70,3.42,0.25,665
84.307,16.76,0.11,1.00,0.41,3.44,0.00,665
84.323,16.58,0.12,1.00,1.70,3.43,0.25,662
84.340,16.67,0.12,0.98,0.42,3.44,0.00,660
84.357,16.68,0.11,0.98,7.43,3.41,5.93,659
84.373,16.68,0.14,1.03,0.41,3.42,0.00,656
84.390,16.73,0.12,0.98,1.66,3.40,0.24,655
84.407,16.58,0.12,1.01,0.46,3.42,0.00,655
84.423,16.67,0.13,0.98,1.69,3.40,0.24,654
84.440,16.66,0.12,0.99,0.41,3.41,0.00,651
84.457,16.68,0.13,0.99,1.72,3.40,0.24,649
84.473,16.66,0.12,1.00,0.41,3.39,0.00,648
84.490,16.69,0.13,0.99,7.35,3.37,5.83,647
84.507,16.66,0.13,1.01,0.43,3.38,0.00,644
84.523,16.69,0.11,0.80,1.71,3.37,0.24,643
84.540,16.65,0.13,0.80,0.39,3.36,0.00,643
84.557,16.67,0.12,0.78,1.68,3.35,0.24,644
84.573,16.69,0.11,0.78,0.40,3.34,0.00,644
84.590,16.65,0.12,0.80,1.71,3.32,0.24,645
84.607,16.66,0.09,0.60,0.40,3.31,0.00,647
84.623,16.70,0.13,0.80,7.50,3.31,5.97,648
84.640,16.64,0.13,0.78,0.41,3.30,0.00,651
84.657,16.68,0.13,0.80,1.73,3.29,0.24,653
84.673,16.66,0.13,0.80,0.44,3.29,0.00,655
84.690,16.68,0.15,1.00,1.88,3.27,0.41,711
84.707,16.69,0.13,1.00,0.44,4.19,0.00,713
84.723,16.62,0.15,1.00,1.70,4.16,0.25,712
84.740,16.68,0.14,1.02,0.45,4.15,0.00,710
84.757,16.66,0.14,0.99,7.38,4.13,5.87,708
84.773,16.67,0.15,1.01,0.46,4.12,0.00,710
84.790,16.67,0.14,0.97,1.70,4.12,0.25,709
84.807,16.67,0.14,1.01,0.43,4.16,0.00,709
84.823,16.66,0.14,0.98,1.72,4.14,0.26,711
84.840,16.70,0.13,0.98,0.42,4.16,0.00,719
84.857,16.64,0.14,0.98,1.67,4.16,0.24,715
84.873,16.66,0.13,1.00,0.41,4.16,0.00,715
84.890,16.69,0.12,0.98,7.45,4.14,5.93,713
84.907,16.66,0.14,1.02,0.44,4.13,0.00,711
84.923,16.71,0.13,1.01,1.72,4.13,0.25,712
84.940,16.65,0.13,1.00,0.43,4.12,0.00,709
84.957,16.64,0.14,0.98,1.74,4.11,0.25,705
84.973,16.70,0.13,1.01,0.41,4.10,0.00,703
84.990,16.63,0.14,1.00,1.72,4.11,0.24,698
85.007,16.67,0.14,0.95,0.44,4.10,0.00,694
85.023,16.67,0.13,0.94,7.35,4.08,5.81,692
85.040,16.67,0.14,0.98,0.49,4.08,0.00,688
85.057,16.70,0.12,0.93,1.74,4.05,0.25,684
85.073,16.63,0.13,0.94,0.39,4.05,0.00,679
85.090,16.67,0.13,0.93,1.68,3.70,0.24,676
85.107,16.67,0.14,0.95,0.47,3.11,0.00,675
85.123,16.67,0.14,0.95,1.72,3.09,0.24,671
85.140,16.69,0.11,0.93,0.41,3.09,0.00,668
85.157,16.65,0.13,0.95,7.50,3.07,5.97,667
85.173,16.67,0.13,0.96,0.45,3.07,0.00,666
85.190,16.66,0.13,0.91,1.71,3.09,0.24,664
85.207,16.71,0.14,0.95,0.44,3.09,0.00,659
85.223,16.65,0.12,0.94,1.75,3.06,0.25,656
85.240,16.66,0.14,0.97,0.47,3.06,0.00,654
85.257,16.66,0.13,0.94,1.71,3.04,0.24,651
85.273,16.67,0.12,0.94,0.45,3.05,0.00,651
85.290,16.68,0.12,0.92,7.38,3.06,5.88,647
85.307,16.65,0.13,0.94,0.40,3.06,0.00,645
85.323,16.67,0.13,0.90,1.67,3.04,0.24,644
85.340,16.67,0.12,0.91,0.40,3.04,0.00,639
85.357,16.68,0.11,0.91,1.67,3.03,0.24,638
85.373,16.66,0.13,0.93,0.41,3.03,0.00,638
85.390,16.69,0.11,0.91,1.67,3.04,0.25,634
85.407,16.64,0.12,0.92,0.40,3.04,0.00,633
85.423,16.67,0.12,0.91,7.39,3.02,5.90,629
85.440,16.68,0.12,0.94,0.43,3.02,0.00,627
85.457,16.66,0.14,0.92,1.71,2.99,0.24,627
85.473,16.66,0.12,0.91,0.41,3.02,0.00,625
85.490,16.68,0.13,0.91,1.71,3.01,0.24,623
85.507,16.67,0.13,0.92,0.40,3.01,0.00,619
85.523,16.66,0.12,0.91,1.69,2.99,0.24,619
85.540,16.68,0.12,0.84,0.41,2.99,0.00,610
85.557,16.67,0.13,0.83,7.34,2.98,5.85,612
85.573,16.67,0.13,0.86,0.45,2.99,0.00,611
85.590,16.66,0.12,0.83,1.67,2.99,0.24,611
85.607,16.67,0.12,0.79,0.40,2.99,0.00,609
85.623,16.68,0.13,0.77,1.69,2.98,0.24,609
85.640,16.66,0.24,0.88,0.42,2.98,0.00,663
85.657,16.67,0.13,0.88,1.68,3.20,0.24,670
85.673,16.67,0.13,0.89,0.40,3.33,0.00,670
85.690,16.67,0.13,0.88,7.41,3.32,5.93,671
85.707,16.67,0.12,0.93,0.46,3.31,0.00,671
85.723,16.68,0.12,0.87,1.72,3.29,0.27,673
85.740,16.65,0.13,0.89,0.41,3.30,0.00,673
85.757,16.66,0.14,0.90,1.76,3.27,0.27,674
85.773,16.68,0.13,0.90,0.42,3.30,0.00,672
85.790,16.68,0.11,0.89,1.71,3.29,0.27,672
85.807,16.65,0.12,0.90,0.39,3.30,0.00,673
85.823,16.67,0.13,0.87,7.27,3.28,5.80,673
85.840,16.68,0.13,0.92,0.43,3.28,0.00,673
85.857,16.66,0.14,0.87,1.71,3.27,0.27,673
85.873,16.67,0.12,0.89,0.39,3.30,0.00,671
85.890,16.66,0.14,0.90,1.74,3.29,0.27,666
85.907,16.66,0.12,0.88,0.41,3.27,0.00,665
85.923,16.72,0.13,0.91,1.76,3.25,0.28,665
85.940,16.62,0.13,0.90,0.41,3.25,0.00,664
85.957,16.69,0.12,0.92,7.44,3.26,5.92,661
85.973,16.66,0.14,0.92,0.46,3.25,0.00,661
85.990,16.67,0.17,0.91,1.77,3.25,0.28,658
86.007,16.65,0.13,0.90,0.42,3.23,0.00,657
86.023,16.66,0.12,0.88,1.73,3.23,0.27,657
86.040,16.68,0.13,0.90,0.43,3.23,0.00,658
86.057,16.67,0.13,0.88,1.73,3.23,0.27,655
86.073,16.66,0.12,0.88,0.40,3.24,0.00,655
86.090,16.67,0.12,0.89,7.36,3.23,5.86,656
86.107,16.67,0.13,0.93,0.41,3.21,0.00,653
86.123,16.66,0.13,0.90,1.73,3.20,0.27,652
86.140,16.66,0.12,0.90,0.40,3.21,0.00,650
86.157,16.76,0.12,0.94,1.78,3.22,0.28,646
86.173,16.58,0.12,0.92,0.45,3.19,0.00,644
86.190,16.70,0.11,0.87,1.72,3.16,0.27,629
86.207,16.64,0.12,0.90,0.43,2.90,0.00,627
86.223,16.67,0.13,0.86,7.43,2.87,5.94,627
86.240,16.69,0.17,1.22,0.47,2.87,0.00,674
86.257,16.65,0.16,1.20,2.54,3.77,1.03,673
86.273,16.67,0.14,1.18,0.45,3.76,0.00,672
86.290,16.67,0.15,1.17,1.82,3.75,0.31,668
86.307,16.67,0.15,1.20,0.44,3.73,0.00,658
86.323,16.68,0.16,1.22,1.82,3.72,0.28,655
86.340,16.69,0.16,1.22,0.44,3.70,0.00,651
86.357,16.63,0.15,1.21,7.33,3.70,5.81,643
86.373,16.67,0.15,1.22,0.42,3.69,0.00,638
86.390,16.67,0.14,1.18,1.71,3.67,0.28,633
86.407,16.67,0.15,1.21,0.43,3.67,0.00,627
86.423,16.67,0.15,1.21,1.71,3.65,0.27,625
86.440,16.67,0.14,1.22,0.42,3.67,0.00,619
86.457,16.67,0.14,1.21,1.74,3.66,0.28,608
86.473,16.67,0.14,1.23,0.42,3.64,0.00,600
86.490,16.68,0.18,1.24,7.49,3.62,5.97,596
86.507,16.70,0.16,1.26,0.44,3.61,0.00,595
86.523,16.63,0.13,1.23,1.74,3.60,0.27,585
86.540,16.67,0.15,1.23,0.45,3.62,0.00,576
86.557,16.66,0.13,1.23,1.74,3.61,0.27,570
86.573,16.68,0.13,1.25,0.41,3.60,0.00,568
86.590,16.67,0.14,1.21,1.72,3.57,0.27,561
86.607,16.67,0.15,1.23,0.42,3.55,0.00,552
86.623,16.67,0.15,1.23,7.48,3.49,5.94,532
86.640,16.68,0.16,1.25,0.43,3.47,0.00,382
86.657,16.66,0.15,1.04,1.76,2.64,0.28,381
86.673,16.66,0.14,1.02,0.41,2.66,0.00,380
86.690,16.68,0.13,1.02,1.69,2.64,0.28,379
86.707,16.66,0.13,1.03,0.39,2.68,0.00,377
86.723,16.69,0.13,1.03,1.72,2.64,0.28,379
86.740,16.66,0.12,1.02,0.40,2.74,0.00,378
86.757,16.66,0.13,1.03,7.45,2.73,5.95,378
86.773,16.67,0.14,1.08,0.44,2.77,0.00,377
86.790,16.67,0.15,1.05,1.73,2.75,0.27,376
86.807,16.66,0.13,1.04,0.40,2.80,0.00,376
86.823,16.67,0.14,1.04,1.72,2.79,0.27,377
86.840,16.67,0.13,1.03,0.41,2.80,0.00,376
86.857,16.67,0.13,1.01,1.69,2.78,0.28,376
86.873,16.67,0.13,1.03,0.39,2.82,0.00,376
86.890,16.67,0.13,1.03,7.36,2.79,5.89,376
86.907,16.67,0.14,1.06,0.43,2.81,0.00,376
86.923,16.71,0.12,1.02,1.72,2.82,0.28,375
86.940,16.64,0.15,1.04,0.43,2.86,0.00,374
86.957,16.65,0.13,1.03,1.70,2.85,0.28,372
86.973,16.70,0.13,1.03,0.45,2.84,0.00,370
86.990,16.64,0.13,1.02,1.72,2.85,0.28,369
87.007,16.67,0.13,1.03,0.43,2.85,0.00,370
87.023,16.66,0.13,1.02,7.44,2.89,5.95,369
87.040,16.67,0.13,1.05,0.42,2.89,0.00,369
87.057,16.66,0.12,1.01,1.70,2.87,0.28,369
87.073,16.67,0.13,1.03,0.43,2.85,0.00,369
87.090,16.67,0.11,1.00,1.74,2.86,0.28,368
87.107,16.66,0.13,1.03,0.42,2.86,0.00,369
87.123,16.67,0.13,1.01,1.71,2.89,0.28,367
87.140,16.68,0.11,1.01,0.39,2.89,0.00,366
87.157,16.65,0.12,1.00,7.57,2.88,5.83,364
87.173,16.69,0.13,1.05,0.43,2.87,0.00,363
87.190,16.65,0.13,1.00,1.70,2.87,0.28,363
87.207,16.67,0.11,1.02,0.40,2.86,0.00,364
87.223,16.67,0.13,1.01,1.73,2.88,0.28,362
87.240,16.67,0.13,1.01,0.39,2.88,0.00,362
87.257,16.66,0.13,1.02,1.73,2.87,0.28,362
87.273,16.67,0.12,1.02,0.41,2.86,0.00,362
87.290,16.68,0.12,0.99,7.42,2.85,5.94,360
87.307,16.65,0.13,1.04,0.42,2.85,0.00,360
87.323,16.67,0.13,0.99,1.69,2.85,0.28,359
87.340,16.67,0.12,1.00,0.40,2.87,0.00,359
87.357,16.67,0.13,1.00,1.70,2.85,0.28,359
87.373,16.66,0.12,1.00,0.40,2.86,0.00,359
87.390,16.68,0.11,0.99,1.68,2.82,0.28,358
87.407,16.65,0.12,1.00,0.41,2.88,0.00,355
87.424,16.68,0.11,0.98,7.29,2.84,5.83,353
87.440,16.66,0.13,1.01,0.42,2.86,0.00,353
87.457,16.67,0.12,0.96,1.70,2.85,0.28,353
87.474,16.69,0.13,1.01,0.45,2.86,0.00,352
87.490,16.69,0.12,0.99,1.76,2.84,0.28,353
87.507,16.63,0.13,1.01,0.45,2.88,0.00,351
87.524,16.68,0.11,0.98,1.73,2.87,0.28,351
87.540,16.66,0.12,0.98,0.41,2.87,0.00,349
87.557,16.67,0.12,0.98,7.44,2.86,5.94,349
87.574,16.66,0.12,1.00,0.41,2.86,0.00,349
87.590,16.67,0.12,0.96,1.70,2.83,0.28,350
87.607,16.67,0.12,0.88,0.40,2.89,0.00,349
87.624,16.67,0.12,0.87,1.71,2.88,0.27,349
87.640,16.67,0.25,1.01,0.39,2.89,0.00,363
87.657,16.66,0.13,0.98,1.70,2.95,0.28,369
87.674,16.68,0.13,0.99,0.40,3.03,0.00,369
87.690,16.67,0.13,0.97,7.39,3.01,5.89,368
87.707,16.67,0.13,1.00,0.44,3.05,0.00,366
87.724,16.67,0.13,0.97,1.73,3.02,0.28,366
87.740,16.68,0.12,0.95,0.40,3.03,0.00,363
87.757,16.65,0.13,0.97,1.74,2.66,0.28,363
87.774,16.66,0.12,0.96,0.41,2.66,0.00,362
87.790,16.68,0.12,0.95,1.72,2.67,0.28,362
87.807,16.67,0.12,0.94,0.38,2.71,0.00,360
87.824,16.68,0.11,0.94,7.38,2.69,5.90,360
87.840,16.65,0.14,0.99,0.43,2.70,0.00,359
87.857,16.67,0.13,0.95,1.70,2.67,0.27,358
87.874,16.67,0.13,0.96,0.41,2.69,0.00,358
87.890,16.69,0.12,0.97,1.86,2.69,0.43,362
87.907,16.65,0.13,0.98,0.40,2.71,0.00,455
87.924,16.67,0.12,0.97,1.70,2.78,0.28,474
87.940,16.68,0.17,1.00,0.43,2.83,0.00,491
87.957,16.65,0.12,0.99,7.34,2.86,5.85,491
87.974,16.69,0.12,1.00,0.44,2.84,0.00,488
87.990,16.65,0.13,0.95,1.70,2.86,0.27,474
88.007,16.67,0.13,0.98,0.43,2.85,0.00,474
88.024,16.68,0.13,0.98,1.72,2.85,0.28,474
88.040,16.65,0.12,0.98,0.39,2.86,0.00,471
88.057,16.67,0.12,0.98,1.70,2.85,0.28,466
88.074,16.67,0.15,1.02,0.44,2.84,0.00,466
88.090,16.74,0.13,0.99,7.51,2.85,5.99,465
88.107,16.60,0.13,1.01,0.43,2.84,0.00,463
88.124,16.67,0.12,0.96,1.72,2.82,0.28,456
88.140,16.69,0.12,0.98,0.39,2.82,0.00,453
88.157,16.65,0.12,0.97,1.70,2.77,0.28,452
88.174,16.68,0.15,1.34,0.44,2.79,0.00,462
88.190,16.65,0.15,1.29,1.91,3.50,0.46,508
88.207,16.83,0.15,1.06,0.47,3.67,0.00,525
88.224,16.52,0.06,0.41,5.11,3.67,4.43,535
88.240,16.66,0.05,0.35,0.23,3.69,0.00,540
88.257,16.70,0.14,1.07,1.81,3.70,0.28,549
88.274,16.65,0.20,1.09,0.44,3.72,0.00,561
88.290,16.66,0.15,1.07,1.75,3.71,0.28,571
88.307,16.66,0.16,1.07,0.41,3.75,0.00,574
88.324,16.67,0.15,1.06,1.72,3.77,0.28,583
88.340,16.76,0.14,1.10,0.43,3.79,0.00,591
88.357,16.58,0.16,1.08,7.45,3.81,5.94,598
88.374,16.67,0.16,1.11,0.45,3.85,0.00,599
88.390,16.66,0.15,1.06,1.72,3.86,0.28,603
88.407,16.67,0.14,1.10,0.44,3.75,0.00,607
88.424,16.67,0.15,1.07,1.72,3.77,0.28,612
88.440,16.67,0.15,1.09,0.46,3.77,0.00,617
88.457,16.67,0.15,1.07,1.75,3.79,0.28,625
88.474,16.69,0.14,1.09,0.46,3.83,0.00,625
88.490,16.65,0.14,1.10,7.46,3.82,5.92,630
88.507,16.67,0.15,1.11,0.47,3.85,0.00,632
88.524,16.66,0.14,1.08,1.73,3.85,0.27,632
88.540,16.67,0.14,1.09,0.42,3.87,0.00,634
88.557,16.66,0.14,1.08,1.72,3.87,0.28,633
88.574,16.68,0.15,1.11,0.50,3.90,0.00,635
88.590,16.66,0.13,1.07,1.75,3.34,0.28,632
88.607,16.67,0.14,1.08,0.43,3.36,0.00,633
88.624,16.67,0.13,1.07,7.46,3.36,5.95,633
88.640,16.68,0.14,1.10,0.44,3.36,0.00,633
88.657,16.66,0.13,1.09,1.73,3.37,0.28,636
88.674,16.70,0.12,1.07,0.42,3.48,0.00,635
88.690,16.64,0.14,1.07,1.70,3.49,0.28,637
88.707,16.67,0.13,1.09,0.41,3.52,0.00,671
88.724,16.67,0.13,1.09,1.75,3.56,0.28,673
88.740,16.67,0.13,1.09,0.41,3.61,0.00,673
88.757,16.67,0.14,1.08,7.43,3.60,5.91,677
88.774,16.67,0.14,1.11,0.48,3.57,0.00,679
88.790,16.67,0.13,1.06,1.74,3.57,0.28,678
88.807,16.66,0.13,1.08,0.43,3.59,0.00,678
88.824,16.67,0.13,1.08,1.72,3.60,0.29,678
88.840,16.66,0.13,1.08,0.40,3.62,0.00,678
88.857,16.67,0.13,1.06,1.71,3.64,0.28,678
88.874,16.67,0.13,1.08,0.41,3.65,0.00,679
88.890,16.68,0.12,1.06,7.42,3.64,5.93,680
88.907,16.67,0.14,1.10,0.47,3.66,0.00,680
88.924,16.66,0.14,1.09,1.76,3.63,0.28,682
88.940,16.67,0.17,1.09,0.44,3.64,0.00,681
88.957,16.66,0.14,1.08,1.73,3.66,0.28,679
88.974,16.68,0.13,1.06,0.44,3.67,0.00,680
88.990,16.67,0.13,1.06,1.71,3.66,0.28,680
89.007,16.67,0.12,1.11,0.46,3.67,0.00,681
89.024,16.65,0.13,1.06,7.38,3.65,5.86,681
89.040,16.67,0.14,1.09,0.44,3.65,0.00,682
89.057,16.67,0.13,1.04,1.72,3.68,0.28,680
89.074,16.67,0.13,1.05,0.41,3.67,0.00,680
89.090,16.67,0.13,1.05,1.71,3.66,0.28,678
89.107,16.70,0.11,1.06,0.41,3.66,0.00,680
89.124,16.65,0.12,1.06,1.77,3.64,0.27,684
89.140,16.66,0.14,1.20,0.47,3.64,0.00,693
89.157,16.67,0.13,1.09,7.86,3.65,6.32,693
89.174,16.68,0.15,1.14,0.48,3.66,0.00,693
89.190,16.66,0.13,1.09,1.77,3.65,0.28,694
89.207,16.67,0.13,1.10,0.44,3.67,0.00,694
89.224,16.68,0.13,1.12,1.83,3.68,0.27,694
89.240,16.67,0.12,1.13,0.46,3.68,0.00,695
89.257,16.65,0.13,1.16,1.78,3.70,0.26,692
89.274,16.67,0.13,1.12,0.45,3.70,0.00,694
89.290,16.68,0.12,1.11,7.36,3.70,5.85,692
89.307,16.74,0.12,1.15,0.50,3.70,0.00,692
89.324,16.60,0.15,1.16,1.93,3.69,0.27,694
89.340,16.70,0.13,1.15,0.53,3.74,0.00,693
89.357,16.64,0.14,1.16,1.88,3.72,0.28,694
89.374,16.67,0.14,1.13,0.52,3.73,0.00,694
89.390,16.66,0.13,1.19,1.82,3.73,0.27,696
89.407,16.67,0.14,1.18,0.45,3.72,0.00,696
89.424,16.67,0.15,1.19,7.62,3.73,6.07,699
89.440,16.66,0.14,1.20,0.52,3.78,0.00,696
89.457,16.68,0.14,1.19,1.82,3.76,0.29,697
89.474,16.67,0.13,1.18,0.51,3.78,0.00,697
89.490,16.66,0.15,1.13,1.86,3.77,0.28,694
89.507,16.66,0.13,1.15,0.54,3.76,0.00,693
89.524,16.69,0.14,1.11,1.85,3.76,0.28,694
89.540,16.66,0.13,1.14,0.57,3.81,0.00,695
89.557,16.69,0.13,1.12,7.63,3.82,6.03,693
89.574,16.65,0.12,1.10,0.53,3.83,0.00,692
89.590,16.66,0.13,1.11,1.84,3.82,0.29,693
89.607,16.68,0.09,0.80,0.45,3.82,0.00,691
89.624,16.72,0.13,1.06,1.90,3.82,0.29,690
89.640,16.61,0.25,1.18,0.52,3.88,0.00,702
89.657,16.67,0.14,1.19,1.84,4.03,0.28,701
89.674,16.66,0.13,1.14,0.55,4.07,0.00,693
89.690,16.68,0.15,1.13,7.87,3.65,6.24,692
89.707,16.66,0.15,1.16,0.59,3.65,0.00,694
89.724,16.68,0.13,1.17,1.91,3.65,0.30,694
89.740,16.68,0.15,1.18,0.53,3.68,0.00,696
89.757,16.65,0.14,1.18,1.88,3.68,0.29,697
89.774,16.67,0.15,1.19,0.55,3.67,0.00,698
89.790,16.71,0.12,1.17,1.82,3.67,0.27,697
89.807,16.62,0.19,1.55,0.57,3.66,0.00,756
89.824,16.71,0.18,1.49,7.81,4.49,6.24,756
89.840,16.62,0.20,1.50,0.49,4.49,0.00,757
89.857,16.66,0.19,1.50,1.85,4.47,0.27,758
89.874,16.68,0.20,1.49,0.50,4.47,0.00,758
89.890,16.66,0.18,1.48,1.74,4.47,0.27,757
89.907,16.67,0.19,1.48,0.44,4.47,0.00,755
89.924,16.66,0.18,1.46,1.74,4.49,0.27,754
89.940,16.68,0.22,1.52,0.49,4.47,0.00,758
89.957,16.67,0.16,1.48,7.51,4.46,5.98,758
89.974,16.67,0.17,1.55,0.47,4.46,0.00,757
89.990,16.65,0.17,1.50,1.76,4.44,0.27,759
90.007,16.67,0.15,1.48,0.42,4.48,0.00,759
90.024,16.70,0.15,1.48,1.77,4.47,0.27,756
90.040,16.65,0.15,1.46,0.42,4.47,0.00,745
90.057,16.67,0.15,1.49,1.77,4.45,0.27,744
90.074,16.65,0.16,1.48,0.52,4.41,0.00,745
90.090,16.67,0.16,1.50,7.54,4.40,5.97,745
90.107,16.67,0.16,1.52,0.47,4.43,0.00,745
90.124,16.70,0.14,1.48,1.75,4.42,0.27,740
90.140,16.62,0.16,1.23,0.48,4.41,0.00,732
90.157,16.67,0.13,1.19,1.74,4.40,0.27,728
90.174,16.66,0.11,0.91,0.40,4.40,0.00,730
90.190,16.68,0.16,1.24,1.78,4.39,0.27,733
90.207,16.72,0.14,1.23,0.50,4.44,0.00,732
90.224,16.64,0.15,1.23,7.71,3.86,6.16,732
90.240,16.64,0.15,1.26,0.47,3.85,0.00,731
90.257,16.66,0.14,1.21,1.73,3.85,0.27,730
90.274,16.67,0.14,1.22,0.46,3.85,0.00,728
90.290,16.67,0.15,1.20,1.74,3.89,0.27,729
90.307,16.68,0.13,1.22,0.45,3.90,0.00,728
90.324,16.65,0.14,1.20,1.77,3.90,0.27,730
90.340,16.67,0.15,1.20,0.43,3.90,0.00,731
90.357,16.70,0.13,1.19,7.44,3.89,5.90,731
90.374,16.64,0.15,1.27,0.46,3.91,0.00,732
90.390,16.67,0.14,1.17,1.74,3.92,0.27,730
90.407,16.66,0.14,1.21,0.46,3.93,0.00,729
90.424,16.68,0.15,1.20,1.76,3.93,0.27,727
90.440,16.66,0.12,1.20,0.45,3.95,0.00,726
90.457,16.67,0.14,1.18,1.84,3.95,0.28,729
90.474,16.67,0.14,1.18,0.41,3.98,0.00,728
90.490,16.67,0.14,1.18,7.53,3.98,5.98,725
90.507,16.66,0.14,1.20,0.46,3.98,0.00,726
90.524,16.68,0.14,1.18,1.78,3.98,0.27,726
90.540,16.66,0.13,1.18,0.46,3.99,0.00,726
90.557,16.67,0.14,1.19,1.78,3.98,0.28,726
90.574,16.67,0.14,1.17,0.44,4.03,0.00,724
90.590,16.66,0.13,1.16,1.75,4.01,0.28,723
90.607,16.76,0.13,1.17,0.59,4.02,0.00,722
90.624,16.58,0.14,1.18,7.60,4.00,6.04,716
90.640,16.67,0.15,1.18,0.45,4.00,0.00,714
90.657,16.66,0.13,1.12,1.74,3.67,0.28,714
90.674,16.66,0.13,1.16,0.44,3.66,0.00,714
90.690,16.69,0.12,1.16,1.79,3.66,0.28,713
90.707,16.65,0.13,1.15,0.45,3.64,0.00,714
90.724,16.66,0.13,1.12,1.75,3.63,0.28,713
90.740,16.68,0.14,1.16,0.48,3.64,0.00,715
90.757,16.67,0.13,1.11,7.57,3.73,5.99,716
90.774,16.67,0.13,1.16,0.45,3.71,0.00,712
90.790,16.66,0.14,0.87,1.37,3.73,0.19,713
90.807,16.67,0.13,1.14,0.47,3.73,0.00,713
90.824,16.67,0.13,1.09,1.72,3.73,0.27,714
90.840,16.66,0.13,1.12,0.42,3.71,0.00,714
90.857,16.68,0.11,1.11,1.70,3.70,0.28,714
90.874,16.66,0.13,1.12,0.41,3.69,0.00,710
90.890,16.65,0.12,1.10,7.51,3.68,5.97,709
90.907,16.69,0.14,1.15,0.46,3.67,0.00,710
90.924,16.66,0.12,1.14,1.76,3.66,0.27,713
90.940,16.68,0.13,1.11,0.44,3.69,0.00,712
90.957,16.65,0.14,1.10,1.75,3.67,0.28,711
90.974,16.69,0.11,1.11,0.44,3.66,0.00,711
90.990,16.65,0.14,1.14,1.80,3.65,0.28,709
91.007,16.66,0.13,1.11,0.44,3.63,0.00,709
91.024,16.67,0.13,1.11,7.54,3.66,5.99,709
91.040,16.68,0.13,1.11,0.44,3.65,0.00,707
91.057,16.66,0.13,1.11,1.73,3.63,0.27,705
91.074,16.67,0.12,1.11,0.42,3.63,0.00,704
91.090,16.67,0.13,1.10,1.75,3.61,0.28,702
91.107,16.66,0.12,1.02,0.41,3.61,0.00,701
91.124,16.69,0.11,1.01,1.71,3.62,0.28,698
91.141,16.67,0.11,1.02,0.43,3.62,0.00,696
91.157,16.67,0.12,0.98,7.48,3.61,5.91,695
91.174,16.64,0.13,1.00,0.48,3.59,0.00,692
91.190,16.67,0.13,0.95,1.77,3.60,0.28,691
91.207,16.66,0.13,0.98,0.46,3.62,0.00,690
91.224,16.67,0.13,0.97,1.78,3.61,0.28,689
91.241,16.69,0.11,0.99,0.49,3.58,0.00,688
91.257,16.65,0.13,0.96,1.75,3.58,0.28,686
91.274,16.70,0.12,1.00,0.46,3.58,0.00,681
91.290,16.64,0.13,0.97,7.47,3.56,5.96,676
91.307,16.67,0.13,0.97,0.44,3.59,0.00,673
91.324,16.67,0.13,0.93,1.72,3.14,0.28,671
91.341,16.76,0.12,0.96,0.40,3.14,0.00,671
91.357,16.57,0.11,0.94,1.72,3.13,0.27,671
91.374,16.67,0.13,0.94,0.41,3.12,0.00,672
91.391,16.80,0.11,0.93,1.75,3.14,0.28,672
91.407,16.53,0.12,0.94,0.40,3.15,0.00,672
91.424,16.70,0.11,0.93,7.33,3.12,5.85,669
91.441,16.65,0.12,0.97,0.46,3.12,0.00,669
91.457,16.65,0.13,0.95,1.73,3.10,0.28,667
91.474,16.68,0.13,0.95,0.44,3.11,0.00,668
91.491,16.67,0.13,0.93,1.74,3.13,0.27,668
91.507,16.66,0.12,0.94,0.41,3.12,0.00,666
91.524,16.67,0.12,0.94,1.74,3.10,0.27,664
91.541,16.67,0.12,0.92,0.39,3.10,0.00,663
91.557,16.67,0.12,0.92,7.48,3.09,5.97,663
91.574,16.68,0.13,0.96,0.44,3.11,0.00,661
91.591,16.68,0.10,0.91,1.70,3.09,0.27,660
91.607,16.65,0.11,0.86,0.39,3.09,0.00,659
91.624,16.67,0.12,0.85,1.70,3.07,0.27,658
91.641,16.67,0.24,0.97,0.45,3.08,0.00,672
91.657,16.67,0.13,0.95,1.72,3.15,0.27,673
91.674,16.67,0.12,0.96,0.41,3.21,0.00,672
91.691,16.67,0.13,0.96,8.10,3.17,6.58,667
91.707,16.66,0.13,0.97,0.43,3.16,0.00,668
91.724,16.67,0.13,0.93,1.70,3.15,0.26,665
91.741,16.67,0.30,0.89,0.47,3.14,0.00,631
91.757,16.67,0.08,0.85,2.15,2.54,0.74,628
91.774,16.67,0.08,0.62,0.45,2.53,0.00,593
91.791,16.66,0.09,0.75,1.56,2.49,0.11,627
91.807,16.67,0.08,0.75,0.40,2.67,0.00,625
91.824,16.67,0.09,0.75,7.37,2.64,5.84,623
91.841,16.66,0.11,0.97,0.45,2.63,0.00,658
91.857,16.67,0.11,0.95,1.54,2.81,0.11,658
91.874,16.67,0.10,0.98,0.41,2.79,0.00,657
91.891,16.67,0.12,1.14,1.61,2.77,0.12,692
91.907,16.67,0.10,1.16,0.45,2.96,0.00,691
91.924,16.67,0.11,1.16,1.50,2.93,0.03,691
91.941,16.67,0.16,1.43,0.43,2.92,0.00,727
91.957,16.69,0.10,1.42,7.18,3.07,5.68,727
91.974,16.68,0.12,1.47,0.44,3.05,0.00,727
91.991,16.63,0.14,1.62,1.58,3.01,0.11,762
92.007,16.81,0.12,1.67,0.43,3.19,0.00,760
92.024,16.52,0.12,1.74,1.62,3.15,0.03,761
92.041,16.83,0.12,1.84,0.45,3.12,0.00,796
92.057,16.65,0.12,1.90,1.62,3.28,0.11,795
92.074,16.54,0.12,1.88,0.47,3.25,0.00,796
92.091,16.66,0.14,2.07,7.48,3.21,5.92,831
92.107,16.66,0.14,2.12,0.46,3.37,0.00,832
92.124,16.66,0.13,2.12,1.55,3.33,0.03,831
92.141,16.77,0.14,2.31,0.50,3.30,0.00,867
92.157,16.58,0.13,2.37,1.67,3.46,0.11,867
92.174,16.67,0.12,2.36,0.50,3.43,0.00,869
92.191,16.67,0.13,2.53,1.63,3.39,0.11,903
92.207,16.66,0.12,2.55,0.49,3.53,0.00,904
92.224,16.67,0.14,2.55,7.34,3.49,5.77,906
92.241,16.72,0.15,2.80,0.53,3.45,0.00,941
92.257,16.61,0.15,2.80,1.67,3.60,0.12,943
92.274,16.72,0.14,2.83,0.55,3.55,0.00,943
92.291,16.69,0.16,3.02,1.68,3.51,0.11,981
92.307,16.61,0.14,3.05,0.51,3.66,0.00,983
92.324,16.64,0.13,3.03,1.50,3.61,0.03,984
92.341,16.67,0.14,3.19,0.42,3.59,0.00,1023
92.357,16.67,0.13,3.21,7.45,3.71,5.92,1024
92.374,16.67,0.14,3.24,0.45,3.66,0.00,1021
92.391,16.68,0.19,3.44,1.66,3.60,0.11,1057
92.407,16.66,0.18,3.42,0.49,3.74,0.00,1052
92.424,16.66,0.17,3.39,1.50,3.68,0.03,1049
92.441,16.67,0.19,3.56,0.43,3.64,0.00,1082
92.457,16.66,0.18,3.53,1.56,3.76,0.11,1075
92.474,16.67,0.17,3.54,0.43,3.72,0.00,1073
92.491,16.68,0.19,3.72,7.27,3.66,5.73,1106
92.507,16.67,0.19,3.74,0.47,3.77,0.00,1103
92.524,16.69,0.19,3.72,1.54,3.71,0.03,1099
92.541,16.65,0.17,3.72,0.45,3.65,0.00,1097
92.557,16.66,0.18,3.68,1.49,3.60,0.03,1088
92.574,16.67,0.17,3.67,0.42,3.55,0.00,1085
92.591,16.68,0.18,3.83,1.82,3.50,0.35,1139
92.607,16.66,0.17,3.83,0.44,3.74,0.00,1136
92.624,16.68,0.16,3.79,7.26,3.69,5.72,1129
92.641,16.66,0.19,3.79,0.46,3.64,0.00,1126
92.657,16.66,0.18,3.71,1.50,3.60,0.03,1115
92.674,16.67,0.18,3.69,0.44,3.58,0.00,1103
92.691,16.67,0.17,3.72,1.53,3.52,0.03,1102
92.707,16.66,0.20,3.98,0.47,3.50,0.00,1166
92.724,16.67,0.20,4.25,2.09,3.81,0.62,1223
92.741,16.71,0.20,4.27,0.43,4.10,0.00,1217
92.757,16.63,0.19,4.25,6.73,4.07,5.33,1216
92.774,16.68,0.20,3.74,0.41,4.05,0.00,1207
92.791,16.66,0.17,4.20,1.22,4.02,0.03,1202
92.807,16.66,0.19,4.13,0.41,4.02,0.00,1195
92.824,16.67,0.19,4.12,1.40,4.01,0.03,1187
92.841,16.67,0.18,4.06,0.39,4.00,0.00,1180
92.857,16.67,0.18,3.98,1.51,3.97,0.03,1170
92.874,16.66,0.18,3.95,0.43,3.97,0.00,1162
92.891,16.66,0.17,3.90,7.24,3.95,5.71,1156
92.907,16.68,0.19,3.90,0.46,3.93,0.00,1149
92.924,16.66,0.17,3.82,1.51,3.93,0.03,1138
92.941,16.70,0.17,3.76,0.46,3.93,0.00,1130
92.957,16.65,0.18,3.71,1.48,3.93,0.03,1120
92.974,16.67,0.18,3.67,0.42,3.91,0.00,1112
92.991,16.67,0.18,3.61,1.53,3.91,0.03,1101
93.007,16.65,0.16,3.28,0.43,3.94,0.00,1141
93.024,16.67,0.13,2.94,7.47,4.20,5.94,1133
93.041,16.67,0.14,3.16,0.42,4.21,0.00,1122
93.057,16.66,0.15,3.43,1.82,4.22,0.35,1169
93.074,16.67,0.14,2.98,0.46,4.54,0.00,1160
93.091,16.68,0.13,2.88,1.49,4.54,0.03,1146
93.107,16.67,0.13,3.28,0.41,4.56,0.00,1134
93.124,16.66,0.13,3.26,1.48,4.56,0.03,1127
93.141,16.68,0.12,2.72,0.43,4.61,0.00,1115
93.157,16.72,0.15,3.26,7.53,4.64,6.00,1160
93.174,16.62,0.18,3.82,0.44,4.92,0.00,1152
93.191,16.66,0.17,3.80,1.50,4.31,0.03,1146
93.207,16.66,0.18,3.78,0.43,4.72,0.00,1142
93.224,16.67,0.18,3.71,1.49,4.71,0.03,1127
93.241,16.67,0.17,3.61,0.46,4.76,0.00,1109
93.257,16.67,0.20,3.49,1.48,4.76,0.03,1096
93.274,16.67,0.17,3.47,0.46,4.78,0.00,1086
93.291,16.67,0.18,3.49,7.20,4.80,5.66,1080
93.307,16.66,0.19,3.67,0.45,4.81,0.00,1155
93.324,16.68,0.20,3.59,1.79,4.40,0.33,1145
93.341,16.65,0.18,3.56,0.43,4.65,0.00,1143
93.357,16.71,0.17,3.53,1.49,4.67,0.03,1133
93.374,16.63,0.17,3.52,0.42,4.70,0.00,1125
93.391,16.67,0.18,3.50,1.50,4.72,0.03,1121
93.407,16.67,0.18,3.46,0.43,4.76,0.00,1112
93.424,16.67,0.17,3.41,7.25,4.77,5.72,1106
93.441,16.68,0.20,3.41,0.49,4.77,0.00,1099
93.457,16.66,0.17,3.39,1.53,4.38,0.03,1094
93.474,16.69,0.20,3.57,0.50,4.84,0.00,1144
93.491,16.65,0.24,3.85,2.12,5.11,0.64,1212
93.507,16.69,0.18,3.78,0.47,5.53,0.00,1209
93.524,16.64,0.21,3.91,1.88,5.55,0.35,1269
93.541,16.68,0.21,3.90,0.50,5.92,0.00,1267
93.557,16.66,0.20,3.83,7.26,5.96,5.71,1259
93.574,16.67,0.19,3.88,0.45,5.96,0.00,1258
93.591,16.66,0.19,3.84,1.53,4.87,0.03,1254
93.607,16.68,0.18,3.71,0.44,5.91,0.00,1247
93.624,16.68,0.19,3.69,1.50,5.79,0.03,1244
93.641,16.66,0.19,3.66,0.46,5.83,0.00,1237
93.657,16.66,0.19,3.66,1.49,5.84,0.03,1232
93.674,16.67,0.18,3.65,0.43,5.54,0.00,1230
93.691,16.68,0.18,3.64,7.29,5.55,5.76,1228
93.707,16.66,0.22,4.08,0.49,5.58,0.00,1285
93.724,16.67,0.21,3.98,1.89,4.68,0.36,1280
93.741,16.66,0.19,3.98,0.46,5.86,0.00,1274
93.757,16.67,0.18,3.94,1.51,5.96,0.03,1270
93.774,16.67,0.19,4.06,0.50,5.63,0.00,1268
93.791,16.66,0.21,4.23,1.83,5.65,0.35,1322
93.807,16.67,0.20,4.21,0.40,6.02,0.00,1324
93.824,16.66,0.19,4.21,7.22,6.04,5.69,1322
93.841,16.68,0.22,4.69,0.43,6.08,0.00,1400
93.857,16.67,0.20,4.63,1.85,4.76,0.35,1399
93.874,16.68,0.20,4.65,0.45,5.64,0.00,1399
93.891,16.66,0.15,3.40,0.88,6.55,0.02,1400
93.907,16.68,0.10,1.84,0.30,6.54,0.00,1399
93.924,16.67,0.23,2.55,0.72,6.34,0.04,1399
93.941,16.68,0.11,1.52,0.31,6.37,0.00,1401
93.957,16.63,0.11,1.49,6.34,6.39,5.60,1401
93.974,16.66,0.11,3.25,0.31,6.41,0.00,1453
93.991,16.73,0.09,1.59,1.55,6.69,0.13,1454
94.007,16.61,0.09,1.59,0.27,6.73,0.00,1456
94.024,16.68,0.08,1.56,0.62,6.75,0.02,1457
94.041,16.66,0.09,1.56,0.30,6.77,0.00,1458
94.057,16.69,0.10,1.96,0.71,6.80,0.02,1459
94.074,16.64,0.09,1.56,0.28,6.83,0.00,1457
94.091,16.75,0.13,2.70,6.75,6.65,5.51,1454
94.107,16.65,0.17,1.91,0.27,6.40,0.00,1454
94.124,16.63,0.17,2.33,0.65,6.07,0.03,1451
94.141,16.66,0.10,2.92,0.57,6.19,0.00,1450
94.158,16.77,0.19,4.70,1.89,6.22,0.29,1523
94.174,16.58,0.17,2.07,0.35,6.60,0.00,1524
94.191,16.66,0.18,4.43,1.61,6.61,0.03,1523
94.207,16.66,0.16,4.36,0.45,6.64,0.00,1523
94.224,16.68,0.15,4.90,7.64,6.67,6.05,1522
94.241,16.66,0.18,3.97,0.39,6.69,0.00,1520
94.257,16.66,0.16,4.24,1.19,5.23,0.03,1519
94.274,16.67,0.17,4.74,0.37,5.75,0.00,1599
94.291,16.67,0.19,4.78,1.45,7.10,0.27,1597
94.307,16.75,0.17,4.76,0.39,7.16,0.00,1597
94.324,16.66,0.15,4.75,1.17,6.91,0.02,1597
94.341,16.59,0.16,4.23,0.37,6.93,0.00,1596
94.357,16.68,0.16,4.92,6.68,6.91,5.49,1654
94.374,16.66,0.18,4.48,0.40,7.25,0.00,1654
94.391,16.67,0.23,5.00,1.42,5.27,0.27,1719
94.407,16.66,0.22,4.55,0.37,5.58,0.00,1718
94.424,16.69,0.23,4.86,1.34,7.33,0.22,1796
94.441,16.66,0.21,4.87,0.36,7.76,0.00,1795
94.457,16.66,0.23,4.88,1.18,7.45,0.03,1796
94.474,16.66,0.22,4.89,0.36,7.47,0.00,1795
94.491,16.67,0.22,4.91,5.95,7.50,5.06,1794
94.507,16.66,0.24,4.46,0.30,7.50,0.00,1791
94.524,16.67,0.22,4.76,0.82,5.56,0.02,1790
94.541,16.68,0.23,4.91,0.41,7.54,0.00,1789
94.557,16.65,0.22,4.79,1.12,7.57,0.02,1789
94.574,16.66,0.22,4.80,0.34,7.59,0.00,1788
94.591,16.67,0.22,4.79,1.13,7.24,0.02,1786
94.607,16.67,0.23,4.81,0.32,7.28,0.00,1787
94.624,16.67,0.22,4.61,5.85,7.26,4.96,1787
94.641,16.68,0.25,4.48,0.36,7.24,0.00,1847
94.657,16.66,0.23,5.09,1.09,5.49,0.24,1846
94.674,16.67,0.24,4.61,0.29,6.11,0.00,1847
94.691,16.66,0.23,4.38,0.85,7.61,0.02,1846
94.707,16.69,0.22,4.42,0.39,7.63,0.00,1847
94.724,16.65,0.23,4.42,1.15,7.65,0.02,1847
94.741,16.67,0.24,4.45,0.39,7.64,0.00,1849
94.757,16.67,0.24,4.71,6.56,7.67,5.35,1848
94.774,16.67,0.24,4.49,0.39,7.44,0.00,1848
94.791,16.66,0.23,4.40,0.84,5.39,0.02,1847
94.807,16.66,0.24,4.69,0.41,6.22,0.00,1914
94.824,16.67,0.23,4.68,1.40,7.80,0.27,1914
94.841,16.67,0.23,4.43,0.28,7.84,0.00,1914
94.857,16.67,0.22,4.70,1.15,7.82,0.03,1916
94.874,16.67,0.22,4.35,0.27,7.86,0.00,1914
94.891,16.68,0.22,4.69,5.86,7.51,4.96,1913
94.907,16.67,0.25,3.70,0.32,7.51,0.00,1911
94.924,16.68,0.22,4.59,0.85,5.80,0.02,1910
94.941,16.65,0.25,4.71,0.37,6.40,0.00,1910
94.957,16.66,0.22,4.72,1.15,7.49,0.02,1909
94.974,16.68,0.24,4.53,0.38,7.26,0.00,1909
94.991,16.67,0.24,4.53,1.17,7.25,0.02,1908
95.007,16.66,0.23,4.52,0.39,7.00,0.00,1909
95.024,16.68,0.26,4.22,6.28,7.01,5.08,1908
95.041,16.70,0.24,3.96,0.31,6.76,0.00,1908
95.057,16.63,0.25,4.36,1.38,5.27,0.24,1977
95.074,16.69,0.24,4.12,0.34,6.28,0.00,1976
95.091,16.65,0.28,4.60,1.74,7.08,0.51,2103
95.108,16.69,0.26,4.33,0.35,7.71,0.00,2105
95.124,16.64,0.25,4.34,0.86,7.72,0.02,2103
95.141,16.70,0.25,4.40,0.41,7.73,0.00,2103
95.157,16.63,0.24,4.42,6.64,7.72,5.40,2101
95.174,16.72,0.24,4.10,0.32,7.72,0.00,2100
95.191,16.62,0.24,4.39,1.19,5.71,0.02,2100
95.208,16.74,0.27,4.91,0.41,6.18,0.00,2223
95.224,16.61,0.25,4.92,1.40,8.36,0.50,2223
95.241,16.67,0.25,4.70,0.30,8.41,0.00,2221
95.257,16.65,0.25,4.93,1.21,8.12,0.02,2221
95.274,16.74,0.26,4.71,0.41,8.18,0.00,2220
95.291,16.60,0.23,4.69,6.49,8.15,5.25,2218
95.308,16.66,0.25,4.05,0.30,8.17,0.00,2217
95.324,16.66,0.24,4.57,0.84,5.98,0.02,2216
95.341,16.69,0.25,4.53,0.30,6.29,0.00,2217
95.358,16.64,0.25,4.90,1.43,8.13,0.27,2296
95.374,16.72,0.25,4.92,0.40,8.64,0.00,2296
95.391,16.63,0.24,4.90,1.17,7.47,0.02,2294
95.408,16.66,0.24,4.69,0.30,8.54,0.00,2292
95.424,16.66,0.25,4.91,6.50,8.22,5.27,2293
95.441,16.68,0.26,4.60,0.39,8.22,0.00,2286
95.458,16.66,0.28,4.93,1.61,5.74,0.47,2417
95.474,16.67,0.28,4.91,0.39,6.12,0.00,2416
95.491,16.68,0.26,4.96,1.13,8.71,0.19,2480
95.508,16.66,0.26,4.96,0.41,9.25,0.00,2480
95.524,16.67,0.28,4.95,0.94,7.85,0.02,2479
95.541,16.67,0.25,4.74,0.29,9.29,0.00,2478
95.558,16.65,0.25,4.99,5.96,9.28,5.03,2480
95.574,16.68,0.28,3.85,0.81,9.28,0.00,2479
95.591,16.66,0.27,4.15,0.86,6.39,0.03,2479
95.608,16.67,0.25,4.11,0.29,6.80,0.00,2480
95.624,16.67,0.24,4.97,0.91,8.92,0.03,2480
95.641,16.67,0.25,4.73,0.30,9.34,0.00,2478
95.658,16.66,0.26,4.98,1.18,7.35,0.03,2477
95.674,16.68,0.24,4.48,0.30,8.25,0.00,2476
95.691,16.66,0.27,4.58,5.86,9.16,4.93,2475
95.708,16.67,0.26,4.18,0.31,8.67,0.00,2475
95.724,16.66,0.27,4.59,1.19,6.22,0.02,2476
95.741,16.67,0.27,4.46,0.30,6.39,0.00,2476
95.758,16.68,0.27,4.39,1.23,8.64,0.02,2476
95.774,16.67,0.27,4.40,0.43,8.66,0.00,2476
95.791,16.67,0.28,4.38,1.20,8.62,0.03,2475
95.808,16.67,0.25,3.97,0.41,8.64,0.00,2474
95.824,16.66,0.27,3.97,6.45,8.06,5.23,2474
95.841,16.68,0.25,4.02,0.41,8.03,0.00,2473
95.858,16.66,0.27,3.97,1.18,5.87,0.02,2474
95.874,16.72,0.33,5.38,0.45,6.53,0.00,2472
95.891,16.62,0.27,3.98,1.19,7.95,0.02,2473
95.908,16.68,0.34,5.35,0.44,7.94,0.00,2473
95.924,16.66,0.26,3.95,1.18,7.94,0.02,2472
95.941,16.68,0.27,3.69,0.38,7.88,0.00,2472
95.958,16.67,0.35,5.00,6.41,7.84,5.17,2471
95.974,16.69,0.36,4.56,0.41,7.60,0.00,2470
95.991,16.65,0.34,4.91,1.22,5.35,0.02,2470
96.008,16.67,0.26,3.87,0.41,5.77,0.00,2470
96.024,16.67,0.34,4.99,1.24,7.51,0.03,2470
96.041,16.66,0.31,4.03,0.42,7.48,0.00,2470
96.058,16.67,0.33,4.97,1.25,7.41,0.03,2468
96.074,16.67,0.34,4.95,0.43,6.87,0.00,2468
96.091,16.67,0.33,4.32,6.57,6.87,5.32,2466
96.108,16.66,0.31,4.04,0.41,6.66,0.00,2466
96.124,16.68,0.33,4.36,1.21,5.09,0.02,2466
96.141,16.76,0.34,4.51,0.38,6.03,0.00,2466
96.158,16.59,0.33,4.45,1.21,6.52,0.02,2464
96.174,16.66,0.36,4.70,0.47,6.46,0.00,2464
96.191,16.70,0.33,4.69,1.23,6.41,0.03,2463
96.208,16.67,0.33,4.11,0.43,6.40,0.00,2462
96.224,16.65,0.34,4.69,6.60,6.34,5.34,2462
96.241,16.68,0.35,4.50,0.46,6.28,0.00,2458
96.258,16.68,0.36,4.41,1.28,4.63,0.03,2458
96.274,16.63,0.33,4.43,0.45,5.76,0.00,2457
96.291,16.68,0.34,4.20,1.17,6.22,0.02,2456
96.308,16.66,0.34,4.40,0.45,6.13,0.00,2455
96.324,16.67,0.34,4.12,1.26,6.11,0.03,2454
96.341,16.67,0.34,4.13,0.44,6.08,0.00,2453
96.358,16.69,0.34,3.98,7.15,6.02,5.54,2452
96.374,16.66,0.35,4.07,0.47,5.97,0.00,2451
96.391,16.66,0.34,3.56,1.57,4.65,0.03,2437
96.408,16.67,0.33,3.55,0.51,5.85,0.00,2437
96.424,16.67,0.33,3.54,1.55,5.86,0.03,2438
96.441,16.67,0.34,3.53,0.50,5.84,0.00,2438
96.458,16.67,0.34,3.53,1.54,5.80,0.03,2438
96.474,16.66,0.34,3.52,0.51,5.77,0.00,2438
96.491,16.70,0.32,3.53,7.24,5.73,5.63,2438
96.508,16.64,0.36,3.65,0.54,5.69,0.00,2437
96.524,16.67,0.34,3.52,1.55,3.33,0.03,2435
96.541,16.69,0.36,3.52,0.51,5.63,0.00,2433
96.558,16.65,0.34,3.51,1.57,5.57,0.03,2433
96.574,16.67,0.34,3.51,0.50,5.59,0.00,2433
96.591,16.67,0.34,3.52,1.57,5.51,0.03,2432
96.608,16.75,0.34,3.26,0.54,5.51,0.00,2430
96.624,16.59,0.35,3.24,7.34,5.44,5.74,2431
96.641,16.66,0.35,3.34,0.53,5.40,0.00,2430
96.658,16.67,0.34,3.23,1.57,4.67,0.03,2430
96.674,16.67,0.35,3.24,0.52,5.34,0.00,2430
96.691,16.67,0.33,3.24,1.58,5.29,0.03,2430
96.708,16.67,0.34,3.23,0.50,5.27,0.00,2431
96.724,16.66,0.33,3.22,1.54,5.24,0.03,2430
96.741,16.67,0.34,3.23,0.50,5.21,0.00,2431
96.758,16.67,0.33,3.26,7.16,5.16,5.72,2431
96.774,16.67,0.35,3.05,0.52,5.16,0.00,2430
96.791,16.74,0.35,3.04,1.61,4.67,0.03,2430
96.808,16.59,0.26,2.25,0.48,5.06,0.00,2430
96.824,16.69,0.32,3.01,1.60,5.02,0.03,2430
96.841,16.64,0.33,3.01,0.50,5.02,0.00,2429
96.858,16.68,0.34,3.00,1.56,4.95,0.03,2429
96.874,16.67,0.33,3.00,0.49,4.93,0.00,2428
96.891,16.67,0.34,3.00,7.40,4.89,5.79,2428
96.908,16.70,0.35,3.01,0.53,4.86,0.00,2428
96.924,16.63,0.34,3.03,1.64,4.49,0.03,2426
96.941,16.68,0.35,3.01,0.52,4.79,0.00,2425
96.958,16.67,0.34,3.01,1.56,4.74,0.03,2425
96.974,16.68,0.33,3.00,0.49,4.74,0.00,2424
96.991,16.66,0.33,2.99,1.54,4.70,0.03,2423
97.008,16.68,0.35,3.01,0.56,4.67,0.00,2423
97.024,16.64,0.35,2.86,7.33,4.60,5.72,2421
97.041,16.72,0.33,2.87,0.53,4.60,0.00,2421
97.058,16.63,0.35,2.60,1.56,4.51,0.03,2421
97.074,16.68,0.33,2.60,0.50,4.49,0.00,2418
97.091,16.64,0.33,2.59,1.54,4.46,0.03,2418
97.108,16.67,0.33,2.58,0.51,4.45,0.00,2418
97.124,16.67,0.36,2.61,1.60,4.34,0.03,2411
97.141,16.70,0.33,2.59,0.51,4.34,0.00,2408
97.158,16.64,0.33,2.60,7.43,4.30,5.84,2406
97.174,16.67,0.36,2.01,0.53,4.25,0.00,2401
97.191,16.66,0.34,1.98,1.57,4.23,0.03,2400
97.208,16.68,0.35,2.03,0.58,4.17,0.00,2399
97.224,16.67,0.35,2.01,1.62,4.13,0.03,2398
97.241,16.73,0.32,1.99,0.53,4.10,0.00,2394
97.258,16.61,0.34,1.99,1.57,4.08,0.03,2393
97.274,16.66,0.34,1.99,0.52,4.04,0.00,2389
97.291,16.68,0.32,2.03,7.40,4.00,5.78,2389
97.308,16.67,0.35,2.02,0.51,3.97,0.00,2388
97.324,16.65,0.33,1.82,1.53,3.93,0.03,2387
97.341,16.66,0.34,1.81,0.47,3.91,0.00,2386
97.358,16.68,0.34,1.83,1.56,3.86,0.03,2382
97.374,16.66,0.33,1.84,0.48,3.88,0.00,2379
97.391,16.67,0.34,1.83,1.52,3.80,0.03,2375
97.408,16.71,0.34,1.85,0.55,3.78,0.00,2363
97.424,16.62,0.34,1.22,7.38,3.73,5.78,2283
97.441,16.67,0.36,1.23,0.50,3.66,0.00,2275
97.458,16.67,0.34,0.91,1.58,3.64,0.03,2223
97.474,16.67,0.34,0.89,0.48,3.56,0.00,2222
97.491,16.68,0.38,0.91,1.53,3.53,0.04,2219
97.508,16.67,0.32,0.92,0.53,3.53,0.00,2215
97.524,16.67,0.33,0.91,1.58,3.50,0.03,2210
97.541,16.66,0.32,0.91,0.49,3.47,0.00,2205
97.558,16.68,0.34,0.92,7.28,3.44,5.69,2203
97.574,16.66,0.36,0.93,0.54,3.45,0.00,2200
97.591,16.65,0.34,0.91,1.56,3.42,0.03,2198
97.608,16.67,0.34,0.92,0.51,3.40,0.00,2198
97.624,16.69,0.34,0.90,1.55,3.37,0.03,2194
97.641,16.66,0.32,0.91,0.49,3.36,0.00,2190
97.658,16.68,0.34,0.93,1.66,3.31,0.03,2189
97.674,16.66,0.35,0.94,0.58,3.28,0.00,2186
97.691,16.66,0.34,0.91,7.46,3.28,5.87,2187
97.708,16.66,0.34,0.94,0.52,3.26,0.00,2187
97.724,16.70,0.34,0.92,1.61,3.25,0.03,2186
97.741,16.63,0.33,0.90,0.51,3.22,0.00,2184
97.758,16.67,0.32,0.91,1.54,3.20,0.03,2179
97.774,16.66,0.33,0.92,0.53,3.17,0.00,2175
97.791,16.68,0.31,0.89,1.53,3.16,0.03,2173
97.808,16.66,0.34,0.93,0.52,3.14,0.00,2172
97.824,16.67,0.36,0.94,7.36,3.14,5.71,2168
97.841,16.70,0.35,0.96,0.53,3.12,0.00,2164
97.858,16.63,0.31,0.91,1.54,3.09,0.03,2163
97.874,16.68,0.33,0.92,0.49,3.07,0.00,2161
97.891,16.66,0.33,0.91,1.54,3.04,0.03,2159
97.908,16.67,0.33,0.92,0.48,3.03,0.00,2158
97.924,16.67,0.33,0.91,1.52,3.03,0.03,2156
97.941,16.67,0.33,0.90,0.46,3.00,0.00,2152
97.958,16.67,0.32,0.91,7.28,2.96,5.72,2152
97.974,16.70,0.33,0.94,0.53,2.96,0.00,2148
97.991,16.65,0.31,0.91,1.53,2.92,0.03,2143
98.008,16.65,0.33,0.92,0.47,2.92,0.00,2140
98.024,16.68,0.34,0.93,1.59,2.91,0.03,2140
98.041,16.66,0.34,0.91,0.49,2.89,0.00,2135
98.058,16.68,0.33,0.92,1.58,2.86,0.03,2131
98.074,16.74,0.33,0.93,0.50,2.87,0.00,2121
98.091,16.59,0.32,0.92,7.23,2.83,5.65,2115
98.108,16.67,0.34,0.92,0.52,2.82,0.00,2110
98.124,16.66,0.33,0.93,1.56,2.80,0.03,2108
98.141,16.66,0.32,0.93,0.47,2.79,0.00,2104
98.158,16.67,0.33,0.91,1.55,2.75,0.03,2098
98.174,16.66,0.33,0.89,0.47,2.75,0.00,2094
98.191,16.68,0.33,0.90,1.54,2.73,0.03,2090
98.208,16.67,0.33,0.91,0.47,2.72,0.00,2085
98.224,16.67,0.31,0.91,7.32,2.68,5.74,2077
98.241,16.67,0.33,0.93,0.51,2.68,0.00,2072
98.258,16.69,0.31,0.89,1.55,2.65,0.03,2068
98.274,16.65,0.32,0.91,0.50,2.65,0.00,2062
98.291,16.67,0.30,0.91,1.53,2.63,0.03,2058
98.308,16.68,0.33,0.90,0.54,2.62,0.00,2058
98.324,16.66,0.32,0.88,1.56,2.60,0.03,2053
98.341,16.67,0.33,0.91,0.51,2.58,0.00,2045
98.358,16.68,0.33,0.89,7.17,2.57,5.60,2040
98.374,16.66,0.32,0.91,0.48,2.56,0.00,2038
98.391,16.66,0.33,0.88,1.53,2.54,0.03,2026
98.408,16.67,0.31,0.87,0.47,2.53,0.00,2023
98.424,16.67,0.32,0.89,1.54,2.51,0.03,2019
98.441,16.68,0.32,0.89,0.47,2.50,0.00,2015
98.458,16.66,0.30,0.87,1.52,2.48,0.03,2006
98.474,16.68,0.33,0.89,0.47,2.48,0.00,2001
98.491,16.67,0.34,0.91,7.38,2.44,5.75,1989
98.508,16.69,0.34,0.91,0.50,2.44,0.00,1979
98.524,16.64,0.33,0.89,1.55,2.42,0.03,1976
98.541,16.67,0.33,0.92,0.56,2.41,0.00,1970
98.558,16.68,0.30,0.88,1.57,2.40,0.03,1964
98.574,16.64,0.31,0.89,0.47,2.39,0.00,1961
98.591,16.67,0.31,0.88,1.59,2.37,0.03,1959
98.608,16.67,0.31,0.88,0.48,2.38,0.00,1944
98.624,16.68,0.30,0.89,7.21,2.36,5.63,1935
98.641,16.67,0.32,0.89,0.53,2.35,0.00,1925
98.658,16.65,0.32,0.89,1.60,2.32,0.03,1917
98.674,16.67,0.32,0.88,0.51,2.33,0.00,1913
98.691,16.67,0.30,0.86,1.52,2.31,0.03,1903
98.708,16.65,0.31,0.86,0.48,2.29,0.00,1894
98.724,16.67,0.30,0.85,1.54,2.28,0.03,1889
98.741,16.68,0.32,0.88,0.53,2.29,0.00,1884
98.758,16.66,0.31,0.86,7.35,2.25,5.77,1879
98.774,16.67,0.32,0.87,0.51,2.25,0.00,1870
98.791,16.67,0.30,0.86,1.52,2.24,0.03,1867
98.808,16.67,0.31,0.87,0.51,2.23,0.00,1863
98.825,16.69,0.31,0.86,1.54,2.22,0.03,1858
98.841,16.65,0.31,0.87,0.51,2.20,0.00,1849
98.858,16.65,0.30,0.86,1.55,2.21,0.03,1844
98.874,16.67,0.30,0.85,0.48,2.21,0.00,1838
98.891,16.67,0.30,0.85,7.21,2.18,5.63,1831
98.908,16.68,0.32,0.88,0.52,2.18,0.00,1826
98.924,16.66,0.31,0.86,1.58,2.17,0.03,1819
98.941,16.67,0.32,0.86,0.51,2.14,0.00,1818
98.958,16.66,0.30,0.84,1.52,2.14,0.03,1815
98.975,16.69,0.29,0.84,0.46,2.15,0.00,1807
98.991,16.65,0.30,0.83,1.53,2.12,0.03,1799
99.008,16.67,0.30,0.83,0.48,2.12,0.00,1790
99.025,16.67,0.29,0.84,7.35,2.10,5.76,1780
99.041,16.66,0.31,0.87,0.49,2.09,0.00,1771
99.058,16.67,0.30,0.84,1.61,2.08,0.03,1765
99.075,16.72,0.28,0.85,0.47,2.08,0.00,1756
99.091,16.63,0.28,0.82,1.52,2.07,0.03,1752
99.108,16.66,0.29,0.83,0.46,2.07,0.00,1747
99.125,16.67,0.30,0.83,1.51,2.05,0.03,1736
99.141,16.67,0.29,0.82,0.46,2.06,0.00,1722
99.158,16.67,0.28,0.81,7.20,2.06,5.61,1714
99.175,16.72,0.29,0.85,0.51,2.03,0.00,1709
99.191,16.62,0.30,0.82,1.54,2.03,0.03,1704
99.208,16.68,0.28,0.82,0.45,2.03,0.00,1693
99.225,16.66,0.34,0.83,1.54,2.02,0.03,1685
99.241,16.66,0.28,0.82,0.50,2.01,0.00,1678
99.258,16.67,0.28,0.80,1.52,2.01,0.03,1673
99.275,16.82,0.30,0.81,0.49,2.00,0.00,1663
99.291,16.51,0.30,0.81,7.27,1.97,5.71,1654
99.308,16.69,0.32,0.84,0.53,1.97,0.00,1648
99.325,16.66,0.29,0.82,1.55,1.96,0.03,1640
99.341,16.66,0.28,0.80,0.47,1.97,0.00,1634
99.358,16.68,0.29,0.79,1.51,1.97,0.03,1622
99.375,16.66,0.28,0.79,0.49,1.97,0.00,1611
99.391,16.67,0.28,0.79,1.50,1.95,0.03,1604
99.408,16.67,0.29,0.79,0.46,1.95,0.00,1599
99.425,16.68,0.31,0.78,7.24,1.94,5.65,1595
99.441,16.72,0.29,0.82,0.49,1.92,0.00,1585
99.458,16.61,0.29,0.80,1.56,1.92,0.03,1579
99.475,16.67,0.28,0.79,0.47,1.93,0.00,1574
99.491,16.68,0.28,0.78,1.52,1.91,0.03,1565
99.508,16.66,0.27,0.79,0.46,1.92,0.00,1558
99.525,16.65,0.28,0.83,1.54,1.91,0.03,1550
99.541,16.67,0.29,0.78,0.49,1.89,0.00,1539
99.558,16.66,0.28,0.78,7.33,1.90,5.77,1533
99.575,16.75,0.29,0.80,0.51,1.89,0.00,1526
99.591,16.59,0.29,0.79,1.56,1.87,0.03,1520
99.608,16.71,0.26,0.77,0.46,1.87,0.00,1511
99.625,16.62,0.28,0.76,1.52,1.89,0.03,1502
99.641,16.68,0.20,0.78,0.51,1.88,0.00,1492
99.658,16.67,0.18,0.59,1.20,1.86,0.02,1487
99.675,16.68,0.24,0.78,0.50,1.84,0.00,1482
99.691,16.65,0.22,0.79,7.34,1.84,5.76,1477
99.708,16.69,0.24,0.78,0.52,1.84,0.00,1468
99.725,16.65,0.22,0.76,1.52,1.85,0.03,1461
99.741,16.66,0.21,0.75,0.44,1.85,0.00,1452
99.758,16.67,0.21,0.75,1.51,1.85,0.03,1444
99.775,16.72,0.21,0.79,0.53,1.81,0.00,1441
99.791,16.65,0.21,0.76,1.58,1.82,0.03,1436
99.808,16.65,0.22,0.77,0.51,1.83,0.00,1430
99.825,16.64,0.21,0.76,7.39,1.82,5.78,1422
99.841,16.68,0.22,0.77,0.45,1.82,0.00,1415
99.858,16.65,0.21,0.75,1.52,1.81,0.03,1406
99.875,16.69,0.19,0.75,0.44,1.83,0.00,1397
99.891,16.68,0.20,0.75,1.53,1.79,0.03,1387
99.908,16.64,0.21,0.68,0.49,1.80,0.00,1377
99.925,16.69,0.20,0.67,1.55,1.79,0.03,1369
99.941,16.65,0.22,0.66,0.46,1.81,0.00,1363
99.958,16.67,0.20,0.67,7.17,1.79,5.64,1354
99.975,16.68,0.22,0.70,0.47,1.78,0.00,1347
99.991,16.66,0.22,0.68,1.52,1.76,0.03,1339
100.008,16.67,0.20,0.67,0.44,1.79,0.00,1329
100.025,16.68,0.18,0.66,1.48,1.78,0.03,1325
100.041,16.65,0.20,0.67,0.44,1.77,0.00,1316
100.058,16.66,0.21,0.66,1.53,1.75,0.03,1311
100.075,16.67,0.19,0.65,0.42,1.78,0.00,1303
100.091,16.67,0.20,0.67,7.26,1.75,5.74,1300
100.108,16.67,0.21,0.68,0.47,1.76,0.00,1292
100.125,16.68,0.26,0.68,1.54,1.74,0.03,1284
100.141,16.67,0.21,0.66,0.45,1.74,0.00,1271
100.158,16.66,0.20,0.66,1.53,1.74,0.03,1264
100.175,16.68,0.20,0.64,0.43,1.75,0.00,1259
100.191,16.65,0.19,0.65,1.51,1.73,0.03,1252
100.208,16.71,0.20,0.65,0.47,1.74,0.00,1244
100.225,16.65,0.18,0.66,7.21,1.72,5.63,1236
100.241,16.65,0.21,0.68,0.47,1.73,0.00,1227
100.258,16.66,0.19,0.65,1.50,1.71,0.03,1218
100.275,16.67,0.20,0.63,0.45,1.73,0.00,1208
100.291,16.68,0.21,0.64,1.56,1.72,0.03,1203
100.308,16.67,0.20,0.64,0.46,1.71,0.00,1194
100.325,16.67,0.22,0.65,1.59,1.69,0.03,1186
100.341,16.67,0.20,0.66,0.51,1.70,0.00,1177
100.358,16.67,0.20,0.64,7.37,1.70,5.80,1165
100.375,16.67,0.21,0.65,0.51,1.70,0.00,1154
100.391,16.67,0.21,0.65,1.59,1.69,0.03,1145
100.408,16.66,0.21,0.65,0.49,1.69,0.00,1141
100.425,16.66,0.19,0.63,1.53,1.69,0.03,1137
100.441,16.69,0.18,0.62,0.49,1.70,0.00,1131
100.458,16.64,0.18,0.61,1.62,1.69,0.03,1122
100.475,16.68,0.21,0.64,0.52,1.68,0.00,1115
100.491,16.67,0.21,0.63,7.27,1.68,5.69,1108
100.508,16.66,0.20,0.64,0.48,1.68,0.00,1096
100.525,16.70,0.20,0.62,1.55,1.67,0.03,1091
100.541,16.64,0.20,0.63,0.50,1.68,0.00,1084
100.558,16.73,0.20,0.63,1.59,1.67,0.03,1079
100.575,16.59,0.21,0.63,0.50,1.65,0.00,1068
100.591,16.67,0.20,0.60,1.60,1.67,0.03,1060
100.608,16.68,0.19,0.62,0.54,1.66,0.00,1055
100.625,16.66,0.19,0.62,7.48,1.65,5.91,1047
100.641,16.72,0.20,0.67,0.52,1.65,0.00,1040
100.658,16.61,0.19,0.61,1.55,1.66,0.03,1029
100.675,16.68,0.18,0.62,0.51,1.66,0.00,1025
100.691,16.66,0.20,0.61,1.60,1.65,0.03,1016
100.708,16.67,0.19,0.59,0.49,1.65,0.00,1005
100.725,16.65,0.10,0.33,1.60,1.65,0.03,994
100.741,16.68,0.19,0.62,0.49,1.65,0.00,992
100.758,16.68,0.20,0.61,7.34,1.64,5.76,983
100.775,16.67,0.25,0.62,0.52,1.64,0.00,978
100.791,16.65,0.17,0.60,1.60,1.65,0.03,973
100.808,16.73,0.17,0.67,0.48,1.65,0.00,968
100.825,16.63,0.14,0.43,1.19,1.64,0.02,962
100.841,16.64,0.15,0.43,0.38,1.63,0.00,953
100.858,16.71,0.14,0.45,1.28,1.60,0.03,947
100.875,16.64,0.13,0.42,0.39,1.64,0.00,943
100.891,16.67,0.18,0.60,7.40,1.64,5.81,939
100.908,16.70,0.19,0.62,0.47,1.62,0.00,932
100.925,16.66,0.19,0.66,1.66,1.64,0.03,924
100.941,16.66,0.19,0.60,0.50,1.62,0.00,913
100.958,16.66,0.19,0.58,1.56,1.61,0.03,904
100.975,16.68,0.17,0.57,0.51,1.63,0.00,893
100.991,16.68,0.17,0.58,1.54,1.62,0.03,891
101.008,16.65,0.19,0.58,0.51,1.62,0.00,882
101.025,16.68,0.16,0.57,7.42,1.60,5.81,876
101.041,16.68,0.18,0.59,0.46,1.60,0.00,872
101.058,16.64,0.16,0.60,1.58,1.62,0.03,868
101.075,16.66,0.17,0.57,0.53,1.60,0.00,858
101.091,16.67,0.15,0.55,1.57,1.61,0.03,851
101.108,16.68,0.15,0.55,0.53,1.61,0.00,844
101.125,16.65,0.14,0.54,1.52,1.61,0.03,840
101.141,16.66,0.14,0.56,0.45,1.62,0.00,831
101.158,16.67,0.13,0.56,7.06,1.59,5.51,821
101.175,16.69,0.14,0.57,0.46,1.59,0.00,811
101.191,16.64,0.13,0.54,1.51,1.59,0.03,801
101.208,16.67,0.13,0.54,0.45,1.58,0.00,788
101.225,16.67,0.13,0.52,1.47,1.57,0.03,784
101.241,16.67,0.13,0.53,0.41,1.59,0.00,777
101.258,16.67,0.13,0.52,1.47,1.58,0.03,770
101.275,16.66,0.13,0.53,0.42,1.58,0.00,765
101.291,16.67,0.13,0.52,7.16,1.57,5.65,759
101.308,16.67,0.13,0.53,0.43,1.58,0.00,754
101.325,16.67,0.13,0.53,1.54,1.56,0.03,750
101.341,16.67,0.13,0.53,0.42,1.57,0.00,740
101.358,16.67,0.13,0.53,1.46,1.59,0.03,735
101.375,16.68,0.13,0.52,0.44,1.56,0.00,729
101.391,16.68,0.14,0.54,1.56,1.56,0.03,723
101.408,16.65,0.13,0.50,0.43,1.57,0.00,709
101.425,16.66,0.12,0.51,7.16,1.55,5.67,703
101.441,16.68,0.12,0.55,0.47,1.57,0.00,697
101.458,16.66,0.12,0.48,1.55,1.55,0.03,687
101.475,16.75,0.11,0.48,0.40,1.56,0.00,682
101.491,16.60,0.13,0.48,1.49,1.55,0.03,672
101.508,16.66,0.12,0.45,0.42,1.56,0.00,665
101.525,16.66,0.12,0.45,1.49,1.56,0.03,658
101.541,16.67,0.12,0.46,0.44,1.56,0.00,651
101.558,16.67,0.12,0.45,7.16,1.54,5.63,642
101.575,16.68,0.12,0.47,0.44,1.57,0.00,631
101.591,16.66,0.11,0.44,1.48,1.55,0.03,621
101.608,16.67,0.12,0.46,0.41,1.57,0.00,617
101.625,16.67,0.11,0.43,1.47,1.53,0.03,613
101.641,16.66,0.11,0.44,0.39,1.56,0.00,600
101.658,16.68,0.12,0.43,1.47,1.54,0.03,590
101.675,16.67,0.11,0.44,0.40,1.55,0.00,588
101.691,16.68,0.10,0.42,7.90,1.55,6.41,584
101.708,16.66,0.12,0.45,0.42,1.57,0.00,577
101.725,16.67,0.11,0.43,1.49,1.55,0.03,570
101.741,16.67,0.12,0.44,0.41,1.55,0.00,562
101.758,16.67,0.11,0.42,1.48,1.54,0.03,559
101.775,16.66,0.12,0.43,0.40,1.55,0.00,554
101.791,16.69,0.12,0.40,1.20,1.53,0.02,545
101.808,16.69,0.13,0.46,0.46,1.53,0.00,537
101.825,16.61,0.06,0.25,6.53,1.53,5.08,530
101.841,16.67,0.06,0.25,0.24,1.54,0.00,522
101.858,16.70,0.05,0.23,0.80,1.54,0.02,515
101.875,16.66,0.05,0.23,0.21,1.55,0.00,506
101.891,16.67,0.05,0.22,0.79,1.53,0.02,499
101.908,16.69,0.05,0.22,0.23,1.55,0.00,495
101.925,16.61,0.05,0.25,0.84,1.53,0.03,485
101.941,16.69,0.05,0.24,0.32,1.53,0.00,474
101.958,16.66,0.04,0.23,6.67,1.52,5.22,463
101.975,16.68,0.07,0.32,0.34,1.53,0.00,451
101.991,16.67,0.05,0.29,1.10,1.53,0.02,444
102.008,16.65,0.06,0.29,0.30,1.54,0.00,435
102.025,16.67,0.06,0.29,1.11,1.53,0.02,427
102.041,16.67,0.07,0.30,0.33,1.55,0.00,425
102.058,16.66,0.06,0.29,1.11,1.53,0.02,420
102.075,16.67,0.06,0.29,0.32,1.54,0.00,413
102.091,16.66,0.06,0.29,6.73,1.54,5.26,402
102.108,16.68,0.07,0.31,0.33,1.53,0.00,392
102.125,16.68,0.05,0.29,1.16,1.53,0.02,385
102.141,16.65,0.06,0.29,0.31,1.53,0.00,375
102.158,16.69,0.05,0.28,1.10,1.53,0.02,368
102.175,16.64,0.05,0.28,0.29,1.54,0.00,359
102.191,16.68,0.03,0.28,1.10,1.53,0.02,353
102.208,16.65,0.04,0.28,0.30,1.54,0.00,344
102.225,16.67,0.03,0.28,6.97,1.53,5.52,340
102.241,16.67,0.04,0.30,0.31,1.53,0.00,331
102.258,16.68,0.05,0.37,1.46,1.53,0.03,321
102.275,16.67,0.05,0.38,0.40,1.53,0.00,315
102.291,16.66,0.05,0.38,1.50,1.53,0.03,313
102.308,16.66,0.03,0.25,0.30,1.54,0.00,301
102.325,16.67,0.04,0.26,1.13,1.53,0.02,291
102.341,16.68,0.06,0.33,0.38,1.54,0.00,282
102.358,16.70,0.03,0.33,7.08,1.53,5.62,273
102.375,16.66,0.03,0.37,0.38,1.54,0.00,271
102.391,16.65,0.04,0.37,1.48,1.53,0.03,265
102.408,16.67,0.04,0.35,0.40,1.54,0.00,260
102.425,16.68,0.03,0.34,1.44,1.53,0.03,252
102.441,16.65,0.04,0.33,0.38,1.54,0.00,247
102.458,16.68,0.01,0.32,1.45,1.53,0.03,238
102.475,16.66,0.03,0.33,0.37,1.53,0.00,233
102.491,16.70,0.03,0.40,7.31,1.52,5.76,226
102.508,16.64,0.02,0.40,0.42,1.53,0.00,250
