t,frameMs,tickMs,buildMs,encodeMs,gpuMs,inkMs,instances
0.000,580.68,0.00,0.14,1.57,0.00,0.00,334
0.009,8.63,0.01,0.09,0.99,2.20,0.00,332
0.024,14.89,0.02,0.09,0.70,3.98,0.00,333
0.040,16.62,0.00,0.08,16.37,1.52,0.00,333
0.057,16.67,0.02,0.08,16.29,1.51,0.00,332
0.073,16.67,0.01,0.08,16.32,1.53,0.00,330
0.090,16.67,0.01,0.08,16.35,1.53,0.00,331
0.107,16.84,0.01,0.09,16.14,1.53,0.00,332
0.124,16.53,0.01,0.12,16.30,1.54,0.00,336
0.140,16.71,0.01,0.11,16.23,1.55,0.00,335
0.178,37.57,0.01,0.14,0.18,1.55,0.00,335
0.178,0.37,0.00,0.10,11.68,4.13,0.00,334
0.190,12.00,0.01,0.10,15.84,1.55,0.00,334
0.207,16.67,0.01,0.09,15.89,2.41,0.00,333
0.224,16.73,0.01,0.08,15.83,1.85,0.00,332
0.240,16.60,0.01,0.11,15.81,1.86,0.00,333
0.257,16.75,0.01,0.11,15.80,1.90,0.00,332
0.274,16.67,0.01,0.13,15.80,1.88,0.00,332
0.290,16.66,0.01,0.13,15.95,1.87,0.00,332
0.307,16.61,0.02,0.24,16.11,1.89,0.00,332
0.324,16.69,0.05,0.23,16.20,1.78,0.00,332
0.340,16.70,0.03,0.29,16.10,1.59,0.00,330
0.357,16.65,0.04,0.40,16.04,1.59,0.00,329
0.374,16.67,0.04,0.53,16.00,1.63,0.00,328
0.390,16.74,0.03,0.55,15.59,1.61,0.00,329
0.407,16.58,0.03,0.53,16.04,2.08,0.00,328
0.424,16.77,0.04,0.61,15.67,1.63,0.00,326
0.440,16.59,0.03,0.56,15.83,1.63,0.00,326
0.457,16.63,0.04,0.54,15.90,1.63,0.00,327
0.474,16.65,0.03,0.63,15.82,1.64,0.00,327
0.490,16.69,0.04,0.56,15.86,1.63,0.00,327
0.508,17.59,0.04,0.51,15.06,1.63,0.00,325
0.540,32.45,0.03,0.39,0.40,1.66,0.00,322
0.557,16.71,0.02,0.29,0.31,1.66,0.00,320
0.574,16.61,0.03,0.28,0.29,1.64,0.00,319
0.590,16.74,0.03,0.41,0.39,1.63,0.00,317
0.607,16.61,0.04,0.52,0.52,1.62,0.00,317
0.624,16.67,0.04,0.52,0.51,1.62,0.00,317
0.640,16.75,0.04,0.52,0.55,1.63,0.00,316
0.657,16.59,0.04,0.52,0.47,1.62,0.00,314
0.674,16.67,0.06,0.52,0.51,1.63,0.00,313
0.690,16.66,0.04,0.42,0.39,1.62,0.00,312
0.707,16.67,0.03,0.37,0.45,1.61,0.00,310
0.724,16.68,0.04,0.49,0.53,1.59,0.00,309
0.740,16.66,0.04,0.48,0.52,1.59,0.00,309
0.757,16.66,0.04,0.49,0.52,1.57,0.00,308
0.774,16.68,0.04,0.49,0.51,1.57,0.00,308
0.790,16.66,0.04,0.52,0.55,1.56,0.00,307
0.807,16.72,0.04,0.48,0.51,1.55,0.00,303
0.824,16.61,0.04,0.48,0.50,1.57,0.00,303
0.840,16.67,0.04,0.46,0.48,1.55,0.00,303
0.857,16.66,0.04,0.49,0.50,1.55,0.00,303
0.874,16.67,0.04,0.48,0.54,1.54,0.00,301
0.890,16.67,0.04,0.49,0.51,1.55,0.00,299
0.907,16.77,0.04,0.48,0.51,1.52,0.00,299
0.924,16.56,0.04,0.50,0.51,1.51,0.00,296
0.940,16.69,0.09,0.49,0.48,1.73,0.00,296
0.957,16.65,0.04,0.49,0.45,1.50,0.00,294
0.974,16.66,0.04,0.48,0.45,1.50,0.00,295
0.990,16.67,0.04,0.48,0.45,1.49,0.00,295
1.007,16.77,0.04,0.48,0.44,1.48,0.00,294
1.024,16.61,0.06,0.49,0.49,1.48,0.00,292
1.040,16.70,0.07,0.48,0.44,1.47,0.00,290
1.057,16.71,0.04,0.49,0.45,1.46,0.00,290
1.074,16.55,0.04,0.48,0.48,1.46,0.00,289
1.090,16.67,0.04,0.48,0.45,1.46,0.00,288
1.107,16.68,0.05,0.47,0.46,1.45,0.00,284
1.124,16.66,0.04,0.48,0.47,1.47,0.00,285
1.140,16.67,0.04,0.48,0.46,1.46,0.00,284
1.157,16.67,0.04,0.50,0.53,1.45,0.00,282
1.174,16.67,0.04,0.52,0.60,1.45,0.00,279
1.190,16.73,0.04,0.49,0.52,1.44,0.00,277
1.207,16.56,0.02,0.17,0.25,1.44,0.00,277
1.224,16.67,0.02,0.17,0.23,1.44,0.00,275
1.240,16.67,0.02,0.17,0.24,1.45,0.00,275
1.257,16.67,0.02,0.18,0.25,1.44,0.00,271
1.274,16.66,0.02,0.17,0.23,1.46,0.00,267
1.290,16.66,0.02,0.17,0.25,1.45,0.00,267
1.307,16.67,0.02,0.17,0.24,1.44,0.00,266
1.324,16.67,0.02,0.17,0.24,1.44,0.00,265
1.340,16.67,0.02,0.18,0.27,1.44,0.00,263
1.357,16.67,0.02,0.17,0.26,1.43,0.00,263
1.374,16.66,0.02,0.18,0.27,1.43,0.00,262
1.390,16.68,0.02,0.18,0.25,1.43,0.00,259
1.407,16.66,0.10,0.31,0.25,1.41,0.00,309
1.424,16.67,0.04,0.24,0.25,2.35,0.00,307
1.440,16.67,0.04,0.26,0.26,2.35,0.00,307
1.457,16.66,0.04,0.24,0.26,2.34,0.00,305
1.474,16.67,0.03,0.25,0.25,2.33,0.00,302
1.490,16.67,0.03,0.25,0.26,2.33,0.00,302
1.507,16.67,0.03,0.24,0.25,2.32,0.00,302
1.524,16.67,0.04,0.27,0.27,2.31,0.00,299
1.540,16.67,0.03,0.25,0.26,2.31,0.00,299
1.557,16.66,0.05,0.25,0.24,2.31,0.00,300
1.574,16.69,0.04,0.25,0.24,2.37,0.00,300
1.590,16.65,0.03,0.25,0.24,2.36,0.00,301
1.607,16.74,0.03,0.25,0.26,2.37,0.00,301
1.624,16.61,0.03,0.24,0.25,2.38,0.00,299
1.640,16.69,0.03,0.26,0.25,2.36,0.00,326
1.657,16.64,0.03,0.26,0.23,2.41,0.00,331
1.674,16.67,0.03,0.29,0.25,2.43,0.00,332
1.690,16.77,0.03,0.26,0.23,2.44,0.00,334
1.707,16.62,0.05,0.41,0.31,2.43,0.00,337
1.724,16.67,0.05,0.41,0.35,2.43,0.00,337
1.740,16.64,0.06,0.32,0.30,2.43,0.00,338
1.757,16.65,0.04,0.27,0.27,2.43,0.00,342
1.774,16.66,0.03,0.27,0.21,2.44,0.00,347
1.790,16.70,0.03,0.30,0.23,2.43,0.00,350
1.807,16.64,0.04,0.26,0.22,2.44,0.00,353
1.824,16.71,0.03,0.28,0.24,1.84,0.00,356
1.840,16.69,0.10,0.45,0.30,1.82,0.00,360
1.857,16.64,0.03,0.26,0.20,1.85,0.00,367
1.874,16.71,0.03,0.26,0.24,1.87,0.00,370
1.890,16.60,0.02,0.23,0.17,1.89,0.00,373
1.907,16.72,0.08,0.35,0.24,1.87,0.00,444
1.924,16.62,0.03,0.28,0.24,2.11,0.00,453
1.940,16.67,0.03,0.26,0.22,2.21,0.00,459
1.957,16.68,0.03,0.28,0.22,2.21,0.00,466
1.974,16.67,0.02,0.27,0.20,2.23,0.00,468
1.990,16.68,0.03,0.28,0.21,2.22,0.00,471
2.007,16.63,0.03,0.27,0.22,2.22,0.00,475
2.024,16.74,0.03,0.27,0.24,2.25,0.00,478
2.040,16.60,0.03,0.27,0.24,2.24,0.00,480
2.057,16.68,0.04,0.27,0.22,2.25,0.00,479
2.074,16.66,0.04,0.27,0.25,2.22,0.00,481
2.090,16.67,0.04,0.29,0.27,2.23,0.00,482
2.107,16.67,0.04,0.28,0.27,2.21,0.00,485
2.124,16.64,0.03,0.29,0.27,2.21,0.00,484
2.140,16.70,0.04,0.28,0.30,2.21,0.00,487
2.157,16.65,0.04,0.28,0.26,2.21,0.00,487
2.174,16.67,0.03,0.27,0.25,2.21,0.00,489
2.190,16.83,0.05,0.28,0.27,2.21,0.00,493
2.207,16.51,0.04,0.29,0.25,2.21,0.00,491
2.224,16.71,0.03,0.27,0.23,2.20,0.00,494
2.240,16.62,0.03,0.27,0.23,2.20,0.00,494
2.257,16.67,0.03,0.27,0.25,2.21,0.00,494
2.274,16.67,0.03,0.26,0.26,2.19,0.00,495
2.290,16.67,0.03,0.27,0.25,2.19,0.00,497
2.307,16.69,0.03,0.27,0.25,2.18,0.00,496
2.324,16.71,0.03,0.27,0.25,2.20,0.00,498
2.340,16.60,0.03,0.28,0.26,2.19,0.00,500
2.357,16.66,0.03,0.29,0.25,2.19,0.00,498
2.374,16.68,0.03,0.26,0.27,2.18,0.00,499
2.390,16.72,0.04,0.28,0.24,2.18,0.00,497
2.407,16.66,0.03,0.29,0.24,2.17,0.00,498
2.424,16.63,0.03,0.30,0.36,2.16,0.00,499
2.440,16.67,0.04,0.29,0.26,2.14,0.00,497
2.457,16.69,0.05,0.44,0.32,2.13,0.00,494
2.474,16.67,0.04,0.31,0.23,2.15,0.00,496
2.490,16.70,0.04,0.30,0.21,2.13,0.00,499
2.507,16.64,0.04,0.45,0.31,2.13,0.00,498
2.524,16.67,0.04,0.41,0.29,2.12,0.00,496
2.540,16.74,0.05,0.57,0.36,2.11,0.00,496
2.557,16.61,0.06,0.59,0.37,2.10,0.00,494
2.574,16.63,0.05,0.57,0.35,2.08,0.00,491
2.591,16.81,0.05,0.57,0.37,2.07,0.00,486
2.607,16.57,0.05,0.58,0.31,2.06,0.00,489
2.624,16.66,0.05,0.57,0.34,2.09,0.00,489
2.640,16.65,0.05,0.56,0.31,2.07,0.00,488
2.657,16.77,0.05,0.58,0.38,2.07,0.00,483
2.674,16.57,0.05,0.58,0.32,2.05,0.00,481
2.690,16.65,0.06,0.57,0.32,2.04,0.00,481
2.707,16.73,0.05,0.57,0.31,2.03,0.00,481
2.724,16.63,0.05,0.56,0.33,2.03,0.00,477
2.740,16.70,0.06,0.59,0.34,2.02,0.00,474
2.757,16.61,0.05,0.57,0.31,2.01,0.00,472
2.774,16.66,0.05,0.56,0.33,2.03,0.00,468
2.790,16.74,0.05,0.58,0.31,2.02,0.00,465
2.807,16.67,0.04,0.58,0.32,2.00,0.00,460
2.824,16.61,0.04,0.54,0.30,2.00,0.00,457
2.840,16.67,0.05,0.56,0.32,2.00,0.00,453
2.857,16.67,0.05,0.58,0.33,1.98,0.00,449
2.874,16.67,0.05,2.09,0.60,1.97,0.00,442
2.890,16.66,0.07,0.59,0.39,1.96,0.00,437
2.907,16.66,0.05,0.54,0.36,1.96,0.00,431
2.924,16.68,0.05,0.54,0.34,1.70,0.00,431
2.940,16.66,0.06,0.54,0.36,1.69,0.00,431
2.957,16.67,0.04,0.53,0.31,1.69,0.00,429
2.974,16.67,0.06,0.54,0.37,1.69,0.00,426
2.990,16.67,0.05,0.53,0.36,1.68,0.00,424
3.007,16.67,0.05,0.58,0.43,1.68,0.00,423
3.024,16.67,0.05,0.55,0.37,1.69,0.00,422
3.040,16.73,0.05,0.53,0.36,1.69,0.00,419
3.057,16.60,0.08,0.73,0.34,1.69,0.00,475
3.074,16.70,0.08,0.94,0.47,2.58,0.00,475
3.090,16.69,0.08,0.98,0.50,2.58,0.00,471
3.107,16.65,0.10,0.98,0.46,2.57,0.00,468
3.124,16.74,0.08,0.98,0.48,2.57,0.00,466
3.140,16.58,0.08,0.96,0.48,2.56,0.00,465
3.157,16.67,0.10,0.97,0.51,2.56,0.00,462
3.174,16.68,0.09,0.95,0.47,2.55,0.00,459
3.191,16.81,0.08,0.98,0.49,2.56,0.00,458
3.207,16.62,0.09,0.97,0.49,2.54,0.00,460
3.224,16.67,0.08,0.99,0.50,2.60,0.00,456
3.240,16.61,0.08,0.98,0.52,2.60,0.00,455
3.257,16.64,0.08,0.97,0.49,2.62,0.00,450
3.274,16.77,0.11,1.23,1.54,2.63,0.00,449
3.291,16.64,0.09,1.05,0.56,2.63,0.00,459
3.307,16.59,0.08,0.97,0.51,2.67,0.00,460
3.324,16.66,0.08,0.96,0.46,2.68,0.00,462
3.341,16.75,0.08,0.98,0.48,2.70,0.00,459
3.357,16.59,0.08,0.98,0.46,2.69,0.00,458
3.374,16.73,0.08,0.79,0.51,2.66,0.00,444
3.391,16.67,0.08,0.79,0.48,2.64,0.00,446
3.407,16.59,0.09,0.79,0.48,2.64,0.00,447
3.424,16.66,0.07,0.86,0.49,2.65,0.00,448
3.440,16.68,0.08,0.78,0.50,2.64,0.00,452
3.457,16.73,0.07,0.76,0.46,2.65,0.00,454
3.474,16.59,0.07,0.77,0.50,2.08,0.00,454
3.490,16.68,0.07,0.82,0.48,2.08,0.00,455
3.507,16.65,0.05,0.41,0.32,2.07,0.00,458
3.524,16.77,0.04,0.32,0.26,2.11,0.00,462
3.540,16.58,0.07,0.77,0.51,2.10,0.00,464
3.557,16.75,0.06,0.59,0.59,2.10,0.00,467
3.574,16.58,0.07,0.80,0.54,2.10,0.00,471
3.591,16.78,0.08,0.79,0.51,2.10,0.00,474
3.607,16.56,0.08,0.78,0.50,2.11,0.00,476
3.624,16.67,0.07,0.81,0.48,2.12,0.00,478
3.641,16.70,0.07,0.78,0.51,2.11,0.00,479
3.657,16.69,0.09,0.80,0.51,2.12,0.00,480
3.674,16.71,0.08,0.82,0.51,2.15,0.00,482
3.690,16.56,0.08,0.79,0.50,2.15,0.00,483
3.707,16.73,0.07,0.77,0.49,2.14,0.00,484
3.724,16.67,0.07,0.81,0.50,2.15,0.00,487
3.741,16.66,0.07,0.79,0.50,2.15,0.00,487
3.757,16.66,0.07,0.77,0.52,2.16,0.00,487
3.774,16.62,0.07,0.77,0.49,2.15,0.00,491
3.791,16.67,0.07,0.80,0.51,2.16,0.00,495
3.807,16.68,0.08,0.80,0.49,2.16,0.00,496
3.824,16.67,0.08,0.78,0.51,2.20,0.00,496
3.841,16.77,0.07,0.78,0.49,2.19,0.00,497
3.857,16.55,0.08,0.78,0.50,2.20,0.00,497
3.874,16.67,0.07,0.71,0.54,2.18,0.00,496
3.891,16.74,0.07,0.70,0.49,2.19,0.00,489
3.907,16.71,0.26,0.80,0.52,2.18,0.00,573
3.924,16.65,0.13,0.82,0.49,2.35,0.00,580
3.941,16.68,0.11,0.79,0.50,2.47,0.00,579
3.957,16.56,0.11,0.79,0.50,2.46,0.00,576
3.974,16.76,0.11,0.81,0.52,2.47,0.00,575
3.991,16.59,0.13,0.80,0.57,2.45,0.00,575
4.007,16.67,0.12,0.79,0.50,2.43,0.00,572
4.024,16.74,0.11,0.80,0.50,2.44,0.00,571
4.041,16.59,0.11,0.80,0.51,2.44,0.00,569
4.057,16.66,0.10,0.80,0.51,2.43,0.00,569
4.074,16.68,0.12,0.80,0.52,2.43,0.00,570
4.091,16.66,0.11,0.79,0.49,2.43,0.00,567
4.107,16.69,0.11,0.79,0.48,2.41,0.00,567
4.124,16.64,0.10,0.82,0.52,2.44,0.00,568
4.141,16.74,0.11,0.79,0.50,2.43,0.00,565
4.157,16.60,0.12,0.81,0.48,2.42,0.00,563
4.174,16.73,0.11,0.80,0.51,2.42,0.00,561
4.191,16.60,0.11,0.81,0.49,2.42,0.00,559
4.207,16.68,0.10,0.81,0.48,2.39,0.00,557
4.224,16.72,0.11,0.81,0.49,2.39,0.00,556
4.241,16.58,0.06,0.33,0.27,2.38,0.00,554
4.257,16.80,0.06,0.28,0.36,2.37,0.00,551
4.274,16.52,0.06,0.33,0.25,2.39,0.00,551
4.291,16.75,0.06,0.44,0.32,2.38,0.00,550
4.307,16.59,0.08,0.63,0.52,2.37,0.00,547
4.324,16.68,0.13,0.82,0.51,2.37,0.00,541
4.341,16.66,0.11,0.77,0.43,2.35,0.00,541
4.357,16.81,0.11,0.82,0.48,2.33,0.00,540
4.374,16.62,0.11,0.79,0.48,2.33,0.00,539
4.391,16.57,0.06,0.33,0.27,2.32,0.00,538
4.407,16.66,0.05,0.28,0.26,2.31,0.00,536
4.424,16.71,0.11,0.81,0.46,2.33,0.00,535
4.441,16.67,0.10,0.79,0.46,2.31,0.00,531
4.457,16.68,0.11,0.80,0.43,2.30,0.00,527
4.474,16.66,0.10,0.79,0.42,2.29,0.00,525
4.491,16.64,0.11,0.76,0.41,2.27,0.00,522
4.507,16.66,0.10,0.80,0.45,2.25,0.00,520
4.524,16.69,0.10,0.78,0.44,2.26,0.00,515
4.541,16.65,0.10,0.75,0.40,2.25,0.00,512
4.557,16.80,0.10,0.76,0.41,2.24,0.00,508
4.574,16.54,0.09,0.75,0.41,1.89,0.00,504
4.591,16.69,0.11,0.76,0.52,1.88,0.00,503
4.607,16.67,0.11,0.75,0.50,1.86,0.00,502
4.624,16.67,0.11,0.76,0.49,1.86,0.00,502
4.641,16.65,0.10,0.76,0.48,1.85,0.00,500
4.657,16.66,0.08,0.57,0.39,1.86,0.00,499
4.674,16.69,0.07,0.41,0.30,1.85,0.00,498
4.691,16.66,0.07,0.41,0.30,1.84,0.00,498
4.707,16.67,0.07,0.40,0.30,1.85,0.00,498
4.724,16.66,0.12,0.76,0.44,1.86,0.00,498
4.741,16.68,0.10,0.74,0.44,1.86,0.00,495
4.757,16.66,0.10,0.76,0.46,1.85,0.00,493
4.774,16.80,0.11,0.76,0.44,1.85,0.00,491
4.791,16.58,0.08,0.56,0.32,1.85,0.00,488
4.807,16.66,0.08,0.56,0.33,1.84,0.00,486
4.824,16.68,0.07,0.56,0.34,1.83,0.00,483
4.841,16.69,0.08,0.56,0.38,1.83,0.00,482
4.857,16.58,0.05,0.32,0.25,1.83,0.00,478
4.874,16.76,0.08,0.57,0.35,1.84,0.00,475
4.891,16.61,0.10,0.76,0.42,1.84,0.00,473
4.907,16.66,0.10,0.74,0.49,1.82,0.00,469
4.924,16.70,0.08,0.76,0.49,1.83,0.00,466
4.941,16.64,0.08,0.76,0.48,1.80,0.00,464
4.957,16.66,0.07,0.79,0.47,1.80,0.00,458
4.974,16.75,0.07,0.84,0.54,1.79,0.00,457
4.991,16.60,0.07,0.75,0.44,1.77,0.00,453
5.007,16.71,0.08,0.77,0.50,1.77,0.00,446
5.024,16.68,0.07,0.59,0.52,1.76,0.00,431
5.041,16.57,0.06,0.41,0.39,1.73,0.00,430
5.057,16.77,0.07,0.43,0.39,1.72,0.00,426
5.074,16.64,0.06,0.45,0.39,1.72,0.00,424
5.091,16.62,0.09,0.56,0.52,1.71,0.00,421
5.107,16.67,0.08,0.58,0.52,1.69,0.00,419
5.124,16.66,0.09,0.56,0.52,1.66,0.00,418
5.141,16.72,0.07,0.54,0.49,1.65,0.00,415
5.157,16.60,0.14,0.77,0.40,1.65,0.00,464
5.174,16.67,0.12,0.77,0.40,2.55,0.00,463
5.191,16.72,0.11,0.78,0.42,2.55,0.00,463
5.207,16.65,0.12,0.78,0.47,2.52,0.00,459
5.224,16.64,0.12,0.78,0.39,2.52,0.00,458
5.241,16.69,0.11,0.77,0.40,2.54,0.00,457
5.257,16.64,0.12,0.78,0.37,2.53,0.00,457
5.274,16.68,0.13,0.77,0.42,2.52,0.00,455
5.291,16.67,0.13,0.78,0.43,2.50,0.00,455
5.307,16.66,0.12,0.77,0.38,2.50,0.00,454
5.324,16.68,0.12,0.81,0.39,2.49,0.00,454
5.341,16.66,0.13,0.79,0.40,2.48,0.00,459
5.357,16.69,0.10,0.79,0.37,2.48,0.00,459
5.374,16.65,0.10,0.78,0.37,2.49,0.00,458
5.391,16.67,0.11,0.78,0.37,2.47,0.00,460
5.407,16.65,0.11,0.79,0.37,2.48,0.00,462
5.424,16.68,0.11,0.78,0.36,2.48,0.00,463
5.441,16.67,0.12,0.80,0.43,2.49,0.00,461
5.457,16.66,0.12,0.81,0.38,2.48,0.00,463
5.474,16.68,0.11,0.80,0.38,2.51,0.00,465
5.491,16.67,0.12,0.80,0.39,2.52,0.00,467
5.507,16.68,0.10,0.80,0.40,2.51,0.00,465
5.524,16.65,0.12,0.80,0.38,2.51,0.00,466
5.541,16.66,0.12,0.80,0.40,2.51,0.00,466
5.557,16.67,0.12,0.79,0.37,2.51,0.00,464
5.574,16.76,0.10,0.81,0.42,1.91,0.00,465
5.591,16.58,0.12,0.81,0.38,1.90,0.00,467
5.607,16.69,0.11,0.80,0.38,1.94,0.00,468
5.624,16.64,0.11,0.81,0.38,1.97,0.00,471
5.641,16.67,0.11,0.78,0.37,1.97,0.00,472
5.657,16.69,0.10,0.82,0.38,1.98,0.00,473
5.674,16.65,0.11,0.79,0.40,1.95,0.00,474
5.691,16.68,0.16,0.81,0.40,1.97,0.00,475
5.707,16.70,0.10,0.79,0.40,1.99,0.00,474
5.724,16.64,0.11,0.79,0.38,1.99,0.00,474
5.741,16.68,0.11,0.79,0.44,2.00,0.00,476
5.757,16.69,0.11,0.82,0.43,2.01,0.00,476
5.774,16.63,0.12,0.80,0.39,2.04,0.00,474
5.791,16.67,0.11,0.82,0.43,2.04,0.00,474
5.807,16.68,0.11,0.79,0.39,2.04,0.00,477
5.824,16.66,0.11,0.79,0.37,2.03,0.00,478
5.841,16.66,0.11,0.79,0.37,2.03,0.00,479
5.857,16.71,0.10,0.79,0.40,2.07,0.00,482
5.874,16.72,0.11,0.76,0.42,2.05,0.00,484
5.891,16.58,0.12,0.75,0.39,2.08,0.00,484
5.907,16.68,0.24,0.83,0.39,2.07,0.00,545
5.924,16.65,0.11,0.84,0.37,2.29,0.00,551
5.941,16.70,0.13,0.83,0.41,2.35,0.00,551
5.957,16.74,0.11,0.84,0.45,2.35,0.00,551
5.974,16.59,0.12,0.87,0.45,2.35,0.00,551
5.991,16.66,0.12,0.84,0.39,2.35,0.00,552
6.007,16.67,0.11,0.84,0.39,2.36,0.00,554
6.024,16.68,0.11,0.83,0.40,2.36,0.00,555
6.041,16.66,0.12,0.86,0.47,2.37,0.00,556
6.057,16.69,0.10,0.84,0.40,2.37,0.00,555
6.074,16.64,0.12,0.87,0.42,2.39,0.00,555
6.091,16.67,0.12,0.86,0.44,2.39,0.00,553
6.107,16.66,0.13,0.84,0.41,2.38,0.00,550
6.124,16.67,0.12,0.83,0.38,2.40,0.00,554
6.141,16.68,0.10,0.84,0.37,2.39,0.00,552
6.157,16.68,0.10,0.87,0.44,2.39,0.00,553
6.174,16.63,0.11,0.85,0.41,2.39,0.00,553
6.191,16.76,0.11,0.92,0.51,2.38,0.00,554
6.207,16.60,0.12,0.86,0.41,2.36,0.00,553
6.224,16.66,0.11,0.84,0.41,2.40,0.00,553
6.241,16.67,0.13,0.88,0.48,2.38,0.00,554
6.257,16.66,0.11,0.91,0.44,2.38,0.00,550
6.274,16.71,0.11,0.87,0.45,2.37,0.00,546
6.291,16.62,0.12,0.87,0.44,2.37,0.00,547
6.307,16.67,0.11,0.85,0.39,2.37,0.00,546
6.324,16.66,0.11,0.86,0.39,2.36,0.00,546
6.341,16.67,0.12,0.83,0.38,2.35,0.00,549
6.357,16.67,0.11,0.85,0.38,2.35,0.00,550
6.374,16.66,0.11,0.84,0.37,2.37,0.00,548
6.391,16.68,0.11,0.84,0.37,2.36,0.00,545
6.407,16.68,0.12,0.85,0.39,2.34,0.00,545
6.424,16.75,0.11,0.88,0.41,2.35,0.00,542
6.441,16.58,0.10,0.84,0.38,2.35,0.00,537
6.457,16.65,0.12,0.84,0.42,2.32,0.00,537
6.474,16.67,0.12,0.84,0.38,2.33,0.00,538
6.491,16.68,0.11,0.83,0.40,2.34,0.00,538
6.507,16.65,0.14,1.13,0.38,2.32,0.00,587
6.524,16.75,0.12,1.18,0.42,3.18,0.00,588
6.541,16.59,0.13,1.15,0.44,3.18,0.00,586
6.557,16.66,0.14,1.16,0.45,3.17,0.00,582
6.574,16.66,0.12,1.14,0.41,3.18,0.00,576
6.591,16.68,0.13,1.13,0.43,3.19,0.00,574
6.607,16.67,0.13,1.16,0.41,3.18,0.00,570
6.624,16.75,0.12,1.20,0.44,3.19,0.00,561
6.641,16.59,0.14,1.17,0.43,3.19,0.00,551
6.657,16.68,0.15,1.18,0.46,3.17,0.00,540
6.674,16.65,0.13,1.14,0.40,2.80,0.00,540
6.691,16.67,0.13,1.16,0.39,2.81,0.00,541
6.707,16.67,0.13,1.17,0.42,2.83,0.00,542
6.724,16.67,0.13,1.17,0.39,2.83,0.00,542
6.741,16.67,0.13,1.16,0.39,2.84,0.00,541
6.757,16.73,0.12,1.21,0.47,2.86,0.00,544
6.774,16.60,0.14,1.21,0.47,2.87,0.00,544
6.791,16.68,0.13,1.20,0.45,2.90,0.00,546
6.807,16.68,0.12,1.17,0.41,2.89,0.00,547
6.824,16.65,0.13,1.18,0.39,2.94,0.00,552
6.841,16.68,0.12,1.18,0.42,2.94,0.00,556
6.857,16.65,0.12,1.18,0.39,2.94,0.00,557
6.874,16.67,0.13,1.17,0.41,2.95,0.00,556
6.891,16.69,0.11,1.17,0.40,2.95,0.00,559
6.907,16.66,0.12,1.17,0.42,2.97,0.00,559
6.924,16.66,0.12,1.17,0.42,2.39,0.00,561
6.941,16.66,0.12,1.17,0.39,2.40,0.00,563
6.957,16.67,0.13,1.20,0.44,2.40,0.00,568
6.974,16.68,0.11,1.18,0.41,2.43,0.00,572
6.991,16.66,0.12,1.16,0.41,2.44,0.00,573
7.007,16.67,0.12,1.17,0.39,2.43,0.00,572
7.024,16.68,0.11,1.17,0.39,2.45,0.00,574
7.041,16.67,0.11,1.20,0.46,2.45,0.00,574
7.057,16.68,0.11,1.17,0.42,2.44,0.00,575
7.074,16.64,0.12,1.17,0.42,2.45,0.00,575
7.091,16.67,0.12,1.18,0.41,2.46,0.00,581
7.107,16.66,0.12,1.17,0.40,2.47,0.00,582
7.124,16.70,0.11,0.95,0.40,2.49,0.00,579
7.141,16.64,0.11,0.93,0.39,2.49,0.00,583
7.157,16.67,0.12,0.97,0.43,2.50,0.00,585
7.174,16.67,0.13,0.97,0.48,2.50,0.00,586
7.191,16.69,0.11,0.95,0.42,2.50,0.00,586
7.207,16.66,0.11,0.95,0.43,2.50,0.00,589
7.224,16.65,0.12,0.93,0.39,2.51,0.00,591
7.241,16.68,0.13,0.97,0.47,2.51,0.00,593
7.257,16.68,0.11,0.95,0.41,2.52,0.00,595
7.274,16.63,0.12,0.93,0.39,2.55,0.00,596
7.291,16.68,0.12,0.95,0.42,2.57,0.00,596
7.307,16.66,0.12,0.93,0.39,2.56,0.00,596
7.324,16.67,0.11,0.94,0.39,2.58,0.00,598
7.341,16.67,0.13,0.93,0.42,2.57,0.00,599
7.357,16.68,0.11,0.93,0.40,2.57,0.00,598
7.374,16.65,0.11,0.92,0.38,2.58,0.00,598
7.391,16.68,0.11,0.93,0.46,2.57,0.00,599
7.407,16.68,0.15,0.97,0.48,2.56,0.00,600
7.424,16.66,0.12,0.95,0.47,2.59,0.00,601
7.441,16.66,0.12,0.93,0.44,2.60,0.00,603
7.457,16.68,0.12,0.93,0.42,2.61,0.00,606
7.474,16.65,0.12,0.91,0.41,2.61,0.00,607
7.491,16.68,0.11,0.94,0.42,2.61,0.00,605
7.507,16.66,0.14,0.96,0.46,2.60,0.00,607
7.524,16.74,0.11,0.97,0.46,2.59,0.00,606
7.541,16.59,0.13,0.95,0.48,2.60,0.00,610
7.557,16.68,0.12,0.95,0.43,2.59,0.00,613
7.574,16.66,0.12,0.94,0.46,2.68,0.00,615
7.591,16.66,0.13,0.94,0.43,2.67,0.00,618
7.607,16.68,0.11,0.93,0.43,2.65,0.00,619
7.624,16.66,0.13,0.94,0.43,2.67,0.00,623
7.641,16.68,0.11,0.92,0.41,2.67,0.00,631
7.658,16.69,0.11,0.93,0.46,2.67,0.00,633
7.674,16.65,0.12,0.91,0.42,2.70,0.00,633
7.691,16.65,0.11,0.91,0.38,2.69,0.00,631
7.707,16.66,0.13,0.91,0.41,2.69,0.00,633
7.724,16.67,0.12,0.90,0.38,2.66,0.00,633
7.741,16.67,0.12,0.89,0.39,2.65,0.00,633
7.757,16.67,0.11,0.90,0.38,2.65,0.00,636
7.774,16.67,0.11,0.89,0.40,2.64,0.00,634
7.791,16.69,0.13,0.94,0.47,2.64,0.00,633
7.808,16.65,0.12,0.93,0.45,2.62,0.00,633
7.824,16.66,0.12,0.91,0.39,2.61,0.00,631
7.841,16.67,0.12,0.90,0.40,2.61,0.00,631
7.858,16.68,0.11,0.90,0.39,2.61,0.00,634
7.874,16.65,0.11,0.80,0.39,2.63,0.00,634
7.891,16.68,0.12,0.84,0.45,2.62,0.00,632
7.908,16.66,0.24,0.89,0.42,2.61,0.00,647
7.924,16.67,0.11,0.89,0.40,2.76,0.00,652
7.941,16.67,0.12,0.90,0.39,2.79,0.00,650
7.958,16.67,0.12,0.91,0.41,2.77,0.00,647
7.974,16.67,0.12,0.87,0.39,2.76,0.00,633
7.991,16.68,0.10,0.89,0.38,2.74,0.00,620
8.008,16.70,0.13,0.87,0.46,2.71,0.00,612
8.024,16.62,0.12,0.85,0.39,2.27,0.00,610
8.041,16.75,0.12,0.87,0.46,2.26,0.00,610
8.058,16.59,0.13,0.87,0.40,2.25,0.00,609
8.074,16.66,0.12,0.83,0.38,2.23,0.00,607
8.091,16.67,0.12,0.87,0.39,2.22,0.00,607
8.108,16.67,0.13,0.88,0.44,2.20,0.00,607
8.124,16.81,0.11,0.86,0.42,2.18,0.00,607
8.141,16.52,0.12,0.86,0.40,2.17,0.00,607
8.158,16.67,0.12,0.85,0.41,2.17,0.00,607
8.174,16.69,0.11,0.85,0.42,2.18,0.00,607
8.191,16.66,0.11,0.89,0.47,2.16,0.00,607
8.208,16.66,0.13,0.88,0.46,2.15,0.00,605
8.224,16.68,0.12,0.84,0.39,2.13,0.00,603
8.241,16.68,0.11,0.86,0.40,2.13,0.00,603
8.258,16.64,0.12,0.87,0.38,2.11,0.00,602
8.274,16.68,0.11,0.85,0.37,2.10,0.00,601
8.291,16.67,0.10,0.92,0.45,2.09,0.00,600
8.308,16.65,0.13,0.86,0.40,2.07,0.00,599
8.324,16.67,0.12,0.85,0.39,2.11,0.00,597
8.341,16.67,0.12,0.84,0.37,2.11,0.00,597
8.358,16.67,0.11,0.86,0.37,2.11,0.00,590
8.374,16.67,0.12,0.84,0.39,2.09,0.00,585
8.391,16.67,0.12,0.83,0.38,2.09,0.00,582
8.408,16.67,0.12,0.85,0.39,2.07,0.00,576
8.424,16.67,0.12,0.85,0.39,2.06,0.00,568
8.441,16.68,0.11,0.84,0.38,2.04,0.00,563
8.458,16.65,0.28,1.24,0.44,2.05,0.00,621
8.474,16.67,0.14,0.94,0.42,3.07,0.00,578
8.491,16.82,0.14,0.99,0.49,3.04,0.00,578
8.508,16.53,0.13,0.97,0.46,3.02,0.00,576
8.524,16.65,0.14,0.95,0.40,3.02,0.00,575
8.541,16.66,0.13,0.94,0.39,3.04,0.00,543
8.558,16.67,0.13,0.96,0.41,3.00,0.00,544
8.574,16.67,0.14,0.95,0.38,3.00,0.00,544
8.591,16.66,0.13,0.95,0.39,3.01,0.00,549
8.608,16.69,0.13,0.96,0.39,3.01,0.00,548
8.624,16.66,0.12,0.97,0.37,2.99,0.00,551
8.641,16.66,0.14,0.96,0.39,2.99,0.00,552
8.658,16.68,0.15,1.01,0.46,3.02,0.00,556
8.674,16.66,0.15,0.99,0.43,3.01,0.00,554
8.691,16.77,0.12,0.98,0.38,3.01,0.00,559
8.708,16.57,0.14,0.98,0.42,3.05,0.00,563
8.724,16.66,0.14,1.00,0.42,3.05,0.00,568
8.741,16.67,0.14,0.97,0.41,3.08,0.00,570
8.758,16.66,0.13,1.00,0.37,3.07,0.00,571
8.774,16.68,0.13,1.00,0.41,3.10,0.00,575
8.791,16.67,0.13,1.00,0.38,3.11,0.00,575
8.808,16.70,0.13,1.04,0.49,3.12,0.00,575
8.824,16.64,0.13,1.02,0.45,3.11,0.00,579
8.841,16.66,0.14,1.01,0.41,3.11,0.00,582
8.858,16.66,0.13,1.00,0.39,3.11,0.00,585
8.874,16.67,0.14,1.00,0.41,2.55,0.00,586
8.891,16.66,0.13,1.00,0.38,2.57,0.00,588
8.908,16.68,0.13,1.02,0.42,2.55,0.00,595
8.924,16.66,0.13,1.01,0.40,2.60,0.00,596
8.941,16.70,0.12,1.01,0.40,2.60,0.00,600
8.958,16.64,0.14,1.03,0.43,2.60,0.00,602
8.974,16.67,0.12,0.99,0.40,2.60,0.00,606
8.991,16.66,0.14,1.01,0.40,2.62,0.00,607
9.008,16.68,0.14,1.04,0.47,2.62,0.00,611
9.024,16.69,0.13,1.03,0.51,2.61,0.00,610
9.041,16.65,0.14,1.01,0.47,2.62,0.00,610
9.058,16.73,0.14,1.01,0.52,2.62,0.00,614
9.074,16.60,0.15,1.00,0.46,2.65,0.00,621
9.091,16.67,0.15,1.02,0.48,2.67,0.00,623
9.108,16.67,0.16,1.02,0.49,2.68,0.00,625
9.124,16.66,0.13,1.01,0.45,2.69,0.00,626
9.141,16.66,0.12,0.99,0.42,2.70,0.00,630
9.158,16.66,0.13,0.97,0.40,2.71,0.00,636
9.174,16.68,0.13,0.96,0.41,2.73,0.00,638
9.191,16.70,0.13,1.03,0.52,2.73,0.00,642
9.208,16.66,0.14,1.01,0.51,2.74,0.00,647
9.224,16.67,0.13,1.01,0.52,2.79,0.00,648
9.241,16.68,0.14,1.00,0.49,2.80,0.00,651
9.258,16.64,0.13,1.00,0.47,2.81,0.00,655
9.274,16.68,0.13,0.97,0.49,2.82,0.00,658
9.291,16.67,0.14,0.99,0.50,2.83,0.00,659
9.308,16.66,0.16,1.02,0.54,2.83,0.00,660
9.324,16.68,0.15,0.97,0.46,2.84,0.00,664
9.341,16.78,0.12,0.97,0.43,2.85,0.00,665
9.358,16.53,0.13,0.96,0.43,2.85,0.00,664
9.374,16.77,0.13,0.97,0.50,2.89,0.00,668
9.391,16.60,0.13,0.98,0.52,2.90,0.00,673
9.408,16.72,0.12,0.93,0.46,2.90,0.00,675
9.424,16.61,0.13,0.98,0.49,2.90,0.00,674
9.441,16.65,0.15,0.95,0.53,2.91,0.00,673
9.458,16.68,0.13,0.95,0.47,2.90,0.00,673
9.474,16.65,0.12,0.93,0.44,2.90,0.00,673
9.491,16.67,0.15,0.95,0.46,2.91,0.00,672
9.508,16.66,0.12,0.91,0.44,2.91,0.00,673
9.524,16.69,0.14,0.94,0.49,2.94,0.00,672
9.541,16.71,0.13,0.93,0.50,2.92,0.00,671
9.558,16.68,0.13,0.93,0.47,2.92,0.00,669
9.574,16.63,0.14,0.93,0.49,2.93,0.00,665
9.591,16.68,0.13,0.92,0.51,2.91,0.00,663
9.608,16.72,0.12,0.92,0.48,2.91,0.00,660
9.624,16.62,0.13,0.94,0.58,2.91,0.00,660
9.641,16.64,0.10,0.69,0.41,2.89,0.00,661
9.658,16.69,0.07,0.38,0.29,2.90,0.00,662
9.674,16.62,0.06,0.30,0.24,3.00,0.00,658
9.691,16.72,0.10,0.68,0.41,2.98,0.00,654
9.708,16.66,0.13,0.90,0.52,2.97,0.00,651
9.724,16.63,0.11,0.69,0.37,2.99,0.00,650
9.741,16.71,0.09,0.47,0.30,2.97,0.00,658
9.758,16.69,0.09,0.49,0.33,2.97,0.00,658
9.774,16.70,0.09,0.67,0.38,2.98,0.00,651
9.791,16.58,0.10,0.68,0.37,2.97,0.00,648
9.808,16.67,0.14,0.87,0.43,2.97,0.00,645
9.824,16.67,0.13,0.87,0.41,2.96,0.00,638
9.841,16.66,0.12,0.86,0.39,2.94,0.00,625
9.858,16.67,0.12,0.86,0.41,2.94,0.00,617
9.874,16.74,0.14,0.81,0.46,2.92,0.00,607
9.891,16.60,0.14,0.81,0.46,2.89,0.00,604
9.908,16.67,0.26,0.88,0.46,2.88,0.00,624
9.924,16.66,0.06,0.44,0.22,3.00,0.00,629
9.941,16.63,0.04,0.29,0.18,3.16,0.00,622
9.958,16.71,0.12,0.85,0.40,3.15,0.00,617
9.974,16.66,0.09,0.63,0.30,2.35,0.00,618
9.991,16.67,0.09,0.67,0.36,2.35,0.00,618
10.008,16.66,0.11,0.63,0.34,2.35,0.00,617
10.024,16.65,0.05,0.29,0.22,2.34,0.00,615
10.041,16.69,0.08,0.64,0.40,2.33,0.00,613
10.058,16.69,0.06,0.29,0.25,2.33,0.00,614
10.074,16.66,0.06,0.35,0.42,2.33,0.00,610
10.091,16.69,0.10,0.67,0.41,2.33,0.00,611
10.108,16.63,0.11,0.67,0.41,2.34,0.00,608
10.124,16.67,0.09,0.34,0.25,2.37,0.00,608
10.141,16.66,0.11,0.65,0.38,2.36,0.00,608
10.158,16.67,0.09,0.62,0.31,2.37,0.00,609
10.174,16.68,0.10,0.64,0.38,2.39,0.00,607
10.191,16.70,0.07,0.46,0.29,2.35,0.00,606
10.208,16.67,0.09,0.64,0.38,2.37,0.00,609
10.224,16.63,0.12,0.66,0.39,2.35,0.00,608
10.241,16.67,0.09,0.63,0.32,2.37,0.00,608
10.258,16.67,0.09,0.63,0.34,2.37,0.00,607
10.274,16.67,0.10,0.65,0.36,2.38,0.00,606
10.291,16.66,0.09,0.65,0.31,2.39,0.00,605
10.308,16.67,0.11,0.65,0.41,2.40,0.00,604
10.324,16.67,0.11,0.66,0.38,2.39,0.00,603
10.341,16.69,0.13,0.87,0.51,2.37,0.00,601
10.358,16.66,0.13,0.83,0.40,2.37,0.00,603
10.374,16.71,0.12,0.87,0.49,2.39,0.00,601
10.391,16.63,0.12,0.85,0.42,2.37,0.00,600
10.408,16.67,0.12,0.82,0.39,2.37,0.00,599
10.424,16.68,0.13,0.62,0.44,2.39,0.00,597
10.441,16.65,0.13,0.60,0.43,2.38,0.00,598
10.458,16.70,0.12,0.63,0.50,2.36,0.00,599
10.474,16.64,0.14,0.63,0.50,2.35,0.00,598
10.491,16.68,0.12,0.64,0.47,2.36,0.00,596
10.508,16.65,0.13,0.62,0.43,2.34,0.00,598
10.525,16.78,0.11,0.62,0.47,2.34,0.00,598
10.541,16.56,0.13,0.61,0.46,2.34,0.00,598
10.558,16.67,0.14,0.63,0.47,2.30,0.00,596
10.574,16.75,0.12,0.63,0.44,2.33,0.00,596
10.591,16.66,0.11,0.62,0.42,2.32,0.00,598
10.608,16.58,0.12,0.61,0.40,2.30,0.00,599
10.624,16.68,0.14,0.63,0.47,2.28,0.00,600
10.641,16.67,0.14,0.62,0.50,2.27,0.00,600
10.658,16.66,0.13,0.61,0.48,2.26,0.00,601
10.674,16.67,0.13,0.60,0.41,2.25,0.00,598
10.691,16.66,0.11,0.60,0.39,2.25,0.00,598
10.708,16.69,0.11,0.58,0.40,2.23,0.00,594
10.724,16.71,0.11,0.63,0.45,2.24,0.00,595
10.741,16.61,0.11,0.59,0.40,2.23,0.00,595
10.758,16.70,0.13,0.61,0.44,2.22,0.00,594
10.774,16.66,0.12,0.63,0.56,2.18,0.00,593
10.791,16.68,0.12,0.63,0.49,2.18,0.00,577
10.808,16.66,0.14,0.61,0.49,2.14,0.00,576
10.824,16.66,0.12,0.59,0.42,2.13,0.00,573
10.841,16.66,0.11,0.59,0.39,2.13,0.00,569
10.858,16.67,0.13,0.61,0.43,2.11,0.00,568
10.874,16.71,0.10,0.61,0.43,2.11,0.00,568
10.891,16.65,0.10,0.61,0.41,2.10,0.00,567
10.908,16.64,0.11,0.59,0.40,2.10,0.00,567
10.924,16.67,0.12,0.62,0.48,2.10,0.00,568
10.941,16.69,0.11,0.61,0.50,2.10,0.00,569
10.958,16.65,0.12,0.63,0.47,2.07,0.00,569
10.974,16.66,0.12,0.63,0.49,2.08,0.00,570
10.991,16.67,0.13,0.59,0.41,2.07,0.00,570
11.008,16.67,0.11,0.59,0.40,2.08,0.00,570
11.024,16.65,0.13,0.59,0.39,2.10,0.00,570
11.041,16.67,0.11,0.58,0.39,2.09,0.00,568
11.058,16.70,0.13,0.62,0.46,2.09,0.00,565
11.074,16.64,0.12,0.64,0.45,2.09,0.00,566
11.091,16.69,0.13,0.63,0.50,2.09,0.00,566
11.108,16.67,0.14,0.61,0.49,2.07,0.00,566
11.124,16.66,0.12,0.59,0.43,2.08,0.00,566
11.141,16.65,0.11,0.61,0.42,2.08,0.00,565
11.158,16.74,0.11,0.62,0.49,2.08,0.00,565
11.174,16.61,0.13,0.62,0.41,2.11,0.00,565
11.191,16.66,0.11,0.61,0.40,2.10,0.00,562
11.208,16.67,0.11,0.58,0.40,2.10,0.00,561
11.224,16.67,0.10,0.60,0.41,2.11,0.00,560
11.241,16.73,0.11,0.62,0.48,2.10,0.00,561
11.258,16.61,0.13,0.62,0.50,2.10,0.00,558
11.274,16.67,0.12,0.60,0.46,2.07,0.00,558
11.291,16.66,0.12,0.62,0.43,2.09,0.00,556
11.308,16.72,0.11,0.60,0.46,2.09,0.00,556
11.324,16.62,0.12,0.62,0.46,2.09,0.00,557
11.341,16.68,0.12,0.63,0.50,2.09,0.00,556
11.358,16.67,0.13,0.64,0.48,2.09,0.00,554
11.374,16.66,0.11,0.62,0.47,2.08,0.00,553
11.391,16.67,0.14,0.64,0.50,2.08,0.00,554
11.408,16.68,0.13,0.65,0.51,2.07,0.00,546
11.424,16.66,0.12,0.66,0.51,2.07,0.00,545
11.441,16.67,0.12,0.64,0.52,2.06,0.00,541
11.458,16.70,0.12,0.64,0.49,2.06,0.00,540
11.475,16.64,0.14,0.63,0.48,2.08,0.00,538
11.491,16.65,0.12,0.64,0.51,2.07,0.00,535
11.508,16.69,0.12,0.63,0.50,2.06,0.00,536
11.525,16.69,0.11,0.64,0.50,2.05,0.00,534
11.541,16.64,0.11,0.61,0.47,2.07,0.00,534
11.558,16.67,0.07,0.34,0.30,2.04,0.00,534
11.575,16.67,0.12,0.61,0.47,2.03,0.00,531
11.591,16.69,0.10,0.64,0.49,2.03,0.00,527
11.608,16.62,0.12,0.60,0.45,2.03,0.00,525
11.625,16.68,0.12,0.61,0.40,2.05,0.00,525
11.641,16.68,0.10,0.61,0.41,2.04,0.00,523
11.658,16.64,0.12,0.61,0.43,2.03,0.00,522
11.675,16.72,0.11,0.60,0.47,2.04,0.00,515
11.691,16.64,0.10,0.61,0.40,2.03,0.00,514
11.708,16.69,0.11,0.63,0.51,2.03,0.00,512
11.725,16.63,0.16,0.64,0.49,2.02,0.00,510
11.741,16.67,0.11,0.62,0.49,2.01,0.00,509
11.758,16.66,0.14,0.62,0.49,1.99,0.00,507
11.775,16.66,0.11,0.58,0.39,2.02,0.00,506
11.791,16.68,0.12,0.64,0.46,2.01,0.00,504
11.808,16.66,0.12,0.62,0.46,2.00,0.00,503
11.825,16.67,0.11,0.60,0.43,2.00,0.00,500
11.841,16.68,0.10,0.60,0.40,2.00,0.00,499
11.858,16.68,0.13,0.62,0.50,2.00,0.00,498
11.875,16.65,0.13,0.53,0.50,1.99,0.00,497
11.891,16.66,0.13,0.53,0.50,1.98,0.00,496
11.908,16.72,0.26,0.61,0.44,1.98,0.00,515
11.925,16.62,0.12,0.58,0.43,2.15,0.00,514
11.941,16.69,0.11,0.59,0.41,2.15,0.00,513
11.958,16.64,0.11,0.57,0.39,2.14,0.00,511
11.975,16.67,0.12,0.60,0.47,2.13,0.00,511
11.991,16.67,0.10,0.58,0.39,2.13,0.00,509
12.008,16.68,0.12,0.61,0.48,2.11,0.00,508
12.025,16.67,0.10,0.60,0.46,2.11,0.00,504
12.041,16.67,0.10,0.59,0.44,2.10,0.00,503
12.058,16.65,0.16,0.92,0.50,2.08,0.00,537
12.075,16.68,0.14,0.90,0.46,2.94,0.00,540
12.091,16.65,0.13,0.89,0.40,2.99,0.00,542
12.108,16.66,0.13,0.90,0.41,2.99,0.00,540
12.125,16.69,0.11,0.90,0.39,2.99,0.00,538
12.141,16.65,0.13,0.91,0.38,2.99,0.00,539
12.158,16.67,0.13,0.92,0.44,2.99,0.00,536
12.175,16.72,0.14,0.94,0.51,2.99,0.00,536
12.191,16.63,0.14,0.99,0.48,2.98,0.00,534
12.208,16.69,0.13,0.94,0.47,2.98,0.00,533
12.225,16.64,0.12,0.94,0.45,2.99,0.00,532
12.241,16.67,0.14,0.94,0.42,2.99,0.00,533
12.258,16.73,0.13,0.96,0.47,3.00,0.00,530
12.275,16.60,0.13,0.93,0.45,2.99,0.00,528
12.291,16.67,0.14,0.95,0.46,2.98,0.00,524
12.308,16.66,0.12,0.92,0.40,2.97,0.00,520
12.325,16.68,0.14,0.95,0.45,2.97,0.00,522
12.341,16.66,0.14,0.93,0.41,2.97,0.00,526
12.358,16.66,0.13,0.93,0.38,3.00,0.00,528
12.375,16.68,0.12,0.91,0.38,3.00,0.00,528
12.391,16.66,0.13,0.94,0.42,2.99,0.00,527
12.408,16.71,0.11,0.93,0.41,2.98,0.00,527
12.425,16.70,0.13,0.97,0.49,2.99,0.00,525
12.441,16.60,0.13,0.95,0.44,2.96,0.00,525
12.458,16.66,0.12,0.94,0.41,2.97,0.00,524
12.475,16.68,0.12,0.93,0.45,2.39,0.00,527
12.491,16.67,0.11,0.93,0.42,2.39,0.00,526
12.508,16.65,0.11,0.92,0.40,2.41,0.00,525
12.525,16.67,0.12,0.91,0.39,2.41,0.00,529
12.541,16.70,0.11,0.92,0.43,2.41,0.00,529
12.558,16.64,0.13,0.93,0.43,2.41,0.00,527
12.575,16.67,0.13,0.93,0.44,2.41,0.00,526
12.591,16.67,0.13,0.91,0.39,2.39,0.00,526
12.608,16.76,0.10,0.91,0.39,2.40,0.00,526
12.625,16.60,0.11,0.91,0.39,2.40,0.00,523
12.641,16.65,0.12,0.90,0.38,2.42,0.00,525
12.658,16.66,0.12,0.92,0.40,2.43,0.00,525
12.675,16.67,0.11,0.90,0.40,2.43,0.00,525
12.691,16.68,0.11,0.93,0.42,2.43,0.00,523
12.708,16.67,0.12,0.90,0.38,2.44,0.00,524
12.725,16.66,0.12,0.92,0.46,2.44,0.00,523
12.741,16.67,0.11,0.89,0.38,2.45,0.00,526
12.758,16.70,0.11,0.89,0.40,2.44,0.00,529
12.775,16.64,0.15,1.12,0.40,2.45,0.00,586
12.791,16.79,0.12,1.17,0.46,3.37,0.00,589
12.808,16.55,0.14,1.15,0.45,3.36,0.00,591
12.825,16.67,0.13,1.15,0.44,3.36,0.00,593
12.841,16.67,0.14,1.10,0.39,3.36,0.00,597
12.858,16.67,0.14,1.13,0.38,3.37,0.00,601
12.875,16.67,0.14,1.14,0.40,3.36,0.00,602
12.891,16.67,0.13,1.14,0.39,3.37,0.00,603
12.908,16.67,0.14,1.14,0.40,3.37,0.00,603
12.925,16.67,0.13,1.16,0.43,3.35,0.00,605
12.941,16.67,0.14,1.15,0.39,3.34,0.00,607
12.958,16.66,0.13,1.15,0.38,3.36,0.00,609
12.975,16.69,0.14,1.16,0.43,3.36,0.00,610
12.991,16.68,0.13,1.15,0.43,3.36,0.00,612
13.008,16.65,0.14,1.14,0.40,3.37,0.00,616
13.025,16.66,0.14,1.15,0.39,3.37,0.00,623
13.041,16.68,0.12,1.15,0.39,3.38,0.00,622
13.058,16.66,0.14,1.16,0.39,3.38,0.00,623
13.075,16.67,0.14,1.14,0.43,3.41,0.00,624
13.091,16.68,0.12,1.15,0.44,3.40,0.00,628
13.108,16.67,0.14,1.18,0.50,3.39,0.00,629
13.125,16.66,0.13,1.15,0.42,3.39,0.00,630
13.141,16.66,0.12,1.15,0.39,3.39,0.00,633
13.158,16.68,0.12,1.16,0.45,3.39,0.00,634
13.175,16.66,0.13,1.15,0.42,3.38,0.00,637
13.191,16.67,0.13,1.16,0.44,2.81,0.00,639
13.208,16.68,0.13,1.14,0.41,2.79,0.00,642
13.225,16.67,0.14,1.15,0.45,2.82,0.00,640
13.241,16.66,0.14,1.11,0.41,2.81,0.00,641
13.258,16.69,0.12,1.14,0.41,2.78,0.00,643
13.275,16.66,0.12,1.13,0.40,2.80,0.00,645
13.291,16.65,0.12,1.14,0.40,2.79,0.00,643
13.308,16.69,0.12,1.14,0.46,2.80,0.00,643
13.325,16.73,0.12,1.19,0.49,2.77,0.00,642
13.341,16.59,0.14,1.17,0.42,2.78,0.00,643
13.358,16.67,0.12,1.15,0.41,2.80,0.00,642
13.375,16.66,0.13,1.14,0.42,2.81,0.00,642
13.391,16.68,0.11,1.14,0.40,2.78,0.00,643
13.408,16.66,0.12,1.13,0.42,2.79,0.00,639
13.425,16.68,0.11,1.13,0.42,2.79,0.00,638
13.441,16.66,0.12,1.13,0.42,2.77,0.00,636
13.458,16.67,0.11,1.14,0.39,2.77,0.00,635
13.475,16.67,0.13,1.14,0.44,2.77,0.00,632
13.491,16.66,0.13,1.12,0.39,2.77,0.00,632
13.508,16.69,0.11,1.13,0.42,2.79,0.00,629
13.525,16.65,0.11,1.12,0.40,2.79,0.00,619
13.541,16.66,0.12,1.12,0.39,2.77,0.00,610
13.558,16.69,0.11,1.10,0.40,2.76,0.00,608
13.575,16.64,0.13,1.12,0.44,2.42,0.00,607
13.591,16.67,0.12,1.10,0.40,2.42,0.00,605
13.608,16.68,0.11,1.11,0.39,2.41,0.00,607
13.625,16.66,0.13,1.10,0.40,2.41,0.00,608
13.641,16.70,0.11,1.11,0.42,2.45,0.00,607
13.658,16.64,0.11,0.67,0.31,2.43,0.00,607
13.675,16.70,0.13,1.14,0.50,2.43,0.00,607
13.691,16.63,0.12,1.12,0.43,2.44,0.00,607
13.708,16.66,0.12,1.09,0.42,2.45,0.00,606
13.725,16.69,0.13,1.12,0.44,2.45,0.00,607
13.741,16.67,0.14,1.10,0.48,2.44,0.00,609
13.758,16.66,0.12,1.16,0.45,2.44,0.00,608
13.775,16.66,0.13,1.09,0.43,2.44,0.00,608
13.791,16.67,0.12,1.09,0.41,2.47,0.00,609
13.808,16.67,0.13,1.11,0.47,2.49,0.00,607
13.825,16.70,0.14,1.14,0.48,2.48,0.00,608
13.841,16.64,0.13,1.12,0.44,2.47,0.00,606
13.858,16.67,0.12,1.10,0.41,2.46,0.00,606
13.875,16.67,0.12,1.03,0.40,2.47,0.00,609
13.891,16.66,0.12,1.03,0.41,2.46,0.00,609
13.908,16.69,0.26,1.12,0.39,2.46,0.00,630
13.925,16.65,0.12,1.13,0.40,2.60,0.00,636
13.941,16.68,0.11,1.11,0.40,2.67,0.00,635
13.958,16.65,0.12,1.11,0.39,2.66,0.00,634
13.975,16.67,0.13,1.12,0.43,2.67,0.00,633
13.991,16.67,0.12,1.11,0.40,2.66,0.00,630
14.008,16.67,0.13,1.13,0.41,2.66,0.00,625
14.025,16.66,0.12,0.87,0.40,2.65,0.00,616
14.041,16.71,0.11,0.86,0.40,2.63,0.00,616
14.058,16.64,0.12,0.87,0.40,2.64,0.00,616
14.075,16.70,0.13,0.87,0.42,2.65,0.00,618
14.091,16.64,0.12,0.85,0.38,2.64,0.00,617
14.108,16.67,0.12,0.87,0.41,2.63,0.00,617
14.125,16.67,0.12,0.87,0.38,2.64,0.00,612
14.141,16.71,0.12,0.90,0.46,2.62,0.00,613
14.158,16.63,0.11,0.89,0.41,2.62,0.00,610
14.175,16.66,0.13,0.86,0.42,2.62,0.00,608
14.191,16.67,0.12,0.86,0.39,2.61,0.00,603
14.208,16.67,0.13,0.87,0.44,2.60,0.00,597
14.225,16.73,0.13,0.90,0.47,2.61,0.00,589
14.241,16.62,0.13,0.88,0.46,2.58,0.00,579
14.258,16.66,0.12,0.88,0.42,2.57,0.00,563
14.275,16.67,0.12,0.82,0.40,2.56,0.00,557
14.291,16.66,0.12,0.81,0.40,2.17,0.00,557
14.308,16.67,0.12,0.82,0.40,2.17,0.00,555
14.325,16.67,0.12,0.82,0.40,2.16,0.00,554
14.341,16.69,0.12,0.81,0.39,2.14,0.00,552
14.358,16.66,0.11,0.84,0.44,2.16,0.00,551
14.375,16.67,0.11,0.82,0.39,2.14,0.00,550
14.391,16.66,0.11,0.82,0.37,2.15,0.00,549
14.408,16.67,0.11,0.81,0.37,2.12,0.00,546
14.425,16.67,0.12,0.81,0.37,2.12,0.00,545
14.441,16.67,0.12,0.81,0.44,2.12,0.00,545
14.458,16.67,0.12,0.83,0.40,2.12,0.00,544
14.475,16.67,0.12,0.84,0.41,2.10,0.00,544
14.491,16.67,0.13,0.83,0.39,2.10,0.00,539
14.508,16.67,0.12,0.82,0.39,2.13,0.00,537
14.525,16.67,0.12,0.81,0.39,2.12,0.00,535
14.541,16.67,0.10,0.80,0.39,2.11,0.00,532
14.558,16.66,0.12,0.84,0.43,2.11,0.00,529
14.575,16.69,0.11,0.82,0.42,2.10,0.00,528
14.591,16.64,0.11,0.83,0.39,2.10,0.00,528
14.608,16.67,0.13,0.81,0.38,2.09,0.00,525
14.625,16.67,0.12,0.80,0.40,2.09,0.00,524
14.641,16.68,0.12,0.84,0.50,2.11,0.00,520
14.658,16.69,0.14,0.84,0.47,2.08,0.00,515
14.675,16.63,0.14,0.83,0.43,2.09,0.00,513
14.691,16.66,0.13,0.80,0.39,2.08,0.00,511
14.708,16.67,0.12,0.81,0.39,2.09,0.00,503
14.725,16.67,0.13,0.83,0.41,2.07,0.00,499
14.741,16.68,0.13,0.59,0.45,2.05,0.00,489
14.758,16.71,0.12,0.62,0.43,2.04,0.00,488
14.775,16.62,0.15,0.97,0.40,2.05,0.00,562
14.791,16.66,0.14,1.00,0.42,3.01,0.00,561
14.808,16.68,0.13,0.99,0.40,3.03,0.00,561
14.825,16.67,0.16,1.06,0.50,3.02,0.00,558
14.841,16.66,0.15,1.03,0.45,3.02,0.00,559
14.858,16.66,0.14,1.02,0.38,3.03,0.00,560
14.875,16.66,0.14,1.03,0.52,3.04,0.00,560
14.891,16.69,0.14,1.04,0.41,3.05,0.00,559
14.908,16.66,0.14,1.03,0.42,3.05,0.00,558
14.925,16.67,0.14,1.01,0.40,3.07,0.00,558
14.941,16.68,0.13,1.03,0.39,3.07,0.00,561
14.958,16.66,0.14,1.05,0.40,3.08,0.00,565
14.975,16.67,0.14,1.03,0.38,3.08,0.00,568
14.991,16.67,0.15,1.06,0.41,3.08,0.00,568
15.008,16.66,0.14,1.04,0.38,3.09,0.00,569
15.025,16.67,0.13,1.06,0.38,3.09,0.00,572
15.041,16.67,0.15,1.06,0.41,3.10,0.00,575
15.058,16.67,0.14,1.07,0.41,3.14,0.00,577
15.075,16.67,0.14,1.05,0.40,3.15,0.00,580
15.092,16.71,0.13,1.07,0.42,3.16,0.00,581
15.108,16.63,0.14,1.05,0.41,3.16,0.00,583
15.125,16.67,0.14,1.07,0.42,3.17,0.00,585
15.141,16.68,0.14,1.05,0.39,3.17,0.00,591
15.158,16.66,0.14,1.08,0.41,3.17,0.00,592
15.175,16.67,0.16,1.10,0.45,3.18,0.00,594
15.191,16.67,0.13,1.12,0.40,2.63,0.00,595
15.208,16.67,0.14,1.12,0.44,2.64,0.00,595
15.225,16.68,0.13,1.10,0.48,2.66,0.00,599
15.242,16.69,0.14,1.13,0.53,2.66,0.00,603
15.258,16.68,0.13,1.12,0.49,2.67,0.00,606
15.275,16.62,0.13,1.09,0.45,2.69,0.00,608
15.291,16.67,0.13,1.07,0.42,2.70,0.00,607
15.308,16.67,0.12,1.07,0.41,2.72,0.00,611
15.325,16.66,0.13,1.07,0.42,2.73,0.00,615
15.341,16.66,0.14,1.08,0.45,2.77,0.00,615
15.358,16.77,0.12,1.09,0.44,2.78,0.00,618
15.375,16.56,0.13,1.06,0.42,2.79,0.00,616
15.391,16.68,0.11,1.06,0.40,2.81,0.00,620
15.408,16.67,0.13,1.05,0.41,2.83,0.00,625
15.425,16.65,0.13,1.05,0.40,2.84,0.00,630
15.442,16.68,0.12,1.03,0.40,2.85,0.00,630
15.458,16.67,0.12,1.03,0.40,2.86,0.00,630
15.475,16.67,0.11,1.03,0.40,2.91,0.00,631
15.491,16.65,0.13,1.04,0.44,2.92,0.00,636
15.508,16.67,0.13,1.02,0.41,2.94,0.00,637
15.525,16.66,0.13,1.03,0.40,2.95,0.00,642
15.542,16.68,0.11,1.02,0.40,2.97,0.00,642
15.558,16.65,0.12,1.01,0.39,2.98,0.00,642
15.575,16.73,0.11,1.01,0.40,2.99,0.00,647
15.592,16.61,0.14,1.07,0.49,3.01,0.00,651
15.608,16.68,0.12,1.01,0.43,3.05,0.00,652
15.625,16.65,0.12,1.02,0.41,3.06,0.00,653
15.642,16.67,0.12,1.00,0.41,3.06,0.00,654
15.658,16.67,0.13,1.06,0.46,3.08,0.00,656
15.675,16.67,0.14,1.05,0.48,3.07,0.00,655
15.692,16.66,0.12,1.03,0.42,3.09,0.00,656
15.708,16.69,0.11,0.99,0.40,3.10,0.00,658
15.725,16.64,0.12,1.00,0.39,3.11,0.00,659
15.742,16.66,0.12,1.01,0.41,3.14,0.00,658
15.758,16.67,0.12,1.01,0.40,3.15,0.00,659
15.775,16.67,0.12,0.98,0.42,3.15,0.00,659
15.792,16.68,0.11,0.98,0.39,3.16,0.00,659
15.808,16.65,0.12,0.97,0.38,3.16,0.00,660
15.825,16.67,0.13,1.00,0.44,3.16,0.00,659
15.842,16.68,0.14,1.02,0.49,3.15,0.00,656
15.858,16.66,0.12,1.01,0.43,3.15,0.00,658
15.875,16.67,0.13,0.91,0.42,3.18,0.00,656
15.892,16.69,0.11,0.91,0.41,3.17,0.00,658
15.908,16.64,0.26,0.94,0.39,3.16,0.00,668
15.925,16.68,0.13,0.98,0.43,3.30,0.00,674
15.942,16.65,0.12,0.95,0.40,3.37,0.00,675
15.958,16.69,0.11,0.97,0.40,3.37,0.00,675
15.975,16.65,0.12,0.94,0.38,3.35,0.00,675
15.992,16.67,0.15,0.96,0.42,3.35,0.00,675
16.008,16.68,0.11,0.95,0.39,3.35,0.00,671
16.025,16.66,0.12,0.95,0.38,3.34,0.00,668
16.042,16.68,0.11,0.95,0.39,3.33,0.00,663
16.058,16.68,0.11,0.95,0.44,3.32,0.00,658
16.075,16.65,0.12,0.95,0.41,3.30,0.00,652
16.092,16.67,0.13,0.95,0.41,3.28,0.00,648
16.108,16.67,0.12,0.94,0.39,3.27,0.00,639
16.125,16.67,0.13,0.93,0.38,3.25,0.00,633
16.142,16.69,0.11,0.94,0.39,3.25,0.00,632
16.158,16.65,0.12,0.92,0.38,3.23,0.00,627
16.175,16.66,0.13,0.92,0.41,3.21,0.00,618
16.192,16.67,0.12,0.91,0.38,3.20,0.00,617
16.208,16.68,0.11,0.91,0.38,3.18,0.00,616
16.225,16.66,0.12,0.90,0.38,3.15,0.00,613
16.242,16.69,0.12,0.93,0.47,3.13,0.00,604
16.258,16.66,0.13,0.90,0.39,3.11,0.00,591
16.275,16.66,0.13,0.86,0.39,3.10,0.00,585
16.292,16.67,0.13,0.90,0.46,2.26,0.00,586
16.308,16.68,0.11,0.85,0.40,2.26,0.00,584
16.325,16.64,0.12,0.88,0.41,2.24,0.00,583
16.342,16.68,0.12,0.86,0.42,2.23,0.00,578
16.358,16.66,0.12,0.84,0.38,2.22,0.00,574
16.375,16.67,0.12,0.86,0.40,2.21,0.00,573
16.392,16.68,0.17,0.89,0.47,2.20,0.00,570
16.408,16.66,0.13,0.86,0.40,2.19,0.00,568
16.425,16.67,0.12,0.85,0.39,2.20,0.00,564
16.442,16.67,0.12,0.85,0.39,2.19,0.00,564
16.458,16.68,0.10,0.86,0.41,2.18,0.00,562
16.475,16.65,0.10,0.86,0.39,2.17,0.00,559
16.492,16.68,0.14,0.89,0.45,2.16,0.00,555
16.508,16.65,0.12,0.85,0.39,2.15,0.00,548
16.525,16.69,0.10,0.84,0.40,2.13,0.00,546
16.542,16.66,0.11,0.84,0.38,2.13,0.00,542
16.558,16.69,0.10,0.86,0.37,2.14,0.00,541
16.575,16.65,0.11,0.83,0.37,2.13,0.00,540
16.592,16.67,0.13,0.85,0.41,2.13,0.00,536
16.608,16.68,0.11,0.85,0.41,2.11,0.00,534
16.625,16.65,0.12,0.85,0.39,2.09,0.00,529
16.642,16.66,0.12,0.84,0.38,2.09,0.00,525
16.658,16.70,0.11,0.84,0.43,2.08,0.00,524
16.675,16.63,0.14,1.07,0.40,2.07,0.00,570
16.692,16.67,0.13,1.07,0.39,2.98,0.00,565
16.708,16.68,0.14,1.07,0.39,2.97,0.00,561
16.725,16.67,0.13,1.09,0.40,2.97,0.00,556
16.742,16.69,0.14,0.83,0.46,2.95,0.00,518
16.758,16.65,0.14,0.85,0.44,2.91,0.00,517
16.775,16.68,0.12,0.81,0.38,2.90,0.00,515
16.792,16.65,0.14,0.82,0.41,2.90,0.00,515
16.808,16.69,0.13,0.82,0.39,2.89,0.00,516
16.825,16.65,0.14,0.82,0.38,2.89,0.00,515
16.842,16.66,0.14,0.82,0.42,2.89,0.00,517
16.858,16.67,0.13,0.83,0.38,2.86,0.00,521
16.875,16.76,0.14,0.87,0.48,2.86,0.00,523
16.892,16.58,0.18,0.88,0.50,2.84,0.00,525
16.908,16.68,0.14,0.86,0.45,2.83,0.00,521
16.925,16.65,0.14,0.86,0.43,2.83,0.00,524
16.942,16.67,0.14,0.84,0.40,2.82,0.00,525
16.958,16.66,0.13,0.84,0.39,2.84,0.00,525
16.975,16.67,0.13,0.84,0.39,2.83,0.00,523
16.992,16.68,0.12,0.86,0.42,2.83,0.00,527
17.008,16.66,0.14,0.84,0.38,2.81,0.00,528
17.025,16.68,0.13,0.86,0.41,2.81,0.00,528
17.042,16.66,0.13,0.84,0.38,2.80,0.00,527
17.058,16.67,0.13,0.85,0.38,2.79,0.00,527
17.075,16.66,0.13,0.84,0.39,2.79,0.00,524
17.092,16.77,0.16,0.90,0.50,2.21,0.00,525
17.108,16.58,0.14,0.86,0.44,2.23,0.00,527
17.125,16.66,0.13,0.86,0.40,2.22,0.00,529
17.142,16.68,0.11,0.84,0.38,2.22,0.00,529
17.158,16.66,0.11,0.83,0.38,2.21,0.00,528
17.175,16.66,0.14,0.86,0.41,2.22,0.00,527
17.192,16.74,0.12,0.86,0.43,2.21,0.00,526
17.208,16.61,0.11,0.85,0.38,2.21,0.00,527
17.225,16.74,0.12,0.86,0.41,2.20,0.00,527
17.242,16.59,0.14,0.86,0.43,2.24,0.00,529
17.258,16.66,0.13,0.86,0.39,2.25,0.00,532
17.275,16.67,0.13,0.84,0.38,2.25,0.00,531
17.292,16.69,0.13,0.87,0.46,2.24,0.00,532
17.308,16.65,0.13,0.84,0.41,2.25,0.00,532
17.325,16.67,0.12,0.87,0.39,2.26,0.00,532
17.342,16.68,0.12,0.86,0.43,2.25,0.00,535
17.358,16.66,0.13,0.86,0.39,2.25,0.00,539
17.375,16.66,0.13,0.84,0.39,2.29,0.00,542
17.392,16.67,0.12,0.85,0.38,2.29,0.00,546
17.408,16.68,0.14,0.88,0.49,2.30,0.00,547
17.425,16.67,0.13,0.89,0.47,2.31,0.00,550
17.442,16.69,0.12,0.88,0.47,2.30,0.00,551
17.458,16.67,0.11,0.85,0.41,2.31,0.00,552
17.475,16.64,0.13,0.86,0.39,2.32,0.00,552
17.492,16.67,0.13,0.87,0.41,2.33,0.00,557
17.508,16.66,0.13,0.84,0.40,2.35,0.00,558
17.525,16.67,0.13,0.85,0.39,2.35,0.00,560
17.542,16.67,0.12,0.85,0.39,2.36,0.00,563
17.558,16.67,0.12,0.83,0.39,2.37,0.00,567
17.575,16.67,0.13,0.85,0.37,2.37,0.00,566
17.592,16.75,0.12,0.90,0.47,2.38,0.00,566
17.608,16.59,0.13,0.86,0.39,2.37,0.00,567
17.625,16.68,0.12,0.85,0.39,2.38,0.00,569
17.642,16.67,0.11,0.85,0.38,2.41,0.00,575
17.658,16.65,0.12,0.87,0.40,2.40,0.00,576
17.675,16.67,0.13,0.86,0.42,2.40,0.00,579
17.692,16.66,0.13,0.83,0.37,2.40,0.00,581
17.708,16.67,0.13,0.85,0.39,2.41,0.00,581
17.725,16.67,0.12,0.85,0.40,2.41,0.00,581
17.742,16.67,0.14,0.84,0.42,2.40,0.00,584
17.758,16.72,0.11,0.84,0.38,2.40,0.00,585
17.775,16.61,0.12,0.84,0.38,2.42,0.00,590
17.792,16.68,0.11,0.86,0.39,2.41,0.00,595
17.808,16.70,0.11,0.85,0.40,2.41,0.00,593
17.825,16.62,0.12,0.83,0.38,2.40,0.00,589
17.842,16.67,0.14,0.92,0.45,2.39,0.00,589
17.858,16.66,0.12,0.86,0.40,2.39,0.00,589
17.875,16.77,0.12,0.79,0.42,2.38,0.00,588
17.892,16.69,0.11,0.82,0.40,2.37,0.00,591
17.908,16.56,0.25,0.89,0.48,2.36,0.00,610
17.925,16.66,0.13,0.90,0.49,2.53,0.00,624
17.942,16.66,0.13,0.87,0.40,2.64,0.00,625
17.958,16.68,0.11,0.87,0.38,2.64,0.00,626
17.975,16.67,0.11,0.86,0.38,2.64,0.00,640
17.992,16.66,0.13,0.86,0.41,2.66,0.00,637
18.008,16.66,0.13,0.85,0.38,2.65,0.00,639
18.025,16.67,0.12,0.87,0.40,2.66,0.00,640
18.042,16.67,0.14,0.88,0.46,2.66,0.00,638
18.058,16.69,0.12,0.87,0.42,2.68,0.00,639
18.075,16.65,0.13,0.85,0.40,2.68,0.00,639
18.092,16.67,0.13,0.86,0.38,2.68,0.00,640
18.108,16.67,0.14,0.89,0.45,2.64,0.00,641
18.125,16.69,0.12,0.86,0.40,2.64,0.00,628
18.142,16.66,0.12,0.86,0.39,2.64,0.00,607
18.158,16.66,0.12,0.87,0.38,2.61,0.00,592
18.175,16.67,0.13,0.83,0.38,2.59,0.00,588
18.192,16.68,0.12,0.85,0.48,2.24,0.00,587
18.208,16.66,0.13,0.84,0.44,2.23,0.00,587
18.225,16.68,0.11,0.83,0.41,2.23,0.00,589
18.242,16.74,0.12,0.92,0.45,2.24,0.00,589
18.258,16.58,0.13,0.84,0.40,2.23,0.00,588
18.275,16.69,0.11,0.81,0.39,2.24,0.00,586
18.292,16.65,0.12,0.83,0.40,2.23,0.00,585
18.308,16.76,0.12,0.84,0.42,2.23,0.00,585
18.325,16.57,0.12,0.85,0.48,2.23,0.00,585
18.342,16.71,0.12,0.86,0.48,2.25,0.00,584
18.358,16.64,0.13,0.84,0.43,2.23,0.00,583
18.375,16.67,0.12,0.81,0.40,2.24,0.00,582
18.392,16.67,0.12,0.82,0.38,2.24,0.00,581
18.408,16.66,0.12,0.83,0.39,2.23,0.00,579
18.425,16.68,0.13,0.83,0.44,2.24,0.00,577
18.442,16.66,0.12,0.83,0.42,2.24,0.00,575
18.458,16.66,0.12,0.84,0.40,2.25,0.00,569
18.475,16.67,0.12,0.82,0.38,2.25,0.00,566
18.492,16.66,0.13,0.82,0.40,2.24,0.00,565
18.508,16.67,0.12,0.82,0.40,2.23,0.00,562
18.525,16.67,0.12,0.81,0.39,2.24,0.00,559
18.542,16.67,0.12,0.82,0.38,2.23,0.00,558
18.558,16.68,0.10,0.82,0.40,2.22,0.00,555
18.575,16.65,0.12,0.80,0.38,2.23,0.00,554
18.592,16.66,0.12,0.82,0.38,2.25,0.00,552
18.608,16.67,0.13,0.83,0.40,2.22,0.00,549
18.625,16.67,0.11,0.81,0.39,2.21,0.00,545
18.642,16.67,0.12,0.57,0.39,2.21,0.00,524
18.659,16.80,0.12,0.61,0.45,2.20,0.00,523
18.675,16.53,0.13,0.61,0.46,2.16,0.00,527
18.692,16.67,0.11,0.59,0.39,2.19,0.00,528
18.708,16.67,0.11,0.57,0.40,2.18,0.00,528
18.725,16.67,0.12,0.58,0.38,2.19,0.00,528
18.742,16.67,0.11,0.57,0.40,2.20,0.00,529
18.758,16.66,0.12,0.59,0.42,2.17,0.00,530
18.775,16.66,0.11,0.57,0.39,2.19,0.00,525
18.792,16.68,0.11,0.60,0.38,2.16,0.00,525
18.808,16.70,0.10,0.59,0.38,2.15,0.00,524
18.825,16.65,0.10,0.57,0.40,2.15,0.00,523
18.842,16.66,0.11,0.57,0.38,2.14,0.00,523
18.858,16.69,0.11,0.58,0.42,2.12,0.00,523
18.875,16.64,0.12,0.57,0.39,2.15,0.00,523
18.892,16.67,0.11,0.57,0.39,2.14,0.00,523
18.908,16.70,0.11,0.59,0.40,2.13,0.00,522
18.925,16.63,0.11,0.59,0.39,2.13,0.00,522
18.942,16.69,0.10,0.57,0.38,2.11,0.00,519
18.958,16.65,0.11,0.58,0.38,2.10,0.00,519
18.975,16.67,0.11,0.56,0.38,2.11,0.00,518
18.992,16.68,0.11,0.58,0.38,2.08,0.00,516
19.008,16.69,0.11,0.58,0.41,2.10,0.00,516
19.025,16.66,0.10,0.60,0.38,2.10,0.00,515
19.042,16.65,0.12,0.59,0.41,2.08,0.00,514
19.058,16.69,0.13,0.63,0.46,2.05,0.00,511
19.075,16.67,0.12,0.59,0.40,2.06,0.00,509
19.092,16.65,0.12,0.57,0.40,2.04,0.00,506
19.108,16.66,0.12,0.59,0.45,2.03,0.00,506
19.125,16.67,0.13,0.57,0.39,2.03,0.00,504
19.142,16.69,0.10,0.58,0.39,2.00,0.00,501
19.158,16.65,0.12,0.56,0.38,1.99,0.00,499
19.175,16.68,0.10,0.57,0.38,1.98,0.00,499
19.192,16.66,0.11,0.56,0.36,1.97,0.00,499
19.208,16.67,0.11,0.56,0.39,1.99,0.00,497
19.225,16.68,0.12,0.57,0.41,1.98,0.00,495
19.242,16.67,0.11,0.57,0.40,1.96,0.00,495
19.259,16.67,0.15,0.88,0.44,1.98,0.00,540
19.275,16.66,0.15,0.88,0.44,2.86,0.00,540
19.292,16.68,0.13,0.88,0.43,2.86,0.00,539
19.308,16.65,0.12,0.92,0.43,2.88,0.00,539
19.325,16.67,0.13,0.87,0.39,2.86,0.00,538
19.342,16.66,0.13,0.86,0.38,2.86,0.00,538
19.359,16.68,0.12,0.89,0.43,2.87,0.00,537
19.375,16.65,0.14,0.86,0.39,2.86,0.00,537
19.392,16.70,0.12,0.88,0.41,2.86,0.00,533
19.409,16.65,0.13,0.87,0.40,2.87,0.00,530
19.425,16.66,0.13,0.88,0.38,2.87,0.00,526
19.442,16.67,0.13,0.86,0.38,2.87,0.00,528
19.459,16.69,0.14,0.91,0.48,2.86,0.00,530
19.475,16.65,0.13,0.91,0.47,2.85,0.00,527
19.492,16.69,0.12,0.91,0.45,2.86,0.00,527
19.509,16.65,0.14,0.91,0.44,2.86,0.00,527
19.525,16.68,0.13,0.90,0.42,2.84,0.00,528
19.542,16.66,0.12,0.88,0.39,2.89,0.00,529
19.559,16.65,0.12,0.88,0.39,2.87,0.00,529
19.575,16.67,0.13,0.87,0.40,2.86,0.00,529
19.592,16.70,0.12,0.90,0.39,2.86,0.00,532
19.609,16.66,0.12,0.92,0.46,2.86,0.00,533
19.625,16.65,0.13,0.90,0.41,2.86,0.00,530
19.642,16.67,0.13,0.89,0.40,2.85,0.00,530
19.659,16.70,0.15,0.92,0.47,2.85,0.00,531
19.675,16.64,0.14,0.92,0.45,2.28,0.00,532
19.692,16.66,0.13,0.91,0.44,2.28,0.00,533
19.709,16.69,0.13,0.89,0.40,2.27,0.00,536
19.725,16.66,0.12,0.89,0.38,2.27,0.00,537
19.742,16.68,0.12,0.91,0.46,2.26,0.00,536
19.759,16.66,0.13,0.91,0.45,2.25,0.00,536
19.775,16.67,0.13,0.90,0.40,2.26,0.00,538
19.792,16.66,0.12,0.88,0.39,2.29,0.00,538
19.809,16.67,0.13,0.88,0.39,2.28,0.00,538
19.825,16.68,0.11,0.89,0.39,2.28,0.00,538
19.842,16.64,0.11,0.87,0.38,2.27,0.00,535
19.859,16.67,0.13,0.90,0.42,2.27,0.00,534
19.875,16.67,0.12,0.79,0.38,2.26,0.00,535
19.892,16.68,0.11,0.79,0.38,2.27,0.00,532
19.909,16.70,0.25,0.90,0.45,2.27,0.00,576
19.925,16.64,0.14,0.92,0.42,2.45,0.00,589
19.942,16.66,0.13,0.90,0.41,2.61,0.00,589
19.959,16.70,0.11,0.90,0.40,2.61,0.00,589
19.975,16.63,0.13,0.89,0.38,2.61,0.00,590
19.992,16.66,0.12,0.89,0.39,2.62,0.00,590
20.009,16.67,0.14,0.89,0.41,2.62,0.00,590
20.025,16.68,0.11,0.92,0.43,2.62,0.00,592
20.042,16.66,0.13,0.89,0.40,2.64,0.00,592
20.059,16.67,0.12,0.88,0.39,2.66,0.00,591
20.075,16.67,0.13,0.96,0.45,2.66,0.00,592
20.092,16.67,0.12,0.90,0.41,2.66,0.00,593
20.109,16.70,0.12,0.92,0.45,2.67,0.00,594
20.125,16.63,0.12,0.90,0.41,2.66,0.00,593
20.142,16.68,0.13,0.92,0.45,2.66,0.00,592
20.159,16.67,0.12,0.90,0.42,2.66,0.00,593
20.175,16.66,0.12,0.89,0.39,2.67,0.00,593
20.192,16.68,0.12,0.91,0.39,2.70,0.00,591
20.209,16.68,0.12,0.88,0.38,2.69,0.00,592
20.225,16.67,0.11,0.89,0.39,2.70,0.00,593
20.242,16.68,0.11,0.89,0.40,2.69,0.00,590
20.259,16.63,0.13,0.91,0.40,2.69,0.00,590
20.275,16.67,0.12,0.89,0.38,2.69,0.00,590
20.292,16.67,0.12,0.91,0.39,2.68,0.00,588
20.309,16.67,0.13,0.90,0.39,2.71,0.00,585
20.325,16.68,0.11,0.91,0.40,2.70,0.00,583
20.342,16.67,0.11,0.90,0.42,2.70,0.00,583
20.359,16.67,0.13,0.91,0.45,2.70,0.00,583
20.375,16.66,0.11,0.88,0.39,2.68,0.00,583
20.392,16.67,0.10,0.89,0.38,2.67,0.00,585
20.409,16.65,0.11,0.89,0.40,2.66,0.00,587
20.425,16.68,0.13,0.90,0.42,2.65,0.00,587
20.442,16.77,0.11,0.89,0.40,2.67,0.00,587
20.459,16.57,0.12,0.89,0.40,2.67,0.00,589
20.475,16.68,0.10,0.89,0.40,2.66,0.00,588
20.492,16.67,0.12,0.89,0.39,2.64,0.00,589
20.509,16.67,0.13,0.90,0.45,2.63,0.00,591
20.525,16.66,0.12,0.88,0.38,2.63,0.00,590
20.542,16.69,0.11,0.88,0.38,2.62,0.00,591
20.559,16.67,0.11,0.88,0.40,2.62,0.00,589
20.575,16.73,0.11,0.89,0.39,2.63,0.00,591
20.592,16.59,0.12,0.89,0.38,2.62,0.00,589
20.609,16.66,0.12,0.89,0.42,2.61,0.00,592
20.625,16.68,0.12,0.89,0.40,2.60,0.00,594
20.642,16.66,0.12,0.88,0.38,2.60,0.00,595
20.659,16.75,0.10,0.90,0.43,2.58,0.00,589
20.675,16.59,0.13,0.88,0.41,2.56,0.00,589
20.692,16.66,0.12,0.88,0.37,2.57,0.00,586
20.709,16.69,0.10,0.88,0.39,2.58,0.00,581
20.725,16.66,0.12,0.88,0.38,2.58,0.00,571
20.742,16.68,0.10,0.87,0.38,2.54,0.00,563
20.759,16.66,0.13,0.86,0.42,2.54,0.00,554
20.775,16.66,0.11,0.83,0.38,2.08,0.00,553
20.792,16.68,0.11,0.82,0.39,2.07,0.00,551
20.809,16.67,0.12,0.84,0.39,2.06,0.00,548
20.825,16.67,0.12,0.83,0.39,2.06,0.00,549
20.842,16.67,0.11,0.82,0.38,2.08,0.00,547
20.859,16.73,0.11,0.87,0.45,2.06,0.00,546
20.875,16.70,0.11,0.85,0.40,2.06,0.00,545
20.892,16.58,0.11,0.84,0.41,2.06,0.00,543
20.909,16.68,0.11,0.84,0.38,2.05,0.00,541
20.925,16.65,0.11,0.85,0.41,2.05,0.00,538
20.942,16.68,0.11,0.84,0.40,2.05,0.00,538
20.959,16.66,0.11,0.85,0.39,2.05,0.00,537
20.975,16.69,0.10,0.84,0.38,2.06,0.00,536
20.992,16.66,0.13,0.87,0.45,2.04,0.00,536
21.009,16.67,0.12,0.87,0.45,2.05,0.00,536
21.025,16.66,0.11,0.86,0.40,2.05,0.00,536
21.042,16.66,0.11,0.84,0.39,2.06,0.00,535
21.059,16.68,0.12,0.85,0.39,2.05,0.00,534
21.075,16.67,0.12,0.84,0.39,2.05,0.00,532
21.092,16.67,0.12,0.84,0.38,2.07,0.00,530
21.109,16.66,0.12,0.89,0.45,2.07,0.00,530
21.125,16.68,0.12,0.87,0.39,2.05,0.00,530
21.142,16.67,0.13,0.87,0.45,2.05,0.00,529
21.159,16.66,0.12,0.87,0.45,2.05,0.00,529
21.175,16.66,0.12,0.82,0.42,2.05,0.00,528
21.192,16.67,0.12,0.86,0.42,2.06,0.00,526
21.209,16.68,0.11,0.84,0.39,2.06,0.00,525
21.225,16.66,0.12,0.62,0.39,2.08,0.00,526
21.242,16.68,0.13,0.62,0.39,2.07,0.00,524
21.259,16.66,0.12,0.63,0.44,2.06,0.00,523
21.275,16.67,0.11,0.59,0.40,2.06,0.00,523
21.292,16.69,0.10,0.62,0.39,2.04,0.00,523
21.309,16.66,0.11,0.62,0.39,2.06,0.00,522
21.325,16.65,0.11,0.60,0.38,2.05,0.00,522
21.342,16.69,0.11,0.62,0.38,2.06,0.00,521
21.359,16.67,0.10,0.61,0.41,2.05,0.00,520
21.375,16.65,0.12,0.60,0.42,2.05,0.00,519
21.392,16.69,0.10,0.62,0.40,2.06,0.00,518
21.409,16.67,0.10,0.62,0.40,2.06,0.00,513
21.425,16.66,0.10,0.60,0.43,2.03,0.00,513
21.442,16.65,0.12,0.62,0.38,2.04,0.00,510
21.459,16.67,0.14,0.92,0.40,2.02,0.00,542
21.475,16.67,0.14,0.94,0.41,2.85,0.00,543
21.492,16.68,0.12,0.93,0.44,2.85,0.00,543
21.509,16.67,0.13,0.94,0.46,2.85,0.00,544
21.525,16.65,0.13,0.92,0.40,2.83,0.00,548
21.542,16.68,0.13,0.92,0.40,2.84,0.00,550
21.559,16.68,0.12,0.92,0.39,2.84,0.00,548
21.575,16.66,0.13,0.94,0.39,2.84,0.00,547
21.592,16.67,0.12,0.95,0.39,2.84,0.00,549
21.609,16.66,0.13,0.93,0.42,2.85,0.00,549
21.625,16.66,0.13,0.98,0.44,2.85,0.00,548
21.642,16.68,0.12,0.94,0.39,2.85,0.00,551
21.659,16.65,0.13,0.95,0.40,2.87,0.00,555
21.675,16.67,0.13,0.95,0.39,2.86,0.00,555
21.692,16.66,0.13,0.97,0.38,2.87,0.00,556
21.709,16.68,0.12,0.95,0.39,2.88,0.00,557
21.725,16.65,0.13,0.95,0.40,2.92,0.00,558
21.742,16.69,0.12,0.96,0.40,2.92,0.00,560
21.759,16.66,0.12,0.99,0.42,2.93,0.00,566
21.775,16.65,0.13,0.97,0.39,2.94,0.00,568
21.792,16.68,0.12,0.96,0.40,2.95,0.00,573
21.809,16.68,0.12,0.98,0.38,2.94,0.00,575
21.825,16.66,0.13,0.99,0.39,2.97,0.00,577
21.842,16.70,0.11,0.98,0.39,2.97,0.00,580
21.859,16.63,0.12,0.97,0.39,3.02,0.00,583
21.875,16.72,0.12,0.91,0.47,2.44,0.00,584
21.892,16.62,0.13,0.90,0.40,2.45,0.00,587
21.909,16.69,0.25,1.00,0.44,2.46,0.00,620
21.925,16.64,0.12,0.99,0.41,2.63,0.00,630
21.942,16.68,0.12,1.00,0.39,2.75,0.00,630
21.959,16.67,0.13,0.99,0.39,2.75,0.00,630
21.975,16.67,0.13,0.99,0.38,2.79,0.00,631
21.992,16.67,0.12,1.00,0.39,2.78,0.00,632
22.009,16.67,0.13,1.01,0.43,2.78,0.00,629
22.025,16.67,0.12,1.00,0.38,2.78,0.00,627
22.042,16.69,0.11,1.01,0.40,2.78,0.00,626
22.059,16.65,0.13,1.00,0.39,2.78,0.00,620
22.075,16.67,0.12,0.99,0.39,2.79,0.00,621
22.092,16.68,0.12,1.00,0.39,2.81,0.00,619
22.109,16.66,0.12,0.99,0.39,2.81,0.00,620
22.125,16.66,0.13,1.02,0.44,2.82,0.00,623
22.142,16.67,0.12,0.98,0.38,2.81,0.00,625
22.159,16.70,0.12,1.04,0.44,2.82,0.00,626
22.175,16.67,0.11,1.01,0.41,2.81,0.00,625
22.192,16.64,0.13,1.01,0.40,2.81,0.00,628
22.209,16.67,0.13,0.99,0.39,2.81,0.00,628
22.225,16.68,0.11,1.01,0.42,2.83,0.00,632
22.242,16.67,0.11,1.00,0.39,2.82,0.00,634
22.259,16.66,0.12,1.01,0.42,2.82,0.00,638
22.275,16.67,0.13,1.02,0.48,2.82,0.00,639
22.292,16.68,0.14,1.04,0.46,2.81,0.00,640
22.309,16.68,0.12,1.02,0.47,2.82,0.00,640
22.325,16.66,0.13,1.04,0.49,2.80,0.00,642
22.342,16.65,0.14,1.02,0.47,2.83,0.00,641
22.359,16.67,0.12,1.02,0.47,2.80,0.00,644
22.375,16.68,0.13,1.03,0.53,2.79,0.00,649
22.392,16.71,0.12,1.04,0.51,2.81,0.00,654
22.409,16.66,0.12,1.00,0.49,2.80,0.00,653
22.426,16.71,0.12,1.03,0.50,2.78,0.00,653
22.442,16.62,0.16,1.03,0.50,2.78,0.00,653
22.459,16.63,0.14,1.03,0.48,2.78,0.00,651
22.475,16.71,0.13,1.02,0.54,2.80,0.00,650
22.492,16.65,0.13,1.07,0.51,2.78,0.00,652
22.509,16.65,0.12,1.02,0.49,2.78,0.00,649
22.525,16.71,0.12,0.98,0.48,2.78,0.00,646
22.542,16.63,0.15,1.03,0.52,2.76,0.00,647
22.559,16.71,0.14,1.00,0.51,2.74,0.00,644
22.575,16.62,0.12,1.01,0.50,2.76,0.00,642
22.592,16.68,0.15,1.01,0.52,2.76,0.00,641
22.609,16.66,0.12,0.97,0.46,2.76,0.00,639
22.625,16.69,0.12,1.01,0.53,2.74,0.00,636
22.642,16.65,0.12,1.01,0.51,2.75,0.00,633
22.659,16.66,0.13,0.99,0.46,2.74,0.00,632
22.675,16.67,0.13,0.96,0.40,2.73,0.00,636
22.692,16.68,0.11,0.97,0.39,2.76,0.00,634
22.709,16.65,0.11,0.97,0.39,2.80,0.00,629
22.725,16.67,0.12,0.96,0.40,2.78,0.00,622
22.742,16.66,0.12,0.97,0.42,2.75,0.00,614
22.759,16.70,0.13,0.97,0.42,2.76,0.00,612
22.775,16.64,0.12,0.95,0.39,2.76,0.00,609
22.792,16.70,0.11,0.96,0.40,2.75,0.00,603
22.809,16.65,0.11,0.94,0.40,2.75,0.00,600
22.825,16.66,0.12,0.94,0.38,2.74,0.00,597
22.842,16.66,0.11,0.94,0.37,2.76,0.00,594
22.859,16.67,0.12,0.95,0.41,2.75,0.00,590
22.875,16.67,0.12,0.94,0.41,2.75,0.00,587
22.892,16.70,0.11,0.93,0.38,2.74,0.00,585
22.909,16.64,0.12,0.93,0.37,2.74,0.00,585
22.925,16.69,0.11,0.93,0.43,2.73,0.00,584
22.942,16.65,0.18,1.33,0.40,2.70,0.00,644
22.959,16.67,0.14,1.33,0.39,3.67,0.00,640
22.975,16.68,0.13,1.31,0.39,3.25,0.00,640
22.992,16.65,0.14,1.32,0.39,3.25,0.00,640
23.009,16.68,0.13,1.32,0.40,3.24,0.00,641
23.026,16.69,0.13,1.33,0.40,3.24,0.00,638
23.042,16.63,0.14,1.34,0.40,3.23,0.00,637
23.059,16.67,0.13,1.34,0.38,3.23,0.00,635
23.075,16.67,0.14,1.32,0.38,3.22,0.00,634
23.092,16.66,0.14,1.33,0.38,3.23,0.00,633
23.109,16.67,0.15,1.35,0.42,3.23,0.00,636
23.125,16.67,0.13,1.37,0.44,3.24,0.00,634
23.142,16.66,0.14,1.34,0.39,3.23,0.00,632
23.159,16.67,0.13,1.33,0.39,3.23,0.00,631
23.175,16.67,0.14,1.33,0.43,3.22,0.00,627
23.192,16.68,0.13,1.34,0.41,3.21,0.00,628
23.209,16.65,0.14,1.34,0.38,3.25,0.00,632
23.226,16.69,0.14,1.35,0.40,3.25,0.00,632
23.242,16.78,0.14,1.39,0.47,3.25,0.00,632
23.259,16.56,0.13,1.35,0.48,3.25,0.00,633
23.276,16.65,0.15,1.39,0.46,3.24,0.00,634
23.292,16.69,0.13,1.42,0.44,3.25,0.00,635
23.309,16.66,0.14,1.39,0.47,3.25,0.00,635
23.326,16.64,0.14,1.39,0.42,3.29,0.00,632
23.342,16.67,0.13,1.36,0.41,3.28,0.00,632
23.359,16.67,0.13,1.35,0.40,2.71,0.00,634
23.376,16.67,0.14,1.37,0.43,2.71,0.00,629
23.392,16.70,0.12,1.37,0.40,2.72,0.00,626
23.409,16.66,0.13,1.35,0.41,2.71,0.00,621
23.426,16.64,0.17,1.07,0.43,2.71,0.00,607
23.442,16.80,0.12,1.09,0.44,2.70,0.00,612
23.459,16.53,0.17,1.05,0.44,2.75,0.00,611
23.476,16.68,0.14,1.06,0.44,2.74,0.00,610
23.492,16.80,0.13,1.07,0.44,2.75,0.00,612
23.509,16.56,0.13,1.08,0.47,2.75,0.00,613
23.526,16.64,0.14,1.11,0.49,2.76,0.00,617
23.542,16.64,0.13,1.06,0.43,2.78,0.00,613
23.559,16.68,0.14,1.07,0.43,2.79,0.00,621
23.576,16.66,0.13,1.05,0.41,2.83,0.00,621
23.592,16.70,0.12,1.06,0.43,2.84,0.00,623
23.609,16.64,0.13,1.03,0.41,2.85,0.00,622
23.626,16.69,0.14,1.05,0.44,2.86,0.00,623
23.642,16.67,0.11,1.03,0.39,2.87,0.00,625
23.659,16.65,0.12,1.03,0.39,2.88,0.00,628
23.676,16.67,0.13,1.02,0.43,2.90,0.00,629
23.692,16.67,0.13,1.02,0.40,2.91,0.00,638
23.709,16.67,0.11,1.01,0.40,3.01,0.00,638
23.726,16.66,0.13,1.01,0.40,3.03,0.00,638
23.742,16.66,0.12,1.01,0.40,3.05,0.00,650
23.759,16.68,0.13,1.02,0.44,3.08,0.00,650
23.776,16.67,0.13,1.00,0.43,3.10,0.00,651
23.792,16.66,0.13,0.99,0.40,3.11,0.00,651
23.809,16.68,0.11,0.99,0.40,3.12,0.00,656
23.826,16.66,0.12,1.00,0.38,3.09,0.00,658
23.842,16.68,0.11,0.99,0.39,3.09,0.00,658
23.859,16.67,0.11,0.99,0.46,3.10,0.00,659
23.876,16.66,0.13,0.92,0.43,3.09,0.00,659
23.892,16.66,0.13,0.93,0.41,3.09,0.00,659
23.909,16.68,0.25,0.99,0.40,3.10,0.00,676
23.926,16.66,0.13,1.00,0.48,3.20,0.00,690
23.942,16.68,0.12,0.98,0.43,3.40,0.00,688
23.959,16.67,0.11,0.99,0.43,3.39,0.00,687
23.976,16.67,0.11,0.97,0.43,3.39,0.00,687
23.992,16.65,0.13,0.98,0.44,3.40,0.00,688
24.009,16.67,0.12,0.98,0.45,3.38,0.00,688
24.026,16.69,0.11,0.99,0.47,3.38,0.00,687
24.042,16.65,0.12,0.96,0.46,3.37,0.00,687
24.059,16.67,0.14,0.99,0.51,3.36,0.00,684
24.076,16.66,0.12,0.96,0.41,3.39,0.00,680
24.092,16.70,0.11,0.95,0.44,3.39,0.00,678
24.109,16.66,0.15,1.05,0.52,3.36,0.00,677
24.126,16.72,0.11,0.86,0.40,3.36,0.00,676
24.142,16.60,0.12,0.74,0.40,3.36,0.00,673
24.159,16.68,0.12,0.97,0.46,3.37,0.00,673
24.176,16.66,0.12,0.96,0.44,3.36,0.00,668
24.192,16.66,0.13,0.95,0.41,3.38,0.00,663
24.209,16.82,0.12,0.93,0.42,3.36,0.00,662
24.226,16.52,0.13,0.96,0.40,3.34,0.00,662
24.242,16.80,0.11,0.94,0.43,3.34,0.00,657
24.259,16.53,0.14,0.95,0.47,3.32,0.00,656
24.276,16.69,0.13,0.95,0.47,3.31,0.00,656
24.292,16.64,0.12,0.92,0.39,3.32,0.00,655
24.309,16.68,0.11,0.91,0.39,3.32,0.00,648
24.326,16.66,0.12,0.91,0.39,3.32,0.00,642
24.342,16.68,0.11,0.92,0.41,3.31,0.00,640
24.359,16.66,0.10,0.92,0.39,3.30,0.00,635
24.376,16.67,0.13,0.91,0.42,3.29,0.00,630
24.392,16.66,0.12,0.91,0.41,3.27,0.00,628
24.409,16.69,0.10,0.90,0.39,3.26,0.00,628
24.426,16.64,0.12,0.93,0.45,3.25,0.00,625
24.442,16.68,0.10,0.86,0.39,3.28,0.00,622
24.459,16.66,0.12,0.86,0.39,2.42,0.00,622
24.476,16.67,0.12,0.86,0.42,2.41,0.00,621
24.492,16.67,0.14,0.91,0.44,2.41,0.00,618
24.509,16.68,0.13,0.89,0.46,2.39,0.00,616
24.526,16.66,0.12,0.89,0.45,2.38,0.00,614
24.542,16.67,0.12,0.86,0.40,2.38,0.00,612
24.559,16.66,0.11,0.88,0.43,2.39,0.00,609
24.576,16.67,0.12,0.87,0.41,2.39,0.00,612
24.592,16.67,0.12,0.86,0.39,2.38,0.00,611
24.609,16.68,0.10,0.87,0.40,2.37,0.00,606
24.626,16.66,0.12,0.86,0.41,2.36,0.00,605
24.642,16.67,0.13,0.88,0.44,2.34,0.00,605
24.659,16.66,0.13,0.91,0.43,2.37,0.00,600
24.676,16.77,0.13,0.88,0.50,2.34,0.00,599
24.692,16.58,0.11,0.90,0.50,2.34,0.00,600
24.709,16.67,0.10,0.86,0.42,2.34,0.00,599
24.726,16.65,0.12,0.90,0.46,2.33,0.00,600
24.742,16.71,0.11,0.88,0.45,2.32,0.00,592
24.759,16.62,0.13,0.88,0.46,2.30,0.00,592
24.776,16.67,0.12,0.84,0.46,2.27,0.00,591
24.792,16.68,0.13,0.88,0.43,2.26,0.00,589
24.809,16.65,0.11,0.86,0.40,2.27,0.00,588
24.826,16.66,0.10,0.87,0.39,2.26,0.00,588
24.842,16.68,0.10,0.86,0.38,2.25,0.00,588
24.859,16.66,0.11,0.86,0.38,2.24,0.00,587
24.876,16.68,0.11,0.86,0.39,2.21,0.00,586
24.892,16.68,0.12,0.85,0.40,2.21,0.00,584
24.909,16.64,0.12,0.62,0.38,2.20,0.00,581
24.926,16.68,0.12,0.63,0.40,2.19,0.00,579
24.942,16.68,0.10,0.62,0.39,2.20,0.00,579
24.959,16.65,0.11,0.60,0.38,2.19,0.00,580
24.976,16.68,0.11,0.61,0.37,2.19,0.00,578
24.992,16.68,0.10,0.62,0.38,2.17,0.00,576
25.009,16.65,0.11,0.60,0.39,2.15,0.00,573
25.026,16.67,0.12,0.64,0.44,2.14,0.00,571
25.042,16.66,0.12,0.62,0.38,2.13,0.00,569
25.059,16.66,0.11,0.61,0.38,2.13,0.00,569
25.076,16.69,0.10,0.61,0.38,2.14,0.00,569
25.092,16.66,0.10,0.63,0.39,2.13,0.00,567
25.109,16.68,0.10,0.60,0.38,2.11,0.00,565
25.126,16.65,0.11,0.63,0.38,2.09,0.00,563
25.142,16.67,0.11,0.63,0.42,2.10,0.00,562
25.159,16.70,0.11,0.61,0.38,2.08,0.00,562
25.176,16.64,0.10,0.62,0.38,2.09,0.00,560
25.192,16.67,0.12,0.62,0.39,2.10,0.00,557
25.209,16.67,0.11,0.62,0.39,2.09,0.00,556
25.226,16.67,0.11,0.62,0.38,2.08,0.00,556
25.242,16.69,0.10,0.63,0.38,2.07,0.00,554
25.259,16.66,0.11,0.63,0.44,2.07,0.00,552
25.276,16.66,0.13,0.65,0.48,2.08,0.00,550
25.292,16.67,0.12,0.63,0.41,2.07,0.00,548
25.309,16.65,0.10,0.62,0.41,2.08,0.00,547
25.326,16.70,0.10,0.62,0.41,2.07,0.00,547
25.342,16.64,0.11,0.61,0.41,2.08,0.00,547
25.359,16.70,0.10,0.63,0.38,2.08,0.00,546
25.376,16.64,0.11,0.62,0.37,2.08,0.00,543
25.392,16.67,0.11,0.63,0.41,2.07,0.00,542
25.409,16.67,0.11,0.62,0.39,2.07,0.00,541
25.426,16.69,0.10,0.63,0.38,2.10,0.00,538
25.442,16.66,0.11,0.61,0.39,2.09,0.00,538
25.459,16.68,0.10,0.64,0.39,2.09,0.00,537
25.476,16.65,0.11,0.62,0.38,2.09,0.00,536
25.492,16.73,0.11,0.67,0.49,2.08,0.00,533
25.509,16.62,0.12,0.71,0.41,2.09,0.00,531
25.526,16.71,0.11,0.67,0.45,2.07,0.00,531
25.542,16.64,0.14,0.93,0.44,2.09,0.00,579
25.559,16.65,0.13,0.92,0.40,2.96,0.00,579
25.576,16.74,0.13,0.95,0.43,2.94,0.00,579
25.592,16.60,0.12,0.94,0.41,2.95,0.00,576
25.609,16.67,0.14,0.93,0.42,2.96,0.00,574
25.626,16.65,0.12,0.94,0.39,2.94,0.00,567
25.642,16.67,0.14,0.93,0.42,2.94,0.00,567
25.659,16.67,0.13,0.96,0.41,2.95,0.00,567
25.676,16.67,0.14,0.96,0.41,2.96,0.00,567
25.692,16.67,0.13,0.95,0.39,2.96,0.00,567
25.709,16.67,0.14,0.95,0.42,2.95,0.00,563
25.726,16.67,0.13,0.95,0.41,2.96,0.00,561
25.742,16.65,0.13,0.93,0.38,2.95,0.00,559
25.759,16.68,0.14,0.95,0.41,2.95,0.00,557
25.776,16.67,0.14,0.96,0.41,2.95,0.00,557
25.792,16.68,0.12,0.94,0.38,2.95,0.00,557
25.809,16.65,0.12,0.95,0.39,2.98,0.00,557
25.826,16.75,0.12,0.96,0.40,2.97,0.00,559
25.842,16.59,0.12,0.94,0.39,2.97,0.00,555
25.859,16.66,0.13,0.96,0.39,2.97,0.00,556
25.876,16.66,0.12,0.86,0.38,2.97,0.00,555
25.892,16.68,0.12,0.86,0.41,2.96,0.00,554
25.909,16.66,0.27,0.96,0.38,2.96,0.00,594
25.926,16.68,0.11,0.98,0.40,3.20,0.00,604
25.942,16.67,0.11,0.95,0.39,3.30,0.00,603
25.959,16.67,0.12,0.98,0.39,2.73,0.00,604
25.976,16.67,0.11,0.97,0.38,2.71,0.00,604
25.992,16.66,0.13,0.97,0.37,2.72,0.00,605
26.009,16.69,0.12,0.99,0.48,2.71,0.00,605
26.026,16.65,0.14,0.99,0.43,2.71,0.00,604
26.042,16.66,0.12,0.96,0.40,2.73,0.00,604
26.059,16.68,0.12,0.97,0.38,2.73,0.00,604
26.076,16.66,0.12,0.96,0.39,2.72,0.00,604
26.092,16.70,0.11,0.96,0.39,2.72,0.00,604
26.109,16.63,0.13,0.97,0.43,2.70,0.00,603
26.126,16.66,0.12,0.97,0.40,2.70,0.00,604
26.142,16.67,0.14,0.96,0.43,2.70,0.00,604
26.159,16.69,0.11,0.97,0.40,2.71,0.00,603
26.176,16.65,0.11,0.96,0.40,2.72,0.00,602
26.192,16.66,0.12,0.96,0.37,2.73,0.00,601
26.209,16.67,0.13,0.95,0.38,2.73,0.00,602
26.226,16.68,0.11,0.96,0.40,2.73,0.00,603
26.242,16.66,0.12,0.96,0.40,2.73,0.00,603
26.259,16.67,0.11,0.95,0.37,2.73,0.00,603
26.276,16.68,0.14,0.97,0.51,2.74,0.00,603
26.292,16.65,0.14,0.97,0.43,2.75,0.00,603
26.309,16.67,0.14,0.97,0.43,2.75,0.00,603
26.326,16.66,0.12,0.95,0.41,2.76,0.00,602
26.342,16.67,0.11,0.94,0.41,2.75,0.00,603
26.359,16.68,0.11,0.95,0.40,2.76,0.00,601
26.376,16.67,0.11,0.96,0.39,2.78,0.00,600
26.392,16.68,0.13,0.97,0.42,2.78,0.00,600
26.409,16.65,0.12,0.95,0.40,2.77,0.00,598
26.426,16.67,0.13,0.95,0.40,2.79,0.00,598
26.442,16.69,0.11,0.94,0.39,2.79,0.00,599
26.459,16.64,0.12,0.95,0.38,2.80,0.00,601
26.476,16.68,0.11,0.94,0.40,2.81,0.00,599
26.492,16.66,0.12,0.94,0.38,2.82,0.00,600
26.509,16.67,0.12,0.93,0.37,2.81,0.00,599
26.526,16.67,0.13,0.95,0.45,2.80,0.00,598
26.542,16.67,0.13,0.93,0.39,2.83,0.00,596
26.559,16.67,0.12,0.93,0.38,2.81,0.00,595
26.576,16.67,0.12,0.92,0.38,2.81,0.00,595
26.592,16.66,0.12,0.91,0.38,2.80,0.00,596
26.609,16.68,0.10,0.93,0.38,2.79,0.00,596
26.626,16.69,0.11,0.94,0.41,2.78,0.00,599
26.642,16.67,0.12,0.94,0.46,2.77,0.00,600
26.659,16.68,0.12,0.96,0.45,2.80,0.00,601
26.676,16.63,0.12,0.94,0.45,2.78,0.00,599
26.692,16.66,0.12,0.93,0.38,2.78,0.00,599
26.709,16.70,0.11,0.92,0.40,2.78,0.00,597
26.726,16.64,0.12,0.93,0.38,2.78,0.00,599
26.742,16.68,0.11,0.92,0.40,2.77,0.00,597
26.759,16.67,0.11,0.93,0.38,2.77,0.00,597
26.776,16.80,0.13,0.93,0.45,2.76,0.00,597
26.792,16.52,0.12,0.93,0.39,2.77,0.00,602
26.809,16.69,0.10,0.91,0.40,2.78,0.00,605
26.826,16.65,0.12,0.91,0.38,2.76,0.00,604
26.842,16.68,0.10,0.92,0.38,2.76,0.00,605
26.859,16.67,0.10,0.92,0.37,2.76,0.00,605
26.876,16.73,0.10,0.92,0.38,2.75,0.00,606
26.892,16.59,0.15,1.21,0.43,2.74,0.00,661
26.909,16.67,0.12,1.20,0.39,3.61,0.00,659
26.926,16.69,0.12,1.22,0.40,3.60,0.00,656
26.942,16.65,0.14,1.20,0.41,3.60,0.00,654
26.959,16.66,0.13,1.22,0.41,3.58,0.00,650
26.976,16.67,0.14,1.23,0.45,3.56,0.00,647
26.992,16.67,0.14,1.20,0.41,3.56,0.00,643
27.009,16.67,0.14,1.22,0.39,3.54,0.00,637
27.026,16.66,0.13,1.22,0.42,3.52,0.00,628
27.042,16.68,0.14,1.22,0.42,3.51,0.00,626
27.059,16.65,0.14,1.23,0.40,3.11,0.00,627
27.076,16.68,0.14,1.22,0.39,3.10,0.00,627
27.093,16.71,0.12,1.27,0.40,3.11,0.00,627
27.109,16.64,0.13,1.22,0.39,3.11,0.00,631
27.126,16.65,0.13,1.24,0.39,3.14,0.00,631
27.143,16.67,0.16,1.25,0.44,3.14,0.00,633
27.159,16.66,0.13,1.23,0.39,3.18,0.00,632
27.176,16.68,0.12,1.23,0.39,3.18,0.00,634
27.193,16.65,0.13,1.24,0.39,3.19,0.00,633
27.209,16.67,0.13,1.27,0.42,3.19,0.00,634
27.226,16.66,0.13,1.25,0.40,3.20,0.00,632
27.243,16.70,0.12,1.25,0.42,3.21,0.00,633
27.259,16.65,0.12,1.25,0.40,3.21,0.00,635
27.276,16.71,0.12,1.31,0.44,3.25,0.00,635
27.293,16.63,0.12,1.26,0.41,3.25,0.00,634
27.309,16.70,0.12,1.27,0.44,2.69,0.00,635
27.326,16.62,0.13,1.26,0.41,2.70,0.00,632
27.343,16.69,0.12,1.27,0.43,2.70,0.00,631
27.359,16.67,0.14,1.27,0.44,2.70,0.00,631
27.376,16.66,0.14,1.29,0.48,2.72,0.00,629
27.393,16.67,0.18,1.32,0.47,2.73,0.00,631
27.409,16.75,0.13,1.29,0.41,2.77,0.00,632
27.426,16.59,0.14,1.27,0.47,2.78,0.00,631
27.443,16.66,0.14,1.28,0.48,2.77,0.00,633
27.459,16.69,0.11,1.27,0.40,2.79,0.00,633
27.476,16.63,0.13,1.25,0.40,2.80,0.00,631
27.493,16.68,0.11,1.26,0.40,2.80,0.00,631
27.509,16.65,0.13,1.01,0.39,2.79,0.00,617
27.526,16.67,0.12,1.02,0.42,2.83,0.00,618
27.543,16.68,0.13,1.03,0.46,2.82,0.00,621
27.559,16.66,0.13,1.00,0.39,2.84,0.00,621
27.576,16.68,0.11,1.01,0.39,2.85,0.00,628
27.593,16.66,0.12,1.01,0.40,2.84,0.00,628
27.609,16.67,0.12,1.01,0.40,2.86,0.00,629
27.626,16.66,0.12,1.00,0.39,2.86,0.00,630
27.643,16.68,0.13,1.18,0.47,2.85,0.00,636
27.659,16.67,0.13,1.04,0.42,2.89,0.00,635
27.676,16.68,0.13,1.01,0.43,2.89,0.00,636
27.693,16.67,0.11,1.01,0.39,2.88,0.00,636
27.709,16.65,0.13,1.01,0.42,2.88,0.00,642
27.726,16.67,0.13,1.00,0.39,2.88,0.00,646
27.743,16.67,0.13,0.99,0.39,2.88,0.00,646
27.759,16.67,0.12,1.01,0.39,2.87,0.00,647
27.776,16.66,0.13,1.01,0.39,2.90,0.00,647
27.793,16.68,0.12,1.02,0.44,2.89,0.00,647
27.809,16.69,0.11,0.99,0.40,2.88,0.00,648
27.826,16.65,0.12,1.00,0.40,2.89,0.00,650
27.843,16.67,0.12,0.99,0.38,2.87,0.00,652
27.859,16.67,0.12,1.00,0.39,2.86,0.00,654
27.876,16.67,0.13,0.90,0.37,2.86,0.00,657
27.893,16.67,0.13,0.90,0.37,2.88,0.00,655
27.909,16.68,0.27,0.97,0.44,2.86,0.00,675
27.926,16.67,0.11,0.98,0.45,2.97,0.00,695
27.943,16.65,0.13,1.00,0.41,3.18,0.00,696
27.959,16.71,0.11,1.00,0.40,3.17,0.00,696
27.976,16.64,0.11,1.01,0.41,3.17,0.00,696
27.993,16.66,0.13,1.02,0.40,3.16,0.00,698
28.009,16.67,0.13,0.99,0.39,3.15,0.00,698
28.026,16.68,0.12,1.00,0.43,3.17,0.00,698
28.043,16.67,0.14,0.97,0.46,3.16,0.00,694
28.059,16.66,0.13,0.95,0.44,3.15,0.00,692
28.076,16.67,0.12,0.93,0.43,3.14,0.00,692
28.093,16.68,0.11,0.96,0.47,3.13,0.00,691
28.109,16.66,0.13,0.94,0.44,3.12,0.00,691
28.126,16.66,0.12,0.94,0.44,3.13,0.00,690
28.143,16.69,0.12,0.95,0.44,3.14,0.00,688
28.159,16.69,0.12,0.96,0.49,3.13,0.00,687
28.176,16.62,0.13,0.94,0.44,3.11,0.00,688
28.193,16.69,0.14,0.98,0.53,3.12,0.00,687
28.209,16.65,0.13,0.95,0.45,3.10,0.00,685
28.226,16.69,0.11,0.93,0.46,3.10,0.00,684
28.243,16.65,0.12,0.92,0.40,3.09,0.00,681
28.259,16.67,0.13,0.94,0.39,3.09,0.00,680
28.276,16.66,0.13,0.93,0.37,3.10,0.00,679
28.293,16.70,0.12,0.96,0.46,3.08,0.00,680
28.309,16.65,0.13,0.94,0.42,3.08,0.00,676
28.326,16.65,0.13,0.92,0.38,3.07,0.00,674
28.343,16.67,0.12,0.92,0.38,3.06,0.00,672
28.359,16.67,0.12,0.95,0.44,3.05,0.00,669
28.376,16.67,0.13,0.91,0.38,3.01,0.00,669
28.393,16.67,0.12,0.90,0.37,3.05,0.00,668
28.409,16.68,0.14,0.92,0.45,2.60,0.00,667
28.426,16.65,0.12,0.91,0.41,2.59,0.00,665
28.443,16.68,0.17,0.92,0.45,2.58,0.00,664
28.459,16.67,0.11,0.91,0.40,2.56,0.00,661
28.476,16.66,0.13,0.90,0.44,2.55,0.00,660
28.493,16.66,0.13,0.90,0.41,2.54,0.00,655
28.509,16.69,0.11,0.89,0.40,2.55,0.00,654
28.526,16.65,0.12,0.88,0.38,2.53,0.00,651
28.543,16.67,0.14,0.90,0.46,2.51,0.00,649
28.559,16.67,0.12,0.91,0.47,2.50,0.00,645
28.576,16.66,0.13,0.87,0.41,2.46,0.00,643
28.593,16.67,0.12,0.88,0.39,2.46,0.00,641
28.609,16.68,0.11,0.88,0.39,2.45,0.00,639
28.626,16.65,0.12,0.88,0.38,2.43,0.00,638
28.643,16.68,0.11,0.87,0.38,2.44,0.00,634
28.659,16.65,0.12,0.88,0.41,2.43,0.00,633
28.676,16.67,0.14,0.89,0.44,2.40,0.00,632
28.693,16.68,0.12,0.90,0.46,2.38,0.00,628
28.709,16.66,0.12,0.87,0.40,2.37,0.00,625
28.726,16.66,0.12,0.87,0.38,2.36,0.00,623
28.743,16.70,0.16,0.89,0.44,2.34,0.00,619
28.759,16.64,0.12,0.88,0.40,2.35,0.00,616
28.776,16.67,0.11,0.84,0.39,2.34,0.00,615
28.793,16.68,0.13,0.88,0.41,2.31,0.00,607
28.809,16.66,0.11,0.85,0.38,2.29,0.00,600
28.826,16.67,0.12,0.86,0.39,2.28,0.00,595
28.843,16.66,0.11,0.86,0.37,2.28,0.00,589
28.859,16.68,0.12,0.59,0.39,2.26,0.00,562
28.876,16.68,0.11,0.58,0.39,2.22,0.00,560
28.893,16.65,0.12,0.59,0.43,2.24,0.00,559
28.909,16.69,0.12,0.57,0.42,2.23,0.00,558
28.926,16.65,0.12,0.59,0.40,2.21,0.00,555
28.943,16.69,0.12,0.58,0.40,2.21,0.00,553
28.959,16.65,0.12,0.56,0.39,2.19,0.00,552
28.976,16.69,0.11,0.59,0.42,2.20,0.00,551
28.993,16.65,0.12,0.59,0.39,2.18,0.00,548
29.009,16.68,0.10,0.58,0.40,2.20,0.00,548
29.026,16.65,0.12,0.57,0.38,2.20,0.00,546
29.043,16.67,0.11,0.58,0.40,2.17,0.00,544
29.059,16.67,0.12,0.56,0.38,2.17,0.00,544
29.076,16.67,0.12,0.57,0.39,2.16,0.00,544
29.093,16.67,0.12,0.56,0.38,2.16,0.00,544
29.109,16.67,0.12,0.59,0.42,2.15,0.00,542
29.126,16.67,0.13,0.58,0.39,2.16,0.00,542
29.143,16.67,0.11,0.55,0.38,2.16,0.00,544
29.159,16.67,0.13,0.59,0.45,2.15,0.00,544
29.176,16.66,0.12,0.58,0.40,2.15,0.00,543
29.193,16.67,0.12,0.58,0.39,2.15,0.00,543
29.209,16.66,0.11,0.57,0.38,2.13,0.00,541
29.226,16.67,0.12,0.58,0.39,2.15,0.00,541
29.243,16.68,0.11,0.54,0.39,2.15,0.00,540
29.259,16.67,0.10,0.56,0.39,2.15,0.00,539
29.276,16.65,0.11,0.55,0.38,2.14,0.00,538
29.293,16.67,0.13,0.60,0.43,2.15,0.00,538
29.309,16.68,0.10,0.56,0.39,2.15,0.00,537
29.326,16.65,0.12,0.57,0.40,2.14,0.00,538
29.343,16.68,0.10,0.56,0.38,2.14,0.00,536
29.359,16.65,0.12,0.57,0.38,2.12,0.00,536
29.376,16.68,0.10,0.55,0.38,2.14,0.00,536
29.393,16.66,0.11,0.58,0.40,2.13,0.00,536
29.409,16.67,0.12,0.58,0.42,2.13,0.00,538
29.426,16.66,0.11,0.57,0.41,2.12,0.00,537
29.443,16.69,0.11,0.59,0.43,2.12,0.00,537
29.459,16.66,0.13,0.58,0.41,2.11,0.00,538
29.476,16.66,0.12,0.57,0.38,2.11,0.00,540
29.493,16.67,0.12,0.56,0.38,2.10,0.00,539
29.509,16.68,0.10,0.56,0.39,2.13,0.00,538
29.526,16.66,0.13,0.58,0.44,2.13,0.00,538
29.543,16.66,0.13,0.56,0.41,2.11,0.00,536
29.559,16.67,0.12,0.57,0.39,2.09,0.00,537
29.576,16.68,0.13,0.61,0.48,2.10,0.00,536
29.593,16.66,0.12,0.61,0.44,2.10,0.00,536
29.609,16.67,0.12,0.57,0.42,2.08,0.00,531
29.626,16.67,0.12,0.59,0.40,2.10,0.00,530
29.643,16.68,0.10,0.57,0.40,2.11,0.00,530
29.660,16.78,0.11,0.59,0.45,2.09,0.00,529
29.676,16.54,0.12,0.59,0.44,2.09,0.00,529
29.693,16.69,0.12,0.50,0.38,2.08,0.00,528
29.709,16.65,0.14,0.61,0.47,2.08,0.00,527
29.726,16.67,0.14,0.61,0.47,2.08,0.00,525
29.743,16.67,0.13,0.59,0.45,2.10,0.00,524
29.759,16.68,0.13,0.60,0.47,2.08,0.00,523
29.776,16.69,0.11,0.60,0.48,2.09,0.00,522
29.793,16.64,0.12,0.61,0.46,2.09,0.00,518
29.809,16.66,0.12,0.58,0.40,2.09,0.00,517
29.826,16.67,0.12,0.57,0.39,2.09,0.00,517
29.843,16.66,0.11,0.55,0.38,2.10,0.00,515
29.859,16.68,0.11,0.56,0.38,2.09,0.00,514
29.876,16.67,0.12,0.51,0.39,2.10,0.00,514
29.893,16.66,0.11,0.52,0.38,2.10,0.00,514
29.909,16.70,0.25,0.62,0.45,2.10,0.00,547
29.926,16.65,0.12,0.63,0.43,2.28,0.00,546
29.943,16.66,0.11,0.59,0.42,2.28,0.00,545
29.959,16.69,0.11,0.61,0.40,2.28,0.00,543
29.976,16.66,0.11,0.61,0.39,2.28,0.00,543
29.993,16.66,0.12,0.60,0.40,2.30,0.00,540
30.009,16.68,0.11,0.63,0.44,2.30,0.00,539
30.026,16.65,0.12,0.61,0.38,2.28,0.00,538
30.043,16.69,0.11,0.62,0.44,2.29,0.00,538
30.059,16.65,0.12,0.62,0.43,2.28,0.00,537
30.076,16.66,0.12,0.60,0.38,2.27,0.00,535
30.093,16.68,0.12,0.61,0.38,2.27,0.00,534
30.109,16.67,0.10,0.59,0.41,2.27,0.00,533
30.126,16.69,0.11,0.59,0.39,2.28,0.00,533
30.143,16.66,0.11,0.61,0.39,2.27,0.00,532
30.159,16.66,0.12,0.63,0.42,2.27,0.00,530
30.176,16.68,0.10,0.60,0.40,2.24,0.00,530
30.193,16.65,0.13,0.64,0.41,2.24,0.00,530
30.209,16.67,0.13,0.62,0.40,2.23,0.00,528
30.226,16.69,0.14,0.84,0.40,2.22,0.00,580
30.243,16.65,0.15,0.86,0.43,3.10,0.00,588
30.259,16.67,0.14,0.84,0.39,3.17,0.00,586
30.276,16.67,0.14,0.84,0.39,3.16,0.00,584
30.293,16.66,0.14,0.85,0.41,3.15,0.00,582
30.309,16.67,0.13,0.83,0.39,3.13,0.00,582
30.326,16.67,0.14,0.84,0.39,3.13,0.00,582
30.343,16.67,0.14,0.84,0.38,3.13,0.00,580
30.359,16.66,0.13,0.86,0.38,3.11,0.00,577
30.376,16.68,0.14,0.84,0.38,3.10,0.00,578
30.393,16.68,0.12,0.83,0.37,3.10,0.00,579
30.409,16.68,0.15,0.87,0.44,3.09,0.00,581
30.426,16.64,0.14,0.86,0.39,3.10,0.00,581
30.443,16.68,0.14,0.85,0.40,3.09,0.00,582
30.459,16.68,0.12,0.86,0.39,3.10,0.00,579
30.476,16.66,0.14,0.85,0.39,3.08,0.00,577
30.493,16.67,0.14,0.85,0.40,3.09,0.00,576
30.509,16.67,0.13,0.86,0.37,3.08,0.00,574
30.526,16.68,0.12,0.85,0.38,3.07,0.00,573
30.543,16.66,0.14,0.87,0.40,3.06,0.00,584
30.559,16.66,0.13,0.86,0.38,3.06,0.00,583
30.576,16.71,0.13,0.89,0.45,3.06,0.00,583
30.593,16.64,0.12,0.88,0.41,3.06,0.00,583
30.609,16.67,0.12,0.85,0.38,3.06,0.00,582
30.626,16.65,0.14,0.88,0.42,3.06,0.00,580
30.643,16.67,0.13,0.86,0.37,2.46,0.00,578
30.659,16.68,0.13,0.86,0.43,2.46,0.00,578
30.676,16.66,0.13,0.87,0.41,2.46,0.00,577
30.693,16.67,0.11,0.87,0.37,2.46,0.00,577
30.709,16.67,0.14,0.88,0.46,2.45,0.00,577
30.726,16.66,0.13,0.87,0.44,2.45,0.00,575
30.743,16.67,0.14,0.88,0.42,2.45,0.00,577
30.759,16.67,0.12,0.87,0.40,2.47,0.00,575
30.776,16.66,0.13,0.85,0.37,2.47,0.00,576
30.793,16.68,0.13,0.87,0.42,2.46,0.00,576
30.809,16.66,0.14,0.85,0.39,2.46,0.00,575
30.826,16.66,0.12,0.85,0.39,2.47,0.00,573
30.843,16.67,0.13,0.86,0.37,2.48,0.00,573
30.859,16.67,0.12,0.86,0.38,2.50,0.00,574
30.876,16.66,0.13,0.85,0.38,2.51,0.00,574
30.893,16.69,0.11,0.86,0.40,2.50,0.00,573
30.910,16.66,0.12,0.86,0.46,2.51,0.00,574
30.926,16.65,0.13,0.86,0.39,2.52,0.00,574
30.943,16.67,0.13,0.85,0.40,2.54,0.00,574
30.960,16.68,0.11,0.86,0.37,2.53,0.00,574
30.976,16.67,0.12,0.86,0.38,2.56,0.00,572
30.993,16.66,0.11,0.85,0.37,2.56,0.00,572
31.009,16.65,0.13,0.85,0.37,2.56,0.00,572
31.026,16.69,0.11,0.87,0.39,2.56,0.00,573
31.043,16.66,0.13,0.87,0.42,2.58,0.00,572
31.060,16.67,0.12,0.87,0.38,2.57,0.00,573
31.076,16.69,0.11,0.85,0.38,2.58,0.00,571
31.093,16.65,0.12,0.88,0.39,2.59,0.00,569
31.110,16.66,0.12,0.88,0.36,2.61,0.00,567
31.126,16.67,0.11,0.86,0.40,2.61,0.00,567
31.143,16.66,0.12,0.84,0.38,2.62,0.00,569
31.160,16.67,0.12,0.87,0.43,2.62,0.00,570
31.176,16.67,0.13,0.86,0.40,2.61,0.00,570
31.193,16.66,0.12,0.87,0.41,2.63,0.00,570
31.210,16.67,0.13,0.86,0.37,2.64,0.00,571
31.226,16.69,0.11,0.87,0.38,2.66,0.00,570
31.243,16.72,0.12,0.88,0.45,2.65,0.00,571
31.260,16.62,0.12,0.87,0.40,2.65,0.00,571
31.276,16.65,0.12,0.84,0.38,2.63,0.00,571
31.293,16.74,0.12,0.88,0.48,2.64,0.00,571
31.310,16.60,0.13,0.86,0.40,2.65,0.00,572
31.326,16.71,0.12,0.87,0.42,2.64,0.00,571
31.343,16.62,0.17,1.25,0.47,2.63,0.00,641
31.360,16.67,0.14,1.24,0.42,3.58,0.00,641
31.376,16.68,0.13,1.24,0.41,3.58,0.00,640
31.393,16.66,0.14,1.22,0.41,3.57,0.00,642
31.410,16.68,0.13,1.24,0.40,3.58,0.00,642
31.426,16.66,0.15,1.28,0.44,3.56,0.00,640
31.443,16.67,0.15,1.24,0.43,3.57,0.00,645
31.460,16.67,0.15,1.27,0.41,3.59,0.00,647
31.476,16.67,0.16,1.27,0.40,3.57,0.00,646
31.493,16.67,0.15,1.29,0.41,3.57,0.00,648
31.510,16.68,0.14,1.29,0.39,3.60,0.00,648
31.526,16.67,0.14,1.29,0.39,3.61,0.00,651
31.543,16.67,0.14,1.35,0.45,3.64,0.00,651
31.560,16.66,0.15,1.33,0.42,3.64,0.00,655
31.576,16.66,0.14,1.31,0.39,3.66,0.00,657
31.593,16.67,0.15,1.29,0.41,3.72,0.00,659
31.610,16.68,0.14,1.30,0.39,3.72,0.00,662
31.626,16.65,0.14,1.33,0.45,3.74,0.00,663
31.643,16.67,0.14,1.31,0.40,3.74,0.00,661
31.660,16.67,0.15,1.31,0.47,3.76,0.00,661
31.676,16.66,0.15,1.31,0.44,3.76,0.00,663
31.693,16.66,0.14,1.31,0.38,3.78,0.00,657
31.710,16.78,0.13,1.30,0.41,3.79,0.00,656
31.726,16.56,0.14,1.30,0.41,3.83,0.00,657
31.743,16.69,0.13,1.30,0.41,3.47,0.00,658
31.760,16.65,0.14,1.27,0.40,2.91,0.00,659
31.776,16.66,0.14,1.29,0.40,2.90,0.00,658
31.793,16.81,0.13,1.31,0.47,2.92,0.00,657
31.810,16.53,0.14,1.32,0.43,2.92,0.00,657
31.826,16.67,0.15,1.33,0.41,2.95,0.00,660
31.843,16.67,0.13,1.29,0.40,3.00,0.00,663
31.860,16.68,0.12,1.30,0.41,3.01,0.00,665
31.876,16.66,0.13,1.21,0.39,3.01,0.00,665
31.893,16.68,0.12,1.20,0.40,3.02,0.00,666
31.910,16.65,0.27,1.26,0.38,3.03,0.00,680
31.926,16.69,0.13,1.31,0.47,3.13,0.00,685
31.943,16.67,0.13,1.29,0.48,3.19,0.00,685
31.960,16.64,0.13,1.27,0.46,3.19,0.00,687
31.976,16.69,0.13,1.27,0.43,3.22,0.00,687
31.993,16.67,0.13,1.28,0.44,3.21,0.00,688
32.010,16.65,0.14,1.27,0.44,3.21,0.00,686
32.026,16.67,0.13,1.27,0.43,3.22,0.00,685
32.043,16.68,0.12,1.27,0.45,3.21,0.00,683
32.060,16.66,0.14,1.28,0.47,3.20,0.00,684
32.076,16.67,0.14,1.27,0.48,3.21,0.00,686
32.093,16.68,0.13,1.28,0.45,3.22,0.00,688
32.110,16.66,0.13,1.24,0.44,3.24,0.00,684
32.126,16.66,0.13,1.25,0.43,3.24,0.00,683
32.143,16.67,0.14,1.25,0.44,3.24,0.00,683
32.160,16.67,0.14,1.23,0.41,3.23,0.00,682
32.176,16.66,0.14,1.25,0.41,3.23,0.00,681
32.193,16.67,0.14,1.07,0.39,3.23,0.00,680
32.210,16.68,0.18,1.35,0.39,3.23,0.00,738
32.226,16.65,0.18,1.32,0.39,4.15,0.00,739
32.243,16.69,0.18,1.31,0.39,4.15,0.00,740
32.260,16.67,0.20,1.36,0.51,4.13,0.00,743
32.276,16.66,0.18,1.33,0.42,4.14,0.00,743
32.293,16.68,0.18,1.33,0.41,4.14,0.00,744
32.310,16.65,0.20,1.33,0.42,4.14,0.00,745
32.326,16.66,0.18,1.33,0.39,4.13,0.00,744
32.343,16.68,0.19,1.34,0.40,4.15,0.00,744
32.360,16.67,0.18,1.33,0.41,4.15,0.00,742
32.376,16.67,0.19,1.32,0.41,4.16,0.00,742
32.393,16.68,0.18,1.33,0.41,4.17,0.00,744
32.410,16.65,0.19,1.32,0.40,4.15,0.00,745
32.426,16.68,0.20,1.33,0.46,4.18,0.00,748
32.443,16.68,0.21,1.35,0.45,4.16,0.00,748
32.460,16.65,0.19,1.36,0.46,4.17,0.00,751
32.476,16.66,0.20,1.31,0.42,4.17,0.00,749
32.493,16.67,0.16,1.31,0.41,4.16,0.00,746
32.510,16.68,0.18,1.34,0.44,4.18,0.00,746
32.526,16.66,0.17,1.31,0.41,4.19,0.00,745
32.543,16.67,0.17,1.29,0.40,4.19,0.00,747
32.560,16.67,0.16,1.29,0.42,4.19,0.00,749
32.576,16.67,0.16,1.27,0.42,4.20,0.00,747
32.593,16.67,0.16,1.28,0.43,4.20,0.00,748
32.610,16.66,0.17,1.30,0.39,4.22,0.00,747
32.626,16.70,0.15,1.29,0.39,3.64,0.00,747
32.643,16.65,0.16,1.28,0.41,3.64,0.00,745
32.660,16.67,0.16,1.31,0.46,3.65,0.00,744
32.676,16.67,0.16,1.28,0.45,3.65,0.00,744
32.693,16.67,0.17,1.26,0.40,3.65,0.00,741
32.710,16.67,0.16,1.26,0.40,3.69,0.00,735
32.726,16.68,0.16,1.25,0.41,3.68,0.00,727
32.743,16.65,0.16,1.25,0.39,3.68,0.00,719
32.760,16.67,0.16,1.25,0.40,3.67,0.00,716
32.776,16.67,0.16,1.25,0.40,3.66,0.00,710
32.793,16.75,0.16,1.30,0.46,3.67,0.00,709
32.810,16.59,0.16,1.26,0.45,3.67,0.00,701
32.826,16.67,0.15,1.25,0.42,3.65,0.00,698
32.843,16.68,0.16,1.19,0.47,3.64,0.00,692
32.860,16.66,0.18,1.22,0.52,2.83,0.00,693
32.876,16.68,0.16,1.21,0.54,2.86,0.00,693
32.893,16.65,0.16,1.19,0.49,2.85,0.00,690
32.910,16.67,0.17,1.20,0.51,2.85,0.00,692
32.926,16.68,0.18,1.21,0.57,2.85,0.00,691
32.943,16.66,0.15,1.19,0.49,2.83,0.00,688
32.960,16.66,0.16,1.19,0.50,2.86,0.00,688
32.976,16.67,0.17,1.19,0.54,2.85,0.00,687
32.993,16.68,0.16,1.18,0.53,2.85,0.00,687
33.010,16.65,0.17,1.21,0.56,2.85,0.00,687
33.026,16.66,0.16,1.17,0.52,2.83,0.00,689
33.043,16.72,0.15,1.18,0.56,2.86,0.00,688
33.060,16.63,0.17,1.19,0.53,2.85,0.00,687
33.076,16.69,0.15,1.20,0.53,2.84,0.00,687
33.093,16.65,0.15,1.19,0.55,2.82,0.00,686
33.110,16.71,0.17,1.18,0.53,2.82,0.00,687
33.126,16.62,0.16,1.16,0.56,2.83,0.00,685
33.143,16.67,0.17,1.19,0.56,2.81,0.00,685
33.160,16.73,0.16,1.16,0.53,2.81,0.00,685
33.176,16.64,0.16,1.17,0.54,2.81,0.00,685
33.193,16.67,0.16,1.23,0.54,2.78,0.00,684
33.210,16.65,0.15,1.21,0.55,2.83,0.00,683
33.226,16.67,0.12,1.03,0.41,2.84,0.00,678
33.243,16.65,0.13,0.90,0.39,2.83,0.00,679
33.260,16.69,0.16,1.18,0.50,2.83,0.00,679
33.276,16.71,0.09,0.79,0.52,2.83,0.00,678
33.293,16.60,0.16,1.18,0.49,2.84,0.00,676
33.310,16.67,0.15,0.93,0.50,2.82,0.00,665
33.326,16.71,0.17,0.94,0.50,2.82,0.00,670
33.343,16.63,0.17,0.89,0.46,2.82,0.00,671
33.360,16.66,0.17,5.84,0.47,2.80,0.00,687
33.376,16.71,0.16,1.09,0.58,2.85,0.00,688
33.393,16.63,0.17,1.04,0.54,2.86,0.00,689
33.410,16.69,0.15,1.04,0.54,2.89,0.00,687
33.426,16.66,0.17,1.03,0.52,2.88,0.00,693
33.443,16.65,0.17,1.00,0.45,2.89,0.00,695
33.460,16.67,0.15,1.01,0.45,2.94,0.00,695
33.476,16.69,0.15,1.05,0.55,2.93,0.00,693
33.493,16.65,0.16,1.03,0.48,2.92,0.00,691
33.510,16.66,0.17,1.02,0.45,2.93,0.00,691
33.526,16.69,0.15,1.02,0.46,2.96,0.00,692
33.543,16.65,0.15,1.05,0.41,2.96,0.00,696
33.560,16.68,0.16,1.03,0.48,2.95,0.00,693
33.576,16.66,0.15,1.02,0.45,2.94,0.00,692
33.593,16.67,0.15,1.02,0.43,2.96,0.00,691
33.610,16.67,0.13,1.01,0.46,2.97,0.00,687
33.626,16.68,0.14,1.03,0.44,2.97,0.00,687
33.643,16.67,0.14,1.03,0.46,2.98,0.00,686
33.660,16.67,0.13,1.03,0.41,2.96,0.00,681
33.676,16.67,0.16,1.05,0.48,2.97,0.00,674
33.693,16.66,0.15,1.06,0.44,2.98,0.00,665
33.710,16.67,0.14,1.03,0.43,2.98,0.00,659
33.726,16.66,0.14,1.00,0.42,2.66,0.00,656
33.743,16.67,0.15,1.00,0.41,2.65,0.00,657
33.760,16.67,0.15,1.02,0.41,2.65,0.00,658
33.776,16.67,0.14,1.01,0.39,2.68,0.00,657
33.793,16.67,0.15,1.02,0.43,2.67,0.00,658
33.810,16.66,0.16,1.01,0.42,2.67,0.00,657
33.827,16.78,0.11,0.77,0.35,2.66,0.00,656
33.843,16.55,0.07,0.50,0.25,2.64,0.00,657
33.860,16.69,0.16,1.06,0.50,2.67,0.00,657
33.876,16.72,0.15,0.96,0.47,2.67,0.00,656
33.893,16.63,0.14,0.99,0.50,2.65,0.00,654
33.910,16.73,0.28,1.10,0.44,2.65,0.00,705
33.926,16.60,0.16,1.10,0.46,2.86,0.00,718
33.943,16.66,0.16,1.11,0.44,3.00,0.00,716
33.960,16.68,0.13,1.11,0.43,3.02,0.00,716
33.976,16.66,0.14,1.09,0.48,3.02,0.00,714
33.993,16.66,0.14,1.10,0.42,3.02,0.00,714
34.010,16.67,0.16,1.09,0.44,3.02,0.00,713
34.026,16.67,0.14,1.10,0.42,3.03,0.00,711
34.043,16.68,0.14,1.08,0.44,3.04,0.00,711
34.060,16.65,0.15,1.13,0.45,3.02,0.00,710
34.076,16.67,0.15,1.11,0.41,3.02,0.00,711
34.093,16.66,0.15,1.10,0.41,3.03,0.00,710
34.110,16.68,0.15,1.10,0.45,3.04,0.00,710
34.126,16.66,0.14,1.09,0.43,3.04,0.00,709
34.143,16.71,0.16,1.14,0.52,3.01,0.00,706
34.160,16.65,0.16,1.15,0.49,3.01,0.00,707
34.176,16.67,0.17,0.92,0.49,3.02,0.00,705
34.193,16.69,0.13,0.91,0.45,3.03,0.00,705
34.210,16.63,0.16,0.91,0.45,3.02,0.00,704
34.226,16.67,0.14,0.90,0.43,3.04,0.00,705
34.243,16.70,0.14,0.90,0.45,3.03,0.00,706
34.260,16.64,0.15,0.90,0.42,3.03,0.00,705
34.276,16.67,0.23,0.95,0.46,3.05,0.00,704
34.293,16.65,0.14,0.91,0.42,3.04,0.00,700
34.310,16.69,0.16,0.91,0.44,3.03,0.00,700
34.326,16.65,0.14,0.92,0.45,3.02,0.00,702
34.343,16.67,0.16,0.92,0.46,3.02,0.00,700
34.360,16.68,0.13,0.89,0.41,3.04,0.00,699
34.376,16.66,0.14,0.87,0.40,3.03,0.00,682
34.393,16.67,0.13,0.87,0.41,3.00,0.00,681
34.410,16.67,0.16,0.87,0.42,2.97,0.00,681
34.426,16.70,0.16,0.89,0.48,2.98,0.00,678
34.443,16.64,0.16,0.88,0.42,2.97,0.00,681
34.460,16.65,0.08,0.47,0.29,2.97,0.00,680
34.476,16.70,0.15,0.88,0.44,2.95,0.00,678
34.493,16.64,0.15,0.85,0.39,2.95,0.00,679
34.510,16.69,0.16,0.86,0.46,2.95,0.00,678
34.526,16.66,0.15,0.90,0.44,2.98,0.00,678
34.543,16.67,0.14,0.86,0.40,2.97,0.00,679
34.560,16.66,0.15,0.87,0.43,2.97,0.00,679
34.576,16.66,0.14,0.87,0.39,2.99,0.00,680
34.593,16.68,0.14,0.86,0.38,2.98,0.00,677
34.610,16.66,0.15,0.87,0.40,2.98,0.00,676
34.626,16.68,0.14,0.88,0.41,2.98,0.00,675
34.643,16.67,0.16,0.90,0.47,2.97,0.00,675
34.660,16.65,0.14,0.88,0.40,2.96,0.00,674
34.676,16.68,0.15,0.86,0.41,2.96,0.00,671
34.693,16.67,0.15,0.89,0.44,2.96,0.00,668
34.710,16.68,0.16,0.88,0.39,2.93,0.00,669
34.727,16.67,0.15,0.91,0.43,2.93,0.00,666
34.743,16.69,0.14,0.87,0.44,2.91,0.00,664
34.760,16.68,0.14,0.89,0.44,2.89,0.00,656
34.776,16.63,0.14,0.88,0.39,2.93,0.00,654
34.793,16.66,0.14,0.88,0.39,2.91,0.00,651
34.810,16.66,0.15,0.88,0.45,2.91,0.00,649
34.826,16.67,0.31,1.22,0.40,2.87,0.00,698
34.843,16.68,0.17,1.16,0.45,3.74,0.00,693
34.860,16.67,0.18,1.15,0.44,3.73,0.00,691
34.877,16.65,0.18,1.17,0.44,3.43,0.00,691
34.893,16.71,0.18,1.19,0.45,3.38,0.00,690
34.910,16.67,0.17,1.19,0.48,3.38,0.00,691
34.927,16.63,0.19,1.25,0.41,3.37,0.00,699
34.943,16.67,0.19,1.26,0.43,3.37,0.00,700
34.960,16.66,0.19,1.25,0.41,3.38,0.00,698
34.977,16.67,0.19,1.30,0.40,3.38,0.00,701
34.993,16.67,0.19,1.33,0.48,3.33,0.00,701
35.010,16.67,0.18,1.28,0.42,3.32,0.00,703
35.027,16.66,0.18,1.30,0.39,3.33,0.00,704
35.043,16.68,0.17,1.30,0.40,3.32,0.00,704
35.060,16.65,0.18,1.33,0.42,3.33,0.00,705
35.077,16.67,0.18,1.31,0.38,3.34,0.00,705
35.093,16.68,0.17,1.32,0.39,3.36,0.00,705
35.110,16.66,0.18,1.31,0.39,3.35,0.00,704
35.127,16.67,0.18,1.37,0.49,3.35,0.00,704
35.143,16.66,0.18,1.31,0.41,3.34,0.00,705
35.160,16.69,0.17,1.33,0.40,3.35,0.00,705
35.177,16.65,0.16,1.32,0.39,3.33,0.00,704
35.193,16.68,0.18,1.45,0.48,3.34,0.00,705
35.210,16.65,0.20,1.42,0.51,3.35,0.00,705
35.227,16.69,0.18,1.39,0.49,3.36,0.00,706
35.243,16.66,0.18,1.38,0.49,2.77,0.00,704
35.260,16.66,0.19,1.36,0.43,2.78,0.00,704
35.277,16.66,0.18,1.33,0.42,2.79,0.00,706
35.293,16.66,0.17,1.33,0.42,2.80,0.00,705
35.310,16.68,0.20,1.36,0.46,2.78,0.00,706
35.327,16.65,0.18,1.21,0.47,2.82,0.00,703
35.343,16.68,0.18,1.19,0.47,2.81,0.00,703
35.360,16.65,0.17,1.19,0.41,2.80,0.00,705
35.377,16.69,0.16,1.18,0.42,2.81,0.00,704
35.393,16.68,0.17,1.21,0.52,2.82,0.00,706
35.410,16.65,0.18,1.19,0.44,2.83,0.00,702
35.427,16.68,0.17,1.20,0.49,2.83,0.00,701
35.443,16.66,0.17,1.20,0.47,2.84,0.00,701
35.460,16.66,0.17,1.16,0.43,2.85,0.00,701
35.477,16.67,0.17,1.16,0.42,2.85,0.00,701
35.493,16.68,0.15,1.16,0.42,2.85,0.00,700
35.510,16.66,0.17,1.15,0.42,2.86,0.00,700
35.527,16.67,0.17,1.16,0.41,2.85,0.00,700
35.543,16.68,0.17,1.16,0.45,2.85,0.00,698
35.560,16.65,0.19,1.11,0.51,2.98,0.00,691
35.577,16.76,0.14,1.09,0.45,2.96,0.00,689
35.593,16.58,0.15,1.16,0.45,2.97,0.00,713
35.610,16.66,0.14,1.13,0.41,3.01,0.00,713
35.627,16.70,0.13,1.13,0.41,3.02,0.00,714
35.643,16.65,0.13,1.11,0.40,3.02,0.00,712
35.660,16.67,0.13,1.10,0.40,3.01,0.00,717
35.677,16.65,0.14,1.10,0.43,2.99,0.00,712
35.693,16.67,0.15,1.10,0.44,2.97,0.00,711
35.710,16.67,0.14,1.09,0.40,2.96,0.00,712
35.727,16.68,0.13,1.11,0.44,2.97,0.00,709
35.743,16.69,0.13,1.11,0.47,2.96,0.00,709
35.760,16.64,0.13,1.13,0.46,2.97,0.00,710
35.777,16.67,0.14,1.07,0.42,2.95,0.00,711
35.793,16.67,0.13,1.09,0.44,2.97,0.00,710
35.810,16.66,0.17,1.08,0.43,2.97,0.00,710
35.827,16.67,0.15,1.09,0.44,2.96,0.00,710
35.843,16.66,0.14,1.08,0.45,2.95,0.00,710
35.860,16.67,0.13,1.06,0.41,2.94,0.00,710
35.877,16.75,0.13,0.98,0.43,2.93,0.00,709
35.893,16.58,0.15,1.00,0.43,2.91,0.00,710
35.910,16.72,0.31,1.07,0.41,2.93,0.00,733
35.927,16.61,0.14,1.07,0.44,3.09,0.00,737
35.943,16.66,0.14,1.06,0.46,3.17,0.00,736
35.960,16.68,0.13,1.05,0.40,3.16,0.00,736
35.977,16.66,0.14,1.05,0.41,3.16,0.00,736
35.993,16.68,0.13,1.05,0.39,3.13,0.00,736
36.010,16.72,0.14,1.05,0.42,3.12,0.00,737
36.027,16.62,0.13,1.05,0.40,3.14,0.00,737
36.043,16.67,0.14,1.06,0.48,3.12,0.00,733
36.060,16.66,0.15,1.10,0.48,3.10,0.00,732
36.077,16.67,0.15,1.05,0.44,3.08,0.00,730
36.093,16.67,0.14,1.04,0.39,3.08,0.00,730
36.110,16.66,0.14,1.04,0.40,3.06,0.00,730
36.127,16.67,0.14,1.03,0.40,3.05,0.00,728
36.143,16.67,0.14,1.04,0.41,3.05,0.00,728
36.160,16.68,0.14,1.03,0.40,3.03,0.00,724
36.177,16.66,0.14,1.02,0.41,3.02,0.00,724
36.193,16.68,0.13,1.05,0.45,3.00,0.00,723
36.210,16.66,0.13,1.01,0.41,2.99,0.00,719
36.227,16.67,0.13,1.01,0.40,2.98,0.00,716
36.243,16.68,0.14,1.01,0.44,2.97,0.00,716
36.260,16.64,0.14,1.02,0.40,2.98,0.00,715
36.277,16.67,0.14,1.00,0.41,2.95,0.00,713
36.293,16.68,0.13,1.00,0.40,2.96,0.00,709
36.310,16.68,0.12,0.99,0.39,2.95,0.00,708
36.327,16.65,0.13,0.99,0.43,2.92,0.00,707
36.343,16.67,0.13,0.97,0.40,2.56,0.00,706
36.360,16.67,0.15,1.00,0.47,2.57,0.00,705
36.377,16.66,0.14,0.95,0.41,2.56,0.00,704
36.393,16.68,0.15,0.98,0.43,2.57,0.00,702
36.410,16.70,0.13,1.02,0.48,2.55,0.00,702
36.427,16.64,0.14,1.00,0.46,2.54,0.00,701
36.443,16.66,0.14,0.96,0.44,2.53,0.00,698
36.460,16.67,0.14,0.96,0.41,2.53,0.00,698
36.477,16.66,0.14,0.93,0.47,2.51,0.00,694
36.493,16.68,0.14,0.96,0.50,2.52,0.00,694
36.510,16.66,0.13,0.94,0.48,2.52,0.00,693
36.527,16.67,0.13,0.94,0.44,2.50,0.00,691
36.543,16.67,0.14,0.92,0.44,2.50,0.00,685
36.560,16.67,0.13,0.93,0.45,2.47,0.00,685
36.577,16.66,0.14,0.93,0.46,2.47,0.00,685
36.593,16.67,0.14,0.93,0.37,2.46,0.00,681
36.610,16.67,0.14,0.94,0.41,2.46,0.00,678
36.627,16.66,0.14,0.93,0.38,2.46,0.00,677
36.643,16.69,0.12,0.92,0.39,2.45,0.00,676
36.660,16.67,0.14,0.94,0.43,2.44,0.00,674
36.677,16.67,0.15,0.95,0.48,2.41,0.00,671
36.693,16.66,0.14,0.94,0.43,2.40,0.00,669
36.710,16.66,0.14,0.91,0.39,2.39,0.00,665
36.727,16.68,0.14,0.92,0.43,2.41,0.00,661
36.743,16.67,0.13,0.91,0.41,2.41,0.00,652
36.760,16.67,0.12,0.93,0.39,2.38,0.00,648
36.777,16.66,0.13,0.91,0.37,2.37,0.00,645
36.793,16.67,0.12,0.67,0.39,2.35,0.00,627
36.810,16.68,0.12,0.65,0.37,2.33,0.00,626
36.827,16.68,0.19,0.95,0.45,2.33,0.00,671
36.843,16.68,0.17,0.92,0.43,3.18,0.00,670
36.860,16.64,0.18,0.94,0.42,3.16,0.00,669
36.877,16.66,0.18,0.92,0.39,3.15,0.00,667
36.893,16.67,0.17,0.93,0.37,3.13,0.00,645
36.910,16.67,0.16,0.93,0.40,3.11,0.00,644
36.927,16.67,0.17,0.94,0.41,3.10,0.00,645
36.943,16.67,0.19,0.96,0.42,3.09,0.00,642
36.960,16.67,0.18,0.96,0.39,3.05,0.00,643
36.977,16.67,0.18,0.94,0.39,3.05,0.00,644
36.993,16.67,0.18,0.96,0.38,3.07,0.00,648
37.010,16.66,0.18,0.95,0.41,3.07,0.00,649
37.027,16.67,0.16,0.95,0.39,3.08,0.00,647
37.043,16.67,0.18,0.96,0.39,3.08,0.00,648
37.060,16.67,0.16,0.98,0.39,3.10,0.00,649
37.077,16.67,0.18,0.97,0.43,3.14,0.00,647
37.093,16.67,0.15,0.97,0.38,3.13,0.00,646
37.110,16.66,0.15,0.94,0.38,3.13,0.00,645
37.127,16.69,0.13,0.96,0.39,3.14,0.00,646
37.143,16.65,0.15,0.96,0.38,3.13,0.00,646
37.160,16.67,0.15,0.96,0.38,3.12,0.00,645
37.177,16.67,0.16,1.00,0.48,3.13,0.00,644
37.193,16.67,0.16,0.99,0.48,3.15,0.00,644
37.210,16.66,0.15,0.97,0.40,3.15,0.00,645
37.227,16.66,0.14,0.97,0.39,3.15,0.00,645
37.243,16.70,0.14,0.97,0.40,2.57,0.00,645
37.260,16.67,0.14,0.97,0.39,2.58,0.00,642
37.277,16.64,0.14,0.97,0.41,2.57,0.00,639
37.293,16.66,0.14,0.97,0.41,2.57,0.00,639
37.310,16.68,0.14,0.98,0.40,2.55,0.00,639
37.327,16.65,0.15,0.98,0.43,2.59,0.00,638
37.343,16.69,0.13,0.97,0.40,2.59,0.00,638
37.360,16.65,0.14,0.98,0.41,2.59,0.00,644
37.377,16.67,0.15,0.97,0.42,2.60,0.00,642
37.393,16.67,0.14,0.97,0.40,2.59,0.00,638
37.410,16.76,0.14,1.01,0.44,2.60,0.00,637
37.427,16.60,0.16,1.01,0.47,2.59,0.00,640
37.443,16.65,0.15,0.99,0.46,2.60,0.00,643
37.460,16.69,0.13,0.97,0.41,2.61,0.00,640
37.477,16.64,0.14,0.97,0.41,2.61,0.00,638
37.493,16.69,0.13,0.97,0.40,2.61,0.00,638
37.510,16.64,0.14,0.96,0.39,2.61,0.00,638
37.527,16.66,0.14,0.97,0.39,2.62,0.00,638
37.543,16.68,0.15,0.97,0.40,2.61,0.00,639
37.560,16.67,0.14,0.97,0.39,2.64,0.00,638
37.577,16.68,0.15,0.98,0.48,2.64,0.00,636
37.593,16.66,0.15,0.99,0.46,2.63,0.00,634
37.610,16.65,0.14,0.96,0.41,2.63,0.00,636
37.627,16.67,0.13,0.95,0.40,2.62,0.00,637
37.643,16.67,0.14,0.96,0.41,2.62,0.00,635
37.660,16.68,0.13,0.96,0.39,2.61,0.00,637
37.677,16.66,0.14,0.95,0.40,2.66,0.00,638
37.693,16.67,0.13,0.96,0.43,2.65,0.00,637
37.710,16.66,0.14,0.96,0.39,2.64,0.00,637
37.727,16.68,0.12,0.96,0.41,2.65,0.00,638
37.743,16.67,0.13,0.95,0.38,2.64,0.00,639
37.760,16.66,0.14,0.95,0.39,2.64,0.00,639
37.777,16.67,0.14,0.93,0.39,2.65,0.00,641
37.793,16.66,0.14,0.95,0.38,2.67,0.00,641
37.810,16.67,0.14,0.95,0.39,2.67,0.00,641
37.827,16.68,0.14,0.95,0.41,2.67,0.00,644
37.843,16.66,0.14,0.94,0.41,2.67,0.00,645
37.860,16.67,0.14,0.95,0.38,2.67,0.00,647
37.877,16.67,0.13,0.85,0.37,2.67,0.00,650
37.893,16.68,0.15,0.90,0.47,2.67,0.00,651
37.910,16.66,0.27,0.96,0.40,2.71,0.00,670
37.927,16.69,0.13,0.95,0.44,2.83,0.00,683
37.943,16.65,0.16,0.96,0.39,2.98,0.00,681
37.960,16.67,0.14,0.97,0.39,3.00,0.00,681
37.977,16.67,0.13,0.95,0.40,2.99,0.00,682
37.993,16.68,0.13,0.97,0.41,3.00,0.00,681
38.010,16.65,0.15,0.96,0.38,3.00,0.00,682
38.027,16.66,0.13,0.96,0.43,3.02,0.00,683
38.043,16.67,0.14,0.95,0.44,3.05,0.00,684
38.060,16.69,0.12,0.95,0.43,3.04,0.00,684
38.077,16.70,0.13,0.99,0.50,3.05,0.00,684
38.093,16.64,0.15,1.00,0.56,3.04,0.00,685
38.110,16.65,0.14,0.97,0.47,3.05,0.00,687
38.127,16.66,0.13,0.97,0.45,3.07,0.00,687
38.143,16.70,0.13,0.96,0.44,3.09,0.00,690
38.160,16.63,0.14,0.96,0.44,3.10,0.00,687
38.177,16.68,0.14,0.96,0.47,3.10,0.00,688
38.193,16.67,0.14,0.96,0.44,3.10,0.00,690
38.210,16.66,0.15,0.96,0.47,3.09,0.00,687
38.227,16.67,0.14,0.94,0.42,3.11,0.00,687
38.243,16.69,0.13,0.96,0.46,3.11,0.00,685
38.260,16.66,0.12,0.96,0.39,3.12,0.00,681
38.277,16.66,0.14,0.95,0.38,3.11,0.00,679
38.293,16.69,0.13,0.96,0.44,3.10,0.00,673
38.310,16.65,0.13,0.94,0.40,3.10,0.00,668
38.327,16.66,0.14,0.93,0.42,3.09,0.00,662
38.343,16.66,0.14,0.91,0.38,2.63,0.00,661
38.360,16.67,0.14,0.93,0.41,2.62,0.00,661
38.377,16.69,0.12,0.91,0.37,2.64,0.00,661
38.393,16.66,0.13,0.92,0.39,2.64,0.00,662
38.410,16.67,0.14,0.90,0.38,2.62,0.00,660
38.427,16.69,0.14,0.92,0.39,2.61,0.00,659
38.443,16.64,0.14,0.92,0.37,2.60,0.00,658
38.460,16.68,0.15,0.94,0.42,2.60,0.00,654
38.477,16.67,0.14,0.90,0.39,2.58,0.00,653
38.493,16.66,0.13,0.93,0.41,2.58,0.00,652
38.510,16.68,0.12,0.91,0.40,2.58,0.00,653
38.527,16.67,0.12,0.91,0.37,2.57,0.00,652
38.543,16.65,0.13,0.90,0.37,2.56,0.00,651
38.560,16.67,0.13,0.92,0.37,2.54,0.00,650
38.577,16.67,0.14,0.92,0.40,2.55,0.00,649
38.594,16.69,0.14,0.94,0.47,2.53,0.00,646
38.610,16.68,0.14,0.94,0.44,2.54,0.00,647
38.627,16.67,0.12,0.93,0.39,2.53,0.00,647
38.644,16.65,0.13,0.93,0.44,2.52,0.00,645
38.660,16.65,0.13,0.92,0.38,2.51,0.00,644
38.677,16.68,0.14,0.92,0.45,2.49,0.00,644
38.694,16.73,0.12,0.94,0.42,2.48,0.00,645
38.710,16.64,0.13,0.92,0.43,2.47,0.00,642
38.727,16.64,0.13,0.92,0.40,2.48,0.00,639
38.744,16.68,0.12,0.90,0.37,2.46,0.00,634
38.760,16.65,0.13,0.92,0.38,2.45,0.00,632
38.777,16.68,0.12,0.90,0.37,2.43,0.00,631
38.794,16.66,0.11,0.66,0.38,2.42,0.00,630
38.810,16.68,0.12,0.67,0.39,2.41,0.00,628
38.827,16.66,0.14,0.65,0.43,2.39,0.00,628
38.844,16.67,0.13,0.65,0.38,2.41,0.00,629
38.860,16.66,0.12,0.66,0.38,2.41,0.00,628
38.877,16.67,0.13,0.65,0.37,2.39,0.00,628
38.894,16.69,0.11,0.66,0.38,2.39,0.00,627
38.910,16.66,0.13,0.64,0.37,2.38,0.00,626
38.927,16.67,0.12,0.67,0.39,2.38,0.00,622
38.944,16.67,0.14,0.66,0.38,2.37,0.00,619
38.960,16.67,0.17,0.71,0.46,2.38,0.00,620
38.977,16.66,0.13,0.67,0.40,2.38,0.00,619
38.994,16.67,0.13,0.65,0.38,2.37,0.00,615
39.010,16.69,0.12,0.68,0.40,2.36,0.00,614
39.027,16.67,0.11,0.68,0.38,2.37,0.00,613
39.044,16.65,0.11,0.67,0.37,2.36,0.00,611
39.060,16.66,0.13,0.66,0.37,2.36,0.00,610
39.077,16.67,0.14,0.68,0.42,2.38,0.00,610
39.094,16.69,0.11,0.66,0.38,2.38,0.00,609
39.110,16.65,0.12,0.66,0.39,2.37,0.00,609
39.127,16.69,0.11,0.67,0.38,2.37,0.00,608
39.144,16.64,0.13,0.65,0.39,2.37,0.00,607
39.160,16.67,0.12,0.65,0.37,2.36,0.00,607
39.177,16.67,0.14,0.68,0.38,2.36,0.00,607
39.194,16.66,0.12,0.67,0.38,2.37,0.00,606
39.210,16.68,0.13,0.66,0.41,2.37,0.00,604
39.227,16.66,0.14,0.68,0.39,2.36,0.00,602
39.244,16.69,0.11,0.66,0.37,2.35,0.00,602
39.260,16.65,0.11,0.66,0.38,2.34,0.00,601
39.277,16.66,0.12,0.66,0.39,2.34,0.00,600
39.294,16.66,0.12,0.66,0.39,2.33,0.00,598
39.310,16.69,0.12,0.67,0.39,2.35,0.00,599
39.327,16.66,0.13,0.68,0.42,2.34,0.00,597
39.344,16.67,0.13,0.66,0.38,2.33,0.00,597
39.360,16.69,0.11,0.67,0.39,2.33,0.00,596
39.377,16.65,0.12,0.66,0.40,2.32,0.00,597
39.394,16.67,0.12,0.66,0.37,2.30,0.00,595
39.410,16.69,0.11,0.67,0.38,2.30,0.00,593
39.427,16.65,0.12,0.66,0.38,2.31,0.00,592
39.444,16.66,0.13,0.68,0.37,2.30,0.00,591
39.460,16.67,0.13,0.68,0.42,2.29,0.00,591
39.477,16.69,0.11,0.66,0.40,2.28,0.00,590
39.494,16.65,0.12,0.69,0.41,2.27,0.00,589
39.510,16.66,0.12,0.68,0.38,2.28,0.00,589
39.527,16.70,0.12,0.68,0.39,2.26,0.00,586
39.544,16.64,0.13,0.65,0.38,2.26,0.00,592
39.560,16.67,0.12,0.67,0.38,2.28,0.00,592
39.577,16.67,0.13,0.66,0.41,2.30,0.00,590
39.594,16.66,0.12,0.69,0.39,2.29,0.00,587
39.610,16.67,0.12,0.66,0.38,2.29,0.00,584
39.627,16.75,0.12,0.73,0.50,2.28,0.00,583
39.644,16.60,0.11,0.69,0.43,2.27,0.00,582
39.660,16.66,0.16,0.99,0.41,2.27,0.00,623
39.677,16.66,0.14,1.00,0.44,3.11,0.00,622
39.694,16.69,0.13,0.99,0.41,3.09,0.00,620
39.710,16.67,0.15,1.02,0.48,3.09,0.00,616
39.727,16.66,0.16,1.03,0.54,3.08,0.00,614
39.744,16.68,0.16,1.03,0.49,3.08,0.00,612
39.760,16.68,0.14,1.04,0.48,3.07,0.00,614
39.777,16.69,0.14,1.00,0.41,3.10,0.00,612
39.794,16.63,0.16,1.03,0.42,3.09,0.00,614
39.810,16.68,0.13,1.02,0.41,3.11,0.00,613
39.827,16.68,0.14,1.05,0.45,3.12,0.00,612
39.844,16.66,0.13,1.03,0.41,3.11,0.00,612
39.860,16.68,0.14,1.03,0.41,3.12,0.00,611
39.877,16.64,0.15,0.93,0.42,3.12,0.00,614
39.894,16.67,0.14,0.94,0.40,3.17,0.00,614
39.910,16.66,0.27,1.02,0.44,3.17,0.00,645
39.927,16.67,0.15,1.05,0.47,3.35,0.00,657
39.944,16.68,0.15,1.05,0.48,3.50,0.00,657
39.960,16.66,0.14,1.05,0.45,3.51,0.00,658
39.977,16.68,0.13,1.03,0.42,3.53,0.00,663
39.994,16.66,0.15,1.02,0.40,3.55,0.00,666
40.010,16.67,0.14,1.04,0.39,3.57,0.00,667
40.027,16.67,0.14,1.04,0.42,3.58,0.00,668
40.044,16.67,0.14,1.05,0.40,3.58,0.00,670
40.060,16.67,0.14,1.04,0.39,3.58,0.00,668
40.077,16.69,0.13,1.06,0.45,3.01,0.00,669
40.094,16.66,0.14,1.06,0.40,3.02,0.00,669
40.110,16.67,0.12,1.03,0.41,3.03,0.00,670
40.127,16.68,0.12,1.05,0.42,3.03,0.00,674
40.144,16.67,0.12,1.04,0.40,3.04,0.00,677
40.160,16.66,0.12,1.05,0.39,3.05,0.00,681
40.177,16.67,0.12,1.05,0.40,3.05,0.00,680
40.194,16.66,0.12,1.05,0.41,3.06,0.00,680
40.210,16.68,0.14,1.06,0.44,3.06,0.00,681
40.227,16.64,0.13,1.04,0.40,3.07,0.00,677
40.244,16.68,0.14,1.04,0.40,3.08,0.00,675
40.260,16.68,0.12,1.05,0.39,3.07,0.00,674
40.277,16.66,0.12,1.03,0.39,3.07,0.00,674
40.294,16.72,0.13,1.05,0.43,3.07,0.00,672
40.310,16.62,0.12,1.04,0.39,3.08,0.00,670
40.327,16.66,0.14,1.06,0.41,3.06,0.00,667
40.344,16.67,0.14,1.04,0.42,3.07,0.00,665
40.360,16.67,0.13,1.03,0.40,3.07,0.00,663
40.377,16.67,0.13,1.04,0.38,3.08,0.00,660
40.394,16.67,0.13,1.05,0.39,3.07,0.00,659
40.410,16.68,0.12,1.03,0.39,3.06,0.00,657
40.427,16.66,0.13,1.04,0.39,3.06,0.00,656
40.444,16.67,0.14,1.02,0.39,3.06,0.00,656
40.460,16.68,0.13,1.04,0.43,3.08,0.00,656
40.477,16.66,0.13,1.02,0.39,3.07,0.00,658
40.494,16.67,0.13,1.02,0.40,3.06,0.00,657
40.510,16.67,0.11,1.01,0.38,3.05,0.00,656
40.527,16.66,0.14,1.02,0.39,3.05,0.00,655
40.544,16.67,0.14,1.00,0.40,3.04,0.00,649
40.560,16.70,0.15,1.06,0.49,3.03,0.00,649
40.577,16.70,0.12,1.03,0.41,3.03,0.00,649
40.594,16.63,0.13,1.04,0.43,3.01,0.00,648
40.610,16.64,0.13,1.01,0.40,3.02,0.00,648
40.627,16.78,0.12,1.04,0.47,3.01,0.00,645
40.644,16.58,0.15,1.04,0.47,3.02,0.00,646
40.660,16.65,0.13,1.03,0.43,3.00,0.00,647
40.677,16.67,0.12,1.00,0.41,3.03,0.00,650
40.694,16.67,0.13,1.01,0.41,3.00,0.00,650
40.710,16.67,0.13,1.00,0.40,3.01,0.00,650
40.727,16.66,0.13,1.00,0.40,3.00,0.00,649
40.744,16.67,0.12,1.00,0.39,3.01,0.00,649
40.760,16.67,0.11,1.00,0.43,3.00,0.00,647
40.777,16.67,0.13,0.99,0.39,3.00,0.00,649
40.794,16.67,0.13,0.99,0.40,3.01,0.00,649
40.810,16.67,0.12,0.99,0.39,3.02,0.00,644
40.827,16.66,0.12,0.99,0.39,3.01,0.00,642
40.844,16.67,0.13,0.99,0.41,3.00,0.00,640
40.860,16.67,0.13,0.99,0.43,3.00,0.00,639
40.877,16.66,0.12,0.97,0.39,3.01,0.00,635
40.894,16.67,0.13,0.98,0.38,3.01,0.00,634
40.910,16.67,0.13,0.97,0.38,3.00,0.00,634
40.927,16.69,0.12,0.98,0.40,3.01,0.00,631
40.944,16.64,0.12,0.96,0.39,2.99,0.00,628
40.960,16.68,0.14,0.97,0.42,2.98,0.00,627
40.977,16.66,0.12,0.96,0.39,2.98,0.00,628
40.994,16.68,0.12,0.98,0.38,2.97,0.00,628
41.010,16.68,0.11,0.97,0.39,2.99,0.00,629
41.027,16.66,0.11,0.97,0.41,2.99,0.00,627
41.044,16.65,0.13,0.96,0.38,2.98,0.00,619
41.060,16.68,0.13,0.98,0.43,2.98,0.00,618
41.077,16.66,0.12,0.95,0.39,2.95,0.00,617
41.094,16.68,0.13,0.97,0.41,2.97,0.00,613
41.110,16.66,0.16,1.18,0.39,2.93,0.00,661
41.127,16.67,0.15,1.18,0.39,3.79,0.00,656
41.144,16.68,0.13,1.18,0.38,3.78,0.00,648
41.160,16.66,0.15,1.17,0.39,3.77,0.00,642
41.177,16.67,0.13,1.17,0.39,3.31,0.00,640
41.194,16.67,0.15,1.16,0.39,3.29,0.00,640
41.210,16.68,0.13,1.16,0.43,3.27,0.00,639
41.227,16.67,0.15,1.17,0.39,3.26,0.00,640
41.244,16.67,0.15,1.19,0.41,3.26,0.00,644
41.260,16.67,0.13,1.16,0.40,3.26,0.00,641
41.277,16.66,0.15,1.17,0.39,3.24,0.00,640
41.294,16.67,0.14,1.17,0.41,3.22,0.00,641
41.310,16.66,0.15,1.17,0.39,3.22,0.00,642
41.327,16.68,0.14,1.17,0.39,3.20,0.00,644
41.344,16.68,0.16,1.21,0.49,3.22,0.00,639
41.360,16.69,0.19,1.23,0.46,3.19,0.00,637
41.377,16.64,0.15,1.20,0.46,3.18,0.00,635
41.394,16.71,0.14,1.22,0.46,3.18,0.00,635
41.410,16.63,0.17,1.21,0.45,3.16,0.00,635
41.427,16.68,0.13,1.22,0.44,3.15,0.00,634
41.444,16.65,0.15,1.19,0.41,3.15,0.00,634
41.460,16.68,0.12,1.24,0.43,3.17,0.00,634
41.477,16.66,0.15,1.19,0.43,3.15,0.00,635
41.494,16.67,0.14,1.19,0.40,3.15,0.00,633
41.510,16.66,0.14,1.20,0.45,3.13,0.00,630
41.527,16.67,0.14,1.19,0.41,2.55,0.00,630
41.544,16.67,0.13,1.19,0.42,2.55,0.00,630
41.560,16.67,0.14,1.18,0.40,2.56,0.00,630
41.577,16.67,0.14,1.25,0.47,2.57,0.00,627
41.594,16.70,0.13,1.20,0.47,2.57,0.00,625
41.610,16.63,0.15,1.19,0.45,2.55,0.00,615
41.627,16.74,0.13,0.91,0.43,2.56,0.00,587
41.644,16.60,0.14,0.91,0.42,2.53,0.00,587
41.660,16.67,0.13,0.91,0.42,2.53,0.00,588
41.677,16.66,0.14,0.91,0.44,2.56,0.00,586
41.694,16.69,0.12,0.90,0.41,2.54,0.00,585
41.710,16.68,0.12,0.89,0.39,2.55,0.00,584
41.727,16.65,0.14,0.90,0.43,2.55,0.00,583
41.744,16.67,0.13,0.88,0.38,2.54,0.00,582
41.760,16.67,0.13,0.90,0.40,2.54,0.00,582
41.777,16.67,0.13,0.92,0.48,2.53,0.00,581
41.794,16.66,0.12,0.92,0.44,2.63,0.00,582
41.810,16.67,0.13,0.90,0.41,2.65,0.00,582
41.827,16.66,0.13,0.88,0.39,2.62,0.00,582
41.844,16.68,0.14,0.92,0.43,2.65,0.00,596
41.860,16.66,0.13,0.90,0.42,2.69,0.00,596
41.877,16.76,0.12,0.83,0.40,2.69,0.00,596
41.894,16.58,0.13,0.83,0.39,2.68,0.00,598
41.910,16.66,0.27,0.88,0.40,2.68,0.00,641
41.927,16.69,0.12,0.90,0.39,2.80,0.00,653
41.944,16.65,0.13,0.89,0.38,2.93,0.00,652
41.960,16.66,0.13,0.89,0.39,2.93,0.00,655
41.977,16.67,0.14,0.91,0.44,2.92,0.00,658
41.994,16.67,0.14,0.89,0.41,2.91,0.00,659
42.010,16.67,0.14,0.90,0.40,2.92,0.00,658
42.027,16.67,0.13,0.90,0.39,2.94,0.00,659
42.044,16.68,0.12,0.88,0.38,2.95,0.00,658
42.060,16.67,0.12,0.91,0.38,2.94,0.00,658
42.077,16.65,0.14,0.90,0.38,2.94,0.00,660
42.094,16.71,0.13,0.93,0.46,2.94,0.00,661
42.110,16.63,0.14,0.90,0.38,2.92,0.00,661
42.127,16.67,0.13,0.91,0.37,2.94,0.00,663
42.144,16.66,0.13,0.90,0.39,2.94,0.00,664
42.160,16.68,0.11,0.90,0.38,2.93,0.00,663
42.177,16.66,0.13,0.90,0.38,2.92,0.00,663
42.194,16.68,0.12,0.90,0.41,2.91,0.00,663
42.210,16.67,0.12,0.89,0.38,2.91,0.00,660
42.227,16.66,0.14,0.89,0.40,2.92,0.00,662
42.244,16.67,0.13,0.89,0.38,2.93,0.00,663
42.261,16.70,0.12,0.88,0.41,2.91,0.00,665
42.277,16.63,0.13,0.88,0.38,2.91,0.00,664
42.294,16.68,0.13,0.91,0.45,2.91,0.00,664
42.310,16.66,0.13,0.89,0.38,2.91,0.00,664
42.327,16.69,0.11,0.88,0.40,2.91,0.00,664
42.344,16.65,0.13,0.90,0.41,2.91,0.00,664
42.360,16.66,0.13,0.89,0.39,2.92,0.00,664
42.377,16.67,0.11,0.89,0.40,2.91,0.00,663
42.394,16.66,0.12,0.87,0.38,2.91,0.00,665
42.411,16.68,0.12,0.89,0.40,2.91,0.00,665
42.427,16.66,0.14,0.93,0.49,2.90,0.00,666
42.444,16.67,0.13,0.91,0.45,2.89,0.00,666
42.461,16.67,0.12,0.88,0.40,2.91,0.00,665
42.477,16.66,0.13,0.88,0.42,2.91,0.00,661
42.494,16.67,0.13,0.87,0.39,2.91,0.00,656
42.510,16.67,0.13,0.89,0.39,2.90,0.00,653
42.527,16.68,0.13,0.88,0.40,2.89,0.00,654
42.544,16.66,0.13,0.89,0.39,2.88,0.00,649
42.560,16.67,0.13,0.88,0.38,2.88,0.00,645
42.577,16.66,0.12,0.88,0.37,2.89,0.00,641
42.594,16.69,0.18,0.93,0.48,2.88,0.00,632
42.610,16.64,0.13,0.85,0.39,2.86,0.00,623
42.627,16.68,0.11,0.83,0.39,2.50,0.00,623
42.644,16.67,0.11,0.84,0.40,2.51,0.00,623
42.661,16.66,0.11,0.85,0.37,2.50,0.00,623
42.677,16.65,0.13,0.83,0.39,2.49,0.00,620
42.694,16.68,0.13,0.84,0.41,2.50,0.00,621
42.711,16.66,0.12,0.83,0.38,2.48,0.00,618
42.727,16.71,0.12,0.87,0.41,2.47,0.00,616
42.744,16.62,0.12,0.85,0.38,2.47,0.00,617
42.761,16.68,0.11,0.83,0.39,2.46,0.00,617
42.777,16.67,0.11,0.85,0.41,2.45,0.00,616
42.794,16.66,0.12,0.86,0.43,2.43,0.00,614
42.811,16.65,0.12,0.84,0.39,2.44,0.00,614
42.827,16.68,0.11,0.84,0.37,2.44,0.00,610
42.844,16.66,0.13,0.84,0.40,2.42,0.00,609
42.861,16.66,0.12,0.84,0.38,2.39,0.00,609
42.877,16.67,0.12,0.84,0.38,2.39,0.00,608
42.894,16.67,0.13,0.84,0.38,2.37,0.00,608
42.911,16.67,0.13,0.83,0.40,2.36,0.00,607
42.927,16.68,0.12,0.85,0.37,2.37,0.00,606
42.944,16.66,0.14,0.84,0.40,2.34,0.00,603
42.961,16.67,0.12,0.85,0.38,2.32,0.00,602
42.977,16.66,0.13,0.83,0.41,2.31,0.00,599
42.994,16.66,0.13,0.85,0.37,2.29,0.00,597
43.011,16.68,0.16,1.06,0.40,2.27,0.00,650
43.027,16.67,0.14,1.08,0.38,3.15,0.00,647
43.044,16.68,0.13,1.06,0.40,3.14,0.00,643
43.061,16.65,0.14,1.06,0.38,3.12,0.00,635
43.077,16.68,0.15,0.83,0.38,3.11,0.00,594
43.094,16.69,0.15,0.82,0.44,3.07,0.00,592
43.111,16.65,0.16,0.81,0.38,3.06,0.00,592
43.127,16.67,0.14,0.82,0.39,3.11,0.00,591
43.144,16.67,0.15,0.82,0.37,3.10,0.00,590
43.161,16.67,0.14,0.84,0.38,3.09,0.00,588
43.177,16.68,0.13,0.84,0.40,3.09,0.00,604
43.194,16.66,0.15,0.84,0.38,3.10,0.00,603
43.211,16.66,0.15,0.85,0.40,3.10,0.00,603
43.227,16.69,0.15,0.84,0.46,3.09,0.00,604
43.244,16.67,0.14,0.84,0.39,3.06,0.00,604
43.261,16.67,0.13,0.84,0.39,3.08,0.00,609
43.277,16.66,0.13,0.83,0.39,3.07,0.00,612
43.294,16.67,0.13,0.89,0.39,3.07,0.00,614
43.311,16.68,0.13,0.86,0.45,3.08,0.00,614
43.327,16.64,0.15,0.87,0.43,3.06,0.00,616
43.344,16.67,0.15,0.85,0.44,3.10,0.00,620
43.361,16.66,0.13,0.83,0.39,3.10,0.00,623
43.377,16.69,0.13,0.84,0.40,3.10,0.00,623
43.394,16.65,0.13,0.83,0.38,3.10,0.00,624
43.411,16.68,0.13,0.84,0.38,3.10,0.00,625
43.427,16.66,0.14,0.84,0.42,2.53,0.00,625
43.444,16.68,0.13,0.83,0.39,2.53,0.00,626
43.461,16.65,0.14,0.83,0.38,2.56,0.00,627
43.477,16.81,0.14,0.87,0.48,2.56,0.00,627
43.494,16.53,0.14,0.85,0.41,2.54,0.00,629
43.511,16.67,0.13,0.83,0.40,2.57,0.00,629
43.527,16.67,0.14,0.83,0.39,2.57,0.00,626
43.544,16.68,0.12,0.82,0.39,2.57,0.00,624
43.561,16.67,0.12,0.83,0.37,2.59,0.00,626
43.577,16.66,0.13,0.81,0.38,2.60,0.00,629
43.594,16.67,0.14,0.84,0.41,2.61,0.00,629
43.611,16.67,0.13,0.84,0.38,2.60,0.00,628
43.627,16.69,0.15,0.87,0.49,2.61,0.00,627
43.644,16.69,0.16,0.87,0.48,2.60,0.00,625
43.661,16.66,0.13,0.85,0.46,2.63,0.00,625
43.677,16.65,0.13,0.83,0.44,2.63,0.00,625
43.694,16.68,0.14,0.84,0.45,2.62,0.00,624
43.711,16.67,0.13,0.88,0.52,2.62,0.00,624
43.727,16.65,0.15,0.86,0.49,2.62,0.00,619
43.744,16.71,0.13,0.86,0.52,2.61,0.00,616
43.761,16.63,0.14,0.84,0.46,2.62,0.00,613
43.777,16.71,0.13,0.86,0.49,2.66,0.00,613
43.794,16.63,0.15,0.84,0.51,2.66,0.00,610
43.811,16.67,0.16,0.85,0.49,2.62,0.00,608
43.827,16.69,0.13,0.86,0.51,2.64,0.00,607
43.844,16.66,0.14,0.85,0.53,2.64,0.00,606
43.861,16.70,0.13,0.84,0.47,2.63,0.00,608
43.877,16.72,0.14,0.81,0.50,2.65,0.00,609
43.894,16.61,0.15,0.81,0.50,2.63,0.00,607
43.911,16.65,0.28,0.89,0.51,2.63,0.00,675
43.927,16.72,0.14,0.89,0.57,2.86,0.00,684
43.944,16.61,0.16,0.90,0.57,2.98,0.00,683
43.961,16.65,0.17,0.90,0.51,2.97,0.00,682
43.977,16.69,0.16,0.89,0.56,2.97,0.00,683
43.994,16.66,0.14,0.90,0.56,2.98,0.00,687
44.011,16.69,0.14,0.87,0.47,2.99,0.00,687
44.027,16.64,0.13,0.88,0.47,2.97,0.00,688
44.044,16.66,0.14,0.87,0.45,2.99,0.00,685
44.061,16.67,0.13,0.87,0.42,2.98,0.00,685
44.077,16.69,0.15,0.89,0.58,2.97,0.00,685
44.094,16.65,0.11,0.67,0.44,2.96,0.00,684
44.111,16.67,0.14,0.87,0.46,2.98,0.00,684
44.127,16.67,0.13,0.86,0.45,2.98,0.00,686
44.144,16.67,0.12,0.86,0.45,2.98,0.00,684
44.161,16.66,0.13,0.87,0.40,2.98,0.00,682
44.177,16.67,0.15,0.86,0.42,2.98,0.00,682
44.194,16.66,0.13,0.87,0.40,2.98,0.00,682
44.211,16.69,0.12,0.86,0.43,2.98,0.00,683
44.227,16.66,0.14,0.88,0.42,2.97,0.00,680
44.244,16.68,0.14,0.85,0.39,2.98,0.00,680
44.261,16.66,0.13,0.87,0.38,2.97,0.00,676
44.277,16.67,0.13,0.87,0.39,2.97,0.00,675
44.294,16.68,0.13,0.88,0.39,2.98,0.00,676
44.311,16.66,0.13,0.86,0.40,2.98,0.00,677
44.327,16.66,0.13,0.87,0.38,2.99,0.00,675
44.344,16.66,0.16,0.87,0.44,2.98,0.00,671
44.361,16.69,0.12,0.88,0.39,2.96,0.00,667
44.377,16.66,0.12,0.86,0.39,2.97,0.00,663
44.394,16.66,0.14,0.87,0.39,2.96,0.00,659
44.411,16.67,0.13,0.86,0.38,2.98,0.00,656
44.427,16.66,0.13,0.86,0.39,2.96,0.00,652
44.444,16.69,0.13,0.90,0.48,2.95,0.00,640
44.461,16.66,0.13,0.88,0.43,2.93,0.00,639
44.477,16.66,0.13,0.88,0.43,2.91,0.00,635
44.494,16.66,0.10,0.65,0.30,2.89,0.00,634
44.511,16.68,0.10,0.63,0.30,2.89,0.00,630
44.527,16.70,0.12,0.84,0.41,2.52,0.00,629
44.544,16.65,0.12,0.83,0.38,2.51,0.00,628
44.561,16.65,0.13,0.82,0.38,2.51,0.00,629
44.577,16.69,0.12,0.81,0.38,2.50,0.00,622
44.594,16.67,0.12,0.89,0.46,2.49,0.00,622
44.611,16.65,0.09,0.59,0.31,2.47,0.00,621
44.627,16.67,0.09,0.62,0.30,2.49,0.00,619
44.644,16.66,0.11,0.63,0.32,2.48,0.00,617
44.661,16.67,0.09,0.62,0.31,2.45,0.00,617
44.677,16.67,0.09,0.61,0.29,2.46,0.00,612
44.694,16.68,0.09,0.62,0.33,2.44,0.00,609
44.711,16.67,0.10,0.63,0.33,2.41,0.00,605
44.727,16.67,0.16,0.88,0.47,2.43,0.00,605
44.744,16.67,0.10,0.64,0.37,2.40,0.00,605
44.761,16.65,0.11,0.65,0.34,2.39,0.00,603
44.777,16.68,0.09,0.62,0.32,2.39,0.00,600
44.794,16.67,0.13,0.83,0.40,2.38,0.00,597
44.811,16.66,0.13,0.83,0.41,2.38,0.00,595
44.827,16.68,0.17,1.09,0.40,2.35,0.00,640
44.844,16.66,0.15,1.09,0.44,3.24,0.00,638
44.861,16.67,0.20,1.13,0.48,3.21,0.00,634
44.877,16.68,0.14,1.11,0.42,3.22,0.00,634
44.894,16.67,0.15,1.09,0.41,3.22,0.00,629
44.911,16.67,0.14,1.13,0.46,3.21,0.00,628
44.927,16.66,0.15,1.11,0.41,3.19,0.00,626
44.944,16.68,0.14,1.11,0.39,3.22,0.00,625
44.961,16.66,0.15,1.10,0.40,3.20,0.00,626
44.977,16.67,0.15,0.94,0.38,3.21,0.00,626
44.994,16.68,0.16,0.97,0.45,3.17,0.00,624
45.011,16.66,0.15,0.95,0.40,3.17,0.00,624
45.027,16.66,0.15,0.94,0.38,3.18,0.00,627
45.044,16.67,0.16,0.95,0.41,3.21,0.00,627
45.061,16.68,0.14,0.95,0.39,3.20,0.00,626
45.077,16.66,0.14,0.94,0.38,3.20,0.00,626
45.094,16.67,0.14,0.95,0.38,3.18,0.00,628
45.111,16.68,0.16,0.97,0.45,3.18,0.00,627
45.127,16.73,0.14,0.98,0.46,3.17,0.00,628
45.144,16.61,0.14,0.96,0.44,3.20,0.00,627
45.161,16.67,0.13,0.95,0.39,3.20,0.00,627
45.177,16.67,0.13,0.95,0.41,3.20,0.00,627
45.194,16.67,0.13,0.95,0.42,3.19,0.00,626
45.211,16.65,0.14,0.97,0.40,3.19,0.00,626
45.227,16.66,0.14,0.94,0.39,3.20,0.00,627
45.244,16.69,0.13,0.95,0.42,2.64,0.00,629
45.261,16.65,0.14,0.96,0.41,2.63,0.00,629
45.277,16.66,0.14,0.93,0.38,2.63,0.00,629
45.294,16.69,0.12,0.94,0.39,2.62,0.00,629
45.311,16.68,0.13,0.95,0.39,2.62,0.00,628
45.327,16.67,0.13,0.95,0.41,2.62,0.00,627
45.344,16.65,0.15,0.95,0.41,2.65,0.00,626
45.361,16.67,0.15,0.96,0.41,2.62,0.00,627
45.377,16.68,0.13,0.93,0.39,2.64,0.00,626
45.394,16.66,0.12,0.94,0.37,2.65,0.00,625
45.411,16.68,0.12,0.91,0.41,2.64,0.00,622
45.427,16.64,0.14,0.94,0.38,2.63,0.00,623
45.444,16.68,0.12,0.94,0.37,2.67,0.00,621
45.461,16.67,0.12,0.95,0.39,2.65,0.00,621
45.477,16.67,0.12,0.94,0.38,2.64,0.00,619
45.494,16.66,0.14,0.95,0.44,2.64,0.00,619
45.511,16.67,0.14,0.92,0.37,2.63,0.00,620
45.527,16.66,0.13,0.93,0.38,2.63,0.00,618
45.544,16.69,0.12,0.94,0.40,2.74,0.00,618
45.561,16.67,0.12,0.94,0.38,2.73,0.00,618
45.577,16.65,0.14,0.94,0.40,2.74,0.00,636
45.594,16.68,0.14,0.96,0.45,2.76,0.00,635
45.611,16.67,0.14,0.92,0.44,2.78,0.00,635
45.627,16.68,0.14,0.93,0.39,2.77,0.00,634
45.644,16.65,0.13,0.92,0.37,2.75,0.00,634
45.661,16.67,0.13,0.91,0.37,2.74,0.00,635
45.677,16.69,0.13,0.96,0.48,2.74,0.00,637
45.694,16.65,0.15,0.96,0.45,2.73,0.00,638
45.711,16.67,0.14,0.94,0.45,2.72,0.00,639
45.727,16.66,0.14,0.94,0.42,2.72,0.00,641
45.744,16.68,0.15,0.93,0.43,2.72,0.00,643
45.761,16.68,0.12,0.94,0.42,2.75,0.00,648
45.777,16.66,0.14,0.92,0.40,2.75,0.00,648
45.794,16.67,0.14,0.93,0.41,2.74,0.00,649
45.811,16.68,0.13,0.92,0.40,2.73,0.00,647
45.827,16.65,0.13,0.92,0.38,2.72,0.00,646
45.844,16.67,0.13,0.91,0.39,2.72,0.00,647
45.861,16.67,0.15,0.93,0.43,2.75,0.00,648
45.877,16.67,0.13,0.84,0.40,2.74,0.00,647
45.894,16.67,0.13,0.86,0.39,2.74,0.00,645
45.911,16.78,0.25,0.92,0.43,2.72,0.00,671
45.927,16.56,0.13,0.94,0.49,2.84,0.00,689
45.944,16.68,0.12,0.92,0.47,3.05,0.00,690
45.961,16.66,0.12,0.93,0.44,3.07,0.00,690
45.977,16.67,0.13,0.92,0.43,3.07,0.00,690
45.994,16.66,0.14,0.94,0.51,3.06,0.00,693
46.011,16.67,0.14,0.91,0.45,3.04,0.00,693
46.027,16.68,0.12,0.93,0.44,3.04,0.00,693
46.044,16.66,0.14,0.97,0.43,3.04,0.00,696
46.061,16.67,0.14,0.97,0.41,3.06,0.00,696
46.077,16.67,0.14,0.97,0.43,3.04,0.00,697
46.094,16.67,0.17,0.98,0.41,3.06,0.00,698
46.111,16.68,0.13,0.98,0.46,3.03,0.00,697
46.127,16.65,0.14,0.98,0.42,3.03,0.00,697
46.144,16.67,0.14,1.02,0.40,3.03,0.00,699
46.161,16.68,0.12,0.97,0.45,3.05,0.00,697
46.177,16.66,0.13,0.95,0.42,3.03,0.00,697
46.194,16.66,0.13,0.97,0.41,3.04,0.00,698
46.211,16.69,0.13,0.96,0.42,3.03,0.00,696
46.227,16.66,0.12,0.91,0.43,3.04,0.00,694
46.244,16.67,0.16,0.95,0.51,3.02,0.00,688
46.261,16.66,0.14,0.93,0.47,3.03,0.00,686
46.277,16.67,0.15,0.92,0.41,3.03,0.00,682
46.294,16.67,0.13,0.93,0.41,3.02,0.00,680
46.311,16.69,0.13,0.92,0.39,3.00,0.00,676
46.327,16.64,0.14,0.89,0.38,2.99,0.00,674
46.344,16.68,0.13,0.88,0.39,2.62,0.00,673
46.361,16.65,0.14,0.90,0.41,2.64,0.00,674
46.378,16.68,0.12,0.87,0.39,2.62,0.00,677
46.394,16.66,0.14,0.89,0.42,2.62,0.00,677
46.411,16.66,0.14,0.88,0.42,2.61,0.00,677
46.428,16.68,0.13,0.90,0.41,2.59,0.00,674
46.444,16.66,0.14,0.88,0.39,2.59,0.00,674
46.461,16.68,0.13,0.89,0.41,2.61,0.00,672
46.478,16.67,0.13,0.87,0.39,2.60,0.00,671
46.494,16.68,0.12,0.91,0.44,2.58,0.00,672
46.511,16.67,0.12,0.88,0.38,2.57,0.00,674
46.528,16.65,0.13,0.88,0.38,2.57,0.00,671
46.544,16.67,0.14,0.88,0.39,2.55,0.00,671
46.561,16.67,0.13,0.87,0.37,2.56,0.00,671
46.578,16.67,0.13,0.87,0.38,2.55,0.00,668
46.594,16.67,0.13,0.88,0.38,2.55,0.00,669
46.611,16.67,0.15,0.90,0.46,2.52,0.00,670
46.628,16.67,0.14,0.91,0.46,2.51,0.00,669
46.644,16.67,0.13,0.90,0.44,2.50,0.00,668
46.661,16.69,0.12,0.92,0.45,2.53,0.00,665
46.678,16.66,0.13,0.87,0.45,2.50,0.00,664
46.694,16.65,0.13,0.91,0.46,2.50,0.00,663
46.711,16.65,0.13,0.87,0.39,2.49,0.00,662
46.728,16.68,0.13,0.89,0.39,2.47,0.00,662
46.744,16.66,0.13,0.89,0.41,2.47,0.00,661
46.761,16.66,0.14,0.88,0.41,2.47,0.00,658
46.778,16.68,0.12,0.88,0.40,2.46,0.00,657
46.794,16.67,0.11,0.65,0.40,2.46,0.00,651
46.811,16.65,0.13,0.65,0.40,2.43,0.00,627
46.828,16.67,0.12,0.64,0.39,2.39,0.00,623
46.844,16.68,0.11,0.65,0.39,2.39,0.00,622
46.861,16.65,0.13,0.65,0.41,2.38,0.00,619
46.878,16.69,0.11,0.63,0.38,2.37,0.00,619
46.894,16.67,0.11,0.65,0.40,2.37,0.00,620
46.911,16.66,0.12,0.63,0.38,2.37,0.00,620
46.928,16.67,0.12,0.65,0.40,2.36,0.00,618
46.944,16.66,0.12,0.63,0.38,2.35,0.00,617
46.961,16.68,0.13,0.66,0.40,2.36,0.00,616
46.978,16.67,0.12,0.64,0.39,2.37,0.00,614
46.994,16.68,0.13,0.66,0.44,2.36,0.00,614
47.011,16.66,0.13,0.67,0.43,2.35,0.00,612
47.028,16.67,0.13,0.64,0.38,2.35,0.00,609
47.044,16.68,0.11,0.65,0.38,2.36,0.00,606
47.061,16.67,0.11,0.66,0.39,2.34,0.00,604
47.078,16.67,0.12,0.68,0.46,2.34,0.00,605
47.094,16.68,0.11,0.65,0.40,2.36,0.00,606
47.111,16.65,0.13,0.67,0.45,2.35,0.00,607
47.128,16.66,0.11,0.65,0.39,2.34,0.00,607
47.144,16.67,0.12,0.64,0.40,2.35,0.00,606
47.161,16.67,0.12,0.64,0.38,2.34,0.00,604
47.178,16.67,0.12,0.64,0.39,2.36,0.00,603
47.194,16.66,0.11,0.65,0.42,2.35,0.00,601
47.211,16.67,0.11,0.66,0.40,2.33,0.00,598
47.228,16.66,0.13,0.65,0.39,2.33,0.00,596
47.244,16.67,0.12,0.67,0.45,2.33,0.00,592
47.261,16.67,0.13,0.64,0.37,2.33,0.00,592
47.278,16.67,0.12,0.65,0.39,2.33,0.00,591
47.294,16.67,0.12,0.64,0.39,2.33,0.00,591
47.311,16.67,0.13,0.67,0.44,2.33,0.00,591
47.328,16.67,0.11,0.67,0.41,2.31,0.00,589
47.344,16.67,0.12,0.65,0.42,2.31,0.00,586
47.361,16.69,0.14,0.68,0.46,2.30,0.00,583
47.378,16.65,0.13,0.67,0.44,2.31,0.00,582
47.394,16.67,0.12,0.67,0.42,2.30,0.00,581
47.411,16.76,0.12,0.67,0.45,2.30,0.00,580
47.428,16.73,0.12,0.68,0.44,2.27,0.00,577
47.444,16.54,0.13,0.66,0.42,2.26,0.00,576
47.461,16.68,0.12,0.67,0.42,2.26,0.00,572
47.478,16.64,0.12,0.65,0.41,2.27,0.00,568
47.494,16.66,0.13,0.67,0.43,2.26,0.00,565
47.511,16.67,0.12,0.63,0.39,2.24,0.00,564
47.528,16.68,0.11,0.64,0.38,2.24,0.00,557
47.544,16.66,0.12,0.63,0.40,2.22,0.00,558
47.561,16.67,0.12,0.64,0.39,2.22,0.00,553
47.578,16.67,0.11,0.62,0.38,2.22,0.00,550
47.594,16.66,0.12,0.63,0.38,2.22,0.00,549
47.611,16.72,0.11,0.66,0.45,2.19,0.00,546
47.628,16.63,0.13,0.65,0.40,2.20,0.00,543
47.644,16.66,0.13,0.63,0.41,2.17,0.00,543
47.661,16.67,0.15,0.88,0.39,2.19,0.00,593
47.678,16.67,0.14,0.87,0.39,3.08,0.00,591
47.694,16.68,0.13,0.87,0.42,3.09,0.00,589
47.711,16.67,0.13,0.87,0.39,3.07,0.00,585
47.728,16.65,0.13,0.87,0.38,3.07,0.00,585
47.744,16.68,0.15,0.87,0.42,3.06,0.00,584
47.761,16.67,0.14,0.88,0.38,3.05,0.00,583
47.778,16.68,0.13,0.87,0.38,3.09,0.00,583
47.794,16.65,0.13,0.87,0.39,3.09,0.00,584
47.811,16.67,0.13,0.89,0.39,3.09,0.00,598
47.828,16.68,0.14,0.90,0.46,3.14,0.00,599
47.844,16.67,0.13,0.88,0.38,3.16,0.00,601
47.861,16.65,0.14,0.89,0.40,3.18,0.00,602
47.878,16.76,0.13,0.85,0.41,3.19,0.00,603
47.894,16.58,0.13,0.82,0.40,3.19,0.00,604
47.911,16.69,0.26,0.92,0.41,3.20,0.00,664
47.928,16.65,0.12,0.93,0.40,3.39,0.00,681
47.944,16.68,0.13,0.93,0.41,3.61,0.00,681
47.961,16.67,0.12,0.92,0.40,3.60,0.00,680
47.978,16.66,0.14,0.92,0.38,3.60,0.00,680
47.994,16.67,0.13,0.94,0.43,3.63,0.00,682
48.011,16.67,0.14,0.92,0.43,3.63,0.00,682
48.028,16.68,0.13,0.94,0.52,3.63,0.00,685
48.044,16.65,0.16,0.96,0.53,3.62,0.00,684
48.061,16.68,0.13,0.94,0.42,3.63,0.00,681
48.078,16.65,0.15,0.92,0.41,3.06,0.00,681
48.094,16.67,0.14,0.92,0.48,3.08,0.00,683
48.111,16.66,0.14,0.92,0.47,3.06,0.00,683
48.128,16.67,0.13,0.92,0.49,3.07,0.00,683
48.144,16.66,0.14,0.92,0.46,3.07,0.00,685
48.161,16.68,0.13,0.92,0.45,3.06,0.00,685
48.178,16.66,0.14,0.92,0.44,3.04,0.00,684
48.194,16.68,0.12,0.92,0.44,3.07,0.00,683
48.211,16.65,0.13,0.92,0.44,3.08,0.00,687
48.228,16.71,0.12,0.92,0.46,3.07,0.00,689
48.244,16.64,0.15,0.91,0.45,3.06,0.00,691
48.261,16.67,0.13,0.93,0.47,3.04,0.00,689
48.278,16.66,0.14,0.92,0.44,3.03,0.00,690
48.294,16.67,0.13,0.92,0.42,3.05,0.00,689
48.311,16.68,0.12,0.92,0.43,3.04,0.00,688
48.328,16.75,0.12,0.92,0.43,3.04,0.00,688
48.344,16.58,0.12,0.91,0.47,3.02,0.00,689
48.361,16.66,0.13,0.92,0.46,3.00,0.00,686
48.378,16.68,0.12,0.92,0.42,2.99,0.00,685
48.394,16.68,0.12,0.93,0.44,3.00,0.00,683
48.411,16.67,0.12,0.89,0.45,2.99,0.00,684
48.428,16.65,0.14,0.92,0.38,2.95,0.00,682
48.444,16.69,0.12,0.92,0.43,2.96,0.00,684
48.461,16.69,0.13,0.92,0.40,2.94,0.00,680
48.478,16.63,0.14,0.93,0.42,2.92,0.00,678
48.494,16.67,0.13,0.91,0.38,2.95,0.00,676
48.511,16.68,0.14,0.92,0.41,2.92,0.00,676
48.528,16.66,0.13,0.91,0.38,2.92,0.00,674
48.544,16.67,0.13,0.90,0.38,2.92,0.00,669
48.561,16.67,0.12,0.91,0.38,2.90,0.00,668
48.578,16.67,0.14,0.91,0.38,2.88,0.00,668
48.594,16.67,0.12,0.89,0.39,2.91,0.00,668
48.611,16.66,0.14,0.91,0.41,2.88,0.00,668
48.628,16.67,0.13,0.91,0.38,2.88,0.00,668
48.644,16.75,0.13,0.91,0.45,2.86,0.00,668
48.661,16.59,0.13,0.93,0.43,2.85,0.00,668
48.678,16.69,0.13,0.91,0.42,2.84,0.00,668
48.694,16.65,0.13,0.91,0.41,2.86,0.00,668
48.711,16.67,0.13,0.90,0.38,2.85,0.00,669
48.728,16.66,0.13,0.90,0.40,2.85,0.00,672
48.744,16.69,0.12,0.89,0.39,2.85,0.00,671
48.761,16.66,0.13,0.92,0.42,2.85,0.00,672
48.778,16.67,0.13,0.89,0.39,2.83,0.00,674
48.794,16.66,0.13,0.89,0.41,2.85,0.00,672
48.811,16.68,0.11,0.90,0.38,2.86,0.00,670
48.828,16.67,0.12,0.90,0.38,2.85,0.00,672
48.844,16.66,0.13,0.91,0.43,2.84,0.00,671
48.861,16.76,0.13,0.91,0.43,2.84,0.00,671
48.878,16.58,0.13,0.89,0.38,2.84,0.00,670
48.894,16.69,0.13,0.92,0.44,2.86,0.00,668
48.911,16.65,0.12,0.90,0.40,2.85,0.00,669
48.928,16.67,0.13,0.94,0.41,2.84,0.00,667
48.944,16.66,0.12,0.90,0.41,2.84,0.00,666
48.961,16.67,0.13,0.89,0.39,2.83,0.00,665
48.978,16.67,0.14,0.89,0.39,2.84,0.00,664
48.994,16.67,0.17,0.91,0.43,2.84,0.00,660
49.011,16.66,0.13,0.91,0.43,2.84,0.00,659
49.028,16.67,0.13,0.89,0.39,2.84,0.00,654
49.044,16.67,0.13,0.91,0.45,2.83,0.00,653
49.061,16.66,0.13,0.91,0.45,2.82,0.00,651
49.078,16.67,0.13,0.90,0.41,2.80,0.00,648
49.094,16.69,0.15,0.90,0.41,2.81,0.00,645
49.111,16.66,0.16,0.90,0.46,2.82,0.00,643
49.128,16.65,0.13,0.90,0.40,2.81,0.00,639
49.144,16.68,0.11,0.87,0.39,2.78,0.00,615
49.161,16.65,0.12,0.85,0.39,2.75,0.00,609
49.178,16.68,0.13,0.86,0.40,2.46,0.00,608
49.194,16.69,0.12,0.87,0.44,2.47,0.00,606
49.211,16.65,0.12,0.84,0.39,2.45,0.00,605
49.228,16.67,0.12,0.86,0.38,2.46,0.00,604
49.244,16.66,0.12,0.85,0.38,2.45,0.00,601
49.261,16.68,0.13,0.87,0.43,2.44,0.00,600
49.278,16.67,0.12,0.85,0.40,2.43,0.00,598
49.294,16.68,0.12,0.86,0.39,2.42,0.00,597
49.311,16.67,0.11,0.85,0.38,2.44,0.00,595
49.328,16.65,0.12,0.85,0.40,2.44,0.00,594
49.344,16.69,0.11,0.83,0.40,2.42,0.00,591
49.361,16.65,0.12,0.87,0.40,2.41,0.00,588
49.378,16.67,0.13,0.83,0.41,2.39,0.00,586
49.394,16.69,0.11,0.83,0.39,2.39,0.00,584
49.411,16.71,0.12,0.86,0.43,2.41,0.00,584
49.428,16.59,0.13,0.85,0.39,2.39,0.00,582
49.444,16.69,0.11,0.82,0.38,2.39,0.00,582
49.461,16.66,0.11,0.85,0.38,2.39,0.00,581
49.478,16.66,0.12,0.85,0.39,2.38,0.00,578
49.494,16.67,0.13,0.85,0.40,2.36,0.00,577
49.511,16.68,0.12,0.86,0.42,2.37,0.00,577
49.528,16.66,0.14,0.85,0.38,2.37,0.00,575
49.544,16.68,0.11,0.85,0.39,2.36,0.00,575
49.561,16.65,0.12,0.85,0.39,2.34,0.00,571
49.578,16.67,0.12,0.82,0.37,2.34,0.00,568
49.594,16.66,0.15,1.13,0.39,2.32,0.00,612
49.611,16.68,0.16,1.13,0.43,3.17,0.00,609
49.628,16.67,0.14,0.94,0.40,3.16,0.00,607
49.644,16.68,0.13,0.93,0.37,3.16,0.00,604
49.661,16.67,0.13,0.94,0.40,3.14,0.00,602
49.678,16.65,0.15,0.92,0.38,3.15,0.00,600
49.694,16.69,0.13,0.95,0.42,3.14,0.00,597
49.711,16.66,0.13,0.94,0.41,3.16,0.00,596
49.728,16.66,0.15,0.94,0.40,3.15,0.00,592
49.744,16.68,0.15,0.95,0.51,3.14,0.00,589
49.761,16.67,0.16,1.00,0.48,3.12,0.00,586
49.778,16.66,0.15,0.94,0.40,3.13,0.00,586
49.794,16.67,0.14,0.94,0.42,3.13,0.00,584
49.811,16.65,0.14,0.92,0.39,3.17,0.00,584
49.828,16.68,0.14,0.94,0.40,3.17,0.00,584
49.844,16.67,0.15,0.93,0.39,3.17,0.00,584
49.861,16.67,0.14,0.95,0.43,3.16,0.00,583
49.878,16.67,0.16,0.88,0.46,3.14,0.00,581
49.894,16.66,0.14,0.87,0.40,3.18,0.00,580
49.911,16.66,0.27,0.95,0.41,3.18,0.00,652
49.928,16.68,0.14,0.96,0.39,3.37,0.00,673
49.944,16.66,0.14,0.96,0.40,3.60,0.00,673
49.961,16.67,0.14,0.97,0.45,3.58,0.00,673
49.978,16.66,0.15,0.96,0.41,3.57,0.00,672
49.994,16.67,0.15,0.99,0.39,3.59,0.00,670
50.011,16.66,0.15,0.98,0.44,3.01,0.00,672
50.028,16.69,0.13,0.96,0.40,2.99,0.00,671
50.044,16.64,0.14,0.96,0.39,2.98,0.00,671
50.061,16.67,0.15,0.98,0.45,2.97,0.00,669
50.078,16.72,0.15,0.99,0.48,2.95,0.00,669
50.094,16.62,0.14,0.96,0.44,2.96,0.00,666
50.111,16.66,0.14,0.94,0.43,2.95,0.00,670
50.128,16.68,0.13,0.98,0.45,2.92,0.00,670
50.144,16.66,0.14,0.94,0.39,2.92,0.00,670
50.161,16.69,0.12,0.96,0.41,2.91,0.00,668
50.178,16.68,0.14,0.97,0.45,2.90,0.00,668
50.194,16.63,0.14,0.95,0.41,2.91,0.00,669
50.211,16.68,0.12,0.94,0.40,2.90,0.00,668
50.228,16.66,0.13,0.95,0.40,2.89,0.00,667
50.244,16.67,0.13,0.94,0.40,2.87,0.00,666
50.261,16.67,0.14,0.97,0.44,2.87,0.00,668
50.278,16.67,0.15,0.93,0.38,2.86,0.00,669
50.294,16.67,0.13,0.95,0.39,2.87,0.00,668
50.311,16.68,0.12,0.94,0.38,2.86,0.00,667
50.328,16.65,0.14,0.95,0.41,2.85,0.00,664
50.345,16.67,0.13,0.93,0.38,2.84,0.00,664
50.361,16.67,0.14,0.95,0.40,2.81,0.00,663
50.378,16.67,0.13,0.97,0.46,2.84,0.00,661
50.395,16.67,0.13,0.93,0.39,2.83,0.00,662
50.411,16.68,0.12,0.94,0.40,2.82,0.00,662
50.428,16.65,0.13,0.94,0.37,2.81,0.00,660
50.445,16.67,0.14,0.93,0.38,2.82,0.00,659
50.461,16.67,0.14,0.95,0.39,2.80,0.00,658
50.478,16.67,0.13,0.94,0.38,2.82,0.00,656
50.495,16.79,0.13,0.97,0.44,2.82,0.00,656
50.511,16.55,0.14,0.96,0.42,2.79,0.00,657
50.528,16.67,0.14,0.92,0.39,2.80,0.00,657
50.545,16.68,0.13,0.93,0.39,2.79,0.00,661
50.561,16.65,0.13,0.95,0.38,2.80,0.00,662
50.578,16.69,0.12,0.94,0.40,2.81,0.00,661
50.595,16.66,0.13,0.96,0.38,2.81,0.00,661
50.611,16.67,0.14,0.94,0.40,2.79,0.00,662
50.628,16.70,0.12,0.96,0.42,2.80,0.00,666
50.645,16.63,0.13,0.93,0.42,2.80,0.00,667
50.661,16.67,0.13,0.95,0.37,2.79,0.00,666
50.678,16.67,0.13,0.93,0.38,2.81,0.00,665
50.695,16.67,0.14,0.94,0.42,2.81,0.00,666
50.711,16.68,0.12,0.93,0.37,2.81,0.00,665
50.728,16.67,0.11,0.94,0.37,2.81,0.00,666
50.745,16.68,0.12,0.92,0.39,2.80,0.00,665
50.761,16.65,0.14,0.96,0.46,2.79,0.00,663
50.778,16.67,0.13,0.92,0.41,2.82,0.00,661
50.795,16.67,0.13,0.95,0.45,2.82,0.00,657
50.811,16.67,0.14,0.93,0.38,2.82,0.00,656
50.828,16.67,0.13,0.94,0.37,2.83,0.00,657
50.845,16.68,0.12,0.92,0.37,2.81,0.00,653
50.861,16.67,0.12,0.93,0.40,2.84,0.00,651
50.878,16.67,0.12,0.93,0.42,2.84,0.00,651
50.895,16.66,0.13,0.91,0.40,2.84,0.00,650
50.911,16.69,0.11,0.96,0.44,2.84,0.00,649
50.928,16.64,0.13,0.93,0.38,2.83,0.00,649
50.945,16.67,0.13,0.93,0.38,2.83,0.00,650
50.961,16.68,0.11,0.92,0.38,2.84,0.00,645
50.978,16.66,0.12,0.93,0.41,2.83,0.00,640
50.995,16.68,0.12,0.94,0.41,2.83,0.00,639
51.011,16.65,0.13,0.90,0.41,2.82,0.00,638
51.028,16.66,0.13,0.91,0.37,2.80,0.00,636
51.045,16.68,0.13,0.91,0.39,2.79,0.00,634
51.061,16.67,0.13,0.91,0.38,2.81,0.00,627
51.078,16.67,0.13,0.91,0.38,2.78,0.00,618
51.095,16.69,0.12,0.87,0.39,2.76,0.00,615
51.111,16.65,0.12,0.87,0.38,2.42,0.00,612
51.128,16.68,0.13,0.88,0.40,2.42,0.00,610
51.145,16.67,0.11,0.88,0.37,2.40,0.00,610
51.161,16.65,0.13,0.87,0.38,2.42,0.00,609
51.178,16.67,0.12,0.87,0.38,2.40,0.00,608
51.195,16.68,0.11,0.85,0.41,2.38,0.00,608
51.211,16.68,0.11,0.87,0.38,2.38,0.00,606
51.228,16.64,0.12,0.87,0.38,2.38,0.00,604
51.245,16.68,0.13,0.88,0.40,2.36,0.00,604
51.261,16.67,0.16,0.92,0.45,2.36,0.00,603
51.278,16.66,0.12,0.87,0.39,2.36,0.00,602
51.295,16.68,0.11,0.86,0.38,2.33,0.00,602
51.311,16.66,0.12,0.86,0.39,2.32,0.00,600
51.328,16.67,0.12,0.88,0.38,2.33,0.00,598
51.345,16.69,0.11,0.88,0.39,2.34,0.00,596
51.361,16.64,0.13,0.88,0.38,2.34,0.00,595
51.378,16.67,0.13,0.89,0.41,2.30,0.00,593
51.395,16.67,0.11,0.88,0.37,2.30,0.00,591
51.411,16.69,0.12,0.90,0.44,2.30,0.00,590
51.428,16.65,0.14,0.89,0.40,2.28,0.00,590
51.445,16.66,0.12,0.85,0.40,2.29,0.00,588
51.461,16.68,0.11,0.89,0.39,2.29,0.00,585
51.478,16.66,0.12,0.88,0.42,2.29,0.00,581
51.495,16.67,0.12,0.89,0.39,2.27,0.00,579
51.511,16.68,0.11,0.92,0.42,2.26,0.00,577
51.528,16.66,0.12,0.89,0.41,2.26,0.00,575
51.545,16.65,0.12,0.88,0.40,2.27,0.00,573
51.561,16.67,0.12,0.64,0.39,2.27,0.00,561
51.578,16.67,0.13,0.65,0.45,2.25,0.00,559
51.595,16.68,0.11,0.68,0.46,2.24,0.00,558
51.611,16.66,0.12,0.64,0.41,2.25,0.00,555
51.628,16.68,0.12,0.66,0.40,2.23,0.00,552
51.645,16.67,0.11,0.62,0.38,2.24,0.00,550
51.661,16.65,0.12,0.64,0.38,2.25,0.00,550
51.678,16.68,0.12,0.64,0.40,2.23,0.00,548
51.695,16.66,0.12,0.66,0.43,2.23,0.00,546
51.711,16.68,0.10,0.63,0.38,2.24,0.00,545
51.728,16.65,0.12,0.64,0.38,2.24,0.00,542
51.745,16.68,0.10,0.62,0.37,2.26,0.00,542
51.761,16.65,0.11,0.64,0.38,2.24,0.00,542
51.778,16.68,0.12,0.63,0.41,2.24,0.00,540
51.795,16.66,0.12,0.65,0.38,2.24,0.00,538
51.811,16.67,0.15,0.91,0.38,2.24,0.00,592
51.828,16.67,0.14,0.90,0.38,3.16,0.00,591
51.845,16.68,0.13,0.91,0.38,3.16,0.00,589
51.861,16.66,0.14,0.91,0.42,3.14,0.00,585
51.878,16.67,0.15,0.85,0.42,3.14,0.00,584
51.895,16.67,0.13,0.83,0.37,3.14,0.00,582
51.911,16.67,0.27,0.95,0.41,3.13,0.00,611
51.928,16.67,0.15,0.95,0.43,3.23,0.00,612
51.945,16.69,0.14,0.93,0.40,3.27,0.00,613
51.961,16.65,0.15,0.96,0.41,3.28,0.00,614
51.978,16.67,0.14,0.93,0.39,3.29,0.00,613
51.995,16.66,0.14,0.94,0.39,3.29,0.00,613
52.011,16.67,0.15,0.93,0.39,3.30,0.00,613
52.028,16.67,0.15,0.98,0.47,3.32,0.00,609
52.045,16.68,0.14,0.96,0.43,3.31,0.00,608
52.061,16.66,0.13,0.95,0.40,3.32,0.00,605
52.078,16.65,0.14,0.94,0.39,3.31,0.00,605
52.095,16.70,0.17,0.96,0.42,3.31,0.00,604
52.111,16.66,0.17,1.24,0.40,3.31,0.00,654
52.128,16.64,0.17,1.23,0.43,3.60,0.00,654
52.145,16.67,0.15,1.22,0.39,3.59,0.00,653
52.161,16.69,0.15,1.20,0.41,3.58,0.00,654
52.178,16.64,0.17,1.23,0.40,3.57,0.00,653
52.195,16.67,0.17,1.24,0.40,3.58,0.00,653
52.211,16.68,0.16,1.23,0.39,3.57,0.00,653
52.228,16.68,0.17,1.26,0.42,3.55,0.00,654
52.245,16.65,0.17,1.23,0.40,3.57,0.00,654
52.261,16.68,0.16,1.24,0.38,3.56,0.00,656
52.278,16.66,0.18,1.27,0.46,3.58,0.00,657
52.295,16.69,0.17,1.27,0.39,3.59,0.00,656
52.311,16.64,0.16,1.24,0.40,3.62,0.00,655
52.328,16.67,0.16,1.25,0.39,3.62,0.00,656
52.345,16.67,0.17,1.26,0.44,3.62,0.00,654
52.361,16.70,0.15,1.30,0.44,3.63,0.00,651
52.378,16.64,0.16,1.28,0.43,3.64,0.00,652
52.395,16.67,0.17,1.27,0.44,3.62,0.00,651
52.411,16.67,0.16,1.25,0.43,3.66,0.00,650
52.428,16.66,0.12,0.95,0.36,3.66,0.00,654
52.445,16.68,0.15,1.27,0.39,3.67,0.00,655
52.461,16.67,0.14,1.25,0.39,3.67,0.00,654
52.478,16.67,0.14,1.25,0.42,3.67,0.00,649
52.495,16.66,0.14,1.26,0.39,3.67,0.00,648
52.511,16.66,0.16,1.27,0.44,3.72,0.00,644
52.528,16.68,0.15,1.27,0.42,3.13,0.00,644
52.545,16.68,0.14,1.24,0.41,3.15,0.00,643
52.561,16.66,0.15,1.28,0.38,3.15,0.00,641
52.578,16.67,0.16,1.25,0.41,3.16,0.00,640
52.595,16.67,0.15,1.27,0.38,3.15,0.00,639
52.611,16.74,0.14,1.26,0.38,3.18,0.00,638
52.628,16.61,0.21,1.29,0.46,3.20,0.00,634
52.645,16.65,0.16,1.26,0.43,3.19,0.00,634
52.661,16.67,0.16,1.27,0.45,3.20,0.00,631
52.678,16.68,0.16,1.27,0.47,3.20,0.00,631
52.695,16.66,0.16,1.28,0.46,3.19,0.00,632
52.711,16.71,0.14,1.26,0.42,3.22,0.00,632
52.728,16.62,0.14,1.25,0.39,3.22,0.00,633
52.745,16.68,0.14,1.25,0.40,3.23,0.00,636
52.761,16.66,0.15,1.25,0.39,3.23,0.00,637
52.778,16.67,0.16,1.25,0.46,3.24,0.00,639
52.795,16.67,0.14,1.24,0.41,3.26,0.00,642
52.811,16.67,0.15,1.24,0.40,3.27,0.00,646
52.828,16.67,0.14,1.24,0.39,3.28,0.00,648
52.845,16.67,0.14,1.23,0.38,3.28,0.00,652
52.861,16.68,0.13,1.24,0.38,3.29,0.00,657
52.878,16.68,0.15,1.23,0.43,3.28,0.00,661
52.895,16.66,0.13,1.25,0.39,3.32,0.00,661
52.911,16.65,0.14,1.23,0.40,3.32,0.00,664
52.928,16.69,0.14,1.22,0.40,3.34,0.00,666
52.945,16.66,0.15,1.23,0.41,3.34,0.00,668
52.961,16.67,0.14,1.24,0.38,3.34,0.00,672
52.978,16.67,0.15,1.22,0.40,3.34,0.00,676
52.995,16.67,0.14,1.22,0.40,3.39,0.00,675
53.011,16.67,0.14,1.22,0.39,3.38,0.00,671
53.028,16.67,0.15,1.24,0.44,3.39,0.00,671
53.045,16.68,0.14,1.24,0.43,3.38,0.00,670
53.061,16.66,0.15,1.23,0.41,3.39,0.00,672
53.078,16.75,0.16,1.26,0.44,3.37,0.00,677
53.095,16.59,0.10,0.65,15.51,3.42,0.00,678
53.111,16.68,0.11,0.95,14.87,3.41,0.00,679
53.128,16.62,0.05,0.40,15.48,3.39,0.00,683
53.145,16.68,0.05,0.40,15.49,3.41,0.00,683
53.161,16.65,0.04,0.39,15.50,3.41,0.00,688
53.178,16.67,0.05,0.39,15.46,3.41,0.00,691
53.195,16.67,0.05,0.40,15.49,3.48,0.00,691
53.211,16.66,0.04,0.38,15.51,3.47,0.00,690
53.228,16.67,0.04,0.40,15.50,3.47,0.00,690
53.245,16.68,0.06,0.49,15.49,3.46,0.00,688
53.261,16.67,0.06,0.50,15.48,3.47,0.00,689
53.278,16.73,0.06,0.49,15.38,3.47,0.00,687
53.295,16.61,0.06,0.48,15.45,3.47,0.00,685
53.311,16.67,0.06,0.48,15.46,3.48,0.00,681
53.328,16.66,0.06,0.49,15.43,3.06,0.00,681
53.345,16.66,0.06,0.47,15.44,3.08,0.00,683
53.361,16.67,0.06,0.48,15.50,3.08,0.00,686
53.378,16.68,0.06,0.47,15.37,3.17,0.00,686
53.395,16.66,0.06,0.47,15.51,3.16,0.00,687
53.411,16.70,0.07,0.62,15.32,3.16,0.00,684
53.428,16.65,0.08,0.61,15.34,3.16,0.00,685
53.445,16.67,0.08,0.61,15.39,3.18,0.00,686
53.461,16.66,0.09,0.71,15.23,3.16,0.00,694
53.478,16.72,0.07,0.63,15.28,3.13,0.00,691
53.495,16.67,0.07,0.65,15.24,3.14,0.00,688
53.511,16.65,0.07,0.65,15.31,3.13,0.00,689
53.528,16.63,0.09,0.66,15.29,3.15,0.00,688
53.545,16.67,0.08,0.64,15.32,3.13,0.00,688
53.561,16.67,0.08,0.65,15.34,3.16,0.00,687
53.578,16.68,0.08,0.65,15.29,3.18,0.00,680
53.595,16.66,0.08,0.65,15.31,3.17,0.00,677
53.611,16.73,0.07,0.63,15.30,3.14,0.00,670
53.628,16.61,0.08,0.65,15.41,2.75,0.00,670
53.645,16.68,0.11,0.92,15.16,2.75,0.00,671
53.661,16.68,0.10,0.93,15.11,2.73,0.00,672
53.678,16.66,0.10,0.94,15.12,2.77,0.00,671
53.695,16.75,0.11,0.93,14.99,2.76,0.00,671
53.711,16.59,0.10,0.91,15.13,2.75,0.00,671
53.728,16.67,0.10,0.93,15.13,2.74,0.00,670
53.745,16.67,0.10,0.92,15.09,2.73,0.00,671
53.761,16.66,0.11,0.92,15.16,2.75,0.00,669
53.778,16.68,0.10,0.80,15.21,2.75,0.00,669
53.795,16.66,0.10,0.78,15.25,2.74,0.00,668
53.811,16.67,0.10,0.79,15.29,2.73,0.00,666
53.828,16.66,0.10,0.78,15.49,2.72,0.00,666
53.845,16.68,0.13,1.05,15.24,2.71,0.00,667
53.861,16.69,0.14,1.06,15.14,2.73,0.00,666
53.878,16.70,0.14,0.97,14.98,2.73,0.00,666
53.895,16.61,0.09,0.72,15.31,2.72,0.00,665
53.911,16.67,0.20,0.81,15.11,2.70,0.00,701
53.928,16.67,0.10,0.83,15.45,2.91,0.00,707
53.945,16.68,0.18,1.10,15.11,3.00,0.00,707
53.962,16.72,0.14,1.10,15.06,3.02,0.00,705
53.978,16.67,0.15,1.10,14.95,3.00,0.00,705
53.995,16.63,0.13,1.11,14.98,3.00,0.00,704
54.011,16.65,0.14,1.06,15.17,3.00,0.00,704
54.028,16.70,0.13,1.13,15.05,2.98,0.00,702
54.045,16.65,0.14,1.08,15.11,2.98,0.00,700
54.062,16.72,0.13,1.12,14.93,2.98,0.00,698
54.078,16.61,0.13,0.79,15.49,2.98,0.00,690
54.095,16.67,0.13,0.82,15.58,2.97,0.00,689
54.111,16.66,0.15,0.83,15.47,2.96,0.00,688
54.128,16.68,0.20,0.87,15.14,2.95,0.00,690
54.145,16.68,0.11,0.63,15.58,2.96,0.00,686
54.162,16.66,0.13,0.84,15.46,2.98,0.00,685
54.178,16.65,0.17,0.82,15.37,2.98,0.00,685
54.195,16.66,0.18,0.86,15.24,2.96,0.00,685
54.212,16.69,0.15,0.82,15.34,2.95,0.00,685
54.228,16.65,0.16,0.82,15.34,2.95,0.00,686
54.245,16.69,0.14,0.83,15.21,2.99,0.00,685
54.262,16.66,0.13,0.83,15.55,2.99,0.00,684
54.278,16.63,0.14,0.83,15.44,2.97,0.00,682
54.295,16.69,0.13,0.85,15.37,2.97,0.00,681
54.312,16.68,0.13,0.81,15.39,2.97,0.00,680
54.328,16.69,0.14,0.81,15.59,2.97,0.00,679
54.345,16.67,0.14,0.90,15.34,2.99,0.00,678
54.362,16.66,0.20,0.84,15.40,2.98,0.00,677
54.378,16.65,0.22,0.90,15.35,2.98,0.00,678
54.395,16.67,0.13,0.84,15.48,2.98,0.00,677
54.412,16.67,0.16,0.90,15.42,2.99,0.00,678
54.428,16.68,0.22,1.17,15.13,2.98,0.00,727
54.445,16.68,0.19,1.18,15.19,3.88,0.00,723
54.462,16.66,0.18,1.23,15.09,3.88,0.00,724
54.478,16.64,0.18,1.18,15.10,3.89,0.00,726
54.495,16.70,0.22,1.19,15.09,3.88,0.00,725
54.512,16.63,0.21,1.16,15.24,3.89,0.00,726
54.528,16.73,0.20,1.24,15.01,3.90,0.00,726
54.545,16.67,0.18,1.20,15.12,3.91,0.00,728
54.562,16.63,0.16,1.16,15.22,3.89,0.00,729
54.578,16.65,0.26,1.23,14.99,3.90,0.00,730
54.595,16.70,0.19,1.22,15.10,3.90,0.00,731
54.612,16.63,0.17,1.19,15.22,3.90,0.00,734
54.628,16.69,0.16,1.35,15.00,3.92,0.00,732
54.645,16.66,0.16,1.21,15.16,3.94,0.00,732
54.662,16.68,0.22,1.24,15.07,3.92,0.00,733
54.678,16.81,0.38,1.38,14.65,3.93,0.00,733
54.695,16.57,0.16,1.24,15.00,3.92,0.00,734
54.712,16.62,0.16,1.21,15.14,3.92,0.00,734
54.728,16.64,0.16,1.23,14.99,3.95,0.00,731
54.745,16.69,0.17,1.23,15.00,3.94,0.00,723
54.762,16.67,0.15,1.21,15.30,3.92,0.00,722
54.778,16.80,0.23,1.26,14.55,3.90,0.00,723
54.795,16.52,0.13,0.90,15.13,3.91,0.00,724
54.812,16.68,0.11,0.90,15.12,3.91,0.00,723
54.828,16.66,0.11,0.92,15.12,3.91,0.00,721
54.845,16.67,0.11,0.91,15.10,3.34,0.00,719
54.862,16.67,0.11,0.91,15.13,3.34,0.00,713
54.878,16.67,0.10,0.91,15.12,3.34,0.00,712
54.895,16.68,0.11,0.91,15.09,3.32,0.00,711
54.912,16.66,0.11,0.90,15.13,3.37,0.00,711
54.928,16.67,0.10,0.91,15.18,3.36,0.00,710
54.945,16.66,0.12,0.89,15.36,3.34,0.00,710
54.962,16.74,0.22,1.23,14.83,3.37,0.00,710
54.978,16.61,0.15,1.17,15.05,2.98,0.00,712
54.995,16.71,0.18,1.21,14.93,3.02,0.00,712
55.012,16.66,0.14,1.20,14.96,3.02,0.00,714
55.028,16.67,0.13,1.23,14.99,3.03,0.00,709
55.045,16.62,0.15,1.19,15.06,3.03,0.00,708
55.062,16.67,0.16,1.21,15.00,3.04,0.00,709
55.078,16.73,0.17,1.18,14.95,3.04,0.00,711
55.095,16.68,0.13,1.21,14.95,3.12,0.00,712
55.112,16.61,0.19,1.22,14.93,3.12,0.00,712
55.128,16.67,0.21,1.19,14.96,3.15,0.00,715
55.145,16.79,0.14,1.17,14.86,3.18,0.00,713
55.162,16.56,0.14,1.20,15.08,3.19,0.00,714
55.178,16.67,0.15,1.31,15.01,3.20,0.00,714
55.195,16.63,0.18,1.33,14.90,3.21,0.00,714
55.212,16.69,0.14,1.20,15.21,3.21,0.00,712
55.228,16.68,0.14,1.24,15.01,3.22,0.00,714
55.245,16.64,0.19,1.21,14.93,3.23,0.00,714
55.262,16.67,0.15,1.17,15.03,3.23,0.00,715
55.278,16.72,0.19,1.20,14.97,3.26,0.00,714
55.295,16.61,0.13,1.20,14.98,3.26,0.00,711
55.312,16.70,0.13,1.17,15.11,3.25,0.00,710
55.328,16.64,0.18,1.21,14.97,3.26,0.00,712
55.345,16.68,0.15,1.20,14.92,3.27,0.00,715
55.362,16.66,0.15,1.19,15.02,3.29,0.00,716
55.378,16.74,0.19,1.16,14.97,3.28,0.00,716
55.395,16.60,0.13,1.23,15.01,3.27,0.00,710
55.412,16.68,0.17,1.18,15.00,3.28,0.00,711
55.428,16.65,0.14,1.12,15.10,3.26,0.00,709
55.445,16.73,0.14,1.15,14.99,3.25,0.00,710
55.462,16.60,0.14,1.14,15.19,3.27,0.00,711
55.478,16.66,0.14,1.15,15.08,3.26,0.00,711
55.495,16.68,0.17,1.14,15.17,3.25,0.00,711
55.512,16.67,0.14,1.12,15.32,3.24,0.00,709
55.528,16.71,0.14,1.16,15.14,3.23,0.00,710
55.545,16.62,0.15,1.20,15.20,3.26,0.00,710
55.562,16.67,0.13,1.14,15.10,3.24,0.00,711
55.578,16.68,0.14,1.13,15.10,3.22,0.00,711
55.595,16.70,0.13,1.11,15.06,3.20,0.00,710
55.612,16.62,0.15,1.12,15.11,3.18,0.00,711
55.628,16.75,0.17,1.10,15.09,3.18,0.00,712
55.645,16.65,0.14,1.13,15.06,3.20,0.00,712
55.662,16.67,0.17,1.14,15.00,3.17,0.00,708
55.678,16.62,0.14,1.11,15.18,3.16,0.00,707
55.695,16.67,0.15,1.10,15.10,3.14,0.00,705
55.712,16.72,0.14,1.08,15.15,3.15,0.00,705
55.728,16.60,0.13,1.13,15.14,3.15,0.00,704
55.745,16.67,0.13,1.13,15.11,3.14,0.00,704
55.762,16.74,0.13,1.13,15.00,3.12,0.00,701
55.778,16.60,0.13,1.09,15.30,3.11,0.00,698
55.795,16.65,0.13,1.11,15.15,3.09,0.00,697
55.812,16.76,0.14,1.06,15.11,3.09,0.00,695
55.828,16.66,0.18,1.07,15.02,3.09,0.00,695
55.845,16.62,0.13,1.07,15.06,3.08,0.00,692
55.862,16.67,0.14,1.05,15.20,3.08,0.00,687
55.878,16.65,0.21,0.98,15.26,3.06,0.00,683
55.895,16.67,0.13,1.03,15.16,3.03,0.00,681
55.912,16.72,0.27,1.08,14.96,3.06,0.00,708
55.928,16.71,0.13,1.07,15.10,3.18,0.00,718
55.945,16.57,0.13,1.06,15.14,2.91,0.00,717
55.962,16.70,0.13,1.08,15.13,2.89,0.00,717
55.978,16.71,0.13,1.06,15.10,2.89,0.00,717
55.995,16.64,0.14,1.14,15.15,2.89,0.00,716
56.012,16.62,0.15,1.11,15.11,2.90,0.00,716
56.028,16.78,0.13,1.07,15.15,2.88,0.00,715
56.045,16.58,0.14,1.08,15.15,2.87,0.00,714
56.062,16.79,0.13,1.06,15.01,2.86,0.00,714
56.078,16.59,0.13,1.05,15.03,2.85,0.00,712
56.095,16.63,0.14,1.08,15.15,2.85,0.00,712
56.112,16.65,0.15,1.04,15.38,2.86,0.00,712
56.128,16.69,0.14,1.07,14.96,2.85,0.00,710
56.145,16.62,0.06,0.48,16.03,2.84,0.00,709
56.162,16.71,0.13,1.11,15.23,2.84,0.00,708
56.178,16.66,0.17,1.07,15.20,2.82,0.00,708
56.195,16.65,0.16,1.09,15.12,2.84,0.00,706
56.212,16.72,0.14,1.05,15.15,2.83,0.00,704
56.228,16.69,0.15,1.07,15.07,2.83,0.00,703
56.245,16.66,0.17,1.07,15.11,2.82,0.00,703
56.262,16.60,0.13,1.08,15.17,2.81,0.00,702
56.278,16.74,0.13,1.14,15.10,2.80,0.00,701
56.295,16.59,0.21,1.06,15.13,2.82,0.00,698
56.312,16.72,0.13,1.01,15.24,2.80,0.00,695
56.328,16.62,0.13,1.05,15.08,2.80,0.00,691
56.345,16.68,0.13,1.04,15.32,2.80,0.00,686
56.362,16.67,0.18,1.05,15.13,2.78,0.00,680
56.378,16.65,0.19,1.02,15.20,2.79,0.00,675
56.395,16.69,0.13,0.73,15.49,2.78,0.00,636
56.412,16.72,0.13,0.75,15.41,2.71,0.00,618
56.428,16.67,0.19,0.75,15.35,2.69,0.00,615
56.445,16.66,0.15,0.74,15.39,2.67,0.00,615
56.462,16.59,0.16,0.73,15.49,2.65,0.00,612
56.478,16.69,0.14,0.71,15.42,2.66,0.00,612
56.495,16.66,0.13,0.75,15.49,2.65,0.00,611
56.512,16.76,0.13,0.73,15.39,2.65,0.00,611
56.528,16.66,0.13,0.76,15.53,2.63,0.00,609
56.545,16.55,0.14,0.77,15.51,2.62,0.00,608
56.562,16.69,0.12,0.77,15.51,2.63,0.00,608
56.578,16.70,0.13,0.74,15.46,2.61,0.00,607
56.595,16.64,0.15,0.73,15.41,2.60,0.00,607
56.612,16.68,0.14,0.72,15.56,2.59,0.00,606
56.628,16.66,0.14,0.81,15.46,2.58,0.00,604
56.645,16.75,0.18,0.75,15.34,2.57,0.00,602
56.662,16.61,0.16,0.74,15.46,2.58,0.00,601
56.678,16.71,0.15,0.73,15.49,2.56,0.00,599
56.695,16.67,0.13,0.75,15.49,2.55,0.00,598
56.712,16.60,0.12,0.74,15.59,2.54,0.00,598
56.728,16.68,0.15,0.75,15.45,2.53,0.00,596
56.745,16.68,0.12,0.74,15.35,2.54,0.00,593
56.762,16.68,0.07,0.38,15.99,2.52,0.00,593
56.778,16.65,0.17,0.74,15.49,2.52,0.00,589
56.795,16.66,0.13,0.71,15.45,2.49,0.00,589
56.812,16.68,0.14,0.73,15.48,2.49,0.00,587
56.828,16.68,0.19,1.02,15.17,2.48,0.00,640
56.845,16.71,0.18,1.03,15.08,3.33,0.00,642
56.862,16.68,0.14,1.04,15.18,3.33,0.00,641
56.878,16.64,0.14,1.02,15.18,3.32,0.00,638
56.895,16.63,0.16,1.04,15.13,3.31,0.00,638
56.912,16.69,0.17,1.01,15.14,3.31,0.00,638
56.928,16.65,0.19,1.10,15.11,3.30,0.00,637
56.945,16.66,0.16,1.02,15.17,3.31,0.00,639
56.962,16.70,0.17,1.04,15.13,3.32,0.00,639
56.978,16.71,0.14,1.02,15.06,3.32,0.00,639
56.995,16.59,0.16,1.00,15.19,3.33,0.00,639
57.012,16.67,0.17,1.03,15.13,3.34,0.00,640
57.028,16.67,0.14,1.02,15.29,3.39,0.00,638
57.045,16.66,0.16,1.03,15.15,3.38,0.00,635
57.062,16.68,0.15,1.01,15.19,3.39,0.00,634
57.078,16.67,0.17,1.00,15.16,3.38,0.00,633
57.095,16.66,0.17,1.04,15.14,3.38,0.00,632
57.112,16.67,0.14,1.02,15.19,3.48,0.00,634
57.128,16.69,0.14,1.01,15.32,3.48,0.00,636
57.145,16.64,0.14,1.02,15.15,3.51,0.00,660
57.162,16.67,0.14,1.04,15.15,3.55,0.00,661
57.178,16.66,0.14,1.02,15.20,3.57,0.00,662
57.195,16.68,0.14,1.05,15.15,3.56,0.00,664
57.212,16.67,0.14,0.98,15.22,3.51,0.00,661
57.228,16.69,0.14,1.02,15.02,3.50,0.00,657
57.245,16.65,0.15,1.01,15.19,2.94,0.00,658
57.262,16.67,0.14,1.03,15.07,2.93,0.00,658
57.278,16.66,0.15,0.99,15.24,2.94,0.00,659
57.295,16.82,0.14,1.04,14.91,2.97,0.00,660
57.312,16.52,0.14,1.00,15.18,2.96,0.00,662
57.328,16.70,0.13,1.01,15.20,2.95,0.00,661
57.345,16.79,0.14,1.02,15.02,2.95,0.00,661
57.362,16.54,0.18,1.01,15.04,2.95,0.00,662
57.379,16.70,0.14,1.01,15.18,2.95,0.00,663
57.395,16.60,0.14,1.02,15.23,2.96,0.00,660
57.412,16.67,0.14,1.02,15.10,2.95,0.00,659
57.428,16.68,0.11,0.86,15.40,2.94,0.00,655
57.445,16.79,0.14,1.01,15.06,2.94,0.00,652
57.462,16.55,0.14,1.01,15.17,2.93,0.00,652
57.478,16.68,0.13,0.99,15.19,2.95,0.00,651
57.495,16.70,0.14,1.01,15.08,2.95,0.00,651
57.512,16.67,0.14,0.98,15.20,2.93,0.00,649
57.529,16.74,0.13,1.01,15.14,2.94,0.00,650
57.545,16.67,0.14,1.02,15.27,2.93,0.00,649
57.562,16.55,0.16,1.14,15.04,2.92,0.00,654
57.578,16.68,0.15,1.04,15.17,2.95,0.00,655
57.595,16.67,0.13,1.06,15.27,2.97,0.00,655
57.612,16.65,0.14,1.05,15.17,2.97,0.00,655
57.629,16.71,0.18,1.07,15.09,2.99,0.00,655
57.645,16.77,0.14,1.07,14.97,3.00,0.00,658
57.662,16.54,0.14,1.05,15.19,3.03,0.00,654
57.678,16.66,0.16,1.08,15.12,3.03,0.00,654
57.695,16.75,0.14,1.09,15.05,3.04,0.00,653
57.712,16.59,0.19,1.05,15.11,3.03,0.00,653
57.728,16.69,0.14,1.08,15.10,3.03,0.00,654
57.745,16.68,0.14,1.05,15.12,3.04,0.00,654
57.762,16.64,0.13,1.07,15.15,3.08,0.00,655
57.778,16.66,0.19,1.06,15.18,3.08,0.00,654
57.795,16.66,0.13,1.06,15.17,3.08,0.00,655
57.812,16.73,0.13,1.08,15.07,3.09,0.00,656
57.829,16.65,0.13,1.06,15.11,3.09,0.00,656
57.845,16.64,0.13,1.08,15.12,3.13,0.00,657
57.862,16.65,0.12,1.09,15.14,3.13,0.00,659
57.878,16.68,0.14,0.98,15.24,3.14,0.00,656
57.895,16.67,0.13,1.01,15.18,3.16,0.00,657
57.912,16.69,0.27,1.09,14.99,3.15,0.00,691
57.929,16.68,0.14,1.14,15.04,3.37,0.00,701
57.945,16.69,0.14,1.11,15.04,3.50,0.00,702
57.962,16.60,0.17,1.15,15.04,3.49,0.00,700
57.979,16.70,0.13,1.13,15.07,3.48,0.00,700
57.995,16.66,0.13,1.14,15.05,3.49,0.00,702
58.012,16.66,0.14,1.10,15.08,3.51,0.00,701
58.029,16.72,0.14,1.12,15.04,3.51,0.00,699
58.045,16.60,0.16,1.12,15.06,3.53,0.00,700
58.062,16.68,0.13,1.10,15.13,3.54,0.00,699
58.079,16.73,0.15,1.11,15.08,3.53,0.00,698
58.095,16.61,0.13,1.11,15.10,3.53,0.00,699
58.112,16.66,0.14,1.13,15.11,3.52,0.00,699
58.129,16.77,0.13,1.13,15.05,3.54,0.00,698
58.145,16.57,0.13,1.13,15.19,3.53,0.00,696
58.162,16.70,0.13,1.11,15.13,3.53,0.00,695
58.179,16.66,0.15,1.09,15.11,3.52,0.00,692
58.195,16.73,0.13,1.08,15.06,3.51,0.00,691
58.212,16.60,0.16,1.07,15.13,3.50,0.00,689
58.229,16.67,0.18,1.10,15.09,3.50,0.00,689
58.245,16.71,0.13,1.09,15.06,3.49,0.00,688
58.262,16.65,0.13,1.08,15.01,3.47,0.00,689
58.279,16.64,0.14,1.07,15.17,3.45,0.00,689
58.295,16.67,0.16,1.13,15.10,3.44,0.00,689
58.312,16.75,0.14,1.07,15.07,3.44,0.00,689
58.329,16.58,0.14,1.05,15.14,3.42,0.00,687
58.345,16.66,0.13,1.05,15.17,3.02,0.00,686
58.362,16.76,0.16,1.04,15.05,3.00,0.00,685
58.379,16.58,0.16,1.04,15.20,2.99,0.00,685
58.395,16.68,0.16,1.41,14.75,2.97,0.00,740
58.412,16.67,0.18,1.40,14.76,3.85,0.00,740
58.429,16.74,0.15,1.38,14.80,3.84,0.00,727
58.445,16.59,0.18,1.40,14.78,3.80,0.00,727
58.462,16.67,0.19,1.41,14.75,3.79,0.00,725
58.479,16.68,0.16,1.40,14.84,3.78,0.00,722
58.495,16.65,0.19,1.38,14.76,3.78,0.00,720
58.512,16.67,0.16,1.41,14.66,3.77,0.00,721
58.529,16.68,0.17,1.37,14.80,3.77,0.00,720
58.545,16.69,0.15,1.38,14.94,3.77,0.00,721
58.562,16.59,0.15,1.41,14.93,3.77,0.00,723
58.579,16.71,0.17,1.41,14.81,3.79,0.00,724
58.595,16.73,0.15,1.37,14.77,3.79,0.00,724
58.612,16.63,0.18,1.41,14.73,3.79,0.00,723
58.629,16.65,0.16,1.41,14.82,3.78,0.00,720
58.645,16.68,0.16,1.43,14.80,3.78,0.00,722
58.662,16.65,0.15,1.41,14.67,3.84,0.00,720
58.679,16.71,0.15,1.38,14.69,3.83,0.00,717
58.695,16.65,0.16,1.41,14.80,3.85,0.00,721
58.712,16.80,0.15,1.42,14.62,3.86,0.00,720
58.729,16.53,0.19,1.42,14.75,3.88,0.00,719
58.745,16.68,0.17,1.40,14.79,3.88,0.00,717
58.762,16.67,0.14,1.39,14.82,3.89,0.00,718
58.779,16.66,0.14,1.43,14.80,3.89,0.00,716
58.795,16.67,0.19,1.21,15.00,3.90,0.00,708
58.812,16.67,0.18,1.17,14.98,3.32,0.00,704
58.829,16.67,0.18,1.47,14.60,3.32,0.00,731
58.845,16.68,0.19,1.37,14.75,3.38,0.00,732
58.862,16.71,0.17,1.40,14.71,3.40,0.00,734
58.879,16.62,0.19,1.41,14.75,3.41,0.00,737
58.895,16.73,0.19,1.42,14.72,3.43,0.00,737
58.912,16.62,0.17,1.39,14.79,3.46,0.00,738
58.929,16.65,0.17,1.44,14.75,3.50,0.00,735
58.945,16.72,0.16,1.43,14.68,3.50,0.00,733
58.962,16.61,0.18,1.43,14.64,3.51,0.00,733
58.979,16.68,0.17,1.46,14.73,3.50,0.00,731
58.995,16.67,0.22,1.43,14.57,3.52,0.00,729
59.012,16.68,0.16,1.46,14.70,3.54,0.00,726
59.029,16.67,0.16,1.45,14.72,3.55,0.00,724
59.045,16.75,0.17,1.46,14.66,3.54,0.00,726
59.062,16.56,0.19,1.48,14.69,3.54,0.00,724
59.079,16.74,0.19,1.46,14.63,3.18,0.00,725
59.095,16.60,0.18,1.42,14.83,3.18,0.00,727
59.112,16.68,0.16,1.46,14.73,3.22,0.00,727
59.129,16.73,0.18,1.46,14.63,3.22,0.00,730
59.145,16.60,0.16,1.48,14.76,3.23,0.00,730
59.162,16.72,0.16,1.47,14.66,3.21,0.00,730
59.179,16.62,0.18,1.49,14.67,3.22,0.00,731
59.195,16.73,0.16,1.47,14.55,3.26,0.00,731
59.212,16.60,0.17,1.44,14.71,3.25,0.00,732
59.229,16.68,0.16,1.44,14.73,3.26,0.00,732
59.245,16.66,0.18,1.46,14.69,3.26,0.00,731
59.262,16.68,0.16,1.47,14.63,3.26,0.00,732
59.279,16.65,0.16,1.44,14.85,3.28,0.00,733
59.295,16.67,0.18,1.48,14.79,3.29,0.00,734
59.312,16.69,0.18,1.46,14.73,3.29,0.00,736
59.329,16.64,0.17,1.44,14.78,3.28,0.00,737
59.345,16.73,0.16,1.46,14.75,3.29,0.00,738
59.362,16.60,0.17,1.47,14.75,3.28,0.00,740
59.379,16.68,0.19,1.44,14.72,3.31,0.00,741
59.395,16.69,0.16,1.44,14.78,3.32,0.00,740
59.412,16.65,0.14,1.40,14.93,3.31,0.00,738
59.429,16.66,0.19,1.46,14.76,3.32,0.00,738
59.445,16.68,0.17,1.42,14.79,3.32,0.00,740
59.462,16.74,0.13,1.46,14.69,3.36,0.00,740
59.479,16.67,0.13,1.44,14.69,3.36,0.00,741
59.495,16.60,0.13,1.46,14.87,3.35,0.00,740
59.512,16.68,0.22,1.46,14.66,3.36,0.00,740
59.529,16.73,0.14,1.38,14.77,3.36,0.00,742
59.545,16.72,0.13,1.35,14.80,3.38,0.00,741
59.562,16.56,0.15,1.38,14.81,3.39,0.00,741
59.579,16.69,0.17,1.37,14.87,3.38,0.00,740
59.595,16.61,0.14,1.43,14.85,3.37,0.00,738
59.612,16.71,0.14,1.36,14.87,3.37,0.00,738
59.629,16.72,0.16,1.36,14.78,3.42,0.00,737
59.645,16.64,0.16,1.36,14.84,3.42,0.00,737
59.662,16.79,0.14,1.35,14.64,3.44,0.00,737
59.679,16.52,0.14,1.35,14.92,3.44,0.00,735
59.695,16.66,0.13,1.42,14.84,3.46,0.00,734
59.712,16.68,0.16,1.38,14.83,3.45,0.00,734
59.729,16.72,0.13,1.37,14.85,3.46,0.00,731
59.745,16.63,0.16,1.38,14.90,3.45,0.00,730
59.762,16.78,0.14,1.41,14.91,3.46,0.00,727
59.779,16.58,0.13,1.37,14.94,3.45,0.00,721
59.795,16.62,0.14,1.39,14.94,3.45,0.00,720
59.812,16.66,0.13,1.38,14.90,3.48,0.00,721
59.829,16.74,0.17,1.38,14.73,3.47,0.00,721
59.845,16.60,0.16,1.36,14.81,3.46,0.00,721
59.862,16.66,0.14,1.33,14.85,3.46,0.00,717
59.879,16.73,0.13,1.26,14.88,3.45,0.00,716
59.895,16.61,0.14,1.24,15.13,3.48,0.00,714
59.912,16.63,0.27,1.34,14.77,3.03,0.00,729
59.929,16.73,0.13,1.34,14.83,3.14,0.00,740
59.945,16.64,0.14,1.32,14.88,3.26,0.00,738
59.962,16.73,0.14,1.32,14.83,3.26,0.00,736
59.979,16.66,0.13,1.32,14.88,3.26,0.00,736
59.995,16.76,0.13,1.31,14.86,3.24,0.00,735
60.012,16.51,0.12,1.38,14.84,3.24,0.00,735
60.029,16.68,0.14,1.29,14.91,3.23,0.00,733
60.045,16.67,0.14,1.30,14.94,3.22,0.00,732
60.062,16.76,0.14,1.29,14.93,3.20,0.00,732
60.079,16.56,0.18,1.34,14.91,3.22,0.00,731
60.095,16.69,0.14,1.32,14.97,3.19,0.00,730
60.112,16.65,0.16,1.32,14.90,3.16,0.00,730
60.129,16.73,0.13,1.31,14.87,3.16,0.00,728
60.145,16.62,0.13,1.29,14.95,3.13,0.00,728
60.162,16.78,0.13,1.36,14.85,3.13,0.00,728
60.179,16.55,0.13,1.29,14.91,3.11,0.00,728
60.195,16.70,0.14,1.29,14.87,3.10,0.00,728
60.212,16.64,0.14,1.28,14.94,3.07,0.00,726
60.229,16.78,0.13,1.28,14.91,3.05,0.00,726
60.245,16.55,0.12,1.26,14.91,3.07,0.00,724
60.262,16.67,0.14,1.28,14.93,3.04,0.00,723
60.279,16.74,0.13,1.28,14.88,3.03,0.00,723
60.295,16.64,0.13,1.29,14.93,3.02,0.00,717
60.312,16.65,0.14,1.27,14.92,2.99,0.00,717
60.329,16.72,0.13,1.27,14.89,3.00,0.00,708
60.345,16.60,0.16,1.23,14.97,2.55,0.00,706
60.362,16.66,0.14,0.91,15.32,2.54,0.00,692
60.379,16.70,0.15,0.89,15.27,2.51,0.00,690
60.395,16.65,0.12,0.90,15.31,2.51,0.00,689
60.412,16.71,0.17,0.94,15.35,2.49,0.00,688
60.429,16.61,0.12,0.90,15.36,2.51,0.00,687
60.445,16.75,0.16,0.91,15.24,2.49,0.00,687
60.462,16.69,0.13,0.91,15.21,2.49,0.00,684
60.479,16.61,0.12,0.89,15.37,2.48,0.00,682
60.495,16.65,0.13,0.90,15.28,2.48,0.00,681
60.512,16.65,0.14,0.91,15.27,2.48,0.00,680
60.529,16.70,0.12,0.90,15.31,2.47,0.00,678
60.545,16.64,0.14,0.90,15.35,2.47,0.00,655
60.562,16.66,0.13,0.92,15.22,2.42,0.00,654
60.579,16.68,0.13,0.91,15.24,2.42,0.00,649
60.595,16.70,0.12,0.91,15.31,2.42,0.00,648
60.612,16.69,0.17,0.89,15.23,2.41,0.00,645
60.629,16.63,0.13,0.89,15.29,2.40,0.00,642
60.645,16.65,0.13,0.90,15.36,2.40,0.00,638
60.662,16.72,0.13,0.90,15.27,2.40,0.00,636
60.679,16.62,0.16,0.88,15.29,2.41,0.00,633
60.695,16.71,0.12,0.91,15.27,2.41,0.00,629
60.712,16.69,0.16,0.89,15.22,2.39,0.00,623
60.729,16.61,0.13,0.86,15.35,2.38,0.00,622
60.745,16.68,0.16,0.89,15.26,2.37,0.00,618
60.762,16.66,0.19,1.11,14.97,2.35,0.00,670
60.779,16.69,0.17,1.11,15.00,3.21,0.00,665
60.795,16.68,0.17,0.83,15.28,3.18,0.00,625
60.812,16.62,0.14,0.65,15.37,3.14,0.00,622
60.829,16.65,0.07,0.37,16.07,3.13,0.00,621
60.845,16.68,0.21,0.89,15.30,3.13,0.00,619
60.862,16.78,0.17,0.87,15.21,3.19,0.00,620
60.879,16.57,0.19,0.86,15.29,3.20,0.00,622
60.895,16.66,0.17,0.86,15.40,3.20,0.00,644
60.912,16.73,0.17,0.88,15.02,3.25,0.00,646
60.929,16.60,0.11,0.46,15.94,3.26,0.00,646
60.945,16.67,0.31,0.91,14.92,3.24,0.00,644
60.962,16.66,0.10,0.47,15.93,3.24,0.00,644
60.979,16.68,0.19,0.91,15.47,3.22,0.00,645
60.995,16.70,0.21,0.89,15.44,3.21,0.00,643
61.012,16.65,0.18,0.86,15.44,3.20,0.00,645
61.029,16.63,0.22,0.88,15.54,3.22,0.00,645
61.046,16.78,0.17,0.87,15.38,3.21,0.00,643
61.062,16.57,0.17,0.93,15.48,3.19,0.00,643
61.079,16.73,0.16,0.90,15.44,3.18,0.00,637
61.095,16.64,0.18,0.91,15.50,3.16,0.00,636
61.112,16.73,0.16,0.90,15.30,3.15,0.00,634
61.129,16.60,0.18,0.89,15.56,3.16,0.00,632
61.146,16.76,0.16,0.88,15.34,3.15,0.00,633
61.162,16.58,0.15,0.99,15.30,3.15,0.00,632
61.179,16.64,0.14,0.88,15.59,2.56,0.00,630
61.196,16.73,0.14,0.86,15.49,2.55,0.00,631
61.212,16.60,0.14,0.93,15.43,2.57,0.00,631
61.229,16.64,0.17,0.86,15.59,2.56,0.00,629
61.246,16.75,0.16,0.88,15.48,2.54,0.00,629
61.262,16.69,0.14,0.87,15.46,2.54,0.00,626
61.279,16.63,0.14,0.89,15.34,2.53,0.00,627
61.295,16.62,0.13,0.90,15.34,2.55,0.00,628
61.312,16.67,0.13,0.86,15.39,2.55,0.00,628
61.329,16.66,0.15,0.88,15.37,2.54,0.00,630
61.346,16.72,0.13,0.86,15.33,2.53,0.00,629
61.362,16.69,0.13,0.85,15.29,2.52,0.00,630
61.379,16.63,0.13,0.85,15.32,2.52,0.00,634
61.395,16.63,0.14,0.86,15.40,2.55,0.00,633
61.412,16.68,0.13,0.88,15.35,2.54,0.00,633
61.429,16.73,0.14,0.86,15.41,2.54,0.00,634
61.445,16.59,0.17,0.85,15.37,2.55,0.00,634
61.462,16.68,0.15,0.84,15.35,2.54,0.00,635
61.479,16.67,0.14,0.84,15.37,2.57,0.00,634
61.496,16.72,0.13,0.85,15.30,2.57,0.00,634
61.512,16.63,0.14,0.84,15.32,2.57,0.00,633
61.529,16.65,0.14,0.83,15.40,2.56,0.00,632
61.546,16.74,0.13,0.85,15.36,2.56,0.00,634
61.562,16.60,0.14,0.92,15.42,2.58,0.00,635
61.579,16.69,0.17,0.87,15.36,2.58,0.00,635
61.595,16.67,0.13,0.87,15.36,2.58,0.00,636
61.612,16.77,0.12,0.84,15.28,2.57,0.00,637
61.629,16.58,0.16,0.87,15.29,2.57,0.00,637
61.645,16.65,0.15,0.84,15.41,2.60,0.00,634
61.662,16.65,0.13,0.84,15.39,2.60,0.00,634
61.679,16.80,0.13,0.85,15.38,2.58,0.00,635
61.696,16.65,0.13,0.82,15.00,2.58,0.00,636
61.712,16.56,0.08,0.43,15.52,2.57,0.00,638
61.729,16.64,0.05,0.29,15.69,2.55,0.00,641
61.745,16.67,0.05,0.28,16.31,2.58,0.00,638
61.762,16.77,0.15,0.94,15.28,2.59,0.00,640
61.779,16.61,0.18,0.87,15.28,2.59,0.00,641
61.796,16.65,0.13,0.85,15.32,2.58,0.00,641
61.812,16.71,0.16,0.88,15.29,2.56,0.00,642
61.829,16.69,0.16,0.85,15.28,2.59,0.00,638
61.846,16.60,0.14,0.84,15.33,2.59,0.00,637
61.862,16.68,0.13,0.85,15.33,2.56,0.00,637
61.879,16.68,0.13,0.79,15.40,2.54,0.00,636
61.895,16.64,0.15,0.80,15.44,2.53,0.00,639
61.912,16.78,0.28,0.94,15.05,2.54,0.00,697
61.929,16.57,0.19,0.95,15.19,2.75,0.00,711
61.946,16.67,0.13,0.92,15.18,2.90,0.00,710
61.962,16.70,0.13,0.92,15.34,2.90,0.00,710
61.979,16.61,0.20,0.97,15.23,2.89,0.00,711
61.996,16.71,0.14,0.96,15.22,2.91,0.00,709
62.012,16.67,0.15,0.92,15.22,2.90,0.00,709
62.029,16.63,0.14,0.93,15.27,2.89,0.00,710
62.046,16.67,0.14,0.94,15.18,2.90,0.00,708
62.062,16.70,0.17,0.96,15.23,2.89,0.00,708
62.079,16.63,0.13,0.94,15.26,2.88,0.00,706
62.096,16.67,0.15,0.93,15.21,2.90,0.00,706
62.112,16.66,0.08,0.77,15.60,2.90,0.00,705
62.129,16.68,0.16,0.96,15.27,2.88,0.00,704
62.146,16.82,0.13,0.94,15.23,2.88,0.00,701
62.162,16.51,0.14,0.98,15.26,2.87,0.00,701
62.179,16.73,0.13,0.92,15.20,2.89,0.00,697
62.196,16.65,0.13,0.96,15.23,2.88,0.00,696
62.212,16.71,0.14,0.92,15.23,2.88,0.00,693
62.229,16.60,0.13,0.91,15.31,2.86,0.00,688
62.246,16.76,0.13,0.91,15.33,2.85,0.00,686
62.262,16.56,0.13,0.90,15.31,2.86,0.00,679
62.279,16.69,0.13,0.88,15.30,2.58,0.00,677
62.296,16.64,0.13,0.89,15.33,2.57,0.00,679
62.312,16.75,0.12,0.92,15.28,2.57,0.00,680
62.329,16.58,0.13,0.87,15.36,2.57,0.00,678
62.346,16.78,0.13,0.87,15.24,2.58,0.00,679
62.362,16.55,0.12,0.86,15.37,2.57,0.00,679
62.379,16.72,0.13,0.87,15.29,2.57,0.00,678
62.396,16.62,0.16,0.90,15.35,2.56,0.00,679
62.412,16.73,0.14,0.88,15.16,2.56,0.00,681
62.429,16.61,0.12,0.74,15.49,2.54,0.00,679
62.446,16.67,0.18,0.89,15.31,2.56,0.00,679
62.462,16.65,0.13,0.88,15.33,2.55,0.00,677
62.479,16.67,0.14,0.87,15.31,2.54,0.00,675
62.496,16.69,0.14,0.89,15.29,2.54,0.00,674
62.512,16.70,0.13,0.89,15.31,2.53,0.00,672
62.529,16.69,0.13,0.87,15.28,2.54,0.00,668
62.546,16.74,0.13,0.85,15.21,2.54,0.00,668
62.562,16.52,0.13,0.85,15.46,2.52,0.00,667
62.579,16.74,0.16,0.88,15.28,2.50,0.00,663
62.596,16.67,0.13,0.87,15.29,2.49,0.00,662
62.612,16.60,0.14,0.87,15.34,2.51,0.00,660
62.629,16.66,0.13,0.88,15.36,2.50,0.00,660
62.646,16.68,0.13,0.86,15.46,2.49,0.00,657
62.662,16.71,0.13,0.89,15.30,2.47,0.00,654
62.679,16.66,0.16,0.90,15.27,2.45,0.00,651
62.696,16.70,0.15,0.90,15.24,2.46,0.00,647
62.712,16.60,0.14,0.87,15.41,2.45,0.00,647
62.729,16.67,0.13,0.71,15.51,2.43,0.00,644
62.746,16.68,0.13,0.70,15.50,2.42,0.00,641
62.762,16.69,0.12,0.70,15.38,2.41,0.00,639
62.779,16.65,0.13,0.67,15.44,2.40,0.00,636
62.796,16.67,0.14,0.70,15.39,2.40,0.00,633
62.812,16.66,0.14,0.68,15.58,2.38,0.00,633
62.829,16.66,0.12,0.70,15.53,2.37,0.00,631
62.846,16.68,0.12,0.67,15.53,2.35,0.00,630
62.862,16.67,0.13,0.69,15.54,2.34,0.00,627
62.879,16.67,0.12,0.72,15.51,2.35,0.00,625
62.896,16.73,0.16,0.69,15.45,2.33,0.00,624
62.912,16.63,0.12,0.71,15.48,2.33,0.00,622
62.929,16.65,0.16,0.72,15.43,2.30,0.00,620
62.946,16.71,0.13,0.72,15.55,2.29,0.00,619
62.962,16.61,0.13,0.71,15.67,2.31,0.00,617
62.979,16.65,0.13,0.73,15.57,2.29,0.00,616
62.996,16.76,0.12,0.68,15.65,2.28,0.00,613
63.012,16.58,0.12,0.76,15.62,2.27,0.00,612
63.029,16.69,0.16,1.06,15.15,2.26,0.00,658
63.046,16.73,0.13,1.00,15.14,3.17,0.00,655
63.062,16.61,0.18,1.03,15.21,3.15,0.00,655
63.079,16.82,0.15,1.03,14.99,3.15,0.00,658
63.096,16.53,0.14,0.99,15.24,3.14,0.00,655
63.112,16.65,0.14,1.02,15.19,3.13,0.00,651
63.129,16.76,0.14,1.04,15.09,3.13,0.00,652
63.146,16.70,0.14,1.03,15.14,3.13,0.00,652
63.162,16.55,0.14,1.06,15.19,3.13,0.00,653
63.179,16.66,0.14,1.04,15.20,3.13,0.00,648
63.196,16.68,0.15,1.05,15.17,3.13,0.00,646
63.212,16.73,0.18,1.01,15.04,3.14,0.00,648
63.229,16.61,0.15,1.02,15.17,3.17,0.00,647
63.246,16.67,0.18,1.07,15.11,3.18,0.00,647
63.262,16.71,0.17,1.07,15.06,3.16,0.00,643
63.279,16.62,0.19,1.05,15.12,3.18,0.00,642
63.296,16.74,0.14,1.03,15.13,3.17,0.00,643
63.312,16.69,0.13,1.01,15.22,3.21,0.00,646
63.329,16.57,0.15,1.10,15.09,3.21,0.00,647
63.346,16.67,0.13,1.03,15.19,3.22,0.00,646
63.362,16.70,0.13,1.02,15.10,3.22,0.00,647
63.379,16.66,0.14,1.05,15.14,3.22,0.00,647
63.396,16.75,0.13,1.06,15.05,3.26,0.00,645
63.412,16.57,0.13,1.03,15.24,3.26,0.00,646
63.429,16.71,0.13,1.02,15.26,3.27,0.00,645
63.446,16.62,0.16,1.07,15.14,2.70,0.00,644
63.462,16.68,0.14,1.03,15.17,2.69,0.00,647
63.479,16.66,0.14,1.05,15.23,2.80,0.00,645
63.496,16.72,0.17,1.06,15.03,2.82,0.00,666
63.512,16.64,0.13,1.02,15.15,2.85,0.00,668
63.529,16.68,0.13,1.05,15.10,2.87,0.00,668
63.546,16.64,0.14,1.04,15.06,2.88,0.00,669
63.562,16.70,0.13,1.04,15.18,2.83,0.00,672
63.579,16.66,0.13,1.06,15.11,2.84,0.00,674
63.596,16.68,0.13,1.04,15.13,2.84,0.00,674
63.612,16.64,0.13,1.03,15.20,2.84,0.00,675
63.629,16.66,0.15,1.04,15.11,2.86,0.00,675
63.646,16.67,0.14,1.04,15.14,2.88,0.00,677
63.662,16.67,0.14,1.02,15.28,2.88,0.00,676
63.679,16.70,0.13,1.08,15.22,2.88,0.00,676
63.696,16.62,0.16,1.08,15.15,2.88,0.00,676
63.712,16.74,0.12,1.04,15.12,2.88,0.00,677
63.729,16.61,0.17,1.03,15.16,2.91,0.00,678
63.746,16.69,0.13,1.05,15.16,2.91,0.00,677
63.762,16.68,0.17,1.05,15.08,2.91,0.00,677
63.779,16.63,0.12,1.02,15.21,2.90,0.00,677
63.796,16.75,0.13,1.03,15.10,2.89,0.00,677
63.812,16.61,0.13,1.05,15.20,2.92,0.00,679
63.829,16.64,0.12,1.02,15.19,2.91,0.00,680
63.846,16.67,0.14,1.03,15.18,2.91,0.00,677
63.862,16.68,0.12,1.03,15.19,2.90,0.00,677
63.879,16.68,0.13,0.95,15.25,2.90,0.00,677
63.896,16.65,0.13,0.93,15.26,2.93,0.00,678
63.912,16.72,0.27,1.06,15.03,2.92,0.00,705
63.929,16.60,0.15,1.07,15.05,3.09,0.00,708
63.946,16.69,0.13,1.05,15.16,3.13,0.00,708
63.962,16.69,0.13,1.07,15.12,3.12,0.00,706
63.979,16.66,0.14,1.07,15.14,3.13,0.00,707
63.996,16.72,0.12,1.05,15.11,3.11,0.00,706
64.012,16.63,0.14,1.05,15.14,3.09,0.00,703
64.029,16.68,0.13,1.07,15.28,3.08,0.00,702
64.046,16.62,0.13,1.09,15.19,3.07,0.00,700
64.062,16.69,0.16,1.12,15.13,3.09,0.00,698
64.079,16.66,0.13,1.06,15.17,3.06,0.00,697
64.096,16.76,0.14,1.06,15.06,3.05,0.00,696
64.112,16.61,0.12,1.05,15.14,3.04,0.00,696
64.129,16.68,0.13,1.01,15.16,3.02,0.00,694
64.146,16.62,0.15,1.00,15.30,3.03,0.00,693
64.162,16.67,0.22,1.00,15.16,3.02,0.00,693
64.179,16.67,0.16,1.02,15.22,3.00,0.00,693
64.196,16.66,0.14,0.99,15.21,3.01,0.00,693
64.212,16.69,0.18,1.33,14.83,3.00,0.00,749
64.229,16.66,0.19,1.33,14.76,3.90,0.00,749
64.246,16.66,0.19,1.31,14.85,3.89,0.00,749
64.262,16.66,0.22,1.35,14.78,3.88,0.00,746
64.279,16.68,0.17,1.32,14.84,3.88,0.00,745
64.296,16.67,0.19,1.32,14.73,3.87,0.00,744
64.312,16.70,0.17,1.35,14.90,3.85,0.00,745
64.329,16.62,0.17,1.43,14.81,3.86,0.00,745
64.346,16.67,0.18,1.34,14.94,3.86,0.00,743
64.362,16.76,0.19,1.38,14.74,3.86,0.00,743
64.379,16.59,0.21,1.36,14.76,3.86,0.00,742
64.396,16.71,0.15,1.34,14.83,3.90,0.00,739
64.412,16.63,0.16,1.32,14.95,3.88,0.00,739
64.429,16.67,0.16,1.37,14.94,3.87,0.00,731
64.446,16.65,0.15,1.34,14.77,3.86,0.00,729
64.462,16.69,0.15,1.35,15.11,3.85,0.00,727
64.479,16.74,0.15,1.43,14.76,3.91,0.00,726
64.496,16.58,0.16,1.50,14.77,3.89,0.00,713
64.512,16.68,0.20,1.43,14.81,3.90,0.00,711
64.529,16.69,0.20,1.38,14.84,3.88,0.00,710
64.546,16.66,0.17,1.34,14.85,3.43,0.00,711
64.563,16.76,0.14,1.39,14.80,3.40,0.00,712
64.579,16.55,0.15,1.35,14.95,3.39,0.00,711
64.596,16.74,0.17,1.37,14.78,3.38,0.00,710
64.612,16.60,0.15,1.34,14.85,3.39,0.00,710
64.629,16.67,0.14,1.45,14.79,2.80,0.00,711
64.646,16.73,0.18,1.35,14.80,2.82,0.00,710
64.662,16.67,0.16,1.36,14.88,2.81,0.00,709
64.679,16.61,0.16,1.37,15.01,2.79,0.00,708
64.696,16.65,0.14,1.41,14.84,2.78,0.00,707
64.712,16.75,0.18,1.34,14.83,2.77,0.00,705
64.729,16.62,0.15,1.40,14.90,2.79,0.00,703
64.746,16.66,0.14,1.42,14.87,2.78,0.00,703
64.762,16.67,0.16,1.36,14.82,2.77,0.00,702
64.779,16.68,0.15,1.45,14.98,2.77,0.00,702
64.796,16.74,0.17,1.14,15.08,2.76,0.00,717
64.812,16.58,0.16,1.46,14.85,2.79,0.00,717
64.829,16.68,0.22,1.52,14.63,2.79,0.00,718
64.846,16.77,0.17,1.47,14.59,2.80,0.00,716
64.862,16.55,0.15,1.44,14.75,2.81,0.00,715
64.879,16.67,0.18,1.43,14.84,2.82,0.00,713
64.896,16.74,0.17,1.49,14.67,2.84,0.00,712
64.912,16.61,0.14,1.46,14.91,2.84,0.00,710
64.929,16.63,0.14,1.49,14.87,2.84,0.00,709
64.946,16.71,0.16,1.51,14.85,2.84,0.00,709
64.962,16.64,0.14,1.61,14.81,2.85,0.00,706
64.979,16.68,0.15,1.52,14.80,2.88,0.00,701
64.996,16.70,0.16,1.20,15.07,2.89,0.00,683
65.012,16.63,0.15,1.21,15.06,2.88,0.00,684
65.029,16.68,0.14,1.22,15.09,2.88,0.00,684
65.046,16.66,0.18,1.25,15.07,2.88,0.00,683
65.062,16.68,0.14,1.20,15.31,2.93,0.00,683
65.079,16.89,0.18,1.34,14.83,2.93,0.00,682
65.096,16.47,0.14,1.22,15.09,2.94,0.00,683
65.112,16.63,0.14,1.23,15.12,2.95,0.00,683
65.129,16.71,0.17,1.25,14.99,2.96,0.00,685
65.146,16.63,0.13,1.23,15.10,2.99,0.00,687
65.162,16.69,0.17,1.20,15.09,2.99,0.00,686
65.179,16.66,0.14,1.22,15.04,3.00,0.00,687
65.196,16.69,0.15,1.23,15.10,3.00,0.00,686
65.212,16.60,0.15,1.26,15.20,3.01,0.00,687
65.229,16.72,0.14,1.19,15.09,3.06,0.00,686
65.246,16.66,0.14,1.24,15.12,3.05,0.00,687
65.262,16.63,0.14,1.22,15.18,3.07,0.00,687
65.279,16.65,0.13,1.07,15.37,3.07,0.00,688
65.296,16.70,0.14,1.17,15.26,3.08,0.00,690
65.312,16.69,0.10,0.92,15.50,3.09,0.00,688
65.329,16.67,0.15,1.20,15.15,3.10,0.00,691
65.346,16.64,0.14,1.20,15.13,3.09,0.00,688
65.362,16.70,0.18,1.19,15.16,3.09,0.00,690
65.379,16.65,0.16,1.17,15.24,3.09,0.00,690
65.396,16.69,0.14,1.20,15.08,3.17,0.00,693
65.412,16.63,0.13,1.25,15.18,3.16,0.00,696
65.429,16.68,0.14,1.24,15.21,3.18,0.00,698
65.446,16.71,0.13,1.24,15.09,3.18,0.00,698
65.462,16.59,0.13,1.20,15.10,3.19,0.00,700
65.479,16.71,0.13,1.17,15.14,3.19,0.00,700
65.496,16.66,0.15,1.23,14.92,3.18,0.00,700
65.513,16.70,0.13,1.21,14.97,3.17,0.00,702
65.529,16.64,0.16,1.18,15.00,3.18,0.00,703
65.546,16.71,0.12,1.17,15.03,3.17,0.00,704
65.563,16.72,0.13,1.23,14.92,3.20,0.00,704
65.579,16.60,0.20,1.20,14.95,3.18,0.00,703
65.596,16.66,0.13,1.20,15.00,3.18,0.00,703
65.612,16.65,0.12,1.18,15.05,3.17,0.00,702
65.629,16.76,0.13,1.16,14.98,3.17,0.00,700
65.646,16.60,0.18,1.20,14.94,3.18,0.00,699
65.663,16.65,0.12,1.17,15.10,3.17,0.00,699
65.679,16.65,0.12,1.14,15.12,3.16,0.00,694
65.696,16.74,0.13,1.15,15.03,3.16,0.00,690
65.713,16.66,0.17,1.16,15.01,3.14,0.00,685
65.729,16.67,0.13,1.16,14.97,2.80,0.00,685
65.746,16.60,0.13,1.11,15.10,2.79,0.00,684
65.763,16.79,0.13,1.16,14.94,2.78,0.00,685
65.779,16.55,0.16,1.12,15.21,2.76,0.00,685
65.796,16.68,0.18,1.17,15.06,2.75,0.00,685
65.813,16.67,0.13,1.16,15.18,2.77,0.00,685
65.829,16.78,0.12,1.18,15.01,2.75,0.00,688
65.846,16.53,0.12,1.15,15.18,2.76,0.00,687
65.863,16.75,0.13,1.13,15.01,2.75,0.00,687
65.879,16.66,0.14,1.06,15.09,2.73,0.00,686
65.896,16.60,0.13,1.04,15.19,2.75,0.00,686
65.913,16.73,0.26,1.18,14.94,2.74,0.00,716
65.929,16.61,0.12,1.16,15.17,2.86,0.00,728
65.946,16.66,0.18,1.21,14.97,3.01,0.00,728
65.963,16.71,0.13,1.16,15.05,2.99,0.00,725
65.979,16.73,0.15,1.17,14.96,3.01,0.00,724
65.996,16.63,0.13,1.17,14.97,3.01,0.00,724
66.013,16.62,0.12,1.14,15.11,3.00,0.00,725
66.029,16.73,0.13,1.16,14.96,3.00,0.00,724
66.046,16.60,0.15,1.18,15.04,3.00,0.00,723
66.063,16.68,0.14,1.17,15.05,3.02,0.00,723
66.079,16.72,0.12,1.17,15.06,3.02,0.00,723
66.096,16.61,0.15,1.20,15.02,3.01,0.00,723
66.113,16.67,0.13,1.16,15.08,2.99,0.00,722
66.129,16.74,0.17,1.17,14.92,3.01,0.00,718
66.146,16.64,0.12,1.14,15.13,3.01,0.00,717
66.163,16.62,0.16,1.20,15.03,3.00,0.00,715
66.179,16.68,0.18,0.91,15.48,2.98,0.00,708
66.196,16.69,0.15,0.92,15.38,2.96,0.00,706
66.213,16.63,0.13,0.89,15.34,2.97,0.00,703
66.229,16.68,0.14,0.90,15.36,2.98,0.00,701
66.246,16.66,0.13,0.90,15.35,2.96,0.00,686
66.263,16.68,0.13,0.89,15.33,2.94,0.00,685
66.279,16.70,0.12,0.86,15.34,2.92,0.00,684
66.296,16.66,0.14,0.82,15.36,2.93,0.00,679
66.313,16.65,0.12,0.83,15.38,2.55,0.00,678
66.329,16.66,0.15,0.85,15.40,2.55,0.00,678
66.346,16.67,0.15,0.85,15.37,2.53,0.00,677
66.363,16.67,0.15,0.82,15.38,2.53,0.00,677
66.379,16.67,0.14,0.84,15.37,2.52,0.00,675
66.396,16.66,0.12,0.82,15.27,2.53,0.00,673
66.413,16.71,0.12,0.83,15.48,2.52,0.00,672
66.429,16.62,0.13,0.86,15.37,2.51,0.00,669
66.446,16.68,0.17,0.82,15.44,2.50,0.00,665
66.463,16.65,0.13,0.86,15.34,2.49,0.00,663
66.479,16.68,0.14,0.82,15.40,2.50,0.00,663
66.496,16.67,0.12,0.84,15.37,2.49,0.00,662
66.513,16.69,0.12,0.79,15.43,2.46,0.00,659
66.529,16.76,0.12,0.83,15.27,2.44,0.00,657
66.546,16.56,0.15,0.81,15.47,2.44,0.00,652
66.563,16.68,0.13,0.84,15.27,2.45,0.00,650
66.579,16.69,0.12,0.80,15.44,2.43,0.00,649
66.596,16.65,0.18,0.85,15.33,2.42,0.00,644
66.613,16.81,0.12,0.83,15.24,2.41,0.00,644
66.629,16.54,0.13,0.84,15.35,2.39,0.00,642
66.646,16.71,0.12,0.81,15.36,2.40,0.00,641
66.663,16.68,0.12,0.84,15.35,2.39,0.00,637
66.679,16.59,0.15,0.78,15.46,2.37,0.00,631
66.696,16.77,0.12,0.81,15.39,2.36,0.00,630
66.713,16.57,0.19,0.82,15.33,2.35,0.00,626
66.729,16.67,0.12,0.82,15.27,2.36,0.00,623
66.746,16.65,0.13,0.79,15.48,2.34,0.00,619
66.763,16.67,0.13,0.68,15.55,2.34,0.00,591
66.779,16.76,0.12,0.65,15.47,2.30,0.00,588
66.796,16.59,0.17,0.89,15.24,2.29,0.00,640
66.813,16.67,0.13,0.88,15.32,3.20,0.00,637
66.829,16.65,0.20,0.89,15.30,3.18,0.00,633
66.846,16.67,0.13,0.88,15.35,3.17,0.00,624
66.863,16.67,0.14,0.91,15.21,3.16,0.00,619
66.879,16.67,0.15,0.87,15.37,3.15,0.00,615
66.896,16.67,0.15,0.89,15.30,3.20,0.00,607
66.913,16.75,0.14,0.88,15.33,3.20,0.00,604
66.929,16.57,0.16,0.93,15.30,3.21,0.00,640
66.946,16.73,0.14,0.89,15.27,3.26,0.00,636
66.963,16.63,0.17,0.92,15.39,3.26,0.00,633
66.979,16.65,0.22,0.94,15.22,3.22,0.00,625
66.996,16.73,0.13,0.91,15.29,3.20,0.00,617
67.013,16.64,0.13,0.96,15.15,3.19,0.00,613
67.029,16.73,0.09,0.48,15.85,3.20,0.00,604
67.046,16.58,0.16,0.94,15.27,3.18,0.00,602
67.063,16.69,0.15,0.92,15.35,3.21,0.00,593
67.079,16.65,0.14,0.93,15.34,3.20,0.00,589
67.096,16.67,0.15,0.93,15.27,3.19,0.00,581
67.113,16.67,0.17,0.91,15.26,3.18,0.00,574
67.129,16.70,0.17,0.93,15.21,3.16,0.00,565
67.146,16.64,0.16,0.91,15.30,3.16,0.00,553
67.163,16.73,0.17,0.92,15.27,3.13,0.00,530
67.179,16.63,0.18,0.93,15.25,3.09,0.00,496
67.196,16.63,0.15,0.92,15.30,3.04,0.00,366
67.213,16.73,0.13,0.89,15.17,2.24,0.00,366
67.229,16.65,0.12,0.89,15.37,2.27,0.00,365
67.246,16.65,0.16,0.89,15.16,2.27,0.00,364
67.263,16.65,0.13,0.92,15.27,2.25,0.00,363
67.279,16.70,0.12,0.88,15.29,2.25,0.00,363
67.296,16.64,0.15,0.91,15.30,2.23,0.00,361
67.313,16.72,0.13,0.87,15.31,2.26,0.00,361
67.329,16.60,0.18,0.91,15.31,2.25,0.00,360
67.346,16.68,0.12,0.88,15.31,2.24,0.00,358
67.363,16.67,0.13,0.87,15.31,2.25,0.00,358
67.379,16.65,0.14,0.90,15.30,2.24,0.00,358
67.396,16.68,0.14,0.87,15.30,2.25,0.00,358
67.413,16.67,0.13,0.86,15.33,2.25,0.00,357
67.429,16.66,0.10,0.68,15.65,2.24,0.00,356
67.446,16.70,0.12,0.88,15.32,2.24,0.00,355
67.463,16.64,0.15,0.89,15.33,2.23,0.00,354
67.479,16.72,0.12,0.87,15.31,2.25,0.00,353
67.496,16.64,0.12,0.87,15.32,2.27,0.00,351
67.513,16.65,0.14,0.87,15.36,2.25,0.00,351
67.529,16.71,0.12,0.90,15.26,2.24,0.00,349
67.546,16.61,0.13,0.85,15.27,2.23,0.00,349
67.563,16.71,0.12,0.89,15.29,2.26,0.00,349
67.579,16.68,0.12,0.86,15.36,2.25,0.00,348
67.596,16.74,0.12,0.89,15.19,2.25,0.00,347
67.613,16.55,0.14,0.88,15.34,2.25,0.00,346
67.629,16.66,0.13,0.87,15.31,2.25,0.00,345
67.646,16.66,0.14,0.88,15.21,2.28,0.00,344
67.663,16.71,0.12,0.91,15.33,2.28,0.00,344
67.679,16.64,0.18,0.89,15.37,2.27,0.00,344
67.696,16.65,0.12,0.91,15.31,2.27,0.00,342
67.713,16.68,0.13,0.88,15.24,2.27,0.00,342
67.729,16.69,0.12,0.90,15.28,2.31,0.00,341
67.746,16.64,0.16,0.85,15.33,2.30,0.00,338
67.763,16.68,0.13,0.88,15.34,2.28,0.00,336
67.779,16.65,0.13,0.88,15.36,2.25,0.00,336
67.796,16.72,0.16,0.89,15.25,2.25,0.00,334
67.813,16.69,0.11,0.86,15.28,2.28,0.00,333
67.829,16.60,0.13,0.86,15.41,2.27,0.00,332
67.846,16.67,0.13,0.88,15.33,2.27,0.00,332
67.863,16.67,0.15,0.88,15.29,2.26,0.00,332
67.879,16.66,0.12,0.79,15.44,2.26,0.00,332
67.896,16.71,0.12,0.81,15.35,2.29,0.00,332
67.913,16.64,0.28,0.89,15.18,2.28,0.00,347
67.929,16.69,0.16,0.93,15.28,2.41,0.00,356
67.946,16.64,0.12,0.95,15.27,2.51,0.00,353
67.963,16.67,0.14,0.91,15.33,2.51,0.00,352
67.979,16.66,0.16,0.93,15.24,2.51,0.00,352
67.996,16.68,0.14,0.90,15.29,2.50,0.00,351
68.013,16.66,0.14,0.90,15.40,2.50,0.00,351
68.029,16.66,0.13,0.92,15.40,2.47,0.00,351
68.046,16.66,0.13,0.93,15.32,2.45,0.00,348
68.063,16.68,0.28,0.93,15.14,2.47,0.00,352
68.079,16.67,0.12,0.92,15.50,2.46,0.00,457
68.096,16.66,0.12,1.01,15.25,2.57,0.00,469
68.113,16.66,0.15,0.94,15.31,2.57,0.00,489
68.129,16.66,0.15,0.91,15.29,2.59,0.00,486
68.146,16.72,0.12,0.92,15.26,2.60,0.00,480
68.163,16.62,0.14,0.97,15.26,2.60,0.00,478
68.179,16.68,0.14,0.94,15.38,2.58,0.00,461
68.196,16.68,0.13,0.96,15.28,2.55,0.00,459
68.213,16.66,0.13,0.94,15.28,2.55,0.00,453
68.229,16.72,0.16,0.95,15.18,2.56,0.00,452
68.246,16.71,0.12,0.93,15.19,2.54,0.00,452
68.263,16.56,0.13,0.90,15.31,2.53,0.00,446
68.279,16.74,0.13,0.94,15.17,2.52,0.00,443
68.296,16.61,0.16,0.93,15.21,2.49,0.00,441
68.313,16.66,0.13,0.91,15.31,2.15,0.00,426
68.329,16.75,0.13,0.92,15.31,2.12,0.00,417
68.346,16.56,0.17,0.92,15.27,2.11,0.00,417
68.363,16.68,0.16,0.91,15.28,2.11,0.00,417
68.379,16.74,0.12,0.89,15.26,2.09,0.00,414
68.396,16.61,0.12,0.88,15.33,2.11,0.00,411
68.413,16.73,0.16,0.88,15.25,2.09,0.00,410
68.430,16.70,0.13,0.91,15.24,2.08,0.00,410
68.446,16.66,0.12,0.89,15.11,2.08,0.00,407
68.463,16.58,0.14,0.93,15.41,2.05,0.00,406
68.479,16.67,0.14,0.94,15.43,2.07,0.00,404
68.496,16.66,0.20,0.91,15.34,2.06,0.00,404
68.513,16.69,0.12,0.90,15.34,2.05,0.00,394
68.530,16.78,0.11,0.89,15.18,2.04,0.00,365
68.546,16.56,0.15,1.21,14.86,2.01,0.00,399
68.563,16.64,0.15,1.18,15.01,2.84,0.00,476
68.579,16.69,0.16,1.20,14.98,2.93,0.00,503
68.596,16.66,0.14,1.18,15.07,2.97,0.00,520
68.613,16.68,0.16,1.23,14.94,3.00,0.00,541
68.630,16.75,0.14,1.24,14.87,3.01,0.00,550
68.646,16.56,0.15,1.21,14.99,3.02,0.00,558
68.663,16.68,0.16,1.24,14.97,3.05,0.00,573
68.680,16.75,0.14,1.24,14.92,3.07,0.00,582
68.696,16.63,0.14,1.23,14.93,3.10,0.00,586
68.713,16.62,0.15,1.23,14.99,3.13,0.00,595
68.730,16.75,0.17,1.25,14.87,3.18,0.00,601
68.746,16.60,0.16,1.24,14.95,3.20,0.00,601
68.763,16.66,0.17,1.03,15.04,3.20,0.00,593
68.779,16.66,0.13,1.03,15.15,3.20,0.00,601
68.796,16.72,0.14,1.03,15.13,3.22,0.00,608
68.813,16.63,0.16,1.05,15.12,3.27,0.00,616
68.829,16.68,0.15,1.06,15.06,3.28,0.00,618
68.846,16.71,0.13,1.08,15.14,3.29,0.00,621
68.863,16.64,0.13,1.06,15.13,3.30,0.00,626
68.879,16.63,0.19,1.06,15.09,3.32,0.00,630
68.896,16.68,0.14,1.07,15.13,3.35,0.00,635
68.913,16.67,0.14,1.03,15.14,3.36,0.00,640
68.929,16.67,0.13,1.02,15.23,3.37,0.00,645
68.946,16.65,0.15,1.05,15.20,3.39,0.00,649
68.963,16.68,0.19,1.06,15.07,3.27,0.00,649
68.980,16.73,0.13,1.06,15.06,2.85,0.00,648
68.996,16.60,0.14,1.07,15.11,2.84,0.00,649
69.013,16.67,0.14,1.07,15.07,2.85,0.00,651
69.029,16.68,0.14,1.06,15.12,2.85,0.00,654
69.046,16.66,0.14,1.07,15.12,2.86,0.00,654
69.063,16.67,0.14,1.05,15.07,2.88,0.00,655
69.079,16.68,0.15,1.05,15.02,2.88,0.00,656
69.096,16.71,0.13,1.06,15.17,2.87,0.00,654
69.113,16.70,0.15,1.07,15.04,2.86,0.00,652
69.129,16.60,0.13,1.04,15.07,2.86,0.00,653
69.146,16.68,0.13,1.05,15.05,2.95,0.00,651
69.163,16.68,0.13,1.08,15.01,2.94,0.00,651
69.179,16.63,0.15,1.04,15.26,2.95,0.00,670
69.196,16.66,0.13,1.08,15.18,2.97,0.00,671
69.213,16.73,0.13,1.05,15.22,2.99,0.00,673
69.229,16.62,0.15,1.06,15.17,3.00,0.00,674
69.246,16.65,0.13,1.06,15.04,3.00,0.00,674
69.263,16.75,0.13,1.08,15.11,3.00,0.00,673
69.279,16.61,0.13,1.05,15.19,3.00,0.00,673
69.296,16.72,0.13,1.07,15.07,3.00,0.00,674
69.313,16.64,0.12,1.05,15.06,3.03,0.00,673
69.329,16.63,0.13,1.07,15.16,3.03,0.00,672
69.346,16.70,0.16,1.05,15.15,3.03,0.00,673
69.363,16.78,0.13,1.07,15.07,3.02,0.00,671
69.380,16.59,0.16,1.02,15.10,3.03,0.00,670
69.396,16.66,0.12,1.01,15.13,3.05,0.00,670
69.413,16.65,0.12,1.01,15.23,3.05,0.00,669
69.429,16.62,0.21,1.07,15.13,3.05,0.00,668
69.446,16.68,0.12,1.10,15.15,3.04,0.00,669
69.463,16.72,0.13,1.03,15.03,3.04,0.00,669
69.480,16.65,0.12,1.03,15.16,3.07,0.00,671
69.496,16.63,0.12,1.01,15.23,3.08,0.00,671
69.513,16.67,0.16,1.03,15.07,3.07,0.00,673
69.529,16.66,0.13,1.00,15.31,3.07,0.00,671
69.546,16.68,0.22,1.04,15.06,3.06,0.00,672
69.563,16.67,0.13,1.05,15.19,3.08,0.00,671
69.580,16.74,0.12,1.07,15.05,3.09,0.00,673
69.596,16.60,0.12,1.02,15.25,3.08,0.00,674
69.613,16.66,0.13,1.05,15.18,3.08,0.00,673
69.630,16.72,0.18,1.04,15.08,3.06,0.00,673
69.646,16.62,0.14,1.01,15.19,3.09,0.00,673
69.663,16.71,0.12,1.04,15.18,3.08,0.00,672
69.680,16.76,0.12,1.02,15.11,3.08,0.00,671
69.696,16.67,0.13,1.05,15.08,3.06,0.00,672
69.713,16.67,0.16,1.00,15.14,3.05,0.00,672
69.730,16.61,0.22,1.04,15.13,3.07,0.00,673
69.746,16.66,0.14,1.08,15.10,3.06,0.00,673
69.763,16.60,0.12,1.10,15.15,3.05,0.00,672
69.780,16.67,0.15,1.01,15.25,3.04,0.00,671
69.796,16.66,0.14,1.09,15.24,3.03,0.00,669
69.813,16.67,0.12,0.94,15.44,3.06,0.00,669
69.830,16.69,0.12,1.04,15.21,3.03,0.00,669
69.846,16.78,0.12,1.02,15.17,3.02,0.00,665
69.863,16.53,0.11,1.01,15.26,3.01,0.00,664
69.880,16.74,0.12,0.93,15.22,3.00,0.00,665
69.896,16.60,0.16,0.92,15.25,3.01,0.00,663
69.913,16.70,0.27,1.01,15.02,2.99,0.00,679
69.930,16.69,0.12,1.02,15.25,3.08,0.00,685
69.946,16.60,0.12,1.02,15.22,3.16,0.00,683
69.963,16.69,0.16,1.04,15.16,3.15,0.00,679
69.980,16.73,0.14,1.01,15.11,3.15,0.00,679
69.996,16.60,0.12,1.03,15.17,3.14,0.00,677
70.013,16.68,0.15,0.99,15.22,3.11,0.00,676
70.030,16.73,0.13,1.03,15.12,3.08,0.00,674
70.046,16.61,0.15,0.98,15.22,3.08,0.00,669
70.063,16.66,0.17,0.98,15.18,2.69,0.00,669
70.080,16.68,0.12,0.96,15.27,2.68,0.00,668
70.096,16.66,0.12,1.00,15.23,2.64,0.00,655
70.113,16.65,0.13,0.99,15.24,2.61,0.00,652
70.130,16.76,0.12,0.98,15.17,2.58,0.00,648
70.146,16.65,0.16,0.95,15.15,2.57,0.00,646
70.163,16.63,0.14,0.98,15.35,2.57,0.00,643
70.180,16.60,0.11,0.98,15.35,2.55,0.00,642
70.196,16.71,0.13,1.01,15.25,2.54,0.00,643
70.213,16.76,0.13,1.00,15.21,2.53,0.00,641
70.230,16.64,0.12,1.01,15.26,2.53,0.00,641
70.246,16.59,0.12,0.99,15.29,2.53,0.00,640
70.263,16.67,0.12,0.99,15.23,2.51,0.00,640
70.280,16.68,0.14,1.00,15.23,2.52,0.00,638
70.296,16.65,0.13,0.98,15.15,2.50,0.00,636
70.313,16.71,0.12,0.97,15.19,2.52,0.00,636
70.330,16.64,0.13,1.00,15.32,2.51,0.00,635
70.346,16.68,0.13,1.00,15.33,2.49,0.00,635
70.363,16.64,0.12,1.00,15.34,2.49,0.00,634
70.380,16.67,0.12,0.99,15.26,2.48,0.00,634
70.396,16.71,0.15,0.99,15.18,2.50,0.00,631
70.413,16.68,0.12,0.99,15.21,2.49,0.00,629
70.430,16.62,0.16,0.97,15.28,2.48,0.00,628
70.446,16.67,0.17,0.95,15.21,2.49,0.00,627
70.463,16.73,0.12,0.96,15.20,2.47,0.00,623
70.480,16.62,0.12,0.97,15.26,2.49,0.00,617
70.496,16.65,0.12,0.96,15.38,2.49,0.00,612
70.513,16.74,0.12,0.68,15.48,2.47,0.00,571
70.530,16.64,0.16,0.70,15.58,2.43,0.00,571
70.546,16.63,0.23,1.00,15.22,2.44,0.00,622
70.563,16.66,0.19,1.00,15.16,3.27,0.00,620
70.580,16.73,0.16,0.97,15.17,3.28,0.00,617
70.596,16.67,0.18,0.96,15.18,3.26,0.00,617
70.613,16.60,0.14,0.99,15.20,3.26,0.00,617
70.630,16.69,0.14,1.00,15.15,3.26,0.00,616
70.646,16.66,0.16,0.98,15.27,3.25,0.00,613
70.663,16.66,0.14,1.01,15.20,3.27,0.00,614
70.680,16.67,0.14,0.97,15.25,3.26,0.00,612
70.696,16.72,0.18,1.01,15.13,3.26,0.00,613
70.713,16.62,0.14,0.99,15.23,3.26,0.00,614
70.730,16.69,0.18,0.98,15.15,3.26,0.00,614
70.746,16.70,0.13,0.98,15.24,3.28,0.00,614
70.763,16.67,0.14,1.00,15.16,3.28,0.00,616
70.780,16.66,0.17,0.98,15.02,3.27,0.00,615
70.796,16.66,0.13,0.98,15.22,3.27,0.00,615
70.813,16.73,0.13,0.95,15.19,3.26,0.00,615
70.830,16.69,0.13,0.98,15.11,3.36,0.00,613
70.846,16.55,0.14,0.98,15.32,3.37,0.00,643
70.863,16.73,0.14,1.01,15.15,3.40,0.00,646
70.880,16.63,0.14,0.98,15.18,3.42,0.00,646
70.896,16.67,0.13,0.97,15.23,3.41,0.00,648
70.913,16.65,0.17,0.97,15.22,3.39,0.00,652
70.930,16.67,0.18,0.98,15.23,3.37,0.00,651
70.946,16.66,0.12,0.95,15.22,3.39,0.00,650
70.963,16.69,0.13,0.99,15.29,2.81,0.00,650
70.980,16.71,0.13,0.97,15.22,2.81,0.00,650
70.996,16.65,0.13,0.97,15.15,2.83,0.00,650
71.013,16.68,0.12,0.96,15.12,2.83,0.00,650
71.030,16.64,0.13,0.97,15.26,2.83,0.00,650
71.046,16.70,0.13,0.99,15.16,2.82,0.00,648
71.063,16.69,0.14,0.97,15.24,2.81,0.00,652
71.080,16.60,0.16,0.97,15.24,2.85,0.00,647
71.096,16.69,0.17,0.95,15.27,2.84,0.00,649
71.113,16.64,0.15,0.94,15.28,2.84,0.00,649
71.130,16.73,0.15,0.99,15.15,2.82,0.00,649
71.146,16.68,0.12,0.95,15.06,2.83,0.00,647
71.163,16.64,0.14,0.99,15.21,2.86,0.00,646
71.180,16.69,0.15,0.94,15.31,2.86,0.00,647
71.196,16.60,0.18,0.98,15.20,2.86,0.00,646
71.213,16.68,0.12,0.96,15.26,2.86,0.00,646
71.230,16.67,0.14,0.94,15.29,2.86,0.00,646
71.246,16.66,0.14,0.96,15.38,2.89,0.00,644
71.263,16.74,0.13,1.00,15.25,2.90,0.00,644
71.280,16.59,0.12,0.98,15.24,2.90,0.00,643
71.296,16.69,0.12,0.94,15.28,2.89,0.00,643
71.313,16.65,0.13,0.96,15.27,2.90,0.00,643
71.330,16.66,0.14,0.96,15.19,2.93,0.00,645
71.346,16.67,0.14,0.94,15.34,2.91,0.00,646
71.363,16.72,0.12,0.95,15.24,2.93,0.00,647
71.380,16.68,0.15,0.95,15.24,2.92,0.00,645
71.396,16.63,0.12,0.94,15.30,2.91,0.00,645
71.413,16.69,0.12,0.94,15.26,2.96,0.00,645
71.430,16.62,0.15,0.95,15.28,2.95,0.00,645
71.446,16.74,0.12,0.94,15.18,2.95,0.00,646
71.463,16.60,0.14,0.96,15.22,2.96,0.00,646
71.480,16.69,0.12,0.95,15.29,2.95,0.00,646
71.496,16.70,0.12,0.94,15.26,2.99,0.00,647
71.513,16.68,0.17,0.92,15.21,2.98,0.00,646
71.530,16.60,0.16,0.94,15.28,2.98,0.00,646
71.546,16.68,0.12,0.91,15.32,2.98,0.00,647
71.563,16.71,0.13,0.95,15.31,2.98,0.00,647
71.580,16.62,0.15,0.96,15.23,3.00,0.00,645
71.596,16.75,0.12,0.95,15.19,3.00,0.00,644
71.613,16.60,0.14,0.96,15.26,3.00,0.00,644
71.630,16.75,0.12,0.93,15.20,2.99,0.00,644
71.646,16.58,0.18,0.92,15.20,2.99,0.00,644
71.663,16.69,0.12,0.94,15.29,2.99,0.00,643
71.680,16.69,0.12,0.92,15.34,2.99,0.00,643
71.696,16.63,0.12,0.93,15.42,2.98,0.00,643
71.713,16.68,0.12,0.95,15.27,2.97,0.00,643
71.730,16.64,0.14,0.94,15.27,2.96,0.00,643
71.746,16.74,0.13,0.92,15.24,2.97,0.00,642
71.763,16.60,0.12,0.91,15.34,2.95,0.00,640
71.780,16.73,0.11,0.91,15.30,2.93,0.00,639
71.796,16.61,0.13,0.90,15.30,2.90,0.00,639
71.813,16.67,0.12,0.90,15.32,2.88,0.00,638
71.830,16.67,0.12,0.93,15.28,2.88,0.00,638
71.846,16.72,0.12,0.90,15.30,2.87,0.00,636
71.863,16.66,0.15,0.93,15.25,2.85,0.00,634
71.880,16.62,0.12,0.87,15.37,2.84,0.00,633
71.896,16.73,0.12,0.85,15.25,2.82,0.00,634
71.913,16.60,0.26,0.90,15.20,2.85,0.00,653
71.930,16.74,0.12,0.91,15.29,2.99,0.00,658
71.946,16.63,0.18,0.91,15.04,3.06,0.00,653
71.963,16.67,0.09,0.69,15.53,3.06,0.00,651
71.980,16.63,0.18,0.90,15.29,3.03,0.00,649
71.996,16.73,0.12,0.93,15.22,3.04,0.00,648
72.013,16.61,0.12,0.92,15.33,3.02,0.00,646
72.030,16.70,0.20,0.93,15.23,3.01,0.00,641
72.046,16.64,0.14,0.89,15.38,2.99,0.00,635
72.063,16.66,0.13,0.89,15.46,2.58,0.00,631
72.080,16.80,0.12,0.88,15.23,2.58,0.00,629
72.096,16.54,0.14,0.90,15.31,2.57,0.00,627
72.113,16.74,0.12,0.86,15.36,2.56,0.00,622
72.130,16.59,0.15,0.90,15.29,2.54,0.00,621
72.146,16.66,0.14,0.89,15.41,2.53,0.00,616
72.163,16.67,0.12,0.86,15.33,2.54,0.00,612
72.180,16.68,0.13,0.85,15.44,2.52,0.00,611
72.196,16.65,0.12,0.89,15.34,2.52,0.00,607
72.213,16.67,0.13,0.84,15.39,2.50,0.00,604
72.230,16.73,0.15,0.89,15.45,2.49,0.00,598
72.246,16.61,0.14,0.90,15.47,2.51,0.00,597
72.263,16.62,0.14,0.91,15.49,2.48,0.00,595
72.280,16.73,0.15,0.91,15.42,2.47,0.00,591
72.296,16.60,0.13,0.90,15.38,2.47,0.00,584
72.313,16.78,0.16,0.88,15.24,2.45,0.00,582
72.330,16.60,0.13,0.87,15.34,2.46,0.00,581
72.346,16.67,0.12,0.85,15.38,2.46,0.00,578
72.363,16.72,0.11,0.87,15.37,2.44,0.00,577
72.380,16.62,0.12,0.85,15.40,2.43,0.00,576
72.396,16.71,0.12,0.88,15.23,2.43,0.00,573
72.413,16.65,0.11,0.86,15.34,2.43,0.00,572
72.430,16.63,0.10,0.85,15.43,2.41,0.00,572
72.446,16.74,0.16,0.87,15.39,2.39,0.00,571
72.463,16.64,0.12,0.93,15.30,2.38,0.00,569
72.480,16.66,0.18,1.07,15.09,2.36,0.00,624
72.496,16.69,0.18,1.10,15.03,3.26,0.00,622
72.513,16.66,0.14,0.86,15.31,3.25,0.00,616
72.530,16.65,0.14,0.87,15.25,3.23,0.00,614
72.546,16.66,0.15,0.86,15.44,3.23,0.00,612
72.563,16.67,0.14,0.88,15.32,3.21,0.00,613
72.580,16.77,0.14,0.85,15.31,3.25,0.00,612
72.596,16.59,0.19,0.90,15.25,3.24,0.00,617
72.613,16.69,0.18,0.88,15.32,3.26,0.00,618
72.630,16.67,0.14,0.88,15.24,3.27,0.00,617
72.646,16.62,0.15,0.86,15.35,3.27,0.00,616
72.663,16.74,0.14,0.89,15.22,3.26,0.00,616
72.680,16.59,0.15,0.86,15.34,3.24,0.00,616
72.696,16.72,0.18,0.88,15.44,3.23,0.00,615
72.713,16.62,0.16,0.90,15.32,3.22,0.00,616
72.730,16.74,0.14,0.89,15.28,3.20,0.00,615
72.746,16.66,0.13,0.87,15.30,3.22,0.00,614
72.763,16.62,0.14,0.89,15.22,3.21,0.00,613
72.780,16.67,0.16,0.88,15.29,3.20,0.00,612
72.796,16.67,0.15,0.86,15.43,3.18,0.00,612
72.813,16.66,0.15,1.06,15.16,3.17,0.00,623
72.830,16.75,0.14,0.99,15.17,3.18,0.00,624
72.847,16.66,0.14,0.99,15.16,3.20,0.00,628
72.863,16.61,0.14,1.00,15.22,3.21,0.00,628
72.880,16.65,0.15,0.99,15.21,3.21,0.00,627
72.896,16.71,0.15,1.01,15.06,2.64,0.00,626
72.913,16.63,0.14,1.01,15.31,2.66,0.00,624
72.930,16.80,0.14,1.02,15.13,2.66,0.00,620
72.947,16.59,0.14,0.99,15.10,2.65,0.00,623
72.963,16.62,0.13,1.01,15.20,2.65,0.00,623
72.980,16.72,0.14,0.99,15.15,2.66,0.00,624
72.996,16.62,0.14,1.00,15.20,2.69,0.00,624
73.013,16.69,0.13,1.00,15.17,2.68,0.00,624
73.030,16.64,0.15,1.02,15.17,2.69,0.00,624
73.046,16.69,0.13,1.01,15.18,2.71,0.00,624
73.063,16.75,0.14,1.01,15.08,2.70,0.00,624
73.080,16.56,0.15,0.99,15.18,2.74,0.00,624
73.096,16.68,0.13,0.98,15.33,2.74,0.00,625
73.113,16.64,0.13,0.99,15.33,2.74,0.00,625
73.130,16.72,0.15,1.03,15.12,2.75,0.00,624
73.146,16.65,0.13,0.99,15.24,2.76,0.00,624
73.163,16.64,0.13,1.02,15.21,2.79,0.00,625
73.180,16.68,0.17,0.99,15.20,2.80,0.00,626
73.197,16.80,0.13,1.02,15.15,2.82,0.00,625
73.213,16.53,0.13,1.03,15.22,2.81,0.00,624
73.230,16.74,0.15,1.03,15.13,2.83,0.00,624
73.247,16.69,0.13,1.00,15.17,2.86,0.00,624
73.263,16.63,0.13,1.02,15.33,2.87,0.00,625
73.280,16.60,0.12,0.99,15.42,2.89,0.00,623
73.296,16.68,0.13,1.01,15.31,2.88,0.00,623
73.313,16.68,0.16,1.07,15.14,2.89,0.00,625
73.330,16.72,0.13,1.02,15.13,2.94,0.00,624
73.346,16.62,0.13,1.00,15.20,2.92,0.00,624
73.363,16.70,0.13,1.01,15.26,2.93,0.00,624
73.380,16.71,0.14,1.01,15.16,2.93,0.00,625
73.397,16.60,0.14,1.01,15.22,2.94,0.00,623
73.413,16.70,0.13,1.00,15.21,2.97,0.00,621
73.430,16.70,0.12,1.01,15.18,2.97,0.00,620
73.447,16.68,0.14,1.00,15.17,2.95,0.00,620
73.463,16.58,0.18,0.99,15.21,2.94,0.00,621
73.480,16.76,0.13,1.00,15.17,2.94,0.00,622
73.497,16.63,0.12,0.98,15.21,3.02,0.00,621
73.513,16.62,0.17,0.99,15.16,3.02,0.00,621
73.530,16.67,0.14,0.98,15.19,3.02,0.00,622
73.547,16.72,0.12,1.00,15.17,3.02,0.00,621
73.563,16.63,0.16,0.99,15.15,3.02,0.00,621
73.580,16.65,0.13,1.00,15.22,3.02,0.00,620
73.597,16.68,0.14,0.99,15.24,3.02,0.00,619
73.613,16.67,0.12,0.99,15.30,3.02,0.00,619
73.630,16.72,0.16,0.98,15.13,3.01,0.00,619
73.647,16.62,0.15,0.99,15.22,3.02,0.00,619
73.663,16.68,0.16,0.99,15.15,3.05,0.00,619
73.680,16.67,0.13,1.00,15.23,3.06,0.00,620
73.697,16.71,0.12,0.99,15.27,3.05,0.00,620
73.713,16.60,0.16,1.00,15.21,3.05,0.00,619
73.730,16.67,0.13,0.98,15.22,3.06,0.00,620
73.747,16.67,0.16,0.95,15.21,3.07,0.00,619
73.763,16.73,0.12,0.95,15.21,3.08,0.00,620
73.780,16.59,0.12,0.98,15.25,3.08,0.00,620
73.797,16.67,0.17,1.01,15.17,3.07,0.00,621
73.813,16.79,0.13,0.98,15.23,3.07,0.00,620
73.830,16.56,0.21,1.01,15.12,3.11,0.00,621
73.847,16.72,0.19,1.00,15.10,3.09,0.00,621
73.863,16.61,0.17,1.00,15.18,3.09,0.00,621
73.880,16.66,0.14,0.93,15.25,3.10,0.00,621
73.897,16.67,0.15,0.94,15.33,3.09,0.00,621
73.913,16.67,0.30,1.03,15.07,3.11,0.00,687
73.930,16.75,0.15,1.08,15.09,3.29,0.00,699
73.947,16.59,0.13,1.10,15.16,3.42,0.00,700
73.963,16.75,0.17,1.11,15.03,3.40,0.00,699
73.980,16.70,0.14,1.02,15.10,3.40,0.00,695
73.997,16.60,0.12,1.01,15.20,3.04,0.00,695
74.013,16.69,0.12,1.00,15.16,3.04,0.00,694
74.030,16.62,0.15,0.99,15.23,3.03,0.00,694
74.047,16.65,0.17,1.05,15.13,3.02,0.00,693
74.063,16.68,0.13,1.03,15.19,3.02,0.00,691
74.080,16.67,0.13,1.01,15.19,3.02,0.00,690
74.097,16.65,0.13,0.99,15.24,3.02,0.00,689
74.113,16.79,0.13,1.02,15.11,3.00,0.00,689
74.130,16.55,0.14,1.07,15.17,3.00,0.00,688
74.147,16.73,0.16,1.03,15.19,2.99,0.00,685
74.163,16.65,0.13,1.01,15.18,3.00,0.00,685
74.180,16.62,0.12,1.03,15.18,2.99,0.00,684
74.197,16.68,0.13,1.00,15.26,2.99,0.00,682
74.213,16.66,0.17,1.03,15.17,2.97,0.00,680
74.230,16.79,0.12,1.03,15.06,2.97,0.00,677
74.247,16.58,0.12,1.03,15.20,2.98,0.00,677
74.263,16.68,0.13,1.04,15.13,2.99,0.00,677
74.280,16.65,0.12,1.01,15.08,2.97,0.00,677
74.297,16.64,0.12,1.04,15.17,2.95,0.00,676
74.313,16.68,0.12,0.99,15.20,2.95,0.00,671
74.330,16.64,0.12,0.99,15.35,2.58,0.00,670
74.347,16.74,0.15,1.00,15.27,2.58,0.00,656
74.363,16.61,0.13,1.01,15.31,2.53,0.00,652
74.380,16.78,0.12,0.97,15.15,2.52,0.00,651
74.397,16.55,0.13,1.00,15.25,2.52,0.00,645
74.413,16.67,0.13,0.99,15.25,2.50,0.00,644
74.430,16.73,0.12,0.98,15.19,2.49,0.00,642
74.447,16.66,0.12,0.80,15.45,2.50,0.00,639
74.463,16.60,0.14,0.83,15.37,2.48,0.00,639
74.480,16.68,0.12,0.79,15.45,2.47,0.00,635
74.497,16.78,0.12,0.80,15.28,2.49,0.00,636
74.513,16.56,0.14,0.79,15.40,2.47,0.00,635
74.530,16.73,0.13,0.80,15.39,2.48,0.00,633
74.547,16.67,0.14,0.81,15.31,2.45,0.00,636
74.563,16.61,0.12,0.78,15.45,2.45,0.00,635
74.580,16.71,0.15,0.81,15.34,2.46,0.00,635
74.597,16.63,0.12,0.87,15.35,2.46,0.00,634
74.613,16.68,0.13,0.82,15.43,2.44,0.00,632
74.630,16.75,0.12,0.83,15.32,2.43,0.00,630
74.647,16.62,0.14,0.79,15.39,2.45,0.00,626
74.663,16.63,0.13,0.80,15.43,2.43,0.00,621
74.680,16.74,0.16,0.82,15.31,2.45,0.00,622
74.697,16.62,0.17,0.81,15.46,2.41,0.00,621
74.713,16.65,0.13,0.85,15.40,2.40,0.00,620
74.730,16.74,0.12,0.83,15.31,2.40,0.00,617
74.747,16.62,0.12,0.90,15.40,2.41,0.00,614
74.763,16.66,0.13,0.82,15.42,2.40,0.00,612
74.780,16.67,0.13,0.68,15.48,2.41,0.00,607
74.797,16.71,0.12,0.69,15.53,2.37,0.00,607
74.813,16.64,0.19,0.68,15.52,2.36,0.00,606
74.830,16.68,0.18,0.69,15.61,2.39,0.00,604
74.847,16.61,0.12,0.73,15.57,2.39,0.00,603
74.863,16.70,0.14,0.68,15.54,2.38,0.00,602
74.880,16.68,0.15,0.70,15.60,2.35,0.00,601
74.897,16.64,0.16,0.99,15.23,2.37,0.00,648
74.913,16.70,0.13,0.98,15.22,3.20,0.00,646
74.930,16.64,0.17,0.98,15.22,3.18,0.00,646
74.947,16.67,0.19,0.95,15.35,3.18,0.00,641
74.963,16.68,0.17,1.02,15.19,3.18,0.00,634
74.980,16.72,0.19,0.99,15.11,3.17,0.00,630
74.997,16.64,0.17,0.99,15.17,3.18,0.00,628
75.013,16.64,0.21,0.98,15.13,3.16,0.00,627
75.030,16.68,0.13,1.00,15.31,3.16,0.00,620
75.047,16.65,0.14,1.01,15.38,3.15,0.00,612
75.063,16.65,0.14,1.02,15.24,3.14,0.00,608
75.080,16.76,0.16,0.97,15.17,3.16,0.00,602
75.097,16.63,0.16,1.01,15.15,3.14,0.00,592
75.113,16.67,0.16,0.98,15.21,3.14,0.00,587
75.130,16.65,0.27,1.00,15.17,3.12,0.00,579
75.147,16.66,0.17,1.01,15.20,3.11,0.00,569
75.163,16.69,0.13,0.99,15.16,3.22,0.00,559
75.180,16.66,0.13,1.02,15.22,3.20,0.00,550
75.197,16.67,0.15,1.06,15.18,3.20,0.00,585
75.213,16.67,0.14,1.00,15.40,3.24,0.00,578
75.230,16.67,0.14,1.04,15.19,3.22,0.00,566
75.247,16.64,0.13,1.01,15.30,3.16,0.00,553
75.263,16.73,0.13,1.01,15.20,3.12,0.00,531
75.280,16.68,0.13,1.00,15.13,3.08,0.00,508
75.297,16.59,0.13,0.97,15.26,3.02,0.00,362
75.313,16.68,0.13,0.98,15.13,2.23,0.00,362
75.330,16.66,0.14,0.97,15.36,2.24,0.00,362
75.347,16.66,0.13,1.00,15.32,2.23,0.00,361
75.363,16.75,0.12,0.98,15.25,2.22,0.00,360
75.380,16.58,0.15,1.00,15.26,2.21,0.00,360
75.397,16.82,0.13,0.98,15.13,2.19,0.00,358
75.413,16.52,0.13,0.94,15.30,2.22,0.00,358
75.430,16.76,0.13,0.96,15.19,2.21,0.00,358
75.447,16.66,0.12,0.98,15.25,2.20,0.00,358
75.463,16.60,0.13,0.98,15.27,2.20,0.00,358
75.480,16.68,0.13,0.97,15.34,2.18,0.00,358
75.497,16.65,0.12,0.95,15.30,2.21,0.00,357
75.513,16.77,0.13,0.98,15.14,2.20,0.00,357
75.530,16.58,0.13,0.97,15.36,2.19,0.00,357
75.547,16.67,0.14,0.97,15.24,2.18,0.00,356
75.563,16.74,0.13,0.96,15.15,2.17,0.00,356
75.580,16.59,0.14,0.98,15.25,2.20,0.00,355
75.597,16.73,0.16,0.96,15.15,2.19,0.00,354
75.613,16.61,0.15,0.97,15.22,2.18,0.00,353
75.630,16.72,0.16,0.97,15.20,2.18,0.00,352
75.647,16.60,0.13,0.96,15.28,2.17,0.00,351
75.663,16.70,0.12,0.95,15.30,2.19,0.00,351
75.680,16.65,0.13,0.99,15.39,2.19,0.00,351
75.697,16.64,0.13,0.98,15.39,2.18,0.00,351
75.713,16.69,0.13,1.00,15.27,2.17,0.00,351
75.730,16.67,0.15,0.95,15.35,2.17,0.00,351
75.747,16.65,0.13,0.94,15.46,2.20,0.00,351
75.763,16.64,0.14,1.04,15.35,2.20,0.00,350
75.780,16.68,0.18,0.97,15.32,2.19,0.00,350
75.797,16.69,0.15,1.00,15.33,2.19,0.00,349
75.813,16.67,0.14,0.98,15.43,2.18,0.00,348
75.830,16.68,0.14,1.04,15.34,2.22,0.00,347
75.847,16.64,0.20,0.96,15.35,2.21,0.00,347
75.863,16.71,0.13,0.98,15.38,2.22,0.00,346
75.880,16.61,0.13,0.86,15.61,2.21,0.00,346
75.897,16.72,0.15,0.89,15.47,2.21,0.00,346
75.913,16.67,0.28,0.95,15.34,2.24,0.00,359
75.930,16.72,0.13,1.00,15.23,2.33,0.00,367
75.947,16.59,0.13,1.01,15.37,2.43,0.00,367
75.963,16.63,0.13,1.01,15.42,2.43,0.00,367
75.980,16.68,0.23,0.94,15.36,2.43,0.00,366
75.997,16.67,0.13,0.97,15.37,2.46,0.00,365
76.013,16.68,0.16,0.97,15.38,2.45,0.00,363
76.030,16.70,0.14,1.01,15.32,2.42,0.00,366
76.047,16.64,0.13,0.94,15.39,2.42,0.00,427
76.063,16.68,0.14,0.96,15.25,2.48,0.00,431
76.080,16.74,0.13,0.93,15.36,2.50,0.00,443
76.097,16.57,0.13,0.95,15.27,2.52,0.00,442
76.113,16.70,0.14,0.96,15.21,2.52,0.00,442
76.130,16.65,0.13,0.93,15.34,2.52,0.00,442
76.147,16.66,0.13,0.98,15.34,2.51,0.00,435
76.163,16.68,0.13,0.96,15.26,2.52,0.00,435
76.180,16.74,0.13,0.96,15.32,2.52,0.00,426
76.197,16.63,0.13,0.97,15.32,2.51,0.00,426
76.213,16.67,0.21,0.96,15.19,2.50,0.00,424
76.230,16.63,0.13,0.97,15.29,2.49,0.00,423
76.247,16.68,0.15,0.95,15.26,2.50,0.00,423
76.264,16.78,0.13,0.95,15.15,2.49,0.00,423
76.280,16.56,0.14,0.96,15.24,2.48,0.00,418
76.297,16.74,0.13,0.97,15.15,2.47,0.00,417
76.313,16.60,0.12,0.94,15.26,2.46,0.00,414
76.330,16.72,0.17,0.94,15.17,2.47,0.00,405
76.347,16.59,0.12,0.94,15.29,2.45,0.00,401
76.363,16.69,0.14,0.94,15.22,2.44,0.00,401
76.380,16.68,0.15,0.91,15.36,2.43,0.00,401
76.397,16.64,0.13,0.92,15.31,2.41,0.00,399
76.413,16.66,0.15,0.90,15.38,2.11,0.00,397
76.430,16.67,0.16,0.96,15.36,2.10,0.00,395
76.447,16.68,0.16,0.94,15.37,2.07,0.00,392
76.463,16.68,0.15,0.94,15.23,2.06,0.00,390
76.480,16.65,0.13,0.91,15.36,2.05,0.00,389
76.497,16.66,0.14,0.93,15.27,2.06,0.00,371
76.513,16.71,0.12,0.91,15.30,2.03,0.00,355
76.530,16.67,0.15,0.88,15.29,2.01,0.00,331
76.547,16.65,0.17,0.88,15.28,1.90,0.00,331
76.563,16.67,0.17,0.88,15.29,1.90,0.00,331
76.580,16.65,0.14,0.88,15.31,1.91,0.00,330
76.597,16.70,0.12,0.85,15.32,1.90,0.00,328
76.613,16.64,0.14,0.87,15.19,1.88,0.00,327
76.630,16.73,0.12,0.85,15.35,1.87,0.00,327
76.647,16.71,0.15,1.12,15.00,1.87,0.00,383
76.664,16.64,0.19,1.19,14.91,2.71,0.00,470
76.680,16.71,0.14,1.15,14.93,2.90,0.00,498
76.697,16.55,0.16,1.17,15.05,2.92,0.00,510
76.713,16.68,0.17,1.16,15.14,2.94,0.00,527
76.730,16.66,0.16,1.19,15.01,2.96,0.00,537
76.747,16.74,0.16,1.14,15.00,2.99,0.00,543
76.763,16.60,0.14,1.15,15.04,2.99,0.00,549
76.780,16.66,0.16,1.17,15.02,2.99,0.00,557
76.797,16.67,0.15,1.16,15.07,3.01,0.00,559
76.814,16.73,0.15,1.18,14.95,3.01,0.00,561
76.830,16.62,0.17,1.15,15.02,3.04,0.00,564
76.847,16.73,0.14,1.18,14.97,3.05,0.00,562
76.864,16.68,0.17,0.94,15.12,3.05,0.00,549
76.880,16.59,0.14,0.95,15.34,3.03,0.00,559
76.897,16.66,0.16,1.02,15.18,3.04,0.00,562
76.913,16.70,0.16,0.97,15.21,3.08,0.00,568
76.930,16.66,0.15,0.96,15.21,3.08,0.00,573
76.947,16.65,0.15,0.94,15.19,3.07,0.00,578
76.963,16.67,0.15,0.96,15.30,3.07,0.00,582
76.980,16.65,0.15,0.94,15.28,3.08,0.00,585
76.997,16.69,0.14,0.95,15.25,3.10,0.00,587
77.014,16.75,0.13,0.94,15.21,3.10,0.00,586
77.030,16.56,0.13,0.96,15.27,3.09,0.00,590
77.047,16.74,0.13,0.94,15.11,3.09,0.00,594
77.063,16.61,0.15,0.93,15.30,2.96,0.00,595
77.080,16.75,0.13,0.95,15.41,2.53,0.00,594
77.097,16.59,0.14,0.97,15.26,2.53,0.00,594
77.114,16.79,0.13,0.97,15.15,2.51,0.00,596
77.130,16.59,0.14,0.96,15.35,2.51,0.00,596
77.147,16.61,0.18,0.98,15.29,2.50,0.00,598
77.164,16.69,0.16,0.94,15.21,2.53,0.00,600
77.180,16.66,0.12,0.90,15.40,2.53,0.00,599
77.197,16.66,0.20,0.99,15.24,2.51,0.00,600
77.213,16.65,0.13,0.97,15.36,2.51,0.00,601
77.230,16.67,0.16,0.97,15.18,2.50,0.00,601
77.247,16.71,0.12,0.95,15.12,2.52,0.00,602
77.264,16.65,0.13,0.96,15.20,2.52,0.00,605
77.280,16.65,0.15,0.91,15.29,2.51,0.00,607
77.297,16.66,0.19,0.95,15.22,2.52,0.00,607
77.314,16.67,0.13,0.95,15.29,2.51,0.00,610
77.330,16.67,0.14,0.94,15.24,2.57,0.00,610
77.347,16.65,0.13,0.92,15.23,2.57,0.00,612
77.363,16.67,0.12,0.95,15.32,2.58,0.00,623
77.380,16.74,0.17,0.96,15.24,2.59,0.00,625
77.397,16.59,0.14,0.94,15.38,2.62,0.00,627
77.414,16.67,0.15,0.94,15.38,2.61,0.00,626
77.430,16.66,0.11,0.72,15.22,2.61,0.00,627
77.447,16.74,0.06,0.39,15.96,2.61,0.00,627
77.464,16.60,0.14,0.97,15.33,2.61,0.00,628
77.480,16.68,0.18,0.96,15.25,2.61,0.00,629
77.497,16.67,0.14,0.94,15.46,2.65,0.00,628
77.514,16.66,0.18,0.93,15.37,2.64,0.00,629
77.530,16.68,0.24,0.99,15.42,2.64,0.00,629
77.547,16.78,0.13,0.95,15.35,2.65,0.00,630
77.564,16.55,0.14,0.99,15.25,2.64,0.00,630
77.580,16.68,0.12,0.97,15.27,2.67,0.00,630
77.597,16.75,0.13,0.97,15.18,2.67,0.00,633
77.614,16.58,0.12,0.92,15.29,2.67,0.00,637
77.630,16.69,0.13,0.96,15.28,2.67,0.00,641
77.647,16.63,0.13,0.94,15.31,2.67,0.00,643
77.664,16.71,0.16,0.95,15.23,2.71,0.00,641
77.680,16.75,0.12,0.94,15.22,2.70,0.00,641
77.697,16.60,0.12,0.95,15.25,2.71,0.00,641
77.714,16.67,0.15,0.95,15.29,2.70,0.00,644
77.730,16.61,0.13,0.95,15.26,2.71,0.00,644
77.747,16.73,0.12,0.94,15.24,2.73,0.00,647
77.764,16.66,0.13,0.92,15.27,2.73,0.00,652
77.780,16.62,0.12,0.91,15.40,2.73,0.00,653
77.797,16.74,0.15,0.95,15.18,2.74,0.00,654
77.814,16.61,0.12,0.91,15.30,2.76,0.00,656
77.830,16.65,0.14,0.92,15.22,2.76,0.00,654
77.847,16.70,0.12,0.95,15.25,2.76,0.00,655
77.864,16.74,0.12,0.94,15.18,2.77,0.00,658
77.880,16.58,0.13,0.88,15.41,2.76,0.00,658
77.897,16.69,0.14,0.88,15.31,2.78,0.00,658
77.914,16.67,0.26,0.94,15.14,2.78,0.00,683
77.930,16.71,0.12,0.97,15.19,2.95,0.00,693
77.947,16.63,0.12,0.94,15.28,3.05,0.00,694
77.964,16.69,0.13,1.00,15.20,3.04,0.00,696
77.980,16.68,0.17,0.95,15.18,3.02,0.00,695
77.997,16.61,0.15,0.98,15.24,3.04,0.00,695
78.014,16.66,0.12,0.94,15.35,3.02,0.00,694
78.030,16.79,0.12,0.95,15.26,3.02,0.00,695
78.047,16.54,0.20,0.98,15.23,3.00,0.00,694
78.064,16.73,0.17,0.95,15.18,2.98,0.00,689
78.080,16.68,0.12,0.97,15.22,2.98,0.00,683
78.097,16.67,0.13,0.97,15.20,2.96,0.00,677
78.114,16.60,0.16,0.94,15.25,2.92,0.00,672
78.130,16.72,0.13,0.96,15.24,2.90,0.00,661
78.147,16.71,0.12,0.92,15.23,2.87,0.00,653
78.164,16.64,0.13,0.94,15.26,2.45,0.00,652
78.180,16.66,0.15,0.90,15.37,2.45,0.00,649
78.197,16.61,0.12,0.92,15.28,2.42,0.00,628
78.214,16.69,0.14,0.91,15.40,2.38,0.00,626
78.230,16.69,0.14,0.95,15.25,2.35,0.00,624
78.247,16.62,0.14,0.92,15.32,2.35,0.00,623
78.264,16.70,0.15,0.90,15.24,2.32,0.00,621
78.280,16.65,0.12,0.91,15.21,2.32,0.00,622
78.297,16.66,0.12,0.91,15.31,2.31,0.00,617
78.314,16.67,0.16,0.91,15.28,2.28,0.00,614
78.330,16.69,0.13,0.91,15.30,2.27,0.00,611
78.347,16.66,0.11,0.89,15.32,2.28,0.00,610
78.364,16.68,0.12,0.87,15.44,2.26,0.00,607
78.380,16.65,0.16,0.95,15.31,2.26,0.00,605
78.397,16.72,0.16,0.93,15.33,2.25,0.00,600
78.414,16.62,0.15,0.94,15.29,2.22,0.00,599
78.430,16.70,0.16,0.95,15.22,2.25,0.00,599
78.447,16.71,0.11,0.91,15.28,2.23,0.00,599
78.464,16.63,0.12,0.94,15.31,2.22,0.00,598
78.480,16.62,0.13,0.93,15.41,2.21,0.00,596
78.497,16.66,0.13,0.94,15.29,2.21,0.00,594
78.514,16.79,0.12,0.92,15.20,2.23,0.00,593
78.530,16.57,0.14,0.92,15.43,2.21,0.00,590
78.547,16.66,0.12,0.95,15.31,2.18,0.00,585
78.564,16.81,0.12,0.92,15.15,2.18,0.00,584
78.580,16.53,0.15,0.89,15.32,2.18,0.00,580
78.597,16.67,0.14,0.93,15.27,2.19,0.00,577
78.614,16.66,0.12,0.67,15.54,2.18,0.00,564
78.630,16.68,0.15,0.67,15.59,2.16,0.00,561
78.647,16.66,0.20,0.75,15.48,2.14,0.00,560
78.664,16.66,0.16,0.93,15.29,2.14,0.00,604
78.680,16.75,0.13,0.90,15.24,3.03,0.00,601
78.697,16.60,0.15,0.93,15.27,3.01,0.00,599
78.714,16.73,0.13,0.92,15.28,3.00,0.00,596
78.730,16.60,0.14,0.97,15.25,3.00,0.00,595
78.747,16.73,0.15,0.94,15.23,2.99,0.00,596
78.764,16.68,0.13,0.92,15.25,3.00,0.00,597
78.780,16.66,0.16,0.93,15.19,3.01,0.00,599
78.797,16.71,0.14,0.95,15.18,2.99,0.00,600
78.814,16.57,0.17,0.94,15.25,2.99,0.00,600
78.830,16.73,0.14,0.97,15.21,3.00,0.00,600
78.847,16.72,0.14,0.97,15.13,3.01,0.00,603
78.864,16.54,0.15,0.95,15.23,3.01,0.00,604
78.880,16.68,0.15,0.93,15.27,3.01,0.00,600
78.897,16.74,0.14,0.94,15.28,3.00,0.00,602
78.914,16.57,0.15,0.97,15.26,2.99,0.00,599
78.930,16.77,0.13,0.95,15.36,3.01,0.00,599
78.947,16.59,0.14,0.96,15.27,3.02,0.00,598
78.964,16.78,0.13,0.96,15.18,3.00,0.00,597
78.980,16.53,0.22,0.97,15.16,2.99,0.00,599
78.997,16.68,0.14,0.95,15.24,2.98,0.00,600
79.014,16.67,0.13,0.93,15.29,3.03,0.00,601
79.030,16.70,0.17,0.97,15.17,3.00,0.00,599
79.047,16.70,0.13,1.01,15.24,2.99,0.00,598
79.064,16.59,0.13,0.95,15.28,2.99,0.00,596
79.080,16.74,0.13,0.94,15.22,2.40,0.00,596
79.097,16.59,0.17,0.98,15.10,2.43,0.00,596
79.114,16.69,0.12,0.95,15.25,2.42,0.00,595
79.130,16.65,0.14,0.96,15.27,2.41,0.00,592
79.147,16.69,0.16,0.96,15.31,2.41,0.00,592
79.164,16.66,0.14,0.98,15.24,2.39,0.00,594
79.180,16.66,0.14,0.94,15.23,2.42,0.00,595
79.197,16.66,0.14,0.94,15.29,2.42,0.00,592
79.214,16.80,0.13,0.94,15.25,2.42,0.00,592
79.230,16.52,0.14,0.94,15.31,2.41,0.00,593
79.247,16.67,0.13,0.95,15.27,2.40,0.00,593
79.264,16.79,0.13,0.95,15.17,2.47,0.00,596
79.280,16.56,0.15,0.96,15.16,2.49,0.00,621
79.297,16.68,0.12,0.93,15.30,2.52,0.00,623
79.314,16.70,0.12,0.94,15.26,2.56,0.00,624
79.330,16.62,0.14,0.96,15.24,2.54,0.00,625
79.347,16.66,0.13,0.92,15.37,2.55,0.00,623
79.364,16.73,0.13,0.98,15.22,2.55,0.00,624
79.380,16.60,0.14,0.96,15.25,2.56,0.00,624
79.397,16.68,0.13,0.94,15.37,2.55,0.00,625
79.414,16.66,0.14,0.96,15.29,2.55,0.00,627
79.430,16.80,0.12,0.96,15.14,2.58,0.00,629
79.447,16.57,0.14,0.94,15.20,2.59,0.00,628
79.464,16.67,0.13,0.93,15.35,2.59,0.00,627
79.480,16.70,0.12,0.94,15.31,2.59,0.00,627
79.497,16.60,0.13,0.95,15.30,2.60,0.00,627
79.514,16.68,0.12,0.93,15.31,2.63,0.00,625
79.530,16.72,0.12,0.93,15.28,2.63,0.00,626
79.547,16.68,0.12,0.94,15.23,2.62,0.00,625
79.564,16.61,0.18,0.94,15.16,2.62,0.00,626
79.580,16.67,0.14,0.93,15.24,2.62,0.00,628
79.597,16.68,0.12,0.92,15.31,2.65,0.00,629
79.614,16.66,0.14,0.93,15.30,2.65,0.00,630
79.630,16.75,0.12,0.93,15.20,2.65,0.00,628
79.647,16.63,0.11,0.91,15.35,2.65,0.00,628
79.664,16.60,0.14,0.96,15.29,2.65,0.00,627
79.680,16.73,0.12,0.93,15.26,2.68,0.00,627
79.697,16.61,0.15,0.93,15.26,2.67,0.00,628
79.714,16.73,0.12,0.92,15.37,2.66,0.00,630
79.730,16.61,0.13,0.97,15.39,2.67,0.00,630
79.747,16.68,0.13,0.94,15.34,2.66,0.00,630
79.764,16.67,0.17,0.96,15.26,2.70,0.00,632
79.780,16.66,0.14,0.90,15.31,2.67,0.00,631
79.797,16.73,0.12,0.91,15.32,2.67,0.00,628
79.814,16.61,0.12,0.91,15.31,2.66,0.00,628
79.830,16.74,0.13,0.95,15.47,2.67,0.00,628
79.847,16.67,0.15,0.94,15.32,2.68,0.00,629
79.864,16.61,0.14,0.94,15.36,2.67,0.00,631
79.880,16.65,0.12,0.92,15.35,2.68,0.00,629
79.897,16.74,0.16,0.85,15.42,2.68,0.00,630
79.914,16.61,0.29,0.95,15.12,2.66,0.00,670
79.930,16.71,0.12,0.94,15.25,2.86,0.00,686
79.947,16.62,0.15,0.95,15.24,2.99,0.00,688
79.964,16.73,0.12,0.95,15.30,3.00,0.00,685
79.980,16.59,0.13,0.96,15.27,2.99,0.00,687
79.997,16.68,0.17,0.95,15.27,2.98,0.00,683
80.014,16.75,0.14,0.95,15.28,3.01,0.00,683
80.030,16.58,0.22,0.97,15.21,3.01,0.00,684
80.047,16.67,0.12,0.95,15.35,3.00,0.00,684
80.064,16.74,0.12,0.94,15.24,3.00,0.00,680
80.080,16.64,0.15,0.93,15.21,2.99,0.00,677
80.097,16.65,0.12,0.94,15.29,3.01,0.00,675
80.114,16.66,0.12,0.94,15.16,2.98,0.00,658
80.130,16.71,0.12,0.94,15.24,2.95,0.00,650
80.147,16.65,0.13,0.91,15.29,2.91,0.00,642
80.164,16.65,0.15,0.92,15.35,2.91,0.00,639
80.180,16.72,0.12,0.91,15.22,2.47,0.00,639
80.197,16.63,0.12,0.88,15.34,2.47,0.00,640
80.214,16.71,0.14,0.88,15.34,2.46,0.00,641
80.230,16.60,0.12,0.91,15.35,2.46,0.00,639
80.247,16.74,0.13,0.91,15.23,2.46,0.00,638
80.264,16.60,0.14,0.88,15.33,2.48,0.00,636
80.280,16.73,0.14,0.90,15.26,2.47,0.00,636
80.297,16.60,0.16,0.92,15.29,2.46,0.00,637
80.314,16.71,0.12,0.89,15.31,2.46,0.00,635
80.330,16.65,0.15,0.93,15.23,2.46,0.00,631
80.347,16.64,0.15,0.90,15.38,2.48,0.00,631
80.364,16.70,0.13,0.93,15.31,2.48,0.00,630
80.380,16.65,0.12,0.96,15.29,2.47,0.00,630
80.397,16.70,0.16,0.92,15.34,2.47,0.00,631
80.414,16.64,0.16,0.90,15.29,2.47,0.00,628
80.431,16.72,0.16,0.92,15.22,2.48,0.00,628
80.447,16.68,0.12,0.89,15.28,2.47,0.00,628
80.464,16.62,0.12,0.92,15.37,2.46,0.00,625
80.480,16.63,0.11,0.89,15.51,2.46,0.00,625
80.497,16.69,0.14,0.91,15.31,2.47,0.00,621
80.514,16.75,0.12,0.92,15.22,2.47,0.00,616
80.531,16.65,0.15,0.90,15.25,2.46,0.00,613
80.547,16.59,0.16,0.92,15.29,2.45,0.00,609
80.564,16.70,0.11,0.90,15.32,2.44,0.00,607
80.580,16.64,0.14,0.91,15.41,2.42,0.00,603
80.597,16.67,0.16,0.93,15.28,2.44,0.00,597
80.614,16.74,0.12,0.91,15.28,2.41,0.00,595
80.631,16.72,0.11,0.66,15.48,2.39,0.00,589
80.647,16.62,0.11,0.65,15.55,2.38,0.00,588
80.664,16.69,0.12,0.69,15.46,2.36,0.00,584
80.680,16.58,0.13,0.67,15.58,2.37,0.00,583
80.697,16.73,0.15,0.66,15.50,2.36,0.00,583
80.714,16.75,0.11,0.66,15.46,2.35,0.00,582
80.731,16.68,0.11,0.68,15.43,2.33,0.00,582
80.747,16.65,0.11,0.68,15.36,2.33,0.00,581
80.764,16.56,0.11,0.66,15.55,2.33,0.00,582
80.781,16.71,0.11,0.66,15.54,2.32,0.00,580
80.797,16.66,0.12,0.66,15.52,2.29,0.00,580
80.814,16.64,0.17,0.67,15.48,2.28,0.00,579
80.831,16.76,0.12,0.67,15.46,2.27,0.00,575
80.847,16.55,0.11,0.64,15.61,2.27,0.00,574
80.864,16.68,0.14,0.68,15.61,2.27,0.00,573
80.880,16.67,0.13,0.65,15.65,2.25,0.00,572
80.897,16.64,0.11,0.70,15.68,2.22,0.00,570
80.914,16.83,0.12,0.68,15.40,2.21,0.00,568
80.931,16.55,0.15,0.68,15.47,2.22,0.00,566
80.947,16.63,0.14,0.64,15.55,2.20,0.00,562
80.964,16.66,0.11,0.66,15.64,2.19,0.00,562
80.980,16.67,0.17,0.65,15.59,2.17,0.00,558
80.997,16.66,0.12,0.64,15.61,2.16,0.00,556
81.014,16.69,0.16,0.66,15.51,2.17,0.00,554
81.030,16.65,0.14,0.65,15.58,2.15,0.00,550
81.047,16.67,0.13,0.66,15.57,2.14,0.00,549
81.064,16.75,0.11,0.68,15.45,2.13,0.00,544
81.081,16.60,0.15,0.88,15.29,2.12,0.00,598
81.097,16.66,0.15,0.90,15.27,3.02,0.00,596
81.114,16.71,0.13,0.90,15.29,3.01,0.00,593
81.131,16.64,0.17,0.89,15.16,3.00,0.00,588
81.147,16.66,0.15,0.91,15.39,2.99,0.00,585
81.164,16.74,0.14,0.92,15.25,2.98,0.00,586
81.181,16.73,0.12,0.88,15.22,3.03,0.00,583
81.197,16.53,0.14,0.93,15.29,3.05,0.00,616
81.214,16.76,0.13,0.91,15.23,3.07,0.00,613
81.231,16.57,0.19,0.93,15.34,3.10,0.00,611
81.247,16.67,0.13,0.92,15.33,3.09,0.00,608
81.264,16.72,0.17,0.94,15.21,3.10,0.00,611
81.281,16.73,0.15,0.91,15.18,3.10,0.00,610
81.297,16.56,0.13,0.91,15.32,3.09,0.00,608
81.314,16.68,0.19,0.91,15.24,3.09,0.00,611
81.331,16.70,0.17,0.93,15.22,3.13,0.00,608
81.347,16.62,0.14,0.90,15.31,3.12,0.00,612
81.364,16.67,0.12,0.89,15.33,3.12,0.00,612
81.381,16.69,0.12,0.88,15.34,3.12,0.00,612
81.397,16.66,0.16,0.91,15.28,3.11,0.00,611
81.414,16.70,0.15,0.90,15.29,3.14,0.00,609
81.431,16.64,0.16,0.91,15.28,3.14,0.00,608
81.447,16.74,0.15,0.92,15.21,3.14,0.00,610
81.464,16.65,0.12,0.92,15.22,3.13,0.00,610
81.481,16.61,0.13,0.91,15.36,3.12,0.00,610
81.497,16.68,0.12,0.92,15.31,2.57,0.00,612
81.514,16.73,0.12,0.90,15.23,2.57,0.00,609
81.531,16.66,0.12,0.90,15.24,2.57,0.00,609
81.547,16.66,0.13,0.90,15.28,2.57,0.00,608
81.564,16.68,0.16,0.92,15.23,2.55,0.00,611
81.581,16.65,0.12,0.90,15.28,2.57,0.00,611
81.597,16.69,0.13,0.91,15.40,2.56,0.00,614
81.614,16.62,0.14,0.90,15.31,2.55,0.00,613
81.631,16.70,0.13,0.92,15.27,2.55,0.00,614
81.647,16.65,0.15,0.90,15.34,2.57,0.00,616
81.664,16.64,0.13,0.98,15.28,2.57,0.00,616
81.681,16.67,0.15,0.90,15.28,2.56,0.00,617
81.697,16.66,0.14,0.90,15.20,2.54,0.00,618
81.714,16.67,0.14,0.92,15.39,2.53,0.00,618
81.731,16.79,0.13,0.93,15.24,2.56,0.00,618
81.747,16.55,0.14,0.90,15.34,2.54,0.00,622
81.764,16.66,0.13,0.91,15.34,2.53,0.00,622
81.781,16.67,0.12,0.89,15.37,2.54,0.00,622
81.797,16.68,0.13,0.90,15.27,2.52,0.00,622
81.814,16.69,0.12,0.88,15.33,2.54,0.00,619
81.831,16.71,0.12,0.91,15.23,2.52,0.00,618
81.847,16.59,0.16,0.89,15.30,2.52,0.00,616
81.864,16.67,0.14,0.92,15.27,2.51,0.00,615
81.881,16.67,0.14,0.80,15.43,2.50,0.00,615
81.897,16.75,0.12,0.82,15.42,2.51,0.00,614
81.914,16.59,0.37,1.01,15.02,2.51,0.00,636
81.931,16.66,0.14,0.93,15.29,2.67,0.00,646
81.947,16.70,0.12,0.91,15.28,2.78,0.00,644
81.964,16.64,0.12,0.92,15.32,2.79,0.00,644
81.981,16.74,0.12,0.92,15.29,2.78,0.00,643
81.997,16.60,0.18,0.92,15.24,2.74,0.00,637
82.014,16.72,0.14,0.90,15.25,2.70,0.00,637
82.031,16.64,0.17,0.93,15.23,2.70,0.00,635
82.047,16.69,0.15,0.89,15.26,2.70,0.00,635
82.064,16.61,0.14,0.92,15.28,2.68,0.00,632
82.081,16.71,0.11,0.88,15.22,2.68,0.00,635
82.097,16.63,0.12,0.88,15.41,2.65,0.00,635
82.114,16.68,0.13,0.92,15.30,2.65,0.00,633
82.131,16.65,0.12,0.98,15.31,2.66,0.00,629
82.147,16.72,0.11,0.92,15.27,2.65,0.00,630
82.164,16.62,0.12,0.92,15.31,2.63,0.00,626
82.181,16.72,0.13,0.91,15.29,2.63,0.00,625
82.197,16.75,0.13,0.91,15.20,2.63,0.00,624
82.214,16.65,0.12,0.91,15.20,2.64,0.00,623
82.231,16.61,0.14,0.90,15.37,2.62,0.00,622
82.247,16.59,0.12,0.91,15.34,2.61,0.00,618
82.264,16.75,0.12,0.92,15.23,2.59,0.00,616
82.281,16.61,0.12,0.91,15.35,2.61,0.00,615
82.297,16.67,0.13,0.91,15.31,2.60,0.00,613
82.314,16.71,0.12,0.91,15.37,2.60,0.00,606
82.331,16.60,0.12,0.92,15.33,2.58,0.00,602
82.347,16.76,0.12,0.90,15.28,2.56,0.00,598
82.364,16.64,0.12,0.91,15.27,2.58,0.00,595
82.381,16.74,0.13,0.91,15.20,2.56,0.00,592
82.397,16.61,0.12,0.90,15.29,2.55,0.00,589
82.414,16.67,0.12,0.91,15.35,2.53,0.00,587
82.431,16.72,0.13,0.92,15.23,2.53,0.00,586
82.447,16.60,0.15,0.90,15.28,2.53,0.00,582
82.464,16.67,0.12,0.89,15.30,2.52,0.00,582
82.481,16.66,0.12,0.89,15.31,2.51,0.00,577
82.497,16.71,0.12,1.00,15.14,2.49,0.00,575
82.514,16.62,0.34,0.82,15.18,2.47,0.00,547
82.531,16.64,0.08,0.85,15.44,2.11,0.00,543
82.547,16.64,0.08,0.83,15.46,2.09,0.00,540
82.564,16.73,0.10,1.03,15.18,2.08,0.00,571
82.581,16.69,0.08,0.99,15.23,2.25,0.00,565
82.597,16.66,0.09,0.98,15.22,1.97,0.00,564
82.614,16.60,0.08,0.99,15.27,1.96,0.00,563
82.631,16.77,0.09,1.16,15.04,1.95,0.00,597
82.647,16.63,0.09,1.19,15.03,2.12,0.00,597
82.664,16.67,0.12,1.37,14.87,2.11,0.00,631
82.681,16.59,0.13,1.40,14.85,2.26,0.00,631
82.697,16.74,0.15,1.42,14.73,2.24,0.00,630
82.714,16.60,0.17,1.40,14.83,2.23,0.00,627
82.731,16.74,0.16,1.60,14.57,2.21,0.00,662
82.747,16.60,0.24,1.60,14.51,2.38,0.00,662
82.764,16.66,0.13,1.61,14.64,2.36,0.00,662
82.781,16.67,0.14,1.83,14.41,2.33,0.00,699
82.797,16.70,0.12,1.84,14.38,2.51,0.00,698
82.814,16.63,0.12,1.79,14.43,2.49,0.00,695
82.831,16.67,0.13,2.09,14.27,2.47,0.00,729
82.847,16.67,0.19,2.12,14.09,2.62,0.00,727
82.864,16.73,0.12,2.27,13.89,2.59,0.00,765
82.881,16.61,0.14,2.31,13.91,2.74,0.00,770
82.897,16.71,0.12,2.31,13.99,2.71,0.00,769
82.914,16.63,0.15,2.56,13.76,2.67,0.00,804
82.931,16.67,0.17,2.57,13.63,2.83,0.00,804
82.947,16.71,0.13,2.61,13.57,2.79,0.00,803
82.964,16.61,0.16,2.58,13.60,2.75,0.00,803
82.981,16.71,0.13,2.76,13.51,2.72,0.00,838
82.997,16.62,0.13,2.78,13.47,2.86,0.00,835
83.014,16.74,0.18,2.98,13.14,2.81,0.00,871
83.031,16.61,0.16,3.00,13.26,2.97,0.00,872
83.047,16.65,0.14,2.84,13.40,2.91,0.00,869
83.064,16.69,0.14,3.02,13.17,2.87,0.00,906
83.081,16.72,0.15,3.03,13.21,3.01,0.00,905
83.097,16.59,0.20,3.09,13.09,2.96,0.00,909
83.114,16.72,0.15,3.35,12.84,2.91,0.00,962
83.131,16.62,0.14,3.31,13.04,3.14,0.00,962
83.147,16.67,0.13,3.34,12.95,3.10,0.00,961
83.164,16.74,0.13,3.38,12.88,3.07,0.00,964
83.181,16.60,0.14,3.40,12.84,3.03,0.00,964
83.197,16.69,0.16,3.41,12.80,3.00,0.00,964
83.214,16.70,0.14,3.40,12.81,2.96,0.00,962
83.231,16.67,0.14,3.42,12.81,2.93,0.00,963
83.247,16.63,0.15,3.43,12.84,2.90,0.00,963
83.264,16.73,0.16,3.38,12.79,2.88,0.00,966
83.281,16.61,0.16,3.46,12.80,2.85,0.00,966
83.297,16.75,0.13,3.37,12.91,2.82,0.00,961
83.314,16.54,0.19,3.81,12.48,2.78,0.00,1024
83.331,16.75,0.18,3.73,12.51,3.09,0.00,1021
83.347,16.63,0.22,3.74,12.56,3.06,0.00,1016
83.364,16.69,0.25,4.31,12.05,3.06,0.00,1129
83.381,16.73,0.27,4.29,11.81,3.62,0.00,1128
83.397,16.60,0.21,4.31,11.95,3.61,0.00,1124
83.414,16.70,0.24,4.35,11.86,3.60,0.00,1123
83.431,16.61,0.18,4.23,12.10,3.60,0.00,1119
83.447,16.64,0.19,4.16,12.29,3.58,0.00,1114
83.464,16.76,0.18,4.06,12.09,3.59,0.00,1107
83.481,16.63,0.17,3.73,12.59,3.59,0.00,1174
83.497,16.62,0.20,4.44,11.82,3.92,0.00,1163
83.514,16.75,0.22,4.61,11.54,3.92,0.00,1246
83.531,16.70,0.21,4.91,11.21,4.35,0.00,1302
83.547,16.59,0.21,4.83,11.35,4.67,0.00,1295
83.564,16.71,0.25,4.86,11.22,4.70,0.00,1292
83.581,16.65,0.23,4.77,11.44,4.69,0.00,1280
83.597,16.63,0.25,5.12,11.05,4.73,0.00,1340
83.614,16.67,0.22,5.04,11.13,5.09,0.00,1337
83.631,16.77,0.20,5.03,11.05,5.10,0.00,1330
83.648,16.70,0.20,4.99,11.08,5.14,0.00,1323
83.664,16.54,0.19,4.99,11.24,5.16,0.00,1319
83.681,16.66,0.23,4.95,11.22,5.21,0.00,1313
83.697,16.75,0.20,5.16,10.93,5.23,0.00,1361
83.714,16.66,0.19,5.13,11.02,5.56,0.00,1351
83.731,16.66,0.21,5.50,10.70,5.35,0.00,1414
83.747,16.60,0.21,5.40,10.86,5.74,0.00,1408
83.764,16.66,0.23,5.39,10.81,5.79,0.00,1400
83.781,16.73,0.24,5.36,10.78,5.85,0.00,1398
83.797,16.62,0.22,5.74,10.47,5.89,0.00,1466
83.814,16.69,0.23,5.69,10.49,6.31,0.00,1464
83.831,16.72,0.25,5.68,10.36,6.37,0.00,1456
83.847,16.66,0.25,5.59,10.70,6.41,0.00,1443
83.864,16.67,0.21,5.70,10.51,6.47,0.00,1436
83.881,16.62,0.22,5.47,10.68,6.51,0.00,1429
83.897,16.70,0.20,5.44,10.71,6.55,0.00,1416
83.914,16.68,0.20,5.35,10.84,6.57,0.00,1403
83.931,16.62,0.21,5.35,10.91,6.33,0.00,1399
83.948,16.77,0.21,5.29,10.87,6.39,0.00,1389
83.964,16.54,0.20,5.34,10.95,6.39,0.00,1384
83.981,16.66,0.33,5.28,10.93,5.92,0.00,1382
83.997,16.66,0.20,5.19,11.01,5.94,0.00,1377
84.014,16.69,0.20,5.12,11.62,5.98,0.00,1370
84.031,17.09,0.21,5.18,10.65,6.00,0.00,1363
84.047,16.23,0.24,5.48,10.79,6.07,0.00,1424
84.064,16.71,0.25,5.38,10.83,6.40,0.00,1420
84.081,16.64,0.20,5.48,10.74,6.41,0.00,1415
84.097,16.73,0.20,5.48,10.69,6.12,0.00,1410
84.114,16.66,0.26,5.79,10.27,6.15,0.00,1479
84.131,16.64,0.21,5.76,10.37,6.29,0.00,1470
84.147,16.70,0.19,5.72,10.41,6.04,0.00,1464
84.164,16.69,0.22,5.77,10.41,6.09,0.00,1460
84.181,16.58,0.26,5.71,10.45,6.10,0.00,1455
84.197,16.73,0.21,5.72,10.52,6.11,0.00,1454
84.214,16.57,0.23,5.75,10.53,5.84,0.00,1453
84.231,16.70,0.21,5.70,10.59,5.91,0.00,1444
84.248,16.75,0.21,5.68,10.47,5.86,0.00,1438
84.264,16.66,0.25,5.69,10.44,5.89,0.00,1434
84.281,16.59,0.25,5.64,10.54,5.90,0.00,1429
84.297,16.68,0.23,5.65,10.51,5.93,0.00,1425
84.314,16.74,0.26,5.61,10.45,5.69,0.00,1421
84.331,16.66,0.20,5.62,10.35,5.68,0.00,1417
84.347,16.60,0.17,4.12,12.20,5.52,0.00,1411
84.364,16.66,0.20,5.57,10.63,5.53,0.00,1408
84.381,16.75,0.25,4.46,11.64,5.56,0.00,1406
84.398,16.67,0.23,5.60,10.53,5.53,0.00,1404
84.414,16.60,0.27,4.54,11.67,5.24,0.00,1461
84.431,16.69,0.27,5.69,10.45,5.53,0.00,1460
84.448,16.72,0.21,5.73,10.30,5.54,0.00,1460
84.464,16.58,0.16,4.20,12.06,5.55,0.00,1460
84.481,16.74,0.21,5.77,10.46,5.55,0.00,1460
84.497,16.63,0.22,4.61,11.56,5.60,0.00,1460
84.514,16.74,0.21,5.78,10.35,5.56,0.00,1460
84.531,16.65,0.21,4.57,11.59,5.58,0.00,1459
84.547,16.60,0.21,5.80,10.42,5.57,0.00,1459
84.564,16.74,0.22,5.90,10.11,5.64,0.00,1516
84.581,16.59,0.15,4.34,11.90,5.89,0.00,1516
84.597,16.66,0.20,5.95,10.15,5.91,0.00,1517
84.614,16.71,0.20,4.62,11.58,5.94,0.00,1517
84.631,16.64,0.24,5.88,10.19,5.93,0.00,1517
84.647,16.65,0.17,4.33,11.94,5.94,0.00,1516
84.664,16.78,0.20,5.91,10.29,5.61,0.00,1516
84.681,16.53,0.21,4.70,11.55,5.61,0.00,1517
84.698,16.77,0.20,5.93,10.17,5.61,0.00,1516
84.714,16.67,0.24,4.98,11.20,5.61,0.00,1591
84.731,16.59,0.21,6.30,10.02,5.75,0.00,1591
84.747,16.65,0.24,5.05,11.21,5.72,0.00,1586
84.764,16.68,0.26,6.16,10.03,5.72,0.00,1586
84.781,16.73,0.25,5.60,10.58,5.73,0.00,1586
84.797,16.61,0.21,6.29,9.84,5.70,0.00,1587
84.814,16.67,0.16,4.66,11.56,5.73,0.00,1586
84.831,16.73,0.28,6.47,9.53,5.72,0.00,1648
84.848,16.63,0.16,4.91,11.54,6.00,0.00,1646
84.864,16.78,0.35,5.34,10.77,6.04,0.00,1647
84.881,16.58,0.22,5.26,10.82,6.02,0.00,1647
84.897,16.62,0.27,5.06,11.09,6.01,0.00,1706
84.914,16.70,0.32,6.96,9.14,6.31,0.00,1774
84.931,16.63,0.25,5.22,10.89,6.69,0.00,1774
84.947,16.67,0.28,5.37,10.70,6.66,0.00,1835
84.964,16.67,0.24,5.37,10.69,6.97,0.00,1835
84.981,16.66,0.22,5.36,10.80,7.00,0.00,1836
84.998,16.69,0.24,5.68,10.49,7.00,0.00,1837
85.014,16.64,0.31,7.32,8.70,7.03,0.00,1836
85.031,16.73,0.25,5.60,10.43,6.77,0.00,1894
85.047,16.60,0.27,5.62,10.46,7.11,0.00,1894
85.064,16.68,0.24,5.59,10.49,7.06,0.00,1894
85.081,16.66,0.23,5.61,10.70,7.08,0.00,1894
85.098,16.67,0.32,7.23,8.77,7.13,0.00,1894
85.114,16.70,0.22,5.20,10.86,7.09,0.00,1894
85.131,16.63,0.24,4.96,11.15,7.08,0.00,1894
85.148,16.67,0.25,5.69,10.40,7.08,0.00,1974
85.164,16.68,0.24,5.71,10.40,7.51,0.00,1973
85.181,16.72,0.23,5.75,10.37,7.31,0.00,1972
85.198,16.62,0.24,5.75,10.34,7.32,0.00,1973
85.214,16.66,0.25,5.97,10.13,7.34,0.00,2045
85.231,16.70,0.24,6.00,10.09,7.72,0.00,2045
85.248,16.63,0.25,6.04,10.00,7.74,0.00,2045
85.264,16.68,0.25,6.03,9.94,7.71,0.00,2044
85.281,16.65,0.24,5.67,10.44,7.75,0.00,2044
85.298,16.71,0.25,5.72,10.21,7.79,0.00,2043
85.314,16.64,0.23,5.67,10.30,7.79,0.00,2041
85.331,16.67,0.26,5.33,10.64,7.53,0.00,2113
85.348,16.65,0.26,5.82,10.26,7.94,0.00,2171
85.364,16.69,0.26,5.80,10.12,8.21,0.00,2171
85.381,16.66,0.24,7.06,9.18,8.19,0.00,2171
85.398,16.69,0.32,6.98,9.14,8.23,0.00,2172
85.414,16.72,0.35,7.50,8.58,8.22,0.00,2170
85.431,16.71,0.32,7.54,8.52,8.21,0.00,2170
85.448,16.57,0.40,7.02,9.05,8.01,0.00,2168
85.464,16.68,0.33,7.08,9.01,8.03,0.00,2168
85.481,16.69,0.33,6.56,9.60,8.01,0.00,2167
85.498,16.61,0.40,6.34,9.61,7.99,0.00,2165
85.514,16.74,0.25,5.85,10.07,7.81,0.00,2164
85.531,16.60,0.26,5.82,10.16,7.69,0.00,2164
85.548,16.66,0.25,5.81,10.15,7.66,0.00,2164
85.564,16.67,0.25,4.92,11.07,7.39,0.00,2164
85.581,16.68,0.24,5.36,10.61,7.37,0.00,2164
85.598,16.67,0.25,4.98,11.14,7.37,0.00,2164
85.614,16.68,0.27,5.39,10.80,7.36,0.00,2164
85.631,16.64,0.31,5.82,10.35,7.34,0.00,2164
85.648,16.67,0.34,5.84,10.31,7.20,0.00,2164
85.664,16.67,0.37,5.57,10.51,7.12,0.00,2164
85.681,16.76,0.31,5.58,10.59,7.13,0.00,2164
85.698,16.61,0.32,5.26,10.88,7.09,0.00,2163
85.714,16.64,0.37,5.14,10.99,7.08,0.00,2163
85.731,16.71,0.36,5.19,11.00,7.08,0.00,2163
85.748,16.69,0.33,5.21,10.92,7.09,0.00,2162
85.764,16.59,0.31,4.74,11.47,6.76,0.00,2161
85.781,16.69,0.36,4.97,11.15,6.73,0.00,2230
85.798,16.66,0.38,5.00,11.06,7.04,0.00,2230
85.814,16.75,0.32,4.95,11.12,6.99,0.00,2228
85.831,16.59,0.36,4.98,11.14,6.73,0.00,2227
85.848,16.67,0.34,5.01,11.12,6.71,0.00,2227
85.864,16.67,0.37,5.37,10.72,6.65,0.00,2301
85.881,16.79,0.32,5.37,10.66,7.01,0.00,2300
85.898,16.54,0.36,5.58,10.55,7.02,0.00,2379
85.914,16.67,0.37,5.59,10.48,7.35,0.00,2378
85.931,16.74,0.38,5.91,10.15,7.34,0.00,2455
85.948,16.57,0.34,5.90,10.29,7.55,0.00,2453
85.964,16.70,0.36,5.91,10.23,7.34,0.00,2452
85.981,16.67,0.36,6.24,10.04,7.31,0.00,2515
85.998,16.76,0.35,6.33,9.68,7.88,0.00,2515
86.014,16.58,0.35,5.75,10.42,7.60,0.00,2514
86.031,16.65,0.35,5.81,10.44,7.57,0.00,2513
86.048,16.70,0.37,5.80,10.30,7.57,0.00,2513
86.064,16.72,0.37,5.82,10.24,7.57,0.00,2512
86.081,16.59,0.36,5.36,10.78,7.59,0.00,2512
86.098,16.69,0.39,5.36,10.66,7.57,0.00,2512
86.114,16.65,0.42,5.36,10.69,7.53,0.00,2512
86.131,16.66,0.42,5.37,10.69,7.53,0.00,2512
86.148,16.73,0.37,5.39,10.68,7.54,0.00,2511
86.164,16.61,0.40,5.44,10.66,7.55,0.00,2509
86.181,16.65,0.41,5.49,10.66,7.49,0.00,2507
86.198,16.68,0.40,5.41,10.69,7.49,0.00,2507
86.214,16.83,0.34,5.43,10.56,7.46,0.00,2506
86.231,16.51,0.40,5.44,10.69,7.48,0.00,2506
86.248,16.65,0.40,5.48,10.65,7.48,0.00,2503
86.264,16.66,0.40,5.44,10.67,7.49,0.00,2503
86.281,16.69,0.38,5.42,10.90,7.45,0.00,2503
86.298,16.86,0.37,5.49,10.47,7.42,0.00,2503
86.314,16.46,0.36,5.50,10.78,7.40,0.00,2502
86.331,16.79,0.36,5.51,10.52,7.39,0.00,2502
86.348,16.58,0.36,5.56,10.51,7.37,0.00,2501
86.364,16.66,0.40,5.48,10.61,7.34,0.00,2501
86.381,16.67,0.41,5.39,10.67,7.35,0.00,2500
86.398,16.65,0.37,5.36,10.78,7.15,0.00,2499
86.414,16.64,0.49,5.47,10.73,7.12,0.00,2499
86.431,16.82,0.36,5.42,10.71,7.10,0.00,2499
86.448,16.62,0.35,5.42,10.76,7.10,0.00,2499
86.464,16.76,0.37,5.38,10.57,7.08,0.00,2497
86.481,16.47,0.47,5.41,10.81,6.83,0.00,2497
86.498,16.83,0.36,4.89,11.15,6.77,0.00,2496
86.514,16.55,0.41,5.42,10.74,6.53,0.00,2496
86.531,16.71,0.35,5.29,10.91,6.53,0.00,2495
86.548,16.69,0.36,5.21,10.93,6.22,0.00,2495
86.564,16.65,0.35,5.33,10.91,6.17,0.00,2495
86.581,16.75,0.36,5.31,10.80,6.15,0.00,2494
86.598,16.66,0.41,5.31,10.86,5.89,0.00,2493
86.615,16.74,0.42,5.05,10.92,5.84,0.00,2493
86.631,16.59,0.36,5.30,10.79,5.81,0.00,2492
86.648,16.62,0.39,5.34,10.86,5.77,0.00,2491
86.664,16.75,0.35,5.31,10.80,5.71,0.00,2488
86.681,16.63,0.38,4.63,11.47,5.69,0.00,2463
86.698,16.62,0.36,4.88,11.31,5.66,0.00,2463
86.714,16.69,0.35,4.88,11.24,5.62,0.00,2463
86.731,16.61,0.35,4.81,11.36,5.57,0.00,2462
86.748,16.67,0.40,4.81,11.38,5.53,0.00,2462
86.764,16.73,0.37,4.87,11.28,5.52,0.00,2463
86.781,16.67,0.36,4.90,11.30,5.47,0.00,2463
86.798,16.72,0.45,4.52,11.52,5.46,0.00,2460
86.814,16.64,0.35,4.54,11.51,5.40,0.00,2458
86.831,16.53,0.34,4.47,11.72,5.39,0.00,2457
86.848,16.65,0.36,4.48,11.65,5.32,0.00,2457
86.864,16.69,0.39,4.13,11.97,5.33,0.00,2456
86.881,16.66,0.36,4.01,12.13,5.27,0.00,2456
86.898,16.67,0.39,4.02,12.06,5.24,0.00,2456
86.914,16.65,0.36,3.89,12.25,5.23,0.00,2454
86.931,16.68,0.43,3.93,12.13,5.17,0.00,2454
86.948,16.68,0.42,3.88,12.11,5.14,0.00,2452
86.964,16.81,0.35,3.88,12.10,5.11,0.00,2451
86.981,16.51,0.37,3.89,12.28,5.10,0.00,2451
86.998,16.65,0.34,3.75,12.43,5.05,0.00,2450
87.014,16.68,0.36,3.75,12.42,5.03,0.00,2448
87.031,16.64,0.34,3.77,12.40,4.99,0.00,2448
87.048,16.70,0.35,3.76,12.38,4.97,0.00,2448
87.064,16.66,0.37,3.78,12.43,4.92,0.00,2448
87.081,16.70,0.35,3.82,12.34,4.90,0.00,2446
87.098,16.63,0.35,3.76,12.41,4.87,0.00,2444
87.114,16.66,0.41,3.45,12.67,4.84,0.00,2425
87.131,16.79,0.34,3.45,12.59,4.78,0.00,2425
87.148,16.56,0.36,3.44,12.61,4.75,0.00,2424
87.164,16.67,0.40,3.45,12.66,4.76,0.00,2423
87.181,16.67,0.39,2.97,13.10,4.71,0.00,2420
87.198,16.67,0.39,2.98,13.11,4.70,0.00,2420
87.214,16.66,0.37,2.96,13.14,4.65,0.00,2422
87.231,16.67,0.41,2.97,13.10,4.62,0.00,2422
87.248,16.67,0.36,2.95,13.23,4.59,0.00,2421
87.264,16.66,0.35,2.98,13.18,4.56,0.00,2422
87.281,16.67,0.39,2.96,13.10,4.54,0.00,2423
87.298,16.67,0.36,2.84,13.31,4.52,0.00,2423
87.314,16.68,0.34,2.52,13.61,4.46,0.00,2423
87.331,16.74,0.35,2.55,13.50,4.44,0.00,2423
87.348,16.59,0.41,2.52,13.56,4.42,0.00,2422
87.364,16.66,0.36,2.53,13.56,4.39,0.00,2421
87.381,16.76,0.33,2.52,13.55,4.36,0.00,2421
87.398,16.74,0.34,2.53,13.46,4.34,0.00,2423
87.414,16.51,0.37,2.54,13.61,4.32,0.00,2423
87.431,16.65,0.35,2.58,13.57,4.27,0.00,2423
87.448,16.73,0.36,2.54,13.57,4.24,0.00,2422
87.464,16.65,0.34,2.55,13.57,4.23,0.00,2423
87.481,16.65,0.35,2.56,13.58,4.17,0.00,2422
87.498,16.67,0.38,2.56,13.57,4.15,0.00,2421
87.514,16.67,0.36,2.52,13.60,4.11,0.00,2421
87.531,16.67,0.38,2.56,13.47,4.10,0.00,2421
87.548,16.67,0.39,2.55,13.60,4.06,0.00,2422
87.564,16.65,0.33,2.56,13.59,4.05,0.00,2422
87.581,16.68,0.39,2.56,13.54,4.00,0.00,2422
87.598,16.68,0.35,2.57,13.56,3.97,0.00,2422
87.614,16.67,0.36,2.56,13.59,3.94,0.00,2422
87.631,16.67,0.35,2.55,13.56,3.91,0.00,2423
87.648,16.66,0.34,2.56,13.57,3.88,0.00,2422
87.664,16.67,0.34,2.59,13.49,3.84,0.00,2422
87.681,16.73,0.40,2.56,13.53,3.79,0.00,2421
87.698,16.61,0.34,2.60,13.55,3.78,0.00,2419
87.714,16.67,0.34,2.58,13.60,3.73,0.00,2418
87.731,16.63,0.35,2.61,13.55,3.73,0.00,2418
87.748,16.70,0.40,2.17,13.97,3.69,0.00,2413
87.764,16.68,0.34,2.28,13.88,3.62,0.00,2411
87.781,16.67,0.34,2.16,13.97,3.60,0.00,2404
87.798,16.82,0.36,2.17,13.81,3.57,0.00,2397
87.815,16.67,0.34,2.17,13.82,3.54,0.00,2392
87.831,16.50,0.35,1.69,14.45,3.51,0.00,2359
87.848,16.75,0.34,1.68,14.41,3.47,0.00,2358
87.864,16.61,0.35,1.53,14.52,3.40,0.00,2355
87.881,16.65,0.35,1.53,14.67,3.40,0.00,2351
87.898,16.66,0.34,1.37,14.79,3.38,0.00,2343
87.914,16.67,0.38,1.43,14.67,3.35,0.00,2338
87.931,16.67,0.39,1.36,14.76,3.32,0.00,2332
87.948,16.69,0.37,0.94,15.17,3.29,0.00,2267
87.965,16.80,0.33,0.93,15.00,3.23,0.00,2266
87.981,16.52,0.43,0.93,15.13,3.18,0.00,2264
87.998,16.67,0.38,0.94,15.19,3.18,0.00,2260
88.014,16.63,0.35,0.93,15.24,3.16,0.00,2256
88.031,16.71,0.35,0.94,15.19,3.14,0.00,2255
88.048,16.66,0.38,0.92,15.15,3.11,0.00,2253
88.065,16.76,0.38,0.92,15.06,3.09,0.00,2250
88.081,16.65,0.34,0.94,15.18,3.06,0.00,2246
88.098,16.59,0.34,0.95,15.15,3.06,0.00,2244
88.114,16.66,0.34,0.92,15.19,3.03,0.00,2242
88.131,16.78,0.35,0.92,15.11,3.00,0.00,2239
88.148,16.56,0.35,0.91,15.23,2.98,0.00,2233
88.164,16.67,0.38,1.00,15.12,2.96,0.00,2232
88.181,16.67,0.33,0.91,15.27,2.95,0.00,2224
88.198,16.69,0.36,0.96,15.12,2.94,0.00,2219
88.214,16.70,0.38,0.92,15.08,2.92,0.00,2215
88.231,16.62,0.36,0.93,15.21,2.89,0.00,2212
88.248,16.67,0.36,0.95,15.23,2.85,0.00,2206
88.264,16.66,0.37,0.96,15.08,2.84,0.00,2204
88.281,16.67,0.34,0.95,15.21,2.83,0.00,2202
88.298,16.69,0.37,1.10,14.88,2.81,0.00,2200
88.314,16.65,0.38,0.95,15.16,2.79,0.00,2198
88.331,16.68,0.34,0.95,15.14,2.78,0.00,2190
88.348,16.73,0.33,0.94,15.06,2.76,0.00,2187
88.365,16.65,0.34,0.94,15.35,2.74,0.00,2184
88.381,16.76,0.34,0.96,15.13,2.71,0.00,2181
88.398,16.57,0.35,0.96,15.10,2.69,0.00,2174
88.414,16.62,0.38,0.95,15.19,2.68,0.00,2172
88.431,16.66,0.36,0.99,15.18,2.66,0.00,2167
88.448,16.67,0.37,0.98,15.15,2.64,0.00,2165
88.464,16.69,0.38,0.96,15.10,2.62,0.00,2163
88.481,16.73,0.35,0.94,15.13,2.62,0.00,2158
88.498,16.60,0.41,0.94,15.16,2.59,0.00,2157
88.514,16.63,0.34,0.96,15.23,2.56,0.00,2155
88.531,16.67,0.36,0.93,15.22,2.55,0.00,2153
88.548,16.70,0.38,0.95,15.14,2.54,0.00,2144
88.564,16.65,0.33,0.94,15.20,2.52,0.00,2137
88.581,16.67,0.34,0.95,15.21,2.51,0.00,2131
88.598,16.79,0.34,0.93,15.12,2.48,0.00,2128
88.614,16.55,0.33,0.93,15.20,2.46,0.00,2124
88.631,16.67,0.37,0.93,15.18,2.46,0.00,2120
88.648,16.66,0.33,0.93,15.19,2.44,0.00,2114
88.664,16.67,0.41,0.94,15.11,2.45,0.00,2105
88.681,16.73,0.33,0.90,15.19,2.41,0.00,2102
88.698,16.64,0.34,0.96,15.17,2.42,0.00,2095
88.714,16.65,0.36,0.94,15.18,2.37,0.00,2089
88.731,16.70,0.33,0.93,15.16,2.38,0.00,2085
88.748,16.66,0.34,0.91,15.22,2.35,0.00,2083
88.764,16.59,0.36,0.95,15.20,2.34,0.00,2081
88.781,16.70,0.39,0.94,15.17,2.33,0.00,2077
88.798,16.82,0.33,0.94,15.05,2.31,0.00,2069
88.815,16.58,0.34,0.94,15.15,2.30,0.00,2065
88.831,16.74,0.33,0.94,15.08,2.30,0.00,2061
88.848,16.53,0.32,0.91,15.25,2.27,0.00,2051
88.865,16.70,0.35,0.90,15.22,2.27,0.00,2047
88.881,16.64,0.34,0.91,15.21,2.25,0.00,2041
88.898,16.66,0.33,0.91,15.22,2.24,0.00,2038
88.915,16.69,0.36,0.92,15.19,2.23,0.00,2032
88.931,16.70,0.34,0.92,15.14,2.21,0.00,2022
88.948,16.62,0.38,0.93,15.19,2.19,0.00,2016
88.965,16.68,0.33,0.92,15.22,2.21,0.00,2007
88.981,16.74,0.35,0.93,15.22,2.17,0.00,2003
88.998,16.62,0.32,0.91,15.30,2.16,0.00,1994
89.015,16.64,0.32,0.92,15.34,2.16,0.00,1988
89.031,16.71,0.32,0.94,15.19,2.14,0.00,1983
89.048,16.60,0.34,0.93,15.20,2.12,0.00,1975
89.065,16.68,0.38,0.90,15.18,2.11,0.00,1971
89.081,16.76,0.33,0.91,15.12,2.10,0.00,1963
89.098,16.66,0.33,0.90,15.12,2.08,0.00,1958
89.115,16.60,0.34,0.90,15.26,2.06,0.00,1948
89.131,16.63,0.37,0.93,15.17,2.05,0.00,1939
89.148,16.70,0.32,0.91,15.22,2.05,0.00,1933
89.165,16.67,0.36,0.91,15.21,2.03,0.00,1927
89.181,16.66,0.39,0.89,15.23,2.03,0.00,1919
89.198,16.67,0.36,0.91,15.26,2.00,0.00,1909
89.214,16.65,0.35,0.90,15.26,1.99,0.00,1902
89.231,16.70,0.34,0.90,15.26,1.98,0.00,1891
89.248,16.69,0.38,0.89,15.18,1.96,0.00,1887
89.265,16.65,0.37,0.89,15.20,1.98,0.00,1883
89.281,16.66,0.33,0.88,15.25,1.95,0.00,1879
89.298,16.75,0.32,0.90,15.18,1.93,0.00,1873
89.315,16.58,0.32,0.88,15.26,1.93,0.00,1862
89.331,16.67,0.37,0.87,15.18,1.91,0.00,1856
89.348,16.73,0.32,0.86,15.22,1.92,0.00,1853
89.365,16.60,0.36,0.83,15.36,1.90,0.00,1849
89.381,16.67,0.31,0.89,15.23,1.88,0.00,1844
89.398,16.67,0.32,0.87,15.27,1.88,0.00,1835
89.415,16.73,0.32,0.89,15.19,1.89,0.00,1829
89.431,16.60,0.39,0.85,15.19,1.87,0.00,1820
89.448,16.74,0.35,0.85,15.21,1.86,0.00,1816
89.465,16.60,0.31,0.86,15.31,1.85,0.00,1804
89.481,16.66,0.34,0.87,15.25,1.85,0.00,1796
89.498,16.74,0.30,0.89,15.20,1.83,0.00,1788
89.515,16.61,0.31,0.88,15.29,1.81,0.00,1778
89.531,16.67,0.34,0.87,15.17,1.80,0.00,1773
89.548,16.67,0.36,0.85,15.26,1.80,0.00,1765
89.565,16.66,0.34,0.86,15.26,1.78,0.00,1760
89.581,16.75,0.35,0.86,15.20,1.78,0.00,1751
89.598,16.59,0.31,0.84,15.29,1.78,0.00,1737
89.615,16.73,0.31,0.86,15.26,1.75,0.00,1728
89.631,16.60,0.36,0.86,15.21,1.78,0.00,1725
89.648,16.73,0.35,0.83,15.22,1.76,0.00,1718
89.665,16.67,0.31,0.85,15.25,1.74,0.00,1709
89.681,16.67,0.30,0.85,15.24,1.73,0.00,1699
89.698,16.70,0.31,0.84,15.32,1.74,0.00,1694
89.715,16.59,0.31,0.86,15.21,1.72,0.00,1685
89.731,16.67,0.30,0.86,15.31,1.70,0.00,1676
89.748,16.66,0.33,0.87,15.30,1.70,0.00,1665
89.765,16.69,0.31,0.88,15.27,1.69,0.00,1661
89.781,16.64,0.30,0.84,15.30,1.69,0.00,1656
89.798,16.74,0.30,0.83,15.22,1.68,0.00,1649
89.815,16.62,0.33,0.83,15.26,1.66,0.00,1644
89.831,16.64,0.35,0.83,15.26,1.67,0.00,1634
89.848,16.76,0.30,0.83,15.18,1.66,0.00,1629
89.865,16.67,0.32,0.84,15.20,1.65,0.00,1619
89.881,16.61,0.32,0.82,15.26,1.64,0.00,1612
89.898,16.71,0.23,0.64,15.60,1.64,0.00,1607
89.915,16.60,0.30,0.85,15.29,1.62,0.00,1600
89.931,16.72,0.29,0.81,15.30,1.62,0.00,1591
89.948,16.61,0.32,0.82,15.37,1.61,0.00,1581
89.965,16.64,0.29,0.84,15.35,1.60,0.00,1571
89.981,16.69,0.32,0.82,15.29,1.59,0.00,1566
89.998,16.68,0.30,0.82,15.32,1.59,0.00,1564
90.015,16.73,0.30,0.85,15.29,1.58,0.00,1560
90.031,16.64,0.36,0.83,15.23,1.58,0.00,1554
90.048,16.62,0.30,0.81,15.35,1.58,0.00,1546
90.065,16.76,0.32,0.79,15.25,1.57,0.00,1538
90.081,16.58,0.35,0.78,15.32,1.56,0.00,1528
90.098,16.74,0.31,0.79,15.25,1.56,0.00,1520
90.115,16.69,0.33,0.77,15.25,1.56,0.00,1513
90.131,16.64,0.33,0.79,15.24,1.55,0.00,1508
90.148,16.68,0.29,0.78,15.29,1.53,0.00,1500
90.165,16.66,0.28,0.78,15.35,1.54,0.00,1495
90.181,16.66,0.25,0.82,15.31,1.53,0.00,1489
90.198,16.68,0.22,0.80,15.45,1.52,0.00,1481
90.215,16.61,0.23,0.81,15.35,1.52,0.00,1470
90.231,16.66,0.27,0.79,15.38,1.51,0.00,1465
90.248,16.76,0.26,0.80,15.34,1.50,0.00,1457
90.265,16.58,0.24,0.79,15.43,1.49,0.00,1453
90.281,16.66,0.27,0.79,15.33,1.50,0.00,1446
90.298,16.74,0.22,0.76,15.39,1.49,0.00,1445
90.315,16.59,0.25,0.80,15.39,1.48,0.00,1437
90.331,16.67,0.27,0.75,15.37,1.48,0.00,1425
90.348,16.69,0.25,0.78,15.35,1.47,0.00,1418
90.365,16.73,0.22,0.79,15.46,1.46,0.00,1414
90.381,16.58,0.22,0.79,15.44,1.46,0.00,1407
90.398,16.76,0.22,0.78,15.37,1.45,0.00,1398
90.415,16.67,0.21,0.84,15.45,1.46,0.00,1396
90.431,16.63,0.21,0.79,15.41,1.45,0.00,1391
90.448,16.63,0.26,0.80,15.45,1.44,0.00,1385
90.465,16.67,0.29,0.73,15.42,1.44,0.00,1379
90.481,16.69,0.26,0.72,15.46,1.43,0.00,1371
90.498,16.65,0.26,0.70,15.45,1.43,0.00,1365
90.515,16.75,0.22,0.71,15.51,1.42,0.00,1361
90.531,16.59,0.22,0.73,15.44,1.42,0.00,1353
90.548,16.73,0.21,0.69,15.44,1.41,0.00,1345
90.565,16.68,0.22,0.70,15.40,1.41,0.00,1338
90.581,16.60,0.26,0.71,15.46,1.40,0.00,1324
90.598,16.74,0.21,0.68,15.43,1.42,0.00,1319
90.615,16.72,0.21,0.69,15.37,1.39,0.00,1313
90.631,16.64,0.22,0.69,15.42,1.38,0.00,1303
90.648,16.64,0.22,0.70,15.43,1.38,0.00,1298
90.665,16.60,0.22,0.68,15.52,1.38,0.00,1290
90.681,16.74,0.22,0.71,15.42,1.37,0.00,1282
90.698,16.66,0.23,0.69,15.48,1.37,0.00,1279
90.715,16.60,0.22,0.68,15.49,1.36,0.00,1261
90.731,16.71,0.22,0.68,15.51,1.36,0.00,1252
90.748,16.70,0.20,0.70,15.39,1.37,0.00,1240
90.765,16.60,0.20,0.66,15.58,1.35,0.00,1237
90.781,16.70,0.16,0.52,15.56,1.34,0.00,1230
90.798,16.62,0.15,0.39,16.09,1.35,0.00,1220
90.815,16.77,0.22,0.72,15.45,1.34,0.00,1210
90.831,16.58,0.21,0.69,15.54,1.33,0.00,1206
90.848,16.68,0.26,0.67,15.44,1.32,0.00,1202
90.865,16.72,0.20,0.65,15.54,1.32,0.00,1200
90.881,16.59,0.22,0.67,15.67,1.32,0.00,1192
90.898,16.67,0.25,0.66,15.60,1.32,0.00,1186
90.915,16.66,0.21,0.71,15.69,1.32,0.00,1180
90.931,16.74,0.20,0.66,15.60,1.32,0.00,1176
90.948,16.58,0.23,0.67,15.61,1.31,0.00,1172
90.965,16.69,0.21,0.67,15.58,1.31,0.00,1167
90.981,16.81,0.20,0.66,15.39,1.30,0.00,1155
90.998,16.58,0.24,0.65,15.43,1.30,0.00,1145
91.015,16.68,0.20,0.65,15.60,1.29,0.00,1140
91.031,16.56,0.24,0.67,15.57,1.30,0.00,1134
91.048,16.77,0.23,0.68,15.49,1.28,0.00,1120
91.065,16.60,0.20,0.64,15.56,1.28,0.00,1111
91.081,16.66,0.19,0.63,15.56,1.28,0.00,1102
91.098,16.73,0.19,0.66,15.51,1.28,0.00,1092
91.115,16.62,0.21,0.65,15.56,1.27,0.00,1086
91.131,16.70,0.23,0.63,15.51,1.27,0.00,1078
91.148,16.69,0.24,0.64,15.50,1.26,0.00,1067
91.165,16.69,0.24,0.63,15.45,1.26,0.00,1059
91.181,16.59,0.19,0.65,15.56,1.26,0.00,1048
91.198,16.66,0.23,0.63,15.59,1.26,0.00,1041
91.215,16.68,0.24,0.64,15.51,1.26,0.00,1032
91.231,16.73,0.23,0.63,15.56,1.25,0.00,1025
91.248,16.61,0.24,0.65,15.56,1.26,0.00,1020
91.265,16.68,0.19,0.62,15.63,1.25,0.00,1011
91.281,16.65,0.18,0.62,15.61,1.25,0.00,1003
91.298,16.66,0.18,0.61,15.59,1.24,0.00,999
91.315,16.73,0.24,0.63,15.45,1.23,0.00,987
91.331,16.70,0.18,0.59,15.52,1.23,0.00,976
91.348,16.64,0.23,0.63,15.45,1.23,0.00,967
91.365,16.68,0.22,0.60,15.52,1.24,0.00,963
91.381,16.66,0.18,0.61,15.69,1.22,0.00,957
91.398,16.60,0.19,0.62,15.73,1.22,0.00,952
91.415,16.64,0.20,0.61,15.66,1.22,0.00,946
91.431,16.73,0.19,0.61,15.62,1.21,0.00,935
91.448,16.63,0.21,0.62,15.62,1.22,0.00,927
91.465,16.67,0.20,0.61,15.59,1.21,0.00,922
91.481,16.67,0.21,0.61,15.56,1.23,0.00,915
91.498,16.73,0.18,0.60,15.50,1.21,0.00,912
91.515,16.61,0.18,0.59,15.64,1.21,0.00,905
91.531,16.67,0.19,0.60,15.65,1.20,0.00,895
91.548,16.66,0.20,0.59,15.61,1.20,0.00,890
91.565,16.73,0.18,0.58,15.61,1.21,0.00,884
91.581,16.69,0.17,0.58,15.56,1.20,0.00,877
91.598,16.60,0.19,0.57,15.61,1.19,0.00,869
91.615,16.75,0.18,0.60,15.55,1.19,0.00,862
91.631,16.65,0.14,0.59,15.68,1.18,0.00,849
91.648,16.60,0.15,0.59,15.61,1.19,0.00,842
91.665,16.69,0.13,0.57,15.69,1.19,0.00,834
91.681,16.72,0.17,0.56,15.56,1.19,0.00,824
91.698,16.60,0.15,0.58,15.74,1.19,0.00,820
91.715,16.69,0.14,0.55,15.66,1.18,0.00,807
91.731,16.68,0.14,0.58,15.71,1.18,0.00,798
91.748,16.63,0.15,0.62,15.59,1.18,0.00,792
91.765,16.72,0.12,0.54,15.66,1.17,0.00,784
91.782,16.71,0.15,0.58,15.56,1.17,0.00,777
91.798,16.71,0.14,0.57,15.54,1.16,0.00,768
91.815,16.62,0.13,0.55,15.63,1.16,0.00,759
91.832,16.74,0.14,0.56,15.53,1.17,0.00,750
91.848,16.58,0.13,0.54,15.67,1.16,0.00,745
91.865,16.65,0.13,0.54,15.66,1.15,0.00,740
91.881,16.66,0.17,0.55,15.64,1.15,0.00,733
91.898,16.70,0.13,0.54,15.63,1.16,0.00,722
91.915,16.62,0.19,0.54,15.61,1.16,0.00,707
91.931,16.67,0.13,0.55,15.66,1.15,0.00,704
91.948,16.66,0.15,0.50,15.97,1.15,0.00,693
91.965,16.74,0.20,0.51,15.59,1.15,0.00,687
91.982,16.71,0.13,0.50,15.64,1.14,0.00,681
91.998,16.54,0.13,0.49,15.78,1.15,0.00,676
92.015,16.79,0.12,0.50,15.69,1.15,0.00,670
92.031,16.58,0.17,0.51,15.72,1.14,0.00,663
92.048,16.64,0.16,0.51,15.69,1.15,0.00,652
92.065,16.66,0.13,0.46,15.80,1.13,0.00,642
92.081,16.68,0.17,0.51,15.68,1.13,0.00,635
92.098,16.72,0.12,0.50,15.53,1.14,0.00,627
92.115,16.60,0.13,0.48,15.72,1.13,0.00,621
92.131,16.70,0.12,0.47,15.81,1.13,0.00,619
92.148,16.71,0.13,0.50,15.70,1.13,0.00,612
92.165,16.67,0.11,0.46,15.73,1.12,0.00,608
92.181,16.61,0.15,0.49,15.68,1.12,0.00,600
92.198,16.66,0.12,0.46,15.81,1.10,0.00,597
92.215,16.71,0.13,0.49,15.75,1.11,0.00,590
92.232,16.69,0.12,0.49,15.71,1.12,0.00,587
92.248,16.67,0.16,0.48,15.67,1.11,0.00,582
92.265,16.65,0.15,0.49,15.76,1.10,0.00,577
92.282,16.68,0.15,0.49,15.65,1.12,0.00,572
92.298,16.66,0.14,0.47,15.67,1.13,0.00,559
92.315,16.61,0.14,0.43,15.81,1.10,0.00,548
92.332,16.72,0.11,0.47,15.74,1.09,0.00,537
92.348,16.62,0.11,0.47,15.78,1.11,0.00,530
92.365,16.72,0.11,0.43,15.79,1.10,0.00,523
92.382,16.74,0.11,0.45,15.69,1.12,0.00,516
92.398,16.61,0.15,0.43,15.71,1.10,0.00,510
92.415,16.63,0.14,0.47,15.84,1.09,0.00,505
92.432,16.67,0.13,0.43,15.77,1.10,0.00,500
92.448,16.74,0.10,0.46,15.70,1.11,0.00,496
92.465,16.57,0.09,0.42,15.91,1.10,0.00,482
92.481,16.65,0.10,0.45,15.84,1.09,0.00,475
92.498,16.72,0.13,0.45,15.73,1.08,0.00,467
92.515,16.67,0.11,0.45,15.83,1.08,0.00,461
92.531,16.63,0.09,0.42,15.92,1.10,0.00,455
92.548,16.72,0.08,0.47,15.77,1.10,0.00,445
92.565,16.63,0.10,0.43,15.79,1.11,0.00,438
92.581,16.65,0.09,0.44,15.83,1.10,0.00,433
92.598,16.73,0.08,0.42,15.78,1.10,0.00,423
92.615,16.59,0.11,0.42,15.79,1.08,0.00,413
92.632,16.68,0.08,0.39,15.86,1.07,0.00,408
92.648,16.70,0.09,0.42,15.83,1.08,0.00,401
92.665,16.66,0.17,0.42,15.74,1.10,0.00,394
92.682,16.64,0.08,0.39,15.86,1.08,0.00,387
92.698,16.73,0.08,0.41,15.77,1.09,0.00,379
92.715,16.62,0.08,0.39,15.92,1.08,0.00,371
92.732,16.65,0.08,0.40,15.90,1.08,0.00,361
92.748,16.71,0.10,0.40,15.82,1.09,0.00,354
92.765,16.64,0.07,0.40,15.94,1.08,0.00,342
92.782,16.70,0.05,0.42,15.88,1.08,0.00,336
92.798,16.64,0.06,0.40,15.84,1.07,0.00,336
92.815,16.64,0.05,0.37,15.94,1.08,0.00,328
92.832,16.74,0.05,0.37,15.84,1.08,0.00,311
92.848,16.60,0.07,0.40,15.86,1.07,0.00,302
92.865,16.66,0.07,0.36,15.98,1.08,0.00,299
92.882,16.67,0.06,0.38,15.98,1.08,0.00,292
92.898,16.68,0.06,0.46,15.90,1.07,0.00,287
92.915,16.73,0.06,0.38,15.82,1.06,0.00,285
92.932,16.60,0.04,0.37,15.95,1.07,0.00,276
92.948,16.70,0.04,0.36,15.91,1.07,0.00,271
92.965,16.64,0.06,0.37,15.96,1.07,0.00,268
92.982,16.65,0.04,0.34,15.99,1.06,0.00,255
92.998,16.67,0.04,0.39,15.93,1.06,0.00,245
93.015,16.69,0.09,0.34,15.96,1.06,0.00,233
93.032,16.64,0.05,0.37,15.96,1.06,0.00,228
93.048,16.75,0.03,0.35,15.87,1.06,0.00,225
93.065,16.59,0.03,0.35,15.96,1.06,0.00,220
93.082,16.67,0.00,0.39,15.99,1.06,0.00,245
