t,frameMs,tickMs,buildMs,encodeMs,gpuMs,inkMs,instances
0.000,85.56,0.00,0.15,1.59,0.00,0.00,368
0.015,14.93,0.01,0.11,0.66,7.42,0.00,368
0.032,16.66,0.00,0.09,0.73,2.38,0.00,368
0.048,16.68,0.02,0.18,0.12,7.08,0.00,367
0.065,16.66,0.03,0.09,0.09,6.85,0.00,364
0.082,16.62,0.00,0.12,0.10,5.40,0.00,361
0.098,16.66,0.00,0.11,0.10,5.44,0.00,361
0.115,16.74,0.00,0.13,0.11,5.50,0.00,360
0.132,16.68,0.00,0.13,0.13,5.55,0.00,358
0.148,16.68,0.01,0.14,16.48,5.50,0.00,358
0.165,17.04,0.00,0.12,15.99,2.52,0.00,356
0.182,16.24,0.00,0.12,16.42,2.53,0.00,356
0.198,16.65,0.00,0.13,16.50,2.54,0.00,356
0.215,16.67,0.01,0.16,16.60,2.55,0.00,355
0.232,16.86,0.01,0.21,16.34,2.56,0.00,353
0.248,16.63,0.01,0.23,16.34,4.28,0.00,352
0.265,16.65,0.01,0.20,16.38,4.23,0.00,353
0.315,49.94,0.01,0.20,0.30,5.66,0.00,354
0.332,16.61,0.01,0.13,0.15,5.59,0.00,354
0.348,16.71,0.00,0.10,0.12,5.44,0.00,354
0.365,16.66,0.01,0.11,0.11,5.46,0.00,354
0.382,16.69,0.00,0.12,0.11,5.54,0.00,356
0.398,16.59,0.00,0.15,0.12,5.62,0.00,357
0.415,16.69,0.01,0.22,0.34,5.61,0.00,355
0.432,16.74,0.02,0.27,0.40,6.50,0.00,355
0.448,16.63,0.02,0.25,0.36,4.34,0.00,354
0.465,16.61,0.02,0.25,0.36,5.52,0.00,354
0.482,16.68,0.02,0.27,0.37,5.50,0.00,353
0.498,16.71,0.02,0.26,0.43,5.58,0.00,352
0.515,16.69,0.02,0.21,0.34,2.56,0.00,349
0.532,16.65,0.01,0.21,0.37,5.62,0.00,349
0.548,16.68,0.02,0.23,0.34,5.51,0.00,348
0.565,16.66,0.01,0.26,0.35,5.50,0.00,345
0.582,16.69,0.01,0.27,0.32,6.30,0.00,344
0.598,16.59,0.02,0.26,0.40,6.40,0.00,341
0.615,16.80,0.02,0.26,0.39,5.61,0.00,340
0.632,16.62,0.01,0.27,0.34,5.49,0.00,339
0.648,16.60,0.01,0.25,0.37,6.41,0.00,339
0.665,16.66,0.03,0.27,0.40,5.42,0.00,336
0.682,16.71,0.02,0.27,0.42,5.54,0.00,332
0.698,16.69,0.01,0.21,0.32,3.34,0.00,332
0.715,16.60,0.01,0.19,0.26,2.82,0.00,329
0.732,16.68,0.01,0.19,0.24,2.43,0.00,329
0.748,16.69,0.01,0.20,0.26,2.46,0.00,328
0.765,16.69,0.01,0.19,0.25,2.45,0.00,328
0.782,16.64,0.01,0.20,0.27,2.44,0.00,328
0.798,16.66,0.01,0.19,0.23,2.45,0.00,330
0.815,16.68,0.01,0.19,0.25,2.45,0.00,330
0.832,16.69,0.01,0.19,0.28,2.46,0.00,328
0.848,16.63,0.01,0.18,0.27,2.46,0.00,327
0.865,16.65,0.01,0.19,0.27,2.46,0.00,324
0.882,16.67,0.01,0.20,0.29,2.45,0.00,324
0.898,16.71,0.01,0.20,0.34,2.44,0.00,324
0.915,16.61,0.01,0.18,0.28,2.44,0.00,324
0.932,16.68,0.01,0.18,0.27,2.44,0.00,322
0.948,16.71,0.01,0.18,0.27,2.44,0.00,321
0.965,16.62,0.01,0.20,0.27,2.43,0.00,319
0.982,16.69,0.01,0.20,0.25,2.44,0.00,318
0.998,16.69,0.01,0.19,0.28,2.44,0.00,318
1.015,16.63,0.01,0.18,0.27,2.43,0.00,317
1.032,16.67,0.01,0.18,0.27,2.43,0.00,316
1.048,16.68,0.01,0.19,0.28,2.42,0.00,315
1.065,16.70,0.01,0.20,0.26,2.43,0.00,315
1.082,16.62,0.01,0.19,0.25,2.42,0.00,314
1.098,16.68,0.01,0.18,0.28,2.42,0.00,313
1.115,16.68,0.01,0.19,0.26,2.41,0.00,310
1.132,16.69,0.01,0.18,0.28,2.43,0.00,310
1.148,16.63,0.01,0.17,0.27,2.42,0.00,310
1.165,16.67,0.01,0.17,0.29,2.42,0.00,307
1.182,16.70,0.01,0.17,0.27,2.41,0.00,308
1.198,16.67,0.01,0.18,0.28,2.40,0.00,308
1.215,16.62,0.01,0.17,0.29,2.40,0.00,308
1.232,16.70,0.01,0.16,0.27,2.40,0.00,309
1.248,16.64,0.01,0.17,0.28,2.39,0.00,309
1.265,16.66,0.01,0.17,0.35,2.38,0.00,306
1.282,16.70,0.01,0.18,0.30,2.39,0.00,306
1.298,16.65,0.01,0.17,0.29,2.39,0.00,306
1.315,16.66,0.01,0.16,0.26,2.38,0.00,304
1.332,16.70,0.01,0.17,0.27,2.37,0.00,303
1.348,16.64,0.01,0.17,0.28,2.36,0.00,301
1.365,16.66,0.01,0.16,0.26,2.36,0.00,300
1.382,16.67,0.01,0.16,0.21,2.35,0.00,298
1.398,16.67,0.01,0.18,0.27,2.34,0.00,296
1.415,16.72,0.12,0.31,0.30,2.33,0.00,350
1.432,16.61,0.03,0.24,0.23,3.24,0.00,348
1.448,16.73,0.03,0.25,0.26,3.18,0.00,345
1.465,16.62,0.03,0.25,0.26,3.21,0.00,345
1.482,16.69,0.03,0.25,0.24,3.20,0.00,344
1.498,16.67,0.03,0.25,0.23,3.20,0.00,343
1.515,16.64,0.03,0.25,0.26,3.19,0.00,342
1.532,16.72,0.03,0.25,0.26,3.19,0.00,342
1.548,16.62,0.03,0.25,0.24,3.18,0.00,341
1.565,16.70,0.03,0.26,0.25,3.17,0.00,341
1.582,16.71,0.03,0.25,0.27,3.20,0.00,342
1.598,16.59,0.03,0.26,0.26,3.19,0.00,342
1.615,16.67,0.03,0.25,0.27,3.21,0.00,340
1.632,16.67,0.03,0.25,0.26,3.20,0.00,339
1.648,16.67,0.03,0.26,0.28,3.22,0.00,378
1.665,16.67,0.05,0.26,0.26,3.27,0.00,379
1.682,16.71,0.03,0.25,0.29,3.29,0.00,380
1.698,16.60,0.02,0.25,0.26,3.29,0.00,382
1.715,16.67,0.03,0.25,0.25,3.31,0.00,384
1.732,16.67,0.02,0.24,0.22,3.33,0.00,387
1.748,16.68,0.03,0.25,0.27,3.33,0.00,389
1.765,16.67,0.03,0.24,0.25,3.33,0.00,391
1.782,16.66,0.03,0.25,0.29,3.32,0.00,393
1.798,16.70,0.02,0.25,0.27,3.33,0.00,394
1.815,16.66,0.02,0.25,0.25,3.33,0.00,395
1.832,16.71,0.02,0.25,0.23,3.21,0.00,399
1.848,16.60,0.02,0.25,0.23,2.77,0.00,400
1.865,16.67,0.02,0.25,0.27,2.77,0.00,402
1.882,16.69,0.02,0.23,0.26,2.80,0.00,403
1.898,16.69,0.02,0.24,0.27,2.80,0.00,407
1.915,16.62,0.08,0.25,0.27,2.81,0.00,453
1.932,16.67,0.02,0.25,0.26,3.01,0.00,465
1.948,16.68,0.03,0.28,0.29,3.12,0.00,467
1.965,16.73,0.03,0.26,0.29,3.12,0.00,470
1.982,16.62,0.03,0.28,0.28,3.13,0.00,472
1.998,16.65,0.02,0.26,0.27,3.14,0.00,478
2.015,16.66,0.03,0.24,0.25,3.14,0.00,479
2.032,16.67,0.02,0.25,0.26,3.16,0.00,479
2.048,16.67,0.02,0.25,0.24,3.16,0.00,481
2.065,16.69,0.03,0.26,0.25,3.15,0.00,482
2.082,16.68,0.02,0.26,0.27,3.15,0.00,482
2.098,16.69,0.03,0.27,0.29,3.13,0.00,482
2.115,16.62,0.03,0.27,0.27,3.11,0.00,487
2.132,16.67,0.02,0.26,0.26,3.10,0.00,489
2.148,16.65,0.03,0.26,0.26,3.10,0.00,489
2.165,16.73,0.03,0.26,0.28,3.09,0.00,489
2.182,16.62,0.03,0.26,0.28,3.08,0.00,490
2.198,16.72,0.03,0.26,0.29,3.08,0.00,491
2.215,16.69,0.04,0.44,0.39,3.07,0.00,491
2.232,16.60,0.04,0.41,0.37,3.06,0.00,492
2.248,16.75,0.04,0.44,0.38,3.05,0.00,497
2.265,16.66,0.04,0.41,0.39,3.05,0.00,497
2.282,16.64,0.04,0.42,0.38,3.03,0.00,496
2.298,16.60,0.03,0.40,0.31,3.05,0.00,496
2.315,16.66,0.04,0.41,0.30,3.08,0.00,497
2.332,16.67,0.03,0.39,0.27,3.10,0.00,499
2.348,16.69,0.04,0.43,0.38,3.10,0.00,500
2.365,16.71,0.04,0.44,0.38,3.00,0.00,501
2.382,16.65,0.05,0.43,0.39,3.01,0.00,499
2.398,16.69,0.04,0.42,0.37,2.99,0.00,501
2.415,16.62,0.03,0.39,0.31,3.00,0.00,501
2.432,16.65,0.03,0.40,0.29,3.00,0.00,504
2.448,16.67,0.03,0.40,0.28,3.03,0.00,503
2.465,16.67,0.04,0.41,0.31,3.04,0.00,500
2.482,16.67,0.03,0.38,0.29,3.03,0.00,496
2.498,16.66,0.03,0.40,0.28,3.03,0.00,498
2.515,16.67,0.03,0.40,0.27,3.02,0.00,499
2.532,16.67,0.03,0.41,0.30,3.01,0.00,500
2.548,16.67,0.03,0.40,0.30,2.98,0.00,498
2.565,16.66,0.03,0.40,0.29,3.00,0.00,498
2.582,16.68,0.03,0.39,0.27,2.97,0.00,497
2.598,16.67,0.03,0.40,0.27,2.98,0.00,495
2.615,16.66,0.03,0.39,0.27,2.99,0.00,492
2.632,16.75,0.04,0.58,0.40,3.01,0.00,491
2.648,16.59,0.04,0.57,0.37,2.98,0.00,490
2.665,16.68,0.05,0.71,0.42,3.00,0.00,487
2.682,16.66,0.04,0.57,0.43,2.91,0.00,485
2.698,16.66,0.04,0.58,0.38,2.94,0.00,483
2.715,16.68,0.04,0.58,0.41,2.98,0.00,484
2.732,16.66,0.04,0.57,0.38,2.93,0.00,479
2.748,16.67,0.04,0.56,0.37,2.92,0.00,477
2.765,16.67,0.04,0.57,0.38,2.97,0.00,472
2.782,16.67,0.06,0.58,0.45,2.96,0.00,469
2.798,16.67,0.04,0.56,0.39,2.91,0.00,464
2.815,16.66,0.04,0.56,0.37,2.93,0.00,459
2.832,16.73,0.04,0.57,0.39,2.95,0.00,457
2.848,16.60,0.04,0.56,0.37,2.96,0.00,450
2.865,16.75,0.04,0.56,0.38,2.96,0.00,447
2.882,16.61,0.06,0.76,0.51,2.95,0.00,442
2.898,16.66,0.07,0.74,0.49,2.91,0.00,435
2.915,16.66,0.07,0.72,0.52,2.90,0.00,428
2.932,16.69,0.07,0.72,0.52,2.60,0.00,428
2.949,16.68,0.05,0.70,0.48,2.61,0.00,426
2.965,16.63,0.06,0.71,0.51,2.64,0.00,423
2.982,16.68,0.07,0.72,0.56,2.61,0.00,421
2.998,16.67,0.06,0.70,0.49,2.61,0.00,417
3.015,16.67,0.06,0.70,0.47,2.62,0.00,416
3.032,16.67,0.06,0.70,0.48,2.65,0.00,414
3.048,16.67,0.06,0.70,0.48,2.62,0.00,413
3.065,16.74,0.08,0.96,0.50,2.64,0.00,468
3.082,16.60,0.08,0.95,0.51,3.51,0.00,468
3.098,16.68,0.08,0.95,0.51,3.48,0.00,466
3.115,16.66,0.08,0.96,0.54,3.45,0.00,461
3.132,16.71,0.07,0.93,0.51,3.48,0.00,459
3.148,16.62,0.08,0.95,0.49,3.48,0.00,457
3.165,16.66,0.08,0.95,0.50,3.47,0.00,456
3.182,16.67,0.08,0.96,0.54,3.45,0.00,457
3.198,16.67,0.08,0.93,0.48,3.44,0.00,455
3.215,16.67,0.09,0.96,0.53,3.44,0.00,454
3.232,16.75,0.07,0.98,0.56,3.46,0.00,453
3.249,16.64,0.06,0.73,0.43,3.40,0.00,454
3.265,16.62,0.07,0.97,0.57,3.40,0.00,450
3.282,16.75,0.08,0.98,0.63,3.40,0.00,448
3.299,16.58,0.09,0.98,0.59,3.41,0.00,457
3.315,16.65,0.08,0.95,0.50,3.47,0.00,457
3.332,16.67,0.08,0.95,0.51,3.52,0.00,458
3.349,16.67,0.09,0.98,0.57,3.52,0.00,459
3.365,16.68,0.07,1.07,0.63,3.52,0.00,460
3.382,16.66,0.08,0.79,0.52,3.45,0.00,450
3.399,16.67,0.08,0.77,0.49,3.51,0.00,451
3.415,16.68,0.07,0.77,0.50,3.52,0.00,450
3.432,16.66,0.09,0.77,0.52,3.53,0.00,452
3.449,16.73,0.06,0.78,0.52,3.53,0.00,453
3.465,16.61,0.09,0.78,0.53,3.53,0.00,457
3.482,16.66,0.08,0.76,0.47,3.38,0.00,458
3.499,16.67,0.07,0.78,0.47,2.96,0.00,458
3.515,16.68,0.08,0.77,0.55,2.97,0.00,459
3.532,16.66,0.07,0.76,0.49,3.00,0.00,459
3.549,16.68,0.06,0.79,0.52,3.01,0.00,462
3.565,16.69,0.06,0.59,0.48,3.00,0.00,463
3.582,16.64,0.07,0.78,0.57,2.96,0.00,464
3.599,16.66,0.08,0.79,0.54,2.97,0.00,466
3.615,16.67,0.07,0.75,0.51,3.01,0.00,468
3.632,16.66,0.07,0.76,0.49,3.03,0.00,471
3.649,16.67,0.07,0.77,0.49,3.05,0.00,471
3.665,16.69,0.06,0.77,0.51,3.06,0.00,474
3.682,16.65,0.08,0.77,0.52,3.08,0.00,478
3.699,16.66,0.07,0.76,0.47,3.07,0.00,479
3.715,16.67,0.07,0.78,0.54,3.12,0.00,480
3.732,16.66,0.07,0.76,0.49,3.06,0.00,483
3.749,16.67,0.07,0.76,0.49,3.10,0.00,487
3.765,16.67,0.07,0.76,0.49,3.12,0.00,490
3.782,16.66,0.07,0.76,0.49,3.13,0.00,490
3.799,16.69,0.07,0.79,0.56,3.11,0.00,495
3.815,16.66,0.08,0.77,0.51,3.12,0.00,498
3.832,16.66,0.07,0.77,0.49,3.13,0.00,500
3.849,16.67,0.08,0.77,0.53,3.19,0.00,503
3.865,16.69,0.07,0.80,0.59,3.16,0.00,504
3.882,16.65,0.07,0.71,0.51,3.13,0.00,506
3.899,16.68,0.07,0.70,0.51,3.14,0.00,505
3.915,16.68,0.22,0.84,0.60,3.08,0.00,569
3.932,16.65,0.11,0.81,0.60,3.22,0.00,578
3.949,16.68,0.08,0.81,0.55,3.34,0.00,578
3.965,16.65,0.10,0.79,0.57,3.36,0.00,578
3.982,16.66,0.09,0.79,0.49,3.36,0.00,576
3.999,16.68,0.10,0.79,0.53,3.38,0.00,575
4.015,16.65,0.09,0.78,0.49,3.38,0.00,573
4.032,16.67,0.09,0.78,0.51,3.36,0.00,573
4.049,16.70,0.08,0.79,0.51,3.35,0.00,573
4.065,16.71,0.07,0.77,0.52,3.36,0.00,571
4.082,16.60,0.10,0.79,0.50,3.34,0.00,570
4.099,16.68,0.07,0.78,0.50,3.32,0.00,569
4.115,16.64,0.09,0.79,0.52,3.32,0.00,571
4.132,16.70,0.08,0.77,0.50,3.35,0.00,571
4.149,16.64,0.09,0.78,0.49,3.33,0.00,569
4.165,16.66,0.10,0.77,0.48,3.32,0.00,569
4.182,16.75,0.08,0.80,0.54,3.31,0.00,566
4.199,16.59,0.09,0.77,0.49,3.26,0.00,564
4.215,16.68,0.10,0.83,0.59,3.31,0.00,564
4.232,16.71,0.08,0.80,0.50,3.25,0.00,561
4.249,16.61,0.09,0.79,0.48,3.26,0.00,560
4.265,16.67,0.09,0.78,0.49,3.24,0.00,558
4.282,16.68,0.09,0.78,0.49,3.29,0.00,559
4.299,16.67,0.09,0.78,0.49,3.30,0.00,560
4.315,16.67,0.09,0.78,0.49,3.28,0.00,557
4.332,16.68,0.07,0.77,0.49,3.24,0.00,556
4.349,16.66,0.08,0.79,0.54,3.28,0.00,555
4.365,16.68,0.11,0.87,0.62,3.24,0.00,557
4.382,16.66,0.10,0.82,0.55,3.21,0.00,554
4.399,16.66,0.09,0.79,0.50,3.22,0.00,555
4.415,16.67,0.10,0.79,0.54,3.25,0.00,555
4.432,16.68,0.10,0.81,0.58,3.23,0.00,554
4.449,16.65,0.08,0.79,0.50,3.20,0.00,548
4.465,16.69,0.09,0.77,0.53,3.20,0.00,544
4.482,16.68,0.08,0.79,0.52,3.19,0.00,543
4.499,16.64,0.08,0.77,0.49,3.19,0.00,542
4.515,16.67,0.09,0.80,0.52,3.21,0.00,540
4.532,16.66,0.09,0.78,0.48,3.19,0.00,537
4.549,16.67,0.09,0.78,0.50,3.22,0.00,535
4.565,16.66,0.09,0.74,0.47,3.17,0.00,533
4.582,16.75,0.08,0.78,0.56,2.85,0.00,532
4.599,16.59,0.08,0.75,0.50,2.83,0.00,532
4.615,16.67,0.08,0.73,0.49,2.86,0.00,531
4.632,16.68,0.10,0.77,0.55,2.82,0.00,530
4.649,16.66,0.10,0.77,0.49,2.84,0.00,527
4.665,16.67,0.08,0.74,0.50,2.83,0.00,526
4.682,16.69,0.08,0.79,0.60,2.78,0.00,526
4.699,16.66,0.07,0.75,0.49,2.80,0.00,525
4.715,16.67,0.09,0.75,0.52,2.82,0.00,525
4.732,16.65,0.08,0.74,0.49,2.83,0.00,525
4.749,16.67,0.08,0.74,0.48,2.84,0.00,524
4.765,16.66,0.08,0.73,0.50,2.86,0.00,523
4.782,16.69,0.07,0.74,0.49,2.85,0.00,522
4.799,16.65,0.09,0.73,0.49,2.84,0.00,522
4.815,16.66,0.09,0.74,0.49,2.84,0.00,522
4.832,16.67,0.08,0.73,0.49,2.83,0.00,521
4.849,16.67,0.09,0.76,0.53,2.76,0.00,520
4.865,16.68,0.10,0.73,0.61,2.81,0.00,517
4.882,16.70,0.05,0.41,0.39,2.75,0.00,513
4.899,16.60,0.04,0.27,0.34,2.73,0.00,513
4.915,16.72,0.07,0.79,0.62,2.74,0.00,508
4.932,16.65,0.07,0.76,0.57,2.76,0.00,505
4.949,16.66,0.07,0.75,0.51,2.74,0.00,502
4.965,16.67,0.06,0.76,0.55,2.72,0.00,500
4.982,16.65,0.05,0.57,0.37,2.71,0.00,492
4.999,16.73,0.05,0.57,0.38,2.73,0.00,488
5.015,16.60,0.05,0.56,0.38,2.73,0.00,486
5.032,16.68,0.08,0.54,0.55,2.71,0.00,458
5.049,16.70,0.06,0.53,0.49,2.66,0.00,457
5.065,16.72,0.06,0.56,0.51,2.68,0.00,455
5.082,16.58,0.07,0.55,0.48,2.66,0.00,452
5.099,16.70,0.06,0.54,0.50,2.67,0.00,449
5.115,16.63,0.07,0.54,0.51,2.62,0.00,446
5.132,16.67,0.07,0.52,0.47,2.62,0.00,445
5.149,16.68,0.06,0.54,0.49,2.61,0.00,437
5.165,16.68,0.09,0.78,0.53,2.61,0.00,488
5.182,16.64,0.10,0.78,0.51,3.45,0.00,488
5.199,16.67,0.10,0.78,0.49,3.44,0.00,487
5.215,16.67,0.11,0.80,0.53,3.45,0.00,486
5.232,16.67,0.10,0.77,0.49,3.40,0.00,485
5.249,16.67,0.10,0.79,0.47,3.44,0.00,483
5.265,16.67,0.10,0.77,0.49,3.46,0.00,486
5.282,16.67,0.10,0.77,0.47,3.46,0.00,485
5.299,16.69,0.09,0.78,0.51,3.46,0.00,486
5.315,16.63,0.07,0.58,0.46,3.38,0.00,485
5.332,16.65,0.05,0.41,0.57,3.36,0.00,485
5.349,16.69,0.10,0.79,0.49,3.36,0.00,486
5.365,16.79,0.09,0.79,0.54,3.42,0.00,482
5.382,16.58,0.11,0.83,0.62,3.37,0.00,482
5.399,16.63,0.10,0.79,0.51,3.38,0.00,487
5.415,16.68,0.10,0.81,0.60,3.37,0.00,487
5.432,16.69,0.12,0.84,0.60,3.37,0.00,487
5.449,16.64,0.10,0.82,0.60,3.36,0.00,489
5.465,16.66,0.11,0.82,0.54,3.39,0.00,491
5.482,16.66,0.10,0.81,0.52,3.40,0.00,490
5.499,16.67,0.10,0.82,0.49,3.43,0.00,490
5.515,16.68,0.10,0.81,0.48,3.47,0.00,491
5.532,16.68,0.09,0.81,0.50,3.49,0.00,489
5.549,16.65,0.10,0.81,0.50,3.46,0.00,491
5.565,16.67,0.10,0.80,0.50,3.46,0.00,491
5.582,16.67,0.10,0.80,0.50,2.93,0.00,492
5.599,16.67,0.10,0.80,0.48,2.91,0.00,494
5.615,16.67,0.10,0.81,0.47,2.92,0.00,498
5.632,16.67,0.10,0.81,0.48,2.96,0.00,502
5.649,16.67,0.10,0.81,0.51,2.96,0.00,503
5.665,16.66,0.10,0.82,0.51,2.94,0.00,500
5.682,16.67,0.09,0.83,0.53,2.92,0.00,502
5.699,16.66,0.09,0.82,0.50,2.93,0.00,505
5.715,16.66,0.10,0.80,0.48,2.97,0.00,505
5.732,16.70,0.09,0.82,0.53,2.93,0.00,507
5.749,16.64,0.10,0.81,0.48,2.94,0.00,508
5.765,16.67,0.10,0.82,0.49,2.98,0.00,513
5.782,16.67,0.10,0.81,0.49,3.01,0.00,514
5.799,16.68,0.08,0.82,0.53,3.01,0.00,515
5.815,16.65,0.09,0.81,0.49,3.02,0.00,515
5.832,16.67,0.09,0.80,0.49,3.01,0.00,514
5.849,16.68,0.09,0.81,0.50,3.01,0.00,516
5.865,16.65,0.10,0.82,0.53,3.00,0.00,520
5.882,16.67,0.10,0.83,0.57,3.02,0.00,519
5.899,16.68,0.10,0.79,0.58,2.97,0.00,520
5.915,16.66,0.21,0.87,0.56,2.98,0.00,572
5.932,16.69,0.09,0.85,0.53,3.20,0.00,577
5.949,16.69,0.09,0.87,0.58,3.24,0.00,578
5.965,16.62,0.10,0.86,0.53,3.26,0.00,580
5.982,16.67,0.11,0.88,0.56,3.26,0.00,580
5.999,16.67,0.09,0.85,0.51,3.25,0.00,581
6.015,16.67,0.09,0.86,0.52,3.27,0.00,581
6.032,16.66,0.09,0.85,0.50,3.28,0.00,580
6.049,16.68,0.11,0.87,0.57,3.30,0.00,582
6.065,16.66,0.10,0.86,0.52,3.26,0.00,582
6.082,16.67,0.09,0.85,0.50,3.29,0.00,581
6.099,16.70,0.08,0.85,0.51,3.31,0.00,581
6.115,16.64,0.08,0.86,0.51,3.31,0.00,581
6.132,16.66,0.09,0.85,0.50,3.30,0.00,581
6.149,16.67,0.10,0.85,0.50,3.32,0.00,582
6.165,16.69,0.09,0.86,0.55,3.33,0.00,587
6.182,16.66,0.09,0.96,0.61,3.24,0.00,589
6.199,16.65,0.08,0.68,0.48,3.21,0.00,588
6.215,16.68,0.12,0.90,0.60,3.24,0.00,590
6.232,16.68,0.11,0.89,0.56,3.29,0.00,591
6.249,16.65,0.09,0.85,0.51,3.28,0.00,589
6.265,16.66,0.09,0.86,0.49,3.29,0.00,588
6.282,16.68,0.10,0.87,0.52,3.30,0.00,588
6.299,16.66,0.10,0.86,0.52,3.35,0.00,587
6.315,16.67,0.09,0.86,0.51,3.28,0.00,586
6.332,16.68,0.08,0.85,0.49,3.32,0.00,585
6.349,16.66,0.09,0.85,0.50,3.31,0.00,587
6.365,16.67,0.10,0.87,0.51,3.34,0.00,586
6.382,16.66,0.11,0.87,0.58,3.32,0.00,584
6.399,16.67,0.10,0.88,0.56,3.29,0.00,586
6.415,16.66,0.10,0.85,0.51,3.30,0.00,584
6.432,16.68,0.10,0.87,0.57,3.29,0.00,582
6.449,16.66,0.10,0.85,0.52,3.25,0.00,579
6.465,16.67,0.11,0.89,0.61,3.27,0.00,578
6.482,16.68,0.10,0.88,0.57,3.28,0.00,577
6.499,16.67,0.08,0.88,0.54,3.30,0.00,579
6.515,16.65,0.12,1.14,0.53,3.31,0.00,629
6.532,16.66,0.11,1.16,0.50,4.19,0.00,627
6.549,16.67,0.11,1.15,0.51,4.16,0.00,623
6.565,16.67,0.11,1.15,0.49,4.17,0.00,621
6.582,16.68,0.11,1.16,0.52,4.16,0.00,618
6.599,16.68,0.11,1.16,0.51,4.17,0.00,612
6.615,16.65,0.11,1.16,0.50,4.16,0.00,607
6.632,16.71,0.11,1.18,0.52,4.16,0.00,603
6.649,16.63,0.11,1.16,0.50,4.16,0.00,593
6.665,16.67,0.12,1.16,0.49,4.16,0.00,588
6.682,16.66,0.09,0.87,0.46,3.77,0.00,586
6.699,16.70,0.11,1.19,0.53,3.71,0.00,585
6.715,16.63,0.07,0.62,0.38,3.72,0.00,583
6.732,16.66,0.05,0.47,0.26,3.74,0.00,585
6.749,16.67,0.05,0.46,0.22,3.74,0.00,586
6.765,16.67,0.04,0.46,0.22,3.80,0.00,588
6.782,16.67,0.04,0.46,0.24,3.83,0.00,588
6.799,16.67,0.04,0.46,0.23,3.82,0.00,592
6.815,16.67,0.04,0.48,0.22,3.86,0.00,594
6.832,16.67,0.04,0.47,0.24,3.89,0.00,596
6.849,16.67,0.04,0.47,0.25,3.90,0.00,599
6.865,16.67,0.04,0.48,0.24,3.88,0.00,602
6.882,16.67,0.04,0.46,0.23,3.89,0.00,603
6.899,16.67,0.04,0.48,0.26,3.91,0.00,602
6.915,16.67,0.04,0.47,0.25,3.86,0.00,602
6.932,16.67,0.05,0.64,0.35,3.24,0.00,604
6.949,16.66,0.06,0.63,0.34,3.26,0.00,605
6.965,16.67,0.05,0.63,0.29,3.27,0.00,609
6.982,16.74,0.06,0.64,0.38,3.35,0.00,609
6.999,16.60,0.06,0.62,0.31,3.29,0.00,610
7.015,16.67,0.05,0.62,0.30,3.34,0.00,612
7.032,16.67,0.05,0.60,0.39,3.36,0.00,611
7.049,16.67,0.05,0.61,0.27,3.32,0.00,612
7.066,16.72,0.05,0.61,0.29,3.40,0.00,614
7.082,16.62,0.05,0.61,0.30,3.37,0.00,611
7.099,16.68,0.05,0.61,0.41,3.41,0.00,613
7.115,16.67,0.05,0.59,0.38,3.41,0.00,613
7.132,16.66,0.05,0.50,0.28,3.41,0.00,611
7.149,16.67,0.05,0.49,0.28,3.46,0.00,610
7.165,16.67,0.05,0.50,0.27,3.46,0.00,610
7.182,16.75,0.08,0.72,0.42,3.47,0.00,610
7.199,16.62,0.07,0.73,0.42,3.47,0.00,610
7.215,16.66,0.07,0.70,0.44,3.43,0.00,610
7.232,16.67,0.08,0.72,0.44,3.46,0.00,611
7.249,16.67,0.07,0.71,0.39,3.44,0.00,611
7.266,16.67,0.07,0.70,0.41,3.49,0.00,613
7.282,16.66,0.07,0.71,0.38,3.52,0.00,615
7.299,16.67,0.07,0.70,0.39,3.55,0.00,615
7.315,16.67,0.07,0.70,0.38,3.55,0.00,614
7.332,16.67,0.06,0.70,0.37,3.54,0.00,615
7.349,16.67,0.07,0.70,0.37,3.56,0.00,614
7.366,16.67,0.07,0.73,0.46,3.56,0.00,612
7.382,16.68,0.09,0.93,0.53,3.50,0.00,611
7.399,16.67,0.09,0.99,0.62,3.53,0.00,612
7.416,16.66,0.10,0.99,0.55,3.48,0.00,614
7.432,16.70,0.15,1.00,0.58,3.55,0.00,614
7.449,16.64,0.12,0.97,0.58,3.55,0.00,617
7.466,16.65,0.10,0.94,0.52,3.53,0.00,616
7.482,16.77,0.10,1.00,0.63,3.55,0.00,616
7.499,16.57,0.11,0.96,0.56,3.51,0.00,615
7.516,16.67,0.10,0.94,0.51,3.53,0.00,615
7.532,16.67,0.10,0.95,0.52,3.55,0.00,615
7.549,16.70,0.09,0.94,0.50,3.52,0.00,613
7.566,16.64,0.11,0.93,0.50,3.54,0.00,617
7.582,16.68,0.09,0.92,0.50,3.64,0.00,618
7.599,16.65,0.10,0.93,0.52,3.62,0.00,620
7.616,16.68,0.11,0.98,0.63,3.59,0.00,620
7.632,16.67,0.12,0.96,0.58,3.53,0.00,623
7.649,16.66,0.10,0.93,0.52,3.54,0.00,626
7.666,16.67,0.10,0.93,0.51,3.59,0.00,627
7.682,16.67,0.10,0.92,0.53,3.59,0.00,628
7.699,16.69,0.10,0.95,0.60,3.60,0.00,627
7.716,16.70,0.15,1.08,0.64,3.52,0.00,630
7.732,16.69,0.18,1.00,0.61,3.52,0.00,629
7.749,16.60,0.11,0.94,0.55,3.50,0.00,629
7.766,16.67,0.10,0.92,0.52,3.52,0.00,630
7.782,16.66,0.10,0.92,0.50,3.51,0.00,629
7.799,16.75,0.09,0.92,0.52,3.51,0.00,628
7.816,16.61,0.09,0.92,0.53,3.53,0.00,627
7.832,16.65,0.11,0.91,0.50,3.49,0.00,627
7.849,16.70,0.09,0.90,0.52,3.53,0.00,629
7.866,16.64,0.10,0.93,0.54,3.44,0.00,630
7.882,16.66,0.09,0.83,0.52,3.51,0.00,631
7.899,16.67,0.09,0.81,0.48,3.51,0.00,630
7.916,16.68,0.22,0.90,0.51,3.50,0.00,645
7.932,16.67,0.11,0.90,0.50,3.67,0.00,649
7.949,16.66,0.11,0.90,0.54,3.70,0.00,649
7.966,16.71,0.11,0.98,0.62,3.63,0.00,648
7.982,16.65,0.13,0.93,0.59,3.61,0.00,638
7.999,16.66,0.11,0.93,0.58,3.60,0.00,624
8.016,16.67,0.10,0.87,0.52,3.60,0.00,615
8.032,16.67,0.10,0.88,0.52,3.18,0.00,614
8.049,16.66,0.10,0.86,0.49,3.16,0.00,614
8.066,16.76,0.09,0.90,0.54,3.17,0.00,614
8.082,16.59,0.09,0.86,0.51,3.17,0.00,612
8.099,16.68,0.09,0.86,0.50,3.19,0.00,612
8.116,16.67,0.09,0.85,0.51,3.16,0.00,612
8.132,16.66,0.09,0.86,0.49,3.15,0.00,612
8.149,16.66,0.10,0.87,0.50,3.15,0.00,612
8.166,16.67,0.10,0.87,0.49,3.15,0.00,612
8.182,16.67,0.10,0.86,0.50,3.16,0.00,612
8.199,16.75,0.10,0.90,0.57,3.17,0.00,612
8.216,16.60,0.10,0.88,0.54,3.10,0.00,611
8.232,16.66,0.11,0.88,0.56,3.10,0.00,611
8.249,16.67,0.10,0.86,0.51,3.10,0.00,611
8.266,16.67,0.10,0.86,0.50,3.10,0.00,610
8.282,16.66,0.10,0.85,0.51,3.09,0.00,610
8.299,16.67,0.10,0.85,0.50,3.10,0.00,610
8.316,16.67,0.11,0.85,0.49,3.08,0.00,610
8.332,16.68,0.09,0.86,0.51,3.10,0.00,609
8.349,16.65,0.10,0.84,0.49,3.08,0.00,606
8.366,16.68,0.10,0.90,0.55,3.09,0.00,602
8.382,16.66,0.10,0.86,0.51,3.02,0.00,599
8.399,16.66,0.10,0.86,0.52,3.03,0.00,597
8.416,16.68,0.11,0.84,0.49,3.04,0.00,595
8.432,16.67,0.10,0.86,0.49,3.03,0.00,590
8.449,16.68,0.10,0.87,0.52,3.06,0.00,587
8.466,16.65,0.25,1.25,0.50,3.00,0.00,653
8.482,16.68,0.12,0.97,0.55,4.05,0.00,612
8.499,16.68,0.15,1.00,0.61,4.00,0.00,612
8.516,16.65,0.13,0.98,0.55,3.98,0.00,613
8.532,16.67,0.12,0.96,0.55,3.99,0.00,613
8.549,16.68,0.12,0.96,0.50,3.96,0.00,587
8.566,16.66,0.13,0.99,0.52,3.99,0.00,586
8.582,16.71,0.08,0.50,0.36,3.96,0.00,587
8.599,16.63,0.13,1.00,0.56,3.91,0.00,587
8.616,16.67,0.13,1.00,0.55,3.94,0.00,587
8.632,16.66,0.13,1.00,0.52,3.92,0.00,588
8.649,16.67,0.13,1.00,0.51,3.90,0.00,589
8.666,16.68,0.12,1.00,0.52,3.97,0.00,589
8.682,16.65,0.12,1.00,0.51,3.95,0.00,592
8.699,16.67,0.13,1.01,0.53,3.96,0.00,594
8.716,16.66,0.13,1.00,0.51,3.95,0.00,594
8.732,16.67,0.13,1.01,0.54,3.96,0.00,596
8.749,16.67,0.13,1.01,0.50,3.97,0.00,599
8.766,16.67,0.12,1.01,0.51,3.97,0.00,598
8.782,16.70,0.11,1.02,0.50,4.04,0.00,600
8.799,16.68,0.11,1.04,0.56,4.03,0.00,601
8.816,16.64,0.12,1.10,0.55,4.01,0.00,599
8.832,16.67,0.12,1.05,0.59,4.02,0.00,599
8.849,16.66,0.14,1.06,0.62,3.98,0.00,601
8.866,16.69,0.11,1.03,0.55,3.96,0.00,602
8.882,16.64,0.12,1.01,0.51,3.44,0.00,602
8.899,16.67,0.12,1.03,0.51,3.50,0.00,604
8.916,16.67,0.13,1.03,0.51,3.51,0.00,607
8.932,16.68,0.11,1.03,0.51,3.56,0.00,612
8.949,16.67,0.11,1.04,0.57,3.57,0.00,616
8.966,16.79,0.11,1.04,0.52,3.52,0.00,616
8.982,16.54,0.11,1.10,0.58,3.57,0.00,614
8.999,16.68,0.13,1.05,0.58,3.53,0.00,615
9.016,16.65,0.13,1.06,0.59,3.56,0.00,620
9.032,16.69,0.12,1.03,0.53,3.56,0.00,619
9.049,16.65,0.13,1.02,0.51,3.62,0.00,624
9.066,16.76,0.11,1.04,0.54,3.62,0.00,628
9.082,16.58,0.12,1.02,0.52,3.66,0.00,632
9.099,16.69,0.10,1.02,0.53,3.68,0.00,638
9.116,16.69,0.11,1.01,0.52,3.70,0.00,638
9.132,16.62,0.11,1.00,0.51,3.70,0.00,637
9.149,16.67,0.12,1.00,0.51,3.72,0.00,640
9.166,16.68,0.10,1.00,0.50,3.72,0.00,644
9.182,16.74,0.11,1.00,0.49,3.73,0.00,648
9.199,16.59,0.11,1.01,0.53,3.77,0.00,653
9.216,16.68,0.11,0.98,0.51,3.72,0.00,658
9.232,16.67,0.12,1.09,0.59,3.74,0.00,658
9.249,16.71,0.08,0.72,0.38,3.75,0.00,661
9.266,16.67,0.07,0.73,0.44,3.76,0.00,664
9.282,16.65,0.08,0.73,0.49,3.80,0.00,668
9.299,16.68,0.07,0.72,0.39,3.82,0.00,669
9.316,16.66,0.08,0.71,0.43,3.81,0.00,670
9.332,16.67,0.08,0.74,0.46,3.82,0.00,670
9.349,16.63,0.10,0.98,0.53,3.83,0.00,670
9.366,16.65,0.11,0.97,0.52,3.85,0.00,669
9.382,16.67,0.11,0.97,0.54,3.88,0.00,672
9.399,16.66,0.11,0.96,0.51,3.84,0.00,675
9.416,16.69,0.10,0.94,0.52,3.86,0.00,677
9.432,16.66,0.10,0.95,0.53,3.88,0.00,677
9.449,16.66,0.11,0.94,0.54,3.87,0.00,676
9.466,16.74,0.11,0.96,0.57,3.83,0.00,675
9.482,16.62,0.13,0.97,0.63,3.79,0.00,672
9.499,16.73,0.10,0.93,0.60,3.79,0.00,673
9.516,16.60,0.12,0.93,0.60,3.78,0.00,674
9.532,16.66,0.13,0.93,0.60,3.81,0.00,674
9.549,16.66,0.12,0.93,0.60,3.81,0.00,675
9.566,16.69,0.11,0.94,0.62,3.80,0.00,673
9.582,16.64,0.11,0.91,0.60,3.79,0.00,671
9.599,16.68,0.10,0.93,0.60,3.79,0.00,668
9.616,16.67,0.12,0.91,0.57,3.79,0.00,666
9.632,16.67,0.12,0.93,0.63,3.77,0.00,665
9.649,16.67,0.13,0.91,0.65,3.74,0.00,664
9.666,16.68,0.10,0.89,0.55,3.77,0.00,664
9.682,16.66,0.12,0.88,0.56,3.84,0.00,664
9.699,16.65,0.12,0.91,0.56,3.84,0.00,660
9.716,16.67,0.11,0.89,0.55,3.82,0.00,658
9.732,16.75,0.10,0.91,0.67,3.82,0.00,657
9.749,16.59,0.12,0.91,0.63,3.82,0.00,662
9.766,16.66,0.12,0.92,0.62,3.83,0.00,662
9.782,16.67,0.12,0.90,0.60,3.84,0.00,660
9.799,16.67,0.10,0.91,0.64,3.83,0.00,655
9.816,16.66,0.12,0.88,0.57,3.82,0.00,656
9.832,16.66,0.11,0.87,0.54,3.84,0.00,651
9.849,16.68,0.11,0.87,0.54,3.83,0.00,641
9.866,16.76,0.10,0.91,0.65,3.82,0.00,634
9.882,16.58,0.12,0.82,0.62,3.81,0.00,629
9.899,16.68,0.11,0.81,0.61,3.80,0.00,625
9.916,16.67,0.25,0.93,0.63,3.79,0.00,648
9.932,16.67,0.14,0.92,0.66,3.92,0.00,655
9.949,16.70,0.12,0.92,0.61,4.08,0.00,651
9.966,16.70,0.11,0.88,0.61,4.07,0.00,647
9.982,16.59,0.12,0.87,0.56,3.30,0.00,647
9.999,16.66,0.12,0.87,0.59,3.30,0.00,646
10.016,16.69,0.11,0.86,0.65,3.29,0.00,646
10.032,16.69,0.11,0.89,0.66,3.29,0.00,643
10.049,16.72,0.10,0.88,0.64,3.29,0.00,642
10.066,16.61,0.08,0.66,0.50,3.29,0.00,642
10.082,16.65,0.08,0.65,0.50,3.29,0.00,640
10.099,16.67,0.05,0.35,0.36,3.30,0.00,642
10.116,16.64,0.06,0.31,0.31,3.29,0.00,640
10.132,16.68,0.06,0.47,0.39,3.32,0.00,640
10.149,16.76,0.11,0.86,0.60,3.32,0.00,639
10.166,16.59,0.11,0.87,0.49,3.31,0.00,638
10.182,16.65,0.05,0.35,0.30,3.31,0.00,639
10.199,16.66,0.06,0.45,0.31,3.31,0.00,640
10.216,16.66,0.04,0.27,0.23,3.31,0.00,640
10.232,16.70,0.11,0.85,0.50,3.31,0.00,638
10.249,16.67,0.11,0.84,0.53,3.36,0.00,637
10.266,16.67,0.11,0.84,0.50,3.31,0.00,636
10.282,16.66,0.10,0.83,0.49,3.34,0.00,635
10.299,16.67,0.10,0.84,0.49,3.36,0.00,633
10.316,16.69,0.09,0.82,0.51,3.36,0.00,632
10.332,16.66,0.10,0.83,0.48,3.35,0.00,632
10.349,16.68,0.09,0.83,0.48,3.36,0.00,631
10.366,16.67,0.09,0.83,0.48,3.36,0.00,629
10.382,16.66,0.11,0.85,0.53,3.36,0.00,628
10.399,16.72,0.11,0.93,0.58,3.31,0.00,628
10.416,16.67,0.11,0.86,0.55,3.26,0.00,627
10.432,16.63,0.10,0.63,0.61,3.27,0.00,627
10.449,16.64,0.06,0.33,0.38,3.25,0.00,628
10.466,16.66,0.04,0.21,0.29,3.24,0.00,627
10.482,16.66,0.04,0.22,0.32,3.23,0.00,628
10.499,16.74,0.05,0.37,0.62,3.22,0.00,627
10.516,16.69,0.08,0.47,0.41,3.19,0.00,626
10.532,16.60,0.09,0.47,0.49,3.20,0.00,626
10.549,16.67,0.05,0.26,0.29,3.19,0.00,626
10.566,16.65,0.06,0.34,0.32,3.22,0.00,625
10.583,16.74,0.08,0.49,0.51,3.20,0.00,625
10.599,16.62,0.09,0.46,0.54,3.19,0.00,624
10.616,16.68,0.12,0.63,0.61,3.15,0.00,623
10.632,16.68,0.11,0.65,0.63,3.17,0.00,622
10.649,16.66,0.11,0.63,0.61,3.17,0.00,621
10.666,16.68,0.11,0.64,0.60,3.15,0.00,624
10.682,16.65,0.10,0.62,0.52,3.17,0.00,620
10.699,16.67,0.11,0.62,0.54,3.17,0.00,619
10.716,16.66,0.11,0.62,0.54,3.17,0.00,613
10.732,16.67,0.10,0.62,0.49,3.16,0.00,613
10.749,16.66,0.10,0.61,0.52,3.17,0.00,613
10.766,16.69,0.12,0.65,0.60,3.19,0.00,612
10.783,16.72,0.10,0.65,0.61,3.12,0.00,610
10.799,16.61,0.12,0.63,0.62,3.11,0.00,597
10.816,16.71,0.10,0.62,0.61,3.10,0.00,594
10.832,16.63,0.09,0.60,0.51,3.09,0.00,591
10.849,16.65,0.11,0.62,0.56,3.08,0.00,590
10.866,16.66,0.10,0.60,0.54,3.11,0.00,589
10.883,16.76,0.09,0.62,0.54,3.09,0.00,589
10.899,16.60,0.11,0.62,0.60,3.10,0.00,588
10.916,16.70,0.10,0.61,0.59,3.10,0.00,587
10.932,16.63,0.10,0.64,0.60,3.05,0.00,587
10.949,16.72,0.09,0.62,0.58,3.06,0.00,587
10.966,16.65,0.10,0.64,0.61,3.03,0.00,588
10.983,16.65,0.10,0.62,0.54,3.05,0.00,588
10.999,16.66,0.10,0.62,0.54,3.09,0.00,589
11.016,16.70,0.11,0.63,0.59,3.04,0.00,591
11.033,16.72,0.09,0.61,0.58,3.08,0.00,590
11.049,16.59,0.11,0.62,0.57,3.07,0.00,587
11.066,16.68,0.09,0.65,0.63,3.06,0.00,585
11.083,16.66,0.10,0.60,0.54,3.05,0.00,585
11.099,16.74,0.10,0.62,0.63,3.05,0.00,588
11.116,16.61,0.12,0.61,0.65,3.05,0.00,586
11.133,16.66,0.11,0.63,0.60,3.04,0.00,585
11.149,16.66,0.10,0.60,0.50,3.05,0.00,583
11.166,16.68,0.10,0.61,0.56,3.06,0.00,584
11.183,16.66,0.10,0.61,0.54,3.05,0.00,584
11.199,16.67,0.10,0.59,0.51,3.10,0.00,582
11.216,16.76,0.09,0.63,0.57,3.09,0.00,581
11.233,16.57,0.10,0.62,0.51,3.04,0.00,581
11.249,16.70,0.09,0.62,0.60,3.07,0.00,582
11.266,16.66,0.11,0.66,0.62,3.01,0.00,582
11.283,16.67,0.11,0.64,0.61,2.97,0.00,580
11.299,16.65,0.10,0.61,0.51,2.97,0.00,577
11.316,16.67,0.10,0.61,0.50,3.04,0.00,575
11.333,16.67,0.10,0.62,0.50,3.03,0.00,575
11.349,16.67,0.09,0.61,0.51,3.06,0.00,573
11.366,16.67,0.09,0.59,0.49,3.04,0.00,571
11.383,16.67,0.10,0.62,0.54,3.04,0.00,569
11.399,16.67,0.10,0.62,0.56,3.01,0.00,568
11.416,16.70,0.11,0.62,0.59,3.00,0.00,561
11.433,16.64,0.11,0.65,0.62,2.96,0.00,560
11.449,16.67,0.10,0.64,0.59,2.98,0.00,556
11.466,16.66,0.11,0.61,0.56,2.96,0.00,553
11.483,16.67,0.10,0.59,0.50,2.99,0.00,551
11.499,16.66,0.10,0.62,0.53,3.00,0.00,549
11.516,16.70,0.08,0.62,0.49,3.01,0.00,547
11.533,16.64,0.09,0.62,0.52,2.99,0.00,549
11.549,16.68,0.11,0.63,0.58,2.98,0.00,547
11.566,16.68,0.10,0.64,0.58,2.98,0.00,544
11.583,16.66,0.09,0.63,0.62,2.95,0.00,543
11.599,16.66,0.10,0.63,0.55,2.91,0.00,543
11.616,16.66,0.08,0.61,0.52,2.99,0.00,539
11.633,16.67,0.10,0.61,0.53,2.97,0.00,538
11.649,16.67,0.10,0.60,0.51,3.01,0.00,537
11.666,16.67,0.10,0.61,0.48,3.00,0.00,536
11.683,16.66,0.10,0.63,0.56,2.96,0.00,531
11.699,16.67,0.10,0.65,0.60,2.97,0.00,530
11.716,16.81,0.09,0.65,0.62,2.95,0.00,530
11.733,16.53,0.11,0.64,0.62,2.96,0.00,529
11.749,16.67,0.10,0.62,0.55,2.93,0.00,527
11.766,16.72,0.09,0.63,0.63,2.93,0.00,526
11.783,16.66,0.09,0.63,0.63,3.00,0.00,524
11.799,16.63,0.05,0.33,0.36,2.98,0.00,524
11.816,16.67,0.11,0.61,0.59,2.97,0.00,521
11.833,16.66,0.10,0.62,0.54,3.01,0.00,517
11.849,16.68,0.10,0.63,0.62,3.01,0.00,516
11.866,16.67,0.09,0.60,0.53,2.93,0.00,514
11.883,16.67,0.09,0.52,0.60,3.00,0.00,512
11.899,16.65,0.10,0.54,0.59,2.92,0.00,511
11.916,16.67,0.22,0.59,0.51,2.97,0.00,529
11.933,16.67,0.10,0.59,0.52,3.14,0.00,529
11.949,16.70,0.08,0.59,0.54,3.17,0.00,528
11.966,16.64,0.11,0.61,0.56,3.17,0.00,526
11.983,16.67,0.10,0.60,0.53,3.11,0.00,526
11.999,16.66,0.10,0.60,0.55,3.14,0.00,525
12.016,16.69,0.09,0.61,0.60,3.09,0.00,522
12.033,16.65,0.11,0.61,0.60,3.09,0.00,520
12.049,16.68,0.11,0.61,0.61,3.06,0.00,518
12.066,16.74,0.12,0.92,0.54,3.02,0.00,563
12.083,16.60,0.11,0.89,0.57,3.95,0.00,566
12.099,16.69,0.10,0.93,0.59,3.93,0.00,567
12.116,16.63,0.12,0.92,0.56,3.92,0.00,564
12.133,16.66,0.12,0.90,0.52,3.94,0.00,561
12.149,16.70,0.10,0.92,0.52,3.97,0.00,560
12.166,16.65,0.12,0.97,0.61,3.94,0.00,558
12.183,16.67,0.13,0.93,0.62,3.89,0.00,557
12.199,16.66,0.12,0.96,0.58,3.88,0.00,556
12.216,16.67,0.14,0.94,0.57,3.91,0.00,556
12.233,16.66,0.12,0.94,0.52,3.93,0.00,556
12.249,16.66,0.12,0.92,0.55,3.94,0.00,558
12.266,16.67,0.11,0.92,0.51,3.91,0.00,555
12.283,16.68,0.12,0.96,0.60,3.91,0.00,556
12.299,16.67,0.12,0.97,0.62,3.90,0.00,550
12.316,16.68,0.11,0.94,0.61,3.88,0.00,548
12.333,16.67,0.12,0.97,0.60,3.88,0.00,546
12.349,16.65,0.12,0.98,0.60,3.88,0.00,548
12.366,16.68,0.13,0.98,0.61,3.86,0.00,545
12.383,16.65,0.12,0.92,0.55,3.89,0.00,546
12.399,16.70,0.10,0.93,0.53,3.91,0.00,547
12.416,16.64,0.10,0.92,0.50,3.92,0.00,545
12.433,16.68,0.10,0.94,0.59,3.92,0.00,545
12.449,16.66,0.11,0.94,0.55,3.88,0.00,547
12.466,16.70,0.10,0.93,0.55,3.93,0.00,550
12.483,16.66,0.10,0.99,0.66,3.77,0.00,548
12.499,16.65,0.11,0.98,0.62,3.31,0.00,546
12.516,16.66,0.12,0.94,0.57,3.30,0.00,546
12.533,16.67,0.11,0.94,0.54,3.36,0.00,545
12.549,16.66,0.10,0.93,0.53,3.38,0.00,545
12.566,16.67,0.10,0.93,0.50,3.39,0.00,545
12.583,16.67,0.10,0.92,0.51,3.39,0.00,544
12.599,16.68,0.09,0.93,0.50,3.41,0.00,546
12.616,16.69,0.10,0.93,0.54,3.35,0.00,547
12.633,16.65,0.11,0.94,0.60,3.38,0.00,547
12.649,16.67,0.11,0.95,0.61,3.36,0.00,546
12.666,16.72,0.10,0.96,0.62,3.33,0.00,546
12.683,16.60,0.11,0.92,0.53,3.39,0.00,544
12.699,16.67,0.10,0.92,0.52,3.44,0.00,542
12.716,16.71,0.13,0.94,0.55,3.41,0.00,541
12.733,16.63,0.10,0.93,0.52,3.41,0.00,541
12.749,16.67,0.10,0.92,0.54,3.44,0.00,544
12.766,16.66,0.09,0.92,0.52,3.45,0.00,546
12.783,16.67,0.13,1.16,0.56,3.47,0.00,603
12.799,16.67,0.11,1.13,0.50,4.35,0.00,603
12.816,16.67,0.12,1.13,0.52,4.36,0.00,605
12.833,16.69,0.10,1.14,0.52,4.36,0.00,605
12.849,16.64,0.12,1.13,0.51,4.38,0.00,607
12.866,16.67,0.10,1.13,0.52,4.40,0.00,608
12.883,16.69,0.11,1.13,0.52,4.38,0.00,610
12.899,16.66,0.11,1.14,0.51,4.37,0.00,609
12.916,16.65,0.12,1.15,0.55,4.39,0.00,609
12.933,16.67,0.12,1.17,0.52,4.30,0.00,609
12.949,16.67,0.12,1.14,0.52,4.32,0.00,610
12.966,16.67,0.12,1.18,0.55,4.32,0.00,612
12.983,16.67,0.13,1.15,0.53,4.28,0.00,611
12.999,16.67,0.12,1.16,0.56,4.33,0.00,612
13.016,16.66,0.13,1.17,0.56,4.31,0.00,614
13.033,16.67,0.12,1.16,0.52,4.31,0.00,616
13.049,16.66,0.12,1.15,0.50,4.32,0.00,618
13.066,16.76,0.11,1.16,0.51,4.33,0.00,619
13.083,16.59,0.12,1.16,0.51,4.35,0.00,620
13.099,16.67,0.11,1.18,0.58,4.37,0.00,622
13.116,16.67,0.13,1.19,0.57,4.30,0.00,622
13.133,16.66,0.11,1.17,0.51,4.32,0.00,626
13.149,16.68,0.11,1.16,0.51,4.32,0.00,626
13.166,16.66,0.10,1.16,0.53,4.31,0.00,629
13.183,16.68,0.10,1.15,0.53,4.32,0.00,629
13.199,16.64,0.11,1.15,0.51,3.74,0.00,630
13.216,16.67,0.10,1.15,0.51,3.73,0.00,633
13.233,16.69,0.12,1.16,0.54,3.69,0.00,632
13.249,16.65,0.11,1.22,0.57,3.72,0.00,633
13.266,16.66,0.12,1.15,0.51,3.72,0.00,634
13.283,16.68,0.11,1.16,0.51,3.71,0.00,637
13.299,16.67,0.11,1.15,0.49,3.74,0.00,637
13.316,16.67,0.11,1.14,0.49,3.72,0.00,638
13.333,16.66,0.11,1.16,0.51,3.75,0.00,637
13.349,16.68,0.10,1.13,0.51,3.72,0.00,637
13.366,16.68,0.12,1.18,0.59,3.70,0.00,638
13.383,16.66,0.11,1.15,0.52,3.69,0.00,637
13.399,16.66,0.10,1.15,0.51,3.73,0.00,639
13.416,16.68,0.11,1.15,0.51,3.73,0.00,639
13.433,16.68,0.12,1.18,0.60,3.73,0.00,636
13.449,16.65,0.11,1.14,0.52,3.68,0.00,633
13.466,16.68,0.11,1.14,0.50,3.69,0.00,632
13.483,16.67,0.11,1.15,0.54,3.75,0.00,628
13.499,16.66,0.12,1.14,0.58,3.69,0.00,628
13.516,16.71,0.15,1.19,0.58,3.69,0.00,619
13.533,16.63,0.11,1.16,0.55,3.73,0.00,612
13.549,16.66,0.11,1.14,0.50,3.74,0.00,601
13.566,16.67,0.10,1.12,0.50,3.73,0.00,596
13.583,16.67,0.11,1.13,0.55,3.41,0.00,596
13.599,16.67,0.08,0.86,0.47,3.34,0.00,594
13.616,16.67,0.11,1.13,0.53,3.34,0.00,593
13.633,16.68,0.11,1.14,0.55,3.38,0.00,592
13.649,16.66,0.10,1.12,0.51,3.38,0.00,593
13.666,16.68,0.10,1.12,0.51,3.43,0.00,594
13.683,16.67,0.10,1.11,0.52,3.43,0.00,595
13.699,16.67,0.10,1.11,0.50,3.45,0.00,595
13.716,16.67,0.11,1.11,0.50,3.43,0.00,595
13.733,16.69,0.12,1.16,0.59,3.45,0.00,595
13.749,16.64,0.10,1.14,0.54,3.39,0.00,598
13.766,16.66,0.11,1.12,0.54,3.38,0.00,598
13.783,16.67,0.11,1.10,0.51,3.40,0.00,598
13.799,16.67,0.10,1.11,0.52,3.43,0.00,598
13.816,16.67,0.11,1.10,0.50,3.45,0.00,596
13.833,16.67,0.11,1.11,0.50,3.43,0.00,596
13.849,16.66,0.11,1.10,0.50,3.46,0.00,596
13.866,16.68,0.11,1.10,0.52,3.41,0.00,594
13.883,16.68,0.09,1.04,0.51,3.41,0.00,598
13.899,16.64,0.10,1.04,0.49,3.44,0.00,599
13.916,16.69,0.22,1.13,0.51,3.43,0.00,621
13.933,16.66,0.11,1.14,0.50,3.54,0.00,627
13.949,16.67,0.11,1.14,0.49,3.63,0.00,626
13.966,16.67,0.10,1.13,0.51,3.61,0.00,626
13.983,16.67,0.11,1.14,0.54,3.59,0.00,625
13.999,16.67,0.11,1.14,0.49,3.57,0.00,623
14.016,16.66,0.11,1.15,0.54,3.51,0.00,620
14.033,16.69,0.11,0.91,0.58,3.55,0.00,608
14.049,16.65,0.11,0.88,0.51,3.52,0.00,609
14.066,16.75,0.10,0.89,0.51,3.54,0.00,608
14.083,16.58,0.11,0.87,0.53,3.57,0.00,608
14.099,16.69,0.09,0.86,0.51,3.56,0.00,607
14.116,16.64,0.10,0.86,0.51,3.53,0.00,608
14.133,16.67,0.11,0.88,0.52,3.52,0.00,604
14.149,16.66,0.12,0.88,0.55,3.47,0.00,607
14.166,16.67,0.11,0.87,0.50,3.51,0.00,603
14.183,16.76,0.09,0.88,0.52,3.51,0.00,604
14.199,16.59,0.11,0.89,0.52,3.51,0.00,600
14.216,16.66,0.11,0.85,0.50,3.49,0.00,596
14.233,16.67,0.11,0.89,0.55,3.52,0.00,592
14.249,16.67,0.12,0.91,0.61,3.48,0.00,581
14.266,16.66,0.12,0.89,0.57,3.47,0.00,567
14.283,16.67,0.11,0.85,0.53,3.43,0.00,552
14.299,16.66,0.10,0.84,0.53,3.10,0.00,551
14.316,16.67,0.10,0.83,0.49,3.08,0.00,552
14.333,16.69,0.09,0.83,0.52,3.09,0.00,553
14.349,16.64,0.10,0.83,0.49,3.08,0.00,552
14.366,16.67,0.11,0.83,0.50,3.09,0.00,551
14.383,16.66,0.11,0.83,0.51,3.10,0.00,551
14.399,16.67,0.11,0.82,0.49,3.11,0.00,549
14.416,16.67,0.11,0.82,0.51,3.10,0.00,546
14.433,16.66,0.11,0.85,0.56,3.11,0.00,543
14.449,16.67,0.11,0.86,0.60,3.05,0.00,542
14.466,16.71,0.09,0.90,0.58,3.08,0.00,542
14.483,16.64,0.09,0.85,0.53,3.08,0.00,542
14.499,16.68,0.13,1.27,0.56,3.06,0.00,610
14.516,16.64,0.09,0.92,0.47,4.02,0.00,609
14.533,16.70,0.06,0.51,0.30,4.00,0.00,608
14.549,16.65,0.13,1.26,0.57,4.00,0.00,608
14.566,16.66,0.12,1.25,0.52,4.04,0.00,602
14.583,16.67,0.12,1.25,0.50,4.03,0.00,600
14.599,16.69,0.11,1.26,0.51,4.05,0.00,600
14.616,16.65,0.12,1.26,0.50,4.09,0.00,598
14.633,16.67,0.13,1.28,0.56,4.08,0.00,596
14.650,16.76,0.13,1.30,0.63,4.03,0.00,597
14.666,16.58,0.14,1.32,0.62,4.03,0.00,597
14.683,16.67,0.13,1.28,0.54,4.03,0.00,598
14.699,16.66,0.13,1.29,0.52,4.05,0.00,598
14.716,16.75,0.12,1.30,0.56,4.06,0.00,598
14.733,16.60,0.12,1.30,0.56,4.06,0.00,601
14.749,16.68,0.12,1.08,0.54,4.06,0.00,600
14.766,16.65,0.13,1.07,0.53,4.08,0.00,604
14.783,16.67,0.13,1.06,0.51,4.11,0.00,608
14.799,16.67,0.13,1.09,0.51,4.12,0.00,611
14.816,16.68,0.13,1.07,0.51,4.13,0.00,613
14.833,16.65,0.12,1.07,0.51,4.14,0.00,616
14.849,16.67,0.11,1.07,0.49,4.15,0.00,618
14.866,16.70,0.14,1.12,0.61,4.15,0.00,624
14.883,16.64,0.12,1.08,0.52,4.15,0.00,625
14.899,16.67,0.11,1.08,0.51,4.17,0.00,625
14.916,16.67,0.13,1.08,0.53,3.60,0.00,628
14.933,16.76,0.12,1.14,0.62,3.65,0.00,628
14.949,16.57,0.13,1.12,0.57,3.66,0.00,630
14.966,16.67,0.12,1.10,0.54,3.69,0.00,633
14.983,16.68,0.14,1.11,0.56,3.73,0.00,637
15.000,16.66,0.12,1.11,0.53,3.72,0.00,637
15.016,16.66,0.13,1.10,0.55,3.75,0.00,638
15.033,16.68,0.12,1.10,0.52,3.73,0.00,640
15.050,16.67,0.13,1.09,0.55,3.75,0.00,642
15.066,16.75,0.12,1.12,0.58,3.77,0.00,643
15.083,16.59,0.13,1.09,0.52,3.76,0.00,645
15.100,16.68,0.11,1.08,0.51,3.77,0.00,651
15.116,16.66,0.13,1.09,0.53,3.81,0.00,652
15.133,16.67,0.12,1.08,0.51,3.84,0.00,657
15.150,16.66,0.12,1.08,0.55,3.82,0.00,656
15.166,16.67,0.12,1.10,0.54,3.85,0.00,656
15.183,16.67,0.12,1.08,0.49,3.85,0.00,657
15.200,16.68,0.11,1.06,0.52,3.91,0.00,654
15.216,16.67,0.11,1.04,0.50,3.91,0.00,657
15.233,16.66,0.12,1.06,0.54,3.92,0.00,657
15.250,16.67,0.13,1.06,0.57,3.89,0.00,659
15.266,16.67,0.12,1.07,0.55,3.91,0.00,658
15.283,16.67,0.11,1.05,0.50,3.92,0.00,658
15.300,16.66,0.11,1.05,0.50,3.95,0.00,663
15.316,16.67,0.12,1.05,0.50,4.01,0.00,665
15.333,16.67,0.11,1.04,0.51,4.03,0.00,667
15.350,16.67,0.11,1.04,0.52,4.03,0.00,668
15.366,16.67,0.11,1.04,0.50,4.06,0.00,668
15.383,16.67,0.12,1.13,0.59,4.06,0.00,666
15.400,16.67,0.12,1.04,0.55,4.03,0.00,665
15.416,16.67,0.11,1.03,0.51,4.04,0.00,667
15.433,16.66,0.11,1.04,0.53,4.10,0.00,669
15.450,16.68,0.11,1.02,0.50,4.08,0.00,670
15.466,16.67,0.11,1.01,0.51,4.15,0.00,671
15.483,16.68,0.12,1.04,0.57,4.13,0.00,672
15.500,16.65,0.11,1.01,0.51,4.12,0.00,672
15.516,16.68,0.11,1.01,0.52,4.15,0.00,673
15.533,16.66,0.11,1.02,0.52,4.11,0.00,674
15.550,16.69,0.11,1.01,0.51,4.16,0.00,674
15.566,16.66,0.12,1.02,0.55,4.10,0.00,674
15.583,16.66,0.12,1.01,0.52,4.16,0.00,676
15.600,16.68,0.11,0.99,0.56,4.20,0.00,675
15.616,16.65,0.11,0.99,0.50,4.18,0.00,676
15.633,16.68,0.11,1.00,0.51,4.19,0.00,672
15.650,16.67,0.11,0.98,0.50,4.18,0.00,670
15.666,16.67,0.12,0.99,0.51,4.15,0.00,667
15.683,16.70,0.14,1.03,0.61,4.15,0.00,667
15.700,16.63,0.11,1.02,0.54,4.11,0.00,667
15.716,16.66,0.11,0.99,0.53,4.15,0.00,666
15.733,16.69,0.12,0.98,0.57,4.16,0.00,664
15.750,16.65,0.11,0.98,0.52,4.12,0.00,663
15.766,16.68,0.12,1.00,0.56,4.15,0.00,663
15.783,16.66,0.11,0.99,0.51,4.11,0.00,662
15.800,16.67,0.10,0.98,0.52,4.12,0.00,657
15.816,16.67,0.11,0.97,0.53,4.11,0.00,652
15.833,16.67,0.11,0.96,0.51,4.10,0.00,648
15.850,16.70,0.09,0.95,0.52,4.07,0.00,642
15.866,16.64,0.11,0.95,0.49,4.06,0.00,638
15.883,16.68,0.09,0.86,0.54,4.07,0.00,629
15.900,16.65,0.11,0.84,0.52,4.07,0.00,624
15.916,16.69,0.21,0.94,0.52,4.03,0.00,638
15.933,16.65,0.12,0.93,0.51,4.19,0.00,646
15.950,16.67,0.11,0.92,0.51,4.26,0.00,641
15.966,16.67,0.10,0.92,0.52,4.25,0.00,636
15.983,16.68,0.10,0.94,0.53,4.23,0.00,630
16.000,16.66,0.11,0.89,0.50,4.18,0.00,624
16.016,16.67,0.11,0.89,0.54,3.39,0.00,619
16.033,16.67,0.11,0.89,0.53,3.39,0.00,619
16.050,16.68,0.12,0.91,0.58,3.34,0.00,618
16.066,16.67,0.11,0.91,0.52,3.34,0.00,616
16.083,16.71,0.10,0.90,0.56,3.31,0.00,613
16.100,16.63,0.10,0.89,0.52,3.30,0.00,611
16.116,16.66,0.11,0.87,0.50,3.33,0.00,610
16.133,16.67,0.11,0.88,0.51,3.33,0.00,609
16.150,16.67,0.11,0.87,0.50,3.35,0.00,608
16.166,16.70,0.10,0.87,0.52,3.35,0.00,606
16.183,16.64,0.11,0.89,0.52,3.32,0.00,605
16.200,16.67,0.11,0.87,0.51,3.31,0.00,603
16.216,16.68,0.09,0.89,0.55,3.31,0.00,603
16.233,16.66,0.11,0.91,0.54,3.23,0.00,601
16.250,16.66,0.11,0.88,0.54,3.22,0.00,601
16.266,16.70,0.12,0.90,0.60,3.22,0.00,599
16.283,16.63,0.11,0.87,0.51,3.23,0.00,598
16.300,16.68,0.11,0.89,0.55,3.20,0.00,597
16.316,16.67,0.11,0.87,0.53,3.23,0.00,594
16.333,16.67,0.11,0.85,0.51,3.26,0.00,594
16.350,16.67,0.11,0.87,0.51,3.26,0.00,590
16.366,16.66,0.11,0.87,0.50,3.21,0.00,589
16.383,16.67,0.11,0.86,0.51,3.23,0.00,588
16.400,16.68,0.11,0.86,0.50,3.20,0.00,585
16.416,16.68,0.09,0.87,0.50,3.24,0.00,584
16.433,16.65,0.10,0.86,0.51,3.24,0.00,580
16.450,16.68,0.10,0.86,0.48,3.22,0.00,571
16.466,16.68,0.09,0.60,0.49,3.21,0.00,524
16.483,16.66,0.10,0.59,0.50,3.15,0.00,522
16.500,16.75,0.10,0.63,0.60,3.10,0.00,522
16.516,16.59,0.11,0.61,0.57,3.11,0.00,519
16.533,16.67,0.10,0.61,0.52,3.11,0.00,519
16.550,16.66,0.10,0.59,0.50,3.11,0.00,516
16.566,16.67,0.10,0.59,0.50,3.16,0.00,517
16.583,16.67,0.10,0.59,0.50,3.11,0.00,518
16.600,16.68,0.09,0.58,0.48,3.13,0.00,519
16.616,16.66,0.10,0.60,0.49,3.12,0.00,519
16.633,16.67,0.10,0.60,0.50,3.11,0.00,518
16.650,16.67,0.10,0.58,0.49,3.10,0.00,519
16.666,16.67,0.10,0.61,0.50,3.11,0.00,519
16.683,16.68,0.12,0.88,0.50,3.07,0.00,564
16.700,16.66,0.12,0.91,0.56,4.01,0.00,564
16.716,16.67,0.12,0.90,0.53,3.95,0.00,566
16.733,16.67,0.11,0.88,0.51,3.95,0.00,566
16.750,16.67,0.12,0.91,0.56,3.93,0.00,566
16.766,16.67,0.12,0.91,0.55,3.91,0.00,563
16.783,16.67,0.12,0.89,0.52,3.89,0.00,563
16.800,16.66,0.12,0.93,0.56,3.92,0.00,562
16.816,16.67,0.11,0.92,0.55,3.89,0.00,564
16.833,16.66,0.11,0.92,0.51,3.89,0.00,561
16.850,16.67,0.12,0.89,0.52,3.91,0.00,563
16.866,16.68,0.12,0.91,0.51,3.94,0.00,565
16.883,16.67,0.12,0.91,0.50,3.91,0.00,565
16.900,16.68,0.12,0.97,0.52,3.92,0.00,565
16.916,16.66,0.12,0.92,0.52,3.89,0.00,564
16.933,16.66,0.11,0.93,0.50,3.91,0.00,565
16.950,16.67,0.12,0.91,0.50,3.93,0.00,567
16.966,16.66,0.12,0.92,0.49,3.96,0.00,569
16.983,16.68,0.10,0.92,0.51,3.98,0.00,569
17.000,16.68,0.13,0.95,0.55,3.97,0.00,570
17.016,16.66,0.13,0.94,0.57,3.90,0.00,569
17.033,16.66,0.10,0.92,0.52,3.91,0.00,571
17.050,16.66,0.11,0.92,0.50,3.95,0.00,570
17.066,16.73,0.10,0.92,0.52,3.97,0.00,570
17.083,16.60,0.11,0.92,0.50,3.96,0.00,570
17.100,16.69,0.10,0.92,0.50,3.45,0.00,570
17.116,16.66,0.10,0.92,0.48,3.46,0.00,574
17.133,16.65,0.11,0.92,0.51,3.46,0.00,578
17.150,16.67,0.11,0.92,0.50,3.47,0.00,581
17.166,16.67,0.11,0.91,0.50,3.48,0.00,582
17.183,16.67,0.11,0.91,0.50,3.48,0.00,582
17.200,16.67,0.11,0.91,0.50,3.49,0.00,584
17.216,16.68,0.13,0.93,0.57,3.48,0.00,587
17.233,16.66,0.11,0.96,0.55,3.47,0.00,588
17.250,16.68,0.14,0.97,0.58,3.50,0.00,591
17.266,16.66,0.12,0.97,0.59,3.47,0.00,592
17.283,16.66,0.11,0.93,0.56,3.45,0.00,593
17.300,16.67,0.10,0.91,0.51,3.49,0.00,597
17.316,16.67,0.11,0.91,0.51,3.53,0.00,597
17.333,16.67,0.11,0.93,0.53,3.53,0.00,597
17.350,16.66,0.11,0.91,0.51,3.53,0.00,598
17.366,16.67,0.11,0.91,0.50,3.55,0.00,600
17.383,16.67,0.11,0.92,0.51,3.61,0.00,602
17.400,16.67,0.11,0.92,0.51,3.57,0.00,603
17.416,16.67,0.11,0.91,0.51,3.59,0.00,604
17.433,16.66,0.10,0.93,0.52,3.60,0.00,609
17.450,16.67,0.11,0.91,0.50,3.58,0.00,612
17.466,16.68,0.09,0.92,0.50,3.61,0.00,617
17.483,16.66,0.11,0.92,0.53,3.59,0.00,617
17.500,16.67,0.11,0.94,0.55,3.60,0.00,621
17.516,16.68,0.12,0.92,0.60,3.58,0.00,624
17.533,16.65,0.10,0.95,0.58,3.57,0.00,623
17.550,16.67,0.11,0.92,0.55,3.58,0.00,623
17.566,16.67,0.11,0.91,0.52,3.60,0.00,625
17.583,16.67,0.11,0.90,0.51,3.61,0.00,624
17.600,16.69,0.10,0.93,0.58,3.59,0.00,625
17.616,16.64,0.10,0.92,0.52,3.56,0.00,626
17.633,16.67,0.11,0.91,0.52,3.56,0.00,632
17.650,16.66,0.11,0.89,0.51,3.59,0.00,634
17.666,16.67,0.11,0.91,0.52,3.60,0.00,636
17.683,16.68,0.11,0.89,0.50,3.58,0.00,638
17.700,16.67,0.10,0.90,0.51,3.61,0.00,637
17.716,16.66,0.11,0.89,0.49,3.60,0.00,637
17.733,16.67,0.12,0.93,0.60,3.53,0.00,638
17.750,16.67,0.12,0.93,0.59,3.52,0.00,639
17.767,16.75,0.11,0.91,0.58,3.52,0.00,641
17.783,16.58,0.12,0.91,0.57,3.53,0.00,640
17.800,16.65,0.11,0.93,0.57,3.55,0.00,641
17.816,16.67,0.10,0.89,0.54,3.55,0.00,638
17.833,16.67,0.10,0.90,0.52,3.55,0.00,637
17.850,16.68,0.11,0.89,0.51,3.56,0.00,639
17.866,16.69,0.09,0.89,0.52,3.56,0.00,639
17.883,16.65,0.11,0.82,0.53,3.55,0.00,637
17.900,16.66,0.10,0.82,0.50,3.53,0.00,638
17.916,16.66,0.22,0.92,0.53,3.61,0.00,652
17.933,16.68,0.11,0.89,0.53,3.69,0.00,663
17.950,16.67,0.11,0.89,0.51,3.80,0.00,666
17.966,16.67,0.10,0.90,0.50,3.83,0.00,681
17.983,16.66,0.11,0.89,0.54,3.80,0.00,683
18.000,16.67,0.11,0.91,0.53,3.85,0.00,682
18.016,16.68,0.12,0.89,0.53,3.79,0.00,682
18.033,16.66,0.12,0.92,0.60,3.81,0.00,684
18.050,16.66,0.12,0.92,0.58,3.81,0.00,682
18.067,16.75,0.10,0.93,0.53,3.86,0.00,679
18.083,16.59,0.11,0.90,0.54,3.84,0.00,677
18.100,16.71,0.09,0.90,0.54,3.78,0.00,677
18.116,16.63,0.11,0.90,0.51,3.80,0.00,673
18.133,16.67,0.11,0.89,0.52,3.79,0.00,665
18.150,16.66,0.12,0.89,0.51,3.77,0.00,657
18.166,16.68,0.12,0.91,0.59,3.75,0.00,654
18.183,16.69,0.10,0.86,0.52,3.70,0.00,651
18.200,16.65,0.11,0.86,0.52,3.36,0.00,651
18.216,16.67,0.09,0.85,0.53,3.37,0.00,652
18.233,16.68,0.10,0.88,0.56,3.38,0.00,651
18.250,16.64,0.12,0.87,0.58,3.33,0.00,651
18.266,16.66,0.10,0.88,0.51,3.29,0.00,650
18.283,16.70,0.12,0.88,0.59,3.26,0.00,648
18.300,16.67,0.09,0.85,0.51,3.27,0.00,647
18.316,16.65,0.11,0.84,0.50,3.27,0.00,647
18.333,16.67,0.10,0.85,0.52,3.31,0.00,646
18.350,16.68,0.09,0.83,0.48,3.30,0.00,645
18.366,16.69,0.10,0.88,0.57,3.31,0.00,644
18.383,16.63,0.11,0.85,0.50,3.27,0.00,643
18.400,16.71,0.09,0.84,0.50,3.30,0.00,642
18.416,16.62,0.10,0.82,0.50,3.27,0.00,642
18.433,16.67,0.11,0.84,0.50,3.31,0.00,641
18.450,16.67,0.10,0.84,0.50,3.29,0.00,640
18.466,16.67,0.11,0.85,0.54,3.24,0.00,634
18.483,16.67,0.10,0.83,0.49,3.29,0.00,635
18.500,16.66,0.11,0.84,0.51,3.29,0.00,632
18.516,16.67,0.10,0.83,0.48,3.26,0.00,631
18.533,16.66,0.10,0.85,0.53,3.21,0.00,629
18.550,16.67,0.12,0.83,0.52,3.24,0.00,628
18.566,16.67,0.10,0.84,0.50,3.25,0.00,625
18.583,16.67,0.10,0.83,0.48,3.25,0.00,622
18.600,16.69,0.09,0.84,0.59,3.26,0.00,618
18.616,16.65,0.12,0.88,0.59,3.18,0.00,614
18.633,16.67,0.11,0.83,0.50,3.19,0.00,610
18.650,16.67,0.10,0.63,0.53,3.23,0.00,553
18.667,16.70,0.10,0.62,0.60,3.18,0.00,553
18.683,16.63,0.12,0.61,0.56,3.14,0.00,554
18.700,16.66,0.10,0.59,0.50,3.15,0.00,553
18.717,16.69,0.09,0.57,0.50,3.17,0.00,552
18.733,16.66,0.10,0.58,0.50,3.19,0.00,552
18.750,16.66,0.11,0.59,0.55,3.19,0.00,552
18.767,16.68,0.09,0.57,0.51,3.11,0.00,551
18.783,16.66,0.10,0.60,0.51,3.14,0.00,547
18.800,16.66,0.10,0.58,0.49,3.12,0.00,547
18.817,16.66,0.10,0.58,0.50,3.16,0.00,545
18.833,16.68,0.09,0.57,0.48,3.15,0.00,545
18.850,16.67,0.11,0.55,0.50,3.13,0.00,547
18.867,16.66,0.08,0.44,0.47,3.10,0.00,547
18.883,16.70,0.11,0.60,0.60,3.08,0.00,544
18.900,16.63,0.10,0.57,0.50,3.05,0.00,544
18.917,16.67,0.10,0.59,0.50,3.11,0.00,545
18.933,16.69,0.09,0.58,0.51,3.11,0.00,543
18.950,16.67,0.09,0.57,0.55,3.08,0.00,539
18.967,16.65,0.11,0.59,0.54,3.08,0.00,539
18.983,16.67,0.10,0.56,0.49,3.10,0.00,537
19.000,16.66,0.11,0.58,0.54,3.11,0.00,533
19.017,16.67,0.10,0.57,0.49,3.08,0.00,533
19.033,16.66,0.11,0.59,0.53,3.06,0.00,532
19.050,16.67,0.10,0.57,0.50,3.08,0.00,532
19.067,16.74,0.09,0.60,0.52,3.06,0.00,512
19.083,16.60,0.10,0.57,0.50,3.05,0.00,510
19.100,16.69,0.09,0.56,0.49,3.06,0.00,507
19.117,16.64,0.10,0.57,0.47,3.02,0.00,507
19.133,16.68,0.12,0.81,0.51,3.04,0.00,554
19.150,16.66,0.11,0.80,0.49,3.87,0.00,553
19.167,16.68,0.10,0.80,0.51,3.86,0.00,552
19.183,16.75,0.12,0.84,0.53,3.82,0.00,551
19.200,16.57,0.12,0.82,0.50,3.84,0.00,551
19.217,16.69,0.11,0.80,0.49,3.83,0.00,549
19.233,16.65,0.13,0.83,0.50,3.85,0.00,547
19.250,16.67,0.12,0.84,0.54,3.84,0.00,547
19.267,16.66,0.12,0.85,0.54,3.82,0.00,550
19.283,16.68,0.13,0.85,0.58,3.81,0.00,551
19.300,16.67,0.12,0.83,0.53,3.77,0.00,550
19.317,16.68,0.11,0.82,0.50,3.81,0.00,548
19.333,16.65,0.12,0.84,0.50,3.81,0.00,546
19.350,16.67,0.13,0.86,0.60,3.80,0.00,542
19.367,16.68,0.12,0.89,0.66,3.72,0.00,544
19.383,16.66,0.18,0.87,0.55,3.71,0.00,546
19.400,16.66,0.12,0.88,0.58,3.69,0.00,547
19.417,16.66,0.12,0.85,0.53,3.73,0.00,547
19.433,16.67,0.12,0.86,0.56,3.75,0.00,546
19.450,16.69,0.12,0.84,0.52,3.74,0.00,549
19.467,16.65,0.12,0.87,0.56,3.75,0.00,552
19.483,16.66,0.12,0.85,0.53,3.71,0.00,550
19.500,16.69,0.12,0.86,0.56,3.75,0.00,549
19.517,16.65,0.12,0.85,0.51,3.69,0.00,552
19.533,16.66,0.11,0.86,0.76,3.75,0.00,552
19.550,16.67,0.11,0.84,0.50,3.12,0.00,556
19.567,16.67,0.12,0.87,0.57,3.15,0.00,556
19.583,16.67,0.11,0.86,0.54,3.11,0.00,557
19.600,16.67,0.10,0.85,0.52,3.15,0.00,559
19.617,16.67,0.12,0.85,0.51,3.16,0.00,558
19.633,16.66,0.11,0.86,0.52,3.16,0.00,557
19.650,16.69,0.10,0.86,0.52,3.14,0.00,559
19.667,16.67,0.10,0.87,0.55,3.18,0.00,559
19.683,16.65,0.11,0.99,0.56,3.17,0.00,560
19.700,16.67,0.11,0.86,0.51,3.19,0.00,561
19.717,16.67,0.11,0.86,0.56,3.17,0.00,564
19.733,16.67,0.11,0.86,0.52,3.19,0.00,566
19.750,16.67,0.11,0.87,0.55,3.17,0.00,565
19.767,16.66,0.11,0.89,0.56,3.13,0.00,565
19.783,16.68,0.12,0.88,0.59,3.14,0.00,569
19.800,16.65,0.10,0.85,0.51,3.18,0.00,571
19.817,16.68,0.11,0.85,0.54,3.21,0.00,572
19.833,16.66,0.18,0.87,0.53,3.24,0.00,572
19.850,16.67,0.11,0.86,0.54,3.23,0.00,571
19.867,16.67,0.11,0.87,0.54,3.24,0.00,570
19.883,16.67,0.10,0.78,0.53,3.21,0.00,567
19.900,16.66,0.12,0.79,0.52,3.24,0.00,568
19.917,16.69,0.25,0.91,0.58,3.20,0.00,624
19.933,16.65,0.12,0.89,0.53,3.40,0.00,635
19.950,16.67,0.11,0.89,0.54,3.58,0.00,635
19.967,16.69,0.10,0.92,0.62,3.59,0.00,636
19.983,16.64,0.11,0.91,0.60,3.51,0.00,637
20.000,16.66,0.10,0.89,0.52,3.57,0.00,637
20.017,16.68,0.11,0.90,0.56,3.54,0.00,635
20.033,16.67,0.12,0.92,0.58,3.58,0.00,635
20.050,16.67,0.10,0.89,0.52,3.62,0.00,633
20.067,16.75,0.10,0.89,0.54,3.63,0.00,632
20.083,16.59,0.11,0.90,0.56,3.64,0.00,629
20.100,16.70,0.09,0.89,0.53,3.61,0.00,631
20.117,16.64,0.11,0.89,0.50,3.64,0.00,630
20.133,16.69,0.09,0.90,0.53,3.64,0.00,630
20.150,16.65,0.11,0.90,0.52,3.59,0.00,628
20.167,16.67,0.13,0.92,0.60,3.58,0.00,627
20.183,16.67,0.11,0.91,0.58,3.65,0.00,626
20.200,16.66,0.11,0.89,0.55,3.63,0.00,624
20.217,16.67,0.11,0.89,0.49,3.65,0.00,623
20.233,16.67,0.11,0.89,0.51,3.66,0.00,624
20.250,16.67,0.11,0.89,0.51,3.67,0.00,622
20.267,16.67,0.12,0.92,0.56,3.67,0.00,623
20.283,16.66,0.11,0.91,0.56,3.63,0.00,620
20.300,16.67,0.10,0.90,0.51,3.62,0.00,620
20.317,16.68,0.09,0.89,0.50,3.67,0.00,618
20.333,16.64,0.10,0.89,0.52,3.65,0.00,618
20.350,16.68,0.09,0.89,0.49,3.66,0.00,614
20.367,16.66,0.10,0.89,0.48,3.66,0.00,613
20.383,16.67,0.10,0.90,0.53,3.64,0.00,612
20.400,16.69,0.09,0.89,0.51,3.63,0.00,610
20.417,16.67,0.12,0.90,0.60,3.54,0.00,610
20.433,16.65,0.11,0.92,0.58,3.55,0.00,611
20.450,16.67,0.10,0.90,0.53,3.59,0.00,610
20.467,16.67,0.10,0.89,0.50,3.59,0.00,612
20.483,16.67,0.10,0.89,0.50,3.59,0.00,611
20.500,16.67,0.11,0.93,0.58,3.52,0.00,610
20.517,16.66,0.11,0.91,0.57,3.57,0.00,611
20.533,16.67,0.11,0.92,0.57,3.53,0.00,609
20.550,16.66,0.10,0.90,0.51,3.52,0.00,609
20.567,16.73,0.10,0.93,0.61,3.55,0.00,608
20.583,16.64,0.09,0.91,0.55,3.49,0.00,604
20.600,16.63,0.10,0.89,0.53,3.50,0.00,598
20.617,16.67,0.10,0.89,0.51,3.53,0.00,592
20.633,16.67,0.10,0.86,0.50,3.49,0.00,587
20.650,16.68,0.09,0.84,0.51,3.10,0.00,586
20.667,16.65,0.09,0.85,0.52,3.10,0.00,584
20.683,16.67,0.11,0.84,0.50,3.09,0.00,585
20.700,16.67,0.10,0.84,0.50,3.14,0.00,585
20.717,16.67,0.10,0.84,0.49,3.11,0.00,584
20.733,16.67,0.10,0.85,0.52,3.11,0.00,584
20.750,16.68,0.08,0.84,0.51,3.11,0.00,582
20.767,16.65,0.11,0.87,0.55,3.11,0.00,581
20.783,16.68,0.10,0.87,0.57,3.04,0.00,582
20.800,16.66,0.10,0.85,0.49,3.03,0.00,578
20.817,16.67,0.10,0.84,0.51,3.06,0.00,578
20.833,16.67,0.09,0.85,0.51,3.10,0.00,577
20.850,16.67,0.10,0.84,0.49,3.13,0.00,574
20.867,16.69,0.09,0.85,0.50,3.10,0.00,573
20.883,16.65,0.10,0.85,0.50,3.10,0.00,571
20.900,16.68,0.09,0.85,0.51,3.10,0.00,570
20.917,16.67,0.08,0.84,0.50,3.09,0.00,570
20.933,16.66,0.10,0.84,0.50,3.10,0.00,570
20.950,16.67,0.10,0.85,0.51,3.10,0.00,569
20.967,16.67,0.10,0.85,0.53,3.13,0.00,567
20.983,16.68,0.08,0.83,0.51,3.09,0.00,565
21.000,16.66,0.10,0.85,0.52,3.09,0.00,565
21.017,16.67,0.10,0.86,0.54,3.08,0.00,564
21.033,16.76,0.09,0.86,0.56,3.04,0.00,563
21.050,16.58,0.11,0.89,0.59,3.01,0.00,561
21.067,16.66,0.11,0.85,0.51,3.02,0.00,561
21.083,16.67,0.10,0.85,0.49,3.07,0.00,559
21.100,16.68,0.10,0.64,0.52,3.04,0.00,553
21.117,16.67,0.10,0.61,0.49,3.04,0.00,552
21.133,16.67,0.10,0.63,0.50,3.04,0.00,552
21.150,16.67,0.10,0.62,0.50,3.03,0.00,551
21.167,16.68,0.09,0.63,0.50,3.03,0.00,551
21.183,16.66,0.09,0.67,0.60,3.03,0.00,550
21.200,16.68,0.11,0.63,0.56,2.98,0.00,550
21.217,16.67,0.08,0.63,0.49,3.01,0.00,549
21.233,16.67,0.08,0.62,0.53,3.01,0.00,549
21.250,16.67,0.08,0.62,0.50,3.03,0.00,548
21.267,16.66,0.11,0.65,0.54,3.03,0.00,548
21.283,16.67,0.11,0.63,0.54,2.99,0.00,547
21.300,16.70,0.09,0.64,0.50,2.99,0.00,545
21.317,16.64,0.11,0.65,0.57,2.99,0.00,541
21.333,16.66,0.11,0.65,0.56,2.97,0.00,540
21.350,16.67,0.10,0.62,0.50,3.00,0.00,540
21.367,16.66,0.10,0.63,0.50,3.01,0.00,540
21.383,16.68,0.09,0.64,0.52,3.01,0.00,537
21.400,16.66,0.10,0.65,0.50,2.99,0.00,535
21.417,16.69,0.09,0.63,0.52,3.01,0.00,534
21.433,16.65,0.10,0.64,0.51,3.00,0.00,532
21.450,16.67,0.10,0.63,0.49,3.00,0.00,531
21.467,16.68,0.12,0.93,0.51,3.01,0.00,575
21.483,16.65,0.12,0.94,0.52,3.78,0.00,573
21.500,16.70,0.12,0.96,0.57,3.85,0.00,572
21.517,16.64,0.13,0.97,0.56,3.78,0.00,570
21.533,16.67,0.12,0.96,0.54,3.78,0.00,569
21.550,16.67,0.12,0.94,0.49,3.78,0.00,567
21.567,16.68,0.11,0.94,0.51,3.84,0.00,563
21.583,16.68,0.10,0.94,0.50,3.84,0.00,562
21.600,16.67,0.11,0.97,0.50,3.83,0.00,560
21.617,16.65,0.12,0.96,0.50,3.84,0.00,563
21.633,16.68,0.14,1.01,0.58,3.87,0.00,565
21.650,16.66,0.13,0.99,0.54,3.83,0.00,566
21.667,16.67,0.12,0.99,0.55,3.86,0.00,566
21.683,16.67,0.13,1.02,0.62,3.83,0.00,566
21.700,16.65,0.07,0.54,0.36,3.81,0.00,564
21.717,16.69,0.04,0.34,0.28,3.85,0.00,564
21.733,16.73,0.11,1.05,0.48,3.85,0.00,565
21.750,16.59,0.11,1.02,0.56,3.88,0.00,567
21.767,16.66,0.12,0.82,0.33,3.92,0.00,569
21.783,16.68,0.08,0.87,0.58,3.92,0.00,572
21.800,16.66,0.12,1.02,0.55,3.90,0.00,571
21.817,16.69,0.12,1.01,0.63,3.95,0.00,571
21.833,16.64,0.11,1.00,0.51,3.94,0.00,576
21.850,16.70,0.10,1.01,0.53,4.00,0.00,579
21.867,16.63,0.09,1.01,0.51,4.00,0.00,583
21.883,16.71,0.10,0.91,0.54,3.49,0.00,584
21.900,16.63,0.11,0.90,0.51,3.49,0.00,586
21.917,16.67,0.24,1.02,0.52,3.50,0.00,615
21.933,16.67,0.11,1.01,0.51,3.66,0.00,625
21.950,16.67,0.12,1.01,0.53,3.77,0.00,625
21.967,16.67,0.11,1.01,0.50,3.79,0.00,624
21.983,16.67,0.11,1.00,0.51,3.77,0.00,625
22.000,16.67,0.11,1.01,0.50,3.78,0.00,626
22.017,16.68,0.13,1.05,0.59,3.79,0.00,623
22.034,16.73,0.11,1.06,0.57,3.72,0.00,623
22.050,16.59,0.11,1.03,0.52,3.73,0.00,624
22.067,16.74,0.10,1.04,0.55,3.76,0.00,618
22.083,16.60,0.11,1.02,0.53,3.77,0.00,618
22.100,16.69,0.12,1.06,0.61,3.74,0.00,619
22.117,16.65,0.13,1.04,0.60,3.71,0.00,622
22.133,16.69,0.10,1.04,0.54,3.76,0.00,623
22.150,16.64,0.12,1.01,0.52,3.76,0.00,623
22.167,16.67,0.12,1.02,0.51,3.77,0.00,623
22.183,16.66,0.12,1.03,0.54,3.76,0.00,623
22.200,16.67,0.11,1.03,0.52,3.74,0.00,623
22.217,16.67,0.12,1.01,0.51,3.79,0.00,625
22.233,16.67,0.11,1.02,0.52,3.79,0.00,627
22.250,16.67,0.11,1.01,0.51,3.79,0.00,630
22.267,16.68,0.12,1.04,0.56,3.79,0.00,634
22.283,16.69,0.10,1.09,0.56,3.73,0.00,633
22.300,16.64,0.11,1.03,0.54,3.74,0.00,634
22.317,16.67,0.11,1.01,0.52,3.76,0.00,637
22.333,16.66,0.11,1.01,0.52,3.77,0.00,637
22.350,16.67,0.11,1.01,0.51,3.78,0.00,635
22.367,16.69,0.10,1.01,0.52,3.79,0.00,637
22.384,16.73,0.10,1.01,0.54,3.80,0.00,641
22.400,16.58,0.11,1.01,0.51,3.78,0.00,643
22.417,16.68,0.10,1.01,0.52,3.78,0.00,645
22.433,16.66,0.11,1.02,0.57,3.78,0.00,645
22.450,16.67,0.12,1.00,0.54,3.71,0.00,645
22.467,16.67,0.11,1.00,0.51,3.78,0.00,646
22.483,16.67,0.11,0.99,0.51,3.81,0.00,646
22.500,16.67,0.12,1.01,0.56,3.78,0.00,647
22.517,16.69,0.12,1.02,0.59,3.77,0.00,645
22.534,16.66,0.11,1.09,0.59,3.72,0.00,645
22.550,16.66,0.11,1.00,0.53,3.72,0.00,646
22.567,16.67,0.10,1.01,0.54,3.76,0.00,645
22.584,16.67,0.09,0.98,0.52,3.79,0.00,645
22.600,16.65,0.11,0.99,0.53,3.74,0.00,646
22.617,16.67,0.11,0.98,0.51,3.78,0.00,646
22.633,16.67,0.11,0.98,0.51,3.79,0.00,643
22.650,16.67,0.11,0.98,0.53,3.78,0.00,641
22.667,16.67,0.11,1.00,0.54,3.80,0.00,640
22.684,16.67,0.11,0.98,0.52,3.78,0.00,641
22.700,16.67,0.11,0.98,0.51,3.79,0.00,638
22.717,16.66,0.13,0.99,0.56,3.82,0.00,634
22.734,16.67,0.11,0.99,0.52,3.79,0.00,629
22.750,16.67,0.11,1.01,0.56,3.77,0.00,622
22.767,16.69,0.11,1.00,0.61,3.73,0.00,618
22.784,16.65,0.13,1.00,0.64,3.72,0.00,615
22.800,16.67,0.12,1.01,0.62,3.71,0.00,610
22.817,16.66,0.10,0.95,0.57,3.71,0.00,608
22.834,16.68,0.10,0.97,0.55,3.72,0.00,605
22.850,16.66,0.10,0.98,0.58,3.70,0.00,599
22.867,16.68,0.12,1.00,0.58,3.69,0.00,592
22.884,16.71,0.10,0.99,0.60,3.68,0.00,589
22.900,16.62,0.10,0.99,0.60,3.69,0.00,586
22.917,16.66,0.10,0.95,0.53,3.67,0.00,584
22.934,16.67,0.14,1.33,0.50,3.70,0.00,650
22.950,16.67,0.14,1.38,0.62,4.68,0.00,646
22.967,16.69,0.13,1.38,0.61,4.57,0.00,645
22.984,16.64,0.13,1.37,0.60,4.16,0.00,644
23.000,16.67,0.13,1.39,0.61,4.19,0.00,644
23.017,16.66,0.14,1.36,0.60,4.17,0.00,644
23.034,16.70,0.13,1.39,0.63,4.14,0.00,643
23.050,16.64,0.12,1.37,0.62,4.13,0.00,644
23.067,16.71,0.12,1.38,0.60,4.10,0.00,645
23.084,16.63,0.12,1.39,0.60,4.14,0.00,644
23.100,16.67,0.13,1.39,0.61,4.15,0.00,642
23.117,16.67,0.13,1.40,0.61,4.12,0.00,643
23.134,16.69,0.12,1.40,0.57,4.12,0.00,643
23.150,16.64,0.13,1.37,0.58,4.14,0.00,645
23.167,16.71,0.12,1.40,0.60,4.14,0.00,645
23.184,16.63,0.13,1.38,0.60,4.13,0.00,643
23.200,16.65,0.13,1.37,0.62,4.18,0.00,645
23.217,16.73,0.13,1.40,0.64,4.17,0.00,644
23.234,16.71,0.12,1.42,0.63,4.13,0.00,646
23.250,16.59,0.14,1.41,0.62,4.17,0.00,646
23.267,16.66,0.13,1.48,0.62,4.18,0.00,645
23.284,16.66,0.14,1.45,0.62,4.17,0.00,647
23.300,16.67,0.11,1.40,0.59,4.20,0.00,650
23.317,16.67,0.14,1.40,0.63,4.19,0.00,653
23.334,16.71,0.11,1.45,0.65,4.23,0.00,653
23.350,16.66,0.11,1.40,0.61,3.67,0.00,653
23.367,16.64,0.12,1.40,0.65,3.68,0.00,652
23.384,16.65,0.13,1.39,0.63,3.67,0.00,649
23.400,16.70,0.10,1.38,0.52,3.65,0.00,649
23.417,16.66,0.12,1.37,0.51,3.73,0.00,644
23.434,16.63,0.12,1.09,0.52,3.76,0.00,627
23.450,16.67,0.13,1.10,0.59,3.77,0.00,624
23.467,16.66,0.12,1.09,0.53,3.73,0.00,624
23.484,16.67,0.13,1.08,0.52,3.76,0.00,624
23.500,16.68,0.12,1.07,0.52,3.78,0.00,622
23.517,16.67,0.12,1.07,0.51,3.80,0.00,625
23.534,16.66,0.13,1.10,0.56,3.75,0.00,626
23.550,16.68,0.14,1.11,0.61,3.79,0.00,625
23.567,16.66,0.11,1.09,0.54,3.83,0.00,627
23.584,16.67,0.12,1.07,0.51,3.85,0.00,628
23.600,16.70,0.11,1.07,0.53,3.89,0.00,627
23.617,16.81,0.12,1.11,0.63,3.90,0.00,629
23.634,16.54,0.12,1.08,0.59,3.85,0.00,628
23.650,16.63,0.12,1.07,0.54,3.89,0.00,630
23.667,16.66,0.12,1.04,0.52,3.90,0.00,632
23.684,16.68,0.11,1.03,0.51,3.93,0.00,635
23.700,16.67,0.11,1.03,0.54,4.05,0.00,637
23.717,16.66,0.11,1.03,0.51,4.04,0.00,637
23.734,16.67,0.11,1.03,0.50,4.09,0.00,641
23.750,16.66,0.11,1.02,0.51,4.08,0.00,657
23.767,16.67,0.11,1.03,0.51,4.12,0.00,656
23.784,16.67,0.12,1.03,0.55,4.11,0.00,657
23.800,16.68,0.13,1.05,0.56,4.10,0.00,659
23.817,16.66,0.12,1.03,0.55,4.05,0.00,658
23.834,16.66,0.11,1.01,0.51,4.05,0.00,658
23.850,16.68,0.11,1.03,0.54,4.09,0.00,657
23.867,16.67,0.12,1.02,0.59,4.08,0.00,657
23.884,16.66,0.11,0.92,0.52,4.04,0.00,657
23.900,16.66,0.11,0.91,0.52,4.06,0.00,658
23.917,16.68,0.25,1.02,0.56,4.07,0.00,676
23.934,16.68,0.12,1.00,0.56,4.13,0.00,690
23.950,16.66,0.11,0.99,0.55,4.33,0.00,690
23.967,16.67,0.11,1.00,0.55,4.33,0.00,691
23.984,16.67,0.12,1.02,0.56,4.34,0.00,690
24.000,16.66,0.10,1.01,0.55,4.33,0.00,691
24.017,16.67,0.11,0.98,0.53,4.33,0.00,689
24.034,16.67,0.11,1.00,0.59,4.33,0.00,688
24.050,16.67,0.12,1.00,0.59,4.28,0.00,687
24.067,16.75,0.10,1.01,0.57,4.34,0.00,686
24.084,16.59,0.12,0.99,0.55,4.31,0.00,686
24.100,16.69,0.10,0.98,0.54,4.31,0.00,685
24.117,16.65,0.11,0.97,0.55,4.35,0.00,688
24.134,16.67,0.10,0.96,0.55,4.33,0.00,687
24.150,16.70,0.09,0.95,0.54,4.34,0.00,686
24.167,16.63,0.11,0.95,0.50,4.34,0.00,682
24.184,16.74,0.09,0.95,0.52,4.35,0.00,680
24.200,16.60,0.10,0.93,0.51,4.36,0.00,676
24.217,16.69,0.09,0.93,0.50,4.34,0.00,675
24.234,16.66,0.10,0.92,0.50,4.34,0.00,674
24.250,16.67,0.11,0.93,0.50,4.33,0.00,672
24.267,16.67,0.10,0.93,0.51,4.32,0.00,672
24.284,16.70,0.10,0.94,0.59,4.31,0.00,670
24.300,16.64,0.11,0.94,0.55,4.26,0.00,665
24.317,16.67,0.10,0.92,0.51,4.30,0.00,662
24.334,16.66,0.10,0.92,0.50,4.32,0.00,660
24.350,16.68,0.09,0.91,0.49,4.32,0.00,656
24.367,16.66,0.10,0.90,0.49,4.31,0.00,652
24.384,16.68,0.10,0.91,0.52,4.29,0.00,651
24.400,16.65,0.11,0.93,0.53,4.22,0.00,648
24.417,16.68,0.10,0.91,0.50,4.26,0.00,645
24.434,16.67,0.10,0.87,0.50,4.28,0.00,639
24.450,16.67,0.10,0.87,0.51,3.45,0.00,640
24.467,16.67,0.10,0.87,0.50,3.46,0.00,638
24.484,16.67,0.10,0.85,0.51,3.44,0.00,638
24.500,16.70,0.08,0.87,0.50,3.46,0.00,636
24.517,16.64,0.10,0.86,0.49,3.45,0.00,635
24.534,16.66,0.10,0.87,0.54,3.45,0.00,635
24.550,16.68,0.12,0.87,0.57,3.39,0.00,632
24.567,16.67,0.10,0.86,0.49,3.41,0.00,628
24.584,16.68,0.08,0.86,0.48,3.43,0.00,627
24.600,16.67,0.08,0.86,0.49,3.43,0.00,628
24.617,16.65,0.10,0.86,0.51,3.42,0.00,627
24.634,16.67,0.10,0.87,0.49,3.41,0.00,626
24.650,16.67,0.10,0.85,0.50,3.41,0.00,625
24.667,16.68,0.10,0.87,0.50,3.38,0.00,620
24.684,16.67,0.09,0.86,0.49,3.39,0.00,618
24.700,16.66,0.11,0.87,0.49,3.39,0.00,616
24.717,16.69,0.08,0.85,0.48,3.37,0.00,614
24.734,16.65,0.10,0.86,0.50,3.35,0.00,611
24.750,16.67,0.10,0.86,0.53,3.31,0.00,608
24.767,16.66,0.10,0.87,0.51,3.24,0.00,607
24.784,16.68,0.11,0.88,0.55,3.24,0.00,605
24.800,16.66,0.10,0.89,0.54,3.21,0.00,604
24.817,16.67,0.10,0.86,0.51,3.21,0.00,602
24.834,16.67,0.10,0.86,0.51,3.20,0.00,601
24.850,16.67,0.09,0.85,0.50,3.22,0.00,599
24.867,16.66,0.10,0.87,0.52,3.21,0.00,597
24.884,16.67,0.10,0.84,0.49,3.16,0.00,595
24.900,16.70,0.09,0.64,0.56,3.17,0.00,594
24.917,16.64,0.11,0.64,0.54,3.15,0.00,593
24.934,16.67,0.10,0.63,0.52,3.14,0.00,593
24.950,16.68,0.09,0.63,0.51,3.14,0.00,591
24.967,16.66,0.10,0.63,0.51,3.16,0.00,589
24.984,16.67,0.10,0.62,0.50,3.14,0.00,588
25.000,16.66,0.10,0.63,0.52,3.15,0.00,588
25.017,16.67,0.10,0.63,0.52,3.13,0.00,584
25.034,16.69,0.10,0.64,0.55,3.13,0.00,583
25.050,16.65,0.10,0.64,0.57,3.08,0.00,581
25.067,16.80,0.09,0.66,0.56,3.09,0.00,580
25.084,16.53,0.10,0.64,0.52,3.09,0.00,579
25.100,16.69,0.09,0.65,0.54,3.11,0.00,577
25.117,16.65,0.10,0.63,0.52,3.10,0.00,574
25.134,16.66,0.10,0.64,0.51,3.09,0.00,571
25.150,16.69,0.08,0.63,0.50,3.10,0.00,569
25.167,16.66,0.09,0.63,0.50,3.11,0.00,569
25.184,16.66,0.10,0.62,0.50,3.11,0.00,567
25.200,16.67,0.10,0.63,0.48,3.12,0.00,564
25.217,16.67,0.10,0.63,0.49,3.10,0.00,563
25.234,16.67,0.09,0.63,0.50,3.14,0.00,561
25.250,16.67,0.10,0.62,0.49,3.11,0.00,560
25.267,16.67,0.10,0.65,0.55,3.12,0.00,560
25.284,16.66,0.10,0.64,0.55,3.09,0.00,556
25.300,16.68,0.11,0.64,0.57,3.10,0.00,554
25.317,16.65,0.10,0.63,0.53,3.06,0.00,554
25.334,16.69,0.09,0.65,0.54,3.08,0.00,553
25.350,16.66,0.10,0.65,0.56,3.09,0.00,553
25.367,16.67,0.10,0.67,0.56,3.08,0.00,551
25.384,16.66,0.09,0.63,0.53,3.12,0.00,551
25.400,16.68,0.11,0.63,0.54,3.12,0.00,550
25.417,16.67,0.11,0.65,0.57,3.08,0.00,550
25.434,16.67,0.11,0.64,0.56,3.12,0.00,549
25.450,16.67,0.11,0.64,0.53,3.10,0.00,548
25.467,16.67,0.10,0.62,0.50,3.13,0.00,549
25.484,16.66,0.10,0.62,0.50,3.13,0.00,545
25.500,16.66,0.09,0.63,0.49,3.14,0.00,545
25.517,16.66,0.09,0.63,0.50,3.13,0.00,545
25.534,16.68,0.13,0.96,0.57,3.14,0.00,590
25.550,16.66,0.12,0.94,0.55,3.95,0.00,591
25.567,16.66,0.11,0.96,0.52,3.94,0.00,588
25.584,16.67,0.12,0.94,0.51,3.95,0.00,588
25.600,16.67,0.11,0.94,0.50,3.95,0.00,587
25.617,16.67,0.12,0.93,0.50,3.96,0.00,587
25.634,16.67,0.12,0.96,0.51,3.96,0.00,582
25.650,16.69,0.11,0.95,0.50,3.96,0.00,583
25.667,16.65,0.12,0.96,0.52,3.93,0.00,581
25.684,16.67,0.12,0.96,0.52,3.92,0.00,579
25.700,16.67,0.12,0.96,0.50,3.96,0.00,580
25.717,16.68,0.10,0.95,0.49,3.94,0.00,578
25.734,16.68,0.10,0.96,0.50,3.95,0.00,577
25.750,16.66,0.11,0.95,0.51,3.93,0.00,575
25.767,16.65,0.11,0.97,0.51,3.92,0.00,575
25.784,16.67,0.12,0.97,0.55,3.92,0.00,576
25.800,16.67,0.12,0.98,0.56,3.90,0.00,577
25.817,16.67,0.12,0.97,0.56,3.90,0.00,576
25.834,16.66,0.12,0.96,0.51,3.91,0.00,576
25.850,16.67,0.12,0.95,0.51,3.93,0.00,577
25.867,16.68,0.10,0.97,0.53,3.95,0.00,574
25.884,16.66,0.11,0.87,0.51,3.93,0.00,573
25.900,16.67,0.12,0.89,0.60,3.97,0.00,571
25.917,16.66,0.24,0.98,0.56,3.92,0.00,605
25.934,16.67,0.11,0.97,0.52,4.13,0.00,614
25.950,16.68,0.10,0.95,0.51,3.72,0.00,613
25.967,16.66,0.11,0.98,0.51,3.74,0.00,612
25.984,16.67,0.12,0.97,0.49,3.74,0.00,610
26.000,16.67,0.11,0.98,0.52,3.73,0.00,611
26.017,16.68,0.12,0.97,0.52,3.73,0.00,611
26.034,16.66,0.11,0.99,0.54,3.72,0.00,610
26.050,16.68,0.13,0.99,0.59,3.71,0.00,609
26.067,16.66,0.11,0.98,0.51,3.69,0.00,606
26.084,16.67,0.11,0.96,0.49,3.74,0.00,607
26.100,16.69,0.10,0.99,0.52,3.75,0.00,607
26.117,16.65,0.13,0.97,0.54,3.75,0.00,607
26.134,16.67,0.11,0.97,0.52,3.72,0.00,605
26.150,16.67,0.11,0.97,0.53,3.76,0.00,605
26.167,16.67,0.11,0.96,0.51,3.79,0.00,606
26.184,16.67,0.11,0.96,0.51,3.79,0.00,606
26.200,16.67,0.11,0.97,0.50,3.81,0.00,605
26.217,16.74,0.11,0.98,0.54,3.81,0.00,606
26.234,16.59,0.11,0.98,0.53,3.78,0.00,604
26.250,16.67,0.11,0.97,0.51,3.79,0.00,605
26.267,16.67,0.11,0.96,0.52,3.80,0.00,607
26.284,16.67,0.11,0.97,0.57,3.82,0.00,605
26.300,16.67,0.11,0.98,0.55,3.79,0.00,605
26.317,16.66,0.11,0.95,0.51,3.77,0.00,607
26.334,16.66,0.12,0.98,0.55,3.81,0.00,605
26.350,16.67,0.11,0.93,0.50,3.79,0.00,606
26.367,16.67,0.10,0.96,0.51,3.80,0.00,604
26.384,16.67,0.11,0.95,0.52,3.82,0.00,604
26.400,16.67,0.11,0.95,0.52,3.82,0.00,605
26.417,16.68,0.09,0.93,0.51,3.82,0.00,602
26.434,16.66,0.12,0.99,0.59,3.82,0.00,602
26.450,16.66,0.11,0.95,0.52,3.80,0.00,602
26.467,16.67,0.11,0.94,0.51,3.84,0.00,603
26.484,16.67,0.10,0.93,0.50,3.82,0.00,603
26.500,16.66,0.10,0.94,0.50,3.82,0.00,604
26.517,16.67,0.10,0.93,0.51,3.80,0.00,605
26.534,16.67,0.11,0.93,0.53,3.85,0.00,596
26.550,16.67,0.11,0.94,0.54,3.74,0.00,595
26.567,16.66,0.10,0.94,0.51,3.79,0.00,599
26.584,16.68,0.10,0.93,0.50,3.79,0.00,602
26.601,16.67,0.10,0.93,0.52,3.78,0.00,602
26.617,16.68,0.09,0.92,0.50,3.78,0.00,602
26.634,16.70,0.09,0.92,0.51,3.79,0.00,604
26.651,16.63,0.11,0.93,0.50,3.77,0.00,605
26.667,16.67,0.11,0.93,0.53,3.78,0.00,605
26.684,16.67,0.10,0.91,0.51,3.74,0.00,603
26.701,16.67,0.10,0.92,0.50,3.75,0.00,605
26.717,16.67,0.11,0.92,0.54,3.76,0.00,607
26.734,16.67,0.10,0.91,0.51,3.72,0.00,608
26.751,16.67,0.10,0.91,0.49,3.72,0.00,606
26.767,16.67,0.10,0.91,0.49,3.73,0.00,608
26.784,16.67,0.10,0.91,0.51,3.76,0.00,609
26.801,16.68,0.10,0.94,0.56,3.71,0.00,611
26.817,16.65,0.10,0.92,0.52,3.70,0.00,611
26.834,16.67,0.11,0.91,0.50,3.73,0.00,612
26.851,16.67,0.10,0.91,0.51,3.71,0.00,612
26.867,16.68,0.10,0.92,0.50,3.70,0.00,612
26.884,16.66,0.10,0.90,0.50,3.69,0.00,612
26.901,16.66,0.10,0.89,0.51,3.74,0.00,609
26.917,16.70,0.12,0.94,0.60,3.67,0.00,611
26.934,16.65,0.11,0.94,0.60,3.65,0.00,611
26.951,16.66,0.11,0.93,0.58,3.67,0.00,610
26.967,16.74,0.10,0.95,0.55,3.68,0.00,606
26.984,16.60,0.09,0.93,0.54,3.69,0.00,600
27.001,16.66,0.11,0.93,0.56,3.69,0.00,590
27.017,16.67,0.13,1.18,0.52,3.64,0.00,626
27.034,16.66,0.12,1.18,0.52,4.51,0.00,620
27.051,16.66,0.12,1.19,0.54,4.10,0.00,621
27.067,16.74,0.11,1.18,0.51,4.05,0.00,620
27.084,16.60,0.12,1.17,0.50,4.07,0.00,621
27.101,16.68,0.12,1.18,0.51,4.09,0.00,621
27.117,16.66,0.12,1.18,0.49,4.08,0.00,621
27.134,16.67,0.12,1.19,0.52,4.09,0.00,619
27.151,16.67,0.12,1.19,0.50,4.07,0.00,615
27.167,16.66,0.12,1.22,0.53,4.06,0.00,616
27.184,16.68,0.13,1.20,0.50,4.07,0.00,615
27.201,16.67,0.11,1.20,0.51,4.12,0.00,619
27.217,16.66,0.12,1.20,0.49,4.12,0.00,620
27.234,16.68,0.12,1.21,0.52,4.14,0.00,619
27.251,16.66,0.12,1.20,0.51,4.15,0.00,620
27.267,16.67,0.12,1.21,0.51,4.16,0.00,620
27.284,16.67,0.12,1.22,0.57,4.20,0.00,620
27.301,16.67,0.12,1.23,0.56,4.18,0.00,621
27.317,16.67,0.13,1.20,0.55,4.12,0.00,622
27.334,16.66,0.11,1.21,0.50,4.19,0.00,622
27.351,16.67,0.11,1.20,0.48,4.18,0.00,622
27.367,16.66,0.11,1.22,0.51,4.21,0.00,623
27.384,16.68,0.12,1.20,0.49,4.19,0.00,625
27.401,16.69,0.10,1.22,0.51,4.26,0.00,624
27.417,16.64,0.11,1.22,0.51,4.20,0.00,624
27.434,16.67,0.11,1.22,0.50,3.66,0.00,626
27.451,16.66,0.11,1.21,0.53,3.67,0.00,627
27.467,16.67,0.11,1.22,0.50,3.67,0.00,625
27.484,16.67,0.11,1.21,0.50,3.68,0.00,621
27.501,16.68,0.10,0.97,0.49,3.68,0.00,600
27.517,16.66,0.11,0.97,0.52,3.67,0.00,601
27.534,16.68,0.10,0.97,0.50,3.70,0.00,603
27.551,16.66,0.12,0.99,0.55,3.69,0.00,605
27.567,16.69,0.10,1.00,0.55,3.61,0.00,607
27.584,16.66,0.10,0.97,0.51,3.66,0.00,608
27.601,16.65,0.11,0.98,0.50,3.68,0.00,612
27.617,16.67,0.11,0.98,0.50,3.68,0.00,615
27.634,16.67,0.12,0.98,0.51,3.69,0.00,617
27.651,16.66,0.11,1.01,0.54,3.72,0.00,618
27.667,16.68,0.12,1.04,0.57,3.69,0.00,617
27.684,16.66,0.11,0.99,0.52,3.70,0.00,620
27.701,16.67,0.11,1.00,0.52,3.70,0.00,623
27.717,16.66,0.11,1.00,0.53,3.73,0.00,623
27.734,16.67,0.11,0.99,0.52,3.73,0.00,623
27.751,16.69,0.10,0.99,0.51,3.73,0.00,626
27.767,16.66,0.11,0.99,0.53,3.76,0.00,628
27.784,16.67,0.11,0.99,0.52,3.76,0.00,630
27.801,16.67,0.10,1.00,0.55,3.77,0.00,630
27.817,16.67,0.13,1.02,0.62,3.71,0.00,635
27.834,16.66,0.12,0.99,0.51,3.70,0.00,636
27.851,16.69,0.10,0.98,0.52,3.75,0.00,638
27.867,16.65,0.11,0.99,0.52,3.75,0.00,638
27.884,16.69,0.11,0.89,0.54,3.78,0.00,638
27.901,16.66,0.10,0.89,0.51,3.80,0.00,638
27.917,16.67,0.25,1.02,0.60,3.79,0.00,666
27.934,16.70,0.12,1.00,0.66,3.84,0.00,686
27.951,16.63,0.12,0.98,0.59,4.07,0.00,690
27.967,16.68,0.12,0.99,0.59,4.11,0.00,692
27.984,16.66,0.12,0.96,0.56,4.09,0.00,694
28.001,16.69,0.10,0.97,0.56,4.09,0.00,693
28.017,16.66,0.11,0.96,0.55,4.13,0.00,690
28.034,16.67,0.10,0.94,0.56,4.13,0.00,689
28.051,16.65,0.11,0.97,0.63,4.14,0.00,685
28.067,16.74,0.10,0.97,0.59,4.10,0.00,683
28.084,16.60,0.11,0.94,0.56,4.09,0.00,684
28.101,16.69,0.09,0.94,0.56,4.11,0.00,683
28.117,16.65,0.12,0.94,0.51,4.14,0.00,680
28.134,16.67,0.11,0.94,0.51,4.13,0.00,677
28.151,16.67,0.11,0.93,0.53,4.13,0.00,675
28.167,16.66,0.11,0.94,0.53,4.12,0.00,672
28.184,16.68,0.11,0.93,0.52,4.10,0.00,671
28.201,16.66,0.10,0.94,0.51,4.10,0.00,671
28.217,16.67,0.11,0.93,0.49,4.10,0.00,671
28.234,16.67,0.10,0.93,0.51,4.12,0.00,669
28.251,16.68,0.10,0.92,0.52,4.08,0.00,667
28.267,16.67,0.12,0.97,0.61,4.11,0.00,663
28.284,16.66,0.11,0.95,0.55,4.05,0.00,664
28.301,16.66,0.12,0.95,0.56,4.03,0.00,663
28.317,16.67,0.12,0.94,0.55,4.01,0.00,663
28.334,16.67,0.11,0.92,0.53,4.02,0.00,660
28.351,16.67,0.11,0.92,0.52,4.04,0.00,659
28.367,16.67,0.12,0.94,0.56,4.04,0.00,658
28.384,16.67,0.11,0.92,0.50,4.00,0.00,656
28.401,16.67,0.10,0.92,0.53,4.01,0.00,652
28.417,16.67,0.11,0.92,0.55,3.98,0.00,652
28.434,16.67,0.10,0.92,0.51,3.97,0.00,652
28.451,16.67,0.10,0.91,0.51,3.97,0.00,649
28.467,16.67,0.11,0.92,0.50,3.96,0.00,650
28.484,16.67,0.11,0.91,0.53,3.94,0.00,649
28.501,16.67,0.11,0.92,0.51,3.93,0.00,648
28.517,16.67,0.11,0.88,0.51,3.95,0.00,646
28.534,16.67,0.11,0.88,0.51,3.53,0.00,645
28.551,16.67,0.11,0.89,0.54,3.50,0.00,643
28.567,16.67,0.11,0.91,0.54,3.43,0.00,642
28.584,16.67,0.10,0.87,0.51,3.44,0.00,641
28.601,16.67,0.10,0.87,0.51,3.46,0.00,639
28.617,16.66,0.11,0.88,0.51,3.44,0.00,638
28.634,16.71,0.11,0.91,0.61,3.45,0.00,638
28.651,16.65,0.10,0.89,0.59,3.38,0.00,637
28.667,16.64,0.11,0.89,0.52,3.37,0.00,637
28.684,16.68,0.11,0.87,0.50,3.40,0.00,637
28.701,16.68,0.10,0.88,0.51,3.40,0.00,637
28.717,16.66,0.10,0.86,0.50,3.38,0.00,634
28.734,16.67,0.10,0.86,0.51,3.38,0.00,630
28.751,16.67,0.10,0.86,0.48,3.40,0.00,627
28.767,16.67,0.10,0.86,0.52,3.38,0.00,625
28.784,16.68,0.11,0.87,0.55,3.36,0.00,625
28.801,16.68,0.12,0.94,0.62,3.33,0.00,625
28.817,16.67,0.11,0.98,0.62,3.27,0.00,620
28.834,16.66,0.11,0.89,0.60,3.28,0.00,618
28.851,16.68,0.12,0.89,0.64,3.24,0.00,614
28.867,16.63,0.11,0.88,0.56,3.21,0.00,609
28.884,16.67,0.11,0.89,0.59,3.29,0.00,606
28.901,16.67,0.11,0.85,0.52,3.25,0.00,601
28.917,16.67,0.11,0.85,0.52,3.26,0.00,598
28.934,16.68,0.12,0.90,0.57,3.28,0.00,592
28.951,16.68,0.11,0.89,0.59,3.25,0.00,586
28.967,16.65,0.12,0.89,0.58,3.21,0.00,581
28.984,16.66,0.10,0.59,0.52,3.20,0.00,560
29.001,16.68,0.11,0.59,0.53,3.23,0.00,559
29.017,16.68,0.09,0.58,0.51,3.22,0.00,559
29.034,16.66,0.11,0.57,0.51,3.20,0.00,561
29.051,16.75,0.09,0.61,0.56,3.22,0.00,560
29.067,16.68,0.10,0.60,0.54,3.17,0.00,560
29.084,16.58,0.11,0.60,0.54,3.16,0.00,558
29.101,16.67,0.10,0.60,0.53,3.16,0.00,558
29.117,16.69,0.10,0.59,0.52,3.16,0.00,555
29.134,16.64,0.10,0.59,0.50,3.19,0.00,553
29.151,16.69,0.10,0.61,0.61,3.18,0.00,554
29.167,16.65,0.11,0.60,0.54,3.12,0.00,555
29.184,16.72,0.09,0.59,0.53,3.10,0.00,555
29.201,16.61,0.10,0.59,0.52,3.13,0.00,553
29.217,16.67,0.10,0.58,0.52,3.16,0.00,550
29.234,16.67,0.11,0.57,0.51,3.12,0.00,549
29.251,16.67,0.10,0.58,0.51,3.15,0.00,547
29.267,16.68,0.09,0.58,0.50,3.16,0.00,546
29.284,16.65,0.10,0.56,0.49,3.15,0.00,546
29.301,16.69,0.10,0.62,0.58,3.16,0.00,545
29.317,16.64,0.10,0.59,0.54,3.03,0.00,546
29.334,16.67,0.11,0.58,0.50,3.09,0.00,544
29.351,16.68,0.09,0.58,0.50,3.10,0.00,543
29.367,16.74,0.10,0.59,0.53,3.12,0.00,542
29.384,16.60,0.09,0.58,0.51,3.09,0.00,539
29.401,16.66,0.10,0.58,0.52,3.11,0.00,537
29.417,16.66,0.10,0.58,0.52,3.07,0.00,539
29.434,16.67,0.10,0.58,0.50,3.08,0.00,538
29.451,16.74,0.09,0.58,0.51,3.08,0.00,536
29.467,16.60,0.10,0.60,0.50,3.09,0.00,533
29.484,16.66,0.11,0.56,0.51,3.10,0.00,532
29.501,16.68,0.11,0.60,0.55,3.12,0.00,531
29.517,16.69,0.10,0.60,0.56,3.07,0.00,530
29.534,16.64,0.11,0.58,0.60,3.04,0.00,529
29.551,16.66,0.10,0.59,0.60,3.05,0.00,527
29.567,16.68,0.11,0.60,0.56,3.01,0.00,525
29.584,16.67,0.09,0.58,0.52,3.03,0.00,525
29.601,16.67,0.09,0.56,0.50,3.06,0.00,521
29.617,16.66,0.08,0.57,0.53,3.08,0.00,519
29.634,16.66,0.09,0.57,0.52,3.10,0.00,517
29.651,16.67,0.10,0.55,0.50,3.07,0.00,514
29.667,16.66,0.10,0.58,0.51,3.08,0.00,514
29.684,16.67,0.10,0.56,0.49,3.06,0.00,514
29.701,16.67,0.10,0.56,0.49,3.09,0.00,514
29.717,16.67,0.10,0.57,0.51,3.09,0.00,511
29.734,16.68,0.09,0.55,0.50,3.10,0.00,509
29.751,16.67,0.09,0.57,0.50,3.12,0.00,509
29.767,16.66,0.10,0.57,0.49,3.12,0.00,509
29.784,16.67,0.11,0.57,0.52,3.11,0.00,505
29.801,16.68,0.08,0.56,0.49,3.09,0.00,504
29.817,16.66,0.10,0.58,0.55,3.04,0.00,501
29.834,16.67,0.10,0.56,0.50,3.04,0.00,501
29.851,16.67,0.10,0.56,0.48,3.09,0.00,498
29.867,16.70,0.09,0.58,0.53,3.10,0.00,498
29.884,16.64,0.10,0.50,0.50,3.08,0.00,498
29.901,16.69,0.09,0.52,0.48,3.10,0.00,497
29.917,16.65,0.24,0.61,0.54,3.10,0.00,528
29.934,16.66,0.10,0.60,0.52,3.22,0.00,525
29.951,16.67,0.10,0.58,0.50,3.28,0.00,525
29.967,16.67,0.12,0.61,0.54,3.27,0.00,524
29.984,16.66,0.11,0.60,0.56,3.25,0.00,523
30.001,16.67,0.10,0.60,0.51,3.26,0.00,521
30.017,16.66,0.11,0.60,0.54,3.26,0.00,522
30.034,16.71,0.10,0.61,0.52,3.24,0.00,522
30.051,16.64,0.11,0.62,0.58,3.20,0.00,523
30.068,16.74,0.10,0.63,0.58,3.24,0.00,521
30.084,16.59,0.10,0.60,0.54,3.21,0.00,521
30.101,16.69,0.09,0.61,0.52,3.22,0.00,520
30.117,16.66,0.10,0.59,0.51,3.24,0.00,519
30.134,16.66,0.10,0.60,0.51,3.24,0.00,517
30.151,16.67,0.10,0.59,0.50,3.24,0.00,516
30.167,16.67,0.09,0.61,0.53,3.23,0.00,516
30.184,16.67,0.10,0.58,0.49,3.22,0.00,516
30.201,16.68,0.10,0.60,0.52,3.22,0.00,516
30.218,16.68,0.13,0.83,0.51,3.18,0.00,569
30.234,16.65,0.12,0.84,0.52,4.07,0.00,571
30.251,16.66,0.12,0.84,0.49,4.13,0.00,571
30.267,16.68,0.10,0.84,0.50,4.13,0.00,571
30.284,16.66,0.12,0.84,0.50,4.13,0.00,570
30.301,16.67,0.12,0.85,0.51,4.12,0.00,569
30.317,16.67,0.12,0.85,0.56,4.10,0.00,571
30.334,16.68,0.11,0.83,0.51,4.06,0.00,570
30.351,16.68,0.12,0.87,0.58,4.05,0.00,568
30.368,16.72,0.11,0.88,0.57,4.04,0.00,569
30.384,16.60,0.13,0.87,0.56,4.03,0.00,568
30.401,16.68,0.12,0.88,0.55,4.05,0.00,570
30.418,16.67,0.11,0.85,0.51,4.04,0.00,572
30.434,16.66,0.12,0.85,0.50,4.07,0.00,571
30.451,16.66,0.13,0.86,0.54,4.07,0.00,570
30.468,16.67,0.12,0.87,0.51,4.04,0.00,568
30.484,16.68,0.10,0.85,0.50,4.06,0.00,567
30.501,16.66,0.11,0.86,0.49,4.09,0.00,567
30.518,16.67,0.11,0.85,0.50,4.06,0.00,569
30.534,16.65,0.12,0.86,0.55,4.07,0.00,582
30.551,16.67,0.12,0.85,0.50,4.05,0.00,582
30.568,16.67,0.12,0.87,0.55,4.08,0.00,581
30.584,16.70,0.11,0.85,0.52,4.01,0.00,584
30.601,16.64,0.12,0.86,0.49,4.05,0.00,582
30.618,16.67,0.11,0.86,0.49,4.07,0.00,581
30.634,16.67,0.13,0.90,0.62,3.51,0.00,582
30.651,16.66,0.12,0.87,0.53,3.44,0.00,582
30.668,16.71,0.10,0.87,0.51,3.45,0.00,582
30.684,16.63,0.11,0.86,0.50,3.47,0.00,579
30.701,16.68,0.10,0.86,0.50,3.49,0.00,580
30.718,16.66,0.11,0.85,0.50,3.50,0.00,578
30.734,16.68,0.10,0.85,0.52,3.51,0.00,579
30.751,16.66,0.11,0.85,0.50,3.50,0.00,581
30.768,16.68,0.10,0.85,0.50,3.52,0.00,581
30.784,16.66,0.11,0.85,0.50,3.52,0.00,581
30.801,16.67,0.11,0.86,0.49,3.53,0.00,581
30.818,16.66,0.13,0.87,0.54,3.53,0.00,579
30.834,16.68,0.11,0.85,0.50,3.51,0.00,579
30.851,16.69,0.10,0.86,0.52,3.52,0.00,579
30.868,16.64,0.11,0.87,0.55,3.53,0.00,580
30.884,16.67,0.11,0.86,0.53,3.54,0.00,579
30.901,16.66,0.11,0.86,0.53,3.53,0.00,580
30.918,16.67,0.11,0.85,0.51,3.52,0.00,581
30.934,16.67,0.12,0.87,0.55,3.54,0.00,581
30.951,16.67,0.11,0.86,0.51,3.53,0.00,582
30.968,16.68,0.12,0.87,0.53,3.55,0.00,581
30.984,16.67,0.12,0.87,0.55,3.55,0.00,581
31.001,16.69,0.10,0.86,0.52,3.57,0.00,581
31.018,16.64,0.12,0.86,0.52,3.55,0.00,581
31.034,16.76,0.11,0.90,0.61,3.57,0.00,581
31.051,16.59,0.12,0.89,0.61,3.51,0.00,581
31.068,16.75,0.10,0.86,0.55,3.52,0.00,580
31.084,16.58,0.12,0.87,0.53,3.52,0.00,577
31.101,16.68,0.11,0.86,0.52,3.57,0.00,576
31.118,16.66,0.11,0.85,0.51,3.57,0.00,576
31.134,16.67,0.11,0.85,0.51,3.59,0.00,575
31.151,16.66,0.11,0.87,0.55,3.60,0.00,577
31.168,16.66,0.11,0.87,0.52,3.51,0.00,577
31.184,16.67,0.10,0.84,0.49,3.57,0.00,578
31.201,16.67,0.11,0.85,0.50,3.60,0.00,578
31.218,16.68,0.10,0.85,0.50,3.61,0.00,577
31.234,16.65,0.11,0.84,0.49,3.61,0.00,577
31.251,16.67,0.10,0.84,0.51,3.59,0.00,579
31.268,16.67,0.11,0.86,0.55,3.60,0.00,578
31.284,16.67,0.10,0.85,0.51,3.58,0.00,578
31.301,16.67,0.11,0.86,0.52,3.62,0.00,577
31.318,16.71,0.10,0.93,0.57,3.59,0.00,577
31.334,16.63,0.15,1.25,0.54,3.58,0.00,642
31.351,16.67,0.12,1.24,0.52,4.55,0.00,642
31.368,16.66,0.13,1.25,0.51,4.53,0.00,644
31.384,16.67,0.13,1.24,0.52,4.56,0.00,644
31.401,16.68,0.14,1.27,0.53,4.57,0.00,645
31.418,16.66,0.14,1.25,0.52,4.50,0.00,648
31.434,16.67,0.13,1.26,0.51,4.56,0.00,646
31.451,16.66,0.14,1.27,0.53,4.59,0.00,648
31.468,16.67,0.13,1.27,0.51,4.56,0.00,647
31.484,16.67,0.13,1.27,0.51,4.59,0.00,649
31.501,16.67,0.14,1.26,0.51,4.58,0.00,650
31.518,16.67,0.13,1.28,0.53,4.60,0.00,651
31.534,16.67,0.13,1.29,0.53,4.63,0.00,652
31.551,16.67,0.14,1.31,0.55,4.64,0.00,652
31.568,16.68,0.13,1.35,0.59,4.67,0.00,652
31.584,16.66,0.14,1.33,0.54,4.62,0.00,653
31.601,16.66,0.13,1.32,0.52,4.71,0.00,653
31.618,16.67,0.13,1.31,0.50,4.73,0.00,655
31.634,16.67,0.13,1.30,0.51,4.73,0.00,655
31.651,16.67,0.13,1.29,0.52,4.76,0.00,655
31.668,16.67,0.13,1.35,0.51,4.76,0.00,655
31.684,16.67,0.13,1.30,0.52,4.77,0.00,657
31.701,16.67,0.13,1.30,0.50,4.83,0.00,651
31.718,16.66,0.13,1.29,0.54,4.86,0.00,649
31.734,16.67,0.13,1.31,0.54,4.46,0.00,649
31.751,16.67,0.12,1.30,0.53,3.93,0.00,652
31.768,16.67,0.13,1.29,0.51,3.96,0.00,654
31.784,16.67,0.13,1.29,0.53,3.96,0.00,655
31.801,16.68,0.11,1.30,0.50,3.98,0.00,657
31.818,16.66,0.13,1.31,0.59,3.97,0.00,659
31.834,16.67,0.12,1.32,0.52,3.95,0.00,662
31.851,16.67,0.13,1.40,0.58,4.00,0.00,661
31.868,16.67,0.13,1.33,0.57,3.97,0.00,661
31.884,16.67,0.12,1.20,0.51,4.00,0.00,662
31.901,16.68,0.12,1.20,0.50,4.03,0.00,665
31.918,16.68,0.25,1.28,0.52,4.01,0.00,677
31.934,16.65,0.12,1.27,0.56,4.14,0.00,683
31.951,16.67,0.12,1.27,0.57,4.20,0.00,683
31.968,16.68,0.12,1.28,0.54,4.20,0.00,687
31.984,16.66,0.12,1.26,0.55,4.21,0.00,687
32.001,16.66,0.12,1.26,0.56,4.23,0.00,686
32.018,16.67,0.12,1.25,0.54,4.20,0.00,685
32.034,16.67,0.12,1.26,0.56,4.21,0.00,684
32.051,16.68,0.11,1.25,0.55,4.22,0.00,685
32.068,16.67,0.14,1.29,0.61,4.22,0.00,685
32.084,16.66,0.11,1.28,0.60,4.15,0.00,684
32.101,16.73,0.11,1.27,0.51,4.20,0.00,681
32.118,16.60,0.12,1.25,0.50,4.18,0.00,682
32.134,16.67,0.12,1.25,0.55,4.23,0.00,683
32.151,16.67,0.12,1.25,0.56,4.20,0.00,685
32.168,16.67,0.12,1.25,0.54,4.20,0.00,685
32.184,16.68,0.11,1.06,0.54,4.21,0.00,686
32.201,16.66,0.18,1.35,0.50,4.22,0.00,744
32.218,16.75,0.16,1.36,0.54,5.14,0.00,741
32.234,16.60,0.17,1.34,0.53,5.12,0.00,741
32.251,16.66,0.16,1.33,0.52,5.12,0.00,743
32.268,16.67,0.16,1.31,0.50,5.13,0.00,744
32.284,16.67,0.16,1.34,0.51,5.15,0.00,745
32.301,16.67,0.17,1.35,0.52,5.12,0.00,748
32.318,16.67,0.17,1.33,0.55,5.12,0.00,747
32.334,16.66,0.17,1.32,0.54,5.08,0.00,746
32.351,16.67,0.16,1.32,0.51,5.11,0.00,745
32.368,16.68,0.19,1.35,0.61,5.15,0.00,746
32.384,16.67,0.18,1.33,0.55,5.10,0.00,747
32.401,16.66,0.17,1.32,0.53,5.12,0.00,748
32.418,16.70,0.16,1.32,0.51,5.12,0.00,746
32.434,16.64,0.17,1.32,0.50,5.14,0.00,749
32.451,16.67,0.18,1.31,0.51,5.17,0.00,753
32.468,16.67,0.17,1.30,0.52,5.17,0.00,751
32.484,16.67,0.14,1.30,0.52,5.18,0.00,749
32.501,16.67,0.14,1.28,0.50,5.19,0.00,749
32.518,16.68,0.13,1.28,0.50,5.21,0.00,749
32.534,16.66,0.14,1.27,0.50,5.23,0.00,751
32.551,16.68,0.13,1.28,0.48,5.22,0.00,752
32.568,16.66,0.13,1.35,0.57,5.21,0.00,751
32.584,16.67,0.15,1.30,0.58,5.16,0.00,751
32.601,16.67,0.15,1.28,0.51,5.20,0.00,749
32.618,16.66,0.14,1.28,0.52,4.67,0.00,748
32.634,16.67,0.14,1.27,0.51,4.67,0.00,747
32.651,16.67,0.14,1.28,0.50,4.67,0.00,747
32.668,16.67,0.14,1.26,0.52,4.68,0.00,746
32.684,16.67,0.15,1.27,0.52,4.66,0.00,743
32.701,16.67,0.14,1.24,0.49,4.73,0.00,736
32.718,16.68,0.13,1.26,0.51,4.72,0.00,724
32.734,16.66,0.14,1.25,0.51,4.70,0.00,713
32.751,16.67,0.14,1.24,0.51,4.68,0.00,706
32.768,16.67,0.15,1.24,0.50,4.66,0.00,702
32.784,16.67,0.14,1.25,0.52,4.67,0.00,699
32.801,16.67,0.14,1.20,0.55,4.67,0.00,692
32.818,16.67,0.14,1.20,0.56,4.67,0.00,687
32.834,16.66,0.15,1.18,0.59,4.59,0.00,683
32.851,16.67,0.14,1.17,0.54,3.81,0.00,683
32.868,16.68,0.14,1.17,0.55,3.87,0.00,685
32.884,16.69,0.13,1.17,0.53,3.85,0.00,684
32.901,16.63,0.14,1.16,0.57,3.83,0.00,684
32.918,16.69,0.13,1.18,0.59,3.84,0.00,684
32.934,16.64,0.14,1.16,0.50,3.82,0.00,682
32.951,16.67,0.14,1.16,0.50,3.86,0.00,680
32.968,16.67,0.13,1.16,0.51,3.84,0.00,681
32.984,16.67,0.13,1.16,0.50,3.86,0.00,680
33.001,16.67,0.13,1.15,0.50,3.83,0.00,681
33.018,16.67,0.14,1.14,0.50,3.82,0.00,681
33.034,16.67,0.14,1.14,0.50,3.85,0.00,680
33.051,16.76,0.13,1.17,0.50,3.84,0.00,679
33.068,16.64,0.13,1.20,0.56,3.83,0.00,679
33.084,16.60,0.14,1.17,0.55,3.76,0.00,677
33.101,16.70,0.13,1.16,0.51,3.77,0.00,676
33.118,16.64,0.13,1.15,0.51,3.81,0.00,676
33.134,16.70,0.13,1.14,0.50,3.81,0.00,676
33.151,16.65,0.12,1.14,0.50,3.81,0.00,674
33.168,16.67,0.12,1.13,0.51,3.77,0.00,673
33.184,16.67,0.12,1.14,0.49,3.80,0.00,674
33.201,16.65,0.14,1.12,0.48,3.85,0.00,671
33.218,16.67,0.13,1.14,0.50,3.83,0.00,664
33.234,16.67,0.13,1.13,0.48,3.84,0.00,664
33.251,16.67,0.13,1.13,0.51,3.85,0.00,663
33.268,16.68,0.12,1.13,0.49,3.85,0.00,663
33.284,16.65,0.12,1.12,0.50,3.88,0.00,660
33.301,16.67,0.14,0.90,0.51,3.84,0.00,645
33.318,16.67,0.14,0.91,0.53,3.82,0.00,645
33.334,16.67,0.14,0.90,0.56,3.81,0.00,646
33.351,16.67,0.15,1.59,0.51,3.77,0.00,662
33.368,16.72,0.15,1.03,0.60,3.87,0.00,663
33.384,16.62,0.15,1.01,0.57,3.82,0.00,666
33.401,16.67,0.14,1.00,0.54,3.84,0.00,667
33.418,16.67,0.14,0.99,0.50,3.84,0.00,669
33.434,16.67,0.14,1.00,0.50,3.90,0.00,671
33.451,16.67,0.13,1.00,0.49,3.93,0.00,669
33.468,16.67,0.13,0.99,0.49,3.96,0.00,669
33.484,16.67,0.12,1.01,0.50,3.94,0.00,669
33.501,16.68,0.12,1.00,0.50,3.95,0.00,671
33.518,16.68,0.12,1.01,0.50,3.94,0.00,675
33.534,16.64,0.14,1.01,0.53,3.97,0.00,675
33.551,16.67,0.13,1.01,0.50,3.97,0.00,673
33.568,16.67,0.13,1.00,0.51,3.97,0.00,675
33.584,16.71,0.14,1.05,0.61,3.98,0.00,676
33.601,16.66,0.14,1.03,0.60,3.93,0.00,678
33.618,16.64,0.14,1.06,0.63,3.94,0.00,678
33.634,16.68,0.13,1.04,0.57,3.96,0.00,676
33.651,16.68,0.13,1.07,0.64,3.97,0.00,673
33.668,16.65,0.14,1.06,0.62,3.90,0.00,666
33.684,16.66,0.14,1.07,0.61,3.91,0.00,654
33.701,16.68,0.14,1.04,0.62,3.93,0.00,640
33.718,16.66,0.14,1.04,0.62,3.59,0.00,637
33.734,16.69,0.14,1.03,0.61,3.61,0.00,638
33.751,16.64,0.12,1.02,0.60,3.53,0.00,639
33.768,16.66,0.12,1.00,0.54,3.61,0.00,639
33.784,16.67,0.13,1.02,0.56,3.60,0.00,638
33.801,16.66,0.13,1.00,0.51,3.62,0.00,636
33.818,16.68,0.14,1.05,0.61,3.62,0.00,635
33.834,16.68,0.14,1.02,0.58,3.60,0.00,636
33.851,16.65,0.13,1.03,0.55,3.61,0.00,636
33.868,16.67,0.14,1.00,0.55,3.63,0.00,637
33.884,16.67,0.14,0.97,0.59,3.61,0.00,635
33.901,16.68,0.15,0.98,0.58,3.60,0.00,635
33.918,16.66,0.28,1.08,0.55,3.58,0.00,681
33.934,16.66,0.14,1.05,0.57,3.83,0.00,693
33.951,16.71,0.14,1.10,0.68,3.96,0.00,691
33.968,16.64,0.13,1.07,0.57,3.94,0.00,689
33.984,16.67,0.13,1.08,0.61,3.93,0.00,689
34.001,16.75,0.13,1.08,0.65,3.92,0.00,689
34.018,16.64,0.13,1.08,0.68,3.95,0.00,687
34.034,16.61,0.14,1.10,0.72,3.92,0.00,686
34.051,16.68,0.14,1.09,0.66,3.93,0.00,686
34.068,16.76,0.13,1.08,0.63,3.94,0.00,686
34.084,16.58,0.13,1.14,0.68,3.95,0.00,688
34.101,16.70,0.12,1.08,0.73,3.92,0.00,688
34.118,16.65,0.14,1.10,0.67,3.96,0.00,690
34.135,16.68,0.13,1.08,0.66,3.94,0.00,691
34.151,16.64,0.12,1.08,0.66,3.97,0.00,689
34.168,16.67,0.15,0.86,0.65,3.91,0.00,690
34.185,16.78,0.12,0.85,0.64,3.99,0.00,689
34.201,16.56,0.13,0.84,0.59,3.98,0.00,693
34.218,16.68,0.14,0.89,0.66,4.03,0.00,695
34.235,16.68,0.13,0.92,0.58,4.01,0.00,697
34.251,16.69,0.14,0.93,0.65,4.02,0.00,697
34.268,16.63,0.14,0.94,0.62,3.98,0.00,698
34.285,16.67,0.14,0.93,0.62,4.02,0.00,698
34.301,16.67,0.14,0.91,0.59,4.01,0.00,701
34.318,16.67,0.14,0.93,0.61,4.04,0.00,701
34.335,16.66,0.14,0.89,0.55,4.03,0.00,698
34.351,16.67,0.13,0.90,0.52,4.05,0.00,697
34.368,16.67,0.13,0.85,0.57,4.03,0.00,688
34.385,16.68,0.14,0.90,0.66,4.02,0.00,690
34.401,16.69,0.12,0.86,0.59,4.01,0.00,692
34.418,16.64,0.13,0.86,0.57,3.99,0.00,690
34.435,16.67,0.13,0.85,0.56,4.03,0.00,692
34.451,16.67,0.12,0.86,0.55,4.03,0.00,693
34.468,16.69,0.11,0.84,0.56,4.04,0.00,693
34.485,16.68,0.13,0.91,0.66,4.03,0.00,692
34.501,16.64,0.13,0.87,0.56,4.00,0.00,691
34.518,16.66,0.12,0.87,0.57,4.03,0.00,691
34.535,16.67,0.13,0.87,0.57,4.04,0.00,689
34.551,16.68,0.11,0.86,0.56,4.02,0.00,686
34.568,16.66,0.13,0.85,0.55,4.03,0.00,686
34.585,16.67,0.14,0.88,0.59,4.00,0.00,683
34.601,16.67,0.13,0.87,0.53,3.98,0.00,682
34.618,16.69,0.11,0.86,0.52,3.99,0.00,681
34.635,16.65,0.13,0.87,0.50,3.97,0.00,679
34.651,16.75,0.11,0.87,0.51,3.97,0.00,679
34.668,16.59,0.13,0.87,0.51,3.95,0.00,676
34.685,16.67,0.12,0.87,0.51,3.97,0.00,674
34.701,16.67,0.13,0.87,0.53,3.96,0.00,672
34.718,16.68,0.11,0.86,0.53,3.94,0.00,670
34.735,16.66,0.13,0.86,0.52,3.93,0.00,668
34.751,16.67,0.11,0.87,0.51,3.92,0.00,664
34.768,16.66,0.12,0.86,0.49,3.93,0.00,664
34.785,16.66,0.14,0.88,0.54,3.82,0.00,660
34.801,16.68,0.12,0.87,0.50,3.85,0.00,658
34.818,16.67,0.12,0.87,0.51,3.85,0.00,657
34.835,16.67,0.30,1.24,0.57,3.86,0.00,704
34.851,16.67,0.18,1.19,0.52,4.67,0.00,701
34.868,16.66,0.17,1.20,0.54,4.41,0.00,698
34.885,16.69,0.16,1.24,0.51,4.36,0.00,700
34.901,16.67,0.16,1.23,0.51,4.38,0.00,700
34.918,16.66,0.15,1.23,0.54,4.34,0.00,699
34.935,16.66,0.17,1.28,0.52,4.39,0.00,707
34.951,16.67,0.17,1.26,0.50,4.36,0.00,707
34.968,16.67,0.16,1.25,0.51,4.41,0.00,708
34.985,16.67,0.17,1.30,0.50,4.38,0.00,714
35.001,16.67,0.17,1.32,0.51,4.35,0.00,716
35.018,16.66,0.17,1.31,0.52,4.35,0.00,715
35.035,16.68,0.15,1.32,0.51,4.37,0.00,716
35.051,16.67,0.15,1.31,0.50,4.36,0.00,716
35.068,16.74,0.16,1.35,0.55,4.37,0.00,717
35.085,16.60,0.17,1.36,0.58,4.39,0.00,716
35.101,16.67,0.16,1.34,0.54,4.35,0.00,715
35.118,16.67,0.16,1.31,0.51,4.36,0.00,718
35.135,16.66,0.17,1.35,0.57,4.36,0.00,718
35.151,16.67,0.16,1.34,0.52,4.36,0.00,716
35.168,16.68,0.15,1.33,0.51,4.34,0.00,713
35.185,16.66,0.16,1.34,0.50,4.40,0.00,715
35.201,16.67,0.17,1.34,0.51,4.41,0.00,717
35.218,16.67,0.16,1.35,0.51,4.43,0.00,717
35.235,16.67,0.15,1.33,0.51,4.44,0.00,716
35.251,16.67,0.15,1.33,0.50,3.86,0.00,716
35.268,16.67,0.15,1.35,0.51,3.88,0.00,716
35.285,16.67,0.16,1.34,0.51,3.84,0.00,714
35.301,16.67,0.16,1.33,0.50,3.86,0.00,716
35.318,16.69,0.15,1.20,0.52,3.91,0.00,716
35.335,16.66,0.17,1.22,0.60,3.89,0.00,717
35.351,16.67,0.14,1.22,0.55,3.85,0.00,716
35.368,16.65,0.15,1.21,0.53,3.83,0.00,715
35.385,16.67,0.16,1.20,0.51,3.88,0.00,715
35.401,16.69,0.15,1.25,0.63,3.88,0.00,715
35.418,16.65,0.17,1.20,0.57,3.83,0.00,711
35.435,16.67,0.16,1.18,0.53,3.88,0.00,713
35.451,16.68,0.15,1.18,0.55,3.89,0.00,711
35.468,16.73,0.13,0.89,0.59,3.83,0.00,709
35.485,16.61,0.18,1.20,0.63,3.84,0.00,709
35.501,16.66,0.17,1.21,0.59,3.83,0.00,707
35.518,16.66,0.15,1.18,0.53,3.84,0.00,707
35.535,16.67,0.16,1.18,0.54,3.86,0.00,706
35.551,16.67,0.16,1.16,0.54,3.98,0.00,704
35.568,16.67,0.16,1.15,0.52,3.97,0.00,700
35.585,16.68,0.12,1.17,0.56,3.98,0.00,734
35.601,16.65,0.13,1.15,0.53,3.98,0.00,734
35.618,16.69,0.11,1.14,0.52,4.01,0.00,732
35.635,16.65,0.13,1.13,0.52,4.00,0.00,731
35.651,16.67,0.14,1.17,0.62,4.00,0.00,732
35.668,16.66,0.13,1.13,0.54,3.96,0.00,729
35.685,16.67,0.13,1.14,0.51,3.97,0.00,726
35.701,16.67,0.13,1.13,0.54,3.98,0.00,728
35.718,16.68,0.13,1.13,0.52,3.99,0.00,727
35.735,16.67,0.13,1.10,0.52,3.97,0.00,725
35.751,16.64,0.14,1.11,0.54,3.97,0.00,724
35.768,16.68,0.13,1.10,0.52,3.96,0.00,724
35.785,16.66,0.13,1.10,0.52,3.98,0.00,724
35.801,16.67,0.14,1.09,0.53,3.98,0.00,722
35.818,16.67,0.13,1.09,0.52,3.98,0.00,723
35.835,16.68,0.16,1.11,0.56,3.95,0.00,723
35.851,16.65,0.09,0.82,0.44,3.91,0.00,722
35.868,16.74,0.09,0.81,0.43,3.91,0.00,720
35.885,16.58,0.09,0.75,0.41,3.90,0.00,721
35.901,16.67,0.08,0.73,0.46,3.97,0.00,721
35.918,16.67,0.19,0.82,0.49,3.92,0.00,737
35.935,16.67,0.09,0.79,0.44,4.11,0.00,744
35.951,16.67,0.09,0.79,0.44,4.20,0.00,743
35.968,16.67,0.08,0.80,0.40,4.18,0.00,743
35.985,16.70,0.12,1.11,0.58,4.15,0.00,743
36.001,16.67,0.13,1.10,0.56,4.12,0.00,743
36.018,16.65,0.14,1.10,0.54,4.13,0.00,743
36.035,16.68,0.12,1.07,0.53,4.16,0.00,739
36.051,16.66,0.14,1.09,0.60,4.08,0.00,737
36.068,16.66,0.13,1.06,0.52,4.11,0.00,738
36.085,16.67,0.13,1.05,0.56,4.10,0.00,738
36.101,16.66,0.09,0.78,0.41,4.05,0.00,738
36.118,16.67,0.13,1.05,0.52,4.06,0.00,739
36.135,16.67,0.13,1.04,0.52,4.09,0.00,738
36.151,16.71,0.16,1.09,0.59,4.08,0.00,736
36.168,16.63,0.14,1.05,0.56,4.03,0.00,734
36.185,16.67,0.13,1.06,0.53,4.05,0.00,733
36.201,16.66,0.13,1.04,0.54,4.02,0.00,730
36.218,16.67,0.14,1.06,0.55,4.02,0.00,729
36.235,16.67,0.14,1.03,0.56,4.03,0.00,726
36.251,16.68,0.12,1.01,0.52,4.04,0.00,726
36.268,16.65,0.11,1.02,0.52,4.06,0.00,724
36.285,16.67,0.12,1.01,0.54,4.02,0.00,722
36.301,16.68,0.11,1.00,0.51,4.01,0.00,720
36.318,16.65,0.12,1.01,0.51,3.99,0.00,719
36.335,16.67,0.12,0.99,0.50,3.99,0.00,717
36.351,16.67,0.13,1.00,0.56,3.54,0.00,717
36.368,16.67,0.12,0.98,0.52,3.59,0.00,716
36.385,16.68,0.11,0.96,0.51,3.58,0.00,714
36.401,16.69,0.11,0.98,0.56,3.61,0.00,714
36.418,16.63,0.12,0.97,0.51,3.54,0.00,712
36.435,16.68,0.11,0.96,0.50,3.54,0.00,709
36.451,16.66,0.12,0.96,0.49,3.55,0.00,708
36.468,16.67,0.14,1.01,0.61,3.53,0.00,707
36.485,16.66,0.13,0.97,0.53,3.51,0.00,708
36.501,16.67,0.12,0.97,0.52,3.49,0.00,706
36.518,16.69,0.13,1.00,0.56,3.49,0.00,705
36.535,16.65,0.13,0.96,0.54,3.48,0.00,704
36.551,16.67,0.12,0.99,0.55,3.45,0.00,703
36.568,16.67,0.12,0.97,0.54,3.47,0.00,702
36.585,16.67,0.13,0.97,0.54,3.47,0.00,699
36.601,16.67,0.13,0.98,0.57,3.42,0.00,696
36.618,16.66,0.11,0.92,0.56,3.43,0.00,694
36.635,16.67,0.12,0.92,0.56,3.45,0.00,692
36.651,16.68,0.10,0.92,0.55,3.44,0.00,691
36.668,16.67,0.12,0.92,0.56,3.41,0.00,687
36.685,16.67,0.10,0.92,0.55,3.40,0.00,687
36.701,16.65,0.12,0.92,0.52,3.43,0.00,682
36.718,16.66,0.12,0.93,0.54,3.43,0.00,678
36.735,16.68,0.12,0.94,0.52,3.40,0.00,670
36.751,16.67,0.11,0.92,0.49,3.40,0.00,668
36.768,16.68,0.10,0.91,0.51,3.41,0.00,663
36.785,16.76,0.11,0.92,0.53,3.38,0.00,660
36.801,16.57,0.12,0.66,0.51,3.37,0.00,633
36.818,16.68,0.11,0.67,0.51,3.34,0.00,633
36.835,16.66,0.17,0.94,0.51,3.34,0.00,677
36.851,16.66,0.16,0.96,0.55,4.22,0.00,676
36.868,16.67,0.17,0.95,0.51,4.15,0.00,674
36.885,16.67,0.16,0.95,0.52,4.13,0.00,649
36.901,16.67,0.16,0.94,0.51,4.12,0.00,649
36.918,16.67,0.16,0.96,0.55,4.08,0.00,649
36.935,16.66,0.15,0.95,0.52,4.13,0.00,649
36.951,16.68,0.15,0.96,0.52,4.11,0.00,647
36.968,16.66,0.17,0.97,0.51,4.11,0.00,647
36.985,16.66,0.16,0.97,0.52,4.11,0.00,647
37.001,16.70,0.15,0.97,0.52,4.12,0.00,649
37.018,16.65,0.15,0.94,0.52,4.09,0.00,649
37.035,16.68,0.15,0.96,0.51,4.15,0.00,650
37.051,16.67,0.15,0.97,0.50,4.13,0.00,650
37.068,16.73,0.16,0.99,0.56,4.17,0.00,651
37.085,16.59,0.17,1.00,0.57,4.18,0.00,647
37.101,16.67,0.16,1.00,0.57,4.18,0.00,648
37.118,16.67,0.14,0.97,0.52,4.15,0.00,647
37.135,16.67,0.13,0.97,0.51,4.14,0.00,648
37.151,16.67,0.13,0.97,0.50,4.16,0.00,646
37.168,16.68,0.12,0.98,0.51,4.17,0.00,645
37.185,16.67,0.12,0.97,0.52,4.17,0.00,645
37.201,16.67,0.14,0.98,0.52,4.23,0.00,644
37.218,16.65,0.13,0.96,0.51,4.19,0.00,644
37.235,16.67,0.13,0.97,0.51,4.19,0.00,642
37.251,16.67,0.13,0.97,0.52,3.63,0.00,643
37.268,16.68,0.12,0.96,0.52,3.61,0.00,642
37.285,16.67,0.12,0.97,0.50,3.64,0.00,642
37.301,16.66,0.13,0.97,0.51,3.59,0.00,644
37.318,16.67,0.13,0.97,0.53,3.62,0.00,643
37.335,16.66,0.13,0.97,0.51,3.61,0.00,641
37.351,16.67,0.15,0.99,0.56,3.61,0.00,641
37.368,16.67,0.14,0.98,0.55,3.56,0.00,642
37.385,16.66,0.13,0.97,0.52,3.56,0.00,641
37.401,16.68,0.14,0.98,0.52,3.56,0.00,639
37.418,16.68,0.12,0.98,0.52,3.55,0.00,639
37.435,16.65,0.13,0.98,0.52,3.60,0.00,640
37.451,16.67,0.14,0.97,0.52,3.57,0.00,640
37.468,16.67,0.14,0.99,0.55,3.61,0.00,642
37.485,16.68,0.12,0.96,0.50,3.55,0.00,641
37.501,16.65,0.13,0.98,0.54,3.60,0.00,641
37.518,16.67,0.13,0.97,0.51,3.57,0.00,638
37.535,16.67,0.14,0.98,0.52,3.60,0.00,640
37.551,16.67,0.13,0.96,0.50,3.61,0.00,641
37.568,16.66,0.13,0.97,0.53,3.59,0.00,639
37.585,16.67,0.12,0.96,0.52,3.61,0.00,639
37.601,16.67,0.13,0.98,0.56,3.62,0.00,641
37.618,16.67,0.13,0.97,0.51,3.58,0.00,641
37.635,16.67,0.13,0.97,0.51,3.59,0.00,640
37.651,16.67,0.13,0.96,0.51,3.60,0.00,640
37.668,16.67,0.12,0.96,0.51,3.64,0.00,641
37.685,16.67,0.12,0.96,0.51,3.67,0.00,640
37.701,16.70,0.11,0.97,0.55,3.63,0.00,641
37.718,16.66,0.14,1.00,0.63,3.58,0.00,643
37.735,16.65,0.14,1.00,0.59,3.58,0.00,642
37.751,16.66,0.13,0.96,0.53,3.60,0.00,644
37.768,16.67,0.12,0.96,0.51,3.63,0.00,649
37.785,16.67,0.12,0.94,0.50,3.68,0.00,650
37.801,16.66,0.12,0.96,0.52,3.68,0.00,651
37.818,16.67,0.12,0.94,0.54,3.69,0.00,652
37.835,16.67,0.11,0.93,0.52,3.70,0.00,649
37.851,16.67,0.13,0.97,0.57,3.70,0.00,650
37.868,16.68,0.11,0.98,0.52,3.65,0.00,653
37.885,16.66,0.11,0.85,0.50,3.70,0.00,658
37.902,16.68,0.11,0.86,0.52,3.74,0.00,658
37.918,16.67,0.24,0.97,0.52,3.73,0.00,680
37.935,16.65,0.13,0.96,0.56,3.84,0.00,691
37.951,16.67,0.12,0.95,0.54,4.02,0.00,690
37.968,16.67,0.12,0.95,0.54,4.04,0.00,691
37.985,16.67,0.13,0.96,0.55,4.01,0.00,691
38.001,16.67,0.13,0.96,0.54,4.04,0.00,691
38.018,16.67,0.13,0.94,0.57,4.06,0.00,691
38.035,16.66,0.13,0.98,0.61,4.06,0.00,692
38.051,16.68,0.12,0.95,0.56,4.03,0.00,694
38.068,16.75,0.12,1.04,0.61,4.07,0.00,695
38.085,16.60,0.13,0.98,0.58,4.03,0.00,695
38.102,16.67,0.13,1.01,0.66,4.08,0.00,695
38.118,16.65,0.14,1.01,0.54,4.02,0.00,698
38.135,16.67,0.13,1.00,0.52,4.07,0.00,697
38.152,16.68,0.13,1.01,0.52,4.10,0.00,697
38.168,16.65,0.12,1.00,0.52,4.09,0.00,698
38.185,16.68,0.13,0.98,0.51,4.12,0.00,697
38.202,16.67,0.12,1.00,0.55,4.12,0.00,697
38.218,16.73,0.11,0.99,0.52,4.08,0.00,696
38.235,16.60,0.13,0.96,0.56,4.09,0.00,694
38.252,16.68,0.11,0.95,0.55,4.11,0.00,693
38.268,16.67,0.11,0.94,0.56,4.13,0.00,689
38.285,16.65,0.12,0.96,0.57,4.09,0.00,687
38.302,16.67,0.13,0.95,0.57,4.10,0.00,688
38.318,16.67,0.13,0.93,0.56,4.09,0.00,684
38.335,16.66,0.12,0.92,0.52,4.08,0.00,676
38.352,16.67,0.13,0.92,0.55,3.64,0.00,675
38.368,16.68,0.13,0.96,0.61,3.58,0.00,674
38.385,16.68,0.11,0.93,0.53,3.58,0.00,672
38.402,16.66,0.11,0.93,0.54,3.60,0.00,671
38.418,16.65,0.12,0.91,0.51,3.57,0.00,670
38.435,16.68,0.11,0.92,0.50,3.58,0.00,671
38.452,16.67,0.10,0.91,0.50,3.56,0.00,670
38.468,16.67,0.11,0.90,0.52,3.60,0.00,668
38.485,16.65,0.11,0.90,0.51,3.59,0.00,668
38.502,16.66,0.13,0.93,0.55,3.57,0.00,663
38.518,16.68,0.12,0.91,0.54,3.55,0.00,661
38.535,16.68,0.13,0.94,0.59,3.56,0.00,660
38.552,16.64,0.13,0.93,0.56,3.52,0.00,660
38.568,16.67,0.11,0.91,0.52,3.54,0.00,658
38.585,16.67,0.12,0.91,0.52,3.55,0.00,656
38.602,16.66,0.12,0.93,0.56,3.58,0.00,653
38.618,16.68,0.11,0.90,0.53,3.53,0.00,652
38.635,16.65,0.11,0.89,0.51,3.51,0.00,652
38.652,16.68,0.13,0.91,0.54,3.53,0.00,653
38.668,16.66,0.11,0.70,0.48,3.50,0.00,653
38.685,16.67,0.12,0.92,0.58,3.44,0.00,653
38.702,16.67,0.12,0.90,0.51,3.47,0.00,650
38.718,16.68,0.11,0.91,0.52,3.50,0.00,649
38.735,16.66,0.11,0.91,0.51,3.46,0.00,645
38.752,16.67,0.12,0.90,0.52,3.48,0.00,642
38.768,16.67,0.11,0.90,0.51,3.49,0.00,639
38.785,16.69,0.11,0.91,0.50,3.46,0.00,638
38.802,16.64,0.11,0.67,0.50,3.44,0.00,637
38.818,16.68,0.11,0.65,0.50,3.44,0.00,637
38.835,16.66,0.11,0.66,0.49,3.48,0.00,637
38.852,16.67,0.13,0.68,0.57,3.48,0.00,636
38.868,16.70,0.10,0.68,0.51,3.41,0.00,636
38.885,16.63,0.12,0.65,0.49,3.45,0.00,636
38.902,16.67,0.12,0.66,0.49,3.43,0.00,633
38.918,16.67,0.12,0.68,0.54,3.40,0.00,629
38.935,16.67,0.12,0.67,0.52,3.41,0.00,629
38.952,16.66,0.12,0.67,0.53,3.46,0.00,627
38.968,16.67,0.12,0.67,0.50,3.43,0.00,626
38.985,16.67,0.11,0.65,0.49,3.42,0.00,625
39.002,16.68,0.10,0.67,0.50,3.43,0.00,623
39.018,16.74,0.11,0.69,0.58,3.41,0.00,622
39.035,16.58,0.12,0.67,0.51,3.36,0.00,620
39.052,16.68,0.14,0.70,0.60,3.39,0.00,618
39.068,16.74,0.11,0.68,0.51,3.36,0.00,618
39.085,16.58,0.12,0.67,0.52,3.39,0.00,617
39.102,16.68,0.11,0.69,0.54,3.41,0.00,615
39.118,16.66,0.11,0.66,0.54,3.36,0.00,615
39.135,16.67,0.11,0.67,0.50,3.36,0.00,614
39.152,16.67,0.12,0.67,0.49,3.37,0.00,612
39.168,16.68,0.10,0.68,0.50,3.35,0.00,612
39.185,16.74,0.11,0.66,0.49,3.36,0.00,612
39.202,16.60,0.10,0.66,0.51,3.38,0.00,611
39.218,16.67,0.10,0.67,0.51,3.36,0.00,610
39.235,16.66,0.11,0.67,0.52,3.36,0.00,609
39.252,16.67,0.11,0.65,0.48,3.34,0.00,608
39.268,16.68,0.10,0.67,0.50,3.34,0.00,608
39.285,16.66,0.11,0.66,0.50,3.35,0.00,607
39.302,16.68,0.10,0.67,0.49,3.32,0.00,607
39.318,16.67,0.10,0.66,0.50,3.33,0.00,604
39.335,16.67,0.10,0.67,0.49,3.32,0.00,601
39.352,16.66,0.12,0.69,0.54,3.32,0.00,600
39.368,16.67,0.11,0.67,0.51,3.26,0.00,599
39.385,16.67,0.11,0.67,0.50,3.29,0.00,597
39.402,16.68,0.10,0.66,0.51,3.29,0.00,597
39.418,16.66,0.11,0.68,0.49,3.26,0.00,595
39.435,16.76,0.10,0.68,0.50,3.30,0.00,592
39.452,16.59,0.09,0.67,0.48,3.29,0.00,591
39.468,16.65,0.11,0.67,0.49,3.29,0.00,591
39.485,16.68,0.10,0.68,0.53,3.29,0.00,591
39.502,16.66,0.11,0.69,0.49,3.29,0.00,591
39.518,16.68,0.10,0.67,0.49,3.29,0.00,588
39.535,16.66,0.12,0.67,0.50,3.30,0.00,594
39.552,16.68,0.09,0.66,0.48,3.31,0.00,593
39.568,16.66,0.11,0.66,0.49,3.34,0.00,593
39.585,16.67,0.10,0.67,0.51,3.33,0.00,591
39.602,16.67,0.12,0.77,0.55,3.34,0.00,589
39.618,16.66,0.11,0.69,0.52,3.28,0.00,589
39.635,16.71,0.10,0.71,0.57,3.31,0.00,587
39.652,16.62,0.13,1.00,0.55,3.27,0.00,621
39.668,16.68,0.13,0.99,0.54,4.13,0.00,622
39.685,16.65,0.14,1.01,0.55,4.10,0.00,621
39.702,16.67,0.13,0.99,0.52,4.12,0.00,621
39.718,16.67,0.13,1.00,0.51,4.14,0.00,620
39.735,16.66,0.13,1.02,0.52,4.15,0.00,617
39.752,16.67,0.13,1.01,0.52,4.15,0.00,618
39.768,16.67,0.13,1.01,0.51,4.18,0.00,619
39.785,16.67,0.13,1.01,0.50,4.17,0.00,620
39.802,16.67,0.13,1.02,0.51,4.18,0.00,618
39.818,16.67,0.13,1.01,0.50,4.20,0.00,618
39.835,16.67,0.12,1.02,0.50,4.18,0.00,617
39.852,16.67,0.12,1.10,0.58,4.18,0.00,617
39.868,16.66,0.14,1.05,0.56,4.11,0.00,618
39.885,16.67,0.13,0.94,0.51,4.16,0.00,618
39.902,16.66,0.12,0.93,0.50,4.17,0.00,620
39.918,16.69,0.23,1.02,0.53,4.20,0.00,651
39.935,16.65,0.12,1.03,0.51,4.42,0.00,665
39.952,16.68,0.11,1.03,0.52,4.56,0.00,665
39.968,16.67,0.15,1.07,0.58,4.58,0.00,666
39.985,16.65,0.13,1.03,0.51,4.54,0.00,666
40.002,16.77,0.12,1.06,0.55,4.60,0.00,668
40.018,16.57,0.13,1.05,0.53,4.58,0.00,667
40.035,16.67,0.13,1.07,0.59,4.56,0.00,664
40.052,16.67,0.13,1.08,0.60,4.53,0.00,664
40.068,16.76,0.12,1.07,0.56,3.97,0.00,664
40.085,16.58,0.14,1.07,0.57,3.95,0.00,663
40.102,16.71,0.11,1.06,0.53,3.99,0.00,663
40.118,16.64,0.13,1.07,0.56,3.97,0.00,670
40.135,16.66,0.12,1.06,0.51,4.00,0.00,672
40.152,16.66,0.12,1.05,0.54,3.99,0.00,674
40.168,16.67,0.12,1.06,0.52,4.02,0.00,675
40.185,16.67,0.12,1.05,0.51,4.02,0.00,674
40.202,16.67,0.13,1.05,0.51,4.04,0.00,674
40.218,16.68,0.13,1.07,0.58,4.06,0.00,670
40.235,16.66,0.11,1.04,0.51,4.01,0.00,670
40.252,16.67,0.13,1.05,0.54,4.02,0.00,669
40.268,16.67,0.12,1.04,0.50,4.04,0.00,669
40.285,16.68,0.12,1.05,0.51,4.03,0.00,669
40.302,16.66,0.12,1.04,0.50,4.05,0.00,668
40.318,16.67,0.12,1.04,0.50,4.04,0.00,668
40.335,16.68,0.10,1.04,0.51,4.08,0.00,666
40.352,16.67,0.10,1.05,0.52,4.05,0.00,665
40.368,16.67,0.12,1.05,0.54,4.01,0.00,661
40.385,16.65,0.11,1.04,0.50,4.02,0.00,660
40.402,16.68,0.11,1.04,0.53,4.06,0.00,657
40.418,16.66,0.12,1.02,0.50,4.02,0.00,657
40.435,16.67,0.12,1.03,0.51,4.06,0.00,655
40.452,16.68,0.11,1.03,0.52,4.08,0.00,653
40.468,16.66,0.12,1.04,0.54,4.08,0.00,653
40.485,16.67,0.12,1.03,0.51,4.04,0.00,651
40.502,16.67,0.12,1.03,0.50,4.06,0.00,649
40.518,16.67,0.12,1.02,0.51,4.06,0.00,650
40.535,16.68,0.13,1.04,0.57,4.07,0.00,646
40.552,16.66,0.12,1.04,0.53,4.04,0.00,642
40.568,16.66,0.11,1.03,0.51,4.05,0.00,646
40.585,16.68,0.13,1.03,0.54,4.05,0.00,646
40.602,16.66,0.12,1.02,0.51,4.03,0.00,645
40.618,16.67,0.12,1.03,0.55,3.97,0.00,644
40.635,16.67,0.11,1.02,0.53,4.01,0.00,643
40.652,16.68,0.10,1.01,0.50,4.01,0.00,643
40.668,16.68,0.11,1.00,0.51,4.03,0.00,643
40.685,16.64,0.11,1.01,0.51,4.03,0.00,650
40.702,16.67,0.11,1.00,0.50,4.05,0.00,652
40.718,16.68,0.10,0.99,0.50,4.03,0.00,652
40.735,16.66,0.11,1.00,0.50,4.01,0.00,650
40.752,16.68,0.10,0.99,0.50,4.02,0.00,649
40.768,16.66,0.12,1.04,0.60,4.02,0.00,651
40.785,16.66,0.11,1.02,0.54,4.01,0.00,652
40.802,16.67,0.12,0.99,0.53,4.01,0.00,649
40.818,16.67,0.10,0.99,0.52,4.02,0.00,647
40.835,16.67,0.11,0.99,0.51,4.02,0.00,646
40.852,16.67,0.11,0.98,0.50,4.02,0.00,645
40.868,16.66,0.12,1.00,0.56,3.96,0.00,639
40.885,16.67,0.11,0.98,0.51,3.94,0.00,638
40.902,16.67,0.11,0.98,0.51,4.00,0.00,638
40.918,16.69,0.10,0.97,0.52,3.96,0.00,636
40.935,16.66,0.10,0.98,0.53,3.98,0.00,635
40.952,16.67,0.13,1.01,0.61,3.92,0.00,631
40.968,16.65,0.11,1.00,0.55,3.94,0.00,630
40.985,16.67,0.12,0.98,0.53,3.95,0.00,628
41.002,16.67,0.11,0.98,0.53,3.95,0.00,624
41.018,16.69,0.10,0.96,0.52,3.94,0.00,622
41.035,16.72,0.11,1.01,0.60,3.94,0.00,618
41.052,16.59,0.12,0.99,0.57,3.88,0.00,615
41.068,16.68,0.12,1.00,0.56,3.89,0.00,610
41.085,16.67,0.12,0.97,0.52,3.89,0.00,604
41.102,16.68,0.14,1.18,0.52,3.90,0.00,650
41.118,16.67,0.14,1.20,0.58,4.78,0.00,648
41.135,16.64,0.13,1.20,0.55,4.68,0.00,641
41.152,16.67,0.13,1.17,0.52,4.70,0.00,636
41.168,16.69,0.11,1.16,0.53,4.24,0.00,635
41.185,16.64,0.12,1.17,0.51,4.25,0.00,634
41.202,16.67,0.12,1.17,0.53,4.24,0.00,632
41.219,16.76,0.13,1.19,0.55,4.23,0.00,633
41.235,16.59,0.12,1.17,0.52,4.23,0.00,633
41.252,16.65,0.13,1.15,0.51,4.23,0.00,633
41.268,16.67,0.12,1.17,0.51,4.22,0.00,632
41.285,16.67,0.12,1.18,0.50,4.23,0.00,632
41.302,16.67,0.12,1.17,0.49,4.21,0.00,632
41.318,16.68,0.12,1.16,0.49,4.21,0.00,633
41.335,16.66,0.12,1.17,0.51,4.22,0.00,629
41.352,16.67,0.12,1.16,0.49,4.20,0.00,629
41.368,16.66,0.13,1.18,0.53,4.21,0.00,628
41.385,16.67,0.12,1.16,0.50,4.14,0.00,627
41.402,16.68,0.12,1.18,0.51,4.15,0.00,626
41.418,16.66,0.12,1.17,0.51,4.14,0.00,626
41.435,16.66,0.12,1.18,0.51,4.12,0.00,626
41.452,16.67,0.12,1.16,0.50,4.18,0.00,625
41.468,16.68,0.11,1.18,0.49,4.19,0.00,623
41.485,16.66,0.13,1.19,0.53,4.17,0.00,623
41.502,16.66,0.12,1.18,0.50,4.12,0.00,619
41.518,16.66,0.12,1.18,0.53,3.57,0.00,615
41.535,16.68,0.12,1.20,0.51,3.55,0.00,610
41.552,16.67,0.13,1.18,0.52,3.55,0.00,610
41.568,16.67,0.12,1.17,0.50,3.58,0.00,607
41.585,16.66,0.12,1.17,0.49,3.58,0.00,602
41.602,16.67,0.11,1.17,0.47,3.58,0.00,592
41.618,16.67,0.12,0.89,0.53,3.56,0.00,556
41.635,16.66,0.11,0.89,0.50,3.49,0.00,552
41.652,16.67,0.11,0.89,0.49,3.52,0.00,554
41.668,16.68,0.11,0.89,0.50,3.52,0.00,555
41.685,16.65,0.12,0.89,0.54,3.55,0.00,555
41.702,16.68,0.10,0.88,0.49,3.52,0.00,552
41.718,16.66,0.12,0.88,0.53,3.53,0.00,549
41.735,16.66,0.11,0.87,0.49,3.52,0.00,546
41.752,16.67,0.11,0.87,0.48,3.55,0.00,545
41.768,16.68,0.10,0.89,0.50,3.52,0.00,546
41.785,16.66,0.12,0.88,0.57,3.62,0.00,546
41.802,16.75,0.10,0.88,0.53,3.59,0.00,546
41.818,16.58,0.12,0.87,0.49,3.59,0.00,545
41.835,16.67,0.11,0.89,0.50,3.63,0.00,559
41.852,16.67,0.11,0.90,0.52,3.64,0.00,561
41.868,16.67,0.11,0.90,0.55,3.64,0.00,561
41.885,16.67,0.11,0.81,0.51,3.61,0.00,561
41.902,16.68,0.11,0.85,0.60,3.58,0.00,563
41.918,16.65,0.23,0.90,0.53,3.59,0.00,622
41.935,16.67,0.12,0.89,0.54,3.76,0.00,636
41.952,16.66,0.11,0.89,0.51,3.91,0.00,638
41.969,16.67,0.11,0.89,0.52,3.89,0.00,640
41.985,16.68,0.10,0.89,0.51,3.88,0.00,640
42.002,16.66,0.12,0.90,0.55,3.84,0.00,641
42.019,16.67,0.11,0.89,0.51,3.89,0.00,641
42.035,16.67,0.11,0.90,0.53,3.91,0.00,642
42.052,16.69,0.10,0.90,0.52,3.89,0.00,643
42.069,16.65,0.11,0.90,0.52,3.91,0.00,645
42.085,16.68,0.10,0.89,0.51,3.89,0.00,646
42.102,16.67,0.12,0.90,0.53,3.89,0.00,647
42.119,16.66,0.12,0.90,0.55,3.89,0.00,649
42.135,16.76,0.10,0.90,0.52,3.85,0.00,652
42.152,16.58,0.11,0.88,0.51,3.88,0.00,652
42.169,16.67,0.11,0.90,0.51,3.90,0.00,651
42.185,16.67,0.11,0.89,0.52,3.89,0.00,653
42.202,16.66,0.11,0.91,0.55,3.88,0.00,650
42.219,16.67,0.12,0.89,0.52,3.84,0.00,651
42.235,16.68,0.10,0.88,0.51,3.90,0.00,655
42.252,16.66,0.11,0.89,0.49,3.91,0.00,656
42.269,16.68,0.10,0.89,0.49,3.92,0.00,656
42.285,16.66,0.11,0.92,0.56,3.91,0.00,657
42.302,16.67,0.12,0.91,0.56,3.92,0.00,657
42.319,16.68,0.10,0.90,0.53,3.88,0.00,660
42.335,16.65,0.12,0.90,0.51,3.90,0.00,660
42.352,16.66,0.11,0.88,0.50,3.91,0.00,661
42.369,16.67,0.11,0.91,0.56,3.91,0.00,661
42.385,16.67,0.11,0.89,0.51,3.88,0.00,661
42.402,16.69,0.13,0.93,0.59,3.89,0.00,662
42.419,16.65,0.12,0.91,0.57,3.87,0.00,663
42.435,16.68,0.10,0.90,0.52,3.88,0.00,666
42.452,16.66,0.12,0.88,0.51,3.90,0.00,664
42.469,16.68,0.10,0.89,0.53,3.92,0.00,665
42.485,16.66,0.11,0.88,0.51,3.95,0.00,661
42.502,16.67,0.11,0.88,0.50,3.94,0.00,657
42.519,16.67,0.10,0.87,0.50,3.94,0.00,656
42.535,16.67,0.10,0.88,0.52,3.95,0.00,651
42.552,16.68,0.11,0.87,0.49,3.91,0.00,643
42.569,16.66,0.11,0.88,0.50,3.93,0.00,632
42.585,16.67,0.11,0.89,0.52,3.88,0.00,621
42.602,16.67,0.11,0.83,0.49,3.90,0.00,613
42.619,16.70,0.10,0.87,0.58,3.54,0.00,611
42.635,16.63,0.11,0.86,0.51,3.48,0.00,611
42.652,16.68,0.10,0.85,0.54,3.48,0.00,612
42.669,16.69,0.10,0.86,0.53,3.49,0.00,612
42.685,16.63,0.11,0.83,0.48,3.51,0.00,611
42.702,16.69,0.10,0.83,0.52,3.52,0.00,610
42.719,16.66,0.10,0.83,0.52,3.49,0.00,607
42.735,16.67,0.11,0.84,0.52,3.49,0.00,606
42.752,16.67,0.11,0.83,0.49,3.48,0.00,606
42.769,16.68,0.10,0.83,0.50,3.46,0.00,606
42.785,16.66,0.11,0.83,0.50,3.43,0.00,604
42.802,16.69,0.10,0.84,0.51,3.45,0.00,603
42.819,16.65,0.09,0.83,0.49,3.43,0.00,601
42.835,16.67,0.09,0.83,0.48,3.39,0.00,597
42.852,16.65,0.10,0.83,0.49,3.38,0.00,597
42.869,16.72,0.10,0.86,0.58,3.38,0.00,596
42.885,16.62,0.11,0.85,0.54,3.34,0.00,596
42.902,16.67,0.11,0.85,0.51,3.35,0.00,597
42.919,16.68,0.11,0.84,0.52,3.32,0.00,594
42.935,16.67,0.10,0.84,0.51,3.32,0.00,592
42.952,16.67,0.09,0.83,0.50,3.31,0.00,589
42.969,16.66,0.11,0.83,0.51,3.30,0.00,588
42.985,16.68,0.10,0.83,0.51,3.28,0.00,586
43.002,16.66,0.14,1.06,0.53,3.28,0.00,640
43.019,16.67,0.13,1.04,0.51,4.14,0.00,637
43.035,16.68,0.12,1.06,0.52,4.13,0.00,633
43.052,16.66,0.13,1.04,0.49,4.10,0.00,625
43.069,16.73,0.12,0.84,0.50,4.11,0.00,590
43.085,16.70,0.12,0.82,0.51,4.03,0.00,589
43.102,16.59,0.12,0.83,0.51,4.05,0.00,588
43.119,16.64,0.14,0.84,0.58,4.08,0.00,588
43.135,16.69,0.12,0.86,0.57,4.03,0.00,589
43.152,16.67,0.12,0.84,0.54,4.04,0.00,588
43.169,16.67,0.11,0.85,0.51,4.06,0.00,623
43.185,16.66,0.13,0.85,0.53,4.07,0.00,624
43.202,16.67,0.11,0.83,0.52,4.11,0.00,625
43.219,16.66,0.14,0.86,0.59,4.14,0.00,626
43.235,16.67,0.13,0.85,0.54,4.05,0.00,626
43.252,16.67,0.12,0.84,0.50,4.07,0.00,626
43.269,16.67,0.11,0.84,0.50,4.10,0.00,628
43.285,16.68,0.11,0.83,0.51,4.13,0.00,629
43.302,16.67,0.11,0.84,0.50,4.13,0.00,630
43.319,16.66,0.13,0.83,0.50,4.12,0.00,631
43.335,16.67,0.12,0.85,0.52,4.17,0.00,633
43.352,16.67,0.12,0.84,0.51,4.13,0.00,630
43.369,16.70,0.14,0.87,0.60,4.13,0.00,631
43.385,16.64,0.12,0.85,0.56,4.08,0.00,630
43.402,16.67,0.12,0.84,0.57,4.10,0.00,630
43.419,16.67,0.14,0.85,0.60,3.54,0.00,630
43.435,16.65,0.12,0.82,0.52,3.54,0.00,634
43.452,16.66,0.12,0.83,0.52,3.61,0.00,635
43.469,16.69,0.11,0.83,0.51,3.58,0.00,634
43.485,16.66,0.12,0.83,0.49,3.61,0.00,636
43.502,16.66,0.12,0.83,0.51,3.60,0.00,634
43.519,16.67,0.12,0.82,0.49,3.63,0.00,632
43.535,16.66,0.13,0.85,0.54,3.61,0.00,632
43.552,16.68,0.11,0.81,0.49,3.60,0.00,629
43.569,16.66,0.11,0.83,0.50,3.62,0.00,628
43.585,16.67,0.12,0.82,0.47,3.63,0.00,631
43.602,16.67,0.12,0.82,0.52,3.61,0.00,631
43.619,16.66,0.12,0.83,0.56,3.62,0.00,633
43.635,16.67,0.12,0.85,0.57,3.59,0.00,631
43.652,16.67,0.12,0.81,0.49,3.59,0.00,632
43.669,16.67,0.12,0.84,0.53,3.63,0.00,631
43.685,16.67,0.12,0.87,0.61,3.63,0.00,631
43.702,16.67,0.13,0.87,0.61,3.57,0.00,632
43.719,16.67,0.12,0.83,0.55,3.59,0.00,632
43.735,16.67,0.13,0.86,0.59,3.60,0.00,628
43.752,16.66,0.11,0.84,0.56,3.57,0.00,628
43.769,16.67,0.12,0.82,0.50,3.63,0.00,629
43.785,16.68,0.11,0.82,0.52,3.64,0.00,628
43.802,16.68,0.11,0.82,0.52,3.62,0.00,628
43.819,16.66,0.10,0.81,0.50,3.63,0.00,626
43.835,16.65,0.12,0.84,0.57,3.64,0.00,627
43.852,16.67,0.11,0.82,0.51,3.62,0.00,629
43.869,16.69,0.13,0.83,0.54,3.68,0.00,630
43.885,16.65,0.11,0.78,0.56,3.64,0.00,629
43.902,16.68,0.10,0.76,0.49,3.62,0.00,630
43.919,16.66,0.25,0.87,0.57,3.63,0.00,683
43.935,16.67,0.12,0.86,0.56,3.85,0.00,691
43.952,16.67,0.12,0.84,0.55,3.99,0.00,692
43.969,16.67,0.12,0.85,0.55,3.96,0.00,692
43.985,16.69,0.11,0.85,0.54,3.99,0.00,692
44.002,16.66,0.11,0.85,0.58,4.02,0.00,691
44.019,16.68,0.11,0.83,0.56,4.01,0.00,691
44.035,16.63,0.06,0.46,0.38,3.93,0.00,690
44.052,16.66,0.05,0.30,0.31,3.93,0.00,688
44.069,16.69,0.05,0.31,0.32,3.93,0.00,687
44.085,16.72,0.13,0.92,0.72,3.94,0.00,685
44.102,16.64,0.13,0.91,0.68,3.94,0.00,684
44.119,16.66,0.12,0.89,0.63,3.95,0.00,683
44.135,16.64,0.09,0.66,0.46,3.97,0.00,683
44.152,16.74,0.08,0.65,0.41,3.96,0.00,679
44.169,16.66,0.08,0.64,0.39,3.97,0.00,678
44.185,16.72,0.10,0.64,0.49,3.99,0.00,677
44.202,16.61,0.08,0.64,0.39,4.03,0.00,677
44.219,16.67,0.08,0.64,0.40,4.04,0.00,677
44.235,16.67,0.08,0.63,0.40,4.04,0.00,675
44.252,16.68,0.08,0.65,0.47,4.03,0.00,673
44.269,16.65,0.08,0.65,0.45,4.03,0.00,673
44.285,16.63,0.11,0.86,0.53,4.03,0.00,674
44.302,16.66,0.11,0.87,0.52,4.04,0.00,674
44.319,16.65,0.12,0.86,0.53,4.01,0.00,673
44.335,16.69,0.10,0.87,0.52,4.02,0.00,672
44.352,16.65,0.12,0.87,0.53,4.03,0.00,671
44.369,16.67,0.12,0.93,0.56,4.00,0.00,671
44.385,16.66,0.09,0.65,0.44,3.98,0.00,666
44.402,16.74,0.08,0.65,0.43,4.00,0.00,663
44.419,16.60,0.09,0.66,0.44,3.97,0.00,661
44.435,16.68,0.13,0.90,0.57,3.97,0.00,659
44.452,16.66,0.12,0.87,0.54,3.95,0.00,634
44.469,16.67,0.12,0.87,0.52,3.88,0.00,633
44.485,16.70,0.10,0.86,0.51,3.91,0.00,633
44.502,16.67,0.12,0.86,0.62,3.87,0.00,630
44.519,16.66,0.14,0.83,0.58,3.50,0.00,629
44.535,16.68,0.11,0.84,0.62,3.46,0.00,628
44.552,16.64,0.13,0.83,0.57,3.46,0.00,628
44.569,16.66,0.12,0.85,0.59,3.47,0.00,626
44.585,16.67,0.12,0.84,0.56,3.46,0.00,622
44.602,16.71,0.12,0.86,0.63,3.40,0.00,621
44.619,16.65,0.12,0.87,0.64,3.44,0.00,619
44.635,16.67,0.13,0.86,0.61,3.40,0.00,615
44.652,16.65,0.12,0.84,0.58,3.37,0.00,613
44.669,16.66,0.12,0.82,0.57,3.39,0.00,612
44.685,16.67,0.13,0.85,0.63,3.39,0.00,609
44.702,16.66,0.13,0.85,0.60,3.32,0.00,607
44.719,16.70,0.14,0.87,0.64,3.32,0.00,604
44.735,16.64,0.13,0.86,0.62,3.34,0.00,604
44.752,16.68,0.11,0.85,0.63,3.35,0.00,601
44.769,16.68,0.14,0.87,0.60,3.30,0.00,597
44.785,16.69,0.12,0.84,0.61,3.30,0.00,594
44.802,16.62,0.13,0.87,0.63,3.29,0.00,590
44.819,16.68,0.14,1.12,0.63,3.27,0.00,645
44.835,16.67,0.15,1.13,0.60,4.20,0.00,643
44.852,16.64,0.15,1.12,0.61,4.19,0.00,640
44.869,16.68,0.16,1.20,0.67,4.19,0.00,636
44.885,16.67,0.15,1.12,0.62,4.10,0.00,630
44.902,16.71,0.13,1.13,0.60,4.15,0.00,626
44.919,16.64,0.14,1.13,0.64,4.15,0.00,621
44.935,16.67,0.13,1.12,0.56,4.11,0.00,621
44.952,16.63,0.14,1.09,0.52,4.17,0.00,619
44.969,16.68,0.12,0.95,0.51,4.15,0.00,618
44.985,16.65,0.14,0.94,0.51,4.16,0.00,616
45.002,16.68,0.12,0.96,0.50,4.20,0.00,612
45.019,16.66,0.14,0.95,0.51,4.18,0.00,613
45.035,16.69,0.13,1.05,0.55,4.19,0.00,612
45.052,16.64,0.13,0.96,0.52,4.19,0.00,607
45.069,16.76,0.13,0.98,0.54,4.21,0.00,605
45.085,16.58,0.14,0.96,0.55,4.19,0.00,607
45.102,16.69,0.12,0.97,0.52,4.20,0.00,605
45.119,16.65,0.13,0.96,0.51,4.21,0.00,604
45.135,16.67,0.14,0.98,0.56,4.24,0.00,603
45.152,16.67,0.13,0.95,0.50,4.17,0.00,603
45.169,16.67,0.12,0.96,0.50,4.17,0.00,604
45.185,16.66,0.13,0.94,0.50,4.19,0.00,603
45.202,16.67,0.12,0.96,0.50,4.22,0.00,602
45.219,16.67,0.13,0.95,0.50,4.22,0.00,600
45.235,16.69,0.12,0.96,0.52,3.66,0.00,601
45.252,16.64,0.13,0.93,0.50,3.61,0.00,604
45.269,16.68,0.13,0.96,0.55,3.64,0.00,603
45.285,16.66,0.13,0.98,0.56,3.60,0.00,604
45.302,16.67,0.11,0.97,0.53,3.63,0.00,604
45.319,16.67,0.13,0.93,0.51,3.64,0.00,602
45.335,16.67,0.12,0.96,0.52,3.64,0.00,601
45.352,16.67,0.13,0.94,0.51,3.66,0.00,601
45.369,16.67,0.12,0.97,0.57,3.66,0.00,599
45.386,16.75,0.12,0.97,0.58,3.62,0.00,599
45.402,16.60,0.13,0.98,0.57,3.58,0.00,596
45.419,16.66,0.13,0.96,0.53,3.58,0.00,596
45.435,16.67,0.12,0.94,0.52,3.66,0.00,596
45.452,16.68,0.11,0.93,0.52,3.64,0.00,596
45.469,16.65,0.13,0.95,0.53,3.66,0.00,594
45.485,16.67,0.13,0.94,0.56,3.57,0.00,595
45.502,16.67,0.12,0.94,0.51,3.62,0.00,596
45.519,16.67,0.13,0.94,0.54,3.58,0.00,595
45.535,16.67,0.13,0.96,0.59,3.57,0.00,597
45.552,16.67,0.12,0.92,0.51,3.67,0.00,598
45.569,16.67,0.13,0.96,0.58,3.69,0.00,600
45.585,16.67,0.12,0.93,0.52,3.65,0.00,614
45.602,16.68,0.10,0.93,0.51,3.73,0.00,613
45.619,16.68,0.10,0.92,0.51,3.70,0.00,612
45.635,16.65,0.12,0.97,0.56,3.69,0.00,612
45.652,16.67,0.12,0.92,0.53,3.66,0.00,612
45.669,16.66,0.11,0.92,0.51,3.67,0.00,614
45.685,16.67,0.13,0.93,0.55,3.68,0.00,618
45.702,16.67,0.12,0.92,0.50,3.69,0.00,618
45.719,16.68,0.10,0.92,0.48,3.68,0.00,619
45.736,16.69,0.10,0.93,0.49,3.71,0.00,621
45.752,16.64,0.11,0.91,0.52,3.71,0.00,622
45.769,16.68,0.10,0.91,0.51,3.73,0.00,624
45.786,16.67,0.11,0.93,0.52,3.72,0.00,627
45.802,16.66,0.11,0.92,0.49,3.72,0.00,628
45.819,16.66,0.12,0.91,0.53,3.72,0.00,628
45.836,16.68,0.10,0.92,0.51,3.72,0.00,630
45.852,16.66,0.11,0.91,0.50,3.74,0.00,632
45.869,16.74,0.11,0.97,0.56,3.76,0.00,631
45.886,16.61,0.13,0.86,0.58,3.74,0.00,629
45.902,16.65,0.12,0.86,0.53,3.68,0.00,629
45.919,16.67,0.24,0.95,0.55,3.70,0.00,660
45.936,16.67,0.12,0.93,0.52,3.86,0.00,681
45.952,16.67,0.12,0.92,0.51,4.09,0.00,680
45.969,16.67,0.12,0.93,0.50,4.10,0.00,680
45.986,16.68,0.13,0.93,0.62,4.06,0.00,683
46.002,16.66,0.12,0.91,0.52,4.04,0.00,682
46.019,16.67,0.12,0.92,0.51,4.04,0.00,682
46.036,16.67,0.12,0.92,0.55,4.07,0.00,684
46.052,16.67,0.13,0.96,0.62,4.02,0.00,687
46.069,16.68,0.12,0.92,0.55,4.04,0.00,691
46.086,16.65,0.12,0.92,0.53,4.07,0.00,692
46.102,16.70,0.11,0.92,0.54,4.05,0.00,692
46.119,16.65,0.12,0.92,0.55,4.07,0.00,692
46.136,16.69,0.11,0.91,0.60,4.08,0.00,692
46.152,16.64,0.12,0.92,0.55,4.06,0.00,691
46.169,16.67,0.12,0.91,0.55,4.06,0.00,694
46.186,16.68,0.10,0.94,0.50,4.08,0.00,696
46.202,16.66,0.10,0.95,0.51,4.05,0.00,696
46.219,16.66,0.12,0.91,0.57,4.08,0.00,695
46.236,16.68,0.13,0.94,0.61,3.99,0.00,693
46.252,16.66,0.12,0.91,0.56,4.04,0.00,692
46.269,16.67,0.11,0.92,0.53,4.06,0.00,691
46.286,16.67,0.12,0.92,0.53,4.03,0.00,687
46.302,16.70,0.10,0.92,0.51,4.03,0.00,682
46.319,16.64,0.11,0.87,0.49,4.00,0.00,676
46.336,16.67,0.11,0.88,0.50,3.60,0.00,677
46.352,16.68,0.12,0.88,0.52,3.64,0.00,676
46.369,16.66,0.12,0.88,0.50,3.62,0.00,676
46.386,16.67,0.12,0.89,0.53,3.61,0.00,677
46.402,16.68,0.12,0.90,0.55,3.54,0.00,675
46.419,16.67,0.10,0.88,0.52,3.54,0.00,673
46.436,16.65,0.12,0.88,0.50,3.55,0.00,673
46.452,16.68,0.10,0.86,0.49,3.57,0.00,670
46.469,16.66,0.11,0.88,0.49,3.57,0.00,670
46.486,16.67,0.11,0.88,0.49,3.54,0.00,671
46.502,16.68,0.10,0.88,0.49,3.57,0.00,674
46.519,16.66,0.11,0.87,0.47,3.54,0.00,672
46.536,16.67,0.13,0.89,0.55,3.54,0.00,671
46.552,16.66,0.12,0.88,0.54,3.50,0.00,671
46.569,16.67,0.11,0.87,0.49,3.50,0.00,669
46.586,16.67,0.11,0.87,0.48,3.53,0.00,668
46.602,16.67,0.11,0.87,0.48,3.54,0.00,670
46.619,16.68,0.12,0.91,0.61,3.53,0.00,667
46.636,16.66,0.12,0.90,0.59,3.46,0.00,666
46.652,16.67,0.13,0.89,0.55,3.41,0.00,665
46.669,16.69,0.10,0.88,0.52,3.46,0.00,662
46.686,16.72,0.11,0.91,0.55,3.46,0.00,660
46.702,16.60,0.11,0.90,0.56,3.49,0.00,660
46.719,16.67,0.12,0.90,0.56,3.48,0.00,655
46.736,16.66,0.11,0.89,0.52,3.46,0.00,655
46.752,16.67,0.11,0.88,0.51,3.47,0.00,653
46.769,16.67,0.11,0.87,0.50,3.50,0.00,652
46.786,16.69,0.10,0.66,0.50,3.48,0.00,646
46.802,16.65,0.11,0.65,0.49,3.46,0.00,637
46.819,16.67,0.11,0.64,0.50,3.46,0.00,635
46.836,16.70,0.10,0.66,0.53,3.46,0.00,629
46.852,16.64,0.11,0.65,0.49,3.41,0.00,627
46.869,16.68,0.09,0.65,0.51,3.42,0.00,628
46.886,16.65,0.11,0.65,0.54,3.43,0.00,629
46.902,16.68,0.11,0.67,0.55,3.38,0.00,629
46.919,16.69,0.10,0.64,0.54,3.37,0.00,627
46.936,16.64,0.11,0.66,0.55,3.37,0.00,626
46.952,16.67,0.11,0.66,0.54,3.39,0.00,626
46.969,16.68,0.11,0.66,0.55,3.41,0.00,624
46.986,16.66,0.11,0.65,0.53,3.39,0.00,623
47.002,16.68,0.12,0.68,0.55,3.43,0.00,625
47.019,16.67,0.11,0.68,0.56,3.41,0.00,620
47.036,16.66,0.11,0.67,0.53,3.36,0.00,616
47.052,16.67,0.11,0.66,0.51,3.40,0.00,615
47.069,16.76,0.10,0.66,0.52,3.45,0.00,613
47.086,16.59,0.09,0.66,0.51,3.42,0.00,613
47.102,16.67,0.10,0.65,0.51,3.42,0.00,614
47.119,16.66,0.09,0.65,0.49,3.41,0.00,614
47.136,16.65,0.11,0.67,0.55,3.41,0.00,615
47.152,16.67,0.11,0.65,0.52,3.34,0.00,613
47.169,16.67,0.11,0.66,0.52,3.36,0.00,612
47.186,16.67,0.11,0.65,0.52,3.36,0.00,612
47.202,16.67,0.11,0.66,0.50,3.38,0.00,611
47.219,16.76,0.09,0.66,0.51,3.39,0.00,609
47.236,16.58,0.10,0.66,0.50,3.38,0.00,606
47.252,16.70,0.10,0.64,0.50,3.35,0.00,605
47.269,16.65,0.09,0.66,0.49,3.39,0.00,605
47.286,16.67,0.09,0.65,0.51,3.36,0.00,605
47.302,16.67,0.09,0.64,0.49,3.37,0.00,603
47.319,16.67,0.09,0.65,0.49,3.35,0.00,602
47.336,16.67,0.09,0.67,0.50,3.33,0.00,599
47.352,16.66,0.11,0.65,0.49,3.32,0.00,595
47.369,16.68,0.09,0.66,0.51,3.34,0.00,593
47.386,16.65,0.11,0.66,0.53,3.31,0.00,592
47.402,16.68,0.11,0.66,0.52,3.28,0.00,591
47.419,16.66,0.11,0.66,0.50,3.26,0.00,589
47.436,16.68,0.09,0.66,0.50,3.27,0.00,589
47.452,16.70,0.10,0.66,0.50,3.24,0.00,588
47.469,16.65,0.10,0.69,0.53,3.27,0.00,584
47.486,16.65,0.10,0.65,0.52,3.25,0.00,579
47.502,16.67,0.10,0.65,0.50,3.27,0.00,577
47.519,16.67,0.10,0.64,0.49,3.25,0.00,576
47.536,16.67,0.09,0.65,0.52,3.25,0.00,575
47.552,16.66,0.11,0.66,0.54,3.22,0.00,573
47.569,16.67,0.10,0.64,0.50,3.24,0.00,571
47.586,16.67,0.10,0.62,0.49,3.24,0.00,570
47.602,16.68,0.09,0.65,0.50,3.25,0.00,569
47.619,16.67,0.09,0.63,0.48,3.21,0.00,568
47.636,16.65,0.11,0.65,0.55,3.24,0.00,567
47.652,16.68,0.15,0.89,0.59,3.19,0.00,621
47.669,16.70,0.11,0.88,0.52,4.07,0.00,620
47.686,16.64,0.12,0.89,0.51,4.10,0.00,617
47.702,16.67,0.12,0.88,0.52,4.10,0.00,617
47.719,16.68,0.12,0.87,0.51,4.12,0.00,615
47.736,16.67,0.11,0.91,0.54,4.10,0.00,612
47.752,16.66,0.13,0.89,0.54,4.09,0.00,608
47.769,16.67,0.12,0.90,0.52,4.09,0.00,610
47.786,16.68,0.11,0.89,0.52,4.15,0.00,610
47.802,16.69,0.11,0.90,0.51,4.16,0.00,610
47.819,16.65,0.12,0.90,0.52,4.18,0.00,619
47.836,16.64,0.13,0.91,0.54,4.25,0.00,621
47.852,16.67,0.13,0.90,0.50,4.26,0.00,621
47.869,16.69,0.11,0.91,0.52,4.26,0.00,623
47.886,16.65,0.13,0.84,0.53,4.26,0.00,622
47.902,16.66,0.12,0.84,0.56,4.21,0.00,621
47.919,16.67,0.24,0.94,0.51,4.23,0.00,675
47.936,16.67,0.13,0.96,0.60,4.44,0.00,692
47.952,16.66,0.13,0.95,0.57,4.63,0.00,691
47.969,16.67,0.12,0.96,0.56,4.64,0.00,692
47.986,16.68,0.15,0.96,0.68,4.67,0.00,693
48.002,16.67,0.11,0.94,0.58,4.63,0.00,693
48.019,16.65,0.12,0.93,0.57,4.64,0.00,694
48.036,16.66,0.13,0.94,0.61,4.65,0.00,695
48.052,16.68,0.12,0.93,0.55,4.61,0.00,691
48.069,16.74,0.11,0.94,0.54,4.07,0.00,691
48.086,16.61,0.11,0.93,0.54,4.06,0.00,692
48.102,16.66,0.12,0.92,0.54,4.07,0.00,691
48.119,16.65,0.12,0.92,0.54,4.07,0.00,690
48.136,16.70,0.11,0.94,0.63,4.09,0.00,689
48.152,16.64,0.13,0.93,0.61,4.00,0.00,688
48.169,16.67,0.12,0.93,0.57,3.98,0.00,686
48.186,16.67,0.13,0.92,0.55,4.03,0.00,685
48.202,16.66,0.11,0.92,0.54,4.02,0.00,685
48.219,16.67,0.12,0.92,0.53,4.02,0.00,686
48.236,16.67,0.12,0.94,0.64,4.03,0.00,686
48.252,16.68,0.11,0.92,0.57,3.96,0.00,685
48.269,16.66,0.11,0.93,0.54,3.97,0.00,686
48.286,16.66,0.11,0.92,0.55,4.01,0.00,684
48.302,16.68,0.10,0.92,0.55,4.02,0.00,684
48.319,16.67,0.10,0.92,0.54,4.00,0.00,684
48.336,16.67,0.10,0.93,0.58,3.98,0.00,686
48.352,16.66,0.12,0.91,0.53,3.94,0.00,686
48.369,16.66,0.13,0.93,0.60,3.96,0.00,685
48.386,16.68,0.11,0.99,0.60,3.91,0.00,683
48.402,16.67,0.13,0.92,0.61,3.92,0.00,683
48.419,16.65,0.12,0.94,0.58,3.91,0.00,683
48.436,16.67,0.11,0.92,0.51,3.91,0.00,681
48.452,16.71,0.12,0.94,0.58,3.92,0.00,680
48.469,16.66,0.11,0.93,0.53,3.89,0.00,679
48.486,16.65,0.10,0.92,0.54,3.94,0.00,678
48.502,16.66,0.10,0.93,0.52,3.95,0.00,678
48.519,16.66,0.11,0.91,0.52,3.94,0.00,677
48.536,16.66,0.11,0.92,0.53,3.92,0.00,676
48.552,16.67,0.12,0.92,0.55,3.89,0.00,676
48.569,16.68,0.10,0.91,0.52,3.86,0.00,675
48.586,16.67,0.11,0.90,0.51,3.92,0.00,673
48.602,16.66,0.11,0.90,0.51,3.91,0.00,673
48.619,16.67,0.11,0.90,0.49,3.87,0.00,674
48.636,16.69,0.10,0.90,0.51,3.91,0.00,674
48.652,16.65,0.13,0.93,0.59,3.85,0.00,674
48.669,16.71,0.11,0.93,0.57,3.82,0.00,674
48.686,16.62,0.11,0.92,0.53,3.84,0.00,673
48.703,16.77,0.07,0.48,0.37,3.85,0.00,672
48.719,16.60,0.11,0.93,0.60,3.81,0.00,676
48.736,16.66,0.10,0.91,0.58,3.81,0.00,675
48.752,16.64,0.11,0.88,0.52,3.81,0.00,676
48.769,16.68,0.12,0.89,0.51,3.83,0.00,677
48.786,16.69,0.10,0.89,0.51,3.89,0.00,678
48.802,16.68,0.10,0.90,0.56,3.87,0.00,674
48.819,16.63,0.11,0.94,0.55,3.83,0.00,677
48.836,16.69,0.11,0.91,0.60,3.84,0.00,676
48.852,16.67,0.13,0.94,0.64,3.80,0.00,676
48.869,16.66,0.11,0.92,0.60,3.80,0.00,673
48.886,16.67,0.12,0.97,0.62,3.80,0.00,672
48.902,16.66,0.13,0.94,0.61,3.81,0.00,671
48.919,16.68,0.11,0.89,0.53,3.77,0.00,668
48.936,16.65,0.11,0.89,0.51,3.81,0.00,668
48.953,16.81,0.10,0.91,0.59,3.83,0.00,667
48.969,16.54,0.11,0.90,0.54,3.79,0.00,665
48.986,16.66,0.11,0.89,0.53,3.82,0.00,664
49.002,16.67,0.10,0.90,0.50,3.84,0.00,660
49.019,16.66,0.09,0.88,0.51,3.84,0.00,658
49.036,16.66,0.11,0.89,0.52,3.86,0.00,655
49.052,16.68,0.10,0.88,0.51,3.82,0.00,651
49.069,16.75,0.10,0.93,0.53,3.82,0.00,648
49.086,16.60,0.10,0.89,0.53,3.78,0.00,646
49.102,16.65,0.11,0.88,0.51,3.82,0.00,642
49.119,16.66,0.11,0.88,0.51,3.79,0.00,636
49.136,16.68,0.09,0.89,0.50,3.77,0.00,610
49.152,16.67,0.12,0.87,0.57,3.67,0.00,603
49.169,16.66,0.12,0.87,0.61,3.42,0.00,598
49.186,16.75,0.10,0.85,0.55,3.38,0.00,597
49.202,16.60,0.11,0.84,0.53,3.43,0.00,594
49.219,16.66,0.10,0.84,0.50,3.41,0.00,592
49.236,16.67,0.11,0.84,0.49,3.41,0.00,591
49.252,16.68,0.09,0.82,0.50,3.42,0.00,591
49.269,16.66,0.09,0.85,0.50,3.41,0.00,587
49.286,16.67,0.10,0.84,0.50,3.41,0.00,587
49.302,16.65,0.10,0.85,0.48,3.44,0.00,586
49.319,16.68,0.09,0.84,0.50,3.42,0.00,585
49.336,16.67,0.09,0.85,0.50,3.41,0.00,583
49.352,16.66,0.10,0.83,0.49,3.41,0.00,583
49.369,16.68,0.10,0.84,0.51,3.41,0.00,579
49.386,16.67,0.11,0.84,0.51,3.40,0.00,573
49.403,16.76,0.10,0.85,0.55,3.43,0.00,572
49.419,16.57,0.10,0.85,0.51,3.34,0.00,570
49.436,16.69,0.09,0.83,0.52,3.35,0.00,567
49.453,16.70,0.09,0.84,0.49,3.38,0.00,562
49.469,16.65,0.10,0.86,0.54,3.37,0.00,562
49.486,16.64,0.11,0.84,0.52,3.35,0.00,558
49.503,16.70,0.12,0.88,0.62,3.39,0.00,558
49.519,16.64,0.11,0.83,0.51,3.32,0.00,556
49.536,16.68,0.09,0.85,0.50,3.36,0.00,555
49.552,16.67,0.09,0.83,0.52,3.36,0.00,550
49.569,16.68,0.10,0.89,0.63,3.38,0.00,548
49.586,16.64,0.15,1.13,0.57,3.29,0.00,596
49.602,16.67,0.11,1.12,0.56,4.16,0.00,595
49.619,16.67,0.13,0.93,0.52,4.15,0.00,592
49.636,16.70,0.11,0.93,0.50,4.18,0.00,590
49.653,16.66,0.12,0.94,0.55,4.17,0.00,585
49.669,16.68,0.12,0.98,0.60,4.13,0.00,582
49.686,16.64,0.13,0.95,0.55,4.11,0.00,580
49.702,16.66,0.14,0.94,0.53,4.16,0.00,579
49.719,16.67,0.13,0.93,0.52,4.15,0.00,576
49.736,16.68,0.11,0.93,0.50,4.18,0.00,574
49.752,16.66,0.12,0.93,0.49,4.18,0.00,571
49.769,16.67,0.12,0.93,0.52,4.16,0.00,569
49.786,16.67,0.13,0.93,0.51,4.15,0.00,566
49.803,16.69,0.11,0.93,0.50,4.19,0.00,565
49.819,16.66,0.12,0.93,0.50,4.18,0.00,565
49.836,16.65,0.12,0.93,0.50,4.17,0.00,565
49.853,16.67,0.13,0.94,0.50,4.19,0.00,564
49.869,16.67,0.12,0.95,0.51,4.18,0.00,563
49.886,16.67,0.13,0.85,0.52,4.15,0.00,561
49.903,16.73,0.11,0.87,0.55,4.19,0.00,562
49.919,16.60,0.25,0.97,0.53,4.10,0.00,639
49.936,16.69,0.12,0.96,0.50,4.35,0.00,661
49.953,16.66,0.11,0.96,0.50,4.55,0.00,663
49.969,16.70,0.12,0.96,0.51,4.56,0.00,662
49.986,16.66,0.15,1.01,0.67,4.58,0.00,662
50.003,16.65,0.14,1.01,0.61,3.93,0.00,664
50.019,16.71,0.13,0.98,0.59,3.94,0.00,663
50.036,16.64,0.14,1.01,0.60,3.90,0.00,662
50.053,16.65,0.13,0.96,0.54,3.92,0.00,660
50.069,16.74,0.11,0.96,0.54,3.91,0.00,661
50.086,16.60,0.13,0.96,0.52,3.92,0.00,660
50.103,16.69,0.11,1.07,0.57,3.93,0.00,665
50.119,16.65,0.13,0.96,0.54,3.90,0.00,668
50.136,16.67,0.12,0.96,0.54,3.93,0.00,668
50.153,16.73,0.12,0.98,0.57,3.92,0.00,666
50.169,16.60,0.14,0.99,0.57,3.83,0.00,670
50.186,16.70,0.11,0.94,0.52,3.87,0.00,668
50.203,16.64,0.12,0.98,0.56,3.90,0.00,671
50.219,16.68,0.13,0.94,0.52,3.85,0.00,670
50.236,16.67,0.12,0.96,0.51,3.87,0.00,673
50.253,16.68,0.11,1.10,0.58,3.87,0.00,673
50.269,16.66,0.12,0.96,0.51,3.87,0.00,674
50.286,16.67,0.12,0.96,0.53,3.88,0.00,673
50.303,16.67,0.13,0.95,0.52,3.87,0.00,675
50.319,16.67,0.12,0.94,0.52,3.86,0.00,676
50.336,16.67,0.11,0.93,0.52,3.88,0.00,677
50.353,16.67,0.12,0.94,0.51,3.82,0.00,678
50.369,16.70,0.11,0.96,0.52,3.87,0.00,676
50.386,16.63,0.13,0.94,0.54,3.83,0.00,675
50.403,16.71,0.11,0.97,0.56,3.86,0.00,676
50.419,16.63,0.13,0.97,0.57,3.81,0.00,675
50.436,16.67,0.13,0.94,0.55,3.82,0.00,676
50.453,16.67,0.12,0.94,0.51,3.81,0.00,674
50.469,16.66,0.12,0.95,0.53,3.86,0.00,675
50.486,16.67,0.13,0.97,0.67,3.86,0.00,676
50.503,16.67,0.12,0.96,0.55,3.76,0.00,675
50.519,16.67,0.12,0.93,0.53,3.83,0.00,677
50.536,16.67,0.12,0.94,0.53,3.82,0.00,677
50.553,16.66,0.12,0.93,0.54,3.83,0.00,677
50.569,16.68,0.12,0.94,0.50,3.84,0.00,677
50.586,16.68,0.12,0.96,0.53,3.86,0.00,676
50.603,16.67,0.14,0.97,0.63,3.84,0.00,678
50.619,16.65,0.13,0.96,0.58,3.78,0.00,681
50.636,16.67,0.11,0.93,0.52,3.80,0.00,682
50.653,16.67,0.13,0.93,0.54,3.85,0.00,680
50.669,16.67,0.12,0.96,0.57,3.85,0.00,679
50.686,16.70,0.11,0.94,0.55,3.78,0.00,677
50.703,16.64,0.11,0.92,0.51,3.82,0.00,678
50.719,16.67,0.11,0.92,0.49,3.81,0.00,677
50.736,16.67,0.11,0.92,0.49,3.83,0.00,677
50.753,16.68,0.11,0.92,0.50,3.83,0.00,673
50.769,16.67,0.10,0.92,0.50,3.86,0.00,670
50.786,16.65,0.11,1.03,0.56,3.84,0.00,667
50.803,16.66,0.12,0.94,0.54,3.79,0.00,668
50.819,16.67,0.10,0.91,0.52,3.81,0.00,668
50.836,16.67,0.11,0.91,0.49,3.79,0.00,667
50.853,16.67,0.11,0.90,0.51,3.80,0.00,663
50.869,16.69,0.10,0.93,0.51,3.84,0.00,661
50.886,16.66,0.10,0.91,0.50,3.81,0.00,659
50.903,16.66,0.11,0.92,0.54,3.84,0.00,657
50.919,16.67,0.12,0.92,0.53,3.77,0.00,656
50.936,16.67,0.12,0.91,0.51,3.77,0.00,653
50.953,16.67,0.10,0.91,0.51,3.81,0.00,648
50.969,16.67,0.11,0.91,0.48,3.79,0.00,645
50.986,16.67,0.10,0.90,0.49,3.79,0.00,640
51.003,16.68,0.10,0.92,0.51,3.82,0.00,638
51.019,16.66,0.11,0.91,0.51,3.79,0.00,636
51.036,16.69,0.11,0.93,0.59,3.78,0.00,632
51.053,16.66,0.12,0.95,0.59,3.72,0.00,627
51.069,16.68,0.10,0.91,0.51,3.72,0.00,626
51.086,16.66,0.09,0.88,0.51,3.73,0.00,620
51.103,16.67,0.10,0.87,0.51,3.41,0.00,616
51.119,16.66,0.09,0.87,0.51,3.41,0.00,616
51.136,16.65,0.11,0.87,0.50,3.43,0.00,614
51.153,16.67,0.11,0.87,0.55,3.43,0.00,612
51.169,16.67,0.11,0.89,0.54,3.36,0.00,610
51.186,16.67,0.10,0.86,0.52,3.37,0.00,610
51.203,16.67,0.10,0.87,0.49,3.38,0.00,609
51.219,16.67,0.10,0.86,0.51,3.37,0.00,607
51.236,16.67,0.11,0.87,0.48,3.32,0.00,607
51.253,16.67,0.09,0.87,0.49,3.38,0.00,605
51.269,16.66,0.10,0.87,0.49,3.39,0.00,603
51.286,16.68,0.09,0.86,0.49,3.36,0.00,602
51.303,16.66,0.11,0.86,0.50,3.38,0.00,601
51.319,16.67,0.10,0.86,0.49,3.37,0.00,600
51.336,16.69,0.10,0.87,0.50,3.37,0.00,599
51.353,16.64,0.11,0.87,0.47,3.38,0.00,596
51.369,16.68,0.10,0.87,0.49,3.37,0.00,594
51.386,16.66,0.10,0.85,0.49,3.36,0.00,593
51.403,16.68,0.11,0.89,0.54,3.37,0.00,590
51.419,16.65,0.11,0.89,0.54,3.30,0.00,589
51.436,16.67,0.11,0.87,0.49,3.30,0.00,585
51.453,16.67,0.10,0.87,0.51,3.34,0.00,583
51.469,16.67,0.10,0.88,0.51,3.27,0.00,580
51.486,16.67,0.10,0.86,0.51,3.30,0.00,580
51.503,16.68,0.09,0.85,0.48,3.35,0.00,575
51.519,16.66,0.11,0.86,0.50,3.31,0.00,573
51.536,16.67,0.11,0.88,0.50,3.34,0.00,570
51.553,16.67,0.11,0.64,0.48,3.33,0.00,565
51.569,16.67,0.10,0.64,0.49,3.31,0.00,564
51.586,16.67,0.10,0.67,0.54,3.30,0.00,563
51.603,16.66,0.09,0.66,0.49,3.30,0.00,562
51.619,16.66,0.11,0.64,0.53,3.30,0.00,560
51.636,16.69,0.09,0.64,0.51,3.30,0.00,558
51.653,16.66,0.11,0.68,0.56,3.29,0.00,556
51.669,16.68,0.12,0.66,0.57,3.27,0.00,554
51.686,16.66,0.10,0.64,0.54,3.25,0.00,553
51.703,16.66,0.11,0.65,0.50,3.25,0.00,551
51.719,16.67,0.12,0.65,0.54,3.22,0.00,549
51.736,16.67,0.10,0.66,0.56,3.26,0.00,549
51.753,16.67,0.10,0.63,0.50,3.23,0.00,549
51.769,16.68,0.09,0.64,0.49,3.25,0.00,546
51.786,16.66,0.10,0.63,0.50,3.25,0.00,544
51.803,16.67,0.10,0.64,0.49,3.23,0.00,545
51.819,16.74,0.14,0.95,0.61,3.22,0.00,600
51.836,16.61,0.13,0.95,0.57,4.12,0.00,598
51.853,16.67,0.11,0.90,0.52,4.11,0.00,596
51.869,16.65,0.13,0.91,0.52,4.14,0.00,595
51.886,16.67,0.13,0.83,0.50,4.12,0.00,594
51.903,16.73,0.12,0.86,0.55,4.14,0.00,592
51.919,16.60,0.25,0.95,0.53,4.05,0.00,610
51.936,16.67,0.13,0.95,0.51,4.15,0.00,613
51.953,16.67,0.13,0.94,0.54,4.23,0.00,614
51.969,16.67,0.13,0.95,0.50,4.23,0.00,612
51.986,16.67,0.14,0.95,0.51,4.27,0.00,612
52.003,16.67,0.14,0.95,0.51,4.28,0.00,611
52.019,16.68,0.12,0.94,0.49,4.31,0.00,609
52.036,16.65,0.14,0.97,0.53,4.30,0.00,609
52.053,16.67,0.13,0.95,0.50,4.29,0.00,609
52.069,16.67,0.13,0.96,0.50,4.28,0.00,607
52.086,16.67,0.13,0.94,0.50,4.27,0.00,607
52.103,16.67,0.16,1.22,0.51,4.30,0.00,660
52.119,16.67,0.15,1.21,0.51,4.61,0.00,659
52.136,16.68,0.14,1.21,0.50,4.60,0.00,658
52.153,16.72,0.15,1.22,0.54,4.58,0.00,657
52.169,16.61,0.15,1.23,0.55,4.54,0.00,658
52.186,16.67,0.15,1.22,0.49,4.55,0.00,658
52.203,16.69,0.14,1.25,0.48,4.57,0.00,658
52.219,16.66,0.16,1.24,0.52,4.57,0.00,657
52.236,16.66,0.15,1.23,0.50,4.59,0.00,657
52.253,16.67,0.15,1.23,0.49,4.58,0.00,657
52.269,16.67,0.15,1.23,0.50,4.62,0.00,658
52.286,16.67,0.15,1.26,0.49,4.60,0.00,658
52.303,16.68,0.13,1.23,0.49,4.63,0.00,658
52.319,16.66,0.14,1.25,0.49,4.66,0.00,658
52.336,16.67,0.15,1.25,0.50,4.69,0.00,658
52.353,16.67,0.14,1.24,0.49,4.68,0.00,657
52.369,16.68,0.13,1.24,0.49,4.67,0.00,655
52.386,16.67,0.15,1.24,0.51,4.69,0.00,655
52.403,16.73,0.14,1.30,0.57,4.73,0.00,656
52.419,16.60,0.15,1.26,0.55,4.68,0.00,658
52.436,16.68,0.13,1.27,0.50,4.68,0.00,657
52.453,16.65,0.14,1.24,0.50,4.71,0.00,656
52.469,16.69,0.13,1.27,0.49,4.69,0.00,651
52.486,16.65,0.14,1.25,0.52,4.68,0.00,650
52.503,16.67,0.14,1.26,0.50,4.75,0.00,646
52.519,16.75,0.13,1.28,0.52,4.19,0.00,645
52.536,16.69,0.13,1.29,0.55,4.18,0.00,643
52.553,16.56,0.13,1.25,0.52,4.14,0.00,641
52.569,16.69,0.12,1.26,0.50,4.15,0.00,639
52.586,16.71,0.14,1.26,0.51,4.15,0.00,637
52.603,16.61,0.13,1.26,0.52,4.19,0.00,635
52.619,16.67,0.13,1.26,0.49,4.19,0.00,634
52.636,16.68,0.12,1.25,0.51,4.19,0.00,635
52.653,16.72,0.13,1.27,0.56,4.19,0.00,635
52.669,16.60,0.14,1.27,0.55,4.16,0.00,633
52.686,16.65,0.10,0.92,0.38,4.16,0.00,633
52.703,16.67,0.09,0.93,0.46,4.19,0.00,631
52.719,16.67,0.09,0.92,0.45,4.20,0.00,632
52.736,16.74,0.10,0.95,0.45,4.22,0.00,636
52.753,16.60,0.10,0.93,0.48,4.16,0.00,638
52.769,16.67,0.09,0.94,0.42,4.20,0.00,639
52.786,16.66,0.09,0.92,0.48,4.18,0.00,642
52.803,16.68,0.09,0.92,0.41,4.26,0.00,643
52.819,16.69,0.12,1.26,0.54,4.23,0.00,646
52.836,16.65,0.13,1.26,0.51,4.26,0.00,650
52.853,16.68,0.12,1.25,0.51,4.25,0.00,650
52.869,16.65,0.13,1.25,0.52,4.27,0.00,655
52.886,16.70,0.12,1.24,0.49,4.29,0.00,660
52.903,16.64,0.13,1.32,0.56,4.30,0.00,662
52.919,16.67,0.15,1.34,0.60,4.25,0.00,665
52.936,16.72,0.09,0.94,0.42,4.28,0.00,666
52.953,16.64,0.13,1.25,0.54,4.28,0.00,670
52.969,16.64,0.13,1.25,0.54,4.30,0.00,677
52.986,16.68,0.12,1.23,0.52,4.35,0.00,678
53.003,16.66,0.13,1.23,0.51,4.39,0.00,672
53.019,16.70,0.12,1.24,0.50,4.39,0.00,673
53.036,16.64,0.13,1.24,0.51,4.40,0.00,674
53.053,16.67,0.13,1.23,0.52,4.40,0.00,674
53.070,16.75,0.12,1.23,0.50,4.40,0.00,676
53.086,16.60,0.12,1.23,0.51,4.43,0.00,678
53.103,16.66,0.13,1.22,0.51,4.45,0.00,680
53.119,16.68,0.12,1.22,0.56,4.45,0.00,683
53.136,16.68,0.12,1.24,0.56,4.47,0.00,684
53.153,16.72,0.13,1.26,0.60,4.47,0.00,685
53.169,16.60,0.14,1.26,0.62,4.41,0.00,687
53.186,16.68,0.14,1.25,0.61,4.44,0.00,689
53.203,16.77,0.12,1.22,0.57,4.48,0.00,690
53.220,16.64,0.13,1.25,0.59,4.48,0.00,689
53.236,16.58,0.12,1.23,0.61,4.52,0.00,687
53.253,16.68,0.12,1.23,0.57,4.51,0.00,687
53.269,16.67,0.11,1.22,0.58,4.53,0.00,689
53.286,16.66,0.13,1.22,0.57,4.55,0.00,687
53.303,16.68,0.11,1.22,0.56,4.54,0.00,685
53.319,16.66,0.13,1.19,0.51,4.53,0.00,681
53.336,16.67,0.11,1.19,0.55,4.14,0.00,683
53.353,16.65,0.13,1.21,0.58,4.14,0.00,686
53.370,16.69,0.12,1.23,0.64,4.25,0.00,686
53.386,16.67,0.12,1.20,0.57,4.19,0.00,686
53.403,16.71,0.12,1.19,0.57,4.23,0.00,684
53.419,16.59,0.13,1.20,0.61,4.16,0.00,685
53.436,16.67,0.13,1.21,0.59,4.21,0.00,685
53.453,16.67,0.14,1.34,0.55,4.18,0.00,691
53.470,16.69,0.11,1.26,0.56,4.16,0.00,689
53.486,16.64,0.13,1.25,0.55,4.16,0.00,689
53.503,16.68,0.12,1.25,0.55,4.17,0.00,690
53.520,16.67,0.12,1.25,0.55,4.17,0.00,690
53.536,16.65,0.13,1.25,0.57,4.13,0.00,689
53.553,16.67,0.12,1.26,0.56,4.17,0.00,688
53.569,16.67,0.13,1.26,0.51,4.19,0.00,682
53.586,16.67,0.13,1.25,0.50,4.19,0.00,676
53.603,16.67,0.12,1.23,0.50,4.16,0.00,671
53.620,16.67,0.12,1.22,0.50,3.77,0.00,673
53.636,16.67,0.12,1.23,0.50,3.78,0.00,672
53.653,16.74,0.12,1.24,0.53,3.76,0.00,674
53.670,16.60,0.13,1.26,0.59,3.74,0.00,672
53.686,16.66,0.14,1.23,0.55,3.71,0.00,671
53.703,16.67,0.11,1.26,0.52,3.71,0.00,670
53.720,16.74,0.10,0.94,0.51,3.69,0.00,670
53.736,16.60,0.13,1.25,0.57,3.67,0.00,669
53.753,16.66,0.13,1.22,0.52,3.69,0.00,669
53.770,16.67,0.13,1.26,0.58,3.74,0.00,668
53.786,16.67,0.14,1.05,0.54,3.72,0.00,668
53.803,16.69,0.12,1.04,0.52,3.71,0.00,663
53.820,16.65,0.12,1.03,0.51,3.71,0.00,663
53.836,16.67,0.13,1.03,0.51,3.71,0.00,663
53.853,16.68,0.12,1.04,0.50,3.75,0.00,661
53.870,16.68,0.11,1.05,0.50,3.74,0.00,661
53.886,16.65,0.14,0.95,0.52,3.73,0.00,661
53.903,16.71,0.12,0.98,0.56,3.73,0.00,661
53.920,16.63,0.26,1.08,0.62,3.72,0.00,692
53.936,16.66,0.14,1.11,0.55,3.92,0.00,699
53.953,16.67,0.13,1.10,0.54,4.00,0.00,698
53.970,16.68,0.11,1.09,0.52,4.01,0.00,697
53.986,16.81,0.13,1.10,0.60,4.01,0.00,696
54.003,16.52,0.14,1.08,0.63,3.97,0.00,695
54.020,16.66,0.13,1.05,0.56,4.01,0.00,693
54.036,16.67,0.13,1.06,0.56,4.00,0.00,692
54.053,16.68,0.12,1.06,0.56,4.03,0.00,690
54.070,16.74,0.12,0.81,0.55,4.05,0.00,685
54.086,16.58,0.13,0.82,0.60,4.01,0.00,686
54.103,16.67,0.12,0.82,0.57,3.99,0.00,685
54.120,16.68,0.14,0.83,0.64,4.03,0.00,685
54.136,16.65,0.13,0.82,0.52,4.00,0.00,682
54.153,16.67,0.12,0.80,0.54,4.04,0.00,681
54.170,16.67,0.14,0.81,0.57,4.04,0.00,680
54.186,16.74,0.12,0.82,0.56,3.99,0.00,680
54.203,16.60,0.12,0.80,0.51,3.98,0.00,679
54.220,16.67,0.13,0.82,0.58,3.99,0.00,679
54.236,16.69,0.12,0.80,0.50,3.99,0.00,679
54.253,16.66,0.15,0.83,0.59,4.02,0.00,680
54.270,16.65,0.12,0.82,0.53,3.98,0.00,679
54.286,16.67,0.12,0.82,0.52,4.03,0.00,676
54.303,16.68,0.11,0.82,0.51,4.02,0.00,674
54.320,16.65,0.12,0.81,0.50,4.05,0.00,674
54.336,16.67,0.13,0.81,0.49,4.02,0.00,673
54.353,16.68,0.12,0.80,0.49,4.05,0.00,673
54.370,16.65,0.12,0.81,0.51,4.05,0.00,674
54.386,16.67,0.13,0.82,0.55,4.02,0.00,676
54.403,16.68,0.11,0.86,0.52,4.00,0.00,675
54.420,16.67,0.19,1.16,0.59,3.99,0.00,725
54.436,16.70,0.16,1.15,0.57,4.86,0.00,723
54.453,16.64,0.15,1.13,0.55,4.86,0.00,726
54.470,16.67,0.16,1.15,0.52,4.86,0.00,726
54.486,16.65,0.17,1.14,0.51,4.87,0.00,725
54.503,16.68,0.15,1.16,0.50,4.89,0.00,725
54.520,16.67,0.16,1.15,0.50,4.88,0.00,726
54.536,16.66,0.18,1.16,0.51,4.91,0.00,726
54.553,16.67,0.15,1.15,0.52,4.89,0.00,725
54.570,16.68,0.13,1.15,0.50,4.88,0.00,725
54.586,16.65,0.15,1.17,0.54,4.88,0.00,726
54.603,16.67,0.16,1.17,0.54,4.86,0.00,727
54.620,16.67,0.15,1.18,0.57,4.88,0.00,728
54.636,16.67,0.14,1.18,0.53,4.86,0.00,725
54.653,16.68,0.13,1.16,0.51,4.89,0.00,725
54.670,16.66,0.15,1.18,0.57,4.90,0.00,727
54.686,16.66,0.15,1.19,0.55,4.86,0.00,726
54.703,16.67,0.15,1.17,0.50,4.87,0.00,730
54.720,16.67,0.13,1.19,0.50,4.90,0.00,728
54.736,16.67,0.14,1.18,0.50,4.92,0.00,727
54.753,16.68,0.13,1.18,0.51,4.92,0.00,710
54.770,16.76,0.13,1.20,0.55,4.90,0.00,714
54.786,16.57,0.16,1.23,0.60,4.86,0.00,713
54.803,16.67,0.15,1.23,0.62,4.87,0.00,711
54.820,16.66,0.15,1.22,0.59,4.84,0.00,708
54.836,16.67,0.15,1.19,0.55,4.29,0.00,705
54.853,16.67,0.13,1.19,0.54,4.32,0.00,708
54.870,16.67,0.14,1.19,0.53,4.32,0.00,707
54.886,16.68,0.13,1.19,0.50,4.31,0.00,706
54.903,16.67,0.14,1.19,0.56,4.37,0.00,706
54.920,16.67,0.14,1.21,0.55,4.34,0.00,704
54.936,16.65,0.14,1.20,0.54,4.36,0.00,706
54.953,16.67,0.14,1.19,0.54,4.34,0.00,703
54.970,16.69,0.12,1.17,0.50,4.01,0.00,702
54.986,16.64,0.13,1.17,0.51,4.05,0.00,704
55.003,16.67,0.14,1.17,0.51,4.06,0.00,706
55.020,16.67,0.12,1.21,0.51,4.05,0.00,704
55.036,16.68,0.12,1.17,0.53,4.07,0.00,703
55.053,16.67,0.12,1.17,0.51,4.07,0.00,701
55.070,16.75,0.14,1.21,0.57,4.08,0.00,700
55.086,16.57,0.12,1.21,0.53,4.13,0.00,701
55.103,16.69,0.13,1.20,0.50,4.20,0.00,703
55.120,16.64,0.13,1.18,0.52,4.20,0.00,705
55.136,16.68,0.12,1.17,0.50,4.25,0.00,707
55.153,16.67,0.12,1.16,0.52,4.25,0.00,708
55.170,16.66,0.13,1.17,0.54,4.26,0.00,709
55.186,16.67,0.13,1.18,0.56,4.22,0.00,711
55.203,16.67,0.13,1.22,0.64,4.22,0.00,707
55.220,16.66,0.13,1.19,0.53,4.22,0.00,708
55.236,16.67,0.13,1.17,0.53,4.24,0.00,708
55.253,16.68,0.12,1.17,0.51,4.24,0.00,711
55.270,16.66,0.14,1.17,0.55,4.30,0.00,710
55.286,16.67,0.13,1.21,0.55,4.30,0.00,710
55.303,16.67,0.14,1.18,0.56,4.28,0.00,709
55.320,16.69,0.14,1.27,0.63,4.24,0.00,710
55.336,16.68,0.14,1.20,0.61,4.17,0.00,712
55.353,16.64,0.14,1.20,0.60,4.25,0.00,712
55.370,16.71,0.13,1.17,0.60,4.23,0.00,711
55.386,16.63,0.14,1.18,0.59,4.22,0.00,706
55.403,16.67,0.13,1.21,0.65,4.18,0.00,707
55.420,16.70,0.15,1.15,0.64,4.19,0.00,706
55.436,16.65,0.15,1.16,0.63,4.12,0.00,708
55.453,16.66,0.15,1.15,0.63,4.20,0.00,709
55.470,16.67,0.13,1.15,0.62,4.19,0.00,710
55.486,16.66,0.14,1.15,0.62,4.20,0.00,710
55.503,16.68,0.15,1.12,0.61,4.17,0.00,709
55.520,16.69,0.14,1.14,0.64,4.15,0.00,708
55.536,16.65,0.15,1.13,0.63,4.08,0.00,709
55.553,16.68,0.13,1.13,0.62,4.13,0.00,709
55.570,16.66,0.16,1.14,0.63,4.13,0.00,709
55.586,16.72,0.10,0.84,0.49,4.08,0.00,710
55.603,16.62,0.14,1.13,0.64,4.10,0.00,711
55.620,16.66,0.13,1.12,0.62,4.09,0.00,712
55.636,16.66,0.14,1.13,0.64,4.11,0.00,710
55.653,16.69,0.12,1.14,0.61,4.10,0.00,708
55.670,16.67,0.14,1.18,0.64,4.09,0.00,705
55.686,16.65,0.14,1.15,0.67,4.08,0.00,702
55.703,16.68,0.09,0.83,0.48,4.06,0.00,700
55.720,16.66,0.09,0.83,0.48,4.06,0.00,700
55.736,16.67,0.10,0.82,0.51,4.08,0.00,697
55.753,16.67,0.13,1.08,0.62,4.07,0.00,694
55.770,16.65,0.13,1.04,0.57,4.07,0.00,690
55.786,16.81,0.11,1.07,0.67,4.06,0.00,689
55.803,16.55,0.13,1.07,0.64,4.06,0.00,687
55.820,16.65,0.12,1.06,0.59,4.08,0.00,686
55.836,16.66,0.13,1.04,0.51,4.07,0.00,679
55.853,16.68,0.11,1.04,0.52,4.05,0.00,674
55.870,16.65,0.13,1.04,0.54,4.07,0.00,668
55.886,16.67,0.12,0.94,0.51,4.08,0.00,665
55.903,16.67,0.13,0.95,0.57,4.05,0.00,666
55.920,16.67,0.26,1.07,0.57,4.06,0.00,699
55.936,16.70,0.12,1.08,0.58,3.79,0.00,709
55.953,16.62,0.09,0.79,0.42,3.90,0.00,709
55.970,16.67,0.08,0.77,0.46,3.92,0.00,709
55.986,16.67,0.09,0.77,0.47,3.93,0.00,709
56.003,16.67,0.09,0.76,0.45,3.94,0.00,709
56.020,16.68,0.09,0.77,0.48,3.93,0.00,709
56.036,16.72,0.09,0.79,0.61,3.90,0.00,708
56.053,16.62,0.13,1.08,0.58,3.84,0.00,707
56.070,16.67,0.13,1.05,0.53,3.86,0.00,705
56.086,16.67,0.13,1.04,0.51,3.85,0.00,704
56.103,16.67,0.13,1.04,0.54,3.91,0.00,704
56.120,16.68,0.13,1.08,0.55,3.88,0.00,701
56.136,16.65,0.13,1.06,0.57,3.85,0.00,700
56.153,16.68,0.11,1.04,0.54,3.85,0.00,699
56.170,16.66,0.13,1.04,0.55,3.84,0.00,698
56.186,16.67,0.12,1.03,0.60,3.82,0.00,696
56.203,16.66,0.13,1.01,0.58,3.79,0.00,694
56.220,16.75,0.12,1.03,0.56,3.81,0.00,693
56.236,16.59,0.12,1.01,0.56,3.80,0.00,692
56.253,16.68,0.11,0.99,0.54,3.81,0.00,690
56.270,16.67,0.12,0.99,0.54,3.78,0.00,686
56.286,16.66,0.12,0.99,0.54,3.81,0.00,685
56.303,16.67,0.12,0.99,0.50,3.81,0.00,680
56.320,16.67,0.12,0.98,0.50,3.79,0.00,679
56.336,16.66,0.12,0.98,0.51,3.80,0.00,674
56.353,16.67,0.13,0.99,0.50,3.78,0.00,670
56.370,16.67,0.12,0.99,0.51,3.80,0.00,667
56.386,16.69,0.11,0.72,0.53,3.78,0.00,629
56.403,16.67,0.11,0.70,0.49,3.72,0.00,617
56.420,16.66,0.12,0.72,0.53,3.68,0.00,616
56.436,16.67,0.13,0.71,0.56,3.62,0.00,614
56.453,16.66,0.14,0.73,0.55,3.58,0.00,611
56.470,16.66,0.13,0.70,0.50,3.62,0.00,610
56.486,16.68,0.11,0.72,0.50,3.63,0.00,610
56.503,16.65,0.12,0.70,0.50,3.61,0.00,610
56.520,16.67,0.12,0.72,0.49,3.60,0.00,610
56.536,16.68,0.11,0.71,0.52,3.61,0.00,608
56.553,16.67,0.10,0.70,0.50,3.63,0.00,608
56.570,16.66,0.12,0.71,0.50,3.63,0.00,606
56.586,16.69,0.10,0.72,0.49,3.61,0.00,603
56.603,16.65,0.12,0.71,0.50,3.62,0.00,603
56.620,16.69,0.10,0.72,0.50,3.60,0.00,603
56.636,16.64,0.13,0.72,0.53,3.60,0.00,599
56.653,16.68,0.12,0.71,0.50,3.58,0.00,599
56.670,16.67,0.14,0.72,0.55,3.59,0.00,595
56.686,16.66,0.12,0.70,0.49,3.57,0.00,592
56.703,16.66,0.12,0.76,0.54,3.58,0.00,592
56.720,16.67,0.13,0.72,0.53,3.55,0.00,591
56.736,16.68,0.10,0.68,0.49,3.58,0.00,588
56.753,16.65,0.11,0.71,0.50,3.56,0.00,588
56.770,16.67,0.11,0.70,0.48,3.57,0.00,586
56.786,16.67,0.11,0.71,0.48,3.56,0.00,586
56.803,16.68,0.12,0.70,0.50,3.58,0.00,585
56.820,16.67,0.13,1.00,0.50,3.55,0.00,639
56.836,16.68,0.13,1.00,0.53,4.39,0.00,638
56.853,16.64,0.14,0.99,0.52,4.37,0.00,635
56.870,16.69,0.12,0.99,0.51,4.37,0.00,633
56.886,16.66,0.12,1.00,0.52,4.39,0.00,634
56.903,16.68,0.13,1.07,0.55,4.37,0.00,633
56.920,16.67,0.15,1.03,0.55,4.31,0.00,632
56.936,16.64,0.14,1.01,0.53,4.33,0.00,633
56.953,16.67,0.14,1.02,0.53,4.34,0.00,632
56.970,16.67,0.14,1.01,0.52,4.37,0.00,631
56.986,16.67,0.14,1.02,0.52,4.37,0.00,632
57.003,16.66,0.14,1.00,0.52,4.38,0.00,633
57.020,16.68,0.13,1.01,0.50,4.42,0.00,633
57.036,16.68,0.13,1.00,0.51,4.44,0.00,631
57.053,16.65,0.13,1.00,0.50,4.42,0.00,630
57.070,16.74,0.13,1.00,0.51,4.43,0.00,629
57.086,16.59,0.14,1.01,0.50,4.44,0.00,631
57.103,16.69,0.13,1.01,0.50,4.52,0.00,630
57.120,16.64,0.13,1.00,0.52,4.52,0.00,630
57.136,16.67,0.14,1.01,0.52,4.55,0.00,656
57.153,16.76,0.13,1.03,0.58,4.56,0.00,656
57.170,16.58,0.13,1.08,0.55,4.50,0.00,657
57.186,16.66,0.14,1.02,0.55,4.49,0.00,657
57.203,16.66,0.14,1.02,0.55,4.51,0.00,658
57.220,16.67,0.14,1.05,0.59,4.44,0.00,655
57.236,16.67,0.13,1.00,0.52,3.91,0.00,657
57.253,16.67,0.13,1.00,0.50,3.94,0.00,659
57.270,16.67,0.13,1.00,0.52,3.94,0.00,663
57.286,16.68,0.13,1.01,0.52,3.92,0.00,662
57.303,16.67,0.12,0.99,0.51,3.96,0.00,661
57.320,16.67,0.12,1.00,0.50,3.95,0.00,660
57.336,16.66,0.13,0.98,0.50,3.95,0.00,660
57.353,16.67,0.13,1.00,0.50,3.94,0.00,661
57.370,16.67,0.13,0.99,0.51,3.95,0.00,662
57.386,16.67,0.13,0.99,0.49,3.97,0.00,660
57.403,16.73,0.13,1.01,0.54,3.97,0.00,658
57.420,16.60,0.12,1.00,0.56,3.95,0.00,655
57.436,16.67,0.15,1.00,0.53,3.89,0.00,652
57.453,16.68,0.15,1.03,0.62,3.92,0.00,651
57.470,16.66,0.13,1.00,0.52,3.88,0.00,648
57.487,16.67,0.13,0.99,0.50,3.96,0.00,649
57.503,16.67,0.13,0.99,0.52,3.95,0.00,647
57.520,16.67,0.13,0.99,0.52,3.94,0.00,646
57.537,16.67,0.13,0.99,0.53,3.95,0.00,644
57.553,16.68,0.13,1.14,0.56,3.96,0.00,649
57.570,16.65,0.14,1.03,0.51,3.98,0.00,649
57.587,16.67,0.13,1.04,0.50,4.00,0.00,649
57.603,16.67,0.12,1.05,0.51,4.01,0.00,651
57.620,16.67,0.12,1.07,0.51,4.03,0.00,650
57.637,16.66,0.13,1.04,0.54,4.04,0.00,650
57.653,16.73,0.14,1.08,0.54,4.04,0.00,649
57.670,16.63,0.13,1.08,0.56,4.10,0.00,648
57.687,16.65,0.14,1.08,0.54,4.03,0.00,648
57.703,16.67,0.14,1.07,0.57,4.06,0.00,646
57.720,16.69,0.12,1.06,0.53,4.05,0.00,646
57.737,16.66,0.14,1.05,0.52,4.06,0.00,649
57.753,16.66,0.13,1.06,0.51,4.11,0.00,650
57.770,16.74,0.12,1.07,0.53,4.14,0.00,652
57.787,16.60,0.13,1.07,0.54,4.14,0.00,653
57.803,16.67,0.13,1.06,0.51,4.16,0.00,656
57.820,16.67,0.13,1.07,0.52,4.14,0.00,655
57.837,16.67,0.13,1.06,0.53,4.17,0.00,655
57.853,16.67,0.13,1.05,0.51,4.22,0.00,656
57.870,16.68,0.11,1.04,0.51,4.23,0.00,654
57.887,16.66,0.12,0.98,0.51,4.22,0.00,653
57.903,16.74,0.13,0.99,0.54,4.22,0.00,661
57.920,16.60,0.25,1.13,0.55,4.21,0.00,698
57.937,16.67,0.13,1.12,0.58,4.39,0.00,707
57.953,16.68,0.13,1.13,0.56,4.52,0.00,705
57.970,16.67,0.13,1.12,0.56,4.51,0.00,706
57.987,16.67,0.12,1.12,0.52,4.54,0.00,706
58.003,16.67,0.12,1.10,0.52,4.54,0.00,704
58.020,16.65,0.13,1.11,0.51,4.56,0.00,703
58.037,16.67,0.13,1.10,0.52,4.58,0.00,702
58.053,16.68,0.11,1.11,0.53,4.57,0.00,702
58.070,16.72,0.12,1.14,0.53,4.57,0.00,702
58.087,16.61,0.12,1.11,0.52,4.56,0.00,702
58.103,16.67,0.13,1.10,0.52,4.55,0.00,701
58.120,16.67,0.12,1.10,0.52,4.57,0.00,701
58.137,16.67,0.12,1.10,0.51,4.57,0.00,698
58.153,16.74,0.12,1.15,0.55,4.56,0.00,697
58.170,16.61,0.11,1.08,0.59,4.54,0.00,695
58.187,16.66,0.12,1.12,0.63,4.47,0.00,692
58.203,16.67,0.13,1.09,0.60,4.48,0.00,691
58.220,16.69,0.14,1.09,0.65,4.49,0.00,691
58.237,16.65,0.13,1.11,0.63,4.45,0.00,691
58.253,16.67,0.12,1.09,0.58,4.48,0.00,691
58.270,16.67,0.11,1.06,0.57,4.44,0.00,691
58.287,16.67,0.12,1.07,0.56,4.46,0.00,690
58.303,16.66,0.12,1.06,0.54,4.46,0.00,690
58.320,16.67,0.12,1.05,0.55,4.46,0.00,690
58.337,16.66,0.13,1.05,0.57,4.06,0.00,689
58.353,16.70,0.12,1.05,0.54,4.02,0.00,687
58.370,16.64,0.14,1.08,0.59,4.03,0.00,686
58.387,16.66,0.13,1.04,0.53,3.96,0.00,687
58.403,16.67,0.13,1.04,0.55,4.01,0.00,686
58.420,16.66,0.12,1.05,0.57,4.00,0.00,684
58.437,16.67,0.13,1.06,0.55,3.98,0.00,672
58.453,16.67,0.13,1.07,0.59,3.90,0.00,671
58.470,16.67,0.13,1.04,0.52,3.92,0.00,669
58.487,16.68,0.11,1.05,0.51,3.93,0.00,667
58.503,16.65,0.12,1.03,0.50,3.92,0.00,666
58.520,16.67,0.13,1.04,0.50,3.93,0.00,666
58.537,16.67,0.14,1.04,0.52,3.92,0.00,665
58.553,16.67,0.13,1.03,0.50,3.94,0.00,666
58.570,16.68,0.14,1.34,0.51,3.91,0.00,725
58.587,16.67,0.13,1.36,0.51,4.82,0.00,725
58.603,16.66,0.14,1.34,0.50,4.81,0.00,724
58.620,16.67,0.14,1.34,0.49,4.81,0.00,723
58.637,16.69,0.13,1.35,0.51,4.83,0.00,720
58.653,16.66,0.13,1.35,0.50,4.81,0.00,718
58.670,16.67,0.13,1.37,0.49,4.82,0.00,714
58.687,16.66,0.14,1.37,0.55,4.82,0.00,713
58.703,16.66,0.15,1.38,0.55,4.80,0.00,712
58.720,16.67,0.14,1.37,0.52,4.79,0.00,710
58.737,16.82,0.15,1.42,0.62,4.79,0.00,708
58.753,16.55,0.16,1.41,0.60,4.78,0.00,707
58.770,16.65,0.13,1.39,0.54,4.82,0.00,703
58.787,16.66,0.14,1.13,0.60,4.82,0.00,695
58.803,16.67,0.13,1.11,0.55,4.80,0.00,688
58.820,16.67,0.15,1.13,0.60,4.83,0.00,687
58.837,16.66,0.13,1.11,0.55,4.80,0.00,687
58.853,16.66,0.14,1.11,0.55,4.86,0.00,687
58.870,16.68,0.13,1.11,0.55,4.86,0.00,685
58.887,16.67,0.12,1.12,0.50,4.85,0.00,682
58.903,16.65,0.14,1.13,0.56,4.83,0.00,679
58.920,16.68,0.12,1.12,0.50,4.82,0.00,678
58.937,16.66,0.14,1.12,0.54,4.81,0.00,675
58.953,16.67,0.14,1.15,0.57,4.82,0.00,674
58.970,16.67,0.14,1.11,0.52,4.78,0.00,668
58.987,16.69,0.12,1.10,0.50,4.25,0.00,663
59.003,16.66,0.14,1.14,0.56,4.27,0.00,666
59.020,16.69,0.13,1.13,0.53,4.26,0.00,663
59.037,16.64,0.14,1.11,0.50,4.25,0.00,662
59.053,16.67,0.12,1.10,0.60,4.24,0.00,661
59.070,16.74,0.12,1.09,0.53,3.84,0.00,657
59.087,16.59,0.13,1.10,0.51,3.84,0.00,659
59.103,16.68,0.12,1.08,0.51,3.90,0.00,659
59.120,16.65,0.13,1.09,0.51,3.89,0.00,659
59.137,16.68,0.12,1.08,0.51,3.90,0.00,656
59.153,16.67,0.13,1.13,0.54,3.89,0.00,655
59.170,16.66,0.13,1.10,0.51,3.88,0.00,654
59.187,16.75,0.12,1.11,0.54,3.89,0.00,655
59.203,16.58,0.12,1.12,0.53,3.89,0.00,654
59.220,16.67,0.14,1.09,0.52,3.87,0.00,654
59.237,16.67,0.13,1.06,0.50,3.90,0.00,653
59.253,16.68,0.11,1.08,0.50,3.89,0.00,655
59.270,16.66,0.13,1.07,0.50,3.91,0.00,656
59.287,16.67,0.12,1.09,0.50,3.92,0.00,656
59.303,16.67,0.13,1.08,0.50,3.88,0.00,658
59.320,16.67,0.12,1.07,0.51,3.91,0.00,657
59.337,16.67,0.13,1.06,0.51,3.92,0.00,655
59.353,16.67,0.11,1.08,0.49,3.92,0.00,657
59.370,16.66,0.12,1.08,0.50,3.99,0.00,658
59.387,16.68,0.11,1.08,0.49,3.98,0.00,658
59.403,16.67,0.18,1.12,0.55,4.01,0.00,657
59.420,16.66,0.13,1.10,0.52,3.97,0.00,654
59.437,16.67,0.14,1.09,0.55,3.98,0.00,656
59.453,16.67,0.12,1.08,0.50,3.99,0.00,658
59.470,16.67,0.13,1.08,0.53,3.96,0.00,657
59.487,16.66,0.12,1.07,0.49,3.99,0.00,657
59.503,16.67,0.13,1.07,0.50,4.00,0.00,657
59.520,16.67,0.12,1.04,0.50,4.02,0.00,658
59.537,16.67,0.13,1.03,0.50,4.02,0.00,661
59.553,16.68,0.11,1.02,0.50,4.07,0.00,661
59.570,16.67,0.11,1.02,0.49,4.06,0.00,663
59.587,16.66,0.12,1.03,0.50,4.06,0.00,662
59.603,16.68,0.11,1.01,0.51,4.08,0.00,663
59.620,16.66,0.12,1.01,0.52,4.08,0.00,666
59.637,16.67,0.12,1.01,0.51,4.10,0.00,667
59.653,16.73,0.12,1.02,0.50,4.09,0.00,668
59.670,16.60,0.13,1.01,0.50,4.08,0.00,668
59.687,16.71,0.13,1.04,0.59,4.08,0.00,668
59.703,16.63,0.13,1.00,0.53,4.01,0.00,670
59.720,16.69,0.12,1.01,0.58,4.08,0.00,669
59.737,16.66,0.12,1.03,0.56,4.05,0.00,672
59.753,16.65,0.12,1.01,0.50,4.06,0.00,672
59.770,16.70,0.12,1.01,0.50,4.07,0.00,669
59.787,16.65,0.11,1.00,0.51,4.07,0.00,668
59.803,16.68,0.12,1.00,0.53,4.07,0.00,668
59.820,16.66,0.11,1.03,0.55,4.09,0.00,670
59.837,16.66,0.13,1.03,0.58,4.08,0.00,670
59.853,16.66,0.13,1.03,0.57,4.08,0.00,665
59.870,16.68,0.13,1.01,0.57,4.06,0.00,664
59.887,16.68,0.11,0.92,0.51,4.02,0.00,665
59.903,16.67,0.11,0.90,0.51,4.09,0.00,664
59.920,16.68,0.23,1.01,0.51,4.06,0.00,680
59.937,16.66,0.13,1.01,0.59,4.17,0.00,685
59.953,16.67,0.11,1.02,0.52,4.23,0.00,682
59.970,16.65,0.13,1.01,0.55,4.22,0.00,677
59.987,16.66,0.12,1.01,0.50,4.21,0.00,674
60.003,16.68,0.13,1.03,0.58,4.21,0.00,671
60.020,16.65,0.12,1.07,0.55,4.20,0.00,669
60.037,16.67,0.13,1.02,0.56,4.12,0.00,665
60.053,16.67,0.13,1.02,0.53,4.12,0.00,662
60.070,16.76,0.12,1.01,0.54,4.16,0.00,658
60.087,16.59,0.11,0.99,0.52,3.71,0.00,657
60.103,16.66,0.12,0.97,0.51,3.73,0.00,658
60.120,16.68,0.10,0.98,0.50,3.69,0.00,657
60.137,16.67,0.11,0.97,0.49,3.74,0.00,656
60.153,16.65,0.12,0.97,0.51,3.71,0.00,657
60.170,16.67,0.12,0.97,0.50,3.72,0.00,658
60.187,16.67,0.12,0.98,0.52,3.70,0.00,659
60.203,16.67,0.12,0.96,0.50,3.66,0.00,657
60.220,16.67,0.14,0.99,0.54,3.65,0.00,657
60.237,16.66,0.13,0.99,0.55,3.64,0.00,656
60.253,16.67,0.13,1.00,0.60,3.64,0.00,655
60.270,16.67,0.12,0.97,0.52,3.62,0.00,655
60.287,16.68,0.11,0.99,0.52,3.65,0.00,654
60.303,16.66,0.12,0.98,0.51,3.65,0.00,652
60.320,16.69,0.11,0.99,0.51,3.64,0.00,650
60.337,16.66,0.11,0.99,0.51,3.64,0.00,650
60.353,16.67,0.11,0.98,0.52,3.66,0.00,648
60.370,16.67,0.11,0.98,0.50,3.66,0.00,648
60.387,16.66,0.12,0.98,0.50,3.66,0.00,647
60.403,16.70,0.11,0.98,0.51,3.67,0.00,643
60.420,16.65,0.11,0.98,0.52,3.67,0.00,642
60.437,16.65,0.13,1.00,0.55,3.61,0.00,642
60.453,16.67,0.12,0.99,0.50,3.60,0.00,640
60.470,16.68,0.13,1.00,0.56,3.65,0.00,637
60.487,16.68,0.11,0.98,0.53,3.61,0.00,637
60.503,16.65,0.13,0.99,0.57,3.63,0.00,636
60.520,16.68,0.11,0.98,0.51,3.63,0.00,635
60.537,16.66,0.13,0.72,0.53,3.60,0.00,632
60.553,16.66,0.11,0.70,0.49,3.62,0.00,628
60.570,16.67,0.12,0.72,0.48,3.64,0.00,626
60.587,16.70,0.13,1.03,0.52,3.65,0.00,677
60.603,16.65,0.12,1.01,0.50,4.51,0.00,677
60.620,16.66,0.14,1.02,0.50,4.46,0.00,667
60.637,16.68,0.13,1.02,0.49,4.47,0.00,666
60.653,16.69,0.14,1.06,0.56,4.42,0.00,664
60.670,16.63,0.13,1.04,0.52,4.43,0.00,662
60.687,16.67,0.14,1.06,0.55,4.41,0.00,662
60.703,16.67,0.14,1.03,0.51,4.37,0.00,662
60.720,16.67,0.14,1.06,0.55,4.38,0.00,662
60.737,16.67,0.15,1.07,0.56,4.36,0.00,659
60.753,16.68,0.12,1.05,0.52,4.35,0.00,661
60.770,16.67,0.12,1.05,0.49,4.42,0.00,660
60.787,16.81,0.14,1.11,0.62,4.39,0.00,661
60.803,16.51,0.15,1.07,0.55,4.36,0.00,655
60.820,16.70,0.12,1.05,0.52,4.37,0.00,653
60.837,16.64,0.14,1.07,0.53,4.38,0.00,654
60.853,16.69,0.12,1.06,0.51,4.38,0.00,653
60.870,16.66,0.12,1.06,0.51,4.39,0.00,653
60.887,16.68,0.12,1.06,0.51,4.38,0.00,654
60.903,16.65,0.12,1.07,0.50,4.41,0.00,653
60.920,16.67,0.13,1.07,0.50,4.39,0.00,653
60.937,16.67,0.14,1.07,0.54,4.48,0.00,652
60.953,16.66,0.14,1.08,0.50,4.41,0.00,675
60.970,16.67,0.14,1.09,0.55,4.49,0.00,676
60.987,16.68,0.11,1.08,0.50,4.46,0.00,673
61.003,16.65,0.14,1.09,0.56,3.96,0.00,675
61.020,16.69,0.12,1.09,0.52,3.93,0.00,676
61.037,16.65,0.12,1.07,0.57,3.92,0.00,677
61.053,16.67,0.14,1.10,0.54,3.90,0.00,681
61.070,16.71,0.12,1.10,0.53,3.92,0.00,682
61.087,16.62,0.13,1.09,0.50,3.93,0.00,678
61.103,16.67,0.13,1.08,0.53,3.99,0.00,676
61.120,16.68,0.11,1.08,0.50,3.98,0.00,675
61.137,16.66,0.13,1.07,0.52,4.02,0.00,675
61.153,16.68,0.12,1.07,0.49,4.00,0.00,674
61.170,16.66,0.13,1.07,0.49,4.02,0.00,674
61.187,16.75,0.12,1.11,0.59,4.06,0.00,675
61.203,16.59,0.13,1.09,0.53,4.01,0.00,676
61.220,16.66,0.13,1.09,0.55,4.04,0.00,676
61.237,16.67,0.11,1.08,0.50,4.00,0.00,672
61.253,16.67,0.13,1.09,0.57,3.99,0.00,673
61.270,16.67,0.13,1.07,0.51,4.08,0.00,673
61.287,16.68,0.11,1.07,0.51,4.08,0.00,673
61.303,16.65,0.13,1.06,0.50,4.11,0.00,670
61.320,16.67,0.12,1.05,0.50,4.11,0.00,669
61.337,16.66,0.12,1.05,0.50,4.15,0.00,668
61.354,16.67,0.12,1.06,0.50,4.17,0.00,666
61.370,16.67,0.13,1.05,0.50,4.17,0.00,666
61.387,16.67,0.12,1.06,0.50,4.16,0.00,668
61.404,16.68,0.13,1.06,0.52,4.18,0.00,668
61.420,16.67,0.11,1.06,0.51,4.17,0.00,668
61.437,16.65,0.13,1.06,0.55,4.20,0.00,665
61.454,16.68,0.11,1.06,0.50,4.14,0.00,662
61.470,16.66,0.13,1.06,0.54,4.17,0.00,662
61.487,16.67,0.12,1.04,0.50,4.15,0.00,663
61.504,16.67,0.13,1.05,0.51,4.17,0.00,660
61.520,16.67,0.12,1.05,0.51,4.17,0.00,660
61.537,16.68,0.11,1.04,0.51,4.19,0.00,660
61.554,16.65,0.12,1.07,0.57,4.15,0.00,661
61.570,16.68,0.11,1.04,0.51,4.14,0.00,661
61.587,16.66,0.12,1.07,0.53,4.15,0.00,662
61.604,16.66,0.12,1.06,0.52,4.17,0.00,661
61.620,16.68,0.11,1.05,0.51,4.15,0.00,662
61.637,16.65,0.12,1.03,0.50,4.13,0.00,661
61.654,16.68,0.11,1.04,0.52,4.12,0.00,661
61.670,16.65,0.13,1.03,0.50,4.13,0.00,661
61.687,16.70,0.11,1.07,0.57,4.13,0.00,662
61.704,16.66,0.11,1.06,0.56,4.08,0.00,661
61.720,16.65,0.13,1.06,0.57,4.04,0.00,663
61.737,16.67,0.12,1.04,0.54,4.02,0.00,663
61.754,16.66,0.12,1.02,0.50,4.02,0.00,662
61.770,16.67,0.12,1.03,0.51,4.07,0.00,664
61.787,16.68,0.10,1.02,0.51,4.06,0.00,662
61.804,16.65,0.14,1.03,0.54,4.01,0.00,663
61.820,16.67,0.11,1.02,0.53,4.00,0.00,660
61.837,16.69,0.13,1.05,0.60,4.02,0.00,658
61.854,16.66,0.11,1.03,0.54,3.98,0.00,658
61.870,16.66,0.12,1.02,0.51,4.00,0.00,657
61.887,16.67,0.11,0.92,0.51,3.99,0.00,659
61.904,16.75,0.11,0.94,0.54,3.99,0.00,661
61.920,16.61,0.23,1.02,0.56,3.97,0.00,674
61.937,16.65,0.13,1.20,0.65,4.06,0.00,678
61.954,16.69,0.15,1.12,0.60,4.09,0.00,679
61.970,16.64,0.13,1.04,0.62,4.09,0.00,678
61.987,16.72,0.09,0.77,0.44,4.09,0.00,678
62.004,16.62,0.14,1.02,0.60,4.07,0.00,676
62.020,16.69,0.13,1.02,0.57,4.09,0.00,676
62.037,16.65,0.12,0.99,0.57,4.07,0.00,674
62.054,16.67,0.14,1.04,0.61,4.06,0.00,671
62.070,16.72,0.13,1.01,0.61,4.04,0.00,662
62.087,16.76,0.15,1.29,0.61,4.03,0.00,716
62.104,16.61,0.14,1.29,0.63,4.56,0.00,716
62.120,16.60,0.16,1.30,0.63,4.53,0.00,715
62.137,16.70,0.16,1.30,0.62,4.52,0.00,714
62.154,16.68,0.14,1.28,0.66,4.47,0.00,711
62.170,16.59,0.16,1.32,0.64,4.49,0.00,707
62.187,16.66,0.14,1.31,0.54,4.50,0.00,707
62.204,16.67,0.15,1.28,0.56,4.47,0.00,707
62.220,16.70,0.13,1.31,0.56,4.50,0.00,707
62.237,16.71,0.10,0.97,0.50,4.48,0.00,705
62.254,16.66,0.10,0.98,0.52,4.47,0.00,706
62.270,16.67,0.10,0.97,0.53,4.61,0.00,704
62.287,16.66,0.10,0.97,0.49,4.57,0.00,704
62.304,16.66,0.10,0.98,0.53,4.61,0.00,717
62.320,16.67,0.10,0.96,0.52,4.63,0.00,717
62.337,16.65,0.10,0.98,0.51,4.67,0.00,717
62.354,16.68,0.09,0.96,0.51,4.65,0.00,718
62.370,16.64,0.13,1.31,0.53,4.61,0.00,717
62.387,16.65,0.12,1.31,0.54,4.63,0.00,717
62.404,16.68,0.12,1.31,0.53,4.63,0.00,717
62.420,16.65,0.14,1.31,0.53,4.61,0.00,717
62.437,16.75,0.13,1.30,0.53,4.65,0.00,718
62.454,16.59,0.13,1.32,0.55,4.58,0.00,714
62.470,16.68,0.12,1.38,0.56,4.60,0.00,715
62.487,16.66,0.13,1.31,0.57,4.59,0.00,712
62.504,16.66,0.13,1.29,0.53,4.49,0.00,708
62.520,16.67,0.13,1.30,0.53,4.07,0.00,702
62.537,16.67,0.13,1.29,0.52,4.06,0.00,700
62.554,16.67,0.13,1.01,0.51,4.05,0.00,679
62.570,16.68,0.12,1.01,0.51,4.04,0.00,681
62.587,16.67,0.12,1.00,0.52,4.01,0.00,680
62.604,16.67,0.12,1.01,0.54,4.07,0.00,681
62.620,16.66,0.12,1.01,0.53,4.04,0.00,679
62.637,16.69,0.13,1.00,0.51,4.04,0.00,679
62.654,16.66,0.12,1.01,0.51,4.00,0.00,680
62.670,16.67,0.12,1.00,0.50,4.01,0.00,680
62.687,16.65,0.12,1.00,0.51,4.04,0.00,679
62.704,16.68,0.13,1.02,0.55,4.04,0.00,679
62.720,16.66,0.13,1.01,0.51,3.98,0.00,679
62.737,16.67,0.14,1.01,0.56,3.95,0.00,679
62.754,16.68,0.12,1.00,0.51,3.97,0.00,679
62.770,16.66,0.12,1.00,0.52,4.00,0.00,676
62.787,16.67,0.12,1.00,0.50,4.01,0.00,677
62.804,16.65,0.13,1.00,0.56,4.03,0.00,676
62.820,16.67,0.13,1.02,0.56,3.97,0.00,676
62.837,16.68,0.12,1.00,0.51,4.00,0.00,677
62.854,16.66,0.13,1.00,0.52,4.02,0.00,678
62.870,16.69,0.12,0.98,0.51,4.03,0.00,677
62.887,16.65,0.13,1.00,0.54,4.03,0.00,678
62.904,16.66,0.13,0.99,0.52,3.99,0.00,677
62.920,16.68,0.11,0.99,0.52,4.00,0.00,676
62.937,16.65,0.12,0.97,0.50,4.03,0.00,677
62.954,16.67,0.14,1.01,0.54,4.03,0.00,676
62.970,16.66,0.13,0.98,0.52,3.98,0.00,675
62.987,16.67,0.13,1.00,0.54,4.01,0.00,675
63.004,16.67,0.14,0.99,0.52,3.98,0.00,674
63.020,16.67,0.13,0.99,0.51,4.03,0.00,674
63.037,16.68,0.12,0.97,0.52,4.01,0.00,674
63.054,16.67,0.12,0.98,0.50,3.98,0.00,674
63.070,16.73,0.12,0.97,0.53,4.00,0.00,674
63.087,16.61,0.12,0.96,0.51,4.00,0.00,674
63.104,16.65,0.11,0.96,0.50,4.03,0.00,672
63.120,16.66,0.13,0.97,0.49,4.01,0.00,672
63.137,16.69,0.12,0.96,0.52,3.94,0.00,673
63.154,16.65,0.11,0.96,0.52,3.97,0.00,672
63.170,16.68,0.11,0.95,0.51,3.99,0.00,671
63.187,16.65,0.12,0.94,0.50,4.01,0.00,672
63.204,16.67,0.13,0.96,0.55,4.04,0.00,673
63.220,16.71,0.11,0.95,0.53,3.97,0.00,673
63.237,16.66,0.13,0.96,0.56,3.94,0.00,673
63.254,16.64,0.12,0.94,0.51,3.98,0.00,673
63.270,16.67,0.12,0.92,0.50,4.01,0.00,675
63.287,16.69,0.11,0.96,0.52,4.02,0.00,672
63.304,16.65,0.12,0.93,0.51,4.03,0.00,672
63.320,16.66,0.12,0.94,0.53,3.99,0.00,672
63.337,16.67,0.13,0.93,0.51,3.99,0.00,671
63.354,16.67,0.12,0.93,0.51,4.00,0.00,672
63.370,16.69,0.14,0.97,0.61,4.01,0.00,672
63.387,16.66,0.15,0.99,0.62,3.92,0.00,670
63.404,16.68,0.12,0.97,0.60,3.91,0.00,669
63.420,16.65,0.14,0.98,0.60,3.90,0.00,667
63.437,16.67,0.13,0.96,0.60,3.91,0.00,665
63.454,16.66,0.13,0.93,0.54,3.91,0.00,661
63.470,16.67,0.12,0.92,0.51,3.88,0.00,659
63.487,16.66,0.12,0.95,0.55,3.87,0.00,658
63.504,16.67,0.12,0.96,0.57,3.85,0.00,656
63.520,16.67,0.13,0.93,0.54,3.91,0.00,656
63.537,16.67,0.13,0.92,0.52,3.89,0.00,656
63.554,16.66,0.13,0.96,0.56,3.93,0.00,663
63.570,16.68,0.11,0.93,0.52,3.91,0.00,660
63.587,16.67,0.11,0.92,0.50,3.90,0.00,656
63.604,16.66,0.12,0.90,0.53,3.90,0.00,657
63.620,16.67,0.10,0.88,0.53,3.60,0.00,656
63.637,16.66,0.12,0.90,0.49,3.61,0.00,654
63.654,16.67,0.12,0.90,0.50,3.59,0.00,653
63.670,16.69,0.11,0.89,0.50,3.59,0.00,653
63.687,16.66,0.10,0.90,0.50,3.60,0.00,655
63.704,16.66,0.12,0.90,0.56,3.59,0.00,657
63.720,16.66,0.11,0.89,0.54,3.54,0.00,654
63.737,16.67,0.12,0.92,0.56,3.55,0.00,654
63.754,16.68,0.13,0.73,0.48,3.51,0.00,653
63.770,16.68,0.12,0.92,0.58,3.51,0.00,652
63.787,16.64,0.11,0.90,0.54,3.51,0.00,651
63.804,16.68,0.11,0.89,0.52,3.53,0.00,649
63.820,16.66,0.12,0.91,0.58,3.53,0.00,648
63.837,16.68,0.11,0.89,0.52,3.47,0.00,646
63.854,16.65,0.11,0.89,0.51,3.53,0.00,642
63.870,16.68,0.10,0.89,0.53,3.51,0.00,638
63.887,16.65,0.11,0.82,0.51,3.51,0.00,636
63.904,16.68,0.10,0.83,0.50,3.53,0.00,632
63.920,16.66,0.24,0.92,0.51,3.52,0.00,649
63.937,16.68,0.11,0.90,0.51,3.69,0.00,656
63.954,16.65,0.12,0.92,0.55,3.79,0.00,652
63.970,16.68,0.10,0.91,0.51,3.73,0.00,651
63.987,16.66,0.12,0.92,0.55,3.73,0.00,646
64.004,16.66,0.12,0.90,0.51,3.71,0.00,640
64.020,16.67,0.11,0.90,0.51,3.74,0.00,636
64.037,16.67,0.12,0.90,0.51,3.74,0.00,633
64.054,16.67,0.11,0.69,0.49,3.72,0.00,610
64.070,16.75,0.10,0.70,0.51,3.71,0.00,609
64.087,16.58,0.12,0.75,0.54,3.68,0.00,606
64.104,16.68,0.10,0.69,0.52,3.70,0.00,606
64.120,16.66,0.12,0.70,0.51,3.67,0.00,607
64.137,16.67,0.12,0.68,0.51,3.70,0.00,606
64.154,16.69,0.10,0.70,0.50,3.68,0.00,605
64.170,16.65,0.11,0.68,0.51,3.67,0.00,603
64.187,16.75,0.11,0.72,0.55,3.67,0.00,603
64.204,16.60,0.11,0.70,0.54,3.67,0.00,602
64.220,16.67,0.10,0.70,0.52,3.63,0.00,601
64.237,16.66,0.12,0.71,0.57,3.56,0.00,601
64.254,16.66,0.12,0.71,0.52,3.58,0.00,599
64.270,16.68,0.10,0.68,0.50,3.61,0.00,599
64.287,16.66,0.12,0.68,0.52,3.61,0.00,599
64.304,16.68,0.10,0.67,0.50,3.59,0.00,599
64.320,16.69,0.11,0.70,0.54,3.57,0.00,599
64.337,16.64,0.11,0.67,0.52,3.53,0.00,595
64.354,16.68,0.10,0.67,0.51,3.55,0.00,595
64.370,16.65,0.12,0.66,0.50,3.56,0.00,595
64.387,16.69,0.10,0.68,0.49,3.54,0.00,593
64.404,16.67,0.10,0.68,0.49,3.53,0.00,591
64.420,16.66,0.10,0.68,0.50,3.52,0.00,585
64.437,16.65,0.11,0.67,0.53,3.53,0.00,583
64.454,16.67,0.12,0.68,0.55,3.48,0.00,580
64.470,16.66,0.11,0.66,0.49,3.46,0.00,577
64.487,16.67,0.12,0.68,0.52,3.47,0.00,574
64.504,16.67,0.10,0.67,0.48,3.45,0.00,569
64.520,16.67,0.10,0.66,0.50,3.45,0.00,567
64.537,16.66,0.11,0.65,0.51,3.45,0.00,566
64.554,16.68,0.10,0.66,0.49,3.43,0.00,561
64.570,16.66,0.11,0.66,0.50,3.43,0.00,557
64.587,16.67,0.14,0.90,0.50,3.42,0.00,611
64.604,16.68,0.12,0.88,0.51,4.33,0.00,611
64.620,16.66,0.13,0.88,0.50,4.30,0.00,608
64.637,16.67,0.13,0.89,0.55,4.32,0.00,606
64.654,16.66,0.13,0.90,0.52,4.27,0.00,605
64.670,16.67,0.13,0.89,0.50,4.27,0.00,603
64.687,16.68,0.12,0.90,0.53,4.25,0.00,603
64.704,16.66,0.14,0.90,0.55,4.27,0.00,602
64.720,16.67,0.12,0.92,0.56,4.19,0.00,601
64.737,16.67,0.15,0.92,0.59,4.20,0.00,601
64.754,16.66,0.14,0.90,0.53,4.23,0.00,601
64.770,16.67,0.14,0.90,0.53,4.28,0.00,601
64.787,16.66,0.13,0.88,0.51,4.28,0.00,601
64.804,16.68,0.14,0.91,0.51,4.27,0.00,603
64.820,16.66,0.14,0.92,0.58,4.28,0.00,604
64.837,16.66,0.14,0.91,0.55,4.24,0.00,602
64.854,16.67,0.12,0.93,0.53,4.23,0.00,600
64.870,16.67,0.14,0.92,0.55,4.21,0.00,602
64.887,16.67,0.13,0.90,0.50,4.20,0.00,605
64.904,16.68,0.12,0.90,0.52,4.25,0.00,605
64.920,16.67,0.12,0.91,0.52,4.22,0.00,607
64.937,16.66,0.14,0.91,0.53,4.27,0.00,605
64.954,16.67,0.12,0.94,0.57,4.24,0.00,606
64.970,16.66,0.13,0.90,0.51,4.22,0.00,606
64.987,16.67,0.13,0.90,0.54,4.24,0.00,605
65.004,16.68,0.12,0.90,0.51,3.66,0.00,605
65.021,16.68,0.12,0.91,0.52,3.68,0.00,604
65.037,16.66,0.11,0.90,0.50,3.70,0.00,605
65.054,16.65,0.13,0.90,0.51,3.68,0.00,604
65.071,16.76,0.12,0.92,0.55,3.68,0.00,603
65.087,16.64,0.12,0.92,0.51,3.67,0.00,603
65.104,16.60,0.13,0.90,0.53,3.69,0.00,603
65.120,16.67,0.13,0.91,0.50,3.71,0.00,604
65.137,16.67,0.13,0.91,0.55,3.72,0.00,604
65.154,16.67,0.13,0.91,0.52,3.67,0.00,605
65.170,16.67,0.13,0.89,0.53,3.70,0.00,604
65.187,16.67,0.12,0.90,0.51,3.70,0.00,604
65.204,16.72,0.12,0.89,0.53,3.72,0.00,604
65.221,16.62,0.12,0.91,0.50,3.68,0.00,603
65.237,16.67,0.13,0.90,0.55,3.63,0.00,600
65.254,16.67,0.12,0.90,0.52,3.68,0.00,598
65.271,16.66,0.12,0.88,0.50,3.70,0.00,596
65.287,16.67,0.12,0.90,0.51,3.72,0.00,595
65.304,16.67,0.12,0.88,0.50,3.69,0.00,590
65.321,16.66,0.12,0.89,0.48,3.71,0.00,591
65.337,16.68,0.11,0.89,0.50,3.71,0.00,590
65.354,16.67,0.11,0.88,0.50,3.69,0.00,588
65.371,16.65,0.12,0.88,0.50,3.75,0.00,587
65.387,16.75,0.10,0.69,0.50,3.74,0.00,587
65.404,16.67,0.12,0.91,0.56,3.62,0.00,587
65.421,16.61,0.11,0.89,0.52,3.67,0.00,584
65.437,16.65,0.13,0.89,0.54,3.70,0.00,584
65.454,16.67,0.13,0.89,0.54,3.71,0.00,585
65.471,16.66,0.12,0.89,0.50,3.68,0.00,583
65.487,16.67,0.11,0.93,0.57,3.71,0.00,582
65.504,16.66,0.13,0.89,0.58,3.68,0.00,582
65.521,16.67,0.13,1.02,0.53,3.70,0.00,591
65.537,16.67,0.13,0.93,0.51,3.77,0.00,592
65.554,16.68,0.11,0.94,0.49,3.74,0.00,595
65.571,16.66,0.12,0.92,0.50,3.80,0.00,595
65.587,16.67,0.12,0.94,0.50,3.79,0.00,596
65.604,16.68,0.12,0.96,0.54,3.82,0.00,600
65.621,16.66,0.13,0.94,0.51,3.85,0.00,599
65.637,16.68,0.11,0.92,0.51,3.84,0.00,601
65.654,16.67,0.11,0.98,0.56,3.85,0.00,602
65.671,16.65,0.13,0.94,0.52,3.83,0.00,600
65.687,16.67,0.12,0.96,0.51,3.82,0.00,601
65.704,16.67,0.14,0.94,0.53,3.84,0.00,606
65.721,16.67,0.12,0.94,0.51,3.82,0.00,605
65.737,16.69,0.11,1.02,0.57,3.85,0.00,606
65.754,16.64,0.14,0.97,0.54,3.83,0.00,606
65.771,16.67,0.13,0.94,0.52,3.83,0.00,609
65.787,16.67,0.12,0.95,0.51,3.88,0.00,609
65.804,16.68,0.11,0.94,0.51,3.88,0.00,607
65.821,16.72,0.09,0.73,0.50,3.86,0.00,609
65.837,16.67,0.13,1.00,0.65,3.81,0.00,611
65.854,16.62,0.12,0.98,0.55,3.81,0.00,611
65.871,16.67,0.11,0.95,0.52,3.88,0.00,612
65.887,16.65,0.11,0.89,0.51,3.89,0.00,613
65.904,16.68,0.10,0.88,0.52,3.92,0.00,612
65.921,16.67,0.23,1.00,0.51,3.94,0.00,636
65.937,16.65,0.14,1.01,0.55,4.05,0.00,645
65.954,16.68,0.14,1.03,0.61,4.16,0.00,645
65.971,16.66,0.10,0.77,0.47,4.09,0.00,646
65.987,16.66,0.09,0.76,0.47,4.14,0.00,645
66.004,16.72,0.09,0.78,0.50,4.12,0.00,644
66.021,16.62,0.09,0.77,0.47,4.12,0.00,641
66.037,16.67,0.09,0.78,0.47,4.17,0.00,641
66.054,16.68,0.09,0.82,0.49,4.14,0.00,639
66.071,16.66,0.09,0.77,0.49,4.14,0.00,639
66.087,16.66,0.14,1.02,0.60,4.14,0.00,624
66.104,16.66,0.14,1.09,0.59,3.79,0.00,623
66.121,16.68,0.09,0.74,0.45,3.78,0.00,623
66.137,16.66,0.13,1.00,0.59,3.80,0.00,623
66.154,16.68,0.14,1.02,0.62,3.78,0.00,621
66.171,16.66,0.14,0.99,0.59,3.82,0.00,621
66.187,16.68,0.14,1.01,0.62,3.79,0.00,619
66.204,16.70,0.14,1.13,0.53,3.78,0.00,619
66.221,16.62,0.09,0.76,0.47,3.77,0.00,620
66.237,16.69,0.13,1.01,0.62,3.77,0.00,621
66.254,16.67,0.14,1.03,0.62,3.76,0.00,620
66.271,16.68,0.15,1.00,0.62,3.75,0.00,620
66.287,16.72,0.13,1.04,0.65,3.77,0.00,619
66.304,16.60,0.14,1.01,0.62,3.78,0.00,616
66.321,16.67,0.14,1.02,0.64,3.75,0.00,616
66.337,16.67,0.13,1.01,0.61,3.78,0.00,615
66.354,16.67,0.13,1.09,0.67,3.76,0.00,614
66.371,16.67,0.14,1.00,0.64,3.77,0.00,612
66.387,16.67,0.12,1.03,0.65,3.77,0.00,614
66.404,16.66,0.12,1.00,0.61,3.78,0.00,615
66.421,16.69,0.13,1.02,0.62,3.78,0.00,617
66.437,16.63,0.13,0.98,0.56,3.76,0.00,614
66.454,16.67,0.12,0.98,0.52,3.80,0.00,616
66.471,16.67,0.12,1.00,0.55,3.76,0.00,619
66.487,16.67,0.11,0.98,0.52,3.79,0.00,619
66.504,16.68,0.12,0.99,0.54,3.79,0.00,617
66.521,16.66,0.15,1.27,0.51,3.80,0.00,669
66.537,16.66,0.14,1.25,0.51,4.64,0.00,670
66.554,16.67,0.12,1.08,0.51,4.64,0.00,670
66.571,16.67,0.13,1.07,0.49,4.63,0.00,668
66.587,16.66,0.13,1.10,0.51,4.60,0.00,668
66.604,16.67,0.13,1.08,0.50,4.66,0.00,667
66.621,16.66,0.14,1.10,0.50,4.66,0.00,667
66.637,16.66,0.14,1.09,0.51,4.66,0.00,668
66.654,16.67,0.14,1.10,0.50,4.67,0.00,664
66.671,16.69,0.13,1.11,0.51,4.69,0.00,664
66.687,16.73,0.14,1.15,0.56,4.64,0.00,661
66.704,16.60,0.15,1.16,0.59,4.61,0.00,657
66.721,16.64,0.07,0.58,0.47,4.64,0.00,657
66.737,16.66,0.07,0.57,0.29,4.67,0.00,655
66.754,16.67,0.08,0.58,0.32,4.68,0.00,654
66.771,16.67,0.07,0.57,0.30,4.75,0.00,654
66.787,16.67,0.07,0.57,0.28,4.74,0.00,655
66.804,16.68,0.07,0.56,0.29,4.78,0.00,659
66.821,16.66,0.07,0.57,0.27,4.80,0.00,659
66.837,16.68,0.08,0.60,0.49,4.82,0.00,661
66.854,16.69,0.07,0.59,0.33,4.75,0.00,662
66.871,16.64,0.07,0.58,0.32,4.81,0.00,661
66.887,16.67,0.07,0.58,0.30,4.81,0.00,662
66.904,16.67,0.07,0.57,0.29,4.88,0.00,661
66.921,16.67,0.07,0.58,0.30,4.84,0.00,659
66.937,16.68,0.10,0.85,0.49,4.27,0.00,660
66.954,16.66,0.09,0.84,0.44,4.28,0.00,662
66.971,16.67,0.09,0.85,0.48,4.31,0.00,660
66.987,16.67,0.10,0.89,0.45,4.27,0.00,660
67.004,16.67,0.09,0.85,0.45,4.34,0.00,655
67.021,16.67,0.09,0.82,0.48,4.31,0.00,654
67.037,16.67,0.10,0.85,0.52,3.89,0.00,655
67.054,16.73,0.09,0.83,0.41,3.90,0.00,659
67.071,16.68,0.09,0.83,0.40,3.94,0.00,664
67.087,16.65,0.09,0.86,0.45,3.97,0.00,666
67.104,16.67,0.09,0.83,0.48,3.95,0.00,667
67.121,16.67,0.09,0.82,0.49,3.97,0.00,666
67.137,16.66,0.09,0.82,0.39,3.99,0.00,671
67.154,16.66,0.09,0.83,0.50,3.98,0.00,675
67.171,16.67,0.09,0.83,0.41,4.04,0.00,675
67.187,16.62,0.11,1.11,0.53,4.00,0.00,674
67.204,16.68,0.12,1.11,0.52,4.02,0.00,675
67.221,16.64,0.13,1.13,0.56,4.01,0.00,675
67.237,16.68,0.13,1.12,0.56,3.97,0.00,677
67.254,16.65,0.14,1.13,0.55,3.99,0.00,676
67.271,16.70,0.12,1.13,0.55,4.01,0.00,676
67.287,16.64,0.12,1.12,0.53,4.02,0.00,678
67.304,16.74,0.12,1.11,0.54,4.03,0.00,679
67.321,16.60,0.13,1.12,0.53,4.07,0.00,681
67.337,16.68,0.11,1.10,0.52,4.06,0.00,681
67.354,16.65,0.12,1.10,0.52,4.06,0.00,682
67.371,16.67,0.13,1.11,0.51,4.09,0.00,682
67.387,16.67,0.13,1.12,0.55,4.07,0.00,681
67.404,16.68,0.11,1.09,0.52,4.08,0.00,681
67.421,16.67,0.11,1.09,0.51,4.09,0.00,680
67.437,16.67,0.11,1.09,0.55,4.10,0.00,679
67.454,16.66,0.12,1.09,0.52,4.05,0.00,678
67.471,16.67,0.13,1.09,0.55,4.09,0.00,676
67.487,16.67,0.13,1.05,0.53,4.11,0.00,674
67.504,16.66,0.13,1.06,0.54,4.12,0.00,668
67.521,16.70,0.11,1.06,0.53,4.12,0.00,669
67.537,16.64,0.12,1.05,0.51,4.17,0.00,670
67.554,16.68,0.11,1.04,0.52,4.14,0.00,673
67.571,16.67,0.11,1.03,0.50,4.17,0.00,672
67.587,16.65,0.12,1.07,0.56,4.15,0.00,672
67.604,16.67,0.12,1.04,0.53,4.13,0.00,672
67.621,16.69,0.11,1.03,0.52,4.14,0.00,675
67.637,16.64,0.12,1.02,0.51,4.17,0.00,674
67.654,16.67,0.11,1.03,0.52,4.16,0.00,673
67.671,16.72,0.13,1.05,0.59,4.16,0.00,673
67.687,16.70,0.12,1.07,0.55,4.11,0.00,673
67.704,16.61,0.12,1.05,0.58,4.14,0.00,673
67.721,16.64,0.14,1.08,0.69,4.10,0.00,673
67.737,16.66,0.13,1.05,0.55,4.10,0.00,671
67.754,16.68,0.13,1.05,0.56,4.12,0.00,669
67.771,16.69,0.11,1.04,0.52,4.12,0.00,669
67.787,16.72,0.11,1.04,0.52,4.12,0.00,670
67.804,16.59,0.12,1.03,0.51,4.18,0.00,669
67.821,16.72,0.13,1.07,0.62,4.11,0.00,668
67.837,16.62,0.13,1.06,0.58,4.10,0.00,668
67.854,16.77,0.12,1.06,0.62,4.09,0.00,667
67.871,16.65,0.10,0.79,0.51,4.07,0.00,668
67.887,16.61,0.13,0.99,0.66,4.08,0.00,666
67.904,16.65,0.12,0.93,0.53,4.09,0.00,666
67.921,16.67,0.25,1.03,0.56,4.08,0.00,684
67.937,16.67,0.13,1.04,0.52,4.24,0.00,697
67.954,16.67,0.14,1.04,0.55,4.38,0.00,697
67.971,16.67,0.13,1.01,0.59,4.39,0.00,693
67.987,16.69,0.11,1.01,0.55,4.33,0.00,693
68.004,16.65,0.13,1.01,0.59,4.34,0.00,692
68.021,16.69,0.11,0.99,0.57,4.31,0.00,689
68.037,16.64,0.14,0.98,0.61,3.90,0.00,689
68.054,16.67,0.11,0.97,0.55,3.86,0.00,688
68.071,16.75,0.12,0.98,0.59,3.90,0.00,688
68.087,16.58,0.12,0.98,0.57,3.88,0.00,689
68.104,16.67,0.14,0.98,0.62,3.84,0.00,689
68.121,16.67,0.12,0.95,0.55,3.85,0.00,687
68.137,16.67,0.11,0.94,0.55,3.84,0.00,686
68.154,16.69,0.11,0.96,0.54,3.84,0.00,685
68.171,16.64,0.13,0.96,0.55,3.81,0.00,684
68.188,16.76,0.12,0.98,0.58,3.81,0.00,684
68.204,16.58,0.12,0.96,0.55,3.83,0.00,683
68.221,16.75,0.12,0.98,0.58,3.79,0.00,681
68.237,16.59,0.13,0.97,0.53,3.74,0.00,678
68.254,16.66,0.12,0.98,0.56,3.73,0.00,677
68.271,16.68,0.15,0.95,0.60,3.74,0.00,677
68.287,16.66,0.12,0.95,0.52,3.71,0.00,673
68.304,16.68,0.10,0.94,0.51,3.72,0.00,670
68.321,16.66,0.11,0.94,0.50,3.71,0.00,667
68.337,16.68,0.11,0.94,0.50,3.73,0.00,664
68.354,16.66,0.12,0.94,0.53,3.72,0.00,661
68.371,16.67,0.13,0.94,0.56,3.71,0.00,657
68.387,16.68,0.10,0.94,0.52,3.65,0.00,656
68.404,16.67,0.11,0.97,0.54,3.66,0.00,653
68.421,16.65,0.13,0.96,0.56,3.66,0.00,653
68.437,16.67,0.13,0.95,0.55,3.66,0.00,650
68.454,16.66,0.11,0.92,0.51,3.64,0.00,646
68.471,16.67,0.10,0.94,0.53,3.66,0.00,640
68.487,16.67,0.11,0.66,0.49,3.59,0.00,585
68.504,16.66,0.13,0.66,0.53,3.58,0.00,584
68.521,16.69,0.10,0.66,0.52,3.58,0.00,580
68.537,16.65,0.11,0.66,0.50,3.58,0.00,579
68.554,16.68,0.10,0.67,0.50,3.57,0.00,577
68.571,16.66,0.11,0.66,0.49,3.56,0.00,574
68.588,16.75,0.11,0.68,0.54,3.56,0.00,574
68.604,16.61,0.10,0.65,0.52,3.59,0.00,572
68.621,16.78,0.12,0.68,0.59,3.55,0.00,564
68.637,16.54,0.11,0.66,0.55,3.49,0.00,563
68.654,16.67,0.11,0.66,0.51,3.48,0.00,564
68.671,16.68,0.10,0.66,0.54,3.50,0.00,560
68.687,16.65,0.11,0.65,0.51,3.50,0.00,559
68.704,16.67,0.10,0.64,0.50,3.52,0.00,556
68.721,16.68,0.10,0.66,0.53,3.51,0.00,554
68.737,16.66,0.11,0.64,0.50,3.44,0.00,552
68.754,16.67,0.11,0.66,0.53,3.45,0.00,551
68.771,16.68,0.10,0.65,0.60,3.46,0.00,545
68.788,16.69,0.11,0.68,0.58,3.42,0.00,541
68.804,16.65,0.11,0.66,0.55,3.41,0.00,540
68.821,16.65,0.13,0.69,0.56,3.40,0.00,538
68.837,16.68,0.11,0.66,0.60,3.42,0.00,536
68.854,16.70,0.13,0.68,0.60,3.39,0.00,532
68.871,16.65,0.10,0.64,0.54,3.39,0.00,531
68.887,16.64,0.11,0.65,0.52,3.40,0.00,527
68.904,16.67,0.30,0.56,0.50,3.39,0.00,490
68.921,16.67,0.08,0.55,0.51,2.86,0.00,488
68.937,16.67,0.07,0.55,0.50,2.84,0.00,488
68.954,16.67,0.09,0.69,0.55,2.84,0.00,523
68.971,16.68,0.08,0.68,0.54,2.99,0.00,523
68.987,16.65,0.08,0.67,0.51,2.97,0.00,522
69.004,16.68,0.07,0.84,0.56,2.96,0.00,556
69.021,16.66,0.09,0.86,0.57,3.10,0.00,555
69.038,16.67,0.09,0.85,0.53,3.12,0.00,554
69.054,16.68,0.08,1.01,0.58,3.10,0.00,588
69.071,16.74,0.08,0.99,0.52,3.27,0.00,587
69.088,16.60,0.07,0.99,0.52,3.23,0.00,585
69.104,16.65,0.11,1.15,0.51,3.23,0.00,620
69.121,16.68,0.10,1.15,0.52,3.38,0.00,620
69.138,16.66,0.12,1.17,0.59,3.36,0.00,619
69.154,16.68,0.11,1.36,0.52,3.33,0.00,654
69.171,16.67,0.10,1.34,0.50,3.49,0.00,654
69.188,16.73,0.10,1.38,0.49,3.47,0.00,655
69.204,16.62,0.11,1.55,0.55,3.44,0.00,690
69.221,16.65,0.12,1.56,0.58,3.60,0.00,690
69.238,16.68,0.10,1.55,0.54,3.54,0.00,691
69.254,16.65,0.12,1.74,0.53,3.53,0.00,725
69.271,16.67,0.12,1.78,0.54,3.60,0.00,725
69.288,16.66,0.11,1.79,0.50,3.59,0.00,725
69.304,16.69,0.12,1.92,0.52,3.59,0.00,758
69.321,16.64,0.11,1.94,0.50,3.72,0.00,757
69.338,16.67,0.11,1.94,0.53,3.70,0.00,759
69.354,16.67,0.12,2.15,0.51,3.65,0.00,794
69.371,16.67,0.12,2.16,0.50,3.81,0.00,800
69.388,16.67,0.12,2.17,0.50,3.77,0.00,798
69.404,16.70,0.12,2.33,0.51,3.71,0.00,832
69.421,16.64,0.12,2.34,0.52,3.85,0.00,834
69.438,16.67,0.11,2.37,0.54,3.78,0.00,836
69.454,16.68,0.13,2.56,0.52,3.74,0.00,873
69.471,16.65,0.13,2.58,0.56,3.89,0.00,875
69.488,16.68,0.11,2.59,0.51,3.77,0.00,877
69.504,16.66,0.13,2.76,0.51,3.81,0.00,913
69.521,16.67,0.13,2.78,0.55,3.85,0.00,913
69.538,16.67,0.12,2.77,0.52,3.86,0.00,914
69.554,16.68,0.12,2.92,0.51,3.81,0.00,949
69.571,16.66,0.11,2.92,0.52,3.96,0.00,949
69.588,16.66,0.12,2.94,0.54,3.92,0.00,951
69.604,16.67,0.18,3.08,0.52,3.87,0.00,983
69.621,16.66,0.16,3.08,0.51,4.01,0.00,982
69.638,16.66,0.16,3.09,0.51,3.95,0.00,979
69.654,16.67,0.18,3.27,0.52,3.89,0.00,1016
69.671,16.70,0.16,3.30,0.53,4.04,0.00,1018
69.688,16.65,0.16,3.30,0.51,3.97,0.00,1022
69.704,16.66,0.16,3.31,0.52,3.94,0.00,1020
69.721,16.67,0.18,3.32,0.57,3.86,0.00,1019
69.738,16.67,0.17,3.29,0.51,3.82,0.00,1016
69.754,16.68,0.16,3.27,0.52,3.75,0.00,1009
69.771,16.67,0.20,3.59,0.62,3.68,0.00,1072
69.788,16.67,0.17,3.57,0.53,3.97,0.00,1068
69.804,16.66,0.17,3.54,0.52,3.97,0.00,1064
69.821,16.70,0.18,3.74,0.54,3.90,0.00,1147
69.838,16.65,0.16,3.71,0.53,4.27,0.00,1141
69.854,16.67,0.16,3.74,0.54,4.25,0.00,1138
69.871,16.66,0.17,3.70,0.55,4.18,0.00,1138
69.888,16.67,0.17,3.61,0.51,4.19,0.00,1130
69.904,16.67,0.17,3.57,0.53,4.17,0.00,1122
69.921,16.68,0.16,3.54,0.53,4.14,0.00,1115
69.938,16.67,0.16,3.50,0.51,4.11,0.00,1108
69.954,16.67,0.15,3.49,0.53,4.10,0.00,1104
69.971,16.67,0.17,3.49,0.57,4.08,0.00,1101
69.988,16.65,0.17,3.40,0.53,4.01,0.00,1092
70.004,16.69,0.16,3.40,0.54,4.00,0.00,1093
70.021,16.65,0.17,3.34,0.59,4.01,0.00,1081
70.038,16.67,0.18,3.31,0.59,3.95,0.00,1074
70.054,16.68,0.17,3.28,0.55,3.96,0.00,1071
70.071,16.74,0.17,3.23,0.53,3.98,0.00,1065
70.088,16.60,0.16,3.23,0.51,3.93,0.00,1062
70.104,16.67,0.17,3.18,0.52,3.97,0.00,1055
70.121,16.66,0.16,3.15,0.53,3.95,0.00,1051
70.138,16.67,0.12,3.08,0.53,3.97,0.00,1039
70.154,16.65,0.14,3.06,0.60,3.95,0.00,1024
70.171,16.66,0.14,2.95,0.56,3.88,0.00,1009
70.188,16.67,0.12,2.92,0.53,3.91,0.00,1002
70.204,16.68,0.12,2.87,0.52,3.92,0.00,997
70.221,16.66,0.12,2.84,0.55,3.95,0.00,990
70.238,16.70,0.11,2.78,0.52,3.89,0.00,977
70.254,16.66,0.12,2.75,0.51,3.91,0.00,962
70.271,16.68,0.11,2.70,0.56,3.92,0.00,953
70.288,16.65,0.11,2.61,0.51,3.88,0.00,942
70.304,16.65,0.12,2.54,0.51,3.89,0.00,931
70.321,16.68,0.12,2.50,0.51,3.90,0.00,922
70.338,16.66,0.11,2.45,0.50,3.90,0.00,913
70.354,16.66,0.14,2.62,0.51,3.90,0.00,985
70.371,16.69,0.13,2.98,0.53,4.27,0.00,1054
70.388,16.66,0.12,2.93,0.52,4.29,0.00,1043
70.404,16.69,0.13,2.86,0.53,4.32,0.00,1029
70.421,16.65,0.11,2.80,0.50,4.32,0.00,1015
70.438,16.66,0.12,2.76,0.57,4.16,0.00,1000
70.454,16.66,0.13,2.74,0.52,4.14,0.00,990
70.471,16.68,0.20,3.41,0.59,4.16,0.00,1128
70.488,16.67,0.19,3.37,0.55,4.86,0.00,1125
70.504,16.68,0.16,3.36,0.56,4.91,0.00,1116
70.521,16.71,0.13,2.45,0.47,4.84,0.00,1110
70.538,16.62,0.08,1.29,0.28,4.84,0.00,1104
70.554,16.63,0.08,1.16,0.27,4.86,0.00,1237
70.571,16.69,0.08,3.48,0.63,5.57,0.00,1295
70.588,16.70,0.18,4.01,0.60,5.91,0.00,1284
70.604,16.65,0.18,4.00,0.57,5.90,0.00,1277
70.621,16.66,0.19,3.98,0.56,5.98,0.00,1271
70.638,16.67,0.18,3.93,0.54,6.01,0.00,1265
70.654,16.67,0.19,3.92,0.55,6.04,0.00,1253
70.671,16.67,0.18,3.92,0.57,6.01,0.00,1248
70.688,16.66,0.18,3.86,0.54,6.07,0.00,1232
70.704,16.68,0.18,3.86,0.57,6.12,0.00,1222
70.721,16.66,0.20,4.20,0.56,6.12,0.00,1280
70.738,16.67,0.18,4.11,0.54,6.44,0.00,1276
70.754,16.67,0.20,4.33,0.57,6.51,0.00,1330
70.771,16.67,0.19,4.34,0.57,6.87,0.00,1325
70.788,16.67,0.19,4.34,0.55,6.88,0.00,1320
70.804,16.69,0.19,4.46,1.00,6.94,0.00,1377
70.821,16.64,0.19,4.45,0.60,7.28,0.00,1375
70.838,16.67,0.19,4.48,0.60,7.36,0.00,1373
70.854,16.67,0.19,4.46,0.63,7.43,0.00,1369
70.871,16.68,0.20,4.92,0.55,7.46,0.00,1430
70.888,16.66,0.19,4.93,0.55,7.97,0.00,1428
70.904,16.68,0.18,4.93,0.47,8.03,0.00,1426
70.921,16.67,0.20,5.29,0.44,8.07,0.00,1501
70.938,16.67,0.20,5.34,0.47,8.50,0.00,1495
70.954,16.64,0.20,5.65,0.48,8.56,0.00,1564
70.971,16.67,0.22,4.89,0.51,8.74,0.00,1563
70.988,16.68,0.23,5.73,0.58,8.45,0.00,1565
71.004,16.65,0.21,5.71,0.52,8.55,0.00,1566
71.021,16.68,0.21,5.74,0.53,8.65,0.00,1565
71.038,16.70,0.16,4.23,0.50,8.63,0.00,1565
71.054,16.64,0.20,5.77,0.48,8.69,0.00,1564
71.071,16.66,0.15,4.66,0.47,8.73,0.00,1562
71.088,16.66,0.16,4.52,0.46,8.32,0.00,1625
71.104,16.74,0.15,6.13,0.52,8.65,0.00,1625
71.121,16.60,0.15,4.55,0.43,8.70,0.00,1627
71.138,16.66,0.15,4.54,0.42,5.99,0.00,1629
71.154,16.69,0.20,6.18,0.49,7.77,0.00,1627
71.171,16.64,0.22,5.15,0.42,8.27,0.00,1759
71.188,16.67,0.19,5.17,0.44,8.75,0.00,1759
71.204,16.70,0.27,6.38,0.53,8.70,0.00,1758
71.221,16.66,0.22,5.21,0.48,8.75,0.00,1758
71.238,16.65,0.21,5.24,0.48,5.63,0.00,1760
71.254,16.67,0.20,5.27,0.50,7.40,0.00,1760
71.271,16.67,0.21,5.26,0.50,8.84,0.00,1760
71.288,16.73,0.22,5.27,0.44,8.42,0.00,1759
71.304,16.60,0.20,4.99,0.33,8.95,0.00,1760
71.321,16.67,0.21,5.29,0.34,8.20,0.00,1760
71.338,16.73,0.21,5.30,0.43,8.74,0.00,1761
71.354,16.66,0.21,4.95,0.33,8.44,0.00,1761
71.371,16.68,0.21,5.31,0.40,8.48,0.00,1761
71.388,16.67,0.23,4.94,0.34,8.51,0.00,1759
71.404,16.67,0.22,4.83,0.32,8.52,0.00,1757
71.421,16.60,0.20,5.34,0.35,8.32,0.00,1757
71.438,16.74,0.22,4.89,0.33,8.38,0.00,1757
71.454,16.67,0.22,5.36,0.33,8.31,0.00,1758
71.471,16.67,0.21,5.39,0.47,8.34,0.00,1757
71.488,16.67,0.21,4.89,0.34,8.11,0.00,1758
71.504,16.67,0.22,5.51,0.31,8.13,0.00,1829
71.521,16.67,0.22,5.67,0.44,8.50,0.00,1827
71.538,16.66,0.21,5.69,0.47,8.19,0.00,1827
71.554,16.67,0.21,5.23,0.34,8.24,0.00,1826
71.571,16.67,0.20,5.65,0.30,8.07,0.00,1826
71.588,16.66,0.21,5.70,0.39,8.16,0.00,1826
71.604,16.68,0.21,5.57,0.32,8.16,0.00,1826
71.621,16.67,0.22,5.14,0.32,8.14,0.00,1826
71.638,16.67,0.23,5.02,0.32,8.14,0.00,1826
71.654,16.67,0.21,5.63,0.31,8.15,0.00,1826
71.671,16.67,0.23,5.32,0.30,8.14,0.00,1876
71.688,16.66,0.22,4.72,0.31,8.40,0.00,1874
71.704,16.61,0.22,5.71,0.36,8.09,0.00,1874
71.721,16.73,0.23,5.39,0.34,8.09,0.00,1874
71.738,16.64,0.22,4.47,0.35,8.09,0.00,1874
71.754,16.70,0.21,5.23,0.30,8.07,0.00,1874
71.771,16.60,0.23,5.65,0.36,8.05,0.00,1872
71.788,16.67,0.22,5.60,0.45,7.49,0.00,1944
71.804,16.68,0.24,5.81,0.34,7.86,0.00,1996
71.821,16.72,0.23,5.50,0.35,8.12,0.00,2065
71.838,16.68,0.24,5.32,0.35,8.49,0.00,2143
71.854,16.66,0.24,5.03,0.34,8.83,0.00,2143
71.871,16.67,0.24,5.49,0.34,8.51,0.00,2143
71.888,16.67,0.23,5.03,0.33,8.82,0.00,2143
71.904,16.60,0.22,6.04,0.35,8.06,0.00,2142
71.921,16.67,0.23,5.68,0.32,8.84,0.00,2142
71.938,16.67,0.22,5.43,0.33,5.54,0.00,2142
71.954,16.67,0.22,5.31,0.34,7.41,0.00,2142
71.971,16.67,0.22,5.74,0.33,8.90,0.00,2141
71.988,16.74,0.24,5.02,0.38,8.23,0.00,2139
72.004,16.66,0.24,5.05,0.32,8.90,0.00,2138
72.021,16.64,0.24,5.69,0.36,8.88,0.00,2138
72.038,16.63,0.22,5.11,0.32,8.94,0.00,2137
72.054,16.73,0.23,5.44,0.34,6.27,0.00,2138
72.071,16.66,0.23,4.91,0.34,7.94,0.00,2138
72.088,16.68,0.24,5.04,0.34,8.95,0.00,2135
72.104,16.64,0.24,5.41,0.37,7.58,0.00,2133
72.121,16.63,0.25,5.04,0.34,7.88,0.00,2197
72.138,16.73,0.24,5.20,0.34,9.03,0.00,2196
72.154,16.67,0.25,5.41,0.34,9.04,0.00,2264
72.171,16.58,0.17,4.70,0.34,9.41,0.00,2264
72.188,16.75,0.24,5.41,0.32,6.36,0.00,2263
72.204,16.59,0.17,4.72,0.37,7.50,0.00,2263
72.221,16.75,0.25,5.41,0.33,9.47,0.00,2263
72.238,16.63,0.17,4.72,0.36,9.52,0.00,2262
72.254,16.64,0.23,5.46,0.35,6.31,0.00,2262
72.271,16.71,0.17,4.94,0.37,7.49,0.00,2334
72.288,16.67,0.18,5.18,0.36,9.54,0.00,2333
72.305,16.70,0.26,5.73,0.34,9.62,0.00,2381
72.321,16.61,0.18,4.94,0.34,6.03,0.00,2380
72.338,16.69,0.18,4.72,0.34,8.21,0.00,2380
72.354,16.63,0.24,5.46,0.34,9.84,0.00,2380
72.371,16.70,0.16,4.74,0.33,9.94,0.00,2380
72.388,16.70,0.25,5.43,0.35,6.55,0.00,2378
72.404,16.62,0.20,4.83,0.35,7.59,0.00,2434
72.421,16.65,0.26,5.58,0.39,9.68,0.00,2433
72.438,16.72,0.19,4.41,0.36,9.38,0.00,2432
72.454,16.65,0.19,4.41,0.34,6.25,0.00,2432
72.471,16.64,0.24,5.15,0.34,7.78,0.00,2432
72.488,16.67,0.25,5.17,0.38,9.08,0.00,2431
72.505,16.73,0.26,5.74,0.35,9.05,0.00,2430
72.521,16.60,0.25,5.06,0.36,8.32,0.00,2480
72.538,16.67,0.25,4.91,0.34,9.34,0.00,2480
72.555,16.74,0.25,5.69,0.34,7.86,0.00,2478
72.571,16.67,0.24,5.46,0.33,9.03,0.00,2478
72.588,16.67,0.27,5.11,0.33,9.36,0.00,2478
72.604,16.60,0.25,5.47,0.35,9.36,0.00,2478
72.621,16.67,0.24,4.89,0.35,9.36,0.00,2478
72.638,16.67,0.24,5.51,0.36,6.16,0.00,2478
72.654,16.67,0.25,5.25,0.34,7.61,0.00,2477
72.671,16.68,0.25,4.88,0.33,9.30,0.00,2476
72.688,16.67,0.26,5.08,0.35,9.34,0.00,2476
72.705,16.72,0.25,4.59,0.33,8.81,0.00,2476
72.721,16.67,0.25,5.12,0.37,9.36,0.00,2475
72.738,16.60,0.24,5.17,0.37,9.15,0.00,2475
72.754,16.67,0.24,5.41,0.35,7.61,0.00,2474
72.771,16.74,0.23,5.45,0.47,8.80,0.00,2474
72.788,16.60,0.24,5.08,0.34,8.79,0.00,2474
72.805,16.74,0.24,5.24,0.35,7.49,0.00,2474
72.821,16.68,0.25,5.43,0.46,8.75,0.00,2474
72.838,16.59,0.26,5.05,0.41,8.78,0.00,2474
72.854,16.67,0.25,4.76,0.35,8.72,0.00,2474
72.871,16.67,0.26,5.05,0.48,8.72,0.00,2473
72.888,16.67,0.24,4.47,0.34,8.49,0.00,2473
72.905,16.74,0.25,4.67,0.49,8.43,0.00,2472
72.921,16.60,0.25,4.38,0.49,8.17,0.00,2468
72.938,16.67,0.25,4.40,0.48,8.13,0.00,2468
72.954,16.67,0.24,4.38,0.47,8.13,0.00,2468
72.971,16.69,0.33,5.92,0.52,8.11,0.00,2468
72.988,16.65,0.24,4.39,0.48,8.11,0.00,2468
73.005,16.68,0.25,4.36,0.48,7.88,0.00,2467
73.021,16.68,0.33,5.59,0.47,7.82,0.00,2467
73.038,16.65,0.25,4.39,0.47,7.76,0.00,2467
73.054,16.67,0.24,4.12,0.47,7.75,0.00,2467
73.071,16.77,0.33,5.59,0.56,7.71,0.00,2466
73.088,16.57,0.24,4.10,0.47,7.70,0.00,2465
73.105,16.68,0.32,5.44,0.49,7.32,0.00,2464
73.121,16.74,0.27,4.56,0.52,7.37,0.00,2463
73.138,16.60,0.25,3.44,0.49,7.29,0.00,2460
73.155,16.68,0.32,3.79,0.48,7.24,0.00,2460
73.171,16.67,0.32,4.67,0.55,7.23,0.00,2460
73.188,16.66,0.32,4.68,0.52,7.19,0.00,2459
73.205,16.67,0.32,4.68,0.52,7.20,0.00,2457
73.221,16.67,0.33,4.67,0.51,7.14,0.00,2457
73.238,16.69,0.33,4.67,0.55,7.14,0.00,2457
73.255,16.66,0.32,4.66,0.55,7.06,0.00,2457
73.271,16.67,0.31,4.65,0.53,7.05,0.00,2456
73.288,16.66,0.34,4.64,0.55,6.97,0.00,2456
73.305,16.67,0.33,4.64,0.52,6.94,0.00,2456
73.321,16.67,0.33,4.80,0.66,6.96,0.00,2455
73.338,16.66,0.33,4.65,0.56,6.88,0.00,2454
73.355,16.67,0.32,4.63,0.55,6.88,0.00,2452
73.371,16.67,0.35,4.64,0.57,6.81,0.00,2451
73.388,16.67,0.32,4.62,0.53,6.78,0.00,2451
73.405,16.69,0.34,4.62,0.56,6.78,0.00,2450
73.421,16.64,0.33,4.60,0.49,6.74,0.00,2450
73.438,16.67,0.35,4.63,0.55,6.70,0.00,2449
73.455,16.66,0.32,4.60,0.55,6.68,0.00,2449
73.471,16.67,0.34,4.24,0.54,6.66,0.00,2449
73.488,16.67,0.34,4.24,0.63,6.61,0.00,2450
73.505,16.67,0.34,4.24,0.56,6.55,0.00,2450
73.521,16.69,0.33,4.21,0.62,6.52,0.00,2450
73.538,16.65,0.33,4.23,0.55,6.51,0.00,2450
73.555,16.68,0.32,4.22,0.59,6.44,0.00,2450
73.571,16.65,0.33,4.23,0.59,6.45,0.00,2450
73.588,16.68,0.32,4.23,0.59,6.41,0.00,2450
73.605,16.66,0.33,4.21,0.57,6.41,0.00,2450
73.621,16.67,0.34,4.21,0.59,6.37,0.00,2450
73.638,16.67,0.35,4.07,0.61,6.33,0.00,2450
73.655,16.66,0.33,4.06,0.59,6.28,0.00,2450
73.671,16.68,0.31,4.07,0.57,6.25,0.00,2450
73.688,16.67,0.31,4.06,0.61,6.25,0.00,2450
73.705,16.66,0.33,4.04,0.58,6.21,0.00,2449
73.721,16.67,0.34,4.07,0.60,6.18,0.00,2449
73.738,16.69,0.35,4.08,0.66,6.13,0.00,2449
73.755,16.65,0.33,3.91,0.60,6.08,0.00,2449
73.771,16.67,0.34,3.67,0.65,6.10,0.00,2448
73.788,16.66,0.36,3.39,0.66,6.00,0.00,2446
73.805,16.66,0.27,2.13,0.52,5.91,0.00,2434
73.821,16.66,0.33,2.87,0.64,5.92,0.00,2433
73.838,16.67,0.34,2.86,0.63,5.93,0.00,2433
73.855,16.67,0.33,2.87,0.62,5.87,0.00,2432
73.871,16.67,0.34,2.85,0.60,5.83,0.00,2430
73.888,16.67,0.34,2.86,0.61,5.83,0.00,2430
73.905,16.67,0.33,2.84,0.59,5.80,0.00,2430
73.921,16.67,0.33,2.86,0.59,5.73,0.00,2430
73.938,16.67,0.32,2.98,0.70,5.73,0.00,2429
73.955,16.67,0.33,2.86,0.62,5.59,0.00,2429
73.971,16.67,0.32,2.85,0.61,5.62,0.00,2428
73.988,16.67,0.34,2.87,0.63,5.56,0.00,2427
74.005,16.67,0.33,2.85,0.59,5.51,0.00,2427
74.021,16.70,0.34,2.85,0.61,5.48,0.00,2425
74.038,16.65,0.35,2.86,0.63,5.40,0.00,2421
74.055,16.69,0.32,2.88,0.60,5.36,0.00,2420
74.071,16.72,0.31,2.87,0.61,5.35,0.00,2417
74.088,16.59,0.33,2.47,0.58,5.29,0.00,2409
74.105,16.67,0.31,2.48,0.59,5.27,0.00,2405
74.121,16.67,0.32,1.98,0.62,5.19,0.00,2400
74.138,16.68,0.32,1.97,0.58,5.16,0.00,2398
74.155,16.66,0.32,1.97,0.58,5.16,0.00,2398
74.171,16.68,0.32,1.96,0.59,5.11,0.00,2397
74.188,16.75,0.33,1.98,0.62,5.12,0.00,2396
74.205,16.57,0.32,1.97,0.60,5.07,0.00,2389
74.221,16.69,0.33,1.97,0.57,4.99,0.00,2379
74.238,16.64,0.33,1.48,0.59,4.99,0.00,2291
74.255,16.75,0.32,1.51,0.62,4.86,0.00,2291
74.271,16.58,0.33,1.32,0.59,4.85,0.00,2284
74.288,16.67,0.35,1.32,0.60,4.82,0.00,2284
74.305,16.67,0.34,1.30,0.59,4.77,0.00,2279
74.321,16.68,0.32,1.33,0.60,4.76,0.00,2277
74.338,16.66,0.35,1.32,0.58,4.76,0.00,2273
74.355,16.67,0.33,1.31,0.56,4.71,0.00,2272
74.371,16.68,0.32,1.17,0.57,4.68,0.00,2267
74.388,16.66,0.33,1.16,0.59,4.65,0.00,2267
74.405,16.69,0.33,1.17,0.58,4.65,0.00,2266
74.421,16.64,0.33,1.17,0.58,4.61,0.00,2263
74.438,16.67,0.34,1.17,0.64,4.61,0.00,2259
74.455,16.66,0.33,1.17,0.57,4.53,0.00,2250
74.471,16.67,0.33,1.17,0.63,4.49,0.00,2243
74.488,16.67,0.33,0.91,0.59,4.48,0.00,2184
74.505,16.69,0.34,0.89,0.57,4.42,0.00,2184
74.521,16.64,0.33,0.90,0.56,4.41,0.00,2184
74.538,16.67,0.34,0.91,0.61,4.37,0.00,2185
74.555,16.69,0.33,0.93,0.62,4.33,0.00,2185
74.571,16.68,0.32,0.91,0.59,4.33,0.00,2185
74.588,16.67,0.32,0.92,0.59,4.31,0.00,2181
74.605,16.64,0.35,0.94,0.66,4.33,0.00,2181
74.621,16.67,0.34,0.92,0.61,4.25,0.00,2181
74.638,16.67,0.32,0.92,0.59,4.25,0.00,2180
74.655,16.70,0.32,0.92,0.60,4.25,0.00,2177
74.671,16.64,0.32,0.93,0.58,4.23,0.00,2176
74.688,16.74,0.33,0.94,0.64,4.21,0.00,2172
74.705,16.61,0.31,0.93,0.58,4.18,0.00,2169
74.721,16.65,0.33,0.91,0.59,4.15,0.00,2163
74.738,16.67,0.33,0.93,0.59,4.15,0.00,2161
74.755,16.67,0.34,0.92,0.61,4.07,0.00,2160
74.771,16.67,0.32,0.92,0.58,4.09,0.00,2158
74.788,16.69,0.34,0.92,0.62,4.05,0.00,2155
74.805,16.65,0.32,0.94,0.56,3.97,0.00,2153
74.821,16.67,0.33,0.93,0.59,4.01,0.00,2152
74.838,16.67,0.32,0.91,0.60,4.01,0.00,2147
74.855,16.69,0.32,0.93,0.59,4.01,0.00,2141
74.871,16.65,0.33,0.93,0.62,3.96,0.00,2137
74.888,16.67,0.31,0.93,0.58,3.94,0.00,2132
74.905,16.65,0.32,0.91,0.57,3.94,0.00,2128
74.921,16.67,0.32,0.93,0.61,3.92,0.00,2121
74.938,16.67,0.33,0.91,0.57,3.89,0.00,2120
74.955,16.67,0.32,0.92,0.57,3.89,0.00,2117
74.971,16.67,0.32,0.93,0.58,3.89,0.00,2111
74.988,16.67,0.33,0.93,0.61,3.86,0.00,2110
75.005,16.67,0.33,0.93,0.62,3.77,0.00,2107
75.021,16.67,0.32,0.92,0.59,3.79,0.00,2102
75.038,16.75,0.34,0.91,0.64,3.75,0.00,2097
75.055,16.60,0.32,0.92,0.59,3.76,0.00,2093
75.071,16.75,0.32,0.93,0.62,3.75,0.00,2092
75.088,16.59,0.32,0.92,0.61,3.72,0.00,2088
75.105,16.65,0.32,0.91,0.59,3.73,0.00,2085
75.121,16.67,0.33,0.91,0.58,3.71,0.00,2083
75.138,16.68,0.32,0.93,0.57,3.70,0.00,2082
75.155,16.66,0.33,0.92,0.58,3.71,0.00,2080
75.171,16.67,0.35,0.92,0.66,3.70,0.00,2079
75.188,16.68,0.31,0.92,0.59,3.59,0.00,2073
75.205,16.66,0.32,0.92,0.57,3.63,0.00,2067
75.221,16.68,0.30,0.92,0.59,3.60,0.00,2057
75.238,16.66,0.31,0.92,0.59,3.61,0.00,2053
75.255,16.67,0.32,0.92,0.62,3.53,0.00,2051
75.271,16.67,0.33,0.94,0.63,3.53,0.00,2044
75.288,16.66,0.33,0.89,0.61,3.50,0.00,2037
75.305,16.67,0.31,0.91,0.58,3.48,0.00,2035
75.321,16.69,0.32,0.91,0.59,3.50,0.00,2031
75.338,16.64,0.31,0.92,0.57,3.44,0.00,2026
75.355,16.67,0.32,0.90,0.57,3.46,0.00,2018
75.371,16.69,0.33,0.93,0.65,3.45,0.00,2014
75.388,16.64,0.32,0.91,0.62,3.40,0.00,2011
75.405,16.68,0.33,0.89,0.57,3.38,0.00,2006
75.421,16.66,0.31,0.91,0.59,3.40,0.00,2002
75.438,16.68,0.31,0.89,0.59,3.38,0.00,2001
75.455,16.66,0.33,0.89,0.57,3.34,0.00,1991
75.471,16.67,0.33,0.91,0.61,3.33,0.00,1985
75.488,16.67,0.35,0.91,0.60,3.30,0.00,1982
75.505,16.66,0.32,0.90,0.62,3.30,0.00,1976
75.521,16.67,0.34,0.89,0.62,3.29,0.00,1973
75.538,16.68,0.29,0.96,0.63,3.26,0.00,1968
75.555,16.66,0.31,0.91,0.61,3.23,0.00,1964
75.571,16.66,0.31,0.90,0.59,3.26,0.00,1957
75.588,16.67,0.32,0.88,0.58,3.25,0.00,1947
75.605,16.69,0.30,0.88,0.59,3.24,0.00,1944
75.621,16.65,0.32,0.91,0.63,3.21,0.00,1937
75.638,16.68,0.31,0.90,0.59,3.16,0.00,1934
75.655,16.65,0.33,0.89,0.58,3.18,0.00,1931
75.671,16.68,0.30,0.88,0.59,3.18,0.00,1928
75.688,16.70,0.30,0.87,0.58,3.18,0.00,1917
75.705,16.62,0.31,0.88,0.60,3.14,0.00,1905
75.721,16.67,0.30,0.90,0.59,3.13,0.00,1901
75.738,16.69,0.30,0.89,0.57,3.11,0.00,1896
75.755,16.65,0.31,0.89,0.61,3.11,0.00,1883
75.771,16.67,0.31,0.88,0.57,3.09,0.00,1880
75.788,16.67,0.30,0.88,0.61,3.07,0.00,1875
75.805,16.67,0.31,0.87,0.59,3.01,0.00,1867
75.821,16.67,0.32,0.89,0.61,3.02,0.00,1858
75.838,16.67,0.31,0.87,0.60,3.03,0.00,1852
75.855,16.69,0.30,0.89,0.60,3.02,0.00,1845
75.871,16.64,0.31,0.87,0.56,3.05,0.00,1839
75.888,16.67,0.30,0.86,0.57,3.03,0.00,1825
75.905,16.67,0.31,0.85,0.56,3.00,0.00,1817
75.921,16.67,0.30,0.87,0.59,2.99,0.00,1811
75.938,16.67,0.30,0.87,0.55,2.97,0.00,1808
75.955,16.68,0.30,0.85,0.60,2.97,0.00,1799
75.971,16.65,0.31,0.87,0.56,2.97,0.00,1792
75.988,16.68,0.31,0.85,0.57,2.95,0.00,1783
76.005,16.65,0.31,0.88,0.59,2.91,0.00,1778
76.021,16.67,0.31,0.85,0.57,2.90,0.00,1773
76.038,16.68,0.31,0.84,0.63,2.90,0.00,1770
76.055,16.66,0.31,0.85,0.65,2.85,0.00,1762
76.071,16.70,0.29,0.86,0.57,2.85,0.00,1756
76.088,16.64,0.30,0.85,0.58,2.85,0.00,1753
76.105,16.67,0.29,0.84,0.56,2.83,0.00,1744
76.121,16.68,0.29,0.85,0.58,2.84,0.00,1728
76.138,16.65,0.30,0.83,0.57,2.81,0.00,1722
76.155,16.66,0.29,0.82,0.57,2.81,0.00,1720
76.171,16.67,0.30,0.83,0.56,2.82,0.00,1708
76.188,16.68,0.28,0.82,0.56,2.82,0.00,1706
76.205,16.66,0.29,0.82,0.55,2.81,0.00,1705
76.222,16.79,0.30,0.85,0.61,2.81,0.00,1695
76.238,16.63,0.30,0.85,0.64,2.76,0.00,1687
76.255,16.59,0.30,0.84,0.64,2.76,0.00,1682
76.271,16.66,0.29,0.82,0.60,2.72,0.00,1676
76.288,16.67,0.29,0.84,0.58,2.74,0.00,1667
76.305,16.67,0.29,0.83,0.59,2.73,0.00,1661
76.321,16.67,0.31,0.83,0.64,2.73,0.00,1656
76.338,16.69,0.30,0.82,0.57,2.70,0.00,1649
76.355,16.64,0.29,0.82,0.56,2.71,0.00,1636
76.371,16.68,0.28,0.82,0.56,2.71,0.00,1627
76.388,16.66,0.27,0.81,0.55,2.72,0.00,1622
76.405,16.68,0.29,0.81,0.58,2.72,0.00,1617
76.421,16.68,0.29,0.80,0.58,2.68,0.00,1613
76.438,16.64,0.29,0.80,0.58,2.64,0.00,1605
76.455,16.67,0.28,0.81,0.57,2.64,0.00,1597
76.471,16.67,0.28,0.79,0.55,2.66,0.00,1585
76.488,16.67,0.30,0.81,0.60,2.68,0.00,1583
76.505,16.72,0.30,0.82,0.63,2.60,0.00,1574
76.521,16.63,0.29,0.82,0.66,2.56,0.00,1567
76.538,16.66,0.29,0.82,0.63,2.58,0.00,1558
76.555,16.66,0.29,0.81,0.64,2.61,0.00,1549
76.571,16.67,0.28,0.78,0.57,2.58,0.00,1543
76.588,16.67,0.29,0.80,0.57,2.62,0.00,1534
76.605,16.71,0.32,0.81,0.69,2.60,0.00,1525
76.621,16.64,0.30,0.81,0.65,2.52,0.00,1519
76.638,16.69,0.32,0.81,0.66,2.56,0.00,1505
76.655,16.64,0.31,0.80,0.67,2.56,0.00,1490
76.671,16.66,0.29,0.80,0.65,2.54,0.00,1485
76.688,16.69,0.29,0.81,0.63,2.53,0.00,1473
76.705,16.68,0.30,0.80,0.65,2.55,0.00,1464
76.722,16.74,0.29,0.81,0.63,2.45,0.00,1457
76.738,16.59,0.29,0.79,0.66,2.50,0.00,1449
76.755,16.68,0.30,0.80,0.67,2.48,0.00,1444
76.772,16.65,0.28,0.79,0.65,2.45,0.00,1435
76.788,16.66,0.29,0.78,0.64,2.51,0.00,1432
76.805,16.69,0.23,0.79,0.66,2.50,0.00,1424
76.822,16.68,0.23,0.85,0.68,2.47,0.00,1415
76.838,16.65,0.23,0.79,0.66,2.41,0.00,1414
76.855,16.75,0.23,0.78,0.65,2.40,0.00,1403
76.872,16.57,0.22,0.78,0.66,2.40,0.00,1397
76.888,16.67,0.21,0.78,0.66,2.46,0.00,1390
76.905,16.69,0.22,0.84,0.68,2.39,0.00,1387
76.922,16.67,0.22,0.71,0.73,2.39,0.00,1379
76.938,16.66,0.23,0.72,0.74,2.43,0.00,1368
76.955,16.65,0.22,0.71,0.64,2.43,0.00,1359
76.972,16.69,0.21,0.71,0.65,2.38,0.00,1353
76.988,16.66,0.21,0.79,0.74,2.38,0.00,1343
77.005,16.69,0.21,0.72,0.67,2.40,0.00,1337
77.022,16.65,0.22,0.70,0.64,2.36,0.00,1327
77.038,16.64,0.22,0.71,0.69,2.39,0.00,1320
77.055,16.68,0.22,0.70,0.69,2.36,0.00,1309
77.072,16.75,0.20,0.69,0.57,2.35,0.00,1299
77.088,16.58,0.22,0.71,0.60,2.40,0.00,1297
77.105,16.67,0.21,0.68,0.57,2.44,0.00,1293
77.122,16.75,0.23,0.68,0.58,2.42,0.00,1287
77.138,16.60,0.20,0.67,0.56,2.42,0.00,1278
77.155,16.66,0.20,0.66,0.55,2.41,0.00,1268
77.172,16.67,0.19,0.67,0.54,2.40,0.00,1257
77.188,16.67,0.19,0.67,0.52,2.42,0.00,1248
77.205,16.67,0.19,0.65,0.51,2.42,0.00,1240
77.222,16.76,0.19,0.66,0.54,2.42,0.00,1229
77.238,16.59,0.18,0.64,0.55,2.40,0.00,1222
77.255,16.66,0.19,0.67,0.56,2.39,0.00,1213
77.272,16.67,0.20,0.65,0.53,2.36,0.00,1204
77.288,16.67,0.19,0.65,0.54,2.35,0.00,1195
77.305,16.67,0.20,0.65,0.56,2.37,0.00,1186
77.322,16.67,0.18,0.63,0.51,2.36,0.00,1180
77.338,16.66,0.19,0.64,0.51,2.37,0.00,1174
77.355,16.68,0.20,0.65,0.55,2.39,0.00,1166
77.372,16.66,0.19,0.62,0.54,2.35,0.00,1161
77.388,16.68,0.17,0.63,0.52,2.37,0.00,1158
77.405,16.67,0.18,0.62,0.51,2.38,0.00,1149
77.422,16.65,0.19,0.64,0.55,2.39,0.00,1139
77.438,16.67,0.19,0.63,0.52,2.30,0.00,1134
77.455,16.68,0.19,0.65,0.58,2.30,0.00,1127
77.472,16.68,0.18,0.65,0.55,2.32,0.00,1122
77.488,16.66,0.17,0.62,0.53,2.33,0.00,1112
77.505,16.66,0.18,0.64,0.57,2.33,0.00,1104
77.522,16.69,0.18,0.64,0.52,2.29,0.00,1099
77.538,16.65,0.19,0.63,0.52,2.29,0.00,1086
77.555,16.67,0.20,0.63,0.62,2.29,0.00,1081
77.572,16.67,0.19,0.61,0.58,2.25,0.00,1077
77.588,16.66,0.18,0.63,0.51,2.28,0.00,1073
77.605,16.68,0.17,0.62,0.51,2.31,0.00,1069
77.622,16.66,0.17,0.60,0.51,2.34,0.00,1063
77.638,16.67,0.17,0.60,0.52,2.32,0.00,1057
77.655,16.66,0.18,0.60,0.54,2.30,0.00,1055
77.672,16.67,0.18,0.61,0.52,2.28,0.00,1052
77.688,16.67,0.16,0.60,0.54,2.28,0.00,1042
77.705,16.67,0.17,0.60,0.51,2.28,0.00,1030
77.722,16.67,0.18,0.61,0.51,2.29,0.00,1022
77.738,16.66,0.18,0.59,0.51,2.30,0.00,1014
77.755,16.67,0.20,0.60,0.59,2.28,0.00,1001
77.772,16.66,0.18,0.58,0.52,2.22,0.00,996
77.788,16.67,0.16,0.59,0.51,2.24,0.00,985
77.805,16.67,0.19,0.59,0.56,2.26,0.00,979
77.822,16.66,0.18,0.58,0.51,2.22,0.00,972
77.838,16.67,0.18,0.58,0.52,2.24,0.00,963
77.855,16.75,0.18,0.60,0.57,2.23,0.00,959
77.872,16.63,0.17,0.62,0.57,2.24,0.00,952
77.888,16.63,0.17,0.59,0.52,2.22,0.00,946
77.905,16.68,0.16,0.57,0.52,2.24,0.00,937
77.922,16.66,0.17,0.56,0.50,2.23,0.00,928
77.938,16.67,0.17,0.57,0.52,2.22,0.00,923
77.955,16.68,0.16,0.56,0.50,2.26,0.00,917
77.972,16.66,0.17,0.57,0.49,2.24,0.00,914
77.988,16.68,0.15,0.56,0.51,2.25,0.00,902
78.005,16.66,0.17,0.57,0.55,2.23,0.00,898
78.022,16.67,0.17,0.56,0.51,2.20,0.00,892
78.038,16.67,0.17,0.56,0.54,2.23,0.00,880
78.055,16.68,0.18,0.57,0.55,2.20,0.00,872
78.072,16.72,0.17,0.58,0.54,2.18,0.00,866
78.088,16.60,0.16,0.57,0.54,2.21,0.00,856
78.105,16.67,0.17,0.54,0.51,2.18,0.00,849
78.122,16.67,0.16,0.55,0.50,2.19,0.00,840
78.138,16.67,0.16,0.55,0.49,2.17,0.00,833
78.155,16.67,0.17,0.54,0.51,2.22,0.00,829
78.172,16.67,0.17,0.56,0.56,2.20,0.00,820
78.188,16.66,0.16,0.54,0.53,2.21,0.00,810
78.205,16.70,0.16,0.56,0.52,2.22,0.00,804
78.222,16.64,0.17,0.54,0.50,2.22,0.00,799
78.238,16.67,0.12,0.55,0.52,2.20,0.00,797
78.255,16.67,0.13,0.53,0.55,2.20,0.00,792
78.272,16.67,0.13,0.52,0.49,2.17,0.00,776
78.288,16.68,0.11,0.52,0.51,2.18,0.00,770
78.305,16.73,0.12,0.56,0.59,2.17,0.00,761
78.322,16.61,0.11,0.51,0.52,2.17,0.00,750
78.338,16.67,0.11,0.51,0.49,2.16,0.00,740
78.355,16.67,0.11,0.52,0.50,2.19,0.00,728
78.372,16.66,0.14,0.54,0.57,2.11,0.00,722
78.388,16.67,0.11,0.52,0.51,2.13,0.00,713
78.405,16.69,0.11,0.52,0.50,2.18,0.00,705
78.422,16.66,0.10,0.47,0.52,2.16,0.00,695
78.438,16.66,0.12,0.49,0.54,2.16,0.00,687
78.455,16.67,0.12,0.47,0.51,2.13,0.00,677
78.472,16.67,0.11,0.47,0.50,2.14,0.00,669
78.488,16.68,0.11,0.48,0.50,2.16,0.00,655
78.505,16.70,0.12,0.50,0.56,2.16,0.00,646
78.522,16.65,0.11,0.47,0.52,2.12,0.00,645
78.538,16.68,0.11,0.47,0.52,2.14,0.00,634
78.555,16.64,0.11,0.46,0.54,2.14,0.00,630
78.572,16.68,0.10,0.46,0.49,2.12,0.00,626
78.588,16.66,0.10,0.45,0.49,2.14,0.00,623
78.605,16.74,0.12,0.48,0.54,2.14,0.00,618
78.622,16.60,0.10,0.46,0.51,2.14,0.00,614
78.638,16.65,0.11,0.43,0.50,2.17,0.00,601
78.655,16.80,0.11,0.47,0.57,2.16,0.00,595
78.672,16.59,0.11,0.47,0.58,2.13,0.00,591
78.688,16.63,0.11,0.45,0.53,2.12,0.00,585
78.705,16.66,0.10,0.44,0.50,2.13,0.00,574
78.722,16.74,0.11,0.46,0.52,2.13,0.00,565
78.738,16.60,0.10,0.45,0.50,2.12,0.00,554
78.755,16.77,0.11,0.45,0.54,2.15,0.00,544
78.772,16.56,0.11,0.43,0.53,2.13,0.00,538
78.788,16.70,0.10,0.44,0.51,2.11,0.00,531
78.805,16.65,0.11,0.44,0.58,2.10,0.00,525
78.822,16.72,0.09,0.33,0.48,2.07,0.00,517
78.838,16.61,0.11,0.42,0.53,2.07,0.00,509
78.855,16.70,0.10,0.41,0.53,2.12,0.00,498
78.872,16.65,0.11,0.41,0.54,2.10,0.00,487
78.888,16.66,0.11,0.40,0.49,2.09,0.00,476
78.905,16.67,0.10,0.40,0.49,2.10,0.00,468
78.922,16.68,0.09,0.40,0.48,2.12,0.00,464
78.938,16.66,0.09,0.40,0.48,2.12,0.00,457
78.955,16.67,0.09,0.42,0.58,2.14,0.00,454
78.972,16.67,0.11,0.42,0.56,2.06,0.00,449
78.988,16.67,0.08,0.41,0.51,2.11,0.00,442
79.005,16.67,0.08,0.40,0.55,2.06,0.00,430
79.022,16.67,0.08,0.39,0.52,2.06,0.00,423
79.038,16.67,0.08,0.39,0.50,2.12,0.00,418
79.055,16.75,0.07,0.43,0.51,2.10,0.00,415
79.072,16.65,0.07,0.42,0.54,2.06,0.00,407
79.088,16.61,0.07,0.38,0.48,2.09,0.00,399
79.105,16.75,0.07,0.42,0.51,2.11,0.00,391
79.122,16.60,0.06,0.40,0.52,2.10,0.00,379
79.138,16.66,0.06,0.39,0.51,2.11,0.00,372
79.155,16.68,0.06,0.38,0.50,2.12,0.00,365
79.172,16.67,0.06,0.37,0.49,2.12,0.00,361
79.188,16.67,0.06,0.37,0.51,2.12,0.00,357
79.205,16.67,0.06,0.37,0.51,2.13,0.00,351
79.222,16.67,0.06,0.36,0.50,2.12,0.00,347
79.238,16.68,0.07,0.39,0.50,2.12,0.00,341
79.255,16.66,0.07,0.38,0.51,2.11,0.00,334
79.272,16.66,0.08,0.38,0.53,2.07,0.00,328
79.288,16.68,0.06,0.38,0.52,2.09,0.00,318
79.305,16.66,0.07,0.33,0.52,2.11,0.00,309
79.322,16.67,0.07,0.36,0.55,2.11,0.00,299
79.338,16.66,0.05,0.35,0.48,2.10,0.00,295
79.355,16.68,0.04,0.34,0.50,2.13,0.00,288
79.372,16.67,0.05,0.35,0.48,2.12,0.00,285
79.388,16.69,0.05,0.30,0.49,2.10,0.00,281
79.405,16.65,0.05,0.36,0.57,2.05,0.00,277
79.422,16.65,0.06,0.35,0.50,2.07,0.00,265
79.438,16.68,0.04,0.33,0.49,2.07,0.00,259
79.455,16.65,0.05,0.33,0.51,2.10,0.00,257
79.472,16.67,0.06,0.35,0.54,2.08,0.00,251
79.488,16.76,0.04,0.34,0.54,2.08,0.00,242
79.505,16.59,0.03,0.32,0.50,2.08,0.00,234
79.522,16.67,0.03,0.32,0.51,2.09,0.00,233
79.538,16.65,0.04,0.32,0.48,2.07,0.00,229
79.555,16.68,0.03,0.31,0.48,2.09,0.00,223
79.572,16.66,0.05,0.33,0.54,2.08,0.00,216
79.588,16.67,0.03,0.31,0.51,2.08,0.00,206
79.605,16.68,0.01,0.32,0.49,2.06,0.00,196
79.622,16.67,0.02,0.32,0.50,2.11,0.00,187
79.638,16.66,0.01,0.31,0.50,2.11,0.00,178
79.655,16.68,0.01,0.33,0.50,2.14,0.00,173
79.672,16.66,0.00,0.39,0.68,2.03,0.00,199
