t,frameMs,tickMs,buildMs,encodeMs,gpuMs,inkMs,instances
0.000,105.79,0.01,0.89,681.96,0.00,0.03,368
0.694,693.77,0.02,0.09,1.52,0.00,0.04,375
0.708,13.80,0.01,0.09,1.24,7.51,0.03,375
0.724,16.74,0.01,0.10,0.15,8.20,0.00,376
0.741,16.72,0.00,0.09,0.11,8.20,0.04,377
0.758,16.77,0.00,0.12,0.16,8.20,0.00,376
0.774,16.69,0.00,0.09,0.11,8.05,0.04,373
0.791,16.74,0.01,0.13,0.17,8.01,0.00,373
0.808,16.73,0.01,0.12,0.16,8.01,0.06,371
0.825,16.74,0.01,0.14,0.21,8.11,0.00,371
0.841,16.72,0.01,0.15,0.22,8.09,0.07,369
0.858,16.76,0.01,0.18,0.25,8.10,0.00,367
0.875,16.71,0.00,0.14,0.19,8.01,0.07,366
0.892,16.73,0.01,0.22,0.28,7.98,0.00,364
0.908,16.73,0.01,0.18,0.24,7.99,0.10,363
0.925,16.78,0.02,0.33,0.56,7.94,0.00,364
0.942,16.71,0.02,0.41,0.59,7.93,0.19,364
0.959,16.73,0.03,0.43,0.60,7.87,0.00,366
0.975,16.78,0.02,0.49,0.70,7.98,0.23,364
0.992,16.68,0.03,0.43,0.60,7.94,0.00,363
1.009,16.73,0.02,0.50,0.67,7.94,0.22,362
1.026,16.74,0.02,0.57,0.69,8.02,0.00,359
1.042,16.81,0.03,0.55,0.75,7.89,0.24,360
1.059,16.65,0.03,0.54,0.74,7.86,0.00,358
1.076,16.84,0.03,0.61,0.73,7.90,0.24,358
1.092,16.63,0.03,0.70,0.66,7.83,0.00,356
1.109,16.74,0.04,0.83,0.93,7.83,0.33,356
1.126,16.71,0.03,0.56,0.65,7.90,0.00,356
1.143,16.84,0.06,0.85,0.91,7.89,0.33,356
1.159,16.69,0.03,0.53,0.65,7.91,0.00,354
1.176,16.68,0.03,0.74,0.99,7.86,0.37,355
1.193,16.72,0.02,0.58,0.73,7.85,0.00,353
1.210,16.69,0.03,0.36,0.49,7.87,0.14,353
1.226,16.78,0.03,0.87,0.93,7.84,0.00,352
1.243,16.85,0.26,0.69,0.95,7.84,0.33,351
1.260,16.59,0.03,0.59,0.74,7.81,0.00,350
1.276,16.75,0.05,0.84,1.01,7.93,0.37,347
1.293,16.76,0.02,0.53,0.63,7.89,0.00,347
1.310,16.75,0.03,0.71,0.92,7.86,0.33,346
1.327,16.71,0.03,0.53,0.69,7.84,0.00,345
1.343,16.69,0.04,0.83,0.93,7.80,0.32,344
1.360,16.72,0.02,0.64,0.86,7.77,0.00,343
1.377,16.80,0.02,0.68,0.90,7.78,0.32,342
1.394,16.70,0.02,0.52,0.61,7.71,0.00,342
1.410,16.76,0.04,0.68,0.90,7.71,0.29,342
1.427,16.70,0.03,0.57,0.62,8.04,0.00,341
1.444,16.75,0.02,0.76,0.87,8.00,0.28,340
1.461,16.67,0.03,0.58,0.77,7.99,0.12,341
1.477,16.79,0.03,0.42,0.58,7.99,0.00,384
1.494,16.78,0.03,0.70,0.83,8.08,0.26,387
1.511,16.70,0.03,0.55,0.65,8.10,0.00,386
1.528,16.75,0.03,0.71,0.86,8.09,0.26,386
1.544,16.64,0.03,0.55,0.66,8.06,0.00,389
1.561,16.73,0.02,0.81,0.87,8.01,0.25,390
1.578,16.78,0.02,0.43,0.58,8.02,0.00,388
1.594,16.69,0.02,0.47,0.55,7.96,0.17,391
1.611,16.71,0.02,0.33,0.49,7.97,0.00,391
1.628,16.78,0.04,0.79,1.01,7.97,0.33,391
1.645,16.70,0.03,0.60,0.71,7.93,0.00,393
1.661,16.75,0.03,0.78,0.94,7.54,0.33,391
1.678,16.71,0.03,0.52,0.71,7.44,0.00,391
1.695,16.75,0.04,0.76,0.97,7.37,0.35,393
1.711,16.70,0.03,0.55,0.62,7.34,0.00,395
1.728,16.84,0.03,0.79,0.92,7.33,0.32,395
1.745,16.63,0.03,0.56,0.65,7.32,0.00,398
1.762,16.74,0.03,0.75,0.93,7.43,0.34,399
1.778,16.72,0.03,0.47,0.59,7.26,0.00,386
1.795,16.72,0.03,0.38,0.45,7.22,0.13,384
1.812,16.72,0.03,0.73,0.71,7.17,0.00,384
1.829,16.75,0.02,0.60,0.68,7.16,0.22,385
1.845,16.80,0.04,0.74,0.85,7.16,0.00,385
1.862,16.69,0.03,0.80,0.97,7.44,0.34,388
1.879,16.70,0.03,0.54,0.69,7.22,0.00,387
1.896,16.74,0.03,0.74,0.97,7.21,0.33,387
1.912,16.70,0.02,0.53,0.63,7.22,0.00,386
1.929,16.76,0.03,0.72,1.00,7.22,0.33,386
1.946,16.70,0.03,0.54,0.68,7.20,0.00,386
1.962,16.75,0.03,0.74,0.93,7.22,0.33,386
1.979,16.70,0.02,0.52,0.64,7.21,0.00,386
1.996,16.76,0.03,0.68,0.89,7.21,0.33,387
2.013,16.70,0.03,0.53,0.65,7.34,0.00,387
2.029,16.74,0.02,0.68,0.88,7.34,0.33,386
2.046,16.71,0.02,0.50,0.58,7.34,0.00,385
2.063,16.75,0.02,0.67,0.88,7.34,0.33,385
2.080,16.82,0.02,0.55,0.68,7.35,0.00,383
2.096,16.64,0.03,0.58,0.74,7.34,0.24,385
2.113,16.71,0.02,0.33,0.48,7.35,0.00,387
2.130,16.74,0.03,0.46,0.99,7.36,0.34,386
2.146,16.75,0.03,0.52,0.62,7.36,0.00,384
2.163,16.71,0.02,0.52,0.65,7.47,0.22,383
2.180,16.73,0.03,0.38,0.55,7.47,0.00,384
2.197,16.79,0.02,0.32,0.46,7.46,0.13,383
2.213,16.73,0.01,0.34,0.46,7.47,0.00,384
2.230,16.79,0.03,0.69,0.90,7.46,0.33,386
2.247,16.61,0.03,0.52,0.59,7.46,0.00,385
2.264,16.78,0.02,0.70,0.84,7.44,0.33,383
2.280,16.69,0.02,0.50,0.58,7.42,0.00,381
2.297,16.72,0.02,0.66,0.87,7.42,0.33,383
2.314,16.77,0.02,0.52,0.61,7.53,0.00,381
2.331,16.77,0.03,0.72,0.90,7.50,0.32,379
2.347,16.68,0.02,0.63,0.58,7.47,0.00,377
2.364,16.73,0.02,0.72,0.84,7.44,0.33,377
2.381,16.70,0.02,0.53,0.59,7.42,0.00,377
2.397,16.79,0.02,0.66,0.84,7.39,0.33,377
2.414,16.73,0.02,0.50,0.64,7.36,0.00,374
2.431,16.76,0.02,0.72,0.88,7.32,0.32,372
2.448,16.65,0.03,0.35,0.48,7.28,0.00,372
2.464,16.81,0.03,0.47,0.70,7.37,0.22,369
2.481,16.72,0.02,0.30,0.48,7.32,0.00,367
2.498,16.66,0.16,0.33,0.48,7.27,0.13,414
2.515,16.85,0.04,0.75,0.84,7.77,0.00,413
2.531,16.68,0.02,0.67,0.87,7.72,0.32,410
2.548,16.68,0.03,0.50,0.63,7.67,0.00,409
2.565,16.79,0.02,0.72,0.84,7.68,0.32,407
2.581,16.73,0.02,0.51,0.58,7.57,0.00,405
2.598,16.72,0.03,0.77,0.87,7.54,0.33,404
2.615,16.67,0.02,0.53,0.58,7.60,0.00,402
2.632,16.78,0.02,0.66,0.83,7.57,0.33,401
2.648,16.75,0.02,0.50,0.56,7.52,0.00,398
2.665,16.74,0.02,0.70,0.88,7.49,0.32,397
2.682,16.68,0.02,0.49,0.59,7.44,0.00,396
2.699,16.80,0.02,0.65,0.84,7.41,0.32,397
2.715,16.66,0.02,0.49,0.57,7.38,0.00,395
2.732,16.79,0.02,0.68,0.86,7.35,0.33,395
2.749,16.65,0.03,0.53,0.61,7.33,0.00,395
2.766,16.85,0.02,0.67,0.87,7.42,0.33,394
2.782,16.60,0.02,0.57,0.56,7.40,0.00,391
2.799,16.81,0.02,0.73,0.88,7.37,0.33,389
2.816,16.67,0.02,0.52,0.58,7.35,0.00,388
2.832,16.72,0.03,0.67,0.86,7.33,0.33,388
2.849,16.75,0.02,0.52,0.59,7.32,0.00,386
2.866,16.72,0.02,0.50,0.70,7.30,0.23,385
2.883,16.73,0.02,0.52,0.57,7.30,0.00,385
2.899,16.75,0.03,0.65,0.82,7.29,0.32,383
2.916,16.76,0.02,0.50,0.55,7.40,0.00,383
2.933,16.73,0.02,0.72,0.84,7.40,0.32,382
2.950,16.74,0.02,0.49,0.57,7.38,0.00,380
2.966,16.77,0.02,0.66,0.85,7.38,0.32,380
2.983,16.64,0.02,0.49,0.57,7.38,0.00,378
3.000,16.75,0.03,0.66,0.84,7.37,0.32,378
3.016,16.73,0.02,0.51,0.57,7.36,0.00,379
3.033,16.78,0.02,0.81,0.84,7.38,0.30,378
3.050,16.67,0.03,0.49,0.57,7.37,0.00,380
3.067,16.83,0.02,0.66,0.82,7.65,0.29,380
3.083,16.64,0.02,0.50,0.56,7.66,0.00,381
3.100,16.80,0.03,0.73,0.88,7.67,0.30,381
3.117,16.71,0.03,0.55,0.66,7.72,0.00,381
3.134,16.69,0.04,0.76,0.98,7.74,0.35,422
3.167,32.96,0.02,0.28,0.53,7.82,0.07,448
3.168,1.16,0.01,0.24,0.24,7.82,0.00,447
3.184,16.06,0.02,0.25,16.96,16.27,0.00,448
3.201,17.32,0.01,0.19,16.18,8.69,0.05,454
3.218,16.49,0.01,0.28,16.04,8.87,0.00,455
3.234,16.38,0.01,0.12,16.75,8.81,0.07,457
3.252,18.03,0.01,0.14,15.18,8.80,0.00,458
3.268,15.56,0.01,0.12,16.75,8.57,0.05,461
3.284,16.89,0.00,0.11,16.25,8.55,0.00,464
3.301,16.42,0.01,0.15,16.56,8.55,0.06,467
3.318,16.75,0.00,0.13,16.84,8.53,0.00,467
3.335,17.02,0.01,0.16,16.45,8.50,0.08,468
3.351,16.65,0.01,0.19,16.61,8.45,0.00,470
3.368,16.85,0.01,0.18,16.41,8.59,0.10,468
3.385,16.64,0.01,0.21,16.60,8.56,0.00,468
3.402,16.88,0.01,0.23,16.75,8.53,0.13,465
3.419,17.09,0.02,0.29,16.41,8.34,0.00,465
3.436,16.82,0.02,0.31,16.24,8.41,0.16,467
3.452,16.67,0.02,0.36,16.29,8.36,0.00,466
3.469,16.78,0.02,0.38,16.22,8.29,0.29,467
3.486,16.73,0.02,0.65,15.88,8.19,0.00,467
3.505,19.52,0.03,0.39,13.37,8.26,0.23,466
3.519,14.07,0.02,0.50,15.87,8.38,0.00,467
3.536,16.53,0.02,0.60,16.25,8.39,0.34,468
3.553,17.04,0.03,0.67,15.97,8.42,0.00,466
3.570,16.81,0.05,0.59,15.92,8.38,0.34,466
3.586,16.74,0.03,0.69,15.53,8.36,0.00,467
3.603,16.37,0.03,0.54,16.33,8.29,0.38,467
3.620,17.07,0.03,0.83,15.43,8.22,0.00,468
3.636,16.43,0.02,0.49,16.36,8.16,0.32,466
3.653,17.04,0.03,0.69,15.62,8.10,0.00,468
3.670,16.54,0.02,0.49,16.16,8.14,0.33,468
3.687,16.89,0.03,0.67,15.63,8.11,0.00,468
3.703,16.47,0.03,0.49,16.32,8.08,0.34,467
3.720,17.01,0.03,0.67,15.54,8.10,0.00,467
3.737,16.36,0.02,0.50,16.32,8.05,0.34,468
3.754,17.01,0.03,0.77,15.50,8.05,0.00,468
3.770,16.45,0.02,0.58,16.24,8.06,0.33,467
3.787,17.01,0.03,0.69,15.66,8.05,0.00,466
3.804,16.52,0.03,0.48,16.41,8.06,0.45,463
3.821,17.12,0.11,0.92,15.01,8.12,0.00,462
3.837,16.17,0.03,0.48,16.46,8.10,0.33,460
3.854,17.13,0.03,0.72,15.61,8.05,0.00,461
3.871,16.49,0.02,0.47,16.35,8.02,0.34,461
3.888,17.00,0.03,0.66,15.61,7.94,0.00,458
3.904,16.44,0.02,0.49,16.41,7.87,0.37,457
3.921,17.10,0.03,0.71,15.63,7.84,0.00,456
3.940,19.45,0.03,0.49,13.16,7.78,0.21,467
3.955,14.14,0.03,0.57,15.77,8.36,0.00,470
3.972,16.92,0.03,0.43,15.60,8.46,0.21,470
3.988,16.36,0.02,0.55,15.65,8.30,0.00,470
4.004,16.39,0.02,0.42,16.34,8.35,0.32,472
4.021,16.89,0.03,0.51,16.01,8.31,0.00,472
4.038,16.69,0.03,0.54,16.23,8.32,0.34,471
4.055,16.96,0.03,0.72,15.64,8.29,0.00,472
4.072,17.53,0.03,0.52,15.33,8.24,0.33,469
4.089,16.46,0.03,0.79,14.92,8.15,0.00,469
4.105,16.13,0.03,0.50,16.29,8.10,0.33,471
4.122,17.03,0.03,0.73,15.55,8.20,0.00,473
4.138,16.47,0.03,0.55,16.10,8.10,0.37,475
4.155,16.85,0.03,0.79,15.39,8.05,0.00,475
4.172,16.34,0.02,0.54,16.42,8.00,0.33,474
4.189,17.13,0.03,0.76,15.33,7.93,0.00,474
4.205,16.27,0.03,0.53,16.47,7.91,0.37,474
4.222,17.19,0.03,0.78,15.52,7.87,0.00,474
4.239,16.46,0.02,0.56,16.10,7.83,0.36,474
4.256,16.85,0.03,0.74,15.47,7.74,0.00,476
4.272,16.39,0.03,0.54,16.29,7.87,0.37,479
4.289,17.05,0.03,0.71,15.63,7.79,0.00,480
4.306,16.51,0.03,0.50,16.40,7.74,0.34,479
4.323,17.08,0.03,0.69,15.49,7.70,0.00,479
4.339,16.35,0.02,0.50,16.38,7.65,0.33,479
4.356,17.07,0.03,0.73,15.33,7.63,0.00,479
4.372,16.20,0.02,0.38,16.39,7.62,0.27,480
4.389,16.93,0.02,0.50,15.78,7.62,0.00,480
4.406,16.42,0.03,0.29,16.38,7.61,0.14,479
4.422,16.80,0.02,0.33,16.25,7.62,0.00,479
4.439,16.70,0.03,0.30,16.03,7.65,0.12,479
4.456,16.47,0.01,0.26,16.60,7.57,0.00,472
4.473,16.97,0.02,0.27,16.12,7.60,0.14,472
4.489,16.53,0.02,0.25,17.26,7.56,0.00,471
4.507,17.73,0.20,0.73,15.44,7.61,0.34,518
4.523,16.54,0.03,0.79,15.42,8.29,0.00,513
4.540,16.36,0.02,0.51,16.44,8.26,0.36,512
4.557,17.14,0.03,0.67,15.45,8.27,0.00,511
4.573,16.29,0.03,0.54,16.41,8.42,0.33,512
4.590,17.14,0.03,0.68,15.50,8.36,0.00,511
4.607,16.35,0.03,0.49,16.53,8.38,0.34,509
4.624,17.25,0.03,0.74,15.35,8.32,0.00,509
4.640,16.26,0.02,0.50,16.57,8.44,0.33,507
4.657,17.27,0.03,0.74,15.31,8.35,0.00,507
4.674,16.22,0.02,0.52,16.33,8.42,0.37,508
4.691,17.04,0.03,0.68,15.59,8.33,0.00,505
4.707,16.45,0.03,0.50,16.24,8.40,0.37,505
4.724,16.94,0.03,0.68,15.62,8.56,0.00,505
4.740,16.49,0.03,0.49,16.41,8.58,0.33,505
4.758,17.10,0.03,0.69,15.52,8.64,0.00,504
4.774,16.38,0.03,0.52,16.31,8.73,0.37,503
4.791,17.01,0.03,0.73,15.51,8.77,0.00,500
4.807,16.40,0.02,0.49,15.86,8.82,0.20,500
4.824,16.47,0.02,0.40,16.86,8.84,0.00,498
4.841,17.49,0.03,0.73,15.61,8.86,0.40,494
4.858,16.52,0.03,0.67,15.46,8.81,0.00,490
4.874,16.29,0.02,0.49,16.44,8.96,0.39,488
4.891,17.10,0.03,0.65,15.60,8.91,0.00,486
4.908,16.41,0.02,0.51,16.37,8.87,0.39,485
4.925,17.06,0.03,0.67,15.61,8.79,0.00,483
4.941,16.44,0.02,0.48,16.39,8.68,0.41,483
4.958,17.05,0.03,0.66,15.51,8.78,0.00,482
4.975,16.33,0.02,0.49,16.50,8.81,0.39,482
4.992,17.17,0.03,0.65,15.46,8.85,0.00,483
5.008,16.28,0.02,0.47,16.50,8.85,0.36,477
5.025,17.14,0.03,0.69,15.28,8.99,0.00,475
5.041,16.11,0.02,0.39,16.87,9.00,0.40,474
5.059,17.43,0.03,0.68,15.27,8.99,0.00,472
5.075,16.08,0.02,0.42,16.32,8.95,0.21,470
5.092,16.87,0.02,0.42,16.07,8.86,0.00,468
5.108,16.62,0.03,0.41,16.52,8.81,0.23,467
5.125,17.07,0.02,0.46,16.43,8.68,0.00,466
5.142,17.08,0.03,0.53,16.21,8.63,0.34,467
5.159,16.94,0.04,0.71,15.22,8.54,0.00,466
5.175,16.11,0.02,0.49,16.39,8.55,0.33,465
5.192,17.06,0.03,0.68,15.49,8.47,0.00,463
5.209,16.32,0.02,0.46,16.42,8.38,0.40,462
5.226,17.05,0.03,0.65,15.57,8.34,0.00,460
5.242,16.37,0.02,0.46,16.43,8.30,0.39,458
5.259,17.06,0.03,0.65,15.70,8.30,0.00,457
5.276,16.50,0.02,0.48,16.32,8.21,0.36,456
5.293,16.98,0.03,0.66,15.60,8.17,0.00,456
5.309,16.42,0.02,0.48,16.44,8.13,0.41,455
5.326,17.11,0.03,0.65,15.63,8.19,0.00,451
5.343,16.43,0.02,0.59,16.35,8.12,0.33,450
5.360,17.12,0.03,0.73,15.55,8.01,0.00,449
5.379,18.90,0.05,0.51,13.79,7.95,0.23,457
5.394,14.82,0.04,0.60,15.30,8.31,0.00,457
5.410,16.45,0.04,0.47,16.14,8.24,0.22,457
5.427,17.08,0.04,0.51,15.29,8.18,0.10,457
5.443,15.99,0.02,0.43,16.65,8.09,0.00,457
5.460,17.23,0.20,0.66,15.25,8.03,0.00,508
5.477,16.23,0.05,0.79,16.61,12.37,0.59,508
5.494,17.61,0.08,1.22,14.72,12.12,0.12,506
5.510,16.13,0.06,0.79,15.60,12.16,0.00,504
5.528,17.48,0.06,0.54,15.06,12.09,0.23,503
5.544,16.32,0.05,0.72,15.40,12.04,0.00,502
5.560,16.32,0.05,0.72,15.76,12.11,0.00,501
5.577,16.72,0.07,1.11,15.62,12.12,0.51,501
5.594,16.96,0.07,1.00,15.15,11.94,0.13,499
5.610,16.35,0.05,0.73,15.74,11.91,0.00,498
5.627,16.65,0.05,0.70,15.88,11.89,0.00,499
5.644,16.78,0.06,1.07,15.87,11.89,0.45,497
5.661,17.17,0.07,1.07,15.22,11.90,0.17,497
5.678,16.50,0.06,0.80,15.62,11.83,0.00,498
5.694,16.61,0.05,0.77,15.67,11.88,0.21,498
5.711,16.65,0.05,0.55,16.49,11.88,0.00,498
5.728,17.28,0.07,1.08,15.19,11.87,0.30,501
5.745,16.49,0.06,1.07,15.00,11.90,0.00,505
5.761,16.26,0.05,0.76,16.21,12.07,0.30,507
5.778,17.16,0.06,1.07,15.11,12.05,0.00,509
5.794,16.36,0.04,0.74,16.07,12.10,0.34,509
5.811,17.01,0.06,1.08,15.17,12.06,0.00,509
5.828,16.45,0.04,0.73,16.32,12.09,0.30,514
5.845,17.24,0.06,1.11,15.01,12.12,0.00,517
5.861,16.31,0.04,0.71,15.72,12.11,0.28,516
5.878,16.58,0.04,0.85,15.53,9.30,0.00,516
5.895,16.60,0.04,0.48,15.96,9.35,0.16,518
5.911,16.56,0.03,0.66,16.33,9.43,0.00,518
5.928,17.14,0.04,0.75,15.93,9.44,0.37,519
5.945,16.88,0.06,1.09,15.14,9.47,0.00,523
5.962,16.43,0.04,0.75,16.13,9.45,0.38,525
5.979,17.08,0.06,1.12,15.07,9.46,0.00,525
5.995,16.38,0.05,0.71,16.18,9.57,0.39,525
6.012,17.09,0.05,1.09,15.12,9.57,0.00,527
6.029,16.43,0.04,0.79,16.06,9.60,0.39,528
6.046,17.04,0.06,1.10,15.04,9.65,0.00,531
6.062,16.32,0.04,0.81,16.14,9.79,0.42,529
6.079,17.14,0.06,1.12,15.04,9.80,0.00,530
6.095,16.35,0.04,0.72,16.24,9.79,0.34,533
6.113,17.17,0.06,1.16,15.11,9.78,0.00,534
6.129,16.47,0.05,0.78,15.95,9.73,0.34,535
6.146,16.96,0.06,1.15,15.18,9.73,0.00,536
6.163,16.57,0.05,0.73,16.01,9.77,0.41,537
6.180,16.96,0.06,1.12,15.07,9.77,0.00,539
6.196,16.38,0.05,0.71,16.03,9.80,0.38,542
6.213,16.96,0.06,1.06,14.97,9.93,0.00,541
6.229,16.20,0.04,0.72,16.34,9.95,0.38,541
6.246,17.26,0.05,1.07,15.23,9.96,0.00,542
6.263,16.49,0.04,0.80,15.61,10.04,0.22,546
6.279,16.58,0.04,0.79,16.16,10.07,0.00,546
6.297,17.20,0.07,1.08,15.29,10.15,0.36,547
6.313,16.59,0.05,1.03,15.26,10.13,0.00,547
6.330,16.47,0.05,0.76,16.06,10.13,0.35,549
6.347,17.02,0.06,1.07,15.16,10.07,0.00,549
6.363,16.43,0.04,0.70,16.11,10.18,0.37,549
6.380,17.01,0.05,1.12,15.09,10.11,0.00,548
6.397,16.39,0.04,0.85,16.02,10.03,0.38,549
6.414,17.06,0.05,1.14,15.13,10.05,0.00,550
6.430,16.46,0.10,0.77,16.09,10.03,0.35,549
6.447,17.13,0.06,1.10,15.02,10.01,0.00,550
6.463,16.30,0.04,0.75,16.07,10.06,0.36,551
6.480,17.04,0.05,0.94,15.46,10.02,0.00,553
6.497,16.58,0.05,0.67,15.96,10.08,0.33,558
6.514,16.84,0.21,1.04,15.22,10.21,0.00,589
6.531,16.61,0.05,0.74,15.64,10.99,0.21,588
6.547,16.55,0.21,1.27,15.22,10.89,0.00,587
6.564,16.82,0.04,0.71,16.13,10.84,0.39,587
6.581,17.03,0.06,1.08,15.09,10.80,0.00,586
6.597,16.35,0.04,0.75,16.17,10.80,0.38,588
6.614,17.11,0.06,1.13,15.07,10.65,0.00,588
6.631,16.37,0.04,0.70,16.42,10.68,0.31,587
6.648,17.32,0.06,1.15,14.87,10.57,0.00,588
6.664,16.22,0.04,0.72,16.06,10.62,0.36,589
6.681,16.98,0.06,1.11,15.09,10.60,0.00,590
6.698,16.37,0.04,0.86,16.11,10.54,0.34,586
6.715,17.18,0.06,1.09,15.05,10.51,0.00,589
6.731,16.34,0.05,0.73,16.14,10.53,0.38,588
6.748,17.12,0.06,1.24,14.88,10.48,0.00,588
6.765,16.31,0.04,0.69,16.17,10.47,0.36,589
6.782,17.05,0.06,1.05,15.13,10.42,0.00,588
6.798,16.37,0.08,0.95,16.04,10.42,0.52,644
6.815,17.21,0.09,1.34,14.76,14.34,0.00,643
6.832,16.32,0.08,0.93,15.84,14.36,0.35,641
6.849,17.00,0.13,1.38,14.84,14.34,0.00,637
6.865,16.47,0.07,0.92,15.95,14.27,0.36,636
6.882,17.09,0.09,1.32,14.81,14.22,0.00,632
6.898,16.36,0.08,0.90,15.90,14.21,0.37,631
6.915,17.04,0.09,1.37,14.78,14.17,0.00,629
6.932,16.37,0.08,0.94,16.04,14.14,0.45,627
6.949,17.22,0.10,1.56,14.64,14.10,0.00,620
6.968,18.82,0.10,0.98,13.22,14.07,0.24,627
6.983,14.91,0.08,1.11,14.54,13.23,0.00,628
6.999,15.83,0.06,0.55,16.55,13.25,0.37,627
7.016,17.81,0.10,1.49,14.22,13.27,0.00,627
7.033,16.21,0.08,0.95,14.76,13.10,0.11,627
7.049,16.05,0.10,1.40,15.64,13.11,0.00,626
7.066,17.29,0.09,1.34,15.33,12.92,0.41,627
7.083,16.92,0.10,1.54,14.62,13.07,0.00,625
7.100,17.21,0.09,0.95,14.95,13.04,0.36,625
7.117,16.63,0.10,1.44,14.25,13.14,0.00,625
7.133,15.92,0.07,0.93,15.89,13.15,0.36,624
7.150,17.06,0.10,1.43,14.74,13.08,0.00,622
7.166,16.40,0.07,0.92,16.04,12.92,0.37,619
7.183,17.21,0.10,1.52,14.76,12.89,0.00,619
7.200,16.53,0.08,0.94,15.79,12.87,0.44,617
7.217,16.97,0.09,1.46,14.49,9.84,0.00,615
7.233,16.16,0.07,1.09,15.87,9.98,0.43,612
7.250,17.17,0.10,1.41,14.70,9.99,0.00,611
7.267,16.33,0.07,1.01,15.85,10.05,0.39,609
7.284,17.08,0.16,1.42,14.65,9.99,0.00,607
7.300,16.37,0.07,0.94,15.93,9.97,0.39,607
7.317,17.08,0.09,1.59,14.54,10.00,0.00,608
7.333,16.35,0.07,0.96,15.96,9.94,0.48,605
7.351,17.15,0.10,0.94,15.76,9.94,0.00,601
7.368,16.99,0.10,1.44,14.83,9.94,0.42,599
7.384,16.54,0.10,1.47,14.78,9.94,0.00,599
7.401,16.49,0.07,0.94,15.67,9.83,0.40,597
7.417,16.83,0.09,1.38,14.84,10.13,0.00,592
7.434,16.44,0.07,0.75,16.13,10.14,0.39,557
7.451,17.11,0.09,1.09,15.13,10.15,0.00,558
7.467,16.44,0.07,0.71,16.00,10.16,0.41,558
7.484,16.93,0.09,1.09,15.06,10.15,0.00,558
7.501,16.36,0.07,0.72,16.18,10.21,0.39,559
7.518,17.13,0.09,1.15,14.97,10.44,0.00,559
7.534,16.34,0.08,0.77,16.21,10.45,0.41,560
7.551,17.22,0.10,1.05,15.13,10.63,0.00,560
7.568,16.42,0.11,0.82,15.86,10.77,0.41,558
7.585,16.95,0.09,1.14,14.81,10.79,0.00,556
7.601,16.15,0.05,0.59,16.45,10.78,0.41,555
7.618,17.27,0.09,1.22,14.99,10.80,0.00,555
7.635,16.43,0.07,0.75,16.10,10.72,0.39,555
7.652,17.09,0.09,1.24,15.09,10.63,0.00,554
7.671,18.97,0.12,0.73,13.30,10.48,0.35,561
7.685,14.59,0.07,0.75,15.30,11.21,0.00,562
7.701,16.23,0.06,0.45,16.62,11.07,0.33,563
7.719,17.85,0.11,1.29,14.17,11.31,0.00,562
7.735,15.93,0.07,0.75,15.90,11.39,0.37,563
7.752,16.96,0.13,1.26,14.80,11.38,0.00,562
7.769,16.33,0.08,0.84,15.61,11.47,0.24,562
7.785,16.69,0.09,1.12,15.35,11.50,0.00,563
7.802,16.67,0.07,0.87,16.10,11.51,0.48,565
7.820,18.07,0.13,1.23,13.90,11.50,0.00,564
7.836,16.34,0.07,0.59,14.95,11.43,0.22,565
7.853,16.31,0.10,1.07,14.85,11.38,0.00,567
7.869,16.41,0.08,0.76,15.81,11.31,0.39,565
7.886,16.82,0.09,1.15,14.99,11.15,0.00,564
7.902,16.36,0.07,0.85,16.10,11.04,0.34,563
7.919,17.14,0.07,0.75,15.86,10.97,0.00,560
7.936,16.88,0.11,1.08,15.20,10.88,0.38,560
7.953,16.55,0.09,1.17,15.01,10.95,0.00,561
7.969,16.42,0.07,0.83,15.99,10.85,0.42,560
7.986,17.04,0.09,1.13,15.04,10.87,0.00,557
8.003,16.40,0.07,0.75,16.03,10.80,0.38,558
8.020,17.01,0.09,1.13,15.04,10.92,0.00,562
8.036,16.39,0.07,0.78,16.15,10.90,0.39,560
8.053,17.15,0.09,1.20,14.88,10.85,0.00,560
8.070,16.29,0.07,0.76,16.20,10.80,0.41,559
8.087,17.18,0.09,1.19,14.69,10.79,0.00,561
8.103,16.09,0.05,0.59,16.55,10.77,0.40,561
8.120,17.35,0.09,1.21,14.94,10.58,0.00,563
8.137,16.37,0.07,0.84,16.04,10.56,0.41,562
8.154,17.10,0.12,1.11,15.00,10.58,0.00,565
8.170,16.39,0.07,0.84,15.93,10.56,0.39,564
8.187,16.98,0.09,1.19,15.32,10.52,0.00,565
8.204,16.74,0.08,0.83,15.71,10.53,0.35,563
8.221,16.79,0.09,1.10,15.11,10.48,0.00,563
8.237,16.41,0.09,0.76,16.16,10.45,0.37,561
8.254,17.17,0.10,1.10,15.02,10.39,0.00,555
8.270,16.34,0.07,0.75,15.61,10.36,0.22,550
8.287,16.53,0.14,0.80,15.80,10.30,0.00,539
8.304,16.86,0.05,0.56,16.37,10.36,0.38,537
8.321,17.13,0.09,1.04,15.27,8.85,0.00,538
8.338,16.62,0.09,0.76,15.75,8.81,0.40,539
8.354,16.77,0.09,1.10,14.98,8.78,0.00,540
8.371,16.29,0.06,0.71,16.58,8.77,0.56,541
8.394,23.60,0.08,0.72,9.46,8.73,0.18,542
8.405,10.40,0.06,0.98,14.97,8.68,0.00,541
8.421,16.11,0.06,0.58,16.11,8.59,0.00,536
8.438,16.98,0.13,1.05,15.89,8.73,0.53,535
8.455,17.20,0.12,1.17,14.77,8.55,0.00,537
8.471,16.15,0.06,0.80,16.29,8.79,0.42,537
8.490,19.36,0.09,0.98,12.62,8.67,0.00,540
8.504,13.89,0.03,0.26,16.55,8.81,0.18,541
8.521,17.14,0.14,0.59,16.18,8.71,0.00,561
8.539,17.12,0.10,1.05,15.19,9.17,0.32,563
8.555,16.56,0.12,1.05,15.04,9.22,0.00,565
8.571,16.35,0.07,0.73,16.12,9.23,0.37,566
8.589,17.07,0.09,1.10,15.05,9.22,0.00,566
8.605,16.36,0.07,0.77,16.07,9.19,0.41,568
8.622,17.06,0.09,1.03,15.13,9.31,0.00,572
8.638,16.38,0.07,0.72,16.16,9.31,0.39,573
8.655,17.12,0.09,1.07,15.25,9.34,0.00,572
8.675,19.34,0.07,0.56,13.18,9.24,0.20,583
8.689,14.11,0.09,0.55,15.76,9.78,0.00,585
8.705,16.54,0.07,0.61,15.96,9.70,0.29,586
8.723,17.12,0.07,0.76,15.36,9.69,0.00,586
8.739,16.55,0.08,0.82,15.85,9.71,0.33,587
8.756,16.97,0.19,1.03,15.29,9.75,0.00,589
8.773,16.63,0.08,0.60,16.18,9.93,0.51,589
8.791,18.52,0.09,0.78,13.40,9.79,0.00,591
8.806,14.66,0.06,0.45,16.23,10.02,0.41,590
8.823,17.17,0.10,0.83,14.96,9.96,0.00,595
8.839,16.04,0.06,0.60,16.25,9.95,0.40,595
8.856,17.06,0.09,0.81,15.41,9.86,0.00,594
8.873,16.44,0.07,0.64,16.16,9.86,0.38,594
8.890,17.02,0.09,0.88,15.28,9.81,0.00,594
8.906,16.38,0.07,0.54,16.37,9.80,0.39,594
8.923,17.17,0.09,0.75,15.11,9.85,0.00,594
8.939,16.10,0.05,0.43,16.59,9.84,0.33,592
8.957,17.23,0.09,0.92,15.25,9.74,0.00,592
8.973,16.39,0.07,0.58,16.31,9.85,0.39,591
8.990,17.13,0.09,0.81,15.36,9.86,0.00,592
9.006,16.40,0.06,0.57,16.28,10.03,0.40,591
9.024,17.12,0.09,0.77,15.29,10.01,0.00,593
9.040,16.27,0.06,0.57,16.37,10.05,0.38,595
9.057,17.16,0.09,0.77,15.42,10.12,0.00,597
9.073,16.43,0.07,0.59,16.19,10.27,0.40,600
9.090,17.02,0.09,0.83,15.08,10.21,0.00,602
9.107,16.13,0.06,0.45,16.62,10.15,0.37,599
9.124,17.30,0.09,0.81,15.59,10.10,0.00,599
9.141,16.61,0.07,0.54,16.12,9.98,0.39,598
9.157,16.88,0.08,0.72,15.42,9.92,0.00,600
9.174,16.35,0.06,0.54,16.43,9.87,0.39,597
9.191,17.19,0.08,0.76,15.28,9.84,0.00,597
9.207,16.24,0.07,0.56,16.42,9.80,0.37,598
9.224,17.23,0.10,0.72,15.60,9.97,0.00,599
9.241,16.59,0.08,0.54,16.06,10.02,0.40,600
9.258,16.84,0.09,0.75,15.27,9.99,0.00,601
9.274,16.22,0.05,0.43,16.54,10.03,0.40,601
9.291,17.18,0.08,0.72,15.41,10.10,0.00,601
9.308,16.35,0.06,0.63,16.34,10.09,0.42,602
9.325,17.17,0.09,0.77,15.28,10.04,0.00,603
9.341,16.30,0.07,0.59,16.76,10.01,0.33,602
9.362,20.63,0.08,0.55,12.48,9.87,0.18,613
9.375,13.61,0.08,0.61,14.87,10.43,0.00,612
9.391,15.70,0.05,0.33,16.73,10.32,0.00,613
9.409,17.81,0.18,1.02,15.21,10.21,0.47,613
9.426,16.83,0.09,0.86,15.49,10.09,0.00,611
9.442,16.69,0.15,0.98,14.44,9.89,0.13,609
9.458,15.65,0.05,0.38,16.88,9.93,0.00,607
9.475,17.53,0.09,0.87,15.43,9.93,0.38,606
9.492,16.52,0.34,1.03,14.95,9.85,0.00,647
9.509,17.31,0.10,0.77,15.41,10.36,0.72,646
9.526,17.15,0.10,1.03,14.15,10.36,0.00,649
9.542,15.65,0.08,0.72,15.91,10.41,0.41,648
9.559,16.89,0.09,1.26,14.98,10.30,0.00,647
9.578,19.00,0.09,0.67,13.42,10.22,0.24,647
9.592,14.31,0.07,0.75,15.69,10.05,0.00,646
9.609,16.63,0.09,0.81,16.09,9.98,0.34,645
9.626,17.14,0.10,1.09,14.91,9.94,0.00,646
9.642,16.22,0.07,0.68,16.00,9.76,0.24,645
9.661,18.19,0.09,0.75,14.12,9.65,0.09,644
9.676,15.19,0.09,0.45,16.30,9.67,0.00,643
9.693,17.22,0.07,0.67,15.42,9.61,0.00,640
9.709,16.34,0.17,1.03,15.74,9.57,0.52,638
9.726,17.11,0.09,0.97,15.01,9.45,0.00,637
9.743,16.20,0.07,0.68,16.19,9.35,0.32,634
9.760,17.09,0.09,1.01,15.15,9.32,0.00,633
9.776,16.37,0.06,0.74,16.16,9.39,0.39,633
9.793,17.11,0.09,1.11,14.89,9.33,0.00,632
9.809,16.20,0.06,0.69,15.79,9.25,0.17,631
9.826,16.64,0.06,0.68,15.96,9.25,0.00,631
9.843,16.81,0.05,0.63,15.91,9.31,0.18,629
9.859,16.69,0.05,0.58,16.63,9.20,0.00,627
9.877,17.44,0.10,1.04,15.32,9.11,0.39,627
9.894,16.62,0.09,1.05,15.04,9.09,0.00,627
9.910,16.31,0.07,0.70,16.16,9.07,0.37,627
9.927,17.07,0.08,0.99,15.21,8.97,0.00,626
9.943,16.42,0.06,0.66,16.16,8.95,0.36,627
9.960,17.04,0.10,1.00,15.16,8.89,0.00,628
9.977,16.38,0.07,0.70,16.25,9.14,0.43,625
9.994,17.18,0.09,1.03,15.12,9.08,0.11,623
10.010,16.37,0.06,0.69,15.76,9.09,0.00,623
10.027,16.65,0.07,0.67,15.87,9.10,0.00,648
10.044,16.76,0.08,1.09,16.08,9.16,0.52,650
10.064,20.12,0.11,0.81,12.73,9.26,0.11,650
10.078,13.79,0.07,0.75,15.49,9.31,0.00,649
10.094,16.41,0.07,0.73,15.99,9.30,0.33,647
10.111,16.91,0.22,1.02,15.24,9.33,0.00,646
10.128,16.60,0.07,0.76,16.04,9.42,0.40,646
10.145,16.99,0.17,0.96,15.21,9.44,0.00,646
10.161,16.45,0.06,0.85,15.89,9.33,0.31,645
10.178,16.96,0.14,0.79,15.46,9.35,0.00,645
10.196,17.76,0.08,0.55,14.72,9.36,0.17,645
10.211,15.66,0.07,0.44,15.71,9.39,0.00,643
10.228,16.33,0.06,0.58,16.42,9.49,0.27,640
10.245,17.21,0.08,0.91,15.32,9.53,0.00,639
10.261,16.44,0.07,0.42,16.43,9.66,0.43,638
10.278,17.09,0.09,0.95,15.24,9.73,0.00,639
10.295,16.41,0.10,0.66,15.47,9.81,0.17,639
10.311,16.33,0.04,0.48,16.17,9.84,0.00,639
10.328,16.80,0.06,0.51,16.14,9.95,0.23,638
10.345,16.88,0.07,0.62,16.11,9.93,0.00,636
10.362,16.98,0.10,0.97,15.61,9.96,0.36,636
10.379,16.83,0.08,1.04,15.32,9.91,0.00,636
10.398,19.21,0.09,0.62,13.44,9.88,0.27,644
10.413,14.63,0.07,0.71,14.91,10.40,0.00,642
10.428,15.80,0.06,0.38,16.80,10.42,0.41,643
10.446,17.78,0.13,0.97,14.79,10.40,0.00,641
10.462,16.26,0.10,0.72,15.35,10.35,0.21,638
10.479,16.36,0.06,0.70,16.32,10.23,0.00,637
10.496,17.26,0.08,0.67,15.78,10.38,0.44,633
10.513,16.71,0.09,0.84,15.30,10.37,0.00,627
10.530,17.63,0.20,0.67,14.55,10.40,0.31,665
10.546,16.03,0.07,0.70,15.16,11.15,0.00,665
10.563,16.34,0.08,0.62,15.80,11.26,0.32,663
10.579,16.70,0.29,0.91,15.19,11.19,0.00,662
10.596,16.52,0.07,0.60,16.15,11.19,0.35,661
10.613,16.96,0.08,0.89,15.28,11.07,0.00,658
10.629,16.39,0.06,0.61,16.31,10.89,0.42,647
10.646,17.18,0.09,0.94,15.08,10.73,0.00,645
10.663,16.24,0.06,0.62,16.41,10.61,0.37,644
10.680,17.25,0.08,0.98,15.04,10.49,0.00,644
10.696,16.24,0.07,0.63,16.34,10.43,0.39,643
10.713,17.20,0.09,0.86,15.31,10.39,0.00,641
10.730,16.39,0.07,0.62,16.20,10.36,0.40,641
10.747,17.05,0.08,0.92,15.24,10.28,0.00,640
10.763,16.36,0.06,0.58,16.19,10.27,0.38,640
10.780,17.01,0.08,0.87,15.37,10.21,0.00,639
10.797,16.45,0.06,0.64,16.19,10.19,0.37,639
10.814,17.06,0.09,0.89,15.48,10.12,0.00,636
10.830,16.58,0.07,0.59,16.17,10.04,0.44,633
10.847,16.98,0.09,0.97,15.11,9.96,0.00,633
10.864,16.29,0.06,0.59,16.26,9.99,0.40,632
10.881,17.10,0.09,0.90,15.36,9.84,0.00,630
10.897,16.47,0.07,0.74,16.12,9.76,0.42,628
10.914,17.08,0.09,0.96,15.22,9.67,0.00,628
10.931,16.39,0.06,0.63,16.11,9.54,0.39,626
10.947,16.95,0.09,0.95,15.31,9.53,0.00,623
10.964,16.48,0.06,0.61,16.30,9.47,0.33,623
10.981,17.12,0.08,0.99,15.34,9.42,0.00,622
10.998,16.56,0.08,0.67,15.87,9.49,0.32,623
11.014,16.77,0.12,0.84,15.46,9.45,0.00,620
11.031,16.57,0.05,0.63,16.05,9.47,0.40,620
11.048,16.89,0.06,0.83,15.30,9.40,0.00,618
11.064,16.31,0.04,0.57,16.43,9.38,0.40,615
11.081,17.20,0.07,0.85,15.25,9.32,0.00,615
11.098,16.33,0.05,0.56,16.30,9.34,0.40,612
11.115,17.07,0.06,0.91,15.34,9.25,0.00,610
11.131,16.44,0.05,0.60,16.28,9.19,0.41,610
11.148,17.08,0.06,0.82,15.57,9.15,0.00,610
11.165,16.65,0.07,0.92,15.61,9.28,0.40,610
11.182,16.74,0.06,0.90,15.26,9.22,0.00,610
11.198,16.34,0.04,0.59,16.76,9.23,0.34,608
11.218,20.26,0.07,0.58,12.77,9.06,0.00,614
11.232,13.92,0.07,0.72,14.85,9.74,0.16,614
11.248,15.71,0.04,0.37,17.19,9.70,0.00,612
11.266,18.16,0.15,0.68,15.41,9.73,0.33,611
11.283,16.88,0.10,1.01,14.32,9.69,0.00,610
11.299,15.61,0.12,0.67,17.06,9.69,0.41,608
11.317,18.00,0.07,1.06,14.10,9.61,0.00,607
11.332,15.35,0.05,0.60,16.33,9.77,0.37,607
11.349,17.10,0.09,0.90,15.40,9.64,0.00,606
11.366,17.38,0.06,0.65,15.27,9.62,0.39,605
11.383,16.55,0.06,0.94,14.81,9.54,0.00,605
11.399,16.16,0.05,0.63,15.97,9.49,0.41,604
11.416,16.82,0.06,0.92,15.22,9.48,0.00,603
11.432,16.31,0.04,0.64,16.21,9.48,0.34,602
11.449,17.07,0.12,0.91,15.31,9.38,0.00,602
11.466,16.47,0.04,0.54,16.34,9.44,0.40,602
11.483,17.06,0.06,0.83,15.33,9.45,0.00,602
11.499,16.34,0.19,0.66,16.21,9.50,0.50,645
11.516,17.20,0.09,1.00,15.08,10.20,0.00,642
11.533,16.29,0.08,0.67,16.03,10.26,0.42,643
11.550,16.90,0.06,0.63,16.29,10.13,0.00,643
11.567,17.17,0.10,1.06,15.20,10.14,0.40,641
11.583,16.51,0.10,1.04,15.12,10.18,0.00,640
11.600,16.39,0.07,0.71,16.04,10.23,0.35,641
11.617,16.97,0.09,1.03,15.18,10.26,0.00,638
11.633,16.44,0.07,0.69,16.16,10.14,0.39,638
11.650,17.07,0.09,0.97,15.03,10.09,0.00,635
11.666,16.20,0.05,0.51,16.54,10.13,0.39,634
11.684,17.26,0.09,1.04,15.10,10.03,0.00,634
11.700,16.36,0.06,0.76,16.11,10.06,0.38,634
11.717,17.09,0.09,1.00,15.21,10.01,0.00,634
11.733,16.42,0.07,0.66,16.18,10.10,0.40,634
11.751,17.06,0.09,1.11,15.02,10.14,0.00,637
11.767,16.35,0.06,0.68,16.51,10.33,0.33,637
11.784,17.44,0.10,1.08,14.83,10.39,0.00,636
11.800,16.14,0.09,0.77,16.12,10.50,0.34,633
11.818,17.14,0.09,1.08,14.98,10.58,0.00,632
11.834,16.28,0.07,0.69,16.13,10.59,0.39,631
11.851,17.03,0.09,1.03,15.21,10.56,0.00,628
11.867,16.46,0.07,0.69,16.07,10.53,0.37,627
11.884,16.98,0.08,1.01,15.11,10.53,0.00,626
11.901,16.39,0.07,0.75,16.19,10.36,0.37,623
11.918,17.16,0.09,1.09,15.01,10.39,0.00,622
11.934,16.34,0.07,0.67,16.15,10.33,0.38,622
11.951,17.04,0.08,0.98,15.18,10.31,0.00,618
11.968,16.36,0.07,0.71,16.17,10.31,0.40,618
11.985,17.10,0.08,0.99,15.21,10.31,0.00,616
12.001,16.41,0.07,0.65,16.19,10.35,0.40,617
12.018,17.10,0.08,1.06,15.07,10.40,0.00,616
12.035,16.34,0.07,0.65,16.27,10.45,0.38,616
12.052,17.13,0.08,1.07,15.11,10.52,0.00,618
12.071,18.96,0.12,0.54,13.50,10.58,0.23,627
12.086,14.82,0.07,0.86,14.93,10.99,0.00,627
12.102,16.22,0.06,0.47,15.96,10.81,0.32,624
12.119,16.96,0.07,0.65,15.47,10.81,0.00,626
12.135,16.35,0.06,0.54,16.49,10.65,0.28,625
12.152,17.20,0.07,0.77,15.31,10.36,0.00,625
12.169,16.27,0.07,0.74,16.11,10.34,0.39,623
12.186,17.04,0.09,1.17,15.15,10.22,0.00,623
12.203,17.41,0.08,0.71,15.09,10.16,0.40,624
12.220,16.60,0.09,1.05,14.51,10.18,0.00,623
12.235,15.77,0.06,0.70,16.21,10.17,0.38,623
12.252,17.12,0.08,1.00,15.24,10.07,0.00,619
12.269,16.45,0.07,0.73,16.28,9.90,0.34,620
12.286,17.25,0.10,1.08,15.12,10.03,0.00,618
12.303,16.46,0.08,0.68,15.92,9.93,0.43,620
12.319,16.84,0.08,1.01,14.93,9.84,0.00,618
12.336,16.14,0.05,0.53,16.56,9.74,0.40,618
12.353,17.29,0.09,1.30,14.77,9.64,0.00,618
12.369,16.34,0.06,0.77,16.14,9.69,0.40,616
12.386,17.13,0.08,1.00,15.13,9.50,0.00,613
12.403,16.35,0.06,0.66,16.27,9.43,0.41,613
12.420,17.15,0.08,1.05,15.04,9.34,0.00,613
12.436,16.29,0.06,0.63,16.64,9.29,0.33,611
12.456,20.32,0.07,0.64,12.65,9.09,0.00,619
12.470,13.84,0.07,0.66,14.85,9.58,0.15,617
12.486,15.66,0.04,0.33,16.82,9.47,0.00,616
12.504,17.66,0.10,0.92,15.67,9.47,0.61,669
12.521,17.16,0.11,1.34,14.19,13.40,0.00,668
12.537,15.85,0.18,0.94,16.39,13.46,0.33,683
12.554,17.87,0.33,1.17,14.10,13.66,0.00,681
12.570,15.73,0.15,1.03,15.78,13.58,0.33,675
12.589,18.69,0.08,0.88,13.22,13.54,0.00,672
12.603,14.52,0.04,0.46,16.25,13.77,0.32,672
12.621,17.29,0.14,1.45,14.42,13.42,0.00,673
12.637,16.15,0.07,0.89,15.96,13.68,0.39,672
12.654,17.10,0.11,1.39,14.71,13.53,0.00,670
12.670,16.35,0.07,0.92,15.98,13.49,0.38,670
12.687,17.12,0.11,1.37,14.71,13.41,0.00,671
12.704,16.31,0.08,0.97,15.90,13.45,0.35,671
12.721,17.09,0.10,1.41,14.79,13.44,0.00,672
12.737,16.42,0.08,0.98,15.93,13.68,0.40,662
12.754,17.14,0.11,1.38,14.54,13.56,0.00,662
12.771,16.14,0.06,0.68,16.26,13.71,0.39,663
12.788,17.14,0.10,1.24,14.99,13.76,0.00,663
12.804,16.45,0.08,0.93,16.05,13.78,0.33,665
12.821,17.21,0.10,1.42,14.63,13.99,0.00,660
12.838,16.29,0.07,0.97,15.92,13.99,0.40,661
12.855,17.12,0.10,1.45,14.70,13.93,0.00,659
12.871,16.37,0.09,0.98,15.88,13.98,0.39,658
12.888,17.10,0.10,1.40,14.55,14.12,0.00,659
12.904,16.16,0.06,0.68,16.40,14.10,0.39,659
12.922,17.30,0.10,1.36,14.78,11.22,0.00,653
12.938,16.36,0.07,0.94,15.88,11.34,0.37,655
12.955,17.03,0.10,1.38,14.76,11.43,0.00,656
12.971,16.38,0.07,0.96,15.90,11.61,0.40,654
12.989,17.09,0.10,1.34,14.86,11.78,0.00,655
13.005,16.43,0.07,0.98,15.87,11.78,0.39,657
13.022,17.08,0.09,1.41,14.52,11.92,0.00,654
13.038,16.12,0.06,0.71,16.06,12.03,0.21,654
13.055,17.00,0.18,1.45,14.98,12.11,0.00,654
13.072,16.74,0.08,0.92,15.91,12.22,0.33,657
13.089,17.07,0.10,1.37,14.78,12.26,0.00,660
13.105,16.38,0.08,0.87,16.00,12.33,0.33,659
13.122,17.10,0.09,1.35,14.78,12.41,0.00,659
13.139,16.40,0.08,0.91,15.91,12.43,0.32,661
13.156,17.06,0.09,1.35,14.55,12.42,0.00,661
13.172,16.10,0.05,0.66,16.19,12.46,0.21,662
13.189,17.05,0.09,1.33,15.04,12.42,0.00,663
13.206,16.59,0.07,0.93,16.01,12.45,0.37,664
13.223,17.15,0.09,1.41,14.52,12.50,0.00,664
13.239,16.12,0.06,0.66,16.45,12.70,0.39,662
13.256,17.32,0.09,1.37,14.79,12.75,0.00,665
13.273,16.39,0.07,0.86,16.02,12.88,0.38,666
13.290,17.10,0.09,1.42,14.93,12.95,0.00,665
13.306,16.59,0.08,0.85,15.65,12.96,0.33,662
13.323,16.71,0.08,0.93,15.45,12.92,0.00,660
13.343,19.66,0.09,0.68,13.20,12.96,0.23,670
13.357,14.50,0.09,1.01,14.83,13.54,0.00,671
13.374,16.48,0.09,0.79,15.13,13.41,0.29,670
13.390,16.35,0.11,0.98,15.18,13.18,0.00,671
13.406,16.43,0.06,0.68,16.15,13.25,0.23,673
13.423,17.02,0.07,1.12,15.16,13.10,0.00,674
13.440,16.69,0.08,0.89,15.41,13.16,0.23,673
13.457,17.23,0.08,0.91,15.01,13.05,0.00,672
13.474,16.47,0.09,0.82,15.53,13.06,0.40,672
13.490,16.59,0.10,1.24,14.98,12.97,0.00,671
13.507,16.45,0.07,0.89,15.93,12.86,0.36,672
13.524,17.09,0.09,1.26,14.81,12.95,0.00,671
13.540,16.29,0.07,0.83,16.28,13.09,0.32,671
13.558,17.33,0.10,1.32,14.62,13.14,0.00,671
13.574,16.16,0.07,0.87,16.04,13.22,0.32,669
13.591,17.13,0.09,1.28,14.84,13.08,0.00,668
13.607,16.34,0.07,0.89,16.00,12.99,0.33,668
13.624,17.12,0.09,1.31,14.59,12.87,0.00,667
13.640,16.10,0.05,0.63,16.55,12.63,0.33,667
13.658,17.40,0.09,1.30,14.92,12.46,0.00,667
13.674,16.46,0.06,0.83,15.84,12.28,0.38,666
13.691,16.89,0.09,1.22,14.99,12.16,0.00,666
13.708,16.42,0.07,0.81,16.01,12.11,0.39,666
13.725,17.05,0.09,1.23,14.79,12.23,0.00,665
13.741,16.22,0.06,0.60,16.16,12.22,0.24,666
13.758,16.99,0.09,1.28,15.11,12.14,0.00,664
13.775,16.60,0.07,0.82,16.02,12.12,0.37,666
13.792,17.06,0.08,1.17,14.81,12.09,0.00,664
13.808,16.18,0.06,0.59,16.56,12.14,0.37,665
13.825,17.36,0.09,1.26,14.82,12.09,0.00,664
13.841,16.30,0.07,0.86,16.06,12.06,0.37,665
13.859,17.15,0.09,1.39,14.74,11.98,0.00,666
13.875,16.36,0.06,0.85,16.01,12.01,0.39,665
13.892,17.09,0.09,1.20,14.90,11.92,0.00,666
13.908,16.32,0.07,0.90,16.04,11.82,0.40,665
13.925,17.16,0.09,1.23,14.71,11.73,0.00,660
13.942,16.13,0.06,0.58,16.51,11.73,0.38,658
13.959,17.31,0.09,1.25,14.85,11.70,0.00,653
13.975,16.32,0.07,0.87,16.03,11.62,0.38,650
13.992,17.13,0.09,1.25,14.86,11.60,0.00,647
14.009,16.33,0.07,0.77,16.21,11.60,0.39,644
14.026,17.20,0.09,1.21,14.69,10.02,0.00,643
14.042,16.09,0.06,0.58,16.34,10.03,0.26,643
14.059,17.08,0.07,0.75,15.53,10.00,0.00,642
14.076,16.45,0.05,0.57,16.45,9.98,0.40,644
14.093,17.21,0.09,1.21,14.97,9.93,0.00,643
14.109,16.39,0.07,0.75,16.09,9.96,0.38,639
14.126,17.07,0.09,1.20,14.94,9.98,0.00,641
14.143,16.37,0.07,0.80,16.15,9.89,0.40,638
14.160,17.17,0.09,1.26,15.06,9.77,0.00,638
14.179,19.05,0.08,0.80,13.45,9.90,0.23,647
14.194,14.77,0.07,0.83,14.90,10.37,0.00,648
14.210,16.14,0.05,0.45,16.33,10.20,0.35,648
14.227,17.48,0.10,1.34,14.42,10.17,0.16,650
14.243,16.05,0.13,0.84,15.78,10.33,0.00,648
14.260,16.94,0.08,0.62,15.62,10.30,0.00,648
14.277,16.44,0.09,1.17,15.60,10.42,0.53,649
14.294,16.99,0.09,1.17,14.92,10.36,0.00,650
14.310,16.29,0.07,0.91,16.32,10.37,0.34,651
14.329,18.74,0.17,1.30,13.21,10.48,0.12,648
14.344,15.27,0.07,0.64,15.23,10.55,0.00,647
14.360,16.05,0.06,0.61,15.83,10.45,0.00,642
14.377,16.61,0.06,0.79,15.65,10.39,0.20,640
14.393,16.60,0.04,0.45,16.29,10.29,0.00,638
14.410,16.89,0.06,0.71,16.11,10.16,0.23,636
14.427,17.04,0.19,1.17,15.20,10.11,0.00,636
14.444,16.69,0.07,0.74,16.10,10.10,0.42,633
14.461,17.07,0.08,1.16,15.11,10.20,0.12,631
14.477,16.48,0.06,0.64,15.58,10.24,0.00,623
14.494,16.38,0.15,0.51,16.17,10.35,0.00,664
14.511,16.97,0.09,0.94,16.08,11.02,0.63,660
14.528,17.27,0.09,1.00,15.01,11.29,0.14,660
14.544,16.24,0.10,0.71,15.58,11.28,0.00,658
14.561,16.52,0.07,0.60,16.44,11.26,0.40,656
14.578,17.27,0.09,0.93,15.21,11.28,0.00,655
14.594,16.37,0.07,0.61,16.18,11.38,0.40,655
14.611,17.03,0.09,0.95,15.21,11.38,0.00,655
14.628,16.38,0.07,0.64,16.22,11.36,0.36,656
14.645,17.09,0.09,0.94,15.42,11.22,0.00,655
14.661,16.58,0.08,0.64,16.00,11.17,0.40,650
14.678,16.87,0.09,0.90,15.26,10.99,0.00,650
14.695,16.38,0.07,0.63,16.23,10.99,0.40,649
14.712,17.09,0.09,0.88,15.22,10.94,0.00,641
14.728,16.32,0.07,0.63,16.24,10.93,0.37,641
14.745,17.09,0.10,0.98,15.22,10.97,0.00,640
14.762,16.42,0.07,0.62,16.23,11.23,0.41,640
14.779,17.07,0.09,0.90,15.22,11.32,0.00,640
14.795,16.34,0.07,0.59,16.38,11.39,0.47,631
14.812,17.20,0.09,0.92,15.18,11.40,0.00,629
14.829,16.32,0.07,0.69,16.15,11.41,0.39,629
14.846,17.07,0.09,0.94,15.21,11.37,0.00,628
14.862,16.36,0.07,0.61,16.25,11.26,0.39,626
14.879,17.10,0.09,0.94,15.22,11.13,0.00,624
14.895,16.38,0.07,0.66,16.15,11.00,0.37,625
14.913,17.03,0.09,0.90,15.31,10.87,0.00,625
14.929,16.41,0.07,0.68,16.24,10.75,0.43,624
14.946,17.15,0.09,0.96,15.15,10.63,0.00,619
14.962,16.33,0.13,0.69,16.07,10.51,0.40,619
14.979,17.04,0.09,0.91,15.27,10.46,0.00,618
14.996,16.39,0.07,0.64,16.24,10.41,0.40,616
15.013,17.09,0.09,0.89,15.25,10.48,0.00,614
15.029,16.36,0.07,0.64,16.20,10.41,0.36,613
15.046,17.06,0.10,0.92,15.28,10.37,0.00,610
15.063,16.42,0.07,0.74,16.13,10.46,0.34,611
15.080,17.11,0.14,1.01,15.07,10.38,0.00,610
15.096,16.37,0.07,0.60,16.24,10.28,0.36,607
15.113,17.06,0.09,0.94,15.23,10.08,0.00,607
15.130,16.38,0.06,0.61,16.24,10.02,0.40,605
15.147,17.07,0.09,0.89,15.23,9.84,0.00,604
15.163,16.33,0.06,0.58,16.37,9.65,0.41,603
15.180,17.17,0.10,0.93,15.34,9.57,0.00,600
15.197,16.50,0.08,0.60,15.55,9.51,0.17,601
15.213,16.31,0.05,0.47,16.02,9.59,0.00,600
15.230,16.65,0.05,0.32,16.54,9.48,0.14,600
15.247,17.02,0.06,0.41,16.07,9.25,0.00,599
15.263,16.66,0.08,0.34,16.32,9.43,0.29,599
15.280,16.95,0.10,0.91,15.76,9.32,0.00,599
15.297,16.91,0.14,0.64,16.10,9.27,0.47,600
15.314,17.10,0.09,0.99,15.12,9.32,0.00,600
15.331,16.34,0.08,0.63,15.81,9.20,0.20,598
15.350,19.28,0.11,0.68,13.40,9.16,0.00,594
15.365,14.60,0.08,0.68,15.59,9.19,0.39,593
15.381,16.52,0.09,0.92,15.27,9.15,0.00,591
15.397,16.39,0.06,0.71,16.19,9.17,0.41,590
15.415,17.08,0.10,0.95,15.19,9.05,0.00,588
15.431,16.34,0.07,0.58,16.46,9.01,0.39,578
15.448,17.23,0.09,0.92,15.19,8.97,0.00,575
15.464,16.31,0.07,0.68,16.11,8.89,0.41,573
15.481,17.03,0.08,0.79,15.42,8.90,0.00,570
15.498,16.41,0.07,0.66,16.30,8.89,0.38,571
15.515,17.26,0.25,1.08,14.83,9.22,0.00,656
15.533,17.55,0.09,0.73,14.56,9.87,0.33,655
15.548,15.68,0.07,0.72,15.71,9.98,0.00,652
15.565,16.89,0.09,0.71,15.14,9.97,0.13,651
15.581,16.06,0.06,0.40,16.34,10.03,0.00,664
15.598,17.03,0.11,1.13,15.48,10.11,0.33,663
15.615,16.88,0.09,1.10,15.16,10.14,0.00,662
15.632,16.48,0.07,0.70,16.04,10.19,0.33,662
15.649,16.97,0.09,1.03,15.16,10.08,0.00,664
15.665,16.42,0.07,0.71,16.16,10.15,0.31,664
15.682,17.10,0.09,1.11,15.05,10.08,0.00,664
15.699,16.38,0.06,0.71,16.43,10.12,0.45,663
15.719,20.72,0.10,0.71,11.98,10.04,0.00,661
15.734,15.07,0.08,0.81,13.52,10.15,0.34,660
15.750,15.23,0.08,0.88,15.03,10.03,0.00,660
15.766,16.78,0.13,0.44,14.93,10.12,0.14,661
15.783,16.50,0.13,1.21,14.62,10.34,0.00,660
15.800,16.73,0.08,0.41,16.10,10.45,0.14,662
15.818,18.49,0.07,0.40,32.54,16.59,0.00,663
15.853,34.85,0.05,0.38,12.87,16.59,0.13,660
15.882,29.04,0.06,0.38,0.52,24.08,0.08,661
15.899,16.66,0.10,0.53,0.84,7.93,0.11,660
15.915,16.73,0.07,0.43,0.70,9.55,0.00,660
15.932,16.74,0.08,0.52,0.59,10.10,0.15,660
15.949,16.74,0.09,0.50,0.62,10.35,0.00,661
15.966,16.71,0.10,0.50,0.58,11.33,0.15,661
15.982,16.86,0.06,0.46,0.57,12.16,0.00,661
15.999,16.60,0.07,0.45,0.59,12.35,0.13,660
16.016,16.77,0.10,0.52,0.81,12.87,0.00,660
16.032,16.67,0.05,0.42,17.12,13.82,0.12,660
16.050,17.65,0.04,0.37,16.06,13.82,0.00,659
16.067,16.53,0.04,0.34,33.24,16.17,0.17,658
16.100,33.72,0.06,0.53,16.20,11.90,0.10,656
16.117,16.91,0.05,0.52,32.85,14.95,0.00,656
16.168,50.55,0.05,0.39,0.47,14.95,0.12,661
16.183,15.28,0.14,0.61,17.22,12.77,0.10,661
16.201,18.40,0.06,0.45,15.96,15.49,0.11,661
16.218,17.00,0.08,0.61,32.22,16.07,0.00,659
16.267,48.20,0.13,0.59,0.75,16.07,0.15,661
16.283,16.79,0.09,0.53,17.56,11.98,0.10,660
16.302,18.31,0.17,0.45,15.69,11.98,0.09,658
16.319,17.22,0.09,0.47,32.04,13.27,0.00,658
16.367,48.14,0.08,0.54,0.61,13.27,0.15,658
16.384,16.74,0.09,0.51,17.33,17.81,0.10,659
16.402,18.04,0.08,0.47,16.21,15.13,0.09,658
16.419,16.86,0.06,0.51,32.08,10.22,0.00,658
16.452,33.49,0.09,0.78,15.43,10.86,0.34,657
16.469,16.73,0.09,0.88,32.14,10.70,0.19,655
16.518,48.72,0.14,0.50,0.56,10.11,0.12,679
16.534,16.72,0.06,0.63,17.25,10.67,0.20,678
16.553,18.11,0.10,1.15,14.98,10.55,0.00,678
16.569,16.35,0.08,0.75,32.62,10.71,0.34,674
16.618,49.19,0.07,0.80,0.74,10.57,0.13,672
16.635,16.73,0.07,0.73,17.04,10.41,0.19,671
16.653,17.99,0.09,1.11,14.91,10.36,0.00,669
16.669,16.22,0.06,0.73,32.85,10.24,0.32,668
16.718,49.45,0.08,0.82,0.70,10.06,0.13,665
16.735,16.72,0.08,0.81,0.69,10.02,0.13,663
16.752,16.69,0.06,0.61,0.48,10.00,0.00,662
16.769,16.70,0.06,0.72,0.63,9.94,0.21,659
16.785,16.80,0.07,0.73,0.58,9.94,0.00,659
16.802,16.71,0.06,0.84,0.61,9.92,0.21,656
16.819,16.69,0.08,0.81,0.60,9.84,0.00,655
16.836,16.77,0.06,0.74,0.62,9.85,0.21,655
16.852,16.71,0.07,0.81,0.58,9.82,0.00,656
16.869,16.77,0.07,0.70,0.61,9.88,0.22,655
16.886,16.69,0.08,0.80,0.60,9.86,0.00,654
16.903,16.76,0.06,0.72,0.60,9.81,0.22,652
16.919,16.68,0.07,0.78,0.59,9.73,0.00,651
16.936,16.78,0.06,0.72,0.61,9.73,0.21,651
16.953,16.70,0.06,0.80,0.59,9.69,0.00,651
16.969,16.76,0.09,1.31,0.91,9.65,0.32,637
16.986,16.75,0.06,0.78,0.57,9.65,0.00,637
17.003,16.74,0.10,1.00,0.91,9.62,0.32,637
17.020,16.75,0.05,0.57,0.48,9.75,0.00,636
17.036,16.70,0.06,0.66,0.61,9.80,0.21,636
17.053,16.74,0.06,0.70,0.57,9.76,0.00,636
17.070,16.75,0.10,0.99,0.87,9.78,0.36,636
17.087,16.71,0.07,0.71,0.57,9.79,0.00,636
17.103,16.75,0.10,1.00,0.92,9.85,0.32,633
17.120,16.72,0.07,0.77,0.58,9.82,0.00,632
17.137,16.74,0.10,1.07,0.91,9.84,0.34,631
17.154,16.72,0.09,0.70,0.60,9.79,0.00,632
17.170,16.68,0.08,1.07,0.89,9.96,0.32,632
17.187,16.83,0.05,0.76,0.56,9.92,0.00,631
17.204,16.76,0.07,1.04,0.89,9.97,0.32,632
17.220,16.66,0.06,0.80,0.60,9.95,0.00,631
17.237,16.74,0.05,0.84,0.89,9.98,0.32,630
17.254,16.71,0.05,0.76,0.55,10.02,0.00,628
17.271,16.81,0.07,0.98,0.82,10.07,0.32,626
17.287,16.64,0.04,0.54,0.47,10.16,0.00,626
17.304,16.78,0.05,0.67,0.63,10.27,0.21,626
17.321,16.69,0.05,0.73,0.61,10.42,0.00,626
17.338,16.76,0.08,0.99,0.90,10.50,0.32,626
17.354,16.74,0.04,0.49,0.47,10.54,0.00,623
17.371,16.70,0.04,0.66,0.60,10.59,0.21,623
17.388,16.74,0.06,0.79,0.64,10.58,0.00,622
17.404,16.73,0.08,1.01,0.90,10.54,0.33,623
17.421,16.74,0.04,0.61,0.58,10.57,0.00,623
17.438,16.75,0.06,1.09,0.86,10.54,0.32,623
17.455,16.71,0.04,0.53,0.46,10.54,0.00,624
17.471,16.71,0.05,0.64,0.59,10.70,0.21,621
17.488,16.75,0.05,0.63,0.56,10.70,0.00,621
17.505,16.73,0.06,0.85,0.85,10.75,0.32,618
17.522,16.72,0.19,0.70,0.56,10.99,0.00,650
17.538,16.77,0.06,0.95,0.99,11.72,0.42,649
17.553,14.35,0.09,0.55,2.79,11.73,0.00,657
17.572,19.02,0.08,1.19,0.70,12.28,0.22,654
17.588,16.75,0.07,0.67,0.55,12.22,0.00,653
17.605,16.75,0.10,1.05,0.99,12.10,0.32,652
17.622,16.77,0.06,0.57,0.58,12.12,0.00,650
17.639,16.74,0.07,1.16,0.98,11.93,0.32,649
17.655,16.72,0.07,0.73,0.66,11.77,0.00,648
17.672,16.75,0.06,0.78,0.71,11.63,0.30,646
17.689,16.70,0.06,0.57,0.50,11.52,0.00,646
17.702,13.44,0.06,0.66,2.95,11.41,0.22,646
17.723,20.27,0.07,0.70,0.57,11.31,0.00,645
17.739,16.49,0.09,1.06,0.87,11.27,0.32,644
17.756,16.75,0.06,0.53,0.50,11.19,0.00,646
17.773,16.70,0.06,0.69,0.61,11.25,0.21,643
17.789,16.72,0.07,0.72,0.54,11.18,0.00,643
17.806,16.79,0.09,1.07,0.93,11.05,0.32,642
17.823,16.68,0.07,0.82,0.58,10.96,0.00,642
17.839,16.74,0.06,0.93,0.94,10.84,0.32,642
17.856,16.64,0.06,0.85,0.62,10.63,0.00,640
17.873,16.80,0.06,0.92,0.96,10.47,0.32,638
17.890,16.70,0.06,0.72,0.57,10.28,0.00,637
17.906,16.76,0.08,1.33,1.15,10.16,0.57,688
17.923,16.76,0.10,1.07,0.65,14.00,0.00,687
17.940,16.77,0.08,0.88,0.66,13.93,0.22,688
17.957,16.67,0.09,1.02,0.64,13.79,0.00,684
17.973,16.79,0.12,1.41,0.93,13.73,0.38,684
17.990,16.70,0.20,0.95,0.63,13.69,0.00,681
18.007,16.77,0.12,1.32,0.96,13.68,0.42,679
18.024,16.72,0.08,0.71,0.46,13.63,0.00,680
18.040,16.67,0.09,1.01,0.65,13.61,0.23,678
18.060,19.73,0.09,0.80,0.61,13.56,0.00,690
18.074,13.72,0.10,1.06,0.94,13.56,0.32,690
18.090,16.67,0.07,0.85,0.57,9.77,0.00,690
18.107,16.77,0.09,1.01,0.74,11.34,0.24,691
18.124,16.77,0.09,0.81,0.54,12.16,0.00,691
18.141,16.74,0.13,1.03,0.86,12.35,0.29,690
18.157,16.65,0.08,0.83,0.57,13.43,0.00,690
18.174,16.73,0.09,0.99,0.80,13.96,0.24,690
18.191,16.79,0.11,1.13,0.72,13.99,0.00,690
18.208,16.71,0.12,1.49,1.01,13.97,0.31,690
18.224,16.78,0.11,1.12,0.61,14.06,0.00,689
18.241,16.70,0.15,1.48,1.03,14.09,0.37,687
18.258,16.74,0.08,1.12,0.67,14.05,0.00,684
18.275,17.47,0.08,1.08,0.74,14.05,0.21,683
18.292,16.39,0.08,1.01,0.61,14.06,0.00,681
18.308,16.40,0.08,1.35,0.99,14.06,0.35,681
18.325,16.67,0.06,0.84,0.61,11.24,0.00,683
18.341,16.76,0.11,1.43,0.95,11.28,0.44,682
18.358,16.71,0.09,1.00,0.69,11.27,0.00,683
18.375,16.67,0.11,1.53,1.03,11.39,0.35,683
18.392,16.78,0.08,0.98,0.59,11.42,0.00,682
18.408,16.69,0.11,1.43,1.11,11.39,0.36,680
18.425,16.77,0.09,1.09,0.72,11.40,0.00,679
18.442,16.77,0.07,1.32,1.05,11.43,0.49,672
18.459,16.70,0.08,0.98,0.56,11.40,0.00,671
18.475,16.74,0.10,1.41,0.91,11.47,0.32,670
18.492,16.71,0.07,0.73,0.57,11.48,0.00,669
18.509,16.78,0.11,1.36,1.12,11.55,0.32,669
18.525,16.69,0.07,0.71,0.52,11.70,0.00,668
18.542,16.76,0.17,1.23,1.00,11.80,0.40,667
18.559,16.69,0.17,0.84,0.67,11.82,0.00,689
18.576,16.76,0.12,1.39,1.05,12.33,0.39,689
18.592,16.73,0.06,0.73,0.50,12.36,0.00,690
18.609,16.72,0.07,0.93,0.69,12.42,0.22,690
18.626,16.74,0.07,0.97,0.59,12.41,0.00,689
18.643,16.84,0.16,1.31,0.99,12.44,0.35,689
18.659,16.68,0.06,0.71,0.48,12.41,0.00,688
18.676,16.67,0.07,0.86,0.69,12.57,0.21,686
18.693,16.77,0.10,0.93,0.60,12.58,0.00,687
18.710,16.71,0.11,1.35,0.96,12.64,0.31,686
18.726,16.72,0.07,0.93,0.58,12.66,0.00,684
18.743,16.72,0.11,1.29,1.05,12.79,0.40,684
18.760,16.74,0.06,0.73,0.49,12.85,0.00,683
18.776,16.73,0.07,0.89,0.71,13.00,0.22,683
18.793,16.69,0.07,0.96,0.58,13.08,0.00,684
18.810,16.77,0.10,1.40,1.16,13.19,0.44,685
18.827,16.74,0.08,1.00,0.64,13.33,0.00,684
18.843,16.76,0.11,1.32,0.91,13.32,0.35,682
18.860,16.73,0.08,0.91,0.57,13.31,0.00,680
18.877,16.74,0.09,1.33,0.94,13.28,0.34,680
18.894,16.73,0.06,0.70,0.45,13.20,0.00,680
18.910,16.74,0.12,1.36,0.86,13.16,0.32,681
18.927,16.67,0.07,0.92,0.59,13.09,0.00,682
18.944,16.79,0.11,1.30,0.98,13.09,0.35,681
18.961,16.72,0.07,0.87,0.55,13.21,0.00,681
18.977,16.75,0.10,1.28,1.01,13.27,0.40,680
18.994,16.72,0.08,0.89,0.54,13.29,0.00,680
19.011,16.72,0.07,0.83,0.64,13.37,0.22,677
19.027,16.74,0.07,0.86,0.54,13.40,0.00,676
19.044,16.74,0.11,1.38,0.99,13.43,0.36,676
19.061,16.67,0.07,0.64,0.46,13.41,0.00,671
19.078,16.74,0.07,1.15,1.00,13.37,0.40,669
19.094,16.75,0.08,0.88,0.71,13.31,0.13,668
19.109,14.60,0.07,0.67,2.14,13.31,0.00,678
19.128,18.91,0.07,0.66,0.54,13.74,0.19,676
19.145,16.70,0.07,0.73,0.56,13.61,0.00,676
19.161,16.71,0.08,0.86,0.73,13.45,0.24,675
19.178,16.83,0.06,0.70,0.52,13.35,0.00,672
19.195,16.64,0.08,1.08,0.90,13.26,0.32,672
19.211,16.71,0.06,0.68,0.52,13.20,0.00,669
19.228,16.75,0.07,1.19,1.06,13.14,0.49,668
19.246,17.38,0.23,1.60,0.61,13.07,0.00,743
19.262,16.41,0.08,1.21,1.23,13.07,0.79,742
19.278,16.36,0.07,0.91,0.48,10.09,0.00,741
19.295,16.73,0.07,1.09,0.63,12.19,0.21,741
19.312,16.78,0.07,0.96,0.48,13.36,0.00,740
19.329,16.77,0.08,1.17,0.61,13.54,0.21,738
19.345,16.74,0.07,0.94,0.51,13.36,0.00,735
19.362,16.69,0.08,1.69,0.96,13.51,0.34,733
19.379,16.67,0.07,1.18,0.62,13.61,0.00,732
19.396,16.83,0.09,1.26,0.64,15.23,0.21,729
19.412,16.70,0.09,1.24,0.66,15.50,0.00,725
19.429,16.75,0.13,1.85,0.82,14.18,0.35,726
19.446,16.65,0.09,1.01,0.61,14.18,0.00,725
19.463,16.83,0.08,1.17,0.61,12.91,0.24,726
19.479,16.74,0.08,0.96,0.49,8.63,0.00,725
19.496,16.72,0.20,1.30,0.76,8.98,0.32,753
19.510,14.53,0.08,1.01,2.23,13.02,0.00,763
19.529,18.87,0.10,1.69,0.67,16.18,0.27,765
19.546,16.76,0.07,0.71,0.50,16.18,0.00,766
19.563,16.87,0.17,1.47,0.69,12.11,0.25,765
19.580,16.58,0.08,1.04,0.47,11.21,0.00,763
19.596,16.76,0.09,1.39,0.71,13.21,0.26,762
19.613,16.70,0.08,1.14,0.52,14.08,0.00,761
19.630,16.67,0.09,1.41,0.70,14.26,0.29,764
19.647,16.78,0.07,1.03,0.48,14.72,0.00,764
19.660,13.38,0.09,1.28,2.08,12.69,0.00,764
19.681,20.67,0.13,2.01,1.02,13.40,0.45,765
19.697,16.17,0.09,1.45,0.75,13.23,0.13,765
19.713,16.67,0.15,1.02,0.50,13.33,0.00,764
19.730,16.81,0.08,1.33,0.61,13.36,0.21,763
19.747,16.64,0.10,1.41,0.60,13.30,0.00,763
19.764,16.73,0.12,2.03,0.67,13.33,0.26,761
19.780,16.77,0.16,1.58,0.73,13.28,0.00,761
19.797,16.69,0.09,1.37,0.70,13.31,0.25,759
19.814,16.72,0.08,1.08,0.52,13.33,0.00,759
19.831,16.80,0.10,2.05,0.74,13.38,0.28,761
19.847,16.72,0.07,1.11,0.56,13.38,0.00,763
19.864,16.73,0.08,1.98,0.74,13.54,0.28,764
19.881,16.73,0.09,1.25,0.61,13.52,0.00,763
19.897,16.66,0.08,1.18,0.68,13.55,0.24,763
19.914,16.85,0.07,0.90,0.56,13.52,0.00,763
19.931,16.72,0.08,1.59,0.91,13.57,0.41,761
19.945,14.29,0.08,0.89,2.39,13.57,0.00,773
19.964,19.08,0.08,0.98,0.53,14.14,0.17,773
19.981,16.83,0.06,0.65,0.51,14.22,0.00,770
19.998,16.68,0.09,1.18,0.70,14.29,0.25,772
20.015,16.75,0.08,1.00,0.54,14.46,0.00,771
20.031,16.78,0.12,1.18,0.70,14.55,0.22,771
20.048,16.69,0.07,1.00,0.52,14.65,0.00,771
20.065,16.76,0.12,1.82,0.77,13.59,0.32,770
20.082,16.70,0.09,1.25,0.63,13.77,0.00,771
20.099,17.77,0.12,1.64,0.68,14.33,0.23,772
20.115,15.95,0.09,1.18,0.64,14.63,0.00,771
20.132,16.40,0.08,1.62,0.98,14.87,0.41,771
20.148,16.81,0.09,1.19,0.58,9.96,0.00,773
20.165,16.80,0.13,1.72,1.00,12.14,0.32,767
20.182,16.70,0.10,1.21,0.64,14.14,0.00,766
20.199,16.71,0.13,1.79,0.75,14.89,0.30,764
20.215,16.72,0.09,1.16,0.62,14.84,0.00,766
20.232,16.73,0.08,1.60,0.87,14.91,0.32,760
20.249,16.73,0.09,1.16,0.55,9.77,0.00,759
20.266,16.74,0.13,1.70,0.93,11.82,0.32,761
20.282,16.72,0.08,1.15,0.57,14.58,0.00,758
20.299,16.74,0.28,2.08,1.08,14.70,0.52,816
20.316,16.72,0.12,1.35,0.65,14.70,0.00,816
20.333,16.74,0.22,1.98,0.85,11.48,0.32,814
20.349,16.72,0.13,1.31,0.59,11.39,0.00,809
20.366,16.72,0.17,2.00,0.90,13.04,0.33,808
20.383,16.74,0.13,1.38,0.62,13.96,0.00,807
20.399,16.72,0.12,2.00,0.69,14.12,0.21,807
20.416,16.78,0.18,1.44,0.61,14.21,0.00,807
20.433,16.72,0.11,1.26,0.66,14.28,0.26,806
20.450,16.72,0.15,1.43,0.68,14.24,0.00,805
20.466,16.73,0.15,2.02,0.77,14.01,0.30,804
20.483,16.74,0.17,1.96,0.64,14.56,0.00,800
20.500,16.73,0.12,1.85,0.87,15.79,0.32,799
20.517,16.73,0.13,1.33,0.59,15.79,0.00,799
20.533,16.72,0.11,1.19,0.69,15.55,0.30,801
20.550,16.68,0.11,1.41,0.60,9.82,0.00,801
20.567,16.76,0.36,1.88,1.08,11.07,0.39,818
20.583,16.77,0.16,1.37,0.71,13.36,0.00,816
20.600,16.73,0.20,1.83,0.77,15.80,0.24,814
20.617,16.68,0.11,1.34,0.66,15.80,0.00,815
20.634,16.72,0.17,1.88,0.82,12.46,0.34,813
20.650,16.79,0.13,1.32,0.55,12.17,0.00,811
20.667,16.75,0.16,1.92,0.94,13.56,0.33,810
20.684,16.72,0.12,1.25,0.61,14.40,0.00,808
20.701,16.74,0.16,1.83,0.84,13.08,0.32,799
20.717,16.73,0.13,1.25,0.61,12.41,0.00,795
20.734,16.68,0.12,2.16,0.83,13.00,0.23,789
20.751,16.77,0.10,1.29,0.57,14.00,0.00,784
20.767,16.68,0.12,1.78,0.99,11.92,0.38,784
20.784,16.80,0.07,0.97,0.51,12.79,0.00,785
20.804,19.41,0.10,1.20,0.71,12.79,0.22,782
20.818,13.96,0.08,1.00,0.55,12.79,0.00,780
20.831,13.35,0.08,1.15,2.72,12.74,0.30,780
20.848,16.63,0.08,0.92,3.02,12.70,0.00,778
20.864,16.62,0.08,1.20,2.92,12.87,0.23,778
20.881,16.76,0.07,0.91,3.18,12.87,0.00,778
20.898,16.79,0.10,1.20,2.93,12.68,0.26,779
20.918,20.27,0.08,0.94,0.50,12.89,0.00,777
20.935,16.70,0.09,1.93,0.85,12.86,0.34,777
20.952,16.80,0.07,1.14,0.65,12.83,0.00,778
20.970,18.50,0.09,1.21,0.72,12.83,0.22,778
20.985,15.26,0.07,1.00,0.56,12.83,0.00,778
21.002,16.43,0.10,1.20,0.67,12.85,0.25,779
21.018,16.73,0.07,0.95,0.48,12.84,0.00,777
21.035,16.74,0.08,1.75,0.83,12.89,0.34,775
21.052,16.73,0.09,1.21,0.54,12.87,0.00,775
21.069,16.70,0.13,1.82,0.95,13.02,0.38,775
21.085,16.72,0.10,1.28,0.61,13.02,0.00,774
21.102,16.72,0.11,1.71,0.99,13.02,0.50,772
21.119,16.72,0.09,1.23,0.64,13.03,0.00,771
21.136,16.75,0.12,1.75,0.98,13.06,0.40,771
21.152,16.71,0.10,1.22,0.58,13.05,0.00,770
21.169,16.76,0.11,1.77,0.97,13.08,0.42,770
21.186,16.72,0.09,1.18,0.59,13.05,0.00,768
21.203,16.78,0.08,1.61,0.94,13.09,0.40,767
21.219,16.71,0.08,0.75,0.47,13.19,0.00,760
21.236,16.75,0.08,1.25,0.96,13.17,0.41,756
21.253,16.66,0.08,1.02,0.57,13.15,0.00,755
21.269,16.79,0.07,1.34,0.99,13.18,0.40,755
21.286,16.74,0.07,0.77,0.50,13.12,0.00,755
21.303,16.73,0.08,1.43,1.00,13.13,0.41,755
21.323,19.62,0.10,0.86,0.59,13.10,0.00,763
21.332,9.92,0.07,0.71,3.90,13.10,0.27,763
21.353,20.65,0.08,0.55,0.51,11.95,0.00,763
21.370,16.78,0.10,1.02,0.61,7.11,0.20,762
21.387,16.72,0.09,1.02,0.65,8.29,0.00,762
21.403,16.67,0.11,1.28,0.72,11.07,0.20,760
21.420,16.71,0.09,0.92,0.61,13.51,0.00,758
21.437,16.74,0.12,1.49,1.00,13.43,0.38,757
21.454,16.79,0.10,1.01,0.61,13.44,0.00,754
21.470,16.74,0.22,1.28,0.96,13.40,0.30,753
21.488,17.66,0.12,0.90,0.91,13.41,0.00,753
21.504,16.20,0.12,1.25,0.89,13.39,0.33,754
21.521,16.45,0.17,0.88,0.61,13.49,0.00,754
21.533,12.74,0.11,1.23,3.53,13.47,0.38,754
21.554,20.56,0.10,0.97,0.62,13.53,0.00,751
21.571,16.75,0.11,1.27,0.90,13.58,0.30,750
21.587,16.75,0.08,0.96,0.57,13.65,0.00,748
21.604,16.68,0.08,0.93,0.91,13.72,0.29,746
21.621,16.74,0.09,0.87,0.53,13.67,0.00,747
21.638,16.81,0.08,1.19,0.81,13.64,0.30,746
21.654,16.84,0.18,0.93,0.62,13.55,0.00,744
21.671,16.59,0.14,1.43,1.07,13.60,0.31,743
21.688,16.77,0.10,0.89,0.58,13.51,0.00,743
21.705,16.74,0.11,1.35,0.91,13.43,0.30,740
21.721,16.75,0.07,0.67,0.46,13.30,0.00,736
21.738,16.70,0.07,0.85,0.64,13.26,0.19,733
21.755,16.73,0.07,0.69,0.47,13.20,0.00,728
21.770,14.86,0.19,0.83,1.70,13.18,0.40,737
21.788,18.69,0.35,0.75,0.53,13.75,0.00,736
21.805,16.61,0.08,0.86,0.62,13.77,0.20,734
21.822,16.78,0.08,0.73,0.59,12.58,0.00,732
21.838,16.71,0.08,0.86,0.66,12.60,0.20,731
21.855,16.74,0.10,0.93,0.64,12.57,0.00,729
21.872,16.68,0.11,1.34,1.07,12.48,0.32,726
21.889,16.76,0.08,0.88,0.56,12.41,0.00,725
21.905,16.74,0.11,1.26,1.00,12.28,0.40,723
21.919,13.25,0.08,0.65,3.40,12.11,0.00,721
21.939,20.62,0.11,1.20,0.86,11.97,0.33,720
21.955,16.33,0.09,0.88,0.58,11.79,0.00,719
21.972,16.74,0.12,1.30,0.96,11.82,0.34,718
21.989,16.74,0.07,0.67,0.47,11.71,0.00,717
22.006,16.70,0.08,0.83,0.60,11.63,0.21,715
22.022,16.74,0.09,0.86,0.54,11.54,0.00,711
22.039,16.75,0.07,1.16,0.96,11.50,0.38,711
22.056,16.72,0.09,0.88,0.55,11.43,0.00,709
22.073,16.82,0.13,1.29,0.91,11.36,0.36,706
22.089,16.65,0.06,0.66,0.46,11.32,0.00,705
22.106,16.77,0.08,0.82,0.61,11.29,0.22,705
22.123,16.69,0.07,0.66,0.45,11.29,0.00,702
22.140,16.73,0.08,1.14,1.01,11.20,0.39,699
22.156,16.74,0.09,0.86,0.62,11.04,0.00,698
22.173,16.80,0.08,0.86,0.70,10.95,0.22,696
22.192,19.24,0.10,0.81,0.63,10.80,0.00,696
22.207,14.20,0.10,0.80,0.78,10.69,0.26,694
22.223,16.69,0.09,0.65,0.55,10.61,0.00,691
22.240,16.80,0.13,1.23,0.93,10.55,0.38,688
22.257,16.67,0.11,0.86,0.61,10.46,0.00,685
22.273,16.82,0.15,0.89,1.05,10.53,0.32,664
22.290,16.97,0.09,0.60,0.59,10.41,0.00,664
22.307,16.41,0.13,0.90,0.91,10.39,0.38,662
22.320,13.28,0.06,0.43,3.46,10.29,0.00,663
22.340,20.16,0.12,0.94,0.90,10.39,0.33,661
22.357,16.76,0.08,0.62,0.58,10.17,0.00,659
22.374,16.75,0.12,0.91,0.93,10.15,0.32,659
22.391,16.76,0.06,0.50,0.47,10.07,0.00,658
22.407,16.73,0.08,0.59,0.62,10.07,0.22,660
22.424,16.70,0.08,0.62,0.57,10.10,0.00,660
22.441,16.74,0.11,0.88,0.87,10.07,0.32,658
22.457,16.76,0.10,0.60,0.55,9.98,0.00,656
22.474,16.71,0.12,0.79,0.85,9.94,0.32,655
22.491,16.74,0.10,0.71,0.65,9.85,0.00,654
22.508,16.73,0.13,0.89,0.85,9.85,0.33,649
22.524,16.72,0.06,0.51,0.50,9.88,0.00,648
22.541,16.75,0.12,0.77,0.83,9.90,0.32,646
22.558,16.65,0.08,0.60,0.54,9.82,0.00,646
22.575,16.82,0.35,0.81,0.91,9.97,0.32,670
22.591,16.71,0.07,0.46,0.48,10.38,0.00,672
22.608,16.73,0.07,0.55,0.65,10.41,0.22,670
22.625,16.75,0.08,0.65,0.55,10.38,0.00,668
22.642,16.73,0.11,0.88,0.88,10.35,0.32,668
22.658,16.72,0.07,0.45,0.47,10.35,0.00,669
22.675,16.75,0.08,0.69,0.83,10.36,0.32,671
22.692,16.72,0.08,0.60,0.56,10.29,0.00,669
22.708,16.76,0.07,0.74,0.85,10.35,0.32,672
22.725,16.77,0.08,0.57,0.55,10.41,0.00,671
22.742,16.69,0.12,0.90,0.89,10.53,0.32,671
22.759,16.71,0.07,0.48,0.49,10.54,0.00,670
22.775,16.74,0.07,0.56,0.62,10.65,0.22,667
22.792,16.72,0.08,0.58,0.56,10.70,0.00,667
22.809,16.73,0.10,0.90,0.86,10.85,0.32,667
22.826,16.74,0.08,0.66,0.58,10.93,0.00,666
22.846,20.00,0.09,0.53,0.68,10.98,0.21,668
22.859,13.53,0.07,0.48,0.51,11.20,0.00,668
22.876,16.65,0.07,0.60,0.63,11.19,0.22,670
22.892,16.68,0.07,0.45,0.49,11.20,0.00,669
22.909,16.81,0.10,0.88,0.94,11.13,0.32,667
22.926,16.69,0.10,0.58,0.58,11.12,0.00,668
22.943,17.13,0.10,0.75,0.92,11.05,0.31,665
22.956,12.87,0.06,0.39,3.63,11.06,0.00,665
22.976,20.42,0.17,0.82,1.16,11.17,0.33,664
22.993,16.54,0.07,0.47,0.49,11.14,0.00,663
23.010,16.74,0.08,0.55,0.64,11.26,0.22,662
23.026,16.72,0.08,0.62,0.54,11.47,0.00,661
23.043,16.75,0.11,0.83,0.91,11.60,0.32,660
23.060,16.71,0.06,0.46,0.60,11.73,0.00,659
23.077,16.74,0.11,0.82,0.87,11.80,0.32,659
23.093,16.72,0.06,0.48,0.47,11.87,0.00,659
23.110,16.68,0.10,0.84,0.85,11.86,0.33,659
23.127,16.78,0.08,0.59,0.55,11.75,0.00,658
23.143,16.70,0.10,0.91,0.87,11.66,0.32,658
23.158,14.17,0.06,0.44,3.14,11.51,0.00,670
23.177,19.28,0.09,0.60,0.67,12.16,0.24,670
23.194,16.71,0.08,0.50,0.55,11.99,0.00,667
23.210,16.82,0.09,0.62,0.67,11.82,0.26,668
23.227,16.67,0.11,0.65,0.65,11.71,0.00,667
23.244,16.78,0.12,0.90,0.95,11.69,0.38,667
23.261,17.51,0.09,0.64,0.79,11.68,0.17,666
23.278,16.16,0.06,0.48,0.49,11.75,0.00,663
23.294,16.50,0.07,0.66,0.39,11.79,0.00,666
23.311,16.69,0.10,0.88,0.98,11.88,0.45,665
23.328,16.80,0.07,0.66,0.54,11.86,0.00,667
23.344,16.73,0.11,0.91,0.90,11.78,0.33,666
23.361,16.73,0.08,0.60,0.57,11.67,0.00,667
23.378,16.66,0.10,0.85,0.85,11.47,0.33,666
23.394,16.78,0.08,0.68,0.75,11.30,0.13,665
23.411,16.76,0.13,0.62,0.61,11.07,0.00,665
23.431,19.35,0.07,0.56,0.70,10.94,0.22,675
23.445,14.05,0.07,0.54,0.56,11.31,0.00,674
23.461,16.71,0.05,0.33,0.44,11.27,0.12,674
23.478,16.75,0.10,0.66,0.61,11.19,0.00,674
23.495,16.73,0.07,0.67,0.71,11.08,0.26,673
23.512,16.77,0.09,0.62,0.60,11.03,0.00,671
23.529,17.51,0.10,0.82,0.80,10.93,0.26,668
23.545,16.14,0.18,0.62,0.54,10.93,0.00,710
23.562,16.51,0.12,1.15,1.02,11.43,0.42,710
23.578,16.76,0.08,0.77,0.56,11.46,0.00,710
23.595,16.68,0.11,1.11,0.88,11.37,0.32,710
23.612,16.76,0.06,0.59,0.45,11.39,0.00,710
23.629,16.74,0.08,1.05,0.91,11.31,0.32,708
23.645,16.74,0.08,0.78,0.60,11.18,0.00,707
23.662,16.74,0.09,0.77,0.66,11.10,0.21,705
23.679,16.72,0.07,0.85,0.59,10.98,0.00,705
23.696,16.69,0.11,1.12,0.85,10.95,0.32,704
23.712,16.70,0.08,0.79,0.55,10.85,0.00,704
23.729,16.74,0.10,1.19,0.87,10.80,0.32,704
23.746,16.79,0.08,0.82,0.58,10.77,0.00,704
23.762,16.72,0.07,0.95,0.90,10.85,0.32,704
23.779,16.72,0.07,0.81,0.55,10.81,0.00,704
23.796,16.75,0.08,0.83,0.60,10.85,0.22,703
23.813,16.74,0.08,0.87,0.62,10.75,0.00,703
23.829,16.69,0.10,1.19,0.90,10.79,0.33,700
23.846,16.73,0.08,0.84,0.56,10.76,0.00,698
23.863,16.77,0.08,1.05,0.96,10.78,0.35,698
23.880,16.73,0.08,0.88,0.56,10.74,0.00,697
23.896,16.68,0.11,1.16,0.83,10.75,0.32,699
23.913,16.78,0.07,0.83,0.55,10.81,0.00,697
23.930,16.68,0.10,1.19,0.92,10.77,0.32,698
23.947,16.78,0.08,0.82,0.58,10.76,0.00,696
23.963,16.69,0.11,1.10,0.93,10.72,0.32,696
23.980,16.78,0.09,0.86,0.65,10.69,0.00,695
23.997,16.71,0.12,1.10,1.03,10.69,0.33,696
24.013,16.74,0.08,0.83,0.61,10.70,0.00,695
24.030,16.68,0.10,1.13,0.90,10.73,0.32,694
24.047,16.70,0.08,0.83,0.57,10.77,0.00,694
24.064,16.80,0.12,1.15,0.93,10.88,0.33,691
24.080,16.71,0.08,0.82,0.62,10.91,0.00,690
24.097,16.74,0.12,1.12,0.94,10.93,0.32,688
24.114,16.67,0.07,0.75,0.59,10.95,0.00,688
24.131,16.78,0.12,1.15,1.02,10.93,0.32,687
24.147,16.70,0.07,0.83,0.59,10.93,0.00,683
24.164,16.76,0.11,1.11,0.91,10.89,0.32,681
24.181,16.69,0.07,0.79,0.52,10.88,0.00,679
24.197,16.78,0.12,1.09,0.85,10.88,0.32,679
24.214,16.73,0.06,0.58,0.49,10.95,0.00,676
24.229,14.92,0.07,0.68,1.91,10.94,0.42,686
24.248,18.55,0.26,0.60,0.71,11.43,0.00,685
24.264,16.73,0.14,1.13,0.97,11.48,0.32,686
24.281,16.73,0.08,0.81,0.67,11.54,0.00,684
24.298,16.70,0.11,1.14,0.93,11.61,0.32,684
24.315,16.77,0.10,0.82,0.67,11.74,0.00,682
24.331,16.74,0.10,1.16,1.02,11.81,0.32,681
24.348,16.72,0.13,1.04,0.66,11.88,0.00,735
24.365,16.74,0.13,1.60,1.12,15.55,0.52,735
24.381,16.64,0.09,1.07,0.74,15.55,0.00,734
24.395,13.54,0.13,1.51,2.78,11.47,0.33,733
24.415,20.18,0.09,0.79,0.52,11.79,0.00,728
24.432,16.54,0.14,1.50,0.87,11.94,0.32,727
24.448,16.66,0.09,1.05,0.54,13.24,0.00,724
24.465,16.78,0.12,1.46,0.87,13.82,0.32,723
24.482,16.71,0.09,1.06,0.57,14.28,0.00,723
24.499,16.76,0.12,1.84,1.00,15.20,0.37,721
24.515,16.71,0.09,1.08,0.59,15.20,0.00,721
24.532,16.81,0.15,1.55,1.05,12.29,0.45,722
24.549,16.69,0.09,1.11,0.63,13.64,0.00,721
24.566,16.77,0.27,1.39,0.96,13.98,0.41,720
24.582,16.61,0.21,1.09,0.57,14.06,0.00,741
24.599,16.85,0.21,1.59,0.98,15.86,0.39,743
24.616,16.65,0.09,1.07,0.60,15.86,0.00,741
24.632,16.75,0.09,1.09,0.58,14.82,0.21,741
24.649,16.71,0.09,1.12,0.56,9.03,0.00,741
24.666,16.77,0.13,1.59,1.05,9.42,0.35,740
24.683,16.65,0.07,0.90,0.56,11.17,0.00,742
24.699,16.78,0.15,1.54,0.93,14.45,0.32,740
24.716,16.75,0.06,0.81,0.45,14.45,0.00,737
24.733,16.74,0.09,1.08,0.59,13.02,0.22,737
24.750,16.72,0.07,0.81,0.48,9.21,0.00,736
24.766,16.74,0.09,1.51,0.90,8.59,0.34,736
24.783,16.72,0.07,1.06,0.56,9.88,0.00,735
24.800,16.73,0.08,1.05,0.61,13.06,0.21,735
24.816,16.73,0.09,1.07,0.56,13.44,0.00,737
24.833,16.74,0.14,1.55,0.95,13.46,0.40,737
24.850,16.74,0.10,1.05,0.59,13.42,0.00,735
24.867,16.71,0.08,1.50,0.91,13.43,0.35,730
24.883,16.70,0.08,0.83,0.48,13.31,0.00,730
24.900,16.76,0.10,1.05,0.66,13.22,0.21,730
24.917,16.74,0.08,1.11,0.57,13.14,0.00,728
24.934,16.74,0.13,1.43,0.91,13.06,0.35,726
24.950,16.71,0.08,1.06,0.56,12.94,0.00,728
24.967,16.73,0.08,1.44,0.93,13.00,0.40,725
24.984,16.70,0.08,1.05,0.56,12.90,0.00,721
25.001,16.78,0.09,1.00,0.64,12.86,0.22,720
25.017,16.72,0.08,1.06,0.57,12.78,0.00,719
25.034,16.77,0.13,1.45,0.87,12.78,0.31,718
25.051,16.68,0.06,0.77,0.46,12.70,0.00,720
25.067,16.73,0.07,1.04,0.61,12.68,0.22,719
25.084,16.66,0.06,0.80,0.48,12.66,0.00,719
25.101,16.80,0.09,1.44,0.88,12.65,0.44,721
25.118,16.68,0.07,1.02,0.55,12.71,0.00,722
25.134,16.83,0.10,1.00,0.61,12.70,0.22,723
25.151,16.63,0.07,0.82,0.50,12.63,0.00,720
25.168,16.85,0.13,1.41,0.90,12.59,0.42,720
25.185,16.69,0.09,1.07,0.61,12.56,0.00,720
25.201,16.67,0.08,1.01,0.60,12.53,0.22,721
25.218,16.79,0.08,1.05,0.58,12.50,0.00,721
25.235,16.68,0.11,1.44,0.87,12.49,0.33,720
25.252,16.80,0.09,1.00,0.58,12.46,0.00,721
25.268,16.84,0.14,1.37,0.97,12.60,0.40,722
25.285,16.53,0.06,0.77,0.48,12.57,0.00,722
25.302,16.86,0.11,1.40,0.82,12.62,0.32,722
25.318,16.68,0.09,1.00,0.58,12.59,0.00,722
25.335,16.74,0.11,1.41,0.95,12.63,0.32,723
25.352,16.73,0.07,0.74,0.47,12.63,0.00,723
25.369,16.67,0.08,1.00,0.61,12.66,0.22,723
25.385,16.70,0.06,0.76,0.49,12.67,0.00,722
25.402,16.74,0.08,1.45,1.07,12.72,0.36,723
25.419,16.74,0.09,1.05,0.56,12.84,0.00,722
25.436,16.80,0.08,1.03,0.61,12.88,0.22,722
25.452,16.73,0.07,1.01,0.55,12.87,0.00,720
25.469,16.74,0.10,1.40,0.96,12.93,0.32,720
25.486,16.74,0.06,0.76,0.45,12.89,0.00,720
25.503,16.77,0.07,0.94,0.63,12.95,0.21,719
25.519,16.61,0.07,0.71,0.50,12.95,0.00,719
25.536,16.80,0.07,1.25,0.97,13.03,0.38,718
25.553,16.75,0.28,1.09,0.63,13.06,0.00,739
25.569,16.72,0.10,1.06,0.80,13.72,0.30,739
25.586,16.69,0.10,1.14,0.67,13.84,0.00,739
25.603,16.82,0.26,1.52,0.86,13.85,0.35,738
25.620,16.69,0.11,1.18,0.65,13.92,0.00,737
25.636,16.76,0.10,1.48,0.94,13.95,0.38,737
25.653,16.70,0.09,1.12,0.54,13.98,0.00,737
25.672,19.28,0.09,1.02,0.72,13.98,0.22,750
25.686,14.12,0.10,0.90,0.60,13.98,0.00,753
25.703,16.74,0.09,1.14,0.73,14.67,0.24,755
25.720,16.85,0.11,1.15,0.60,8.31,0.00,753
25.737,16.69,0.12,1.57,0.97,10.05,0.35,753
25.754,16.77,0.19,1.13,0.72,10.76,0.00,752
25.770,16.68,0.14,1.62,1.01,12.83,0.41,751
25.787,16.70,0.10,1.22,0.58,14.38,0.00,749
25.804,16.77,0.13,1.43,1.02,14.38,0.41,746
25.820,16.70,0.09,1.13,0.61,11.51,0.00,745
25.837,16.76,0.26,1.56,1.07,13.32,0.40,745
25.850,13.08,0.07,0.75,3.68,13.32,0.00,744
25.871,20.85,0.13,1.53,0.84,12.93,0.23,742
25.887,16.22,0.09,1.11,0.58,9.31,0.00,741
25.904,16.77,0.12,1.52,1.01,11.24,0.35,738
25.921,16.72,0.06,0.82,0.46,12.72,0.00,736
25.938,16.73,0.08,0.99,0.65,12.64,0.21,736
25.954,16.72,0.07,0.82,0.46,12.49,0.00,734
25.971,16.69,0.12,1.54,0.85,12.38,0.40,733
25.988,16.79,0.08,1.07,0.54,12.27,0.00,731
26.004,16.78,0.12,1.52,0.92,12.21,0.38,732
26.021,16.68,0.07,0.79,0.45,12.23,0.00,731
26.038,16.73,0.08,1.09,0.61,12.17,0.21,731
26.055,16.67,0.06,0.85,0.52,12.11,0.00,730
26.071,16.83,0.09,1.49,0.86,12.05,0.36,730
26.088,16.68,0.07,1.07,0.56,12.06,0.00,729
26.105,16.74,0.08,1.06,0.62,12.02,0.22,729
26.122,16.72,0.07,0.81,0.46,11.96,0.00,728
26.138,16.77,0.12,1.54,0.94,11.91,0.34,724
26.155,16.67,0.08,1.10,0.56,11.78,0.00,724
26.172,16.78,0.13,1.52,0.92,11.83,0.32,721
26.189,16.73,0.08,1.10,0.57,11.69,0.00,721
26.205,16.72,0.08,1.46,0.93,11.59,0.38,717
26.222,16.73,0.06,1.04,0.56,11.45,0.00,716
26.239,16.73,0.07,1.44,0.90,11.35,0.41,716
26.255,16.73,0.06,1.05,0.55,11.26,0.00,713
26.272,16.73,0.08,1.42,0.97,11.22,0.42,711
26.289,16.74,0.06,0.82,0.50,11.11,0.00,708
26.306,16.72,0.08,1.05,0.73,11.09,0.22,707
26.322,16.71,0.07,0.68,0.53,11.14,0.00,702
26.339,16.76,0.08,0.80,0.62,11.10,0.22,701
26.356,16.71,0.08,0.82,0.54,10.98,0.00,698
26.373,16.76,0.11,1.11,1.21,10.95,0.32,698
26.389,16.72,0.06,0.61,0.48,10.91,0.00,695
26.406,16.73,0.08,1.10,1.04,10.87,0.36,693
26.423,16.77,0.08,0.79,0.71,10.77,0.00,693
26.439,16.65,0.07,0.76,0.65,10.73,0.21,692
26.456,16.74,0.08,0.78,0.59,10.63,0.00,693
26.473,16.78,0.12,1.03,0.95,10.75,0.32,694
26.490,16.73,0.06,0.57,0.53,10.67,0.00,694
26.506,16.67,0.08,0.96,0.95,10.62,0.33,694
26.523,16.71,0.08,0.77,0.60,10.57,0.00,693
26.543,19.66,0.08,0.67,0.70,10.49,0.23,701
26.557,13.81,0.08,0.66,0.55,11.12,0.00,700
26.573,16.80,0.07,0.67,1.06,11.08,0.26,698
26.590,16.68,0.08,0.64,0.56,11.04,0.00,698
26.607,16.70,0.08,0.81,0.70,10.98,0.22,697
26.624,16.83,0.09,0.73,1.01,11.09,0.00,696
26.640,16.71,0.09,0.92,1.14,11.02,0.32,691
26.657,16.67,0.08,0.74,0.67,10.93,0.00,690
26.674,16.79,0.11,1.00,0.91,10.84,0.32,688
26.690,16.75,0.08,0.71,0.62,10.79,0.00,687
26.707,16.64,0.07,0.84,0.95,10.72,0.32,686
26.720,13.33,0.07,0.60,3.54,10.66,0.00,685
26.741,20.61,0.11,0.92,0.93,10.70,0.33,683
26.757,16.33,0.08,0.57,0.50,10.56,0.00,684
26.774,16.72,0.08,0.70,0.60,10.64,0.22,682
26.791,16.70,0.08,0.71,0.58,10.60,0.00,682
26.808,16.76,0.11,0.97,0.83,10.66,0.31,681
26.824,16.75,0.09,0.79,0.63,10.56,0.00,679
26.841,16.73,0.12,0.97,0.85,10.57,0.32,678
26.858,16.72,0.06,0.52,0.48,10.58,0.00,676
26.874,16.73,0.07,0.67,0.60,10.62,0.22,675
26.891,16.72,0.07,0.73,0.55,10.58,0.00,677
26.908,16.75,0.16,1.44,1.80,10.58,1.24,752
26.925,16.72,0.07,0.76,0.49,10.58,0.00,750
26.941,16.78,0.10,0.96,0.59,12.82,0.22,748
26.958,16.67,0.10,1.03,0.55,7.65,0.00,744
26.975,16.76,0.15,1.43,0.99,9.27,0.35,743
26.992,16.71,0.07,0.80,0.54,11.38,0.00,742
27.008,16.75,0.14,1.49,0.89,14.93,0.32,739
27.025,16.72,0.07,0.75,0.48,14.93,0.00,739
27.042,16.73,0.11,1.00,0.59,11.05,0.22,738
27.059,16.73,0.08,0.78,0.47,12.14,0.00,737
27.075,16.79,0.10,1.47,0.90,12.63,0.36,737
27.092,16.67,0.10,1.13,0.56,14.08,0.00,734
27.109,16.67,0.08,1.03,0.62,14.18,0.22,732
27.125,16.80,0.09,1.04,0.52,14.54,0.00,733
27.142,16.73,0.14,1.50,0.95,15.20,0.32,730
27.159,16.72,0.07,0.82,0.49,15.20,0.00,727
27.176,16.69,0.09,1.04,0.60,15.52,0.22,728
27.192,16.79,0.11,1.07,0.55,8.90,0.00,726
27.209,16.71,0.15,1.50,0.93,11.10,0.34,728
27.226,16.72,0.10,1.03,0.57,11.49,0.00,728
27.243,16.74,0.15,1.44,0.96,13.02,0.37,729
27.259,16.72,0.08,1.13,0.55,14.60,0.00,727
27.276,16.69,0.12,1.53,0.94,15.85,0.36,727
27.293,16.70,0.06,0.74,0.46,13.09,0.00,727
27.309,16.81,0.10,1.03,0.61,14.28,0.22,726
27.326,16.72,0.09,1.07,0.58,12.28,0.00,726
27.343,16.74,0.10,1.44,0.99,12.94,0.44,723
27.360,16.67,0.09,1.12,0.56,13.38,0.00,725
27.376,16.72,0.08,1.36,0.90,13.57,0.32,725
27.393,16.80,0.08,1.00,0.55,13.58,0.00,723
27.410,16.73,0.09,1.03,0.60,13.58,0.21,721
27.427,16.73,0.09,1.02,0.61,13.56,0.00,721
27.443,16.75,0.13,1.47,0.93,13.55,0.47,718
27.460,16.70,0.09,1.01,0.54,13.46,0.00,717
27.477,16.75,0.13,1.47,0.95,13.51,0.34,718
27.494,16.72,0.08,0.98,0.53,13.42,0.00,718
27.510,16.73,0.10,1.00,0.65,13.44,0.21,720
27.527,16.73,0.09,0.96,0.55,13.53,0.00,721
27.544,16.74,0.13,1.40,0.92,13.61,0.34,720
27.560,16.76,0.29,1.02,0.59,13.56,0.00,757
27.577,16.67,0.13,1.50,0.84,14.15,0.37,757
27.594,16.80,0.11,1.19,0.60,14.27,0.00,757
27.611,16.66,0.10,1.12,0.64,14.33,0.24,755
27.627,16.73,0.10,1.11,0.58,14.31,0.00,755
27.644,16.74,0.09,1.55,0.92,14.33,0.41,759
27.661,16.74,0.09,1.14,0.57,14.38,0.00,757
27.678,16.71,0.09,1.41,1.01,14.32,0.36,755
27.694,16.76,0.09,1.18,0.55,14.22,0.00,753
27.711,16.66,0.08,1.45,0.96,14.19,0.40,752
27.728,16.85,0.11,1.16,0.76,14.08,0.13,750
27.745,16.69,0.09,1.09,0.56,14.01,0.00,749
27.761,16.73,0.08,1.05,0.64,13.97,0.21,749
27.778,16.73,0.09,1.02,0.57,13.93,0.00,748
27.793,15.02,0.09,0.98,1.07,13.90,0.00,757
27.811,18.38,0.15,1.90,1.39,14.45,0.72,813
27.828,16.74,0.13,1.39,0.78,14.45,0.13,815
27.845,16.80,0.11,1.09,0.46,12.98,0.00,811
27.862,16.66,0.13,1.27,0.67,12.00,0.25,807
27.878,16.76,0.19,1.34,0.59,13.75,0.00,807
27.895,16.74,0.34,1.85,0.83,14.12,0.28,808
27.912,16.73,0.13,1.38,0.62,13.64,0.00,807
27.929,16.80,0.23,1.91,1.00,13.93,0.33,806
27.945,16.70,0.23,1.33,0.63,13.97,0.00,806
27.962,16.67,0.12,2.13,0.66,15.09,0.22,806
27.979,17.51,0.37,1.15,0.60,15.33,0.00,806
27.996,16.41,0.12,1.18,0.67,15.33,0.22,806
28.012,16.26,0.09,0.99,0.45,14.84,0.00,803
28.029,16.79,0.12,1.80,0.89,10.40,0.33,801
28.046,16.67,0.10,0.98,0.46,7.68,0.00,797
28.062,16.78,0.16,1.92,0.68,11.62,0.22,795
28.079,16.68,0.13,1.31,0.49,12.92,0.00,793
28.096,16.80,0.12,1.26,0.68,13.07,0.28,794
28.113,16.80,0.18,1.27,0.63,14.08,0.00,792
28.129,16.66,0.12,1.92,0.73,15.55,0.28,794
28.146,16.74,0.10,1.25,0.65,15.55,0.00,790
28.163,16.72,0.09,1.68,0.81,16.33,0.33,790
28.180,16.73,0.08,1.17,0.54,11.44,0.00,790
28.196,16.73,0.09,1.84,0.80,13.10,0.34,791
28.213,16.75,0.09,1.32,0.55,14.06,0.00,791
28.230,16.74,0.13,1.87,0.75,12.65,0.26,787
28.246,16.73,0.10,1.34,0.60,13.67,0.00,785
28.263,16.81,0.21,1.75,0.91,14.04,0.36,782
28.280,16.64,0.07,0.97,0.50,13.72,0.00,781
28.297,16.73,0.09,1.21,0.61,14.28,0.21,775
28.313,16.69,0.08,0.98,0.49,13.95,0.00,770
28.330,16.71,0.09,1.75,0.92,14.10,0.33,768
28.347,16.80,0.07,1.08,0.69,14.57,0.00,765
28.364,16.73,0.08,1.15,0.63,14.57,0.23,760
28.380,16.75,0.09,1.21,0.56,16.10,0.00,757
28.397,16.73,0.13,1.80,0.90,9.25,0.26,752
28.414,16.76,0.11,1.30,0.61,10.96,0.00,750
28.430,16.70,0.13,1.80,0.95,11.10,0.38,751
28.447,16.66,0.15,1.24,0.64,13.18,0.00,751
28.464,16.78,0.09,1.59,0.91,13.21,0.41,750
28.481,16.71,0.09,1.18,0.63,13.18,0.00,747
28.497,16.77,0.09,1.13,0.68,13.21,0.27,749
28.514,16.72,0.09,1.22,0.61,13.20,0.00,749
28.531,16.73,0.13,1.78,0.95,13.23,0.36,746
28.548,16.69,0.09,1.21,0.54,13.18,0.00,745
28.564,16.72,0.12,1.67,0.95,13.30,0.39,745
28.581,16.85,0.07,0.86,0.46,13.42,0.00,744
28.598,16.67,0.26,1.15,0.61,13.49,0.22,768
28.615,16.76,0.10,1.04,0.56,14.11,0.00,768
28.631,16.65,0.10,1.80,0.92,14.14,0.40,768
28.648,16.77,0.07,1.00,0.49,14.14,0.00,766
28.663,15.00,0.10,1.22,1.31,14.10,0.40,780
28.681,18.49,0.11,1.36,0.55,14.66,0.00,778
28.698,16.68,0.10,1.32,0.69,14.58,0.22,777
28.715,16.69,0.09,1.06,0.55,14.63,0.00,776
28.732,16.79,0.10,1.25,0.73,14.54,0.24,774
28.748,16.69,0.11,1.43,0.61,14.45,0.00,776
28.765,16.78,0.09,1.29,0.68,14.44,0.24,778
28.782,16.68,0.09,1.36,0.67,14.42,0.00,777
28.799,16.81,0.09,1.92,0.81,14.40,0.23,776
28.818,19.83,0.10,1.03,0.59,14.39,0.00,784
28.832,13.74,0.11,1.22,0.71,14.39,0.22,785
28.849,16.54,0.10,1.03,0.54,12.06,0.00,788
28.865,16.75,0.09,1.27,0.62,8.05,0.21,787
28.882,16.70,0.08,0.83,0.52,10.66,0.00,787
28.899,16.79,0.10,1.10,0.68,11.14,0.22,786
28.912,13.20,0.08,0.80,3.13,13.37,0.00,786
28.933,20.40,0.18,1.02,0.68,14.80,0.22,786
28.949,16.60,0.07,0.91,0.49,14.48,0.00,782
28.966,16.73,0.09,1.47,0.89,14.39,0.37,782
28.983,16.74,0.09,1.18,0.59,14.25,0.00,781
28.999,16.72,0.11,1.08,0.59,14.18,0.21,782
29.016,16.71,0.09,1.10,0.55,14.20,0.00,782
29.033,16.72,0.13,1.51,0.89,14.15,0.32,777
29.049,16.69,0.09,1.15,0.56,14.06,0.00,773
29.066,16.74,0.10,1.59,1.02,14.00,0.35,770
29.083,16.78,0.08,0.91,0.48,13.99,0.00,770
29.100,16.73,0.10,1.51,0.86,13.93,0.36,770
29.116,16.69,0.09,1.13,0.57,13.85,0.00,769
29.133,16.69,0.08,1.06,0.60,13.79,0.22,766
29.150,16.76,0.09,1.13,0.57,13.67,0.00,765
29.167,16.77,0.13,1.54,0.89,13.73,0.32,762
29.183,16.79,0.10,1.02,0.54,13.60,0.00,762
29.200,16.67,0.12,1.49,0.89,13.52,0.32,758
29.217,16.72,0.09,1.09,0.55,13.38,0.00,755
29.234,16.76,0.16,1.51,1.06,13.34,0.38,751
29.250,16.66,0.07,0.81,0.45,13.23,0.00,744
29.267,16.87,0.09,1.55,0.91,13.18,0.33,742
29.284,16.65,0.07,0.94,0.53,13.09,0.00,737
29.300,16.74,0.08,1.48,0.95,12.99,0.38,731
29.317,16.73,0.09,1.06,0.55,13.07,0.00,730
29.334,16.75,0.12,1.46,0.94,11.60,0.35,728
29.351,16.72,0.06,0.79,0.45,11.53,0.00,726
29.367,16.74,0.09,1.01,0.60,11.49,0.21,725
29.384,16.68,0.09,1.01,0.57,11.41,0.00,723
29.401,16.77,0.12,1.45,0.95,11.37,0.35,723
29.418,16.71,0.09,0.98,0.55,11.29,0.00,723
29.434,16.73,0.13,1.40,0.95,11.26,0.34,721
29.451,16.70,0.09,1.00,0.56,11.16,0.00,722
29.468,16.79,0.09,0.98,0.67,11.26,0.22,722
29.484,16.73,0.09,1.01,0.57,11.19,0.00,723
29.501,16.74,0.11,1.48,0.96,11.15,0.34,720
29.518,16.67,0.08,1.03,0.55,11.09,0.00,720
29.535,16.80,0.11,1.34,0.91,11.07,0.32,719
29.551,16.72,0.07,0.72,0.50,10.99,0.00,717
29.568,16.73,0.13,1.30,0.98,10.95,0.37,716
29.585,16.73,0.08,0.93,0.55,10.95,0.00,714
29.602,16.73,0.21,1.74,0.89,10.93,0.41,768
29.618,16.73,0.10,0.94,0.53,10.93,0.00,768
29.635,16.74,0.11,1.64,0.87,11.42,0.36,767
29.652,16.76,0.11,0.92,0.54,11.74,0.00,763
29.669,16.69,0.10,1.60,0.88,11.62,0.38,763
29.685,16.73,0.08,1.00,0.59,12.75,0.00,760
29.702,16.66,0.09,1.58,0.92,13.96,0.35,748
29.719,16.78,0.10,1.22,0.67,14.77,0.00,746
29.733,14.62,0.10,1.17,2.27,12.65,0.23,754
29.752,18.87,0.36,0.95,0.48,14.34,0.00,753
29.769,16.68,0.12,1.24,0.71,14.56,0.22,748
29.786,16.76,0.13,1.02,0.62,14.38,0.00,723
29.802,16.76,0.24,1.41,0.85,14.18,0.25,721
29.819,16.70,0.15,1.03,0.62,14.09,0.00,721
29.836,16.76,0.15,1.50,0.98,14.98,0.38,724
29.853,16.72,0.10,0.91,0.61,14.98,0.00,726
29.869,16.72,0.13,1.39,0.99,14.13,0.32,727
29.886,16.78,0.12,1.01,0.57,8.73,0.00,727
29.903,16.72,0.20,1.34,1.07,9.89,0.32,730
29.916,13.30,0.09,0.69,3.27,12.32,0.00,731
29.936,20.41,0.14,1.47,0.90,15.48,0.33,731
29.953,16.43,0.10,0.92,0.59,15.48,0.00,734
29.970,16.77,0.10,0.92,0.61,12.29,0.21,735
29.986,16.72,0.10,0.94,0.58,8.32,0.00,735
30.003,16.77,0.24,1.30,1.02,10.82,0.39,737
30.020,16.64,0.09,0.80,0.56,9.42,0.00,729
30.037,16.79,0.10,1.31,1.02,11.94,0.40,732
30.053,16.68,0.08,0.99,0.58,12.72,0.00,734
30.070,16.80,0.13,1.38,0.98,12.88,0.39,734
30.087,16.68,0.10,0.95,0.59,12.86,0.00,735
30.104,16.77,0.14,1.34,1.00,12.87,0.32,735
30.120,16.67,0.08,0.77,0.48,12.85,0.00,734
30.137,16.78,0.09,0.94,0.59,12.88,0.22,736
30.154,16.73,0.08,0.75,0.47,12.83,0.00,737
30.170,16.73,0.11,1.33,0.93,12.86,0.36,738
30.187,16.80,0.16,0.88,0.56,12.81,0.00,738
30.204,16.66,0.09,0.92,0.58,12.84,0.22,739
30.221,16.70,0.09,0.96,0.55,12.92,0.00,739
30.237,16.78,0.14,1.37,0.92,12.92,0.36,739
30.254,16.73,0.10,0.95,0.57,12.87,0.00,739
30.271,16.78,0.13,1.30,0.95,12.84,0.32,740
30.288,16.67,0.07,0.70,0.46,12.85,0.00,744
30.304,16.69,0.09,0.94,0.63,12.82,0.22,740
30.321,16.77,0.09,0.97,0.59,12.75,0.00,738
30.338,16.74,0.12,1.30,0.96,12.76,0.32,736
30.354,16.73,0.09,0.96,0.54,12.69,0.00,737
30.371,16.74,0.12,1.26,0.84,12.82,0.31,737
30.388,16.72,0.09,1.00,0.56,12.75,0.00,737
30.405,16.73,0.12,1.28,0.82,12.71,0.32,735
30.421,16.67,0.10,0.86,0.55,12.65,0.00,737
30.438,16.80,0.12,1.29,0.92,12.63,0.32,738
30.455,16.65,0.08,0.70,0.44,12.56,0.00,736
30.472,16.80,0.08,1.23,0.95,12.57,0.34,738
30.488,16.73,0.09,0.88,0.56,12.50,0.00,739
30.505,16.79,0.09,0.86,0.65,12.47,0.21,742
30.522,16.67,0.09,0.92,0.56,12.55,0.00,744
30.539,16.74,0.12,1.26,0.87,12.55,0.32,745
30.555,16.73,0.09,0.92,0.57,12.47,0.00,743
30.572,16.74,0.12,1.15,0.92,12.41,0.32,742
30.589,16.72,0.09,0.88,0.56,12.45,0.00,744
30.605,16.78,0.34,1.22,0.96,12.42,0.37,769
30.622,16.60,0.08,0.67,0.48,12.87,0.00,771
30.639,16.81,0.08,1.19,0.88,12.88,0.32,771
30.656,16.71,0.12,0.92,0.62,12.80,0.00,773
30.672,16.79,0.11,0.93,0.67,12.83,0.23,773
30.689,16.73,0.10,0.94,0.57,12.84,0.00,773
30.706,16.72,0.12,1.28,1.02,12.80,0.32,774
30.723,16.70,0.09,0.90,0.55,12.76,0.00,775
30.739,16.74,0.12,1.28,0.87,12.77,0.32,774
30.756,16.78,0.07,0.65,0.45,12.72,0.00,774
30.773,16.72,0.08,0.86,0.66,12.74,0.22,776
30.789,16.67,0.09,0.88,0.54,12.71,0.00,775
30.805,15.42,0.09,0.92,0.88,12.71,0.22,785
30.823,18.08,0.18,0.98,0.58,13.37,0.00,784
30.840,16.65,0.12,0.98,0.70,13.38,0.23,785
30.856,16.78,0.08,0.73,0.56,13.36,0.00,784
30.873,16.72,0.09,1.00,0.66,13.36,0.21,784
30.890,16.69,0.11,1.04,0.65,13.35,0.00,782
30.907,16.75,0.12,1.34,0.88,13.30,0.32,780
30.920,13.34,0.09,0.66,3.12,13.28,0.00,779
30.940,20.44,0.09,0.86,0.67,13.40,0.21,778
30.957,16.43,0.08,0.68,0.48,13.27,0.00,776
30.973,16.73,0.08,0.99,0.88,13.36,0.32,776
30.990,16.67,0.11,0.97,0.61,13.35,0.00,775
31.007,16.79,0.08,0.89,0.61,13.29,0.22,766
31.024,16.70,0.09,0.91,0.55,13.27,0.00,762
31.040,16.73,0.08,0.89,0.64,13.26,0.21,757
31.057,16.76,0.08,0.68,0.50,13.23,0.00,752
31.074,16.77,0.09,0.85,0.64,13.16,0.22,748
31.091,16.71,0.10,0.92,0.58,13.18,0.00,745
31.107,16.66,0.13,1.27,0.96,13.17,0.32,742
31.124,16.78,0.07,0.63,0.46,11.90,0.00,743
31.141,16.73,0.12,1.25,0.87,11.93,0.32,742
31.158,16.75,0.10,0.83,0.54,11.87,0.00,741
31.174,16.68,0.12,1.24,0.89,11.86,0.32,737
31.191,16.83,0.08,0.64,0.46,11.84,0.00,737
31.208,16.66,0.08,0.85,0.62,11.83,0.22,735
31.224,16.72,0.09,0.89,0.56,11.78,0.00,733
31.241,16.78,0.12,1.23,0.87,11.76,0.32,732
31.258,16.73,0.09,0.87,0.55,11.75,0.00,733
31.275,16.74,0.12,1.26,0.94,11.86,0.32,732
31.291,16.72,0.08,0.67,0.48,11.89,0.00,731
31.308,16.68,0.10,0.88,0.65,11.91,0.23,728
31.325,16.74,0.09,0.92,0.61,11.89,0.00,724
31.342,16.72,0.12,1.25,0.86,11.99,0.32,723
31.358,16.84,0.07,0.61,0.46,11.99,0.00,721
31.375,16.68,0.09,0.80,0.61,12.03,0.21,723
31.392,16.73,0.09,0.90,0.57,12.02,0.00,722
31.408,16.72,0.08,1.23,1.01,12.04,0.47,720
31.425,16.74,0.09,0.85,0.59,12.10,0.00,715
31.442,16.76,0.12,1.35,0.92,12.03,0.34,711
31.459,16.68,0.10,0.86,0.59,11.99,0.00,708
31.475,16.83,0.12,1.15,0.95,11.90,0.44,708
31.492,16.61,0.10,0.88,0.58,11.89,0.00,702
31.509,16.77,0.08,1.16,0.92,11.86,0.37,702
31.526,16.75,0.09,0.85,0.56,11.85,0.00,697
31.542,16.70,0.12,1.24,0.97,11.86,0.33,694
31.559,16.69,0.09,0.68,0.56,11.84,0.00,692
31.576,16.75,0.13,0.88,0.92,11.96,0.32,666
31.593,16.87,0.10,0.64,0.58,11.95,0.00,666
31.609,16.64,0.09,0.85,1.01,12.18,0.41,664
31.626,16.74,0.09,0.68,0.56,12.25,0.00,663
31.643,16.76,0.12,0.97,0.85,12.23,0.32,664
31.659,16.72,0.09,0.62,0.56,12.21,0.00,666
31.676,16.78,0.13,1.05,0.89,12.15,0.34,665
31.693,16.69,0.09,0.55,0.53,12.00,0.00,664
31.710,16.70,0.08,0.65,0.61,11.85,0.23,662
31.726,16.74,0.09,0.72,0.59,11.80,0.00,662
31.743,16.76,0.11,0.99,0.86,11.67,0.32,659
31.760,16.72,0.09,0.62,0.56,11.57,0.00,656
31.777,16.74,0.08,0.81,0.99,11.49,0.32,653
31.793,16.72,0.07,0.48,0.51,11.47,0.00,651
31.810,16.68,0.12,0.92,0.89,11.44,0.34,646
31.827,16.78,0.09,0.64,0.60,11.46,0.00,641
31.844,16.75,0.11,0.98,0.88,11.49,0.32,638
31.860,16.72,0.09,0.61,0.54,11.53,0.00,636
31.877,16.66,0.13,0.90,0.92,11.63,0.32,634
31.894,16.72,0.09,0.63,0.56,11.62,0.00,633
31.910,16.79,0.08,0.82,0.98,11.54,0.38,631
31.927,16.75,0.09,0.65,0.56,11.46,0.00,630
31.940,12.88,0.11,0.92,3.86,11.32,0.42,630
31.964,23.46,0.10,0.69,0.83,11.34,0.13,638
31.973,9.90,0.06,0.37,4.00,11.54,0.00,635
31.994,20.59,0.06,0.34,0.33,11.55,0.00,630
32.011,16.74,0.05,0.47,1.06,11.47,0.45,627
32.028,16.79,0.08,0.66,0.61,11.40,0.00,626
32.044,16.68,0.09,0.74,0.69,11.31,0.24,623
32.061,16.75,0.09,0.72,0.64,11.28,0.00,617
32.078,16.77,0.13,0.92,0.87,11.21,0.33,616
32.095,16.76,0.10,0.68,0.72,11.20,0.14,614
32.111,16.71,0.08,0.68,0.55,11.15,0.00,614
32.128,16.76,0.18,0.95,0.94,11.12,0.32,612
32.145,16.73,0.10,0.72,0.57,11.05,0.00,613
32.161,16.74,0.11,1.01,1.03,11.11,0.32,613
32.178,16.68,0.07,0.48,0.48,11.04,0.00,612
32.195,16.76,0.08,0.88,1.00,10.95,0.35,610
32.212,16.66,0.09,0.68,0.63,10.88,0.00,608
32.228,16.78,0.11,0.93,0.96,10.80,0.32,607
32.245,16.76,0.10,0.68,0.54,10.75,0.00,604
32.262,16.76,0.19,0.86,0.91,10.69,0.32,604
32.279,16.67,0.09,0.65,0.56,10.65,0.00,602
32.295,16.79,0.18,0.92,0.88,10.61,0.32,602
32.313,17.38,0.10,0.62,0.84,10.67,0.00,600
32.329,16.19,0.14,0.87,0.94,10.70,0.32,599
32.345,16.57,0.08,0.67,0.59,10.67,0.00,596
32.362,16.74,0.12,0.90,0.83,10.64,0.32,596
32.379,16.76,0.07,0.48,0.46,10.65,0.00,594
32.396,16.68,0.07,0.65,0.62,10.67,0.22,593
32.412,16.68,0.09,0.64,0.60,10.59,0.00,593
32.432,20.04,0.09,0.58,0.72,10.62,0.22,600
32.446,13.44,0.07,0.52,0.52,11.13,0.00,598
32.463,16.73,0.06,0.36,0.45,11.18,0.12,596
32.479,16.75,0.09,0.71,0.64,11.16,0.00,596
32.496,16.70,0.11,1.01,0.93,11.07,0.31,594
32.513,16.77,0.09,1.04,0.66,11.03,0.00,594
32.530,16.79,0.10,0.66,1.01,11.01,0.38,589
32.546,16.66,0.08,0.70,0.60,11.00,0.00,589
32.563,16.75,0.31,1.04,1.07,11.00,0.44,620
32.576,13.17,0.07,0.47,3.64,11.59,0.00,620
32.597,20.73,0.13,0.97,1.01,11.86,0.41,619
32.613,16.29,0.27,0.77,0.55,11.74,0.00,679
32.630,16.81,0.16,1.01,0.83,12.33,0.32,679
32.647,16.59,0.08,0.58,0.51,12.33,0.00,676
32.663,16.79,0.09,0.83,0.64,12.32,0.22,675
32.680,16.74,0.07,0.61,0.48,12.33,0.00,676
32.697,16.72,0.09,1.10,0.94,12.33,0.33,675
32.713,16.69,0.10,0.85,0.64,12.28,0.00,674
32.730,16.85,0.09,0.69,0.66,12.23,0.22,674
32.747,16.65,0.09,0.82,0.56,12.20,0.00,672
32.764,16.73,0.12,1.12,0.94,12.31,0.32,671
32.780,16.75,0.09,0.78,0.55,12.28,0.00,671
32.797,16.74,0.13,1.10,0.82,12.31,0.32,667
32.814,16.72,0.09,0.84,0.60,12.30,0.00,667
32.831,16.74,0.13,1.08,0.94,12.36,0.32,666
32.847,16.74,0.10,0.76,0.54,12.42,0.00,666
32.864,16.72,0.13,1.08,0.97,12.53,0.32,665
32.881,16.76,0.07,0.59,0.46,12.56,0.00,666
32.898,16.68,0.15,0.96,0.79,12.60,0.39,718
32.914,16.74,0.13,1.02,0.72,12.60,0.00,716
32.931,16.74,0.17,1.59,0.83,14.94,0.34,715
32.948,16.71,0.09,0.96,0.57,10.72,0.00,712
32.964,16.76,0.25,1.45,0.99,10.91,0.39,711
32.981,16.74,0.10,0.78,0.48,12.60,0.00,712
32.998,16.69,0.12,1.01,0.63,15.53,0.23,712
33.015,16.66,0.10,0.80,0.47,15.53,0.00,712
33.031,16.80,0.11,1.54,0.88,11.24,0.33,711
33.048,16.73,0.10,0.96,0.53,11.23,0.00,710
33.065,16.75,0.10,1.49,0.88,13.20,0.35,710
33.082,16.76,0.12,1.11,0.52,14.15,0.00,710
33.098,16.78,0.27,1.47,0.90,14.40,0.35,707
33.115,16.67,0.08,0.79,0.42,14.40,0.00,704
33.132,16.70,0.09,0.98,0.64,11.22,0.22,702
33.149,16.74,0.12,1.08,0.55,13.06,0.00,703
33.165,16.74,0.23,1.50,0.88,13.33,0.33,704
33.182,16.72,0.10,1.06,0.54,13.02,0.00,704
33.199,16.72,0.10,1.42,0.93,13.63,0.36,704
33.215,16.73,0.08,1.06,0.58,14.43,0.00,703
33.232,16.75,0.16,1.02,0.67,15.57,0.24,703
33.249,16.73,0.12,1.07,0.72,15.48,0.00,701
33.266,16.82,0.24,1.56,0.79,15.41,0.30,698
33.282,16.64,0.11,1.05,0.58,12.54,0.00,700
33.299,16.67,0.13,1.56,1.02,13.74,0.41,699
33.316,16.78,0.08,0.92,0.56,11.87,0.00,698
33.333,16.75,0.13,1.50,0.93,12.50,0.37,696
33.349,16.73,0.10,1.02,0.61,12.45,0.00,696
33.366,16.65,0.09,0.98,0.71,12.59,0.21,696
33.383,16.81,0.10,1.01,0.59,12.56,0.00,694
33.400,16.76,0.22,1.43,0.96,12.54,0.44,692
33.416,16.70,0.10,1.07,0.68,12.50,0.00,690
33.433,16.73,0.10,1.49,1.08,12.48,0.40,689
33.450,16.73,0.08,0.75,0.49,12.44,0.00,687
33.466,16.75,0.14,1.47,0.84,12.42,0.32,687
33.483,16.73,0.10,0.98,0.57,12.37,0.00,682
33.500,16.80,0.20,1.36,1.08,12.35,0.44,682
33.517,16.65,0.10,1.01,0.55,12.44,0.00,679
33.533,16.74,0.08,0.91,0.64,12.47,0.22,679
33.550,16.66,0.09,0.80,0.52,12.44,0.00,678
33.567,16.82,0.32,1.36,0.97,12.48,0.38,676
33.583,16.66,0.23,1.17,0.69,12.47,0.00,742
33.600,16.72,0.09,1.30,1.10,13.20,0.47,741
33.617,16.79,0.09,1.01,0.60,13.19,0.00,741
33.634,16.73,0.09,1.51,0.92,13.22,0.37,741
33.650,16.76,0.11,1.16,0.58,13.19,0.00,739
33.667,16.70,0.10,1.08,0.65,13.36,0.21,739
33.684,16.74,0.10,1.10,0.60,13.33,0.00,738
33.701,16.74,0.12,1.66,0.87,13.35,0.40,736
33.715,14.52,0.11,0.89,2.51,13.30,0.00,745
33.734,18.89,0.12,1.27,0.74,13.91,0.23,745
33.751,16.71,0.09,0.90,0.52,13.87,0.00,745
33.768,16.72,0.10,1.19,0.66,13.82,0.24,745
33.784,16.73,0.08,0.93,0.55,13.80,0.00,744
33.801,16.74,0.11,1.27,0.65,13.75,0.20,743
33.818,16.74,0.08,0.89,0.50,13.89,0.00,741
33.835,16.83,0.23,1.78,0.84,13.85,0.21,741
33.851,16.69,0.10,1.17,0.60,13.81,0.00,740
33.868,16.71,0.15,1.64,0.70,13.77,0.21,741
33.885,16.82,0.12,1.29,0.68,13.75,0.00,741
33.901,16.67,0.21,1.67,1.01,13.72,0.38,740
33.918,16.71,0.10,1.22,0.65,13.68,0.00,738
33.936,17.89,0.15,1.79,0.65,13.67,0.20,737
33.952,15.91,0.09,0.85,0.63,13.63,0.00,736
33.968,16.40,0.10,1.08,0.64,13.77,0.20,734
33.985,16.74,0.08,0.83,0.47,11.31,0.00,733
34.002,16.73,0.10,1.67,0.77,12.73,0.29,733
34.019,16.71,0.08,1.09,0.61,13.66,0.00,731
34.035,16.73,0.08,1.09,0.58,13.70,0.19,731
34.052,16.68,0.08,0.84,0.49,13.62,0.00,729
34.069,16.81,0.09,1.58,0.84,13.59,0.33,728
34.086,16.78,0.17,1.06,0.54,13.61,0.00,728
34.102,16.59,0.09,1.10,0.58,13.60,0.20,729
34.119,16.81,0.10,1.15,0.60,13.68,0.00,727
34.136,16.68,0.13,1.64,0.88,13.74,0.34,729
34.152,16.79,0.10,1.15,0.53,13.69,0.00,728
34.169,16.67,0.13,1.78,0.83,13.71,0.36,728
34.186,16.79,0.11,1.22,0.63,13.71,0.00,729
34.203,16.76,0.21,1.61,1.00,13.71,0.39,729
34.219,16.67,0.07,0.86,0.46,13.67,0.00,729
34.236,16.76,0.09,1.06,0.64,13.70,0.19,729
34.253,16.74,0.11,1.08,0.57,13.67,0.00,726
34.270,16.81,0.20,1.58,0.92,13.85,0.37,725
34.286,16.64,0.08,0.93,0.47,13.82,0.00,724
34.303,16.73,0.09,1.06,0.59,13.78,0.19,724
34.320,16.75,0.08,0.84,0.47,13.75,0.00,723
34.336,16.75,0.08,1.05,0.60,13.75,0.19,720
34.353,16.76,0.08,0.82,0.48,13.66,0.00,715
34.370,16.68,0.09,1.60,0.88,13.64,0.30,715
34.387,16.80,0.12,1.13,0.64,13.57,0.00,713
34.403,16.66,0.08,1.03,0.59,13.56,0.20,713
34.420,16.67,0.10,1.09,0.60,12.05,0.00,712
34.437,16.90,0.12,1.50,0.86,12.05,0.31,709
34.454,16.64,0.09,1.08,0.59,11.99,0.00,709
34.470,16.75,0.08,1.02,0.65,11.98,0.23,707
34.487,16.72,0.09,1.07,0.60,11.92,0.00,705
34.504,16.73,0.12,1.49,0.87,11.89,0.33,705
34.520,16.72,0.07,0.82,0.47,11.84,0.00,705
34.537,16.72,0.08,0.93,0.60,11.85,0.20,702
34.554,16.75,0.10,0.96,0.56,11.77,0.00,702
34.571,16.74,0.12,1.56,0.85,11.86,0.24,702
34.587,16.70,0.07,0.89,0.57,11.79,0.00,701
34.604,16.76,0.12,1.31,0.87,11.78,0.29,700
34.621,16.74,0.17,0.97,0.62,11.69,0.00,762
34.638,16.70,0.09,1.41,0.83,12.33,0.34,761
34.654,16.74,0.07,0.74,0.46,12.24,0.00,760
34.671,16.77,0.08,1.42,0.88,12.19,0.32,760
34.688,16.70,0.09,1.01,0.55,12.11,0.00,760
34.705,16.75,0.09,1.30,0.86,12.06,0.29,759
34.721,16.71,0.10,0.96,0.60,12.10,0.00,758
34.738,16.73,0.09,1.30,0.92,12.05,0.36,755
34.755,16.68,0.10,1.06,0.61,11.96,0.00,754
34.771,16.81,0.08,0.96,0.60,11.89,0.20,753
34.788,16.71,0.09,0.97,0.56,11.84,0.00,753
34.805,16.75,0.12,1.38,0.93,11.80,0.36,752
34.822,16.71,0.09,0.98,0.59,11.71,0.00,749
34.838,16.76,0.12,1.38,0.91,11.70,0.32,749
34.855,16.71,0.15,1.21,0.66,11.61,0.00,810
34.872,16.75,0.12,1.40,1.60,16.09,1.15,807
34.889,16.74,0.10,0.84,0.68,16.09,0.00,809
34.905,16.69,0.11,1.36,0.88,11.20,0.33,807
34.922,16.77,0.12,0.99,0.55,10.98,0.00,808
34.939,16.63,0.12,1.09,0.62,13.20,0.23,809
34.956,16.81,0.12,1.03,0.54,13.79,0.00,810
34.971,15.01,0.12,1.01,1.36,13.79,0.35,820
34.989,18.40,0.34,0.78,0.45,14.93,0.00,822
35.006,16.78,0.16,1.12,0.70,15.72,0.21,822
35.022,16.76,0.14,1.21,0.69,10.78,0.00,820
35.039,16.66,0.18,1.05,0.87,12.88,0.34,818
35.056,16.75,0.17,1.09,0.62,12.97,0.00,817
35.073,16.76,0.28,1.52,1.06,13.29,0.40,818
35.089,16.71,0.14,1.18,0.68,14.25,0.00,817
35.106,16.74,0.18,1.60,1.05,15.85,0.39,816
35.119,13.30,0.11,0.78,2.89,15.85,0.00,815
35.140,20.46,0.12,1.11,0.73,15.33,0.23,812
35.156,16.43,0.10,0.79,0.46,8.39,0.00,813
35.173,16.68,0.12,1.06,0.62,9.24,0.21,812
35.190,16.86,0.19,1.02,0.66,11.14,0.00,811
35.206,16.67,0.16,1.58,0.90,14.81,0.39,810
35.223,16.72,0.17,1.02,0.57,14.81,0.00,811
35.240,16.72,0.11,1.44,0.93,12.00,0.36,810
35.257,16.74,0.14,1.07,0.57,10.80,0.00,807
35.273,16.82,0.18,1.52,0.90,9.86,0.34,804
35.290,16.64,0.10,1.06,0.67,11.15,0.00,802
35.307,16.74,0.16,1.51,1.00,11.82,0.32,804
35.324,16.72,0.21,1.03,0.58,13.56,0.00,802
35.340,16.73,0.14,1.58,0.93,13.64,0.41,803
35.357,16.76,0.11,0.85,0.49,13.64,0.00,801
35.374,16.72,0.10,1.01,0.65,13.73,0.24,801
35.391,16.71,0.12,1.07,0.53,13.80,0.00,799
35.407,16.75,0.10,1.40,0.97,13.86,0.40,798
35.424,16.71,0.08,0.88,0.49,13.90,0.00,798
35.441,16.73,0.14,1.57,0.91,14.03,0.38,799
35.457,16.73,0.15,1.11,0.66,14.07,0.00,799
35.474,16.76,0.31,1.56,1.06,14.29,0.42,798
35.491,16.63,0.08,0.83,0.50,14.35,0.00,798
35.508,16.83,0.10,1.01,0.65,14.44,0.21,796
35.524,16.76,0.10,0.86,0.48,9.35,0.00,795
35.541,16.60,0.07,0.81,0.51,11.78,0.17,795
35.558,16.74,0.11,1.02,0.60,14.66,0.00,795
35.575,16.82,0.23,1.68,0.97,14.73,0.37,795
35.591,16.74,0.10,0.97,0.62,14.73,0.00,796
35.608,16.73,0.15,1.47,0.92,11.75,0.40,797
35.625,16.72,0.10,0.98,0.54,11.66,0.00,792
35.642,16.76,0.20,1.38,0.91,11.51,0.38,790
35.658,16.70,0.08,0.74,0.46,12.88,0.00,789
35.675,16.77,0.10,0.95,0.64,14.48,0.25,787
35.692,16.70,0.09,1.05,0.59,15.02,0.00,787
35.708,16.74,0.14,1.45,0.93,15.39,0.41,787
35.725,16.72,0.11,0.96,0.61,15.39,0.00,784
35.742,16.74,0.14,1.42,0.87,9.41,0.34,783
35.759,16.76,0.12,1.01,0.64,12.92,0.00,786
35.775,16.71,0.15,1.41,0.96,13.53,0.39,783
35.792,16.65,0.08,0.76,0.49,13.34,0.00,784
35.809,16.82,0.09,0.93,0.64,13.99,0.22,781
35.826,16.71,0.10,0.98,0.61,14.10,0.00,779
35.842,16.74,0.14,1.42,0.94,15.03,0.35,778
35.859,16.72,0.10,1.00,0.58,15.03,0.00,775
35.876,16.75,0.08,1.26,0.89,13.85,0.33,774
35.892,16.71,0.10,0.94,0.56,8.77,0.00,771
35.909,16.75,0.14,1.40,0.83,9.53,0.33,771
35.926,16.69,0.08,0.75,0.46,12.19,0.00,771
35.943,16.79,0.08,0.97,0.64,15.33,0.21,769
35.959,16.71,0.12,1.12,0.59,15.20,0.00,765
35.980,20.12,0.09,0.92,0.72,15.13,0.23,774
35.989,9.49,0.07,0.69,3.39,15.13,0.00,773
36.010,20.51,0.07,0.49,0.52,13.64,0.13,775
36.026,16.79,0.11,1.02,0.59,9.59,0.00,774
36.043,16.71,0.12,0.91,0.70,12.35,0.25,775
36.060,17.00,0.19,0.93,0.58,12.88,0.00,821
36.077,16.55,0.19,1.78,0.86,12.88,0.40,820
36.093,16.67,0.17,1.16,0.62,12.38,0.00,820
36.110,16.80,0.32,1.65,0.76,13.90,0.25,819
36.127,16.62,0.12,1.30,0.64,13.96,0.00,819
36.143,16.82,0.31,1.64,0.79,14.19,0.32,819
36.161,17.59,0.15,1.22,0.79,13.73,0.13,817
36.177,16.07,0.13,0.95,0.50,14.13,0.00,819
36.194,16.54,0.13,1.16,0.44,14.98,0.00,819
36.210,16.67,0.12,1.63,1.03,16.01,0.50,819
36.227,16.74,0.13,1.21,0.64,14.88,0.00,816
36.244,16.74,0.18,1.16,0.68,15.08,0.23,812
36.261,16.73,0.11,1.19,0.65,11.27,0.00,811
36.277,16.75,0.11,1.60,0.90,12.35,0.35,811
36.294,16.71,0.11,1.26,0.65,14.56,0.00,810
36.311,16.72,0.11,1.13,0.67,14.56,0.24,805
36.327,16.65,0.08,0.74,0.45,13.39,0.00,804
36.344,16.81,0.09,0.58,0.40,12.91,0.12,797
36.361,16.69,0.07,0.60,0.40,13.67,0.00,794
36.378,16.72,0.07,0.60,0.39,11.37,0.12,793
36.394,16.76,0.17,1.69,1.10,11.73,0.21,792
36.411,16.77,0.12,1.17,0.57,13.89,0.00,790
36.428,16.76,0.22,1.72,0.77,15.13,0.32,787
36.445,16.71,0.12,1.16,0.61,15.13,0.00,784
36.461,16.73,0.15,1.71,0.98,9.99,0.39,781
36.478,16.71,0.09,0.88,0.42,11.08,0.00,781
36.495,16.75,0.09,1.57,0.89,11.95,0.36,782
36.512,16.71,0.08,1.08,0.61,12.63,0.00,782
36.528,16.73,0.10,1.59,0.90,13.32,0.32,784
36.545,16.69,0.11,1.19,0.62,13.19,0.00,784
36.562,16.77,0.10,1.15,0.64,13.31,0.22,780
36.578,16.75,0.11,1.15,0.68,13.35,0.00,777
36.595,16.73,0.09,1.59,0.89,13.38,0.32,773
36.612,16.66,0.10,1.10,0.56,13.36,0.00,771
36.629,16.78,0.22,1.09,0.68,13.40,0.28,788
36.645,16.74,0.12,1.11,0.56,13.75,0.00,786
36.662,16.77,0.19,1.60,0.84,13.91,0.38,784
36.679,16.72,0.11,1.25,0.63,13.85,0.00,784
36.696,16.64,0.09,1.38,0.86,13.89,0.32,783
36.712,16.78,0.15,1.13,0.60,13.84,0.00,780
36.729,16.74,0.09,1.11,0.63,13.87,0.25,778
36.746,16.74,0.10,1.15,0.58,13.83,0.00,777
36.763,16.74,0.15,1.68,0.87,13.86,0.37,774
36.779,16.72,0.12,1.35,0.66,13.85,0.00,773
36.796,16.67,0.10,1.63,0.89,13.90,0.41,768
36.813,16.76,0.10,1.19,0.56,14.04,0.00,764
36.829,16.72,0.13,1.39,0.94,14.10,0.35,754
36.846,16.77,0.11,1.00,0.53,14.10,0.00,751
36.863,16.67,0.16,1.38,0.95,14.21,0.35,756
36.880,16.83,0.08,0.72,0.49,14.16,0.00,755
36.896,16.69,0.11,0.93,0.62,14.23,0.21,756
36.913,16.72,0.10,0.97,0.55,14.22,0.00,752
36.930,16.69,0.13,1.39,0.87,14.27,0.32,752
36.947,16.80,0.08,0.76,0.44,14.23,0.00,754
36.963,16.71,0.09,0.90,0.68,14.35,0.21,754
36.980,16.75,0.11,0.94,0.56,11.68,0.00,754
36.997,16.73,0.14,1.44,0.92,13.23,0.39,755
37.013,16.71,0.10,1.02,0.56,14.36,0.00,752
37.030,16.76,0.24,1.35,1.02,14.40,0.44,754
37.047,16.70,0.08,0.73,0.47,14.42,0.00,753
37.064,16.67,0.09,0.96,0.61,13.94,0.22,752
37.080,16.86,0.11,0.97,0.55,8.87,0.00,752
37.097,16.71,0.20,1.28,0.92,9.91,0.36,756
37.114,16.76,0.12,0.93,0.59,13.69,0.00,755
37.131,16.66,0.11,1.46,0.99,14.85,0.45,755
37.147,16.73,0.08,0.76,0.51,14.85,0.00,755
37.164,16.75,0.14,1.38,0.92,10.68,0.43,759
37.181,16.72,0.10,1.00,0.54,12.86,0.00,757
37.198,16.72,0.08,1.25,0.87,12.83,0.36,756
37.214,16.78,0.17,0.94,0.54,13.83,0.00,756
37.231,16.70,0.14,1.31,0.89,13.89,0.34,757
37.248,16.72,0.10,0.98,0.54,14.61,0.00,759
37.265,16.84,0.09,1.35,0.93,14.73,0.37,758
37.281,16.62,0.09,1.01,0.58,14.70,0.00,760
37.298,16.74,0.15,1.43,1.00,14.74,0.42,759
37.315,16.72,0.10,0.97,0.56,10.53,0.00,760
37.331,16.74,0.14,1.35,0.88,12.80,0.32,759
37.348,16.72,0.22,0.89,0.55,13.82,0.00,759
37.365,16.75,0.33,1.35,1.06,14.69,0.40,759
37.382,16.71,0.08,0.70,0.48,14.64,0.00,753
37.398,16.73,0.10,0.93,0.66,13.17,0.21,751
37.415,16.74,0.09,1.01,0.62,8.34,0.00,744
37.432,16.72,0.09,1.21,0.90,8.95,0.35,742
37.449,16.73,0.08,0.72,0.46,12.23,0.00,736
37.465,16.67,0.09,1.27,0.89,14.32,0.32,736
37.482,16.82,0.10,0.95,0.53,14.21,0.00,736
37.497,14.88,0.11,0.87,1.35,14.12,0.22,734
37.515,18.49,0.08,0.73,0.48,14.16,0.00,729
37.532,16.84,0.13,1.35,0.91,13.92,0.39,727
37.549,16.66,0.16,1.26,0.62,13.84,0.00,772
37.566,16.71,0.42,1.76,0.92,13.84,0.45,799
37.582,16.77,0.14,1.19,0.63,10.11,0.00,797
37.599,16.71,0.22,1.75,1.03,12.28,0.37,796
37.616,16.78,0.23,1.24,0.63,13.29,0.00,796
37.632,16.63,0.12,1.61,0.99,13.73,0.33,793
37.649,16.86,0.19,1.22,0.68,13.50,0.00,795
37.666,16.66,0.22,1.74,1.27,13.78,0.45,794
37.684,17.95,0.15,1.44,0.66,14.01,0.00,794
37.700,15.78,0.16,1.18,0.67,14.01,0.22,793
37.716,16.45,0.10,0.96,0.49,15.37,0.00,795
37.733,16.67,0.13,1.21,0.68,9.82,0.22,797
37.750,16.82,0.15,1.23,0.61,10.35,0.00,795
37.766,16.73,0.19,1.79,0.80,12.42,0.32,794
37.783,16.71,0.15,1.22,0.66,12.42,0.00,793
37.800,16.70,0.13,1.83,0.86,15.11,0.37,789
37.817,16.75,0.12,1.24,0.61,9.42,0.00,784
37.833,16.73,0.13,1.23,0.66,11.11,0.24,785
37.850,16.74,0.12,0.95,0.49,11.90,0.00,786
37.867,16.72,0.12,1.14,0.71,13.16,0.29,785
37.883,16.72,0.10,1.01,0.51,14.70,0.00,785
37.900,16.76,0.17,1.85,0.74,16.18,0.31,784
37.917,16.72,0.14,1.29,0.61,16.18,0.00,779
37.934,16.74,0.17,1.77,0.81,10.97,0.32,779
37.950,16.71,0.13,1.25,0.53,12.24,0.00,779
37.967,16.75,0.18,1.79,0.88,11.69,0.38,777
37.984,16.72,0.14,1.24,0.56,12.84,0.00,777
38.001,16.76,0.27,1.74,0.94,13.54,0.34,773
38.017,16.70,0.09,0.95,0.48,13.26,0.00,771
38.034,16.66,0.11,0.97,0.69,13.93,0.21,759
38.051,16.81,0.14,1.04,0.57,13.83,0.00,757
38.068,16.74,0.13,1.53,0.89,13.88,0.35,754
38.084,16.72,0.13,1.06,0.55,13.87,0.00,752
38.101,16.69,0.11,0.97,0.67,13.89,0.21,750
38.118,16.77,0.14,0.98,0.54,13.87,0.00,750
38.134,16.72,0.10,0.94,0.65,13.92,0.22,751
38.151,16.74,0.11,1.02,0.53,13.90,0.00,749
38.168,16.71,0.15,0.99,0.72,14.05,0.26,749
38.185,16.74,0.10,1.05,0.60,14.03,0.00,747
38.201,16.76,0.15,1.47,0.95,14.07,0.41,748
38.218,16.72,0.10,1.01,0.56,14.04,0.00,746
38.235,16.75,0.13,1.48,1.00,14.07,0.38,745
38.252,16.73,0.12,1.08,0.56,14.03,0.00,744
38.268,16.71,0.14,1.47,1.01,14.07,0.39,741
38.285,16.74,0.08,0.81,0.45,14.06,0.00,740
38.302,16.66,0.09,1.00,0.64,14.08,0.21,741
38.319,16.79,0.09,0.76,0.48,12.26,0.00,741
38.335,16.73,0.09,1.30,0.97,13.24,0.36,742
38.352,16.75,0.12,1.09,0.61,14.18,0.00,742
38.369,16.71,0.14,1.42,0.91,14.18,0.34,742
38.385,16.75,0.08,0.77,0.49,14.17,0.00,741
38.402,16.72,0.11,1.00,0.70,14.18,0.22,741
38.419,16.68,0.10,1.08,0.59,14.14,0.00,740
38.436,16.75,0.13,1.41,1.02,14.16,0.38,742
38.452,16.77,0.11,1.07,0.61,14.13,0.00,742
38.469,16.68,0.14,1.47,1.05,14.24,0.39,739
38.486,16.81,0.10,1.03,0.57,14.19,0.00,741
38.503,16.71,0.14,1.47,0.97,14.16,0.32,741
38.517,14.19,0.07,0.75,2.73,14.12,0.00,752
38.536,19.23,0.22,1.06,0.73,14.64,0.28,751
38.553,16.76,0.09,0.84,0.57,14.60,0.00,750
38.569,16.70,0.10,0.99,0.69,14.54,0.22,749
38.586,16.83,0.15,0.77,0.50,14.50,0.00,750
38.603,16.62,0.11,1.03,0.71,14.46,0.22,751
38.620,16.80,0.12,1.06,0.62,14.53,0.00,751
38.636,16.71,0.46,1.39,0.98,14.49,0.43,797
38.653,16.72,0.08,0.78,0.48,14.49,0.00,797
38.670,16.77,0.12,1.04,0.70,10.31,0.22,794
38.683,13.17,0.09,0.80,3.33,10.92,0.00,792
38.704,20.52,0.13,1.41,0.93,12.81,0.35,792
38.720,16.47,0.10,1.03,0.55,14.39,0.00,792
38.737,16.72,0.10,1.40,0.94,14.02,0.38,789
38.753,16.68,0.10,1.01,0.57,13.44,0.00,786
38.770,16.79,0.10,1.35,0.92,14.05,0.38,784
38.787,16.66,0.08,0.76,0.47,13.48,0.00,785
38.804,16.82,0.14,1.43,0.94,14.01,0.37,784
38.820,16.72,0.11,1.14,0.63,14.08,0.00,783
38.837,16.73,0.29,1.40,0.98,14.39,0.34,781
38.854,16.77,0.09,0.82,0.48,14.31,0.00,779
38.871,16.69,0.16,0.92,0.64,14.24,0.21,776
38.887,16.72,0.08,0.80,0.48,11.33,0.00,775
38.904,16.74,0.11,1.36,0.96,13.01,0.37,774
38.921,16.73,0.08,1.00,0.60,14.13,0.00,771
38.938,16.75,0.10,0.95,0.70,14.10,0.21,771
38.954,16.72,0.12,0.98,0.57,14.02,0.00,767
38.971,16.72,0.10,1.41,0.94,13.97,0.38,765
38.988,16.74,0.10,1.04,0.55,13.87,0.00,765
39.004,16.73,0.10,0.96,0.68,13.83,0.21,766
39.021,16.65,0.10,1.05,0.55,13.75,0.00,765
39.038,16.74,0.12,1.40,0.88,13.74,0.30,764
39.055,16.77,0.10,0.98,0.54,13.65,0.00,765
39.071,16.76,0.14,1.38,0.92,12.93,0.32,764
39.088,16.72,0.10,1.00,0.55,12.85,0.00,762
39.105,16.68,0.13,1.42,0.94,12.84,0.35,762
39.122,16.72,0.08,0.71,0.46,12.83,0.00,765
39.138,16.73,0.10,0.95,0.60,12.86,0.18,764
39.155,16.74,0.10,1.01,0.60,12.81,0.00,765
39.172,16.77,0.14,1.42,0.94,12.85,0.28,764
39.188,16.73,0.10,1.01,0.56,12.81,0.00,762
39.205,16.70,0.14,1.40,0.83,12.80,0.28,763
39.222,16.78,0.10,1.03,0.59,12.69,0.00,763
39.239,16.71,0.15,1.40,1.05,12.68,0.37,763
39.255,16.74,0.08,0.75,0.47,12.62,0.00,760
39.272,16.80,0.10,1.39,0.91,12.62,0.35,761
39.289,16.67,0.09,1.01,0.56,12.58,0.00,760
39.306,16.72,0.10,0.96,0.63,12.57,0.22,759
39.322,16.68,0.09,0.94,0.57,12.49,0.00,757
39.339,16.78,0.08,1.37,0.94,12.50,0.36,758
39.356,16.74,0.10,1.01,0.58,12.48,0.00,757
39.373,16.72,0.08,0.96,0.67,12.62,0.22,756
39.389,16.73,0.09,0.94,0.56,12.58,0.00,754
39.406,16.69,0.12,1.36,0.91,12.57,0.34,751
39.423,16.78,0.09,1.01,0.59,12.52,0.00,751
39.439,16.72,0.08,1.34,0.92,12.52,0.37,749
39.456,16.73,0.07,0.96,0.59,12.47,0.00,748
39.473,16.78,0.10,0.90,0.69,12.48,0.22,748
39.490,16.65,0.10,0.98,0.57,12.43,0.00,746
39.506,16.76,0.15,1.37,0.90,12.44,0.35,747
39.523,16.69,0.10,0.80,0.58,12.53,0.00,746
39.540,16.81,0.12,1.00,0.85,12.54,0.32,746
39.557,16.63,0.09,0.75,0.56,12.49,0.00,744
39.573,16.78,0.12,0.98,0.85,12.47,0.32,743
39.590,16.73,0.08,0.52,0.51,12.48,0.00,742
39.607,16.79,0.09,0.70,0.65,12.49,0.22,739
39.626,19.33,0.11,0.69,0.69,12.48,0.00,738
39.636,10.29,0.09,0.64,3.65,12.48,0.27,737
39.657,20.50,0.10,0.73,0.61,12.80,0.00,737
39.674,16.75,0.12,1.04,0.86,7.73,0.32,735
39.690,16.72,0.09,0.70,0.59,11.52,0.00,735
39.707,16.75,0.09,0.97,1.12,12.86,0.35,734
39.724,16.69,0.09,0.73,0.58,12.87,0.00,730
39.741,16.78,0.12,1.06,0.95,12.82,0.33,727
39.754,13.36,0.07,0.49,3.39,12.80,0.00,726
39.774,20.44,0.12,0.99,1.12,12.75,0.45,725
39.791,16.33,0.10,0.78,0.60,12.75,0.00,725
39.808,16.82,0.22,1.09,1.01,12.71,0.36,725
39.824,16.69,0.10,0.78,0.62,12.85,0.00,725
39.841,16.75,0.12,1.06,0.99,12.89,0.33,724
39.858,16.74,0.14,0.75,0.64,12.97,0.00,718
39.874,16.70,0.08,0.98,0.87,12.91,0.32,713
39.891,16.71,0.08,0.68,0.59,12.99,0.00,711
39.908,16.75,0.09,0.93,0.95,13.01,0.35,710
39.925,16.79,0.11,0.79,0.63,13.00,0.00,708
39.941,16.64,0.12,1.05,0.89,13.05,0.33,706
39.958,16.80,0.12,0.75,0.65,13.01,0.00,702
39.975,16.71,0.13,1.00,0.90,13.01,0.32,701
39.992,16.72,0.08,0.75,0.56,12.96,0.00,698
40.008,16.72,0.08,0.92,0.94,12.87,0.33,695
40.025,16.68,0.08,0.72,0.60,12.81,0.00,694
40.042,16.80,0.13,0.92,0.97,12.73,0.33,694
40.058,16.73,0.09,0.71,0.60,12.70,0.00,693
40.075,16.77,0.12,0.91,0.88,12.65,0.32,685
40.092,16.71,0.09,0.70,0.62,12.64,0.00,683
40.112,20.21,0.13,0.93,0.78,12.60,0.22,692
40.122,9.40,0.08,0.52,3.75,12.60,0.00,691
40.142,20.49,0.07,0.42,0.53,10.69,0.12,692
40.159,16.82,0.13,0.71,0.69,8.00,0.00,688
40.176,16.65,0.08,0.84,0.95,10.89,0.33,687
40.192,16.89,0.10,0.97,0.71,11.27,0.00,684
40.209,16.66,0.15,0.84,0.86,12.89,0.32,681
40.222,13.26,0.09,0.64,3.47,12.79,0.00,679
40.243,20.63,0.11,0.94,0.95,12.67,0.32,678
40.259,16.27,0.09,0.75,0.57,12.55,0.00,678
40.276,16.70,0.12,0.96,0.85,12.57,0.32,676
40.293,16.80,0.07,0.53,0.46,12.43,0.00,675
40.309,16.72,0.09,0.97,0.89,12.34,0.32,674
40.326,16.66,0.07,0.71,0.57,12.23,0.00,671
40.343,16.79,0.08,0.91,0.84,12.15,0.32,670
40.360,16.74,0.08,0.67,0.56,12.09,0.00,668
40.375,14.96,0.09,0.64,1.77,12.02,0.36,676
40.393,18.48,0.09,0.79,0.64,12.51,0.00,676
40.410,16.70,0.09,0.76,0.66,12.42,0.21,677
40.427,16.70,0.07,0.55,0.53,12.45,0.00,676
40.443,16.78,0.08,0.76,0.66,12.36,0.22,673
40.460,16.71,0.09,0.63,0.60,12.24,0.00,672
40.477,16.83,0.19,1.02,0.99,12.12,0.32,670
40.493,16.63,0.10,0.78,0.66,12.02,0.00,670
40.510,16.77,0.14,1.08,0.96,11.90,0.32,669
40.528,17.51,0.12,0.71,0.91,11.82,0.17,668
40.544,16.18,0.07,0.53,0.47,11.73,0.00,666
40.560,16.49,0.10,0.69,0.39,11.81,0.00,664
40.577,16.72,0.13,1.05,0.97,11.70,0.45,664
40.594,16.72,0.09,0.74,0.54,11.71,0.00,664
40.611,16.76,0.14,1.08,0.90,11.64,0.40,660
40.627,16.66,0.08,0.64,0.57,11.61,0.00,659
40.644,16.81,0.36,1.00,1.02,11.58,0.32,716
40.661,16.70,0.09,0.73,0.56,12.01,0.00,713
40.678,16.76,0.12,1.04,0.84,12.00,0.32,713
40.694,16.74,0.07,0.52,0.48,11.92,0.00,714
40.711,16.71,0.08,0.75,0.63,12.05,0.22,714
40.728,16.72,0.09,0.76,0.70,11.96,0.13,713
40.744,16.75,0.07,0.61,0.47,11.92,0.00,712
40.761,16.74,0.13,1.04,0.88,11.90,0.32,710
40.778,16.70,0.08,0.75,0.55,11.87,0.00,709
40.795,16.76,0.13,1.00,0.82,11.84,0.32,708
40.811,16.72,0.09,0.76,0.57,11.86,0.00,708
40.828,16.74,0.12,1.02,0.93,11.87,0.32,707
40.845,16.72,0.08,0.56,0.48,11.92,0.00,708
40.861,16.67,0.10,0.98,0.89,12.12,0.33,716
40.878,16.79,0.11,0.77,0.61,12.21,0.00,716
40.895,16.73,0.12,0.99,0.84,12.28,0.32,716
40.912,16.66,0.09,0.85,0.60,12.29,0.00,714
40.929,16.87,0.18,0.98,0.99,12.34,0.36,713
40.948,19.18,0.12,0.73,0.67,12.36,0.00,725
40.962,14.15,0.11,0.84,0.71,13.04,0.22,725
40.979,16.70,0.06,0.45,0.48,12.97,0.00,722
40.995,16.77,0.09,0.74,0.66,12.91,0.21,723
41.012,16.75,0.07,0.61,0.50,13.04,0.00,723
41.029,16.76,0.09,0.85,0.63,13.04,0.22,723
41.046,16.75,0.10,0.81,0.63,13.02,0.00,722
41.062,16.71,0.15,1.18,0.97,13.01,0.33,721
41.079,16.76,0.09,0.77,0.57,13.05,0.00,722
41.096,16.70,0.11,1.13,0.91,13.09,0.32,721
41.113,16.73,0.09,0.81,0.57,13.18,0.00,719
41.129,16.75,0.19,1.05,0.84,13.27,0.32,718
41.146,16.63,0.13,2.26,0.63,13.33,0.00,750
41.159,13.46,0.10,0.84,2.90,13.37,0.00,750
41.180,20.48,0.14,1.29,1.70,13.72,1.04,751
41.196,16.30,0.08,0.74,0.58,10.58,0.10,750
41.213,16.72,0.07,0.77,0.49,13.31,0.00,749
41.230,16.73,0.10,0.98,0.64,13.22,0.22,752
41.246,16.73,0.07,0.75,0.51,13.20,0.00,752
41.263,16.67,0.12,1.46,0.96,13.15,0.36,754
41.280,16.75,0.10,0.99,0.57,13.05,0.00,754
41.296,16.73,0.14,1.35,0.96,13.11,0.34,755
41.313,16.70,0.08,0.76,0.50,13.20,0.00,755
41.330,16.80,0.14,1.40,0.96,13.22,0.38,755
41.347,16.65,0.09,0.98,0.68,13.28,0.00,751
41.363,16.75,0.12,1.49,0.96,13.38,0.35,752
41.380,16.74,0.09,1.01,0.57,13.44,0.00,751
41.397,16.70,0.12,1.40,0.99,13.49,0.35,751
41.414,16.76,0.09,0.99,0.57,13.49,0.00,750
41.430,16.73,0.14,1.37,0.98,13.49,0.35,749
41.447,16.71,0.09,1.02,0.55,13.37,0.00,751
41.464,16.75,0.14,1.37,0.95,13.39,0.35,751
41.480,16.68,0.09,1.00,0.58,13.23,0.00,749
41.497,16.76,0.15,1.39,1.05,13.12,0.53,748
41.514,16.68,0.06,0.52,0.41,13.00,0.00,750
41.531,16.77,0.09,0.80,0.47,12.89,0.14,749
41.547,16.72,0.11,1.09,0.64,12.85,0.00,748
41.564,16.79,0.14,1.43,0.98,12.79,0.39,751
41.581,16.72,0.07,0.80,0.48,12.84,0.00,750
41.598,16.74,0.09,0.98,0.70,12.86,0.22,750
41.614,16.66,0.30,1.18,0.76,13.00,0.00,772
41.631,16.80,0.14,1.60,1.01,13.41,0.55,769
41.648,16.66,0.12,1.16,0.57,13.48,0.00,768
41.668,20.09,0.09,1.03,0.73,13.41,0.23,777
41.681,13.46,0.08,0.91,0.52,13.41,0.00,774
41.698,16.99,0.09,1.06,0.77,14.66,0.31,778
41.715,16.37,0.08,0.95,0.49,13.11,0.00,777
41.731,16.79,0.10,1.08,0.76,12.99,0.24,777
41.748,16.69,0.09,0.93,0.55,13.49,0.00,776
41.765,16.80,0.17,1.19,0.72,13.53,0.30,776
41.778,13.32,0.08,0.79,3.01,13.43,0.00,776
41.799,20.43,0.13,1.55,0.90,13.54,0.38,774
41.815,16.38,0.13,1.12,0.57,13.27,0.00,772
41.832,16.78,0.15,1.59,1.03,13.27,0.47,773
41.849,16.66,0.07,0.84,0.46,13.16,0.00,773
41.865,16.73,0.10,1.08,0.74,13.10,0.23,773
41.882,16.82,0.11,0.92,0.56,13.09,0.00,771
41.899,16.69,0.10,1.61,0.92,13.00,0.40,773
41.915,16.72,0.08,0.86,0.52,13.10,0.00,771
41.932,16.73,0.10,1.09,0.64,13.04,0.22,770
41.949,16.68,0.09,1.12,0.57,12.96,0.00,769
41.964,15.05,0.09,1.05,1.33,12.89,0.44,776
41.982,18.48,0.19,0.89,0.51,13.25,0.00,777
41.999,16.65,0.09,1.09,0.69,13.13,0.21,777
42.016,16.72,0.08,0.92,0.48,13.08,0.00,776
42.033,16.80,0.09,1.01,0.73,12.99,0.25,775
42.049,16.72,0.10,1.25,0.68,12.91,0.00,775
42.066,16.74,0.13,1.67,1.01,12.98,0.39,775
42.083,16.66,0.10,1.15,0.57,12.95,0.00,775
42.101,18.01,0.14,1.60,0.72,12.92,0.26,772
42.116,15.65,0.08,0.85,0.48,12.89,0.00,771
42.133,16.58,0.09,1.57,0.87,12.93,0.37,771
42.150,16.72,0.09,1.10,0.55,12.88,0.00,771
42.166,16.75,0.12,1.49,0.85,12.88,0.29,769
42.183,16.67,0.08,0.85,0.51,12.86,0.00,770
42.200,16.79,0.09,1.09,0.62,12.81,0.20,771
42.217,16.66,0.07,0.87,0.48,12.96,0.00,769
42.233,16.80,0.09,1.58,0.84,12.89,0.33,769
42.250,16.69,0.09,1.12,0.59,12.91,0.00,767
42.267,16.82,0.12,1.57,0.91,12.89,0.30,766
42.283,16.61,0.07,0.85,0.47,12.88,0.00,767
42.300,16.80,0.09,1.05,0.58,12.87,0.19,767
42.317,16.72,0.07,0.84,0.47,12.88,0.00,765
42.334,16.74,0.08,1.48,0.93,12.98,0.37,764
42.350,16.70,0.09,1.10,0.56,12.94,0.00,765
42.367,16.77,0.12,1.51,0.86,13.17,0.29,762
42.384,16.67,0.07,0.84,0.47,13.19,0.00,760
42.401,16.78,0.08,1.07,0.62,13.31,0.20,755
42.417,16.73,0.09,1.08,0.55,13.34,0.00,755
42.434,16.76,0.12,1.48,0.88,13.39,0.33,751
42.451,16.68,0.09,1.02,0.57,13.40,0.00,751
42.468,16.78,0.11,1.49,0.87,13.39,0.29,751
42.484,16.68,0.09,1.01,0.54,13.37,0.00,750
42.501,16.78,0.12,1.49,0.84,13.32,0.29,747
42.518,16.72,0.09,1.04,0.54,13.40,0.00,745
42.534,16.74,0.08,1.43,0.89,13.38,0.35,743
42.551,16.66,0.07,1.00,0.54,13.36,0.00,743
42.568,16.80,0.26,1.60,0.93,13.34,0.40,784
42.585,16.68,0.07,0.99,0.56,14.08,0.00,783
42.601,16.79,0.09,1.67,0.93,14.11,0.41,780
42.618,16.70,0.09,1.14,0.56,14.11,0.00,780
42.635,16.76,0.13,1.52,0.92,14.20,0.31,777
42.652,16.68,0.07,0.84,0.45,14.23,0.00,776
42.668,16.78,0.09,1.05,0.58,13.02,0.19,776
42.685,16.69,0.08,0.83,0.51,10.23,0.00,774
42.702,16.77,0.08,1.47,0.94,12.81,0.34,772
42.718,16.66,0.07,0.98,0.54,13.01,0.00,771
42.735,16.80,0.08,1.43,0.97,12.91,0.42,770
42.752,16.73,0.09,1.08,0.57,12.82,0.00,770
42.769,16.76,0.12,1.53,0.93,12.71,0.32,767
42.785,16.69,0.07,0.78,0.46,12.60,0.00,762
42.802,16.76,0.10,0.98,0.61,12.49,0.19,762
42.819,16.65,0.07,0.79,0.50,12.55,0.00,761
42.836,16.73,0.12,1.46,0.85,12.52,0.32,760
42.852,16.79,0.09,1.01,0.55,12.45,0.00,758
42.869,16.80,0.19,1.40,0.85,12.47,0.33,754
42.886,16.59,0.07,0.82,0.46,12.44,0.00,746
42.903,16.76,0.09,1.42,0.94,12.42,0.33,740
42.919,16.77,0.08,1.02,0.62,12.37,0.00,739
42.936,16.72,0.08,1.39,0.94,12.35,0.35,737
42.953,16.73,0.09,1.02,0.54,12.24,0.00,737
42.970,16.79,0.13,1.44,0.83,12.26,0.34,732
42.986,16.67,0.08,0.97,0.55,12.10,0.00,730
43.003,16.78,0.17,1.39,0.92,11.95,0.32,727
43.020,16.68,0.07,0.75,0.50,11.78,0.00,724
43.036,16.73,0.08,0.97,0.64,11.68,0.19,723
43.053,16.74,0.08,0.98,0.58,11.51,0.00,721
43.070,16.74,0.11,1.42,0.93,11.40,0.32,720
43.087,16.72,0.08,0.98,0.55,11.33,0.00,717
43.103,16.75,0.14,1.44,0.95,11.27,0.35,716
43.120,16.71,0.06,0.61,0.46,11.32,0.00,710
43.137,16.74,0.10,1.13,0.94,11.31,0.33,707
43.153,16.68,0.09,0.81,0.61,11.20,0.00,705
43.170,16.78,0.08,0.75,0.60,11.14,0.20,704
43.187,16.79,0.09,0.78,0.58,11.09,0.00,702
43.204,16.71,0.20,0.99,0.81,10.99,0.29,701
43.220,16.72,0.08,0.76,0.57,10.91,0.00,701
43.237,16.72,0.12,1.03,0.85,10.82,0.29,700
43.254,16.73,0.09,0.75,0.57,10.76,0.00,700
43.271,16.80,0.17,0.95,0.84,10.80,0.29,698
43.287,16.69,0.06,0.55,0.49,10.75,0.00,694
43.304,16.68,0.07,0.69,0.63,10.69,0.20,692
43.321,16.74,0.08,0.69,0.58,10.58,0.00,692
43.338,16.72,0.07,0.84,0.91,10.63,0.29,692
43.354,16.74,0.08,0.70,0.58,10.55,0.00,692
43.371,16.76,0.12,0.98,0.88,10.57,0.29,692
43.388,16.70,0.06,0.57,0.48,10.51,0.00,688
43.404,16.75,0.12,0.96,0.96,10.54,0.28,687
43.421,16.64,0.08,0.71,0.62,10.61,0.00,686
43.438,16.75,0.10,1.01,0.87,10.58,0.29,684
43.455,16.72,0.08,0.75,0.62,10.58,0.00,684
43.471,16.79,0.10,0.86,0.64,10.54,0.21,684
43.488,16.68,0.09,0.77,0.64,10.53,0.00,684
43.505,16.75,0.10,1.02,0.91,10.52,0.29,683
43.522,16.78,0.08,0.70,0.62,10.53,0.00,679
43.538,16.74,0.11,1.02,0.85,10.52,0.29,675
43.555,16.72,0.08,0.72,0.57,10.52,0.00,677
43.572,16.76,0.12,1.00,0.87,10.63,0.29,678
43.589,16.75,0.06,0.50,0.45,10.68,0.00,674
43.605,16.68,0.07,0.65,0.59,10.70,0.19,672
43.622,16.74,0.21,0.85,0.56,10.68,0.00,716
43.639,16.74,0.11,1.11,1.01,11.45,0.38,717
43.655,16.72,0.06,0.78,0.54,11.49,0.00,716
43.672,16.76,0.12,1.18,0.91,11.53,0.29,716
43.689,16.74,0.06,0.62,0.46,11.56,0.00,716
43.706,16.68,0.08,0.85,0.60,11.61,0.22,716
43.725,18.93,0.10,0.62,0.60,11.72,0.00,722
43.739,14.48,0.09,0.86,0.82,12.27,0.20,719
43.756,16.72,0.05,0.46,0.46,12.24,0.00,717
43.773,16.83,0.07,0.75,0.62,12.18,0.19,715
43.789,16.70,0.07,0.65,0.56,12.16,0.00,715
43.806,16.67,0.11,0.82,0.69,12.16,0.21,713
43.823,16.79,0.07,0.64,0.54,12.11,0.00,713
43.839,16.69,0.08,0.81,0.63,12.18,0.20,713
43.856,16.77,0.10,0.64,0.56,12.15,0.00,707
43.870,13.35,0.08,0.76,3.12,12.29,0.32,707
43.890,20.48,0.09,0.80,0.70,12.27,0.00,706
43.906,16.35,0.08,0.79,0.65,12.39,0.21,705
43.923,16.75,0.10,0.87,0.64,12.41,0.00,704
43.940,16.70,0.11,1.19,1.02,12.44,0.33,704
43.957,16.74,0.06,0.65,0.47,12.49,0.00,703
43.973,16.73,0.07,0.84,0.67,12.50,0.22,701
43.990,16.73,0.07,0.68,0.48,12.42,0.00,700
44.007,16.73,0.07,1.03,0.94,12.39,0.32,700
44.023,16.73,0.08,0.83,0.54,12.38,0.00,698
44.040,16.73,0.07,0.83,0.61,12.28,0.22,697
44.057,16.73,0.08,0.85,0.61,12.21,0.00,690
44.074,16.73,0.10,1.10,0.89,12.15,0.32,690
44.090,16.79,0.08,0.61,0.49,12.14,0.00,689
44.107,16.62,0.07,0.79,0.65,12.16,0.22,689
44.124,16.78,0.07,0.63,0.50,12.17,0.00,690
44.141,16.67,0.08,1.09,0.99,12.25,0.40,689
44.157,16.79,0.09,0.83,0.54,12.29,0.00,675
44.174,16.68,0.10,1.13,0.90,12.40,0.32,673
44.191,16.85,0.07,0.59,0.46,12.43,0.00,672
44.208,16.65,0.07,0.71,0.58,12.43,0.22,671
44.224,16.75,0.08,0.77,0.56,12.34,0.00,675
44.241,16.74,0.11,1.11,0.84,12.25,0.31,674
44.258,16.72,0.08,0.77,0.52,12.16,0.00,672
44.274,16.73,0.10,1.09,0.88,12.04,0.32,671
44.291,16.77,0.06,0.64,0.44,11.92,0.00,671
44.310,19.26,0.08,0.71,0.70,11.84,0.23,666
44.325,14.12,0.07,0.63,0.49,11.85,0.00,664
44.341,16.74,0.08,0.93,1.05,11.78,0.40,663
44.358,16.83,0.07,0.75,0.62,11.78,0.00,661
44.375,16.63,0.10,1.13,0.93,11.75,0.32,660
44.392,16.79,0.07,0.79,0.56,11.76,0.00,659
44.408,16.70,0.11,1.15,0.96,11.78,0.32,658
44.421,13.09,0.05,0.57,3.63,11.76,0.00,656
44.443,21.99,0.11,1.10,0.68,11.87,0.24,653
44.458,15.12,0.08,0.78,0.56,11.62,0.00,650
44.475,16.72,0.07,0.69,0.64,11.65,0.22,648
44.492,16.75,0.07,0.71,0.55,11.55,0.00,643
44.509,16.65,0.09,1.05,0.86,11.44,0.32,641
44.525,16.75,0.07,0.72,0.54,11.35,0.00,639
44.542,16.76,0.09,0.96,0.83,11.24,0.32,639
44.559,16.68,0.08,0.72,0.59,11.18,0.00,639
44.576,16.73,0.10,0.96,0.83,11.24,0.32,638
44.592,16.79,0.06,0.52,0.48,11.20,0.00,638
44.609,16.72,0.07,0.89,0.95,11.19,0.37,637
44.626,16.69,0.07,0.68,0.54,11.24,0.00,636
44.642,16.78,0.09,0.96,0.85,11.23,0.32,633
44.659,16.73,0.06,0.48,0.45,11.23,0.00,632
44.676,16.68,0.06,0.62,0.60,11.23,0.21,632
44.693,16.77,0.07,0.68,0.56,11.11,0.00,632
44.709,16.68,0.09,0.95,0.85,11.07,0.32,633
44.726,16.77,0.06,0.57,0.55,11.02,0.00,632
44.743,16.81,0.15,0.90,0.86,10.94,0.32,632
44.760,16.66,0.07,0.68,0.55,10.87,0.00,631
44.776,16.67,0.09,0.94,0.83,10.94,0.32,628
44.793,16.78,0.05,0.50,0.46,10.83,0.00,626
44.810,16.74,0.05,0.87,0.94,10.79,0.32,624
44.826,16.66,0.06,0.63,0.55,10.73,0.00,623
44.843,16.76,0.07,0.93,0.82,10.72,0.32,622
44.860,16.80,0.06,0.62,0.56,10.65,0.00,608
44.877,16.68,0.07,0.86,0.83,10.58,0.32,607
44.893,16.74,0.06,0.68,0.55,10.59,0.00,606
44.910,16.68,0.07,0.87,0.82,10.57,0.32,607
44.927,16.73,0.05,0.66,0.55,10.67,0.00,606
44.944,16.79,0.08,0.93,0.86,10.65,0.33,606
44.960,16.76,0.07,0.68,0.63,10.64,0.00,605
44.976,15.79,0.07,0.68,0.71,10.60,0.25,615
44.994,17.67,0.08,0.67,0.60,11.23,0.00,614
45.010,16.65,0.07,0.64,0.65,11.17,0.22,614
45.027,16.77,0.09,0.65,0.58,11.12,0.00,613
45.044,16.74,0.11,1.19,1.11,11.06,0.37,597
45.061,16.67,0.07,0.71,0.69,11.13,0.00,596
45.079,18.06,0.09,1.13,1.10,11.08,0.36,593
45.096,17.75,0.07,0.48,0.90,11.07,0.12,603
45.111,14.36,0.06,0.50,0.47,11.64,0.00,601
45.128,16.76,0.06,0.49,0.35,11.61,0.00,600
45.144,16.72,0.07,0.65,0.73,11.66,0.34,600
45.161,16.74,0.06,0.53,0.62,11.73,0.10,599
45.178,16.74,0.07,0.63,0.53,11.72,0.00,600
45.195,16.80,0.08,0.64,0.60,11.76,0.22,600
45.211,16.70,0.05,0.53,0.54,11.91,0.00,600
45.229,17.75,0.08,0.92,1.03,11.87,0.40,600
45.245,15.71,0.06,0.72,0.56,11.82,0.00,600
45.261,16.71,0.07,1.00,0.84,11.76,0.33,598
45.278,16.67,0.06,0.70,0.52,11.70,0.00,597
45.295,16.74,0.08,1.09,0.89,11.61,0.33,597
45.312,16.79,0.05,0.51,0.49,11.58,0.00,595
45.328,16.74,0.05,0.66,0.62,11.59,0.22,595
45.345,16.66,0.06,0.69,0.56,11.55,0.00,594
45.362,16.78,0.07,0.96,0.82,11.74,0.32,594
45.379,16.72,0.04,0.54,0.48,11.84,0.00,595
45.395,16.73,0.05,0.95,0.95,11.97,0.33,595
45.412,16.72,0.05,0.67,0.60,12.09,0.00,593
45.429,16.74,0.05,0.90,0.92,12.17,0.32,593
45.445,16.70,0.06,0.73,0.55,12.25,0.00,592
45.462,16.75,0.05,0.84,0.88,12.24,0.32,590
45.479,16.72,0.05,0.67,0.54,12.20,0.00,589
45.496,16.77,0.08,0.98,0.87,12.05,0.32,590
45.512,16.68,0.05,0.68,0.55,12.05,0.00,590
45.529,16.75,0.05,0.92,0.87,11.94,0.32,590
45.546,16.68,0.06,0.67,0.56,11.79,0.00,587
45.563,16.78,0.07,0.96,0.82,11.69,0.32,586
45.579,16.73,0.05,0.50,0.48,11.66,0.00,586
45.596,16.73,0.05,0.57,0.60,11.82,0.22,581
45.613,16.71,0.05,0.64,0.55,11.87,0.00,580
45.630,16.74,0.32,0.98,1.09,11.98,0.41,653
45.646,16.70,0.08,0.75,0.54,12.48,0.00,654
45.663,16.77,0.12,1.02,0.88,12.55,0.32,654
45.680,16.72,0.06,0.55,0.47,12.46,0.00,654
45.696,16.74,0.12,1.08,0.89,12.32,0.32,650
45.713,16.75,0.07,0.59,0.60,12.17,0.00,649
45.730,16.71,0.12,1.07,0.92,11.99,0.32,647
45.747,16.72,0.06,0.57,0.47,11.81,0.00,646
45.763,16.73,0.07,1.08,0.94,11.65,0.34,644
45.778,14.54,0.07,0.57,2.67,11.53,0.00,653
45.797,19.07,0.12,0.73,0.67,12.04,0.22,648
45.814,16.58,0.06,0.46,0.46,12.09,0.00,648
45.830,16.76,0.15,0.71,0.68,12.06,0.22,648
45.847,16.73,0.08,0.75,0.56,11.98,0.00,645
45.864,16.70,0.14,1.18,0.90,11.91,0.32,648
45.880,16.69,0.09,0.79,0.58,11.88,0.00,645
45.897,16.80,0.13,1.14,0.93,11.80,0.32,643
45.914,16.63,0.08,0.62,0.48,11.68,0.00,641
45.931,16.75,0.07,1.06,0.88,11.54,0.32,641
45.947,16.77,0.09,0.82,0.60,11.41,0.00,640
45.964,16.73,0.23,1.08,0.90,11.41,0.34,640
45.982,17.63,0.25,0.93,0.76,11.25,0.00,642
45.998,16.10,0.07,0.72,0.65,11.14,0.22,641
46.014,16.40,0.06,0.63,0.50,11.04,0.00,641
46.031,16.82,0.10,1.06,0.92,10.93,0.33,641
46.048,16.63,0.07,0.60,0.58,10.88,0.00,640
46.064,16.79,0.10,1.12,0.94,10.84,0.32,635
46.081,16.74,0.08,0.82,0.54,10.81,0.00,635
46.098,16.71,0.07,1.06,0.91,10.75,0.32,634
46.115,16.68,0.06,0.78,0.53,10.86,0.00,633
46.131,16.79,0.10,1.11,0.92,10.82,0.32,633
46.148,16.72,0.07,0.83,0.53,10.80,0.00,632
46.165,16.75,0.12,1.09,0.86,10.75,0.32,632
46.182,16.68,0.07,0.80,0.55,10.74,0.00,632
46.198,16.76,0.09,1.14,0.87,10.70,0.32,630
46.215,16.72,0.06,0.59,0.47,10.68,0.00,627
46.232,16.73,0.06,0.71,0.61,10.70,0.21,626
46.248,16.65,0.06,0.78,0.54,10.61,0.00,626
46.266,17.09,0.08,1.00,0.92,10.80,0.32,623
46.282,16.47,0.05,0.54,0.44,10.74,0.00,623
46.299,16.69,0.08,1.09,0.85,10.76,0.32,621
46.315,16.76,0.06,0.81,0.56,10.70,0.00,621
46.332,16.66,0.07,1.00,0.84,10.79,0.32,618
46.349,16.83,0.05,0.58,0.44,10.74,0.00,618
46.366,16.68,0.05,0.93,0.96,10.84,0.32,616
46.382,16.74,0.05,0.77,0.56,10.84,0.00,615
46.399,16.66,0.08,1.04,0.83,10.84,0.32,617
46.416,16.80,0.06,0.74,0.58,10.98,0.00,617
46.433,16.73,0.12,1.07,0.89,10.97,0.32,617
46.449,16.75,0.05,0.57,0.44,10.99,0.00,615
46.466,16.68,0.05,0.87,0.95,11.00,0.32,614
46.483,16.73,0.05,0.69,0.57,10.96,0.00,612
46.499,16.72,0.05,0.84,0.86,10.91,0.32,612
46.516,16.74,0.06,0.75,0.56,10.90,0.00,609
46.533,16.68,0.07,1.10,0.95,10.91,0.32,610
46.550,16.80,0.07,0.72,0.62,10.90,0.00,611
46.566,16.67,0.07,1.04,0.87,11.05,0.32,610
46.583,16.77,0.04,0.56,0.47,11.08,0.00,609
46.600,16.74,0.05,0.68,0.60,11.17,0.22,606
46.616,16.69,0.18,0.87,0.57,11.19,0.00,642
46.633,16.73,0.09,1.18,0.96,11.88,0.41,639
46.650,16.78,0.06,0.74,0.45,11.99,0.00,638
46.667,16.70,0.05,0.83,0.58,12.08,0.21,637
46.683,16.74,0.06,0.85,0.56,12.07,0.00,637
46.700,16.72,0.09,1.40,1.14,12.07,0.63,680
46.717,16.73,0.08,1.07,0.62,12.07,0.00,681
46.734,16.72,0.08,1.05,0.63,13.82,0.21,680
46.750,16.69,0.08,1.08,0.56,8.91,0.00,676
46.765,15.09,0.08,1.02,1.32,9.34,0.36,685
46.784,18.37,0.09,1.11,0.55,12.74,0.00,684
46.801,16.83,0.08,1.17,0.81,16.08,0.28,686
46.817,16.62,0.07,0.86,0.54,16.08,0.00,687
46.834,16.72,0.08,1.14,0.63,9.18,0.21,688
46.851,16.71,0.11,1.15,0.65,8.07,0.00,689
46.867,16.81,0.22,1.61,0.95,12.75,0.32,688
46.884,16.65,0.09,1.11,0.66,14.02,0.00,687
46.901,16.77,0.11,1.60,1.13,13.64,0.49,686
46.918,17.58,0.15,1.35,0.69,13.64,0.00,686
46.935,16.16,0.08,1.02,0.68,10.08,0.22,687
46.951,16.48,0.08,1.12,0.56,13.19,0.00,686
46.968,16.72,0.08,1.08,0.68,13.80,0.21,684
46.985,16.79,0.11,1.11,0.65,14.13,0.00,687
47.001,16.68,0.10,1.60,1.00,14.02,0.42,691
47.018,16.73,0.09,1.17,0.67,13.59,0.00,691
47.035,16.70,0.12,1.57,0.91,14.07,0.36,688
47.051,16.69,0.09,1.22,0.59,14.34,0.00,689
47.068,16.78,0.10,1.64,0.99,15.47,0.33,689
47.085,16.73,0.06,0.78,0.51,15.47,0.00,688
47.102,16.73,0.08,1.12,0.63,14.57,0.21,687
47.118,16.75,0.07,0.91,0.56,7.53,0.00,688
47.135,16.74,0.06,0.81,0.52,7.81,0.17,687
47.152,16.67,0.08,1.11,0.62,9.94,0.00,685
47.169,16.74,0.11,1.54,1.02,13.25,0.42,687
47.185,16.82,0.17,1.05,0.66,13.44,0.00,687
47.202,16.67,0.08,1.53,0.90,13.42,0.32,686
47.219,16.67,0.09,1.13,0.56,13.30,0.00,681
47.236,16.78,0.07,1.09,0.60,13.20,0.22,681
47.252,16.68,0.07,1.09,0.54,13.06,0.00,682
47.269,16.83,0.10,1.55,0.90,13.02,0.37,682
47.286,16.70,0.08,1.10,0.55,12.93,0.00,680
47.302,16.71,0.10,1.43,0.89,12.90,0.32,681
47.319,16.70,0.08,1.01,0.56,12.99,0.00,680
47.336,16.74,0.10,1.56,0.92,13.03,0.32,680
47.353,16.72,0.06,0.82,0.45,13.00,0.00,679
47.369,16.78,0.07,1.49,0.93,13.03,0.40,681
47.386,16.71,0.08,1.06,0.53,13.01,0.00,682
47.403,16.75,0.07,1.03,0.70,12.98,0.22,683
47.419,16.69,0.08,1.06,0.59,12.92,0.00,683
47.436,16.75,0.10,1.51,0.95,12.89,0.33,683
47.453,16.68,0.09,1.08,0.59,12.83,0.00,686
47.470,16.80,0.07,1.02,0.66,13.09,0.19,685
47.484,14.57,0.07,0.84,2.00,12.98,0.00,685
47.503,18.87,0.07,1.44,0.98,12.90,0.39,685
47.520,16.70,0.07,0.83,0.50,12.90,0.00,684
47.537,16.73,0.07,1.56,0.90,12.88,0.31,683
47.553,16.74,0.08,1.02,0.59,12.82,0.00,680
47.571,17.73,0.26,1.99,0.96,12.80,0.35,711
47.587,16.35,0.09,1.31,0.54,13.38,0.00,710
47.604,16.13,0.09,1.17,0.68,13.38,0.18,711
47.620,16.78,0.07,0.90,0.51,13.38,0.00,711
47.637,16.69,0.08,1.60,0.96,13.36,0.32,710
47.654,16.71,0.11,1.19,0.64,13.35,0.00,709
47.667,13.37,0.08,1.04,3.23,13.34,0.36,708
47.684,16.62,0.07,0.82,3.21,13.40,0.00,708
47.700,16.53,0.05,0.56,3.30,13.38,0.12,711
47.721,21.21,0.06,0.59,0.66,13.37,0.00,712
47.734,12.09,0.10,1.11,19.79,19.40,0.14,712
47.755,21.08,0.06,0.65,16.48,12.75,0.00,712
47.772,17.32,0.07,0.68,32.84,15.41,0.16,715
47.821,49.07,0.09,0.84,0.73,15.41,0.10,714
47.838,16.71,0.08,0.80,17.25,18.33,0.11,707
47.856,18.25,0.08,0.79,15.53,13.01,0.00,705
47.873,16.52,0.08,0.88,32.42,15.45,0.16,701
47.921,48.94,0.12,0.80,0.69,15.45,0.09,705
47.938,16.73,0.07,0.68,17.31,15.95,0.10,705
47.956,18.16,0.08,0.77,15.73,15.72,0.00,704
47.973,16.69,0.08,0.78,32.35,17.16,0.16,702
48.022,48.81,0.10,0.74,0.81,17.16,0.09,700
48.039,16.72,0.07,0.79,17.08,15.04,0.10,699
48.057,18.05,0.08,0.74,15.42,15.04,0.00,699
48.073,16.32,0.06,0.69,32.96,11.70,0.16,699
48.122,49.26,0.06,0.65,0.80,11.70,0.12,688
48.136,13.97,0.06,0.56,20.06,13.63,0.09,697
48.157,21.07,0.08,0.79,15.33,13.63,0.00,696
48.174,16.53,0.07,0.65,32.44,22.18,0.14,691
48.223,48.83,0.09,0.68,0.85,15.92,0.10,686
48.239,16.63,0.09,0.76,16.82,16.37,0.08,687
48.257,18.08,0.06,0.58,15.31,11.48,0.00,684
48.273,16.11,0.05,0.62,32.78,13.03,0.24,684
48.308,34.37,0.10,0.97,15.25,12.30,0.19,682
48.325,17.11,0.12,0.77,14.35,12.26,0.00,682
48.340,15.35,0.06,0.75,15.69,12.08,0.17,682
48.357,16.59,0.06,0.72,16.11,12.21,0.00,680
48.374,17.03,0.06,0.81,15.49,12.29,0.16,681
48.390,16.45,0.06,0.78,16.02,12.32,0.00,679
48.407,16.97,0.07,0.76,15.74,12.31,0.21,680
48.424,16.68,0.06,0.79,15.81,12.13,0.00,678
48.441,16.77,0.06,0.74,15.75,12.20,0.18,677
48.457,16.66,0.06,0.85,15.97,12.13,0.00,676
48.474,16.99,0.07,0.77,15.57,12.06,0.24,671
48.491,16.52,0.06,0.81,15.80,11.91,0.00,669
48.508,16.78,0.06,0.77,15.68,11.78,0.17,668
48.524,16.61,0.05,0.79,15.91,11.77,0.00,666
48.541,16.87,0.06,0.78,15.71,11.51,0.20,665
48.558,16.64,0.06,0.73,15.95,11.54,0.00,661
48.575,16.87,0.08,0.98,15.46,11.48,0.23,660
48.591,16.64,0.19,0.91,15.54,11.34,0.00,659
48.608,16.77,0.08,0.89,15.52,11.34,0.24,658
48.625,16.61,0.20,1.12,15.53,11.32,0.00,722
48.644,19.51,0.26,1.02,12.98,11.83,0.37,731
48.659,14.87,0.09,1.36,14.27,12.48,0.00,728
48.675,15.94,0.21,0.51,15.86,12.29,0.26,738
48.692,17.16,0.12,0.93,15.18,12.64,0.00,738
48.709,16.59,0.09,0.94,15.18,12.63,0.26,738
48.725,16.42,0.08,0.95,16.18,12.57,0.00,732
48.743,17.38,0.10,1.01,14.85,12.48,0.30,729
48.759,16.06,0.08,0.93,15.77,12.31,0.00,729
48.776,16.90,0.09,1.06,15.71,12.09,0.41,728
48.793,17.03,0.15,1.64,14.36,11.99,0.00,727
48.809,16.85,0.15,0.72,15.55,11.91,0.41,728
48.827,17.18,0.11,1.36,14.17,12.12,0.00,727
48.843,16.04,0.09,0.85,15.67,12.07,0.40,725
48.859,16.80,0.12,1.31,14.71,11.98,0.00,723
48.876,16.27,0.15,0.86,15.97,11.92,0.39,721
48.893,17.14,0.11,1.29,14.88,11.86,0.00,720
48.909,16.42,0.08,0.86,15.93,11.86,0.40,716
48.926,17.03,0.11,1.35,14.59,11.81,0.00,714
48.942,16.16,0.07,0.66,16.06,11.74,0.22,714
48.959,16.95,0.13,1.27,15.16,11.73,0.00,714
48.976,16.71,0.08,0.82,16.01,11.76,0.38,713
48.993,17.08,0.11,1.39,14.78,11.67,0.00,711
49.010,16.42,0.09,0.81,16.16,11.74,0.34,710
49.027,17.23,0.12,1.39,14.79,11.72,0.00,708
49.043,16.45,0.08,0.66,15.68,11.53,0.24,707
49.060,16.60,0.11,1.28,15.14,11.51,0.00,705
49.077,16.67,0.08,0.92,15.89,11.55,0.36,702
49.094,17.06,0.11,1.29,14.77,11.45,0.00,696
49.110,16.31,0.09,0.78,16.12,11.47,0.39,696
49.127,17.15,0.11,1.19,14.99,11.52,0.00,696
49.143,16.42,0.10,0.84,15.99,11.56,0.42,693
49.161,17.08,0.11,1.26,14.84,11.52,0.00,690
49.177,16.36,0.08,0.78,16.00,11.45,0.39,683
49.194,17.01,0.11,1.20,15.30,11.47,0.00,681
49.213,19.04,0.09,0.82,13.57,11.37,0.21,691
49.228,14.91,0.09,0.87,15.21,11.74,0.17,690
49.245,16.82,0.15,0.68,14.86,11.61,0.00,689
49.261,15.91,0.08,0.65,15.64,11.74,0.00,690
49.277,16.49,0.08,0.86,17.30,11.75,0.58,688
49.296,18.43,0.12,1.34,13.52,11.56,0.09,686
49.311,15.09,0.06,0.76,15.79,11.67,0.00,683
49.327,16.70,0.07,0.66,15.81,11.50,0.00,684
49.344,16.66,0.11,1.22,15.98,11.60,0.45,685
49.361,17.48,0.10,1.18,15.08,11.64,0.15,684
49.379,17.35,0.12,0.88,14.51,11.61,0.00,685
49.395,16.06,0.08,0.83,15.12,11.66,0.20,686
49.411,16.20,0.10,1.28,15.25,11.79,0.00,685
49.428,16.77,0.08,0.84,15.98,11.82,0.36,683
49.445,17.05,0.10,1.22,14.78,11.80,0.00,682
49.461,16.20,0.08,0.60,16.48,11.79,0.30,681
49.478,17.35,0.11,1.26,14.77,11.80,0.00,679
49.495,16.29,0.08,0.86,15.95,11.81,0.37,679
49.512,17.04,0.10,1.23,14.97,11.73,0.00,678
49.528,16.43,0.08,0.82,16.02,11.73,0.34,673
49.545,17.09,0.15,1.54,14.35,11.69,0.00,721
49.561,16.15,0.07,0.72,16.92,16.03,0.98,719
49.579,17.86,0.13,1.28,14.44,16.03,0.00,716
49.595,15.99,0.19,1.14,15.38,10.84,0.31,714
49.612,16.83,0.09,1.03,15.30,13.76,0.00,711
49.629,16.59,0.09,0.99,15.68,14.24,0.36,710
49.646,16.93,0.13,1.47,14.76,14.04,0.00,711
49.662,16.49,0.09,1.00,15.77,14.32,0.38,710
49.679,17.02,0.13,1.52,14.56,14.93,0.00,706
49.695,16.35,0.09,0.91,16.05,15.88,0.53,708
49.713,17.22,0.13,1.51,14.55,15.88,0.00,703
49.729,16.33,0.09,0.91,15.82,13.98,0.36,701
49.746,16.97,0.13,1.45,14.74,8.64,0.00,696
49.762,16.44,0.10,1.00,15.81,9.06,0.29,692
49.780,17.10,0.13,1.38,14.71,11.79,0.00,689
49.796,16.38,0.09,0.98,15.81,15.45,0.30,682
49.813,17.02,0.12,1.35,14.79,15.45,0.00,679
49.829,16.42,0.11,0.89,15.88,15.54,0.30,672
49.846,17.04,0.12,1.36,14.63,11.36,0.00,666
49.863,16.25,0.12,0.92,15.80,12.35,0.35,661
49.880,17.00,0.12,1.33,14.93,14.52,0.00,653
49.896,16.51,0.09,0.93,15.81,15.83,0.39,633
49.913,16.98,0.12,1.32,15.05,15.74,0.00,614
49.930,16.63,0.09,0.95,16.09,15.32,0.31,585
49.950,19.89,0.09,1.00,12.62,14.73,0.00,473
49.964,14.29,0.09,0.96,14.29,11.77,0.12,473
49.979,15.42,0.10,1.67,15.35,11.57,0.00,464
49.997,17.74,0.11,0.96,15.52,12.24,0.56,463
50.014,17.08,0.12,1.51,14.26,12.14,0.00,506
50.030,16.12,0.16,0.93,16.20,12.38,0.32,511
50.048,17.52,0.23,1.45,14.03,12.25,0.00,507
50.064,15.85,0.11,1.06,15.67,12.23,0.50,485
50.081,16.98,0.12,1.35,14.86,12.07,0.00,460
50.098,17.40,0.10,0.91,14.82,12.01,0.36,437
50.115,16.48,0.12,1.46,14.15,11.57,0.00,431
50.131,16.13,0.09,0.86,15.76,11.55,0.39,430
50.148,16.90,0.12,1.36,14.59,11.43,0.00,426
50.164,16.21,0.09,0.87,15.98,11.54,0.42,406
50.181,17.08,0.12,1.32,15.08,11.44,0.00,389
50.198,16.69,0.10,0.98,15.63,11.36,0.39,369
50.214,16.87,0.12,1.32,14.72,11.05,0.00,368
50.231,16.30,0.09,0.87,15.92,10.91,0.40,368
50.248,17.04,0.11,1.31,14.84,10.81,0.00,363
50.264,16.40,0.09,0.84,15.97,10.79,0.40,361
50.281,17.06,0.12,1.30,14.69,10.70,0.00,361
50.297,16.21,0.10,0.66,16.38,10.69,0.39,362
50.315,17.30,0.12,1.33,14.75,10.73,0.00,362
50.331,16.32,0.09,0.92,15.93,10.70,0.41,361
50.348,17.09,0.11,1.32,14.67,10.63,0.00,358
50.364,16.21,0.08,0.65,16.35,10.61,0.38,356
50.382,17.24,0.11,1.37,14.76,10.61,0.00,352
50.398,16.37,0.09,0.82,16.07,10.64,0.40,351
50.415,17.14,0.19,1.45,14.55,10.55,0.00,351
50.431,16.33,0.09,0.82,16.01,10.61,0.40,350
50.449,17.08,0.11,1.33,14.81,10.57,0.00,344
50.465,16.39,0.09,0.89,15.94,10.69,0.37,332
50.482,17.07,0.11,1.40,14.72,10.67,0.00,322
50.498,16.34,0.08,0.84,16.26,10.60,0.40,311
50.516,17.35,0.11,1.28,14.63,10.29,0.00,310
50.532,16.15,0.08,0.91,15.96,10.25,0.41,308
50.549,17.12,0.12,1.37,14.55,10.20,0.00,306
50.565,16.15,0.07,0.62,16.41,10.24,0.40,306
50.582,17.26,0.11,1.23,14.93,10.33,0.00,305
50.599,16.38,0.09,0.83,16.20,10.31,0.61,311
50.616,17.28,0.14,1.25,14.52,10.33,0.00,379
50.632,16.02,0.15,0.77,16.26,10.77,0.49,425
50.649,17.33,0.11,1.35,14.70,11.16,0.00,433
50.666,16.30,0.08,0.83,16.07,11.23,0.37,433
50.683,17.14,0.28,1.45,14.29,11.28,0.00,442
50.699,16.14,0.07,0.73,16.25,11.61,0.53,454
50.716,17.20,0.12,1.39,14.86,11.57,0.00,457
50.733,16.51,0.09,0.89,15.93,11.80,0.42,456
50.750,17.06,0.13,1.50,14.57,11.83,0.00,457
50.766,16.33,0.09,0.98,15.85,12.10,0.40,455
50.783,17.07,0.12,1.45,14.71,12.16,0.00,453
50.800,16.41,0.09,0.91,15.47,12.25,0.21,450
50.816,16.65,0.21,1.46,14.99,12.34,0.00,449
50.833,16.80,0.09,1.00,15.82,12.37,0.39,447
50.850,17.05,0.11,1.44,14.50,12.47,0.00,445
50.866,16.16,0.07,0.74,16.31,12.54,0.38,443
50.883,17.33,0.13,1.47,14.60,12.68,0.00,437
50.900,16.35,0.09,1.04,15.58,12.71,0.22,435
50.917,16.85,0.09,0.96,15.52,12.92,0.00,434
50.933,16.73,0.09,0.92,15.47,12.95,0.22,434
50.950,16.65,0.13,1.43,14.97,12.87,0.00,432
50.967,16.70,0.08,1.04,15.66,12.95,0.40,431
50.984,17.19,0.13,1.36,14.87,12.76,0.00,429
51.000,16.51,0.10,0.94,15.96,12.91,0.55,433
51.018,17.16,0.12,1.49,14.37,12.88,0.00,477
51.034,16.12,0.09,1.02,15.80,13.11,0.38,481
51.051,17.06,0.12,1.48,14.92,13.24,0.00,485
51.068,16.71,0.11,1.05,15.56,11.81,0.40,482
51.084,16.90,0.12,1.44,14.37,11.86,0.00,464
51.100,16.06,0.07,0.75,16.50,11.82,0.36,444
51.121,20.18,0.10,0.93,12.52,11.45,0.00,450
51.135,13.88,0.08,0.79,14.96,12.08,0.16,446
51.150,15.90,0.06,0.67,17.06,11.91,0.00,422
51.169,18.50,0.14,1.49,14.03,11.84,0.43,404
51.185,16.09,0.13,1.82,14.06,11.66,0.00,392
51.201,16.20,0.10,1.12,16.18,11.07,0.45,393
51.219,17.85,0.14,1.40,13.75,11.09,0.00,391
51.235,15.79,0.10,0.94,15.50,11.18,0.23,388
51.252,16.67,0.08,0.97,15.25,10.99,0.00,386
51.268,16.43,0.09,1.09,15.81,10.95,0.45,386
51.285,17.12,0.13,1.41,14.87,10.89,0.00,381
51.302,17.23,0.17,1.13,14.91,10.79,0.32,382
51.319,16.99,0.24,1.00,14.34,10.75,0.00,380
51.335,15.71,0.09,1.06,15.64,10.70,0.40,379
51.352,16.94,0.15,1.44,14.58,10.62,0.00,379
51.368,16.30,0.09,0.95,15.93,10.72,0.37,378
51.385,17.13,0.12,1.50,14.37,10.64,0.00,375
51.402,16.09,0.07,0.80,16.24,10.57,0.31,370
51.419,17.30,0.13,1.41,14.76,10.56,0.00,368
51.435,16.47,0.09,0.95,15.97,10.40,0.55,372
51.452,17.16,0.11,1.49,14.32,10.30,0.00,471
51.468,16.03,0.07,0.74,16.36,10.35,0.39,471
51.486,17.31,0.12,1.50,14.61,10.48,0.00,479
51.502,16.35,0.09,0.89,15.95,10.50,0.39,464
51.519,17.09,0.11,1.12,15.01,10.17,0.00,464
51.536,16.39,0.08,0.81,15.79,10.16,0.25,448
51.552,16.80,0.08,0.77,15.76,10.09,0.00,447
51.569,16.74,0.08,0.86,15.95,10.13,0.38,444
51.586,17.05,0.12,1.09,15.31,10.05,0.00,440
51.603,16.69,0.10,0.78,15.89,10.12,0.54,442
51.620,16.93,0.11,1.28,14.44,9.95,0.00,468
51.636,15.95,0.06,0.63,16.43,10.23,0.39,472
51.653,17.29,0.12,1.06,15.11,10.32,0.00,473
51.669,16.43,0.08,0.77,16.06,10.38,0.41,472
51.687,17.06,0.11,1.12,14.99,10.41,0.00,465
51.703,16.35,0.09,0.79,16.21,10.41,0.58,465
51.720,17.24,0.11,1.14,14.88,10.45,0.00,465
51.736,16.26,0.09,0.76,16.02,10.53,0.38,464
51.753,17.01,0.11,1.08,15.13,10.47,0.00,462
51.770,16.47,0.08,0.78,16.04,10.52,0.40,462
51.787,17.06,0.11,1.17,14.94,10.57,0.00,461
51.803,16.35,0.09,0.73,16.13,10.56,0.40,460
51.820,17.10,0.11,1.11,15.04,10.66,0.00,460
51.837,16.41,0.08,0.72,16.04,10.72,0.38,457
51.854,16.99,0.11,1.10,15.03,10.72,0.00,455
51.870,16.38,0.08,0.72,16.19,10.75,0.41,453
51.887,17.14,0.11,1.12,14.95,10.75,0.00,451
51.904,16.31,0.08,0.70,16.16,10.75,0.36,440
51.921,17.10,0.11,1.13,14.87,10.76,0.00,426
51.937,16.23,0.07,0.59,16.43,10.71,0.39,401
51.954,17.24,0.11,1.09,15.05,10.29,0.00,396
51.971,16.38,0.09,0.69,16.21,10.36,0.40,396
51.988,17.14,0.10,1.17,14.74,10.32,0.00,393
52.004,16.15,0.07,0.62,16.58,10.30,0.56,398
52.021,17.44,0.17,1.07,14.84,10.29,0.00,437
52.037,16.21,0.08,0.69,16.18,10.43,0.40,446
52.055,17.11,0.10,1.08,15.02,10.46,0.00,442
52.071,16.33,0.10,0.74,16.22,10.46,0.41,434
52.088,17.23,0.11,1.11,15.07,10.53,0.00,414
52.105,16.45,0.09,0.62,15.95,10.41,0.32,402
52.121,16.79,0.09,0.69,15.64,10.35,0.00,401
52.138,16.57,0.08,0.81,15.94,10.37,0.39,391
52.155,16.98,0.10,1.04,14.92,10.36,0.00,374
52.171,16.21,0.07,0.54,16.49,10.38,0.38,359
52.188,17.27,0.10,1.10,14.92,10.37,0.00,343
52.205,16.26,0.07,0.72,16.25,10.04,0.38,343
52.222,17.20,0.10,1.02,15.34,10.01,0.00,340
52.238,16.62,0.08,0.74,15.85,10.00,0.40,340
52.255,16.83,0.10,0.99,15.14,9.98,0.00,340
52.272,16.40,0.08,0.69,16.10,10.11,0.40,340
52.289,17.03,0.10,1.05,15.13,10.09,0.00,335
52.305,16.41,0.08,0.76,16.08,10.11,0.40,332
52.322,17.06,0.10,1.01,15.01,10.14,0.00,333
52.338,16.24,0.07,0.57,16.43,10.10,0.38,333
52.356,17.23,0.10,1.05,15.04,10.27,0.00,332
52.372,16.32,0.08,0.66,16.26,10.34,0.40,331
52.389,17.14,0.10,1.01,15.13,10.50,0.00,330
52.406,16.38,0.08,0.69,16.17,10.57,0.39,329
52.423,17.10,0.10,1.04,15.15,10.78,0.00,324
52.439,16.41,0.08,0.74,16.24,10.73,0.56,328
52.456,17.22,0.10,1.07,14.67,10.78,0.00,430
52.472,15.97,0.06,0.52,16.57,11.06,0.39,430
52.490,17.30,0.10,0.98,15.18,11.07,0.00,435
52.506,16.41,0.07,0.74,16.08,11.11,0.39,425
52.523,17.20,0.10,1.04,14.93,10.73,0.00,425
52.539,16.19,0.07,0.93,15.98,10.76,0.41,423
52.556,17.17,0.10,1.02,14.98,10.73,0.00,418
52.573,16.21,0.22,0.60,15.88,10.73,0.28,448
52.590,16.86,0.18,1.20,15.16,11.27,0.00,436
52.606,16.67,0.08,0.82,16.29,11.35,0.57,536
52.624,17.33,0.11,1.26,14.48,11.53,0.00,556
52.640,15.98,0.07,0.57,16.44,11.75,0.39,563
52.657,17.24,0.11,1.09,15.08,11.84,0.00,560
52.673,16.41,0.08,0.72,16.16,11.92,0.40,551
52.690,17.11,0.11,1.03,15.09,11.88,0.00,548
52.707,16.37,0.08,0.73,16.27,11.85,0.57,573
52.724,17.23,0.11,0.99,15.17,12.06,0.00,558
52.740,16.43,0.10,0.79,16.02,12.10,0.50,553
52.757,17.07,0.11,1.07,14.73,12.01,0.00,544
52.773,16.04,0.08,0.57,16.47,11.96,0.43,540
52.791,17.33,0.20,1.13,14.58,11.92,0.00,537
52.807,16.06,0.07,0.56,16.08,11.90,0.22,536
52.824,16.82,0.08,0.75,15.86,11.80,0.00,528
52.840,16.82,0.08,0.69,16.19,11.83,0.40,525
52.858,17.12,0.11,1.03,15.10,11.72,0.00,514
52.874,16.38,0.08,0.74,16.05,11.82,0.39,511
52.891,17.03,0.11,1.05,15.11,11.75,0.00,505
52.907,16.40,0.08,0.76,16.27,11.68,0.44,488
52.928,20.23,0.09,0.71,12.67,11.58,0.00,472
52.942,13.95,0.09,0.73,14.73,12.00,0.14,449
52.957,15.65,0.05,0.46,16.62,11.47,0.00,443
52.975,17.58,0.12,0.88,15.68,11.39,0.44,440
52.992,17.11,0.12,1.14,14.62,11.30,0.00,439
53.008,16.06,0.09,0.83,15.99,11.20,0.57,444
53.025,17.06,0.09,0.75,15.42,11.11,0.00,466
53.042,17.32,0.09,0.56,14.73,11.11,0.22,469
53.059,16.14,0.11,1.07,14.88,11.23,0.00,445
53.075,16.41,0.10,0.73,15.81,11.06,0.35,430
53.092,16.83,0.11,1.16,15.32,10.94,0.00,403
53.109,16.75,0.09,0.76,15.90,10.43,0.42,398
53.125,16.96,0.15,1.01,15.11,10.42,0.00,394
53.145,19.04,0.10,0.72,13.09,10.22,0.22,392
53.159,14.29,0.08,0.82,15.31,10.82,0.00,380
53.175,16.36,0.09,0.80,15.86,10.85,0.30,366
53.192,17.16,0.16,0.76,15.26,10.54,0.00,353
53.209,16.61,0.08,0.84,15.71,10.31,0.36,352
53.226,16.88,0.11,1.24,15.28,10.26,0.00,352
53.243,16.77,0.10,0.84,15.32,10.21,0.35,347
53.259,16.39,0.11,1.25,15.21,10.08,0.00,347
53.276,16.69,0.08,0.92,15.94,10.12,0.48,344
53.294,18.32,0.10,0.75,13.96,9.97,0.00,344
53.310,15.52,0.08,0.70,15.56,10.15,0.40,343
53.326,16.50,0.10,1.07,15.10,10.10,0.00,345
53.342,16.40,0.09,0.76,16.02,10.20,0.35,343
53.359,17.03,0.11,1.06,15.08,10.16,0.00,342
53.376,16.38,0.08,0.70,16.18,10.16,0.38,340
53.393,17.11,0.11,0.98,15.16,10.05,0.00,336
53.409,16.39,0.10,0.74,16.12,10.06,0.39,334
53.426,17.10,0.11,1.00,15.11,10.14,0.00,333
53.443,16.36,0.08,0.73,16.23,10.10,0.53,337
53.460,17.18,0.15,1.04,14.99,10.08,0.00,425
53.476,16.32,0.08,0.74,16.13,10.46,0.42,432
53.493,17.11,0.11,1.08,15.23,10.63,0.00,441
53.510,16.58,0.09,0.72,15.84,10.58,0.38,430
53.527,16.81,0.10,0.96,15.34,10.24,0.00,428
53.543,16.55,0.08,0.71,15.95,10.29,0.40,414
53.560,16.91,0.10,0.94,14.97,10.25,0.00,411
53.576,16.15,0.07,0.54,16.56,10.36,0.41,411
53.594,17.34,0.10,0.99,15.13,10.37,0.00,412
53.610,16.36,0.08,0.71,16.34,10.38,0.57,500
53.627,17.28,0.26,1.32,14.46,10.65,0.00,551
53.644,16.16,0.08,0.86,16.23,11.39,0.51,566
53.661,17.33,0.11,1.27,14.57,11.50,0.00,559
53.677,16.07,0.07,0.63,16.40,11.43,0.37,546
53.694,17.26,0.11,1.19,15.03,11.79,0.00,592
53.711,16.46,0.09,0.94,16.24,12.12,0.58,611
53.728,17.45,0.20,1.20,14.62,12.35,0.13,600
53.744,16.16,0.09,0.91,15.41,12.42,0.00,598
53.761,16.54,0.08,0.86,15.65,12.63,0.00,586
53.778,16.74,0.13,1.25,15.69,12.52,0.53,580
53.795,17.23,0.10,1.20,14.89,12.42,0.13,573
53.811,16.33,0.10,0.88,15.50,12.35,0.00,567
53.828,16.62,0.08,0.82,16.05,12.35,0.41,557
53.845,17.10,0.11,1.24,14.87,12.25,0.00,543
53.861,16.36,0.08,0.78,16.06,12.30,0.40,533
53.878,17.07,0.10,1.22,14.87,12.35,0.00,526
53.895,16.33,0.09,0.82,16.05,12.37,0.40,510
53.912,17.11,0.10,1.24,14.93,12.49,0.00,496
53.928,16.40,0.07,0.81,16.00,12.59,0.40,471
53.945,17.04,0.10,1.14,15.05,12.52,0.00,436
53.962,16.42,0.08,0.77,16.06,12.14,0.40,432
53.979,17.06,0.10,1.20,14.92,12.15,0.00,431
53.995,16.35,0.08,0.81,16.29,12.02,0.53,432
54.012,17.33,0.10,1.25,14.75,11.94,0.00,533
54.028,16.23,0.08,0.77,16.09,12.13,0.44,546
54.046,17.09,0.10,1.23,14.63,12.06,0.00,553
54.062,16.09,0.06,0.63,16.39,12.07,0.32,533
54.079,17.26,0.11,1.13,15.07,11.88,0.00,499
54.095,16.44,0.07,0.74,16.17,11.81,0.40,458
54.113,17.14,0.10,1.16,15.19,11.33,0.00,454
54.129,16.62,0.09,0.84,15.73,11.27,0.43,444
54.146,16.84,0.10,1.13,14.83,11.25,0.00,438
54.162,16.19,0.07,0.67,16.00,11.10,0.22,425
54.179,16.91,0.11,1.18,15.21,11.27,0.00,409
54.196,16.64,0.07,0.75,16.16,11.32,0.38,394
54.213,17.17,0.10,1.20,14.68,11.04,0.00,390
54.229,16.12,0.06,0.59,16.42,11.01,0.37,386
54.246,17.25,0.10,1.14,15.02,10.78,0.00,427
54.263,16.39,0.07,0.78,16.05,10.99,0.35,421
54.280,17.06,0.10,1.12,15.09,10.80,0.00,413
54.296,16.45,0.08,0.78,16.04,10.70,0.38,404
54.313,17.06,0.10,1.15,15.02,10.60,0.00,395
54.330,16.42,0.07,0.76,16.03,10.52,0.39,391
54.347,17.02,0.10,1.17,14.96,10.34,0.00,387
54.363,16.36,0.07,0.83,16.05,10.44,0.39,381
54.380,17.11,0.09,1.11,14.82,10.47,0.00,370
54.396,16.16,0.06,0.55,16.54,10.39,0.40,362
54.414,17.33,0.10,1.09,15.04,10.42,0.00,357
54.430,16.36,0.07,0.80,16.24,10.41,0.57,354
54.447,17.26,0.10,1.13,14.87,10.33,0.00,390
54.463,16.25,0.07,0.75,16.04,10.46,0.37,401
54.480,17.01,0.10,1.09,15.02,10.52,0.00,410
54.497,16.34,0.08,0.76,16.12,10.52,0.37,389
54.514,17.13,0.10,1.14,15.00,10.13,0.00,383
54.530,16.39,0.06,0.70,16.15,10.03,0.41,379
54.547,17.08,0.07,0.96,15.15,10.00,0.00,373
54.564,16.33,0.06,0.65,16.26,9.97,0.40,373
54.581,17.12,0.07,0.95,15.24,9.99,0.00,373
54.597,16.41,0.06,0.69,16.28,9.92,0.58,371
54.614,17.19,0.07,1.04,14.99,9.77,0.00,448
54.631,16.22,0.05,0.67,16.20,10.14,0.38,473
54.648,17.09,0.08,0.95,15.03,10.22,0.00,484
54.664,16.18,0.04,0.50,16.45,10.34,0.23,467
54.681,17.14,0.06,0.65,15.46,10.33,0.00,509
54.697,16.29,0.04,0.42,16.09,10.51,0.19,507
54.714,16.65,0.04,0.35,17.15,10.53,0.00,528
54.732,17.75,0.09,1.02,15.20,10.64,0.41,525
54.748,16.46,0.07,1.01,15.12,10.64,0.00,523
54.765,16.34,0.06,0.65,16.21,10.72,0.40,519
54.782,17.08,0.07,1.00,15.15,10.71,0.00,510
54.798,16.36,0.06,0.64,16.22,10.69,0.39,504
54.815,17.11,0.07,1.00,15.12,10.82,0.00,491
54.831,16.33,0.06,0.63,16.25,10.85,0.39,481
54.849,17.12,0.07,0.99,14.93,10.74,0.00,464
54.865,16.14,0.05,0.51,16.60,10.77,0.39,457
54.882,17.33,0.07,0.99,15.10,10.83,0.00,450
54.898,16.30,0.05,0.64,16.28,10.88,0.40,434
54.915,17.13,0.07,1.02,15.17,10.85,0.00,414
54.932,16.41,0.06,0.62,16.19,10.91,0.40,386
54.949,17.02,0.08,0.92,15.39,10.57,0.00,386
54.965,16.51,0.05,0.67,16.06,10.81,0.39,378
54.982,16.93,0.07,0.93,15.21,10.76,0.00,378
54.999,16.34,0.06,0.64,16.47,10.81,0.58,379
55.016,17.33,0.07,1.01,15.03,10.75,0.00,486
55.032,16.25,0.05,0.77,16.12,11.09,0.39,496
55.053,20.54,0.09,1.02,11.79,11.12,0.00,515
55.066,13.34,0.11,0.55,15.19,11.64,0.13,490
55.083,16.39,0.04,0.38,16.50,11.64,0.00,452
55.101,18.20,0.07,0.83,14.21,11.61,0.22,416
55.117,16.13,0.08,0.96,14.67,11.36,0.00,415
55.133,15.85,0.07,0.73,17.11,11.44,0.68,405
55.152,18.87,0.17,0.80,13.83,11.49,0.00,394
55.167,15.49,0.07,0.76,14.86,11.56,0.22,384
55.183,16.26,0.06,0.71,15.41,11.61,0.00,360
55.200,17.01,0.15,0.65,15.33,11.65,0.41,349
55.217,16.56,0.07,0.92,14.97,11.39,0.00,349
55.233,16.06,0.05,0.68,16.21,11.49,0.40,343
55.250,17.10,0.07,0.87,15.23,11.42,0.00,386
55.266,16.32,0.05,0.63,16.29,11.73,0.40,383
55.284,17.16,0.07,0.91,15.31,11.68,0.00,378
55.300,16.42,0.05,0.68,16.11,11.59,0.35,368
55.317,16.98,0.09,1.04,15.10,11.48,0.00,360
55.333,16.35,0.05,0.63,16.25,11.35,0.33,352
55.350,17.08,0.07,0.90,15.31,11.29,0.00,347
55.367,16.42,0.05,0.64,16.19,11.25,0.32,341
55.384,17.05,0.09,0.90,15.28,11.29,0.00,335
55.400,16.40,0.05,0.63,16.22,11.28,0.31,329
55.417,17.05,0.07,0.86,15.33,11.49,0.00,322
55.434,16.39,0.05,0.69,16.36,11.44,0.55,318
55.451,17.26,0.07,0.92,14.88,11.39,0.00,361
55.467,16.00,0.04,0.53,16.20,11.69,0.22,371
55.484,16.93,0.07,0.87,15.72,11.69,0.00,379
55.501,16.80,0.05,0.68,16.20,11.71,0.42,367
55.518,17.12,0.07,0.85,15.26,11.23,0.00,367
55.534,16.31,0.05,0.67,16.26,11.02,0.38,361
55.551,17.14,0.07,0.86,15.13,10.76,0.00,362
55.567,16.18,0.04,0.51,16.53,10.75,0.39,348
55.585,17.23,0.07,0.85,15.55,10.64,0.00,348
55.604,19.02,0.06,0.61,13.52,10.52,0.37,357
55.618,14.54,0.05,0.62,15.58,11.11,0.00,444
55.635,16.68,0.19,0.57,15.51,11.49,0.29,497
55.652,16.78,0.07,0.74,15.35,11.74,0.00,514
55.668,16.36,0.16,0.66,16.48,11.72,0.46,495
55.686,17.45,0.12,1.28,14.56,12.03,0.00,566
55.702,16.08,0.11,1.13,15.24,12.01,0.35,576
55.718,16.58,0.07,0.97,15.62,12.14,0.00,570
55.735,16.77,0.08,0.90,15.98,12.09,0.40,569
55.752,17.12,0.14,1.30,14.77,11.96,0.00,565
55.768,16.32,0.08,0.93,16.02,11.89,0.38,557
55.786,17.15,0.11,1.33,14.87,11.84,0.00,555
55.803,17.54,0.18,0.89,14.60,11.75,0.32,537
55.819,16.39,0.11,1.39,14.00,11.72,0.00,526
55.835,15.84,0.12,0.66,16.07,11.63,0.36,512
55.852,17.02,0.19,1.47,14.78,11.38,0.00,527
55.869,16.57,0.09,1.10,15.84,15.18,0.56,626
55.886,17.19,0.12,1.60,14.48,15.18,0.00,647
55.902,16.34,0.10,1.27,15.45,13.68,0.40,663
55.919,16.98,0.12,1.69,14.41,14.59,0.00,675
55.936,16.36,0.09,1.18,15.74,14.85,0.41,677
55.953,17.17,0.12,1.64,14.48,15.07,0.00,685
55.969,16.38,0.09,1.19,15.51,15.10,0.36,695
55.986,16.96,0.13,1.82,14.33,14.77,0.00,707
56.003,16.42,0.09,1.11,15.70,14.75,0.34,714
56.020,17.10,0.13,1.72,14.35,15.05,0.00,715
56.036,16.35,0.09,1.16,15.84,15.91,0.47,717
56.053,17.25,0.13,1.61,14.47,15.91,0.00,717
56.070,16.35,0.10,1.18,15.59,14.28,0.41,719
56.087,17.02,0.13,1.85,14.28,8.81,0.00,717
56.103,16.39,0.09,1.12,15.19,9.44,0.22,715
56.120,16.50,0.09,1.31,15.35,11.88,0.00,714
56.137,16.89,0.09,1.17,15.72,14.45,0.41,718
56.154,17.13,0.12,1.87,14.58,14.45,0.00,722
56.170,16.77,0.11,1.21,15.30,15.89,0.40,722
56.187,16.78,0.13,1.57,14.81,11.23,0.00,723
56.204,16.69,0.11,1.21,15.50,11.95,0.42,723
56.221,16.99,0.13,1.76,14.44,14.47,0.00,724
56.237,16.52,0.11,1.23,14.95,14.47,0.27,722
56.254,16.43,0.09,1.23,15.21,14.00,0.00,719
56.271,16.78,0.10,1.19,15.28,10.63,0.28,719
56.287,16.75,0.09,1.36,14.95,11.43,0.00,720
56.304,16.52,0.08,1.19,15.63,13.04,0.42,721
56.321,17.06,0.12,1.74,14.29,13.20,0.00,721
56.337,16.29,0.09,1.21,15.70,13.24,0.39,719
56.354,17.16,0.12,1.71,14.35,13.31,0.00,719
56.371,16.33,0.08,1.15,15.32,13.28,0.22,718
56.388,16.74,0.16,1.70,14.82,13.30,0.00,717
56.404,16.82,0.09,1.25,15.53,13.28,0.40,716
56.421,17.02,0.12,1.76,14.37,13.26,0.00,715
56.438,16.38,0.08,1.17,15.71,13.43,0.38,715
56.455,17.11,0.11,1.83,14.26,13.45,0.00,713
56.471,16.34,0.08,1.13,15.73,13.48,0.40,714
56.488,17.10,0.11,1.64,14.41,13.47,0.00,715
56.505,16.30,0.08,1.13,15.75,13.53,0.39,714
56.522,17.12,0.11,1.57,14.59,13.52,0.00,711
56.538,16.42,0.08,1.25,15.72,13.60,0.41,709
56.555,17.23,0.11,1.78,14.24,13.57,0.00,708
56.572,16.27,0.08,1.15,15.68,13.60,0.39,708
56.589,17.07,0.11,1.65,14.73,13.69,0.00,705
56.605,16.66,0.09,1.12,15.44,13.80,0.42,704
56.622,16.87,0.12,1.64,14.36,13.77,0.00,703
56.638,16.26,0.09,1.13,15.68,13.73,0.32,701
56.656,17.05,0.11,1.62,14.53,13.95,0.00,700
56.672,16.39,0.08,1.11,15.75,14.10,0.32,700
56.689,17.11,0.11,1.67,14.54,14.14,0.00,699
56.705,16.46,0.21,1.28,14.93,14.14,0.23,716
56.722,16.54,0.08,1.18,15.43,14.89,0.00,716
56.739,16.84,0.10,1.14,15.84,14.82,0.38,718
56.756,17.25,0.20,1.77,13.88,14.65,0.00,717
56.772,16.01,0.07,0.90,16.27,14.64,0.43,716
56.790,17.40,0.10,1.63,14.29,14.55,0.00,711
56.806,16.17,0.08,1.25,15.73,14.45,0.41,708
56.823,17.24,0.11,1.72,14.37,14.45,0.00,708
56.839,16.33,0.08,1.11,15.74,14.45,0.40,703
56.856,17.09,0.11,1.64,14.50,14.31,0.00,701
56.873,16.38,0.08,1.12,15.67,14.46,0.32,701
56.890,17.03,0.11,1.70,14.44,14.56,0.00,702
56.906,16.37,0.08,1.12,15.76,14.61,0.38,700
56.923,17.11,0.10,1.74,14.44,14.59,0.00,698
56.940,16.42,0.08,1.12,15.68,14.55,0.39,693
56.957,17.07,0.10,1.64,14.47,14.44,0.00,693
56.973,16.35,0.08,1.04,15.77,14.42,0.32,692
56.990,17.04,0.11,1.56,14.62,14.34,0.00,690
57.007,16.43,0.08,1.09,15.75,14.36,0.41,690
57.024,17.11,0.10,1.63,14.48,14.19,0.00,691
57.040,16.35,0.08,1.07,15.76,14.11,0.39,690
57.057,17.07,0.10,1.59,14.47,14.03,0.00,685
57.073,16.30,0.06,0.88,16.21,13.91,0.43,683
57.094,20.15,0.09,1.24,12.15,13.88,0.00,687
57.107,13.87,0.12,0.83,14.81,14.33,0.16,680
57.123,15.86,0.05,0.96,16.25,14.37,0.00,677
57.141,17.80,0.12,1.34,15.13,14.34,0.60,724
57.158,17.08,0.13,2.02,13.52,14.34,0.00,722
57.174,15.87,0.11,1.28,15.69,18.79,0.25,720
57.191,17.26,0.10,1.39,14.75,9.60,0.00,707
57.208,16.38,0.10,1.40,15.28,10.44,0.47,702
57.226,18.00,0.14,1.56,13.38,11.77,0.00,701
57.241,15.63,0.09,1.28,14.56,14.05,0.22,699
57.258,16.33,0.09,1.33,15.41,16.40,0.00,699
57.275,16.99,0.09,1.29,15.24,16.40,0.39,699
57.291,16.80,0.13,1.73,14.28,13.37,0.00,699
57.308,16.28,0.11,1.28,15.56,10.85,0.40,697
57.325,17.11,0.13,1.96,14.17,13.34,0.00,697
57.341,16.39,0.10,1.31,15.52,13.57,0.41,693
57.358,17.12,0.21,1.93,14.10,14.27,0.00,690
57.375,16.39,0.09,1.31,15.05,13.07,0.23,691
57.391,16.61,0.24,1.90,14.48,13.80,0.00,694
57.408,16.76,0.09,1.25,15.62,15.13,0.40,696
57.425,17.14,0.12,2.06,14.10,15.13,0.00,697
57.442,16.41,0.12,1.34,15.37,12.83,0.38,698
57.459,17.00,0.12,1.93,14.31,14.62,0.00,700
57.475,16.53,0.09,1.48,15.23,14.40,0.41,699
57.495,19.80,0.10,1.31,12.34,14.31,0.12,711
57.509,14.40,0.10,1.11,14.35,14.69,0.00,710
57.525,15.69,0.06,1.06,15.78,15.61,0.00,712
57.543,17.58,0.13,2.00,14.36,16.19,0.51,712
57.560,16.92,0.13,2.04,13.63,13.46,0.00,712
57.576,16.00,0.09,1.29,15.57,13.44,0.23,713
57.593,17.08,0.10,1.42,14.63,13.45,0.00,713
57.609,16.27,0.09,1.22,15.34,13.43,0.22,714
57.626,17.63,0.24,1.31,14.03,13.23,0.00,714
57.642,15.97,0.07,1.05,15.64,13.51,0.39,713
57.660,17.23,0.12,1.54,14.25,13.48,0.00,714
57.676,16.07,0.09,1.22,15.22,13.41,0.22,717
57.692,16.68,0.14,1.79,14.71,13.58,0.00,718
57.709,16.78,0.10,1.37,15.46,13.61,0.40,719
57.726,17.08,0.12,1.79,14.35,13.57,0.00,720
57.743,16.39,0.08,1.17,15.81,13.60,0.42,719
57.760,17.22,0.12,1.90,14.08,13.54,0.00,720
57.776,16.24,0.09,1.15,15.75,13.66,0.43,718
57.793,17.15,0.11,1.68,14.40,13.60,0.00,717
57.810,16.33,0.09,1.22,15.58,13.67,0.32,714
57.827,17.04,0.13,1.44,14.69,13.61,0.00,712
57.843,16.38,0.09,0.96,15.84,13.78,0.32,713
57.860,17.05,0.12,1.42,14.63,13.79,0.00,717
57.876,16.31,0.09,0.97,15.96,13.79,0.34,720
57.894,17.21,0.12,1.44,14.65,13.86,0.00,721
57.910,16.35,0.08,0.93,15.89,13.97,0.41,720
57.927,17.07,0.12,1.49,14.68,13.90,0.00,720
57.943,16.43,0.09,0.98,15.80,14.04,0.34,719
57.961,17.03,0.12,1.50,14.69,14.04,0.00,720
57.977,16.45,0.08,0.96,15.82,14.23,0.39,721
57.994,17.04,0.12,1.34,14.74,14.21,0.00,719
58.010,16.33,0.09,0.95,15.87,14.31,0.32,720
58.027,17.07,0.12,1.44,14.77,14.31,0.00,719
58.044,16.49,0.09,0.92,15.84,14.27,0.34,718
58.061,17.02,0.12,1.42,14.78,14.38,0.00,719
58.077,16.46,0.09,1.01,15.38,14.39,0.23,719
58.094,16.60,0.08,1.10,15.62,14.38,0.00,721
58.113,19.47,0.10,0.77,13.31,14.27,0.23,732
58.128,14.66,0.09,1.06,14.81,14.98,0.10,731
58.145,16.41,0.06,0.72,15.62,14.78,0.00,731
58.161,16.69,0.13,0.77,15.04,14.91,0.12,731
58.177,16.07,0.07,0.94,16.28,14.97,0.00,729
58.195,17.44,0.11,1.22,15.85,14.79,0.34,730
58.212,17.36,0.13,1.55,14.53,14.78,0.00,730
58.228,16.38,0.14,1.02,15.35,14.74,0.43,730
58.245,16.68,0.12,1.38,14.83,14.70,0.00,727
58.262,16.47,0.09,1.02,15.91,14.73,0.43,727
58.280,18.25,0.13,1.38,13.68,14.50,0.00,724
58.295,15.65,0.09,0.94,15.34,14.60,0.38,722
58.312,16.83,0.11,1.48,14.35,14.42,0.00,722
58.328,16.10,0.09,0.95,15.80,14.36,0.32,723
58.345,17.03,0.11,1.49,14.63,14.30,0.00,720
58.362,16.37,0.09,0.95,15.93,14.14,0.38,720
58.379,17.12,0.11,1.39,14.72,14.16,0.00,718
58.395,16.36,0.09,0.97,15.85,14.16,0.35,717
58.412,17.06,0.11,1.36,14.82,13.84,0.00,715
58.429,16.42,0.08,1.12,15.77,13.84,0.39,715
58.446,17.12,0.11,1.42,14.66,13.79,0.00,713
58.462,16.32,0.08,0.94,15.90,13.75,0.32,712
58.479,17.12,0.11,1.39,14.85,13.59,0.00,711
58.496,16.50,0.08,1.20,15.02,13.44,0.18,710
58.512,16.42,0.07,0.81,16.22,13.49,0.00,709
58.530,17.25,0.09,0.94,15.54,13.39,0.37,706
58.546,16.76,0.11,1.50,14.50,13.44,0.00,706
58.563,16.24,0.08,0.96,15.97,13.27,0.39,704
58.580,17.17,0.10,1.41,14.79,13.12,0.00,704
58.596,16.44,0.08,0.99,15.85,13.09,0.40,702
58.613,17.07,0.11,1.33,14.74,13.09,0.00,700
58.630,16.32,0.08,1.05,15.83,12.93,0.40,699
58.647,17.13,0.10,1.31,14.89,12.99,0.00,692
58.663,16.45,0.08,0.86,15.90,11.53,0.41,692
58.680,17.00,0.10,1.15,14.94,11.42,0.00,690
58.696,16.34,0.08,0.85,15.99,11.49,0.34,688
58.714,17.08,0.26,1.44,14.54,11.48,0.00,708
58.730,16.39,0.08,0.92,15.98,11.84,0.40,706
58.747,17.14,0.10,1.33,14.74,11.78,0.00,705
58.763,16.32,0.11,1.13,16.51,11.62,1.23,756
58.781,17.91,0.19,1.89,13.40,11.62,0.00,757
58.797,15.62,0.09,1.20,15.59,12.13,0.42,756
58.814,17.05,0.13,1.77,14.11,9.34,0.00,752
58.830,16.13,0.07,0.91,15.82,11.24,0.22,748
58.847,16.97,0.23,1.85,14.54,11.69,0.00,748
58.864,16.75,0.09,1.12,15.72,14.20,0.41,745
58.881,17.09,0.13,1.86,14.02,14.20,0.00,742
58.897,16.14,0.08,0.94,16.14,13.85,0.40,741
58.914,17.32,0.13,1.59,14.43,14.12,0.00,742
58.931,16.29,0.09,1.18,15.85,14.69,0.56,739
58.948,17.28,0.13,1.74,14.23,15.33,0.00,736
58.964,16.24,0.10,1.13,15.72,15.63,0.40,730
58.981,17.10,0.13,1.69,14.39,10.47,0.00,724
58.998,16.35,0.09,1.20,15.62,13.50,0.39,718
59.015,17.08,0.12,1.86,14.24,13.57,0.00,715
59.031,16.36,0.09,1.19,15.79,14.44,0.40,708
59.048,17.24,0.13,1.96,14.19,15.34,0.00,703
59.065,16.43,0.10,1.18,15.53,15.79,0.43,696
59.082,16.96,0.13,1.73,14.57,15.62,0.00,682
59.098,16.56,0.10,1.15,15.45,15.61,0.43,671
59.115,16.86,0.12,1.35,14.68,12.67,0.00,651
59.131,16.29,0.10,1.02,16.09,13.65,0.56,627
59.149,17.37,0.23,1.36,14.88,15.05,0.00,589
59.168,19.30,0.12,0.97,12.91,15.14,0.22,426
59.183,14.56,0.10,1.07,14.31,11.58,0.00,426
59.198,15.57,0.07,0.69,16.75,11.89,0.55,505
59.216,18.08,0.13,1.21,14.44,12.17,0.00,524
59.232,16.20,0.11,1.10,15.35,12.18,0.42,535
59.249,16.83,0.14,1.38,14.77,12.27,0.00,535
59.266,16.44,0.13,1.04,15.54,12.25,0.40,529
59.283,16.86,0.13,1.45,14.54,12.23,0.00,529
59.299,16.23,0.10,1.07,15.78,12.19,0.43,529
59.316,17.08,0.13,1.40,14.84,12.14,0.00,518
59.333,17.40,0.15,1.03,14.32,12.11,0.22,517
59.349,16.03,0.09,0.95,15.16,12.08,0.00,515
59.366,16.63,0.13,0.97,15.56,12.23,0.41,513
59.383,16.84,0.12,1.43,14.47,12.21,0.00,498
59.399,16.15,0.07,0.75,16.34,12.28,0.39,485
59.416,17.32,0.12,1.41,14.65,12.31,0.00,457
59.433,16.30,0.09,0.97,15.44,12.15,0.21,452
59.449,16.63,0.13,1.46,15.13,12.14,0.00,452
59.466,16.88,0.10,0.93,15.67,12.25,0.22,452
59.483,16.88,0.22,1.40,14.66,12.21,0.00,443
59.499,16.41,0.09,0.97,15.60,12.14,0.22,439
59.516,16.82,0.12,1.31,15.18,12.05,0.00,439
59.533,16.73,0.09,0.95,16.14,12.04,0.56,442
59.550,17.34,0.12,1.42,14.44,11.99,0.00,471
59.566,16.11,0.10,0.93,15.95,12.13,0.40,476
59.584,17.14,0.12,1.32,14.80,12.08,0.00,481
59.600,16.39,0.09,0.88,15.98,12.20,0.39,481
59.617,17.13,0.12,1.34,15.03,12.19,0.00,479
59.636,19.05,0.14,0.69,13.28,12.23,0.22,485
59.651,14.55,0.09,0.96,14.89,12.79,0.00,457
59.667,16.30,0.08,0.79,15.57,12.81,0.21,435
59.684,16.79,0.09,1.01,15.55,12.81,0.00,395
59.701,16.87,0.09,1.03,15.51,12.32,0.34,395
59.717,16.76,0.13,0.97,15.30,12.45,0.00,396
59.734,16.51,0.09,1.04,15.78,12.49,0.39,396
59.751,17.08,0.15,1.36,14.73,12.38,0.00,396
59.767,16.36,0.10,1.08,15.58,12.37,0.29,394
59.786,18.51,0.10,0.90,14.15,12.19,0.00,394
59.802,15.82,0.10,0.75,15.23,12.20,0.46,393
59.818,16.61,0.13,1.42,14.24,12.10,0.00,387
59.834,15.95,0.10,0.89,15.90,12.09,0.36,384
59.851,17.03,0.13,1.34,14.78,12.04,0.00,384
59.868,16.37,0.09,0.96,15.86,12.15,0.40,384
59.885,17.07,0.12,1.37,14.77,12.09,0.00,383
59.901,16.39,0.10,0.99,15.98,12.11,0.53,384
59.918,17.23,0.12,1.31,14.44,12.11,0.00,415
59.934,15.99,0.07,0.67,15.98,12.32,0.21,420
59.951,16.87,0.20,1.45,15.02,12.26,0.00,426
59.968,16.80,0.09,0.84,16.00,12.35,0.39,424
59.985,17.11,0.12,1.40,14.77,12.25,0.00,423
60.001,16.42,0.10,0.87,15.96,12.20,0.41,417
60.019,17.09,0.12,1.37,14.74,12.26,0.00,412
60.035,16.36,0.09,1.12,15.75,12.18,0.40,408
60.052,17.11,0.12,1.31,14.91,11.84,0.00,406
60.069,16.51,0.09,1.03,15.66,11.78,0.42,405
60.086,16.94,0.12,1.32,14.95,11.72,0.00,401
60.102,16.54,0.09,0.96,15.78,11.67,0.42,399
60.119,17.00,0.11,1.58,14.49,11.61,0.00,397
60.135,16.32,0.10,0.87,15.89,11.63,0.37,392
60.152,17.01,0.12,1.36,14.86,11.73,0.00,391
60.169,16.47,0.09,0.91,15.81,11.72,0.32,388
60.186,16.97,0.12,1.31,14.95,11.77,0.00,392
60.202,16.53,0.10,0.91,16.04,11.67,0.57,463
60.220,17.20,0.12,1.40,14.49,11.75,0.00,486
60.236,16.17,0.09,0.89,15.98,11.96,0.34,490
60.253,17.12,0.12,1.36,15.09,11.98,0.00,490
60.270,16.75,0.11,0.90,15.59,11.97,0.45,490
60.286,16.81,0.20,1.29,14.60,10.47,0.00,484
60.303,16.23,0.08,0.94,15.96,10.48,0.41,481
60.320,17.13,0.11,1.29,14.61,10.48,0.00,481
60.336,16.13,0.07,0.76,16.28,10.45,0.38,480
60.353,17.26,0.12,1.34,14.82,10.44,0.00,471
60.370,16.40,0.08,0.90,15.91,10.42,0.39,445
60.387,17.05,0.11,1.29,14.85,10.39,0.00,433
60.403,16.40,0.09,0.81,16.02,10.41,0.37,417
60.420,17.07,0.11,1.27,14.67,10.25,0.00,416
60.436,16.19,0.07,0.68,16.44,10.31,0.40,408
60.454,17.35,0.11,1.26,14.79,10.28,0.00,407
60.470,16.30,0.08,0.85,16.06,10.33,0.41,403
60.487,17.15,0.11,1.27,14.85,10.32,0.00,401
60.503,16.38,0.09,0.92,15.87,10.28,0.40,400
60.520,17.03,0.11,1.26,14.86,10.38,0.00,399
60.537,16.36,0.11,0.85,16.13,10.39,0.54,403
60.554,17.24,0.12,1.37,14.60,10.51,0.00,432
60.570,16.21,0.09,0.86,16.03,10.62,0.39,440
60.587,17.13,0.11,1.29,14.65,10.68,0.00,446
60.604,16.19,0.07,0.65,16.53,10.69,0.43,444
60.621,17.40,0.11,1.31,14.66,10.78,0.00,441
60.637,16.23,0.20,0.97,15.83,10.82,0.50,468
60.654,17.14,0.12,1.53,14.53,11.31,0.00,435
60.671,16.30,0.20,1.05,15.78,11.39,0.49,515
60.688,17.21,0.13,1.51,14.46,12.00,0.00,506
60.704,16.23,0.10,0.98,15.89,11.61,0.39,505
60.721,17.15,0.28,1.76,14.22,11.58,0.00,517
60.738,16.39,0.10,0.89,15.95,11.99,0.38,514
60.755,17.12,0.13,1.32,14.83,11.92,0.00,514
60.771,16.47,0.10,0.85,15.99,11.94,0.44,506
60.788,17.09,0.13,1.34,14.69,11.95,0.00,505
60.805,16.29,0.11,0.94,16.10,11.93,0.55,506
60.825,20.64,0.14,1.29,11.18,12.03,0.00,505
60.838,13.07,0.10,0.86,14.96,12.55,0.17,505
60.854,16.01,0.07,0.46,17.15,12.72,0.00,499
60.873,18.27,0.08,0.49,15.51,12.35,0.55,501
60.889,16.58,0.16,1.44,14.08,12.29,0.00,491
60.905,15.86,0.10,1.03,15.20,12.39,0.20,491
60.922,16.46,0.06,0.55,16.22,12.32,0.00,542
60.938,16.96,0.10,0.92,15.90,12.43,0.39,546
60.956,17.06,0.24,1.32,14.59,12.51,0.00,542
60.972,16.25,0.09,0.93,16.00,12.52,0.35,534
60.989,17.16,0.13,1.51,14.58,12.46,0.00,521
61.005,16.34,0.11,1.06,15.39,12.20,0.21,497
61.022,16.65,0.11,0.98,15.78,12.25,0.00,470
61.039,16.99,0.10,0.91,15.81,12.19,0.37,461
61.056,16.95,0.13,1.40,14.74,11.78,0.00,452
61.072,16.38,0.09,0.97,15.93,11.74,0.43,448
61.091,18.87,0.15,1.33,13.04,11.38,0.00,446
61.106,15.01,0.06,0.43,16.03,11.53,0.38,446
61.123,16.93,0.12,1.33,14.49,11.46,0.00,445
61.139,16.08,0.09,0.92,15.92,11.37,0.38,442
61.156,17.08,0.13,1.29,14.63,11.32,0.00,441
61.172,16.18,0.08,0.68,16.08,11.23,0.31,444
61.189,17.02,0.21,1.39,14.92,11.11,0.00,524
61.206,16.65,0.09,0.94,15.88,11.36,0.37,532
61.223,17.07,0.13,1.37,14.80,11.30,0.00,543
61.240,16.44,0.09,0.89,15.90,11.44,0.36,543
61.257,17.03,0.12,1.35,15.14,11.38,0.00,540
61.273,16.79,0.11,0.97,15.63,11.23,0.41,537
61.290,16.90,0.13,1.44,14.32,11.17,0.00,529
61.306,16.04,0.09,0.74,15.83,11.16,0.20,522
61.323,16.81,0.23,1.42,15.01,11.06,0.00,516
61.340,16.79,0.09,0.95,15.86,11.03,0.29,514
61.357,17.07,0.12,1.33,14.78,11.01,0.00,513
61.373,16.37,0.09,0.91,15.92,11.10,0.38,489
61.390,17.09,0.12,1.34,14.81,10.98,0.00,470
61.407,16.43,0.10,0.85,16.08,10.94,0.56,454
61.424,17.18,0.17,1.45,14.49,10.62,0.00,555
61.440,16.24,0.09,0.86,15.94,10.95,0.36,565
61.457,17.06,0.12,1.34,14.57,10.89,0.00,570
61.474,16.16,0.07,0.71,16.39,10.94,0.38,567
61.491,17.38,0.13,1.32,14.71,10.92,0.00,556
61.507,16.30,0.09,0.91,15.92,11.01,0.31,553
61.524,17.07,0.13,1.28,15.01,11.03,0.00,545
61.541,16.59,0.10,0.98,15.90,11.03,0.55,542
61.558,17.14,0.12,1.29,14.64,11.01,0.00,548
61.574,16.18,0.11,0.88,15.90,11.14,0.36,553
61.591,17.04,0.11,1.36,14.74,11.06,0.00,553
61.608,16.36,0.09,0.81,16.06,11.16,0.35,552
61.625,17.12,0.12,1.33,14.80,11.11,0.00,549
61.641,16.39,0.09,0.88,15.95,11.32,0.37,537
61.658,17.09,0.11,1.25,14.84,11.26,0.00,531
61.675,16.34,0.09,0.80,16.01,11.27,0.37,511
61.692,17.09,0.11,1.31,14.79,10.89,0.00,511
61.708,16.34,0.09,0.80,16.05,10.91,0.30,507
61.725,17.09,0.12,1.38,14.61,10.91,0.00,498
61.741,16.24,0.07,0.71,16.33,10.94,0.38,497
61.759,17.27,0.12,1.21,14.87,10.90,0.00,496
61.775,16.33,0.09,0.91,15.99,11.02,0.40,490
61.792,17.14,0.11,1.20,14.76,11.05,0.00,520
61.808,16.19,0.07,0.66,16.30,11.18,0.29,515
61.825,17.19,0.11,1.28,14.93,11.09,0.00,510
61.842,16.45,0.08,0.81,15.96,11.10,0.31,505
61.859,17.02,0.11,1.28,14.83,11.06,0.00,501
61.875,16.35,0.09,0.83,16.04,11.04,0.35,479
61.892,17.11,0.12,1.18,14.92,11.03,0.00,449
61.909,16.35,0.08,0.79,16.27,11.11,0.52,424
61.926,17.29,0.11,1.23,14.73,10.75,0.00,470
61.942,16.21,0.10,0.77,16.16,10.84,0.38,477
61.959,17.18,0.11,1.22,14.92,10.90,0.00,486
61.976,16.38,0.08,0.87,15.86,10.84,0.29,480
61.993,17.00,0.11,1.21,14.72,11.05,0.00,475
62.009,16.17,0.07,0.70,15.91,11.05,0.20,450
62.026,16.85,0.10,1.08,15.55,11.09,0.00,412
62.043,16.87,0.09,0.85,15.90,10.92,0.29,380
62.060,17.00,0.11,1.08,15.09,10.66,0.00,378
62.076,16.41,0.08,0.79,16.02,10.69,0.33,377
62.093,17.03,0.10,1.14,15.15,10.55,0.00,374
62.110,16.54,0.09,0.77,15.93,10.40,0.37,373
62.127,16.94,0.10,1.11,14.85,10.51,0.00,371
62.143,16.23,0.06,0.54,16.13,10.60,0.20,368
62.160,16.85,0.07,0.69,15.95,10.52,0.00,362
62.177,16.88,0.09,0.74,16.15,10.63,0.49,367
62.194,17.14,0.10,1.08,14.90,10.77,0.00,445
62.210,16.23,0.08,0.78,16.12,11.16,0.37,459
62.227,17.14,0.10,1.04,15.10,11.30,0.00,468
62.243,16.39,0.08,0.81,15.93,11.44,0.32,465
62.260,16.97,0.13,1.15,14.98,11.55,0.00,463
62.277,16.41,0.08,0.70,16.31,11.58,0.36,461
62.294,17.28,0.11,1.10,14.98,11.61,0.00,458
62.310,16.36,0.09,0.72,15.96,11.59,0.30,457
62.327,16.92,0.10,1.07,15.11,11.61,0.00,446
62.344,16.44,0.08,0.84,15.94,11.57,0.32,445
62.361,17.02,0.11,1.13,14.95,11.46,0.00,443
62.377,16.31,0.08,0.83,16.06,11.47,0.30,424
62.394,17.16,0.11,1.13,14.95,11.38,0.00,405
62.411,16.31,0.07,0.71,16.30,11.31,0.53,391
62.428,17.25,0.10,1.21,14.97,10.96,0.12,491
62.444,16.42,0.08,0.83,15.35,11.62,0.00,498
62.461,16.40,0.06,0.59,15.80,11.77,0.00,506
62.477,16.55,0.07,1.18,16.06,11.86,0.46,502
62.495,17.49,0.15,1.13,15.04,11.89,0.12,500
62.511,16.47,0.14,0.75,15.58,11.86,0.00,493
62.528,16.60,0.07,0.83,16.23,11.85,0.55,490
62.545,17.29,0.10,1.06,14.66,11.83,0.00,489
62.561,15.97,0.07,0.58,16.03,11.75,0.19,492
62.578,16.83,0.13,1.10,15.41,11.70,0.00,491
62.595,16.78,0.08,0.80,16.10,11.78,0.39,489
62.612,17.16,0.10,1.07,15.25,11.66,0.00,488
62.631,18.94,0.14,0.66,13.66,11.60,0.21,494
62.646,14.93,0.11,0.75,14.89,12.03,0.00,490
62.662,15.86,0.15,0.55,16.13,11.86,0.23,484
62.679,17.47,0.08,0.66,15.27,11.92,0.00,464
62.695,16.38,0.08,0.60,16.02,11.48,0.43,461
62.712,16.99,0.11,0.95,15.34,11.48,0.00,455
62.729,16.56,0.13,0.64,15.51,11.50,0.21,452
62.745,16.38,0.10,0.86,15.66,11.31,0.00,447
62.762,16.75,0.08,0.65,16.24,11.34,0.42,444
62.779,17.11,0.11,0.90,15.54,11.25,0.00,472
62.797,17.43,0.11,0.57,15.44,11.38,0.44,470
62.814,16.93,0.12,0.83,14.37,11.23,0.00,465
62.829,15.75,0.09,0.57,16.04,11.11,0.41,460
62.846,16.90,0.10,0.80,15.35,10.98,0.00,455
62.863,16.41,0.10,0.57,16.04,11.04,0.40,449
62.879,16.85,0.10,0.76,15.40,10.91,0.00,425
62.896,16.40,0.08,0.59,16.19,10.80,0.32,400
62.913,17.01,0.11,0.73,15.39,10.71,0.00,372
62.929,16.35,0.07,0.53,16.53,10.21,0.53,417
62.947,17.28,0.10,0.78,15.22,10.22,0.00,429
62.963,16.23,0.07,0.65,16.19,10.25,0.32,436
62.980,17.06,0.12,0.78,15.38,10.22,0.00,427
62.996,16.41,0.07,0.52,16.37,10.35,0.39,396
63.013,17.11,0.10,0.74,15.20,10.20,0.00,373
63.030,16.16,0.06,0.44,16.73,10.06,0.41,341
63.047,17.39,0.09,0.71,15.53,9.59,0.00,341
63.063,16.46,0.07,0.51,16.16,9.59,0.41,339
63.080,16.89,0.09,0.72,15.41,9.53,0.00,334
63.097,16.37,0.07,0.54,16.29,9.55,0.39,333
63.114,17.07,0.10,0.73,15.20,9.51,0.00,332
63.130,16.17,0.07,0.47,16.72,9.49,0.41,332
63.147,17.42,0.10,0.82,15.21,9.62,0.00,322
63.164,16.27,0.07,0.63,16.32,9.63,0.38,322
63.181,17.17,0.10,0.75,15.11,9.63,0.00,322
63.197,16.09,0.06,0.43,16.86,9.66,0.58,394
63.214,17.49,0.09,0.86,15.01,9.70,0.00,417
63.230,16.10,0.07,0.53,16.36,9.98,0.39,428
63.248,17.21,0.10,0.82,15.25,10.06,0.00,429
63.264,16.31,0.07,0.53,16.38,10.15,0.33,420
63.281,17.13,0.08,0.91,15.33,10.25,0.00,420
63.298,16.48,0.07,0.61,16.29,10.32,0.43,418
63.315,17.15,0.09,0.89,15.35,10.35,0.00,411
63.331,16.53,0.07,0.66,15.88,10.36,0.40,409
63.348,16.78,0.07,0.78,15.38,10.42,0.00,407
63.364,16.38,0.06,0.66,16.30,10.35,0.33,404
63.382,17.19,0.08,0.83,15.16,10.39,0.00,387
63.398,16.22,0.11,0.92,16.89,10.41,1.41,405
63.416,18.09,0.13,1.47,13.47,14.03,0.00,514
63.431,15.20,0.07,0.71,16.38,15.49,0.42,549
63.448,17.31,0.12,1.33,15.06,15.43,0.00,573
63.465,16.65,0.09,0.91,15.70,12.05,0.34,589
63.482,16.88,0.12,1.47,14.49,13.84,0.00,604
63.498,16.25,0.09,0.93,15.95,14.26,0.38,611
63.515,17.16,0.13,1.45,14.81,15.17,0.00,618
63.532,16.56,0.17,1.03,15.68,15.75,0.50,632
63.549,17.05,0.12,1.41,14.66,15.75,0.00,643
63.565,16.36,0.09,0.98,15.76,15.48,0.42,653
63.582,17.05,0.13,1.40,14.55,9.21,0.00,656
63.599,16.21,0.10,0.99,15.71,10.86,0.34,656
63.616,16.96,0.12,1.34,15.00,14.04,0.00,662
63.632,16.60,0.09,1.10,16.01,16.38,0.43,663
63.652,19.66,0.07,0.59,13.20,16.38,0.00,677
63.666,14.36,0.09,0.88,14.68,10.83,0.14,679
63.682,15.75,0.06,0.52,17.05,8.46,0.00,681
63.700,18.48,0.13,0.99,14.50,13.70,0.33,686
63.717,16.19,0.13,1.41,14.38,14.39,0.00,688
63.733,16.14,0.09,1.06,16.01,14.99,0.34,690
63.750,17.37,0.16,1.72,13.94,14.99,0.00,693
63.766,15.95,0.09,1.05,16.10,11.32,0.57,698
63.784,17.50,0.15,1.23,14.53,13.65,0.00,701
63.800,16.04,0.09,0.94,15.86,14.09,0.42,698
63.817,17.02,0.12,1.54,14.56,12.91,0.00,701
63.833,16.34,0.11,0.98,15.82,13.34,0.41,700
63.850,17.09,0.12,1.45,14.61,13.34,0.00,700
63.866,16.30,0.08,0.92,16.08,13.83,0.40,702
63.884,17.21,0.12,1.60,14.37,14.01,0.00,705
63.900,16.19,0.08,0.93,15.94,14.26,0.41,704
63.917,17.08,0.15,1.36,14.96,13.96,0.00,704
63.935,17.80,0.10,0.98,14.19,14.07,0.22,703
63.951,16.06,0.17,1.32,14.52,14.15,0.00,703
63.967,16.45,0.09,1.04,15.39,14.40,0.41,703
63.984,16.69,0.11,1.42,14.74,14.45,0.00,704
64.000,16.41,0.08,0.93,15.81,14.39,0.41,702
64.017,16.97,0.10,1.43,14.71,14.39,0.00,701
64.034,16.39,0.09,0.95,15.95,14.24,0.41,701
64.051,17.13,0.10,1.47,14.69,14.17,0.00,701
64.067,16.39,0.08,0.91,15.94,13.99,0.39,701
64.084,17.09,0.11,1.50,14.58,13.89,0.00,702
64.101,16.34,0.08,0.93,15.92,14.01,0.39,701
64.118,17.08,0.11,1.48,14.63,13.85,0.00,702
64.134,16.37,0.08,0.87,16.04,13.93,0.42,704
64.151,17.14,0.11,1.41,14.69,13.89,0.00,704
64.167,16.35,0.08,0.94,15.91,13.93,0.40,702
64.185,17.08,0.10,1.41,14.71,13.95,0.00,703
64.201,16.36,0.08,0.90,15.94,13.97,0.39,703
64.218,17.08,0.11,1.45,14.68,13.98,0.00,704
64.234,16.36,0.08,0.96,15.91,14.13,0.40,705
64.251,17.10,0.11,1.43,14.73,14.14,0.00,705
64.268,16.42,0.08,0.96,15.91,13.94,0.37,705
64.285,17.12,0.10,1.36,14.74,14.06,0.00,703
64.301,16.35,0.08,0.92,15.89,14.05,0.41,702
64.318,17.05,0.10,1.41,14.99,13.94,0.00,700
64.335,16.74,0.11,0.99,15.58,13.96,0.42,698
64.352,16.86,0.11,1.44,14.46,13.92,0.00,697
64.368,16.14,0.06,0.67,16.34,13.99,0.41,697
64.385,17.22,0.10,1.30,15.09,13.96,0.00,699
64.404,19.01,0.17,0.91,12.97,13.97,0.22,707
64.419,14.45,0.08,1.00,15.00,14.52,0.00,708
64.435,16.18,0.06,0.71,16.49,14.45,0.33,708
64.453,17.96,0.20,1.51,14.06,14.40,0.00,706
64.469,16.28,0.10,0.97,14.57,14.56,0.12,705
64.485,15.77,0.07,1.43,15.62,14.48,0.00,707
64.502,17.25,0.07,0.72,16.10,14.60,0.33,708
64.519,17.05,0.11,1.37,14.60,14.56,0.00,704
64.536,16.66,0.08,0.69,15.37,14.47,0.22,704
64.553,16.82,0.08,0.96,14.99,14.43,0.00,700
64.570,16.76,0.07,0.67,15.84,14.38,0.44,698
64.587,17.66,0.12,1.28,13.74,14.30,0.00,696
64.603,15.71,0.09,0.89,15.49,14.24,0.38,694
64.620,16.63,0.11,1.24,14.94,14.16,0.00,694
64.636,16.43,0.08,0.81,15.88,14.30,0.36,693
64.653,16.93,0.10,1.22,15.10,14.26,0.00,694
64.669,16.55,0.08,0.90,15.94,14.28,0.40,693
64.687,17.08,0.10,1.24,14.90,14.25,0.00,693
64.703,16.38,0.08,0.83,16.01,14.40,0.41,691
64.720,17.08,0.10,1.18,14.93,14.35,0.00,689
64.736,16.34,0.20,0.94,15.76,14.40,0.41,711
64.753,17.06,0.12,1.53,14.65,14.91,0.00,709
64.770,16.44,0.08,0.94,15.89,15.04,0.43,707
64.787,17.06,0.10,1.45,14.69,15.05,0.00,706
64.803,16.39,0.08,0.87,15.93,14.99,0.39,703
64.820,17.03,0.10,1.35,14.86,14.88,0.00,699
64.837,16.45,0.08,0.99,15.31,14.85,0.22,698
64.853,16.49,0.07,0.95,15.81,14.80,0.00,695
64.870,16.98,0.08,0.84,15.97,14.75,0.36,693
64.887,17.05,0.11,1.30,14.78,14.77,0.00,692
64.904,16.33,0.08,0.83,16.06,15.01,0.42,689
64.921,17.13,0.10,1.20,14.71,12.30,0.00,688
64.937,16.12,0.06,0.70,15.99,12.48,0.22,687
64.954,16.90,0.10,1.15,15.37,12.63,0.00,689
64.970,16.76,0.07,0.85,16.00,12.86,0.40,691
64.988,17.09,0.10,1.23,14.93,12.94,0.00,691
65.004,16.40,0.07,0.79,16.10,13.05,0.37,688
65.021,17.13,0.14,1.90,14.18,13.04,0.00,736
65.037,16.37,0.09,1.15,16.46,16.78,1.17,733
65.055,17.87,0.15,1.80,13.19,16.78,0.00,730
65.071,15.25,0.06,0.84,16.32,15.06,0.39,727
65.088,17.38,0.23,1.64,14.43,8.71,0.00,724
65.104,16.45,0.09,1.07,15.75,9.73,0.42,722
65.121,17.07,0.12,1.76,14.34,11.63,0.00,719
65.138,16.35,0.10,1.08,15.88,15.39,0.40,717
65.155,17.20,0.12,1.72,14.36,15.39,0.00,713
65.171,16.33,0.09,1.17,15.40,12.32,0.37,712
65.191,19.55,0.10,1.12,12.62,10.98,0.00,717
65.205,14.45,0.08,0.91,15.06,14.02,0.26,714
65.222,16.57,0.14,1.17,14.84,14.34,0.00,705
65.239,16.60,0.09,0.84,15.39,14.86,0.26,702
65.255,16.51,0.09,1.27,15.67,15.01,0.00,697
65.272,17.22,0.11,1.22,14.94,15.37,0.36,691
65.289,16.40,0.12,1.64,14.62,15.37,0.00,687
65.305,16.50,0.09,1.22,15.64,10.15,0.39,680
65.322,17.12,0.13,1.78,14.33,13.76,0.00,676
65.339,16.36,0.09,1.12,15.86,13.93,0.34,668
65.356,17.21,0.13,1.80,14.60,13.66,0.00,657
65.374,17.70,0.11,0.86,14.06,13.97,0.23,640
65.389,15.65,0.08,0.91,15.26,14.93,0.00,627
65.406,16.39,0.09,0.86,15.93,15.64,0.44,585
65.423,17.04,0.12,1.34,14.73,15.64,0.00,413
65.439,16.32,0.09,0.94,16.11,12.01,0.57,417
65.456,17.29,0.17,1.36,14.51,6.93,0.00,426
65.472,16.17,0.08,0.89,16.02,10.46,0.42,432
65.490,17.16,0.12,1.39,14.52,12.12,0.00,432
65.506,16.15,0.07,0.69,15.91,12.07,0.22,427
65.523,16.84,0.20,1.33,15.26,11.96,0.00,424
65.540,16.95,0.10,0.91,15.79,11.94,0.42,419
65.556,16.96,0.12,1.40,14.71,11.75,0.00,416
65.573,16.37,0.09,0.88,15.94,11.71,0.38,420
65.590,17.07,0.13,1.45,14.63,11.72,0.00,418
65.606,16.34,0.09,0.91,15.57,11.75,0.22,418
65.623,16.74,0.12,1.44,15.04,11.74,0.00,415
65.640,16.72,0.20,0.99,15.84,11.69,0.48,472
65.657,17.19,0.12,1.59,14.30,12.07,0.00,466
65.673,16.12,0.16,0.82,15.88,11.98,0.31,485
65.690,17.01,0.13,1.71,14.61,11.88,0.00,477
65.707,16.58,0.10,1.16,15.69,12.03,0.40,471
65.724,17.13,0.13,1.84,14.26,12.08,0.00,465
65.740,16.36,0.09,1.15,15.72,12.03,0.37,463
65.757,17.11,0.13,1.71,14.39,11.93,0.00,453
65.774,16.37,0.09,1.14,15.33,11.94,0.22,450
65.790,16.73,0.14,1.74,14.69,11.83,0.00,451
65.807,16.71,0.10,1.16,15.89,11.92,0.57,525
65.824,17.30,0.13,1.80,14.14,12.03,0.00,544
65.841,16.20,0.10,1.22,15.62,12.09,0.41,554
65.858,17.08,0.13,1.83,14.08,12.33,0.00,546
65.874,16.16,0.09,1.19,15.86,12.28,0.39,535
65.891,17.30,0.13,1.66,14.42,12.25,0.00,521
65.907,16.34,0.10,1.25,15.54,12.27,0.39,504
65.924,17.04,0.13,1.76,14.41,12.23,0.00,487
65.941,16.43,0.09,1.16,15.75,11.86,0.41,485
65.958,17.15,0.12,1.76,14.12,11.88,0.00,484
65.974,16.11,0.08,0.86,15.83,11.90,0.22,479
65.991,16.93,0.12,1.72,14.79,12.01,0.00,478
66.008,16.76,0.09,1.21,15.59,12.11,0.38,476
66.025,17.04,0.13,1.75,14.44,12.12,0.00,476
66.041,16.47,0.10,1.20,15.87,12.10,0.49,462
66.061,20.06,0.10,1.21,12.14,12.15,0.14,466
66.075,13.89,0.09,1.18,14.62,12.69,0.00,465
66.091,15.99,0.06,0.90,15.75,12.64,0.00,465
66.109,17.34,0.17,1.63,15.18,12.71,0.46,465
66.126,17.44,0.17,1.85,13.89,12.55,0.00,466
66.142,16.17,0.13,1.57,15.07,12.83,0.71,465
66.159,16.94,0.14,1.98,13.84,12.76,0.00,470
66.175,16.07,0.10,1.26,15.78,12.84,0.60,488
66.193,17.27,0.13,1.84,13.97,12.95,0.00,490
66.209,16.05,0.09,1.17,15.88,13.02,0.33,491
66.227,18.79,0.13,1.87,12.66,13.00,0.00,489
66.243,15.19,0.10,1.14,15.20,13.01,0.40,486
66.259,16.88,0.13,1.50,14.37,12.99,0.00,471
66.276,16.15,0.09,1.20,15.62,13.13,0.45,452
66.293,17.06,0.13,1.80,14.23,13.05,0.00,420
66.309,16.29,0.10,1.13,15.48,12.66,0.28,415
66.326,16.82,0.10,1.13,15.35,12.55,0.00,413
66.342,16.72,0.09,1.21,15.64,12.56,0.43,410
66.360,17.09,0.13,1.74,14.61,12.48,0.00,409
66.376,16.65,0.11,1.22,15.35,12.49,0.40,409
66.393,16.85,0.14,1.81,14.28,12.45,0.00,407
66.409,16.38,0.11,1.10,15.64,12.53,0.41,417
66.426,17.01,0.13,1.78,14.07,12.54,0.00,417
66.443,16.09,0.08,0.87,16.05,12.51,0.40,479
66.460,17.16,0.13,1.72,14.56,12.63,0.00,487
66.476,16.53,0.09,1.07,15.78,12.78,0.35,489
66.493,17.09,0.12,1.69,14.24,12.79,0.00,486
66.510,16.16,0.07,0.87,16.39,12.81,0.43,482
66.527,17.51,0.14,1.64,14.28,12.77,0.00,479
66.543,16.22,0.09,1.20,15.65,11.29,0.40,472
66.560,17.10,0.13,1.59,14.51,11.24,0.00,469
66.577,16.36,0.09,1.10,15.76,11.23,0.39,458
66.594,17.12,0.12,1.63,14.37,11.19,0.00,451
66.610,16.26,0.09,1.07,15.59,11.14,0.27,449
66.627,16.86,0.09,1.06,15.37,11.06,0.00,440
66.644,16.67,0.09,1.36,15.44,11.03,0.38,426
66.661,17.05,0.13,1.63,14.52,10.99,0.00,410
66.677,16.41,0.09,1.05,15.76,10.78,0.42,409
66.694,17.06,0.11,1.66,14.31,10.69,0.00,408
66.710,16.19,0.07,0.71,16.32,10.67,0.40,400
66.728,17.26,0.12,1.42,14.72,10.54,0.00,401
66.744,16.38,0.21,1.07,15.79,10.51,0.57,419
66.761,17.24,0.12,1.62,14.36,10.85,0.13,481
66.777,16.25,0.11,1.12,15.22,11.08,0.00,488
66.794,16.58,0.08,0.81,15.52,11.07,0.00,500
66.811,16.62,0.13,1.63,15.70,11.32,0.70,586
66.828,17.62,0.12,1.68,14.27,11.29,0.13,594
66.844,16.20,0.08,1.07,15.23,11.48,0.00,605
66.861,16.52,0.09,1.09,15.39,11.52,0.00,599
66.878,16.68,0.08,0.99,16.17,11.48,0.54,586
66.895,17.40,0.12,1.71,14.40,11.26,0.14,574
66.911,16.37,0.09,1.19,15.12,11.22,0.00,554
66.928,16.52,0.10,1.03,15.60,11.28,0.24,540
66.945,16.83,0.08,1.08,15.38,10.91,0.00,525
66.961,16.68,0.09,0.95,15.90,11.02,0.41,518
66.979,17.09,0.11,1.55,14.56,10.93,0.00,517
66.995,16.36,0.09,0.78,16.08,10.92,0.39,503
67.012,17.10,0.12,1.21,14.91,10.88,0.00,501
67.028,16.36,0.08,0.78,16.10,10.90,0.45,498
67.046,17.13,0.12,1.18,14.92,10.85,0.00,483
67.062,16.35,0.09,0.83,15.99,10.82,0.39,476
67.079,17.07,0.11,1.11,15.39,10.91,0.00,472
67.098,18.96,0.09,0.58,13.54,10.77,0.29,481
67.113,14.62,0.08,0.92,15.16,11.09,0.00,477
67.129,16.91,0.10,0.64,15.25,11.17,0.23,477
67.146,16.32,0.09,0.80,15.48,11.07,0.00,475
67.162,16.52,0.08,0.70,16.30,11.11,0.33,478
67.179,17.21,0.09,0.81,15.34,10.92,0.00,500
67.196,16.36,0.09,0.90,15.82,11.06,0.38,490
67.213,16.97,0.15,1.63,14.56,10.98,0.00,529
67.229,16.47,0.12,1.06,16.04,14.83,0.53,592
67.247,17.33,0.13,1.66,14.08,14.83,0.00,590
67.263,15.98,0.09,1.10,16.11,15.04,0.36,601
67.281,18.89,0.20,1.61,12.24,8.61,0.00,614
67.296,14.35,0.03,0.31,16.27,11.67,0.08,618
67.313,16.74,0.04,0.50,16.47,12.93,0.00,626
67.330,17.22,0.16,1.49,15.15,15.00,0.34,630
67.347,16.95,0.13,1.41,14.64,14.92,0.00,637
67.363,16.30,0.10,0.92,15.87,15.15,0.40,641
67.380,17.05,0.13,1.52,14.95,15.23,0.00,646
67.397,16.75,0.11,1.03,15.59,15.25,0.34,652
67.414,16.89,0.14,1.60,14.49,15.24,0.00,658
67.430,16.36,0.10,0.95,16.00,15.25,0.34,663
67.447,17.26,0.13,1.56,14.53,15.24,0.00,664
67.466,18.94,0.12,1.12,12.89,15.18,0.22,676
67.481,14.53,0.13,1.16,14.59,15.18,0.00,680
67.497,16.48,0.08,0.58,16.22,13.60,0.36,684
67.516,18.31,0.10,1.02,13.73,14.62,0.00,689
67.532,15.94,0.14,0.98,14.78,14.72,0.32,692
67.549,17.05,0.10,1.14,14.74,15.24,0.00,699
67.565,16.57,0.13,0.86,14.40,14.78,0.29,702
67.582,16.42,0.10,1.05,14.71,14.58,0.00,703
67.598,16.36,0.09,1.00,15.05,14.85,0.32,704
67.614,16.29,0.13,1.45,14.78,15.10,0.00,704
67.631,16.49,0.09,0.99,15.92,13.06,0.42,702
67.648,17.17,0.13,1.41,14.64,13.08,0.00,702
67.664,16.31,0.10,0.88,15.97,13.04,0.39,701
67.681,17.10,0.13,1.26,14.86,12.89,0.00,702
67.698,16.39,0.09,0.84,15.95,12.79,0.40,702
67.715,17.05,0.12,1.31,14.84,12.81,0.00,702
67.731,16.41,0.12,0.85,15.86,12.84,0.39,702
67.748,16.99,0.13,1.30,14.88,12.82,0.00,702
67.765,16.44,0.09,0.91,16.01,12.99,0.45,701
67.782,17.17,0.12,1.26,14.81,12.96,0.00,701
67.798,16.31,0.09,0.82,16.00,12.97,0.41,703
67.815,17.06,0.12,1.36,14.74,13.03,0.00,704
67.831,16.36,0.09,0.88,15.98,13.02,0.38,705
67.849,17.12,0.12,1.30,14.82,13.02,0.00,703
67.865,16.37,0.09,0.83,15.96,13.07,0.38,704
67.882,17.03,0.13,1.33,14.82,13.08,0.00,707
67.898,16.42,0.11,0.84,15.94,13.26,0.37,707
67.915,17.05,0.12,1.35,14.83,13.21,0.00,707
67.932,16.44,0.10,0.84,15.94,13.32,0.36,708
67.949,17.02,0.12,1.34,14.83,13.25,0.00,708
67.965,16.42,0.09,0.85,15.32,13.28,0.17,708
67.982,16.36,0.07,0.67,16.04,13.29,0.00,706
67.999,16.89,0.07,0.66,16.42,13.23,0.38,705
68.016,17.32,0.12,1.29,14.97,13.24,0.00,706
68.032,16.53,0.09,0.88,15.78,13.38,0.43,704
68.049,16.91,0.11,1.34,14.78,13.33,0.00,703
68.066,16.36,0.09,0.82,15.99,13.24,0.41,703
68.083,17.05,0.11,1.28,14.97,13.24,0.00,703
68.099,16.50,0.10,0.82,15.92,13.23,0.38,703
68.116,17.00,0.11,1.37,14.74,13.11,0.00,702
68.133,16.36,0.09,0.84,16.09,13.25,0.33,701
68.150,17.17,0.11,1.37,14.63,13.10,0.00,701
68.166,16.26,0.09,0.89,15.96,13.11,0.37,701
68.183,17.11,0.11,1.28,14.87,13.08,0.00,699
68.200,16.38,0.09,0.79,16.04,12.99,0.38,699
68.217,17.08,0.11,1.29,14.84,12.98,0.00,698
68.233,16.37,0.09,0.85,15.92,13.00,0.35,698
68.250,17.01,0.11,1.22,14.85,12.90,0.00,694
68.266,16.28,0.07,0.69,16.07,12.85,0.22,694
68.283,16.99,0.12,1.33,15.10,12.75,0.00,695
68.300,16.68,0.09,0.84,15.61,12.73,0.22,696
68.317,16.70,0.15,1.14,15.32,12.80,0.00,695
68.333,16.75,0.09,0.80,15.96,12.80,0.35,694
68.350,17.00,0.12,1.15,14.85,12.68,0.00,693
68.367,16.22,0.07,0.64,16.07,12.70,0.22,693
68.384,16.95,0.12,1.34,15.11,12.63,0.00,691
68.400,16.69,0.09,0.74,16.22,12.57,0.41,691
68.418,17.23,0.11,1.26,14.88,12.58,0.00,690
68.434,16.39,0.09,0.58,15.87,12.63,0.24,687
68.451,16.72,0.19,1.21,15.13,12.61,0.00,689
68.467,16.68,0.08,0.79,16.02,12.70,0.41,688
68.484,17.04,0.11,1.17,14.91,12.61,0.00,686
68.501,16.32,0.08,0.80,16.08,12.77,0.44,685
68.518,17.11,0.11,1.13,15.02,12.61,0.00,685
68.534,16.40,0.09,0.81,16.07,12.58,0.37,681
68.551,17.12,0.11,1.18,15.02,12.66,0.00,683
68.568,16.49,0.12,1.02,16.19,12.52,1.02,743
68.585,17.49,0.14,1.53,14.12,12.52,0.00,742
68.601,15.92,0.10,1.01,15.88,11.39,0.57,736
68.618,17.15,0.13,1.57,14.21,11.57,0.00,733
68.634,16.03,0.08,0.72,16.62,13.83,0.33,730
68.655,20.20,0.11,1.15,12.04,14.44,0.00,735
68.668,13.72,0.09,0.78,15.02,15.04,0.12,724
68.684,15.99,0.06,0.86,16.44,15.21,0.00,707
68.702,17.86,0.18,1.04,15.13,14.80,0.46,695
68.719,16.94,0.14,1.21,14.39,14.72,0.00,684
68.735,15.93,0.10,1.00,16.33,13.95,0.30,682
68.753,17.64,0.32,1.66,13.88,14.02,0.00,761
68.769,16.00,0.11,1.09,15.80,16.14,0.37,756
68.786,17.13,0.13,1.31,14.59,16.14,0.00,752
68.802,16.15,0.10,1.20,15.72,14.02,0.38,746
68.820,17.85,0.18,1.61,13.65,8.60,0.00,742
68.836,16.15,0.11,1.06,15.31,9.13,0.35,734
68.854,17.81,0.17,1.28,13.58,11.72,0.00,724
68.869,15.56,0.11,0.99,15.34,15.49,0.42,722
68.886,16.56,0.12,1.53,14.82,15.79,0.00,711
68.903,16.63,0.10,1.04,15.50,15.73,0.35,699
68.919,16.81,0.12,1.52,14.62,12.89,0.00,681
68.936,16.40,0.10,0.97,15.75,13.96,0.33,656
68.953,16.97,0.13,1.53,14.75,15.14,0.00,604
68.969,16.53,0.10,1.01,15.83,15.39,0.45,448
68.986,17.08,0.12,1.50,14.60,11.71,0.00,448
69.003,16.35,0.10,1.04,15.73,11.71,0.38,448
69.020,17.01,0.13,1.49,14.71,11.70,0.00,448
69.036,16.47,0.10,1.03,15.67,11.70,0.33,438
69.053,16.95,0.13,1.52,14.76,11.64,0.00,419
69.070,16.54,0.10,1.06,15.77,11.58,0.40,404
69.087,17.07,0.13,1.43,14.64,11.48,0.00,384
69.103,16.33,0.10,1.00,15.98,11.03,0.55,390
69.120,17.24,0.13,1.55,14.24,11.18,0.00,477
69.136,16.02,0.08,0.77,15.95,11.47,0.20,491
69.153,16.99,0.14,1.47,14.92,11.47,0.00,502
69.170,16.65,0.09,0.99,15.98,11.60,0.29,502
69.187,17.22,0.12,1.25,14.55,11.61,0.00,500
69.203,16.03,0.07,0.68,16.40,11.73,0.36,496
69.220,17.31,0.12,1.17,15.10,11.76,0.00,496
69.240,19.09,0.11,0.84,13.05,11.80,0.20,507
69.254,14.41,0.10,0.90,15.13,12.50,0.00,498
69.271,16.54,0.08,0.58,15.79,12.54,0.28,497
69.287,16.80,0.21,1.45,14.78,12.27,0.00,493
69.304,16.63,0.10,0.91,16.30,12.41,0.33,491
69.321,17.49,0.23,1.08,14.49,12.30,0.00,491
69.337,15.94,0.14,0.88,15.97,12.23,0.58,495
69.355,17.12,0.13,1.31,14.67,12.14,0.00,596
69.371,16.23,0.09,0.97,16.09,12.39,0.33,611
69.390,18.84,0.15,1.26,12.83,12.34,0.00,622
69.404,14.82,0.08,0.60,15.62,12.68,0.22,620
69.421,16.66,0.10,0.95,15.64,12.56,0.00,616
69.438,16.86,0.11,0.85,15.92,12.76,0.34,616
69.455,17.04,0.13,1.30,14.55,12.83,0.00,609
69.471,16.12,0.10,0.89,16.00,12.86,0.40,607
69.488,17.15,0.13,1.27,14.78,12.87,0.00,594
69.505,16.31,0.10,0.87,16.09,12.92,0.40,587
69.522,17.21,0.14,1.28,14.80,12.79,0.00,581
69.538,16.36,0.10,0.81,15.89,12.78,0.36,581
69.555,16.97,0.13,1.28,14.83,12.72,0.00,579
69.571,16.36,0.10,0.80,16.10,12.61,0.38,542
69.589,17.15,0.14,1.32,14.76,12.43,0.00,519
69.605,16.35,0.10,0.83,16.23,12.34,0.49,558
69.622,17.30,0.22,1.24,14.60,12.06,0.00,552
69.638,16.20,0.10,0.81,16.01,12.03,0.33,549
69.656,17.09,0.19,1.72,14.13,12.03,0.00,581
69.672,16.17,0.10,0.80,16.44,15.50,0.53,678
69.689,17.49,0.17,1.61,14.25,15.50,0.00,709
69.705,16.16,0.13,1.08,15.91,11.43,0.33,728
69.723,17.30,0.19,1.76,13.86,11.62,0.00,744
69.739,15.92,0.10,0.84,16.27,13.80,0.33,754
69.756,17.37,0.17,1.48,14.66,14.70,0.00,764
69.772,16.43,0.13,1.13,15.62,15.00,0.39,770
69.789,17.03,0.18,1.83,14.40,15.45,0.00,776
69.806,16.55,0.14,1.15,15.45,15.45,0.43,781
69.823,16.90,0.18,1.78,14.27,14.40,0.00,784
69.839,16.38,0.13,1.12,15.60,13.89,0.40,788
69.856,17.03,0.17,1.68,14.36,13.86,0.00,797
69.873,16.36,0.13,1.16,15.70,14.82,0.36,803
69.890,17.15,0.17,1.72,14.37,15.68,0.00,805
69.906,16.40,0.18,1.11,15.60,15.68,0.38,810
69.923,17.11,0.17,1.67,14.35,16.49,0.00,814
69.940,16.32,0.12,1.11,15.57,10.93,0.40,816
69.957,16.96,0.18,1.79,14.38,7.23,0.00,820
69.973,16.49,0.11,1.13,15.35,10.62,0.22,818
69.990,16.78,0.30,1.60,14.67,10.95,0.00,820
70.007,16.69,0.12,1.07,15.73,12.27,0.39,820
70.024,17.08,0.17,1.79,14.32,15.09,0.00,817
70.040,16.41,0.13,1.15,15.65,15.09,0.40,814
70.057,17.08,0.17,1.78,14.28,12.05,0.00,812
70.073,16.37,0.12,1.09,15.67,9.15,0.33,809
70.090,17.03,0.16,1.80,14.39,10.22,0.00,805
70.107,16.50,0.12,1.08,15.87,10.27,0.33,806
70.124,17.22,0.16,1.69,14.19,12.05,0.00,807
70.140,16.19,0.12,1.08,15.91,12.77,0.33,808
70.161,20.72,0.18,1.49,11.05,12.67,0.11,818
70.174,13.14,0.11,0.95,14.87,13.35,0.00,813
70.190,16.03,0.10,0.96,15.61,13.26,0.00,814
70.207,17.21,0.16,1.13,15.75,13.29,0.46,815
70.225,17.63,0.17,1.79,13.74,13.42,0.00,813
70.241,15.96,0.12,1.21,15.24,13.47,0.23,814
70.258,16.69,0.17,1.32,14.91,13.45,0.00,814
70.274,16.51,0.13,1.26,15.56,13.48,0.33,815
70.291,17.12,0.16,1.55,14.48,13.52,0.00,814
70.308,16.31,0.11,1.20,15.50,13.54,0.35,813
70.325,16.93,0.16,1.78,14.42,13.48,0.00,810
70.341,16.47,0.12,1.07,15.74,13.53,0.37,811
70.358,17.05,0.16,1.80,14.55,13.64,0.00,811
70.375,16.64,0.12,1.21,15.32,13.58,0.40,812
70.392,16.79,0.29,1.76,14.15,13.58,0.00,813
70.408,16.35,0.12,1.09,15.85,13.55,0.42,814
70.426,18.48,0.20,1.71,12.80,13.48,0.00,815
70.442,15.22,0.10,0.95,15.91,13.46,0.34,815
70.459,17.41,0.18,1.78,13.98,13.64,0.00,815
70.475,16.13,0.13,1.12,15.36,13.69,0.41,817
70.492,16.76,0.16,1.76,14.13,13.93,0.00,817
70.508,16.16,0.11,0.90,16.02,13.85,0.35,818
70.525,17.19,0.15,1.63,14.63,14.02,0.00,820
70.542,16.57,0.12,0.94,15.75,14.13,0.39,820
70.559,17.00,0.16,1.55,14.55,14.10,0.00,818
70.575,16.41,0.11,0.95,15.84,14.14,0.40,817
70.592,17.07,0.16,1.53,14.52,14.17,0.00,815
70.609,16.35,0.12,0.92,15.87,14.12,0.39,817
70.626,17.07,0.16,1.50,14.60,14.24,0.00,816
70.642,16.40,0.10,0.99,15.84,14.19,0.41,814
70.659,17.10,0.13,1.50,14.39,14.13,0.00,813
70.675,16.13,0.08,0.74,16.29,14.20,0.38,814
70.693,17.31,0.14,1.52,14.60,14.16,0.00,814
70.709,16.40,0.10,0.93,15.82,14.13,0.40,813
70.726,17.01,0.13,1.37,14.58,14.21,0.00,811
70.742,16.19,0.09,0.70,16.39,14.24,0.39,811
70.760,17.35,0.33,1.39,14.48,14.43,0.00,826
70.776,16.34,0.12,1.08,15.72,15.05,0.40,825
70.793,17.09,0.16,1.49,14.65,15.00,0.00,823
70.809,16.43,0.12,0.94,15.74,15.08,0.37,821
70.826,16.96,0.15,1.48,14.47,14.89,0.00,818
70.843,16.23,0.09,0.70,16.39,14.92,0.41,816
70.860,17.34,0.15,1.34,14.82,14.80,0.00,814
70.876,16.45,0.12,0.91,15.76,14.64,0.38,814
70.893,16.94,0.15,1.44,14.58,14.67,0.00,814
70.910,16.29,0.09,0.73,16.17,14.56,0.36,813
70.927,17.15,0.15,1.40,14.75,14.45,0.00,812
70.943,16.43,0.09,0.93,15.88,14.39,0.39,810
70.960,17.06,0.13,1.47,14.46,14.35,0.00,808
70.977,16.18,0.08,0.73,16.26,14.16,0.33,806
70.994,17.23,0.13,1.41,14.83,14.30,0.00,805
71.010,16.52,0.10,0.93,15.94,14.30,0.45,802
71.027,17.12,0.13,1.45,13.95,14.34,0.00,798
71.043,15.60,0.04,0.51,16.83,14.27,0.23,797
71.061,17.58,0.16,1.44,14.83,14.22,0.00,797
71.077,16.56,0.09,0.88,15.91,14.05,0.40,796
71.094,17.04,0.13,1.41,14.69,13.95,0.00,794
71.111,16.36,0.09,0.96,15.91,13.85,0.39,792
71.128,17.12,0.13,1.44,14.76,13.67,0.13,791
71.144,16.46,0.10,1.00,15.43,13.57,0.00,791
71.161,16.66,0.09,0.93,15.60,13.67,0.00,789
71.178,16.76,0.12,1.37,15.49,11.94,0.54,787
71.195,17.19,0.13,1.27,14.81,11.91,0.14,786
71.211,16.35,0.08,0.90,15.44,11.86,0.00,785
71.228,16.55,0.09,0.98,15.91,11.91,0.00,785
71.248,20.21,0.10,0.85,12.38,11.88,0.38,792
71.262,13.73,0.10,1.09,14.77,12.19,0.08,790
71.278,16.04,0.11,1.14,15.78,12.33,0.00,790
71.295,17.49,0.18,1.19,14.86,12.28,0.44,845
71.312,16.71,0.14,1.15,14.65,12.28,0.00,846
71.328,16.09,0.31,1.02,15.80,9.15,0.23,844
71.345,17.26,0.29,1.21,14.79,11.83,0.00,842
71.362,17.17,0.14,0.89,14.72,12.62,0.22,841
71.379,16.23,0.14,1.18,15.00,13.04,0.00,841
71.395,16.67,0.16,1.18,15.35,13.83,0.39,842
71.412,16.88,0.17,1.78,14.46,15.37,0.00,839
71.429,16.55,0.13,1.15,15.49,16.11,0.38,840
71.446,16.93,0.18,1.87,14.21,16.11,0.00,840
71.462,16.41,0.18,1.11,15.66,11.75,0.39,837
71.479,17.12,0.18,1.93,14.22,8.02,0.00,837
71.496,16.47,0.15,1.18,15.36,10.06,0.42,834
71.512,16.84,0.19,1.79,14.32,12.77,0.00,831
71.529,16.43,0.12,1.15,15.35,15.90,0.22,829
71.546,16.75,0.16,1.18,15.49,16.09,0.00,825
71.563,16.96,0.13,1.15,15.42,13.29,0.32,827
71.579,16.86,0.17,1.94,14.08,14.46,0.00,824
71.596,16.32,0.12,1.18,15.67,15.94,0.41,824
71.613,17.13,0.17,1.78,14.39,15.94,0.00,825
71.629,16.46,0.12,0.93,15.72,10.45,0.34,818
71.646,16.93,0.18,1.43,14.67,12.29,0.00,819
71.663,16.41,0.12,0.90,15.84,13.70,0.35,819
71.680,17.05,0.18,1.42,14.67,14.48,0.00,819
71.696,16.40,0.12,0.92,15.83,14.64,0.37,819
71.713,17.03,0.17,1.43,14.47,12.69,0.00,817
71.729,16.18,0.19,0.84,16.24,13.39,0.49,862
71.747,17.42,0.22,1.37,14.63,14.21,0.00,863
71.763,16.48,0.27,1.11,15.60,14.50,0.47,864
71.784,20.50,0.15,1.06,11.52,14.38,0.00,875
71.797,13.18,0.13,0.88,14.90,15.09,0.15,874
71.813,15.98,0.08,0.65,16.84,15.00,0.00,873
71.831,18.13,0.20,1.43,14.38,15.18,0.42,873
71.847,16.43,0.19,1.78,13.98,15.18,0.00,875
71.864,16.13,0.14,1.12,15.01,15.20,0.14,875
71.881,16.92,0.13,0.65,15.64,15.23,0.00,873
71.898,17.02,0.15,1.18,15.10,15.20,0.35,871
71.915,17.23,0.25,1.71,13.69,15.13,0.00,872
71.931,16.29,0.14,1.12,15.12,15.22,0.33,874
71.948,16.61,0.19,1.74,14.17,15.25,0.00,874
71.964,16.21,0.13,1.07,15.76,15.36,0.44,874
71.981,17.14,0.19,1.67,14.32,15.23,0.00,873
71.997,16.29,0.14,1.15,15.60,15.25,0.38,872
72.014,17.07,0.20,1.70,14.55,15.25,0.00,875
72.032,17.25,0.16,1.11,14.97,15.29,0.44,876
72.048,16.80,0.19,1.76,13.91,15.26,0.00,876
72.064,15.97,0.14,1.14,15.48,15.25,0.41,877
72.081,16.92,0.18,1.74,14.33,13.52,0.00,877
72.098,16.39,0.15,1.09,15.58,14.36,0.41,879
72.115,17.00,0.19,1.63,14.55,14.77,0.00,879
72.131,16.49,0.13,1.19,15.61,15.35,0.39,878
72.148,17.08,0.19,1.70,14.31,15.21,0.00,877
72.165,16.33,0.14,1.06,15.70,15.22,0.40,877
72.182,17.05,0.19,1.75,14.07,15.29,0.00,877
72.198,16.13,0.11,0.83,16.22,15.22,0.39,878
72.215,17.31,0.19,1.60,14.46,12.43,0.00,877
72.231,16.37,0.13,1.20,15.76,14.05,0.38,875
72.249,17.23,0.18,1.73,14.18,15.18,0.00,878
72.265,16.22,0.14,1.03,15.82,15.14,0.38,876
72.282,17.14,0.19,1.62,14.53,15.11,0.00,877
72.299,16.48,0.13,1.05,15.65,15.23,0.41,877
72.316,17.02,0.19,1.68,14.12,15.17,0.00,877
72.332,16.10,0.17,0.84,16.13,15.19,0.39,877
72.349,17.30,0.18,1.60,14.53,15.18,0.00,876
72.365,16.45,0.16,1.02,15.62,15.16,0.35,874
72.382,16.96,0.19,1.61,14.36,15.12,0.00,875
72.399,16.28,0.12,0.80,15.85,15.32,0.22,873
72.416,16.94,0.18,1.63,14.75,15.08,0.00,871
72.432,16.68,0.13,1.08,15.65,15.15,0.38,872
72.449,17.04,0.31,1.71,14.30,15.02,0.00,869
72.466,16.46,0.13,1.13,15.59,15.02,0.40,869
72.483,17.01,0.17,1.57,14.73,15.03,0.00,866
72.499,16.62,0.14,1.05,15.39,15.01,0.25,866
72.516,16.76,0.18,1.50,14.65,15.01,0.00,865
72.533,16.46,0.13,0.99,15.51,14.92,0.22,864
72.549,16.84,0.19,1.55,14.76,14.89,0.00,864
72.566,16.64,0.12,1.08,15.47,15.08,0.22,863
72.583,16.84,0.27,1.58,14.66,14.96,0.00,862
72.600,16.65,0.12,1.03,15.70,14.94,0.36,861
72.617,17.01,0.17,1.62,14.18,14.74,0.00,859
72.633,16.07,0.10,0.89,16.26,14.68,0.37,856
72.650,17.45,0.18,1.54,14.53,14.70,0.00,855
72.667,16.38,0.13,1.10,15.73,14.67,0.40,855
72.684,17.11,0.17,1.53,14.25,14.60,0.00,852
72.700,16.06,0.09,0.74,16.35,14.62,0.41,849
72.717,17.35,0.17,1.52,14.55,14.50,0.00,848
72.733,16.37,0.13,0.99,15.85,14.41,0.40,847
72.751,17.13,0.18,1.50,14.54,14.44,0.00,846
72.767,16.36,0.27,1.12,15.61,14.44,0.41,859
72.784,17.15,0.17,1.56,14.44,14.61,0.00,854
72.800,16.31,0.12,1.03,15.89,14.54,0.35,848
72.818,17.22,0.17,1.47,14.47,13.29,0.00,846
72.834,16.26,0.13,0.98,15.76,13.12,0.40,847
72.851,17.04,0.18,1.55,14.49,13.24,0.00,844
72.867,16.37,0.13,0.98,16.00,13.17,0.48,844
72.884,17.25,0.17,1.48,14.33,13.03,0.00,842
72.901,16.09,0.10,0.80,16.38,13.15,0.46,840
72.921,20.26,0.14,0.94,12.17,12.85,0.00,850
72.934,13.60,0.11,0.73,15.17,13.66,0.15,849
72.951,16.10,0.07,1.04,15.96,13.65,0.00,848
72.968,17.67,0.15,1.01,15.37,13.55,0.41,843
72.985,17.12,0.19,1.54,14.04,13.44,0.00,842
73.001,15.99,0.12,0.97,15.25,13.49,0.15,842
73.018,16.56,0.76,1.23,14.63,13.44,0.00,843
73.035,16.75,0.20,1.04,15.95,13.49,0.46,842
73.053,18.21,0.26,1.19,13.66,13.29,0.00,839
73.069,15.77,0.13,0.96,15.25,13.41,0.39,838
73.085,16.78,0.18,1.28,14.52,13.40,0.00,837
73.102,16.14,0.13,1.01,15.75,13.36,0.38,836
73.119,17.05,0.18,1.48,14.39,13.38,0.00,834
73.135,16.14,0.12,0.80,16.35,13.44,0.41,830
73.152,17.42,0.17,1.41,14.54,13.28,0.00,828
73.168,16.25,0.11,0.95,15.91,13.30,0.36,824
73.185,17.11,0.15,1.47,14.43,13.29,0.00,821
73.202,16.16,0.08,0.78,16.11,13.31,0.39,817
73.219,17.13,0.28,1.24,14.80,13.37,0.00,816
73.235,16.46,0.16,0.96,16.09,13.39,0.36,813
73.253,17.38,0.16,1.55,14.11,13.23,0.00,809
73.269,15.94,0.08,0.56,16.14,13.33,0.22,787
73.286,16.95,0.21,1.10,15.17,13.19,0.00,787
73.302,16.61,0.11,0.70,16.28,13.39,0.41,789
73.319,17.25,0.14,1.15,14.68,13.42,0.00,787
73.335,16.09,0.08,0.59,16.18,13.46,0.29,784
73.352,17.01,0.14,1.13,15.31,13.46,0.00,784
73.369,16.71,0.10,0.74,16.04,13.52,0.38,783
73.386,17.05,0.14,1.19,14.90,13.57,0.00,783
73.403,16.36,0.10,0.70,16.19,13.60,0.37,780
73.420,17.14,0.14,1.19,14.87,13.68,0.00,775
73.436,16.34,0.10,0.83,16.01,13.60,0.39,774
73.453,17.11,0.14,1.13,15.01,13.50,0.00,771
73.470,16.40,0.10,0.77,16.03,13.47,0.39,771
73.487,17.05,0.14,1.13,14.92,13.61,0.00,770
73.503,16.32,0.11,0.72,16.26,13.50,0.40,770
73.520,17.26,0.14,1.12,15.05,13.51,0.00,765
73.537,16.48,0.11,0.75,15.89,13.37,0.43,765
73.554,16.91,0.35,1.50,14.41,13.30,0.00,814
73.570,16.40,0.16,0.94,16.15,13.30,0.54,812
73.587,17.44,0.21,1.53,14.11,9.56,0.00,809
73.603,15.99,0.13,0.91,15.86,12.84,0.42,807
73.620,17.07,0.19,1.50,14.56,13.11,0.00,802
73.637,16.38,0.13,0.92,15.78,13.79,0.34,799
73.654,17.02,0.20,1.62,14.39,14.98,0.00,797
73.670,16.34,0.13,1.05,15.82,16.04,0.39,798
73.687,17.15,0.18,1.60,14.43,16.04,0.00,795
73.704,16.35,0.13,0.93,16.04,15.75,0.48,799
73.724,20.39,0.21,1.22,11.80,10.05,0.00,806
73.738,13.75,0.17,0.91,14.49,10.86,0.12,807
73.754,15.68,0.09,0.57,16.50,13.44,0.00,808
73.771,17.78,0.16,1.11,15.22,15.78,0.48,827
73.788,16.96,0.20,1.74,14.29,15.78,0.00,823
73.805,16.52,0.34,1.16,15.56,12.40,0.38,842
73.822,17.24,0.29,1.98,13.15,11.51,0.00,844
73.838,15.53,0.16,1.13,15.72,13.55,0.36,845
73.855,17.14,0.27,1.75,14.26,14.31,0.00,850
73.871,16.39,0.13,1.19,15.81,14.54,0.39,849
73.888,17.28,0.19,1.84,14.15,15.08,0.00,850
73.905,17.10,0.14,1.10,14.84,15.04,0.45,851
73.922,16.76,0.18,1.54,13.92,15.38,0.00,850
73.938,16.02,0.22,1.10,15.40,16.32,0.39,852
73.955,16.90,0.19,1.64,14.31,9.38,0.00,855
73.971,16.26,0.13,1.16,15.63,10.61,0.37,852
73.988,17.08,0.19,1.75,14.39,11.56,0.00,853
74.005,16.46,0.14,1.11,15.42,12.45,0.22,853
74.022,16.78,0.13,1.09,15.37,13.26,0.00,855
74.038,16.73,0.14,1.15,15.50,13.72,0.35,857
74.055,16.96,0.20,1.62,14.49,13.70,0.00,856
74.072,16.44,0.13,1.12,15.64,13.71,0.37,856
74.089,17.04,0.18,1.61,14.56,13.66,0.00,856
74.105,16.47,0.13,1.07,15.17,13.67,0.20,858
74.122,16.48,0.17,1.17,15.44,13.72,0.00,856
74.139,16.94,0.13,1.16,15.75,13.75,0.47,857
74.156,17.20,0.18,1.77,14.14,13.74,0.00,856
74.172,16.22,0.13,1.11,15.57,13.61,0.29,854
74.189,16.97,0.19,1.64,14.62,13.63,0.00,854
74.206,16.58,0.14,1.16,15.53,13.76,0.36,854
74.223,16.99,0.18,1.73,14.51,13.71,0.00,854
74.239,16.57,0.14,1.10,15.50,13.66,0.37,852
74.256,16.89,0.18,1.70,14.38,13.74,0.00,849
74.273,16.39,0.14,1.17,15.52,13.70,0.30,851
74.290,16.98,0.19,1.68,14.57,13.90,0.00,850
74.306,16.57,0.13,1.15,15.54,13.86,0.38,849
74.323,17.01,0.18,1.75,14.33,13.75,0.00,847
74.340,16.40,0.12,1.07,15.68,13.82,0.38,846
74.357,17.03,0.19,1.67,14.40,13.73,0.00,846
74.373,16.41,0.13,1.20,15.51,13.68,0.31,846
74.390,17.02,0.18,1.59,14.51,13.80,0.00,847
74.406,16.42,0.14,1.07,15.79,13.82,0.40,846
74.424,17.15,0.17,1.75,14.41,13.76,0.00,843
74.443,19.02,0.17,1.08,12.75,13.67,0.20,852
74.457,14.42,0.14,1.21,14.71,14.31,0.00,849
74.473,16.19,0.12,0.67,16.52,14.31,0.40,849
74.491,18.06,0.27,1.26,14.09,14.30,0.00,848
74.507,16.06,0.19,1.12,15.36,14.30,0.45,845
74.524,17.09,0.47,1.77,13.96,14.17,0.00,843
74.541,16.34,0.12,0.97,15.78,14.28,0.34,840
74.559,18.00,0.34,1.66,12.71,14.28,0.00,841
74.574,15.10,0.07,0.57,16.29,10.65,0.39,841
74.591,17.39,0.21,1.77,13.91,9.59,0.00,840
74.607,16.05,0.13,1.02,15.73,11.59,0.41,838
74.624,17.05,0.18,1.74,14.23,12.29,0.00,834
74.641,16.29,0.13,1.03,15.86,13.94,0.40,832
74.658,17.17,0.17,1.63,14.21,14.27,0.00,831
74.674,16.12,0.11,0.80,15.84,14.20,0.22,830
74.691,17.01,0.17,1.50,14.83,14.19,0.00,827
74.708,16.63,0.12,1.05,15.76,14.14,0.36,825
74.725,17.10,0.18,1.58,14.37,14.17,0.00,825
74.741,16.24,0.10,0.74,16.24,14.15,0.39,821
74.758,17.25,0.14,1.42,14.95,14.34,0.00,819
74.777,19.08,0.40,0.99,12.75,14.39,0.27,843
74.792,14.56,0.14,1.17,15.04,15.59,0.00,841
74.809,16.77,0.13,0.85,15.72,15.59,0.36,839
74.826,17.17,0.19,1.30,14.18,15.59,0.00,838
74.842,15.96,0.13,1.12,15.26,15.68,0.20,830
74.858,16.68,0.26,1.49,14.88,9.80,0.00,830
74.875,16.76,0.13,1.18,15.43,11.89,0.38,826
74.892,16.94,0.17,1.59,14.53,15.00,0.00,822
74.908,16.44,0.12,0.99,15.72,15.40,0.40,822
74.925,16.95,0.21,1.60,14.67,15.44,0.00,819
74.943,17.53,0.12,1.00,14.69,15.40,0.42,816
74.959,16.41,0.14,1.29,14.55,15.32,0.00,813
74.976,16.12,0.10,1.03,15.56,15.40,0.41,805
74.992,16.84,0.14,1.46,14.47,15.36,0.00,804
75.009,16.19,0.08,0.70,16.52,15.28,0.33,805
75.026,17.47,0.14,1.52,14.23,14.55,0.00,798
75.042,16.01,0.08,0.70,15.85,14.58,0.22,795
75.059,16.75,0.15,0.87,15.71,15.16,0.00,792
75.076,16.87,0.11,0.88,15.96,14.12,0.38,790
75.093,17.10,0.15,1.44,14.69,14.03,0.00,790
75.109,16.41,0.10,0.94,16.04,14.03,0.60,788
75.126,17.24,0.14,1.44,14.52,13.92,0.00,788
75.143,16.23,0.10,0.94,15.86,13.77,0.39,786
75.160,17.05,0.14,1.37,14.78,13.69,0.00,786
75.176,16.44,0.10,0.86,16.04,13.51,0.32,785
75.193,17.16,0.14,1.41,14.61,13.50,0.00,785
75.210,16.30,0.10,0.86,15.97,13.46,0.43,782
75.227,17.10,0.14,1.35,14.71,13.50,0.00,771
75.243,16.33,0.12,0.86,15.89,13.43,0.39,769
75.260,17.02,0.14,1.36,14.73,13.33,0.00,765
75.276,16.37,0.11,0.98,15.86,13.35,0.41,764
75.294,17.11,0.13,1.44,14.67,13.33,0.00,762
75.310,16.38,0.10,0.89,15.92,13.17,0.39,761
75.327,17.06,0.13,1.39,14.57,13.14,0.00,759
75.343,16.20,0.07,0.73,15.91,12.99,0.22,758
75.360,16.98,0.14,1.33,15.02,12.95,0.00,756
75.377,16.63,0.10,0.88,16.00,12.80,0.40,756
75.394,17.14,0.13,1.36,14.50,12.82,0.00,755
75.410,16.10,0.08,0.68,16.41,12.72,0.38,753
75.427,17.33,0.13,1.35,14.77,12.56,0.00,751
75.444,16.39,0.10,0.96,15.86,12.46,0.39,750
75.461,17.08,0.14,1.49,14.69,12.43,0.00,749
75.477,16.44,0.10,0.90,15.87,12.50,0.38,748
75.494,17.05,0.13,1.35,14.51,12.35,0.00,745
75.510,16.09,0.08,0.67,16.51,12.34,0.40,742
75.528,17.41,0.13,1.08,15.07,12.27,0.15,727
75.544,16.43,0.10,0.78,15.80,12.05,0.00,727
75.561,16.83,0.12,0.70,16.01,12.38,0.40,726
75.578,16.98,0.13,1.02,14.83,12.39,0.00,726
75.594,16.10,0.08,0.56,16.13,12.31,0.00,723
75.611,16.93,0.12,1.06,15.89,12.27,0.54,721
75.628,17.23,0.22,1.16,14.91,12.22,0.16,721
75.647,19.07,0.21,0.93,12.76,12.04,0.00,781
75.662,14.25,0.27,1.04,14.87,12.04,0.24,780
75.678,16.27,0.08,0.50,15.94,12.04,0.00,778
75.695,16.90,0.12,0.69,16.21,10.67,0.40,777
75.712,17.47,0.20,1.57,14.02,13.97,0.00,780
75.728,15.98,0.13,0.98,16.29,13.60,0.33,781
75.746,17.60,0.23,1.31,14.28,15.02,0.00,782
75.763,16.73,0.16,0.98,14.96,14.76,0.41,789
75.779,16.83,0.22,1.64,13.81,14.76,0.00,787
75.795,15.81,0.13,1.01,15.69,9.69,0.43,784
75.812,16.98,0.19,1.58,14.45,12.82,0.00,793
75.829,16.34,0.14,1.01,15.81,13.47,0.40,795
75.846,17.11,0.18,1.67,14.38,13.46,0.00,792
75.862,16.38,0.13,1.03,15.78,13.81,0.40,801
75.879,17.09,0.18,1.59,14.48,14.22,0.00,800
75.895,16.39,0.14,1.08,15.79,15.52,0.42,800
75.913,17.17,0.19,1.52,14.41,15.52,0.00,808
75.929,16.25,0.13,1.11,15.68,14.27,0.40,809
75.946,17.09,0.18,1.65,14.58,8.79,0.00,810
75.963,16.53,0.13,1.12,15.61,9.34,0.41,811
75.983,20.66,0.13,1.10,11.60,11.87,0.00,825
75.996,13.29,0.14,1.17,14.37,11.87,0.14,826
76.012,15.76,0.07,0.60,16.47,13.41,0.00,826
76.030,17.80,0.14,1.23,14.94,10.31,0.37,826
76.047,16.76,0.19,1.53,14.14,12.94,0.00,825
76.063,16.04,0.14,1.23,15.46,13.19,0.31,822
76.080,17.01,0.26,1.72,14.34,11.26,0.00,820
76.096,16.42,0.13,1.20,15.26,12.84,0.22,824
76.113,16.75,0.17,1.66,14.95,14.57,0.00,825
76.130,16.90,0.14,1.15,15.50,14.55,0.40,825
76.147,16.91,0.19,1.77,14.18,14.46,0.00,821
76.163,16.25,0.12,1.30,15.71,14.49,0.40,824
76.180,17.29,0.18,1.60,14.39,14.35,0.00,824
76.197,17.15,0.14,0.89,15.04,14.46,0.42,826
76.214,16.75,0.17,1.54,13.95,14.42,0.00,826
76.230,15.82,0.12,1.08,15.33,14.43,0.22,826
76.247,16.66,0.11,1.27,15.30,14.46,0.00,826
76.264,16.81,0.11,1.13,15.69,14.48,0.42,824
76.281,17.09,0.16,1.70,14.35,14.47,0.00,825
76.297,16.36,0.12,1.14,15.66,14.51,0.39,824
76.314,17.08,0.18,1.68,14.38,14.49,0.00,825
76.330,16.36,0.12,1.17,15.52,14.65,0.32,825
76.347,16.96,0.17,1.77,14.49,14.54,0.00,823
76.364,16.57,0.13,1.15,15.61,14.49,0.40,821
76.381,17.04,0.17,1.73,14.32,14.32,0.00,821
76.397,16.35,0.12,1.13,15.71,14.30,0.42,819
76.414,17.12,0.16,1.55,14.50,14.22,0.00,817
76.431,16.35,0.11,1.11,15.72,14.15,0.41,816
76.448,17.10,0.16,1.57,14.49,14.09,0.00,812
76.464,16.35,0.12,1.09,15.84,14.08,0.40,813
76.481,17.21,0.16,1.70,14.23,14.12,0.00,810
76.498,16.23,0.12,1.10,15.73,14.14,0.39,810
76.515,17.11,0.16,1.67,14.38,14.14,0.00,806
76.531,16.35,0.12,1.13,15.85,14.12,0.43,804
76.548,17.26,0.16,1.55,14.43,14.22,0.00,803
76.565,16.29,0.13,1.06,15.83,14.17,0.38,802
76.582,17.19,0.14,1.44,14.71,14.07,0.00,802
76.598,16.47,0.12,1.08,15.53,14.00,0.42,802
76.615,16.89,0.13,1.62,14.42,14.16,0.00,799
76.632,16.30,0.09,1.01,15.81,14.04,0.36,799
76.649,17.07,0.13,1.55,14.62,13.90,0.00,797
76.665,16.44,0.10,1.09,15.63,13.77,0.32,794
76.682,16.97,0.14,1.55,14.64,13.70,0.00,793
76.698,16.46,0.10,1.00,15.73,13.71,0.33,792
76.715,16.97,0.20,1.58,14.59,13.60,0.00,791
76.732,16.50,0.10,1.05,15.72,13.60,0.37,789
76.749,17.04,0.13,1.52,14.75,13.72,0.00,787
76.766,16.54,0.11,0.99,15.75,13.67,0.42,786
76.783,17.00,0.28,1.38,14.57,13.60,0.00,804
76.799,16.37,0.10,1.00,15.80,14.00,0.41,801
76.816,17.06,0.13,1.51,14.60,13.89,0.00,797
76.832,16.37,0.10,0.97,15.88,13.95,0.39,787
76.849,17.11,0.13,1.48,14.66,13.91,0.00,783
76.866,16.40,0.10,0.91,15.52,13.75,0.22,784
76.883,16.72,0.13,1.49,14.91,13.86,0.00,781
76.899,16.66,0.09,0.90,15.96,13.79,0.37,781
76.916,17.15,0.13,1.38,14.62,13.72,0.00,780
76.933,16.27,0.10,0.90,15.97,13.75,0.37,777
76.950,17.16,0.13,1.42,14.65,13.64,0.00,776
76.966,16.34,0.10,0.99,15.82,13.63,0.37,774
76.983,17.07,0.12,1.38,14.76,13.58,0.00,772
77.000,16.40,0.10,0.92,15.92,13.51,0.38,770
77.017,17.09,0.12,1.42,14.74,13.61,0.00,760
77.033,16.41,0.10,0.92,15.91,13.70,0.42,758
77.050,17.10,0.12,1.45,14.65,13.66,0.00,743
77.067,16.34,0.09,0.89,15.95,13.54,0.35,739
77.084,17.09,0.13,1.36,14.83,13.47,0.00,736
77.100,16.45,0.09,0.88,15.94,13.45,0.36,729
77.117,17.06,0.12,1.33,14.74,13.38,0.00,729
77.133,16.32,0.10,0.89,15.92,13.27,0.40,726
77.151,17.07,0.12,1.23,14.89,13.37,0.00,716
77.167,16.38,0.09,0.90,15.93,11.88,0.38,714
77.184,17.08,0.12,1.25,14.86,11.87,0.00,713
77.200,16.35,0.09,0.83,16.10,11.85,0.39,710
77.218,17.18,0.11,1.22,14.87,11.87,0.00,704
77.234,16.33,0.09,0.76,16.12,11.81,0.40,701
77.251,17.11,0.11,1.24,14.68,11.80,0.00,700
77.267,16.14,0.07,0.58,16.51,11.81,0.41,698
77.284,17.31,0.11,1.19,14.96,11.91,0.00,697
77.301,16.39,0.09,0.78,16.01,11.98,0.40,694
77.318,17.02,0.11,1.14,15.03,11.96,0.00,695
77.334,16.39,0.08,0.78,16.04,11.94,0.39,693
77.351,17.07,0.11,1.14,14.85,11.88,0.00,689
77.368,16.23,0.07,0.56,16.49,11.90,0.41,686
77.385,17.28,0.11,1.12,14.99,11.79,0.00,683
77.401,16.36,0.09,0.88,15.93,11.83,0.38,681
77.418,17.06,0.11,1.19,14.99,11.79,0.00,680
77.435,16.42,0.08,0.84,15.99,11.91,0.41,678
77.452,17.07,0.11,1.13,15.07,11.86,0.00,677
77.468,16.46,0.08,0.76,15.95,11.94,0.37,676
77.485,16.94,0.11,1.19,15.03,11.93,0.00,674
77.502,16.45,0.08,0.73,16.06,12.00,0.38,671
77.519,17.05,0.11,1.12,15.07,12.05,0.00,668
77.535,16.42,0.09,0.74,16.03,12.20,0.38,668
77.552,17.01,0.16,1.60,14.47,12.27,0.00,712
77.568,16.36,0.09,1.03,16.21,16.40,0.58,710
77.586,17.50,0.13,1.68,14.14,16.40,0.00,707
77.602,16.09,0.09,0.90,15.85,10.94,0.40,706
77.619,17.01,0.14,1.22,14.94,11.51,0.00,697
77.635,16.43,0.10,0.89,15.85,13.59,0.37,697
77.652,16.99,0.14,1.26,14.94,14.36,0.00,695
77.669,16.46,0.10,0.86,15.90,14.68,0.36,696
77.686,17.01,0.14,1.23,14.88,15.02,0.00,696
77.702,16.38,0.10,0.82,16.19,16.12,0.48,695
77.720,17.28,0.15,1.34,14.59,12.17,0.00,694
77.736,16.21,0.10,0.83,15.92,13.86,0.34,693
77.753,17.01,0.32,1.52,14.59,14.51,0.00,746
77.769,16.58,0.13,1.09,15.80,16.23,0.51,746
77.787,17.17,0.17,1.63,14.30,16.23,0.00,747
77.803,16.24,0.13,1.03,15.68,14.66,0.37,748
77.820,16.99,0.15,1.68,14.37,9.11,0.00,745
77.836,16.34,0.10,1.08,15.67,9.83,0.32,743
77.853,16.97,0.11,1.13,15.17,11.53,0.00,744
77.870,16.54,0.11,1.05,15.73,15.11,0.37,746
77.887,17.08,0.14,1.71,14.37,15.11,0.00,747
77.903,16.35,0.11,1.01,15.85,13.26,0.41,747
77.920,17.15,0.15,1.57,14.46,11.02,0.00,745
77.937,16.30,0.11,1.05,15.79,13.17,0.38,745
77.954,17.12,0.14,1.68,14.37,13.97,0.00,745
77.970,16.33,0.10,1.06,15.83,11.49,0.40,746
77.987,17.15,0.14,1.73,14.41,12.25,0.00,747
78.004,16.41,0.17,1.25,15.61,14.34,0.57,803
78.021,17.18,0.36,1.66,14.20,14.34,0.00,801
78.037,16.37,0.14,1.26,15.38,12.19,0.39,802
78.054,16.96,0.21,2.06,13.97,13.30,0.00,808
78.070,16.38,0.14,1.26,15.58,13.82,0.40,810
78.088,17.13,0.21,2.54,13.58,13.72,0.00,826
78.104,16.52,0.16,1.41,15.65,14.39,0.78,831
78.122,18.11,0.27,2.04,13.02,14.64,0.00,833
78.138,15.62,0.15,1.35,15.17,16.05,0.40,836
78.155,16.81,0.21,2.21,13.72,16.05,0.00,846
78.171,16.28,0.16,1.65,15.02,14.46,0.35,843
78.188,17.00,0.21,2.25,13.81,9.21,0.00,846
78.204,16.42,0.16,1.50,15.77,11.69,0.33,854
78.224,19.99,0.18,1.43,12.27,12.90,0.00,864
78.239,14.86,0.21,2.03,13.50,14.65,0.32,868
78.255,16.02,0.24,2.48,13.30,14.65,0.00,876
78.271,16.12,0.15,1.66,15.15,16.10,0.44,878
78.288,17.08,0.21,2.66,13.29,11.62,0.00,877
78.305,16.27,0.14,1.67,15.28,9.36,0.41,885
78.322,17.25,0.20,2.61,13.28,13.69,0.00,888
78.338,16.22,0.23,1.71,15.29,14.19,0.34,894
78.357,18.59,0.31,2.37,12.07,14.84,0.00,894
78.372,15.30,0.14,1.62,14.78,15.03,0.41,893
78.389,16.69,0.20,2.49,13.52,15.38,0.00,895
78.405,16.34,0.16,1.59,15.19,15.38,0.39,894
78.422,17.10,0.20,1.99,14.11,10.51,0.00,895
78.439,16.44,0.15,1.12,15.84,12.79,0.59,898
78.456,17.26,0.21,2.56,13.27,12.60,0.00,897
78.474,18.02,0.13,1.22,13.49,13.17,0.25,906
78.489,15.19,0.16,1.37,14.91,13.91,0.00,909
78.506,16.58,0.13,1.27,15.16,14.74,0.24,913
78.523,17.05,0.15,1.65,14.34,15.81,0.00,916
78.540,16.90,0.14,1.35,14.30,15.81,0.20,919
78.556,16.40,0.19,1.68,14.49,14.82,0.00,920
78.573,17.01,0.13,1.29,14.60,9.28,0.23,918
78.589,16.14,0.14,1.78,14.50,10.39,0.00,916
78.606,16.53,0.13,1.35,15.73,12.37,0.37,914
78.623,17.36,0.21,2.08,14.09,15.29,0.00,918
78.640,16.52,0.20,1.87,14.75,15.29,0.41,921
78.657,17.89,0.20,2.03,13.02,12.61,0.00,922
78.674,16.26,0.16,1.59,14.33,11.43,0.37,923
78.691,16.87,0.28,1.77,13.49,14.01,0.00,924
78.706,15.66,0.16,1.60,15.05,14.38,0.36,926
78.723,16.97,0.20,2.49,13.32,14.86,0.00,924
78.739,16.14,0.11,1.25,15.85,14.88,0.35,924
78.757,17.37,0.20,2.11,14.02,15.38,0.00,922
78.773,16.48,0.19,1.49,15.22,15.38,0.25,921
78.790,17.05,0.27,1.62,14.21,13.96,0.00,932
78.806,16.22,0.12,1.18,15.01,15.49,0.15,932
78.823,16.42,0.09,0.84,15.85,12.84,0.00,926
78.840,16.88,0.10,0.79,15.54,14.06,0.12,924
78.856,16.55,0.09,0.87,16.60,14.25,0.00,919
78.874,17.75,0.31,2.20,13.77,14.44,0.35,919
78.891,16.44,0.20,2.32,13.78,14.44,0.00,917
78.907,16.50,0.16,1.49,15.14,15.85,0.36,918
78.924,17.03,0.20,2.19,13.85,13.95,0.00,914
78.940,16.37,0.14,1.50,15.18,10.41,0.33,913
78.957,16.98,0.19,2.01,14.10,11.10,0.00,908
78.974,16.44,0.14,1.40,15.33,14.12,0.33,905
78.991,17.02,0.20,1.89,14.33,14.12,0.00,905
79.007,16.55,0.13,1.39,15.32,16.70,0.38,900
79.024,17.00,0.20,2.25,13.79,10.32,0.00,898
79.041,16.36,0.13,1.40,15.30,8.03,0.29,895
79.058,17.00,0.20,2.13,13.86,12.48,0.00,893
79.074,16.30,0.12,1.06,15.54,12.78,0.20,891
79.091,16.86,0.33,1.91,14.31,13.43,0.00,891
79.108,16.68,0.14,1.46,15.36,14.13,0.36,890
79.125,17.11,0.19,2.17,14.03,14.98,0.00,885
79.141,16.51,0.13,1.31,15.39,15.27,0.38,884
79.158,16.99,0.19,2.15,13.94,15.57,0.00,881
79.175,16.42,0.14,1.31,15.47,15.57,0.35,881
79.192,17.08,0.18,1.81,14.25,9.49,0.00,879
79.208,16.38,0.15,1.33,15.44,12.30,0.30,877
79.225,17.07,0.18,2.01,14.07,12.75,0.00,874
79.242,16.41,0.18,1.30,15.13,13.24,0.23,872
79.261,19.31,0.23,1.25,12.56,13.86,0.00,881
79.275,14.34,0.26,1.48,14.89,15.72,0.21,875
79.293,17.92,0.15,1.42,13.62,15.72,0.00,874
79.309,16.16,0.15,1.44,14.80,14.57,0.33,874
79.327,17.28,0.23,1.92,13.07,8.77,0.00,870
79.342,15.83,0.15,1.30,14.95,9.69,0.29,858
79.359,16.96,0.16,1.43,14.39,11.84,0.00,851
79.376,16.59,0.15,1.40,14.60,15.42,0.29,850
79.393,16.65,0.17,1.38,14.85,15.42,0.00,848
79.410,17.10,0.26,1.26,14.74,12.02,0.49,845
79.427,17.29,0.24,1.31,13.67,10.78,0.00,841
79.443,15.62,0.14,1.29,14.83,12.46,0.22,838
79.459,16.38,0.27,1.86,14.44,12.93,0.00,833
79.476,16.71,0.13,1.29,15.52,13.41,0.38,830
79.493,17.09,0.17,2.00,13.87,14.53,0.00,824
79.509,16.16,0.10,0.95,16.19,15.91,0.41,820
79.526,17.40,0.17,1.50,14.56,14.82,0.00,815
79.543,16.36,0.12,0.98,15.78,14.74,0.38,809
79.560,17.02,0.17,1.44,14.75,14.75,0.00,803
79.576,16.51,0.13,0.98,15.72,14.62,0.40,790
79.593,16.98,0.17,1.43,14.65,14.47,0.00,780
79.610,16.38,0.13,0.97,15.52,12.95,0.27,778
79.626,16.75,0.12,0.96,15.70,12.89,0.00,779
79.643,16.94,0.13,1.00,15.63,12.90,0.37,778
79.660,16.93,0.19,1.54,14.37,12.84,0.00,776
79.676,16.24,0.12,0.96,15.85,12.79,0.40,773
79.694,17.09,0.16,1.38,14.52,12.80,0.00,771
79.710,16.17,0.09,0.74,15.92,12.72,0.23,770
79.727,16.91,0.18,1.30,15.12,12.65,0.00,770
79.743,16.72,0.12,0.91,16.04,12.70,0.33,770
79.761,17.24,0.18,1.33,14.64,12.71,0.00,768
79.777,16.28,0.11,1.07,15.79,12.63,0.38,767
79.794,17.14,0.25,1.36,14.72,12.61,0.00,765
79.811,16.48,0.13,0.97,15.72,12.63,0.44,761
79.828,16.98,0.15,1.37,14.57,12.63,0.00,756
79.844,16.22,0.10,0.86,16.37,12.62,0.37,755
79.861,17.49,0.14,1.45,14.46,12.42,0.14,754
79.877,16.18,0.15,0.90,15.20,12.50,0.00,749
79.894,16.39,0.10,0.94,15.47,12.51,0.00,745
79.910,16.66,0.14,1.25,15.89,12.53,0.51,746
79.928,17.44,0.14,1.43,14.69,12.48,0.13,743
79.944,16.41,0.10,0.94,15.51,12.35,0.00,738
79.961,16.70,0.11,0.96,15.90,12.56,0.41,736
79.978,17.15,0.14,1.11,14.85,12.52,0.00,735
79.994,16.24,0.10,0.69,16.08,12.45,0.35,731
80.011,17.02,0.14,1.01,15.23,12.47,0.00,731
80.028,16.49,0.10,0.80,16.11,12.54,0.33,727
80.048,20.45,0.20,1.04,11.86,12.56,0.00,734
80.062,13.63,0.11,0.76,14.74,13.11,0.14,731
80.078,15.68,0.06,0.39,17.07,13.09,0.00,731
80.096,18.33,0.21,1.07,14.54,13.12,0.35,728
80.112,16.22,0.14,1.14,14.56,13.05,0.00,724
80.128,16.01,0.17,0.76,15.60,12.88,0.16,705
80.146,17.41,0.33,0.50,15.15,12.68,0.00,701
80.162,16.46,0.11,0.68,15.96,12.71,0.33,701
80.182,20.31,0.15,1.05,11.67,12.67,0.00,711
80.196,13.28,0.12,0.78,14.78,13.26,0.13,711
80.211,15.76,0.05,0.40,16.77,13.21,0.00,712
80.229,17.75,0.23,0.80,15.42,13.16,0.32,707
80.246,17.02,0.14,1.16,14.52,13.07,0.00,705
80.262,15.99,0.10,0.92,15.41,12.96,0.16,703
80.280,17.97,0.17,1.13,14.00,12.94,0.00,699
80.296,15.60,0.10,0.67,15.96,13.05,0.33,699
80.313,16.87,0.14,1.00,15.12,13.03,0.00,696
80.329,16.38,0.10,0.68,16.13,13.06,0.33,693
80.346,17.07,0.13,0.98,14.91,12.88,0.00,691
80.362,16.13,0.08,0.50,16.66,12.80,0.32,694
80.380,17.39,0.13,1.04,14.91,12.92,0.00,694
80.396,16.21,0.10,0.67,16.26,12.94,0.39,691
80.413,17.19,0.13,1.02,15.04,12.93,0.00,688
80.429,16.32,0.10,0.64,16.20,12.85,0.36,689
80.446,17.10,0.14,1.07,15.07,12.72,0.00,689
80.463,16.40,0.09,0.68,16.18,12.86,0.33,688
80.480,17.11,0.13,0.99,15.06,12.83,0.00,685
80.496,16.30,0.09,0.63,16.25,12.84,0.38,683
80.513,17.13,0.13,1.01,15.14,12.76,0.00,682
80.530,16.42,0.10,0.68,16.07,12.72,0.36,682
80.547,17.00,0.21,1.52,14.56,12.62,0.00,732
80.563,16.43,0.15,1.01,15.99,16.25,0.57,732
80.581,17.31,0.18,1.58,14.32,16.25,0.00,730
80.597,16.28,0.15,1.02,15.77,10.87,0.33,731
80.614,17.15,0.20,1.56,14.12,11.59,0.00,732
80.630,15.99,0.11,0.78,16.24,13.62,0.38,732
80.647,17.28,0.20,1.39,14.91,14.44,0.00,736
80.664,16.66,0.14,1.07,15.64,14.90,0.34,736
80.681,17.03,0.21,1.68,14.19,14.86,0.00,739
80.697,16.23,0.14,1.09,15.69,14.84,0.33,744
80.714,17.07,0.19,1.48,14.49,14.39,0.00,743
80.731,16.31,0.13,1.08,15.81,14.94,0.33,742
80.748,17.19,0.28,1.51,14.47,15.26,0.00,747
80.767,18.95,0.15,1.10,13.13,15.71,0.25,755
80.781,14.79,0.14,1.23,14.47,15.71,0.00,757
80.797,15.99,0.24,1.23,15.72,14.12,0.33,769
80.815,17.77,0.20,1.41,13.99,8.82,0.00,771
80.831,16.03,0.15,1.14,15.52,9.54,0.32,773
80.848,17.05,0.19,1.94,14.31,12.17,0.00,771
80.865,16.71,0.16,1.59,14.58,12.17,0.31,773
80.882,16.64,0.19,1.63,14.52,15.80,0.00,772
80.898,16.46,0.23,1.26,15.38,9.30,0.33,769
80.916,18.24,0.20,1.57,13.19,11.88,0.00,769
80.932,15.41,0.14,1.21,14.94,12.23,0.23,771
80.948,16.61,0.13,1.23,14.84,12.93,0.00,771
80.965,16.36,0.13,1.21,15.47,12.11,0.39,770
80.982,16.97,0.18,1.79,14.31,13.30,0.00,774
80.998,16.41,0.13,1.22,15.29,13.23,0.27,777
81.015,16.76,0.16,1.21,15.22,13.12,0.00,774
81.032,16.72,0.14,1.11,15.68,13.09,0.39,775
81.049,17.09,0.18,2.03,14.14,13.07,0.00,776
81.065,16.50,0.13,1.17,15.57,13.02,0.40,779
81.082,17.05,0.18,1.89,14.14,13.10,0.00,779
81.099,16.34,0.13,1.18,15.68,13.16,0.43,782
81.116,17.18,0.31,1.49,14.33,13.06,0.00,783
81.132,16.27,0.13,1.14,15.61,13.15,0.41,783
81.149,17.04,0.17,1.59,14.53,13.05,0.00,782
81.165,16.42,0.12,1.24,15.63,12.99,0.41,783
81.186,20.51,0.15,1.15,11.78,12.99,0.00,793
81.200,13.63,0.15,1.17,14.10,13.61,0.13,793
81.215,15.48,0.13,1.89,15.17,13.54,0.00,793
81.233,17.72,0.14,1.23,15.44,13.64,0.33,792
81.250,17.40,0.21,1.41,13.85,13.71,0.00,792
81.266,15.66,0.22,1.00,15.70,13.62,0.23,794
81.283,17.08,0.20,1.27,14.79,13.64,0.00,793
81.299,16.39,0.12,1.36,15.04,13.59,0.22,786
81.316,16.61,0.12,1.38,15.06,13.60,0.00,785
81.333,16.69,0.14,1.32,15.33,13.62,0.32,786
81.351,18.32,0.20,1.38,13.26,13.45,0.00,787
81.366,15.14,0.06,0.61,16.16,13.85,0.31,785
81.383,17.37,0.25,1.86,14.10,13.53,0.00,790
81.400,16.36,0.12,1.10,15.57,13.69,0.43,789
81.417,16.95,0.17,1.74,14.33,13.60,0.00,789
81.433,16.37,0.13,1.13,15.67,13.64,0.41,789
81.450,17.08,0.16,1.64,14.41,13.65,0.00,782
81.467,16.36,0.12,1.16,15.70,13.64,0.40,780
81.484,17.13,0.18,1.70,14.30,13.60,0.00,779
81.500,16.30,0.12,1.13,15.64,13.73,0.37,779
81.517,17.05,0.16,1.84,14.26,13.75,0.00,780
81.533,16.40,0.12,1.17,15.38,13.65,0.25,780
81.550,16.81,0.12,1.10,15.36,13.71,0.00,780
81.567,16.70,0.12,1.16,15.66,13.70,0.42,777
81.584,17.10,0.16,1.64,14.70,13.63,0.00,776
81.601,16.64,0.13,1.14,15.34,13.71,0.40,775
81.617,16.77,0.17,1.74,14.35,13.55,0.00,775
81.634,16.38,0.13,1.05,15.42,13.54,0.21,775
81.651,16.76,0.26,1.62,14.72,13.68,0.00,774
81.667,16.75,0.12,1.08,15.93,13.62,0.34,776
81.685,17.30,0.17,1.68,14.34,13.62,0.00,776
81.701,16.35,0.11,1.03,15.56,13.69,0.42,777
81.718,16.87,0.14,1.59,14.53,13.58,0.00,777
81.734,16.40,0.10,1.03,15.85,13.50,0.44,774
81.751,17.16,0.14,1.63,14.26,13.55,0.00,775
81.768,16.14,0.33,0.85,15.88,13.49,0.39,779
81.785,17.22,0.13,1.58,14.52,13.64,0.00,778
81.801,16.37,0.10,1.00,15.75,13.75,0.37,779
81.818,17.03,0.13,1.59,14.59,13.74,0.00,776
81.835,16.44,0.10,1.06,15.24,13.58,0.22,775
81.851,16.51,0.10,1.00,15.76,13.57,0.00,772
81.868,17.00,0.10,1.06,15.81,13.67,0.41,769
81.885,17.13,0.13,1.58,14.39,13.57,0.00,764
81.901,16.25,0.10,0.91,15.97,13.49,0.42,765
81.919,17.14,0.13,1.41,14.64,13.55,0.00,763
81.935,16.31,0.09,0.92,15.83,13.53,0.32,757
81.952,16.99,0.13,1.43,14.75,13.33,0.00,751
81.968,16.45,0.09,0.99,15.85,13.28,0.40,747
81.985,17.09,0.13,1.38,14.75,13.22,0.00,741
82.002,16.38,0.09,0.93,15.99,13.25,0.47,737
82.019,17.16,0.13,1.41,14.75,13.19,0.00,725
82.035,16.45,0.16,1.07,14.90,13.14,0.17,718
82.052,16.24,0.07,0.78,16.09,13.35,0.00,714
82.069,17.05,0.09,1.01,15.88,11.90,0.42,712
82.086,17.13,0.12,1.36,14.77,11.84,0.00,713
82.102,16.40,0.09,0.87,15.98,11.89,0.43,709
82.119,17.09,0.12,1.33,14.69,11.74,0.00,709
82.136,16.28,0.08,0.96,15.98,11.78,0.40,706
82.153,17.17,0.12,1.50,14.83,11.73,0.00,707
82.172,19.07,0.19,1.07,12.89,11.62,0.38,777
82.186,14.45,0.17,1.16,14.73,11.62,0.00,776
82.203,16.18,0.08,0.82,16.13,9.04,0.33,775
82.220,17.77,0.27,1.37,14.10,12.60,0.00,775
82.236,16.08,0.17,1.06,15.04,13.15,0.20,767
82.253,16.44,0.11,1.21,15.68,13.37,0.00,758
82.270,17.17,0.15,1.26,14.52,14.67,0.16,748
82.289,19.30,0.11,0.71,12.64,15.77,0.00,755
82.304,14.21,0.11,0.58,15.20,15.77,0.13,758
82.320,16.38,0.13,1.03,15.29,14.30,0.00,756
82.337,16.99,0.36,1.72,14.49,9.24,0.35,755
82.354,16.85,0.17,1.72,14.50,9.59,0.00,753
82.370,16.59,0.19,0.69,15.72,13.17,0.39,753
82.387,16.80,0.17,1.72,14.28,13.17,0.00,753
82.403,16.28,0.12,1.21,16.01,12.05,0.34,748
82.421,17.70,0.18,1.96,13.84,9.88,0.00,742
82.438,16.93,0.14,1.06,14.43,11.91,0.25,737
82.454,15.93,0.11,1.23,14.89,12.46,0.00,732
82.470,16.36,0.12,1.04,15.86,13.88,0.40,728
82.488,17.18,0.16,1.71,14.59,15.46,0.00,722
82.504,16.61,0.12,1.08,15.44,15.46,0.44,713
82.521,16.82,0.17,1.36,14.84,15.41,0.00,684
82.537,16.51,0.12,0.81,15.84,15.21,0.48,680
82.554,16.93,0.17,1.29,14.73,15.14,0.00,681
82.571,16.31,0.12,0.85,15.97,15.17,0.42,681
82.588,17.10,0.15,1.25,14.77,13.32,0.00,680
82.604,16.30,0.11,0.82,16.03,12.17,0.40,679
82.621,17.12,0.16,1.32,14.73,12.10,0.00,676
82.638,16.34,0.11,0.79,16.06,12.06,0.41,675
82.655,17.11,0.13,1.25,14.82,11.97,0.00,669
82.671,16.33,0.10,0.83,16.11,11.97,0.40,669
82.688,17.21,0.14,1.31,14.96,11.79,0.00,669
82.705,16.55,0.11,0.98,15.89,11.90,0.33,668
82.722,17.16,0.14,1.38,14.49,11.83,0.00,667
82.738,16.13,0.10,0.82,15.95,11.83,0.41,666
82.755,17.02,0.13,1.20,14.98,11.71,0.00,667
82.772,16.44,0.10,0.77,16.00,11.81,0.42,666
82.789,17.02,0.13,1.14,14.96,11.78,0.00,665
82.805,16.39,0.22,0.82,15.86,11.65,0.43,734
82.822,17.05,0.16,1.34,14.54,12.18,0.00,735
82.838,16.15,0.09,0.62,16.51,12.21,0.38,735
82.856,17.38,0.16,1.32,14.76,12.22,0.00,736
82.872,16.40,0.12,0.92,15.46,12.20,0.22,735
82.889,16.60,0.09,0.67,15.56,12.23,0.00,734
82.905,16.42,0.07,0.47,16.01,12.22,0.13,732
82.922,16.66,0.07,0.53,16.29,12.16,0.00,731
82.939,17.00,0.08,0.50,15.94,12.13,0.14,731
82.955,16.62,0.06,0.52,16.31,12.08,0.00,731
82.972,17.01,0.09,0.48,15.82,12.30,0.14,732
82.989,16.49,0.06,0.44,16.20,12.25,0.00,733
83.006,16.80,0.06,0.49,15.78,12.29,0.13,734
83.022,16.43,0.06,0.49,16.17,12.26,0.00,732
83.039,16.81,0.06,0.48,16.04,12.29,0.12,734
83.055,16.68,0.05,0.41,16.22,12.33,0.00,735
83.072,16.80,0.06,0.47,15.92,12.38,0.12,734
83.089,16.53,0.05,0.42,16.46,12.58,0.00,733
83.106,17.04,0.07,0.48,15.99,12.58,0.14,734
83.122,16.64,0.06,0.43,17.11,12.55,0.00,735
83.140,17.82,0.14,1.32,14.31,12.58,0.19,732
83.156,15.86,0.05,0.44,16.84,12.41,0.00,731
83.174,17.53,0.14,1.28,14.89,12.61,0.36,733
83.190,16.48,0.12,1.27,14.53,12.58,0.00,733
83.206,16.05,0.11,0.47,16.75,12.68,0.37,737
83.224,17.52,0.14,1.31,14.53,12.76,0.00,740
83.240,16.07,0.06,0.46,16.65,12.89,0.37,742
83.257,17.33,0.12,1.34,14.83,12.83,0.00,742
83.276,18.86,0.11,0.87,13.15,12.80,0.31,740
83.290,14.22,0.05,0.47,16.55,12.62,0.00,740
83.308,17.54,0.14,1.32,14.08,12.78,0.13,738
83.323,15.71,0.14,1.21,15.35,12.80,0.00,738
83.340,16.79,0.06,0.47,16.61,12.76,0.42,738
83.357,17.27,0.12,1.32,14.88,12.89,0.00,738
83.374,16.44,0.10,0.84,15.84,12.79,0.41,736
83.391,16.91,0.12,1.23,15.00,12.74,0.00,736
83.407,16.46,0.09,0.82,15.98,12.76,0.37,736
83.424,17.02,0.12,1.21,14.94,12.72,0.00,737
83.441,16.38,0.09,0.87,16.12,12.69,0.42,735
83.458,17.21,0.13,1.29,14.79,12.60,0.00,730
83.476,18.14,0.10,0.80,14.38,12.47,0.34,728
83.492,15.82,0.14,1.01,14.51,12.68,0.00,728
83.508,16.01,0.09,0.89,15.77,12.61,0.44,724
83.525,16.94,0.12,1.28,14.52,12.52,0.00,724
83.541,16.03,0.07,0.58,16.04,12.55,0.21,720
83.558,16.80,0.15,1.31,15.38,12.43,0.00,719
83.575,16.98,0.09,0.86,15.52,12.36,0.17,717
83.591,16.59,0.10,0.76,15.81,12.30,0.00,734
83.608,16.81,0.09,0.49,17.05,12.51,0.60,733
83.626,18.46,0.24,1.43,13.32,12.46,0.00,733
83.642,15.22,0.12,0.87,15.71,12.47,0.36,731
83.659,16.83,0.12,1.40,15.13,12.35,0.00,722
83.675,16.82,0.24,1.57,14.99,12.33,0.48,705
83.696,20.45,0.16,1.24,11.43,11.29,0.11,705
83.709,13.19,0.10,0.97,15.13,11.23,0.00,704
83.725,16.36,0.13,0.97,15.14,11.18,0.00,705
83.742,16.34,0.09,0.91,16.30,11.31,0.54,703
83.759,17.45,0.12,1.41,14.55,11.18,0.00,704
83.775,16.20,0.10,0.93,15.95,11.16,0.38,703
83.792,17.14,0.12,1.39,14.70,11.07,0.00,701
83.809,16.32,0.09,0.91,15.90,11.09,0.43,701
83.826,17.02,0.11,1.35,14.83,11.13,0.00,700
83.842,16.42,0.09,0.98,16.06,11.07,0.53,699
83.861,18.71,0.14,1.41,13.15,11.04,0.00,697
83.876,15.07,0.12,0.85,15.70,11.09,0.45,697
83.893,17.10,0.12,1.50,14.23,11.03,0.00,697
83.909,16.00,0.09,0.82,16.11,10.99,0.37,699
83.926,17.18,0.11,1.30,14.77,10.98,0.00,695
83.943,16.32,0.09,0.80,16.05,10.97,0.39,694
83.960,17.09,0.12,1.30,14.65,10.95,0.00,694
83.976,16.19,0.07,0.84,15.72,10.93,0.13,693
83.993,16.72,0.07,0.50,16.74,10.91,0.00,693
84.010,17.52,0.14,1.32,14.87,11.04,0.41,693
84.027,16.49,0.11,1.25,14.87,11.03,0.00,693
84.043,16.36,0.08,0.84,15.92,11.06,0.34,692
84.060,17.03,0.11,1.35,14.78,11.05,0.00,692
84.076,16.37,0.09,0.84,16.00,11.03,0.38,692
84.093,17.08,0.11,1.20,14.92,11.04,0.00,689
84.110,16.36,0.09,0.79,16.13,11.06,0.42,690
84.127,17.21,0.11,1.25,14.55,11.16,0.00,690
84.143,16.02,0.07,0.50,16.66,11.17,0.39,690
84.160,17.40,0.11,1.08,14.96,11.19,0.00,689
84.177,16.28,0.08,0.73,16.18,11.17,0.36,688
84.194,17.14,0.11,0.98,15.11,11.14,0.00,688
84.210,16.33,0.08,0.72,16.16,11.16,0.40,687
84.227,17.12,0.11,1.06,15.08,11.14,0.00,685
84.244,16.39,0.09,0.73,16.07,11.14,0.40,684
84.261,17.05,0.11,1.05,15.13,11.30,0.00,684
84.277,16.42,0.08,0.72,16.05,11.33,0.38,684
84.294,17.02,0.11,1.00,15.00,11.31,0.00,685
84.310,16.25,0.09,0.81,16.17,11.32,0.39,683
84.328,17.22,0.11,1.05,15.19,11.30,0.13,682
84.344,16.48,0.08,0.68,15.76,11.36,0.00,681
84.361,16.64,0.08,0.64,15.86,11.37,0.00,680
84.378,16.76,0.11,0.94,16.00,11.42,0.51,677
84.395,17.20,0.10,1.06,15.08,11.53,0.12,678
84.411,16.36,0.11,0.75,15.69,11.45,0.00,677
84.430,19.23,0.09,0.66,13.48,11.42,0.30,687
84.445,14.84,0.24,0.82,14.89,11.70,0.00,688
84.462,16.35,0.09,0.59,15.76,11.80,0.26,689
84.478,16.87,0.09,0.74,15.18,11.63,0.00,689
84.495,16.19,0.07,0.56,16.56,11.75,0.38,688
84.512,17.40,0.20,1.26,14.64,11.77,0.00,690
84.528,16.21,0.09,0.69,16.13,11.98,0.42,691
84.545,17.04,0.13,1.15,14.95,11.98,0.00,692
84.562,16.35,0.09,0.71,16.34,12.09,0.51,682
84.580,18.50,0.13,1.11,13.68,12.07,0.00,683
84.596,15.49,0.08,0.68,15.61,12.13,0.40,683
84.612,16.80,0.11,0.96,14.89,12.14,0.00,683
84.629,16.12,0.08,0.81,16.01,12.11,0.39,686
84.646,17.06,0.11,1.08,14.97,12.21,0.00,686
84.662,16.29,0.09,0.70,16.21,12.08,0.41,686
84.679,17.24,0.20,1.04,14.92,12.04,0.00,686
84.695,16.29,0.08,0.73,16.13,11.93,0.39,683
84.712,17.10,0.11,0.97,15.16,11.94,0.00,684
84.729,16.38,0.08,0.68,16.29,11.85,0.43,683
84.746,17.23,0.11,1.07,14.89,11.84,0.00,682
84.762,16.20,0.10,0.59,16.36,11.87,0.46,681
84.780,17.21,0.11,0.93,15.13,12.08,0.00,681
84.796,16.30,0.09,0.66,16.13,12.07,0.38,680
84.813,17.03,0.27,1.12,14.79,12.15,0.00,705
84.829,16.31,0.08,0.69,16.20,12.91,0.40,705
84.846,17.16,0.12,1.18,14.92,12.86,0.00,704
84.863,16.34,0.08,0.78,16.16,12.84,0.41,704
84.880,17.18,0.11,1.14,14.95,12.82,0.00,703
84.896,16.34,0.08,0.66,16.18,12.70,0.41,705
84.913,17.09,0.11,1.17,14.95,12.73,0.00,705
84.930,16.35,0.08,0.70,16.12,12.69,0.37,706
84.947,17.06,0.11,1.07,15.03,12.62,0.00,704
84.963,16.35,0.08,0.75,16.30,12.56,0.36,699
84.980,17.29,0.12,1.12,14.69,12.40,0.00,696
84.996,16.04,0.07,0.54,16.10,12.34,0.21,694
85.013,16.85,0.12,1.07,15.52,12.38,0.00,689
85.030,16.83,0.08,0.74,16.08,12.35,0.40,689
85.047,17.06,0.11,1.09,15.02,12.47,0.00,689
85.063,16.35,0.08,0.72,16.11,12.44,0.39,687
85.081,17.11,0.12,1.05,14.87,12.50,0.00,685
85.097,16.16,0.07,0.50,16.10,12.22,0.22,682
85.113,16.77,0.12,1.01,15.70,11.27,0.00,681
85.130,16.97,0.08,0.68,16.07,11.24,0.40,680
85.147,16.99,0.11,0.98,14.94,11.14,0.00,681
85.164,16.16,0.07,0.57,16.20,11.22,0.23,679
85.181,17.00,0.11,0.99,15.49,11.01,0.00,679
85.197,16.72,0.08,0.68,16.11,11.00,0.40,678
85.214,17.05,0.11,1.03,14.95,10.93,0.00,678
85.231,16.20,0.06,0.57,16.52,10.83,0.38,678
85.248,17.30,0.11,1.03,15.02,10.80,0.00,676
85.264,16.29,0.08,0.73,16.17,10.79,0.38,672
85.281,17.14,0.11,0.93,15.22,10.76,0.00,672
85.298,16.39,0.08,0.65,16.22,10.84,0.41,672
85.315,17.10,0.10,0.96,15.12,10.77,0.00,673
85.331,16.31,0.08,0.71,16.16,10.73,0.40,670
85.348,17.16,0.11,1.02,14.80,10.72,0.00,668
85.364,16.06,0.06,0.57,16.58,10.73,0.40,667
85.382,17.36,0.10,1.00,15.42,10.58,0.00,667
85.401,19.14,0.16,0.67,13.21,10.54,0.31,664
85.415,14.17,0.07,0.71,15.68,10.35,0.00,667
85.432,16.58,0.08,0.76,16.30,10.56,0.44,666
85.449,17.26,0.18,1.06,14.85,10.56,0.00,666
85.465,16.20,0.08,0.77,16.24,10.55,0.33,666
85.482,17.23,0.11,1.10,14.73,10.52,0.00,662
85.498,16.05,0.08,0.69,16.62,10.49,0.63,662
85.518,19.38,0.12,0.93,12.91,10.34,0.00,663
85.532,14.27,0.15,0.53,16.19,10.47,0.39,661
85.549,17.32,0.12,1.04,14.81,10.52,0.00,667
85.565,16.12,0.08,0.62,16.23,10.59,0.40,666
85.582,17.08,0.10,0.81,15.04,10.66,0.00,667
85.599,16.07,0.06,0.43,16.80,10.61,0.36,664
85.616,17.45,0.11,0.83,15.21,10.65,0.00,663
85.632,16.28,0.08,0.67,16.18,10.64,0.41,663
85.649,17.08,0.10,0.77,15.36,10.61,0.00,660
85.666,16.37,0.08,0.57,16.29,10.67,0.36,661
85.683,17.11,0.10,0.83,15.79,10.71,0.00,659
85.702,19.38,0.09,0.60,13.10,10.61,0.31,672
85.716,14.14,0.08,0.66,15.54,11.37,0.00,672
85.733,16.62,0.10,0.39,16.34,11.37,0.41,673
85.750,17.36,0.12,0.97,14.80,11.25,0.00,673
85.766,16.10,0.09,0.68,16.54,11.41,0.34,674
85.784,17.51,0.39,1.37,13.74,11.45,0.00,697
85.800,15.62,0.08,0.67,16.16,12.08,0.36,698
85.817,17.05,0.23,0.89,15.22,12.11,0.00,698
85.833,16.45,0.08,0.86,15.99,12.31,0.39,698
85.850,17.07,0.11,1.24,15.06,12.39,0.00,697
85.868,17.71,0.08,0.81,14.80,12.25,0.45,695
85.884,16.39,0.11,1.15,14.36,12.23,0.00,694
85.900,16.04,0.09,0.76,15.73,12.26,0.40,693
85.917,16.78,0.11,1.06,15.10,12.30,0.00,692
85.933,16.40,0.08,0.77,16.06,12.15,0.40,696
85.951,17.07,0.11,1.10,14.98,12.28,0.00,695
85.967,16.32,0.08,0.79,16.11,12.20,0.41,694
85.984,17.13,0.12,1.15,14.97,12.24,0.00,692
86.000,16.37,0.08,0.77,16.12,12.22,0.38,690
86.017,17.11,0.11,1.15,14.93,12.18,0.00,687
86.034,16.32,0.08,0.75,16.30,12.15,0.37,685
86.051,17.31,0.12,1.25,14.67,12.17,0.00,685
86.067,16.18,0.08,0.79,16.04,12.35,0.41,682
86.084,17.07,0.11,1.13,14.99,12.40,0.00,683
86.101,16.37,0.08,0.75,16.14,12.37,0.42,682
86.118,17.15,0.11,1.20,14.68,12.39,0.00,683
86.134,16.11,0.06,0.56,16.58,12.41,0.39,683
86.151,17.37,0.12,1.18,14.83,12.23,0.00,685
86.168,16.26,0.07,0.77,16.09,12.17,0.39,683
86.185,17.11,0.11,1.11,15.02,12.01,0.00,683
86.201,16.37,0.09,0.86,15.97,12.10,0.38,683
86.218,17.08,0.11,1.11,15.29,11.93,0.00,683
86.237,18.96,0.09,0.79,13.16,11.86,0.18,692
86.252,14.48,0.08,0.87,15.26,12.33,0.00,692
86.268,16.60,0.09,0.66,15.72,12.29,0.22,693
86.285,16.77,0.08,0.84,15.57,12.26,0.00,693
86.302,16.70,0.08,0.98,15.67,12.24,0.30,691
86.319,16.86,0.10,1.03,15.26,12.07,0.00,692
86.335,16.51,0.08,0.87,15.93,12.28,0.39,692
86.352,17.03,0.11,1.22,14.88,12.17,0.00,691
86.368,16.33,0.08,0.91,16.03,12.06,0.36,689
86.386,17.15,0.11,1.22,14.96,11.94,0.00,689
86.403,17.35,0.11,0.79,15.01,11.82,0.39,687
86.420,16.66,0.12,1.19,14.27,11.69,0.00,686
86.435,15.72,0.08,0.77,16.16,11.53,0.40,685
86.452,17.17,0.11,1.14,15.00,11.39,0.00,687
86.469,16.38,0.16,0.83,16.04,11.46,0.47,684
86.486,17.19,0.11,1.22,14.77,11.27,0.00,684
86.502,16.23,0.08,0.94,15.97,11.27,0.36,682
86.519,17.15,0.11,1.20,14.87,11.13,0.00,681
86.536,16.30,0.08,0.96,15.61,11.06,0.24,677
86.552,16.80,0.09,0.76,15.75,11.01,0.00,672
86.569,16.72,0.08,0.77,16.02,10.97,0.35,671
86.586,17.03,0.11,1.15,14.98,11.04,0.00,670
86.603,16.36,0.08,0.79,16.12,10.92,0.41,669
86.620,17.15,0.11,1.21,14.99,10.81,0.00,668
86.638,18.60,0.07,0.61,13.99,10.80,0.26,668
86.653,14.83,0.11,1.24,14.77,10.68,0.00,669
86.669,16.24,0.07,0.76,16.45,10.62,0.34,668
86.687,17.53,0.12,1.17,14.66,10.54,0.00,665
86.703,16.07,0.08,0.83,16.04,10.48,0.36,666
86.720,17.38,0.11,1.16,14.75,10.59,0.00,665
86.737,16.42,0.08,0.71,15.87,10.41,0.43,663
86.754,16.81,0.20,1.18,14.88,10.47,0.00,660
86.770,16.38,0.09,0.86,16.16,10.46,0.42,659
86.787,17.29,0.11,1.03,15.07,10.44,0.00,652
86.804,16.34,0.08,0.73,16.13,10.38,0.39,649
86.821,17.09,0.29,1.22,14.82,10.38,0.00,683
86.838,17.75,0.12,0.68,14.83,10.56,0.31,685
86.854,15.96,0.11,1.02,14.66,11.06,0.00,682
86.870,15.93,0.08,0.76,16.04,11.01,0.33,681
86.887,17.03,0.11,1.11,15.08,10.93,0.00,679
86.904,16.45,0.08,0.78,15.89,10.99,0.33,680
86.921,16.93,0.10,1.10,15.09,10.94,0.00,680
86.937,16.41,0.08,0.66,16.13,10.96,0.32,681
86.954,17.02,0.10,1.02,15.19,10.90,0.00,680
86.971,16.44,0.08,0.73,16.08,10.92,0.35,678
86.988,17.04,0.10,0.96,15.20,10.82,0.00,677
87.004,16.36,0.07,0.52,16.49,10.81,0.39,677
87.021,17.23,0.10,1.00,15.14,10.88,0.00,676
87.038,16.37,0.08,0.75,16.01,10.86,0.38,677
87.055,16.99,0.11,0.93,15.02,10.80,0.00,677
87.071,16.20,0.06,0.55,16.13,10.81,0.21,669
87.088,16.89,0.19,0.98,15.72,10.88,0.00,669
87.105,17.01,0.07,0.69,15.95,10.98,0.38,664
87.122,16.87,0.10,0.99,14.94,10.97,0.00,660
87.138,16.17,0.06,0.55,16.02,10.98,0.22,659
87.155,16.74,0.08,0.95,15.74,10.97,0.00,656
87.171,16.89,0.07,0.71,16.18,10.93,0.40,656
87.189,17.11,0.10,0.95,15.14,10.87,0.00,654
87.205,16.32,0.07,0.65,16.34,10.90,0.39,653
87.222,17.21,0.11,0.95,15.06,10.83,0.00,637
87.238,16.25,0.07,0.68,16.22,10.97,0.38,637
87.255,17.17,0.10,0.94,15.16,10.98,0.00,639
87.272,16.33,0.07,0.68,16.18,11.00,0.41,636
87.289,17.13,0.10,0.91,15.24,10.99,0.00,637
87.305,16.40,0.08,0.71,16.13,11.13,0.37,628
87.322,17.08,0.10,0.98,15.00,11.15,0.00,623
87.339,16.20,0.06,0.52,16.70,11.21,0.37,605
87.359,20.09,0.09,0.62,12.72,11.08,0.00,615
87.372,13.77,0.07,0.56,15.41,12.09,0.13,614
87.389,16.12,0.04,0.42,16.76,12.07,0.00,613
87.406,17.76,0.08,0.68,15.65,12.03,0.39,613
87.423,16.90,0.11,1.01,14.60,11.87,0.00,615
87.439,15.89,0.42,0.78,16.24,11.91,0.33,614
87.457,17.95,0.11,1.01,14.32,11.79,0.00,612
87.473,15.87,0.09,0.63,15.97,11.74,0.40,610
87.490,16.89,0.11,1.00,15.10,11.73,0.00,611
87.507,17.16,0.09,0.70,15.27,11.83,0.46,610
87.524,16.59,0.10,0.99,14.49,11.80,0.00,610
87.539,15.68,0.06,0.49,16.24,11.91,0.22,610
87.556,17.06,0.17,0.94,15.36,11.91,0.00,611
87.573,16.59,0.07,0.62,16.23,12.04,0.39,611
87.590,17.07,0.09,0.96,15.04,12.08,0.00,611
87.606,16.21,0.06,0.53,16.56,11.99,0.39,611
87.624,17.30,0.09,0.96,15.18,12.10,0.00,610
87.640,16.36,0.07,0.66,16.17,12.10,0.39,610
87.657,17.09,0.11,0.99,14.98,11.94,0.00,610
87.673,16.19,0.05,0.51,16.63,11.79,0.43,609
87.691,17.36,0.10,0.96,15.12,11.68,0.00,609
87.707,16.33,0.08,0.70,16.35,11.55,0.40,608
87.728,20.68,0.08,0.65,12.19,11.52,0.00,617
87.741,13.26,0.09,0.76,14.84,12.03,0.14,616
87.757,15.77,0.06,0.32,16.96,12.08,0.00,614
87.774,17.83,0.09,0.62,15.69,12.03,0.42,614
87.791,16.90,0.32,1.21,14.61,11.90,0.00,625
87.808,16.36,0.10,0.76,16.51,12.25,0.45,625
87.825,17.57,0.21,1.19,13.99,12.17,0.00,625
87.841,15.50,0.08,0.76,16.20,12.14,0.45,625
87.859,18.26,0.11,1.09,13.87,12.03,0.00,623
87.875,15.56,0.09,0.72,15.75,11.97,0.42,624
87.892,16.99,0.15,1.16,14.46,11.89,0.00,624
87.907,15.89,0.06,0.62,16.08,11.83,0.22,624
87.924,16.93,0.10,1.09,15.36,11.68,0.00,622
87.941,16.68,0.08,0.83,16.05,11.54,0.38,625
87.958,17.10,0.10,1.06,15.12,11.40,0.00,626
87.975,16.40,0.07,0.86,16.09,11.34,0.50,622
87.992,17.18,0.10,1.13,14.73,11.19,0.00,620
88.008,16.08,0.06,0.56,16.08,11.08,0.22,618
88.025,16.88,0.10,1.13,15.39,11.14,0.00,619
88.041,16.75,0.07,0.77,16.08,11.05,0.38,617
88.058,17.06,0.10,1.12,15.05,10.96,0.00,617
88.075,16.39,0.07,0.78,16.09,10.89,0.41,617
88.092,17.10,0.10,1.12,15.04,10.83,0.00,616
88.108,16.38,0.07,0.89,16.03,10.74,0.36,616
88.125,17.14,0.11,1.09,15.01,10.68,0.00,616
88.142,16.36,0.08,0.75,16.16,10.70,0.37,617
88.159,17.15,0.16,1.10,14.89,10.66,0.00,618
88.175,16.28,0.08,0.76,16.04,10.63,0.41,616
88.192,17.03,0.10,1.15,15.04,10.54,0.00,617
88.209,16.41,0.07,0.78,16.03,10.46,0.38,616
88.226,17.03,0.10,1.07,14.92,10.38,0.00,616
88.242,16.20,0.06,0.59,16.48,10.38,0.38,615
88.259,17.28,0.10,1.06,15.21,10.31,0.00,613
88.276,16.50,0.08,0.75,15.98,10.34,0.37,613
88.293,16.99,0.10,1.06,15.06,10.33,0.00,616
88.309,16.35,0.07,0.74,16.12,10.29,0.37,617
88.326,17.09,0.10,1.14,14.86,10.31,0.00,617
88.342,16.22,0.06,0.67,16.38,10.33,0.41,617
88.360,17.26,0.10,1.11,15.02,10.31,0.00,618
88.376,16.35,0.07,0.72,16.17,10.30,0.40,617
88.393,17.14,0.10,1.12,14.95,10.26,0.00,616
88.409,16.30,0.08,0.81,16.08,10.43,0.39,616
88.427,17.12,0.10,1.15,14.99,10.40,0.00,615
88.443,16.35,0.08,0.74,16.10,10.39,0.38,614
88.460,17.07,0.10,1.10,15.10,10.35,0.00,615
88.476,16.43,0.07,0.75,16.14,10.43,0.39,613
88.494,17.11,0.09,1.08,15.33,10.37,0.00,612
88.513,19.57,0.08,0.58,12.92,10.40,0.28,621
88.528,14.50,0.10,0.87,14.57,11.05,0.00,620
88.544,16.36,0.06,0.41,15.59,10.92,0.22,616
88.561,16.87,0.10,0.74,15.03,11.09,0.00,627
88.577,16.51,0.08,0.49,15.49,11.15,0.14,627
88.594,16.60,0.05,0.41,15.94,11.06,0.00,626
88.611,17.07,0.04,0.44,32.34,15.51,0.12,625
88.660,48.75,0.06,0.43,0.59,15.51,0.07,619
88.677,16.88,0.08,0.60,16.87,15.74,0.08,620
88.694,17.70,0.05,0.40,16.07,12.08,0.00,620
88.711,16.60,0.05,0.37,33.43,15.98,0.19,619
88.760,49.26,0.11,0.62,0.86,15.98,0.12,601
88.777,16.67,0.08,0.64,17.46,13.52,0.11,603
88.795,18.28,0.07,0.46,16.16,15.16,0.10,603
88.812,16.81,0.08,0.42,32.67,16.68,0.00,602
88.846,33.65,0.07,0.42,15.21,11.09,0.20,600
88.861,15.92,0.06,0.33,33.38,12.42,0.25,600
88.911,49.26,0.15,0.81,0.81,12.33,0.17,597
88.927,16.72,0.05,0.35,16.85,11.68,0.00,595
88.945,17.33,0.06,0.44,16.57,11.40,0.32,594
88.962,17.23,0.10,0.89,15.31,11.36,0.10,593
88.978,16.42,0.06,0.51,15.88,11.27,0.00,592
88.995,16.57,0.06,0.49,15.96,11.18,0.19,591
89.012,16.61,0.05,0.58,16.33,11.05,0.00,590
89.029,17.10,0.08,0.60,15.74,11.20,0.24,590
89.045,16.53,0.10,0.85,15.78,11.20,0.00,648
89.062,16.87,0.08,0.78,15.84,15.75,0.41,646
89.079,16.79,0.06,0.58,16.05,15.08,0.00,646
89.096,16.87,0.09,0.79,15.43,15.59,0.19,637
89.112,16.40,0.06,0.63,16.02,15.62,0.00,636
89.129,16.83,0.07,0.62,15.84,12.49,0.30,635
89.146,16.65,0.08,0.75,15.72,13.33,0.00,635
89.162,16.66,0.07,0.64,15.99,15.16,0.24,631
89.179,16.82,0.08,0.78,15.98,15.09,0.00,631
89.196,16.97,0.08,0.75,15.58,15.06,0.29,630
89.213,16.52,0.07,0.79,15.89,14.59,0.00,630
89.232,19.40,0.10,0.80,13.17,14.94,0.23,665
89.247,14.51,0.08,0.88,15.23,15.37,0.00,668
89.263,16.30,0.09,0.98,15.64,15.18,0.35,666
89.280,17.21,0.10,0.88,15.42,15.19,0.00,666
89.297,16.79,0.09,0.90,15.22,15.41,0.29,668
89.313,16.38,0.15,0.79,15.74,10.46,0.00,667
89.330,16.82,0.08,0.84,15.93,12.93,0.33,668
89.347,16.98,0.11,1.18,14.85,13.42,0.00,668
89.363,16.25,0.12,0.89,15.55,14.33,0.31,668
89.381,17.59,0.08,0.76,14.92,15.20,0.00,665
89.397,16.30,0.09,0.80,15.79,15.15,0.33,663
89.414,17.13,0.16,1.19,14.47,15.09,0.00,661
89.430,15.98,0.08,0.76,16.08,14.96,0.33,663
89.447,17.06,0.10,1.23,14.81,15.02,0.00,660
89.464,16.28,0.08,0.80,16.03,12.06,0.39,660
89.481,17.05,0.10,1.14,15.13,12.05,0.00,657
89.497,16.52,0.08,0.80,16.14,12.05,0.32,656
89.514,17.17,0.10,1.17,14.69,12.00,0.00,655
89.530,16.10,0.07,0.74,16.18,11.95,0.42,655
89.548,17.15,0.10,1.11,14.95,11.98,0.00,652
89.564,16.30,0.09,0.90,16.12,11.88,0.43,654
89.581,17.29,0.11,1.19,14.80,12.08,0.00,654
89.597,16.24,0.08,0.83,15.97,12.02,0.40,652
89.614,17.04,0.10,1.08,14.99,12.03,0.00,650
89.631,16.31,0.08,0.79,16.05,12.01,0.39,646
89.648,17.06,0.10,1.17,15.01,11.92,0.00,644
89.664,16.41,0.08,0.91,15.91,11.96,0.40,642
89.681,17.05,0.10,1.10,15.09,11.87,0.00,643
89.698,16.44,0.08,0.82,15.97,12.08,0.39,640
89.715,17.02,0.10,1.07,15.10,11.93,0.00,637
89.731,16.40,0.07,0.70,16.18,11.94,0.40,636
89.748,17.11,0.10,1.09,15.05,11.93,0.00,635
89.765,16.39,0.08,0.76,16.05,11.90,0.40,635
89.782,17.04,0.09,1.04,15.09,11.97,0.00,634
89.798,16.37,0.22,0.81,15.94,11.95,0.46,690
89.815,17.16,0.11,1.28,14.70,12.69,0.00,693
89.831,16.21,0.07,0.68,16.07,12.73,0.24,693
89.848,17.05,0.12,1.19,15.39,12.89,0.00,693
89.865,16.86,0.09,0.90,15.30,12.97,0.29,691
89.882,16.42,0.07,0.85,15.90,12.76,0.00,695
89.899,16.98,0.09,0.90,15.66,12.95,0.42,694
89.916,16.81,0.11,1.33,14.81,12.96,0.00,693
89.932,16.41,0.08,0.85,15.96,12.87,0.41,694
89.949,17.04,0.11,1.31,14.68,12.84,0.00,692
89.965,16.22,0.06,0.68,15.92,13.01,0.21,691
89.982,16.83,0.20,1.26,15.22,12.95,0.00,691
89.999,16.81,0.08,0.89,15.98,12.91,0.40,691
90.016,17.11,0.10,1.36,14.58,12.94,0.00,693
90.032,16.18,0.06,0.64,16.36,13.05,0.36,694
90.049,17.21,0.10,1.33,14.88,13.11,0.00,694
90.066,16.45,0.07,0.90,15.89,13.30,0.40,689
90.083,17.02,0.10,1.31,14.84,13.39,0.00,691
90.099,16.40,0.08,0.86,16.03,13.62,0.42,693
90.116,17.13,0.11,1.26,14.93,13.75,0.00,691
90.133,16.45,0.07,0.94,15.80,13.81,0.36,692
90.150,17.01,0.11,1.39,15.02,13.88,0.00,691
90.169,19.03,0.09,0.78,13.28,13.61,0.28,701
90.183,14.61,0.09,0.98,15.08,14.10,0.00,698
90.200,16.59,0.09,0.83,15.22,13.95,0.13,700
90.217,16.65,0.12,0.60,15.62,14.04,0.00,698
90.233,16.52,0.07,0.55,15.99,13.94,0.15,696
90.250,16.73,0.07,0.57,15.74,13.80,0.00,695
90.266,16.48,0.12,0.53,16.61,13.96,0.45,693
90.284,17.40,0.10,1.41,14.68,14.03,0.00,693
90.300,16.31,0.09,0.98,14.98,14.17,0.12,693
90.316,16.12,0.07,1.32,15.73,14.25,0.00,692
90.333,17.24,0.08,1.07,15.75,14.42,0.41,692
90.351,17.07,0.10,1.32,14.77,14.61,0.00,693
90.367,16.32,0.08,0.97,15.87,14.70,0.41,692
90.384,17.04,0.10,1.29,14.95,14.60,0.00,690
90.400,16.46,0.08,0.93,15.84,14.50,0.39,690
90.417,17.00,0.10,1.44,14.92,14.42,0.00,690
90.435,17.49,0.10,0.89,15.02,14.30,0.45,688
90.451,16.57,0.10,1.18,14.43,14.07,0.00,684
90.468,16.16,0.09,0.86,15.62,13.90,0.39,684
90.484,16.74,0.10,1.30,14.89,13.87,0.00,684
90.501,16.45,0.08,0.84,16.00,13.77,0.46,681
90.518,17.07,0.10,1.37,14.70,13.68,0.00,675
90.534,16.31,0.08,0.91,15.99,13.70,0.42,671
90.551,17.12,0.10,1.28,14.87,13.69,0.00,663
90.568,16.38,0.07,0.82,16.00,12.23,0.39,663
90.585,17.06,0.10,1.24,14.91,12.21,0.00,660
90.601,16.39,0.08,0.85,16.04,12.19,0.36,659
90.618,17.13,0.10,1.21,14.91,12.23,0.00,658
90.635,16.36,0.07,0.81,15.98,12.17,0.40,655
90.652,17.07,0.11,1.24,14.91,12.04,0.00,653
90.668,16.39,0.07,0.86,15.97,11.95,0.41,651
90.685,17.05,0.10,1.27,14.87,11.61,0.00,651
90.702,16.39,0.08,0.82,16.01,11.43,0.38,647
90.719,17.07,0.10,1.23,14.86,11.27,0.00,648
90.735,16.33,0.08,0.85,16.02,11.28,0.40,645
90.752,17.11,0.10,1.21,14.99,11.17,0.00,644
90.768,16.43,0.08,0.94,15.90,11.11,0.41,641
90.786,17.06,0.25,1.41,14.39,11.07,0.00,696
90.802,16.17,0.06,0.71,15.99,11.82,0.28,695
90.819,16.94,0.10,1.51,15.01,11.48,0.00,695
90.835,16.77,0.08,1.09,15.86,11.61,0.40,693
90.853,17.21,0.28,1.75,14.16,11.57,0.00,709
90.869,16.33,0.08,0.79,15.69,12.02,0.24,708
90.886,16.78,0.11,1.53,14.97,11.97,0.00,707
90.902,16.76,0.09,1.05,15.63,12.03,0.41,706
90.919,16.92,0.11,1.76,14.28,11.80,0.00,707
90.936,16.30,0.08,1.10,15.84,11.71,0.43,707
90.953,17.19,0.11,1.59,14.29,11.70,0.00,706
90.969,16.11,0.06,0.83,15.79,11.52,0.22,703
90.986,16.86,0.20,1.60,14.85,11.57,0.00,703
91.003,16.80,0.07,0.98,15.27,11.70,0.17,703
91.019,16.45,0.07,0.86,15.77,11.57,0.00,702
91.036,16.82,0.06,0.72,15.88,11.56,0.22,702
91.053,16.89,0.19,1.33,15.11,11.59,0.00,701
91.070,16.77,0.08,0.91,15.91,11.57,0.40,701
91.087,17.09,0.10,1.34,14.70,11.50,0.00,701
91.103,16.25,0.08,0.66,15.96,11.33,0.22,698
91.120,16.85,0.11,1.37,15.10,11.49,0.00,697
91.136,16.72,0.07,0.88,15.96,11.65,0.39,698
91.154,17.08,0.11,1.29,15.13,11.60,0.00,698
91.170,16.68,0.09,0.87,15.67,11.62,0.41,697
91.187,16.79,0.11,1.27,14.69,11.57,0.00,696
91.203,16.20,0.08,0.67,15.81,11.56,0.22,697
91.220,16.74,0.10,1.50,15.12,11.62,0.00,697
91.237,16.85,0.08,0.81,16.13,11.59,0.38,697
91.254,17.19,0.10,1.26,14.95,11.73,0.00,696
91.270,16.46,0.08,0.89,15.81,11.75,0.42,695
91.287,16.98,0.10,1.24,14.88,11.83,0.00,695
91.304,16.35,0.07,0.85,15.95,11.90,0.39,695
91.321,17.03,0.10,1.27,14.89,11.90,0.00,694
91.337,16.39,0.08,0.78,16.06,11.94,0.40,691
91.354,17.07,0.10,1.32,14.62,11.98,0.00,689
91.370,16.18,0.07,0.62,16.17,12.01,0.25,690
91.388,17.02,0.10,1.23,15.39,12.27,0.00,688
91.407,19.37,0.10,0.79,13.51,12.29,0.23,694
91.422,14.83,0.12,1.01,14.67,12.57,0.00,694
91.438,16.39,0.08,0.71,15.38,12.66,0.23,697
91.455,16.53,0.08,0.95,15.42,12.52,0.00,697
91.471,16.66,0.08,0.95,15.63,12.67,0.31,696
91.488,16.81,0.15,1.25,15.04,12.66,0.00,696
91.505,16.57,0.13,1.20,15.72,12.71,0.57,750
91.522,17.20,0.13,1.74,14.38,12.71,0.00,748
91.538,16.43,0.13,1.48,15.32,9.63,0.45,748
91.557,18.46,0.14,1.66,12.88,12.44,0.00,744
91.572,15.17,0.09,1.08,14.94,13.19,0.27,746
91.588,16.54,0.13,1.44,14.75,13.52,0.00,745
91.605,16.47,0.09,1.16,15.19,14.29,0.22,744
91.622,16.57,0.08,1.08,15.63,14.91,0.00,739
91.638,16.93,0.09,1.06,15.70,15.15,0.41,741
91.655,17.00,0.12,1.64,14.33,15.15,0.00,740
91.672,16.22,0.07,0.94,16.04,16.46,0.32,739
91.689,17.22,0.12,1.67,14.47,11.46,0.00,739
91.705,16.41,0.10,1.15,15.66,9.61,0.40,736
91.722,17.07,0.12,1.69,14.44,11.67,0.00,735
91.739,16.39,0.09,1.21,15.57,15.25,0.40,734
91.756,17.03,0.12,1.67,14.57,15.25,0.00,734
91.772,16.52,0.09,1.10,15.68,12.01,0.40,735
91.789,17.03,0.11,1.57,14.31,10.48,0.00,735
91.805,16.14,0.16,0.98,15.67,12.37,0.28,773
91.822,17.00,0.19,1.68,14.68,13.70,0.00,769
91.839,16.69,0.09,1.24,15.55,14.24,0.39,767
91.856,17.02,0.12,1.84,14.38,15.20,0.00,768
91.873,16.48,0.09,1.14,15.50,15.20,0.28,767
91.890,16.85,0.09,1.20,15.49,15.47,0.00,768
91.906,16.96,0.10,1.22,15.00,15.70,0.24,767
91.923,16.44,0.10,1.26,15.24,10.92,0.00,766
91.940,16.74,0.10,1.20,15.44,12.63,0.39,766
91.957,16.90,0.12,1.84,14.14,12.97,0.00,764
91.973,16.21,0.07,1.05,15.58,13.27,0.21,762
91.990,16.86,0.12,1.80,14.80,13.76,0.00,762
92.006,16.86,0.09,1.18,15.53,13.72,0.34,761
92.023,16.98,0.12,1.89,14.08,13.64,0.00,761
92.040,16.25,0.07,0.92,15.69,13.69,0.22,760
92.057,16.84,0.20,1.88,14.61,13.67,0.00,758
92.073,16.82,0.08,1.19,15.68,13.62,0.37,758
92.090,17.10,0.12,1.83,14.17,13.55,0.00,757
92.107,16.24,0.07,0.93,15.57,13.34,0.22,755
92.123,16.70,0.08,1.17,15.58,13.41,0.00,754
92.140,16.98,0.09,1.26,15.00,13.42,0.22,753
92.157,16.47,0.08,1.19,15.53,13.40,0.00,755
92.174,16.95,0.09,1.22,15.53,13.47,0.40,750
92.191,17.00,0.11,1.75,14.38,13.43,0.00,750
92.207,16.39,0.10,1.17,15.68,13.41,0.37,748
92.224,17.11,0.11,1.92,14.19,13.37,0.00,748
92.241,16.36,0.09,1.18,15.73,13.36,0.40,748
92.258,17.16,0.11,1.80,14.34,13.30,0.00,744
92.274,16.39,0.09,1.13,15.66,13.29,0.40,742
92.291,17.04,0.11,1.88,14.22,13.39,0.00,740
92.308,16.34,0.08,1.22,15.63,13.35,0.40,737
92.325,17.09,0.11,1.79,14.33,13.32,0.00,737
92.341,16.36,0.08,1.19,15.68,13.29,0.40,738
92.358,17.10,0.10,1.82,14.28,13.17,0.00,738
92.374,16.35,0.08,1.15,15.29,13.19,0.22,733
92.391,16.76,0.11,1.81,14.65,13.13,0.00,733
92.408,16.70,0.08,1.11,15.86,13.14,0.43,734
92.425,17.22,0.11,1.86,14.32,13.16,0.00,734
92.444,19.26,0.10,1.16,12.47,13.02,0.22,744
92.459,14.15,0.08,1.23,14.78,13.74,0.00,744
92.475,16.19,0.07,0.75,15.99,13.63,0.22,745
92.492,17.38,0.09,1.51,14.50,13.48,0.00,744
92.509,16.48,0.08,0.96,15.31,13.40,0.20,752
92.525,16.53,0.10,1.29,15.44,13.45,0.00,751
92.542,16.97,0.09,1.18,15.44,13.43,0.33,752
92.559,16.85,0.12,1.56,14.58,13.57,0.00,750
92.575,16.39,0.09,1.31,15.39,13.51,0.32,747
92.592,16.94,0.11,1.92,14.32,13.45,0.00,747
92.609,16.47,0.08,1.21,15.72,13.47,0.34,744
92.626,17.14,0.11,1.89,14.21,13.37,0.00,743
92.643,17.32,0.10,1.19,14.14,13.36,0.20,741
92.659,15.83,0.08,1.26,14.98,13.18,0.00,739
92.676,16.69,0.08,0.99,15.22,13.25,0.19,738
92.692,16.48,0.21,1.88,14.63,13.37,0.00,736
92.709,16.86,0.08,1.21,15.61,13.34,0.37,735
92.726,17.05,0.11,1.80,14.40,13.33,0.00,735
92.743,16.44,0.17,1.13,15.65,13.33,0.40,734
92.760,17.13,0.11,1.93,14.00,13.29,0.00,732
92.776,16.16,0.07,0.86,15.71,13.24,0.20,729
92.793,16.80,0.11,1.65,14.95,13.26,0.00,728
92.810,16.85,0.08,1.13,15.60,13.38,0.35,723
92.827,16.98,0.11,1.56,14.65,13.34,0.00,724
92.843,16.45,0.08,1.00,15.78,13.34,0.35,724
92.860,17.03,0.26,1.43,14.60,13.31,0.00,735
92.876,16.43,0.08,1.08,15.70,13.92,0.36,735
92.893,17.03,0.11,1.60,14.86,13.91,0.00,734
92.910,16.76,0.10,1.11,15.48,13.94,0.37,732
92.927,16.87,0.12,1.55,14.57,14.00,0.00,731
92.943,16.41,0.11,1.10,15.55,13.98,0.37,731
92.960,16.91,0.11,1.59,14.56,14.12,0.00,729
92.977,16.40,0.08,1.13,15.59,14.13,0.35,729
92.994,16.99,0.11,1.68,14.70,14.09,0.00,723
93.010,16.66,0.09,1.04,15.56,13.99,0.38,718
93.027,16.84,0.11,1.50,14.67,12.55,0.00,717
93.044,16.43,0.08,1.01,15.36,12.59,0.20,713
93.060,16.62,0.11,1.51,15.12,12.55,0.00,709
93.077,16.89,0.08,1.03,15.70,12.69,0.37,708
93.094,16.96,0.10,1.48,14.69,12.70,0.00,706
93.111,16.42,0.08,1.08,15.78,12.56,0.37,706
93.128,17.09,0.10,1.53,14.72,12.70,0.12,705
93.144,16.50,0.08,1.05,15.40,12.67,0.00,704
93.161,16.66,0.08,1.02,15.52,12.70,0.00,704
93.178,16.78,0.13,1.47,15.26,12.64,0.46,702
93.195,17.02,0.11,1.52,14.75,12.71,0.12,701
93.211,16.52,0.09,1.09,15.05,12.54,0.00,701
93.228,16.34,0.06,0.81,15.93,12.63,0.00,699
93.244,16.95,0.10,1.37,15.59,12.61,0.54,697
93.262,17.23,0.10,1.43,14.68,12.51,0.12,695
93.278,16.36,0.08,0.95,15.40,12.49,0.00,693
93.295,16.57,0.08,0.95,15.92,12.46,0.39,690
93.312,17.15,0.11,1.38,14.72,12.34,0.00,690
93.328,16.34,0.08,0.90,15.90,12.42,0.37,687
93.345,17.03,0.10,1.35,14.82,12.32,0.00,684
93.362,16.42,0.08,0.95,15.81,12.24,0.30,677
93.379,16.98,0.12,1.38,15.09,12.15,0.00,675
93.398,19.00,0.09,0.82,13.49,12.05,0.25,684
93.412,14.77,0.08,1.00,14.89,12.45,0.00,684
93.428,16.13,0.07,0.78,15.86,12.30,0.20,682
93.446,17.41,0.16,1.57,14.31,12.33,0.00,741
93.462,16.45,0.16,1.14,14.88,12.33,0.39,737
93.479,16.36,0.10,1.07,16.10,15.01,0.00,726
93.496,17.50,0.11,0.99,15.25,9.21,0.32,723
93.513,16.51,0.15,1.27,14.85,10.13,0.00,703
93.529,16.41,0.10,1.06,15.66,11.35,0.43,699
93.546,16.95,0.13,1.43,14.70,13.72,0.00,696
93.562,16.38,0.09,1.15,15.86,15.51,0.45,690
93.581,18.40,0.13,0.93,13.90,15.51,0.00,687
93.596,15.65,0.10,0.99,15.40,14.47,0.58,683
93.613,16.64,0.13,1.36,14.68,10.11,0.00,677
93.629,16.33,0.12,1.03,15.30,10.76,0.22,676
93.646,16.59,0.10,0.98,15.59,13.85,0.00,675
93.663,16.80,0.09,0.97,15.84,15.40,0.42,670
93.680,17.05,0.13,1.44,15.04,15.27,0.00,659
93.697,16.74,0.09,0.93,15.48,15.27,0.45,655
93.713,16.66,0.13,1.42,14.71,15.32,0.00,648
93.730,16.39,0.09,0.95,15.85,15.33,0.39,641
93.747,17.06,0.13,1.41,14.76,15.29,0.00,632
93.763,16.45,0.10,0.94,15.77,15.15,0.40,625
93.780,16.96,0.13,1.24,14.97,15.31,0.00,615
93.797,16.48,0.09,0.82,15.96,15.21,0.42,610
93.814,17.02,0.13,1.26,14.84,13.35,0.00,585
93.830,16.37,0.09,0.84,15.99,14.27,0.39,563
93.847,17.07,0.13,1.30,14.79,14.58,0.00,443
93.863,16.35,0.09,0.93,15.91,11.28,0.38,437
93.881,17.09,0.12,1.28,14.85,11.25,0.00,437
93.897,16.38,0.09,0.85,15.98,11.32,0.38,436
93.914,17.08,0.13,1.32,15.05,11.30,0.00,436
93.931,16.73,0.11,0.87,15.83,11.27,0.36,436
93.948,16.99,0.13,1.16,14.87,11.35,0.00,435
93.964,16.30,0.10,0.90,15.73,11.38,0.39,435
93.981,16.92,0.13,1.24,14.85,11.47,0.00,434
93.997,16.35,0.09,0.84,16.11,11.50,0.38,432
94.014,17.19,0.12,1.28,14.77,11.49,0.00,432
94.031,16.31,0.09,0.83,16.00,11.44,0.38,430
94.048,17.07,0.12,1.30,14.63,11.40,0.00,432
94.064,16.16,0.08,0.63,16.60,11.58,0.57,434
94.081,17.46,0.12,1.37,14.65,11.42,0.00,431
94.098,16.27,0.09,0.78,16.03,11.67,0.41,415
94.115,17.10,0.13,1.26,15.07,11.43,0.00,413
94.134,18.97,0.12,0.74,13.31,11.49,0.29,412
94.148,14.30,0.08,1.00,15.52,11.32,0.00,407
94.165,16.87,0.09,0.94,15.64,11.50,0.43,405
94.182,16.82,0.11,1.24,14.88,11.55,0.00,405
94.198,16.35,0.08,0.92,15.84,11.55,0.35,403
94.215,17.00,0.19,1.27,14.77,11.55,0.00,402
94.231,16.33,0.09,0.90,16.07,11.63,0.40,402
94.249,17.20,0.14,1.25,14.92,11.69,0.00,401
94.265,16.45,0.10,0.93,15.44,11.71,0.22,398
94.282,16.60,0.11,1.29,15.25,11.70,0.00,397
94.298,16.77,0.09,0.98,16.02,11.72,0.40,397
94.317,18.88,0.18,1.33,12.96,11.78,0.00,397
94.332,14.80,0.08,0.83,15.70,11.77,0.32,390
94.349,16.76,0.13,1.27,14.99,11.84,0.00,395
94.365,16.54,0.13,0.81,16.27,12.08,0.59,471
94.383,17.37,0.12,1.32,14.21,12.38,0.00,480
94.399,15.77,0.07,0.84,16.29,12.51,0.41,493
94.416,17.35,0.11,1.34,14.53,12.54,0.00,492
94.432,16.10,0.07,0.71,16.40,12.58,0.38,490
94.449,17.32,0.11,1.23,14.94,12.51,0.00,488
94.466,16.42,0.08,0.99,15.82,12.62,0.40,477
94.483,17.04,0.12,1.29,14.62,12.46,0.00,475
94.499,16.18,0.16,0.80,16.26,12.53,0.41,466
94.516,17.38,0.13,1.38,14.67,12.44,0.00,466
94.533,16.31,0.08,0.81,16.34,12.49,0.46,448
94.553,20.57,0.12,1.06,11.67,12.45,0.00,441
94.567,13.38,0.10,0.86,14.81,12.47,0.15,440
94.582,15.83,0.05,0.44,16.70,12.45,0.00,440
94.600,17.70,0.09,0.93,15.52,12.52,0.56,435
94.617,16.99,0.13,1.37,14.32,12.51,0.00,534
94.633,16.00,0.09,0.84,15.26,12.97,0.13,536
94.649,16.29,0.06,0.53,16.44,13.06,0.00,549
94.667,17.16,0.11,0.98,15.72,13.11,0.38,544
94.684,16.93,0.11,1.44,14.82,13.02,0.00,544
94.700,16.51,0.09,0.95,15.86,12.99,0.42,533
94.717,17.03,0.12,1.62,14.43,12.84,0.00,531
94.734,17.01,0.09,0.72,15.05,12.64,0.23,519
94.751,16.52,0.12,1.25,14.70,12.81,0.00,517
94.767,16.21,0.09,0.86,15.57,12.74,0.22,508
94.783,16.66,0.21,1.26,15.19,12.72,0.00,502
94.800,16.79,0.08,0.87,16.06,12.66,0.39,495
94.817,17.16,0.11,1.35,14.76,12.63,0.00,477
94.834,16.35,0.08,0.83,15.98,12.74,0.39,454
94.851,17.08,0.12,1.23,14.84,12.77,0.00,427
94.867,16.34,0.20,0.83,15.90,12.35,0.39,433
94.884,17.11,0.12,1.36,14.80,12.76,0.00,432
94.901,16.41,0.09,0.81,15.98,12.66,0.33,426
94.918,17.06,0.12,1.38,14.52,12.55,0.00,425
94.934,16.16,0.08,0.67,16.14,12.41,0.24,425
94.951,17.06,0.21,1.34,15.24,12.30,0.00,423
94.968,17.00,0.11,0.87,15.54,11.03,0.39,423
94.985,16.69,0.11,1.25,14.90,10.84,0.00,422
95.001,16.40,0.09,0.92,15.90,10.81,0.40,420
95.018,17.08,0.12,1.25,14.68,10.86,0.00,420
95.034,16.19,0.09,0.85,16.13,10.83,0.39,419
95.052,17.22,0.11,1.27,14.67,10.77,0.00,421
95.068,16.19,0.07,0.72,16.48,10.79,0.56,426
95.085,17.43,0.11,1.30,14.67,10.78,0.00,427
95.101,16.25,0.08,0.98,15.84,10.79,0.38,409
95.119,17.07,0.11,1.31,14.91,10.42,0.00,404
95.135,16.46,0.09,0.83,15.93,10.33,0.40,400
95.152,17.00,0.11,1.26,14.79,10.44,0.00,396
95.168,16.30,0.10,0.83,15.88,10.33,0.27,396
95.185,16.92,0.08,0.79,15.59,10.27,0.00,395
95.202,16.60,0.08,0.88,15.99,10.29,0.39,419
95.219,17.09,0.11,1.29,14.75,10.33,0.00,417
95.235,16.27,0.07,0.63,16.52,10.22,0.57,415
95.253,17.37,0.12,1.22,14.76,10.25,0.00,415
95.269,16.24,0.08,0.97,15.86,10.34,0.39,419
95.286,17.06,0.11,1.23,14.88,10.34,0.00,425
95.302,16.36,0.08,0.80,16.05,10.48,0.39,421
95.319,17.09,0.11,1.19,14.75,10.41,0.00,420
95.335,16.18,0.07,0.66,16.39,10.39,0.40,419
95.353,17.30,0.12,1.37,14.69,10.42,0.00,421
95.369,16.32,0.08,0.81,16.23,10.51,0.55,493
95.386,17.30,0.16,1.27,14.63,10.71,0.00,524
95.403,16.20,0.08,0.85,16.01,10.93,0.39,535
95.420,17.12,0.11,0.96,15.15,11.04,0.00,533
95.436,16.36,0.08,0.60,16.23,11.13,0.38,520
95.453,17.10,0.11,0.99,14.91,11.01,0.00,554
95.469,16.15,0.07,0.50,16.58,11.17,0.40,547
95.487,17.30,0.11,0.88,15.29,11.22,0.00,541
95.503,16.41,0.08,0.60,16.35,11.23,0.38,534
95.520,17.19,0.13,0.91,15.02,11.24,0.00,515
95.536,16.20,0.08,0.64,16.23,11.44,0.39,513
95.554,17.14,0.11,0.82,15.05,11.42,0.00,500
95.570,16.12,0.07,0.48,16.15,11.15,0.21,493
95.586,16.80,0.09,0.93,15.75,11.18,0.00,488
95.603,16.88,0.08,0.58,16.50,11.31,0.56,483
95.621,17.31,0.12,0.91,15.05,11.47,0.00,507
95.637,16.20,0.08,0.67,16.24,11.64,0.39,515
95.654,17.17,0.12,0.95,14.87,11.79,0.00,525
95.670,16.06,0.07,0.48,16.11,12.01,0.22,525
95.687,16.77,0.12,0.89,15.70,11.95,0.00,522
95.704,16.85,0.08,0.69,16.20,12.02,0.40,518
95.721,17.15,0.10,1.02,15.10,11.97,0.00,516
95.737,16.36,0.08,0.73,15.83,11.97,0.23,503
95.754,16.78,0.15,0.64,15.78,11.51,0.00,501
95.771,16.72,0.23,0.43,16.85,11.37,0.36,496
95.789,17.79,0.14,0.61,15.26,11.72,0.00,489
95.805,16.18,0.09,0.61,15.87,11.74,0.37,480
95.821,16.76,0.12,0.92,15.19,11.83,0.00,466
95.838,16.41,0.21,0.76,15.90,12.13,0.47,466
95.855,17.04,0.12,1.09,14.85,12.48,0.00,440
95.871,16.21,0.09,0.74,15.95,12.23,0.36,437
95.888,16.96,0.11,1.06,15.13,12.21,0.00,434
95.905,16.45,0.09,0.73,16.04,12.23,0.32,426
95.922,17.03,0.11,1.04,15.17,12.23,0.00,423
95.938,16.46,0.08,0.77,15.95,12.12,0.32,417
95.955,16.98,0.11,1.06,15.39,12.01,0.00,414
95.972,16.73,0.10,0.72,15.78,11.85,0.34,414
95.989,16.79,0.13,1.04,15.19,11.74,0.00,423
96.005,16.51,0.08,0.78,15.90,11.75,0.38,420
96.022,16.92,0.12,1.07,15.04,11.68,0.00,419
96.038,16.37,0.09,0.75,16.30,11.65,0.56,420
96.056,17.29,0.11,1.23,14.72,11.74,0.00,424
96.072,16.20,0.08,0.72,16.42,11.79,0.43,425
96.093,20.75,0.10,0.74,12.12,11.67,0.00,430
96.106,13.47,0.10,0.77,14.56,12.37,0.13,413
96.122,15.51,0.06,0.38,16.91,12.12,0.00,413
96.139,17.91,0.10,0.81,15.45,11.93,0.38,410
96.156,16.90,0.12,1.22,14.43,11.59,0.00,406
96.172,15.98,0.09,0.88,16.62,11.55,0.33,402
96.190,17.78,0.14,1.12,14.30,11.53,0.00,401
96.206,15.71,0.09,0.81,15.92,11.35,0.38,399
96.223,16.96,0.16,1.23,14.87,11.14,0.00,396
96.239,16.38,0.09,0.88,16.21,10.96,0.60,397
96.258,18.62,0.16,1.24,13.11,10.83,0.00,419
96.273,15.10,0.07,0.55,15.58,10.83,0.22,418
96.289,16.32,0.08,0.70,16.10,10.75,0.00,426
96.306,17.04,0.09,0.82,15.77,10.91,0.40,423
96.323,16.84,0.11,1.23,14.95,10.84,0.00,419
96.340,16.43,0.09,0.79,16.04,10.75,0.40,413
96.357,17.07,0.12,1.16,14.99,10.75,0.00,416
96.373,16.41,0.08,0.83,16.13,10.75,0.58,478
96.390,17.20,0.12,1.20,14.86,10.90,0.00,488
96.407,16.30,0.08,0.78,15.95,10.87,0.41,494
96.423,16.97,0.12,1.17,14.92,10.86,0.00,499
96.440,16.34,0.08,0.81,16.10,10.97,0.41,494
96.457,17.15,0.12,1.17,14.86,10.85,0.00,500
96.473,16.28,0.09,0.73,16.19,10.92,0.43,496
96.490,17.16,0.11,1.21,14.93,10.76,0.00,494
96.507,16.41,0.09,1.01,15.78,10.79,0.40,487
96.524,17.04,0.11,1.14,15.03,10.71,0.00,481
96.540,16.42,0.11,0.76,16.09,10.67,0.39,474
96.557,17.13,0.15,1.57,14.50,10.33,0.00,514
96.574,16.36,0.09,1.02,16.01,14.13,0.58,609
96.591,17.28,0.13,1.55,14.38,14.82,0.00,636
96.607,16.21,0.11,1.06,15.79,15.13,0.40,654
96.624,17.13,0.13,1.49,14.57,15.12,0.00,666
96.641,16.33,0.10,1.06,15.70,15.29,0.40,674
96.658,17.05,0.13,1.54,14.77,15.32,0.00,681
96.674,16.58,0.09,1.09,15.51,15.02,0.44,686
96.691,16.85,0.14,1.56,14.58,15.31,0.00,692
96.708,16.43,0.09,1.05,15.75,15.41,0.38,698
96.725,17.05,0.13,1.63,14.47,15.56,0.00,702
96.741,16.37,0.09,1.05,15.89,15.11,0.45,702
96.758,17.19,0.14,1.58,14.48,14.52,0.00,702
96.775,16.35,0.09,1.05,15.67,14.90,0.41,697
96.792,16.99,0.13,1.51,14.63,15.14,0.00,695
96.808,16.44,0.10,1.02,15.76,13.88,0.40,695
96.825,17.03,0.13,1.52,14.59,14.22,0.00,698
96.841,16.38,0.09,0.99,15.82,14.82,0.41,700
96.859,17.06,0.13,1.42,14.91,15.35,0.00,700
96.875,16.62,0.21,0.98,15.48,15.15,0.41,716
96.892,16.85,0.13,1.47,14.72,15.50,0.00,714
96.908,16.46,0.09,1.07,15.66,15.59,0.44,717
96.925,16.97,0.13,1.53,14.63,15.54,0.00,713
96.942,16.43,0.09,1.05,15.69,15.56,0.37,715
96.959,17.00,0.21,1.41,14.47,12.79,0.00,714
96.975,16.23,0.08,0.85,15.89,11.14,0.23,713
96.992,17.00,0.14,1.44,15.16,12.53,0.00,713
97.009,16.93,0.10,1.03,15.50,12.84,0.40,712
97.026,16.81,0.12,1.54,14.38,12.82,0.00,710
97.042,16.17,0.07,0.72,15.88,12.85,0.22,710
97.059,16.83,0.21,1.48,15.04,12.82,0.00,708
97.076,16.86,0.09,1.02,15.78,12.89,0.40,697
97.093,17.05,0.12,1.40,14.80,13.05,0.00,696
97.109,16.46,0.08,0.89,15.87,13.17,0.40,696
97.126,17.03,0.22,1.39,14.56,13.21,0.00,695
97.143,16.32,0.08,0.91,15.92,13.34,0.39,695
97.160,17.08,0.12,1.43,14.55,13.42,0.00,694
97.176,16.20,0.07,0.78,15.91,13.46,0.25,693
97.195,19.52,0.10,0.98,13.23,13.43,0.11,696
97.211,15.18,0.11,0.86,14.45,13.87,0.00,679
97.227,16.38,0.10,0.77,14.95,13.93,0.00,676
97.243,16.57,0.09,0.96,15.18,13.89,0.23,676
97.261,17.21,0.09,0.71,14.80,13.84,0.00,676
97.277,16.24,0.09,0.54,15.72,13.67,0.12,673
97.294,17.05,0.08,0.61,32.01,27.50,0.00,673
97.327,32.98,0.06,0.48,16.01,12.40,0.14,674
97.344,16.62,0.12,0.63,32.87,14.94,0.09,674
97.377,33.84,0.07,0.62,16.09,14.94,0.14,673
97.394,16.94,0.15,1.02,32.06,16.07,0.10,672
97.430,36.04,0.08,0.53,13.20,16.07,0.14,658
97.444,14.04,0.06,0.59,32.43,8.38,0.00,645
97.493,48.92,0.21,1.39,0.99,12.24,0.34,647
97.508,14.64,0.06,0.49,2.76,13.85,0.14,647
97.523,15.12,0.07,0.69,3.41,14.00,0.00,685
97.540,17.06,0.08,0.84,3.08,14.08,0.29,686
97.557,16.39,0.07,0.70,3.53,14.05,0.00,685
97.577,20.37,0.06,0.55,0.49,14.13,0.14,687
97.594,16.76,0.10,0.97,0.62,13.94,0.00,688
97.607,13.19,0.08,0.84,3.15,13.82,0.22,688
97.624,16.75,0.09,0.93,3.32,14.03,0.00,688
97.641,17.14,0.09,0.86,2.84,13.95,0.30,691
97.661,20.07,0.09,0.90,0.63,13.76,0.00,694
97.677,16.54,0.08,0.94,0.64,13.77,0.21,696
97.694,16.70,0.09,0.96,0.61,13.64,0.00,694
97.711,16.73,0.12,1.38,0.98,13.55,0.32,695
97.727,16.67,0.10,1.03,0.56,13.45,0.00,701
97.744,16.84,0.19,1.31,1.00,13.46,0.32,701
97.761,16.63,0.09,1.01,0.59,13.40,0.00,705
97.778,16.84,0.19,1.29,1.02,13.31,0.32,706
97.794,16.64,0.09,1.03,0.71,13.27,0.13,704
97.811,16.76,0.07,0.70,0.49,13.19,0.00,704
97.828,16.69,0.08,1.43,0.98,13.16,0.32,705
97.845,16.75,0.17,0.82,0.48,13.13,0.00,743
97.861,16.76,0.09,1.48,1.05,13.77,0.49,742
97.878,16.68,0.09,1.04,0.56,13.75,0.00,743
97.895,16.75,0.09,1.44,0.94,13.72,0.33,743
97.912,16.75,0.08,0.83,0.49,13.67,0.00,741
97.928,16.77,0.08,1.44,0.97,13.61,0.39,740
97.945,16.72,0.10,1.02,0.61,13.51,0.00,740
97.962,16.68,0.14,1.47,0.90,13.48,0.32,740
97.978,16.73,0.08,0.75,0.49,13.37,0.00,739
97.995,16.78,0.08,0.73,0.54,13.38,0.17,736
98.008,12.77,0.11,1.00,3.72,13.34,0.00,735
98.029,20.71,0.26,1.48,1.01,13.52,0.34,734
98.045,16.75,0.20,1.01,0.62,13.11,0.00,726
98.062,16.99,0.13,1.38,0.95,13.07,0.33,718
98.079,16.46,0.10,1.04,0.65,11.50,0.00,718
98.096,16.67,0.13,1.39,1.02,11.45,0.33,717
98.112,16.77,0.10,0.97,0.62,11.44,0.00,718
98.127,14.80,0.08,0.90,1.61,11.53,0.00,727
98.146,18.60,0.14,1.69,0.79,12.13,0.31,724
98.162,16.72,0.09,1.19,0.80,12.05,0.13,722
98.179,16.72,0.10,0.79,0.51,12.01,0.00,722
98.196,16.66,0.13,1.05,0.68,12.02,0.22,722
98.213,16.80,0.11,1.05,0.78,11.96,0.00,721
98.229,16.72,0.12,1.44,0.88,12.08,0.40,721
98.246,16.73,0.09,0.99,0.65,11.91,0.00,723
98.263,16.74,0.12,1.48,1.00,12.00,0.40,721
98.280,16.69,0.10,1.01,0.55,11.98,0.00,720
98.298,18.04,0.17,1.60,0.92,11.94,0.32,719
98.313,15.72,0.07,0.74,0.51,11.94,0.00,720
98.330,16.46,0.08,1.36,1.00,11.95,0.44,719
98.346,16.74,0.09,0.99,0.57,11.94,0.00,716
98.363,16.71,0.08,0.95,0.63,12.01,0.22,720
98.380,16.74,0.09,1.00,0.56,12.15,0.00,721
98.397,16.66,0.11,1.39,1.02,12.20,0.38,723
98.413,16.80,0.08,1.02,0.56,12.25,0.00,724
98.430,16.74,0.12,1.43,0.95,12.25,0.32,723
98.447,16.65,0.09,1.02,0.57,12.30,0.00,724
98.464,16.78,0.13,1.48,1.02,12.30,0.39,725
98.480,16.72,0.07,0.80,0.48,12.28,0.00,723
98.497,16.69,0.08,0.98,0.62,12.27,0.22,725
98.514,16.74,0.09,1.02,0.56,12.37,0.00,726
98.530,16.75,0.12,1.09,0.89,12.34,0.32,725
98.547,16.74,0.09,0.83,0.58,12.31,0.00,728
98.564,16.73,0.11,1.11,0.97,12.30,0.32,727
98.581,16.75,0.09,0.80,0.56,12.36,0.00,726
98.597,16.74,0.11,1.04,0.98,12.41,0.32,727
98.614,16.73,0.08,0.58,0.49,12.50,0.00,726
98.631,16.77,0.10,0.67,0.59,12.62,0.21,727
98.648,16.68,0.07,0.56,0.49,12.79,0.00,728
98.664,16.71,0.12,1.05,0.89,12.82,0.33,727
98.681,16.74,0.09,0.78,0.59,12.85,0.00,726
98.698,16.74,0.11,1.06,0.84,12.84,0.33,728
98.714,16.71,0.08,0.77,0.55,12.74,0.00,728
98.731,16.73,0.11,1.04,0.92,12.68,0.32,728
98.750,19.20,0.11,0.71,0.67,12.53,0.00,734
98.761,10.37,0.08,0.71,3.78,12.53,0.00,734
98.781,20.70,0.05,0.40,0.51,12.86,0.18,731
98.798,16.63,0.10,0.79,0.73,8.60,0.13,728
98.815,16.72,0.07,0.61,0.52,11.11,0.00,725
98.832,16.88,0.29,1.12,0.97,12.56,0.32,720
98.848,16.63,0.09,0.70,0.58,12.54,0.00,717
98.865,16.68,0.08,0.95,0.94,12.57,0.32,715
98.882,16.74,0.09,0.73,0.60,12.63,0.00,713
98.900,17.98,0.11,1.01,1.12,12.67,0.32,709
98.915,15.72,0.08,0.53,0.48,12.65,0.00,708
98.932,16.60,0.12,0.93,0.96,12.57,0.39,704
98.949,16.67,0.09,0.69,0.55,12.39,0.00,703
98.965,16.68,0.13,0.98,0.90,12.17,0.33,701
98.982,16.73,0.08,0.79,0.55,11.96,0.00,701
98.999,16.80,0.15,0.99,1.01,11.78,0.45,699
99.016,16.74,0.08,0.61,0.56,11.60,0.00,699
99.032,16.73,0.10,1.06,0.99,11.60,0.36,698
99.049,16.71,0.10,0.75,0.68,11.50,0.00,697
99.066,16.76,0.10,1.02,0.99,11.42,0.34,695
99.082,16.62,0.07,0.67,0.68,11.38,0.00,694
99.099,16.79,0.08,0.98,0.95,11.33,0.33,691
99.116,16.71,0.09,0.67,0.65,11.33,0.00,687
99.133,16.73,0.14,0.75,0.69,11.28,0.22,686
99.149,16.76,0.09,0.70,0.62,11.24,0.00,686
99.166,16.71,0.10,0.93,0.89,11.34,0.32,684
99.183,16.77,0.07,0.46,0.54,11.26,0.00,683
99.200,16.68,0.09,0.83,0.87,11.16,0.32,681
99.216,16.67,0.08,0.64,0.55,11.07,0.00,680
99.233,16.79,0.12,0.90,0.82,10.97,0.32,677
99.250,16.69,0.08,0.62,0.55,10.88,0.00,670
99.267,16.81,0.18,0.86,0.94,10.80,0.32,665
99.283,16.67,0.08,0.65,0.57,10.76,0.00,665
99.300,16.74,0.10,0.89,0.82,10.83,0.31,663
99.317,16.71,0.08,0.65,0.58,10.79,0.00,663
99.333,16.74,0.10,0.90,0.82,10.79,0.32,662
99.350,16.72,0.06,0.48,0.49,10.78,0.00,659
99.367,16.73,0.07,0.88,0.98,10.79,0.32,656
99.384,16.70,0.07,0.67,0.54,10.78,0.00,655
99.400,16.77,0.12,0.91,0.83,10.78,0.32,657
99.417,16.72,0.06,0.47,0.48,10.87,0.00,655
99.434,16.72,0.07,0.83,0.87,10.85,0.32,655
99.451,16.71,0.08,0.65,0.55,10.85,0.00,654
99.467,16.76,0.07,0.85,0.91,10.84,0.32,654
99.484,16.73,0.07,0.62,0.55,10.79,0.00,654
99.501,16.73,0.11,0.85,0.84,10.79,0.32,653
99.518,16.77,0.08,0.65,0.59,10.73,0.00,651
99.534,16.70,0.11,0.91,0.84,10.71,0.32,650
99.551,16.70,0.08,0.59,0.53,10.82,0.00,650
99.568,16.76,0.11,0.89,0.82,10.81,0.32,647
99.584,16.71,0.07,0.66,0.53,10.82,0.00,645
99.601,16.78,0.15,0.86,0.87,10.81,0.32,644
99.618,16.72,0.08,0.65,0.62,10.85,0.00,643
99.635,16.74,0.16,0.84,0.85,10.87,0.31,643
99.651,16.63,0.06,0.48,0.48,10.92,0.00,641
99.668,16.77,0.07,0.82,0.89,10.96,0.31,640
99.685,16.74,0.08,0.65,0.56,11.07,0.00,641
99.701,16.73,0.06,0.65,0.62,11.05,0.22,639
99.718,16.72,0.08,0.63,0.57,11.01,0.00,638
99.735,16.76,0.10,0.84,0.81,10.96,0.31,638
99.752,16.69,0.07,0.65,0.55,10.91,0.00,637
99.768,16.79,0.11,0.86,0.84,10.87,0.32,636
99.785,16.67,0.07,0.60,0.58,10.88,0.00,635
99.802,16.75,0.11,0.86,0.86,10.90,0.32,635
99.819,16.67,0.08,0.57,0.58,11.00,0.00,635
99.835,16.72,0.10,0.83,0.84,11.08,0.32,635
99.852,16.79,0.16,0.49,0.46,11.15,0.00,667
99.869,16.72,0.07,0.82,1.00,11.76,0.42,666
99.886,16.73,0.08,0.65,0.55,11.85,0.00,667
99.902,16.80,0.12,0.98,1.00,11.89,0.32,666
99.919,16.64,0.08,0.77,0.57,11.96,0.00,665
99.936,16.73,0.07,0.88,0.95,12.08,0.32,665
99.952,16.72,0.06,0.53,0.46,12.06,0.00,663
99.969,16.73,0.07,0.80,0.97,12.03,0.34,663
99.986,16.68,0.07,0.72,0.55,11.92,0.00,663
100.003,16.79,0.07,0.73,1.08,11.84,0.33,662
100.019,16.65,0.07,0.72,0.57,11.78,0.00,662
100.036,16.75,0.10,1.00,0.85,11.72,0.32,661
100.053,16.78,0.08,0.60,0.53,11.71,0.00,662
100.070,16.77,0.10,0.74,0.65,11.83,0.24,661
100.086,16.67,0.06,0.52,0.52,11.91,0.00,660
100.103,16.80,0.11,0.94,0.98,11.99,0.35,657
100.120,16.60,0.08,0.67,0.56,12.05,0.00,656
100.136,16.75,0.10,1.00,0.84,12.13,0.32,654
100.153,16.77,0.06,0.52,0.47,12.20,0.00,651
100.170,16.75,0.07,0.64,0.60,12.27,0.22,649
100.185,14.61,0.07,0.52,2.63,12.21,0.00,659
100.203,18.83,0.07,0.53,0.66,12.82,0.22,658
100.220,16.68,0.09,0.55,0.55,12.66,0.00,655
100.237,16.72,0.07,0.76,0.67,12.48,0.28,652
100.254,16.79,0.06,0.60,0.59,12.33,0.00,651
100.270,16.74,0.08,0.78,0.68,12.19,0.22,651
100.287,16.71,0.06,0.54,0.50,12.09,0.00,651
100.304,16.72,0.08,0.90,0.99,12.03,0.33,648
100.320,16.71,0.08,0.73,0.63,11.97,0.00,645
100.337,16.76,0.10,0.97,0.85,12.05,0.32,642
100.350,13.18,0.07,0.48,3.81,12.03,0.00,643
100.371,20.56,0.10,0.96,0.99,12.19,0.32,643
100.387,16.38,0.08,0.65,0.56,12.01,0.00,640
100.404,16.75,0.10,1.00,0.82,11.97,0.32,638
100.421,16.77,0.06,0.50,0.46,11.90,0.00,636
100.438,16.73,0.07,0.96,0.99,11.81,0.31,634
100.454,16.77,0.08,0.71,0.64,11.76,0.00,628
100.471,16.64,0.10,1.02,0.84,11.60,0.32,627
100.488,16.71,0.07,0.72,0.58,11.44,0.00,624
100.504,16.77,0.10,1.15,0.89,11.29,0.32,623
100.521,16.70,0.07,0.67,0.55,11.12,0.00,622
100.538,16.76,0.10,1.03,0.84,11.01,0.32,619
100.555,16.73,0.06,0.52,0.56,10.93,0.00,616
100.571,16.75,0.10,0.99,0.88,10.82,0.36,614
100.591,19.35,0.09,0.56,0.56,10.89,0.00,624
100.605,14.04,0.09,0.80,0.66,11.50,0.22,624
100.622,16.73,0.07,0.63,0.56,11.39,0.00,624
100.638,16.78,0.09,0.74,0.62,11.33,0.22,622
100.655,16.68,0.07,0.57,0.53,11.24,0.00,620
100.672,16.74,0.08,0.75,0.70,11.13,0.22,618
100.689,16.85,0.07,0.71,0.57,10.99,0.00,615
100.705,16.65,0.07,0.75,0.69,10.89,0.24,615
100.722,16.70,0.08,0.68,0.56,10.95,0.00,614
100.739,16.72,0.07,0.90,0.96,10.85,0.33,613
100.755,16.77,0.07,0.75,0.61,10.73,0.00,613
100.772,16.74,0.09,1.01,0.86,10.64,0.32,613
100.789,16.66,0.07,0.75,0.57,10.55,0.00,612
100.807,17.95,0.10,0.97,0.93,10.46,0.39,608
100.823,15.87,0.07,0.66,0.57,10.43,0.00,607
100.839,16.41,0.19,0.80,0.75,10.54,0.28,637
100.856,16.67,0.08,0.84,0.61,11.06,0.00,634
100.873,16.84,0.10,0.88,0.66,11.02,0.22,634
100.889,16.66,0.07,0.80,0.56,11.00,0.00,634
100.906,16.76,0.10,1.21,0.94,10.97,0.32,634
100.923,16.72,0.08,0.83,0.57,10.93,0.00,634
100.939,16.74,0.07,1.10,0.87,10.94,0.32,629
100.956,16.76,0.10,0.80,0.56,10.85,0.00,628
100.973,16.70,0.07,0.78,0.57,10.95,0.21,627
100.990,16.72,0.09,0.90,0.59,10.89,0.00,628
101.006,16.76,0.12,1.21,0.88,10.88,0.32,628
101.023,16.71,0.06,0.61,0.46,10.85,0.00,627
101.040,16.73,0.07,1.17,0.90,10.86,0.32,627
101.057,16.75,0.08,0.82,0.55,10.83,0.00,626
101.073,16.76,0.09,0.84,0.64,10.86,0.23,625
101.090,16.71,0.10,0.87,0.67,10.85,0.00,626
101.107,16.72,0.12,1.20,0.99,10.99,0.32,625
101.123,16.73,0.09,0.86,0.57,11.07,0.00,625
101.140,16.70,0.12,1.14,0.86,11.08,0.32,625
101.157,16.69,0.07,0.82,0.53,11.15,0.00,624
101.174,16.76,0.10,1.18,0.91,11.18,0.32,625
101.190,16.77,0.08,0.78,0.55,11.23,0.00,625
101.207,16.72,0.12,1.22,1.06,11.24,0.32,622
101.224,16.68,0.08,0.88,0.55,11.23,0.00,621
101.241,16.78,0.11,1.13,0.99,11.32,0.32,620
101.257,16.69,0.08,0.80,0.57,11.32,0.00,620
101.274,16.78,0.10,1.13,0.87,11.27,0.32,620
101.291,16.65,0.07,0.84,0.55,11.28,0.00,620
101.307,16.77,0.10,1.15,0.84,11.30,0.32,617
101.324,16.77,0.08,0.81,0.57,11.30,0.00,616
101.341,16.73,0.07,1.08,0.93,11.40,0.34,615
101.358,16.66,0.07,0.77,0.54,11.55,0.00,615
101.374,16.76,0.10,1.15,0.88,11.67,0.32,615
101.391,16.76,0.06,0.58,0.47,11.73,0.00,615
101.408,16.67,0.07,0.82,0.65,11.82,0.22,612
101.425,16.77,0.07,0.68,0.50,11.85,0.00,610
101.441,16.73,0.07,1.07,0.96,11.82,0.38,608
101.458,16.74,0.07,0.82,0.56,11.82,0.00,606
101.475,16.72,0.08,1.06,0.87,11.70,0.32,605
101.491,16.75,0.07,0.78,0.56,11.70,0.00,603
101.508,16.76,0.05,0.78,0.60,11.62,0.21,603
101.525,16.63,0.06,0.80,0.56,11.48,0.00,600
101.542,16.75,0.08,1.08,0.88,11.41,0.33,599
101.558,16.77,0.06,0.80,0.57,11.39,0.00,599
101.575,16.71,0.07,1.12,0.90,11.37,0.33,599
101.592,16.76,0.05,0.59,0.48,11.42,0.00,598
101.609,16.72,0.06,0.76,0.60,11.48,0.22,598
101.625,16.71,0.06,0.78,0.58,11.62,0.00,597
101.642,16.75,0.07,1.11,0.88,11.66,0.32,597
101.659,16.68,0.06,0.72,0.55,11.69,0.00,598
101.675,16.76,0.07,1.10,0.87,11.68,0.32,594
101.692,16.74,0.05,0.58,0.46,11.61,0.00,594
101.709,16.72,0.05,0.77,0.61,11.50,0.22,594
101.726,16.67,0.05,0.72,0.57,11.36,0.00,591
101.742,16.80,0.09,1.08,0.84,11.19,0.32,590
101.759,16.72,0.05,0.57,0.49,11.20,0.00,589
101.776,16.73,0.05,0.98,0.87,11.08,0.32,589
101.793,16.67,0.05,0.74,0.55,10.99,0.00,588
101.809,16.79,0.05,0.70,0.62,10.92,0.21,586
101.826,16.69,0.05,0.70,0.56,10.86,0.00,583
101.843,16.78,0.06,0.96,0.85,10.86,0.32,582
101.860,16.72,0.16,0.62,0.47,10.89,0.00,640
101.876,16.73,0.07,1.04,0.99,11.65,0.44,640
101.893,16.66,0.07,0.79,0.56,11.58,0.00,638
101.910,16.80,0.07,1.03,0.87,11.52,0.35,636
101.926,16.67,0.07,0.75,0.55,11.46,0.00,636
101.943,16.79,0.07,0.77,0.60,11.39,0.21,635
101.960,16.68,0.07,0.78,0.53,11.33,0.00,633
101.977,16.76,0.09,1.08,0.86,11.27,0.32,631
101.993,16.69,0.07,0.80,0.55,11.21,0.00,627
102.010,16.80,0.07,1.09,0.84,11.24,0.32,623
102.027,16.65,0.05,0.79,0.54,11.21,0.00,622
102.044,16.77,0.07,1.07,0.83,11.14,0.32,622
102.060,16.81,0.06,0.84,0.60,11.11,0.00,622
102.077,16.70,0.07,1.12,0.88,11.07,0.32,620
102.094,16.73,0.07,0.83,0.62,11.04,0.00,619
102.110,16.74,0.07,1.12,0.87,11.00,0.33,617
102.127,16.69,0.06,0.80,0.57,11.00,0.00,618
102.144,16.72,0.07,1.09,0.88,11.12,0.32,617
102.161,16.75,0.05,0.76,0.55,11.06,0.00,613
102.176,14.90,0.11,0.69,2.36,10.99,0.43,622
102.194,18.59,0.07,0.85,0.56,11.55,0.00,623
102.211,16.64,0.07,0.84,0.66,11.45,0.22,622
102.228,16.80,0.07,0.76,0.61,11.39,0.00,621
102.244,16.77,0.08,1.20,0.98,11.34,0.32,620
102.261,16.70,0.11,1.09,0.89,11.31,0.24,674
102.278,16.64,0.07,0.75,0.62,11.31,0.00,671
102.294,16.72,0.06,0.86,0.62,11.12,0.22,671
102.308,13.26,0.07,0.75,3.24,11.98,0.00,671
102.328,20.56,0.08,0.93,0.70,12.33,0.27,668
102.345,16.38,0.07,1.00,0.56,13.35,0.00,668
102.361,16.77,0.08,1.01,0.58,13.80,0.20,666
102.378,16.80,0.19,0.99,0.61,14.55,0.00,664
102.395,16.65,0.13,1.51,0.86,15.03,0.29,662
102.412,16.74,0.08,1.00,0.65,15.00,0.00,661
102.428,16.72,0.13,1.41,0.88,13.43,0.27,662
102.445,16.78,0.09,0.96,0.65,13.63,0.00,683
102.462,16.67,0.08,0.99,0.59,14.45,0.17,688
102.478,16.74,0.08,1.05,0.61,14.79,0.00,687
102.495,16.74,0.12,1.53,0.81,15.09,0.24,684
102.512,16.73,0.09,0.98,0.58,15.03,0.00,689
102.529,16.72,0.08,0.97,0.62,13.59,0.20,690
102.545,16.71,0.08,1.01,0.58,8.55,0.00,692
102.562,16.75,0.12,1.40,1.00,9.22,0.35,694
102.579,16.72,0.06,0.77,0.47,12.19,0.00,697
102.596,16.74,0.09,1.39,0.85,15.01,0.32,697
102.612,16.65,0.08,1.01,0.60,14.99,0.00,699
102.629,16.81,0.12,1.47,0.95,13.38,0.34,698
102.646,16.72,0.07,0.80,0.48,11.36,0.00,700
102.663,16.73,0.07,0.99,0.60,11.13,0.21,699
102.679,16.73,0.06,0.79,0.45,9.76,0.00,700
102.696,16.65,0.07,1.36,0.87,12.23,0.32,700
102.713,16.81,0.08,1.12,0.65,12.34,0.00,700
102.733,19.82,0.08,0.92,0.69,12.36,0.22,699
102.746,13.66,0.07,0.84,0.58,12.38,0.00,700
102.759,13.25,0.08,0.92,2.86,12.39,0.00,697
102.776,16.81,0.12,1.45,3.03,12.50,0.46,697
102.793,16.47,0.07,0.89,3.39,12.65,0.00,696
102.814,20.82,0.07,0.55,0.59,12.70,0.16,696
102.830,16.23,0.06,0.51,0.55,12.57,0.09,696
102.847,17.61,0.08,0.50,0.62,12.56,0.00,696
102.863,15.84,0.13,0.72,17.08,17.44,0.16,696
102.881,18.04,0.08,0.57,15.79,15.77,0.00,693
102.898,16.56,0.19,0.70,32.51,10.85,0.15,708
102.931,33.62,0.08,0.64,16.01,15.13,0.10,708
102.948,16.88,0.10,0.72,32.29,15.23,0.00,710
102.997,48.72,0.08,0.70,0.67,15.23,0.13,709
103.014,16.72,0.08,0.83,16.67,12.01,0.21,708
103.031,17.74,0.08,1.00,16.37,9.33,0.20,708
103.052,20.93,0.10,1.04,11.33,14.17,0.00,716
103.065,12.85,0.08,0.80,14.98,13.99,0.14,717
103.081,15.93,0.05,0.55,16.48,13.96,0.00,716
103.099,17.52,0.09,0.84,15.30,13.89,0.16,716
103.115,16.54,0.09,0.68,15.88,13.83,0.00,717
103.132,16.87,0.09,0.90,15.72,13.84,0.18,717
103.149,16.86,0.08,0.76,15.28,13.83,0.00,716
103.165,16.27,0.08,0.82,15.59,13.71,0.29,716
103.182,16.60,0.07,1.07,15.80,13.80,0.00,716
103.200,18.09,0.09,1.02,14.21,13.81,0.28,713
103.216,15.74,0.07,1.04,15.37,13.63,0.00,710
103.233,16.88,0.08,1.03,14.97,13.49,0.26,708
103.249,16.22,0.07,0.98,15.94,13.35,0.00,707
103.266,17.10,0.08,1.02,15.13,13.27,0.26,707
103.282,16.35,0.07,1.05,15.67,13.12,0.00,699
103.299,16.93,0.08,1.01,15.36,13.05,0.24,698
103.316,16.55,0.07,0.99,16.12,13.05,0.00,698
103.333,17.33,0.10,1.05,15.02,13.03,0.41,697
103.349,16.27,0.07,0.91,15.69,12.76,0.00,694
103.366,16.81,0.08,0.92,15.36,12.85,0.27,693
103.383,16.46,0.07,0.95,15.78,12.73,0.00,691
103.400,16.94,0.08,0.98,15.80,12.71,0.32,691
103.417,17.01,0.11,1.37,14.82,12.62,0.00,692
103.433,16.41,0.08,0.90,15.96,12.68,0.32,691
103.450,17.09,0.10,1.32,14.74,12.59,0.00,689
103.466,16.29,0.07,0.96,15.86,12.56,0.32,687
103.483,17.05,0.10,1.34,14.88,12.46,0.00,687
103.500,16.47,0.09,0.94,15.91,12.39,0.33,687
103.517,17.13,0.11,1.38,14.59,12.33,0.00,687
103.533,16.23,0.09,0.93,15.86,12.38,0.33,686
103.550,17.04,0.11,1.42,14.69,12.35,0.00,687
103.567,16.36,0.07,0.87,16.02,12.34,0.33,686
103.584,17.13,0.10,1.46,14.66,12.32,0.00,686
103.600,16.37,0.08,0.88,15.95,12.30,0.33,686
103.617,17.07,0.10,1.39,14.76,12.29,0.00,686
103.634,16.39,0.08,0.89,15.92,12.25,0.33,685
103.651,17.04,0.10,1.36,14.85,12.25,0.00,685
103.667,16.49,0.08,0.93,15.87,12.27,0.32,685
103.684,17.05,0.11,1.35,15.03,12.21,0.00,684
103.701,16.66,0.08,0.94,15.52,12.33,0.33,681
103.718,16.70,0.10,1.44,14.77,12.32,0.00,681
103.734,16.46,0.07,0.91,15.87,12.31,0.33,681
103.751,17.10,0.10,1.50,14.81,12.31,0.00,679
103.768,16.53,0.08,0.87,15.67,12.29,0.41,677
103.784,16.77,0.10,1.32,14.74,11.02,0.00,677
103.801,16.28,0.08,0.87,15.93,11.06,0.39,676
103.818,17.02,0.10,1.26,14.82,11.08,0.00,676
103.834,16.30,0.06,0.60,16.03,11.26,0.22,676
103.851,16.85,0.09,1.20,15.35,11.22,0.00,675
103.868,16.78,0.07,0.85,15.97,11.31,0.39,674
103.885,17.04,0.09,1.17,15.01,11.38,0.00,674
103.901,16.41,0.07,0.77,16.06,11.49,0.41,672
103.918,17.06,0.10,1.17,15.01,11.44,0.00,671
103.935,16.42,0.07,0.81,16.06,11.55,0.41,671
103.952,17.09,0.10,1.17,14.98,11.59,0.00,671
103.968,16.38,0.07,0.76,16.06,11.58,0.40,671
103.985,17.05,0.10,1.21,14.96,11.62,0.00,669
104.001,16.41,0.07,0.92,15.97,11.59,0.39,668
104.019,17.11,0.09,1.16,14.99,11.62,0.00,666
104.035,16.37,0.08,0.85,15.47,11.54,0.22,666
104.052,16.72,0.14,1.14,15.25,11.58,0.00,664
104.068,16.67,0.08,0.86,15.95,11.72,0.37,665
104.085,17.05,0.10,1.24,14.93,11.76,0.00,665
104.102,16.42,0.08,0.76,16.15,11.92,0.42,664
104.119,17.16,0.09,1.18,15.46,12.07,0.00,663
104.138,19.29,0.09,0.90,13.07,12.18,0.23,670
104.153,14.55,0.10,0.88,14.67,12.76,0.00,670
104.169,16.02,0.06,0.49,15.78,12.64,0.13,670
104.185,16.64,0.05,0.45,16.31,12.64,0.00,667
104.203,17.41,0.13,1.28,14.99,12.75,0.45,665
104.219,16.62,0.10,1.45,15.04,12.77,0.00,665
104.236,16.76,0.09,0.68,15.83,12.68,0.47,663
104.253,16.73,0.10,1.06,15.14,12.45,0.00,661
104.269,16.44,0.08,0.72,15.87,12.24,0.37,660
104.288,18.19,0.11,0.99,13.75,12.26,0.00,658
104.303,15.44,0.07,0.68,15.24,12.20,0.21,657
104.319,16.41,0.10,0.89,15.44,12.22,0.00,656
104.336,16.59,0.07,0.70,16.11,12.26,0.39,656
104.353,17.03,0.10,0.95,15.19,12.48,0.00,656
104.369,16.37,0.08,0.62,16.28,12.43,0.37,656
104.387,17.14,0.10,0.93,15.21,12.48,0.00,655
104.403,16.37,0.08,0.65,16.15,12.52,0.40,655
104.420,17.03,0.09,0.93,15.25,12.44,0.00,655
104.436,16.39,0.07,0.61,16.24,12.38,0.39,654
104.453,17.07,0.30,0.85,15.09,12.27,0.00,518
104.470,16.39,0.06,0.55,16.30,8.88,0.32,517
104.487,17.06,0.07,0.75,15.57,8.81,0.00,515
104.503,16.52,0.06,0.54,15.97,8.67,0.09,514
104.520,16.71,0.08,0.97,15.46,8.73,0.00,547
104.537,16.64,0.05,0.73,15.98,9.43,0.24,546
104.554,16.90,0.08,1.23,15.12,9.57,0.00,581
104.570,16.56,0.06,0.82,15.80,10.43,0.21,579
104.587,16.83,0.09,1.29,15.22,10.07,0.00,583
104.606,19.03,0.07,1.00,13.13,9.73,0.12,637
104.621,14.66,0.06,1.26,14.99,11.00,0.00,638
104.637,16.70,0.10,0.87,15.10,10.90,0.04,638
104.654,16.40,0.08,1.19,15.50,11.19,0.00,674
104.671,16.99,0.08,1.29,15.38,11.60,0.13,672
104.688,16.87,0.12,1.29,14.81,11.73,0.00,672
104.704,16.34,0.09,1.33,15.06,11.53,0.10,708
104.721,16.59,0.08,1.48,15.24,12.10,0.00,709
104.738,16.92,0.10,1.55,15.03,12.27,0.17,712
104.754,16.80,0.12,2.44,13.98,11.76,0.00,745
104.771,16.65,0.08,1.64,15.04,12.20,0.22,749
104.789,18.25,0.13,1.63,13.38,12.08,0.00,751
104.805,15.69,0.10,1.76,14.37,11.93,0.20,786
104.822,16.66,0.12,2.80,13.23,12.53,0.00,795
104.838,16.31,0.08,1.80,14.69,12.27,0.07,797
104.855,16.74,0.15,2.62,13.82,12.10,0.00,835
104.871,16.73,0.09,1.86,14.78,12.65,0.21,838
104.888,16.88,0.11,2.83,13.51,12.44,0.00,841
104.905,16.59,0.10,2.06,14.52,12.59,0.22,880
104.922,16.84,0.11,3.13,13.35,13.13,0.00,883
104.938,16.77,0.09,2.11,14.38,13.04,0.21,887
104.955,16.75,0.12,3.39,12.94,12.64,0.00,922
104.972,16.60,0.09,2.31,14.21,13.56,0.14,924
104.989,16.76,0.12,2.73,13.69,13.24,0.00,931
105.005,16.69,0.10,2.42,14.05,12.93,0.14,967
105.022,16.73,0.13,3.51,12.88,13.45,0.00,970
105.039,16.66,0.09,2.58,14.01,13.24,0.07,974
105.055,16.84,0.13,3.19,13.24,12.91,0.00,1009
105.072,16.69,0.11,2.67,13.89,13.41,0.21,1010
105.089,16.83,0.12,3.15,13.23,13.29,0.00,1015
105.106,16.64,0.10,2.38,13.76,13.20,0.05,1013
105.122,16.35,0.09,2.70,14.15,12.94,0.00,1012
105.139,17.10,0.09,2.71,13.86,12.77,0.15,1012
105.156,16.82,0.13,3.22,13.44,12.51,0.00,1008
105.173,16.94,0.11,2.73,13.41,12.36,0.08,1004
105.189,16.40,0.20,3.79,12.60,12.19,0.00,1066
105.206,16.73,0.12,2.78,14.01,13.17,0.45,1069
105.223,17.07,0.12,3.33,12.75,13.08,0.00,1073
105.239,16.34,0.09,2.72,13.80,13.01,0.05,1066
105.256,16.75,0.09,3.53,13.13,12.89,0.00,1067
105.273,16.89,0.10,2.86,13.18,12.78,0.04,1064
105.289,16.25,0.08,2.83,14.01,12.63,0.00,1061
105.306,17.07,0.09,2.83,13.35,12.56,0.04,1059
105.323,16.38,0.12,2.93,13.88,12.50,0.00,1112
105.340,17.06,0.11,2.82,14.01,13.42,0.48,1111
105.357,17.11,0.12,3.19,12.90,13.34,0.00,1111
105.373,16.34,0.10,2.77,13.73,13.28,0.05,1110
105.390,16.75,0.14,3.33,13.05,13.65,0.00,1106
105.407,16.65,0.09,2.72,13.52,13.15,0.04,1103
105.423,16.45,0.09,2.69,14.18,13.18,0.00,1100
105.440,17.11,0.15,3.09,14.09,13.11,0.85,1217
105.458,17.49,0.17,3.23,12.55,13.11,0.00,1206
105.474,16.08,0.17,3.33,13.05,15.19,0.06,1199
105.490,16.70,0.17,3.53,12.79,11.31,0.00,1198
105.507,16.65,0.16,2.49,14.01,12.57,0.29,1256
105.524,16.79,0.12,3.05,13.26,15.53,0.00,1251
105.540,16.55,0.10,1.84,14.89,15.53,0.09,1248
105.557,17.02,0.16,4.42,11.82,14.07,0.00,1235
105.574,16.55,0.15,3.20,13.64,8.86,0.49,1299
105.591,17.17,0.18,3.68,12.37,11.84,0.00,1290
105.608,16.37,0.13,2.55,13.64,14.00,0.05,1282
105.624,16.48,0.21,3.77,12.83,15.66,0.00,1270
105.641,16.95,0.14,3.13,13.68,15.66,0.48,1321
105.658,17.12,0.20,3.66,12.32,15.04,0.00,1376
105.674,16.35,0.26,3.26,13.04,14.93,0.36,1364
105.691,16.68,0.15,3.26,13.27,15.39,0.00,1349
105.708,16.83,0.14,3.21,13.19,15.45,0.06,1342
105.725,16.71,0.17,3.65,12.86,15.62,0.00,1333
105.741,16.81,0.14,2.72,13.26,15.62,0.04,1326
105.758,16.23,0.17,3.28,13.49,12.33,0.00,1374
105.775,17.10,0.16,3.35,13.72,14.88,0.72,1436
105.792,17.41,0.18,3.68,12.02,14.88,0.00,1426
105.808,16.04,0.17,2.68,13.39,13.61,0.04,1419
105.825,16.36,0.13,3.27,13.52,14.27,0.00,1409
105.842,17.07,0.14,3.19,13.35,14.35,0.06,1402
105.859,16.84,0.19,3.72,12.72,15.27,0.00,1391
105.875,16.78,0.14,3.10,13.12,15.27,0.05,1381
105.892,16.51,0.13,3.01,13.69,14.48,0.00,1369
105.909,16.99,0.14,2.56,13.41,13.93,0.04,1361
105.925,16.23,0.12,3.06,13.75,14.89,0.00,1350
105.942,17.08,0.13,2.94,13.29,14.81,0.05,1337
105.959,16.48,0.13,3.02,13.68,15.04,0.00,1331
105.976,16.97,0.17,3.17,13.39,15.45,0.33,1388
105.992,16.86,0.12,3.19,13.21,15.45,0.00,1379
106.009,16.66,0.13,3.10,12.98,14.23,0.04,1373
106.025,16.33,0.13,3.13,13.61,12.33,0.00,1369
106.042,17.01,0.22,3.12,13.25,13.23,0.06,1353
106.059,16.74,0.18,3.48,12.87,14.20,0.00,1348
106.076,16.68,0.13,2.99,13.47,14.79,0.06,1344
106.093,16.74,0.18,3.48,13.09,15.05,0.00,1336
106.109,16.89,0.13,2.53,13.57,14.96,0.04,1324
106.126,16.35,0.15,3.04,13.72,15.27,0.00,1383
106.143,17.06,0.14,3.08,13.38,15.27,0.30,1376
106.160,16.77,0.18,3.05,13.48,16.14,0.00,1370
106.177,16.86,0.14,3.00,13.29,11.63,0.09,1366
106.193,16.59,0.16,3.10,13.34,12.63,0.00,1365
106.210,16.74,0.14,2.97,12.98,12.92,0.04,1361
106.226,16.24,0.14,3.29,13.61,13.11,0.00,1405
106.243,17.18,0.14,3.18,13.65,14.73,0.48,1399
106.260,17.14,0.24,3.65,12.22,14.30,0.00,1399
106.277,16.27,0.14,3.19,12.84,13.85,0.04,1398
106.293,16.31,0.13,3.16,13.63,14.10,0.00,1396
106.310,17.08,0.13,2.73,13.70,15.48,0.05,1394
106.327,16.69,0.13,3.29,13.52,16.16,0.00,1389
106.344,17.08,0.14,3.18,12.85,16.16,0.04,1383
106.360,16.28,0.13,3.18,13.52,22.69,0.00,1377
106.377,16.97,0.14,2.93,13.31,11.43,0.04,1377
106.394,16.50,0.14,3.23,13.50,6.99,0.00,1374
106.411,17.02,0.32,3.13,13.13,9.81,0.05,1372
106.427,16.72,0.16,3.21,13.12,11.27,0.00,1373
106.444,16.64,0.13,2.61,13.44,13.95,0.04,1375
106.460,16.30,0.16,3.16,13.68,14.26,0.00,1374
106.477,17.15,0.13,3.10,13.10,14.90,0.04,1375
106.494,16.44,0.13,3.24,13.48,15.18,0.00,1375
106.511,17.00,0.13,3.07,13.28,15.49,0.04,1374
106.527,16.61,0.22,3.23,13.38,15.49,0.00,1374
106.545,17.03,0.14,3.18,12.79,13.72,0.05,1374
106.561,16.27,0.17,3.18,13.53,13.95,0.00,1370
106.578,17.04,0.13,3.28,12.73,13.81,0.04,1366
106.594,16.27,0.15,3.21,13.62,13.43,0.00,1367
106.611,17.13,0.14,3.17,12.94,13.58,0.04,1367
106.628,16.36,0.17,3.30,13.48,14.64,0.00,1368
106.645,17.11,0.13,3.24,13.12,15.58,0.04,1366
106.661,16.60,0.13,3.20,13.58,15.58,0.04,1366
106.678,17.14,0.15,3.20,13.16,16.55,0.00,1365
106.695,16.63,0.13,3.05,12.88,13.62,0.05,1366
106.711,16.25,0.13,3.21,13.72,8.34,0.00,1368
106.729,17.21,0.14,3.19,13.10,12.17,0.06,1365
106.745,16.60,0.23,4.59,11.72,13.15,0.00,1366
106.762,16.70,0.14,3.23,12.85,13.72,0.04,1366
106.778,16.42,0.13,3.27,13.44,13.92,0.00,1366
106.795,17.00,0.15,3.38,12.93,14.69,0.24,1418
106.812,16.57,0.18,3.47,13.34,16.27,0.00,1482
106.829,17.14,0.19,3.14,13.34,16.27,0.53,1539
106.846,16.80,0.14,3.74,12.41,13.63,0.00,1539
106.862,16.43,0.14,3.27,12.87,13.65,0.04,1540
106.879,16.40,0.15,3.77,12.99,14.77,0.00,1538
106.896,17.07,0.14,3.20,13.10,15.16,0.04,1538
106.912,16.57,0.14,3.89,12.77,15.43,0.00,1538
106.929,16.92,0.12,2.88,13.49,15.16,0.04,1537
106.946,16.61,0.16,4.10,12.56,12.39,0.00,1606
106.963,16.96,0.14,3.68,12.84,15.18,0.35,1606
106.979,16.79,0.14,4.14,12.47,15.34,0.00,1605
106.996,16.89,0.14,4.14,12.16,15.34,0.06,1605
107.013,16.65,0.25,4.63,11.84,15.25,0.00,1605
107.030,16.90,0.22,4.11,11.62,14.12,0.04,1604
107.046,16.08,0.16,4.16,12.65,14.02,0.00,1671
107.063,17.11,0.15,3.87,12.58,14.02,0.22,1671
107.080,16.71,0.19,4.54,11.88,13.30,0.00,1737
107.097,16.77,0.15,3.80,12.70,11.62,0.31,1737
107.113,16.78,0.15,4.34,12.03,14.80,0.00,1736
107.130,16.67,0.18,3.76,12.64,15.32,0.18,1735
107.147,16.71,0.22,4.24,12.33,15.46,0.00,1814
107.164,16.93,0.19,3.85,12.51,15.46,0.35,1814
107.180,16.68,0.19,4.13,12.10,13.97,0.00,1818
107.197,16.58,0.25,3.78,12.67,13.79,0.37,1883
107.214,16.86,0.21,4.26,12.03,14.77,0.00,1884
107.230,16.63,0.21,3.99,12.30,15.15,0.19,1958
107.247,16.60,0.17,3.99,12.57,15.97,0.00,1957
107.264,16.85,0.17,3.96,12.24,15.97,0.04,1957
107.280,16.49,0.21,4.51,11.93,12.27,0.00,1956
107.297,16.77,0.18,3.89,12.36,13.15,0.04,1957
107.314,16.53,0.21,4.41,12.17,13.64,0.00,1956
107.331,16.92,0.17,3.87,12.38,13.49,0.04,1955
107.347,16.54,0.22,4.42,12.10,13.88,0.00,1955
107.364,16.86,0.19,3.87,12.41,14.13,0.04,1955
107.381,16.58,0.23,4.41,12.21,14.75,0.00,1954
107.398,16.98,0.24,3.71,12.62,15.02,0.04,1953
107.414,16.68,0.17,3.45,13.28,14.97,0.00,1952
107.431,17.05,0.22,3.77,12.08,14.13,0.05,1953
107.447,16.20,0.21,4.00,12.60,14.41,0.00,1951
107.464,16.93,0.17,3.55,12.82,14.57,0.04,1950
107.481,16.65,0.21,3.92,12.74,15.18,0.00,1951
107.498,17.00,0.18,3.52,12.81,15.39,0.04,1951
107.515,16.63,0.24,4.43,12.23,15.39,0.00,1951
107.532,17.07,0.24,4.54,11.78,22.03,0.52,2089
107.548,16.69,0.22,4.65,11.57,20.71,0.00,2084
107.565,16.59,0.22,4.43,11.73,9.93,0.28,2153
107.582,16.56,0.22,4.24,12.10,10.71,0.00,2150
107.598,16.67,0.17,3.86,12.61,12.29,0.04,2150
107.615,16.78,0.22,4.40,12.11,12.44,0.00,2149
107.632,16.88,0.22,3.98,11.98,13.05,0.04,2143
107.648,16.30,0.22,4.39,12.15,12.84,0.00,2141
107.665,16.90,0.24,4.04,12.20,13.47,0.05,2141
107.682,16.60,0.24,4.76,11.90,13.86,0.00,2141
107.699,17.05,0.24,4.13,12.10,13.44,0.04,2142
107.715,16.59,0.21,4.78,12.03,13.68,0.00,2145
107.733,17.20,0.24,4.36,11.48,13.85,0.05,2145
107.749,16.21,0.37,4.29,12.30,14.41,0.00,2143
107.766,17.11,0.25,3.80,12.27,14.14,0.28,2198
107.782,16.50,0.23,4.70,11.86,15.09,0.00,2271
107.799,16.96,0.27,3.96,12.29,15.09,0.32,2269
107.816,16.64,0.28,4.82,11.42,16.35,0.00,2330
107.833,16.63,0.17,3.92,12.59,17.89,0.32,2329
107.849,16.80,0.32,4.28,11.72,12.41,0.00,2328
107.866,16.44,0.21,3.90,12.59,10.49,0.04,2327
107.883,16.81,0.21,4.32,12.00,11.19,0.00,2327
107.899,16.64,0.20,3.91,12.58,12.77,0.05,2327
107.916,16.81,0.27,5.04,11.29,13.83,0.00,2407
107.933,16.72,0.31,4.09,12.35,14.81,0.25,2405
107.950,16.90,0.22,4.31,11.99,14.91,0.00,2405
107.966,16.64,0.19,3.87,12.42,15.17,0.04,2405
107.983,16.59,0.22,4.26,12.23,15.32,0.00,2404
108.000,16.84,0.23,3.82,12.69,15.36,0.04,2404
108.017,16.87,0.27,4.46,11.96,15.36,0.00,2405
108.034,16.83,0.21,4.15,11.79,19.92,0.20,2477
108.050,16.27,0.17,4.11,12.68,11.65,0.00,2477
108.067,17.13,0.35,4.36,11.47,13.19,0.05,2476
108.083,16.35,0.24,4.43,12.18,13.46,0.00,2475
108.100,16.98,0.32,4.17,11.89,13.41,0.05,2472
108.117,16.51,0.26,4.91,11.76,14.07,0.00,2471
108.134,17.10,0.25,4.29,11.54,14.63,0.04,2469
108.150,16.22,0.20,4.03,12.63,13.56,0.00,2469
108.167,16.98,0.26,3.81,12.18,13.96,0.04,2468
108.183,16.35,0.25,4.01,12.72,13.47,0.00,2468
108.201,17.10,0.20,3.81,12.67,13.81,0.06,2469
108.217,16.82,0.27,4.27,12.43,14.02,0.00,2468
108.234,17.13,0.25,3.81,11.85,14.45,0.05,2469
108.251,16.07,0.20,3.83,12.93,14.94,0.00,2469
108.268,17.09,0.19,3.81,12.49,15.13,0.04,2469
108.284,16.62,0.23,4.71,11.99,15.48,0.00,2468
108.301,17.09,0.25,4.05,12.11,15.60,0.04,2468
108.318,16.53,0.23,4.20,12.39,15.60,0.00,2468
108.335,16.97,0.20,3.83,12.32,22.00,0.04,2469
108.351,16.46,0.23,4.44,12.13,20.89,0.00,2469
108.368,16.97,0.23,4.40,11.55,9.83,0.05,2468
108.385,16.30,0.26,4.83,11.79,10.64,0.00,2466
108.402,17.03,0.23,4.07,12.17,11.58,0.04,2468
108.418,16.59,0.23,4.29,12.21,11.55,0.00,2466
108.435,16.88,0.32,4.03,12.10,11.18,0.04,2466
108.452,16.58,0.23,4.23,12.12,11.67,0.00,2466
108.468,16.74,0.20,3.86,12.43,11.95,0.05,2466
108.485,16.63,0.35,4.74,11.79,12.44,0.00,2466
108.502,17.02,0.24,4.47,11.56,12.83,0.04,2465
108.518,16.39,0.29,5.17,11.30,13.55,0.00,2463
108.535,16.88,0.22,3.88,12.31,13.77,0.05,2463
108.552,16.54,0.24,4.37,12.14,14.86,0.00,2463
108.569,16.87,0.20,3.74,12.54,15.20,0.04,2462
108.585,16.59,0.19,3.89,12.92,15.20,0.00,2461
108.602,17.12,0.20,3.90,12.30,18.04,0.04,2461
108.619,16.54,0.23,4.32,12.21,12.06,0.00,2461
108.636,16.91,0.25,4.49,11.45,9.05,0.04,2460
108.652,16.32,0.28,4.36,12.20,11.05,0.00,2459
108.669,16.95,0.19,3.92,12.26,11.31,0.04,2459
108.686,16.50,0.35,4.77,12.10,13.04,0.00,2457
108.703,17.39,0.27,4.46,11.41,14.67,0.05,2457
108.719,16.26,0.23,4.78,11.65,14.82,0.00,2456
108.736,16.80,0.22,3.90,12.56,15.01,0.06,2456
108.753,16.80,0.22,4.71,11.56,15.11,0.00,2456
108.770,16.62,0.27,3.79,12.48,15.22,0.05,2455
108.786,16.66,0.24,4.14,12.42,15.29,0.00,2454
108.803,16.92,0.20,3.37,12.92,15.29,0.04,2453
108.820,16.62,0.23,3.87,12.59,22.16,0.00,2453
108.837,16.82,0.20,3.25,12.99,13.23,0.05,2451
108.853,16.58,0.26,3.66,12.72,12.28,0.00,2451
108.870,16.77,0.20,3.33,13.13,12.28,0.04,2451
108.887,16.77,0.23,4.26,12.20,12.40,0.00,2450
108.904,16.85,0.30,3.47,12.45,13.91,0.04,2450
108.920,16.34,0.39,3.99,12.85,15.79,0.00,2449
108.937,17.37,0.23,3.39,12.63,15.79,0.04,2449
108.954,16.37,0.23,3.92,12.54,13.32,0.00,2449
108.970,16.84,0.31,3.62,12.55,11.70,0.04,2449
108.987,16.59,0.23,4.05,12.51,14.01,0.00,2448
109.004,16.94,0.24,3.73,12.19,14.57,0.05,2448
109.020,16.32,0.24,3.91,12.81,14.72,0.00,2448
109.037,17.11,0.25,3.38,12.81,15.05,0.04,2448
109.054,16.56,0.23,3.60,13.09,15.05,0.00,2448
109.071,17.13,0.29,3.31,12.68,15.22,0.05,2446
109.087,16.39,0.22,3.68,12.87,14.14,0.00,2446
109.104,16.91,0.24,3.60,12.26,14.57,0.04,2445
109.121,16.23,0.37,3.12,13.46,14.72,0.00,2444
109.138,17.10,0.24,3.16,13.05,15.09,0.04,2443
109.154,16.57,0.23,3.11,13.39,15.17,0.00,2443
109.171,16.87,0.23,3.02,13.21,15.18,0.05,2443
109.188,16.57,0.24,2.99,13.65,15.06,0.00,2443
109.205,17.04,0.30,2.88,13.20,15.10,0.05,2443
109.221,16.53,0.23,2.85,13.93,14.83,0.00,2441
109.238,17.18,0.27,2.38,13.77,14.96,0.13,2441
109.255,16.56,0.24,2.92,13.57,15.69,0.00,2440
109.272,16.90,0.25,2.54,13.30,15.69,0.04,2437
109.288,16.21,0.28,2.95,13.76,15.93,0.00,2436
109.305,17.14,0.24,2.89,13.19,11.09,0.06,2436
109.322,16.48,0.37,3.45,12.75,11.92,0.00,2436
109.339,16.74,0.30,2.40,13.52,14.13,0.04,2435
109.355,16.35,0.33,2.86,13.94,16.20,0.00,2435
109.372,17.28,0.23,2.50,13.53,16.20,0.04,2434
109.389,16.37,0.21,2.92,13.68,14.52,0.00,2434
109.405,16.96,0.23,2.88,13.35,13.30,0.05,2434
109.422,16.60,0.28,2.89,13.32,13.72,0.00,2433
109.439,16.62,0.20,2.57,13.67,14.31,0.04,2432
109.455,16.56,0.27,2.85,13.85,14.27,0.00,2431
109.472,17.12,0.23,2.78,13.67,15.10,0.06,2431
109.489,16.87,0.32,3.75,12.55,15.35,0.00,2431
109.506,16.81,0.26,2.31,13.87,15.34,0.09,2407
109.523,16.60,0.46,2.83,13.09,15.42,0.00,2403
109.539,16.54,0.26,1.79,14.59,15.06,0.05,2387
109.556,16.81,0.23,1.99,14.34,13.78,0.00,2386
109.573,16.71,0.23,1.95,14.44,13.46,0.05,2386
109.590,16.78,0.32,3.04,13.18,13.54,0.00,2384
109.606,16.70,0.26,1.99,14.37,14.12,0.06,2381
109.623,16.80,0.33,3.03,12.87,15.23,0.00,2381
109.639,16.37,0.20,1.45,15.10,15.88,0.04,2377
109.656,16.89,0.23,2.02,14.68,15.77,0.00,2374
109.673,17.07,0.23,1.92,14.29,15.67,0.06,2369
109.690,16.61,0.33,2.49,13.83,15.51,0.00,2366
109.707,16.80,0.24,1.97,14.36,15.47,0.10,2360
109.723,16.75,0.32,2.47,13.79,15.31,0.00,2348
109.740,16.72,0.24,1.64,14.73,15.18,0.08,2292
109.757,16.78,0.34,1.90,13.99,14.96,0.00,2262
109.773,16.38,0.24,1.36,15.19,14.87,0.05,2260
109.790,16.96,0.34,2.08,13.81,14.72,0.00,2259
109.807,16.37,0.22,0.94,15.69,14.68,0.06,2259
109.824,17.02,0.32,1.86,14.31,14.56,0.00,2255
109.840,16.65,0.23,1.21,15.16,14.46,0.06,2249
109.857,16.74,0.33,1.95,14.26,14.36,0.00,2242
109.874,16.68,0.25,1.17,15.26,14.31,0.06,2235
109.891,16.85,0.36,1.55,14.37,14.18,0.00,2228
109.907,16.46,0.20,0.84,15.89,14.11,0.06,2226
109.924,17.10,0.32,1.61,14.61,14.00,0.00,2223
109.941,16.69,0.23,0.99,15.42,13.93,0.08,2218
109.958,16.79,0.32,1.63,14.58,13.89,0.00,2216
109.974,16.68,0.26,1.08,15.28,13.77,0.06,2210
109.991,16.78,0.32,1.70,14.58,13.68,0.00,2199
110.008,16.75,0.24,0.86,15.43,13.51,0.06,2122
110.025,16.68,0.31,1.04,15.13,13.35,0.00,2121
110.041,16.65,0.26,0.71,15.81,13.30,0.10,2119
110.058,16.97,0.34,1.11,15.00,13.27,0.00,2118
110.075,16.59,0.26,0.72,15.64,13.17,0.06,2115
110.092,16.79,0.32,1.07,15.04,13.07,0.00,2111
110.108,16.57,0.29,0.70,15.64,13.03,0.06,2107
110.125,16.79,0.32,1.04,14.98,12.94,0.00,2106
110.141,16.48,0.20,0.55,16.09,12.85,0.06,2105
110.158,17.02,0.32,1.01,15.34,12.81,0.00,2099
110.175,16.81,0.24,0.70,15.60,12.73,0.05,2096
110.192,16.72,0.32,1.09,15.10,12.68,0.00,2097
110.209,16.67,0.26,0.70,15.73,12.63,0.12,2098
110.225,16.85,0.33,1.05,14.94,12.59,0.00,2098
110.242,16.46,0.29,0.63,16.10,12.40,0.08,2095
110.259,17.23,0.33,1.16,14.96,12.47,0.00,2092
110.276,16.62,0.27,0.74,15.33,12.36,0.08,2089
110.292,16.52,0.31,1.06,15.17,12.30,0.00,2087
110.309,16.70,0.26,0.71,15.59,12.26,0.06,2086
110.326,16.74,0.31,1.15,14.84,12.19,0.00,2083
110.342,16.43,0.20,0.54,16.09,12.15,0.06,2083
110.359,17.02,0.32,1.13,15.03,12.08,0.00,2078
110.376,16.63,0.24,0.76,15.67,12.04,0.06,2076
110.393,16.83,0.32,1.05,15.09,11.94,0.00,2072
110.409,16.62,0.28,0.72,15.36,11.90,0.04,2071
110.426,16.51,0.34,1.00,15.54,11.87,0.00,2069
110.443,17.03,0.23,0.74,15.65,11.79,0.06,2069
110.460,16.83,0.32,1.12,14.81,11.71,0.00,2069
110.476,16.38,0.19,0.57,16.10,11.70,0.06,2066
110.493,17.07,0.33,1.03,15.14,11.62,0.00,2063
110.510,16.66,0.28,0.73,15.56,11.55,0.06,2063
110.527,16.72,0.33,1.02,14.97,11.52,0.00,2058
110.543,16.45,0.19,0.57,16.12,11.39,0.06,2056
110.560,17.03,0.32,1.04,14.97,11.42,0.00,2054
110.576,16.46,0.27,0.56,16.00,11.25,0.05,2050
110.593,17.00,0.31,1.16,15.08,11.27,0.00,2047
110.610,16.71,0.29,0.85,15.55,11.13,0.14,2046
110.627,16.86,0.31,1.06,15.05,11.17,0.00,2041
110.644,16.60,0.29,0.77,15.48,11.03,0.06,2037
110.660,16.70,0.31,1.05,14.97,11.07,0.00,2034
110.677,16.46,0.19,0.56,15.75,11.01,0.04,2031
110.693,16.66,0.36,1.03,15.65,10.95,0.00,2026
110.711,17.20,0.23,0.74,15.45,10.94,0.06,2022
110.727,16.59,0.31,1.00,15.27,10.85,0.00,2020
110.744,16.72,0.23,0.69,15.83,10.82,0.08,2011
110.761,16.93,0.31,1.02,15.12,10.75,0.00,2004
110.777,16.59,0.23,0.76,15.59,10.65,0.06,1997
110.794,16.77,0.30,1.15,15.04,10.65,0.00,1992
110.811,16.65,0.33,0.69,15.29,10.65,0.04,1985
110.827,16.43,0.24,0.72,15.87,10.54,0.00,1982
110.844,16.98,0.27,0.71,15.65,10.49,0.06,1978
110.861,16.83,0.31,1.05,15.11,10.44,0.04,1973
110.878,16.62,0.23,0.83,15.59,10.42,0.00,1971
110.895,16.81,0.25,0.69,15.63,10.37,0.06,1967
110.911,16.73,0.31,1.06,15.19,10.32,0.00,1959
110.928,16.70,0.30,0.70,15.56,10.27,0.06,1958
110.945,16.72,0.31,1.06,15.23,10.21,0.00,1954
110.961,16.74,0.22,0.71,15.68,10.16,0.06,1946
110.978,16.78,0.30,1.03,15.24,10.12,0.00,1941
110.995,16.72,0.23,0.75,15.73,10.09,0.07,1938
111.012,16.88,0.32,1.05,15.24,10.03,0.00,1935
111.029,16.79,0.25,0.78,15.37,10.03,0.06,1925
111.045,16.55,0.31,1.14,15.07,9.95,0.00,1922
111.062,16.67,0.22,0.74,15.64,9.93,0.06,1916
111.079,16.76,0.31,0.98,15.27,9.86,0.00,1905
111.095,16.71,0.23,0.67,15.85,9.87,0.06,1899
111.112,16.91,0.30,1.01,15.09,9.78,0.00,1894
111.129,16.54,0.25,0.79,15.52,9.74,0.06,1887
111.145,16.74,0.29,1.02,15.04,9.71,0.00,1878
111.162,16.48,0.27,0.54,16.04,9.64,0.06,1870
111.179,17.01,0.31,0.96,15.25,9.63,0.00,1862
111.196,16.66,0.24,0.69,15.68,9.61,0.06,1850
111.212,16.78,0.31,1.02,15.21,9.54,0.00,1845
111.229,16.69,0.21,0.69,15.74,9.40,0.06,1838
111.246,16.81,0.52,1.14,14.79,9.48,0.00,1834
111.263,16.61,0.23,0.68,15.97,9.44,0.09,1829
111.280,17.08,0.33,1.04,15.06,9.42,0.00,1826
111.296,16.60,0.24,0.59,15.66,9.41,0.06,1818
111.313,16.69,0.30,1.06,15.13,9.35,0.00,1816
111.330,16.64,0.41,0.75,15.60,9.28,0.09,1809
111.347,16.97,0.32,1.00,15.27,9.26,0.00,1800
111.363,16.74,0.21,0.67,15.47,9.23,0.06,1794
111.380,16.55,0.30,1.04,15.35,9.20,0.00,1788
111.397,16.83,0.21,0.65,15.60,9.20,0.07,1778
111.413,16.65,0.31,0.97,15.23,9.13,0.00,1769
111.430,16.67,0.25,0.68,15.57,9.12,0.06,1763
111.447,16.67,0.29,0.90,15.55,9.08,0.00,1759
111.464,16.89,0.23,0.70,15.52,9.02,0.06,1748
111.480,16.61,0.35,0.95,15.42,8.99,0.00,1740
111.497,16.93,0.29,0.77,15.34,8.86,0.06,1727
111.514,16.57,0.29,1.05,15.22,8.93,0.00,1720
111.530,16.72,0.23,0.64,15.80,8.91,0.07,1712
111.547,16.85,0.30,0.92,15.24,8.86,0.00,1708
111.564,16.60,0.26,0.71,15.62,8.87,0.06,1703
111.581,16.74,0.28,1.03,15.15,8.82,0.00,1697
111.597,16.61,0.24,0.64,16.06,8.78,0.07,1682
111.614,17.14,0.43,1.06,14.85,8.75,0.00,1676
111.631,16.50,0.29,0.65,15.51,8.75,0.06,1669
111.647,16.62,0.29,0.89,15.32,8.69,0.00,1666
111.664,16.64,0.20,0.72,15.75,8.68,0.06,1659
111.681,16.84,0.28,0.90,15.33,8.62,0.00,1656
111.698,16.64,0.21,0.62,15.81,8.62,0.06,1648
111.714,16.80,0.30,0.93,15.31,8.59,0.00,1641
111.731,16.69,0.22,0.62,15.93,8.57,0.06,1635
111.748,16.95,0.29,1.01,15.10,8.52,0.00,1626
111.765,16.56,0.24,0.66,15.59,8.49,0.05,1615
111.781,16.62,0.34,0.74,15.82,8.47,0.00,1610
111.798,17.10,0.21,0.69,15.44,8.45,0.06,1597
111.815,16.54,0.29,0.93,15.24,8.44,0.00,1591
111.831,16.61,0.20,0.77,15.73,8.36,0.06,1585
111.848,16.90,0.40,1.03,15.19,8.36,0.00,1581
111.865,16.82,0.24,0.70,15.50,8.24,0.06,1567
111.882,16.60,0.29,0.98,15.39,8.32,0.00,1564
111.899,16.82,0.20,0.65,15.58,8.29,0.06,1557
111.915,16.59,0.28,0.88,15.33,8.26,0.00,1547
111.932,16.65,0.21,0.67,15.76,8.28,0.06,1540
111.949,16.81,0.32,0.87,15.30,8.20,0.00,1536
111.965,16.64,0.28,0.65,15.74,8.20,0.06,1525
111.982,16.84,0.32,0.92,15.30,8.17,0.00,1521
111.999,16.69,0.22,0.63,15.74,8.17,0.06,1512
112.015,16.76,0.28,0.86,15.42,8.12,0.00,1498
112.032,16.72,0.27,0.71,15.55,8.00,0.06,1492
112.049,16.69,0.33,0.85,15.45,8.07,0.00,1485
112.066,16.78,0.22,0.64,15.65,8.06,0.06,1479
112.082,16.67,0.32,0.85,15.49,8.04,0.00,1476
112.099,16.81,0.21,0.59,15.71,8.03,0.06,1469
112.116,16.68,0.25,0.93,15.19,7.98,0.00,1462
112.132,16.53,0.16,0.60,16.01,7.97,0.06,1456
112.149,16.94,0.26,0.85,15.58,7.95,0.00,1446
112.166,16.84,0.18,0.64,15.71,7.92,0.09,1437
112.183,16.70,0.29,0.94,15.15,7.91,0.00,1429
112.199,16.54,0.14,0.50,16.08,7.79,0.06,1424
112.216,16.88,0.45,0.97,15.07,7.86,0.00,1416
112.233,16.65,0.15,0.71,15.77,7.86,0.06,1412
112.250,16.77,0.21,0.81,15.58,7.82,0.00,1405
112.266,16.75,0.15,0.56,15.83,7.83,0.06,1398
112.283,16.70,0.20,0.80,15.81,7.78,0.00,1390
112.300,17.02,0.19,0.63,15.60,7.81,0.08,1382
112.317,16.62,0.22,0.79,15.41,7.77,0.00,1375
112.333,16.57,0.16,0.55,15.84,7.74,0.06,1364
112.350,16.70,0.25,0.79,15.57,7.71,0.00,1361
112.367,16.75,0.14,0.53,15.86,7.70,0.06,1354
112.384,16.69,0.24,0.74,15.54,7.67,0.00,1346
112.400,16.67,0.24,0.53,15.88,7.63,0.06,1335
112.417,16.80,0.23,0.78,15.56,7.64,0.00,1331
112.434,16.72,0.14,0.53,15.90,7.62,0.06,1321
112.450,16.73,0.24,0.74,15.58,7.59,0.00,1314
112.467,16.70,0.15,0.65,15.81,7.61,0.05,1311
112.484,16.77,0.20,0.73,15.62,7.58,0.00,1310
112.501,16.71,0.15,0.59,15.86,7.56,0.06,1303
112.517,16.75,0.23,0.73,15.58,7.54,0.00,1295
112.534,16.69,0.14,0.52,16.00,7.55,0.06,1283
112.551,16.81,0.20,0.71,15.46,7.54,0.00,1275
112.567,16.50,0.18,0.52,16.07,7.51,0.06,1269
112.584,16.92,0.26,0.72,15.77,7.47,0.00,1263
112.601,16.90,0.14,0.52,15.81,7.46,0.06,1257
112.618,16.63,0.21,0.72,15.57,7.45,0.00,1252
112.634,16.64,0.14,0.54,15.94,7.44,0.06,1247
112.651,16.78,0.19,0.73,15.47,7.41,0.00,1235
112.668,16.53,0.14,0.55,16.06,7.43,0.06,1227
112.685,16.92,0.18,0.74,15.57,7.37,0.00,1219
112.701,16.64,0.14,0.55,15.95,7.39,0.06,1214
112.718,16.80,0.24,0.72,15.59,7.37,0.00,1205
112.735,16.70,0.13,0.57,15.98,7.38,0.06,1197
112.752,16.84,0.22,0.72,15.55,7.32,0.00,1187
112.768,16.63,0.14,0.55,15.95,7.32,0.06,1179
112.785,16.79,0.19,0.70,15.59,7.31,0.00,1173
112.802,16.62,0.14,0.54,15.98,7.29,0.06,1164
112.819,16.81,0.23,0.75,15.51,7.27,0.00,1158
112.835,16.65,0.13,0.58,15.89,7.30,0.06,1154
112.852,16.77,0.22,0.72,15.72,7.25,0.00,1142
112.869,16.80,0.14,0.68,15.73,7.22,0.06,1135
112.885,16.70,0.24,0.69,15.58,7.24,0.00,1123
112.902,16.64,0.13,0.57,15.94,7.23,0.06,1110
112.919,16.81,0.18,0.68,15.61,7.19,0.00,1103
112.935,16.59,0.13,0.48,16.10,7.20,0.06,1093
112.952,16.86,0.23,0.69,15.71,7.19,0.00,1089
112.969,16.76,0.13,0.52,15.89,7.17,0.06,1079
112.986,16.71,0.21,0.69,15.67,7.16,0.00,1071
113.003,16.72,0.14,0.49,15.93,7.17,0.06,1063
113.019,16.72,0.20,0.74,15.66,7.16,0.00,1054
113.036,16.74,0.13,0.48,15.99,7.14,0.05,1048
113.053,16.76,0.22,0.70,15.74,7.12,0.00,1041
113.070,16.82,0.14,0.53,15.79,7.10,0.05,1034
113.086,16.62,0.23,0.71,15.70,7.08,0.00,1029
113.103,16.78,0.13,0.53,15.84,7.11,0.06,1018
113.120,16.68,0.17,0.68,15.82,7.06,0.00,1008
113.136,16.80,0.12,0.49,15.92,7.05,0.06,999
113.153,16.69,0.17,0.66,15.76,7.03,0.00,988
113.170,16.72,0.13,0.50,15.95,7.03,0.06,978
113.187,16.75,0.23,0.64,15.75,7.02,0.00,971
113.203,16.76,0.15,0.52,15.82,7.03,0.06,966
113.220,16.64,0.17,0.64,15.88,6.99,0.00,960
113.237,16.82,0.12,0.53,15.91,7.01,0.06,951
113.254,16.73,0.20,0.65,15.72,6.97,0.00,950
113.270,16.70,0.12,0.48,15.91,6.99,0.06,945
113.287,16.68,0.18,0.69,15.89,6.96,0.00,936
113.304,16.91,0.13,0.48,15.91,6.96,0.07,927
113.321,16.70,0.18,0.67,15.95,6.96,0.00,918
113.338,16.98,0.17,0.51,15.58,6.95,0.07,910
113.354,16.41,0.21,0.64,15.82,6.94,0.00,902
113.371,16.82,0.12,0.45,15.85,6.92,0.06,896
113.387,16.57,0.19,0.61,15.75,6.91,0.00,891
113.404,16.69,0.12,0.60,15.96,6.93,0.05,884
113.421,16.83,0.17,0.64,15.67,6.90,0.00,878
113.437,16.62,0.12,0.46,16.02,6.91,0.06,868
113.454,16.76,0.20,0.64,15.88,6.90,0.00,861
113.471,16.85,0.15,0.43,15.87,6.92,0.06,853
113.488,16.60,0.20,0.62,15.77,6.86,0.00,846
113.504,16.73,0.13,0.48,15.96,6.89,0.06,837
113.521,16.72,0.17,0.61,15.97,6.86,0.00,832
113.538,16.90,0.12,0.44,15.85,6.86,0.06,826
113.555,16.57,0.13,0.62,15.77,6.86,0.00,819
113.571,16.65,0.09,0.49,16.09,6.85,0.05,811
113.588,16.83,0.12,0.64,15.95,6.83,0.00,800
113.605,16.85,0.09,0.43,15.95,6.84,0.06,786
113.622,16.63,0.15,0.61,15.76,6.84,0.00,783
113.638,16.66,0.09,0.43,16.11,6.83,0.05,775
113.655,16.78,0.12,0.64,15.70,6.81,0.00,766
113.672,16.59,0.09,0.48,16.10,6.80,0.05,757
113.688,16.81,0.12,0.63,15.81,6.80,0.00,750
113.705,16.71,0.09,0.47,16.24,6.83,0.06,743
113.722,17.00,0.14,0.58,15.77,6.79,0.00,738
113.739,16.65,0.10,0.44,15.93,6.80,0.06,735
113.755,16.62,0.12,0.66,15.77,6.79,0.00,725
113.772,16.71,0.09,0.44,16.07,6.76,0.05,719
113.789,16.75,0.12,0.59,15.96,6.79,0.00,716
113.806,16.81,0.09,0.43,15.98,6.79,0.05,708
113.822,16.65,0.13,0.63,15.74,6.76,0.00,703
113.839,16.63,0.09,0.52,16.06,6.76,0.06,697
113.856,16.83,0.11,0.56,16.02,6.74,0.00,690
113.873,16.82,0.10,0.40,15.95,6.74,0.06,684
113.889,16.61,0.12,0.54,16.03,6.77,0.00,673
113.906,16.84,0.08,0.42,15.94,6.74,0.06,668
113.923,16.60,0.11,0.60,15.83,6.74,0.00,662
113.939,16.67,0.09,0.46,16.08,6.74,0.06,657
113.956,16.78,0.12,0.56,15.86,6.74,0.00,648
113.973,16.68,0.09,0.38,16.15,6.75,0.06,643
113.990,16.78,0.12,0.52,16.07,6.72,0.00,634
114.006,16.87,0.09,0.43,15.98,6.71,0.06,622
114.023,16.65,0.11,0.58,15.78,6.71,0.00,616
114.040,16.61,0.08,0.45,16.16,6.71,0.06,608
114.057,16.84,0.11,0.56,15.91,6.71,0.00,599
114.073,16.73,0.08,0.46,16.03,6.73,0.06,597
114.090,16.73,0.10,0.65,15.78,6.71,0.00,595
114.107,16.67,0.08,0.43,16.10,6.72,0.06,587
114.123,16.76,0.11,0.56,15.83,6.69,0.00,576
114.140,16.64,0.10,0.36,16.21,6.69,0.06,571
114.157,16.82,0.10,0.51,15.97,6.68,0.00,565
114.174,16.71,0.08,0.44,16.17,6.67,0.06,557
114.190,16.85,0.18,0.50,15.76,6.66,0.00,549
114.207,16.57,0.07,0.44,16.11,6.70,0.05,542
114.224,16.77,0.10,0.52,15.98,6.65,0.00,535
114.241,16.75,0.08,0.50,16.04,6.69,0.06,532
114.257,16.77,0.10,0.53,15.89,6.67,0.00,520
114.274,16.67,0.08,0.39,16.11,6.69,0.06,516
114.291,16.74,0.10,0.56,15.89,6.65,0.00,511
114.307,16.70,0.07,0.45,16.10,6.67,0.06,504
114.324,16.78,0.10,0.53,16.21,6.65,0.00,494
114.341,17.02,0.10,0.41,15.88,6.65,0.07,491
114.358,16.55,0.10,0.47,15.90,6.65,0.00,484
114.374,16.62,0.06,0.39,16.18,6.66,0.06,476
114.391,16.79,0.07,0.56,15.88,6.66,0.00,468
114.408,16.66,0.05,0.35,16.20,6.62,0.05,467
114.425,16.76,0.07,0.51,15.88,6.64,0.00,460
114.441,16.61,0.06,0.35,16.25,6.66,0.06,450
114.458,16.82,0.07,0.51,15.94,6.64,0.00,443
114.475,16.66,0.07,0.36,16.31,6.63,0.05,442
114.492,16.90,0.07,0.46,15.94,6.63,0.00,436
114.508,16.61,0.06,0.39,16.17,6.66,0.06,424
114.525,16.77,0.07,0.50,16.64,6.64,0.00,416
114.542,17.41,0.09,0.59,15.37,6.64,0.06,409
114.559,16.19,0.07,0.46,16.44,6.62,0.00,405
114.576,17.16,0.07,0.57,15.44,6.64,0.05,397
114.592,16.24,0.07,0.52,15.95,6.63,0.00,389
114.609,16.68,0.05,0.33,16.26,6.64,0.06,384
114.625,16.84,0.10,0.47,15.99,6.63,0.00,375
114.642,16.69,0.05,0.36,16.17,6.65,0.06,372
114.659,16.72,0.06,0.53,15.96,6.62,0.00,364
114.676,16.69,0.05,0.40,16.21,6.63,0.07,358
114.692,16.81,0.07,0.53,15.93,6.62,0.00,352
114.709,16.66,0.05,0.36,16.21,6.61,0.05,346
114.726,16.77,0.05,0.51,16.03,6.61,0.00,340
114.743,16.72,0.03,0.36,16.26,6.61,0.08,333
114.759,16.80,0.05,0.49,16.14,6.62,0.00,327
114.776,16.82,0.03,0.38,16.00,6.53,0.07,322
114.793,16.57,0.04,0.46,16.56,6.62,0.00,319
114.810,17.23,0.04,0.35,15.85,6.64,0.16,311
114.826,16.40,0.04,0.42,15.98,6.62,0.00,302
114.843,16.57,0.03,0.31,16.27,6.62,0.06,293
114.860,16.77,0.04,0.46,16.32,6.62,0.00,288
114.877,16.99,0.04,0.43,15.83,6.62,0.06,281
114.893,16.46,0.03,0.41,16.11,6.60,0.00,270
114.910,16.68,0.02,0.34,16.21,6.60,0.06,263
114.927,16.72,0.02,0.47,16.12,6.60,0.00,259
114.943,16.74,0.02,0.32,16.25,6.61,0.06,249
114.960,16.74,0.02,0.41,16.17,6.59,0.00,241
114.977,16.74,0.02,0.32,16.39,6.60,0.13,231
114.994,16.88,0.02,0.56,15.91,6.57,0.00,227
115.010,16.62,0.01,0.36,16.14,6.59,0.06,222
115.027,16.68,0.02,0.41,16.12,6.58,0.00,217
115.044,16.69,0.01,0.32,16.34,6.61,0.06,208
115.060,16.81,0.00,0.50,16.07,6.58,0.00,232
