t,frameMs,tickMs,buildMs,encodeMs,gpuMs,inkMs,instances
0.000,14.93,0.01,0.62,0.62,7.96,0.00,363
0.016,16.47,0.02,0.69,0.61,7.93,0.00,363
0.033,16.70,0.01,0.69,0.64,7.92,0.00,363
0.050,16.73,0.01,0.70,0.63,7.96,0.00,362
0.067,16.72,0.01,0.63,0.61,7.97,0.00,361
0.083,16.75,0.02,0.70,0.62,7.98,0.00,361
0.100,16.67,0.02,0.59,0.63,7.98,0.00,360
0.117,16.82,0.02,0.66,0.65,8.01,0.00,361
0.134,16.72,0.02,0.64,0.61,8.16,0.00,357
0.150,16.72,0.02,0.66,0.62,8.16,0.00,358
0.167,16.73,0.02,0.65,0.62,8.17,0.00,357
0.184,16.74,0.02,0.69,0.63,8.17,0.00,356
0.201,16.73,0.02,0.66,0.62,8.20,0.00,354
0.217,16.74,0.02,0.63,0.61,8.17,0.00,354
0.234,16.73,0.02,0.65,0.62,8.18,0.00,352
0.251,16.73,0.01,0.65,0.59,8.19,0.00,354
0.267,16.76,0.02,0.64,0.57,8.18,0.00,352
0.284,16.72,0.02,0.64,0.55,8.31,0.00,351
0.301,16.75,0.02,0.62,0.57,8.30,0.00,351
0.318,16.73,0.02,0.67,0.61,8.27,0.00,351
0.334,16.72,0.02,0.67,0.62,8.27,0.00,350
0.351,16.73,0.02,0.65,0.76,8.26,0.00,348
0.368,16.69,0.03,0.73,0.68,8.22,0.00,350
0.385,16.79,0.02,0.68,0.62,8.23,0.00,349
0.401,16.73,0.02,0.63,0.58,8.20,0.00,349
0.418,16.75,0.02,0.64,0.59,8.17,0.00,348
0.435,16.72,0.02,0.66,0.58,8.28,0.00,348
0.452,16.74,0.02,0.65,0.64,8.24,0.00,347
0.468,16.73,0.02,0.64,0.58,8.21,0.00,348
0.485,16.75,0.02,0.65,0.58,8.17,0.00,346
0.502,16.73,0.02,0.72,0.66,8.14,0.00,345
0.518,16.74,0.02,0.66,0.60,8.14,0.00,347
0.535,16.73,0.02,0.66,0.57,8.06,0.00,347
0.552,16.73,0.02,0.69,0.62,8.04,0.00,345
0.569,16.76,0.02,0.62,0.66,7.98,0.00,344
0.585,16.74,0.02,0.70,0.60,8.07,0.00,342
0.602,16.72,0.02,0.67,0.62,8.03,0.00,341
0.619,16.73,0.02,0.64,0.62,7.97,0.00,340
0.636,16.74,0.02,0.67,0.62,7.94,0.00,340
0.652,16.72,0.02,0.66,0.58,7.90,0.00,337
0.669,16.74,0.02,0.65,0.62,7.88,0.00,336
0.686,16.73,0.02,0.69,0.64,7.83,0.00,335
0.703,16.74,0.02,0.75,0.61,7.80,0.00,335
0.719,16.68,0.03,0.63,0.62,7.75,0.00,333
0.736,16.79,0.02,0.64,0.70,7.84,0.00,331
0.753,16.71,0.03,0.59,0.69,7.81,0.00,330
0.769,16.70,0.02,0.64,0.65,7.79,0.00,328
0.786,16.79,0.02,0.71,0.68,7.75,0.00,328
0.803,16.74,0.02,0.64,0.64,7.73,0.00,326
0.820,16.67,0.02,0.62,0.66,7.69,0.00,324
0.836,16.78,0.02,0.67,0.63,7.67,0.00,322
0.853,16.73,0.02,0.70,0.64,7.65,0.00,322
0.873,20.27,0.03,0.66,0.79,7.63,0.00,330
0.887,13.18,0.03,0.68,0.75,8.12,0.00,328
0.903,16.80,0.02,0.63,0.80,8.30,0.00,328
0.920,16.66,0.03,0.74,0.74,8.13,0.00,328
0.937,16.72,0.02,0.71,0.72,8.23,0.00,325
0.953,16.71,0.02,0.26,0.42,8.05,0.00,324
0.970,16.78,0.03,0.75,0.73,8.08,0.00,323
0.987,16.82,0.02,0.82,0.71,8.05,0.00,321
1.004,16.70,0.02,0.72,0.67,8.03,0.00,322
1.021,16.72,0.05,0.73,0.80,8.02,0.00,321
1.039,18.07,0.02,0.87,0.68,8.12,0.00,318
1.054,15.67,0.02,0.58,0.58,8.02,0.00,317
1.071,16.46,0.02,0.65,0.58,8.10,0.00,315
1.087,16.73,0.02,0.68,0.61,8.08,0.00,314
1.104,16.74,0.02,0.67,0.56,8.08,0.00,314
1.121,16.72,0.02,0.67,0.57,8.06,0.00,314
1.138,16.73,0.02,0.64,0.63,8.05,0.00,316
1.154,16.73,0.02,0.69,0.63,8.04,0.00,316
1.171,16.67,0.03,0.64,0.59,8.04,0.00,316
1.188,16.82,0.02,0.68,0.69,8.12,0.00,314
1.205,16.75,0.03,0.70,0.66,8.10,0.00,314
1.221,16.71,0.02,0.67,0.60,8.09,0.00,312
1.238,16.74,0.02,0.66,0.62,8.09,0.00,309
1.255,16.74,0.02,0.63,0.61,8.06,0.00,309
1.272,16.73,0.02,0.64,0.60,8.05,0.00,309
1.288,16.74,0.02,0.66,0.63,8.04,0.00,310
1.305,16.72,0.02,0.66,0.60,7.96,0.00,310
1.322,16.74,0.03,0.65,0.61,8.03,0.00,312
1.338,16.73,0.02,0.63,0.60,8.12,0.00,310
1.355,16.73,0.02,0.65,0.64,8.10,0.00,310
1.372,16.73,0.02,0.63,0.61,8.07,0.00,308
1.389,16.73,0.02,0.61,0.62,8.06,0.00,306
1.405,16.74,0.02,0.60,0.62,7.97,0.00,306
1.422,16.73,0.02,0.64,0.60,8.03,0.00,304
1.439,16.74,0.02,0.65,0.67,7.99,0.00,306
1.456,16.73,0.02,0.63,0.62,7.98,0.00,306
1.472,16.73,0.03,0.64,0.63,7.96,0.00,307
1.489,16.73,0.02,0.65,0.65,8.06,0.00,303
1.506,16.73,0.02,0.66,0.66,8.02,0.00,301
1.523,16.73,0.02,0.65,0.59,7.94,0.00,298
1.539,16.74,0.02,0.64,0.61,7.96,0.00,298
1.556,16.73,0.02,0.63,0.61,7.97,0.00,296
1.573,16.74,0.02,0.64,0.57,7.88,0.00,296
1.589,16.67,0.02,0.63,0.57,7.92,0.00,295
1.606,16.75,0.02,0.64,0.68,7.86,0.00,294
1.623,16.70,0.02,0.32,0.39,7.85,0.00,295
1.640,16.73,0.02,0.45,0.52,7.94,0.00,293
1.656,16.84,0.03,0.71,0.70,7.91,0.00,291
1.673,16.71,0.02,0.67,0.59,7.88,0.00,289
1.690,16.73,0.02,0.63,0.63,7.89,0.00,288
1.707,16.68,0.02,0.80,0.61,7.83,0.00,287
1.723,16.79,0.02,0.67,0.61,7.80,0.00,288
1.740,16.73,0.02,0.66,0.61,7.81,0.00,286
1.757,16.73,0.02,0.63,0.68,7.79,0.00,286
1.774,16.74,0.10,0.94,0.65,7.76,0.00,339
1.790,16.70,0.04,0.45,0.38,11.72,0.00,338
1.807,16.77,0.05,0.88,0.60,11.66,0.00,338
1.824,16.71,0.05,0.92,0.59,11.54,0.00,338
1.839,15.67,0.06,0.89,0.89,11.64,0.00,347
1.857,17.77,0.07,1.28,1.46,12.26,0.00,346
1.874,16.77,0.07,0.96,0.72,12.09,0.00,347
1.891,16.71,0.07,0.95,0.72,12.14,0.00,345
1.907,16.75,0.07,0.96,0.76,12.20,0.00,347
1.924,16.76,0.09,1.51,0.90,12.09,0.00,348
1.938,13.48,0.07,0.84,3.65,12.16,0.00,348
1.958,20.34,0.07,0.83,0.70,12.18,0.00,349
1.974,16.41,0.28,0.95,0.65,11.97,0.00,424
1.991,16.65,0.07,0.98,0.62,12.56,0.00,426
2.008,16.81,0.06,1.02,0.65,12.49,0.00,429
2.025,16.70,0.06,0.98,0.62,12.50,0.00,429
2.041,16.74,0.06,1.02,0.61,12.49,0.00,430
2.058,16.74,0.06,0.96,0.63,12.53,0.00,429
2.075,16.80,0.08,1.00,0.60,12.50,0.00,431
2.091,16.66,0.06,0.96,0.58,12.56,0.00,432
2.108,16.73,0.05,0.99,0.58,12.54,0.00,432
2.125,16.75,0.05,1.02,0.57,12.55,0.00,432
2.142,16.72,0.06,1.01,0.57,12.50,0.00,434
2.158,16.73,0.06,1.00,0.58,12.54,0.00,436
2.175,16.74,0.06,0.99,0.61,12.46,0.00,437
2.192,16.73,0.05,0.99,0.58,9.70,0.00,437
2.209,16.74,0.05,0.97,0.59,9.66,0.00,440
2.225,16.74,0.05,1.00,0.62,9.64,0.00,442
2.242,16.75,0.06,0.99,0.59,9.72,0.00,444
2.259,16.65,0.08,1.27,0.62,9.72,0.00,447
2.276,16.81,0.06,1.01,0.60,9.75,0.00,448
2.292,16.74,0.05,1.04,0.62,9.70,0.00,449
2.309,16.73,0.06,1.01,0.59,9.73,0.00,454
2.326,16.73,0.05,1.01,0.57,9.71,0.00,457
2.343,16.74,0.05,1.00,0.58,9.66,0.00,458
2.359,16.73,0.05,0.98,0.58,9.64,0.00,460
2.376,16.73,0.05,1.02,0.58,9.69,0.00,464
2.393,16.75,0.05,0.99,0.58,9.74,0.00,465
2.409,16.72,0.05,1.03,0.62,9.73,0.00,468
2.426,16.76,0.05,1.05,0.58,9.74,0.00,467
2.446,20.10,0.07,1.05,0.73,9.69,0.00,481
2.460,13.36,0.06,1.13,0.68,10.34,0.00,485
2.476,16.71,0.04,0.39,0.32,10.42,0.00,486
2.493,16.72,0.07,1.19,0.74,10.41,0.00,490
2.510,16.77,0.07,1.12,0.67,10.36,0.00,490
2.527,16.65,0.05,0.38,0.39,10.22,0.00,494
2.543,16.85,0.06,1.09,0.72,10.44,0.00,498
2.560,16.66,0.06,1.06,0.63,10.40,0.00,499
2.578,17.75,0.10,1.49,0.74,10.25,0.00,499
2.594,16.10,0.06,0.95,0.62,10.27,0.00,500
2.610,16.39,0.05,1.07,0.59,10.23,0.00,502
2.627,16.73,0.05,1.06,0.62,10.24,0.00,505
2.644,16.75,0.06,1.19,0.63,10.20,0.00,504
2.660,16.72,0.07,1.12,0.54,10.18,0.00,502
2.677,16.75,0.04,0.52,0.32,10.29,0.00,505
2.694,16.72,0.05,1.02,0.59,10.33,0.00,506
2.711,16.78,0.04,0.51,0.39,10.42,0.00,509
2.727,16.65,0.03,0.47,0.38,10.33,0.00,510
2.744,16.73,0.06,1.09,0.62,10.32,0.00,511
2.761,16.79,0.06,1.02,0.64,10.42,0.00,512
2.778,16.73,0.06,1.07,0.70,10.32,0.00,513
2.794,16.74,0.06,1.04,0.61,10.32,0.00,516
2.811,16.75,0.06,1.09,0.62,10.34,0.00,518
2.828,16.73,0.06,1.07,0.61,10.36,0.00,517
2.845,16.73,0.06,1.04,0.67,10.50,0.00,518
2.861,16.74,0.06,1.04,0.56,10.50,0.00,520
2.878,16.73,0.06,1.05,0.58,10.54,0.00,518
2.895,16.74,0.05,1.08,0.62,10.54,0.00,518
2.912,16.81,0.06,0.98,0.58,10.58,0.00,517
2.928,16.67,0.06,1.08,0.62,10.59,0.00,517
2.945,16.69,0.06,1.07,0.62,10.62,0.00,520
2.962,16.78,0.06,1.10,0.66,10.79,0.00,521
2.978,16.68,0.07,1.16,0.61,10.76,0.00,524
2.995,16.80,0.06,1.24,0.66,10.78,0.00,525
3.012,16.70,0.06,1.13,0.64,10.80,0.00,523
3.029,16.77,0.06,1.05,0.62,10.92,0.00,523
3.045,16.74,0.06,1.08,0.62,10.84,0.00,526
3.062,16.73,0.05,1.07,0.60,10.80,0.00,529
3.079,16.73,0.05,1.05,0.59,10.80,0.00,528
3.096,16.74,0.06,1.06,0.61,10.77,0.00,527
3.112,16.74,0.06,1.05,0.59,10.76,0.00,528
3.129,16.73,0.06,1.05,0.59,10.77,0.00,530
3.146,16.74,0.09,1.06,0.59,10.83,0.00,530
3.163,16.74,0.05,1.04,0.59,10.78,0.00,528
3.179,16.71,0.06,1.18,0.59,10.74,0.00,527
3.196,16.74,0.06,1.11,0.62,10.68,0.00,526
3.213,16.76,0.06,1.08,0.62,10.79,0.00,524
3.230,16.73,0.06,1.05,0.63,10.60,0.00,521
3.246,16.73,0.05,1.04,0.61,10.52,0.00,520
3.263,16.65,0.07,1.22,0.73,10.46,0.00,517
3.280,16.82,0.06,1.01,0.63,10.42,0.00,509
3.296,16.74,0.05,1.02,0.59,9.09,0.00,509
3.313,16.73,0.05,1.03,0.63,9.04,0.00,509
3.330,16.74,0.05,0.99,0.61,8.98,0.00,505
3.347,16.73,0.05,0.98,0.59,8.97,0.00,506
3.363,16.74,0.05,1.02,0.58,8.90,0.00,507
3.380,16.74,0.05,0.96,0.58,8.89,0.00,504
3.397,16.75,0.05,1.01,0.60,8.85,0.00,501
3.414,16.72,0.05,0.96,0.58,8.75,0.00,497
3.430,16.74,0.05,0.97,0.65,8.74,0.00,498
3.447,16.74,0.05,1.04,0.57,8.86,0.00,497
3.464,16.75,0.05,0.99,0.63,8.77,0.00,496
3.481,16.72,0.05,0.96,0.62,8.79,0.00,497
3.497,16.73,0.04,0.94,0.58,8.72,0.00,498
3.514,16.73,0.04,0.97,0.59,8.68,0.00,499
3.531,16.75,0.05,0.95,0.60,8.65,0.00,500
3.547,16.73,0.05,0.98,0.57,8.65,0.00,491
3.564,16.73,0.04,0.98,0.57,8.63,0.00,492
3.581,16.70,0.05,0.98,0.63,8.59,0.00,491
3.598,16.79,0.05,0.97,0.66,8.77,0.00,487
3.614,16.73,0.05,1.01,0.66,8.76,0.00,491
3.631,16.73,0.05,0.98,0.64,8.65,0.00,489
3.648,16.76,0.05,0.99,0.67,8.67,0.00,489
3.665,16.70,0.04,0.99,0.60,8.62,0.00,485
3.681,16.73,0.04,0.97,0.62,8.65,0.00,480
3.698,16.74,0.04,0.98,0.60,8.62,0.00,477
3.715,16.74,0.05,0.93,0.67,8.70,0.00,472
3.732,16.74,0.05,0.98,0.59,8.57,0.00,472
3.748,16.75,0.05,0.69,0.59,8.69,0.00,460
3.765,16.72,0.05,0.71,0.61,8.67,0.00,445
3.782,16.73,0.05,0.73,0.58,8.76,0.00,443
3.798,16.73,0.05,0.67,0.59,8.76,0.00,441
3.815,16.74,0.05,0.69,0.58,8.75,0.00,440
3.832,16.73,0.05,0.69,0.61,8.77,0.00,438
3.849,16.74,0.05,0.69,0.58,8.62,0.00,436
3.865,16.73,0.05,0.72,0.61,8.76,0.00,435
3.882,16.69,0.06,0.68,0.64,8.73,0.00,432
3.899,16.80,0.05,0.78,0.62,8.86,0.00,432
3.916,16.79,0.07,0.70,0.61,8.73,0.00,433
3.932,16.66,0.05,0.70,0.60,8.86,0.00,430
3.949,16.76,0.06,0.66,0.64,8.84,0.00,429
3.966,16.72,0.06,0.65,0.62,8.83,0.00,426
3.983,16.79,0.29,0.65,0.65,8.83,0.00,514
3.999,16.67,0.05,0.73,0.62,9.28,0.00,513
4.016,16.74,0.05,0.70,0.59,9.40,0.00,512
4.033,16.74,0.06,0.72,0.59,9.40,0.00,512
4.050,16.73,0.05,0.69,0.59,9.53,0.00,510
4.066,16.73,0.05,0.68,0.58,9.52,0.00,509
4.083,16.73,0.05,0.71,0.62,9.53,0.00,504
4.100,16.73,0.05,0.67,0.59,9.50,0.00,503
4.116,16.68,0.06,0.70,0.68,9.49,0.00,501
4.133,16.79,0.05,0.70,0.60,9.48,0.00,499
4.150,16.67,0.05,0.74,0.64,9.47,0.00,497
4.167,16.80,0.05,0.69,0.60,9.50,0.00,499
4.183,16.70,0.05,0.68,0.58,9.60,0.00,499
4.200,16.77,0.05,0.72,0.64,9.56,0.00,498
4.217,16.74,0.05,0.69,0.59,9.57,0.00,497
4.234,16.74,0.05,0.68,0.59,9.54,0.00,495
4.250,16.73,0.05,0.69,0.57,9.52,0.00,495
4.267,16.71,0.06,0.72,0.72,9.52,0.00,494
4.284,16.76,0.05,0.66,0.58,9.49,0.00,494
4.301,16.74,0.05,0.69,0.59,9.48,0.00,494
4.317,16.73,0.05,0.67,0.56,9.48,0.00,494
4.334,16.74,0.05,0.68,0.57,9.57,0.00,493
4.351,16.73,0.05,0.70,0.60,9.57,0.00,493
4.367,16.75,0.05,0.74,0.62,9.54,0.00,492
4.384,16.72,0.05,0.70,0.61,9.51,0.00,491
4.401,16.74,0.05,0.72,0.59,9.50,0.00,491
4.418,16.70,0.03,0.34,0.35,9.46,0.00,490
4.434,16.73,0.03,0.28,0.32,9.44,0.00,489
4.451,16.72,0.03,0.35,0.38,9.47,0.00,488
4.468,16.77,0.06,0.72,0.64,9.45,0.00,486
4.485,16.73,0.05,0.70,0.66,9.44,0.00,484
4.501,16.73,0.06,0.71,0.60,9.45,0.00,479
4.518,16.68,0.06,0.73,0.61,9.45,0.00,478
4.535,16.74,0.05,0.70,0.63,9.40,0.00,474
4.552,16.79,0.05,0.72,0.60,9.36,0.00,473
4.568,16.73,0.05,0.70,0.60,9.34,0.00,473
4.585,16.74,0.05,0.69,0.60,9.30,0.00,469
4.602,16.74,0.05,0.69,0.65,9.29,0.00,469
4.618,16.68,0.06,0.71,0.62,9.24,0.00,466
4.635,16.78,0.05,0.73,0.63,9.32,0.00,465
4.652,16.70,0.05,0.69,0.61,9.29,0.00,464
4.669,16.78,0.05,0.69,0.58,9.26,0.00,463
4.685,16.73,0.05,0.68,0.58,9.23,0.00,462
4.702,16.73,0.05,0.67,0.57,9.13,0.00,460
4.719,16.67,0.05,0.73,0.67,9.16,0.00,458
4.739,20.25,0.06,0.65,0.74,9.12,0.00,467
4.752,13.25,0.05,0.53,0.54,9.53,0.00,465
4.769,16.69,0.06,0.38,0.34,9.63,0.00,516
4.786,16.82,0.10,0.98,0.68,13.50,0.00,516
4.803,16.67,0.13,1.15,0.76,13.56,0.00,516
4.819,16.75,0.05,0.39,0.37,13.34,0.00,514
4.836,16.76,0.12,1.15,0.65,13.45,0.00,512
4.854,17.98,0.11,0.98,0.80,13.31,0.00,514
4.870,15.84,0.10,0.99,0.66,13.22,0.00,514
4.886,16.41,0.09,1.07,0.61,13.19,0.00,511
4.903,16.73,0.09,0.97,0.61,13.17,0.00,507
4.920,16.73,0.10,1.07,0.62,13.14,0.00,509
4.936,16.76,0.17,1.00,0.59,13.08,0.00,508
4.953,16.72,0.10,1.07,0.64,13.04,0.00,508
4.970,16.74,0.11,1.16,0.66,13.02,0.00,506
4.990,20.16,0.13,1.14,0.84,13.05,0.00,517
5.003,13.23,0.10,1.15,0.90,13.05,0.00,518
5.020,16.79,0.22,0.37,0.29,13.65,0.00,517
5.037,16.71,0.10,1.11,0.68,7.72,0.00,519
5.054,16.73,0.10,1.21,0.64,9.71,0.00,520
5.070,16.74,0.06,0.40,0.38,10.93,0.00,523
5.087,16.74,0.09,1.10,0.63,12.78,0.00,523
5.104,16.71,0.09,1.09,0.62,13.43,0.00,520
5.117,13.63,0.10,1.01,2.72,13.38,0.00,519
5.138,20.27,0.10,1.03,0.71,13.49,0.00,521
5.154,16.37,0.10,1.06,0.64,13.40,0.00,522
5.171,16.72,0.11,1.10,0.65,13.32,0.00,523
5.187,16.74,0.10,1.08,0.60,10.54,0.00,525
5.204,16.74,0.11,1.07,0.64,10.56,0.00,527
5.221,16.72,0.09,1.09,0.60,10.51,0.00,529
5.238,16.74,0.09,1.11,0.62,10.59,0.00,531
5.254,16.73,0.09,1.10,0.62,10.62,0.00,532
5.271,16.73,0.09,1.18,0.61,10.57,0.00,535
5.288,16.73,0.09,1.10,0.61,10.53,0.00,538
5.305,16.73,0.08,1.09,0.59,10.54,0.00,539
5.321,16.73,0.10,1.07,0.57,10.51,0.00,541
5.338,16.75,0.11,1.07,0.70,10.52,0.00,541
5.355,16.72,0.08,1.11,0.61,10.51,0.00,542
5.372,16.73,0.10,1.05,0.59,10.47,0.00,546
5.388,16.73,0.09,1.07,0.57,10.56,0.00,547
5.405,16.74,0.09,1.07,0.57,10.56,0.00,548
5.422,16.73,0.09,1.10,0.60,10.55,0.00,547
5.438,16.74,0.09,1.08,0.57,10.57,0.00,550
5.455,16.73,0.09,1.06,0.59,10.59,0.00,548
5.472,16.73,0.08,1.06,0.57,10.62,0.00,552
5.489,16.74,0.10,1.17,0.66,10.57,0.00,554
5.505,16.74,0.09,1.09,0.64,10.62,0.00,555
5.522,16.73,0.09,1.08,0.60,10.65,0.00,557
5.539,16.75,0.11,1.04,0.62,10.73,0.00,560
5.556,16.72,0.08,1.06,0.60,10.76,0.00,561
5.572,16.74,0.08,1.04,0.60,10.84,0.00,563
5.589,16.73,0.08,1.05,0.58,10.79,0.00,568
5.606,16.81,0.12,1.00,0.65,10.82,0.00,569
5.623,16.64,0.09,1.11,0.64,10.83,0.00,571
5.639,16.76,0.08,1.09,0.65,10.88,0.00,572
5.656,16.68,0.09,1.08,0.67,10.86,0.00,572
5.673,16.79,0.09,1.11,0.62,10.91,0.00,574
5.689,16.73,0.09,1.08,0.59,11.04,0.00,574
5.706,16.73,0.08,1.07,0.60,10.98,0.00,575
5.723,16.74,0.08,1.06,0.60,11.03,0.00,576
5.740,16.74,0.09,1.07,0.59,10.96,0.00,578
5.756,16.73,0.08,1.06,0.63,10.95,0.00,579
5.773,16.74,0.08,1.07,0.58,10.96,0.00,581
5.790,16.74,0.08,1.04,0.62,10.94,0.00,582
5.807,16.74,0.08,1.07,0.63,10.93,0.00,579
5.823,16.73,0.09,1.06,0.60,10.89,0.00,577
5.840,16.74,0.09,1.03,0.60,11.01,0.00,577
5.857,16.74,0.08,1.02,0.60,11.02,0.00,581
5.874,16.76,0.10,1.07,0.60,10.94,0.00,580
5.890,16.71,0.08,1.02,0.58,10.90,0.00,580
5.907,16.80,0.13,0.95,0.59,10.86,0.00,582
5.924,16.72,0.09,0.98,0.60,10.79,0.00,581
5.941,16.69,0.07,1.01,0.59,10.78,0.00,577
5.957,16.73,0.07,1.00,0.59,10.71,0.00,575
5.974,16.74,0.08,0.96,0.73,10.71,0.00,579
5.991,16.72,0.27,1.05,0.65,10.73,0.00,603
6.007,16.76,0.11,1.05,0.61,11.33,0.00,605
6.024,16.73,0.09,1.09,0.63,11.28,0.00,604
6.041,16.73,0.08,1.05,0.62,11.20,0.00,600
6.058,16.73,0.08,1.05,0.61,11.14,0.00,601
6.074,16.69,0.09,1.15,0.62,11.10,0.00,601
6.091,16.78,0.10,1.03,0.62,11.07,0.00,599
6.108,16.73,0.08,1.05,0.59,10.96,0.00,596
6.125,16.67,0.10,1.08,0.69,10.92,0.00,598
6.141,16.73,0.10,1.11,0.62,10.97,0.00,595
6.158,16.81,0.08,1.06,0.60,10.92,0.00,593
6.175,16.73,0.08,1.07,0.61,10.87,0.00,591
6.192,16.75,0.10,1.04,0.62,10.80,0.00,590
6.208,16.72,0.08,1.07,0.60,10.76,0.00,591
6.225,16.69,0.09,1.21,0.62,10.75,0.00,587
6.242,16.80,0.10,1.05,0.65,10.65,0.00,584
6.258,16.71,0.10,1.06,0.62,10.61,0.00,576
6.275,16.73,0.10,1.05,0.65,10.60,0.00,572
6.292,16.74,0.10,1.02,0.66,9.57,0.00,570
6.309,16.72,0.08,1.08,0.65,9.52,0.00,570
6.325,16.73,0.07,1.02,0.63,9.50,0.00,568
6.342,16.74,0.06,1.01,0.62,9.49,0.00,566
6.359,16.78,0.08,1.00,0.61,9.51,0.00,566
6.376,16.69,0.06,0.98,0.60,9.45,0.00,566
6.392,16.74,0.05,1.06,0.60,9.44,0.00,567
6.409,16.75,0.06,1.02,0.64,9.42,0.00,565
6.426,16.72,0.07,1.02,0.62,9.40,0.00,568
6.443,16.69,0.07,1.08,0.64,9.56,0.00,569
6.459,16.78,0.06,1.04,0.64,9.64,0.00,566
6.476,16.68,0.06,1.09,0.64,9.50,0.00,565
6.493,16.80,0.06,1.03,0.61,9.49,0.00,563
6.510,16.73,0.06,1.04,0.61,9.49,0.00,562
6.526,16.75,0.06,1.01,0.61,9.49,0.00,564
6.543,16.73,0.06,0.98,0.60,9.49,0.00,562
6.560,16.73,0.05,1.06,0.61,9.50,0.00,562
6.576,16.74,0.06,0.96,0.58,9.49,0.00,565
6.593,16.80,0.07,1.01,0.61,9.62,0.00,564
6.610,16.67,0.06,0.99,0.63,9.60,0.00,565
6.627,16.73,0.05,0.96,0.59,9.66,0.00,564
6.643,16.74,0.05,1.01,0.61,9.65,0.00,563
6.660,16.73,0.06,0.97,0.58,9.58,0.00,563
6.677,16.73,0.05,1.00,0.59,9.59,0.00,563
6.694,16.74,0.06,0.97,0.59,9.59,0.00,564
6.710,16.75,0.06,0.97,0.58,9.57,0.00,565
6.727,16.66,0.06,0.95,0.56,9.61,0.00,565
6.744,16.81,0.06,0.75,0.56,9.79,0.00,562
6.761,16.73,0.06,0.77,0.62,9.79,0.00,562
6.777,16.73,0.06,0.73,0.57,9.64,0.00,564
6.794,16.73,0.06,0.72,0.56,9.76,0.00,563
6.811,16.73,0.06,0.76,0.63,9.75,0.00,563
6.828,16.81,0.06,0.69,0.65,9.62,0.00,560
6.844,16.66,0.06,0.78,0.61,9.74,0.00,560
6.861,16.73,0.06,0.74,0.59,9.75,0.00,560
6.878,16.73,0.06,0.74,0.67,9.72,0.00,563
6.894,16.75,0.06,0.71,0.66,9.80,0.00,564
6.911,16.81,0.14,0.70,0.63,9.80,0.00,564
6.928,16.66,0.06,0.76,0.60,9.70,0.00,564
6.945,16.74,0.06,0.75,0.60,9.78,0.00,563
6.961,16.73,0.06,0.77,0.62,9.83,0.00,562
6.978,16.79,0.07,0.71,0.62,9.78,0.00,561
6.995,16.67,0.05,0.72,0.60,9.98,0.00,561
7.012,16.74,0.06,0.72,0.64,10.03,0.00,559
7.028,16.75,0.06,0.77,0.63,10.09,0.00,558
7.045,16.72,0.06,0.77,0.61,10.26,0.00,557
7.062,16.73,0.06,0.74,0.59,10.23,0.00,557
7.079,16.74,0.06,0.86,0.63,10.19,0.00,556
7.095,16.74,0.06,0.78,0.62,9.98,0.00,554
7.112,16.73,0.06,0.74,0.59,10.04,0.00,554
7.129,16.74,0.06,0.73,0.58,9.84,0.00,552
7.145,16.73,0.06,0.75,0.61,9.91,0.00,552
7.162,16.74,0.06,0.75,0.59,9.89,0.00,553
7.179,16.73,0.06,0.76,0.61,9.89,0.00,551
7.196,16.73,0.05,0.73,0.58,9.90,0.00,551
7.212,16.74,0.06,0.75,0.62,10.06,0.00,552
7.229,16.73,0.06,0.73,0.60,10.08,0.00,551
7.246,16.73,0.06,0.72,0.56,10.16,0.00,551
7.263,16.73,0.05,0.76,0.62,10.13,0.00,550
7.279,16.74,0.06,0.75,0.63,10.26,0.00,548
7.296,16.71,0.06,0.76,0.63,10.24,0.00,548
7.313,16.75,0.06,0.73,0.60,10.18,0.00,548
7.330,16.73,0.06,0.77,0.63,10.11,0.00,548
7.346,16.73,0.05,0.76,0.61,10.13,0.00,548
7.363,16.74,0.06,0.76,0.60,10.05,0.00,547
7.380,16.68,0.05,0.75,0.63,9.91,0.00,544
7.396,16.79,0.05,0.74,0.60,9.85,0.00,543
7.413,16.73,0.05,0.73,0.57,9.80,0.00,539
7.430,16.75,0.06,0.78,0.64,9.75,0.00,537
7.450,20.13,0.07,0.79,0.75,9.72,0.00,546
7.463,13.32,0.05,0.74,0.66,10.17,0.00,546
7.480,16.75,0.04,0.33,0.32,10.28,0.00,543
7.497,16.69,0.08,0.88,0.67,10.40,0.00,541
7.514,16.84,0.12,0.81,0.67,10.36,0.00,539
7.530,16.65,0.03,0.33,0.40,10.29,0.00,535
7.547,16.73,0.06,0.79,0.66,10.28,0.00,532
7.561,13.58,0.06,0.68,3.03,10.15,0.00,531
7.581,20.34,0.06,0.69,0.63,10.06,0.00,529
7.597,16.31,0.06,0.76,0.59,9.83,0.00,527
7.614,16.73,0.06,0.72,0.59,9.83,0.00,527
7.631,16.74,0.06,0.78,0.61,9.75,0.00,527
7.647,16.74,0.06,0.75,0.58,9.77,0.00,526
7.664,16.72,0.06,0.76,0.60,9.70,0.00,526
7.681,16.74,0.06,0.79,0.63,9.60,0.00,523
7.698,16.73,0.06,0.78,0.62,9.53,0.00,521
7.714,16.67,0.06,0.72,0.71,9.50,0.00,519
7.731,16.78,0.07,0.85,0.69,9.40,0.00,516
7.748,16.76,0.06,0.77,0.61,9.35,0.00,517
7.765,16.72,0.06,0.76,0.61,9.19,0.00,516
7.781,16.73,0.06,0.72,0.60,9.24,0.00,518
7.798,16.73,0.06,0.72,0.56,9.30,0.00,518
7.815,16.74,0.06,0.74,0.58,9.24,0.00,518
7.832,16.81,0.06,0.77,0.61,9.17,0.00,514
7.848,16.66,0.06,0.73,0.62,8.97,0.00,514
7.865,16.67,0.06,0.77,0.61,8.91,0.00,512
7.882,16.81,0.06,0.72,0.59,9.00,0.00,513
7.898,16.73,0.06,0.73,0.60,8.96,0.00,512
7.915,16.81,0.07,0.77,0.59,8.93,0.00,512
7.932,16.66,0.11,1.05,0.59,8.80,0.00,562
7.949,16.74,0.10,1.07,0.62,12.89,0.00,563
7.965,16.73,0.10,0.97,0.58,12.85,0.00,564
7.982,16.80,0.10,0.95,0.60,12.88,0.00,560
7.999,16.68,0.33,0.99,0.61,12.81,0.00,631
8.016,16.66,0.11,1.10,0.58,13.35,0.00,630
8.032,16.76,0.12,1.19,0.69,13.37,0.00,630
8.049,16.82,0.13,1.15,0.74,13.48,0.00,630
8.065,15.60,0.11,1.69,0.72,13.37,0.00,639
8.083,17.88,0.29,1.18,1.31,14.08,0.00,640
8.099,16.63,0.11,1.38,0.76,13.97,0.00,641
8.116,16.88,0.21,1.07,0.70,14.00,0.00,641
8.133,16.61,0.11,1.16,0.65,14.03,0.00,640
8.150,16.77,0.24,1.15,0.87,14.01,0.00,641
8.166,16.75,0.23,1.18,0.68,14.15,0.00,640
8.184,17.35,0.07,0.60,0.49,14.14,0.00,640
8.200,16.29,0.10,1.10,0.74,14.12,0.00,640
8.217,16.61,0.19,1.09,0.77,14.21,0.00,643
8.233,16.66,0.13,1.21,0.63,14.36,0.00,642
8.250,16.73,0.23,1.10,0.63,14.37,0.00,642
8.267,16.73,0.11,1.19,0.64,14.41,0.00,642
8.283,16.71,0.28,1.13,0.67,14.42,0.00,641
8.300,16.71,0.11,1.28,0.66,14.50,0.00,641
8.317,16.79,0.10,1.20,0.64,14.52,0.00,642
8.334,16.73,0.09,1.23,0.68,14.52,0.00,641
8.350,16.71,0.10,1.13,0.65,11.79,0.00,643
8.367,16.79,0.10,1.13,0.66,11.81,0.00,646
8.384,16.72,0.11,1.14,0.66,11.95,0.00,646
8.401,16.72,0.10,1.17,0.62,11.98,0.00,647
8.417,16.76,0.09,1.15,0.60,12.03,0.00,649
8.434,16.64,0.10,1.16,0.62,12.05,0.00,648
8.451,16.81,0.09,1.20,0.63,12.06,0.00,650
8.467,16.73,0.10,1.18,0.59,12.12,0.00,652
8.484,16.70,0.10,1.20,0.64,12.11,0.00,652
8.501,16.84,0.19,1.12,0.62,12.19,0.00,651
8.518,16.66,0.10,1.17,0.59,12.18,0.00,653
8.534,16.73,0.09,1.15,0.59,12.31,0.00,653
8.551,16.73,0.09,1.17,0.60,12.32,0.00,654
8.568,16.73,0.09,1.21,0.64,12.33,0.00,653
8.585,16.75,0.10,1.13,0.62,12.33,0.00,653
8.601,16.79,0.14,1.07,0.74,12.31,0.00,654
8.618,16.66,0.12,1.22,0.65,12.31,0.00,655
8.635,16.80,0.12,1.17,0.63,12.29,0.00,655
8.652,16.67,0.09,1.22,0.68,12.28,0.00,654
8.668,16.73,0.11,1.18,0.66,12.24,0.00,655
8.685,16.74,0.09,1.16,0.58,12.35,0.00,657
8.702,16.73,0.11,1.13,0.58,12.32,0.00,656
8.719,16.79,0.11,1.12,0.66,12.27,0.00,655
8.735,16.68,0.09,1.14,0.64,12.25,0.00,656
8.752,16.79,0.11,1.14,0.63,12.23,0.00,656
8.769,16.68,0.12,1.14,0.62,12.17,0.00,655
8.785,16.80,0.11,1.14,0.59,12.16,0.00,656
8.802,16.73,0.10,1.15,0.74,12.11,0.00,657
8.819,16.66,0.12,1.13,0.62,12.13,0.00,659
8.836,16.80,0.11,1.13,0.67,12.18,0.00,660
8.852,16.60,0.09,1.20,0.70,12.14,0.00,658
8.873,20.26,0.10,1.21,0.74,12.10,0.00,667
8.886,13.28,0.11,1.21,0.95,12.10,0.00,667
8.903,16.72,0.07,0.43,0.33,11.85,0.00,667
8.919,16.76,0.11,1.24,0.69,7.62,0.00,663
8.936,16.66,0.11,1.37,0.71,8.71,0.00,664
8.953,16.71,0.05,0.43,0.37,12.38,0.00,664
8.969,16.76,0.11,1.21,0.63,12.36,0.00,662
8.986,16.85,0.28,1.13,1.00,12.38,0.00,662
9.004,17.79,0.15,1.29,0.70,12.45,0.00,660
9.020,15.92,0.13,1.10,0.81,12.38,0.00,657
9.036,16.44,0.11,1.16,0.68,12.36,0.00,655
9.053,16.66,0.10,1.23,0.62,12.22,0.00,655
9.070,16.74,0.10,1.17,0.62,12.19,0.00,654
9.087,16.86,0.19,1.13,0.64,12.07,0.00,652
9.107,20.19,0.10,1.16,0.73,12.01,0.00,660
9.120,13.21,0.20,1.20,0.90,12.51,0.00,661
9.137,16.71,0.10,1.19,0.76,12.62,0.00,660
9.154,16.77,0.13,1.26,0.66,7.41,0.00,658
9.170,16.68,0.10,1.20,0.63,10.80,0.00,659
9.187,16.75,0.05,0.46,0.38,12.40,0.00,658
9.204,16.74,0.10,1.21,0.66,12.46,0.00,647
9.222,17.92,0.11,1.85,0.70,12.26,0.00,648
9.238,16.09,0.12,1.11,0.80,12.24,0.00,646
9.254,16.22,0.11,1.10,0.64,12.20,0.00,646
9.271,16.80,0.16,1.12,0.71,12.09,0.00,646
9.287,16.66,0.09,1.25,0.64,12.21,0.00,646
9.304,16.69,0.10,1.38,0.66,12.13,0.00,646
9.321,16.74,0.10,1.22,0.71,12.09,0.00,644
9.338,16.76,0.10,1.22,0.68,12.05,0.00,644
9.354,16.81,0.09,1.16,0.61,11.96,0.00,642
9.371,16.73,0.11,1.20,0.77,11.88,0.00,642
9.388,16.67,0.10,1.18,0.65,11.82,0.00,640
9.404,16.70,0.09,1.20,0.65,11.78,0.00,640
9.421,16.77,0.11,1.15,0.61,11.70,0.00,641
9.438,16.73,0.11,1.14,0.58,11.75,0.00,640
9.455,16.73,0.10,1.13,0.57,10.35,0.00,641
9.471,16.72,0.09,1.28,0.66,10.30,0.00,639
9.488,16.74,0.10,1.22,0.65,10.41,0.00,638
9.505,16.73,0.09,1.14,0.59,10.41,0.00,635
9.522,16.74,0.09,1.11,0.60,10.38,0.00,634
9.538,16.73,0.09,1.10,0.59,10.38,0.00,634
9.555,16.73,0.09,1.16,0.65,10.41,0.00,635
9.572,16.73,0.10,1.10,0.57,10.39,0.00,638
9.589,16.73,0.09,1.11,0.64,10.46,0.00,637
9.605,16.74,0.09,1.10,0.61,10.44,0.00,637
9.622,16.72,0.09,1.10,0.58,10.39,0.00,636
9.639,16.68,0.09,1.24,0.64,10.34,0.00,632
9.655,16.73,0.10,1.15,0.62,10.30,0.00,632
9.672,16.76,0.09,1.15,0.64,10.29,0.00,634
9.689,16.78,0.12,1.14,0.63,10.25,0.00,633
9.706,16.73,0.09,1.15,0.62,10.30,0.00,633
9.722,16.74,0.11,1.18,0.70,10.32,0.00,631
9.739,16.73,0.09,1.14,0.60,10.47,0.00,632
9.756,16.73,0.09,1.14,0.63,10.53,0.00,629
9.773,16.74,0.09,1.11,0.57,10.63,0.00,627
9.789,16.73,0.09,1.10,0.56,10.64,0.00,627
9.806,16.69,0.08,0.80,0.60,10.65,0.00,623
9.823,16.73,0.08,0.79,0.64,10.69,0.00,620
9.840,16.77,0.05,0.44,0.42,10.70,0.00,617
9.856,16.68,0.05,0.52,0.46,10.58,0.00,616
9.873,16.78,0.04,0.48,0.32,10.54,0.00,615
9.890,16.76,0.09,1.14,0.65,10.57,0.00,608
9.907,16.75,0.09,0.79,0.63,10.48,0.00,592
9.923,16.68,0.09,0.87,0.66,10.50,0.00,581
9.940,16.76,0.05,0.44,0.38,10.49,0.00,579
9.957,16.66,0.05,0.34,0.36,10.48,0.00,580
9.973,16.72,0.06,0.39,0.49,10.52,0.00,570
9.990,16.81,0.07,0.48,0.48,10.59,0.00,570
10.007,16.75,0.35,0.73,0.64,10.66,0.00,606
10.024,16.72,0.14,1.14,0.61,11.46,0.00,651
10.040,16.73,0.12,1.19,0.60,14.85,0.00,652
10.057,16.73,0.13,1.24,0.64,14.83,0.00,654
10.074,16.74,0.13,1.20,0.64,14.82,0.00,651
10.091,16.74,0.13,1.20,0.64,14.81,0.00,651
10.107,16.74,0.16,1.17,0.60,14.83,0.00,650
10.124,16.72,0.13,1.22,0.61,14.79,0.00,652
10.141,16.73,0.12,1.19,0.61,14.80,0.00,653
10.158,16.73,0.13,1.23,0.60,14.79,0.00,652
10.174,16.73,0.13,1.18,0.63,14.77,0.00,650
10.191,16.68,0.14,1.44,0.63,14.76,0.00,649
10.208,16.73,0.12,1.23,0.67,12.80,0.00,652
10.224,16.78,0.32,1.14,0.64,13.94,0.00,650
10.245,20.32,0.12,1.26,0.77,14.63,0.00,661
10.258,13.11,0.12,1.26,0.78,14.63,0.00,662
10.275,16.75,0.07,0.52,0.40,14.81,0.00,661
10.291,16.79,0.15,1.35,0.77,8.77,0.00,658
10.308,16.72,0.12,1.52,0.92,8.79,0.00,658
10.325,16.63,0.06,0.51,0.38,10.39,0.00,659
10.338,13.73,0.12,1.19,3.09,13.92,0.00,659
10.357,18.73,0.12,1.28,0.86,15.27,0.00,670
10.375,17.84,0.14,1.44,0.78,15.68,0.00,671
10.392,17.12,0.08,0.72,0.52,15.68,0.00,670
10.409,16.35,0.11,1.30,0.66,11.73,0.00,672
10.425,16.68,0.11,1.36,0.67,10.05,0.00,669
10.442,16.76,0.06,0.53,0.40,9.48,0.00,668
10.459,16.70,0.11,1.35,0.66,9.34,0.00,668
10.475,16.80,0.11,1.34,0.75,11.34,0.00,671
10.493,17.58,0.11,1.29,0.70,12.53,0.00,671
10.509,15.98,0.20,1.22,0.65,12.34,0.00,673
10.526,16.59,0.11,1.41,0.85,12.44,0.00,670
10.542,16.70,0.11,1.26,0.65,12.37,0.00,672
10.559,16.73,0.11,1.23,0.62,12.33,0.00,671
10.576,16.73,0.11,1.24,0.64,12.29,0.00,672
10.592,16.73,0.10,1.21,0.60,12.26,0.00,672
10.609,16.74,0.10,1.27,0.62,12.24,0.00,671
10.626,16.73,0.11,1.31,0.70,12.19,0.00,674
10.643,16.75,0.11,1.19,0.61,12.26,0.00,674
10.659,16.71,0.11,1.19,0.59,12.29,0.00,677
10.676,16.75,0.11,1.27,0.66,12.26,0.00,680
10.693,16.71,0.11,1.19,0.61,12.25,0.00,680
10.710,16.74,0.11,1.30,0.61,12.36,0.00,681
10.726,16.73,0.11,1.27,0.63,12.26,0.00,682
10.743,16.73,0.11,1.25,0.63,12.26,0.00,682
10.760,16.73,0.11,1.19,0.64,12.26,0.00,683
10.777,16.76,0.11,1.21,0.64,12.29,0.00,686
10.793,16.71,0.11,1.17,0.63,12.43,0.00,685
10.810,16.74,0.11,1.24,0.66,12.46,0.00,687
10.827,16.82,0.13,1.25,0.66,12.45,0.00,685
10.844,16.65,0.11,1.19,0.64,12.47,0.00,685
10.860,16.78,0.10,1.25,0.68,12.49,0.00,685
10.877,16.78,0.14,0.80,0.55,12.50,0.00,686
10.894,16.65,0.11,1.29,0.71,12.51,0.00,681
10.911,16.80,0.12,1.21,0.67,12.51,0.00,681
10.927,16.69,0.13,1.24,0.75,12.53,0.00,685
10.944,16.71,0.10,1.29,0.70,12.64,0.00,685
10.961,16.73,0.11,1.21,0.66,12.70,0.00,683
10.977,16.73,0.10,1.24,0.63,12.65,0.00,682
10.994,16.73,0.10,1.16,0.66,12.67,0.00,683
11.011,16.74,0.10,1.17,0.65,12.79,0.00,684
11.028,16.73,0.10,1.15,0.67,12.81,0.00,686
11.044,16.73,0.10,1.15,0.63,12.90,0.00,686
11.061,16.73,0.11,1.20,0.69,12.91,0.00,686
11.078,16.74,0.12,1.25,0.72,12.93,0.00,688
11.095,16.74,0.11,1.22,0.68,13.04,0.00,688
11.111,16.73,0.11,1.24,0.72,13.05,0.00,688
11.128,16.75,0.11,1.22,0.75,12.98,0.00,685
11.145,16.72,0.11,1.17,0.61,12.96,0.00,682
11.161,16.73,0.10,1.19,0.69,12.92,0.00,683
11.178,16.73,0.10,1.19,0.67,12.89,0.00,683
11.195,16.73,0.10,1.22,0.65,12.87,0.00,679
11.212,16.73,0.10,1.15,0.64,12.81,0.00,679
11.228,16.73,0.11,1.21,0.64,12.94,0.00,679
11.245,16.76,0.11,1.26,0.68,13.07,0.00,676
11.262,16.71,0.10,1.15,0.63,13.16,0.00,675
11.279,16.73,0.10,1.14,0.61,13.19,0.00,675
11.295,16.73,0.10,1.12,0.60,13.23,0.00,675
11.312,16.73,0.13,1.29,0.72,13.23,0.00,676
11.329,16.73,0.10,1.10,0.60,13.22,0.00,676
11.346,16.73,0.10,1.12,0.60,13.10,0.00,675
11.362,16.73,0.10,1.15,0.62,13.00,0.00,674
11.379,16.79,0.11,1.16,0.62,12.91,0.00,673
11.396,16.68,0.10,1.11,0.62,12.91,0.00,673
11.412,16.74,0.10,1.11,0.61,12.81,0.00,672
11.429,16.79,0.10,1.13,0.63,12.73,0.00,669
11.446,16.73,0.10,1.11,0.64,12.67,0.00,669
11.463,16.74,0.10,1.18,0.68,12.65,0.00,668
11.479,16.73,0.10,1.19,0.61,12.62,0.00,666
11.496,16.68,0.10,1.19,0.69,12.63,0.00,665
11.513,16.79,0.12,1.21,0.66,12.62,0.00,663
11.530,16.72,0.36,1.56,0.70,12.62,0.00,717
11.546,16.73,0.13,1.65,0.69,15.13,0.00,707
11.563,16.73,0.14,1.62,0.67,15.07,0.00,707
11.580,16.73,0.14,1.58,0.61,15.01,0.00,708
11.597,16.74,0.14,1.73,0.67,15.01,0.00,707
11.613,16.73,0.13,1.70,0.73,14.96,0.00,706
11.630,16.73,0.13,1.74,0.68,14.94,0.00,706
11.647,16.77,0.22,1.68,0.72,14.92,0.00,705
11.667,20.09,0.14,1.63,0.77,14.93,0.00,714
11.680,13.37,0.21,1.65,0.67,14.93,0.00,713
11.697,16.68,0.14,1.86,0.80,16.09,0.00,714
11.714,16.77,0.22,1.72,0.66,8.83,0.00,715
11.730,16.68,0.13,1.68,0.67,10.20,0.00,714
11.747,16.71,0.08,0.68,0.37,11.32,0.00,713
11.764,16.81,0.12,1.71,0.66,12.66,0.00,714
11.777,13.47,0.12,1.67,2.59,13.86,0.00,711
11.798,20.42,0.12,1.73,0.78,15.60,0.00,718
11.814,16.30,0.14,1.74,0.67,15.60,0.00,719
11.831,16.75,0.14,1.68,0.61,12.92,0.00,723
11.848,16.73,0.14,1.75,0.72,9.54,0.00,723
11.868,19.98,0.37,1.79,0.79,10.17,0.00,743
11.881,13.48,0.13,1.80,0.76,10.17,0.00,744
11.898,16.75,0.11,0.60,0.35,12.13,0.00,740
11.915,16.74,0.13,2.02,0.73,9.78,0.00,738
11.931,16.73,0.20,1.81,0.77,13.17,0.00,732
11.948,16.70,0.06,0.65,0.52,10.83,0.00,730
11.966,17.76,0.41,2.11,0.72,10.76,0.00,733
11.982,16.18,0.13,1.69,0.76,13.19,0.00,728
11.998,16.26,0.13,1.43,0.61,13.57,0.00,701
12.015,16.70,0.34,1.38,0.62,13.53,0.00,735
12.032,16.76,0.14,1.47,0.60,13.88,0.00,734
12.048,16.75,0.24,1.42,0.63,13.87,0.00,736
12.065,16.76,0.20,1.40,0.61,13.83,0.00,735
12.082,16.70,0.22,1.40,0.62,13.84,0.00,733
12.099,16.72,0.14,1.57,0.64,14.03,0.00,734
12.115,16.73,0.15,1.54,0.64,13.91,0.00,734
12.132,16.73,0.15,1.55,0.63,14.00,0.00,735
12.149,16.73,0.13,1.57,0.67,14.05,0.00,738
12.165,16.73,0.14,1.50,0.60,14.14,0.00,738
12.182,16.73,0.15,1.52,0.62,14.04,0.00,739
12.199,16.73,0.14,1.52,0.61,14.10,0.00,739
12.216,16.74,0.14,1.59,0.68,14.05,0.00,739
12.232,16.73,0.14,1.52,0.61,14.18,0.00,738
12.249,16.73,0.13,1.58,0.64,14.15,0.00,739
12.266,16.73,0.11,1.46,0.61,14.08,0.00,743
12.283,16.67,0.13,1.53,0.62,14.26,0.00,743
12.299,16.73,0.14,1.50,0.60,14.40,0.00,743
12.316,16.73,0.12,1.50,0.62,14.42,0.00,743
12.333,16.73,0.12,1.53,0.63,14.43,0.00,743
12.349,16.74,0.12,1.50,0.62,14.44,0.00,742
12.366,16.73,0.13,1.51,0.63,14.45,0.00,742
12.383,16.73,0.12,1.45,0.63,14.47,0.00,743
12.400,16.79,0.13,1.44,0.60,14.50,0.00,745
12.416,16.68,0.14,1.46,0.61,14.42,0.00,745
12.433,16.74,0.14,1.47,0.63,14.67,0.00,746
12.450,16.72,0.14,1.51,0.63,14.62,0.00,746
12.467,16.73,0.12,1.51,0.62,14.67,0.00,746
12.483,16.73,0.12,1.49,0.66,14.56,0.00,741
12.500,16.73,0.12,1.51,0.64,14.70,0.00,741
12.517,16.73,0.12,1.59,0.67,14.69,0.00,741
12.534,16.74,0.13,1.50,0.69,14.70,0.00,742
12.550,16.72,0.12,1.47,0.62,14.74,0.00,741
12.567,16.73,0.13,1.43,0.61,14.77,0.00,744
12.584,16.73,0.12,1.40,0.60,14.88,0.00,744
12.600,16.73,0.12,1.45,0.63,14.92,0.00,743
12.617,16.74,0.11,1.42,0.63,14.94,0.00,741
12.634,16.73,0.11,1.44,0.62,14.93,0.00,742
12.651,16.74,0.12,1.37,0.61,14.93,0.00,742
12.667,16.72,0.15,1.40,0.63,14.95,0.00,743
12.684,16.73,0.12,1.40,0.65,14.97,0.00,742
12.701,16.73,0.12,1.39,0.60,15.01,0.00,745
12.718,16.75,0.14,1.33,0.71,15.01,0.00,746
12.734,16.72,0.13,1.35,0.69,15.11,0.00,745
12.751,16.73,0.12,1.27,0.74,15.12,0.00,744
12.768,16.73,0.16,1.48,0.64,15.14,0.00,744
12.784,16.73,0.12,1.29,0.67,15.14,0.00,742
12.801,16.82,0.17,1.27,0.62,13.56,0.00,742
12.818,16.65,0.11,1.38,0.63,14.28,0.00,741
12.835,16.77,0.09,0.94,0.45,14.11,0.00,742
12.851,16.71,0.13,1.38,0.73,14.60,0.00,738
12.868,16.78,0.13,1.32,0.77,14.97,0.00,739
12.885,16.72,0.11,1.30,0.71,15.20,0.00,738
12.902,16.76,0.11,1.35,0.67,15.20,0.00,734
12.918,16.70,0.11,1.26,0.62,12.31,0.00,732
12.935,16.69,0.12,1.00,0.54,13.36,0.00,728
12.952,16.84,0.12,1.30,0.65,15.04,0.00,722
12.969,16.68,0.14,1.48,0.74,14.96,0.00,717
12.985,16.75,0.11,1.31,0.66,14.89,0.00,711
13.002,16.72,0.12,1.33,0.65,14.83,0.00,703
13.019,16.72,0.12,1.31,0.63,14.88,0.00,694
13.036,16.73,0.11,1.20,0.72,14.99,0.00,690
13.052,16.68,0.11,1.17,0.76,11.79,0.00,688
13.069,16.78,0.11,1.13,0.70,11.72,0.00,687
13.086,16.74,0.10,1.19,0.72,11.62,0.00,684
13.102,16.73,0.11,1.15,0.68,11.53,0.00,684
13.119,16.72,0.10,1.12,0.59,11.44,0.00,681
13.136,16.74,0.11,1.11,0.67,11.31,0.00,680
13.153,16.74,0.11,1.13,0.65,11.22,0.00,680
13.169,16.76,0.15,1.47,0.70,11.13,0.00,729
13.186,16.69,0.08,0.76,0.51,11.13,0.00,728
13.205,19.37,0.10,1.20,0.63,14.86,0.00,738
13.220,14.09,0.12,1.85,0.70,8.79,0.00,735
13.236,16.66,0.05,0.64,0.38,11.57,0.00,734
13.253,16.86,0.12,1.49,0.66,12.91,0.00,735
13.270,16.65,0.12,1.56,0.65,13.55,0.00,733
13.287,16.80,0.63,1.66,0.78,15.22,0.00,731
13.303,16.72,0.17,1.55,0.74,15.07,0.00,731
13.320,16.72,0.18,1.68,0.67,15.07,0.00,730
13.337,16.75,0.13,1.52,0.62,12.13,0.00,733
13.353,16.73,0.12,1.55,0.68,13.12,0.00,729
13.372,18.12,0.19,1.63,0.73,14.83,0.00,727
13.387,15.68,0.12,1.55,0.72,14.83,0.00,726
13.404,16.39,0.12,1.53,0.63,11.10,0.00,726
13.420,16.66,0.12,1.57,0.64,11.19,0.00,726
13.437,16.88,0.16,1.44,0.61,11.66,0.00,728
13.454,16.65,0.13,1.47,0.65,12.57,0.00,724
13.471,16.69,0.13,1.86,0.67,13.93,0.00,721
13.487,16.73,0.13,1.60,0.66,14.97,0.00,716
13.504,16.78,0.14,1.15,0.70,15.06,0.00,670
13.521,16.73,0.14,1.22,0.63,15.01,0.00,668
13.537,16.74,0.14,1.19,0.63,15.01,0.00,664
13.554,16.66,0.13,1.16,0.63,14.93,0.00,664
13.571,16.75,0.12,1.12,0.64,11.47,0.00,663
13.588,16.71,0.12,1.10,0.61,11.76,0.00,662
13.604,16.73,0.12,1.08,0.60,12.13,0.00,665
13.621,16.73,0.12,1.05,0.59,12.19,0.00,662
13.638,16.73,0.12,1.07,0.59,12.27,0.00,662
13.655,16.82,0.13,1.11,0.67,12.28,0.00,663
13.671,16.65,0.11,1.09,0.63,12.29,0.00,660
13.688,16.75,0.11,1.08,0.61,12.29,0.00,658
13.705,16.71,0.12,1.04,0.60,12.41,0.00,661
13.721,16.73,0.11,1.09,0.59,12.31,0.00,660
13.738,16.73,0.12,1.08,0.60,12.34,0.00,661
13.755,16.88,0.18,1.09,0.66,12.34,0.00,666
13.772,16.61,0.13,1.07,0.65,12.33,0.00,665
13.788,16.73,0.12,1.16,0.64,12.47,0.00,668
13.805,16.71,0.12,1.13,0.67,12.45,0.00,664
13.822,16.73,0.12,1.19,0.66,12.45,0.00,665
13.839,16.73,0.12,1.12,0.64,12.46,0.00,666
13.855,16.76,0.12,1.08,0.61,12.45,0.00,667
13.872,16.69,0.11,1.06,0.63,12.44,0.00,665
13.889,16.75,0.12,1.14,0.63,12.43,0.00,666
13.906,16.80,0.14,1.15,0.61,12.44,0.00,670
13.922,16.64,0.12,1.14,0.60,12.41,0.00,670
13.939,16.73,0.12,1.09,0.62,12.54,0.00,671
13.956,16.73,0.11,1.07,0.60,12.59,0.00,671
13.972,16.74,0.11,1.12,0.60,12.50,0.00,668
13.989,16.79,0.11,1.00,0.62,12.47,0.00,671
14.006,16.66,0.11,1.02,0.64,12.45,0.00,673
14.023,16.73,0.28,1.11,0.62,12.41,0.00,700
14.039,16.73,0.11,1.12,0.61,12.95,0.00,698
14.056,16.73,0.12,1.10,0.60,12.90,0.00,700
14.073,16.73,0.13,1.08,0.61,12.89,0.00,701
14.090,16.75,0.12,1.16,0.65,12.97,0.00,701
14.106,16.72,0.12,1.14,0.65,12.96,0.00,703
14.123,16.73,0.12,1.13,0.62,12.92,0.00,702
14.140,16.73,0.12,1.17,0.65,12.92,0.00,702
14.157,16.74,0.12,1.22,0.67,12.86,0.00,703
14.173,16.73,0.13,1.16,0.65,12.86,0.00,702
14.190,16.80,0.13,1.09,0.66,12.84,0.00,702
14.207,16.74,0.14,1.16,0.68,12.82,0.00,702
14.224,16.74,0.14,1.19,0.66,12.78,0.00,702
14.240,16.65,0.11,1.16,0.64,12.88,0.00,702
14.257,16.80,0.13,1.15,0.63,12.87,0.00,700
14.274,16.73,0.14,1.14,0.63,12.83,0.00,697
14.290,16.73,0.12,1.14,0.62,12.79,0.00,698
14.307,16.73,0.13,1.16,0.63,12.76,0.00,697
14.324,16.74,0.13,1.10,0.65,12.77,0.00,696
14.341,16.74,0.14,1.12,0.71,12.72,0.00,696
14.357,16.74,0.13,1.17,0.65,12.65,0.00,697
14.374,16.71,0.13,1.13,0.62,12.62,0.00,698
14.391,16.73,0.11,1.14,0.64,12.74,0.00,700
14.408,16.74,0.11,1.10,0.64,12.72,0.00,700
14.424,16.73,0.11,1.15,0.64,12.67,0.00,698
14.440,15.85,0.12,1.35,0.90,12.67,0.00,707
14.458,17.57,0.18,0.69,0.50,13.05,0.00,708
14.474,16.78,0.15,1.20,0.74,12.98,0.00,708
14.491,16.67,0.12,1.21,0.66,12.90,0.00,706
14.508,16.82,0.11,1.30,0.72,12.86,0.00,706
14.525,16.65,0.13,1.35,0.86,12.77,0.00,708
14.541,16.82,0.20,1.15,0.66,12.84,0.00,707
14.558,16.72,0.11,1.22,0.68,12.79,0.00,701
14.575,16.72,0.13,1.20,0.66,12.75,0.00,699
14.592,16.74,0.13,1.19,0.78,12.64,0.00,694
14.608,16.72,0.12,1.14,0.65,12.60,0.00,692
14.626,17.70,0.11,1.08,0.71,12.50,0.00,691
14.642,16.11,0.11,1.04,0.71,12.34,0.00,689
14.659,16.40,0.13,1.22,0.65,12.28,0.00,682
14.675,16.73,0.16,1.08,0.63,12.31,0.00,674
14.692,16.73,0.13,1.08,0.62,11.25,0.00,672
14.709,16.73,0.11,1.07,0.61,11.20,0.00,671
14.725,16.74,0.13,1.07,0.67,11.11,0.00,668
14.742,16.73,0.12,1.08,0.61,11.07,0.00,664
14.759,16.73,0.13,1.08,0.60,11.03,0.00,663
14.776,16.74,0.13,1.05,0.63,10.97,0.00,658
14.792,16.72,0.12,1.07,0.59,10.92,0.00,657
14.809,16.73,0.12,1.07,0.62,10.89,0.00,657
14.826,16.76,0.11,1.07,0.59,10.83,0.00,656
14.843,16.70,0.13,1.04,0.61,10.94,0.00,654
14.859,16.73,0.10,1.08,0.60,10.86,0.00,654
14.876,16.75,0.13,1.04,0.62,10.83,0.00,652
14.893,16.72,0.10,1.17,0.60,10.80,0.00,652
14.910,16.76,0.11,1.10,0.62,10.75,0.00,650
14.926,16.67,0.06,0.55,0.37,10.68,0.00,648
14.943,16.76,0.10,1.08,0.61,10.69,0.00,647
14.960,16.73,0.11,1.07,0.59,10.64,0.00,646
14.976,16.74,0.14,1.02,0.57,10.60,0.00,646
14.993,16.73,0.13,1.05,0.65,10.71,0.00,645
15.010,16.73,0.12,1.05,0.60,10.67,0.00,643
15.027,16.72,0.10,1.06,0.64,10.67,0.00,644
15.043,16.74,0.13,1.00,0.63,10.65,0.00,641
15.060,16.72,0.10,1.06,0.58,10.65,0.00,640
15.077,16.67,0.12,1.04,0.61,10.63,0.00,637
15.093,16.73,0.11,1.01,0.58,10.57,0.00,636
15.110,16.73,0.11,1.03,0.63,10.54,0.00,635
15.127,16.82,0.11,1.00,0.58,10.56,0.00,635
15.144,16.64,0.11,0.82,0.64,10.60,0.00,634
15.160,16.72,0.11,0.78,0.66,10.63,0.00,630
15.177,16.73,0.12,0.77,0.65,10.59,0.00,629
15.194,16.88,0.11,0.81,0.66,10.56,0.00,626
15.211,16.59,0.11,0.80,0.67,10.58,0.00,625
15.227,16.73,0.11,0.80,0.64,10.47,0.00,627
15.244,16.73,0.11,0.77,0.63,10.56,0.00,627
15.261,16.73,0.11,0.78,0.61,10.47,0.00,625
15.278,16.73,0.11,0.77,0.61,10.58,0.00,623
15.294,16.74,0.11,0.81,0.64,10.71,0.00,624
15.311,16.72,0.11,0.76,0.60,10.81,0.00,622
15.328,16.73,0.11,0.79,0.66,10.81,0.00,621
15.344,16.79,0.13,0.82,0.65,10.74,0.00,620
15.361,16.67,0.11,0.79,0.64,10.78,0.00,619
15.378,16.73,0.11,0.77,0.64,10.67,0.00,616
15.395,16.73,0.11,0.79,0.63,10.66,0.00,611
15.411,16.73,0.10,0.78,0.60,10.64,0.00,609
15.428,16.76,0.11,0.80,0.63,10.61,0.00,608
15.445,16.71,0.11,0.79,0.62,10.81,0.00,608
15.462,16.73,0.11,0.78,0.61,10.75,0.00,607
15.478,16.73,0.11,0.80,0.69,10.72,0.00,602
15.495,16.74,0.11,0.80,0.63,10.82,0.00,601
15.512,16.72,0.10,0.78,0.62,10.86,0.00,598
15.528,16.73,0.10,0.80,0.63,10.81,0.00,595
15.545,16.75,0.11,0.83,0.67,10.95,0.00,595
15.562,16.72,0.11,0.82,0.68,10.85,0.00,593
15.579,16.80,0.11,0.86,0.65,10.97,0.00,592
15.595,16.66,0.11,0.80,0.64,11.08,0.00,592
15.612,16.75,0.10,0.80,0.74,10.93,0.00,590
15.629,16.72,0.10,0.80,0.65,10.95,0.00,588
15.646,16.73,0.11,0.78,0.64,10.80,0.00,585
15.662,16.73,0.10,0.79,0.65,10.74,0.00,584
15.679,16.73,0.10,0.76,0.63,10.62,0.00,581
15.696,16.73,0.11,0.74,0.61,10.60,0.00,581
15.713,16.73,0.11,0.80,0.67,10.60,0.00,579
15.729,16.73,0.14,1.10,0.62,10.60,0.00,616
15.746,16.77,0.14,1.09,0.59,14.41,0.00,616
15.763,16.76,0.12,1.07,0.59,14.37,0.00,616
15.780,16.73,0.12,1.08,0.64,14.38,0.00,615
15.796,16.73,0.12,1.10,0.60,14.29,0.00,612
15.813,16.73,0.13,1.09,0.58,14.26,0.00,611
15.830,16.75,0.12,1.12,0.57,14.24,0.00,609
15.846,16.72,0.12,1.14,0.61,14.19,0.00,607
15.863,16.73,0.12,1.14,0.62,14.17,0.00,608
15.880,16.73,0.12,1.10,0.60,14.22,0.00,609
15.897,16.74,0.12,1.17,0.69,14.18,0.00,610
15.913,16.74,0.12,1.13,0.64,14.14,0.00,612
15.930,16.72,0.12,1.09,0.62,14.10,0.00,607
15.947,16.67,0.13,1.13,0.58,14.06,0.00,607
15.962,15.61,0.12,1.05,1.69,13.94,0.00,617
15.980,17.93,0.26,1.28,0.81,14.37,0.00,617
15.997,16.73,0.12,1.02,0.95,14.44,0.00,614
16.014,16.73,0.13,1.13,0.64,14.40,0.00,617
16.031,16.73,0.36,1.36,0.64,14.48,0.00,659
16.047,16.74,0.29,1.35,0.83,14.76,0.00,657
16.064,16.72,0.12,1.22,0.78,14.81,0.00,655
16.081,16.73,0.16,1.20,0.64,14.72,0.00,654
16.094,13.56,0.12,1.07,3.45,14.66,0.00,654
16.115,20.33,0.14,1.10,0.65,14.80,0.00,654
16.131,16.29,0.13,1.21,0.61,14.39,0.00,651
16.148,16.73,0.14,1.17,0.65,11.67,0.00,652
16.164,16.75,0.13,1.16,0.61,11.73,0.00,653
16.181,16.72,0.11,1.20,0.61,11.69,0.00,654
16.198,16.74,0.13,1.16,0.63,11.60,0.00,654
16.215,16.75,0.15,1.20,0.67,11.52,0.00,655
16.231,16.73,0.13,1.11,0.64,11.57,0.00,653
16.248,16.73,0.14,1.19,0.66,11.51,0.00,651
16.265,16.72,0.13,1.16,0.64,11.48,0.00,653
16.281,16.73,0.12,1.18,0.63,11.47,0.00,653
16.298,16.74,0.13,1.15,0.62,11.46,0.00,656
16.315,16.73,0.13,1.14,0.63,11.43,0.00,657
16.332,16.73,0.13,1.14,0.61,11.55,0.00,658
16.348,16.75,0.15,1.31,0.66,11.54,0.00,658
16.365,16.73,0.13,1.18,0.60,11.53,0.00,657
16.382,16.72,0.11,1.17,0.61,11.57,0.00,659
16.399,16.74,0.13,1.17,0.62,11.55,0.00,657
16.415,16.71,0.11,1.15,0.60,11.56,0.00,658
16.432,16.73,0.11,1.16,0.58,11.58,0.00,660
16.449,16.74,0.12,1.18,0.62,11.70,0.00,660
16.466,16.73,0.13,1.18,0.66,11.74,0.00,662
16.482,16.74,0.13,1.19,0.60,11.60,0.00,662
16.499,16.73,0.13,1.13,0.60,11.76,0.00,663
16.516,16.75,0.13,1.20,0.61,11.78,0.00,664
16.532,16.72,0.12,1.19,0.65,11.81,0.00,666
16.549,16.73,0.13,1.16,0.60,11.78,0.00,667
16.566,16.73,0.11,1.21,0.61,11.81,0.00,667
16.583,16.73,0.13,1.16,0.60,11.81,0.00,669
16.599,16.74,0.11,1.17,0.59,11.93,0.00,667
16.616,16.73,0.11,1.16,0.60,11.95,0.00,668
16.633,16.73,0.12,1.18,0.60,11.95,0.00,668
16.650,16.75,0.12,1.16,0.64,11.99,0.00,670
16.666,16.72,0.11,1.16,0.65,11.99,0.00,670
16.683,16.74,0.11,1.10,0.62,12.02,0.00,670
16.700,16.72,0.10,1.20,0.61,11.99,0.00,670
16.717,16.74,0.11,1.24,0.63,12.02,0.00,669
16.733,16.73,0.11,1.16,0.59,12.12,0.00,671
16.750,16.73,0.11,1.20,0.62,12.12,0.00,672
16.767,16.73,0.11,1.14,0.62,12.12,0.00,673
16.783,16.73,0.11,1.15,0.62,12.12,0.00,672
16.800,16.73,0.11,1.17,0.63,12.16,0.00,672
16.817,16.73,0.13,1.15,0.60,12.14,0.00,673
16.834,16.76,0.11,1.15,0.60,12.15,0.00,674
16.850,16.70,0.11,1.21,0.61,12.16,0.00,675
16.866,15.77,0.13,1.43,1.02,12.16,0.00,686
16.884,17.67,0.07,0.74,0.45,12.94,0.00,678
16.901,16.72,0.11,1.36,0.83,12.94,0.00,675
16.917,16.75,0.12,1.39,0.67,12.85,0.00,674
16.934,16.78,0.11,1.37,0.66,12.83,0.00,674
16.951,16.74,0.31,1.42,0.75,12.83,0.00,675
16.968,17.06,0.11,1.18,0.65,12.80,0.00,676
16.984,16.39,0.11,1.27,0.64,12.64,0.00,676
16.998,13.50,0.11,1.12,3.01,12.61,0.00,676
17.018,19.95,0.13,1.29,0.71,12.72,0.00,676
17.034,16.72,0.10,1.21,0.65,12.97,0.00,677
17.051,16.73,0.10,1.18,0.64,12.97,0.00,675
17.068,16.73,0.10,1.20,0.60,12.94,0.00,677
17.085,16.73,0.10,1.18,0.61,12.91,0.00,676
17.101,16.71,0.11,1.22,0.68,12.85,0.00,678
17.118,16.76,0.11,1.21,0.62,12.81,0.00,679
17.135,16.74,0.10,1.17,0.63,12.74,0.00,681
17.152,16.72,0.10,1.15,0.63,12.63,0.00,677
17.168,16.73,0.10,1.18,0.60,12.65,0.00,677
17.185,16.73,0.10,1.17,0.61,12.57,0.00,675
17.202,16.73,0.10,1.17,0.59,12.53,0.00,672
17.218,16.68,0.12,1.21,0.68,12.41,0.00,662
17.235,16.79,0.10,1.19,0.66,12.43,0.00,657
17.252,16.73,0.10,1.20,0.63,10.90,0.00,657
17.269,16.73,0.10,1.17,0.60,10.91,0.00,658
17.285,16.74,0.10,1.16,0.59,10.91,0.00,657
17.302,16.75,0.11,1.17,0.63,10.92,0.00,657
17.319,16.72,0.10,1.17,0.60,11.00,0.00,655
17.336,16.74,0.11,1.21,0.64,10.96,0.00,654
17.352,16.72,0.10,1.25,0.63,10.90,0.00,652
17.369,16.74,0.10,1.17,0.60,10.86,0.00,648
17.386,16.73,0.10,1.18,0.64,10.84,0.00,645
17.403,16.74,0.10,1.16,0.60,10.75,0.00,643
17.419,16.73,0.10,1.14,0.57,10.72,0.00,641
17.436,16.73,0.11,1.15,0.59,10.68,0.00,642
17.453,16.73,0.10,1.18,0.57,10.77,0.00,641
17.469,16.74,0.10,1.16,0.65,10.71,0.00,639
17.486,16.73,0.10,1.14,0.57,10.70,0.00,638
17.503,16.74,0.10,1.16,0.58,10.66,0.00,639
17.520,16.73,0.10,1.19,0.62,10.65,0.00,635
17.536,16.73,0.10,1.26,0.63,10.61,0.00,634
17.553,16.75,0.10,1.18,0.61,10.56,0.00,634
17.570,16.72,0.10,1.16,0.60,10.54,0.00,632
17.586,15.69,0.11,1.35,0.95,10.50,0.00,639
17.603,17.70,0.08,0.56,0.40,11.13,0.00,637
17.620,16.83,0.11,1.25,0.66,11.09,0.00,635
17.637,16.72,0.11,1.18,0.70,10.97,0.00,633
17.654,16.74,0.10,1.44,0.65,10.87,0.00,630
17.670,16.67,0.13,1.33,0.83,10.80,0.00,629
17.687,16.79,0.12,1.20,0.63,10.74,0.00,628
17.704,16.74,0.13,0.91,0.70,10.70,0.00,625
17.722,18.04,0.20,1.03,0.84,10.62,0.00,626
17.738,15.77,0.11,0.85,0.67,10.59,0.00,625
17.754,16.38,0.10,0.94,0.63,10.61,0.00,624
17.771,16.71,0.10,0.90,0.66,10.58,0.00,623
17.787,16.76,0.10,0.91,0.61,10.55,0.00,622
17.804,16.73,0.10,0.91,0.63,10.52,0.00,618
17.821,16.73,0.10,0.88,0.59,10.46,0.00,615
17.838,16.74,0.10,0.90,0.62,10.38,0.00,612
17.854,16.73,0.10,0.89,0.59,10.37,0.00,612
17.871,16.73,0.10,0.87,0.59,10.39,0.00,611
17.888,16.75,0.09,0.86,0.55,10.41,0.00,608
17.905,16.72,0.10,0.83,0.59,10.34,0.00,605
17.921,16.74,0.09,0.86,0.56,10.29,0.00,603
17.938,16.73,0.09,0.85,0.56,10.26,0.00,601
17.955,16.73,0.09,0.85,0.57,10.24,0.00,598
17.972,16.74,0.10,0.97,0.68,10.21,0.00,598
17.988,16.73,0.09,0.92,0.62,10.21,0.00,599
18.005,16.75,0.17,1.12,0.62,10.12,0.00,670
18.022,16.72,0.20,1.12,0.60,14.51,0.00,669
18.038,16.73,0.38,1.29,0.72,14.47,0.00,703
18.055,16.72,0.12,1.36,0.82,15.06,0.00,698
18.072,16.71,0.13,1.36,0.72,15.03,0.00,695
18.089,16.77,0.13,1.36,0.66,14.99,0.00,693
18.105,16.75,0.12,1.31,0.73,12.34,0.00,683
18.122,16.65,0.12,1.28,0.75,13.31,0.00,684
18.139,16.76,0.13,1.39,0.68,14.73,0.00,685
18.156,16.78,0.12,1.36,0.75,15.30,0.00,684
18.172,16.74,0.12,1.36,0.77,15.29,0.00,686
18.189,16.67,0.13,1.39,0.79,15.36,0.00,683
18.206,16.73,0.12,1.33,0.98,15.40,0.00,683
18.223,16.79,0.12,1.33,0.68,9.94,0.00,682
18.239,16.66,0.12,1.33,0.63,11.61,0.00,682
18.256,16.80,0.12,1.38,0.75,14.36,0.00,684
18.273,16.73,0.11,1.32,0.89,15.51,0.00,683
18.289,16.74,0.12,1.29,0.72,15.57,0.00,682
18.306,16.73,0.11,1.28,0.60,9.17,0.00,681
18.323,16.76,0.12,1.29,0.61,13.06,0.00,682
18.340,16.71,0.11,1.28,0.71,13.65,0.00,683
18.356,16.73,0.11,1.31,0.68,14.24,0.00,673
18.373,16.73,0.11,1.41,0.63,14.52,0.00,674
18.390,16.73,0.11,1.35,0.63,14.89,0.00,675
18.407,16.74,0.13,1.32,0.94,15.56,0.00,673
18.423,16.73,0.12,1.31,0.71,8.74,0.00,674
18.440,16.72,0.11,1.28,0.61,12.19,0.00,674
18.457,16.73,0.11,1.27,0.63,12.70,0.00,673
18.474,16.74,0.11,1.32,0.64,12.88,0.00,674
18.490,16.73,0.11,1.32,0.64,12.89,0.00,674
18.507,16.68,0.12,1.35,0.63,12.86,0.00,672
18.524,16.78,0.11,1.29,0.62,12.82,0.00,669
18.540,16.73,0.11,1.28,0.62,12.80,0.00,671
18.557,16.74,0.16,1.60,0.69,12.79,0.00,725
18.574,16.66,0.15,1.69,0.82,12.79,0.00,724
18.591,16.80,0.13,1.63,0.74,12.76,0.00,724
18.607,16.73,0.12,1.69,0.67,9.79,0.00,720
18.624,16.73,0.12,1.64,0.63,12.19,0.00,724
18.641,16.74,0.12,1.70,0.66,12.67,0.00,723
18.657,16.64,0.13,1.66,0.67,13.36,0.00,723
18.674,16.76,0.13,1.82,0.79,14.69,0.00,723
18.695,20.40,0.15,1.77,0.78,15.69,0.00,735
18.704,9.16,0.12,1.21,3.11,15.69,0.00,730
18.724,20.65,0.14,0.61,0.35,17.75,0.00,734
18.741,16.71,0.14,1.77,0.81,14.66,0.00,732
18.758,16.78,0.25,0.59,0.36,12.19,0.00,731
18.775,16.67,0.07,0.70,0.36,12.80,0.00,728
18.791,16.77,0.13,1.85,0.77,13.53,0.00,727
18.808,16.74,0.14,1.82,0.77,13.08,0.00,730
18.825,16.88,0.18,1.65,0.82,13.47,0.00,730
18.843,18.01,0.14,1.96,0.70,14.30,0.00,734
18.859,15.77,0.13,1.62,0.66,14.30,0.00,736
18.875,16.30,0.12,1.69,0.67,15.69,0.00,737
18.892,16.79,0.12,1.72,0.75,10.02,0.00,742
18.909,16.74,0.13,1.67,0.73,9.00,0.00,745
18.925,16.59,0.13,1.72,0.71,10.91,0.00,747
18.942,16.80,0.12,1.67,0.75,12.15,0.00,746
18.959,16.74,0.22,1.69,0.63,14.61,0.00,748
18.975,16.72,0.24,1.63,0.74,13.59,0.00,749
18.992,16.73,0.11,1.80,0.75,14.12,0.00,755
19.009,16.73,0.12,1.76,0.67,15.14,0.00,760
19.026,16.73,0.11,1.76,0.66,15.20,0.00,759
19.042,16.74,0.12,1.76,0.68,15.23,0.00,758
19.059,16.73,0.11,1.71,0.71,15.31,0.00,758
19.076,16.74,0.24,2.05,0.63,15.31,0.00,819
19.093,16.72,0.15,2.04,0.62,15.31,0.00,821
19.109,16.69,0.16,1.98,0.67,13.10,0.00,821
19.125,15.33,0.16,2.57,0.99,13.28,0.00,835
19.143,18.17,0.14,0.99,0.41,13.92,0.00,838
19.160,16.71,0.24,2.26,0.77,14.26,0.00,837
19.176,16.69,0.25,2.24,0.71,13.52,0.00,837
19.193,16.75,0.18,2.37,0.75,14.14,0.00,838
19.211,18.24,0.19,2.24,0.78,15.02,0.00,840
19.227,15.43,0.20,2.00,0.67,15.02,0.00,839
19.243,16.52,0.26,2.13,0.73,14.63,0.00,838
19.260,16.86,0.28,2.03,0.84,10.00,0.00,830
19.277,16.62,0.17,2.08,0.75,13.42,0.00,832
19.293,16.77,0.19,2.18,0.77,13.75,0.00,830
19.310,16.75,0.18,2.16,0.73,14.45,0.00,829
19.327,16.71,0.18,2.21,0.73,14.85,0.00,829
19.344,16.72,0.24,2.16,0.67,15.06,0.00,831
19.360,16.73,0.17,2.10,0.77,15.26,0.00,830
19.377,16.73,0.17,2.12,0.78,15.33,0.00,827
19.394,16.73,0.16,2.07,0.73,15.37,0.00,827
19.410,16.70,0.18,2.09,0.67,15.37,0.00,822
19.431,20.33,0.16,2.03,0.75,13.05,0.00,828
19.444,13.12,0.16,2.20,0.68,13.05,0.00,825
19.461,16.73,0.16,2.34,0.74,14.38,0.00,824
19.477,16.73,0.16,2.29,0.71,14.50,0.00,818
19.494,16.81,0.28,2.21,0.73,13.12,0.00,813
19.511,16.65,0.07,0.75,0.33,13.27,0.00,808
19.528,16.79,0.24,2.00,0.77,12.06,0.00,812
19.544,16.71,0.17,2.03,0.73,12.42,0.00,813
19.561,16.72,0.15,2.10,0.79,12.79,0.00,814
19.578,16.77,0.28,2.14,0.82,13.35,0.00,812
19.595,16.73,0.16,2.16,0.68,14.62,0.00,815
19.611,16.67,0.15,2.16,0.78,15.19,0.00,816
19.625,13.58,0.16,1.95,1.88,15.19,0.00,815
19.641,16.18,0.15,1.95,2.36,14.21,0.00,816
19.662,20.50,0.15,2.10,0.67,8.60,0.00,819
19.678,16.67,0.15,2.20,0.72,8.92,0.00,821
19.695,16.80,0.16,2.01,0.69,11.71,0.00,821
19.712,16.73,0.16,2.03,0.72,15.26,0.00,821
19.728,16.73,0.17,2.19,0.65,15.23,0.00,823
19.745,16.75,0.24,1.99,0.77,15.31,0.00,821
19.762,16.72,0.16,2.10,0.64,15.33,0.00,821
19.779,16.73,0.16,2.08,0.66,15.28,0.00,822
19.795,16.73,0.15,2.10,0.66,15.25,0.00,821
19.812,16.74,0.16,2.07,0.65,15.21,0.00,821
19.829,16.81,0.23,2.11,0.67,15.24,0.00,818
19.846,16.66,0.16,2.05,0.73,15.21,0.00,818
19.862,16.73,0.15,2.06,0.74,15.38,0.00,813
19.879,16.71,0.15,2.00,0.71,15.36,0.00,814
19.896,16.77,0.18,2.02,0.88,10.35,0.00,812
19.913,16.93,0.16,2.03,0.67,13.11,0.00,810
19.929,16.54,0.30,1.93,0.63,13.31,0.00,809
19.946,16.73,0.15,2.08,0.71,13.66,0.00,809
19.963,16.73,0.16,2.31,0.63,14.63,0.00,805
19.980,16.80,0.22,1.69,0.80,15.26,0.00,798
19.996,16.67,0.16,1.70,0.74,15.33,0.00,797
20.013,16.73,0.26,1.61,0.72,15.34,0.00,799
20.030,16.68,0.14,1.63,0.67,15.38,0.00,791
20.046,16.79,0.40,1.75,0.67,15.22,0.00,804
20.063,16.73,0.16,1.64,0.64,15.22,0.00,801
20.080,16.75,0.17,1.65,0.73,11.77,0.00,801
20.097,16.67,0.15,1.85,0.75,9.04,0.00,799
20.113,16.78,0.18,1.64,0.80,9.69,0.00,796
20.130,16.76,0.25,1.61,0.74,12.24,0.00,796
20.147,16.72,0.16,1.70,0.68,14.24,0.00,796
20.162,15.55,0.17,1.75,0.50,14.17,0.00,806
20.180,17.93,0.37,1.81,0.91,14.89,0.00,806
20.197,16.72,0.27,1.80,0.75,14.69,0.00,804
20.214,16.76,0.20,2.00,0.96,14.60,0.00,803
20.231,16.78,0.20,1.69,0.46,14.55,0.00,799
20.247,16.72,0.35,2.11,0.81,13.84,0.00,856
20.264,16.73,0.27,2.04,0.71,13.84,0.00,852
20.281,16.70,0.29,2.16,0.70,17.81,0.00,851
20.299,17.96,0.20,2.15,0.80,10.22,0.00,846
20.314,15.73,0.22,2.09,0.67,10.40,0.00,847
20.331,16.50,0.26,2.09,0.72,11.77,0.00,846
20.348,16.66,0.18,2.07,0.67,12.81,0.00,844
20.364,16.80,0.27,2.13,0.67,14.62,0.00,847
20.381,16.79,0.29,2.00,0.69,14.62,0.00,847
20.398,16.68,0.19,2.03,0.64,15.94,0.00,847
20.415,16.73,0.18,2.11,0.65,11.83,0.00,846
20.431,16.73,0.21,2.03,0.72,9.31,0.00,843
20.448,16.67,0.17,1.98,0.71,12.36,0.00,841
20.465,16.74,0.18,2.22,0.66,12.68,0.00,836
20.481,16.80,0.19,2.05,0.64,13.39,0.00,835
20.498,16.73,0.18,2.15,0.68,14.32,0.00,834
20.515,16.67,0.17,1.51,0.48,14.32,0.00,832
20.532,16.81,0.30,1.76,0.73,15.58,0.00,808
20.548,16.72,0.19,1.78,0.66,14.21,0.00,798
20.565,16.74,0.25,1.66,0.67,14.44,0.00,785
20.582,16.72,0.17,1.82,0.67,14.62,0.00,777
20.599,16.72,0.14,1.18,0.54,13.93,0.00,777
20.615,16.68,0.17,1.76,0.68,14.06,0.00,778
20.632,16.83,0.26,1.74,0.66,14.63,0.00,782
20.649,16.71,0.25,1.63,0.65,14.63,0.00,782
20.666,16.74,0.18,1.63,0.72,13.18,0.00,778
20.682,16.74,0.23,1.61,0.71,13.20,0.00,779
20.699,16.68,0.19,1.62,0.85,13.12,0.00,777
20.716,16.84,0.36,1.73,0.92,13.07,0.00,776
20.732,16.67,0.32,1.70,0.77,13.13,0.00,779
20.749,16.80,0.29,1.61,0.79,13.23,0.00,780
20.766,16.69,0.24,1.60,0.71,13.24,0.00,783
20.783,16.67,0.17,1.69,0.72,13.24,0.00,784
20.799,16.73,0.17,1.68,0.73,13.29,0.00,786
20.816,16.76,0.18,1.70,0.72,13.33,0.00,783
20.833,16.74,0.16,1.83,0.72,13.31,0.00,783
20.850,16.81,0.28,1.60,0.64,13.34,0.00,784
20.866,16.72,0.28,1.58,0.68,13.46,0.00,784
20.883,16.72,0.23,1.68,0.67,13.50,0.00,784
20.900,16.66,0.42,1.58,0.71,13.54,0.00,787
20.917,16.75,0.26,1.64,0.77,13.54,0.00,790
20.933,16.72,0.19,1.11,0.54,13.52,0.00,788
20.950,16.75,0.17,1.67,0.81,13.55,0.00,786
20.967,16.90,0.17,1.68,0.67,13.57,0.00,785
20.984,16.64,0.24,1.66,0.66,13.60,0.00,785
21.000,16.65,0.16,1.71,0.62,13.79,0.00,781
21.017,16.75,0.25,1.67,0.75,13.68,0.00,783
21.034,16.72,0.17,1.70,0.67,13.69,0.00,782
21.049,15.61,0.16,1.65,0.69,13.69,0.00,787
21.067,17.81,0.18,1.57,0.87,14.30,0.00,788
21.084,16.73,0.34,1.43,0.88,14.17,0.00,786
21.101,16.80,0.34,1.38,0.79,14.14,0.00,788
21.117,16.71,0.29,1.45,0.86,14.32,0.00,788
21.134,16.64,0.11,1.33,0.92,14.19,0.00,789
21.151,16.76,0.20,1.40,0.79,14.18,0.00,790
21.168,16.96,0.17,1.34,0.78,14.09,0.00,792
21.184,16.52,0.15,1.35,0.81,14.10,0.00,791
21.202,18.24,0.18,1.75,0.74,13.99,0.00,795
21.218,15.72,0.17,1.27,0.73,13.99,0.00,798
21.234,16.26,0.16,1.35,0.71,14.04,0.00,795
21.251,16.74,0.26,1.24,0.60,14.01,0.00,794
21.268,16.72,0.16,1.26,0.67,13.82,0.00,793
21.285,16.69,0.15,1.31,0.60,13.77,0.00,793
21.305,20.19,0.19,1.38,0.83,13.66,0.00,803
21.314,9.40,0.12,0.91,3.66,13.66,0.00,803
21.335,20.66,0.26,0.50,0.34,16.31,0.00,804
21.352,16.70,0.16,1.49,0.83,12.57,0.00,809
21.368,16.73,0.37,1.33,0.84,13.69,0.00,807
21.385,16.66,0.08,0.48,0.40,13.92,0.00,807
21.402,16.81,0.16,1.40,0.85,13.53,0.00,803
21.419,16.87,0.18,1.27,0.65,13.72,0.00,804
21.436,17.71,0.17,1.58,0.86,13.61,0.00,806
21.452,16.06,0.16,1.29,0.71,13.57,0.00,805
21.469,16.31,0.30,1.26,0.78,13.55,0.00,804
21.485,16.72,0.22,1.25,0.69,13.62,0.00,803
21.502,16.73,0.17,1.27,0.68,13.58,0.00,800
21.519,16.73,0.16,1.30,0.62,13.49,0.00,799
21.536,16.74,0.16,1.28,0.70,13.45,0.00,793
21.552,16.73,0.17,1.29,0.62,13.39,0.00,791
21.569,16.67,0.15,1.30,0.60,13.29,0.00,789
21.586,16.80,0.16,1.28,0.71,13.25,0.00,787
21.602,16.66,0.15,1.26,0.62,13.22,0.00,784
21.619,16.80,0.17,1.28,0.63,13.28,0.00,781
21.636,16.73,0.16,1.29,0.65,13.22,0.00,780
21.653,16.66,0.15,1.25,0.59,13.20,0.00,778
21.669,16.83,0.26,1.22,0.66,13.13,0.00,777
21.686,16.65,0.15,1.28,0.66,13.06,0.00,775
21.703,16.79,0.16,1.27,0.72,13.04,0.00,769
21.720,16.73,0.17,1.27,0.68,12.99,0.00,765
21.736,16.72,0.16,1.31,0.63,13.04,0.00,757
21.753,16.67,0.14,1.27,0.63,13.08,0.00,754
21.770,16.79,0.15,1.23,0.60,11.41,0.00,754
21.787,16.70,0.16,1.27,0.75,11.40,0.00,755
21.803,16.79,0.20,1.21,0.67,11.41,0.00,754
21.820,16.71,0.16,1.27,0.61,11.33,0.00,753
21.837,16.73,0.16,1.26,0.69,11.33,0.00,755
21.854,16.74,0.16,1.24,0.61,11.46,0.00,753
21.870,16.73,0.16,1.24,0.60,11.40,0.00,753
21.887,16.73,0.15,1.26,0.69,11.35,0.00,755
21.904,16.81,0.22,1.18,0.69,11.39,0.00,754
21.920,16.67,0.17,1.30,0.75,11.36,0.00,755
21.937,16.71,0.16,1.21,0.63,11.35,0.00,754
21.954,16.69,0.15,1.21,0.62,11.26,0.00,752
21.971,16.78,0.16,1.27,0.70,11.22,0.00,746
21.987,16.78,0.15,1.23,0.62,11.37,0.00,745
22.004,16.68,0.16,1.24,0.69,11.27,0.00,741
22.021,16.74,0.15,1.15,0.62,11.24,0.00,734
22.038,16.72,0.15,1.12,0.65,11.22,0.00,733
22.054,16.74,0.38,1.15,0.62,11.15,0.00,756
22.071,16.73,0.16,1.21,0.62,11.61,0.00,755
22.088,16.73,0.16,1.20,0.70,11.52,0.00,752
22.103,15.65,0.15,1.59,0.68,11.59,0.00,758
22.121,17.80,0.17,1.32,0.89,12.32,0.00,754
22.138,16.75,0.31,1.34,0.76,12.04,0.00,752
22.155,16.71,0.15,1.22,0.66,11.98,0.00,749
22.171,16.72,0.27,1.24,0.86,11.93,0.00,747
22.188,16.70,0.20,1.48,0.70,11.93,0.00,740
22.205,16.78,0.17,1.28,0.78,11.97,0.00,734
22.222,16.73,0.15,0.83,0.62,11.78,0.00,704
22.238,16.70,0.24,0.83,0.62,11.90,0.00,705
22.255,16.83,0.22,0.86,0.61,11.74,0.00,706
22.273,17.99,0.16,1.15,0.72,11.72,0.00,701
22.289,15.86,0.15,0.87,0.68,11.64,0.00,700
22.305,16.30,0.16,0.94,0.69,11.62,0.00,697
22.322,16.72,0.17,0.85,0.64,11.55,0.00,692
22.339,16.72,0.17,0.94,0.69,11.62,0.00,692
22.355,16.75,0.20,0.85,0.67,11.59,0.00,690
22.372,16.74,0.16,0.85,0.65,11.66,0.00,688
22.389,16.73,0.15,0.83,0.68,11.60,0.00,688
22.406,16.72,0.15,0.91,0.70,11.57,0.00,684
22.422,16.73,0.14,0.87,0.58,11.53,0.00,680
22.439,16.73,0.14,0.87,0.63,11.49,0.00,680
22.456,16.74,0.14,0.90,0.66,11.55,0.00,678
22.473,16.72,0.13,0.87,0.61,11.54,0.00,676
22.489,16.73,0.13,0.85,0.64,11.57,0.00,675
22.506,16.73,0.13,0.89,0.65,11.51,0.00,671
22.523,16.73,0.13,0.85,0.62,11.45,0.00,671
22.539,16.73,0.11,0.89,0.61,11.42,0.00,671
22.556,16.73,0.13,0.87,0.60,11.41,0.00,665
22.573,16.73,0.13,0.87,0.57,11.42,0.00,666
22.590,16.73,0.11,0.85,0.63,11.36,0.00,661
22.606,16.73,0.13,0.86,0.58,11.47,0.00,661
22.623,16.67,0.12,0.85,0.61,11.48,0.00,651
22.640,16.79,0.13,0.84,0.60,11.45,0.00,647
22.657,16.73,0.11,0.87,0.62,11.40,0.00,647
22.673,16.73,0.14,0.84,0.56,11.38,0.00,647
22.690,16.74,0.13,0.88,0.65,11.39,0.00,646
22.707,16.73,0.14,0.83,0.66,11.27,0.00,644
22.724,16.72,0.13,0.86,0.60,11.46,0.00,642
22.740,16.72,0.13,0.86,0.57,11.45,0.00,643
22.757,16.73,0.13,0.84,0.59,11.41,0.00,645
22.774,16.73,0.13,0.81,0.59,11.37,0.00,644
22.790,16.73,0.13,0.81,0.58,11.40,0.00,641
22.807,16.73,0.13,0.82,0.57,11.31,0.00,638
22.824,16.75,0.12,0.83,0.62,11.28,0.00,640
22.841,16.71,0.13,0.82,0.59,11.39,0.00,637
22.857,16.74,0.13,0.87,0.67,11.33,0.00,636
22.874,16.73,0.13,0.84,0.61,11.29,0.00,632
22.891,16.73,0.13,0.91,0.63,11.25,0.00,628
22.908,16.73,0.12,0.88,0.69,11.16,0.00,625
22.924,16.01,0.17,1.12,0.77,11.14,0.00,637
22.941,17.45,0.10,1.06,0.80,11.53,0.00,633
22.958,16.68,0.05,0.33,0.41,11.46,0.00,632
22.975,16.79,0.12,0.91,0.69,11.54,0.00,629
22.991,16.74,0.20,0.80,0.69,11.46,0.00,628
23.008,16.69,0.06,0.72,0.78,11.42,0.00,624
23.026,17.74,0.21,0.88,0.85,11.38,0.00,624
23.042,16.24,0.12,0.90,0.75,11.10,0.00,622
23.061,19.56,0.12,0.84,0.73,11.03,0.00,630
23.075,13.43,0.14,1.02,0.72,11.49,0.00,630
23.092,16.69,0.07,0.40,0.43,11.72,0.00,630
23.108,16.78,0.12,0.97,0.72,11.61,0.00,629
23.125,16.66,0.12,0.86,0.72,11.51,0.00,626
23.142,16.80,0.22,0.89,1.18,11.38,0.00,621
23.155,13.61,0.12,0.83,3.27,11.29,0.00,620
23.176,20.11,0.12,0.84,0.66,11.21,0.00,620
23.192,16.39,0.08,0.64,0.50,11.09,0.00,620
23.209,16.79,0.14,0.88,0.67,11.10,0.00,618
23.225,16.73,0.12,0.92,0.68,11.07,0.00,616
23.242,16.73,0.11,0.84,0.62,10.99,0.00,614
23.259,16.69,0.11,0.92,0.68,10.91,0.00,612
23.276,16.78,0.14,0.90,0.67,10.80,0.00,610
23.292,16.73,0.13,0.91,0.60,10.74,0.00,608
23.309,16.73,0.11,0.89,0.59,10.67,0.00,604
23.326,16.73,0.20,1.34,0.58,10.60,0.00,672
23.343,16.74,0.25,1.37,0.62,15.03,0.00,675
23.359,16.74,0.18,1.44,0.61,14.98,0.00,678
23.376,16.73,0.18,1.43,0.60,14.84,0.00,675
23.393,16.76,0.26,1.42,0.63,14.84,0.00,676
23.410,16.71,0.17,1.38,0.59,14.81,0.00,676
23.426,16.73,0.17,1.42,0.57,14.76,0.00,679
23.443,16.74,0.26,1.38,0.61,14.83,0.00,680
23.460,16.73,0.25,1.40,0.71,14.97,0.00,680
23.476,16.74,0.18,1.45,0.73,14.86,0.00,684
23.493,16.73,0.22,1.39,0.64,14.84,0.00,686
23.510,16.73,0.18,1.47,0.64,14.85,0.00,688
23.527,16.74,0.20,1.39,0.67,14.90,0.00,689
23.543,16.73,0.17,1.48,0.63,14.88,0.00,689
23.560,16.73,0.18,1.43,0.65,14.88,0.00,695
23.577,16.73,0.17,1.46,0.71,15.06,0.00,695
23.594,16.73,0.17,1.57,0.59,15.06,0.00,698
23.610,16.73,0.17,1.49,0.68,15.07,0.00,692
23.627,16.74,0.17,1.48,0.63,15.10,0.00,693
23.644,16.74,0.17,1.46,0.64,15.12,0.00,693
23.661,16.72,0.16,1.41,0.64,9.96,0.00,695
23.677,16.73,0.17,1.46,0.63,12.88,0.00,697
23.694,16.67,0.15,1.44,0.64,13.25,0.00,701
23.711,16.81,0.25,1.65,0.68,14.41,0.00,706
23.727,16.73,0.24,1.40,0.80,15.40,0.00,708
23.744,16.73,0.16,1.42,0.65,12.69,0.00,706
23.761,16.73,0.23,1.51,0.62,10.07,0.00,706
23.781,20.35,0.16,1.50,0.78,12.31,0.00,722
23.794,13.14,0.32,1.46,0.79,12.31,0.00,721
23.811,16.67,0.18,0.64,0.33,11.27,0.00,728
23.828,16.81,0.18,1.67,0.66,7.18,0.00,731
23.845,16.69,0.15,1.64,0.65,8.80,0.00,730
23.861,16.70,0.07,0.58,0.45,11.09,0.00,734
23.878,16.98,0.24,1.45,0.68,13.68,0.00,738
23.895,16.60,0.27,1.46,0.67,13.59,0.00,740
23.912,16.70,0.31,1.51,0.77,13.57,0.00,739
23.929,17.40,0.16,1.03,0.58,13.63,0.00,738
23.945,16.30,0.17,1.46,0.65,13.71,0.00,737
23.962,16.46,0.16,1.57,0.68,13.69,0.00,739
23.978,16.75,0.27,1.44,0.66,13.72,0.00,743
23.995,16.72,0.16,1.52,0.63,13.65,0.00,745
24.012,16.74,0.24,1.42,0.64,13.79,0.00,744
24.029,16.67,0.14,1.43,0.63,13.67,0.00,745
24.045,16.79,0.13,1.39,0.61,13.90,0.00,746
24.062,16.75,0.48,1.46,0.71,13.94,0.00,761
24.079,16.72,0.16,1.57,0.72,14.42,0.00,762
24.096,16.73,0.15,1.53,0.62,14.45,0.00,764
24.112,16.74,0.23,1.53,0.62,14.48,0.00,766
24.129,16.73,0.15,1.49,0.61,14.49,0.00,767
24.146,16.74,0.15,1.56,0.62,14.46,0.00,769
24.163,16.73,0.14,1.51,0.70,14.53,0.00,769
24.179,16.73,0.15,1.49,0.65,14.51,0.00,769
24.196,16.74,0.20,1.44,0.63,14.45,0.00,770
24.213,16.67,0.17,1.57,0.77,14.59,0.00,773
24.229,16.79,0.15,1.54,0.62,14.48,0.00,774
24.246,16.73,0.13,1.47,0.61,14.42,0.00,774
24.263,16.74,0.14,1.41,0.61,14.44,0.00,775
24.280,16.73,0.12,1.50,0.60,14.52,0.00,775
24.296,16.73,0.12,1.45,0.59,14.49,0.00,775
24.313,16.73,0.12,1.45,0.59,14.49,0.00,775
24.330,16.74,0.14,1.40,0.63,14.52,0.00,776
24.347,16.73,0.14,1.48,0.61,14.47,0.00,777
24.363,16.73,0.16,1.60,0.75,14.53,0.00,777
24.380,16.76,0.17,1.52,0.81,14.60,0.00,779
24.397,16.69,0.26,1.62,0.80,14.73,0.00,779
24.414,16.74,0.14,1.46,0.61,14.60,0.00,774
24.430,16.73,0.14,1.47,0.76,14.62,0.00,769
24.447,16.73,0.15,1.40,0.60,14.58,0.00,768
24.463,15.63,0.13,1.77,1.16,14.69,0.00,778
24.480,17.85,0.25,1.65,0.69,15.29,0.00,777
24.497,16.67,0.13,1.56,0.68,15.10,0.00,777
24.514,16.78,0.14,1.46,0.63,15.20,0.00,775
24.531,16.75,0.12,1.35,0.71,15.34,0.00,769
24.547,16.72,0.24,1.54,0.83,15.33,0.00,767
24.564,16.74,0.24,1.36,0.72,15.26,0.00,762
24.581,16.72,0.14,1.47,0.65,15.12,0.00,755
24.599,17.70,0.16,1.62,0.78,10.20,0.00,752
24.615,16.12,0.12,1.27,0.68,11.83,0.00,752
24.631,16.38,0.15,1.45,0.63,14.96,0.00,753
24.648,16.73,0.14,1.42,0.63,15.09,0.00,749
24.665,16.74,0.13,1.43,0.62,15.05,0.00,749
24.681,16.68,0.13,1.37,0.63,15.02,0.00,748
24.698,16.79,0.15,1.43,0.62,15.08,0.00,748
24.715,16.74,0.24,1.34,0.62,15.02,0.00,745
24.731,16.72,0.14,1.39,0.59,14.99,0.00,739
24.748,16.75,0.20,1.28,0.61,15.05,0.00,734
24.765,16.72,0.14,1.32,0.59,14.94,0.00,729
24.782,16.74,0.13,1.31,0.61,11.52,0.00,725
24.798,16.72,0.13,1.24,0.63,13.15,0.00,713
24.814,15.57,0.12,1.38,0.79,13.39,0.00,703
24.832,17.92,0.12,1.22,0.71,14.25,0.00,693
24.849,17.07,0.13,1.18,0.68,11.36,0.00,693
24.865,16.38,0.14,1.29,0.69,11.31,0.00,691
24.882,16.76,0.17,1.17,0.68,11.41,0.00,691
24.899,16.76,0.20,1.18,0.77,11.34,0.00,689
24.916,16.70,0.14,1.15,0.73,11.32,0.00,685
24.932,16.71,0.13,1.36,0.75,11.28,0.00,684
24.946,13.94,0.12,1.11,2.53,11.10,0.00,684
24.962,15.89,0.13,1.15,3.17,11.17,0.00,684
24.982,20.33,0.11,1.24,0.88,11.25,0.00,684
24.999,16.80,0.10,1.18,0.64,11.18,0.00,678
25.016,16.68,0.11,1.27,0.67,11.08,0.00,677
25.033,16.79,0.13,1.18,0.62,11.04,0.00,677
25.049,16.73,0.11,1.20,0.67,11.03,0.00,677
25.066,16.73,0.12,1.20,0.70,11.02,0.00,677
25.083,16.73,0.13,1.18,0.61,10.99,0.00,680
25.100,16.75,0.19,1.19,0.68,11.09,0.00,678
25.116,16.65,0.11,1.19,0.61,11.05,0.00,675
25.133,16.72,0.13,1.22,0.63,11.04,0.00,672
25.149,15.96,0.11,1.67,0.80,11.01,0.00,684
25.167,17.64,0.13,1.38,1.05,11.44,0.00,683
25.183,16.70,0.20,1.23,0.75,11.40,0.00,679
25.200,16.70,0.13,1.36,0.65,11.37,0.00,677
25.217,16.81,0.16,1.17,0.78,11.45,0.00,675
25.234,17.14,0.15,1.34,0.84,11.40,0.00,673
25.250,16.26,0.14,1.24,0.72,11.39,0.00,670
25.267,16.68,0.12,1.26,0.65,11.34,0.00,671
25.284,16.78,0.12,1.27,0.70,11.32,0.00,666
25.297,13.53,0.11,0.80,3.05,11.28,0.00,659
25.313,16.18,0.10,0.78,3.53,11.37,0.00,658
25.334,20.50,0.13,0.84,0.62,11.39,0.00,657
25.351,16.73,0.12,0.85,0.60,11.32,0.00,655
25.367,16.74,0.12,0.82,0.58,11.29,0.00,653
25.384,16.72,0.11,0.93,0.67,11.25,0.00,653
25.401,16.68,0.07,0.49,0.40,11.35,0.00,652
25.417,16.70,0.05,0.35,0.34,11.22,0.00,652
25.434,16.76,0.06,0.42,0.39,11.35,0.00,653
25.451,16.77,0.07,0.67,0.45,11.29,0.00,653
25.468,16.75,0.12,0.87,0.61,11.33,0.00,652
25.484,16.73,0.11,0.86,0.61,11.21,0.00,652
25.501,16.73,0.12,0.85,0.58,11.18,0.00,651
25.518,16.73,0.11,0.83,0.59,11.15,0.00,651
25.535,16.75,0.17,0.76,0.57,11.23,0.00,648
25.551,16.66,0.10,0.92,0.58,11.17,0.00,647
25.568,16.78,0.11,0.81,0.55,11.29,0.00,648
25.585,16.73,0.11,0.85,0.60,11.23,0.00,644
25.602,16.75,0.11,0.83,0.61,11.18,0.00,644
25.618,16.71,0.11,0.85,0.59,11.02,0.00,642
25.635,16.73,0.12,0.85,0.57,11.12,0.00,642
25.652,16.75,0.11,0.82,0.60,10.93,0.00,639
25.668,16.72,0.12,0.84,0.59,10.92,0.00,638
25.685,16.74,0.09,0.84,0.56,11.05,0.00,636
25.702,16.74,0.11,0.85,0.61,11.03,0.00,631
25.719,16.74,0.12,0.85,0.57,10.83,0.00,630
25.735,16.73,0.11,0.86,0.58,10.80,0.00,624
25.752,16.70,0.10,0.87,0.60,10.84,0.00,622
25.769,16.74,0.10,0.85,0.62,10.78,0.00,621
25.786,16.76,0.12,0.85,0.60,10.73,0.00,621
25.802,16.74,0.11,0.85,0.59,10.66,0.00,618
25.819,16.72,0.10,0.84,0.62,10.61,0.00,618
25.836,16.73,0.10,0.84,0.58,10.64,0.00,614
25.853,16.73,0.11,0.88,0.62,10.51,0.00,611
25.869,16.74,0.12,0.83,0.60,10.57,0.00,609
25.886,16.73,0.11,0.82,0.60,10.53,0.00,598
25.903,16.74,0.12,0.84,0.60,10.49,0.00,600
25.919,16.73,0.11,0.79,0.57,10.57,0.00,597
25.936,16.72,0.10,0.83,0.60,10.53,0.00,595
25.953,16.73,0.10,0.80,0.66,10.57,0.00,594
25.970,16.74,0.12,0.82,0.62,10.43,0.00,591
25.986,16.75,0.10,0.79,0.59,10.41,0.00,591
26.003,16.70,0.09,0.82,0.64,10.39,0.00,587
26.020,16.75,0.13,0.77,0.66,10.40,0.00,586
26.037,16.72,0.12,0.70,0.61,10.43,0.00,583
26.053,16.73,0.10,0.72,0.64,10.42,0.00,581
26.070,16.73,0.35,0.72,0.58,10.45,0.00,603
26.087,16.73,0.11,0.75,0.64,10.69,0.00,604
26.104,16.73,0.12,0.77,0.65,10.69,0.00,602
26.120,16.73,0.10,0.82,0.61,10.68,0.00,601
26.137,16.73,0.11,0.80,0.59,10.66,0.00,601
26.154,16.75,0.12,0.74,0.60,10.75,0.00,599
26.169,15.75,0.10,1.10,0.75,10.81,0.00,609
26.187,17.72,0.15,1.06,0.77,11.40,0.00,609
26.204,16.68,0.05,0.36,0.39,11.29,0.00,610
26.221,16.75,0.11,0.85,0.80,11.26,0.00,610
26.237,16.75,0.10,0.89,0.71,11.30,0.00,609
26.255,17.22,0.23,0.87,0.78,11.21,0.00,610
26.271,16.22,0.11,0.81,0.74,11.33,0.00,608
26.288,16.70,0.11,0.93,0.69,11.33,0.00,605
26.304,16.78,0.10,0.88,0.70,11.24,0.00,605
26.318,13.64,0.10,0.79,3.45,11.26,0.00,604
26.338,20.08,0.17,0.77,0.62,11.17,0.00,603
26.355,16.46,0.10,0.84,0.63,11.16,0.00,603
26.371,16.74,0.12,1.01,0.65,11.14,0.00,601
26.388,16.73,0.11,0.85,0.64,11.15,0.00,600
26.405,16.74,0.10,0.86,0.73,11.25,0.00,596
26.421,16.74,0.10,0.88,0.74,11.23,0.00,594
26.438,16.72,0.10,0.85,0.68,11.24,0.00,591
26.455,16.75,0.11,0.83,0.64,11.15,0.00,590
26.472,16.72,0.09,0.92,0.66,11.15,0.00,589
26.488,16.72,0.09,0.83,0.61,11.15,0.00,587
26.505,16.73,0.10,0.84,0.65,11.19,0.00,589
26.522,16.73,0.12,0.80,0.61,11.22,0.00,587
26.539,16.74,0.11,0.82,0.64,11.23,0.00,585
26.555,16.74,0.10,0.89,0.67,11.15,0.00,584
26.572,16.71,0.10,0.84,0.62,11.13,0.00,584
26.589,16.73,0.09,0.84,0.66,11.15,0.00,585
26.605,16.75,0.10,0.79,0.71,11.09,0.00,583
26.622,16.72,0.12,0.88,0.69,11.11,0.00,583
26.639,16.73,0.10,0.80,0.61,11.16,0.00,583
26.656,16.73,0.09,0.78,0.61,11.10,0.00,583
26.672,16.73,0.10,0.80,0.61,11.14,0.00,583
26.689,16.73,0.09,0.80,0.58,11.05,0.00,583
26.706,16.74,0.09,0.85,0.62,11.10,0.00,582
26.723,16.73,0.09,0.85,0.65,10.99,0.00,582
26.739,16.73,0.15,1.16,0.60,10.95,0.00,629
26.756,16.73,0.13,1.23,0.62,14.69,0.00,630
26.773,16.74,0.16,1.30,0.62,14.62,0.00,630
26.793,20.25,0.12,1.15,0.75,14.56,0.00,638
26.806,13.21,0.09,0.76,0.85,14.56,0.00,638
26.823,16.74,0.07,0.46,0.33,12.72,0.00,638
26.840,16.74,0.13,0.56,0.38,7.78,0.00,640
26.856,16.73,0.20,1.20,0.69,10.45,0.00,645
26.873,16.73,0.17,1.53,0.83,11.69,0.00,647
26.890,16.74,0.20,1.28,0.63,14.31,0.00,645
26.907,16.75,0.13,1.36,0.63,15.03,0.00,645
26.923,16.71,0.31,1.24,0.63,14.94,0.00,646
26.940,16.72,0.21,1.29,0.66,14.92,0.00,646
26.954,13.57,0.13,1.12,3.15,14.92,0.00,647
26.974,20.40,0.13,1.17,0.64,11.20,0.00,647
26.990,16.29,0.20,1.16,0.62,13.63,0.00,646
27.007,16.67,0.12,1.19,0.62,13.82,0.00,644
27.024,16.73,0.13,1.19,0.62,13.77,0.00,646
27.041,16.74,0.12,1.19,0.64,13.71,0.00,646
27.057,16.72,0.13,1.30,0.59,14.45,0.00,645
27.074,16.73,0.14,1.26,0.62,14.80,0.00,645
27.091,16.73,0.18,1.21,0.60,14.88,0.00,632
27.107,16.73,0.20,1.19,0.63,14.84,0.00,632
27.124,16.73,0.12,1.25,0.58,14.80,0.00,634
27.141,16.73,0.14,1.27,0.61,14.80,0.00,633
27.158,16.74,0.12,1.21,0.64,11.88,0.00,631
27.174,16.73,0.13,1.19,0.61,12.00,0.00,633
27.191,16.73,0.12,1.16,0.60,12.08,0.00,634
27.208,16.73,0.12,1.20,0.63,12.12,0.00,637
27.225,16.74,0.11,1.17,0.61,12.09,0.00,641
27.241,16.73,0.11,1.24,0.63,12.09,0.00,639
27.258,16.73,0.10,1.22,0.60,12.13,0.00,635
27.275,16.71,0.11,1.23,0.63,12.12,0.00,633
27.292,16.75,0.10,1.21,0.60,12.15,0.00,635
27.308,16.74,0.11,1.18,0.62,12.26,0.00,638
27.325,16.73,0.10,1.24,0.61,12.25,0.00,635
27.342,16.74,0.12,1.20,0.60,12.27,0.00,634
27.358,16.72,0.10,1.18,0.61,12.26,0.00,635
27.375,16.73,0.10,1.20,0.60,12.26,0.00,635
27.392,16.73,0.10,1.17,0.59,12.24,0.00,630
27.409,16.73,0.10,1.17,0.58,12.26,0.00,630
27.425,16.74,0.11,1.21,0.62,12.34,0.00,631
27.442,16.73,0.11,1.21,0.66,12.34,0.00,630
27.459,16.72,0.12,1.16,0.59,12.35,0.00,628
27.476,16.74,0.10,1.17,0.62,12.34,0.00,630
27.492,16.73,0.10,1.15,0.62,12.32,0.00,632
27.509,16.73,0.11,1.15,0.59,12.30,0.00,635
27.526,16.73,0.10,1.18,0.62,12.44,0.00,637
27.542,16.73,0.10,1.18,0.61,12.41,0.00,640
27.559,16.74,0.10,1.19,0.63,12.41,0.00,638
27.576,16.75,0.13,1.16,0.65,12.39,0.00,638
27.593,16.72,0.10,1.15,0.63,12.39,0.00,641
27.609,16.74,0.12,1.19,0.59,12.37,0.00,643
27.626,16.73,0.11,1.20,0.61,12.38,0.00,644
27.646,20.20,0.11,1.11,0.75,12.46,0.00,654
27.660,13.27,0.15,1.20,0.69,12.46,0.00,657
27.676,16.77,0.11,0.56,0.33,10.64,0.00,657
27.693,16.70,0.10,1.22,0.68,11.05,0.00,659
27.710,16.70,0.11,1.43,0.64,12.40,0.00,660
27.726,16.68,0.05,0.47,0.42,12.61,0.00,658
27.743,16.79,0.14,1.23,0.66,12.95,0.00,659
27.760,16.67,0.10,1.18,0.68,13.02,0.00,658
27.774,13.70,0.11,1.08,3.17,12.97,0.00,658
27.794,20.29,0.11,1.08,0.63,13.03,0.00,656
27.810,16.28,0.11,1.21,0.63,12.81,0.00,657
27.827,16.75,0.11,1.13,0.63,12.93,0.00,655
27.844,16.72,0.25,1.12,0.65,12.88,0.00,655
27.860,16.73,0.10,1.14,0.63,12.98,0.00,655
27.877,16.73,0.10,1.15,0.60,12.97,0.00,654
27.894,16.68,0.10,1.19,0.68,12.91,0.00,653
27.911,16.83,0.13,1.20,0.69,12.88,0.00,649
27.927,16.66,0.10,1.16,0.60,12.87,0.00,649
27.944,16.77,0.10,1.17,0.64,12.81,0.00,649
27.961,16.76,0.13,1.21,0.65,12.82,0.00,645
27.978,16.70,0.10,1.14,0.63,12.91,0.00,642
27.994,16.71,0.11,1.16,0.67,12.87,0.00,637
28.011,16.76,0.10,1.16,0.62,12.85,0.00,634
28.028,16.74,0.10,1.16,0.64,12.85,0.00,632
28.044,16.72,0.10,1.01,0.64,12.80,0.00,632
28.061,16.73,0.10,1.03,0.62,12.80,0.00,627
28.078,16.75,0.37,1.11,0.60,12.79,0.00,645
28.095,16.75,0.11,1.19,0.71,13.49,0.00,644
28.111,16.74,0.27,1.12,0.64,13.60,0.00,641
28.128,16.71,0.11,1.18,0.64,13.61,0.00,640
28.145,16.74,0.13,1.20,0.62,13.58,0.00,640
28.162,16.74,0.13,1.18,0.63,13.58,0.00,639
28.178,16.73,0.10,1.19,0.63,13.56,0.00,636
28.195,16.72,0.08,0.83,0.48,13.48,0.00,639
28.212,16.71,0.10,1.13,0.62,13.67,0.00,635
28.229,16.77,0.11,1.15,0.65,13.47,0.00,634
28.245,16.73,0.11,1.17,0.63,13.36,0.00,632
28.262,16.73,0.09,1.18,0.65,11.82,0.00,631
28.279,16.73,0.09,1.16,0.68,11.78,0.00,630
28.295,16.66,0.12,1.14,0.68,11.74,0.00,627
28.316,20.22,0.14,1.16,0.74,11.78,0.00,637
28.329,13.29,0.12,1.25,0.84,12.15,0.00,636
28.346,16.74,0.07,0.42,0.32,12.10,0.00,632
28.362,16.75,0.10,1.21,0.66,7.30,0.00,629
28.379,16.71,0.12,1.21,0.76,9.48,0.00,629
28.396,16.69,0.05,0.43,0.38,11.81,0.00,630
28.413,16.78,0.11,1.20,0.64,11.85,0.00,628
28.429,16.72,0.10,1.16,0.64,11.76,0.00,627
28.447,18.00,0.13,1.13,0.94,11.69,0.00,627
28.463,15.74,0.17,1.13,0.66,11.67,0.00,623
28.480,16.51,0.09,1.16,0.64,11.57,0.00,623
28.496,16.73,0.10,1.17,0.72,11.41,0.00,624
28.516,20.06,0.14,1.43,0.79,11.33,0.00,686
28.530,13.40,0.13,1.52,0.81,11.33,0.00,686
28.547,16.77,0.11,0.50,0.32,16.23,0.00,685
28.563,16.71,0.12,1.49,0.71,9.49,0.00,680
28.580,16.78,0.24,1.52,0.86,9.73,0.00,676
28.597,16.69,0.05,0.55,0.37,10.72,0.00,670
28.613,16.75,0.14,1.54,0.88,12.86,0.00,668
28.630,16.74,0.14,1.67,0.75,14.63,0.00,664
28.647,16.77,0.13,1.49,0.73,15.31,0.00,662
28.664,16.71,0.14,1.65,0.83,15.19,0.00,653
28.680,16.72,0.22,1.60,0.72,15.13,0.00,650
28.699,18.16,0.19,1.75,0.70,15.01,0.00,646
28.714,15.72,0.12,1.18,0.65,15.01,0.00,641
28.731,16.32,0.13,1.24,0.67,10.94,0.00,639
28.747,16.75,0.14,1.24,0.69,9.29,0.00,637
28.764,16.78,0.13,1.33,0.70,11.81,0.00,638
28.781,16.70,0.14,1.26,0.70,12.52,0.00,636
28.798,16.71,0.13,1.27,0.62,13.06,0.00,633
28.814,16.75,0.13,1.34,0.70,14.41,0.00,632
28.831,16.80,0.20,1.24,0.68,14.81,0.00,631
28.848,16.66,0.13,1.34,0.67,14.77,0.00,631
28.864,16.73,0.13,1.34,0.63,14.77,0.00,634
28.881,16.74,0.13,1.35,0.63,14.82,0.00,636
28.898,16.73,0.13,1.25,0.58,13.05,0.00,637
28.915,16.81,0.11,1.25,0.70,13.87,0.00,635
28.931,16.66,0.14,1.28,0.69,14.15,0.00,632
28.948,16.80,0.13,1.27,0.66,12.00,0.00,634
28.965,16.70,0.14,1.26,0.72,11.97,0.00,636
28.982,16.77,0.13,1.27,0.69,12.13,0.00,639
28.998,16.67,0.12,1.25,0.59,12.16,0.00,641
29.015,16.80,0.13,1.22,0.68,12.11,0.00,642
29.032,16.62,0.11,1.28,0.58,12.17,0.00,643
29.049,16.82,0.12,1.25,0.66,12.10,0.00,644
29.065,16.71,0.10,1.30,0.77,12.11,0.00,647
29.082,16.73,0.13,1.29,0.67,12.21,0.00,646
29.099,16.80,0.10,1.26,0.69,12.25,0.00,648
29.112,12.74,0.12,1.19,3.13,12.28,0.00,648
29.136,24.20,0.11,1.24,0.74,12.37,0.00,660
29.149,13.15,0.11,1.09,0.72,12.37,0.00,660
29.166,16.78,0.05,0.48,0.32,8.88,0.00,662
29.182,16.68,0.11,1.39,0.67,10.31,0.00,666
29.199,16.74,0.12,1.42,0.81,11.40,0.00,666
29.216,16.77,0.06,0.49,0.36,12.40,0.00,667
29.233,16.70,0.14,1.38,0.79,12.76,0.00,669
29.249,16.82,0.14,1.30,0.71,12.72,0.00,667
29.266,16.68,0.12,1.36,0.78,12.69,0.00,669
29.280,13.45,0.11,1.19,2.68,12.73,0.00,667
29.296,16.11,0.11,1.23,3.12,12.79,0.00,667
29.316,20.65,0.13,1.31,0.71,12.74,0.00,668
29.333,16.73,0.12,1.32,0.61,12.76,0.00,668
29.350,16.73,0.12,1.29,0.61,12.68,0.00,669
29.367,16.73,0.10,1.36,0.68,12.65,0.00,672
29.383,16.73,0.10,1.31,0.64,12.63,0.00,674
29.400,16.70,0.10,1.34,0.68,12.62,0.00,676
29.417,16.80,0.12,1.28,0.62,12.56,0.00,678
29.433,16.73,0.13,1.59,0.79,12.63,0.00,676
29.450,16.73,0.12,1.26,0.64,12.70,0.00,677
29.467,16.72,0.12,1.32,0.69,12.59,0.00,678
29.484,16.72,0.10,1.33,0.69,12.60,0.00,678
29.500,16.74,0.12,1.28,0.72,12.61,0.00,679
29.517,16.72,0.11,1.30,0.66,12.60,0.00,678
29.534,16.73,0.11,1.33,0.64,12.59,0.00,680
29.551,16.73,0.10,1.33,0.67,12.64,0.00,678
29.567,16.73,0.10,1.31,0.61,12.67,0.00,677
29.584,16.74,0.10,1.28,0.70,12.66,0.00,677
29.601,16.74,0.10,1.28,0.61,12.62,0.00,679
29.618,16.73,0.10,1.30,0.70,12.61,0.00,679
29.634,16.73,0.10,1.33,0.69,12.66,0.00,681
29.651,16.76,0.18,1.21,0.71,12.59,0.00,684
29.668,16.64,0.12,1.31,0.73,12.78,0.00,683
29.688,20.44,0.12,1.29,0.81,12.69,0.00,696
29.701,13.09,0.12,1.33,0.79,12.69,0.00,694
29.718,16.73,0.08,0.46,0.37,12.50,0.00,694
29.735,16.70,0.11,1.31,0.70,7.63,0.00,695
29.751,16.70,0.15,1.68,0.81,8.16,0.00,754
29.768,16.75,0.09,0.68,0.42,14.31,0.00,749
29.785,16.75,0.13,1.76,0.79,14.01,0.00,750
29.802,16.77,0.13,1.19,0.56,11.70,0.00,749
29.818,16.77,0.21,1.72,0.73,11.63,0.00,746
29.832,13.47,0.13,1.61,2.19,12.75,0.00,745
29.852,20.37,0.13,1.67,0.73,15.11,0.00,745
29.869,16.32,0.12,1.63,0.68,15.11,0.00,745
29.885,16.73,0.13,1.63,0.71,13.20,0.00,730
29.902,16.68,0.12,1.86,0.77,14.01,0.00,728
29.919,16.75,0.07,0.84,0.44,14.41,0.00,718
29.935,16.74,0.05,0.69,0.32,9.59,0.00,712
29.952,16.74,0.07,0.87,0.37,12.04,0.00,710
29.969,16.74,0.09,1.10,0.48,13.72,0.00,706
29.986,16.85,0.23,1.65,0.74,14.47,0.00,698
30.002,16.63,0.12,1.65,0.72,13.94,0.00,691
30.019,16.75,0.20,1.65,0.67,13.89,0.00,680
30.036,16.71,0.12,1.59,0.69,12.98,0.00,676
30.053,16.70,0.12,1.46,0.65,13.46,0.00,677
30.069,16.77,0.12,1.57,0.68,14.71,0.00,680
30.086,16.73,0.34,1.59,0.74,15.32,0.00,706
30.103,16.74,0.12,1.63,0.64,15.32,0.00,705
30.120,16.75,0.17,1.68,0.73,15.10,0.00,703
30.136,16.67,0.13,1.67,0.80,9.06,0.00,701
30.153,16.73,0.12,1.66,0.78,10.23,0.00,699
30.170,16.78,0.11,1.63,0.78,10.69,0.00,697
30.186,16.73,0.12,1.59,0.67,12.80,0.00,698
30.203,16.75,0.11,1.67,0.71,12.83,0.00,698
30.220,16.65,0.12,1.69,0.80,12.85,0.00,697
30.237,16.80,0.11,1.52,0.71,12.83,0.00,696
30.253,16.81,0.18,1.60,0.79,12.82,0.00,693
30.274,20.15,0.12,1.62,0.76,12.77,0.00,705
30.287,13.24,0.13,1.77,0.75,12.77,0.00,706
30.304,16.79,0.12,0.58,0.31,13.67,0.00,706
30.320,16.64,0.12,1.72,0.90,13.42,0.00,708
30.337,16.79,0.21,1.62,0.83,13.36,0.00,709
30.354,16.62,0.07,0.61,0.35,13.29,0.00,705
30.370,16.82,0.14,1.69,0.66,13.44,0.00,706
30.384,13.60,0.12,1.60,2.66,13.23,0.00,701
30.404,20.30,0.12,1.60,0.74,13.29,0.00,705
30.421,16.35,0.22,1.59,0.78,13.26,0.00,706
30.437,16.72,0.13,1.78,0.74,13.29,0.00,701
30.454,16.64,0.12,1.65,0.78,13.21,0.00,697
30.471,16.74,0.11,1.62,0.82,13.17,0.00,694
30.488,16.77,0.12,1.20,0.62,13.15,0.00,653
30.504,16.74,0.12,1.22,0.61,13.02,0.00,654
30.521,16.75,0.13,1.26,0.73,13.14,0.00,655
30.538,16.73,0.13,1.19,0.68,13.15,0.00,657
30.555,16.73,0.12,1.20,0.65,13.08,0.00,660
30.571,16.74,0.12,1.21,0.67,13.05,0.00,659
30.588,16.73,0.12,1.18,0.69,13.06,0.00,659
30.605,16.66,0.12,1.23,0.65,13.04,0.00,662
30.621,16.80,0.14,1.30,0.69,13.14,0.00,662
30.642,20.13,0.12,1.20,0.74,13.12,0.00,674
30.655,13.37,0.13,1.32,0.70,13.12,0.00,674
30.672,16.72,0.10,0.44,0.30,10.97,0.00,675
30.688,16.72,0.15,1.31,0.67,11.75,0.00,673
30.705,16.71,0.15,1.45,0.87,13.04,0.00,674
30.722,16.77,0.09,0.52,0.60,13.61,0.00,674
30.739,16.71,0.14,1.30,0.64,13.69,0.00,676
30.755,16.70,0.15,1.33,0.72,13.65,0.00,675
30.772,16.73,0.12,1.25,0.73,13.57,0.00,672
30.789,16.76,0.13,1.36,0.97,13.52,0.00,672
30.807,18.12,0.48,1.41,0.72,13.54,0.00,675
30.823,15.82,0.18,1.24,0.78,13.53,0.00,677
30.839,16.36,0.18,1.22,0.74,13.60,0.00,675
30.856,16.62,0.12,1.21,0.64,13.53,0.00,673
30.872,16.77,0.08,0.78,0.45,13.45,0.00,672
30.889,16.67,0.12,1.27,0.62,13.43,0.00,672
30.906,16.76,0.11,1.21,0.70,13.49,0.00,669
30.923,16.79,0.11,1.15,0.64,13.32,0.00,672
30.939,16.73,0.11,1.18,0.60,13.38,0.00,672
30.956,16.67,0.12,1.26,0.77,13.39,0.00,674
30.973,16.74,0.11,1.28,0.66,13.31,0.00,673
30.990,16.86,0.11,1.17,0.59,13.26,0.00,677
31.006,16.69,0.11,1.24,0.65,13.18,0.00,675
31.023,16.71,0.11,1.15,0.62,13.13,0.00,675
31.040,16.73,0.12,1.25,0.66,13.06,0.00,677
31.057,16.73,0.11,1.21,0.64,13.17,0.00,677
31.073,16.74,0.10,1.19,0.60,13.12,0.00,678
31.090,16.68,0.12,1.21,0.70,13.06,0.00,679
31.107,16.75,0.12,1.16,0.65,12.98,0.00,676
31.124,16.77,0.11,1.19,0.59,12.96,0.00,675
31.140,16.73,0.11,1.19,0.63,12.88,0.00,675
31.157,16.73,0.11,1.18,0.62,12.92,0.00,675
31.174,16.73,0.10,1.15,0.59,12.87,0.00,673
31.190,16.74,0.11,1.13,0.59,12.78,0.00,672
31.207,16.75,0.23,1.25,0.63,12.72,0.00,671
31.224,16.72,0.11,1.20,0.63,12.62,0.00,665
31.241,16.74,0.12,1.23,0.64,12.51,0.00,662
31.257,16.73,0.12,1.17,0.65,12.57,0.00,656
31.274,16.74,0.12,1.16,0.60,10.95,0.00,654
31.291,16.73,0.10,1.20,0.65,10.88,0.00,653
31.308,16.73,0.10,1.15,0.57,10.85,0.00,652
31.324,16.73,0.10,1.21,0.67,10.75,0.00,649
31.341,16.73,0.11,1.17,0.75,10.70,0.00,647
31.358,16.73,0.12,1.14,0.63,10.64,0.00,647
31.375,16.73,0.12,1.13,0.61,10.76,0.00,647
31.391,16.73,0.12,1.15,0.62,10.65,0.00,646
31.408,16.67,0.11,1.14,0.71,10.63,0.00,644
31.425,16.74,0.12,1.21,0.69,10.58,0.00,640
31.441,16.80,0.12,1.21,0.71,10.50,0.00,636
31.458,16.73,0.20,1.21,0.71,10.46,0.00,635
31.475,16.74,0.16,1.11,0.64,10.60,0.00,635
31.492,16.72,0.12,1.15,0.61,10.49,0.00,633
31.508,16.66,0.11,1.23,0.66,10.42,0.00,630
31.525,16.88,0.14,1.27,0.71,10.37,0.00,626
31.542,16.66,0.11,1.17,0.64,10.48,0.00,621
31.559,16.73,0.12,1.15,0.61,10.28,0.00,623
31.575,16.74,0.12,1.15,0.64,10.43,0.00,620
31.592,16.73,0.10,1.13,0.61,10.40,0.00,619
31.609,16.73,0.12,1.13,0.61,10.37,0.00,616
31.626,16.73,0.09,1.12,0.58,10.38,0.00,622
31.642,16.69,0.13,1.22,0.65,10.44,0.00,620
31.662,20.19,0.11,1.14,0.76,10.41,0.00,629
31.676,13.29,0.08,1.33,0.76,10.83,0.00,631
31.692,16.79,0.08,0.42,0.29,11.01,0.00,630
31.709,16.70,0.14,1.19,0.67,11.12,0.00,627
31.726,16.70,0.11,0.82,0.72,10.79,0.00,612
31.743,16.76,0.06,0.36,0.45,10.73,0.00,609
31.759,16.71,0.11,0.94,0.65,10.71,0.00,610
31.776,16.81,0.16,0.82,0.66,10.81,0.00,613
31.793,16.75,0.17,0.81,0.63,10.75,0.00,598
31.810,16.71,0.10,0.86,0.71,10.71,0.00,601
31.828,17.94,0.12,0.82,0.79,10.68,0.00,600
31.843,15.86,0.10,0.77,0.69,10.67,0.00,603
31.860,16.39,0.10,0.84,0.60,10.65,0.00,602
31.877,16.73,0.09,0.81,0.58,10.75,0.00,600
31.893,16.73,0.10,0.82,0.57,10.58,0.00,600
31.910,16.81,0.10,0.84,0.60,10.78,0.00,602
31.927,16.69,0.10,0.91,0.63,10.75,0.00,602
31.943,16.71,0.09,0.83,0.61,10.58,0.00,603
31.960,16.74,0.10,0.84,0.59,10.70,0.00,603
31.977,16.73,0.10,0.83,0.61,10.66,0.00,602
31.994,16.69,0.10,0.81,0.59,10.50,0.00,604
32.010,16.78,0.09,0.80,0.56,10.70,0.00,604
32.027,16.74,0.10,0.81,0.77,10.69,0.00,603
32.044,16.75,0.10,0.82,0.63,10.54,0.00,605
32.061,16.69,0.11,0.81,0.68,10.49,0.00,604
32.077,16.76,0.10,0.75,0.64,10.58,0.00,605
32.094,16.73,0.37,0.85,0.73,10.59,0.00,697
32.111,16.73,0.12,0.86,0.64,11.30,0.00,692
32.128,16.75,0.11,0.82,0.68,11.27,0.00,688
32.144,16.79,0.15,0.77,0.68,11.27,0.00,690
32.161,16.66,0.11,0.82,0.62,11.26,0.00,690
32.178,16.73,0.10,0.86,0.61,11.27,0.00,687
32.194,16.67,0.10,0.87,0.67,11.21,0.00,688
32.211,16.80,0.12,0.81,0.65,11.36,0.00,689
32.228,16.73,0.10,0.84,0.65,11.36,0.00,687
32.245,16.73,0.11,0.82,0.65,11.41,0.00,683
32.261,16.74,0.11,0.84,0.65,11.27,0.00,685
32.278,16.74,0.10,0.90,0.67,11.28,0.00,681
32.295,16.73,0.11,0.84,0.59,11.26,0.00,678
32.312,16.75,0.12,0.82,0.58,11.36,0.00,677
32.328,16.72,0.11,0.80,0.58,11.36,0.00,677
32.345,16.73,0.11,0.78,0.56,11.49,0.00,675
32.362,16.73,0.12,0.80,0.57,11.43,0.00,674
32.379,16.73,0.11,0.78,0.56,11.32,0.00,671
32.395,16.73,0.12,0.84,0.61,11.27,0.00,669
32.411,15.55,0.10,1.05,0.79,11.31,0.00,677
32.429,17.92,0.14,0.94,0.72,11.88,0.00,680
32.445,16.67,0.13,0.96,0.71,11.90,0.00,679
32.462,16.75,0.12,0.88,0.69,11.83,0.00,677
32.479,16.84,0.12,0.90,0.63,11.77,0.00,654
32.496,16.70,0.12,0.85,0.74,11.69,0.00,649
32.512,16.70,0.11,0.99,0.66,11.62,0.00,649
32.529,16.76,0.15,0.91,0.69,11.57,0.00,649
32.546,16.73,0.12,0.92,0.63,11.51,0.00,649
32.563,16.74,0.18,0.86,0.63,11.58,0.00,648
32.576,13.48,0.10,0.87,2.89,11.42,0.00,645
32.596,20.36,0.10,0.83,0.71,11.37,0.00,642
32.613,16.34,0.09,0.85,0.63,11.25,0.00,642
32.630,16.73,0.12,0.82,0.57,11.30,0.00,643
32.646,16.74,0.11,0.80,0.61,11.27,0.00,641
32.663,16.73,0.11,0.81,0.60,11.29,0.00,639
32.680,16.73,0.09,0.86,0.63,11.12,0.00,639
32.696,16.75,0.12,0.85,0.64,11.06,0.00,638
32.713,16.66,0.10,0.81,0.63,11.11,0.00,633
32.730,16.79,0.10,0.83,0.60,11.05,0.00,631
32.747,16.80,0.12,0.81,0.61,10.87,0.00,631
32.763,16.66,0.09,0.86,0.58,10.93,0.00,631
32.780,16.74,0.09,0.84,0.57,10.83,0.00,629
32.797,16.75,0.11,0.81,0.62,10.79,0.00,626
32.814,16.71,0.11,0.84,0.60,10.69,0.00,622
32.830,16.80,0.11,0.84,0.63,10.65,0.00,617
32.847,16.60,0.10,0.85,0.62,10.64,0.00,617
32.864,16.79,0.11,0.81,0.60,10.77,0.00,617
32.881,16.73,0.09,0.87,0.61,10.57,0.00,615
32.897,16.75,0.11,0.84,0.60,10.51,0.00,611
32.914,16.90,0.14,0.82,0.66,10.49,0.00,609
32.931,16.49,0.10,1.04,0.64,10.40,0.00,605
32.947,16.75,0.12,0.86,0.69,10.43,0.00,604
32.964,16.78,0.11,0.88,0.62,10.53,0.00,602
32.981,16.73,0.10,0.81,0.60,10.45,0.00,601
32.998,16.73,0.09,0.83,0.61,10.27,0.00,598
33.014,16.76,0.12,0.79,0.60,10.34,0.00,595
33.031,16.72,0.11,0.84,0.58,10.28,0.00,593
33.048,16.72,0.09,0.83,0.61,10.11,0.00,593
33.065,16.73,0.10,0.85,0.60,10.21,0.00,592
33.081,16.73,0.09,0.84,0.61,10.28,0.00,589
33.098,16.80,0.18,0.76,0.61,10.25,0.00,586
33.115,16.61,0.11,0.82,0.61,10.09,0.00,586
33.132,16.79,0.11,0.84,0.62,10.18,0.00,586
33.148,16.74,0.11,0.81,0.63,10.05,0.00,583
33.165,16.68,0.06,0.41,0.39,9.98,0.00,583
33.182,16.77,0.04,0.28,0.31,10.19,0.00,582
33.198,16.72,0.06,0.46,0.38,10.15,0.00,581
33.215,16.74,0.07,0.54,0.46,10.14,0.00,578
33.232,16.75,0.10,0.81,0.59,9.99,0.00,575
33.249,16.73,0.09,0.80,0.60,9.92,0.00,572
33.265,16.74,0.09,0.83,0.59,10.00,0.00,573
33.282,16.73,0.11,0.78,0.58,9.97,0.00,571
33.299,16.73,0.09,0.80,0.57,9.96,0.00,571
33.316,16.73,0.09,0.83,0.61,10.11,0.00,571
33.332,16.74,0.09,0.80,0.57,10.00,0.00,569
33.349,16.73,0.10,0.80,0.59,10.01,0.00,567
33.366,16.73,0.10,0.77,0.57,10.14,0.00,567
33.382,16.73,0.15,1.20,0.65,10.08,0.00,662
33.399,16.73,0.13,1.26,0.61,14.58,0.00,663
33.416,16.73,0.13,1.25,0.64,14.47,0.00,662
33.433,16.75,0.21,1.14,0.63,14.53,0.00,661
33.449,16.73,0.14,1.33,0.60,14.44,0.00,658
33.466,16.74,0.14,1.23,0.64,14.50,0.00,660
33.483,16.68,0.15,1.35,0.80,14.47,0.00,660
33.503,20.03,0.13,1.32,0.75,14.75,0.00,670
33.516,13.48,0.13,0.88,0.70,14.75,0.00,672
33.533,16.65,0.05,0.45,0.36,13.63,0.00,677
33.550,16.80,0.16,1.37,0.77,7.90,0.00,678
33.567,16.73,0.13,1.41,0.89,11.36,0.00,681
33.583,16.76,0.07,1.52,0.91,11.63,0.00,680
33.600,16.83,0.24,1.29,0.84,13.59,0.00,683
33.617,16.64,0.14,1.33,0.82,13.59,0.00,686
33.634,16.73,0.21,1.26,0.69,12.24,0.00,690
33.647,13.59,0.11,1.26,2.40,13.49,0.00,691
33.667,20.25,0.11,1.21,0.79,13.12,0.00,694
33.684,16.36,0.10,1.26,0.72,14.99,0.00,695
33.700,16.73,0.11,1.30,0.64,13.09,0.00,697
33.717,16.66,0.11,1.29,0.62,13.99,0.00,698
33.734,16.76,0.11,1.34,0.69,13.98,0.00,699
33.751,16.72,0.11,1.29,0.65,13.76,0.00,701
33.767,16.72,0.11,1.38,0.66,13.89,0.00,700
33.784,16.81,0.12,1.36,0.63,14.46,0.00,698
33.801,16.74,0.13,1.29,0.72,12.56,0.00,702
33.818,16.73,0.12,1.31,0.72,12.86,0.00,705
33.834,16.81,0.11,1.31,0.70,12.86,0.00,707
33.851,16.66,0.10,1.33,0.69,12.82,0.00,709
33.868,16.73,0.12,1.27,0.67,12.81,0.00,709
33.885,16.75,0.19,1.23,0.73,12.74,0.00,708
33.901,16.71,0.11,1.35,0.74,12.79,0.00,708
33.918,16.72,0.07,0.78,0.71,12.77,0.00,708
33.935,16.75,0.13,1.31,0.66,12.84,0.00,711
33.951,16.73,0.12,1.29,0.66,12.90,0.00,711
33.968,16.74,0.13,1.34,0.71,12.84,0.00,711
33.985,16.79,0.12,1.31,0.70,12.89,0.00,710
34.002,16.67,0.11,1.29,0.66,12.89,0.00,709
34.018,16.73,0.12,1.32,0.70,12.90,0.00,711
34.035,16.75,0.28,1.27,0.74,12.98,0.00,712
34.052,16.65,0.10,1.24,0.61,13.04,0.00,711
34.069,16.80,0.12,1.19,0.66,12.96,0.00,711
34.085,16.71,0.10,1.23,0.67,12.99,0.00,713
34.102,16.77,0.35,1.21,0.68,13.01,0.00,744
34.119,16.66,0.11,1.26,0.66,13.56,0.00,744
34.135,16.79,0.12,1.22,0.67,13.69,0.00,743
34.152,16.74,0.12,1.33,0.71,13.71,0.00,743
34.169,16.66,0.11,1.24,0.64,13.69,0.00,744
34.186,16.73,0.11,1.30,0.61,13.66,0.00,745
34.202,16.82,0.19,1.20,0.70,13.68,0.00,742
34.219,16.68,0.11,1.29,0.66,13.69,0.00,742
34.236,16.76,0.13,1.20,0.66,13.66,0.00,743
34.253,16.73,0.12,1.24,0.63,13.78,0.00,743
34.269,16.73,0.12,1.18,0.66,13.78,0.00,740
34.286,16.74,0.12,1.26,0.71,13.74,0.00,739
34.303,16.70,0.12,1.24,0.60,13.79,0.00,734
34.319,16.69,0.10,1.21,0.68,13.73,0.00,734
34.335,15.70,0.12,1.88,0.69,13.79,0.00,743
34.353,17.80,0.12,1.65,0.95,14.43,0.00,742
34.370,16.72,0.29,1.31,0.81,14.43,0.00,741
34.386,16.74,0.13,1.38,0.70,14.37,0.00,735
34.403,16.71,0.12,1.35,0.80,14.34,0.00,733
34.420,16.77,0.13,1.44,0.73,14.27,0.00,727
34.437,16.67,0.11,1.29,0.64,14.30,0.00,728
34.453,16.79,0.12,1.28,0.83,14.25,0.00,726
34.470,16.72,0.11,1.24,0.68,14.24,0.00,722
34.487,16.72,0.27,1.11,0.60,14.21,0.00,722
34.504,16.75,0.12,1.28,0.74,14.22,0.00,721
34.521,17.88,0.11,1.26,0.73,14.16,0.00,717
34.537,15.91,0.10,1.18,0.72,14.17,0.00,715
34.554,16.42,0.11,1.21,0.61,14.17,0.00,714
34.571,16.73,0.12,1.23,0.65,14.22,0.00,715
34.587,16.71,0.12,1.22,0.63,14.19,0.00,713
34.604,16.76,0.23,1.07,0.59,14.22,0.00,711
34.621,16.67,0.12,1.30,0.72,14.11,0.00,709
34.637,16.75,0.11,1.21,0.64,14.14,0.00,708
34.654,16.82,0.21,1.11,0.71,14.11,0.00,705
34.671,16.69,0.22,1.09,0.64,14.13,0.00,706
34.688,16.69,0.11,1.10,0.62,14.10,0.00,704
34.704,16.80,0.25,1.23,0.74,14.20,0.00,701
34.725,20.21,0.11,1.12,0.75,14.01,0.00,710
34.738,13.19,0.11,1.27,0.81,14.01,0.00,708
34.755,16.83,0.06,0.45,0.33,10.46,0.00,707
34.771,16.69,0.11,1.26,0.75,10.14,0.00,706
34.788,16.68,0.11,1.20,0.81,13.15,0.00,702
34.805,16.81,0.15,1.38,1.17,13.47,0.00,698
34.821,16.68,0.11,1.36,0.87,14.35,0.00,691
34.838,16.69,0.11,1.28,0.69,14.38,0.00,685
34.855,16.74,0.25,1.09,0.75,14.30,0.00,681
34.873,18.00,0.13,1.44,0.73,14.06,0.00,677
34.889,15.97,0.11,1.02,0.80,14.14,0.00,674
34.905,16.21,0.10,1.04,0.62,11.33,0.00,672
34.922,16.81,0.10,1.11,0.66,11.21,0.00,669
34.939,16.74,0.10,1.08,0.59,11.22,0.00,669
34.955,16.71,0.13,1.12,0.66,11.14,0.00,666
34.972,16.73,0.12,1.09,0.61,11.24,0.00,665
34.989,16.80,0.12,1.09,0.69,11.31,0.00,663
35.006,16.66,0.12,1.11,0.62,11.30,0.00,661
35.022,16.73,0.10,1.10,0.61,11.25,0.00,660
35.039,16.73,0.10,1.10,0.60,11.23,0.00,660
35.056,16.73,0.10,1.11,0.61,11.21,0.00,660
35.072,16.74,0.10,1.07,0.57,11.17,0.00,659
35.089,16.73,0.10,1.08,0.56,11.16,0.00,657
35.106,16.73,0.12,1.07,0.58,11.45,0.00,655
35.123,16.73,0.10,1.07,0.57,11.51,0.00,656
35.139,16.75,0.12,1.06,0.67,11.53,0.00,653
35.156,16.72,0.10,1.10,0.58,11.57,0.00,651
35.173,16.73,0.10,1.08,0.57,11.53,0.00,648
35.190,16.73,0.10,1.07,0.58,11.47,0.00,649
35.206,16.75,0.12,1.06,0.65,11.51,0.00,647
35.223,16.72,0.10,1.12,0.57,11.38,0.00,649
35.240,16.75,0.12,1.11,0.62,11.31,0.00,649
35.260,20.09,0.19,1.12,0.78,11.23,0.00,657
35.273,13.38,0.14,1.30,0.75,11.63,0.00,654
35.290,16.73,0.23,0.51,0.32,11.75,0.00,701
35.307,16.72,0.12,1.58,0.66,15.48,0.00,700
35.324,16.79,0.24,1.55,0.63,15.30,0.00,698
35.340,16.65,0.07,0.60,0.42,15.30,0.00,692
35.357,16.75,0.12,1.33,0.69,13.41,0.00,677
35.374,16.74,0.12,1.36,0.63,7.92,0.00,676
35.390,16.73,0.13,1.27,0.62,9.47,0.00,673
35.408,17.90,0.19,1.31,0.79,11.82,0.00,676
35.424,15.79,0.17,1.20,0.64,11.82,0.00,671
35.441,16.50,0.15,1.26,0.64,11.49,0.00,673
35.457,16.74,0.15,1.28,0.63,11.58,0.00,674
35.474,16.69,0.13,1.28,0.63,11.98,0.00,674
35.491,16.77,0.14,1.26,0.60,12.47,0.00,674
35.508,16.79,0.21,1.23,0.63,13.92,0.00,674
35.524,16.69,0.13,1.21,0.62,15.32,0.00,673
35.541,16.72,0.15,1.35,0.60,14.72,0.00,672
35.558,16.73,0.14,1.31,0.58,14.68,0.00,673
35.574,16.73,0.14,1.32,0.59,14.92,0.00,672
35.591,16.74,0.15,1.35,0.63,14.70,0.00,671
35.608,16.73,0.12,1.29,0.63,12.74,0.00,671
35.625,16.74,0.14,1.29,0.63,13.64,0.00,670
35.641,16.75,0.25,1.22,0.62,13.98,0.00,667
35.658,16.69,0.09,0.83,0.48,14.92,0.00,665
35.675,16.69,0.13,1.40,0.62,15.16,0.00,667
35.692,16.80,0.14,1.21,0.64,12.23,0.00,663
35.708,16.67,0.14,1.28,0.66,11.03,0.00,662
35.725,16.79,0.12,1.29,0.64,12.33,0.00,662
35.742,16.73,0.12,1.28,0.65,12.57,0.00,664
35.759,16.74,0.24,1.20,0.66,12.54,0.00,664
35.775,16.68,0.12,1.24,0.66,12.56,0.00,665
35.792,16.78,0.11,1.28,0.64,12.54,0.00,665
35.809,16.74,0.13,1.25,0.62,12.47,0.00,666
35.826,16.78,0.16,1.26,0.65,12.60,0.00,666
35.842,16.69,0.12,1.21,0.64,12.61,0.00,666
35.859,16.73,0.12,1.33,0.67,12.59,0.00,667
35.876,16.75,0.21,1.18,0.66,12.57,0.00,668
35.892,16.72,0.13,1.25,0.67,12.58,0.00,666
35.909,16.76,0.11,1.18,0.65,12.57,0.00,666
35.926,16.71,0.13,1.19,0.63,12.58,0.00,666
35.943,16.73,0.13,1.20,0.63,12.59,0.00,666
35.959,16.74,0.13,1.26,0.65,12.73,0.00,666
35.976,16.73,0.13,1.24,0.63,12.68,0.00,666
35.993,16.73,0.11,1.27,0.62,12.69,0.00,666
36.010,16.74,0.13,1.21,0.60,12.71,0.00,660
36.026,16.73,0.13,1.23,0.62,12.69,0.00,659
36.043,16.72,0.14,1.23,0.59,12.70,0.00,661
36.060,16.73,0.11,1.21,0.60,12.83,0.00,660
36.076,16.73,0.11,1.12,0.61,12.83,0.00,643
36.093,16.73,0.13,1.16,0.65,12.82,0.00,643
36.110,16.73,0.38,1.19,0.63,12.82,0.00,676
36.127,16.75,0.13,1.24,0.62,13.29,0.00,673
36.143,16.73,0.13,1.18,0.67,13.29,0.00,672
36.160,16.67,0.11,1.26,0.61,13.46,0.00,671
36.177,16.79,0.12,1.22,0.60,13.47,0.00,671
36.194,16.73,0.11,1.18,0.61,13.49,0.00,671
36.210,16.69,0.12,1.26,0.67,13.51,0.00,670
36.227,16.78,0.12,1.24,0.65,13.52,0.00,671
36.244,16.74,0.15,1.25,0.66,13.53,0.00,671
36.260,16.71,0.20,1.18,0.64,13.56,0.00,671
36.277,16.75,0.22,1.20,0.71,13.72,0.00,670
36.298,20.53,0.11,1.27,0.83,13.72,0.00,687
36.311,12.97,0.12,1.24,0.75,13.72,0.00,686
36.327,16.65,0.13,0.56,0.34,14.74,0.00,685
36.344,16.80,0.12,1.39,0.74,8.53,0.00,685
36.361,16.71,0.12,1.39,0.72,11.20,0.00,685
36.378,16.72,0.06,0.50,0.41,12.12,0.00,683
36.391,13.77,0.12,1.26,2.85,13.10,0.00,700
36.407,15.91,0.12,1.21,3.72,13.22,0.00,700
36.427,19.23,0.12,2.04,0.96,14.32,0.00,711
36.445,18.01,0.04,0.28,0.37,14.32,0.00,709
36.461,16.67,0.02,0.17,0.22,13.67,0.00,707
36.478,16.81,0.19,0.76,0.65,8.42,0.00,704
36.495,16.75,0.12,1.44,0.67,8.57,0.00,707
36.511,16.67,0.13,1.52,0.73,11.18,0.00,707
36.528,16.80,0.13,1.48,0.64,14.56,0.00,707
36.546,17.84,0.34,1.59,0.74,14.30,0.00,702
36.562,16.04,0.11,1.25,0.69,14.24,0.00,701
36.578,16.31,0.12,1.39,0.65,13.84,0.00,705
36.595,16.73,0.11,1.29,0.62,11.09,0.00,707
36.612,16.74,0.14,1.31,0.68,11.47,0.00,707
36.629,16.72,0.13,1.36,0.69,13.44,0.00,706
36.645,16.74,0.14,1.37,0.63,13.98,0.00,708
36.662,16.73,0.14,1.37,0.63,13.89,0.00,708
36.679,16.73,0.13,1.25,0.62,13.67,0.00,708
36.696,16.77,0.21,1.22,0.60,13.86,0.00,707
36.712,16.75,0.22,1.24,0.60,13.74,0.00,707
36.729,16.70,0.13,1.22,0.64,13.61,0.00,694
36.746,16.73,0.13,1.28,0.69,13.47,0.00,691
36.762,16.66,0.11,1.49,0.72,13.30,0.00,685
36.779,16.74,0.11,1.31,0.65,13.08,0.00,681
36.796,16.76,0.12,1.24,0.53,13.09,0.00,678
36.813,16.71,0.08,0.57,0.52,11.78,0.00,676
36.829,16.77,0.09,0.68,0.53,11.75,0.00,676
36.846,16.74,0.06,0.49,0.37,11.82,0.00,676
36.863,16.72,0.04,0.46,0.30,11.64,0.00,676
36.880,16.76,0.05,0.44,0.30,11.57,0.00,674
36.896,16.64,0.05,0.58,0.30,11.46,0.00,675
36.913,16.79,0.04,0.47,0.31,11.54,0.00,674
36.930,16.68,0.05,0.49,0.36,11.52,0.00,674
36.946,16.72,0.05,0.47,0.32,11.43,0.00,670
36.963,16.80,0.04,0.45,0.34,11.47,0.00,670
36.980,16.77,0.05,0.45,0.32,11.32,0.00,669
36.997,16.70,0.05,0.47,0.34,11.21,0.00,671
37.011,14.29,0.06,0.42,2.66,11.45,0.00,680
37.030,19.20,0.06,0.51,0.34,12.13,0.00,678
37.047,16.73,0.08,0.48,0.40,11.96,0.00,677
37.060,13.08,0.05,0.43,3.78,12.00,0.00,691
37.081,20.92,0.05,0.44,0.36,11.92,0.00,690
37.097,16.15,0.06,0.48,0.41,11.80,0.00,689
37.110,13.07,0.06,0.44,3.85,11.88,0.00,691
37.127,16.57,0.05,0.43,4.02,12.04,0.00,685
37.144,17.43,0.11,1.33,2.89,11.96,0.00,684
37.164,20.08,0.18,1.24,0.68,11.72,0.00,684
37.181,16.58,0.10,1.44,0.62,11.56,0.00,679
37.198,16.73,0.10,1.28,0.61,11.58,0.00,678
37.214,16.73,0.13,1.23,0.65,11.56,0.00,675
37.231,16.73,0.10,1.24,0.60,11.59,0.00,671
37.248,16.73,0.10,1.26,0.60,11.57,0.00,670
37.264,16.74,0.10,0.97,0.64,11.49,0.00,661
37.281,16.73,0.10,0.97,0.65,11.38,0.00,658
37.298,16.73,0.10,0.99,0.66,11.32,0.00,656
37.315,16.73,0.10,0.93,0.61,11.28,0.00,657
37.331,16.74,0.11,0.96,0.60,11.24,0.00,657
37.348,16.74,0.10,0.94,0.61,11.33,0.00,654
37.365,16.73,0.10,0.93,0.64,11.28,0.00,652
37.382,16.73,0.12,0.93,0.60,11.23,0.00,653
37.398,16.75,0.13,0.92,0.65,11.20,0.00,644
37.415,16.71,0.10,0.92,0.59,11.17,0.00,644
37.432,16.74,0.11,0.98,0.61,11.16,0.00,647
37.449,16.73,0.10,0.93,0.58,11.40,0.00,647
37.465,16.74,0.10,0.93,0.59,11.32,0.00,648
37.482,16.74,0.12,0.99,0.58,11.37,0.00,664
37.499,16.72,0.11,0.93,0.61,11.38,0.00,662
37.515,16.73,0.10,0.93,0.59,11.42,0.00,660
37.532,16.74,0.11,0.91,0.58,11.39,0.00,658
37.549,16.73,0.10,0.91,0.65,11.35,0.00,658
37.566,16.74,0.10,0.89,0.61,11.33,0.00,658
37.581,15.62,0.10,0.89,1.26,11.33,0.00,668
37.599,17.86,0.25,1.04,0.77,11.91,0.00,669
37.616,16.66,0.11,0.92,0.80,11.89,0.00,666
37.633,16.79,0.12,1.05,0.75,12.00,0.00,667
37.649,16.77,0.17,0.97,0.72,11.98,0.00,668
37.666,16.72,0.13,1.09,0.84,12.06,0.00,666
37.683,16.69,0.11,0.91,0.65,11.99,0.00,660
37.700,16.73,0.10,0.99,0.61,11.91,0.00,657
37.713,13.56,0.11,0.94,3.29,11.86,0.00,657
37.733,20.26,0.10,0.86,0.66,11.82,0.00,655
37.750,16.39,0.13,0.85,0.66,11.77,0.00,651
37.766,16.73,0.10,0.90,0.63,11.86,0.00,649
37.783,16.70,0.10,0.86,0.63,11.80,0.00,647
37.800,16.72,0.10,0.91,0.66,11.75,0.00,647
37.817,16.74,0.16,0.91,0.69,11.77,0.00,646
37.833,16.78,0.10,0.87,0.64,11.75,0.00,644
37.850,16.73,0.10,0.92,0.64,11.79,0.00,646
37.867,16.74,0.10,0.89,0.63,11.95,0.00,644
37.884,16.74,0.10,0.89,0.66,11.94,0.00,641
37.900,16.73,0.10,0.89,0.61,11.92,0.00,637
37.917,16.73,0.09,0.91,0.62,11.90,0.00,639
37.934,16.73,0.09,0.87,0.62,11.91,0.00,637
37.951,16.73,0.09,0.89,0.61,11.83,0.00,637
37.967,16.73,0.10,0.89,0.62,11.75,0.00,638
37.984,16.75,0.10,0.91,0.63,11.89,0.00,637
38.001,16.72,0.10,0.92,0.64,11.76,0.00,635
38.017,16.73,0.09,0.88,0.63,11.67,0.00,635
38.034,16.73,0.09,0.87,0.60,11.64,0.00,634
38.051,16.75,0.10,0.90,0.60,11.59,0.00,635
38.068,16.73,0.10,0.91,0.63,11.60,0.00,631
38.088,20.32,0.11,0.78,0.76,11.64,0.00,638
38.101,13.14,0.08,0.58,0.94,12.10,0.00,638
38.118,16.65,0.16,0.35,0.35,12.24,0.00,686
38.135,16.81,0.12,0.92,0.83,12.79,0.00,686
38.151,16.70,0.10,0.95,0.74,12.79,0.00,681
38.168,16.69,0.07,0.40,0.41,12.59,0.00,681
38.185,16.74,0.09,0.67,0.58,12.69,0.00,680
38.202,16.80,0.17,0.99,0.69,12.63,0.00,677
38.218,16.75,0.12,0.92,0.64,12.42,0.00,673
38.236,17.77,0.17,1.06,0.73,12.35,0.00,671
38.252,16.13,0.10,0.82,0.65,12.03,0.00,669
38.268,16.28,0.10,0.85,0.62,12.06,0.00,666
38.285,16.74,0.12,0.89,0.74,11.93,0.00,665
38.302,16.74,0.10,0.91,0.70,12.04,0.00,664
38.319,16.72,0.10,0.83,0.62,11.93,0.00,662
38.335,16.73,0.09,0.89,0.65,11.83,0.00,661
38.352,16.73,0.09,0.89,0.65,11.73,0.00,658
38.369,16.74,0.10,0.87,0.63,11.66,0.00,657
38.386,16.73,0.12,0.91,0.64,11.67,0.00,660
38.402,16.74,0.09,0.88,0.60,11.65,0.00,657
38.419,16.72,0.09,0.88,0.65,11.56,0.00,655
38.436,16.74,0.10,0.88,0.67,11.49,0.00,634
38.453,16.78,0.10,1.00,0.64,11.37,0.00,633
38.469,16.69,0.10,0.84,0.64,11.11,0.00,632
38.486,16.73,0.09,0.87,0.60,11.05,0.00,631
38.503,16.73,0.10,0.85,0.59,10.96,0.00,629
38.519,16.73,0.10,0.88,0.63,11.00,0.00,623
38.536,16.74,0.09,0.85,0.60,10.92,0.00,622
38.553,16.73,0.10,0.90,0.66,10.85,0.00,621
38.570,16.74,0.10,0.87,0.61,10.84,0.00,620
38.586,16.73,0.09,0.85,0.62,10.79,0.00,620
38.603,16.73,0.10,0.85,0.60,10.75,0.00,621
38.620,16.73,0.10,0.85,0.61,10.83,0.00,621
38.637,16.73,0.09,0.85,0.58,10.81,0.00,621
38.653,16.74,0.10,0.89,0.67,10.77,0.00,619
38.670,16.73,0.11,0.91,0.66,10.75,0.00,618
38.687,16.73,0.09,0.87,0.62,10.74,0.00,618
38.704,16.73,0.12,0.91,0.66,10.83,0.00,615
38.720,16.75,0.11,0.86,0.62,10.83,0.00,613
38.737,16.71,0.10,0.87,0.60,10.85,0.00,612
38.754,16.74,0.09,0.86,0.66,10.81,0.00,610
38.770,16.73,0.09,0.88,0.62,10.80,0.00,607
38.787,16.75,0.09,0.87,0.59,10.78,0.00,606
38.804,16.73,0.09,0.87,0.64,10.79,0.00,606
38.821,16.73,0.10,0.89,0.62,10.79,0.00,605
38.837,16.74,0.10,0.89,0.63,10.91,0.00,603
38.854,16.75,0.11,0.85,0.68,10.95,0.00,603
38.874,20.36,0.10,0.87,0.82,10.97,0.00,611
38.888,13.08,0.08,0.70,0.83,11.43,0.00,611
38.904,16.73,0.07,0.35,0.32,11.64,0.00,609
38.921,16.76,0.10,1.05,0.69,11.59,0.00,610
38.938,16.73,0.10,0.95,0.69,11.69,0.00,610
38.955,16.73,0.06,0.40,0.41,11.70,0.00,611
38.968,13.33,0.10,0.85,3.48,11.64,0.00,609
38.984,16.57,0.10,0.84,3.72,11.67,0.00,608
39.005,21.06,0.10,0.89,0.66,11.59,0.00,607
39.022,16.27,0.09,0.81,0.66,11.43,0.00,608
39.038,16.43,0.09,0.91,0.62,11.64,0.00,608
39.055,16.73,0.09,0.89,0.61,11.64,0.00,607
39.072,16.73,0.09,0.92,0.64,11.65,0.00,604
39.088,16.74,0.33,1.00,0.61,11.63,0.00,679
39.105,16.75,0.13,1.00,0.64,12.29,0.00,677
39.122,16.71,0.10,1.15,0.64,12.44,0.00,677
39.139,16.75,0.11,1.07,0.67,12.45,0.00,678
39.155,16.75,0.11,1.05,0.68,12.58,0.00,678
39.172,16.72,0.10,1.01,0.60,12.57,0.00,679
39.189,16.73,0.10,1.04,0.61,12.54,0.00,677
39.206,16.75,0.10,1.01,0.62,12.38,0.00,674
39.222,16.73,0.10,1.02,0.63,12.40,0.00,673
39.239,16.73,0.11,1.00,0.59,12.28,0.00,673
39.256,16.75,0.10,1.04,0.62,12.29,0.00,674
39.272,16.72,0.13,1.05,0.64,12.20,0.00,676
39.289,16.73,0.11,1.07,0.67,12.10,0.00,676
39.306,16.73,0.11,1.05,0.60,12.13,0.00,676
39.323,16.73,0.12,1.02,0.65,12.05,0.00,675
39.339,16.73,0.10,1.02,0.62,12.07,0.00,674
39.356,16.74,0.12,0.98,0.61,12.09,0.00,674
39.373,16.74,0.12,1.05,0.64,12.26,0.00,673
39.390,16.72,0.11,1.08,0.66,12.26,0.00,669
39.406,16.77,0.12,1.07,0.63,12.25,0.00,669
39.427,20.16,0.11,1.01,0.75,12.21,0.00,665
39.436,9.32,0.07,0.64,4.18,12.21,0.00,663
39.457,20.68,0.12,1.17,0.65,11.92,0.00,663
39.473,16.73,0.12,1.10,0.65,6.94,0.00,660
39.490,16.74,0.12,1.14,0.66,8.13,0.00,660
39.507,16.73,0.12,1.08,0.65,11.85,0.00,670
39.523,16.74,0.10,1.08,0.66,11.77,0.00,669
39.540,16.73,0.10,1.09,0.62,11.74,0.00,669
39.557,16.74,0.11,1.08,0.59,11.67,0.00,668
39.574,16.73,0.11,1.06,0.62,11.73,0.00,664
39.592,18.32,0.11,0.98,0.84,11.69,0.00,662
39.607,15.15,0.10,1.02,0.62,11.60,0.00,661
39.624,16.73,0.10,1.05,0.63,11.68,0.00,661
39.641,16.73,0.10,1.05,0.62,11.63,0.00,658
39.657,16.73,0.09,1.02,0.60,11.64,0.00,657
39.674,16.74,0.10,1.02,0.61,11.56,0.00,659
39.691,16.74,0.13,1.06,0.67,11.59,0.00,658
39.708,16.73,0.10,1.03,0.64,11.48,0.00,653
39.724,16.74,0.10,1.10,0.66,11.35,0.00,653
39.741,16.72,0.10,1.05,0.61,11.26,0.00,652
39.758,16.73,0.09,1.02,0.60,11.15,0.00,649
39.774,16.73,0.10,1.07,0.64,11.09,0.00,650
39.791,16.74,0.09,1.05,0.61,11.14,0.00,649
39.808,16.73,0.10,1.05,0.61,11.11,0.00,649
39.825,16.75,0.10,1.03,0.62,11.06,0.00,649
39.841,16.72,0.09,1.02,0.67,11.01,0.00,649
39.858,16.73,0.10,1.05,0.63,11.00,0.00,647
39.875,16.73,0.10,1.11,0.63,10.93,0.00,646
39.892,16.73,0.09,1.03,0.58,11.01,0.00,645
39.907,15.85,0.10,1.15,0.76,10.97,0.00,654
39.925,17.63,0.14,1.16,0.79,11.40,0.00,657
39.942,17.13,0.11,1.08,0.77,11.18,0.00,650
39.959,16.34,0.12,1.06,0.64,11.23,0.00,646
39.975,16.73,0.10,1.10,0.69,11.15,0.00,644
39.992,16.74,0.26,1.46,0.78,11.12,0.00,684
40.009,16.72,0.14,1.46,0.77,15.10,0.00,682
40.025,16.72,0.13,1.47,0.69,14.31,0.00,680
40.043,17.88,0.12,1.34,0.96,14.48,0.00,677
40.059,15.77,0.20,1.31,0.70,14.32,0.00,681
40.076,16.55,0.12,1.45,0.62,14.60,0.00,680
40.092,16.73,0.12,1.35,0.60,14.88,0.00,679
40.109,16.73,0.12,1.36,0.60,14.85,0.00,681
40.126,16.72,0.28,1.46,0.64,14.88,0.00,708
40.143,16.74,0.11,1.49,0.61,15.15,0.00,712
40.159,16.73,0.11,1.48,0.61,15.16,0.00,713
40.176,16.73,0.12,1.49,0.61,15.18,0.00,712
40.193,16.73,0.13,1.47,0.58,15.24,0.00,714
40.209,16.74,0.13,1.50,0.64,15.30,0.00,713
40.226,16.73,0.12,1.36,0.69,15.37,0.00,714
40.243,16.73,0.12,1.58,0.61,15.26,0.00,714
40.260,16.75,0.12,1.46,0.62,9.79,0.00,711
40.276,16.72,0.13,1.50,0.63,11.68,0.00,711
40.293,16.73,0.12,1.53,0.61,14.64,0.00,711
40.310,16.73,0.12,1.51,0.60,15.27,0.00,715
40.327,16.73,0.12,1.49,0.65,15.45,0.00,716
40.343,16.73,0.11,1.43,0.73,15.50,0.00,718
40.360,16.74,0.11,1.45,0.60,10.61,0.00,719
40.377,16.79,0.25,1.54,0.75,13.85,0.00,713
40.394,16.68,0.13,1.50,0.63,14.36,0.00,711
40.410,16.72,0.11,1.37,0.61,12.39,0.00,712
40.427,16.73,0.10,1.41,0.60,12.89,0.00,710
40.444,16.69,0.11,1.48,0.63,13.12,0.00,710
40.460,16.77,0.10,1.48,0.63,13.19,0.00,708
40.477,16.67,0.10,1.42,0.63,13.23,0.00,700
40.494,16.80,0.11,1.50,0.63,13.26,0.00,699
40.511,16.73,0.11,1.46,0.62,13.19,0.00,699
40.526,15.77,0.12,1.83,1.05,13.24,0.00,710
40.544,17.67,0.07,0.95,0.44,14.06,0.00,708
40.561,16.76,0.11,1.58,0.85,14.00,0.00,706
40.578,16.73,0.12,1.57,0.63,14.02,0.00,704
40.594,16.73,0.10,1.62,0.66,13.97,0.00,702
40.611,16.72,0.13,1.73,0.71,14.08,0.00,701
40.628,16.73,0.11,1.53,0.69,13.99,0.00,687
40.645,16.73,0.11,1.52,0.70,14.08,0.00,688
40.662,17.81,0.11,1.62,0.84,14.20,0.00,687
40.678,16.13,0.12,1.46,0.72,14.16,0.00,690
40.695,16.20,0.13,1.54,0.77,14.10,0.00,691
40.711,16.80,0.15,1.56,0.77,14.27,0.00,688
40.728,16.72,0.13,1.48,0.68,14.29,0.00,689
40.745,16.73,0.13,1.47,0.67,14.29,0.00,690
40.762,16.70,0.13,1.46,0.67,14.26,0.00,690
40.778,16.69,0.12,1.50,0.66,14.36,0.00,689
40.795,16.73,0.11,1.46,0.65,14.35,0.00,690
40.812,16.73,0.12,1.44,0.66,14.35,0.00,688
40.829,16.81,0.11,1.49,0.66,14.34,0.00,689
40.845,16.73,0.13,1.52,0.64,14.17,0.00,690
40.862,16.69,0.07,0.99,0.48,14.27,0.00,692
40.879,16.79,0.12,1.42,0.65,14.23,0.00,690
40.896,16.73,0.13,1.46,0.72,14.31,0.00,691
40.912,16.75,0.10,1.46,0.66,14.18,0.00,690
40.929,16.72,0.13,1.48,0.74,14.23,0.00,690
40.946,16.73,0.22,1.35,0.65,14.07,0.00,691
40.962,16.67,0.11,1.41,0.68,14.27,0.00,692
40.979,16.81,0.13,1.47,0.66,14.20,0.00,693
40.996,16.65,0.11,1.46,0.65,14.04,0.00,692
41.013,16.73,0.11,1.45,0.68,14.08,0.00,692
41.028,15.69,0.11,1.69,0.96,13.97,0.00,702
41.046,17.77,0.07,0.90,0.59,14.60,0.00,703
41.063,17.07,0.11,1.58,0.84,14.34,0.00,703
41.080,16.41,0.13,1.37,0.68,11.61,0.00,703
41.096,16.84,0.23,1.45,0.66,13.66,0.00,704
41.113,16.73,0.14,1.85,0.71,14.27,0.00,704
41.130,17.09,0.13,1.45,0.68,14.19,0.00,703
41.147,16.34,0.12,1.53,0.62,14.06,0.00,702
41.163,16.67,0.13,1.50,0.61,14.08,0.00,704
41.180,16.79,0.12,1.43,0.64,14.15,0.00,705
41.193,13.49,0.12,1.32,3.06,13.99,0.00,704
41.214,20.11,0.21,1.34,0.66,13.93,0.00,704
41.230,16.53,0.13,1.41,0.63,13.67,0.00,702
41.247,16.75,0.12,1.47,0.63,13.65,0.00,703
41.264,16.80,0.12,1.35,0.63,13.57,0.00,703
41.280,16.71,0.13,1.38,0.61,13.62,0.00,701
41.297,16.68,0.11,1.30,0.61,13.54,0.00,701
41.314,16.75,0.10,1.38,0.64,13.47,0.00,698
41.330,16.69,0.11,1.33,0.61,13.39,0.00,698
41.347,16.74,0.11,1.25,0.63,13.33,0.00,695
41.364,16.73,0.10,1.29,0.65,13.30,0.00,694
41.381,16.73,0.10,1.29,0.70,13.22,0.00,694
41.397,16.73,0.12,1.26,0.67,13.30,0.00,696
41.414,16.74,0.11,1.31,0.67,13.26,0.00,696
41.431,16.76,0.10,1.33,0.69,13.21,0.00,692
41.448,16.73,0.11,1.30,0.67,13.16,0.00,687
41.464,16.71,0.11,1.28,0.66,13.13,0.00,683
41.481,16.73,0.12,1.29,0.62,13.03,0.00,682
41.498,16.73,0.12,1.22,0.60,13.13,0.00,681
41.515,16.78,0.11,1.22,0.68,11.53,0.00,680
41.531,16.73,0.17,1.23,0.64,11.48,0.00,679
41.548,16.76,0.12,1.28,0.65,11.51,0.00,681
41.565,16.70,0.10,1.27,0.63,11.44,0.00,680
41.582,16.74,0.11,1.27,0.70,11.43,0.00,681
41.598,16.69,0.12,1.29,0.64,11.53,0.00,681
41.615,16.75,0.10,1.28,0.65,11.55,0.00,680
41.632,16.73,0.11,1.28,0.62,11.56,0.00,679
41.648,16.78,0.11,1.29,0.66,11.55,0.00,679
41.665,16.73,0.11,1.24,0.65,11.56,0.00,679
41.682,16.65,0.08,0.85,0.44,11.57,0.00,678
41.699,16.75,0.11,1.31,0.66,11.60,0.00,678
41.715,16.74,0.12,1.28,0.66,11.68,0.00,678
41.732,16.73,0.11,1.24,0.64,11.70,0.00,677
41.749,16.76,0.10,1.21,0.64,11.66,0.00,675
41.766,16.73,0.11,1.22,0.62,11.66,0.00,673
41.782,16.78,0.10,1.22,0.59,11.66,0.00,675
41.799,16.73,0.11,1.27,0.65,11.68,0.00,676
41.816,16.67,0.11,1.21,0.60,11.80,0.00,676
41.833,16.80,0.13,1.24,0.64,11.81,0.00,674
41.849,16.66,0.12,1.24,0.61,11.81,0.00,672
41.870,20.55,0.11,1.22,0.75,11.83,0.00,681
41.883,12.90,0.09,1.22,0.94,11.83,0.00,679
41.899,16.76,0.14,0.56,0.31,12.51,0.00,673
41.916,16.79,0.16,1.33,0.71,12.56,0.00,669
41.933,16.72,0.26,0.49,0.39,12.53,0.00,666
41.950,16.66,0.06,0.55,0.45,12.54,0.00,662
41.966,16.79,0.12,0.99,0.77,12.52,0.00,649
41.983,16.78,0.13,1.00,0.68,12.40,0.00,647
42.000,16.67,0.11,0.94,0.70,12.34,0.00,641
42.017,16.78,0.11,0.89,0.68,12.32,0.00,641
42.034,17.73,0.12,1.18,0.90,12.36,0.00,641
42.050,16.05,0.10,0.84,0.64,12.26,0.00,641
42.067,16.34,0.11,0.87,0.65,12.28,0.00,640
42.083,16.78,0.10,0.91,0.65,12.36,0.00,638
42.100,16.68,0.10,0.73,0.66,12.30,0.00,636
42.117,16.78,0.11,0.80,0.63,12.44,0.00,635
42.134,16.68,0.28,0.85,0.64,12.68,0.00,650
42.150,16.76,0.11,0.86,0.66,13.20,0.00,650
42.167,16.73,0.10,0.83,0.66,13.24,0.00,649
42.184,16.72,0.11,0.85,0.63,13.13,0.00,648
42.201,16.75,0.11,0.84,0.68,13.10,0.00,647
42.217,16.72,0.11,0.85,0.64,12.95,0.00,646
42.234,16.73,0.11,0.83,0.64,12.82,0.00,646
42.251,16.73,0.11,0.82,0.63,12.82,0.00,645
42.267,16.73,0.10,0.85,0.63,12.69,0.00,644
42.284,16.80,0.10,0.88,0.65,12.58,0.00,643
42.301,16.73,0.10,0.88,0.64,12.45,0.00,642
42.318,16.73,0.10,0.87,0.63,12.44,0.00,643
42.334,16.73,0.10,0.85,0.62,12.44,0.00,643
42.351,16.73,0.09,0.83,0.64,12.61,0.00,636
42.368,16.74,0.10,0.89,0.62,12.60,0.00,634
42.385,16.73,0.12,0.84,0.62,12.64,0.00,635
42.401,16.73,0.09,0.85,0.65,12.62,0.00,634
42.418,16.73,0.10,0.80,0.61,12.57,0.00,633
42.435,16.74,0.11,0.88,0.65,12.52,0.00,633
42.452,16.76,0.12,0.85,0.63,12.56,0.00,633
42.468,16.70,0.09,0.80,0.63,12.42,0.00,632
42.485,16.73,0.09,0.89,0.61,12.27,0.00,632
42.502,16.73,0.10,0.87,0.61,12.17,0.00,631
42.519,16.74,0.12,0.86,0.69,12.04,0.00,630
42.535,16.72,0.09,0.84,0.63,11.93,0.00,630
42.552,16.74,0.15,1.21,0.60,11.88,0.00,678
42.569,16.72,0.14,1.23,0.76,15.84,0.00,679
42.585,16.74,0.13,1.18,0.59,12.73,0.00,678
42.602,16.67,0.12,1.16,0.62,13.37,0.00,678
42.619,16.79,0.25,1.14,0.61,13.96,0.00,673
42.636,16.73,0.13,1.30,0.60,14.56,0.00,672
42.652,16.74,0.13,1.26,0.59,14.89,0.00,674
42.669,16.73,0.20,1.23,0.60,15.05,0.00,673
42.686,16.73,0.17,1.25,0.62,14.94,0.00,674
42.703,16.74,0.14,1.30,0.62,14.28,0.00,673
42.719,16.74,0.31,1.15,0.62,13.93,0.00,673
42.736,16.72,0.15,1.26,0.64,13.93,0.00,669
42.753,16.73,0.21,1.29,0.63,14.61,0.00,671
42.769,15.79,0.13,1.36,0.90,14.61,0.00,685
42.786,17.72,0.15,0.51,0.45,15.43,0.00,683
42.803,16.68,0.19,1.32,0.73,14.57,0.00,683
42.820,16.76,0.12,1.33,0.68,8.48,0.00,680
42.836,16.72,0.15,1.31,0.67,9.13,0.00,681
42.853,16.78,0.24,1.34,0.79,11.37,0.00,683
42.870,16.70,0.23,1.24,0.70,14.87,0.00,685
42.887,16.71,0.14,1.36,0.79,15.83,0.00,687
42.903,16.78,0.22,1.22,0.66,13.72,0.00,686
42.920,16.70,0.12,1.29,0.69,11.75,0.00,687
42.937,16.71,0.24,1.40,0.73,12.26,0.00,684
42.954,16.72,0.09,0.93,0.61,13.05,0.00,686
42.967,13.70,0.12,1.24,2.87,12.20,0.00,684
42.987,20.03,0.17,1.20,0.68,13.02,0.00,686
43.004,16.47,0.11,1.26,0.68,12.90,0.00,686
43.020,16.73,0.11,1.20,0.68,12.93,0.00,684
43.037,16.73,0.11,1.19,0.65,12.89,0.00,684
43.054,16.73,0.12,1.20,0.66,12.91,0.00,683
43.071,16.74,0.11,1.27,0.68,12.99,0.00,683
43.087,16.72,0.11,1.20,0.62,12.97,0.00,682
43.104,16.74,0.28,1.38,0.63,13.01,0.00,716
43.121,16.72,0.12,1.48,0.61,13.49,0.00,715
43.138,16.70,0.09,1.01,0.44,13.60,0.00,716
43.154,16.76,0.07,0.67,0.38,13.53,0.00,716
43.171,16.72,0.06,0.89,0.38,13.82,0.00,718
43.188,16.68,0.08,1.04,0.47,13.67,0.00,718
43.205,16.82,0.15,1.44,0.63,13.79,0.00,718
43.221,16.68,0.12,1.50,0.63,13.61,0.00,718
43.238,16.70,0.33,1.41,0.65,13.72,0.00,718
43.255,16.80,0.13,1.47,0.63,13.66,0.00,719
43.271,16.66,0.15,1.49,0.61,13.86,0.00,720
43.288,16.73,0.12,1.49,0.61,13.87,0.00,721
43.305,16.73,0.24,1.40,0.63,13.89,0.00,721
43.322,16.77,0.23,1.47,0.60,13.91,0.00,722
43.342,20.44,0.13,1.46,0.76,13.94,0.00,724
43.355,12.98,0.12,1.55,0.71,13.94,0.00,725
43.372,16.83,0.22,0.56,0.32,14.74,0.00,723
43.389,16.64,0.13,1.47,0.67,9.78,0.00,720
43.405,16.77,0.13,1.72,0.67,12.08,0.00,720
43.422,16.66,0.07,0.57,0.41,13.06,0.00,721
43.439,16.76,0.12,1.51,0.69,13.51,0.00,721
43.455,16.74,0.26,1.48,0.67,13.34,0.00,722
43.472,16.71,0.13,1.53,0.63,13.67,0.00,722
43.489,16.77,0.13,1.57,0.63,13.93,0.00,722
43.503,13.62,0.12,1.39,2.90,14.51,0.00,724
43.523,20.33,0.12,1.42,0.76,14.46,0.00,726
43.539,16.23,0.14,1.52,0.63,14.30,0.00,726
43.556,16.74,0.14,1.50,0.62,14.26,0.00,725
43.573,16.71,0.12,1.57,0.66,14.50,0.00,724
43.589,16.76,0.14,1.58,0.68,14.45,0.00,721
43.606,16.70,0.12,1.53,0.61,14.42,0.00,720
43.623,16.73,0.12,1.56,0.62,14.42,0.00,721
43.639,16.73,0.12,1.55,0.60,14.39,0.00,722
43.656,16.73,0.11,1.54,0.63,14.21,0.00,721
43.673,16.73,0.12,1.51,0.61,14.43,0.00,721
43.690,16.73,0.12,1.47,0.61,14.32,0.00,718
43.706,16.73,0.12,1.51,0.64,14.28,0.00,722
43.723,16.73,0.12,1.47,0.63,14.14,0.00,723
43.740,16.73,0.12,1.48,0.60,14.04,0.00,722
43.757,16.73,0.13,1.55,0.63,13.95,0.00,720
43.773,16.73,0.14,1.56,0.69,13.87,0.00,719
43.790,16.73,0.12,1.46,0.61,13.94,0.00,718
43.807,16.72,0.12,1.43,0.65,13.88,0.00,719
43.824,16.81,0.12,1.46,0.61,13.79,0.00,721
43.840,16.67,0.11,1.49,0.61,13.73,0.00,719
43.857,16.80,0.12,1.42,0.60,13.69,0.00,713
43.874,16.71,0.11,1.35,0.60,13.61,0.00,712
43.890,16.68,0.16,1.59,0.64,13.66,0.00,711
43.911,20.33,0.13,1.42,0.83,13.56,0.00,719
43.924,13.15,0.12,1.49,0.81,13.56,0.00,720
43.941,16.74,0.12,0.50,0.30,12.61,0.00,718
43.957,16.83,0.13,1.55,0.88,7.79,0.00,714
43.974,16.63,0.12,1.55,0.86,7.69,0.00,711
43.991,16.69,0.06,0.55,0.37,10.28,0.00,708
44.008,16.81,0.14,1.49,0.78,13.39,0.00,704
44.024,16.75,0.12,1.54,0.76,13.24,0.00,701
44.041,16.67,0.13,1.45,0.78,13.15,0.00,697
44.058,16.79,0.12,1.49,0.97,13.04,0.00,689
44.076,17.90,0.12,1.40,0.78,11.52,0.00,685
44.091,15.74,0.31,1.45,0.78,11.58,0.00,718
44.108,16.54,0.14,1.42,0.70,12.17,0.00,714
44.125,16.73,0.13,1.40,0.60,12.06,0.00,714
44.141,16.70,0.28,1.57,0.70,11.96,0.00,745
44.158,16.77,0.14,1.55,0.76,12.41,0.00,743
44.175,16.74,0.13,1.55,0.64,12.31,0.00,743
44.192,16.72,0.12,1.61,0.64,12.35,0.00,742
44.208,16.73,0.14,1.61,0.65,12.43,0.00,742
44.225,16.73,0.11,1.50,0.63,12.24,0.00,723
44.242,16.73,0.14,1.48,0.59,12.17,0.00,723
44.259,16.73,0.11,1.47,0.60,12.16,0.00,722
44.275,16.67,0.12,1.56,0.59,12.14,0.00,721
44.292,16.79,0.13,1.56,0.64,12.15,0.00,720
44.309,16.73,0.11,1.56,0.65,12.12,0.00,719
44.326,16.73,0.11,1.52,0.77,12.08,0.00,716
44.342,16.73,0.13,1.49,0.66,12.07,0.00,716
44.359,16.73,0.11,1.54,0.63,12.04,0.00,713
44.376,16.74,0.15,1.51,0.65,12.01,0.00,712
44.392,16.73,0.14,1.54,0.64,12.11,0.00,716
44.409,16.73,0.11,1.54,0.63,12.11,0.00,714
44.426,16.73,0.11,1.53,0.60,12.10,0.00,714
44.443,16.73,0.11,1.51,0.59,12.14,0.00,714
44.459,16.74,0.11,1.55,0.68,12.23,0.00,713
44.476,16.73,0.14,1.56,0.64,12.14,0.00,711
44.493,16.73,0.11,1.55,0.62,12.20,0.00,709
44.510,16.74,0.13,1.56,0.65,12.18,0.00,708
44.526,16.73,0.12,1.20,0.60,12.16,0.00,697
44.543,16.73,0.13,1.17,0.61,12.24,0.00,698
44.560,16.73,0.11,1.20,0.62,12.26,0.00,697
44.576,16.73,0.12,1.16,0.64,12.26,0.00,696
44.593,16.73,0.11,1.14,0.66,12.27,0.00,693
44.610,16.73,0.11,1.14,0.65,12.35,0.00,693
44.627,16.74,0.13,1.15,0.66,12.34,0.00,695
44.643,16.73,0.11,1.14,0.65,12.34,0.00,693
44.664,20.49,0.12,1.20,0.79,12.32,0.00,702
44.677,12.95,0.15,1.27,0.74,12.32,0.00,702
44.694,16.74,0.13,1.30,0.80,11.89,0.00,698
44.710,16.74,0.14,1.27,0.66,7.41,0.00,696
44.727,16.74,0.15,1.23,0.68,8.08,0.00,696
44.744,16.71,0.06,0.46,0.41,11.72,0.00,693
44.761,16.74,0.14,1.22,0.68,12.85,0.00,693
44.777,16.74,0.15,1.30,0.77,12.79,0.00,692
44.794,16.72,0.13,1.25,0.72,12.89,0.00,692
44.808,13.67,0.12,1.13,2.98,12.90,0.00,690
44.828,20.09,0.11,1.10,0.65,12.75,0.00,689
44.844,16.43,0.11,1.14,0.67,12.76,0.00,687
44.861,16.69,0.12,1.30,0.74,12.72,0.00,686
44.878,16.80,0.12,1.20,0.71,12.71,0.00,686
44.894,16.71,0.11,1.14,0.69,12.76,0.00,685
44.911,16.76,0.12,1.12,0.67,12.73,0.00,685
44.928,16.70,0.11,1.13,0.66,12.67,0.00,684
44.945,16.74,0.11,1.13,0.64,12.65,0.00,684
44.961,16.73,0.12,1.08,0.66,12.62,0.00,684
44.978,16.75,0.12,1.06,0.66,12.56,0.00,684
44.995,16.71,0.11,1.14,0.63,12.65,0.00,682
45.012,16.74,0.11,1.10,0.60,12.60,0.00,681
45.028,16.73,0.14,1.22,0.68,12.51,0.00,679
45.044,16.23,0.13,1.31,1.84,12.45,0.00,686
45.058,13.50,0.03,0.21,4.02,12.69,0.00,684
45.075,16.71,0.03,0.30,3.82,12.75,0.00,682
45.091,16.75,0.09,0.59,4.20,12.66,0.00,682
45.108,16.93,0.12,1.00,3.62,12.69,0.00,682
45.129,20.84,0.13,1.26,0.72,12.68,0.00,680
45.145,16.09,0.11,1.11,0.65,12.66,0.00,675
45.162,16.80,0.13,1.16,0.66,12.71,0.00,674
45.179,17.35,0.16,1.39,0.74,12.63,0.00,724
45.192,12.53,0.13,1.30,3.40,12.63,0.00,723
45.212,20.31,0.15,1.53,0.64,12.11,0.00,720
45.225,13.18,0.12,1.32,3.27,11.20,0.00,713
45.247,21.11,0.17,1.39,0.81,13.54,0.00,710
45.262,15.91,0.15,1.43,0.62,14.32,0.00,707
45.279,16.73,0.14,1.37,0.69,15.47,0.00,703
45.296,16.74,0.15,1.42,0.64,14.43,0.00,688
45.313,16.73,0.19,1.38,0.65,14.92,0.00,687
45.329,16.73,0.14,1.35,0.65,10.93,0.00,692
45.346,16.73,0.15,1.41,0.66,13.20,0.00,690
45.363,16.73,0.14,1.33,0.66,13.35,0.00,690
45.380,16.68,0.16,1.43,0.67,14.07,0.00,689
45.396,16.78,0.17,1.37,0.70,15.23,0.00,696
45.413,16.73,0.14,1.36,0.68,15.23,0.00,691
45.430,16.74,0.14,1.36,0.65,12.11,0.00,691
45.447,16.74,0.14,1.52,0.66,9.00,0.00,690
45.463,16.72,0.15,1.38,0.64,10.01,0.00,695
45.480,16.74,0.15,1.38,0.63,13.31,0.00,689
45.497,16.73,0.15,1.35,0.74,15.67,0.00,688
45.513,16.75,0.16,1.42,0.73,15.57,0.00,688
45.530,16.74,0.15,1.41,0.65,11.36,0.00,691
45.547,16.72,0.14,1.36,0.62,11.86,0.00,687
45.564,16.78,0.22,1.37,0.67,13.86,0.00,686
45.580,16.68,0.15,1.42,0.72,15.64,0.00,686
45.597,16.73,0.15,1.38,0.65,9.10,0.00,683
45.614,16.73,0.14,1.38,0.60,11.01,0.00,679
45.631,16.73,0.14,1.35,0.60,11.59,0.00,673
45.647,16.73,0.14,1.36,0.57,12.05,0.00,669
45.664,16.73,0.15,1.35,0.59,13.03,0.00,670
45.681,16.67,0.13,1.35,0.62,13.10,0.00,666
45.698,16.84,0.25,1.29,0.60,13.04,0.00,663
45.714,16.69,0.14,1.31,0.59,13.05,0.00,662
45.731,16.73,0.14,1.35,0.63,12.97,0.00,664
45.748,16.70,0.13,1.37,0.58,13.23,0.00,664
45.764,16.70,0.12,1.39,0.68,13.22,0.00,691
45.780,15.81,0.13,1.53,0.77,13.21,0.00,700
45.798,17.65,0.06,0.54,0.29,13.95,0.00,704
45.815,16.75,0.13,1.06,0.54,14.07,0.00,705
45.831,16.85,0.29,1.44,0.79,14.02,0.00,707
45.848,16.61,0.13,1.71,0.74,13.89,0.00,708
45.865,16.83,0.28,1.47,0.77,13.82,0.00,709
45.882,16.71,0.14,1.56,0.64,14.07,0.00,711
45.898,16.72,0.14,1.67,0.70,13.97,0.00,712
45.915,16.74,0.13,1.56,0.64,14.01,0.00,713
45.932,16.74,0.16,1.50,0.64,14.19,0.00,715
45.950,18.07,0.18,1.36,0.86,14.28,0.00,717
45.966,15.70,0.13,1.36,0.66,14.25,0.00,718
45.982,16.44,0.14,1.44,0.64,12.92,0.00,720
45.999,16.71,0.14,1.39,0.59,12.84,0.00,721
46.015,16.67,0.13,1.41,0.63,13.16,0.00,722
46.032,16.80,0.14,1.44,0.62,14.08,0.00,720
46.049,16.73,0.14,1.44,0.64,14.34,0.00,723
46.066,16.73,0.15,1.36,0.63,14.47,0.00,726
46.082,16.73,0.14,1.36,0.60,14.62,0.00,724
46.099,16.74,0.24,1.34,0.60,14.62,0.00,724
46.116,16.72,0.14,1.26,0.62,14.63,0.00,724
46.133,16.73,0.19,1.20,0.61,14.81,0.00,724
46.149,16.74,0.35,1.32,0.62,14.96,0.00,741
46.166,16.73,0.19,1.27,0.67,15.47,0.00,742
46.183,16.74,0.22,1.26,0.66,15.56,0.00,742
46.200,16.73,0.14,1.32,0.62,9.84,0.00,743
46.216,16.73,0.14,1.32,0.63,9.38,0.00,743
46.233,16.74,0.20,1.25,0.61,12.16,0.00,746
46.250,16.73,0.15,1.41,0.64,15.31,0.00,750
46.266,16.72,0.14,1.30,0.62,15.31,0.00,750
46.283,16.73,0.14,1.27,0.61,11.96,0.00,750
46.300,16.74,0.13,1.34,0.60,11.89,0.00,749
46.317,16.72,0.14,1.28,0.60,12.23,0.00,752
46.333,16.73,0.14,1.27,0.59,12.94,0.00,753
46.350,16.78,0.26,1.26,0.59,13.95,0.00,752
46.370,20.19,0.13,1.27,0.76,15.38,0.00,750
46.384,13.23,0.11,1.42,0.71,15.38,0.00,755
46.400,16.74,0.13,1.29,0.66,16.22,0.00,757
46.417,16.74,0.13,1.32,0.66,10.67,0.00,757
46.434,16.74,0.12,1.34,0.65,12.12,0.00,756
46.450,16.72,0.13,1.35,0.63,12.58,0.00,756
46.467,16.74,0.22,3.14,0.72,12.72,0.00,798
46.484,16.75,0.23,1.62,0.71,13.03,0.00,799
46.497,13.32,0.05,0.52,4.34,14.83,0.00,799
46.518,20.50,0.14,1.57,0.71,15.41,0.00,802
46.534,16.37,0.15,1.49,0.66,15.41,0.00,803
46.551,16.72,0.13,1.60,0.64,13.52,0.00,803
46.568,16.75,0.14,1.59,0.64,8.40,0.00,801
46.584,16.73,0.14,1.57,0.80,8.95,0.00,801
46.601,16.74,0.14,1.56,0.61,11.15,0.00,803
46.618,16.73,0.16,1.59,0.65,14.80,0.00,803
46.635,16.73,0.14,1.56,0.64,15.69,0.00,798
46.651,16.73,0.18,1.65,0.75,15.18,0.00,796
46.671,20.16,0.13,1.56,0.77,11.58,0.00,802
46.681,9.46,0.09,1.02,3.63,11.58,0.00,798
46.701,20.58,0.12,1.59,0.65,12.66,0.00,797
46.715,13.61,0.13,1.49,2.70,10.18,0.00,797
46.731,16.21,0.12,1.55,3.08,11.70,0.00,798
46.752,20.32,0.13,1.62,0.65,11.82,0.00,799
46.768,16.79,0.14,1.55,0.69,13.05,0.00,797
46.785,16.75,0.20,1.52,0.64,13.75,0.00,796
46.802,16.72,0.18,1.56,0.64,13.66,0.00,796
46.819,16.73,0.14,1.66,0.66,13.55,0.00,798
46.835,16.75,0.28,1.55,0.68,13.65,0.00,796
46.852,16.74,0.13,2.18,0.68,13.62,0.00,795
46.869,16.74,0.14,1.68,0.68,13.46,0.00,795
46.886,16.71,0.25,1.54,0.66,13.52,0.00,796
46.902,16.75,0.14,1.60,0.64,13.47,0.00,795
46.919,16.67,0.12,1.62,0.64,13.47,0.00,794
46.936,16.78,0.09,1.13,0.45,13.35,0.00,793
46.952,16.67,0.13,1.60,0.65,13.44,0.00,792
46.969,16.75,0.12,1.55,0.62,13.39,0.00,790
46.986,16.78,0.14,1.55,0.66,13.31,0.00,789
47.003,16.66,0.12,1.50,0.59,13.22,0.00,788
47.019,16.75,0.13,1.61,0.63,13.19,0.00,779
47.036,16.78,0.12,1.58,0.63,13.25,0.00,778
47.053,16.73,0.12,1.53,0.62,13.22,0.00,778
47.070,16.74,0.12,1.57,0.64,13.17,0.00,778
47.086,16.73,0.12,1.53,0.62,13.15,0.00,778
47.103,16.73,0.12,1.50,0.59,13.25,0.00,777
47.120,16.75,0.38,1.67,0.65,13.25,0.00,807
47.137,16.72,0.27,1.65,0.62,13.80,0.00,807
47.153,16.75,0.36,1.39,0.62,13.80,0.00,805
47.170,16.72,0.15,1.47,0.60,13.91,0.00,803
47.187,16.75,0.22,1.41,0.62,13.80,0.00,793
47.203,16.73,0.22,1.45,0.64,13.99,0.00,794
47.220,16.73,0.15,1.49,0.61,13.93,0.00,794
47.237,16.73,0.26,1.41,0.63,13.86,0.00,792
47.254,16.73,0.20,1.37,0.62,13.81,0.00,790
47.270,16.80,0.27,1.36,0.59,13.84,0.00,790
47.287,16.72,0.23,1.40,0.64,13.73,0.00,790
47.304,16.73,0.22,1.38,0.61,13.83,0.00,790
47.321,16.70,0.19,1.36,0.61,13.79,0.00,788
47.337,16.77,0.21,1.41,0.62,13.85,0.00,789
47.354,16.64,0.16,1.42,0.60,13.74,0.00,788
47.371,16.82,0.20,1.41,0.61,13.86,0.00,788
47.388,16.69,0.15,1.48,0.60,13.90,0.00,784
47.404,16.73,0.22,1.41,0.60,13.94,0.00,785
47.421,16.70,0.30,1.45,0.75,13.96,0.00,785
47.438,16.70,0.13,1.50,0.67,14.18,0.00,786
47.454,16.81,0.29,1.41,0.74,14.11,0.00,780
47.471,16.72,0.12,1.52,0.68,14.14,0.00,775
47.488,16.73,0.12,1.54,0.69,14.09,0.00,773
47.505,16.73,0.12,1.54,0.66,14.16,0.00,773
47.521,16.74,0.12,1.51,0.68,14.08,0.00,771
47.538,16.75,0.19,1.40,0.65,14.00,0.00,768
47.555,16.72,0.22,1.36,0.65,13.96,0.00,769
47.572,16.75,0.12,1.54,0.72,14.09,0.00,770
47.588,16.72,0.12,1.52,0.61,14.12,0.00,767
47.605,16.69,0.13,1.63,0.76,14.18,0.00,765
47.622,16.72,0.13,1.59,0.70,14.23,0.00,766
47.639,16.81,0.12,1.54,0.71,14.48,0.00,767
47.655,16.71,0.12,1.50,0.66,14.58,0.00,766
47.672,16.76,0.12,1.53,0.63,14.65,0.00,766
47.689,16.72,0.12,1.65,0.77,14.72,0.00,765
47.709,20.26,0.14,1.47,0.76,14.77,0.00,776
47.722,13.26,0.13,1.52,0.58,14.77,0.00,775
47.739,16.65,0.13,0.63,0.29,13.22,0.00,774
47.756,16.78,0.13,1.55,0.67,7.70,0.00,773
47.772,16.66,0.13,1.49,0.73,10.26,0.00,773
47.789,16.74,0.07,0.60,0.38,10.94,0.00,772
47.806,16.75,0.12,1.53,0.65,13.65,0.00,771
47.823,16.81,0.14,1.62,0.88,14.69,0.00,772
47.840,17.75,0.45,1.82,0.81,14.81,0.00,773
47.857,16.24,0.15,1.58,0.70,14.81,0.00,772
47.873,16.24,0.14,1.49,0.72,10.98,0.00,771
47.889,16.62,0.13,1.47,0.75,13.47,0.00,773
47.906,16.85,0.25,1.39,0.66,14.01,0.00,770
47.923,16.66,0.13,1.50,0.66,14.15,0.00,767
47.940,16.73,0.15,1.50,0.70,14.06,0.00,768
47.956,16.76,0.13,1.44,0.75,13.83,0.00,767
47.973,16.76,0.24,1.39,0.67,13.76,0.00,761
47.990,16.68,0.11,1.48,0.71,13.22,0.00,759
48.010,20.12,0.13,1.43,0.76,13.47,0.00,770
48.023,13.34,0.16,1.48,0.69,13.47,0.00,769
48.040,16.72,0.14,1.50,0.91,12.91,0.00,768
48.057,16.70,0.16,1.54,0.68,7.61,0.00,763
48.074,16.75,0.13,1.48,0.69,7.91,0.00,763
48.090,16.74,0.07,0.57,0.36,10.39,0.00,763
48.107,16.73,0.12,1.53,0.87,13.51,0.00,761
48.124,16.74,0.24,1.30,0.70,13.50,0.00,754
48.140,16.70,0.12,1.36,0.78,13.31,0.00,752
48.157,16.74,0.13,1.41,0.75,13.22,0.00,753
48.175,17.78,0.35,1.48,0.56,13.21,0.00,749
48.187,11.90,0.07,0.65,3.41,13.21,0.00,747
48.207,20.59,0.21,1.33,0.68,11.85,0.00,743
48.224,16.67,0.12,1.36,0.61,10.72,0.00,740
48.241,16.78,0.13,1.34,0.64,10.77,0.00,739
48.258,16.73,0.13,1.29,0.67,12.33,0.00,737
48.274,16.73,0.13,1.34,0.62,12.45,0.00,737
48.291,16.73,0.13,1.29,0.67,12.28,0.00,737
48.308,16.73,0.13,1.31,0.71,12.17,0.00,736
48.325,16.73,0.13,1.34,0.69,12.22,0.00,733
48.341,16.74,0.13,1.25,0.64,12.08,0.00,730
48.358,16.75,0.13,1.34,0.75,11.98,0.00,728
48.375,16.69,0.13,1.32,0.72,11.96,0.00,726
48.392,16.77,0.14,1.35,0.72,11.94,0.00,713
48.408,16.78,0.12,1.32,0.72,11.83,0.00,712
48.425,16.73,0.19,1.26,0.73,11.83,0.00,710
48.442,16.73,0.20,0.92,0.59,11.75,0.00,707
48.458,16.67,0.13,1.03,0.62,11.78,0.00,701
48.475,16.73,0.13,1.00,0.65,11.70,0.00,699
48.492,16.73,0.12,0.98,0.59,11.62,0.00,698
48.509,16.73,0.20,1.31,0.62,11.61,0.00,745
48.525,16.73,0.24,1.28,0.68,15.51,0.00,745
48.542,16.73,0.17,1.32,0.72,15.50,0.00,743
48.559,16.70,0.16,1.65,0.71,12.57,0.00,740
48.575,16.70,0.18,1.30,0.59,12.81,0.00,739
48.592,16.80,0.17,1.29,0.59,12.69,0.00,738
48.609,16.72,0.26,1.30,0.64,13.73,0.00,738
48.626,16.74,0.16,1.36,0.80,15.20,0.00,739
48.642,16.74,0.22,1.27,0.72,15.62,0.00,738
48.659,16.72,0.15,1.39,0.64,14.32,0.00,734
48.676,16.73,0.15,1.42,0.66,14.75,0.00,736
48.693,16.74,0.24,1.33,0.72,14.59,0.00,738
48.709,16.72,0.15,1.41,0.75,12.26,0.00,739
48.726,16.67,0.13,1.34,0.74,13.47,0.00,739
48.743,16.79,0.25,1.29,0.65,14.19,0.00,740
48.758,15.58,0.16,1.48,0.77,15.03,0.00,749
48.776,17.89,0.20,1.72,0.93,16.38,0.00,750
48.793,16.64,0.10,0.50,0.46,16.38,0.00,752
48.810,16.79,0.16,1.35,0.65,14.92,0.00,751
48.827,16.81,0.23,1.38,0.88,8.56,0.00,749
48.843,16.66,0.17,1.52,0.74,10.45,0.00,748
48.860,16.82,0.17,1.42,0.68,11.83,0.00,748
48.877,16.68,0.14,1.54,0.76,14.46,0.00,743
48.893,16.68,0.14,1.50,0.78,14.46,0.00,747
48.910,16.78,0.22,1.43,0.72,12.20,0.00,748
48.927,16.70,0.13,1.47,0.74,10.53,0.00,745
48.945,18.36,0.15,1.47,0.76,11.12,0.00,744
48.961,15.31,0.21,1.43,0.80,13.04,0.00,744
48.977,16.49,0.13,1.39,0.63,13.97,0.00,744
48.994,16.83,0.22,1.38,0.75,14.02,0.00,745
49.011,16.73,0.17,1.38,0.72,14.11,0.00,743
49.027,16.71,0.15,1.45,0.71,13.99,0.00,744
49.044,16.73,0.24,1.35,0.73,13.92,0.00,743
49.061,16.74,0.13,1.42,0.65,13.82,0.00,740
49.077,16.64,0.13,1.43,0.69,13.84,0.00,741
49.094,16.86,0.40,1.43,0.73,14.01,0.00,767
49.111,16.61,0.16,1.55,0.61,14.65,0.00,766
49.128,16.82,0.39,1.66,0.69,14.63,0.00,798
49.144,16.74,0.24,1.59,0.68,15.00,0.00,796
49.161,16.76,0.23,1.65,0.69,14.94,0.00,793
49.178,16.67,0.16,1.69,0.65,14.89,0.00,791
49.195,16.66,0.38,2.20,0.70,14.98,0.00,788
49.215,20.58,0.19,1.71,0.78,14.84,0.00,789
49.224,9.12,0.12,1.13,3.68,14.84,0.00,790
49.245,20.53,0.18,1.83,0.73,14.45,0.00,794
49.262,16.77,0.18,1.82,0.67,8.46,0.00,793
49.278,16.72,0.17,1.73,0.65,10.94,0.00,796
49.295,16.65,0.10,0.62,0.79,11.49,0.00,797
49.312,16.83,0.28,1.65,0.73,13.29,0.00,800
49.328,16.72,0.17,1.86,0.65,14.68,0.00,800
49.345,16.72,0.27,1.71,0.69,14.86,0.00,806
49.359,13.68,0.18,1.68,2.42,14.86,0.00,808
49.379,20.04,0.22,1.65,0.80,13.15,0.00,813
49.395,16.48,0.27,1.71,0.68,14.40,0.00,812
49.412,16.73,0.18,1.75,0.65,14.32,0.00,811
49.429,16.74,0.26,1.71,0.63,14.28,0.00,812
49.446,16.74,0.33,1.61,0.59,13.96,0.00,812
49.462,16.73,0.19,1.67,0.60,13.89,0.00,816
49.479,16.73,0.25,1.68,0.66,14.54,0.00,817
49.496,16.74,0.26,1.73,0.74,14.48,0.00,815
49.513,16.73,0.25,1.67,0.66,14.44,0.00,817
49.529,16.74,0.17,1.74,0.61,14.37,0.00,816
49.546,16.73,0.25,1.70,0.69,14.30,0.00,817
49.563,16.75,0.27,1.74,0.77,14.23,0.00,821
49.579,16.72,0.26,1.69,0.63,14.31,0.00,822
49.600,20.26,0.19,1.73,0.77,14.21,0.00,831
49.613,13.20,0.21,1.74,0.72,14.21,0.00,833
49.630,16.68,0.17,1.82,0.86,11.88,0.00,834
49.646,16.83,0.21,1.72,0.87,8.53,0.00,835
49.663,16.73,0.08,0.56,0.34,11.07,0.00,838
49.680,16.70,0.09,0.66,0.42,10.90,0.00,838
49.697,16.73,0.18,1.68,0.74,12.13,0.00,840
49.713,16.71,0.19,1.90,0.73,14.36,0.00,837
49.730,16.74,0.18,1.80,0.78,14.24,0.00,833
49.747,16.74,0.21,1.70,0.90,14.23,0.00,833
49.760,13.65,0.17,1.61,2.05,14.23,0.00,830
49.780,20.04,0.21,1.71,0.73,12.67,0.00,828
49.797,16.52,0.15,1.70,0.70,13.64,0.00,829
49.814,16.73,0.15,1.67,0.76,13.90,0.00,829
49.831,16.80,0.17,1.70,0.68,13.77,0.00,829
49.847,16.67,0.15,1.62,0.67,14.17,0.00,828
49.864,16.74,0.16,1.71,0.71,14.13,0.00,823
49.880,15.70,0.18,2.11,0.89,13.98,0.00,831
49.897,17.74,0.22,1.37,0.66,14.52,0.00,828
49.914,16.76,0.30,1.89,0.87,14.42,0.00,820
49.931,16.74,0.34,1.81,0.67,14.33,0.00,815
49.948,16.74,0.20,1.79,0.76,14.24,0.00,813
49.964,16.73,0.30,1.76,0.85,14.26,0.00,807
49.978,13.41,0.16,1.59,2.22,14.26,0.00,804
49.994,16.52,0.16,1.61,2.44,13.77,0.00,801
50.016,21.81,0.17,1.64,0.75,8.25,0.00,796
50.031,15.21,0.16,1.65,0.84,9.63,0.00,796
50.048,16.70,0.16,1.56,0.71,12.35,0.00,795
50.065,16.73,0.16,1.65,0.72,12.40,0.00,794
50.081,16.75,0.25,1.54,0.67,12.34,0.00,791
50.098,16.73,0.17,1.63,0.70,12.27,0.00,790
50.115,16.74,0.17,1.58,0.70,12.25,0.00,785
50.132,16.74,0.25,1.48,0.78,12.16,0.00,782
50.148,16.73,0.25,1.50,0.70,12.16,0.00,782
50.165,16.73,0.39,1.66,0.68,12.27,0.00,808
50.182,16.73,0.16,1.66,0.73,12.74,0.00,802
50.199,16.69,0.16,1.67,0.71,12.70,0.00,800
50.215,16.80,0.16,1.23,0.49,12.62,0.00,799
50.232,16.72,0.18,1.63,0.78,12.66,0.00,797
50.249,16.66,0.16,1.56,0.71,12.63,0.00,797
50.266,16.80,0.16,1.57,0.66,12.71,0.00,794
50.282,16.74,0.17,1.59,0.67,12.69,0.00,791
50.299,16.74,0.17,1.62,0.78,12.68,0.00,790
50.316,16.71,0.16,1.63,0.65,12.65,0.00,787
50.332,16.73,0.16,1.53,0.69,12.65,0.00,785
50.349,16.70,0.13,1.55,0.72,12.80,0.00,783
50.366,16.78,0.14,1.55,0.73,12.84,0.00,779
50.383,16.73,0.15,1.57,0.87,12.86,0.00,780
50.399,16.72,0.14,1.61,0.79,12.89,0.00,781
50.416,16.73,0.13,1.53,0.74,12.99,0.00,779
50.433,16.76,0.15,1.54,0.65,13.02,0.00,778
50.450,16.72,0.14,1.51,0.73,13.16,0.00,774
50.466,16.73,0.14,1.51,0.74,13.15,0.00,773
50.483,16.67,0.15,1.26,0.63,13.15,0.00,760
50.503,20.27,0.16,1.19,0.79,13.03,0.00,770
50.517,13.30,0.25,1.21,0.82,13.03,0.00,770
50.533,16.64,0.06,0.43,0.32,13.73,0.00,771
50.550,16.75,0.13,1.34,0.67,13.68,0.00,769
50.567,16.73,0.13,1.42,0.96,13.48,0.00,766
50.583,16.72,0.09,0.48,0.33,13.48,0.00,766
50.600,16.71,0.12,1.31,0.66,13.41,0.00,767
50.617,16.79,0.15,1.27,0.70,13.42,0.00,765
50.634,16.68,0.14,1.16,0.63,13.37,0.00,766
50.651,17.83,0.34,1.54,0.76,13.47,0.00,760
50.667,16.06,0.13,1.19,0.72,13.45,0.00,756
50.684,16.36,0.14,1.18,0.72,13.48,0.00,754
50.701,16.75,0.14,1.20,0.63,13.36,0.00,753
50.717,16.67,0.12,1.19,0.68,13.32,0.00,751
50.734,16.83,0.22,1.10,0.74,13.18,0.00,749
50.751,16.72,0.22,1.10,0.74,13.16,0.00,748
50.768,16.71,0.13,1.10,0.65,13.09,0.00,746
50.784,16.73,0.13,1.18,0.63,12.88,0.00,743
50.801,16.75,0.14,1.15,0.62,12.71,0.00,745
50.818,16.71,0.14,1.15,0.69,12.64,0.00,743
50.835,16.80,0.13,1.20,0.70,12.58,0.00,741
50.851,16.66,0.14,1.18,0.68,12.54,0.00,740
50.868,16.73,0.14,1.16,0.63,12.45,0.00,740
50.885,16.73,0.14,1.15,0.73,12.36,0.00,736
50.901,16.74,0.16,1.16,0.66,12.27,0.00,735
50.918,16.70,0.12,1.21,0.63,12.26,0.00,736
50.935,16.83,0.13,1.16,0.61,12.26,0.00,734
50.952,16.67,0.10,0.83,0.53,12.13,0.00,730
50.968,16.74,0.08,0.79,0.51,12.08,0.00,728
50.985,16.72,0.15,1.17,0.79,11.95,0.00,728
51.002,16.77,0.14,1.11,0.66,11.79,0.00,725
51.018,16.67,0.14,1.32,0.85,11.66,0.00,726
51.035,16.73,0.12,1.15,0.73,11.71,0.00,722
51.052,16.79,0.14,1.15,0.65,11.59,0.00,721
51.069,16.73,0.13,1.12,0.75,11.50,0.00,719
51.085,16.73,0.14,1.26,0.78,11.44,0.00,719
51.102,16.74,0.13,0.96,0.67,11.41,0.00,717
51.119,16.66,0.12,0.98,0.78,11.28,0.00,717
51.136,16.80,0.13,1.02,0.66,11.36,0.00,715
51.152,16.74,0.14,0.94,0.65,11.30,0.00,716
51.169,16.73,0.13,0.99,0.65,11.25,0.00,716
51.186,16.74,0.13,0.98,0.59,11.19,0.00,716
51.203,16.77,0.18,0.91,0.67,11.15,0.00,717
51.219,16.69,0.13,1.00,0.64,11.19,0.00,715
51.236,16.74,0.13,0.96,0.64,11.16,0.00,713
51.253,16.73,0.13,0.96,0.63,11.15,0.00,713
51.268,15.65,0.12,0.90,2.14,11.03,0.00,723
51.286,17.74,0.03,0.18,0.16,11.45,0.00,721
51.303,16.82,0.03,0.21,0.18,11.47,0.00,720
51.320,16.71,0.04,0.32,0.26,11.58,0.00,719
51.336,16.71,0.13,1.14,0.75,11.55,0.00,712
51.353,16.79,0.16,1.04,1.06,11.37,0.00,711
51.370,16.63,0.07,0.40,0.46,11.33,0.00,710
51.387,16.83,0.14,1.02,0.67,11.34,0.00,716
51.403,16.74,0.22,0.97,0.63,11.37,0.00,718
51.420,16.73,0.18,0.99,0.66,11.50,0.00,716
51.437,16.67,0.13,0.99,0.63,11.49,0.00,716
51.454,16.76,0.13,1.05,0.73,11.46,0.00,713
51.470,16.75,0.13,0.97,0.65,11.47,0.00,712
51.487,16.69,0.11,1.03,0.65,11.52,0.00,712
51.504,16.72,0.18,1.27,0.73,11.46,0.00,766
51.521,16.76,0.14,1.37,0.68,15.48,0.00,764
51.537,16.72,0.15,1.31,0.88,15.48,0.00,764
51.551,13.57,0.14,1.19,2.58,12.45,0.00,762
51.571,20.32,0.14,1.21,0.63,11.83,0.00,762
51.584,12.46,0.14,0.94,3.36,13.45,0.00,761
51.604,20.71,0.25,1.32,0.78,14.97,0.00,758
51.621,16.66,0.15,1.25,0.81,15.48,0.00,758
51.638,16.75,0.19,1.32,0.72,14.67,0.00,761
51.654,16.71,0.14,1.31,0.75,15.12,0.00,761
51.671,16.73,0.15,1.31,0.65,9.53,0.00,755
51.688,16.74,0.15,1.34,0.65,12.97,0.00,758
51.705,16.75,0.15,1.36,0.67,13.25,0.00,757
51.721,16.64,0.08,0.64,0.38,13.36,0.00,757
51.738,16.78,0.06,0.45,0.29,14.20,0.00,757
51.755,16.74,0.05,0.45,0.30,14.71,0.00,758
51.771,16.66,0.07,0.54,0.36,15.32,0.00,760
51.788,16.81,0.06,0.47,0.34,15.90,0.00,761
51.805,16.71,0.06,0.45,0.30,15.90,0.00,759
51.822,16.72,0.06,0.49,0.34,9.50,0.00,759
51.838,16.76,0.06,0.45,0.31,9.21,0.00,761
51.855,16.72,0.06,0.45,0.30,10.29,0.00,762
51.872,16.72,0.13,1.42,0.65,13.76,0.00,761
51.889,16.79,0.16,1.33,0.76,13.76,0.00,760
51.905,16.80,0.17,1.38,0.69,12.12,0.00,760
51.922,16.64,0.15,1.34,0.62,8.92,0.00,757
51.939,16.73,0.14,1.51,0.72,11.18,0.00,759
51.956,16.83,0.16,1.34,0.78,11.84,0.00,760
51.972,16.66,0.16,1.38,0.77,12.78,0.00,759
51.989,16.79,0.22,1.35,0.73,14.37,0.00,757
52.005,15.51,0.14,1.49,0.77,14.31,0.00,767
52.023,17.93,0.30,1.54,0.98,14.95,0.00,767
52.039,16.65,0.14,1.41,0.81,14.82,0.00,764
52.056,16.79,0.24,1.33,0.67,13.23,0.00,763
52.073,16.70,0.15,1.38,0.64,13.87,0.00,762
52.089,16.77,0.07,0.52,0.40,13.94,0.00,761
52.106,16.66,0.16,1.43,0.75,14.72,0.00,761
52.123,16.72,0.46,1.64,0.78,14.89,0.00,792
52.140,16.79,0.22,1.37,0.76,14.89,0.00,789
52.156,16.74,0.21,1.47,0.74,15.44,0.00,785
52.173,16.73,0.40,1.52,0.67,8.81,0.00,808
52.190,16.73,0.23,1.65,0.61,10.70,0.00,810
52.208,17.85,0.60,1.58,0.75,13.86,0.00,810
52.224,15.90,0.17,1.45,0.69,13.86,0.00,809
52.240,16.45,0.17,1.58,0.72,12.05,0.00,810
52.257,16.73,0.21,1.54,0.68,8.98,0.00,808
52.273,16.73,0.17,1.55,0.62,11.22,0.00,815
52.290,16.73,0.17,1.54,0.64,11.78,0.00,812
52.307,16.71,0.18,1.52,0.67,13.50,0.00,813
52.324,16.75,0.17,1.62,0.64,15.31,0.00,815
52.340,16.73,0.17,1.59,0.62,15.23,0.00,816
52.357,16.73,0.17,1.55,0.64,15.29,0.00,814
52.374,16.73,0.17,1.59,0.63,15.24,0.00,815
52.391,16.73,0.19,1.63,0.72,15.20,0.00,811
52.407,16.73,0.17,1.58,0.60,15.16,0.00,816
52.424,16.73,0.16,1.55,0.60,13.59,0.00,814
52.441,16.74,0.29,1.56,0.63,14.04,0.00,817
52.458,16.73,0.21,1.55,0.61,14.07,0.00,816
52.474,16.73,0.17,1.67,0.64,14.79,0.00,815
52.491,16.73,0.17,1.62,0.63,15.04,0.00,814
52.508,16.73,0.17,1.62,0.63,14.95,0.00,817
52.524,16.73,0.17,1.60,0.63,14.93,0.00,816
52.541,16.73,0.15,1.61,0.61,14.94,0.00,815
52.558,16.73,0.20,1.59,0.64,14.87,0.00,812
52.575,16.74,0.14,1.63,0.76,14.82,0.00,809
52.591,16.74,0.27,1.65,0.80,14.79,0.00,809
52.612,20.30,0.17,1.59,0.77,15.06,0.00,821
52.625,13.17,0.20,1.71,0.70,15.06,0.00,819
52.642,16.70,0.24,0.55,0.38,12.65,0.00,817
52.658,16.77,0.22,1.79,0.71,9.29,0.00,816
52.675,16.71,0.21,1.66,0.68,12.53,0.00,816
52.692,16.69,0.07,0.61,0.37,12.92,0.00,815
52.709,16.78,0.14,1.66,0.67,12.67,0.00,814
52.725,16.71,0.15,1.72,0.65,13.83,0.00,813
52.742,16.74,0.25,1.66,0.60,15.23,0.00,809
52.759,16.73,0.15,1.85,0.75,15.30,0.00,810
52.777,17.93,0.21,1.66,0.73,13.93,0.00,807
52.792,15.76,0.17,1.64,0.75,13.99,0.00,808
52.809,16.51,0.15,1.68,0.73,14.51,0.00,807
52.826,16.73,0.14,1.62,0.69,14.56,0.00,808
52.842,16.73,0.16,1.61,0.63,14.65,0.00,807
52.859,16.74,0.15,1.61,0.61,14.99,0.00,807
52.876,16.73,0.15,1.68,0.64,15.23,0.00,807
52.893,16.73,0.16,1.65,0.59,15.21,0.00,809
52.909,16.75,0.14,1.64,0.59,15.24,0.00,805
52.926,16.70,0.12,1.05,0.49,15.20,0.00,806
52.943,16.68,0.15,1.64,0.58,14.85,0.00,805
52.960,16.80,0.17,1.61,0.69,9.41,0.00,803
52.976,16.73,0.16,1.57,0.65,10.31,0.00,805
52.993,16.67,0.15,1.56,0.61,13.63,0.00,802
53.010,16.79,0.15,1.58,0.71,15.15,0.00,797
53.026,16.74,0.20,1.44,0.62,13.65,0.00,797
53.043,16.73,0.14,1.44,0.59,13.61,0.00,797
53.060,16.70,0.16,1.48,0.64,13.75,0.00,797
53.077,16.81,0.21,1.41,0.61,13.83,0.00,796
53.093,16.69,0.14,1.53,0.62,13.80,0.00,794
53.110,16.72,0.28,1.52,0.89,13.86,0.00,794
53.130,20.18,0.14,1.57,0.76,14.05,0.00,803
53.144,13.31,0.30,1.65,0.68,14.05,0.00,802
53.160,16.75,0.07,0.53,0.31,15.19,0.00,801
53.177,16.72,0.15,1.85,0.69,9.14,0.00,800
53.194,16.66,0.11,1.16,0.66,11.36,0.00,803
53.211,16.80,0.16,1.68,1.23,12.29,0.00,803
53.227,16.74,0.13,1.60,0.64,12.65,0.00,800
53.244,16.73,0.15,1.66,0.64,14.15,0.00,799
53.261,16.73,0.13,1.70,0.71,15.01,0.00,799
53.279,17.80,0.14,1.60,0.76,15.01,0.00,799
53.294,15.65,0.13,1.54,0.64,15.01,0.00,796
53.311,16.73,0.14,1.48,0.61,12.72,0.00,791
53.328,16.74,0.12,1.49,0.64,8.48,0.00,790
53.344,16.73,0.12,1.53,0.67,8.96,0.00,788
53.361,16.73,0.13,1.45,0.63,12.41,0.00,786
53.378,16.74,0.14,1.50,0.67,14.95,0.00,785
53.395,16.74,0.20,1.47,0.60,15.11,0.00,783
53.411,16.72,0.12,1.56,0.62,15.17,0.00,781
53.428,16.74,0.13,1.51,0.62,15.20,0.00,777
53.445,16.73,0.13,1.48,0.62,15.25,0.00,775
53.461,16.74,0.13,1.47,0.64,15.15,0.00,772
53.478,16.67,0.13,1.15,0.64,13.09,0.00,771
53.495,16.79,0.15,1.14,0.62,13.75,0.00,771
53.512,16.73,0.13,1.17,0.60,14.38,0.00,768
53.528,16.73,0.16,1.14,0.63,14.64,0.00,768
53.545,16.73,0.18,1.09,0.61,14.33,0.00,766
53.562,16.73,0.12,1.13,0.59,14.08,0.00,765
53.579,16.74,0.27,1.08,0.63,13.89,0.00,762
53.595,16.74,0.17,1.09,0.65,14.18,0.00,748
53.612,16.74,0.26,1.09,0.63,14.01,0.00,746
53.629,16.76,0.25,1.06,0.63,13.92,0.00,741
53.646,16.75,0.20,1.01,0.61,13.91,0.00,736
53.661,15.54,0.13,1.54,0.85,13.83,0.00,744
53.679,17.86,0.08,0.63,0.44,14.25,0.00,742
53.696,16.77,0.48,1.49,0.72,13.91,0.00,799
53.712,16.72,0.16,1.68,0.72,13.91,0.00,798
53.729,16.93,0.15,1.55,0.72,13.81,0.00,797
53.746,16.56,0.28,1.63,0.71,10.56,0.00,801
53.763,16.67,0.26,1.51,0.64,13.15,0.00,800
53.779,16.76,0.25,1.56,0.65,13.14,0.00,800
53.796,16.70,0.19,1.64,0.64,13.61,0.00,807
53.813,16.78,0.32,1.52,0.62,14.05,0.00,806
53.830,16.73,0.26,1.65,0.75,14.54,0.00,806
53.847,17.73,0.18,1.87,0.70,15.02,0.00,809
53.864,16.17,0.17,1.53,0.73,15.02,0.00,809
53.880,16.29,0.20,1.62,0.67,12.04,0.00,808
53.897,16.74,0.26,1.60,0.65,13.30,0.00,810
53.913,16.74,0.16,1.65,0.65,13.41,0.00,811
53.930,16.66,0.16,1.62,0.67,13.44,0.00,811
53.947,16.80,0.19,1.71,0.64,13.59,0.00,813
53.963,16.74,0.32,1.69,0.67,13.69,0.00,814
53.980,16.75,0.18,1.76,0.71,14.66,0.00,814
53.997,16.70,0.19,1.68,0.74,15.57,0.00,811
54.014,16.75,0.22,1.63,0.73,15.91,0.00,810
54.030,16.72,0.27,1.67,0.84,13.89,0.00,808
54.047,16.73,0.18,1.75,0.63,9.14,0.00,806
54.064,16.73,0.17,1.72,0.69,9.28,0.00,803
54.081,16.74,0.17,1.74,0.74,12.33,0.00,803
54.097,16.74,0.18,1.60,0.72,15.85,0.00,798
54.114,16.74,0.17,1.62,0.62,10.80,0.00,795
54.131,16.73,0.17,1.60,0.63,8.56,0.00,791
54.148,16.74,0.17,1.52,0.63,9.09,0.00,787
54.164,16.73,0.17,1.53,0.63,12.02,0.00,787
54.181,16.67,0.33,1.56,0.69,13.22,0.00,801
54.198,16.82,0.26,1.56,0.61,13.65,0.00,798
54.214,16.71,0.29,1.58,0.70,13.81,0.00,798
54.231,16.75,0.23,1.52,0.61,13.70,0.00,799
54.248,16.77,0.26,1.53,0.62,13.75,0.00,799
54.265,16.70,0.25,1.53,0.66,13.74,0.00,800
54.281,16.72,0.27,1.55,0.64,13.90,0.00,799
54.298,16.74,0.32,1.55,0.64,13.86,0.00,796
54.315,16.72,0.29,1.54,0.62,13.85,0.00,792
54.332,16.73,0.28,1.56,0.69,13.90,0.00,792
54.348,16.73,0.27,1.52,0.61,13.90,0.00,791
54.365,16.73,0.35,1.86,0.68,13.93,0.00,842
54.382,16.73,0.27,1.91,0.69,13.93,0.00,840
54.399,16.73,0.28,1.85,0.73,15.51,0.00,825
54.415,16.73,0.18,1.94,0.68,9.28,0.00,826
54.432,16.74,0.26,1.88,0.74,11.48,0.00,827
54.449,16.74,0.20,2.03,0.67,12.06,0.00,828
54.464,15.60,0.18,1.34,0.44,13.86,0.00,835
54.482,17.89,0.25,1.09,0.58,16.39,0.00,836
54.499,16.77,0.23,1.73,0.39,13.98,0.00,836
54.512,13.28,0.19,1.91,2.50,13.91,0.00,835
54.529,16.90,0.18,1.89,2.41,14.18,0.00,835
54.546,16.71,0.23,2.01,2.32,14.68,0.00,837
54.562,16.40,0.19,1.89,2.62,15.11,0.00,836
54.579,16.71,0.19,1.88,2.67,15.30,0.00,837
54.596,16.77,0.19,1.95,2.83,15.46,0.00,834
54.612,16.62,0.18,1.85,2.84,15.48,0.00,833
54.629,16.79,0.17,1.84,2.86,15.79,0.00,834
54.646,16.73,0.17,1.81,2.65,15.79,0.00,832
54.663,16.74,0.17,1.83,2.72,12.56,0.00,835
54.679,16.70,0.17,1.80,2.88,14.43,0.00,835
54.696,16.77,0.17,1.79,2.83,14.32,0.00,834
54.717,21.40,0.49,2.02,0.74,14.31,0.00,838
54.733,15.80,0.26,1.77,0.73,14.31,0.00,840
54.750,16.61,0.34,1.76,0.69,14.90,0.00,840
54.767,16.72,0.17,1.78,0.64,11.20,0.00,839
54.783,16.70,0.17,1.83,0.68,6.80,0.00,838
54.800,16.77,0.17,1.80,0.65,8.92,0.00,841
54.817,16.72,0.18,1.80,0.63,9.70,0.00,842
54.834,16.76,0.17,1.83,0.65,10.21,0.00,843
54.850,16.71,0.18,1.76,0.70,12.76,0.00,845
54.867,16.74,0.17,1.77,0.80,15.78,0.00,844
54.884,16.73,0.17,1.87,0.63,15.33,0.00,842
54.900,16.73,0.16,1.79,0.67,12.70,0.00,840
54.917,16.71,0.16,1.77,0.64,13.18,0.00,840
54.934,16.81,0.24,1.73,0.68,13.75,0.00,837
54.950,15.50,0.17,2.36,1.10,13.75,0.00,844
54.967,17.94,0.09,0.34,0.15,14.67,0.00,835
54.984,16.61,0.04,0.38,0.14,12.84,0.00,833
55.001,16.78,0.07,0.60,0.20,11.30,0.00,831
55.018,16.74,0.28,1.88,0.80,13.61,0.00,830
55.034,16.72,0.17,2.04,0.70,13.99,0.00,828
55.051,16.79,0.26,1.91,0.67,13.83,0.00,822
55.068,16.72,0.16,1.93,0.88,13.91,0.00,821
55.086,17.81,0.17,2.15,0.79,14.59,0.00,813
55.102,16.08,0.17,1.71,0.82,14.59,0.00,810
55.118,16.32,0.18,1.89,0.69,14.18,0.00,810
55.135,16.72,0.18,1.74,0.67,8.90,0.00,808
55.151,16.73,0.16,1.64,0.65,9.37,0.00,804
55.168,16.73,0.17,1.71,0.68,11.22,0.00,803
55.185,16.74,0.17,1.76,0.65,14.16,0.00,798
55.202,16.73,0.18,1.60,0.74,14.16,0.00,795
55.218,16.73,0.16,1.57,0.64,11.90,0.00,792
55.235,16.73,0.17,1.62,0.60,9.43,0.00,791
55.252,16.73,0.14,1.66,0.65,10.02,0.00,790
55.269,16.73,0.14,1.61,0.64,11.96,0.00,789
55.285,16.73,0.14,1.70,0.70,14.45,0.00,788
55.302,16.73,0.14,1.66,0.60,14.33,0.00,787
55.319,16.73,0.15,1.68,0.65,14.23,0.00,787
55.336,16.73,0.15,1.64,0.61,14.18,0.00,790
55.352,16.74,0.14,1.67,0.61,14.27,0.00,790
55.369,16.73,0.15,1.65,0.69,14.20,0.00,789
55.386,16.73,0.15,1.65,0.66,14.19,0.00,789
55.402,16.73,0.14,1.63,0.62,14.13,0.00,788
55.419,16.73,0.15,1.66,0.81,14.11,0.00,787
55.440,20.50,0.17,1.64,0.73,14.06,0.00,798
55.453,12.98,0.26,1.62,0.56,14.06,0.00,797
55.469,16.66,0.16,0.58,0.32,14.82,0.00,796
55.486,16.81,0.18,1.72,0.67,8.41,0.00,794
55.503,16.72,0.17,0.74,0.36,8.88,0.00,790
55.520,16.73,0.07,0.66,0.40,11.01,0.00,791
55.536,16.76,0.29,1.89,0.66,12.56,0.00,847
55.553,16.72,0.30,1.89,0.73,12.56,0.00,845
55.570,16.73,0.23,2.00,0.71,14.87,0.00,843
55.587,16.74,0.18,1.96,0.65,10.92,0.00,842
55.603,16.71,0.27,1.98,0.81,13.05,0.00,841
55.620,16.78,0.33,1.94,0.76,13.49,0.00,838
55.634,13.72,0.18,1.87,2.17,13.49,0.00,837
55.653,19.73,0.19,1.97,0.65,11.83,0.00,831
55.670,16.73,0.20,1.69,0.66,14.15,0.00,830
55.687,16.73,0.27,1.68,0.67,14.37,0.00,830
55.704,16.74,0.27,1.56,0.63,14.65,0.00,830
55.720,16.74,0.27,1.64,0.63,14.76,0.00,832
55.737,16.73,0.26,1.62,0.65,15.01,0.00,828
55.754,16.74,0.29,1.67,0.63,15.11,0.00,825
55.771,16.72,0.28,1.60,0.62,14.92,0.00,825
55.787,16.73,0.26,1.56,0.69,14.92,0.00,824
55.804,16.74,0.19,1.59,0.65,12.46,0.00,823
55.821,16.73,0.19,1.60,0.63,12.93,0.00,824
55.838,16.73,0.18,1.62,0.61,13.39,0.00,823
55.854,16.73,0.18,1.66,0.58,14.36,0.00,822
55.871,16.74,0.18,1.68,0.71,15.50,0.00,820
55.888,16.73,0.22,1.62,0.69,14.57,0.00,819
55.905,16.78,0.25,1.53,0.64,14.57,0.00,818
55.921,16.69,0.30,1.64,0.68,13.66,0.00,819
55.938,16.67,0.19,1.28,0.48,10.07,0.00,817
55.955,16.82,0.18,1.73,0.87,7.94,0.00,815
55.971,16.72,0.18,1.61,0.68,9.95,0.00,815
55.988,16.73,0.30,1.55,0.62,13.83,0.00,815
56.005,16.72,0.20,1.72,0.66,13.86,0.00,817
56.022,16.75,0.28,1.56,0.63,13.93,0.00,816
56.038,16.71,0.19,1.67,0.72,13.96,0.00,815
56.055,16.74,0.28,1.59,0.69,13.86,0.00,811
56.072,16.73,0.26,1.56,0.69,13.87,0.00,809
56.089,16.73,0.43,1.56,0.65,13.86,0.00,807
56.105,16.74,0.17,1.69,0.64,13.90,0.00,807
56.121,15.75,0.17,1.93,0.96,14.01,0.00,813
56.139,17.65,0.09,0.62,0.24,14.01,0.00,810
56.155,16.79,0.29,1.63,0.88,9.31,0.00,807
56.172,16.74,0.19,1.70,0.65,12.44,0.00,805
56.189,16.66,0.56,1.90,0.68,12.91,0.00,831
56.206,16.82,0.28,1.89,0.71,13.67,0.00,833
56.222,16.73,0.28,1.78,0.67,15.01,0.00,831
56.239,16.71,0.18,1.88,0.63,15.27,0.00,829
56.256,16.76,0.27,1.76,0.80,12.34,0.00,827
56.273,16.73,0.27,1.67,0.76,13.24,0.00,825
56.290,17.75,0.18,2.11,0.74,14.81,0.00,826
56.306,16.14,0.16,1.62,0.79,14.81,0.00,825
56.323,16.28,0.25,1.73,0.64,13.78,0.00,821
56.340,16.73,0.17,1.40,0.59,9.29,0.00,815
56.356,16.73,0.18,1.40,0.62,9.94,0.00,812
56.373,16.68,0.16,1.39,0.63,13.04,0.00,812
56.390,16.79,0.25,1.42,0.61,14.87,0.00,808
56.406,16.74,0.25,1.39,0.62,14.73,0.00,803
56.423,16.73,0.25,1.35,0.60,14.81,0.00,801
56.440,16.73,0.20,1.38,0.61,14.78,0.00,801
56.457,16.73,0.17,1.45,0.63,14.82,0.00,800
56.473,16.73,0.18,1.45,0.59,14.63,0.00,799
56.490,16.73,0.25,1.41,0.62,14.51,0.00,802
56.507,16.73,0.17,1.45,0.61,14.54,0.00,801
56.524,16.73,0.17,1.44,0.64,14.43,0.00,801
56.540,16.74,0.17,1.43,0.60,14.28,0.00,800
56.557,16.73,0.28,1.34,0.62,14.20,0.00,798
56.574,16.73,0.26,1.34,0.59,14.11,0.00,797
56.590,16.73,0.18,1.47,0.63,14.20,0.00,797
56.607,16.73,0.30,1.32,0.70,14.14,0.00,795
56.624,16.73,0.31,1.37,0.64,14.11,0.00,798
56.641,16.73,0.17,1.44,0.61,14.11,0.00,797
56.657,16.73,0.17,1.46,0.63,14.09,0.00,798
56.674,16.78,0.25,1.30,0.61,14.01,0.00,793
56.691,16.74,0.23,1.31,0.62,13.96,0.00,794
56.708,16.67,0.17,1.43,0.62,14.15,0.00,791
56.724,16.73,0.28,1.33,0.62,14.02,0.00,790
56.741,16.73,0.29,1.28,0.60,13.93,0.00,788
56.758,16.75,0.25,1.38,0.61,13.88,0.00,786
56.774,16.66,0.17,1.42,0.58,13.86,0.00,786
56.791,16.73,0.17,1.39,0.62,13.90,0.00,788
56.808,16.73,0.16,1.44,0.62,14.00,0.00,785
56.825,16.81,0.29,1.30,0.64,13.95,0.00,783
56.841,16.65,0.15,1.43,0.64,13.95,0.00,782
56.858,16.75,0.15,1.64,0.62,13.90,0.00,781
56.875,16.72,0.14,1.38,0.66,13.79,0.00,780
56.892,16.80,0.17,1.33,0.65,14.02,0.00,778
56.908,16.78,0.21,1.31,0.63,13.98,0.00,778
56.924,15.77,0.16,1.62,0.76,13.97,0.00,780
56.942,17.61,0.19,1.94,0.72,14.57,0.00,773
56.959,17.03,0.20,1.57,0.73,14.44,0.00,773
56.975,16.42,0.25,1.44,0.66,14.27,0.00,772
56.992,16.83,0.22,1.41,0.66,14.45,0.00,768
57.009,17.19,0.34,1.49,0.79,14.29,0.00,762
57.025,16.20,0.17,1.41,0.70,14.27,0.00,761
57.042,16.69,0.18,1.48,0.67,14.33,0.00,759
57.059,16.77,0.15,1.35,0.66,12.72,0.00,759
57.076,16.73,0.21,1.62,0.67,12.69,0.00,816
57.092,16.75,0.17,1.63,0.72,12.69,0.00,814
57.109,16.74,0.28,1.53,0.67,12.50,0.00,813
57.126,16.72,0.20,1.60,0.63,10.55,0.00,811
57.140,13.66,0.18,1.58,2.54,12.76,0.00,811
57.160,20.01,0.23,1.57,0.66,12.62,0.00,808
57.176,16.46,0.18,1.72,0.61,13.87,0.00,808
57.193,16.73,0.18,1.68,0.63,14.82,0.00,806
57.209,16.73,0.18,1.65,0.70,15.80,0.00,805
57.226,16.80,0.19,1.61,0.62,13.47,0.00,800
57.243,16.66,0.18,1.70,0.58,13.95,0.00,800
57.260,16.74,0.24,1.61,0.62,14.37,0.00,796
57.276,16.73,0.19,1.72,0.68,14.44,0.00,797
57.293,16.79,0.12,0.71,0.40,14.18,0.00,795
57.310,16.77,0.32,1.58,0.63,14.50,0.00,791
57.327,16.64,0.17,1.67,0.61,13.95,0.00,792
57.343,16.73,0.16,1.70,0.62,14.88,0.00,790
57.360,16.74,0.18,1.61,0.64,15.62,0.00,787
57.377,16.73,0.16,1.60,0.60,15.62,0.00,782
57.394,16.74,0.16,1.61,0.61,14.32,0.00,780
57.410,16.73,0.16,1.64,0.62,9.44,0.00,778
57.427,16.73,0.16,1.61,0.60,10.06,0.00,780
57.444,16.73,0.16,1.60,0.62,13.21,0.00,778
57.460,16.73,0.18,1.57,0.62,13.21,0.00,780
57.477,16.73,0.15,1.54,0.60,12.87,0.00,776
57.494,16.73,0.16,1.60,0.60,9.36,0.00,771
57.511,16.74,0.16,1.21,0.58,10.01,0.00,733
57.527,16.73,0.17,1.28,0.73,11.15,0.00,729
57.548,20.34,0.18,1.21,0.73,13.89,0.00,728
57.557,9.31,0.12,0.77,3.81,13.89,0.00,727
57.578,20.57,0.17,1.32,0.66,10.74,0.00,725
57.594,16.73,0.18,1.30,0.68,10.87,0.00,724
57.611,16.73,0.17,1.25,0.66,12.93,0.00,724
57.628,16.76,0.28,1.16,0.63,13.49,0.00,722
57.645,16.72,0.21,1.31,0.70,13.76,0.00,720
57.661,16.78,0.31,1.25,0.64,13.76,0.00,718
57.678,16.67,0.18,1.32,0.65,13.89,0.00,716
57.692,14.03,0.16,1.17,2.60,13.90,0.00,712
57.712,19.92,0.16,1.14,0.66,13.96,0.00,712
57.728,16.25,0.18,1.29,0.65,13.98,0.00,713
57.745,16.74,0.19,1.24,0.65,13.92,0.00,714
57.762,16.73,0.18,1.27,0.62,13.99,0.00,713
57.778,16.74,0.19,1.22,0.65,13.90,0.00,712
57.795,16.73,0.17,1.22,0.66,13.86,0.00,709
57.812,16.74,0.40,1.12,0.62,13.76,0.00,708
57.829,16.82,0.28,1.16,0.62,13.68,0.00,707
57.845,16.65,0.14,1.12,0.60,13.61,0.00,707
57.862,16.75,0.16,1.16,0.61,13.65,0.00,705
57.879,16.73,0.14,1.14,0.60,13.61,0.00,705
57.896,16.77,0.13,1.11,0.60,13.56,0.00,705
57.912,16.74,0.13,1.09,0.58,13.56,0.00,704
57.929,16.65,0.13,1.14,0.59,13.51,0.00,703
57.946,16.74,0.14,1.25,0.63,13.49,0.00,705
57.963,16.92,0.24,1.10,0.76,13.79,0.00,703
57.978,15.52,0.15,1.54,1.07,13.79,0.00,714
57.992,13.83,0.06,0.44,4.18,14.10,0.00,712
58.013,21.06,0.19,1.35,0.84,12.54,0.00,712
58.029,16.32,0.16,1.39,0.67,13.72,0.00,710
58.046,16.75,0.20,1.38,0.73,13.76,0.00,711
58.063,16.85,0.43,1.30,0.77,13.85,0.00,710
58.080,16.67,0.14,1.26,0.63,14.02,0.00,705
58.096,16.69,0.29,1.17,0.66,13.71,0.00,704
58.113,16.84,0.22,1.27,0.66,13.62,0.00,704
58.130,16.60,0.15,1.28,0.65,13.45,0.00,704
58.143,13.58,0.14,1.14,3.19,13.50,0.00,705
58.164,20.32,0.14,1.05,0.69,13.53,0.00,702
58.180,16.36,0.19,1.05,0.64,13.52,0.00,702
58.197,16.68,0.46,1.19,0.70,13.46,0.00,766
58.213,16.74,0.17,1.29,0.67,13.92,0.00,766
58.230,16.72,0.17,1.32,0.63,13.87,0.00,766
58.247,16.72,0.16,1.24,0.63,13.99,0.00,764
58.264,16.75,0.32,1.17,0.64,13.87,0.00,764
58.280,16.71,0.30,1.14,0.63,13.84,0.00,763
58.297,16.73,0.33,1.12,0.64,13.77,0.00,763
58.314,16.75,0.36,1.14,0.64,13.71,0.00,761
58.331,16.71,0.14,1.26,0.62,13.64,0.00,760
58.347,16.79,0.14,1.15,0.63,13.72,0.00,759
58.364,16.75,0.13,1.19,0.67,13.69,0.00,759
58.381,16.73,0.15,1.12,0.64,13.62,0.00,759
58.398,16.71,0.15,1.19,0.62,13.64,0.00,759
58.414,16.67,0.27,1.24,0.62,13.58,0.00,758
58.434,20.26,0.16,1.19,1.41,13.53,0.00,771
58.448,13.23,0.13,0.87,0.56,13.53,0.00,770
58.464,16.73,0.16,0.60,0.33,14.87,0.00,772
58.481,16.71,0.16,1.39,0.69,8.21,0.00,776
58.498,16.74,0.16,1.44,0.71,9.25,0.00,774
58.515,16.73,0.11,0.94,0.65,10.90,0.00,768
58.531,16.81,0.14,1.36,0.69,13.35,0.00,770
58.548,16.66,0.14,1.37,0.65,14.35,0.00,768
58.565,16.78,0.14,1.20,0.63,14.24,0.00,767
58.582,16.68,0.14,1.24,0.61,14.20,0.00,764
58.598,16.75,0.13,1.21,0.66,13.12,0.00,763
58.612,13.57,0.13,1.13,3.39,13.07,0.00,762
58.632,20.34,0.14,1.18,0.67,13.09,0.00,762
58.648,16.27,0.13,1.22,0.69,13.07,0.00,761
58.665,16.71,0.07,0.64,0.39,13.21,0.00,760
58.682,16.73,0.06,0.52,0.33,13.24,0.00,760
58.699,16.74,0.07,0.66,0.39,13.32,0.00,759
58.715,16.75,0.10,1.09,0.66,13.28,0.00,758
58.732,16.74,0.13,1.15,0.63,13.38,0.00,756
58.749,16.77,0.14,1.20,0.59,13.43,0.00,756
58.766,16.71,0.13,1.24,0.64,13.39,0.00,756
58.782,16.72,0.13,1.19,0.61,13.30,0.00,756
58.799,16.73,0.12,1.23,0.63,13.30,0.00,756
58.816,16.73,0.21,1.55,0.62,13.23,0.00,810
58.833,16.75,0.19,1.57,0.73,13.23,0.00,807
58.849,16.71,0.19,1.62,0.61,15.00,0.00,807
58.866,16.75,0.19,1.54,0.61,9.28,0.00,803
58.883,16.71,0.18,1.62,0.62,9.59,0.00,804
58.900,16.80,0.18,1.56,0.63,11.53,0.00,807
58.916,16.68,0.23,1.53,0.61,14.35,0.00,802
58.933,16.73,0.19,1.55,0.60,14.35,0.00,803
58.950,16.73,0.19,1.58,0.61,13.53,0.00,801
58.966,16.73,0.17,1.60,0.62,11.78,0.00,803
58.983,16.82,0.18,1.58,0.59,12.01,0.00,802
59.000,16.65,0.17,1.58,0.59,12.65,0.00,804
59.017,16.73,0.19,1.70,0.68,14.39,0.00,807
59.033,16.74,0.24,1.58,0.71,15.83,0.00,803
59.050,16.74,0.20,1.54,0.69,14.01,0.00,803
59.067,17.08,0.21,1.36,0.79,13.82,0.00,804
59.087,20.00,0.20,1.47,0.83,14.44,0.00,816
59.096,9.28,0.13,0.97,3.99,14.44,0.00,813
59.117,20.53,0.08,0.53,0.37,15.14,0.00,813
59.134,16.77,0.21,1.52,0.71,11.48,0.00,815
59.150,16.73,0.19,1.57,0.71,12.82,0.00,818
59.167,16.81,0.48,2.11,0.91,13.06,0.00,858
59.184,16.64,0.20,1.82,0.74,13.40,0.00,859
59.201,16.79,0.20,1.71,0.65,14.49,0.00,860
59.217,16.68,0.21,1.77,0.63,15.13,0.00,859
59.234,16.74,0.18,1.71,0.68,12.83,0.00,848
59.251,16.73,0.20,1.61,0.63,12.78,0.00,845
59.268,16.73,0.20,1.77,0.60,14.08,0.00,844
59.281,13.54,0.19,1.65,2.73,14.08,0.00,842
59.297,16.06,0.19,1.55,3.33,14.84,0.00,843
59.318,20.61,0.20,1.66,0.60,8.57,0.00,840
59.335,16.74,0.19,1.64,0.68,9.97,0.00,843
59.351,16.80,0.31,1.64,0.65,14.19,0.00,841
59.368,16.66,0.19,1.70,0.62,14.90,0.00,840
59.385,16.73,0.19,1.67,0.62,14.86,0.00,838
59.401,16.73,0.18,1.67,0.60,14.84,0.00,838
59.418,16.73,0.19,1.60,0.69,14.96,0.00,836
59.435,16.74,0.19,1.76,0.61,14.88,0.00,833
59.452,16.73,0.19,1.63,0.60,14.97,0.00,833
59.468,16.73,0.20,1.68,0.62,14.86,0.00,833
59.485,16.76,0.26,1.67,0.61,14.88,0.00,832
59.505,20.18,0.25,1.69,0.78,14.87,0.00,841
59.519,13.27,0.19,1.72,0.69,14.87,0.00,840
59.535,16.77,0.08,0.63,0.32,15.68,0.00,839
59.552,16.70,0.19,1.77,0.67,9.95,0.00,837
59.569,16.82,0.29,1.72,0.75,10.54,0.00,837
59.586,16.62,0.09,0.62,0.35,11.41,0.00,836
59.602,16.77,0.19,1.75,0.75,12.74,0.00,836
59.619,16.71,0.40,1.66,0.68,13.46,0.00,837
59.636,16.78,0.18,1.86,0.62,15.08,0.00,838
59.652,16.69,0.18,1.81,0.89,15.04,0.00,839
59.670,17.73,0.29,1.73,0.77,15.29,0.00,840
59.686,16.20,0.18,1.59,0.72,15.29,0.00,842
59.703,16.29,0.20,1.67,0.64,12.13,0.00,839
59.719,16.71,0.19,1.64,0.62,9.99,0.00,840
59.736,16.74,0.19,1.63,0.60,10.48,0.00,841
59.753,16.74,0.20,1.67,0.69,12.22,0.00,840
59.770,16.72,0.27,1.69,0.62,14.82,0.00,837
59.786,16.73,0.18,1.69,0.58,15.08,0.00,832
59.803,16.80,0.25,1.62,0.66,15.15,0.00,829
59.820,16.66,0.18,1.62,0.60,15.05,0.00,827
59.837,16.73,0.17,1.66,0.60,14.99,0.00,820
59.853,16.73,0.18,1.70,0.62,14.97,0.00,822
59.870,16.73,0.17,1.67,0.64,15.05,0.00,821
59.887,16.73,0.17,1.68,0.62,14.98,0.00,818
59.904,16.83,0.24,1.53,0.62,13.38,0.00,817
59.920,16.63,0.17,1.67,0.62,14.03,0.00,814
59.937,16.76,0.17,1.73,0.62,14.01,0.00,815
59.954,16.72,0.21,1.68,0.65,14.68,0.00,815
59.970,16.71,0.18,1.64,0.61,14.75,0.00,814
59.987,16.81,0.19,1.61,0.62,14.86,0.00,812
60.003,15.59,0.18,1.82,1.17,14.86,0.00,821
60.021,17.83,0.06,0.45,0.18,14.80,0.00,820
60.037,16.71,0.12,0.90,0.46,13.80,0.00,819
60.054,16.72,0.18,1.74,0.67,8.11,0.00,817
60.071,16.75,0.18,1.65,0.67,9.45,0.00,818
60.088,16.83,0.29,1.70,0.76,11.88,0.00,817
60.104,16.67,0.20,1.63,0.78,15.22,0.00,818
60.121,16.68,0.18,1.84,0.66,14.64,0.00,818
60.138,16.79,0.25,1.62,0.67,11.42,0.00,817
60.155,16.74,0.17,1.65,0.69,11.93,0.00,814
60.171,16.69,0.28,1.42,0.62,13.63,0.00,815
60.188,16.75,0.27,1.54,0.66,15.15,0.00,814
60.205,16.73,0.42,1.63,0.63,15.08,0.00,830
60.221,16.76,0.22,1.53,0.68,15.49,0.00,826
60.235,13.58,0.20,1.55,2.86,12.74,0.00,826
60.255,20.37,0.19,1.51,0.67,14.55,0.00,825
60.272,16.21,0.18,1.63,0.64,14.28,0.00,821
60.288,16.73,0.18,1.62,0.64,14.10,0.00,818
60.305,16.73,0.19,1.62,0.65,14.11,0.00,813
60.322,16.74,0.19,1.58,0.61,14.67,0.00,811
60.339,16.74,0.17,1.56,0.61,13.89,0.00,804
60.355,16.72,0.18,1.53,0.61,13.97,0.00,802
60.372,16.73,0.18,1.53,0.60,14.02,0.00,800
60.389,16.73,0.17,1.50,0.63,14.12,0.00,800
60.405,16.73,0.17,1.56,0.63,14.09,0.00,794
60.422,16.73,0.18,1.55,0.61,14.03,0.00,781
60.439,16.76,0.17,1.54,0.60,14.30,0.00,779
60.456,16.72,0.17,1.57,0.62,14.28,0.00,788
60.472,16.73,0.16,1.55,0.61,14.27,0.00,786
60.489,16.72,0.15,1.52,0.61,14.38,0.00,785
60.506,16.73,0.14,1.54,0.65,14.07,0.00,785
60.523,16.73,0.15,1.56,0.64,14.19,0.00,783
60.538,15.70,0.16,1.89,1.06,14.19,0.00,792
60.556,17.77,0.04,0.27,0.45,14.14,0.00,792
60.573,16.72,0.04,0.31,0.15,10.59,0.00,795
60.590,16.83,0.11,0.71,0.38,10.02,0.00,797
60.606,16.85,0.10,0.53,0.39,12.87,0.00,794
60.623,16.62,0.24,1.60,0.83,13.27,0.00,790
60.640,16.71,0.23,1.85,0.63,14.39,0.00,790
60.656,16.68,0.15,1.51,0.64,14.12,0.00,788
60.673,16.74,0.20,1.54,0.61,14.08,0.00,789
60.690,16.82,0.30,1.50,0.63,13.96,0.00,788
60.708,17.74,0.39,1.76,0.73,13.97,0.00,788
60.724,16.08,0.15,1.57,0.69,13.68,0.00,786
60.740,16.35,0.16,1.57,0.69,13.59,0.00,781
60.757,16.72,0.26,1.42,0.62,13.54,0.00,782
60.774,16.71,0.14,1.43,0.63,13.50,0.00,780
60.790,16.73,0.14,1.14,0.63,13.52,0.00,763
60.807,16.70,0.14,1.13,0.71,13.35,0.00,759
60.824,16.82,0.21,1.04,0.63,13.34,0.00,759
60.840,16.65,0.14,1.12,0.63,13.35,0.00,756
60.857,16.73,0.14,1.09,0.62,13.26,0.00,753
60.874,16.75,0.15,1.14,0.66,13.13,0.00,754
60.891,16.72,0.15,1.09,0.63,13.29,0.00,747
60.907,16.75,0.13,1.09,0.64,13.17,0.00,760
60.924,16.71,0.14,1.14,0.63,13.15,0.00,760
60.941,16.82,0.28,1.08,0.72,13.10,0.00,762
60.958,16.65,0.15,1.11,0.64,13.10,0.00,759
60.974,16.73,0.14,1.12,0.61,13.01,0.00,756
60.991,16.79,0.17,1.07,0.71,12.97,0.00,755
61.012,20.40,0.15,1.09,0.76,12.90,0.00,767
61.025,13.10,0.16,1.20,0.73,12.90,0.00,768
61.041,16.71,0.19,1.22,0.81,13.59,0.00,763
61.058,16.70,0.14,1.35,0.68,13.29,0.00,764
61.075,16.68,0.14,1.26,0.68,13.22,0.00,765
61.091,16.72,0.07,0.43,0.42,13.30,0.00,765
61.108,16.78,0.15,1.29,0.81,13.27,0.00,764
61.125,16.77,0.26,1.13,0.71,13.20,0.00,762
61.142,16.67,0.14,1.05,0.64,13.13,0.00,763
61.158,16.72,0.14,1.06,0.64,13.23,0.00,762
61.175,16.75,0.13,1.08,0.67,13.16,0.00,760
61.193,17.83,0.30,1.37,0.79,13.08,0.00,757
61.209,16.06,0.14,0.96,0.67,13.01,0.00,759
61.225,16.28,0.13,1.00,0.64,13.21,0.00,759
61.242,16.74,0.13,0.98,0.60,13.19,0.00,759
61.259,16.73,0.14,0.97,0.62,13.16,0.00,758
61.276,16.74,0.13,0.97,0.59,13.30,0.00,759
61.292,16.73,0.13,1.04,0.62,13.25,0.00,757
61.309,16.73,0.13,1.02,0.65,13.20,0.00,756
61.326,16.73,0.14,0.98,0.61,13.21,0.00,756
61.342,16.73,0.13,0.92,0.63,13.28,0.00,758
61.359,16.73,0.13,0.97,0.61,13.23,0.00,756
61.376,16.73,0.13,1.00,0.63,13.20,0.00,754
61.393,16.73,0.15,0.95,0.63,13.19,0.00,753
61.409,16.74,0.13,1.04,0.64,13.34,0.00,751
61.426,16.73,0.13,0.99,0.64,13.37,0.00,741
61.443,16.73,0.13,1.00,0.63,13.35,0.00,737
61.460,16.73,0.14,0.97,0.63,13.38,0.00,737
61.476,16.73,0.13,0.95,0.63,13.41,0.00,732
61.493,16.74,0.13,0.92,0.61,13.45,0.00,732
61.510,16.73,0.15,1.10,0.66,13.50,0.00,731
61.530,20.23,0.14,0.97,0.76,13.48,0.00,740
61.543,13.27,0.14,1.07,0.73,13.48,0.00,739
61.560,16.74,0.09,0.38,0.32,12.21,0.00,737
61.577,16.72,0.13,0.94,0.72,7.48,0.00,731
61.593,16.71,0.27,0.67,0.37,8.41,0.00,781
61.610,16.81,0.08,0.56,0.40,14.64,0.00,781
61.627,16.73,0.18,1.47,0.67,14.64,0.00,779
61.644,16.76,0.27,1.43,0.72,11.88,0.00,774
61.660,16.65,0.17,1.43,0.64,11.65,0.00,776
61.677,16.78,0.28,1.37,0.63,13.77,0.00,774
61.694,16.67,0.18,1.57,0.79,14.34,0.00,771
61.712,17.79,0.19,1.53,0.78,14.75,0.00,770
61.728,15.88,0.24,1.37,0.62,14.75,0.00,773
61.744,16.53,0.18,1.51,0.62,10.28,0.00,774
61.761,16.75,0.18,1.51,0.61,12.98,0.00,773
61.778,16.71,0.18,1.45,0.59,13.16,0.00,771
61.794,16.73,0.17,1.50,0.64,13.37,0.00,780
61.811,16.74,0.17,1.50,0.62,13.29,0.00,777
61.828,16.85,0.26,1.44,0.60,13.77,0.00,775
61.844,16.61,0.17,1.70,0.61,14.66,0.00,790
61.861,16.73,0.32,1.55,0.67,15.54,0.00,791
61.878,16.73,0.17,1.60,0.61,15.54,0.00,792
61.895,16.74,0.18,1.66,0.64,14.11,0.00,793
61.912,16.87,0.23,1.53,0.63,9.58,0.00,797
61.928,16.65,0.16,1.58,0.63,10.15,0.00,799
61.945,16.68,0.18,1.59,0.63,12.94,0.00,802
61.962,16.77,0.17,1.68,0.82,15.97,0.00,801
61.982,20.04,0.18,1.59,0.76,12.53,0.00,815
61.995,13.38,0.20,1.68,0.69,12.53,0.00,813
62.012,16.75,0.19,0.73,0.32,9.11,0.00,809
62.029,16.73,0.17,1.79,0.67,7.08,0.00,808
62.045,16.78,0.32,1.64,0.65,11.83,0.00,808
62.062,16.67,0.09,0.64,0.37,12.03,0.00,807
62.079,16.79,0.17,1.68,0.65,11.84,0.00,806
62.095,16.73,0.16,1.63,0.69,12.90,0.00,803
62.112,16.74,0.26,1.68,0.64,13.71,0.00,801
62.129,16.72,0.32,1.67,0.76,13.64,0.00,804
62.143,13.74,0.19,1.67,2.47,13.56,0.00,805
62.162,19.70,0.17,1.65,0.65,13.79,0.00,802
62.179,16.82,0.25,1.50,0.63,13.59,0.00,802
62.196,16.71,0.26,1.49,0.63,13.62,0.00,802
62.213,16.66,0.43,1.56,0.63,13.71,0.00,821
62.229,16.73,0.21,2.04,0.70,13.93,0.00,876
62.246,16.74,0.19,1.93,0.70,13.93,0.00,876
62.263,16.72,0.19,2.01,0.65,15.15,0.00,876
62.279,16.73,0.18,1.94,0.65,9.11,0.00,875
62.296,16.76,0.19,1.96,0.67,11.25,0.00,876
62.313,16.70,0.19,1.93,0.64,11.80,0.00,877
62.330,16.77,0.27,2.14,0.78,14.00,0.00,876
62.350,20.20,0.24,2.02,0.79,16.00,0.00,885
62.363,13.22,0.15,2.08,0.68,16.00,0.00,883
62.380,16.75,0.28,2.14,0.73,15.12,0.00,880
62.397,16.73,0.20,2.06,0.70,11.13,0.00,883
62.413,16.75,0.49,2.09,0.81,13.42,0.00,882
62.430,16.69,0.09,0.75,0.70,13.42,0.00,881
62.447,16.75,0.23,2.06,0.67,10.59,0.00,877
62.464,16.80,0.23,2.01,0.70,11.13,0.00,873
62.480,16.67,0.21,2.09,0.67,12.89,0.00,873
62.497,16.71,0.32,2.07,1.04,13.43,0.00,877
62.515,17.79,0.19,2.05,0.71,13.45,0.00,878
62.530,15.68,0.21,2.04,0.76,13.24,0.00,874
62.547,16.72,0.19,2.02,0.62,13.97,0.00,871
62.564,16.73,0.19,2.03,0.66,14.80,0.00,869
62.581,16.73,0.18,2.01,0.64,15.45,0.00,868
62.597,16.73,0.19,1.87,0.70,15.84,0.00,869
62.614,16.74,0.18,1.94,0.69,15.84,0.00,868
62.631,16.75,0.18,1.94,0.61,11.15,0.00,866
62.648,16.74,0.18,1.91,0.86,6.76,0.00,859
62.664,16.72,0.20,1.96,0.67,8.73,0.00,860
62.681,16.72,0.18,1.90,0.62,10.13,0.00,860
62.698,16.74,0.18,1.91,0.69,10.60,0.00,859
62.715,16.73,0.18,1.87,0.63,12.82,0.00,854
62.731,16.73,0.18,1.96,0.72,15.48,0.00,854
62.748,16.75,0.21,1.88,0.70,15.48,0.00,853
62.765,16.72,0.17,1.93,0.61,9.66,0.00,845
62.781,15.80,0.20,2.41,1.59,11.02,0.00,856
62.798,17.71,0.09,0.36,0.13,11.02,0.00,855
62.815,16.68,0.04,0.33,0.13,10.40,0.00,853
62.832,16.78,0.08,0.64,0.19,10.11,0.00,850
62.848,16.69,0.29,0.73,0.40,13.30,0.00,850
62.865,16.74,0.38,2.02,0.81,14.22,0.00,850
62.882,16.75,0.19,2.01,0.65,14.43,0.00,844
62.899,16.70,0.19,1.93,0.68,14.43,0.00,843
62.915,16.82,0.27,1.87,0.84,15.91,0.00,844
62.932,16.64,0.22,1.97,0.73,9.79,0.00,839
62.949,16.74,0.19,1.91,0.70,10.73,0.00,838
62.967,18.13,0.28,2.04,0.75,11.67,0.00,838
62.983,15.80,0.18,1.91,0.81,13.34,0.00,835
62.999,16.25,0.20,1.83,0.75,13.34,0.00,828
63.016,16.76,0.22,1.77,0.62,15.89,0.00,827
63.032,16.70,0.18,1.87,0.68,9.85,0.00,816
63.049,16.80,0.19,1.84,0.63,7.30,0.00,808
63.066,16.73,0.26,1.77,0.69,11.64,0.00,804
63.083,16.73,0.19,1.81,0.72,11.99,0.00,800
63.099,16.67,0.20,1.81,0.73,12.35,0.00,797
63.116,16.79,0.16,1.79,0.61,11.39,0.00,793
63.133,16.74,0.17,1.81,0.70,12.89,0.00,792
63.150,16.75,0.24,1.83,0.65,15.19,0.00,792
63.166,16.73,0.18,1.80,0.77,15.59,0.00,790
63.183,16.71,0.33,1.41,0.51,13.68,0.00,829
63.200,16.76,0.21,2.03,0.65,14.43,0.00,829
63.217,16.72,0.30,2.05,0.71,14.68,0.00,830
63.233,16.70,0.26,2.03,0.89,15.06,0.00,823
63.250,16.76,0.20,2.05,0.68,9.89,0.00,823
63.267,16.73,0.26,1.95,0.72,12.94,0.00,823
63.283,16.74,0.26,1.87,0.90,13.07,0.00,824
63.300,16.74,0.34,2.04,0.80,13.25,0.00,823
63.320,20.20,0.19,2.01,0.86,14.10,0.00,834
63.334,13.25,0.21,2.07,0.71,14.10,0.00,838
63.350,16.67,0.18,0.87,0.32,16.35,0.00,835
63.367,16.79,0.20,2.14,0.75,10.03,0.00,834
63.384,16.73,0.19,0.84,0.34,9.49,0.00,834
63.400,16.65,0.09,0.71,0.37,10.63,0.00,834
63.417,16.82,0.19,2.08,0.80,13.07,0.00,832
63.434,16.69,0.34,2.00,0.56,15.69,0.00,830
63.451,16.78,0.20,2.07,0.66,12.68,0.00,829
63.468,16.73,0.28,1.97,0.72,11.41,0.00,827
63.481,13.61,0.18,2.01,2.06,12.25,0.00,823
63.501,20.29,0.19,2.00,0.80,12.33,0.00,816
63.518,16.28,0.20,2.07,0.77,13.36,0.00,816
63.534,16.73,0.19,1.96,0.69,13.36,0.00,814
63.551,16.73,0.18,1.95,0.67,12.08,0.00,814
63.568,16.74,0.20,1.73,0.67,13.62,0.00,812
63.585,16.72,0.33,1.56,0.65,13.91,0.00,810
63.601,16.73,0.19,1.59,0.64,14.36,0.00,808
63.618,16.73,0.18,1.64,0.61,14.49,0.00,807
63.635,16.74,0.19,1.68,0.62,14.49,0.00,801
63.652,16.73,0.18,1.70,0.63,14.10,0.00,799
63.668,16.73,0.18,1.66,0.64,14.06,0.00,797
63.685,16.78,0.32,1.66,0.66,14.09,0.00,798
63.705,20.32,0.19,1.66,0.78,14.60,0.00,807
63.715,9.16,0.13,1.14,3.60,14.60,0.00,801
63.735,20.69,0.11,0.55,0.31,15.94,0.00,795
63.752,16.72,0.19,1.64,0.66,7.89,0.00,791
63.769,16.66,0.19,1.69,0.68,7.78,0.00,789
63.785,16.80,0.09,0.66,0.38,9.65,0.00,788
63.802,16.73,0.26,1.61,0.67,12.72,0.00,789
63.819,16.76,0.28,1.61,0.71,13.45,0.00,788
63.836,16.71,0.26,1.53,0.62,13.32,0.00,785
63.852,16.67,0.09,0.89,0.35,13.33,0.00,781
63.869,16.76,0.13,1.12,0.46,13.32,0.00,780
63.886,16.75,0.19,1.59,0.77,13.28,0.00,779
63.903,16.74,0.23,1.48,0.62,13.25,0.00,778
63.919,16.69,0.15,1.65,0.66,13.18,0.00,775
63.936,16.79,0.16,1.61,0.63,13.14,0.00,774
63.953,16.72,0.15,1.63,0.71,13.17,0.00,774
63.969,16.67,0.15,1.67,0.71,13.11,0.00,773
63.983,13.63,0.14,1.52,2.68,13.09,0.00,772
64.003,20.37,0.15,1.50,0.70,13.06,0.00,767
64.020,16.24,0.16,1.52,0.64,12.95,0.00,766
64.036,16.73,0.15,1.51,0.62,12.99,0.00,760
64.053,16.73,0.15,1.51,0.59,12.97,0.00,755
64.070,16.73,0.15,1.51,0.63,12.89,0.00,755
64.087,16.68,0.14,1.49,0.64,12.95,0.00,753
64.103,16.74,0.13,1.52,0.63,13.02,0.00,752
64.120,16.78,0.15,1.46,0.60,13.00,0.00,747
64.137,16.74,0.16,1.54,0.66,12.87,0.00,744
64.153,16.72,0.14,1.51,0.60,12.92,0.00,740
64.170,16.73,0.16,1.43,0.62,12.87,0.00,739
64.187,16.74,0.16,1.46,0.65,12.84,0.00,735
64.204,16.72,0.16,1.16,0.64,12.96,0.00,720
64.220,16.73,0.39,1.14,0.61,13.02,0.00,747
64.237,16.73,0.15,1.19,0.60,13.35,0.00,745
64.254,16.73,0.15,1.14,0.60,13.59,0.00,740
64.271,16.73,0.15,1.15,0.60,13.67,0.00,736
64.287,16.73,0.15,1.26,0.64,13.66,0.00,729
64.304,16.68,0.15,1.17,0.65,13.62,0.00,728
64.321,16.79,0.21,1.42,0.62,13.61,0.00,782
64.338,16.73,0.24,1.38,0.69,13.61,0.00,770
64.354,16.73,0.19,1.44,0.61,10.65,0.00,770
64.371,16.75,0.28,1.43,0.60,12.71,0.00,771
64.388,16.72,0.20,1.50,0.62,13.39,0.00,772
64.404,16.73,0.19,1.49,0.62,13.46,0.00,771
64.420,15.37,0.19,1.78,0.89,13.46,0.00,779
64.438,18.07,0.11,0.60,0.23,13.46,0.00,786
64.455,16.75,0.25,1.74,0.43,15.67,0.00,784
64.471,16.76,0.20,1.73,0.66,11.19,0.00,791
64.488,16.69,0.30,1.69,0.71,12.49,0.00,790
64.505,16.70,0.31,1.82,0.69,14.63,0.00,790
64.523,17.80,0.45,2.06,0.74,16.48,0.00,800
64.542,19.10,0.23,1.81,0.95,17.11,0.00,847
64.555,13.36,0.21,1.78,0.66,17.11,0.00,845
64.572,16.70,0.11,1.62,0.99,18.44,0.00,856
64.589,16.77,0.29,1.80,0.68,11.91,0.00,857
64.605,16.76,0.29,1.87,0.71,8.57,0.00,857
64.622,16.68,0.09,0.66,0.37,10.28,0.00,861
64.635,13.36,0.20,1.85,2.65,12.71,0.00,862
64.656,20.45,0.21,1.77,0.79,13.55,0.00,862
64.672,16.41,0.28,1.85,0.64,14.61,0.00,863
64.689,16.74,0.28,1.73,0.76,14.61,0.00,866
64.706,16.72,0.19,1.79,0.63,11.33,0.00,864
64.722,16.68,0.19,1.79,0.61,12.89,0.00,865
64.739,16.80,0.20,1.79,0.70,12.29,0.00,864
64.756,16.74,0.20,1.77,0.59,12.90,0.00,865
64.773,16.73,0.20,1.81,0.66,13.23,0.00,865
64.789,16.73,0.19,1.82,0.70,13.19,0.00,863
64.806,16.74,0.19,1.74,0.68,13.27,0.00,865
64.823,16.75,0.26,1.78,0.65,14.26,0.00,866
64.840,16.73,0.24,1.81,0.63,15.19,0.00,866
64.856,16.67,0.18,1.86,0.63,15.11,0.00,865
64.873,16.80,0.28,1.77,0.62,15.04,0.00,867
64.890,16.73,0.25,1.80,0.60,15.11,0.00,867
64.906,16.74,0.23,1.74,0.66,15.01,0.00,868
64.923,16.66,0.20,1.87,0.71,14.94,0.00,869
64.940,16.80,0.29,1.76,0.70,14.87,0.00,872
64.957,16.73,0.19,1.88,0.70,15.04,0.00,873
64.973,16.73,0.26,1.76,0.65,14.94,0.00,872
64.990,16.77,0.26,1.79,0.72,14.92,0.00,873
65.007,16.70,0.28,1.73,0.69,14.94,0.00,871
65.024,16.73,0.26,1.72,0.70,14.90,0.00,871
65.040,16.73,0.19,1.78,0.62,14.86,0.00,872
65.057,16.74,0.26,1.77,0.74,14.80,0.00,872
65.074,16.73,0.19,1.78,0.73,14.90,0.00,871
65.091,16.73,0.29,1.69,0.67,14.88,0.00,870
65.107,16.67,0.17,1.77,0.65,14.82,0.00,870
65.124,16.80,0.19,1.70,0.70,14.71,0.00,868
65.141,16.74,0.26,1.71,0.62,14.81,0.00,869
65.157,16.67,0.18,1.60,0.63,12.93,0.00,869
65.174,16.80,0.26,1.53,0.73,13.73,0.00,869
65.191,16.73,0.21,1.59,0.64,14.37,0.00,867
65.208,16.70,0.27,1.65,0.70,14.86,0.00,866
65.228,20.35,0.20,1.58,0.78,14.72,0.00,874
65.241,13.17,0.29,1.63,0.71,14.72,0.00,876
65.258,16.71,0.12,0.59,0.30,14.02,0.00,874
65.275,16.75,0.26,1.66,0.68,8.46,0.00,871
65.291,16.72,0.35,0.56,0.37,8.79,0.00,868
65.308,16.73,0.11,0.62,0.41,10.29,0.00,866
65.322,13.56,0.18,1.48,2.60,13.53,0.00,864
65.342,20.39,0.18,1.46,0.71,15.09,0.00,860
65.358,16.17,0.18,1.52,0.75,14.96,0.00,859
65.375,16.79,0.26,1.48,0.61,14.92,0.00,855
65.392,16.73,0.18,1.46,0.63,12.09,0.00,850
65.408,16.67,0.17,1.50,0.61,13.07,0.00,849
65.425,16.80,0.20,1.49,0.71,14.75,0.00,849
65.442,16.74,0.19,1.49,0.59,14.80,0.00,846
65.459,16.73,0.18,1.50,0.66,14.65,0.00,839
65.475,16.74,0.25,1.47,0.74,14.63,0.00,835
65.492,16.73,0.17,1.47,0.63,14.58,0.00,831
65.509,16.71,0.17,1.37,0.61,13.34,0.00,825
65.526,16.84,0.27,1.36,0.69,14.08,0.00,822
65.542,16.66,0.33,1.66,0.69,13.80,0.00,872
65.559,16.75,0.23,1.67,0.64,13.80,0.00,868
65.576,16.71,0.19,1.75,0.63,18.68,0.00,857
65.593,16.75,0.28,1.73,0.65,9.90,0.00,859
65.609,16.71,0.20,1.83,0.67,10.35,0.00,860
65.626,16.71,0.21,1.81,0.69,11.25,0.00,858
65.643,16.77,0.29,1.82,0.67,14.00,0.00,867
65.659,16.72,0.20,1.83,0.65,14.00,0.00,863
65.676,16.71,0.24,1.87,0.81,14.75,0.00,862
65.693,16.80,0.33,1.78,0.71,13.13,0.00,869
65.709,15.58,0.21,2.07,0.65,13.82,0.00,877
65.726,17.82,0.10,0.86,0.35,14.07,0.00,872
65.743,16.77,0.36,2.13,0.74,14.05,0.00,877
65.760,16.70,0.33,1.96,0.75,15.58,0.00,873
65.777,16.76,0.34,2.04,0.71,14.51,0.00,868
65.793,16.76,0.35,2.11,0.76,14.59,0.00,869
65.810,16.71,0.20,2.06,0.68,14.78,0.00,868
65.827,16.74,0.27,2.12,0.69,14.95,0.00,867
65.844,16.71,0.27,1.99,0.65,14.19,0.00,868
65.860,16.76,0.31,2.02,0.67,14.23,0.00,870
65.877,16.74,0.27,2.07,0.65,14.02,0.00,868
65.894,16.65,0.27,2.05,0.68,13.99,0.00,864
65.910,16.80,0.19,2.22,0.68,14.39,0.00,862
65.924,13.49,0.20,1.84,1.92,14.39,0.00,861
65.940,16.23,0.19,1.85,2.43,15.73,0.00,861
65.961,20.48,0.20,2.08,0.65,10.21,0.00,860
65.977,16.72,0.18,1.95,0.67,9.02,0.00,859
65.994,16.74,0.19,1.94,0.76,11.12,0.00,861
66.011,16.73,0.18,1.89,0.68,13.69,0.00,866
66.028,16.73,0.26,1.92,0.64,15.03,0.00,867
66.044,16.74,0.26,1.92,0.69,15.04,0.00,870
66.061,16.73,0.23,1.93,0.64,15.13,0.00,867
66.078,16.74,0.27,1.93,0.62,15.03,0.00,869
66.095,16.74,0.25,1.88,0.61,14.93,0.00,873
66.111,16.73,0.28,1.98,0.66,14.99,0.00,873
66.128,16.73,0.29,2.00,0.69,14.92,0.00,875
66.145,16.74,0.20,2.13,0.65,14.87,0.00,873
66.161,16.72,0.28,1.93,0.66,14.86,0.00,873
66.177,15.57,0.27,2.09,0.86,14.86,0.00,882
66.195,17.88,0.14,1.51,0.70,14.93,0.00,879
66.212,16.85,0.41,1.96,0.86,12.92,0.00,881
66.228,16.68,0.45,2.00,0.91,14.23,0.00,891
66.245,16.65,0.33,2.22,0.73,14.24,0.00,891
66.262,16.74,0.31,2.15,0.84,14.19,0.00,887
66.279,16.74,0.20,2.25,0.68,14.31,0.00,888
66.292,13.61,0.19,1.61,2.06,14.31,0.00,885
66.313,20.30,0.22,1.66,0.80,15.23,0.00,886
66.329,16.32,0.20,1.63,0.73,8.90,0.00,885
66.346,16.73,0.20,1.64,0.74,10.09,0.00,886
66.362,16.76,0.29,1.59,0.69,11.76,0.00,883
66.379,16.71,0.19,1.82,0.69,14.13,0.00,883
66.394,15.45,0.19,1.92,0.69,14.13,0.00,895
66.412,18.00,0.39,1.92,0.95,16.02,0.00,892
66.429,16.71,0.34,1.71,0.92,10.93,0.00,891
66.446,16.73,0.21,1.66,0.82,12.35,0.00,889
66.463,16.72,0.21,1.67,0.86,14.48,0.00,888
66.479,16.77,0.31,1.74,0.93,15.85,0.00,882
66.496,16.74,0.30,1.54,0.75,15.85,0.00,879
66.513,16.80,0.30,1.54,0.73,11.00,0.00,876
66.526,13.50,0.19,1.54,1.99,12.92,0.00,874
66.547,20.40,0.19,1.56,0.70,12.23,0.00,870
66.563,16.23,0.27,1.58,0.70,14.49,0.00,863
66.580,16.73,0.18,1.63,0.69,14.62,0.00,857
66.597,16.73,0.18,1.55,0.71,14.94,0.00,852
66.613,16.73,0.19,1.62,0.70,14.89,0.00,853
66.630,16.69,0.34,1.49,0.75,13.69,0.00,853
66.647,16.76,0.19,1.54,0.80,13.50,0.00,851
66.664,16.83,0.27,1.45,0.73,13.52,0.00,851
66.680,16.72,0.31,2.27,0.67,14.13,0.00,847
66.697,16.68,0.18,1.49,0.79,14.92,0.00,845
66.714,16.74,0.25,1.50,0.68,15.12,0.00,845
66.730,16.71,0.17,1.47,0.65,10.04,0.00,842
66.747,16.75,0.21,1.43,0.67,11.79,0.00,845
66.764,16.72,0.18,1.39,0.71,14.32,0.00,843
66.781,16.73,0.25,1.45,0.69,15.03,0.00,841
66.797,16.73,0.17,1.48,0.66,15.11,0.00,839
66.814,16.75,0.25,1.48,0.69,15.08,0.00,833
66.831,16.80,0.23,1.43,0.70,15.00,0.00,832
66.848,16.68,0.24,1.37,0.73,15.07,0.00,829
66.864,16.69,0.14,1.47,0.68,15.05,0.00,826
66.881,16.75,0.15,1.49,0.67,14.92,0.00,826
66.898,16.74,0.24,1.42,0.72,14.94,0.00,827
66.915,16.80,0.23,1.39,0.67,15.04,0.00,820
66.931,16.65,0.13,1.65,0.70,14.97,0.00,820
66.948,16.76,0.18,1.42,0.66,14.95,0.00,819
66.968,20.31,0.19,1.40,0.81,14.92,0.00,831
66.981,13.14,0.22,1.54,0.78,14.92,0.00,830
66.998,16.69,0.19,0.82,0.32,16.13,0.00,831
67.015,16.76,0.18,1.47,0.83,10.15,0.00,829
67.032,16.73,0.15,1.41,0.85,11.16,0.00,822
67.048,16.69,0.08,0.54,0.41,11.82,0.00,817
67.065,16.74,0.16,1.47,0.86,12.07,0.00,810
67.082,16.78,0.15,1.42,0.76,12.02,0.00,808
67.099,16.81,0.26,1.33,0.94,13.76,0.00,806
67.112,13.53,0.14,1.28,2.49,13.75,0.00,808
67.132,20.21,0.13,1.32,0.77,13.79,0.00,806
67.149,16.38,0.28,1.28,0.67,13.65,0.00,804
67.165,16.74,0.13,1.34,0.67,13.68,0.00,796
67.182,16.66,0.14,1.42,0.68,13.59,0.00,798
67.199,16.80,0.39,1.45,0.72,13.50,0.00,830
67.216,16.73,0.27,1.52,0.65,14.33,0.00,829
67.232,16.74,0.19,1.57,0.72,14.16,0.00,828
67.249,16.73,0.19,1.55,0.72,14.09,0.00,826
67.266,16.72,0.27,1.53,0.73,14.04,0.00,825
67.283,16.73,0.18,1.55,0.71,14.07,0.00,819
67.299,16.74,0.28,1.44,0.68,13.91,0.00,803
67.316,16.75,0.28,1.43,0.76,13.83,0.00,801
67.333,16.71,0.14,1.52,0.66,13.73,0.00,795
67.349,16.66,0.15,1.47,0.65,13.69,0.00,793
67.366,16.74,0.14,1.47,0.63,13.60,0.00,795
67.383,16.86,0.14,1.41,0.66,13.48,0.00,794
67.400,16.65,0.13,1.56,0.68,13.56,0.00,789
67.416,16.67,0.14,1.48,0.70,13.48,0.00,786
67.433,16.80,0.13,1.48,0.61,13.38,0.00,780
67.450,16.72,0.14,1.46,0.63,13.29,0.00,766
67.467,16.66,0.14,1.51,0.69,13.28,0.00,762
67.483,16.73,0.13,1.48,0.71,13.23,0.00,756
67.500,16.75,0.13,1.54,0.62,13.15,0.00,748
67.517,16.71,0.14,1.16,0.60,13.08,0.00,732
67.534,16.81,0.21,1.11,0.62,13.02,0.00,730
67.550,16.72,0.13,1.11,0.62,12.95,0.00,728
67.566,15.83,0.15,1.43,0.85,12.97,0.00,738
67.584,17.58,0.09,0.74,0.46,13.45,0.00,734
67.601,17.08,0.16,1.19,0.86,13.40,0.00,733
67.617,16.39,0.17,1.25,0.74,13.30,0.00,732
67.634,16.77,0.28,1.55,0.82,13.23,0.00,787
67.651,16.71,0.28,1.61,0.70,13.23,0.00,782
67.667,16.73,0.23,1.49,0.83,11.21,0.00,780
67.684,16.76,0.34,1.62,0.88,11.87,0.00,782
67.701,16.74,0.36,1.51,0.77,13.52,0.00,781
67.718,16.67,0.29,1.53,0.71,13.99,0.00,782
67.734,16.79,0.33,1.61,0.95,14.17,0.00,790
67.752,18.00,0.19,1.73,0.71,13.85,0.00,786
67.768,15.64,0.22,1.68,0.75,13.63,0.00,787
67.785,16.55,0.27,1.58,0.70,14.60,0.00,793
67.801,16.73,0.26,1.63,0.67,14.74,0.00,793
67.818,16.72,0.26,1.52,0.71,14.91,0.00,794
67.835,16.80,0.25,1.62,0.68,15.20,0.00,794
67.851,16.67,0.24,1.61,0.71,15.24,0.00,794
67.868,16.73,0.18,1.67,0.74,15.31,0.00,795
67.885,16.73,0.26,1.59,0.67,15.36,0.00,800
67.902,16.73,0.17,1.66,0.68,15.43,0.00,799
67.918,16.77,0.24,1.59,0.65,15.43,0.00,800
67.935,16.70,0.17,1.62,0.73,12.73,0.00,802
67.952,16.80,0.33,1.70,0.67,11.24,0.00,789
67.969,16.67,0.17,1.64,0.73,11.92,0.00,789
67.985,16.79,0.17,1.61,0.67,12.25,0.00,790
68.002,16.67,0.17,1.79,0.74,13.84,0.00,793
68.019,16.73,0.16,1.67,0.76,15.58,0.00,792
68.036,16.73,0.16,1.63,0.73,15.68,0.00,794
68.052,16.74,0.16,1.68,0.66,10.85,0.00,792
68.069,16.73,0.16,1.61,0.75,11.88,0.00,788
68.086,16.70,0.17,1.73,0.80,12.38,0.00,789
68.106,20.08,0.21,1.72,0.77,12.90,0.00,802
68.119,13.40,0.21,1.74,0.83,12.90,0.00,803
68.136,16.65,0.08,0.66,0.33,13.62,0.00,802
68.153,16.82,0.31,1.78,0.82,13.37,0.00,804
68.169,16.70,0.17,1.84,0.82,13.29,0.00,808
68.186,16.91,0.41,2.15,0.61,13.21,0.00,810
68.203,16.59,0.34,1.56,0.81,13.31,0.00,811
68.219,16.66,0.17,1.74,0.81,13.22,0.00,812
68.236,16.73,0.44,1.84,0.71,13.23,0.00,868
68.253,16.76,0.20,1.77,0.88,13.60,0.00,864
68.271,18.07,0.22,2.16,0.86,13.54,0.00,862
68.287,15.67,0.12,0.86,0.49,13.54,0.00,862
68.303,16.49,0.18,1.69,0.83,11.47,0.00,862
68.320,16.67,0.17,1.71,0.75,6.75,0.00,860
68.337,16.80,0.16,1.65,0.70,9.02,0.00,860
68.353,16.80,0.23,1.65,0.72,11.55,0.00,860
68.370,16.66,0.16,1.72,0.70,13.57,0.00,858
68.387,16.73,0.27,1.63,0.75,13.61,0.00,860
68.404,16.73,0.16,1.68,0.77,13.63,0.00,861
68.420,16.73,0.32,1.60,0.76,13.62,0.00,860
68.437,16.73,0.16,1.72,0.75,13.63,0.00,860
68.454,16.75,0.17,1.68,0.72,13.65,0.00,862
68.471,16.71,0.16,1.66,0.74,13.68,0.00,859
68.487,16.73,0.16,1.69,0.75,13.78,0.00,858
68.504,16.73,0.16,1.68,0.68,13.78,0.00,856
68.521,16.73,0.16,1.69,0.67,13.84,0.00,855
68.537,16.73,0.16,1.70,0.68,13.84,0.00,850
68.554,16.72,0.29,1.54,0.72,13.85,0.00,847
68.571,16.75,0.16,1.69,0.72,13.98,0.00,845
68.588,16.73,0.15,1.60,0.65,14.02,0.00,838
68.604,16.73,0.15,1.56,0.70,14.04,0.00,836
68.621,16.73,0.16,1.52,0.66,14.05,0.00,833
68.638,16.74,0.15,1.60,0.76,14.07,0.00,832
68.655,16.73,0.15,1.54,0.61,14.07,0.00,829
68.671,16.72,0.15,1.48,0.62,14.19,0.00,821
68.688,16.69,0.16,1.69,0.92,14.20,0.00,812
68.708,20.40,0.21,1.51,0.79,14.18,0.00,822
68.722,13.13,0.21,1.56,0.75,14.18,0.00,822
68.738,16.75,0.11,0.55,0.33,11.64,0.00,818
68.755,16.71,0.19,1.65,0.75,9.02,0.00,812
68.772,16.73,0.21,1.56,0.74,12.13,0.00,806
68.788,16.64,0.10,0.59,0.39,12.43,0.00,802
68.805,16.82,0.15,1.60,0.71,12.78,0.00,803
68.822,16.72,0.25,1.48,0.86,13.69,0.00,798
68.839,16.72,0.16,1.58,0.62,14.60,0.00,796
68.855,16.73,0.21,1.51,0.63,14.67,0.00,787
68.869,13.65,0.16,1.44,2.67,14.55,0.00,783
68.889,20.28,0.16,1.45,0.82,14.67,0.00,781
68.906,16.28,0.15,1.54,0.65,14.46,0.00,777
68.922,16.73,0.15,1.53,0.73,14.35,0.00,774
68.939,16.66,0.15,1.50,0.65,14.39,0.00,773
68.956,16.82,0.25,1.41,0.79,14.23,0.00,771
68.973,16.71,0.12,1.37,0.60,14.18,0.00,760
68.989,16.76,0.23,1.38,0.78,14.05,0.00,759
69.006,16.66,0.13,1.51,0.63,14.00,0.00,758
69.023,16.75,0.14,1.41,0.61,13.86,0.00,758
69.039,16.78,0.13,1.44,0.72,13.89,0.00,753
69.056,16.79,0.20,1.35,0.61,13.81,0.00,749
69.073,16.61,0.12,1.39,0.66,13.65,0.00,747
69.090,16.80,0.12,1.41,0.74,13.60,0.00,746
69.106,16.68,0.12,1.36,0.60,13.53,0.00,744
69.123,16.78,0.12,1.41,0.60,13.56,0.00,738
69.140,16.81,0.15,1.31,0.68,13.42,0.00,735
69.157,16.65,0.12,1.27,0.61,12.03,0.00,725
69.173,16.75,0.11,1.23,0.60,11.89,0.00,724
69.190,16.65,0.13,1.24,0.60,11.82,0.00,722
69.210,20.09,0.19,1.62,0.80,11.74,0.00,779
69.223,13.40,0.21,1.59,0.63,11.74,0.00,778
69.240,16.74,0.20,0.53,0.32,16.76,0.00,771
69.257,16.77,0.25,1.65,0.82,11.65,0.00,769
69.274,16.75,0.31,1.67,0.78,11.14,0.00,768
69.290,16.65,0.11,0.71,0.45,11.83,0.00,771
69.307,16.78,0.27,1.59,0.82,12.96,0.00,764
69.324,16.68,0.18,1.84,0.72,13.21,0.00,763
69.341,16.72,0.18,1.72,0.85,14.73,0.00,761
69.358,17.81,0.20,1.74,0.70,15.75,0.00,761
69.374,16.00,0.16,1.65,0.70,15.75,0.00,758
69.391,16.45,0.17,1.53,0.68,13.00,0.00,756
69.408,16.73,0.16,1.61,0.63,8.18,0.00,758
69.424,16.74,0.16,1.64,0.66,10.02,0.00,757
69.441,16.76,0.16,1.60,0.77,11.50,0.00,757
69.458,16.70,0.16,1.72,0.74,14.32,0.00,760
69.474,16.74,0.16,1.67,0.65,15.86,0.00,763
69.491,16.75,0.16,1.61,0.63,13.18,0.00,764
69.508,16.73,0.16,1.60,0.66,12.79,0.00,761
69.525,16.67,0.16,1.58,0.68,13.39,0.00,759
69.541,16.78,0.25,1.52,0.70,13.80,0.00,760
69.558,16.73,0.15,1.76,0.72,14.41,0.00,761
69.575,16.73,0.15,1.71,0.71,15.05,0.00,762
69.592,16.66,0.16,1.59,0.80,15.62,0.00,761
69.612,20.23,0.19,1.28,0.74,14.31,0.00,760
69.625,13.28,0.14,0.96,0.49,11.10,0.00,762
69.642,16.85,0.31,1.32,0.72,13.11,0.00,765
69.658,16.60,0.17,1.36,0.66,13.09,0.00,765
69.675,16.78,0.25,1.27,0.63,13.24,0.00,767
69.692,16.77,0.27,1.27,0.80,13.21,0.00,766
69.709,16.70,0.30,1.27,0.70,13.19,0.00,765
69.725,16.71,0.17,1.35,0.84,13.18,0.00,770
69.742,16.74,0.17,1.34,0.69,13.21,0.00,770
69.759,16.70,0.16,1.25,0.71,13.14,0.00,771
69.777,18.45,0.18,1.39,0.72,13.25,0.00,771
69.793,15.31,0.10,0.64,0.43,13.22,0.00,770
69.809,16.49,0.10,0.86,0.44,11.64,0.00,768
69.826,16.83,0.23,1.23,0.66,7.52,0.00,765
69.843,16.67,0.29,1.26,0.72,8.46,0.00,768
69.859,16.72,0.14,1.24,0.67,12.88,0.00,769
69.876,16.68,0.13,1.33,0.67,13.42,0.00,771
69.893,16.79,0.14,1.29,0.65,13.44,0.00,771
69.910,16.72,0.14,1.26,0.70,13.42,0.00,773
69.926,16.74,0.14,1.26,0.76,13.47,0.00,772
69.943,16.74,0.15,1.28,0.64,13.47,0.00,778
69.960,16.66,0.12,1.29,0.61,13.47,0.00,778
69.977,16.81,0.13,1.34,0.67,13.46,0.00,778
69.997,20.34,0.20,1.36,0.78,13.44,0.00,791
70.006,9.23,0.11,0.88,3.32,13.44,0.00,791
70.027,20.59,0.08,0.48,0.33,16.37,0.00,795
70.043,16.73,0.16,1.40,0.68,8.06,0.00,795
70.060,16.77,0.17,1.37,0.77,10.18,0.00,799
70.077,16.70,0.08,0.47,0.38,11.16,0.00,799
70.094,16.71,0.26,1.23,0.72,12.46,0.00,800
70.110,16.79,0.13,1.34,0.70,13.74,0.00,799
70.127,16.81,0.19,1.30,0.78,13.85,0.00,800
70.144,16.67,0.18,1.41,0.91,13.94,0.00,799
70.162,17.95,0.14,1.36,0.76,13.90,0.00,799
70.178,15.72,0.17,1.33,0.88,13.88,0.00,799
70.194,16.52,0.14,1.37,0.64,13.84,0.00,797
70.211,16.74,0.24,1.15,0.63,13.86,0.00,796
70.228,16.73,0.14,1.20,0.64,13.91,0.00,796
70.244,16.67,0.33,1.28,0.72,13.89,0.00,822
70.261,16.81,0.25,1.32,0.67,14.45,0.00,821
70.278,16.72,0.16,1.30,0.70,14.45,0.00,819
70.294,16.75,0.23,1.31,0.77,14.42,0.00,819
70.311,16.72,0.18,1.31,0.65,14.33,0.00,820
70.328,16.73,0.16,1.32,0.58,14.39,0.00,820
70.345,16.74,0.27,1.19,0.62,14.34,0.00,816
70.361,16.73,0.25,1.22,0.68,14.30,0.00,814
70.378,16.75,0.26,1.23,0.74,14.24,0.00,812
70.395,16.71,0.14,1.32,0.63,14.26,0.00,812
70.412,16.73,0.16,1.37,0.70,14.29,0.00,811
70.428,16.73,0.14,1.37,0.74,14.26,0.00,810
70.445,16.73,0.14,1.36,0.62,14.24,0.00,808
70.462,16.73,0.23,1.22,0.64,14.16,0.00,807
70.478,16.66,0.12,1.33,0.68,14.12,0.00,806
70.495,16.84,0.13,1.30,0.72,14.07,0.00,804
70.512,16.71,0.23,1.22,0.67,14.16,0.00,804
70.529,16.79,0.20,1.21,0.66,14.08,0.00,802
70.545,16.73,0.23,1.19,0.68,14.03,0.00,801
70.562,16.70,0.21,1.17,0.66,13.96,0.00,799
70.579,16.71,0.14,1.22,0.72,13.93,0.00,799
70.596,16.67,0.13,1.26,0.67,13.98,0.00,797
70.612,16.79,0.14,1.27,0.68,13.92,0.00,794
70.629,16.76,0.19,1.19,0.66,13.89,0.00,791
70.646,16.68,0.12,1.30,0.67,13.83,0.00,789
70.663,16.78,0.13,1.19,0.65,13.72,0.00,786
70.679,16.74,0.15,1.31,0.65,13.67,0.00,785
70.696,16.68,0.12,1.24,0.62,13.68,0.00,782
70.713,16.80,0.14,1.24,0.62,13.62,0.00,776
70.730,16.79,0.13,1.23,0.73,12.21,0.00,768
70.746,16.71,0.18,1.17,0.73,12.17,0.00,765
70.763,16.71,0.14,1.21,0.73,12.13,0.00,763
70.780,16.72,0.13,1.24,0.71,12.13,0.00,759
70.796,16.73,0.13,1.25,0.66,12.09,0.00,756
70.813,16.80,0.13,1.17,0.71,12.00,0.00,745
70.830,16.74,0.12,1.19,0.65,11.98,0.00,743
70.847,16.73,0.16,1.12,0.65,11.90,0.00,742
70.863,16.72,0.13,1.15,0.61,11.85,0.00,740
70.880,16.68,0.13,1.22,0.68,11.80,0.00,738
70.897,16.80,0.15,1.14,0.68,11.83,0.00,736
70.914,16.75,0.18,1.14,0.72,11.80,0.00,734
70.930,16.73,0.17,1.14,0.67,11.75,0.00,732
70.947,16.62,0.12,0.83,0.47,11.70,0.00,730
70.964,16.85,0.13,1.21,0.65,11.91,0.00,728
70.981,16.75,0.22,1.12,0.63,11.72,0.00,727
70.997,16.62,0.11,1.25,0.69,11.68,0.00,724
71.014,16.77,0.13,1.15,0.77,11.64,0.00,721
71.031,16.73,0.14,1.22,0.65,11.67,0.00,716
71.051,20.34,0.16,1.23,0.76,11.54,0.00,723
71.064,13.08,0.09,0.80,0.50,11.54,0.00,719
71.081,16.73,0.12,0.54,0.32,12.39,0.00,714
71.098,16.72,0.12,1.25,0.69,12.22,0.00,711
71.114,16.75,0.12,1.24,0.75,12.05,0.00,707
71.131,16.80,0.07,0.51,0.45,11.97,0.00,706
71.148,16.73,0.14,1.21,0.80,12.12,0.00,698
71.165,16.71,0.12,1.21,0.83,12.02,0.00,689
71.181,16.82,0.22,0.77,0.62,11.98,0.00,648
71.195,13.42,0.12,0.80,2.89,11.84,0.00,648
71.215,20.46,0.12,0.77,0.75,11.95,0.00,646
71.232,16.31,0.14,0.86,0.66,11.78,0.00,646
71.248,16.67,0.13,0.85,0.61,11.95,0.00,644
71.265,16.73,0.12,0.83,0.59,11.98,0.00,641
71.282,16.74,0.12,0.83,0.61,12.00,0.00,640
71.299,16.79,0.12,0.83,0.60,12.04,0.00,637
71.315,16.67,0.15,0.82,0.61,11.94,0.00,636
71.332,16.73,0.12,0.84,0.59,12.18,0.00,633
71.349,16.81,0.13,0.84,0.62,12.13,0.00,633
71.365,16.66,0.10,0.84,0.58,11.97,0.00,632
71.382,16.74,0.12,0.79,0.56,11.84,0.00,630
71.399,16.69,0.12,0.82,0.62,11.94,0.00,627
71.416,16.78,0.13,0.83,0.68,11.74,0.00,627
71.432,16.68,0.12,0.83,0.68,11.94,0.00,625
71.449,16.76,0.12,0.85,0.62,11.92,0.00,621
71.466,16.82,0.11,0.84,0.62,11.96,0.00,620
71.483,16.66,0.11,0.86,0.62,11.92,0.00,616
71.499,16.79,0.11,0.83,0.61,12.02,0.00,614
71.516,16.67,0.11,0.81,0.60,12.06,0.00,612
71.533,16.81,0.11,0.81,0.61,12.25,0.00,610
71.549,16.66,0.11,0.82,0.61,12.08,0.00,610
71.566,16.80,0.11,0.74,0.59,12.11,0.00,611
71.583,16.72,0.11,0.80,0.56,12.03,0.00,610
71.600,16.67,0.10,0.79,0.56,11.78,0.00,601
71.616,16.74,0.10,0.82,0.58,11.85,0.00,597
71.633,16.66,0.10,0.84,0.61,11.72,0.00,596
71.650,16.76,0.11,0.74,0.60,11.65,0.00,596
71.667,16.77,0.10,0.81,0.59,11.52,0.00,595
71.683,16.68,0.11,0.81,0.58,11.43,0.00,594
71.700,16.81,0.10,0.80,0.58,11.52,0.00,591
71.717,16.71,0.10,0.78,0.57,11.54,0.00,590
71.734,16.74,0.10,0.77,0.56,11.51,0.00,587
71.750,16.73,0.10,0.78,0.57,11.48,0.00,584
71.767,16.74,0.10,0.80,0.57,11.48,0.00,584
71.784,16.74,0.11,0.82,0.58,11.43,0.00,583
71.800,16.73,0.10,0.73,0.61,11.37,0.00,581
71.817,16.65,0.11,0.85,0.62,11.36,0.00,578
71.834,16.88,0.18,0.75,0.59,11.25,0.00,575
71.851,16.67,0.12,0.81,0.60,11.01,0.00,574
71.867,16.73,0.12,0.84,0.61,10.86,0.00,574
71.884,16.68,0.12,0.80,0.59,11.05,0.00,574
71.904,20.29,0.12,0.78,0.76,10.93,0.00,582
71.918,13.22,0.15,0.93,0.68,11.41,0.00,584
71.934,16.79,0.07,0.33,0.33,11.44,0.00,583
71.951,16.68,0.15,0.88,0.71,11.44,0.00,582
71.968,16.70,0.11,0.99,0.67,11.37,0.00,581
71.984,16.74,0.07,0.35,0.44,11.37,0.00,578
72.001,16.74,0.13,0.93,0.66,11.46,0.00,577
72.018,16.71,0.12,0.92,0.63,11.30,0.00,575
72.035,16.71,0.12,0.83,0.65,11.23,0.00,574
72.048,13.69,0.12,0.76,2.92,11.15,0.00,575
72.069,20.26,0.11,0.83,0.67,11.30,0.00,576
72.085,16.29,0.11,0.84,0.61,11.13,0.00,577
72.102,16.73,0.10,0.86,0.62,11.17,0.00,575
72.118,16.73,0.10,0.83,0.60,11.11,0.00,574
72.135,16.73,0.10,0.87,0.60,11.05,0.00,572
72.152,16.68,0.11,0.83,0.61,11.01,0.00,576
72.169,16.79,0.10,0.86,0.62,11.07,0.00,578
72.185,16.67,0.11,0.80,0.62,10.95,0.00,578
72.202,16.76,0.10,0.83,0.61,11.04,0.00,580
72.219,16.71,0.10,0.72,0.76,10.98,0.00,577
72.235,16.73,0.11,0.78,0.62,11.02,0.00,575
72.252,16.72,0.36,0.75,0.59,11.07,0.00,592
72.269,16.80,0.12,0.82,0.62,11.38,0.00,591
72.286,16.74,0.12,0.83,0.58,11.38,0.00,591
72.302,16.73,0.10,0.85,0.61,11.34,0.00,592
72.319,16.73,0.11,0.83,0.57,11.25,0.00,593
72.336,16.70,0.11,0.87,0.62,11.33,0.00,594
72.353,16.76,0.13,0.84,0.66,11.33,0.00,594
72.369,16.75,0.11,0.82,0.60,11.39,0.00,592
72.386,16.71,0.11,0.89,0.58,11.27,0.00,594
72.403,16.73,0.11,0.83,0.60,11.23,0.00,594
72.420,16.73,0.12,0.81,0.59,11.24,0.00,595
72.436,16.73,0.10,0.85,0.60,11.44,0.00,596
72.453,16.73,0.11,0.82,0.58,11.46,0.00,595
72.470,16.73,0.11,0.80,0.58,11.44,0.00,596
72.487,16.75,0.11,0.85,0.59,11.47,0.00,597
72.502,15.76,0.11,0.93,1.12,11.39,0.00,605
72.520,17.73,0.09,0.49,0.53,12.10,0.00,609
72.537,16.65,0.11,1.04,0.73,12.07,0.00,610
72.553,16.79,0.13,0.88,0.68,12.12,0.00,610
72.570,16.74,0.12,0.84,0.76,12.12,0.00,609
72.587,16.68,0.11,0.96,0.78,12.10,0.00,609
72.604,16.77,0.11,0.88,0.67,12.04,0.00,611
72.620,16.74,0.11,0.88,0.66,12.13,0.00,612
72.637,16.74,0.11,0.88,0.69,12.06,0.00,612
72.654,16.73,0.11,0.87,0.70,11.97,0.00,612
72.671,16.72,0.13,0.86,0.61,11.92,0.00,609
72.688,17.66,0.11,0.89,0.65,11.86,0.00,607
72.704,16.04,0.14,0.77,0.65,11.75,0.00,606
72.721,16.53,0.23,0.77,0.63,12.00,0.00,606
72.737,16.70,0.10,0.85,0.64,12.03,0.00,603
72.754,16.73,0.10,0.85,0.64,12.09,0.00,601
72.771,16.75,0.19,0.79,0.60,12.09,0.00,601
72.788,16.73,0.11,0.86,0.60,12.00,0.00,603
72.804,16.74,0.11,0.90,0.64,12.09,0.00,601
72.821,16.65,0.10,0.84,0.58,12.14,0.00,601
72.838,16.80,0.11,0.81,0.59,12.08,0.00,600
72.855,16.73,0.11,0.87,0.61,11.90,0.00,598
72.871,16.73,0.09,0.84,0.60,11.81,0.00,598
72.888,16.73,0.10,0.86,0.60,11.81,0.00,594
72.905,16.73,0.12,0.87,0.62,11.79,0.00,592
72.922,16.74,0.11,0.84,0.59,11.63,0.00,590
72.938,16.75,0.11,0.83,0.63,11.74,0.00,591
72.955,16.72,0.11,0.87,0.62,11.79,0.00,592
72.972,16.73,0.12,0.83,0.57,11.69,0.00,593
72.989,16.80,0.11,0.86,0.59,11.87,0.00,592
73.005,16.71,0.11,0.84,0.60,12.05,0.00,591
73.022,16.69,0.11,0.81,0.57,11.98,0.00,590
73.039,16.80,0.17,0.77,0.56,12.11,0.00,588
73.055,16.66,0.11,0.84,0.60,12.08,0.00,586
73.072,16.74,0.12,0.83,0.59,12.00,0.00,585
73.089,16.71,0.10,0.85,0.61,12.02,0.00,583
73.106,16.77,0.12,0.84,0.58,11.78,0.00,581
73.122,16.72,0.12,0.84,0.59,11.66,0.00,579
73.139,16.70,0.10,0.78,0.59,11.56,0.00,577
73.156,16.77,0.12,0.87,0.61,11.60,0.00,576
73.173,16.74,0.11,0.84,0.57,11.55,0.00,572
73.189,16.72,0.08,0.58,0.48,11.47,0.00,568
73.206,16.73,0.10,0.85,0.61,11.50,0.00,568
73.223,16.75,0.34,0.97,0.65,11.54,0.00,599
73.240,16.80,0.18,0.96,0.65,11.93,0.00,599
73.256,16.67,0.12,1.07,0.63,11.94,0.00,597
73.273,16.69,0.11,1.09,0.69,12.00,0.00,594
73.290,16.78,0.11,0.98,0.62,12.02,0.00,591
73.306,16.73,0.12,1.02,0.63,11.84,0.00,590
73.323,16.73,0.11,1.01,0.59,11.70,0.00,590
73.340,16.74,0.11,1.02,0.60,11.59,0.00,590
73.357,16.74,0.11,1.03,0.64,11.59,0.00,589
73.373,16.74,0.12,1.09,0.63,11.49,0.00,588
73.390,16.73,0.10,1.05,0.61,11.44,0.00,585
73.407,16.73,0.10,1.04,0.65,11.24,0.00,583
73.422,15.58,0.11,1.11,0.55,11.17,0.00,592
73.440,17.92,0.19,1.42,0.68,11.80,0.00,638
73.457,16.65,0.13,1.27,0.96,15.67,0.00,638
73.474,16.74,0.15,1.40,0.91,15.58,0.00,636
73.490,16.74,0.15,1.37,0.68,12.74,0.00,634
73.507,16.77,0.14,1.39,0.85,9.16,0.00,632
73.524,16.76,0.13,1.37,0.66,12.28,0.00,633
73.541,16.71,0.23,1.31,0.80,15.42,0.00,634
73.557,16.77,0.14,1.34,0.67,15.39,0.00,637
73.574,16.69,0.14,1.38,0.78,15.29,0.00,636
73.588,13.55,0.13,1.30,2.43,12.38,0.00,635
73.608,20.47,0.13,1.33,0.74,13.51,0.00,632
73.624,16.18,0.15,1.48,0.77,14.35,0.00,633
73.641,16.77,0.21,1.29,0.78,15.13,0.00,634
73.658,16.70,0.14,1.39,0.70,15.08,0.00,633
73.675,16.68,0.13,1.46,0.65,15.00,0.00,633
73.691,16.73,0.13,1.46,0.75,14.87,0.00,630
73.708,16.79,0.14,1.38,0.73,14.87,0.00,632
73.725,16.83,0.19,1.40,0.80,15.04,0.00,633
73.742,16.64,0.13,1.35,0.71,13.23,0.00,633
73.758,16.74,0.14,1.44,0.70,14.06,0.00,632
73.775,16.73,0.13,1.42,0.68,14.07,0.00,634
73.792,16.73,0.13,1.49,0.69,14.56,0.00,631
73.808,16.74,0.13,1.44,0.71,14.74,0.00,631
73.825,16.73,0.13,1.40,0.70,14.81,0.00,631
73.842,16.74,0.12,1.37,0.69,14.83,0.00,629
73.859,16.74,0.13,1.39,0.67,12.01,0.00,632
73.875,16.73,0.12,1.39,0.68,12.04,0.00,631
73.892,16.75,0.22,1.28,0.70,12.02,0.00,632
73.908,15.74,0.12,1.59,0.82,12.11,0.00,640
73.926,17.69,0.10,0.97,0.63,12.63,0.00,641
73.942,16.72,0.12,1.33,0.81,12.64,0.00,641
73.959,16.80,0.23,1.36,0.74,12.62,0.00,641
73.976,16.71,0.13,1.45,0.94,12.67,0.00,642
73.993,16.70,0.14,1.49,0.81,12.62,0.00,639
74.009,16.77,0.13,1.40,0.81,12.73,0.00,639
74.026,16.73,0.21,1.38,0.82,12.80,0.00,637
74.043,16.69,0.11,1.43,0.74,12.83,0.00,637
74.060,16.82,0.20,1.30,0.75,12.78,0.00,637
74.073,13.45,0.11,1.31,2.40,12.84,0.00,637
74.093,20.39,0.13,1.36,0.79,12.93,0.00,641
74.110,16.31,0.13,1.38,0.73,12.99,0.00,642
74.126,16.68,0.11,1.33,0.64,13.00,0.00,644
74.143,16.79,0.13,1.34,0.68,12.98,0.00,644
74.160,16.73,0.12,1.41,0.72,13.03,0.00,644
74.177,16.67,0.12,1.44,0.74,13.07,0.00,647
74.193,16.73,0.11,1.33,0.61,13.13,0.00,650
74.210,16.81,0.12,1.35,0.72,13.14,0.00,652
74.227,16.66,0.10,1.28,0.60,13.15,0.00,650
74.244,16.80,0.13,1.26,0.64,13.08,0.00,652
74.260,16.73,0.37,1.28,0.68,13.09,0.00,667
74.277,16.83,0.15,1.24,0.60,13.74,0.00,662
74.294,16.65,0.13,1.34,0.63,13.66,0.00,667
74.309,15.53,0.12,1.75,0.75,13.66,0.00,681
74.327,17.93,0.15,1.66,0.87,14.10,0.00,681
74.344,16.67,0.20,1.53,0.89,14.03,0.00,680
74.361,16.79,0.19,1.41,0.79,14.04,0.00,680
74.377,16.69,0.12,1.46,0.66,14.12,0.00,678
74.394,16.77,0.34,1.56,0.79,14.12,0.00,677
74.411,16.74,0.13,1.52,0.80,14.15,0.00,676
74.428,16.73,0.12,1.53,0.63,13.95,0.00,675
74.444,16.74,0.22,1.26,0.70,13.88,0.00,674
74.461,16.73,0.26,1.33,0.69,13.93,0.00,675
74.478,16.95,0.12,1.33,0.95,13.92,0.00,675
74.491,13.47,0.12,1.27,2.32,13.79,0.00,674
74.511,19.79,0.13,1.31,0.77,13.85,0.00,671
74.528,16.74,0.16,1.26,0.62,13.76,0.00,670
74.545,16.72,0.11,1.39,0.68,13.65,0.00,668
74.561,16.72,0.12,1.31,0.72,13.75,0.00,667
74.578,16.68,0.10,1.32,0.69,13.69,0.00,668
74.595,16.81,0.13,1.34,0.66,13.58,0.00,668
74.612,16.73,0.13,1.32,0.68,13.58,0.00,667
74.628,16.73,0.13,1.35,0.70,13.54,0.00,670
74.645,16.69,0.12,1.37,0.77,13.58,0.00,671
74.662,16.71,0.11,1.37,0.71,13.49,0.00,675
74.679,16.81,0.13,1.35,0.70,13.45,0.00,673
74.695,16.73,0.12,1.33,0.60,13.47,0.00,672
74.712,16.70,0.11,1.35,0.68,13.35,0.00,674
74.729,16.70,0.11,1.48,0.87,13.36,0.00,675
74.746,16.80,0.12,1.35,0.63,13.43,0.00,675
74.762,16.75,0.12,1.29,0.62,13.40,0.00,670
74.779,16.68,0.11,1.31,0.71,13.37,0.00,667
74.796,16.78,0.12,1.31,0.65,13.33,0.00,669
74.812,16.72,0.11,1.33,0.63,13.29,0.00,672
74.829,16.74,0.10,1.24,0.61,13.40,0.00,672
74.846,16.67,0.11,1.38,0.62,13.39,0.00,672
74.863,16.85,0.17,1.24,0.74,13.35,0.00,670
74.879,16.65,0.10,1.23,0.64,13.39,0.00,667
74.896,16.77,0.12,1.33,0.75,13.29,0.00,659
74.913,16.72,0.11,1.26,0.64,13.30,0.00,648
74.930,16.75,0.12,1.25,0.64,13.30,0.00,631
74.946,16.72,0.10,1.16,0.58,13.25,0.00,625
74.963,16.72,0.10,1.31,0.65,11.73,0.00,624
74.980,16.81,0.12,1.21,0.60,11.73,0.00,621
74.997,16.67,0.10,1.22,0.63,11.66,0.00,621
75.013,16.75,0.11,1.24,0.70,11.75,0.00,620
75.030,16.72,0.10,1.20,0.59,11.70,0.00,618
75.047,16.75,0.11,1.20,0.69,11.68,0.00,615
75.064,16.71,0.09,1.23,0.62,11.71,0.00,613
75.080,16.73,0.09,1.25,0.62,11.61,0.00,609
75.097,16.73,0.10,1.23,0.65,11.58,0.00,609
75.114,16.74,0.10,1.20,0.60,11.66,0.00,609
75.130,16.73,0.09,1.22,0.66,11.62,0.00,606
75.147,16.73,0.10,1.23,0.61,11.56,0.00,606
75.164,16.73,0.11,1.18,0.58,11.52,0.00,603
75.181,16.67,0.11,1.17,0.70,11.48,0.00,599
75.197,16.81,0.11,1.12,0.62,11.57,0.00,598
75.214,16.72,0.10,1.11,0.67,11.56,0.00,595
75.231,16.73,0.10,1.18,0.65,11.53,0.00,594
75.248,16.73,0.10,1.12,0.60,11.45,0.00,593
75.264,16.73,0.09,1.12,0.58,11.43,0.00,592
75.281,16.71,0.11,1.14,0.65,11.44,0.00,591
75.298,16.76,0.11,1.14,0.62,11.51,0.00,591
75.315,16.74,0.12,1.13,0.59,11.49,0.00,585
75.331,16.72,0.09,1.08,0.62,11.44,0.00,583
75.348,16.73,0.11,1.07,0.60,11.42,0.00,578
75.365,16.67,0.10,1.15,0.65,11.35,0.00,576
75.381,16.74,0.10,1.03,0.62,11.47,0.00,571
75.398,16.76,0.10,1.11,0.67,11.38,0.00,570
75.415,16.73,0.10,0.81,0.61,11.35,0.00,561
75.432,16.78,0.10,0.83,0.63,11.43,0.00,553
75.448,16.76,0.11,0.79,0.65,11.40,0.00,549
75.465,16.67,0.11,0.83,0.69,11.40,0.00,549
75.485,20.25,0.11,0.81,0.73,11.52,0.00,558
75.499,13.20,0.09,0.89,0.76,12.00,0.00,558
75.515,16.72,0.05,0.29,0.34,12.02,0.00,554
75.532,16.81,0.10,0.94,0.67,12.13,0.00,553
75.549,16.70,0.10,0.90,0.68,12.03,0.00,547
75.566,16.80,0.05,0.35,0.39,12.12,0.00,544
75.582,16.65,0.11,0.83,0.67,12.12,0.00,538
75.599,16.80,0.10,0.88,0.70,12.17,0.00,536
75.616,16.77,0.19,0.82,0.62,12.11,0.00,532
75.634,17.83,0.11,1.14,0.72,11.93,0.00,528
75.650,16.09,0.11,0.74,0.62,11.94,0.00,527
75.666,16.17,0.09,0.86,0.63,11.96,0.00,526
75.683,16.80,0.11,0.79,0.62,12.02,0.00,523
75.699,16.79,0.11,0.80,0.59,12.02,0.00,519
75.716,16.67,0.11,0.80,0.62,12.04,0.00,517
75.733,16.74,0.10,0.80,0.59,11.90,0.00,514
75.750,16.74,0.11,0.82,0.59,12.04,0.00,511
75.766,16.66,0.09,0.81,0.61,12.19,0.00,508
75.783,16.72,0.09,0.80,0.61,12.22,0.00,507
75.800,16.81,0.10,0.74,0.59,12.23,0.00,505
75.817,16.72,0.10,0.80,0.58,12.09,0.00,501
75.833,16.81,0.14,0.75,0.60,12.14,0.00,500
75.850,16.58,0.09,0.82,0.57,12.14,0.00,499
75.867,16.74,0.09,0.80,0.56,12.11,0.00,498
75.882,15.60,0.10,0.85,0.97,12.00,0.00,507
75.900,17.94,0.11,1.02,1.00,12.58,0.00,506
75.917,16.66,0.05,0.74,0.82,12.36,0.00,505
75.934,16.76,0.11,0.94,0.68,12.39,0.00,505
75.950,16.79,0.18,0.95,0.84,12.43,0.00,502
75.967,16.66,0.11,1.05,0.79,12.36,0.00,501
75.984,16.73,0.13,0.86,0.62,12.29,0.00,498
76.001,16.83,0.10,0.89,0.61,12.23,0.00,497
76.014,13.55,0.11,0.84,2.87,12.06,0.00,499
76.035,20.39,0.10,0.78,0.64,12.22,0.00,498
76.051,16.21,0.09,0.82,0.62,12.04,0.00,499
76.068,16.73,0.11,0.82,0.60,12.05,0.00,498
76.084,16.75,0.11,0.82,0.60,11.83,0.00,499
76.101,16.73,0.15,0.78,0.58,11.75,0.00,502
76.118,16.71,0.11,0.84,0.59,11.73,0.00,498
76.134,16.73,0.11,0.85,0.59,11.68,0.00,497
76.151,16.74,0.11,0.91,0.62,11.43,0.00,499
76.168,16.72,0.10,0.82,0.59,11.32,0.00,499
76.185,16.73,0.12,0.85,0.59,11.23,0.00,497
76.200,15.56,0.11,0.80,0.81,11.15,0.00,508
76.218,17.83,0.04,0.33,0.28,11.84,0.00,508
76.235,16.87,0.33,0.83,0.80,11.71,0.00,507
76.252,16.62,0.12,0.84,0.70,11.59,0.00,507
76.268,16.77,0.30,0.87,0.66,11.63,0.00,571
76.285,16.73,0.12,1.02,0.70,12.05,0.00,571
76.302,16.73,0.12,0.95,0.64,12.11,0.00,570
76.318,16.73,0.11,0.90,0.65,11.97,0.00,570
76.335,16.73,0.10,0.95,0.64,11.87,0.00,568
76.353,17.71,0.11,1.10,0.85,11.71,0.00,569
76.369,16.22,0.11,0.82,0.62,11.47,0.00,568
76.385,16.26,0.11,0.90,0.63,11.47,0.00,569
76.402,16.67,0.10,0.90,0.64,11.53,0.00,570
76.419,16.81,0.11,1.02,0.66,11.43,0.00,568
76.436,16.73,0.12,0.92,0.67,11.38,0.00,567
76.452,16.72,0.10,0.90,0.63,11.37,0.00,566
76.469,16.74,0.11,0.89,0.62,11.33,0.00,568
76.486,16.74,0.10,0.89,0.62,11.33,0.00,567
76.503,16.72,0.10,0.87,0.60,11.30,0.00,564
76.519,16.73,0.10,0.90,0.62,11.27,0.00,562
76.536,16.74,0.10,0.89,0.61,11.23,0.00,560
76.553,16.71,0.11,1.02,0.63,11.21,0.00,559
76.569,16.75,0.11,0.92,0.69,11.21,0.00,560
76.586,16.72,0.10,0.90,0.70,11.25,0.00,560
76.603,16.73,0.10,0.90,0.62,11.22,0.00,558
76.620,16.73,0.10,0.88,0.60,11.21,0.00,557
76.636,16.74,0.10,0.87,0.60,11.17,0.00,557
76.653,16.74,0.10,0.89,0.63,11.16,0.00,557
76.670,16.73,0.10,0.90,0.66,11.24,0.00,552
76.687,16.73,0.09,0.89,0.62,11.27,0.00,553
76.703,16.73,0.10,0.86,0.58,11.28,0.00,552
76.720,16.73,0.10,0.86,0.57,11.29,0.00,552
76.737,16.73,0.10,0.85,0.58,11.34,0.00,551
76.754,16.74,0.10,0.91,0.64,11.40,0.00,551
76.770,16.72,0.09,0.89,0.61,11.56,0.00,548
76.787,16.73,0.09,0.86,0.60,11.58,0.00,547
76.804,16.73,0.10,0.88,0.63,11.64,0.00,546
76.820,16.73,0.09,0.88,0.63,11.60,0.00,546
76.837,16.74,0.15,0.75,0.60,11.59,0.00,483
76.854,16.74,0.07,0.74,0.62,9.54,0.00,481
76.871,16.73,0.07,0.76,0.66,9.49,0.00,479
76.887,16.74,0.09,0.97,0.65,9.41,0.00,514
76.904,16.72,0.08,0.98,0.60,10.12,0.00,513
76.921,16.73,0.08,0.97,0.67,9.98,0.00,513
76.937,16.67,0.08,1.22,0.67,9.91,0.00,543
76.954,16.72,0.08,1.22,0.64,10.55,0.00,544
76.971,16.73,0.07,1.14,0.65,10.45,0.00,543
76.988,16.83,0.09,1.42,0.60,10.42,0.00,579
77.004,16.64,0.08,1.44,0.62,11.03,0.00,579
77.021,16.80,0.08,1.42,0.58,10.93,0.00,578
77.038,16.68,0.11,1.66,0.62,10.85,0.00,612
77.055,16.76,0.11,1.65,0.66,11.38,0.00,613
77.071,16.70,0.10,1.70,0.68,11.28,0.00,612
77.088,16.73,0.12,1.90,0.67,11.31,0.00,648
77.105,16.72,0.09,1.34,0.49,11.78,0.00,651
77.122,16.72,0.11,1.93,0.68,11.72,0.00,653
77.138,16.74,0.13,2.10,0.78,11.57,0.00,689
77.155,16.73,0.11,2.14,0.69,12.19,0.00,691
77.172,16.73,0.10,2.10,0.76,12.08,0.00,696
77.185,12.94,0.11,2.09,2.68,11.92,0.00,696
77.209,24.27,0.14,2.40,0.81,12.14,0.00,739
77.222,13.04,0.15,2.59,0.88,12.14,0.00,740
77.239,16.71,0.13,0.93,0.32,10.94,0.00,778
77.255,16.79,0.12,2.90,0.85,7.65,0.00,776
77.272,16.78,0.23,2.90,0.70,8.62,0.00,777
77.289,16.60,0.12,1.05,0.36,12.22,0.00,813
77.306,16.77,0.11,3.05,0.72,13.57,0.00,813
77.322,16.69,0.11,3.15,0.69,13.36,0.00,813
77.339,16.82,0.13,3.30,0.67,13.20,0.00,847
77.356,16.69,0.11,3.32,0.62,13.74,0.00,847
77.369,13.46,0.11,3.15,1.27,13.74,0.00,847
77.389,20.19,0.22,3.39,0.74,12.88,0.00,882
77.406,16.51,0.11,3.60,0.67,13.76,0.00,879
77.423,16.73,0.11,3.61,0.70,13.57,0.00,879
77.439,16.74,0.12,3.48,0.65,13.32,0.00,880
77.456,16.73,0.11,3.54,0.66,13.14,0.00,879
77.473,16.73,0.11,3.45,0.66,12.90,0.00,873
77.490,16.73,0.11,3.60,0.66,12.79,0.00,872
77.506,16.73,0.10,3.58,0.67,12.58,0.00,872
77.523,16.74,0.11,3.54,0.68,12.41,0.00,872
77.540,16.75,0.14,3.60,0.67,12.25,0.00,871
77.557,16.72,0.11,3.51,0.66,12.08,0.00,868
77.573,16.75,0.16,3.75,0.69,11.89,0.00,924
77.590,16.72,0.11,3.88,0.65,12.85,0.00,922
77.607,16.73,0.11,3.78,0.65,12.66,0.00,920
77.624,16.73,0.11,3.75,0.66,12.55,0.00,918
77.640,16.74,0.12,3.79,0.69,12.41,0.00,911
77.657,16.71,0.11,3.80,0.65,12.36,0.00,909
77.674,16.76,0.12,3.86,0.68,12.27,0.00,903
77.690,16.70,0.11,3.71,0.65,12.16,0.00,898
77.707,16.73,0.11,3.63,0.66,12.06,0.00,895
77.724,16.73,0.11,3.67,0.68,12.01,0.00,893
77.741,16.73,0.11,3.64,0.68,11.91,0.00,889
77.757,16.74,0.14,3.59,0.64,11.81,0.00,881
77.774,16.84,0.20,3.44,0.64,11.75,0.00,874
77.791,16.63,0.11,3.51,0.67,11.66,0.00,870
77.808,16.78,0.13,3.46,0.66,11.58,0.00,862
77.824,16.75,0.12,3.42,0.66,11.46,0.00,861
77.841,16.65,0.11,3.31,0.65,11.44,0.00,856
77.858,16.74,0.11,3.37,0.66,11.38,0.00,850
77.874,16.72,0.13,3.51,0.68,11.35,0.00,894
77.891,16.74,0.12,3.57,0.69,12.28,0.00,886
77.908,16.80,0.21,3.45,0.65,12.22,0.00,879
77.925,16.65,0.15,3.87,0.67,12.18,0.00,949
77.941,16.80,0.13,3.83,0.63,13.54,0.00,940
77.958,16.73,0.12,3.88,0.63,13.52,0.00,928
77.975,16.73,0.13,3.87,0.70,13.50,0.00,923
77.992,16.73,0.19,4.37,0.65,13.57,0.00,1101
78.008,16.73,0.17,4.27,0.68,13.57,0.00,1095
78.025,16.73,0.27,4.35,0.66,11.59,0.00,1142
78.042,16.73,0.17,4.54,0.63,13.73,0.00,1137
78.059,16.73,0.19,4.82,0.66,14.32,0.00,1195
78.075,16.73,0.17,4.58,0.70,14.32,0.00,1181
78.092,16.73,0.18,4.68,0.63,12.69,0.00,1177
78.109,16.73,0.16,4.64,0.64,14.68,0.00,1175
78.126,16.74,0.17,4.63,0.65,15.03,0.00,1164
78.142,16.73,0.17,4.68,0.64,13.48,0.00,1164
78.159,16.78,0.29,4.58,0.71,13.98,0.00,1156
78.176,16.71,0.29,4.59,0.65,14.14,0.00,1143
78.192,16.64,0.12,2.92,0.49,14.14,0.00,1141
78.209,16.80,0.27,4.89,0.71,14.87,0.00,1250
78.226,16.73,0.17,4.87,0.70,11.81,0.00,1246
78.243,16.73,0.17,4.73,0.65,12.55,0.00,1236
78.259,16.73,0.17,4.66,0.68,14.55,0.00,1230
78.276,16.68,0.16,4.61,0.72,14.55,0.00,1220
78.293,16.80,0.24,4.62,0.76,14.85,0.00,1207
78.310,16.71,0.28,4.55,0.68,14.15,0.00,1203
78.326,16.72,0.20,4.92,0.68,14.64,0.00,1271
78.343,16.74,0.27,4.82,0.67,15.88,0.00,1326
78.360,16.73,0.18,4.95,0.63,13.82,0.00,1327
78.377,16.74,0.26,4.92,0.68,13.86,0.00,1324
78.393,16.73,0.19,4.84,0.83,15.30,0.00,1314
78.410,16.73,0.24,4.84,0.64,15.52,0.00,1309
78.427,16.74,0.18,4.94,0.65,14.35,0.00,1302
78.443,16.73,0.17,4.90,0.62,15.25,0.00,1301
78.460,16.74,0.18,4.85,0.63,15.39,0.00,1295
78.477,16.73,0.18,4.83,0.69,15.55,0.00,1291
78.494,16.73,0.25,4.97,0.71,15.33,0.00,1346
78.510,16.73,0.18,4.79,0.47,13.58,0.00,1337
78.527,16.74,0.23,4.91,0.65,13.92,0.00,1335
78.544,16.73,0.18,4.99,0.66,13.97,0.00,1329
78.561,16.74,0.24,4.97,0.66,14.86,0.00,1324
78.577,16.73,0.17,4.91,0.74,15.11,0.00,1322
78.594,16.73,0.17,4.84,0.75,15.16,0.00,1319
78.611,16.73,0.28,5.67,0.62,14.34,0.00,1438
78.627,16.74,0.18,5.61,0.56,14.34,0.00,1435
78.644,16.74,0.19,5.78,0.53,14.37,0.00,1433
78.661,16.74,0.24,5.12,0.50,11.40,0.00,1429
78.678,16.73,0.25,5.10,0.49,11.95,0.00,1431
78.694,16.72,0.18,4.66,0.47,12.90,0.00,1428
78.711,16.74,0.25,4.49,0.47,14.45,0.00,1428
78.728,16.73,0.24,5.16,0.48,14.84,0.00,1423
78.745,16.73,0.24,5.62,0.50,15.37,0.00,1422
78.761,16.73,0.26,5.60,0.67,15.65,0.00,1421
78.778,16.74,0.22,5.67,0.59,15.65,0.00,1421
78.795,16.72,0.18,5.15,0.50,20.49,0.00,1421
78.812,16.74,0.23,5.10,0.48,11.09,0.00,1419
78.828,16.74,0.17,5.17,0.47,10.90,0.00,1419
78.845,16.72,0.24,5.15,0.48,12.16,0.00,1417
78.862,16.74,0.22,5.13,0.48,12.89,0.00,1416
78.878,16.73,0.24,5.14,0.47,13.01,0.00,1418
78.895,16.73,0.22,4.62,0.49,13.21,0.00,1418
78.912,16.75,0.23,5.38,0.48,13.44,0.00,1417
78.929,16.71,0.27,5.29,0.48,13.86,0.00,1415
78.945,16.73,0.18,4.56,0.48,12.98,0.00,1415
78.962,16.73,0.25,5.26,0.48,12.89,0.00,1413
78.979,16.75,0.23,4.65,0.46,14.05,0.00,1413
78.996,16.72,0.18,5.57,0.47,15.35,0.00,1413
79.012,16.73,0.18,5.86,0.64,15.86,0.00,1413
79.029,16.73,0.34,5.29,0.48,15.86,0.00,1476
79.046,16.73,0.26,5.21,0.47,17.07,0.00,1477
79.063,16.73,0.26,5.35,0.49,11.36,0.00,1479
79.079,16.71,0.11,4.94,0.50,8.83,0.00,1477
79.096,16.75,0.27,5.19,0.49,10.88,0.00,1540
79.113,16.68,0.23,5.16,0.59,11.96,0.00,1541
79.129,16.79,0.28,5.05,0.51,13.09,0.00,1541
79.146,16.73,0.27,5.84,0.51,14.72,0.00,1541
79.163,16.67,0.13,4.25,0.50,14.72,0.00,1540
79.180,16.78,0.14,5.09,0.51,14.04,0.00,1540
79.196,16.73,0.13,5.12,0.47,13.28,0.00,1540
79.213,16.67,0.12,4.32,0.50,13.50,0.00,1539
79.230,16.73,0.13,5.05,0.50,11.99,0.00,1539
79.247,16.74,0.13,4.20,0.48,13.19,0.00,1538
79.263,16.74,0.18,4.99,0.49,13.78,0.00,1538
79.280,16.73,0.20,5.84,0.51,13.43,0.00,1617
79.297,16.73,0.19,5.80,0.47,14.98,0.00,1617
79.314,16.81,0.25,5.67,0.51,14.98,0.00,1617
79.330,16.66,0.20,5.78,0.51,16.25,0.00,1617
79.347,16.72,0.19,5.21,0.48,14.69,0.00,1617
79.364,16.74,0.13,5.24,0.48,10.10,0.00,1618
79.380,16.72,0.20,5.55,0.51,11.44,0.00,1617
79.397,16.73,0.20,5.72,0.51,13.59,0.00,1682
79.414,16.71,0.19,6.00,0.49,15.37,0.00,1815
79.431,16.73,0.18,5.93,0.49,15.37,0.00,1815
79.447,16.73,0.17,5.17,0.47,17.27,0.00,1815
79.464,16.73,0.19,6.15,0.54,11.36,0.00,1875
79.481,16.73,0.18,5.46,0.51,11.74,0.00,1874
79.498,16.81,0.24,5.42,0.52,13.57,0.00,1874
79.514,16.66,0.18,5.40,0.48,14.01,0.00,1873
79.531,16.73,0.18,5.13,0.42,14.27,0.00,1873
79.548,16.73,0.18,4.97,0.40,14.47,0.00,1872
79.564,16.73,0.17,4.93,0.40,14.66,0.00,1872
79.581,16.73,0.18,5.29,0.51,14.87,0.00,1872
79.598,16.73,0.17,4.93,0.46,15.19,0.00,1872
79.615,16.73,0.17,5.20,0.55,15.19,0.00,1871
79.631,16.75,0.20,5.02,0.40,11.92,0.00,1870
79.648,16.74,0.26,5.17,0.49,12.40,0.00,1871
79.665,16.70,0.18,5.29,0.41,12.65,0.00,1871
79.682,16.73,0.18,5.23,0.48,12.92,0.00,1872
79.698,16.73,0.17,4.98,0.41,13.55,0.00,1872
79.715,16.73,0.19,5.61,0.49,13.87,0.00,1953
79.732,16.73,0.18,5.15,0.47,15.12,0.00,1953
79.748,16.75,0.20,5.23,0.43,15.12,0.00,1954
79.765,16.72,0.20,5.23,0.38,18.95,0.00,2025
79.782,16.73,0.18,5.61,0.40,12.99,0.00,2024
79.799,16.73,0.20,5.26,0.43,10.59,0.00,2026
79.815,16.73,0.19,5.50,0.42,11.84,0.00,2026
79.832,16.77,0.15,5.02,0.43,13.52,0.00,2026
79.849,16.70,0.18,5.39,0.43,13.80,0.00,2026
79.866,16.72,0.14,4.86,0.41,14.34,0.00,2025
79.882,16.74,0.18,5.39,0.41,14.36,0.00,2024
79.899,16.73,0.15,5.11,0.39,14.45,0.00,2024
79.916,16.73,0.18,5.16,0.42,14.62,0.00,2024
79.933,16.73,0.19,5.13,0.40,14.81,0.00,2024
79.949,16.73,0.18,5.11,0.42,14.94,0.00,2025
79.966,16.75,0.21,4.67,0.41,15.08,0.00,2025
79.983,16.76,0.18,4.65,0.50,15.08,0.00,2025
79.999,16.68,0.18,4.72,0.49,15.17,0.00,2023
80.016,16.75,0.31,5.44,0.49,12.01,0.00,2021
80.033,16.71,0.20,4.65,0.51,11.45,0.00,2101
80.050,16.75,0.32,5.64,0.52,12.68,0.00,2169
80.066,16.71,0.19,5.48,0.53,13.44,0.00,2168
80.083,16.74,0.21,5.64,0.57,13.83,0.00,2168
80.100,16.73,0.20,5.14,0.52,14.33,0.00,2217
80.117,16.75,0.30,6.09,0.49,15.38,0.00,2282
80.133,16.73,0.19,5.32,0.52,15.38,0.00,2281
80.150,16.72,0.23,5.45,0.43,16.54,0.00,2470
80.167,16.72,0.17,5.10,0.46,15.09,0.00,2470
80.184,16.75,0.21,5.32,0.50,12.05,0.00,2464
80.200,16.72,0.17,4.76,0.47,13.30,0.00,2464
80.217,16.74,0.22,5.26,0.49,14.16,0.00,2465
80.234,16.79,0.28,5.18,0.49,14.76,0.00,2463
80.250,16.71,0.24,5.31,0.47,14.96,0.00,2461
80.267,16.75,0.23,5.15,0.53,15.12,0.00,2461
80.284,16.72,0.23,5.45,0.56,15.17,0.00,2461
80.301,16.69,0.19,4.73,0.48,15.17,0.00,2538
80.317,16.76,0.24,5.24,0.51,14.18,0.00,2536
80.334,16.76,0.20,4.75,0.54,14.34,0.00,2537
80.351,16.74,0.23,5.26,0.52,14.49,0.00,2536
80.368,16.72,0.24,4.70,0.65,14.18,0.00,2535
80.384,16.69,0.18,4.66,0.50,14.30,0.00,2536
80.401,16.74,0.24,5.30,0.54,14.29,0.00,2537
80.418,16.72,0.18,4.75,0.49,14.61,0.00,2536
80.435,16.77,0.33,5.23,0.52,14.73,0.00,2536
80.451,16.71,0.18,4.70,0.52,15.03,0.00,2536
80.468,16.73,0.22,5.16,0.50,14.75,0.00,2536
80.485,16.73,0.17,4.65,0.48,14.77,0.00,2536
80.501,16.74,0.23,5.21,0.49,14.87,0.00,2535
80.518,16.85,0.27,4.52,0.64,15.15,0.00,2535
80.535,16.63,0.25,4.63,0.50,15.15,0.00,2535
80.552,16.75,0.28,5.15,0.56,14.85,0.00,2535
80.568,16.70,0.20,4.74,0.50,12.70,0.00,2534
80.585,16.76,0.27,4.78,0.63,13.83,0.00,2533
80.602,16.73,0.25,4.84,0.49,14.40,0.00,2533
80.619,16.73,0.22,4.80,0.53,14.93,0.00,2534
80.635,16.73,0.29,4.89,0.52,15.06,0.00,2533
80.652,16.73,0.22,4.88,0.53,14.74,0.00,2531
80.669,16.73,0.36,5.64,0.51,14.43,0.00,2532
80.686,16.72,0.22,4.76,0.68,14.79,0.00,2533
80.702,16.75,0.43,5.72,0.56,15.77,0.00,2532
80.719,16.70,0.21,5.73,0.53,14.57,0.00,2531
80.736,16.74,0.22,5.65,0.51,14.02,0.00,2529
80.752,16.74,0.27,4.84,0.54,13.68,0.00,2526
80.769,16.73,0.22,5.76,0.52,13.14,0.00,2525
80.786,16.74,0.22,4.90,0.54,12.97,0.00,2526
80.803,16.73,0.22,4.88,0.51,13.52,0.00,2526
80.819,16.73,0.22,5.62,0.52,13.92,0.00,2525
80.836,16.73,0.21,4.94,0.52,14.37,0.00,2524
80.853,16.83,0.25,4.11,0.48,15.01,0.00,2524
80.870,16.64,0.22,4.70,0.45,15.01,0.00,2524
80.886,16.73,0.21,4.64,0.41,18.69,0.00,2524
80.903,16.74,0.23,4.92,0.54,14.65,0.00,2522
80.920,16.73,0.22,4.92,0.56,9.66,0.00,2520
80.937,16.76,0.30,4.91,0.56,11.81,0.00,2520
80.953,16.71,0.22,4.91,0.48,12.03,0.00,2519
80.970,16.80,0.20,4.90,0.52,12.14,0.00,2517
80.987,16.74,0.21,4.68,0.41,12.49,0.00,2517
81.004,16.73,0.21,4.63,0.50,13.26,0.00,2516
81.020,16.73,0.29,5.37,0.54,14.60,0.00,2517
81.037,16.72,0.27,4.54,0.54,14.60,0.00,2516
81.054,16.75,0.26,4.49,0.54,15.25,0.00,2516
81.070,16.76,0.26,4.29,0.44,12.91,0.00,2516
81.087,16.73,0.27,4.48,0.52,13.25,0.00,2516
81.104,16.73,0.41,5.01,0.51,13.59,0.00,2516
81.121,16.71,0.26,4.44,0.51,13.63,0.00,2516
81.137,16.74,0.23,5.23,0.49,13.57,0.00,2516
81.154,16.73,0.20,4.36,0.57,13.49,0.00,2516
81.171,16.69,0.45,5.00,0.54,13.40,0.00,2514
81.188,16.78,0.26,4.38,0.53,14.14,0.00,2514
81.204,16.75,0.35,5.15,0.52,14.74,0.00,2514
81.221,16.72,0.27,4.33,0.56,14.74,0.00,2513
81.238,16.74,0.21,5.22,0.50,15.95,0.00,2512
81.255,16.76,0.40,4.71,0.55,15.95,0.00,2511
81.271,16.71,0.20,5.14,0.52,14.62,0.00,2511
81.288,16.73,0.20,5.06,0.53,11.28,0.00,2511
81.305,16.74,0.20,5.08,0.53,13.09,0.00,2511
81.321,16.75,0.36,5.15,0.50,14.34,0.00,2510
81.338,16.71,0.20,5.16,0.50,14.66,0.00,2508
81.355,16.75,0.35,5.20,0.58,14.88,0.00,2508
81.372,16.75,0.45,4.61,0.65,15.06,0.00,2507
81.388,16.73,0.30,3.45,0.56,15.06,0.00,2506
81.405,16.72,0.36,5.02,0.56,15.85,0.00,2506
81.422,16.74,0.42,4.87,0.60,12.21,0.00,2506
81.439,16.74,0.39,5.01,0.61,13.91,0.00,2506
81.455,16.71,0.37,5.30,0.68,14.40,0.00,2507
81.472,16.77,0.43,4.96,0.63,14.56,0.00,2506
81.489,16.72,0.41,4.77,0.57,14.34,0.00,2506
81.506,16.70,0.28,3.46,0.72,14.31,0.00,2505
81.522,16.77,0.41,5.17,0.77,14.68,0.00,2503
81.539,16.73,0.38,5.20,0.74,14.11,0.00,2503
81.556,16.73,0.38,5.04,0.73,15.37,0.00,2502
81.572,16.73,0.41,4.60,0.53,15.37,0.00,2502
81.589,16.74,0.39,4.56,0.51,16.07,0.00,2501
81.606,16.75,0.44,4.62,0.63,10.82,0.00,2499
81.623,16.71,0.41,5.13,0.64,6.88,0.00,2497
81.639,16.73,0.39,5.13,0.66,8.81,0.00,2496
81.656,16.73,0.41,5.19,0.65,11.13,0.00,2497
81.673,16.76,0.36,5.44,0.67,13.51,0.00,2497
81.690,16.73,0.40,4.75,0.71,14.13,0.00,2495
81.706,16.72,0.37,4.54,0.51,14.42,0.00,2495
81.723,16.74,0.42,4.67,0.62,14.55,0.00,2494
81.740,16.73,0.44,4.14,0.89,14.94,0.00,2493
81.757,16.74,0.43,4.11,0.85,15.04,0.00,2492
81.773,16.74,0.41,4.39,0.76,15.10,0.00,2492
81.790,16.70,0.41,3.52,0.58,15.10,0.00,2492
81.807,16.77,0.41,4.17,0.79,16.11,0.00,2491
81.824,16.80,0.36,4.15,0.73,14.25,0.00,2490
81.840,16.67,0.42,4.21,0.73,14.60,0.00,2489
81.857,16.72,0.32,4.17,0.81,14.90,0.00,2489
81.874,16.75,0.43,4.03,0.74,14.90,0.00,2487
81.890,16.73,0.41,4.11,0.77,18.88,0.00,2486
81.907,16.80,0.34,4.07,0.72,9.29,0.00,2485
81.924,16.62,0.37,4.11,0.74,10.29,0.00,2485
81.941,16.77,0.44,4.12,0.70,11.20,0.00,2484
81.957,16.74,0.38,4.29,0.71,12.18,0.00,2484
81.974,16.73,0.39,4.15,0.73,13.73,0.00,2482
81.991,16.73,0.33,4.09,0.84,15.44,0.00,2480
82.008,16.74,0.40,3.45,0.70,15.44,0.00,2459
82.024,16.73,0.42,3.11,0.76,14.15,0.00,2448
82.041,16.74,0.39,3.03,0.77,8.81,0.00,2440
82.058,16.74,0.42,3.02,0.75,10.50,0.00,2433
82.074,16.66,0.33,2.80,0.77,11.72,0.00,2421
82.091,16.79,0.40,2.27,0.75,14.14,0.00,2356
82.108,16.76,0.40,2.24,0.88,15.72,0.00,2339
82.125,16.71,0.36,1.19,0.71,15.72,0.00,2241
82.141,16.68,0.41,1.21,0.76,12.73,0.00,2241
82.158,16.80,0.43,1.17,0.76,9.47,0.00,2241
82.175,16.75,0.39,1.22,0.79,11.92,0.00,2242
82.192,16.72,0.39,1.21,0.79,12.43,0.00,2239
82.208,16.67,0.31,1.20,0.76,13.00,0.00,2238
82.225,16.80,0.50,1.20,0.84,14.32,0.00,2237
82.242,16.73,0.36,1.19,0.85,15.40,0.00,2230
82.259,16.73,0.37,1.19,0.81,15.61,0.00,2222
82.275,16.74,0.37,0.91,0.83,15.53,0.00,2209
82.292,16.73,0.39,0.91,0.69,11.10,0.00,2204
82.309,16.75,0.42,0.89,0.67,13.73,0.00,2202
82.325,16.66,0.32,0.95,0.72,13.93,0.00,2202
82.342,16.80,0.39,0.92,0.66,13.80,0.00,2202
82.359,16.73,0.38,0.92,0.75,13.63,0.00,2199
82.376,16.73,0.37,0.90,0.66,13.83,0.00,2198
82.392,16.74,0.51,0.92,0.69,14.59,0.00,2198
82.409,16.74,0.41,0.99,0.70,14.79,0.00,2195
82.426,16.74,0.41,0.95,0.69,14.70,0.00,2195
82.443,16.75,0.42,0.91,0.71,14.62,0.00,2193
82.459,16.72,0.35,0.98,0.69,14.55,0.00,2191
82.476,16.73,0.47,0.95,0.78,14.43,0.00,2188
82.493,16.73,0.40,1.02,0.76,14.44,0.00,2188
82.510,16.74,0.45,0.94,0.72,14.34,0.00,2187
82.526,16.75,0.49,0.92,0.83,14.24,0.00,2186
82.543,16.67,0.44,0.99,0.74,14.18,0.00,2184
82.560,16.78,0.41,0.96,0.80,14.07,0.00,2182
82.577,16.74,0.38,0.92,0.70,14.04,0.00,2177
82.593,16.70,0.39,0.94,0.69,13.96,0.00,2172
82.610,16.69,0.36,0.92,0.70,13.86,0.00,2166
82.627,16.80,0.39,0.94,0.74,13.81,0.00,2165
82.643,16.75,0.41,0.94,0.67,13.72,0.00,2160
82.660,16.72,0.37,0.93,0.69,13.65,0.00,2157
82.677,16.68,0.39,0.92,0.68,13.59,0.00,2155
82.694,16.71,0.31,0.96,0.68,13.51,0.00,2150
82.710,16.81,0.34,0.94,0.77,13.58,0.00,2147
82.727,16.73,0.39,0.92,0.71,13.39,0.00,2141
82.744,16.67,0.31,0.97,0.70,13.30,0.00,2139
82.761,16.76,0.41,0.94,0.76,13.21,0.00,2136
82.777,16.73,0.38,0.96,0.72,13.18,0.00,2132
82.794,16.78,0.38,0.95,0.88,13.09,0.00,2127
82.811,16.65,0.35,0.96,0.79,13.08,0.00,2128
82.828,16.80,0.37,0.93,0.81,13.04,0.00,2122
82.844,16.81,0.38,0.92,0.73,12.93,0.00,2117
82.861,16.66,0.38,0.93,0.79,12.93,0.00,2116
82.878,16.73,0.41,0.94,0.74,12.80,0.00,2111
82.894,16.74,0.41,0.91,0.67,12.78,0.00,2109
82.911,16.80,0.36,0.92,0.67,12.69,0.00,2104
82.928,16.66,0.37,0.93,0.81,12.63,0.00,2099
82.945,16.73,0.35,0.93,0.73,12.58,0.00,2096
82.961,16.73,0.38,0.91,0.69,12.52,0.00,2091
82.978,16.73,0.38,0.92,0.72,12.48,0.00,2087
82.995,16.73,0.40,0.96,0.77,12.41,0.00,2084
83.012,16.74,0.42,0.95,0.69,12.39,0.00,2081
83.028,16.74,0.39,0.92,0.69,12.27,0.00,2073
83.045,16.73,0.42,0.95,0.78,12.22,0.00,2067
83.062,16.73,0.41,0.92,0.68,12.20,0.00,2064
83.079,16.75,0.36,0.93,0.79,12.11,0.00,2063
83.095,16.73,0.39,0.92,0.72,12.08,0.00,2060
83.112,16.72,0.37,0.92,0.68,12.00,0.00,2055
83.129,16.79,0.40,0.94,0.75,11.96,0.00,2051
83.145,16.72,0.41,0.95,0.78,11.93,0.00,2043
83.162,16.66,0.41,0.96,0.80,11.82,0.00,2038
83.179,16.70,0.32,0.63,0.49,11.78,0.00,2034
83.196,16.74,0.43,0.98,0.69,11.83,0.00,2024
83.212,16.71,0.39,0.92,0.75,11.69,0.00,2018
83.229,16.81,0.41,0.94,0.82,11.61,0.00,2013
83.246,16.75,0.41,0.91,0.77,11.56,0.00,2005
83.263,16.71,0.40,0.92,0.69,11.49,0.00,2000
83.279,16.69,0.36,0.94,0.80,11.44,0.00,1996
83.296,16.79,0.52,0.94,0.87,11.37,0.00,1990
83.313,16.71,0.41,1.01,0.55,11.32,0.00,1991
83.329,16.69,0.37,0.95,0.79,11.28,0.00,1985
83.346,16.80,0.40,0.92,0.70,11.21,0.00,1983
83.363,16.72,0.39,0.93,0.74,11.20,0.00,1981
83.380,16.73,0.37,0.92,0.69,11.15,0.00,1980
83.396,16.73,0.38,0.92,0.69,11.07,0.00,1971
83.413,16.80,0.36,0.90,0.67,11.03,0.00,1962
83.430,16.66,0.50,0.94,0.73,10.97,0.00,1957
83.447,16.73,0.34,0.93,0.67,10.94,0.00,1948
83.463,16.75,0.35,0.92,0.71,10.88,0.00,1938
83.480,16.72,0.36,0.88,0.66,10.83,0.00,1932
83.497,16.73,0.37,0.88,0.64,10.75,0.00,1928
83.514,16.73,0.33,0.92,0.77,10.72,0.00,1923
83.530,16.74,0.36,0.90,0.70,10.65,0.00,1918
83.547,16.75,0.35,0.90,0.67,10.64,0.00,1911
83.564,16.66,0.31,0.97,0.69,10.57,0.00,1898
83.580,16.75,0.30,0.92,0.68,10.54,0.00,1891
83.597,16.73,0.36,0.93,0.72,10.56,0.00,1889
83.614,16.72,0.40,0.91,0.72,10.49,0.00,1879
83.631,16.78,0.35,0.91,0.70,10.41,0.00,1873
83.647,16.73,0.36,0.89,0.69,10.37,0.00,1869
83.664,16.73,0.35,0.88,0.67,10.31,0.00,1864
83.681,16.74,0.46,0.86,0.65,10.28,0.00,1857
83.698,16.73,0.36,0.89,0.68,10.25,0.00,1852
83.714,16.74,0.44,0.92,0.76,10.26,0.00,1848
83.731,16.73,0.37,0.90,0.67,10.22,0.00,1835
83.748,16.76,0.41,0.89,0.68,10.14,0.00,1825
83.765,16.71,0.36,0.87,0.68,10.09,0.00,1818
83.781,16.74,0.36,0.87,0.74,10.07,0.00,1816
83.798,16.72,0.36,0.89,0.68,10.03,0.00,1813
83.815,16.73,0.35,0.87,0.69,9.99,0.00,1803
83.832,16.81,0.35,0.89,0.70,9.95,0.00,1793
83.848,16.65,0.34,0.85,0.64,9.95,0.00,1789
83.865,16.73,0.35,0.87,0.64,9.88,0.00,1778
83.882,16.74,0.35,0.86,0.67,9.85,0.00,1771
83.898,16.74,0.36,0.87,0.69,9.82,0.00,1767
83.915,16.80,0.37,0.90,0.69,9.79,0.00,1761
83.932,16.67,0.41,0.88,0.67,9.73,0.00,1752
83.949,16.73,0.35,0.87,0.66,9.72,0.00,1741
83.965,16.74,0.36,0.86,0.69,9.72,0.00,1731
83.982,16.79,0.35,0.87,0.69,9.65,0.00,1721
83.999,16.67,0.36,0.84,0.65,9.61,0.00,1711
84.016,16.76,0.33,0.87,0.72,9.58,0.00,1700
84.032,16.72,0.34,0.84,0.68,9.54,0.00,1693
84.049,16.75,0.38,0.85,0.71,9.51,0.00,1685
84.066,16.70,0.35,0.85,0.71,9.48,0.00,1677
84.082,16.75,0.34,0.83,0.72,9.47,0.00,1670
84.099,16.71,0.34,0.91,0.72,9.44,0.00,1664
84.116,16.74,0.33,0.83,0.74,9.39,0.00,1652
84.133,16.73,0.34,0.86,0.71,9.37,0.00,1645
84.149,16.75,0.33,0.85,0.72,9.32,0.00,1639
84.166,16.72,0.32,0.85,0.65,9.28,0.00,1630
84.183,16.73,0.32,0.84,0.64,9.25,0.00,1622
84.200,16.69,0.33,0.86,0.66,9.23,0.00,1616
84.216,16.77,0.33,0.83,0.65,9.20,0.00,1610
84.233,16.73,0.33,0.85,0.65,9.18,0.00,1599
84.250,16.73,0.30,0.84,0.64,9.15,0.00,1591
84.267,16.73,0.33,0.86,0.71,9.12,0.00,1587
84.283,16.73,0.33,0.82,0.64,9.09,0.00,1584
84.300,16.73,0.33,0.83,0.64,9.05,0.00,1573
84.317,16.76,0.35,0.83,0.68,9.04,0.00,1562
84.333,16.71,0.38,0.83,0.66,9.01,0.00,1555
84.350,16.73,0.35,0.82,0.71,8.97,0.00,1547
84.367,16.73,0.32,0.83,0.71,8.94,0.00,1539
84.384,16.74,0.35,0.82,0.64,8.91,0.00,1531
84.400,16.73,0.35,0.83,0.67,8.88,0.00,1525
84.417,16.74,0.36,0.83,0.67,8.84,0.00,1520
84.434,16.73,0.32,0.83,0.68,8.81,0.00,1516
84.451,16.73,0.34,0.81,0.61,8.84,0.00,1510
84.467,16.74,0.36,0.84,0.68,8.77,0.00,1506
84.484,16.73,0.35,0.81,0.64,8.75,0.00,1499
84.501,16.74,0.37,0.82,0.65,8.72,0.00,1491
84.518,16.73,0.35,0.82,0.67,8.70,0.00,1486
84.534,16.74,0.22,0.89,0.62,8.68,0.00,1474
84.551,16.73,0.22,0.89,0.63,8.64,0.00,1469
84.568,16.75,0.28,0.78,0.60,8.64,0.00,1461
84.584,16.74,0.31,0.85,0.70,8.61,0.00,1454
84.601,16.76,0.32,0.87,0.72,8.60,0.00,1446
84.618,16.71,0.25,0.84,0.71,8.71,0.00,1438
84.635,16.67,0.21,0.84,0.66,8.55,0.00,1429
84.651,16.78,0.20,0.88,0.68,8.64,0.00,1422
84.668,16.76,0.29,0.83,0.73,8.51,0.00,1414
84.685,16.71,0.42,0.82,0.70,8.48,0.00,1407
84.702,16.75,0.23,0.84,0.73,8.61,0.00,1401
84.718,16.70,0.22,0.90,0.78,8.45,0.00,1393
84.735,16.72,0.20,0.83,0.69,8.43,0.00,1382
84.752,16.75,0.21,0.80,0.81,8.46,0.00,1375
84.769,16.73,0.21,0.84,0.80,8.54,0.00,1368
84.785,16.79,0.33,0.74,0.69,8.39,0.00,1357
84.802,16.66,0.32,0.80,0.70,8.38,0.00,1348
84.819,16.79,0.21,0.80,0.70,8.36,0.00,1341
84.835,16.72,0.15,0.54,0.52,8.46,0.00,1332
84.852,16.73,0.13,0.38,0.43,8.44,0.00,1323
84.869,16.72,0.23,0.81,0.70,8.36,0.00,1314
84.886,16.77,0.22,0.82,0.78,8.30,0.00,1306
84.902,16.74,0.21,0.79,0.80,8.28,0.00,1303
84.919,16.73,0.23,0.85,0.70,8.32,0.00,1297
84.936,16.74,0.33,0.75,0.67,8.30,0.00,1286
84.953,16.72,0.22,0.75,0.71,8.37,0.00,1278
84.969,16.75,0.19,0.77,0.65,8.37,0.00,1265
84.986,16.72,0.30,0.72,0.66,8.21,0.00,1260
85.003,16.83,0.28,0.72,0.68,8.19,0.00,1258
85.020,16.66,0.25,0.73,0.68,8.18,0.00,1256
85.036,16.68,0.21,0.77,0.69,8.17,0.00,1246
85.053,16.74,0.19,0.75,0.70,8.26,0.00,1239
85.070,16.76,0.21,0.80,0.67,8.25,0.00,1233
85.087,16.73,0.21,0.77,0.66,8.23,0.00,1228
85.103,16.68,0.20,0.74,0.68,8.14,0.00,1223
85.120,16.79,0.20,0.81,0.66,8.20,0.00,1218
85.137,16.74,0.24,0.75,0.66,8.07,0.00,1210
85.153,16.69,0.21,0.79,0.68,8.08,0.00,1201
85.170,16.71,0.31,0.74,0.65,8.07,0.00,1193
85.187,16.71,0.13,0.42,0.46,8.13,0.00,1189
85.204,16.84,0.30,0.69,0.65,8.04,0.00,1182
85.220,16.71,0.23,0.70,0.63,8.02,0.00,1173
85.237,16.73,0.19,0.78,0.67,8.01,0.00,1166
85.254,16.73,0.19,0.74,0.63,8.01,0.00,1159
85.271,16.76,0.20,0.74,0.63,7.99,0.00,1145
85.287,16.67,0.21,0.75,0.68,7.97,0.00,1140
85.304,16.78,0.19,0.76,0.63,7.91,0.00,1133
85.321,16.73,0.19,0.74,0.65,8.01,0.00,1119
85.338,16.73,0.19,0.76,0.64,8.01,0.00,1112
85.354,16.74,0.25,0.67,0.65,8.01,0.00,1110
85.371,16.75,0.26,0.69,0.63,7.97,0.00,1102
85.388,16.66,0.19,0.74,0.63,7.96,0.00,1088
85.404,16.80,0.28,0.66,0.65,7.96,0.00,1077
85.421,16.74,0.13,0.39,0.38,7.84,0.00,1070
85.438,16.68,0.09,0.32,0.35,7.94,0.00,1059
85.455,16.74,0.10,0.44,0.49,7.95,0.00,1051
85.471,16.76,0.18,0.70,0.63,7.92,0.00,1045
85.488,16.73,0.18,0.72,0.64,7.91,0.00,1041
85.505,16.73,0.19,0.71,0.61,7.77,0.00,1031
85.522,16.68,0.21,0.73,0.69,7.87,0.00,1017
85.538,16.79,0.29,0.65,0.65,7.86,0.00,1001
85.555,16.72,0.18,0.72,0.62,7.76,0.00,995
85.572,16.73,0.18,0.72,0.61,7.71,0.00,988
85.589,16.74,0.17,0.71,0.63,7.74,0.00,981
85.605,16.68,0.19,0.74,0.63,7.72,0.00,971
85.622,16.74,0.20,0.75,0.63,7.85,0.00,960
85.639,16.78,0.18,0.70,0.60,7.84,0.00,951
85.655,16.75,0.25,0.62,0.58,7.70,0.00,944
85.672,16.72,0.21,0.78,0.61,7.70,0.00,938
85.689,16.70,0.17,0.68,0.58,7.69,0.00,929
85.706,16.77,0.17,0.71,0.64,7.80,0.00,919
85.722,16.75,0.24,0.63,0.64,7.80,0.00,911
85.739,16.72,0.17,0.65,0.63,7.80,0.00,905
85.756,16.74,0.17,0.71,0.62,7.78,0.00,901
85.773,16.72,0.17,0.68,0.62,7.79,0.00,892
85.789,16.74,0.17,0.68,0.62,7.77,0.00,885
85.806,16.73,0.17,0.70,0.63,7.76,0.00,876
85.823,16.81,0.25,0.62,0.63,7.79,0.00,870
85.839,16.61,0.17,0.66,0.67,7.75,0.00,862
85.856,16.75,0.15,0.71,0.65,7.75,0.00,845
85.873,16.70,0.12,0.72,0.65,7.72,0.00,842
85.890,16.81,0.14,0.65,0.61,7.72,0.00,831
85.906,16.74,0.12,0.63,0.63,7.73,0.00,821
85.923,16.70,0.15,0.67,0.70,7.66,0.00,821
85.940,16.74,0.12,0.64,0.66,7.71,0.00,814
85.957,16.74,0.14,0.62,0.60,7.75,0.00,809
85.973,16.73,0.14,0.63,0.62,7.71,0.00,804
85.990,16.75,0.14,0.66,0.64,7.67,0.00,796
86.007,16.72,0.15,0.69,0.68,7.64,0.00,786
86.024,16.73,0.14,0.64,0.64,7.67,0.00,784
86.040,16.73,0.14,0.65,0.64,7.70,0.00,784
86.057,16.73,0.14,0.70,0.70,7.69,0.00,781
86.074,16.74,0.10,0.45,0.58,7.63,0.00,772
86.091,16.74,0.14,0.64,0.65,7.64,0.00,762
86.107,16.73,0.13,0.66,0.65,7.62,0.00,754
86.124,16.73,0.14,0.61,0.66,7.61,0.00,747
86.141,16.73,0.14,0.65,0.67,7.60,0.00,730
86.157,16.73,0.14,0.66,0.64,7.61,0.00,723
86.174,16.73,0.14,0.64,0.68,7.59,0.00,718
86.191,16.72,0.12,0.66,0.64,7.61,0.00,713
86.208,16.75,0.14,0.63,0.64,7.61,0.00,705
86.224,16.75,0.14,0.65,0.71,7.60,0.00,701
86.241,16.74,0.22,0.55,0.72,7.57,0.00,693
86.258,16.71,0.13,0.61,0.70,7.57,0.00,686
86.275,16.76,0.18,0.56,0.68,7.56,0.00,679
86.291,16.71,0.13,0.60,0.66,7.50,0.00,665
86.308,16.73,0.11,0.61,0.64,7.58,0.00,659
86.325,16.74,0.11,0.61,0.62,7.51,0.00,654
86.342,16.75,0.14,0.58,0.64,7.58,0.00,650
86.358,16.72,0.11,0.58,0.60,7.57,0.00,642
86.375,16.75,0.11,0.54,0.62,7.57,0.00,634
86.392,16.72,0.13,0.55,0.61,7.52,0.00,629
86.408,16.73,0.13,0.60,0.63,7.51,0.00,623
86.425,16.74,0.13,0.54,0.67,7.53,0.00,618
86.442,16.73,0.13,0.63,0.65,7.56,0.00,617
86.459,16.75,0.13,0.54,0.64,7.55,0.00,608
86.475,16.72,0.11,0.58,0.66,7.57,0.00,603
86.492,16.75,0.13,0.56,0.69,7.54,0.00,595
86.509,16.72,0.13,0.59,0.64,7.56,0.00,593
86.526,16.73,0.11,0.59,0.66,7.55,0.00,586
86.542,16.73,0.13,0.58,0.64,7.57,0.00,577
86.559,16.74,0.11,0.59,0.64,7.54,0.00,567
86.576,16.73,0.10,0.58,0.63,7.55,0.00,562
86.592,16.73,0.12,0.56,0.63,7.55,0.00,555
86.609,16.73,0.10,0.59,0.63,7.58,0.00,546
86.626,16.74,0.13,0.56,0.67,7.48,0.00,543
86.643,16.73,0.11,0.61,0.72,7.58,0.00,541
86.659,16.73,0.09,0.59,0.65,7.49,0.00,534
86.676,16.73,0.12,0.58,0.67,7.47,0.00,524
86.693,16.73,0.10,0.58,0.62,7.53,0.00,521
86.710,16.73,0.10,0.55,0.61,7.56,0.00,517
86.726,16.73,0.10,0.58,0.63,7.52,0.00,512
86.743,16.74,0.10,0.57,0.61,7.48,0.00,509
86.760,16.73,0.10,0.57,0.61,7.47,0.00,505
86.777,16.75,0.08,0.56,0.64,7.52,0.00,500
86.793,16.72,0.08,0.58,0.65,7.55,0.00,494
86.810,16.75,0.09,0.68,0.78,7.51,0.00,483
86.827,16.74,0.08,0.57,0.66,7.55,0.00,481
86.843,16.72,0.07,0.60,0.74,7.45,0.00,473
86.860,16.72,0.08,0.59,0.65,7.48,0.00,466
86.877,16.74,0.08,0.57,0.64,7.48,0.00,457
86.894,16.75,0.08,0.56,0.66,7.52,0.00,453
86.910,16.74,0.08,0.53,0.60,7.51,0.00,441
86.927,16.71,0.08,0.56,0.64,7.48,0.00,436
86.944,16.73,0.08,0.55,0.61,7.50,0.00,429
86.961,16.74,0.08,0.52,0.67,7.46,0.00,422
86.977,16.73,0.07,0.55,0.64,7.48,0.00,416
86.994,16.74,0.07,0.56,0.67,7.48,0.00,404
87.011,16.74,0.07,0.54,0.67,7.42,0.00,394
87.028,16.73,0.06,0.55,0.62,7.46,0.00,387
87.044,16.74,0.07,0.54,0.58,7.40,0.00,379
87.061,16.73,0.07,0.52,0.59,7.40,0.00,372
87.078,16.73,0.07,0.52,0.59,7.42,0.00,365
87.094,16.74,0.05,0.55,0.63,7.43,0.00,356
87.111,16.73,0.05,0.55,0.64,7.38,0.00,351
87.128,16.73,0.05,0.53,0.65,7.36,0.00,337
87.145,16.68,0.05,0.54,0.69,7.38,0.00,334
87.161,16.79,0.04,0.54,0.63,7.43,0.00,330
87.178,16.74,0.05,0.50,0.67,7.40,0.00,320
87.195,16.73,0.04,0.54,0.65,7.41,0.00,310
87.212,16.73,0.05,0.52,0.67,7.40,0.00,303
87.228,16.73,0.05,0.50,0.61,7.40,0.00,293
87.245,16.74,0.05,0.50,0.61,7.40,0.00,284
87.262,16.73,0.02,0.50,0.61,7.40,0.00,281
87.279,16.74,0.02,0.49,0.58,7.40,0.00,273
87.295,16.74,0.02,0.44,0.59,7.40,0.00,264
87.312,16.74,0.03,0.45,0.59,7.41,0.00,257
87.329,16.73,0.02,0.50,0.59,7.39,0.00,247
87.345,16.72,0.02,0.49,0.63,7.39,0.00,243
87.362,16.74,0.01,0.46,0.58,7.40,0.00,236
87.379,16.73,0.01,0.48,0.61,7.37,0.00,229
87.396,16.73,0.01,0.47,0.59,7.42,0.00,227
87.412,16.74,0.00,0.47,0.60,7.41,0.00,252
