t,frameMs,tickMs,buildMs,encodeMs,gpuMs,inkMs,instances
0.000,15.02,0.01,0.76,0.56,7.96,0.03,346
0.017,16.63,0.02,0.69,0.49,8.12,0.00,345
0.033,16.73,0.01,0.66,0.53,8.03,0.03,345
0.050,16.73,0.02,0.68,0.49,8.00,0.00,345
0.067,16.73,0.01,0.66,0.48,8.03,0.03,345
0.084,16.74,0.02,0.70,0.54,8.12,0.00,345
0.100,16.75,0.02,0.68,34.40,8.00,33.44,343
0.151,50.20,0.03,0.40,1.06,7.47,0.12,347
0.167,16.72,0.02,0.45,1.30,7.47,0.12,346
0.184,16.74,0.02,0.68,0.48,7.50,0.00,344
0.201,16.74,0.02,0.64,1.97,7.54,0.30,343
0.217,16.74,0.02,0.68,0.48,7.38,0.00,344
0.234,16.74,0.02,0.67,33.67,7.50,32.86,343
0.284,50.18,0.03,0.35,1.00,7.39,0.12,346
0.301,16.74,0.01,0.45,1.34,7.36,0.12,345
0.318,16.76,0.02,0.61,0.57,7.32,0.00,346
0.335,16.75,0.02,0.68,2.14,7.42,0.31,344
0.351,16.81,0.02,0.70,0.55,7.30,0.00,345
0.368,16.67,0.02,0.70,35.16,7.33,34.20,344
0.418,50.17,0.03,0.36,0.93,7.27,0.10,347
0.435,16.73,0.01,0.43,1.28,7.34,0.12,348
0.452,16.74,0.01,0.51,0.38,7.24,0.00,348
0.468,16.76,0.02,0.74,2.18,7.30,0.31,347
0.485,16.74,0.02,0.71,0.53,7.18,0.00,348
0.502,16.73,0.02,0.69,35.05,7.24,34.08,350
0.552,50.25,0.03,0.37,0.92,7.16,0.09,351
0.569,16.70,0.01,0.33,1.31,7.06,0.12,352
0.586,16.70,0.02,0.60,0.50,7.21,0.00,352
0.602,16.82,0.02,0.66,2.14,7.16,0.32,351
0.619,16.75,0.04,0.69,0.49,7.19,0.00,351
0.636,16.74,0.04,0.68,33.67,7.12,32.89,352
0.686,50.19,0.04,0.35,0.99,7.18,0.11,354
0.703,16.68,0.01,0.37,1.29,7.11,0.12,354
0.719,16.68,0.02,0.63,0.54,7.16,0.00,355
0.736,16.86,0.02,0.65,2.12,7.23,0.31,355
0.753,16.74,0.02,0.70,0.53,7.29,0.00,354
0.770,16.70,0.02,0.71,35.05,7.23,34.07,355
0.807,37.35,0.01,0.27,0.79,7.23,0.08,364
0.820,12.86,0.03,0.28,16.45,12.57,0.00,366
0.837,17.41,0.01,0.38,17.12,7.81,0.24,367
0.855,18.01,0.02,0.43,14.70,7.64,0.00,368
0.871,15.27,0.02,0.50,18.15,7.71,0.28,369
0.889,18.83,0.02,0.91,13.75,7.73,0.00,369
0.905,15.97,0.02,0.69,49.70,7.88,34.64,369
0.956,50.88,0.01,0.27,0.82,7.88,0.09,369
0.971,14.25,0.03,0.32,17.68,14.22,0.12,369
0.989,18.13,0.01,0.43,15.38,7.73,0.00,371
1.005,15.95,0.02,0.66,17.33,7.84,0.35,371
1.023,18.14,0.02,0.81,14.27,7.70,0.00,372
1.038,15.21,0.02,0.66,49.78,7.93,33.41,372
1.089,50.57,0.02,0.29,0.72,7.93,0.08,370
1.105,15.92,0.02,0.40,17.46,14.67,0.12,371
1.122,17.99,0.01,0.48,15.36,7.75,0.00,371
1.138,15.97,0.02,0.70,17.37,7.81,0.34,371
1.157,18.23,0.02,0.79,14.34,7.68,0.00,371
1.172,15.28,0.02,0.65,49.35,7.82,33.26,372
1.222,50.08,0.01,0.25,0.72,7.82,0.06,374
1.238,16.24,0.02,0.33,17.99,14.65,0.22,375
1.257,18.46,0.02,0.56,14.86,7.68,0.00,375
1.272,15.54,0.02,0.68,16.65,7.73,0.19,374
1.290,17.47,0.02,0.47,15.63,7.63,0.00,376
1.306,16.29,0.02,0.66,49.58,7.75,33.67,376
1.358,51.53,0.02,0.28,0.75,7.75,0.07,388
1.372,14.77,0.02,0.31,17.35,13.66,0.12,388
1.390,18.09,0.01,0.46,15.24,8.22,0.00,388
1.407,16.08,0.02,0.53,16.98,8.25,0.20,424
1.424,17.84,0.02,0.72,14.80,8.12,0.00,425
1.440,15.67,0.02,0.83,51.60,8.24,35.73,425
1.493,53.23,0.03,0.34,0.89,8.24,0.09,422
1.506,12.87,0.02,0.32,17.52,14.42,0.10,422
1.524,17.96,0.02,0.52,15.42,7.95,0.00,422
1.540,16.07,0.02,0.73,17.36,8.01,0.38,422
1.559,18.36,0.02,0.71,14.16,7.87,0.00,422
1.574,15.00,0.02,0.67,49.97,7.88,33.70,421
1.640,66.47,0.03,0.44,1.12,7.77,0.11,421
1.657,16.73,0.02,0.39,1.31,7.60,0.11,420
1.673,16.67,0.02,0.66,0.52,7.61,0.00,421
1.690,16.82,0.02,0.72,2.17,7.49,0.31,423
1.707,16.76,0.02,0.74,0.47,7.54,0.00,401
1.724,16.74,0.04,0.75,34.54,7.50,33.58,400
1.774,50.17,0.04,0.47,1.11,7.44,0.11,400
1.791,16.70,0.02,0.46,1.30,7.41,0.11,400
1.807,16.73,0.02,0.66,0.48,7.43,0.00,402
1.824,16.76,0.02,0.78,2.11,7.37,0.30,403
1.841,16.73,0.02,0.75,0.48,7.42,0.00,403
1.858,16.75,0.02,0.78,34.34,7.36,33.41,401
1.908,50.17,0.03,0.37,0.91,7.44,0.09,402
1.924,16.76,0.02,0.39,1.30,7.30,0.11,404
1.941,16.75,0.02,0.43,0.35,7.46,0.00,403
1.958,16.72,0.02,0.66,2.03,7.41,0.31,402
1.975,16.74,0.26,0.67,0.48,7.43,0.00,427
1.991,16.73,0.03,0.74,34.52,7.68,33.57,426
2.042,50.23,0.05,0.39,0.93,7.75,0.10,426
2.058,16.69,0.02,0.40,1.34,7.61,0.13,430
2.075,16.74,0.02,0.46,0.38,7.63,0.00,433
2.092,16.70,0.03,0.72,2.17,7.70,0.30,432
2.109,16.80,0.03,0.74,0.47,7.73,0.00,432
2.125,16.73,0.03,0.73,34.94,7.65,33.97,433
2.176,50.23,0.05,0.40,0.93,7.71,0.09,436
2.192,16.68,0.02,0.47,1.34,7.61,0.12,435
2.209,16.78,0.02,0.50,0.39,7.61,0.00,435
2.226,16.72,0.03,0.76,2.13,7.72,0.31,439
2.242,16.73,0.02,0.73,0.49,7.77,0.00,440
2.259,16.75,0.02,0.75,33.46,7.71,32.66,438
2.295,35.51,0.03,0.31,0.83,7.71,0.12,452
2.309,14.75,0.03,0.32,16.67,13.84,0.00,451
2.327,17.47,0.03,0.46,16.92,8.50,0.25,452
2.345,17.81,0.02,0.65,14.71,8.27,0.00,453
2.360,15.57,0.03,0.80,15.74,8.35,0.11,453
2.377,16.70,0.03,0.28,16.34,8.23,0.00,454
2.394,16.77,0.03,0.80,47.16,8.51,30.49,454
2.443,49.48,0.03,0.37,0.97,8.51,0.11,453
2.461,17.51,0.04,0.37,1.10,14.13,0.10,454
2.477,16.16,0.08,0.46,0.40,8.37,0.00,454
2.493,16.55,0.03,0.78,2.16,8.31,0.30,454
2.510,16.74,0.03,0.74,0.48,8.37,0.00,453
2.527,16.74,0.03,0.71,35.08,8.41,34.12,455
2.577,50.23,0.04,0.36,0.93,8.52,0.10,453
2.594,16.69,0.02,0.53,1.30,8.41,0.12,451
2.611,16.75,0.02,0.53,0.38,8.46,0.00,451
2.627,16.73,0.03,0.76,2.12,8.39,0.30,451
2.644,16.74,0.03,0.72,0.52,8.43,0.00,450
2.661,16.73,0.02,0.75,35.11,8.51,34.12,451
2.711,50.24,0.05,0.37,0.92,8.47,0.09,451
2.728,16.72,0.03,0.55,1.33,8.57,0.13,450
2.745,16.73,0.02,0.54,0.37,8.50,0.00,449
2.761,16.73,0.02,0.73,2.03,8.44,0.30,449
2.778,16.74,0.03,0.73,0.47,8.44,0.00,448
2.795,16.74,0.03,0.73,34.88,8.54,33.94,449
2.845,50.21,0.03,0.35,0.91,8.44,0.10,449
2.862,16.70,0.02,0.53,1.32,8.36,0.13,449
2.878,16.78,0.03,0.78,0.66,8.34,0.00,449
2.895,16.73,0.03,0.72,2.01,8.41,0.31,448
2.912,16.73,0.03,0.73,0.48,8.26,0.00,446
2.929,16.72,0.03,0.70,35.14,8.27,34.21,446
2.965,36.86,0.01,0.28,0.76,8.27,0.08,454
2.979,13.35,0.16,0.52,16.73,14.88,0.00,503
2.997,17.84,0.04,0.62,16.95,12.85,0.35,503
3.015,18.06,0.05,0.69,16.22,12.39,0.17,500
3.032,17.26,0.06,0.99,13.37,12.29,0.00,498
3.046,14.50,0.03,0.38,16.54,12.49,0.00,498
3.064,17.08,0.06,1.13,51.19,12.54,35.26,495
3.117,53.17,0.05,0.45,0.89,12.54,0.14,493
3.129,12.62,0.03,0.41,17.87,22.30,0.12,493
3.148,18.40,0.03,0.60,15.33,11.99,0.00,496
3.164,16.04,0.04,0.74,17.49,12.14,0.30,493
3.182,18.53,0.06,1.12,13.82,12.01,0.00,493
3.197,15.11,0.06,1.06,48.63,12.06,32.89,494
3.247,49.86,0.04,0.45,0.85,12.06,0.08,498
3.263,16.00,0.03,0.45,18.05,22.91,0.14,501
3.282,18.64,0.05,0.81,14.63,12.05,0.00,502
3.297,15.56,0.03,0.78,17.59,12.39,0.30,503
3.316,18.63,0.06,1.22,13.78,12.18,0.00,504
3.331,15.17,0.05,1.13,48.94,12.35,33.12,509
3.397,65.89,0.05,0.53,0.91,12.26,0.11,516
3.414,16.73,0.03,0.74,1.34,9.48,0.12,518
3.431,16.74,0.04,1.08,0.48,9.58,0.00,523
3.447,16.75,0.05,1.10,2.09,9.67,0.30,527
3.464,16.67,0.05,1.16,0.50,9.79,0.00,528
3.481,16.74,0.05,1.21,33.31,9.74,32.50,532
3.531,50.25,0.05,0.53,0.97,9.89,0.09,530
3.548,16.74,0.03,0.78,1.36,9.91,0.12,533
3.565,16.75,0.04,1.11,0.50,10.02,0.00,539
3.581,16.78,0.07,1.15,2.17,9.99,0.30,543
3.598,16.71,0.05,1.20,0.50,10.23,0.00,545
3.615,16.74,0.05,1.14,34.37,10.22,33.40,547
3.665,50.17,0.05,0.55,0.90,10.31,0.10,548
3.682,16.73,0.03,0.74,1.37,10.31,0.12,538
3.698,16.74,0.04,0.80,0.37,10.36,0.00,541
3.715,16.75,0.05,1.07,2.38,10.34,0.34,542
3.732,16.74,0.06,1.15,0.49,10.42,0.00,543
3.749,16.73,0.05,1.13,34.33,10.50,33.40,546
3.786,36.92,0.03,0.44,0.77,10.50,0.07,558
3.799,13.27,0.04,0.50,16.91,17.04,0.00,559
3.817,17.77,0.05,0.66,16.96,10.88,0.21,560
3.835,18.05,0.06,0.84,15.90,10.91,0.17,563
3.852,17.09,0.05,1.23,13.86,10.86,0.00,557
3.867,15.27,0.10,1.27,50.86,10.98,35.38,558
3.933,65.73,0.05,0.63,1.15,10.95,0.10,566
3.946,13.22,0.04,0.56,3.65,10.75,0.00,566
3.967,20.70,0.06,1.03,2.04,10.94,0.31,567
3.983,16.28,0.20,1.17,1.97,10.75,0.15,584
4.000,16.73,0.05,1.19,0.48,11.40,0.00,586
4.016,16.73,0.06,1.15,34.26,11.30,33.30,589
4.067,50.18,0.05,0.52,0.90,11.50,0.09,592
4.083,16.74,0.03,0.78,1.36,11.30,0.11,594
4.100,16.75,0.04,0.83,0.36,11.31,0.00,596
4.117,16.74,0.05,1.17,2.06,11.21,0.28,598
4.134,16.74,0.05,1.17,0.45,11.25,0.00,602
4.150,16.75,0.07,1.19,35.06,11.12,34.08,602
4.200,50.13,0.06,0.63,1.11,11.21,0.11,609
4.217,16.83,0.04,0.88,1.40,11.12,0.11,608
4.234,16.69,0.04,1.13,0.48,11.13,0.00,607
4.251,16.75,0.05,1.19,2.09,11.03,0.28,609
4.267,16.74,0.06,1.18,0.49,11.05,0.00,608
4.284,16.75,0.07,1.17,34.62,10.94,33.52,610
4.334,50.20,0.06,0.62,1.10,10.99,0.11,610
4.351,16.70,0.04,0.79,1.33,10.97,0.11,606
4.368,16.75,0.05,0.82,0.41,10.91,0.00,600
4.385,16.75,0.05,1.16,2.09,10.80,0.28,595
4.401,16.74,0.06,1.11,0.53,10.82,0.00,590
4.417,15.66,0.06,1.17,21.56,10.69,20.06,593
4.440,23.07,0.04,0.72,0.28,10.69,0.00,581
4.451,11.41,0.06,0.69,18.80,19.29,0.29,579
4.471,19.68,0.14,0.99,13.86,7.75,0.00,633
4.486,15.16,0.20,1.47,16.75,13.30,0.58,627
4.505,18.68,0.11,1.46,12.73,13.06,0.00,625
4.519,14.40,0.09,1.56,16.88,13.69,0.30,622
4.538,18.78,0.10,1.42,13.13,13.31,0.00,621
4.553,14.77,0.09,1.53,48.58,13.46,33.07,621
4.604,50.81,0.05,0.58,0.74,13.46,0.06,618
4.619,15.14,0.07,0.63,17.08,24.69,0.12,616
4.637,17.87,0.05,0.87,15.17,13.05,0.00,616
4.653,16.18,0.07,1.00,17.19,13.14,0.40,614
4.671,18.50,0.10,1.53,13.07,13.07,0.00,613
4.686,14.85,0.16,1.43,49.82,13.15,34.35,612
4.753,66.49,0.07,0.66,1.05,13.05,0.12,605
4.769,16.75,0.07,0.98,1.32,12.97,0.12,606
4.786,16.75,0.09,1.50,0.58,13.04,0.00,607
4.803,16.76,0.09,1.53,2.13,12.97,0.30,604
4.820,16.71,0.09,1.56,0.49,12.95,0.00,603
4.836,16.65,0.09,1.46,34.03,12.90,33.02,602
4.873,36.71,0.05,0.56,0.76,12.90,0.09,609
4.887,13.55,0.06,0.68,16.08,18.76,0.00,607
4.904,17.21,0.06,0.88,16.80,7.78,0.29,605
4.922,18.12,0.07,1.16,14.27,10.31,0.00,600
4.938,15.72,0.10,1.49,16.74,10.65,0.54,597
4.956,18.60,0.10,1.32,13.19,10.48,0.00,573
4.971,14.74,0.11,1.30,49.18,10.52,33.74,572
5.022,51.39,0.08,0.45,0.91,10.52,0.14,575
5.037,14.88,0.08,0.46,17.24,18.76,0.11,577
5.055,17.87,0.05,0.58,15.08,10.34,0.00,578
5.071,15.87,0.10,1.12,17.15,10.48,0.37,579
5.090,18.58,0.14,1.11,13.88,10.45,0.00,580
5.105,15.25,0.09,1.09,50.24,10.49,34.49,581
5.171,66.29,0.08,0.64,1.10,10.49,0.12,582
5.188,16.74,0.07,0.75,1.38,10.46,0.11,583
5.205,16.74,0.07,1.13,0.54,10.48,0.00,584
5.221,16.70,0.09,1.22,2.12,10.46,0.30,584
5.238,16.87,0.09,1.22,0.55,10.63,0.00,585
5.255,16.67,0.10,1.17,34.49,10.59,33.54,587
5.305,50.17,0.07,0.52,0.88,10.68,0.10,582
5.322,16.73,0.06,0.80,1.38,10.67,0.12,582
5.338,16.70,0.06,0.83,0.36,10.73,0.00,582
5.355,16.87,0.16,1.11,2.22,10.70,0.30,583
5.372,16.74,0.16,1.12,0.47,10.77,0.00,586
5.389,16.69,0.10,1.17,33.60,10.86,32.67,586
5.439,50.23,0.07,0.51,0.95,10.91,0.10,588
5.456,16.65,0.05,0.67,1.35,10.92,0.11,589
5.472,16.73,0.06,0.80,0.35,10.96,0.00,591
5.489,16.80,0.10,1.17,2.18,10.96,0.30,590
5.506,16.68,0.09,1.22,0.50,10.96,0.00,591
5.523,16.73,0.11,1.15,34.02,10.93,33.08,591
5.573,50.18,0.07,0.52,0.92,11.12,0.10,590
5.590,16.75,0.06,0.75,1.39,10.98,0.12,592
5.606,16.76,0.10,1.12,0.47,11.01,0.00,592
5.623,16.71,0.10,1.16,2.17,10.95,0.31,595
5.640,16.74,0.10,1.16,0.49,10.96,0.00,594
5.656,16.72,0.09,1.14,34.44,10.87,33.49,598
5.707,50.19,0.09,0.65,1.02,10.93,0.19,648
5.723,16.76,0.08,1.08,1.34,14.67,0.12,650
5.740,16.71,0.09,1.53,0.67,14.72,0.00,650
5.757,16.76,0.13,1.62,2.18,14.67,0.31,648
5.774,16.72,0.11,1.50,0.53,14.67,0.00,645
5.790,16.68,0.11,1.51,32.73,13.11,31.76,644
5.825,34.46,0.07,0.58,0.87,13.11,0.09,651
5.840,15.77,0.06,0.59,16.82,25.87,0.00,649
5.858,17.56,0.09,1.10,17.23,7.49,0.31,650
5.877,18.59,0.10,1.00,13.88,10.47,0.00,643
5.892,15.09,0.10,1.54,16.61,13.70,0.30,645
5.910,18.45,0.18,1.50,13.29,13.70,0.00,642
5.925,15.10,0.10,1.57,49.94,11.06,34.52,639
5.989,63.49,0.16,0.62,1.00,11.06,0.12,653
6.008,19.07,0.09,0.91,1.08,10.10,0.09,654
6.025,16.77,0.08,1.05,0.43,11.94,0.00,652
6.041,16.71,0.15,1.55,2.39,12.98,0.47,652
6.058,16.78,0.10,1.58,0.59,12.49,0.00,652
6.075,16.68,0.13,1.69,31.20,13.56,30.30,653
6.108,33.46,0.06,0.59,0.80,13.56,0.08,654
6.126,17.35,0.07,0.74,15.71,23.48,0.00,657
6.143,17.01,0.06,0.83,16.22,11.44,0.21,657
6.160,17.40,0.07,0.96,14.66,11.28,0.00,657
6.176,15.92,0.16,1.57,16.25,11.37,0.37,658
6.194,18.20,0.11,1.53,13.41,11.25,0.00,659
6.209,15.17,0.10,1.52,49.96,11.35,34.59,657
6.276,66.37,0.08,0.65,0.90,11.28,0.12,657
6.292,16.74,0.06,0.92,1.38,11.33,0.12,661
6.309,16.68,0.08,1.06,0.35,11.38,0.00,658
6.326,16.77,0.10,1.51,2.24,11.31,0.36,658
6.346,20.25,0.18,1.48,0.63,11.33,0.00,664
6.355,9.30,0.08,1.06,34.38,11.76,30.80,663
6.393,37.42,0.08,0.55,0.88,11.76,0.11,659
6.410,16.72,0.07,0.67,0.31,11.84,0.00,650
6.426,16.71,0.09,1.03,1.54,9.03,0.21,639
6.443,16.81,0.11,1.25,0.56,9.35,0.00,612
6.460,16.67,0.11,1.22,2.24,10.72,0.31,614
6.477,16.83,0.24,1.17,0.62,11.18,0.00,614
6.493,16.66,0.10,1.20,33.49,11.72,32.54,614
6.529,35.63,0.05,0.45,0.80,11.72,0.07,620
6.543,14.63,0.10,0.51,16.28,21.62,0.00,623
6.561,17.05,0.05,0.60,16.85,11.79,0.21,625
6.578,17.61,0.07,0.82,15.02,11.65,0.00,626
6.594,16.06,0.09,1.10,17.02,11.86,0.36,629
6.613,18.36,0.21,1.11,13.66,11.72,0.00,630
6.628,15.10,0.10,1.17,49.11,11.81,33.56,632
6.678,50.44,0.06,0.42,0.75,11.81,0.06,640
6.694,15.98,0.07,0.49,17.38,21.22,0.17,641
6.712,18.04,0.06,0.67,15.13,7.97,0.00,642
6.728,15.98,0.10,1.19,16.85,9.53,0.36,646
6.746,18.37,0.11,1.14,13.67,11.64,0.00,649
6.761,15.02,0.10,1.26,50.26,11.74,34.61,650
6.828,66.51,0.10,0.51,0.91,11.64,0.10,662
6.845,16.74,0.07,0.74,1.40,11.53,0.13,664
6.861,16.76,0.12,1.17,0.53,11.60,0.00,667
6.878,16.70,0.12,1.12,2.14,11.53,0.30,668
6.895,16.73,0.11,1.16,0.50,11.66,0.00,671
6.912,16.74,0.11,1.16,34.07,11.62,33.26,671
6.962,50.23,0.10,0.49,0.96,11.62,0.10,674
6.979,16.70,0.06,0.63,1.39,11.48,0.12,673
6.995,16.74,0.07,0.75,0.36,11.51,0.00,676
7.012,16.76,0.11,1.14,2.08,11.50,0.31,676
7.029,16.69,0.11,1.20,0.56,11.46,0.00,678
7.046,16.78,0.12,1.13,34.88,11.54,33.93,678
7.084,38.09,0.05,0.41,0.78,11.54,0.08,683
7.096,12.02,0.07,0.42,16.17,17.97,0.00,684
7.112,16.75,0.05,0.47,17.72,8.44,0.32,680
7.131,18.73,0.07,0.79,14.43,11.42,0.00,675
7.147,15.71,0.11,1.17,16.89,11.91,0.31,673
7.165,18.53,0.10,1.14,13.70,11.76,0.00,663
7.180,15.10,0.25,1.25,50.15,11.76,35.20,651
7.233,52.53,0.09,0.45,0.80,11.76,0.09,632
7.246,13.33,0.05,0.43,17.42,19.75,0.13,633
7.264,18.01,0.07,0.80,14.60,10.02,0.00,633
7.280,15.54,0.06,0.80,17.68,10.06,0.37,632
7.299,18.73,0.16,1.14,13.76,9.90,0.00,630
7.314,15.19,0.09,1.11,51.23,9.90,35.47,627
7.380,66.48,0.11,0.61,1.08,9.83,0.12,621
7.397,16.71,0.07,0.74,1.34,9.68,0.13,620
7.414,16.73,0.07,0.96,0.49,9.62,0.00,614
7.431,16.77,0.10,1.47,2.26,9.49,0.37,612
7.447,16.68,0.09,0.78,0.44,9.46,0.00,612
7.464,16.73,0.11,1.20,34.69,9.38,33.72,606
7.514,50.23,0.07,0.49,0.89,9.42,0.10,602
7.531,16.75,0.07,0.75,1.37,9.31,0.13,597
7.548,16.73,0.07,0.74,0.32,9.31,0.00,596
7.564,16.73,0.10,1.09,2.20,9.24,0.30,595
7.581,16.73,0.09,1.07,0.47,9.21,0.00,592
7.598,16.75,0.11,1.05,34.03,9.10,33.08,590
7.648,50.12,0.08,0.48,0.87,9.14,0.10,572
7.665,16.77,0.07,0.74,1.36,9.06,0.13,565
7.682,16.79,0.08,0.49,0.42,9.02,0.00,517
7.698,16.75,0.09,0.80,2.14,8.89,0.31,514
7.715,16.73,0.11,0.82,0.46,8.91,0.00,512
7.732,16.73,0.09,0.72,33.59,8.81,32.61,512
7.782,50.21,0.07,0.35,0.93,8.87,0.10,513
7.799,16.67,0.07,0.52,1.33,8.94,0.12,511
7.815,16.79,0.07,0.55,0.36,8.89,0.00,509
7.832,16.75,0.09,0.76,2.12,8.86,0.31,506
7.849,16.68,0.09,0.67,0.48,8.87,0.00,506
7.869,20.33,0.10,0.71,32.31,8.79,31.26,521
7.916,46.70,0.09,0.43,0.98,9.46,0.10,517
7.933,16.64,0.10,0.79,1.67,9.32,0.36,564
7.949,16.81,0.07,0.43,0.30,13.25,0.00,563
7.966,16.66,0.07,0.54,1.14,13.18,0.16,563
7.983,16.87,0.17,0.64,0.41,13.19,0.00,558
8.000,16.65,0.40,1.06,33.08,13.12,32.19,601
8.050,50.24,0.08,0.53,1.00,13.67,0.11,595
8.067,16.82,0.09,0.73,1.47,13.54,0.11,596
8.083,16.71,0.30,1.17,0.72,13.61,0.00,595
8.097,13.52,0.12,1.02,4.25,13.56,0.31,596
8.117,20.17,0.12,1.07,0.50,13.63,0.00,594
8.133,16.42,0.14,1.10,34.04,13.60,32.94,594
8.184,50.25,0.10,0.64,1.12,13.66,0.12,597
8.200,16.74,0.08,0.79,1.42,13.61,0.12,597
8.217,16.71,0.14,1.16,0.50,13.66,0.00,596
8.234,16.73,0.15,1.22,2.46,13.76,0.30,595
8.254,20.47,0.12,1.09,30.09,13.72,29.38,609
8.301,46.53,0.10,0.51,0.99,14.27,0.10,611
8.317,16.66,0.07,0.97,0.41,14.10,0.00,611
8.334,16.78,0.10,1.05,1.94,14.05,0.31,608
8.351,16.75,0.11,1.20,0.51,11.20,0.00,608
8.368,16.73,0.12,1.22,2.31,11.14,0.31,609
8.385,16.77,0.20,1.21,0.59,11.22,0.00,608
8.401,16.65,0.14,1.22,33.60,11.14,32.67,609
8.437,35.72,0.06,0.44,0.78,11.14,0.08,617
8.452,14.65,0.07,0.51,16.38,20.34,0.00,619
8.469,17.04,0.06,0.62,16.96,11.04,0.21,619
8.486,17.83,0.26,1.13,15.74,10.84,0.18,616
8.504,17.37,0.24,1.14,13.64,10.76,0.00,619
8.519,15.14,0.12,1.19,15.38,10.94,0.00,624
8.536,16.80,0.12,1.12,50.58,11.00,34.92,626
8.602,66.32,0.08,0.52,0.88,10.81,0.11,635
8.619,16.74,0.06,0.79,1.39,10.54,0.13,636
8.635,16.69,0.07,0.79,0.36,10.54,0.00,636
8.652,16.83,0.10,1.17,2.11,10.48,0.30,636
8.669,16.74,0.11,1.20,34.09,10.47,33.10,640
8.719,50.15,0.07,0.50,0.93,10.59,0.10,644
8.736,16.75,0.08,0.73,1.37,10.45,0.12,647
8.753,16.74,0.07,0.99,0.46,10.52,0.00,649
8.769,16.75,0.12,1.04,2.08,10.43,0.31,650
8.786,16.74,0.12,1.20,0.54,10.50,0.00,652
8.803,16.73,0.12,1.19,34.75,10.46,33.79,653
8.853,50.20,0.08,0.51,0.90,10.51,0.10,657
8.870,16.70,0.08,0.81,1.39,10.55,0.12,655
8.887,16.81,0.08,0.80,0.36,10.59,0.00,658
8.903,16.67,0.11,1.19,2.26,10.59,0.30,660
8.920,16.74,0.15,1.23,0.55,10.60,0.00,662
8.937,16.73,0.09,1.10,34.43,10.60,33.42,664
8.987,50.22,0.09,0.61,1.07,10.65,0.11,669
9.004,16.82,0.08,0.77,1.38,10.72,0.12,668
9.020,16.67,0.08,0.74,0.35,10.77,0.00,668
9.037,16.76,0.12,1.12,2.13,10.77,0.30,666
9.054,16.75,0.21,1.05,0.49,10.78,0.00,669
9.071,16.72,0.12,1.12,33.51,10.76,32.56,669
9.107,36.47,0.05,0.42,0.75,10.76,0.08,676
9.121,13.76,0.11,0.49,16.18,19.45,0.00,675
9.138,17.17,0.12,0.59,16.76,11.59,0.21,673
9.156,17.93,0.08,0.78,14.82,11.43,0.00,672
9.172,16.12,0.11,1.25,17.05,11.53,0.31,668
9.191,18.97,0.13,1.19,12.78,11.35,0.00,667
9.209,18.12,0.07,0.75,41.20,11.49,29.15,680
9.252,43.18,0.08,0.46,0.83,11.49,0.08,673
9.271,19.03,0.08,0.65,1.14,11.86,0.09,676
9.288,16.84,0.08,0.87,0.48,9.15,0.00,678
9.305,16.68,0.12,1.27,2.11,7.51,0.31,677
9.322,16.82,0.11,1.21,0.51,11.43,0.00,674
9.335,13.46,0.12,1.13,2.44,10.89,0.00,673
9.355,20.29,0.11,1.15,34.09,11.53,33.08,669
9.405,49.93,0.08,0.53,1.06,11.40,0.23,641
9.422,16.63,0.07,0.62,0.33,11.04,0.00,634
9.439,16.76,0.09,0.93,1.50,11.04,0.20,625
9.456,16.80,0.13,1.16,0.51,9.45,0.00,622
9.472,16.72,0.14,0.89,31.94,9.32,30.89,621
9.506,33.39,0.08,0.53,0.87,9.32,0.09,626
9.523,16.83,0.08,0.55,16.26,16.75,0.00,628
9.540,17.08,0.07,0.73,17.41,9.31,0.36,629
9.558,18.39,0.11,1.18,13.76,9.19,0.00,626
9.573,15.19,0.10,1.10,16.89,9.22,0.30,626
9.591,18.27,0.16,1.11,13.77,9.21,0.00,624
9.607,15.16,0.10,1.11,50.37,9.27,34.46,623
9.673,66.55,0.09,0.62,1.09,9.16,0.12,620
9.690,16.73,0.07,0.76,1.36,9.02,0.12,619
9.707,16.69,0.07,0.78,0.38,9.08,0.00,617
9.723,16.76,0.10,1.13,2.10,8.96,0.31,618
9.740,16.74,0.10,1.13,0.46,9.13,0.00,617
9.757,16.74,0.10,1.09,33.19,9.04,32.21,613
9.807,50.18,0.08,0.52,0.90,9.08,0.10,600
9.824,16.76,0.06,0.60,1.39,8.89,0.12,600
9.841,16.73,0.08,0.77,0.35,8.93,0.00,596
9.857,16.70,0.10,1.07,2.13,8.91,0.28,586
9.874,16.73,0.37,1.45,0.66,8.85,0.00,652
9.891,16.71,0.12,1.49,32.89,13.38,32.04,647
9.941,50.25,0.09,0.52,0.96,13.41,0.09,625
9.958,16.70,0.07,0.71,1.32,13.41,0.10,629
9.974,16.77,0.10,0.80,0.36,13.38,0.00,628
9.991,16.75,0.12,1.12,2.03,13.43,0.23,631
10.008,16.74,0.34,1.25,0.60,13.48,0.00,675
10.025,16.73,0.25,1.18,32.93,13.95,31.99,667
10.075,50.18,0.09,0.58,0.91,13.81,0.10,670
10.092,16.67,0.07,0.69,1.42,13.78,0.12,673
10.108,16.79,0.08,0.79,0.34,13.81,0.00,676
10.125,16.77,0.12,1.25,2.12,13.78,0.30,675
10.142,16.72,0.11,1.28,0.51,13.77,0.00,675
10.158,16.71,0.12,1.24,34.16,13.78,33.20,677
10.209,50.29,0.10,0.55,0.95,13.85,0.11,684
10.225,16.60,0.09,0.88,1.39,13.86,0.12,684
10.242,16.81,0.15,0.82,0.37,13.92,0.00,685
10.259,16.68,0.11,1.27,2.16,13.87,0.30,686
10.276,16.80,0.13,1.34,0.60,13.89,0.00,688
10.292,16.73,0.13,1.27,34.57,11.06,33.56,689
10.343,50.22,0.10,0.60,0.96,11.12,0.11,696
10.359,16.72,0.08,0.65,1.10,11.18,0.11,701
10.376,16.74,0.09,0.89,0.39,11.21,0.00,700
10.393,16.74,0.12,1.34,2.10,11.23,0.30,701
10.410,16.74,0.11,1.34,0.51,11.26,0.00,703
10.426,16.68,0.11,1.33,33.63,11.25,32.64,703
10.463,36.27,0.07,0.53,0.84,11.25,0.11,718
10.476,13.95,0.05,0.45,16.35,17.69,0.00,719
10.494,17.36,0.07,0.62,16.55,11.85,0.21,720
10.511,17.62,0.16,0.73,14.47,11.93,0.00,723
10.527,15.51,0.08,0.93,17.55,12.07,0.38,725
10.546,18.72,0.14,1.58,13.24,11.95,0.00,721
10.561,15.09,0.12,1.39,49.39,12.11,33.98,723
10.628,66.98,0.17,0.72,1.25,12.02,0.12,721
10.644,16.34,0.09,0.88,1.38,12.30,0.12,723
10.661,16.53,0.08,0.88,0.37,12.37,0.00,723
10.677,16.75,0.14,1.31,2.14,12.36,0.30,724
10.694,16.80,0.22,1.22,0.56,12.40,0.00,715
10.711,16.67,0.13,1.28,33.43,12.39,32.45,713
10.761,50.27,0.09,0.56,0.95,12.48,0.11,718
10.778,16.68,0.07,0.62,1.08,12.49,0.10,720
10.795,16.74,0.08,0.86,0.37,12.67,0.00,716
10.811,16.80,0.18,1.19,2.15,12.68,0.31,716
10.828,16.67,0.15,1.28,0.49,12.72,0.00,718
10.845,16.70,0.13,1.32,34.40,12.72,33.44,714
10.882,37.05,0.05,0.46,0.80,12.72,0.09,725
10.895,13.13,0.07,0.47,16.47,23.88,0.00,729
10.912,17.46,0.14,0.69,16.55,13.51,0.27,728
10.930,17.82,0.14,1.17,14.23,13.35,0.00,785
10.946,15.77,0.16,1.65,16.95,17.29,0.62,787
10.965,18.93,0.21,1.71,12.45,17.29,0.00,783
10.979,14.51,0.16,1.70,48.14,15.89,33.37,781
11.030,50.54,0.08,0.61,0.76,15.89,0.08,768
11.046,15.69,0.12,0.67,16.77,27.72,0.11,769
11.063,17.66,0.08,0.78,15.00,12.06,0.00,772
11.079,16.02,0.11,1.03,17.27,12.68,0.36,773
11.098,18.58,0.24,1.59,13.15,13.65,0.00,772
11.113,15.09,0.15,1.58,48.95,16.29,33.67,774
11.179,66.52,0.15,0.70,1.00,16.29,0.12,768
11.196,16.72,0.09,0.98,1.33,10.26,0.12,766
11.213,16.70,0.30,1.53,0.56,13.59,0.00,766
11.230,16.79,0.25,1.53,2.21,13.70,0.36,764
11.246,16.65,0.15,1.67,0.64,13.46,0.00,763
11.263,16.74,0.16,1.66,34.31,14.64,33.30,759
11.313,50.29,0.13,0.74,0.93,14.64,0.11,743
11.330,16.64,0.11,1.14,1.37,15.08,0.13,734
11.347,16.85,0.10,1.08,0.38,8.83,0.00,716
11.364,16.73,0.20,1.45,2.13,7.92,0.31,691
11.380,16.71,0.13,1.64,0.67,9.15,0.00,689
11.397,16.74,0.22,1.50,32.75,10.70,31.89,692
11.433,35.74,0.08,0.60,0.77,10.70,0.07,702
11.447,14.51,0.08,0.58,16.10,20.07,0.00,728
11.464,17.20,0.10,0.84,16.64,5.85,0.20,731
11.482,17.95,0.22,1.01,14.26,8.51,0.00,732
11.498,15.69,0.16,1.72,15.03,11.72,0.11,732
11.515,17.05,0.17,0.62,15.81,11.61,0.00,735
11.532,16.75,0.17,1.75,48.66,11.78,33.93,737
11.583,51.29,0.09,0.61,0.81,11.78,0.09,736
11.598,14.65,0.09,0.62,17.01,20.18,0.11,739
11.616,17.81,0.07,0.79,15.05,11.68,0.00,741
11.632,16.04,0.12,1.62,16.51,11.92,0.35,739
11.650,18.46,0.26,1.56,13.20,11.74,0.00,740
11.665,15.14,0.12,1.54,48.92,11.86,33.31,741
11.732,66.45,0.12,0.85,1.08,11.77,0.11,742
11.748,16.70,0.08,1.04,1.36,11.78,0.11,743
11.765,16.73,0.08,1.44,0.59,11.82,0.00,743
11.782,16.81,0.18,1.50,2.10,11.78,0.31,740
11.799,16.67,0.11,1.54,0.59,11.81,0.00,735
11.816,16.81,0.18,1.49,33.80,11.75,32.85,735
11.866,50.14,0.10,0.69,1.10,11.77,0.11,734
11.882,16.72,0.07,0.62,1.06,11.81,0.09,736
11.899,16.76,0.09,0.83,0.37,11.80,0.00,737
11.916,16.74,0.13,1.21,2.18,11.78,0.27,738
11.933,16.68,0.11,1.24,0.50,11.78,0.00,737
11.948,15.64,0.12,1.63,25.50,11.70,24.32,744
11.976,27.60,0.09,0.52,0.87,11.70,0.08,742
11.983,7.00,0.06,0.45,16.61,12.36,0.00,742
12.000,17.20,0.08,0.65,15.83,7.08,0.00,744
12.017,16.68,0.21,0.92,17.69,9.98,0.42,764
12.036,19.08,0.13,1.23,13.20,10.52,0.00,765
12.050,14.68,0.11,1.33,16.68,12.47,0.40,767
12.069,18.36,0.12,1.21,13.74,12.68,0.00,767
12.084,15.19,0.12,1.26,49.40,12.77,33.67,767
12.136,51.75,0.10,0.50,0.97,12.77,0.12,765
12.150,14.50,0.05,0.48,17.38,22.44,0.17,765
12.168,18.01,0.07,0.65,15.13,6.24,0.00,761
12.184,15.97,0.12,1.18,16.77,7.67,0.38,758
12.202,18.23,0.19,1.25,13.72,12.04,0.00,756
12.218,15.29,0.11,1.28,49.06,12.59,33.68,756
12.268,50.53,0.07,0.50,0.75,12.59,0.06,750
12.284,15.81,0.08,0.54,17.18,21.17,0.11,748
12.302,17.88,0.06,0.68,14.93,11.43,0.00,743
12.318,15.80,0.10,1.25,17.07,11.75,0.37,739
12.336,18.60,0.14,1.18,13.74,12.40,0.00,737
12.351,15.17,0.11,1.22,50.85,12.46,35.22,733
12.418,66.44,0.08,0.55,0.92,12.39,0.11,706
12.435,16.76,0.08,0.77,1.36,12.31,0.13,699
12.451,16.74,0.09,1.22,0.54,10.68,0.00,698
12.468,16.79,0.22,1.06,2.20,10.64,0.31,696
12.485,16.72,0.11,1.17,0.51,10.66,0.00,695
12.502,16.65,0.10,1.15,34.72,10.60,33.69,696
12.552,50.23,0.09,0.52,0.97,10.69,0.10,694
12.569,16.75,0.07,0.67,1.40,10.56,0.12,688
12.585,16.74,0.08,0.75,0.43,10.73,0.00,687
12.602,16.77,0.13,1.16,2.21,10.61,0.30,686
12.619,16.75,0.19,1.06,0.52,10.64,0.00,684
12.636,16.72,0.11,1.15,34.66,10.55,33.70,680
12.686,50.14,0.08,0.51,0.91,10.57,0.10,675
12.702,16.71,0.06,0.67,1.34,10.35,0.12,674
12.719,16.76,0.09,0.70,0.34,10.34,0.00,672
12.736,16.76,0.13,1.13,2.13,10.32,0.30,671
12.753,16.73,0.12,1.14,0.48,10.31,0.00,667
12.769,16.73,0.12,1.10,34.75,10.22,33.78,664
12.820,50.19,0.08,0.50,0.94,10.23,0.11,653
12.836,16.75,0.06,0.64,1.37,10.00,0.13,652
12.853,16.74,0.07,0.78,0.38,10.01,0.00,650
12.870,16.79,0.11,1.15,2.10,9.94,0.30,643
12.887,16.73,0.25,1.11,0.50,10.01,0.00,641
12.907,20.42,0.12,0.78,32.17,9.92,31.17,642
12.953,46.49,0.07,0.38,0.95,10.49,0.10,638
12.970,16.76,0.06,0.45,1.12,10.36,0.09,638
12.987,16.74,0.06,0.38,0.33,10.22,0.00,634
13.004,16.92,0.14,0.83,2.23,10.13,0.30,631
13.020,16.54,0.14,0.94,0.51,10.10,0.00,632
13.037,16.72,0.17,0.86,34.37,10.09,33.37,629
13.087,50.18,0.08,0.39,0.90,10.11,0.09,619
13.104,16.73,0.06,0.47,1.35,9.86,0.12,618
13.121,16.76,0.09,0.66,0.42,9.84,0.00,614
13.138,16.75,0.10,0.85,2.24,9.79,0.31,611
13.151,13.50,0.12,0.77,2.86,9.74,0.00,610
13.167,16.05,0.12,0.81,39.40,9.83,34.84,611
13.221,54.14,0.10,0.40,0.92,9.82,0.10,605
13.238,16.69,0.06,0.56,1.35,9.62,0.12,604
13.255,16.74,0.07,0.62,0.36,9.65,0.00,605
13.271,16.77,0.19,0.80,2.18,9.56,0.32,604
13.288,16.71,0.10,0.87,0.52,9.60,0.00,603
13.305,16.74,0.11,0.84,34.37,9.63,33.44,603
13.355,50.21,0.08,0.39,0.91,9.61,0.09,604
13.372,16.70,0.06,0.51,1.34,9.65,0.13,601
13.389,16.73,0.08,0.57,0.41,9.70,0.00,600
13.405,16.76,0.12,0.85,2.17,9.63,0.31,595
13.422,16.72,0.12,0.85,0.50,9.69,0.00,595
13.439,16.74,0.12,0.83,34.78,9.88,33.81,597
13.489,50.17,0.09,0.51,0.99,9.74,0.18,627
13.506,16.74,0.07,0.78,1.35,13.66,0.12,629
13.522,16.74,0.08,0.83,0.36,13.69,0.00,628
13.539,16.75,0.11,1.19,2.14,13.63,0.31,630
13.556,16.74,0.13,1.29,0.49,13.68,0.00,629
13.573,16.75,0.21,1.14,34.32,13.61,33.23,626
13.623,50.17,0.11,0.53,1.08,13.71,0.11,625
13.640,16.73,0.09,0.86,1.35,13.73,0.12,625
13.656,16.72,0.09,1.13,0.50,13.77,0.00,625
13.673,16.77,0.14,1.21,2.14,13.71,0.31,625
13.690,16.73,0.13,1.28,0.49,13.76,0.00,626
13.707,16.75,0.12,1.18,34.65,13.69,33.64,624
13.744,37.12,0.06,0.45,0.78,13.69,0.10,637
13.757,13.11,0.08,0.55,16.81,21.02,0.00,631
13.775,17.79,0.10,0.65,16.69,11.68,0.21,632
13.792,17.74,0.11,0.85,14.75,13.33,0.00,630
13.808,15.95,0.12,1.10,15.68,13.91,0.11,631
13.825,17.06,0.30,1.31,14.46,13.64,0.00,632
13.842,16.21,0.12,1.37,49.24,13.94,33.70,633
13.904,62.31,0.09,0.52,0.96,13.94,0.11,636
13.924,20.56,0.09,0.80,1.35,12.33,0.12,638
13.941,16.50,0.17,1.24,0.57,11.26,0.00,641
13.958,16.70,0.18,1.22,2.27,11.18,0.31,640
13.974,16.91,0.26,1.20,0.53,11.18,0.00,640
13.991,16.53,0.11,1.13,34.04,11.12,33.08,637
14.041,50.20,0.21,0.65,1.09,11.17,0.12,696
14.058,16.74,0.08,0.88,1.39,11.84,0.12,700
14.075,16.76,0.14,1.26,0.55,11.81,0.00,700
14.091,16.65,0.12,1.20,2.16,11.76,0.31,701
14.107,15.76,0.20,1.61,0.62,11.75,0.00,711
14.125,17.76,0.09,1.66,32.57,12.14,31.49,715
14.160,34.87,0.08,0.55,0.77,12.14,0.07,718
14.175,15.33,0.08,0.56,16.89,19.44,0.00,719
14.193,17.65,0.08,1.07,17.48,11.65,0.32,720
14.212,18.80,0.13,1.35,14.72,11.52,0.17,720
14.228,16.36,0.36,1.20,13.50,12.17,0.00,722
14.243,15.23,0.12,1.31,50.57,12.26,34.90,724
14.296,52.53,0.06,0.47,0.79,12.26,0.08,712
14.309,13.48,0.07,0.55,16.75,22.71,0.00,712
14.327,17.63,0.06,0.63,16.90,7.84,0.22,714
14.345,17.73,0.08,0.88,14.73,12.16,0.00,712
14.360,15.81,0.11,1.31,16.72,12.23,0.31,714
14.379,18.35,0.22,1.24,13.44,12.12,0.00,716
14.394,15.03,0.12,1.28,48.73,12.23,33.11,720
14.460,65.85,0.09,0.56,1.07,12.14,0.09,724
14.476,16.74,0.09,0.87,1.36,12.01,0.12,721
14.493,16.83,0.10,1.25,0.52,12.17,0.00,723
14.510,16.74,0.13,1.22,2.15,12.12,0.31,723
14.527,16.65,0.11,1.22,0.52,12.13,0.00,724
14.543,16.82,0.13,1.33,34.54,12.09,33.71,727
14.593,50.13,0.09,0.59,0.98,12.16,0.10,732
14.610,16.75,0.07,0.69,1.08,12.03,0.10,734
14.627,16.67,0.08,0.87,0.37,12.16,0.00,737
14.644,16.77,0.11,1.27,2.20,12.08,0.31,739
14.660,16.80,0.13,1.26,0.49,12.09,0.00,741
14.677,16.66,0.11,1.23,34.37,12.02,33.43,740
14.727,50.19,0.09,0.55,0.92,12.09,0.10,740
14.744,16.72,0.07,0.77,1.31,12.08,0.12,737
14.761,16.74,0.08,0.83,0.38,11.90,0.00,737
14.778,16.76,0.12,1.20,2.07,11.93,0.32,738
14.794,16.76,0.11,1.20,0.52,11.95,0.00,738
14.811,16.71,0.11,1.17,34.07,11.86,33.11,737
14.861,50.19,0.09,0.59,0.93,11.92,0.10,732
14.878,16.75,0.06,0.81,1.37,11.76,0.12,728
14.895,16.72,0.08,0.78,0.37,11.77,0.00,724
14.912,16.85,0.16,1.15,2.09,11.67,0.31,720
14.928,16.65,0.11,1.22,0.52,11.80,0.00,711
14.945,16.74,0.11,1.22,34.28,11.73,33.31,709
14.995,50.19,0.09,0.53,0.92,11.78,0.09,690
15.012,16.75,0.09,0.62,1.04,9.99,0.10,688
15.029,16.71,0.07,0.90,0.55,10.03,0.00,686
15.045,16.76,0.11,1.11,2.04,10.11,0.30,681
15.062,16.74,0.11,1.10,0.51,10.13,0.00,681
15.079,16.84,0.10,1.06,34.64,10.07,33.68,681
15.129,50.09,0.08,0.53,1.04,10.15,0.19,671
15.146,16.73,0.06,0.67,0.38,10.04,0.00,666
15.162,16.76,0.10,1.14,1.93,10.11,0.32,663
15.179,16.73,0.11,1.10,0.53,10.08,0.00,662
15.196,16.74,0.11,1.08,34.11,10.14,33.16,661
15.246,50.22,0.10,0.51,0.91,10.21,0.10,657
15.263,16.69,0.06,0.62,1.32,10.15,0.12,651
15.280,16.74,0.09,0.98,0.50,10.14,0.00,643
15.296,16.77,0.10,1.11,2.13,10.25,0.30,639
15.313,16.73,0.11,1.12,0.52,10.11,0.00,636
15.330,16.73,0.11,1.01,34.20,10.23,33.23,634
15.380,50.19,0.08,0.50,0.90,10.22,0.09,620
15.397,16.80,0.07,0.67,1.30,10.04,0.12,610
15.413,16.68,0.07,1.00,0.54,10.02,0.00,604
15.430,16.74,0.10,1.08,2.11,10.04,0.31,593
15.447,16.74,0.10,1.07,0.58,9.95,0.00,582
15.464,16.79,0.10,0.71,34.55,9.95,33.58,542
15.514,50.17,0.11,0.38,0.91,9.81,0.10,537
15.531,16.69,0.06,0.35,1.37,9.88,0.13,533
15.547,16.84,0.13,0.75,0.57,9.70,0.00,529
15.568,20.38,0.11,0.76,2.18,9.74,0.31,532
15.581,13.02,0.09,0.68,0.69,10.13,0.00,530
15.598,16.74,0.05,0.38,32.06,10.12,31.05,530
15.631,33.48,0.08,0.36,0.89,10.12,0.10,526
15.648,16.71,0.06,0.35,0.33,10.04,0.00,525
15.665,16.75,0.06,0.44,1.13,6.81,0.16,519
15.681,16.82,0.11,0.62,0.61,9.38,0.00,513
15.698,16.70,0.10,0.74,2.17,9.88,0.31,509
15.715,16.76,0.11,0.74,0.55,9.59,0.00,506
15.733,18.01,0.19,0.78,33.54,9.62,32.59,504
15.768,35.10,0.07,0.37,0.85,9.62,0.07,503
15.782,13.75,0.05,0.26,17.43,17.37,0.00,502
15.799,17.84,0.06,0.51,17.75,9.54,0.31,500
15.818,18.54,0.10,0.69,14.17,9.33,0.00,499
15.833,15.07,0.09,0.75,17.20,9.38,0.30,495
15.851,18.24,0.13,0.70,14.25,9.20,0.00,493
15.867,15.19,0.14,0.66,50.38,9.21,34.11,493
15.932,65.77,0.14,0.61,1.47,9.16,0.54,573
15.949,16.69,0.07,0.67,1.33,13.52,0.12,573
15.966,16.80,0.12,1.11,0.45,13.49,0.00,573
15.983,16.70,0.12,1.05,2.11,13.47,0.30,572
15.999,16.73,0.13,1.18,0.50,13.52,0.00,571
16.016,16.74,0.12,1.07,34.71,13.74,33.76,570
16.053,37.14,0.13,0.44,0.76,13.74,0.08,623
16.066,13.22,0.07,0.53,16.93,26.24,0.00,625
16.084,17.89,0.16,0.62,16.67,12.74,0.21,623
16.102,17.79,0.09,0.86,14.39,14.02,0.00,628
16.118,15.57,0.13,1.25,16.85,14.85,0.31,632
16.136,18.39,0.22,1.32,13.38,14.85,0.00,633
16.151,15.04,0.26,1.25,50.09,14.82,34.66,637
16.217,65.85,0.12,0.57,1.01,14.69,0.10,649
16.234,17.60,0.17,0.80,1.30,14.78,0.14,649
16.250,15.99,0.15,0.79,0.38,14.78,0.00,648
16.267,16.54,0.13,1.22,2.17,11.01,0.30,650
16.284,16.73,0.13,1.26,0.48,12.68,0.00,652
16.301,16.82,0.17,1.17,34.31,12.07,33.33,654
16.351,50.14,0.12,0.58,0.95,14.87,0.10,663
16.367,16.69,0.07,0.80,1.32,12.14,0.13,665
16.384,16.74,0.09,0.83,0.37,12.20,0.00,665
16.401,16.81,0.11,1.24,2.16,12.14,0.33,666
16.418,16.68,0.11,1.27,0.50,12.21,0.00,668
16.434,16.73,0.12,1.22,33.31,12.26,32.36,673
16.485,50.19,0.12,0.59,0.93,12.25,0.10,683
16.501,16.73,0.07,0.79,1.41,12.51,0.12,684
16.518,16.75,0.08,0.77,0.41,12.40,0.00,684
16.535,16.78,0.12,1.27,2.23,12.34,0.32,691
16.552,16.78,0.15,1.19,0.58,12.42,0.00,693
16.568,16.67,0.11,1.14,34.66,12.40,33.67,695
16.618,50.26,0.09,0.58,0.96,12.46,0.12,698
16.635,16.74,0.12,0.95,1.44,12.52,0.14,701
16.652,16.72,0.11,1.23,0.55,12.57,0.00,702
16.669,16.76,0.14,1.24,2.19,12.70,0.31,705
16.685,16.75,0.25,1.17,0.53,12.60,0.00,707
16.702,16.73,0.13,1.22,33.61,12.58,32.55,704
16.752,50.13,0.09,0.58,1.06,12.65,0.11,706
16.769,16.74,0.08,0.79,1.29,12.72,0.13,703
16.786,16.78,0.08,1.17,0.54,12.69,0.00,700
16.803,16.72,0.12,1.17,2.12,12.65,0.31,701
16.819,16.84,0.18,1.13,0.50,12.68,0.00,697
16.836,16.65,0.12,1.16,34.07,12.62,33.05,696
16.886,50.17,0.10,0.54,0.93,12.74,0.10,690
16.903,16.74,0.08,0.75,1.31,12.78,0.13,685
16.920,16.73,0.07,0.76,0.40,12.82,0.00,681
16.936,16.75,0.11,1.11,2.15,12.78,0.31,685
16.953,16.74,0.13,1.19,0.49,12.84,0.00,680
16.970,16.74,0.11,1.05,34.14,12.93,33.19,678
17.020,50.19,0.10,0.52,0.90,12.88,0.10,666
17.037,16.74,0.07,0.74,1.34,13.06,0.13,663
17.054,16.75,0.09,0.73,0.38,12.99,0.00,661
17.074,20.51,0.12,1.10,2.07,13.10,0.31,674
17.087,13.04,0.12,1.10,0.60,13.10,0.00,672
17.104,16.71,0.12,1.27,33.01,15.37,31.99,668
17.154,50.14,0.09,0.49,0.95,13.50,0.11,645
17.171,16.73,0.06,0.61,1.07,13.58,0.10,643
17.187,16.75,0.08,0.60,0.40,13.41,0.00,640
17.201,13.44,0.09,0.72,4.48,13.45,0.20,636
17.217,16.38,0.11,1.00,3.72,13.25,0.00,629
17.238,20.39,0.14,1.09,33.78,13.37,32.89,630
17.288,50.28,0.09,0.49,1.00,13.23,0.10,627
17.305,16.70,0.09,0.60,1.02,13.33,0.08,622
17.321,16.74,0.07,0.97,0.53,13.33,0.00,621
17.338,16.75,0.10,1.09,2.04,13.31,0.24,650
17.355,16.77,0.20,1.07,0.51,13.29,0.00,648
17.372,16.72,0.12,1.07,34.19,13.17,33.25,646
17.422,50.10,0.09,0.53,0.91,13.20,0.10,621
17.438,16.72,0.05,0.69,1.31,12.89,0.13,618
17.455,16.76,0.08,0.80,0.41,9.77,0.00,617
17.472,16.80,0.11,1.00,2.05,9.84,0.31,613
17.489,16.74,0.11,1.16,0.62,9.73,0.00,613
17.505,16.72,0.12,0.97,35.07,9.63,34.11,611
17.544,38.19,0.07,0.39,0.77,9.63,0.09,618
17.556,12.00,0.05,0.38,17.09,16.82,0.00,618
17.574,18.40,0.06,0.58,16.46,10.06,0.21,617
17.592,18.07,0.09,0.69,13.61,10.01,0.00,618
17.607,15.09,0.14,0.47,16.05,10.12,0.11,617
17.624,17.10,0.05,0.37,15.23,9.89,0.00,617
17.641,16.49,0.11,0.97,59.13,9.86,26.46,613
17.706,65.46,0.07,0.55,1.04,9.86,0.09,606
17.723,16.69,0.08,0.70,17.65,14.90,0.09,604
17.742,18.64,0.14,0.46,15.12,13.85,0.00,601
17.757,15.81,0.05,0.42,33.75,14.35,0.13,600
17.792,35.03,0.11,0.41,43.86,17.10,28.30,591
17.838,45.23,0.10,0.59,3.46,17.10,0.12,591
17.857,19.19,0.08,0.44,18.92,15.21,0.18,585
17.877,19.67,0.12,1.12,13.73,9.83,0.00,581
17.892,15.09,0.10,0.94,32.44,9.99,0.13,580
17.941,48.92,0.09,0.57,33.77,9.96,32.73,568
17.991,50.26,0.10,0.45,1.07,10.01,0.18,564
18.008,16.74,0.09,0.49,17.35,9.95,0.00,559
18.026,18.05,0.09,0.72,17.42,9.82,0.30,556
18.044,18.39,0.25,0.65,13.63,9.79,0.00,550
18.059,14.62,0.17,0.53,50.72,9.93,34.07,653
18.125,66.03,0.08,0.49,1.14,10.69,0.12,645
18.141,16.76,0.07,0.60,1.37,10.63,0.12,642
18.158,16.73,0.07,0.58,0.46,10.65,0.00,636
18.175,16.72,0.12,0.58,1.46,10.66,0.20,632
18.192,16.74,0.07,0.55,0.43,10.48,0.00,629
18.208,16.73,0.08,0.59,34.28,10.55,33.17,629
18.259,50.22,0.10,0.47,1.12,10.56,0.11,626
18.275,16.72,0.07,0.60,1.36,10.37,0.12,626
18.292,16.75,0.10,0.80,0.56,10.28,0.00,622
18.309,16.73,0.12,0.79,2.19,10.30,0.30,620
18.326,16.74,0.10,0.81,0.53,10.18,0.00,618
18.342,16.73,0.10,0.82,35.78,10.21,34.51,615
18.392,50.19,0.10,0.47,1.17,10.10,0.11,609
18.409,16.74,0.07,0.53,1.35,9.94,0.12,606
18.426,16.75,0.10,0.80,0.60,9.91,0.00,582
18.443,16.73,0.11,0.81,2.12,9.89,0.31,579
18.459,16.72,0.10,0.83,0.57,9.74,0.00,573
18.476,16.76,0.10,0.75,34.75,9.81,33.52,572
18.524,47.95,0.08,0.36,1.04,9.67,0.11,580
18.543,18.97,0.18,0.51,1.18,10.18,0.12,582
18.560,16.74,0.08,0.62,0.49,10.02,0.00,582
18.577,16.78,0.11,0.82,2.15,10.15,0.31,580
18.593,16.75,0.16,0.77,0.61,9.92,0.00,577
18.610,16.70,0.12,0.83,35.81,10.00,34.57,575
18.660,50.22,0.12,0.48,1.16,9.88,0.14,572
18.677,16.73,0.07,0.60,1.36,9.80,0.12,571
18.694,16.71,0.07,0.60,0.43,9.80,0.00,569
18.707,13.61,0.10,0.74,4.82,9.67,0.31,568
18.724,16.23,0.10,0.78,3.86,9.65,0.00,567
18.744,20.38,0.11,0.82,33.28,9.75,32.30,563
18.778,34.29,0.06,0.33,0.78,9.75,0.07,559
18.794,15.94,0.06,0.36,17.10,18.24,0.00,558
18.812,17.63,0.07,0.50,17.87,9.83,0.31,559
18.830,18.57,0.14,0.54,15.56,9.61,0.17,556
18.847,16.47,0.10,0.95,14.05,9.55,0.00,555
18.862,15.20,0.08,0.73,50.72,9.66,34.32,552
18.928,65.98,0.07,0.38,0.91,9.57,0.10,556
18.945,16.77,0.09,0.58,1.34,9.59,0.13,556
18.961,16.72,0.09,0.57,0.47,9.57,0.00,553
18.978,16.76,0.12,0.83,2.13,9.74,0.31,555
18.995,16.73,0.11,0.80,0.59,9.62,0.00,555
19.012,16.75,0.15,0.74,33.47,9.74,32.64,554
19.062,50.18,0.08,0.37,0.98,9.62,0.09,550
19.079,16.74,0.06,0.56,1.32,9.79,0.12,550
19.095,16.75,0.07,0.74,0.50,9.85,0.00,552
19.112,16.82,0.09,0.80,2.09,9.95,0.32,553
19.128,15.69,0.10,0.77,0.59,9.82,0.00,561
19.146,17.70,0.10,0.56,32.55,10.39,31.54,562
19.179,33.83,0.09,0.38,0.95,10.39,0.11,557
19.196,16.41,0.06,0.40,17.10,18.49,0.00,555
19.213,17.68,0.07,0.60,17.81,10.19,0.31,551
19.235,21.22,0.14,0.83,11.27,10.03,0.00,556
19.248,12.98,0.11,0.92,15.03,10.66,0.11,552
19.264,16.69,0.07,0.40,15.67,10.55,0.00,551
19.282,17.19,0.13,0.84,48.31,10.70,33.37,545
19.346,64.82,0.08,0.39,0.94,10.59,0.09,542
19.364,17.50,0.07,0.60,1.33,10.52,0.17,542
19.380,16.15,0.06,0.53,0.38,10.49,0.00,542
19.397,16.57,0.11,0.85,2.16,10.29,0.31,542
19.413,16.73,0.09,0.89,0.53,10.22,0.00,542
19.430,16.73,0.11,0.83,34.16,10.05,33.11,539
19.480,50.23,0.09,0.49,1.10,10.01,0.11,539
19.497,16.70,0.07,0.62,1.30,9.90,0.13,538
19.514,16.74,0.06,0.78,0.50,9.95,0.00,539
19.531,16.77,0.11,0.84,2.11,9.96,0.30,540
19.547,16.72,0.11,0.84,0.54,9.93,0.00,538
19.564,16.75,0.10,0.83,34.38,10.07,33.44,537
19.614,50.12,0.08,0.41,0.95,9.90,0.10,533
19.631,16.79,0.05,0.54,1.30,9.74,0.12,533
19.648,16.78,0.07,0.64,0.41,9.68,0.00,533
19.664,16.74,0.12,0.85,2.12,9.56,0.31,533
19.681,16.74,0.13,0.82,0.50,9.53,0.00,531
19.698,16.72,0.10,0.89,34.26,9.51,33.30,531
19.748,50.22,0.07,0.40,0.92,9.44,0.10,527
19.765,16.71,0.07,0.57,1.36,9.39,0.12,525
19.781,16.67,0.06,0.58,0.37,9.42,0.00,524
19.798,16.83,0.11,0.84,2.08,9.35,0.29,523
19.815,16.73,0.10,0.85,0.50,9.38,0.00,522
19.832,16.74,0.07,0.84,34.90,9.30,33.93,521
19.882,50.20,0.05,0.42,0.91,9.30,0.09,514
19.899,16.71,0.05,0.55,1.34,9.36,0.11,515
19.915,16.74,0.04,0.55,0.34,9.39,0.00,508
19.932,16.82,0.08,0.83,2.09,9.26,0.24,508
19.949,16.74,0.08,0.84,0.48,9.30,0.00,507
19.966,16.76,0.06,0.81,35.02,9.21,34.00,505
20.016,50.13,0.05,0.40,0.93,9.24,0.09,500
20.033,16.73,0.04,0.47,1.36,9.04,0.12,499
20.049,16.76,0.04,0.49,0.36,9.06,0.00,499
20.066,16.75,0.30,0.72,2.09,8.98,0.31,540
20.083,16.76,0.06,0.78,0.50,9.42,0.00,540
20.100,16.73,0.13,0.80,34.37,9.35,33.41,541
20.150,50.16,0.09,0.51,1.07,9.40,0.19,592
20.167,16.83,0.08,0.81,1.36,13.30,0.12,599
20.183,16.66,0.08,0.75,0.36,13.34,0.00,599
20.200,16.76,0.12,1.13,2.21,13.30,0.30,597
20.217,16.74,0.12,1.05,0.49,13.27,0.00,596
20.233,16.73,0.12,1.06,34.56,13.25,33.61,595
20.284,50.12,0.09,0.52,0.92,13.29,0.11,592
20.300,16.76,0.06,0.53,1.08,13.29,0.10,592
20.315,15.04,0.08,0.77,1.25,13.32,0.00,602
20.334,18.51,0.12,1.11,1.60,13.93,0.20,605
20.351,16.72,0.08,0.79,0.41,13.91,0.00,605
20.367,16.77,0.23,1.19,30.32,13.85,29.19,606
20.401,33.48,0.08,0.42,0.87,13.85,0.09,604
20.418,16.71,0.05,0.39,16.82,21.73,0.00,604
20.435,17.35,0.07,0.76,17.16,12.02,0.39,603
20.453,18.16,0.16,1.24,13.70,13.49,0.00,605
20.468,15.21,0.10,1.15,17.14,14.08,0.41,605
20.488,19.79,0.13,1.14,12.36,13.59,0.00,605
20.502,14.19,0.10,1.06,49.17,14.06,33.99,604
20.568,65.91,0.08,0.53,0.96,14.04,0.10,604
20.585,16.78,0.08,0.76,1.39,11.40,0.12,604
20.602,16.66,0.11,1.17,0.52,11.44,0.00,603
20.618,16.78,0.11,1.10,2.15,11.37,0.30,604
20.634,15.78,0.11,1.41,0.62,11.44,0.00,615
20.652,17.73,0.10,0.90,31.17,12.00,30.20,615
20.685,33.44,0.08,0.51,0.86,12.00,0.11,616
20.702,16.70,0.08,0.51,0.34,12.11,0.00,616
20.719,16.70,0.08,0.62,1.45,12.47,0.16,613
20.736,16.83,0.07,0.76,0.46,7.66,0.00,610
20.752,16.73,0.10,1.20,2.23,9.36,0.31,611
20.769,16.72,0.11,1.22,0.59,11.77,0.00,611
20.787,17.88,0.10,1.44,31.97,12.13,31.03,608
20.821,33.92,0.07,0.56,0.80,12.13,0.12,660
20.836,15.18,0.10,0.65,16.22,21.35,0.00,659
20.853,17.05,0.07,0.73,17.01,13.09,0.22,661
20.871,17.94,0.12,1.27,14.75,12.69,0.00,661
20.887,16.28,0.11,1.53,15.99,13.40,0.37,661
20.905,17.82,0.28,1.48,13.24,14.18,0.00,661
20.920,15.12,0.11,1.45,49.95,16.09,34.56,662
20.987,66.41,0.11,0.65,0.91,16.09,0.12,663
21.003,16.70,0.07,0.94,1.34,15.74,0.12,661
21.020,16.73,0.09,1.01,0.38,10.49,0.00,665
21.037,16.74,0.11,1.52,2.17,11.81,0.37,665
21.054,16.76,0.16,1.57,0.55,14.02,0.00,663
21.070,16.73,0.12,1.49,33.77,15.79,32.82,663
21.107,36.83,0.06,0.55,0.77,15.79,0.08,677
21.121,13.45,0.07,0.64,16.04,24.10,0.00,680
21.138,17.14,0.08,0.80,16.81,11.26,0.26,680
21.156,18.06,0.09,1.07,14.28,13.80,0.00,682
21.171,15.64,0.15,1.49,16.75,14.23,0.32,684
21.190,18.63,0.20,1.61,12.96,14.23,0.00,685
21.205,14.99,0.13,1.63,48.49,14.98,33.62,686
21.255,50.32,0.06,0.57,0.80,14.98,0.07,692
21.271,15.82,0.09,0.65,16.77,28.35,0.11,696
21.289,17.68,0.08,0.83,15.38,7.59,0.00,698
21.306,17.49,0.10,1.01,16.00,9.51,0.41,699
21.325,18.12,0.11,1.50,12.42,10.96,0.00,700
21.339,14.49,0.12,1.49,48.54,13.53,33.67,703
21.389,50.22,0.07,0.56,0.75,13.53,0.06,707
21.405,15.85,0.08,0.68,16.80,24.53,0.11,709
21.423,17.68,0.07,0.78,15.47,7.20,0.00,711
21.439,16.42,0.08,1.03,17.20,9.21,0.39,709
21.458,18.46,0.31,1.52,13.05,12.38,0.00,710
21.473,15.01,0.11,1.56,49.78,13.58,34.57,710
21.539,66.26,0.10,0.67,0.91,13.56,0.12,709
21.556,16.77,0.06,0.94,1.38,13.71,0.12,707
21.572,16.76,0.11,1.04,0.41,13.77,0.00,707
21.589,16.68,0.11,1.54,2.21,13.75,0.35,706
21.606,16.82,0.11,1.55,0.58,13.78,0.00,705
21.623,16.75,0.19,1.48,34.11,13.77,33.13,701
21.673,50.22,0.10,0.69,0.88,13.88,0.11,699
21.690,16.71,0.08,1.02,1.41,12.39,0.13,700
21.706,16.73,0.18,1.10,0.45,12.40,0.00,699
21.723,16.80,0.11,1.56,2.21,12.35,0.33,699
21.740,16.69,0.28,1.45,0.61,12.34,0.00,699
21.757,16.69,0.13,1.55,34.18,12.32,33.18,702
21.807,50.23,0.07,0.64,0.94,12.49,0.11,698
21.823,16.73,0.06,0.94,1.34,12.49,0.12,698
21.840,16.75,0.08,0.93,0.39,12.53,0.00,695
21.857,16.78,0.11,1.45,2.23,12.49,0.37,696
21.874,16.68,0.12,1.48,0.56,12.56,0.00,693
21.890,16.77,0.11,1.39,34.47,12.49,33.48,695
21.941,50.18,0.08,0.61,0.94,12.64,0.11,691
21.957,16.68,0.13,0.89,1.39,12.41,0.12,690
21.974,16.72,0.07,0.99,0.37,12.42,0.00,689
21.991,16.83,0.10,1.37,2.17,12.36,0.30,687
22.008,16.72,0.10,1.44,0.62,12.38,0.00,687
22.024,16.73,0.10,1.32,33.06,12.36,32.05,688
22.075,50.20,0.16,0.63,0.89,12.54,0.10,709
22.091,16.74,0.07,0.88,1.38,13.32,0.12,709
22.108,16.75,0.07,0.97,0.35,13.40,0.00,707
22.125,16.74,0.10,1.10,2.11,13.37,0.30,706
22.142,16.75,0.10,1.26,0.53,13.42,0.00,706
22.158,16.68,0.11,1.10,34.24,13.33,33.15,706
22.208,50.25,0.08,0.50,0.92,13.41,0.10,699
22.225,16.69,0.06,0.65,1.39,13.10,0.12,698
22.242,16.74,0.08,0.75,0.45,13.12,0.00,696
22.259,16.82,0.11,1.10,2.16,13.03,0.30,695
22.275,16.68,0.10,1.16,0.55,13.05,0.00,691
22.292,16.79,0.20,1.06,34.60,13.05,33.61,689
22.342,50.17,0.11,0.47,0.90,13.27,0.10,679
22.359,16.79,0.06,0.69,1.35,11.71,0.12,678
22.376,16.65,0.07,0.76,0.37,11.75,0.00,678
22.393,16.81,0.12,1.09,2.06,11.60,0.30,677
22.409,16.74,0.12,1.12,0.50,11.57,0.00,676
22.426,16.72,0.11,1.09,35.39,11.40,34.33,668
22.476,50.21,0.09,0.57,1.10,11.50,0.12,663
22.493,16.78,0.07,0.69,1.39,11.15,0.12,661
22.510,16.72,0.07,0.69,0.41,11.17,0.00,661
22.526,16.68,0.07,0.95,1.44,11.13,0.20,658
22.543,16.75,0.10,1.19,0.50,11.11,0.00,655
22.560,16.79,0.11,1.08,34.58,11.07,33.62,649
22.610,50.18,0.08,0.47,0.93,11.14,0.10,638
22.627,16.74,0.06,0.62,1.33,11.04,0.12,637
22.644,16.74,0.07,0.75,0.40,11.01,0.00,634
22.660,16.76,0.11,1.04,2.10,10.89,0.30,629
22.677,16.73,0.11,1.06,0.48,10.86,0.00,627
22.694,16.74,0.11,1.09,33.35,10.72,32.48,625
22.744,50.19,0.08,0.48,0.99,10.68,0.11,615
22.761,16.73,0.06,0.60,1.34,10.56,0.12,611
22.778,16.75,0.07,0.71,0.34,10.56,0.00,607
22.794,16.75,0.10,0.82,2.11,10.48,0.30,588
22.814,20.14,0.11,0.75,32.56,10.38,31.54,596
22.861,46.80,0.10,0.50,1.02,10.91,0.18,649
22.878,16.73,0.09,0.86,0.42,14.77,0.00,649
22.895,16.68,0.12,0.45,0.87,14.69,0.12,649
22.911,16.78,0.15,1.19,0.52,14.68,0.00,645
22.928,16.78,0.14,1.25,2.23,14.60,0.33,638
22.945,16.68,0.15,1.24,33.61,14.61,32.68,639
22.981,35.77,0.08,0.47,0.89,14.61,0.09,635
22.995,14.43,0.10,0.48,16.41,22.23,0.00,635
23.012,17.14,0.06,0.59,17.08,11.32,0.22,633
23.030,17.86,0.16,1.19,14.39,13.48,0.00,633
23.046,15.88,0.11,1.17,16.66,14.01,0.30,630
23.064,18.17,0.24,1.13,13.75,13.67,0.00,629
23.079,15.24,0.11,1.19,50.79,14.27,35.07,626
23.146,66.42,0.12,0.54,0.98,14.37,0.13,623
23.162,16.71,0.07,0.80,1.38,14.38,0.12,622
23.179,16.72,0.08,0.84,0.36,14.43,0.00,621
23.196,16.70,0.13,1.18,2.16,14.39,0.30,619
23.213,16.82,0.22,1.11,0.46,11.59,0.00,618
23.229,16.70,0.21,1.09,33.45,14.23,32.39,617
23.280,50.14,0.12,0.66,1.08,14.62,0.12,616
23.296,16.83,0.08,0.81,1.43,11.78,0.13,616
23.313,16.68,0.08,1.07,0.55,11.86,0.00,615
23.330,16.75,0.12,1.21,2.15,11.85,0.30,614
23.347,16.67,0.11,1.21,0.49,11.90,0.00,611
23.363,16.80,0.14,1.21,33.79,11.92,32.79,614
23.414,50.26,0.10,0.66,1.10,12.13,0.12,615
23.430,16.66,0.07,0.79,1.36,12.16,0.12,616
23.447,16.73,0.07,0.78,0.35,12.22,0.00,616
23.464,16.76,0.11,1.12,2.14,12.19,0.31,616
23.479,15.62,0.12,1.39,0.55,12.25,0.00,631
23.497,17.87,0.24,1.41,30.46,13.10,29.40,629
23.531,33.38,0.07,0.46,0.82,13.10,0.09,633
23.547,16.79,0.08,0.56,0.30,13.15,0.00,632
23.564,16.74,0.06,0.67,1.01,15.82,0.14,634
23.581,16.74,0.17,0.81,0.49,6.98,0.00,637
23.598,16.76,0.12,1.25,2.23,7.32,0.31,638
23.611,13.61,0.13,1.14,3.01,8.97,0.00,645
23.632,20.26,0.12,1.16,33.14,13.21,32.28,645
23.681,49.76,0.08,0.52,0.94,12.95,0.09,651
23.698,16.74,0.06,0.83,1.37,12.73,0.12,652
23.715,16.77,0.08,1.19,0.52,12.69,0.00,656
23.735,20.41,0.11,1.07,1.52,12.63,0.21,665
23.748,13.05,0.14,1.28,0.58,12.63,0.00,666
23.765,16.75,0.06,0.46,33.44,13.98,32.37,670
23.799,34.35,0.08,0.51,0.88,13.98,0.11,674
23.815,15.83,0.07,0.59,16.90,23.47,0.00,678
23.833,17.71,0.08,0.84,17.71,12.95,0.45,681
23.852,18.87,0.13,1.44,13.15,12.74,0.00,679
23.867,14.83,0.11,1.30,16.70,12.68,0.30,680
23.885,18.30,0.22,1.67,13.10,12.53,0.00,763
23.900,15.15,0.15,1.69,46.02,17.20,30.68,765
23.949,49.00,0.12,0.78,0.96,17.20,0.11,761
23.966,16.74,0.13,1.11,18.18,27.84,0.18,762
23.985,19.59,0.13,1.11,13.81,10.53,0.00,764
24.001,15.17,0.16,1.75,16.14,12.12,0.33,767
24.019,18.28,0.26,1.65,12.94,13.27,0.00,769
24.034,14.96,0.16,1.91,50.18,15.00,35.30,770
24.087,53.16,0.21,0.80,0.83,15.00,0.08,810
24.100,12.73,0.09,0.71,17.63,23.77,0.12,810
24.118,18.53,0.11,0.93,14.57,12.31,0.00,810
24.134,15.69,0.11,1.25,17.01,13.50,0.31,811
24.152,18.52,0.16,1.78,13.16,13.50,0.00,809
24.168,15.23,0.16,1.77,50.13,14.34,34.87,809
24.230,61.94,0.13,0.73,0.97,14.34,0.11,807
24.250,20.71,0.14,1.26,1.39,19.47,0.12,804
24.267,16.74,0.12,1.17,0.38,9.07,0.00,804
24.284,16.73,0.17,1.75,2.16,9.78,0.30,802
24.301,16.75,0.24,1.68,0.52,11.86,0.00,802
24.317,16.65,0.16,1.70,32.97,12.67,32.10,801
24.369,52.15,0.12,0.82,1.01,14.41,0.10,810
24.380,10.93,0.10,0.88,4.69,13.78,0.09,810
24.401,20.60,0.12,1.27,0.45,13.72,0.00,811
24.418,16.80,0.17,1.17,1.59,13.73,0.21,807
24.434,16.76,0.18,1.84,0.56,13.74,0.00,808
24.451,16.78,0.32,1.86,32.59,13.76,31.70,807
24.501,50.08,0.13,0.78,1.03,13.81,0.09,807
24.518,16.70,0.10,1.16,1.39,13.89,0.13,805
24.535,16.74,0.12,1.90,0.64,13.87,0.00,805
24.551,16.78,0.17,1.87,2.22,13.84,0.33,806
24.568,16.75,0.15,1.77,0.75,13.85,0.00,805
24.586,17.96,0.16,1.86,32.91,13.80,31.89,804
24.622,35.59,0.11,0.75,0.83,13.80,0.08,799
24.635,13.37,0.10,0.74,16.78,24.98,0.00,798
24.653,17.72,0.08,0.83,17.52,7.90,0.32,798
24.671,18.54,0.15,1.10,13.76,7.90,0.00,797
24.687,15.13,0.14,1.74,16.26,11.49,0.31,796
24.705,18.29,0.17,1.80,13.06,13.81,0.00,796
24.720,15.15,0.12,1.75,49.62,13.91,34.42,795
24.786,65.75,0.11,0.75,0.90,13.78,0.11,788
24.802,16.68,0.07,1.05,1.37,13.81,0.12,788
24.819,16.75,0.08,1.14,0.38,13.85,0.00,788
24.836,16.76,0.12,1.32,2.17,13.77,0.31,787
24.853,16.73,0.12,1.41,0.49,13.83,0.00,787
24.869,16.75,0.16,1.36,33.01,13.76,32.18,786
24.920,50.24,0.09,0.59,0.93,13.97,0.10,782
24.936,16.67,0.07,0.81,1.30,13.86,0.12,780
24.953,16.74,0.09,0.90,0.39,13.88,0.00,778
24.970,16.84,0.14,1.30,2.15,13.96,0.31,774
24.987,16.68,0.16,1.41,0.53,13.86,0.00,775
25.003,16.76,0.14,1.32,32.99,13.90,32.18,772
25.053,50.13,0.09,0.58,0.95,14.00,0.10,762
25.070,16.72,0.09,0.89,1.32,13.86,0.12,759
25.087,16.85,0.13,0.81,0.38,13.90,0.00,758
25.104,16.64,0.12,1.23,2.14,13.85,0.30,756
25.120,16.80,0.13,1.38,0.50,13.88,0.00,749
25.137,16.74,0.25,1.18,33.05,13.91,32.23,746
25.187,50.18,0.09,0.57,0.99,13.98,0.09,729
25.204,16.74,0.07,0.85,1.33,13.83,0.12,721
25.221,16.71,0.09,1.17,0.52,13.85,0.00,717
25.238,16.74,0.13,1.22,2.14,13.76,0.30,714
25.254,16.78,0.13,1.30,0.49,13.88,0.00,706
25.271,16.77,0.19,1.17,33.22,13.81,32.40,701
25.321,50.17,0.09,0.56,1.02,13.85,0.10,684
25.338,16.73,0.07,0.79,1.37,13.57,0.12,676
25.355,16.75,0.13,1.51,0.59,13.58,0.00,713
25.372,16.75,0.15,1.54,2.49,17.45,0.55,706
25.388,16.72,0.17,1.50,0.49,17.45,0.00,702
25.405,16.72,0.21,1.45,32.87,13.91,32.05,702
25.455,50.22,0.11,0.66,1.01,10.99,0.11,695
25.472,16.72,0.10,1.02,1.39,14.45,0.12,694
25.489,16.73,0.16,1.50,0.51,14.47,0.00,699
25.505,16.78,0.20,1.45,2.23,14.54,0.31,696
25.522,16.72,0.17,1.49,0.53,14.54,0.00,698
25.539,16.73,0.16,1.48,33.85,10.12,32.87,700
25.589,50.16,0.12,0.85,1.12,13.46,0.12,697
25.606,16.78,0.10,0.86,1.05,14.40,0.10,697
25.623,16.73,0.12,1.03,0.40,14.51,0.00,690
25.639,16.73,0.26,1.43,2.19,14.44,0.30,689
25.656,16.73,0.26,1.40,0.55,14.44,0.00,689
25.673,16.73,0.16,1.47,34.32,14.41,33.33,693
25.723,50.23,0.11,0.69,1.00,14.48,0.14,695
25.740,16.69,0.09,1.00,1.36,14.47,0.13,692
25.756,16.72,0.13,1.08,0.40,14.47,0.00,690
25.773,16.79,0.15,1.49,2.25,11.68,0.31,687
25.790,16.73,0.14,1.49,0.51,11.67,0.00,685
25.807,16.74,0.14,1.50,34.48,11.62,33.48,683
25.857,50.20,0.10,0.58,0.95,11.72,0.10,665
25.874,16.72,0.07,0.78,1.36,11.73,0.12,670
25.890,16.77,0.11,0.80,0.36,11.79,0.00,672
25.907,16.71,0.14,1.19,2.18,11.74,0.31,673
25.924,16.75,0.12,1.17,0.53,11.79,0.00,672
25.941,16.72,0.21,1.11,34.62,11.75,33.67,669
25.991,50.19,0.11,0.57,0.95,11.83,0.10,674
26.007,16.73,0.07,0.78,1.35,11.93,0.12,674
26.024,16.75,0.10,0.78,0.40,12.00,0.00,675
26.044,20.27,0.13,1.12,2.18,11.95,0.30,688
26.058,13.17,0.13,1.09,0.66,11.95,0.00,688
26.074,16.76,0.09,0.41,31.52,13.18,30.51,688
26.108,33.41,0.18,0.47,0.86,13.18,0.10,738
26.125,16.81,0.08,0.52,0.32,12.38,0.00,736
26.141,16.73,0.09,0.68,1.24,21.75,0.17,736
26.158,16.70,0.12,0.87,0.52,7.48,0.00,740
26.175,16.79,0.15,1.25,2.17,7.48,0.31,740
26.192,16.72,0.15,1.26,0.53,10.74,0.00,740
26.209,17.78,0.44,1.25,32.55,13.09,31.51,742
26.244,34.64,0.07,0.49,0.81,13.09,0.07,741
26.258,14.50,0.07,0.53,16.94,22.55,0.00,743
26.276,17.63,0.06,0.59,17.67,8.01,0.31,743
26.295,18.48,0.09,0.85,14.22,11.34,0.00,742
26.310,15.27,0.11,1.29,16.79,12.99,0.31,743
26.328,18.43,0.12,1.18,13.57,13.07,0.00,745
26.343,14.99,0.12,1.29,50.62,13.14,35.05,746
26.409,65.85,0.10,0.67,1.10,13.15,0.12,745
26.426,16.71,0.08,0.88,1.38,12.92,0.12,747
26.443,16.73,0.08,1.16,0.48,12.94,0.00,747
26.459,16.77,0.17,1.15,2.14,12.85,0.31,748
26.476,16.72,0.15,1.28,0.51,12.85,0.00,751
26.493,16.67,0.12,1.21,34.54,12.90,33.58,751
26.530,36.99,0.06,0.46,0.81,12.90,0.11,761
26.543,13.30,0.09,0.56,16.82,23.14,0.00,764
26.561,17.90,0.12,0.68,16.73,6.91,0.21,763
26.579,18.01,0.09,0.82,15.90,8.51,0.18,763
26.596,17.05,0.21,1.29,13.61,12.16,0.00,764
26.611,15.30,0.14,1.43,14.78,13.29,0.00,762
26.628,16.49,0.12,1.35,48.54,13.25,33.21,762
26.678,50.54,0.06,0.47,0.75,13.25,0.06,761
26.694,15.27,0.07,0.55,17.73,21.50,0.11,761
26.712,18.46,0.07,0.68,15.13,11.53,0.00,759
26.728,15.96,0.08,0.81,17.44,12.25,0.31,759
26.747,18.57,0.13,1.22,48.86,12.83,34.77,758
26.811,64.15,0.09,0.54,1.07,12.78,0.11,750
26.827,16.69,0.10,0.87,1.36,12.44,0.12,740
26.844,16.72,0.09,1.10,0.50,12.39,0.00,735
26.861,16.75,0.12,1.25,2.18,12.43,0.31,732
26.878,16.77,0.15,1.20,0.59,10.81,0.00,732
26.894,16.71,0.12,1.25,34.01,10.74,33.04,731
26.945,50.18,0.08,0.53,0.94,10.78,0.10,727
26.961,16.74,0.07,0.80,1.36,10.79,0.14,727
26.978,16.75,0.09,0.86,0.38,10.76,0.00,723
26.995,16.76,0.12,1.22,2.13,10.67,0.30,723
27.012,16.74,0.12,1.18,0.48,10.71,0.00,722
27.028,16.80,0.17,1.15,33.24,10.62,32.39,721
27.078,50.13,0.08,0.54,0.94,10.68,0.10,714
27.095,16.83,0.07,0.80,1.37,10.53,0.12,712
27.112,16.65,0.09,1.14,0.50,10.68,0.00,709
27.129,16.75,0.11,1.23,2.21,10.57,0.30,708
27.145,16.74,0.11,1.14,0.50,10.58,0.00,706
27.162,16.73,0.11,1.16,32.95,10.51,32.11,704
27.196,34.30,0.10,0.45,0.74,10.51,0.06,700
27.212,15.95,0.09,0.52,17.07,19.76,0.00,699
27.230,17.77,0.08,0.73,17.31,10.60,0.31,692
27.248,18.28,0.09,0.79,14.31,10.47,0.00,691
27.264,15.31,0.11,1.20,16.86,10.60,0.30,688
27.282,18.31,0.19,1.11,13.72,10.38,0.00,685
27.297,15.12,0.11,1.27,49.60,10.40,34.03,681
27.363,65.77,0.11,0.44,1.09,10.34,0.12,666
27.380,16.71,0.08,0.58,1.31,10.35,0.12,664
27.396,16.73,0.08,0.67,0.50,10.24,0.00,666
27.413,16.76,0.11,0.79,2.07,10.30,0.31,667
27.430,16.76,0.13,0.83,0.53,10.18,0.00,669
27.447,16.77,0.09,0.59,32.80,10.23,32.04,667
27.480,33.52,0.05,0.28,0.71,10.23,0.06,667
27.497,16.60,0.08,0.41,0.34,10.22,0.00,666
27.514,16.74,0.08,0.56,1.45,7.44,0.22,666
27.530,16.78,0.13,0.83,0.55,8.84,0.00,666
27.547,16.73,0.14,0.87,2.36,10.30,0.31,667
27.564,16.72,0.13,0.81,0.52,10.15,0.00,666
27.581,16.73,0.12,0.78,35.32,10.23,34.33,669
27.631,50.25,0.08,0.35,0.94,10.26,0.11,667
27.647,16.70,0.07,0.47,1.29,10.36,0.12,667
27.664,16.76,0.08,0.56,0.39,10.16,0.00,666
27.681,16.77,0.11,0.81,2.16,10.12,0.30,666
27.698,16.74,0.14,0.79,0.54,10.18,0.00,665
27.714,16.73,0.14,0.81,33.16,10.39,32.32,661
27.749,34.15,0.05,0.27,0.72,10.39,0.06,660
27.765,16.03,0.06,0.35,17.31,19.68,0.00,657
27.782,17.83,0.07,0.65,17.46,7.86,0.32,658
27.804,21.16,0.08,0.51,11.42,10.21,0.00,660
27.816,12.45,0.09,0.54,16.07,10.82,0.12,660
27.833,16.77,0.06,0.32,16.17,10.72,0.00,657
27.850,17.24,0.25,0.77,48.61,10.99,33.21,656
27.915,65.11,0.08,0.43,1.09,10.80,0.12,644
27.932,16.77,0.07,0.34,0.97,10.71,0.08,643
27.949,16.76,0.12,0.83,0.61,10.48,0.00,642
27.962,13.69,0.12,0.75,4.93,10.69,0.31,640
27.983,20.25,0.11,0.75,0.55,10.55,0.00,639
27.999,16.23,0.12,0.82,33.89,10.44,33.04,637
28.049,50.26,0.08,0.37,0.98,10.46,0.10,623
28.066,16.71,0.08,0.55,1.32,10.15,0.12,618
28.083,16.86,0.09,0.50,0.39,10.15,0.00,615
28.099,16.64,0.13,0.68,2.05,10.14,0.30,615
28.116,16.74,0.37,0.77,0.55,10.10,0.00,644
28.133,16.73,0.11,0.82,32.72,10.56,31.85,642
28.167,33.72,0.06,0.32,0.78,10.56,0.08,638
28.183,16.52,0.10,0.37,17.18,19.30,0.00,637
28.201,17.75,0.08,0.54,17.81,8.67,0.32,633
28.219,18.60,0.17,0.82,13.80,10.30,0.00,630
28.234,14.90,0.10,0.79,17.42,10.36,0.30,630
28.253,18.55,0.11,0.81,13.86,10.13,0.00,629
28.268,14.89,0.10,0.75,51.65,10.22,35.23,628
28.334,65.83,0.09,0.38,0.91,10.02,0.11,624
28.350,16.76,0.09,0.57,1.33,9.99,0.12,624
28.367,16.73,0.12,0.83,0.50,9.83,0.00,640
28.384,16.73,0.11,0.81,2.08,9.91,0.30,641
28.401,16.76,0.11,0.80,0.55,9.77,0.00,640
28.417,16.74,0.11,0.81,34.80,9.80,33.85,640
28.468,50.22,0.08,0.39,0.96,9.70,0.11,638
28.484,16.72,0.09,0.55,1.36,9.77,0.12,635
28.501,16.71,0.10,0.82,0.52,9.66,0.00,631
28.518,16.81,0.13,0.82,2.32,9.71,0.35,631
28.538,20.13,0.12,1.10,0.63,9.57,0.00,642
28.551,13.27,0.09,0.87,30.44,9.99,29.55,641
28.585,33.49,0.05,0.29,0.80,9.99,0.07,639
28.601,16.77,0.08,0.44,0.36,10.02,0.00,635
28.618,16.68,0.06,0.50,1.20,5.72,0.16,633
28.635,16.80,0.14,0.61,0.60,9.42,0.00,633
28.652,16.68,0.11,0.88,2.12,9.99,0.31,632
28.668,16.74,0.11,0.86,0.63,9.91,0.00,631
28.685,16.73,0.15,1.21,34.27,9.95,33.31,681
28.735,50.21,0.11,0.54,0.94,14.02,0.13,675
28.753,17.45,0.08,0.75,1.16,14.04,0.10,675
28.769,16.33,0.09,0.79,0.38,13.90,0.00,675
28.786,16.43,0.13,1.15,2.12,13.90,0.31,676
28.802,16.75,0.13,1.20,0.51,13.90,0.00,677
28.819,16.74,0.24,1.12,34.84,13.93,34.01,676
28.869,50.27,0.11,0.52,1.04,13.98,0.12,671
28.886,16.67,0.07,0.75,1.36,13.94,0.12,671
28.903,16.75,0.08,0.77,0.36,13.97,0.00,669
28.919,16.78,0.13,1.20,2.17,13.92,0.30,661
28.936,16.69,0.15,1.18,0.55,14.06,0.00,660
28.953,16.77,0.13,1.21,33.25,14.00,32.37,658
29.003,50.21,0.10,0.64,1.15,14.06,0.12,655
29.020,16.74,0.07,0.74,1.28,14.01,0.11,654
29.037,16.75,0.09,0.80,0.38,14.02,0.00,654
29.053,16.73,0.19,1.12,2.14,14.07,0.31,654
29.070,16.70,0.12,1.14,0.59,14.10,0.00,652
29.087,16.87,0.24,1.08,34.81,14.03,33.85,650
29.137,50.10,0.09,0.53,0.92,11.30,0.10,648
29.154,16.70,0.07,0.74,1.31,11.30,0.12,649
29.170,16.75,0.08,0.77,0.40,11.33,0.00,648
29.187,16.76,0.12,1.14,2.13,11.26,0.30,647
29.204,16.82,0.27,1.09,0.51,11.30,0.00,648
29.221,16.65,0.13,1.13,34.31,11.23,33.36,645
29.258,37.03,0.05,0.43,0.76,11.23,0.08,653
29.271,13.10,0.07,0.50,17.00,18.54,0.00,651
29.289,18.08,0.07,0.63,16.72,8.86,0.21,650
29.307,17.74,0.08,0.77,14.64,11.65,0.00,648
29.322,15.70,0.20,0.96,16.90,11.89,0.32,649
29.341,18.33,0.18,1.20,13.62,11.70,0.00,651
29.356,15.16,0.12,1.22,51.12,11.82,35.33,650
29.418,62.25,0.10,0.60,1.15,11.82,0.12,650
29.438,20.34,0.08,0.79,1.37,11.88,0.12,649
29.455,16.50,0.08,0.79,1.29,11.65,0.12,650
29.472,16.76,0.11,1.15,0.53,11.57,0.00,650
29.488,16.72,0.11,1.13,34.83,11.51,33.81,652
29.539,50.27,0.08,0.52,0.90,11.57,0.10,659
29.555,16.70,0.07,0.77,1.32,11.55,0.13,659
29.572,16.78,0.08,0.79,0.37,11.55,0.00,659
29.589,16.71,0.13,1.15,2.17,11.47,0.30,659
29.606,16.75,0.12,1.10,0.52,11.51,0.00,659
29.622,16.80,0.20,1.09,34.59,11.42,33.62,661
29.673,50.07,0.09,0.52,1.00,11.48,0.12,664
29.689,16.73,0.06,0.68,1.33,11.52,0.12,665
29.706,16.74,0.07,0.81,0.38,11.56,0.00,665
29.723,16.75,0.11,1.15,2.15,11.64,0.31,663
29.739,16.73,0.10,1.10,0.50,11.54,0.00,663
29.756,16.74,0.11,1.10,34.20,11.71,33.24,663
29.806,50.19,0.09,0.53,0.91,11.67,0.11,667
29.823,16.73,0.06,0.65,1.28,11.72,0.13,665
29.840,16.74,0.08,0.73,0.37,11.58,0.00,660
29.857,16.81,0.13,1.12,2.16,11.53,0.31,658
29.873,16.73,0.13,1.14,0.49,11.55,0.00,659
29.890,16.73,0.12,1.11,33.41,11.61,32.45,660
29.940,50.19,0.10,0.61,1.09,11.67,0.12,645
29.955,14.52,0.07,0.63,2.75,11.51,0.00,661
29.974,18.97,0.29,0.78,1.45,12.30,0.22,657
29.991,16.87,0.17,1.05,1.61,12.07,0.26,714
30.007,16.57,0.13,1.65,0.59,12.07,0.00,710
30.024,16.75,0.25,1.58,32.27,9.95,31.06,710
30.058,34.22,0.08,0.67,0.85,9.95,0.09,698
30.074,16.01,0.14,0.75,16.60,23.79,0.00,696
30.092,17.61,0.08,1.10,17.17,12.82,0.30,694
30.110,18.60,0.23,1.40,13.41,12.25,0.00,694
30.127,16.26,0.37,1.53,15.15,13.22,0.32,708
30.144,17.78,0.13,1.52,12.75,14.14,0.00,704
30.159,14.79,0.17,1.58,49.45,16.00,34.36,698
30.225,65.58,0.09,0.68,0.98,16.00,0.11,686
30.242,16.72,0.10,1.08,1.28,12.10,0.12,687
30.258,16.71,0.09,1.05,0.38,7.35,0.00,686
30.275,16.75,0.14,1.54,2.22,8.98,0.30,688
30.292,16.76,0.14,1.54,0.50,11.33,0.00,690
30.308,16.71,0.14,1.61,33.59,14.59,32.58,688
30.359,50.23,0.10,0.72,0.95,14.65,0.12,692
30.375,16.70,0.08,1.09,1.30,14.75,0.12,690
30.392,16.74,0.10,1.10,0.39,14.78,0.00,696
30.409,16.75,0.13,1.62,2.09,11.96,0.30,697
30.426,16.72,0.22,1.50,0.63,12.01,0.00,698
30.446,20.37,0.13,1.63,29.76,12.01,29.19,709
30.493,46.58,0.10,0.79,0.99,12.63,0.11,708
30.509,16.69,0.07,0.87,1.09,12.70,0.09,709
30.526,16.72,0.07,0.59,0.34,12.70,0.00,705
30.543,16.81,0.26,1.64,2.20,12.66,0.31,703
30.560,16.73,0.14,1.77,0.58,12.69,0.00,701
30.576,16.79,0.22,1.63,34.76,12.66,33.74,701
30.623,46.65,0.09,0.65,1.00,12.66,0.11,693
30.639,16.34,0.07,0.77,4.40,12.71,0.09,691
30.660,20.64,0.09,0.86,0.38,6.40,0.00,686
30.677,16.69,0.17,1.33,2.31,7.99,0.31,686
30.693,16.79,0.13,1.22,0.54,11.65,0.00,688
30.710,16.74,0.12,1.16,34.11,12.68,33.10,689
30.760,50.19,0.09,0.57,0.96,12.72,0.10,695
30.777,16.73,0.07,0.86,1.41,12.54,0.12,695
30.794,16.74,0.08,0.88,0.40,12.54,0.00,695
30.811,16.76,0.12,1.26,2.08,12.42,0.30,699
30.827,16.74,0.12,1.25,0.49,12.55,0.00,698
30.844,16.74,0.14,1.28,33.98,12.46,32.99,702
30.894,50.19,0.10,0.59,0.96,12.49,0.13,704
30.911,16.73,0.07,0.85,1.41,12.31,0.12,704
30.926,15.40,0.09,0.82,1.39,12.31,0.00,715
30.944,18.01,0.13,1.70,1.71,12.90,0.31,717
30.961,16.78,0.31,1.33,0.61,12.81,0.00,719
30.978,16.73,0.13,1.31,30.71,12.72,30.21,718
31.011,33.48,0.06,0.50,0.75,12.72,0.06,718
31.028,16.74,0.06,0.47,17.18,23.05,0.00,716
31.046,17.81,0.10,0.84,17.32,6.19,0.31,718
31.064,18.42,0.12,1.42,13.36,9.84,0.00,717
31.079,15.05,0.15,1.22,16.92,12.67,0.33,718
31.098,18.51,0.12,1.24,13.57,12.51,0.00,720
31.114,16.27,0.13,1.25,49.98,12.53,35.51,720
31.179,64.65,0.10,0.67,1.08,12.44,0.12,721
31.195,16.66,0.09,0.93,1.39,12.32,0.12,719
31.212,16.72,0.08,0.88,0.35,12.29,0.00,719
31.229,16.75,0.14,1.26,2.16,12.25,0.30,719
31.246,16.68,0.11,1.31,0.49,12.23,0.00,718
31.262,16.73,0.12,1.22,34.17,12.16,33.22,718
31.313,50.18,0.09,0.56,0.87,12.19,0.09,717
31.329,16.79,0.08,0.88,1.26,12.14,0.12,716
31.346,16.68,0.08,0.84,0.38,12.18,0.00,714
31.363,16.75,0.12,1.22,2.10,12.09,0.30,712
31.379,16.74,0.11,1.27,0.54,12.14,0.00,712
31.396,16.73,0.12,1.25,34.79,12.04,33.80,711
31.446,50.17,0.09,0.55,0.88,12.24,0.10,701
31.463,16.76,0.06,0.76,1.40,12.18,0.12,695
31.480,16.72,0.09,1.21,0.58,12.01,0.00,689
31.497,16.75,0.11,1.19,2.13,11.99,0.31,682
31.513,16.79,0.20,1.19,0.50,10.40,0.00,682
31.534,20.17,0.17,1.21,30.59,10.44,29.70,692
31.580,46.76,0.08,0.51,1.11,11.03,0.10,684
31.597,16.73,0.07,0.68,1.09,10.89,0.10,675
31.614,16.79,0.09,0.83,0.49,10.87,0.00,674
31.631,16.67,0.13,1.15,2.22,10.81,0.32,671
31.647,16.71,0.12,1.19,0.53,10.93,0.00,667
31.664,16.74,0.12,1.19,34.98,10.83,33.96,662
31.711,46.75,0.08,0.53,0.97,10.78,0.10,649
31.727,16.43,0.06,0.61,4.52,10.81,0.09,647
31.748,20.46,0.09,1.09,0.50,10.56,0.00,641
31.764,16.75,0.11,1.16,2.15,10.57,0.30,635
31.781,16.74,0.12,1.15,0.51,10.57,0.00,630
31.798,16.73,0.11,1.11,34.26,10.41,33.28,625
31.848,50.20,0.09,0.53,0.98,10.45,0.10,602
31.865,16.73,0.09,0.80,1.47,10.15,0.13,598
31.882,16.75,0.10,0.81,0.39,10.24,0.00,591
31.898,16.75,0.12,1.14,2.20,10.18,0.30,585
31.915,16.73,0.11,1.15,0.56,10.09,0.00,576
31.932,16.73,0.11,1.16,34.32,10.01,33.22,571
31.982,50.23,0.11,0.47,1.10,10.03,0.11,538
31.999,16.71,0.09,0.45,1.02,10.14,0.08,538
32.014,15.10,0.08,0.53,2.21,9.99,0.00,552
32.032,18.44,0.17,0.59,1.70,10.57,0.32,552
32.049,16.70,0.08,0.63,0.58,10.54,0.00,586
32.066,16.80,0.18,0.82,30.93,10.63,29.86,588
32.099,33.37,0.05,0.29,0.78,10.63,0.07,587
32.116,16.77,0.10,0.37,0.35,10.65,0.00,586
32.133,16.73,0.20,0.60,1.49,10.76,0.19,607
32.149,16.72,0.13,0.84,0.60,5.49,0.00,607
32.166,16.83,0.11,0.91,2.34,6.97,0.33,604
32.180,13.68,0.12,0.82,3.11,10.41,0.00,606
32.200,20.24,0.11,0.84,33.29,11.04,32.45,603
32.250,49.66,0.09,0.40,0.94,10.95,0.10,598
32.266,16.74,0.06,0.52,1.32,10.84,0.11,596
32.283,16.73,0.08,0.75,0.54,10.84,0.00,595
32.300,16.75,0.10,0.86,2.05,10.85,0.28,596
32.316,15.90,0.12,1.02,0.61,10.69,0.00,605
32.333,17.56,0.13,1.00,32.18,11.31,31.26,605
32.367,33.58,0.07,0.35,0.78,11.31,0.08,603
32.384,16.72,0.07,0.38,17.03,20.98,0.00,602
32.401,17.59,0.06,0.59,17.05,10.93,0.21,600
32.419,17.81,0.09,0.72,14.94,10.86,0.00,599
32.435,15.89,0.16,0.99,16.30,10.88,0.21,598
32.453,17.59,0.10,0.60,15.02,10.70,0.00,600
32.469,16.78,0.12,0.90,49.37,10.91,34.31,599
32.520,51.08,0.11,0.36,0.80,10.91,0.08,598
32.534,13.75,0.06,0.38,18.25,19.60,0.14,596
32.553,18.81,0.07,0.54,14.97,5.58,0.00,595
32.569,15.67,0.07,0.60,17.84,7.36,0.34,596
32.587,18.78,0.17,0.91,13.61,10.45,0.00,594
32.602,14.80,0.10,0.92,50.39,10.62,34.22,593
32.668,65.89,0.09,0.41,0.91,10.36,0.10,588
32.685,16.68,0.07,0.53,1.30,9.98,0.12,590
32.702,16.74,0.08,0.78,0.55,10.07,0.00,591
32.718,16.83,0.13,0.91,2.13,10.11,0.31,591
32.735,16.73,0.12,0.88,0.54,9.98,0.00,589
32.752,16.73,0.12,0.83,35.00,9.88,34.04,583
32.802,50.15,0.08,0.40,0.92,9.90,0.10,578
32.819,16.82,0.08,0.59,1.31,9.94,0.13,579
32.836,16.69,0.08,0.66,0.49,9.86,0.00,577
32.856,20.20,0.11,0.88,2.18,9.76,0.31,587
32.865,9.41,0.08,0.60,4.15,9.76,0.00,583
32.886,20.65,0.14,0.37,33.26,10.29,32.28,585
32.920,34.12,0.09,0.38,0.89,10.29,0.11,582
32.936,16.02,0.14,0.47,17.13,18.73,0.00,577
32.954,17.89,0.08,0.64,16.28,10.31,0.12,574
32.971,17.11,0.08,0.34,17.52,10.09,0.18,572
32.990,19.39,0.12,0.89,12.55,10.13,0.00,569
33.004,14.17,0.09,0.91,50.56,10.31,34.90,568
33.067,62.99,0.08,0.39,0.97,10.09,0.10,572
33.087,19.15,0.08,0.55,1.14,10.71,0.11,568
33.103,16.65,0.07,0.54,0.40,10.53,0.00,565
33.120,16.79,0.14,0.90,1.77,10.48,0.31,565
33.137,16.68,0.11,0.99,0.59,10.51,0.00,565
33.153,16.74,0.15,0.99,34.97,10.63,33.99,565
33.204,50.31,0.08,0.40,0.90,10.58,0.11,562
33.220,16.59,0.05,0.55,1.34,10.59,0.12,561
33.238,17.61,0.21,0.59,0.42,10.35,0.00,559
33.254,16.43,0.10,0.80,2.18,10.34,0.31,556
33.271,16.17,0.13,0.88,0.52,10.28,0.00,557
33.287,16.74,0.12,0.88,35.17,10.44,34.20,556
33.338,50.18,0.08,0.42,0.89,10.38,0.10,555
33.354,16.77,0.07,0.51,1.34,10.24,0.12,552
33.371,16.71,0.08,0.75,0.51,10.27,0.00,546
33.388,16.77,0.11,0.85,2.11,10.36,0.31,547
33.405,16.72,0.10,0.85,0.52,10.39,0.00,545
33.421,16.73,0.10,0.79,34.96,10.49,33.97,545
33.471,50.24,0.09,0.41,0.90,10.42,0.10,543
33.488,16.69,0.07,0.52,1.31,10.26,0.12,542
33.505,16.74,0.07,0.79,0.54,10.09,0.00,543
33.522,16.76,0.09,0.85,2.10,10.16,0.31,542
33.538,16.74,0.10,0.84,0.53,10.04,0.00,541
33.555,16.74,0.09,0.84,34.99,10.02,34.03,540
33.605,50.20,0.09,0.41,0.95,9.91,0.10,528
33.622,16.74,0.09,0.59,1.29,9.86,0.11,526
33.639,16.73,0.10,0.90,0.58,10.06,0.00,523
33.659,20.40,0.11,0.88,2.14,10.11,0.26,531
33.668,9.28,0.08,0.60,4.20,10.11,0.00,529
33.689,20.53,0.04,0.33,34.98,10.51,34.08,530
33.739,50.20,0.10,0.39,0.92,10.30,0.10,531
33.756,16.77,0.06,0.52,1.04,10.27,0.08,532
33.773,16.73,0.08,0.64,0.51,10.08,0.00,531
33.789,16.73,0.11,0.91,2.12,10.18,0.29,528
33.806,16.71,0.10,0.93,0.63,9.87,0.00,525
33.823,16.73,0.10,0.86,33.39,9.92,32.57,519
33.857,34.43,0.06,0.31,0.76,9.92,0.08,517
33.870,12.44,0.06,0.36,20.59,18.58,0.00,516
33.891,21.47,0.07,0.54,16.45,9.92,0.19,509
33.909,17.43,0.07,0.57,14.66,9.70,0.00,506
33.924,15.40,0.05,0.46,17.95,9.75,0.27,505
33.943,18.71,0.07,0.60,14.32,9.63,0.00,501
33.958,15.11,0.08,0.85,51.12,9.62,34.77,499
34.024,65.81,0.07,0.45,1.09,9.54,0.11,494
34.040,16.76,0.05,0.59,1.31,9.50,0.11,492
34.057,16.76,0.06,0.81,0.52,9.41,0.00,492
34.074,16.70,0.08,0.85,2.09,9.48,0.28,491
34.091,16.82,0.07,0.83,0.53,9.37,0.00,492
34.107,16.65,0.07,0.72,35.12,9.59,34.16,492
34.158,50.21,0.16,0.36,0.90,9.46,0.10,549
34.174,16.73,0.05,0.46,1.31,9.83,0.12,547
34.191,16.76,0.09,0.76,0.52,9.86,0.00,545
34.208,16.76,0.09,0.82,2.03,9.93,0.27,547
34.225,16.81,0.11,0.81,0.55,9.98,0.00,546
34.242,16.95,0.10,0.77,34.24,9.99,33.28,545
34.278,36.75,0.06,0.30,0.74,9.99,0.09,552
34.292,13.19,0.07,0.29,17.12,17.93,0.00,551
34.309,17.79,0.06,0.57,16.97,10.36,0.20,552
34.327,17.92,0.07,0.57,14.94,10.35,0.00,551
34.343,15.84,0.09,0.77,17.22,10.69,0.29,549
34.361,18.27,0.16,0.99,13.81,10.41,0.00,559
34.376,15.08,0.09,0.81,50.38,10.58,34.29,555
34.442,65.64,0.08,0.40,0.92,10.52,0.11,558
34.459,16.75,0.06,0.54,1.34,10.76,0.12,557
34.476,16.76,0.07,0.60,0.40,10.57,0.00,554
34.492,16.73,0.10,0.80,2.07,10.64,0.31,547
34.509,16.74,0.08,0.83,0.52,10.46,0.00,549
34.527,17.73,0.07,0.90,33.58,10.52,32.58,547
34.563,36.12,0.05,0.31,0.79,10.52,0.08,559
34.576,13.15,0.08,0.37,17.08,19.01,0.00,559
34.594,17.85,0.06,0.43,17.10,11.14,0.21,558
34.612,18.06,0.07,0.57,14.74,11.06,0.00,553
34.628,15.66,0.09,0.90,16.93,11.20,0.31,554
34.646,18.07,0.10,0.96,14.00,11.02,0.00,554
34.661,15.28,0.10,0.86,51.40,11.24,35.34,554
34.727,65.65,0.08,0.40,1.09,11.13,0.10,549
34.740,13.40,0.05,0.41,4.67,11.10,0.13,550
34.756,16.34,0.05,0.55,4.25,10.94,0.00,547
34.777,20.47,0.07,0.83,2.05,11.04,0.30,547
34.794,16.73,0.07,0.82,0.53,10.77,0.00,549
34.810,16.74,0.08,0.81,35.00,10.86,34.04,548
34.861,50.29,0.05,0.38,0.92,10.75,0.10,543
34.877,16.76,0.04,0.56,1.36,10.68,0.12,542
34.894,16.65,0.06,0.64,0.49,10.73,0.00,544
34.911,16.83,0.09,0.81,2.16,10.82,0.33,543
34.928,16.71,0.08,0.82,0.52,10.75,0.00,546
34.944,16.76,0.07,0.79,34.46,10.89,33.49,545
34.994,50.16,0.06,0.41,0.94,10.80,0.11,545
35.011,16.72,0.04,0.56,1.30,10.51,0.12,545
35.028,16.74,0.05,0.60,0.38,10.51,0.00,546
35.045,16.76,0.09,0.84,2.09,10.39,0.30,547
35.061,16.75,0.09,0.79,0.56,10.54,0.00,546
35.082,20.34,0.07,0.82,30.69,10.42,30.04,559
35.128,46.54,0.16,0.47,1.09,11.02,0.13,580
35.145,16.74,0.05,0.60,1.05,11.49,0.09,581
35.162,16.75,0.07,0.41,0.37,11.46,0.00,582
35.179,16.73,0.10,1.08,2.35,11.68,0.32,583
35.195,16.79,0.12,1.07,0.53,11.42,0.00,584
35.212,16.75,0.10,1.13,35.01,11.28,34.01,585
35.259,46.72,0.07,0.48,0.99,11.28,0.10,580
35.279,20.33,0.08,0.74,1.36,10.92,0.12,582
35.296,16.60,0.07,0.75,0.37,10.85,0.00,582
35.312,16.76,0.11,1.04,2.06,10.68,0.30,583
35.329,16.73,0.11,1.05,0.51,10.65,0.00,583
35.346,16.74,0.11,1.05,34.84,10.50,33.84,582
35.396,50.15,0.10,0.50,0.94,10.51,0.10,595
35.413,16.72,0.06,0.64,1.33,10.33,0.12,596
35.430,16.83,0.07,0.73,0.38,10.32,0.00,594
35.446,16.75,0.09,1.08,2.24,10.19,0.31,594
35.463,16.66,0.10,1.07,0.49,10.17,0.00,593
35.480,16.81,0.10,1.14,33.45,10.04,32.59,596
35.530,50.14,0.08,0.51,1.00,10.11,0.09,587
35.547,16.69,0.06,0.57,1.02,9.96,0.10,587
35.563,16.74,0.07,0.95,0.51,9.97,0.00,586
35.580,16.76,0.09,1.00,2.11,10.09,0.30,586
35.597,16.74,0.09,1.09,0.51,9.91,0.00,588
35.614,16.76,0.09,1.03,34.88,10.00,33.92,587
35.664,50.19,0.07,0.52,0.89,9.91,0.10,583
35.681,16.67,0.04,0.62,1.29,9.90,0.13,584
35.697,16.76,0.05,1.07,0.50,9.93,0.00,582
35.714,16.74,0.07,1.04,2.19,9.99,0.32,583
35.731,16.75,0.07,1.04,0.51,9.88,0.00,583
35.748,16.74,0.08,1.05,34.29,9.80,33.34,584
35.798,50.16,0.05,0.50,0.96,10.01,0.10,582
35.814,16.72,0.04,0.59,1.30,9.87,0.13,580
35.831,16.74,0.04,0.71,0.37,9.90,0.00,577
35.848,16.76,0.07,1.02,2.16,10.02,0.32,577
35.865,16.73,0.07,1.05,0.49,9.95,0.00,577
35.881,16.74,0.07,1.00,35.01,10.20,34.00,577
35.932,50.27,0.06,0.50,0.93,10.14,0.10,577
35.948,16.70,0.05,0.64,1.34,10.15,0.13,573
35.968,19.34,0.05,0.66,1.38,10.13,0.12,573
35.982,14.10,0.09,1.01,0.55,10.15,0.00,573
35.999,16.79,0.08,1.05,0.57,10.35,0.00,571
36.015,16.72,0.07,0.98,35.40,10.33,34.29,570
36.066,50.33,0.06,0.54,1.16,10.23,0.11,564
36.082,16.67,0.04,0.67,1.41,10.11,0.13,559
36.099,16.67,0.11,1.38,0.52,10.16,0.00,643
36.116,16.75,0.13,1.45,3.01,14.73,1.19,641
36.130,14.30,0.11,1.24,2.16,14.73,0.00,641
36.150,19.52,0.13,1.24,33.17,13.44,32.09,637
36.199,49.84,0.17,0.61,1.13,11.44,0.11,690
36.216,16.73,0.09,1.00,1.44,15.74,0.11,686
36.233,16.75,0.12,1.38,0.53,15.74,0.00,684
36.250,16.73,0.12,1.36,2.11,10.96,0.29,683
36.266,16.73,0.12,1.42,0.47,13.30,0.00,682
36.283,16.74,0.12,1.36,32.98,13.26,32.17,682
36.333,50.19,0.09,0.66,1.00,14.23,0.11,683
36.350,16.75,0.07,0.97,1.44,15.42,0.14,683
36.367,16.72,0.07,1.34,0.50,10.26,0.00,677
36.382,15.47,0.11,1.38,1.87,13.19,0.21,690
36.400,18.07,0.24,0.76,0.43,13.61,0.00,688
36.417,16.64,0.11,1.43,31.54,14.28,30.52,690
36.450,33.44,0.11,0.68,0.83,14.28,0.08,691
36.467,16.78,0.07,0.58,16.83,29.05,0.00,690
36.485,17.58,0.07,0.81,17.66,8.73,0.31,686
36.503,18.68,0.27,1.38,14.70,9.48,0.17,683
36.520,16.48,0.11,1.47,13.59,9.51,0.00,684
36.535,15.29,0.10,1.58,50.01,12.72,34.64,684
36.587,52.28,0.06,0.60,0.82,12.72,0.07,686
36.601,13.57,0.07,0.62,16.82,21.43,0.00,686
36.619,17.59,0.07,0.74,16.95,7.11,0.22,685
36.636,17.87,0.07,1.02,16.17,10.21,0.17,685
36.654,17.39,0.13,1.38,13.51,12.59,0.00,685
36.669,15.14,0.10,1.50,15.03,12.72,0.00,682
36.686,16.73,0.11,1.47,49.73,12.66,34.24,682
36.752,65.88,0.09,0.77,1.12,12.73,0.12,683
36.768,16.73,0.07,1.03,1.39,12.64,0.12,683
36.785,16.75,0.07,1.02,0.38,12.66,0.00,683
36.802,16.74,0.12,1.43,2.25,12.66,0.30,684
36.819,16.75,0.12,1.45,0.52,12.82,0.00,685
36.835,16.74,0.12,1.45,33.02,12.85,32.07,681
36.885,50.16,0.08,0.63,1.18,12.93,0.22,682
36.902,16.75,0.07,1.06,0.37,13.04,0.00,682
36.919,16.75,0.11,1.47,2.22,13.07,0.31,685
36.936,16.73,0.11,1.54,0.53,13.21,0.00,684
36.952,16.73,0.10,1.55,33.97,13.17,32.91,682
37.003,50.13,0.09,0.75,1.07,13.27,0.13,680
37.019,16.73,0.09,0.99,1.34,13.22,0.13,679
37.036,16.72,0.08,0.95,0.36,13.26,0.00,682
37.053,16.78,0.10,1.35,2.13,13.35,0.31,682
37.069,16.70,0.11,1.45,0.51,13.43,0.00,683
37.086,16.79,0.10,1.39,33.90,13.39,32.95,680
37.136,50.12,0.16,0.64,0.91,13.49,0.13,713
37.153,16.76,0.10,1.02,1.50,14.12,0.13,712
37.170,16.86,0.15,1.12,0.39,14.28,0.00,711
37.187,16.66,0.28,1.45,2.24,14.32,0.31,707
37.203,16.71,0.13,1.52,0.58,14.32,0.00,708
37.220,16.72,0.11,1.55,33.19,14.40,32.36,697
37.268,47.84,0.09,0.62,1.05,14.40,0.11,710
37.287,19.11,0.17,0.87,1.08,13.25,0.09,710
37.304,16.67,0.05,0.55,0.33,9.62,0.00,709
37.321,16.78,0.11,1.57,2.35,9.82,0.31,709
37.337,16.74,0.11,1.67,0.54,12.70,0.00,710
37.354,16.73,0.13,1.71,32.59,14.73,31.72,709
37.404,50.18,0.10,0.81,1.31,14.86,0.12,710
37.421,16.76,0.07,0.92,1.45,15.04,0.17,706
37.438,16.72,0.11,1.86,0.39,15.04,0.00,706
37.454,16.77,0.15,1.67,2.26,15.01,0.31,707
37.471,16.71,0.13,1.46,0.54,15.01,0.00,706
37.488,16.74,0.13,1.56,34.14,15.11,33.17,706
37.538,50.38,0.09,0.72,0.97,13.59,0.11,698
37.555,16.53,0.07,0.97,1.44,14.79,0.13,694
37.572,16.73,0.08,0.97,0.39,14.74,0.00,688
37.589,17.92,0.11,1.57,2.25,14.63,0.31,677
37.605,16.00,0.11,1.30,0.52,14.63,0.00,669
37.622,16.64,0.11,1.41,33.74,10.87,32.67,669
37.672,49.93,0.09,0.65,0.99,9.43,0.11,664
37.691,19.46,0.06,0.68,1.17,11.61,0.11,676
37.705,13.98,0.11,1.17,0.40,12.22,0.00,674
37.722,16.70,0.10,1.50,1.49,12.12,0.21,673
37.739,16.77,0.20,1.42,0.55,12.01,0.00,671
37.756,16.77,0.25,1.35,32.20,12.04,31.22,670
37.790,33.93,0.07,0.56,0.76,12.04,0.09,665
37.806,16.23,0.05,0.54,17.09,20.45,0.00,663
37.824,17.78,0.06,1.06,17.25,10.47,0.31,663
37.843,19.73,0.10,1.00,12.56,11.60,0.00,663
37.858,14.52,0.10,1.37,15.98,11.73,0.31,661
37.876,17.80,0.10,1.35,13.37,11.67,0.00,661
37.891,14.92,0.09,1.36,49.50,11.73,33.88,659
37.956,65.86,0.09,0.73,1.11,11.59,0.13,637
37.973,16.73,0.08,0.91,1.29,11.07,0.12,628
37.990,16.73,0.07,1.32,0.47,11.07,0.00,621
38.007,16.76,0.10,1.29,2.11,10.88,0.30,619
38.023,16.72,0.10,1.32,0.49,10.76,0.00,618
38.040,16.73,0.09,1.28,34.64,10.62,33.67,617
38.090,50.21,0.08,0.46,0.99,10.56,0.10,602
38.107,16.72,0.06,0.70,1.37,10.38,0.11,600
38.124,16.74,0.07,0.72,0.36,10.40,0.00,598
38.141,16.73,0.11,0.94,2.15,10.26,0.32,595
38.157,16.74,0.11,1.04,0.51,10.27,0.00,593
38.174,16.73,0.10,0.91,33.45,10.16,32.65,591
38.210,35.66,0.14,0.38,0.78,10.16,0.08,626
38.224,14.63,0.06,0.40,16.85,16.84,0.00,625
38.242,17.68,0.07,0.53,17.07,11.07,0.23,616
38.260,18.17,0.08,0.68,14.46,10.82,0.00,615
38.276,15.41,0.10,1.14,15.54,10.94,0.12,614
38.292,16.91,0.12,1.13,15.18,10.60,0.00,598
38.309,16.62,0.09,1.06,51.13,10.66,35.30,597
38.375,66.17,0.10,0.64,1.05,10.49,0.18,651
38.392,16.71,0.09,0.72,1.12,14.34,0.10,652
38.408,16.34,0.14,1.31,0.52,14.31,0.00,646
38.425,16.72,0.13,1.34,2.19,14.24,0.30,645
38.442,16.73,0.14,1.29,0.50,14.24,0.00,644
38.459,16.78,0.28,1.38,33.65,14.17,32.63,644
38.509,50.17,0.10,0.58,0.89,14.25,0.11,632
38.525,16.69,0.07,0.90,1.34,14.22,0.12,627
38.540,15.05,0.09,0.84,1.82,14.24,0.00,636
38.559,18.52,0.63,1.71,2.01,14.72,0.55,693
38.576,17.02,0.11,1.14,0.46,14.72,0.00,693
38.592,16.39,0.19,1.62,32.30,17.19,31.26,691
38.627,34.19,0.06,0.62,0.77,17.19,0.07,692
38.643,15.98,0.10,0.71,16.69,28.28,0.00,693
38.660,17.59,0.07,0.79,16.83,14.60,0.21,690
38.678,17.87,0.10,1.10,14.61,14.60,0.00,687
38.694,15.97,0.14,1.76,16.14,14.47,0.31,687
38.713,19.40,0.16,1.57,12.16,9.23,0.00,688
38.728,14.56,0.14,1.54,47.93,10.25,33.38,682
38.793,65.24,0.14,0.73,1.14,16.28,0.11,685
38.810,16.79,0.09,0.87,1.06,16.28,0.09,686
38.827,16.69,0.10,1.09,0.40,10.19,0.00,686
38.843,16.75,0.13,1.61,2.20,9.33,0.30,686
38.860,16.66,0.17,1.61,0.50,13.69,0.00,677
38.877,16.82,0.22,1.56,32.87,14.35,32.03,676
38.927,50.26,0.10,0.75,0.93,15.33,0.10,660
38.944,16.56,0.08,1.01,1.39,15.33,0.12,660
38.961,16.84,0.10,1.53,0.50,9.40,0.00,658
38.977,16.75,0.13,1.59,2.15,10.32,0.30,662
38.994,16.74,0.30,1.50,0.48,10.71,0.00,661
39.011,16.73,0.24,1.53,33.76,12.16,32.78,661
39.061,50.18,0.14,0.87,1.12,13.69,0.14,664
39.078,16.74,0.11,1.12,1.43,13.64,0.14,664
39.094,16.65,0.11,1.10,0.37,13.63,0.00,667
39.111,16.73,0.13,1.54,2.18,13.54,0.30,668
39.128,16.73,0.13,1.50,0.48,13.54,0.00,670
39.145,16.75,0.13,1.45,33.34,13.47,32.54,671
39.195,50.18,0.10,0.69,1.02,13.60,0.12,671
39.211,16.75,0.08,0.98,1.49,13.69,0.12,669
39.227,15.09,0.09,0.96,1.46,13.72,0.00,681
39.245,18.41,0.15,2.19,2.03,14.21,0.30,683
39.262,16.78,0.14,1.68,0.62,14.08,0.00,685
39.278,16.69,0.13,1.62,31.47,10.54,30.56,684
39.312,33.45,0.07,0.59,0.74,10.54,0.06,680
39.329,16.71,0.08,0.65,16.94,21.41,0.00,679
39.346,17.76,0.07,0.81,17.45,12.54,0.31,679
39.365,18.49,0.14,0.98,13.87,12.20,0.00,680
39.380,15.11,0.27,1.58,16.50,13.33,0.31,683
39.400,19.79,0.15,1.48,11.86,13.67,0.00,681
39.414,14.36,0.12,1.54,50.13,13.81,35.34,683
39.479,65.12,0.11,0.82,1.14,13.68,0.16,685
39.496,16.74,0.10,1.03,1.41,13.44,0.12,686
39.513,16.77,0.09,1.03,0.40,13.55,0.00,684
39.529,16.69,0.18,1.64,2.26,13.42,0.30,687
39.546,16.72,0.13,1.58,0.56,13.44,0.00,688
39.563,16.74,0.13,1.51,34.26,13.35,33.25,687
39.613,50.21,0.08,0.64,0.93,13.41,0.10,687
39.630,16.72,0.08,1.18,1.65,13.30,0.14,689
39.647,16.77,0.09,0.80,0.35,13.45,0.00,687
39.663,16.71,0.12,1.05,1.61,13.43,0.20,687
39.683,20.15,0.09,1.23,27.40,13.45,26.53,700
39.714,30.08,0.06,0.63,0.20,13.45,0.00,700
39.730,16.78,0.09,0.57,17.79,21.72,0.16,701
39.749,18.56,0.07,0.75,15.19,11.12,0.00,705
39.765,16.17,0.14,1.12,16.76,12.41,0.31,706
39.783,18.21,0.32,1.51,14.64,13.22,0.17,704
39.800,16.67,0.25,1.54,13.23,13.89,0.00,704
39.815,15.16,0.12,1.71,14.77,14.05,0.00,704
39.832,16.70,0.11,1.59,49.25,13.90,33.71,705
39.883,51.64,0.07,0.59,0.81,13.90,0.07,702
39.898,14.14,0.07,0.66,17.67,23.21,0.11,702
39.916,18.51,0.07,0.85,14.98,6.29,0.00,702
39.932,15.97,0.08,1.02,17.24,8.17,0.30,701
39.951,18.49,0.16,1.59,13.23,11.71,0.00,699
39.966,15.09,0.11,1.49,48.46,12.63,32.85,696
40.031,65.83,0.16,0.95,1.19,12.46,0.22,744
40.048,16.71,0.10,1.23,1.36,12.46,0.12,737
40.065,16.74,0.10,1.70,0.49,9.21,0.00,731
40.082,16.75,0.13,1.78,2.14,11.35,0.30,730
40.098,16.74,0.16,1.81,0.51,11.32,0.00,733
40.115,16.73,0.15,1.77,32.78,12.64,31.94,732
40.166,50.36,0.09,0.81,0.96,15.01,0.10,727
40.182,16.60,0.08,1.20,1.26,14.95,0.11,725
40.199,16.80,0.19,1.73,0.51,14.94,0.00,726
40.216,17.00,0.33,1.97,2.22,14.87,0.32,759
40.232,16.37,0.18,1.91,0.52,14.87,0.00,759
40.249,16.76,0.17,1.83,33.52,12.93,32.54,757
40.299,50.21,0.14,0.86,0.96,11.70,0.11,760
40.316,16.68,0.09,1.22,1.43,15.73,0.12,757
40.333,16.74,0.12,1.28,0.38,15.73,0.00,759
40.349,16.84,0.27,1.57,2.08,10.86,0.30,760
40.366,16.67,0.13,1.73,0.47,12.42,0.00,762
40.383,16.78,0.15,1.96,33.17,13.07,32.14,762
40.433,50.22,0.10,0.77,0.98,15.90,0.11,766
40.450,16.64,0.13,1.16,1.37,9.31,0.12,766
40.467,16.81,0.11,1.61,0.53,12.29,0.00,765
40.484,17.79,0.12,1.21,0.98,12.73,0.11,781
40.500,15.63,0.16,1.43,0.67,14.23,0.00,782
40.517,16.81,0.33,1.80,30.47,14.45,29.39,774
40.551,33.99,0.11,0.57,0.82,14.45,0.09,774
40.567,16.12,0.09,0.59,17.09,26.15,0.00,775
40.585,18.06,0.12,0.97,16.83,8.32,0.31,778
40.603,18.14,0.11,0.95,15.43,10.56,0.17,776
40.620,16.71,0.15,1.46,13.53,14.27,0.00,775
40.635,15.29,0.25,1.44,50.39,14.45,35.06,764
40.689,53.79,0.11,0.60,0.80,14.45,0.11,776
40.701,12.34,0.08,0.52,16.48,21.99,0.00,776
40.719,17.66,0.10,0.78,16.43,9.32,0.21,772
40.737,17.61,0.11,1.00,14.43,12.47,0.00,772
40.752,15.78,0.20,1.33,16.93,12.23,0.54,773
40.771,18.64,0.24,1.38,13.03,13.89,0.00,752
40.786,14.77,0.14,1.44,50.50,14.02,35.17,751
40.852,65.80,0.12,0.58,1.03,13.87,0.18,750
40.868,16.71,0.10,0.82,1.45,13.57,0.12,750
40.885,16.68,0.11,1.00,0.38,13.53,0.00,750
40.902,16.81,0.26,1.35,2.20,13.41,0.38,750
40.918,16.69,0.28,1.38,0.53,13.34,0.00,751
40.935,16.76,0.14,1.40,33.18,13.41,32.19,749
40.985,50.22,0.10,0.73,1.17,13.33,0.17,752
41.002,16.69,0.09,1.01,1.47,13.02,0.12,752
41.019,16.77,0.11,1.36,0.64,13.02,0.00,753
41.036,16.79,0.23,1.30,2.28,12.90,0.44,751
41.052,16.69,0.15,1.47,0.54,12.94,0.00,750
41.066,13.43,0.13,1.26,38.53,12.84,35.25,748
41.106,40.29,0.08,0.53,0.86,12.84,0.10,748
41.119,13.22,0.08,0.52,16.93,20.52,0.00,747
41.137,17.64,0.10,0.88,17.40,9.65,0.29,747
41.156,18.60,0.14,1.02,15.24,12.63,0.32,811
41.172,16.67,0.29,1.52,13.15,12.63,0.00,812
41.187,15.08,0.16,1.52,14.91,10.67,0.00,810
41.204,16.71,0.17,1.60,49.46,13.79,34.23,808
41.270,65.92,0.15,0.82,1.10,13.79,0.12,809
41.287,16.73,0.13,1.10,1.35,14.68,0.11,809
41.303,16.75,0.26,1.51,0.52,8.95,0.00,808
41.320,16.71,0.18,1.52,2.17,9.48,0.29,806
41.337,16.67,0.17,1.59,0.49,11.46,0.00,810
41.354,16.81,0.25,1.56,32.94,15.37,32.13,808
41.404,50.22,0.15,0.68,0.98,15.37,0.11,806
41.420,16.70,0.12,1.10,1.40,12.21,0.12,801
41.437,16.74,0.12,1.04,0.37,13.21,0.00,792
41.454,16.80,0.27,1.44,2.17,13.20,0.30,790
41.471,16.66,0.29,1.56,0.59,13.20,0.00,786
41.491,20.20,0.18,1.49,30.24,9.41,29.52,792
41.538,46.78,0.12,0.68,1.23,9.41,0.21,775
41.554,16.66,0.10,0.89,0.38,8.83,0.00,775
41.571,16.75,0.08,0.57,0.88,12.03,0.13,773
41.588,16.76,0.29,1.45,0.64,10.95,0.00,772
41.605,16.76,0.22,1.52,32.65,11.35,31.77,770
41.655,50.87,0.13,0.97,1.04,12.51,0.10,766
41.672,16.31,0.11,0.77,1.10,12.46,0.09,766
41.688,16.47,0.11,1.01,0.48,12.42,0.00,766
41.705,16.70,0.16,1.50,2.15,12.31,0.30,765
41.722,16.78,0.24,1.41,0.49,12.27,0.00,765
41.738,16.75,0.18,1.47,33.04,12.19,32.17,761
41.789,50.19,0.11,0.71,0.98,12.29,0.11,761
41.805,16.74,0.09,0.78,1.12,12.11,0.10,762
41.822,16.67,0.11,1.05,0.36,12.07,0.00,762
41.839,16.85,0.23,1.53,2.11,12.00,0.30,760
41.856,16.65,0.18,1.54,0.52,11.94,0.00,760
41.872,16.82,0.15,1.47,33.84,11.98,32.88,759
41.923,50.16,0.11,0.71,0.93,12.00,0.11,755
41.939,16.76,0.11,1.02,1.28,11.85,0.12,753
41.956,16.72,0.11,0.96,0.38,11.82,0.00,751
41.973,16.75,0.24,1.42,2.11,11.76,0.32,744
41.990,16.74,0.16,1.47,0.60,11.88,0.00,743
42.006,16.76,0.34,1.09,32.72,11.82,31.92,728
42.040,34.20,0.06,0.47,0.79,11.82,0.07,729
42.056,15.98,0.08,0.52,16.40,22.40,0.00,730
42.074,17.10,0.07,0.63,17.76,11.84,0.38,728
42.092,18.74,0.15,1.09,13.66,11.72,0.00,728
42.107,15.03,0.12,1.16,16.80,12.06,0.34,729
42.126,18.28,0.18,1.11,13.67,11.82,0.00,730
42.141,15.08,0.12,1.18,50.47,11.95,34.60,729
42.207,66.44,0.11,0.59,1.09,11.83,0.12,729
42.224,16.63,0.17,0.62,1.13,11.87,0.10,750
42.241,16.84,0.13,0.77,0.41,12.36,0.00,750
42.257,16.67,0.16,1.22,2.53,12.31,0.31,752
42.274,16.76,0.14,1.25,0.52,12.36,0.00,753
42.291,16.74,0.14,1.18,34.46,12.29,33.48,750
42.341,50.18,0.11,0.63,1.08,12.33,0.12,747
42.358,16.78,0.09,0.74,1.35,12.36,0.12,747
42.374,16.74,0.08,1.01,0.49,12.38,0.00,747
42.391,16.79,0.18,1.05,2.14,12.35,0.30,747
42.408,16.62,0.12,1.13,0.50,12.34,0.00,746
42.425,16.83,0.18,1.10,33.04,12.31,32.04,746
42.475,50.17,0.11,0.51,0.97,12.32,0.11,742
42.492,16.69,0.07,0.65,1.41,12.32,0.12,739
42.508,16.74,0.09,0.74,0.35,12.30,0.00,729
42.525,16.75,0.12,1.17,2.11,12.26,0.30,729
42.542,16.73,0.14,1.14,0.51,12.21,0.00,729
42.559,16.75,0.18,1.10,34.09,12.16,33.09,727
42.609,50.16,0.10,0.61,1.11,12.26,0.12,721
42.625,16.74,0.09,0.78,1.40,12.11,0.12,715
42.642,16.75,0.14,1.18,0.55,12.09,0.00,711
42.659,16.68,0.12,1.07,2.13,12.05,0.30,708
42.676,16.80,0.15,1.15,0.52,11.01,0.00,709
42.692,16.73,0.13,1.12,34.55,11.12,33.54,710
42.743,50.14,0.08,0.50,0.93,11.15,0.10,710
42.762,19.45,0.09,0.76,1.22,10.98,0.13,718
42.776,14.10,0.11,0.96,0.38,11.57,0.00,715
42.793,16.63,0.05,0.44,0.91,11.51,0.12,717
42.810,16.77,0.15,1.26,0.65,11.61,0.00,718
42.826,16.79,0.12,1.12,32.44,11.60,31.50,717
42.860,33.79,0.11,0.43,0.79,11.60,0.07,714
42.876,16.35,0.07,0.51,16.51,21.90,0.00,714
42.894,17.20,0.08,0.81,17.48,11.67,0.41,711
42.912,18.60,0.13,1.11,13.65,11.42,0.00,711
42.927,15.02,0.12,1.21,17.05,11.65,0.52,709
42.946,18.58,0.21,1.15,13.56,11.46,0.00,708
42.962,16.19,0.17,1.20,48.94,11.58,34.62,708
43.013,50.78,0.07,0.52,0.85,11.58,0.11,701
43.027,14.26,0.06,0.45,17.36,18.24,0.13,702
43.045,17.99,0.09,0.78,15.03,11.46,0.00,709
43.061,16.02,0.11,1.08,16.85,11.64,0.32,708
43.079,18.30,0.20,1.15,13.69,11.43,0.00,708
43.095,15.15,0.12,1.06,49.19,11.57,33.57,703
43.145,50.44,0.06,0.34,0.78,11.57,0.10,698
43.161,15.98,0.07,0.43,17.55,21.87,0.14,698
43.179,18.17,0.08,0.66,14.61,11.47,0.00,697
43.195,15.44,0.10,0.89,17.65,11.54,0.47,697
43.213,18.88,0.13,0.82,13.88,11.45,0.00,694
43.228,14.94,0.12,0.91,51.33,11.69,35.26,695
43.295,66.46,0.10,0.48,1.13,11.67,0.12,686
43.312,16.78,0.08,0.56,1.42,11.59,0.12,684
43.328,16.72,0.13,0.88,0.52,11.55,0.00,683
43.345,16.73,0.13,0.86,2.10,11.39,0.30,682
43.362,16.74,0.13,0.90,0.51,11.35,0.00,682
43.379,16.73,0.13,0.96,34.14,11.24,33.18,680
43.429,50.18,0.09,0.48,1.07,11.33,0.11,676
43.445,16.74,0.10,0.62,1.39,11.11,0.12,675
43.462,16.77,0.22,0.83,0.51,11.12,0.00,674
43.479,16.72,0.13,0.86,2.13,11.04,0.30,674
43.496,16.73,0.13,0.86,0.52,11.06,0.00,674
43.512,16.74,0.13,0.80,33.79,11.10,32.79,673
43.560,47.99,0.08,0.38,1.05,11.06,0.12,680
43.579,18.89,0.08,0.50,1.20,11.29,0.09,680
43.596,16.99,0.07,0.45,0.33,10.99,0.00,678
43.613,16.56,0.27,1.22,2.02,10.87,0.71,726
43.630,16.77,0.16,1.24,0.67,10.87,0.00,726
43.646,16.68,0.28,1.20,34.66,11.07,33.70,724
43.696,50.18,0.12,0.54,0.90,13.00,0.10,719
43.713,16.74,0.11,0.66,1.09,14.49,0.10,717
43.730,16.73,0.13,1.29,0.67,14.46,0.00,717
43.748,18.00,0.18,1.51,2.15,14.52,0.31,716
43.764,15.86,0.19,1.20,0.54,14.52,0.00,718
43.780,16.37,0.18,1.26,34.63,15.09,33.66,718
43.830,50.22,0.12,0.55,0.96,14.46,0.11,714
43.847,16.69,0.09,0.90,1.42,14.35,0.14,717
43.864,16.75,0.12,0.85,0.35,14.46,0.00,717
43.881,16.74,0.15,1.22,2.17,14.44,0.34,715
43.897,16.77,0.18,1.18,0.49,8.24,0.00,717
43.914,16.68,0.14,1.27,34.08,10.94,33.11,718
43.964,50.22,0.12,0.58,0.91,14.39,0.10,722
43.981,16.64,0.08,0.85,1.38,14.41,0.12,722
43.998,16.79,0.08,0.82,0.37,14.47,0.00,719
44.014,16.73,0.24,1.21,2.25,14.41,0.35,719
44.031,16.72,0.15,1.30,0.55,11.60,0.00,720
44.047,15.87,0.22,1.47,29.33,11.59,28.47,742
44.081,34.28,0.05,0.32,0.78,11.59,0.07,740
44.098,16.84,0.11,0.68,0.37,12.24,0.00,741
44.115,16.70,0.09,0.90,1.61,9.79,0.27,739
44.132,16.67,0.11,0.92,0.46,10.67,0.00,741
44.148,16.80,0.13,1.27,2.18,11.88,0.31,741
44.165,16.82,0.23,1.30,0.80,11.91,0.00,741
44.182,16.61,0.14,1.32,32.99,12.16,32.13,737
44.229,46.75,0.19,0.57,0.98,12.19,0.10,763
44.249,20.37,0.13,0.62,1.11,12.78,0.09,763
44.266,16.63,0.14,0.83,0.41,12.65,0.00,762
44.282,16.63,0.15,1.26,2.22,12.60,0.32,760
44.299,16.80,0.29,1.18,0.58,12.60,0.00,760
44.316,16.73,0.17,1.22,34.02,12.58,33.06,760
44.366,50.18,0.09,0.58,1.00,12.67,0.11,754
44.383,16.71,0.08,0.77,1.43,12.58,0.12,752
44.399,16.79,0.10,0.81,0.36,12.62,0.00,749
44.416,16.78,0.21,1.19,2.12,12.62,0.30,749
44.433,16.67,0.22,1.18,0.49,12.60,0.00,754
44.450,16.73,0.14,1.29,34.01,12.70,33.04,752
44.500,50.18,0.09,0.59,0.94,12.72,0.11,754
44.516,16.74,0.07,0.71,1.38,12.65,0.12,755
44.533,16.67,0.09,0.93,0.38,12.69,0.00,755
44.550,16.83,0.15,1.23,2.18,12.65,0.30,758
44.567,16.73,0.14,1.27,0.53,12.79,0.00,757
44.583,16.73,0.14,1.17,34.68,12.76,33.67,757
44.621,37.21,0.06,0.48,0.80,12.76,0.09,767
44.634,13.01,0.08,0.54,16.18,23.77,0.00,768
44.651,17.23,0.09,0.65,16.94,7.71,0.28,767
44.669,17.99,0.12,0.86,14.22,8.48,0.00,765
44.684,15.37,0.09,0.87,17.62,11.56,0.35,762
44.703,18.74,0.20,1.37,13.33,13.35,0.00,762
44.718,15.02,0.12,1.30,48.84,13.45,33.56,763
44.768,50.33,0.09,0.47,0.75,13.45,0.08,761
44.784,15.87,0.08,0.57,17.64,23.24,0.12,759
44.803,19.17,0.09,0.65,13.98,8.97,0.00,760
44.819,15.19,0.08,0.86,16.85,10.54,0.35,758
44.837,18.38,0.13,1.21,13.46,12.20,0.00,758
44.852,14.95,0.12,1.21,50.27,13.29,34.80,758
44.918,66.23,0.08,0.55,0.91,13.24,0.11,757
44.935,16.74,0.07,0.77,1.40,13.19,0.12,757
44.952,16.74,0.10,0.82,0.35,13.21,0.00,758
44.968,16.75,0.14,1.24,2.15,13.13,0.32,756
44.985,16.73,0.14,1.22,0.50,13.14,0.00,756
45.002,16.81,0.23,1.32,32.20,13.09,31.34,756
45.036,33.80,0.07,0.45,0.76,13.09,0.06,740
45.052,16.30,0.08,0.55,16.46,25.12,0.00,735
45.069,17.19,0.07,0.61,17.67,7.15,0.37,734
45.088,18.60,0.13,0.86,13.86,8.15,0.00,731
45.103,14.96,0.12,1.26,16.84,12.63,0.38,730
45.121,18.36,0.12,1.23,13.80,12.89,0.00,727
45.136,15.29,0.15,1.29,48.96,11.39,33.75,724
45.203,66.19,0.09,0.56,1.02,11.25,0.11,718
45.219,16.72,0.07,0.73,1.41,11.16,0.12,718
45.236,16.76,0.08,0.90,0.53,11.20,0.00,717
45.253,16.75,0.13,1.22,2.12,11.13,0.30,715
45.270,16.74,0.13,1.18,0.52,11.14,0.00,715
45.286,16.73,0.13,1.20,34.23,11.19,33.27,713
45.336,50.18,0.08,0.56,0.92,11.15,0.11,710
45.353,16.72,0.07,0.71,1.32,10.91,0.12,707
45.370,16.75,0.08,0.77,0.34,10.91,0.00,705
45.387,16.75,0.11,1.20,2.15,10.85,0.30,706
45.403,16.73,0.11,1.15,0.50,10.93,0.00,708
45.420,16.75,0.18,1.09,34.60,10.88,33.63,706
45.470,50.16,0.09,0.56,0.94,10.88,0.10,699
45.487,16.73,0.07,0.71,1.42,10.74,0.13,698
45.504,16.69,0.09,0.83,0.39,10.77,0.00,698
45.521,16.81,0.13,1.22,2.21,10.86,0.30,697
45.537,16.73,0.12,1.19,0.61,10.89,0.00,696
45.554,16.73,0.12,1.12,34.26,10.85,33.25,694
45.591,36.92,0.06,0.32,0.83,10.85,0.09,696
45.604,13.26,0.08,0.38,16.50,17.47,0.00,694
45.622,17.33,0.07,0.48,16.90,9.80,0.24,691
45.639,17.76,0.09,0.57,14.99,11.35,0.00,688
45.655,15.86,0.11,1.04,17.65,11.41,0.42,687
45.674,18.98,0.13,0.94,13.27,11.27,0.00,685
45.689,14.46,0.11,0.88,51.79,11.37,35.90,682
45.742,53.48,0.08,0.40,0.88,11.37,0.08,678
45.755,12.73,0.06,0.34,17.39,20.99,0.12,677
45.773,17.87,0.06,0.46,15.18,11.48,0.00,674
45.789,15.84,0.08,0.90,17.42,11.57,0.32,673
45.807,18.56,0.12,0.81,14.24,11.46,0.00,671
45.822,15.29,0.14,0.87,49.49,11.52,33.72,667
45.889,66.33,0.10,0.50,1.13,11.38,0.11,663
45.905,16.73,0.06,0.45,1.07,11.24,0.09,659
45.922,16.74,0.09,0.59,0.48,11.24,0.00,658
45.939,16.74,0.11,0.88,2.18,11.21,0.30,659
45.956,16.75,0.20,0.82,0.51,11.30,0.00,657
45.972,16.73,0.14,0.90,34.94,11.29,33.96,657
46.023,50.18,0.08,0.45,0.96,11.57,0.10,656
46.039,16.72,0.07,0.58,1.33,11.54,0.12,663
46.056,16.75,0.09,0.62,0.37,11.56,0.00,658
46.073,16.73,0.12,0.88,2.09,11.41,0.31,656
46.090,16.73,0.13,0.87,0.50,11.33,0.00,654
46.106,16.73,0.15,0.85,32.62,11.27,31.82,651
46.140,33.68,0.05,0.33,0.74,11.27,0.06,649
46.156,16.55,0.06,0.39,17.08,21.22,0.00,648
46.174,17.66,0.07,0.62,17.95,11.03,0.31,648
46.193,18.78,0.11,0.78,13.76,10.87,0.00,642
46.208,14.76,0.10,0.68,17.56,11.00,0.32,640
46.226,18.65,0.13,0.75,13.94,10.93,0.00,637
46.241,14.93,0.27,0.89,49.38,11.04,33.62,657
46.307,65.82,0.10,0.50,1.07,11.58,0.11,644
46.324,16.69,0.08,0.65,1.37,11.05,0.12,646
46.341,16.75,0.13,0.92,0.55,11.18,0.00,644
46.357,16.75,0.13,0.85,2.14,10.99,0.26,642
46.374,16.72,0.12,0.87,0.51,10.95,0.00,644
46.391,16.73,0.12,0.85,35.50,10.83,34.54,642
46.441,50.18,0.09,0.50,1.11,10.87,0.11,636
46.456,15.07,0.07,0.45,2.95,10.67,0.10,652
46.474,18.51,0.37,0.72,0.42,11.30,0.00,649
46.491,16.61,0.10,0.67,1.53,11.17,0.25,647
46.508,16.78,0.12,0.96,0.58,11.14,0.00,644
46.525,16.74,0.11,0.96,31.86,11.07,30.79,641
46.558,33.40,0.09,0.45,0.78,11.07,0.09,641
46.575,16.80,0.07,0.45,17.00,20.35,0.00,635
46.592,17.62,0.07,0.63,17.66,10.98,0.31,632
46.611,18.56,0.21,0.89,15.42,10.77,0.17,632
46.628,16.68,0.21,0.89,13.97,10.70,0.00,630
46.643,15.29,0.10,1.14,15.30,10.72,0.00,631
46.661,17.94,0.13,0.88,49.96,10.79,35.12,630
46.725,64.52,0.11,0.48,1.19,10.61,0.22,628
46.742,16.69,0.06,0.51,0.33,10.59,0.00,628
46.759,16.75,0.08,0.79,2.10,10.55,0.33,628
46.776,16.74,0.13,0.92,0.49,10.60,0.00,628
46.792,16.75,0.12,0.86,34.88,10.63,33.89,629
46.842,50.13,0.08,0.41,0.90,10.69,0.10,625
46.859,16.78,0.08,0.66,1.31,10.59,0.12,625
46.876,16.76,0.08,0.62,0.39,10.55,0.00,627
46.897,20.73,0.12,0.86,2.43,10.50,0.38,637
46.909,12.72,0.09,0.83,0.78,10.50,0.00,639
46.926,16.73,0.11,1.00,34.32,9.95,33.34,637
46.976,50.17,0.08,0.49,0.95,8.87,0.12,639
46.993,16.69,0.06,0.52,1.04,11.10,0.10,639
47.010,16.77,0.09,0.71,0.54,11.15,0.00,639
47.024,13.72,0.11,0.87,3.11,11.21,0.00,639
47.044,20.23,0.12,0.88,2.29,11.38,0.44,634
47.060,16.30,0.12,0.92,33.76,11.21,32.91,634
47.110,50.21,0.07,0.43,0.98,11.18,0.09,628
47.127,16.73,0.06,0.61,1.32,10.95,0.13,628
47.144,16.72,0.09,0.90,0.51,10.93,0.00,626
47.161,16.76,0.11,0.94,2.19,11.06,0.33,625
47.177,16.73,0.12,0.84,0.51,11.02,0.00,626
47.194,16.67,0.13,0.96,33.43,11.04,32.60,625
47.244,50.17,0.17,0.56,1.05,11.22,0.18,672
47.261,16.83,0.10,0.82,1.38,11.82,0.15,672
47.278,16.74,0.12,0.86,0.39,11.91,0.00,671
47.294,16.71,0.14,1.14,2.16,11.83,0.32,669
47.311,16.69,0.13,1.12,0.49,11.81,0.00,670
47.328,16.81,0.12,1.14,34.77,11.71,33.81,667
47.378,50.19,0.09,0.56,0.93,11.71,0.10,669
47.395,16.72,0.06,0.62,1.01,11.67,0.10,668
47.411,16.69,0.13,1.18,0.56,11.72,0.00,664
47.427,15.91,0.12,1.28,2.57,11.67,0.47,671
47.445,17.55,0.05,0.34,0.31,12.22,0.00,669
47.462,17.01,0.09,0.72,33.19,12.40,32.24,669
47.512,49.92,0.08,0.55,1.18,12.29,0.12,666
47.529,16.71,0.09,0.79,1.38,12.27,0.12,665
47.545,16.77,0.11,1.27,0.51,12.20,0.00,666
47.562,16.79,0.13,1.24,2.20,12.09,0.31,656
47.579,16.68,0.11,1.29,0.51,12.00,0.00,655
47.597,17.85,0.12,1.21,32.36,11.86,31.41,654
47.631,34.03,0.06,0.46,0.74,11.86,0.06,654
47.646,15.04,0.06,0.50,17.12,22.24,0.00,653
47.663,17.76,0.06,0.61,17.62,11.82,0.32,649
47.682,18.50,0.08,0.85,14.18,11.70,0.00,648
47.697,15.23,0.10,1.31,16.52,11.74,0.30,647
47.715,18.15,0.11,1.22,13.69,11.63,0.00,645
47.731,15.13,0.11,1.16,50.71,11.67,34.92,645
47.796,65.82,0.08,0.51,0.89,11.64,0.10,632
47.813,16.73,0.07,0.74,1.30,11.21,0.12,631
47.830,16.75,0.07,0.77,0.35,11.17,0.00,629
47.847,16.76,0.12,1.15,2.16,11.01,0.31,629
47.863,16.76,0.13,1.15,0.52,11.10,0.00,627
47.880,16.72,0.12,1.17,34.69,10.98,33.70,624
47.930,50.20,0.07,0.51,0.91,10.98,0.11,622
47.947,16.72,0.07,0.80,1.33,10.73,0.12,620
47.964,16.73,0.11,1.04,0.36,10.74,0.00,663
47.980,16.78,0.12,1.57,2.35,14.57,0.51,663
47.997,16.69,0.13,1.48,0.49,14.57,0.00,662
48.014,16.77,0.13,1.47,34.34,11.92,33.39,660
48.064,50.18,0.09,0.65,0.92,11.46,0.10,647
48.081,16.81,0.12,0.82,1.06,14.26,0.09,648
48.098,16.64,0.09,1.06,0.33,14.38,0.00,650
48.114,16.81,0.23,1.47,2.13,14.31,0.32,651
48.131,16.67,0.14,1.51,0.49,14.31,0.00,651
48.148,16.76,0.12,1.44,32.86,9.59,31.92,651
48.198,50.12,0.10,0.79,1.09,13.09,0.11,649
48.215,16.74,0.10,1.01,1.36,14.35,0.12,643
48.231,16.75,0.12,1.45,0.50,14.40,0.00,642
48.248,16.73,0.34,1.50,2.18,14.37,0.31,681
48.265,16.74,0.15,1.52,0.52,14.37,0.00,680
48.282,16.74,0.12,1.53,33.10,14.21,32.13,682
48.332,50.21,0.13,0.63,0.91,14.67,0.10,679
48.349,16.77,0.07,1.07,1.39,15.04,0.12,678
48.368,19.67,0.09,1.00,0.51,15.08,0.00,688
48.382,13.80,0.09,1.09,1.60,12.89,0.21,690
48.399,16.69,0.12,1.63,0.57,12.89,0.00,689
48.415,16.73,0.12,1.64,29.13,12.89,28.59,691
48.449,33.56,0.09,0.56,1.00,12.89,0.09,692
48.466,16.68,0.08,0.79,0.38,13.08,0.00,688
48.482,16.74,0.08,1.04,1.55,13.11,0.20,689
48.499,16.73,0.08,1.51,0.55,9.14,0.00,687
48.513,13.57,0.12,1.53,4.24,11.14,0.31,689
48.533,20.39,0.12,1.40,0.56,12.31,0.00,691
48.549,16.26,0.14,1.45,33.27,12.52,32.42,693
48.600,50.19,0.09,0.67,1.01,13.69,0.10,696
48.616,16.72,0.06,1.03,1.34,13.68,0.12,697
48.633,16.77,0.08,1.03,0.37,13.71,0.00,698
48.650,16.71,0.13,1.48,2.14,13.71,0.31,699
48.667,16.74,0.13,1.56,0.48,13.84,0.00,701
48.683,16.73,0.12,1.51,33.24,14.04,32.37,701
48.719,36.10,0.06,0.60,0.80,14.04,0.08,714
48.733,14.08,0.07,0.57,16.72,25.49,0.00,716
48.751,17.77,0.07,0.72,16.89,7.94,0.21,720
48.769,18.13,0.05,0.54,14.67,9.04,0.00,718
48.785,15.45,0.23,1.51,14.96,12.30,0.12,717
48.802,16.84,0.08,0.60,15.80,14.90,0.00,715
48.818,16.59,0.11,1.56,48.16,14.97,32.89,713
48.869,50.27,0.04,0.57,0.76,14.97,0.07,714
48.884,15.76,0.08,0.65,17.31,24.01,0.11,713
48.903,18.29,0.06,0.83,14.73,11.20,0.00,714
48.918,15.73,0.08,1.00,17.37,12.80,0.31,714
48.937,18.59,0.16,1.52,13.41,14.44,0.00,715
48.952,15.20,0.10,1.56,50.44,14.14,34.86,714
49.018,65.87,0.10,0.81,1.14,14.54,0.12,712
49.035,16.70,0.08,1.05,1.37,14.34,0.12,713
49.051,16.73,0.08,1.45,0.53,9.90,0.00,711
49.068,16.72,0.12,1.55,1.86,11.98,0.31,714
49.085,16.78,0.11,1.55,0.52,13.81,0.00,715
49.102,16.76,0.11,1.50,34.67,13.80,33.71,716
49.152,50.14,0.10,0.84,1.08,13.77,0.12,717
49.169,16.72,0.06,0.99,1.34,13.68,0.12,715
49.185,16.74,0.21,1.08,0.36,13.67,0.00,748
49.202,16.76,0.13,1.65,2.25,14.09,0.41,749
49.219,16.73,0.13,1.56,0.59,14.05,0.00,748
49.235,16.75,0.13,1.46,33.89,10.05,32.91,749
49.286,50.16,0.09,0.67,0.94,12.69,0.11,746
49.302,16.69,0.07,1.01,1.34,13.97,0.11,745
49.319,16.81,0.11,1.06,0.35,13.96,0.00,745
49.336,16.67,0.12,1.50,2.13,13.85,0.31,743
49.353,16.82,0.14,1.63,0.50,13.80,0.00,743
49.369,16.71,0.22,1.83,32.24,13.70,31.43,797
49.404,34.35,0.07,0.69,0.74,13.70,0.08,794
49.420,15.92,0.07,0.81,16.66,17.77,0.00,791
49.437,17.66,0.10,1.28,16.87,10.11,0.31,790
49.456,18.40,0.14,1.93,13.02,10.23,0.00,791
49.471,15.20,0.13,1.89,16.19,12.41,0.32,789
49.489,18.36,0.20,1.85,12.90,12.39,0.00,788
49.504,15.07,0.13,1.88,50.43,15.36,35.26,789
49.559,54.43,0.09,0.69,0.78,15.36,0.11,799
49.570,11.41,0.08,0.78,17.13,24.10,0.08,799
49.588,18.35,0.08,1.00,14.88,10.84,0.00,798
49.605,16.25,0.12,1.31,16.64,13.15,0.31,799
49.623,18.26,0.10,1.26,14.30,14.59,0.00,797
49.639,15.91,0.22,1.95,48.83,14.87,34.72,797
49.704,65.18,0.10,0.88,0.99,14.87,0.12,792
49.721,16.59,0.09,1.32,1.39,14.72,0.13,792
49.734,13.42,0.10,1.29,2.78,10.19,0.00,792
49.755,20.48,0.13,1.85,2.18,13.76,0.36,792
49.771,16.40,0.15,2.03,0.52,13.36,0.00,791
49.788,16.70,0.13,1.90,33.29,12.80,32.34,789
49.838,50.22,0.09,0.85,0.95,13.57,0.11,783
49.855,16.72,0.08,1.27,1.38,13.43,0.12,781
49.871,16.76,0.12,1.29,0.36,13.52,0.00,775
49.888,16.73,0.14,1.92,2.16,13.47,0.33,776
49.905,16.74,0.14,1.89,0.54,13.45,0.00,771
49.922,16.78,0.22,1.80,34.12,13.41,33.15,764
49.972,50.17,0.10,0.76,0.93,13.44,0.11,756
49.988,16.69,0.07,1.07,1.39,13.46,0.12,756
50.005,16.74,0.09,1.03,0.38,13.49,0.00,753
50.022,16.75,0.14,1.54,2.16,13.45,0.30,748
50.039,16.73,0.14,1.59,0.50,13.48,0.00,746
50.055,16.68,0.13,1.59,32.93,13.42,32.13,746
50.106,50.29,0.10,0.72,0.97,13.46,0.11,738
50.122,16.73,0.07,1.03,1.35,13.55,0.12,735
50.139,16.72,0.09,1.02,0.40,13.53,0.00,735
50.156,16.73,0.13,1.59,2.23,13.53,0.32,733
50.173,16.73,0.14,1.65,0.55,13.56,0.00,734
50.193,20.49,0.14,1.64,30.35,13.52,29.65,741
50.240,46.49,0.11,0.66,1.08,14.28,0.13,738
50.256,16.72,0.19,1.17,1.41,14.17,0.12,754
50.273,16.74,0.13,1.09,0.56,14.74,0.00,755
50.290,16.74,0.26,1.60,2.16,14.71,0.31,752
50.307,16.74,0.23,1.60,0.52,11.90,0.00,751
50.323,16.72,0.16,1.61,34.07,14.25,33.09,752
50.360,36.45,0.07,0.61,0.81,14.25,0.08,752
50.373,13.78,0.07,0.63,16.77,23.09,0.00,752
50.391,17.56,0.06,0.75,16.77,10.73,0.21,753
50.409,17.69,0.09,1.02,14.80,13.52,0.00,754
50.425,16.07,0.11,1.58,16.35,13.70,0.32,756
50.443,18.26,0.17,1.45,13.39,14.47,0.00,756
50.458,15.12,0.11,1.43,50.01,14.78,34.43,760
50.524,65.87,0.10,0.80,1.12,14.58,0.15,760
50.541,16.70,0.09,1.04,1.33,14.23,0.12,761
50.557,16.74,0.10,1.42,0.50,14.18,0.00,761
50.574,16.75,0.12,1.48,2.12,14.18,0.30,763
50.591,16.74,0.12,1.43,0.55,14.14,0.00,763
50.608,16.74,0.12,1.42,33.12,14.01,32.30,763
50.658,50.13,0.08,0.65,0.95,14.02,0.09,763
50.675,16.83,0.08,0.81,1.06,13.67,0.09,761
50.691,16.74,0.10,0.98,0.39,13.75,0.00,759
50.708,16.74,0.19,1.40,2.17,13.63,0.31,758
50.724,15.76,0.12,1.56,0.92,13.63,0.00,764
50.742,17.67,0.04,0.43,26.43,14.05,25.11,762
50.769,27.37,0.10,0.77,1.17,14.05,0.10,757
50.775,6.09,0.09,0.70,16.97,13.97,0.00,756
50.793,17.86,0.08,1.07,15.74,10.25,0.00,753
50.810,17.12,0.23,1.24,16.74,11.08,0.47,748
50.828,18.43,0.13,1.43,13.13,11.53,0.00,745
50.843,14.82,0.11,1.62,16.33,12.95,0.31,742
50.861,18.20,0.19,1.36,13.43,12.56,0.00,741
50.877,15.09,0.14,1.54,49.57,13.49,34.15,740
50.929,51.94,0.06,0.55,0.81,13.49,0.06,740
50.942,13.94,0.07,0.60,17.30,21.58,0.08,741
50.960,18.05,0.05,0.62,15.34,11.64,0.00,740
50.977,16.09,0.06,0.73,16.92,11.73,0.20,739
50.994,17.83,0.15,0.89,14.91,11.51,0.00,738
51.010,16.08,0.11,1.42,49.86,11.60,34.44,736
51.076,65.80,0.12,0.60,0.90,11.43,0.10,734
51.093,16.70,0.07,0.75,1.07,11.37,0.10,734
51.110,16.74,0.08,0.94,0.37,11.40,0.00,732
51.126,16.76,0.12,1.38,2.19,11.35,0.30,730
51.143,16.74,0.24,1.58,0.51,11.36,0.00,784
51.160,16.73,0.13,1.65,33.74,15.46,32.75,783
51.210,50.20,0.25,0.77,1.05,15.50,0.21,827
51.227,16.69,0.11,1.22,1.31,15.50,0.15,827
51.244,16.76,0.14,1.24,0.39,11.93,0.00,828
51.260,16.74,0.28,1.81,2.16,13.20,0.36,831
51.277,16.74,0.20,1.83,0.55,13.20,0.00,831
51.294,16.73,0.20,1.88,33.33,16.81,32.32,829
51.344,50.22,0.13,0.68,0.94,16.81,0.11,813
51.361,16.70,0.11,1.09,1.33,13.95,0.12,813
51.377,16.74,0.14,1.11,0.35,9.73,0.00,812
51.394,16.75,0.21,1.58,2.14,11.44,0.30,809
51.411,16.74,0.21,1.65,0.54,13.82,0.00,812
51.428,16.73,0.21,1.64,33.58,14.97,32.60,810
51.465,37.07,0.11,0.66,0.75,14.97,0.08,828
51.478,13.19,0.12,0.58,16.63,25.62,0.00,826
51.496,17.90,0.15,0.84,16.28,11.55,0.21,825
51.514,17.67,0.14,0.81,15.36,14.07,0.11,827
51.530,16.49,0.14,1.33,14.48,14.50,0.00,827
51.546,16.09,0.20,1.75,14.42,14.87,0.00,821
51.563,16.49,0.18,1.70,49.93,15.02,34.68,823
51.629,65.95,0.16,0.96,1.17,15.02,0.13,811
51.642,13.26,0.11,0.81,4.27,15.00,0.12,809
51.662,20.47,0.19,1.63,0.51,8.70,0.00,807
51.679,16.45,0.19,1.66,2.21,8.75,0.30,809
51.695,16.75,0.20,1.74,0.51,10.61,0.00,811
51.712,16.72,0.33,1.96,33.07,14.43,32.06,809
51.762,50.21,0.13,0.77,1.02,15.35,0.11,804
51.779,16.69,0.11,1.17,1.45,15.31,0.12,802
51.796,16.74,0.14,1.11,0.44,15.31,0.00,799
51.813,16.75,0.29,1.55,2.06,11.07,0.30,795
51.829,16.75,0.22,1.68,0.59,11.32,0.00,793
51.846,16.75,0.29,1.73,33.99,12.56,32.87,792
51.896,50.19,0.14,0.86,1.11,14.67,0.13,786
51.913,16.70,0.13,1.22,1.38,15.04,0.12,784
51.930,16.74,0.13,1.63,1.69,15.02,0.17,782
51.947,16.79,0.29,1.68,0.54,15.09,0.00,782
51.963,16.65,0.20,1.84,33.11,15.01,32.10,782
52.013,50.27,0.15,0.96,1.11,15.07,0.15,774
52.030,16.71,0.13,1.18,1.47,15.00,0.12,772
52.047,16.74,0.19,1.72,0.54,15.00,0.00,773
52.064,16.74,0.26,1.69,2.18,14.96,0.33,774
52.080,16.74,0.34,1.53,0.49,12.13,0.00,777
52.097,16.73,0.29,1.58,33.57,14.36,32.60,777
52.147,50.22,0.13,0.70,0.96,15.05,0.14,776
52.164,16.70,0.10,0.88,1.12,14.90,0.10,776
52.181,16.74,0.12,1.19,0.44,15.00,0.00,776
52.201,20.33,0.20,1.32,1.55,14.96,0.21,785
52.214,13.09,0.13,1.17,0.40,14.96,0.00,784
52.231,16.74,0.08,0.57,33.23,19.52,32.25,784
52.265,34.11,0.16,0.59,0.77,19.52,0.08,829
52.281,16.12,0.11,0.68,16.15,23.91,0.00,828
52.298,17.09,0.11,0.87,17.06,12.38,0.36,828
52.316,18.19,0.15,1.18,14.17,13.62,0.00,829
52.332,15.62,0.24,1.73,16.26,14.19,0.39,829
52.351,18.48,0.30,1.60,13.06,13.40,0.00,827
52.366,15.09,0.26,1.63,50.31,14.29,35.44,826
52.428,62.65,0.12,0.72,0.92,14.29,0.11,817
52.449,20.44,0.12,0.87,1.15,16.66,0.10,812
52.465,16.52,0.14,1.09,0.39,7.98,0.00,811
52.482,16.74,0.18,1.69,2.31,8.75,0.46,809
52.499,16.74,0.19,1.67,0.66,11.30,0.00,805
52.512,12.85,0.18,1.52,37.72,15.24,34.57,802
52.566,54.14,0.14,0.70,0.96,15.19,0.11,797
52.582,16.69,0.10,1.08,1.34,15.05,0.13,793
52.599,16.70,0.12,1.11,0.40,12.94,0.00,791
52.616,16.77,0.11,0.80,1.15,13.37,0.16,787
52.633,16.68,0.10,0.57,0.22,14.16,0.00,786
52.649,16.81,0.08,0.53,24.04,14.84,23.16,783
52.674,24.75,0.09,0.57,0.25,14.84,0.00,780
52.683,8.65,0.07,0.52,16.64,13.84,0.13,778
52.700,17.32,0.07,0.62,15.45,8.71,0.00,780
52.716,16.22,0.07,0.63,16.48,11.38,0.12,776
52.734,17.32,0.07,0.52,15.46,11.12,0.00,777
52.750,16.13,0.07,0.60,18.16,12.51,0.36,777
52.769,19.15,0.16,1.56,13.05,12.55,0.00,774
52.784,14.89,0.14,1.54,48.72,12.89,33.42,772
52.834,50.50,0.08,0.60,0.80,12.89,0.09,765
52.850,15.87,0.07,0.66,17.34,24.24,0.14,762
52.868,18.18,0.10,1.02,14.48,6.49,0.00,762
52.884,15.69,0.10,0.99,17.26,7.90,0.38,761
52.903,18.59,0.15,1.53,13.20,11.78,0.00,760
52.918,15.00,0.14,1.55,49.73,12.86,34.44,756
52.984,66.43,0.10,0.68,1.06,12.66,0.10,754
53.001,16.75,0.10,1.02,1.40,12.94,0.09,752
53.018,16.74,0.18,3.08,0.45,12.96,0.00,802
53.034,16.69,0.18,2.25,2.50,13.11,0.68,800
53.052,17.28,0.18,2.11,0.59,13.12,0.00,801
53.067,15.06,0.19,2.37,29.04,13.05,28.13,816
53.101,34.65,0.08,0.77,0.81,13.05,0.07,818
53.114,13.13,0.10,0.64,2.74,13.74,0.00,818
53.131,16.56,0.09,0.70,3.91,11.30,0.19,815
53.152,21.27,0.14,1.23,0.46,8.20,0.00,814
53.168,16.03,0.23,1.67,1.64,9.35,0.24,813
53.181,13.20,0.18,1.43,2.46,11.66,0.00,809
53.198,16.69,0.18,1.41,35.79,13.80,33.00,810
53.236,37.91,0.08,0.59,0.78,13.80,0.08,811
53.252,15.90,0.11,0.77,16.06,24.47,0.00,814
53.269,17.08,0.10,0.77,16.86,7.00,0.28,815
53.287,17.83,0.12,1.06,14.48,9.51,0.00,815
53.303,15.82,0.17,1.59,16.28,13.00,0.38,817
53.321,18.34,0.17,1.54,13.25,13.42,0.00,818
53.336,15.08,0.18,1.57,47.47,13.49,32.33,820
53.386,49.63,0.08,0.63,0.73,13.49,0.06,820
53.402,16.70,0.11,0.69,17.15,21.64,0.10,817
53.420,18.05,0.10,0.83,14.66,12.17,0.00,818
53.436,15.72,0.19,1.10,17.18,13.16,0.35,817
53.455,18.62,0.18,1.62,13.28,12.74,0.00,818
53.470,15.21,0.16,1.55,50.42,13.15,35.26,818
53.536,66.35,0.13,0.84,1.10,12.98,0.13,820
53.553,16.78,0.12,1.01,1.39,12.83,0.12,821
53.570,16.71,0.12,1.38,0.52,12.80,0.00,824
53.587,16.75,0.16,1.52,2.13,12.84,0.33,824
53.603,16.74,0.16,1.59,0.55,12.82,0.00,824
53.620,16.75,0.24,1.48,33.75,12.76,32.77,822
53.670,50.17,0.11,0.67,0.91,12.77,0.11,823
53.687,16.71,0.10,0.92,1.38,12.80,0.12,823
53.704,16.80,0.13,1.00,0.37,12.82,0.00,823
53.720,16.67,0.19,1.86,2.27,12.76,0.33,825
53.737,16.79,0.23,1.51,0.54,12.91,0.00,823
53.753,15.89,0.18,2.08,28.52,12.88,27.54,832
53.787,34.23,0.08,0.59,0.79,12.88,0.08,830
53.804,16.81,0.11,0.67,0.33,13.44,0.00,830
53.821,16.69,0.10,0.81,1.47,10.58,0.16,829
53.838,16.77,0.19,1.65,0.58,9.23,0.00,826
53.854,16.78,0.23,1.50,2.34,10.36,0.44,827
53.871,16.68,0.24,1.47,0.56,11.39,0.00,827
53.888,16.74,0.19,1.56,33.16,13.18,32.28,830
53.939,50.87,0.23,0.69,0.98,13.33,0.09,832
53.955,16.36,0.10,0.76,1.05,13.24,0.09,833
53.971,16.47,0.13,1.03,0.38,13.33,0.00,833
53.988,16.75,0.17,1.45,2.19,13.31,0.38,836
54.005,16.76,0.26,1.48,0.60,13.32,0.00,835
54.022,16.65,0.17,1.47,33.45,13.30,32.48,836
54.072,50.25,0.12,0.70,0.90,13.30,0.11,834
54.089,16.80,0.10,0.77,1.13,13.23,0.10,835
54.105,16.61,0.13,1.50,0.62,13.24,0.00,835
54.122,16.82,0.26,1.41,2.21,13.20,0.34,838
54.139,16.73,0.16,1.46,0.56,13.32,0.00,839
54.156,16.68,0.18,1.52,33.13,13.28,32.14,839
54.206,50.24,0.22,0.75,1.20,13.34,0.19,869
54.223,16.76,0.16,1.08,1.44,13.94,0.15,863
54.239,16.72,0.11,1.48,0.55,13.91,0.00,862
54.256,16.70,0.16,1.49,2.13,13.85,0.36,861
54.273,16.79,0.42,1.64,0.57,13.83,0.00,880
54.289,16.73,0.24,1.61,32.95,14.41,31.99,878
54.340,50.16,0.13,0.78,0.92,14.41,0.10,874
54.356,16.74,0.11,0.91,1.08,14.24,0.10,874
54.373,16.76,0.12,1.17,0.40,14.33,0.00,870
54.390,16.68,0.18,1.65,2.22,14.27,0.37,869
54.407,16.81,0.20,1.69,0.68,14.23,0.00,868
54.423,16.69,0.29,1.81,33.98,14.13,32.82,866
54.461,37.45,0.08,0.65,0.82,14.13,0.09,870
54.474,12.85,0.10,0.61,16.08,21.24,0.00,869
54.491,17.13,0.08,0.72,16.74,10.88,0.22,867
54.509,17.94,0.12,0.82,14.32,13.33,0.00,867
54.524,15.41,0.12,1.12,17.75,13.46,0.28,865
54.544,19.49,0.20,1.69,12.25,12.53,0.00,860
54.558,14.26,0.16,1.70,48.95,12.52,33.96,861
54.624,66.33,0.13,0.78,0.98,12.42,0.09,856
54.641,16.69,0.12,1.20,1.39,12.19,0.11,854
54.659,17.80,0.14,1.19,0.45,12.11,0.00,853
54.675,16.23,0.18,1.71,2.11,12.15,0.28,851
54.691,16.27,0.34,1.57,0.62,12.08,0.00,848
54.708,16.72,0.16,1.54,33.03,11.98,32.20,844
54.758,50.19,0.12,0.74,0.93,11.96,0.09,843
54.775,16.73,0.10,0.99,1.40,11.82,0.12,839
54.792,16.76,0.13,1.13,0.37,11.77,0.00,831
54.808,16.73,0.16,1.60,2.19,11.65,0.40,829
54.825,16.73,0.25,1.61,0.56,11.59,0.00,826
54.842,16.81,0.23,1.53,33.65,11.63,32.67,824
54.892,50.12,0.12,0.77,0.91,11.62,0.10,814
54.909,16.70,0.10,0.82,1.04,11.40,0.09,808
54.925,16.82,0.11,1.05,0.37,11.49,0.00,801
54.942,16.71,0.16,1.64,2.22,11.38,0.36,794
54.959,16.67,0.18,1.62,0.62,11.35,0.00,791
54.976,16.80,0.16,1.57,32.83,11.28,32.01,786
55.026,50.20,0.11,0.55,0.95,11.38,0.09,758
55.043,16.73,0.09,0.62,1.38,11.15,0.11,755
55.059,16.75,0.14,0.96,0.56,11.10,0.00,754
55.076,16.74,0.16,1.09,2.12,11.15,0.27,753
55.093,16.74,0.17,1.05,0.49,11.14,0.00,745
55.110,16.73,0.17,1.07,34.73,11.03,33.77,744
55.160,50.20,0.12,0.54,0.94,11.04,0.10,736
55.176,16.73,0.10,0.53,1.02,10.98,0.09,730
55.193,16.68,0.11,0.70,0.36,10.92,0.00,727
55.210,16.81,0.20,1.35,2.35,10.84,0.54,782
55.227,16.73,0.26,1.32,0.55,10.84,0.00,779
55.243,16.74,0.24,1.27,34.02,10.92,33.07,777
55.294,50.19,0.14,0.76,1.11,13.05,0.12,773
55.310,16.73,0.12,0.86,1.35,13.27,0.11,769
55.327,16.74,0.14,1.29,0.58,13.45,0.00,769
55.344,16.76,0.19,1.40,2.13,14.63,0.32,768
55.361,16.74,0.18,1.37,0.58,14.63,0.00,766
55.377,16.68,0.19,1.35,34.57,13.40,33.55,767
55.428,50.28,0.16,0.83,1.10,14.05,0.14,761
55.444,16.73,0.13,0.88,1.33,14.59,0.11,761
55.461,16.77,0.17,1.54,0.53,14.72,0.00,760
55.482,20.48,0.20,1.37,2.10,14.69,0.27,768
55.494,12.92,0.17,1.29,0.59,14.69,0.00,767
55.511,16.73,0.09,0.51,34.91,13.50,34.02,759
55.548,36.62,0.09,0.49,0.79,13.50,0.06,751
55.562,13.73,0.11,0.54,15.99,22.00,0.00,748
55.579,17.13,0.10,0.74,16.92,10.83,0.33,745
55.597,18.44,0.23,0.94,13.78,14.08,0.00,737
55.613,15.74,0.17,1.42,16.38,13.93,0.46,733
55.632,18.87,0.19,1.31,12.29,12.28,0.00,719
55.646,14.33,0.16,1.26,49.91,12.03,34.87,721
55.712,65.97,0.13,0.64,0.94,12.25,0.11,711
55.729,16.73,0.10,0.83,1.42,12.31,0.12,704
55.746,16.77,0.12,0.87,0.39,12.39,0.00,704
55.762,16.80,0.20,1.22,2.16,12.43,0.38,704
55.779,16.67,0.30,1.23,0.51,12.50,0.00,703
55.796,16.73,0.18,1.33,34.57,12.51,33.55,702
55.846,50.19,0.11,0.62,0.93,12.68,0.11,704
55.863,16.73,0.10,0.90,1.38,12.52,0.13,706
55.879,16.75,0.13,0.91,0.36,12.47,0.00,705
55.895,15.87,0.18,1.29,1.68,12.40,0.24,705
55.913,17.64,0.25,1.29,0.61,12.35,0.00,707
55.930,16.71,0.24,1.29,34.25,12.44,33.25,707
55.980,50.15,0.12,0.61,0.96,12.48,0.12,708
55.997,16.80,0.12,0.89,1.44,12.44,0.12,708
56.013,16.73,0.12,0.87,0.38,12.51,0.00,707
56.030,16.69,0.18,1.32,2.32,12.50,0.38,709
56.048,18.24,0.17,1.44,0.56,12.60,0.00,708
56.064,15.66,0.16,1.24,32.77,12.57,31.90,707
56.114,49.79,0.12,0.62,0.96,12.54,0.11,711
56.130,16.76,0.11,0.90,1.35,12.29,0.12,711
56.147,16.75,0.11,0.84,0.37,12.22,0.00,711
56.164,16.80,0.15,1.20,2.11,12.26,0.30,709
56.181,16.59,0.17,1.19,0.53,12.21,0.00,708
56.197,16.81,0.15,1.19,34.70,12.13,33.68,708
56.248,50.19,0.11,0.56,0.92,12.19,0.11,707
56.264,16.74,0.12,0.80,1.37,12.08,0.12,710
56.281,16.75,0.32,0.80,0.37,12.23,0.00,735
56.298,16.73,0.23,1.20,2.16,12.59,0.31,736
56.315,16.72,0.25,1.21,0.51,12.57,0.00,735
56.331,16.72,0.15,1.24,32.67,12.49,31.83,736
56.367,35.30,0.08,0.50,0.79,12.49,0.08,750
56.381,14.94,0.12,0.55,16.81,19.59,0.00,752
56.399,17.88,0.09,0.75,16.56,11.94,0.21,754
56.417,17.82,0.11,0.92,16.29,12.14,0.17,754
56.435,17.71,0.17,1.23,12.94,12.30,0.00,751
56.449,14.49,0.13,0.51,52.05,12.99,35.27,749
56.512,62.41,0.11,0.56,0.98,12.99,0.11,752
56.532,20.53,0.14,0.83,1.37,14.11,0.12,748
56.549,16.49,0.12,0.91,0.38,6.79,0.00,747
56.566,16.75,0.24,1.24,2.22,7.66,0.30,748
56.582,16.73,0.17,1.31,0.52,11.19,0.00,750
56.599,16.73,0.17,1.30,34.24,12.83,33.17,751
56.649,50.19,0.13,0.72,1.07,12.87,0.12,753
56.666,16.74,0.11,0.93,1.40,12.85,0.12,752
56.683,16.73,0.11,1.33,0.50,12.88,0.00,749
56.699,16.75,0.15,1.21,2.13,12.79,0.30,739
56.716,16.73,0.15,1.35,0.53,12.84,0.00,732
56.733,16.74,0.15,1.19,33.05,11.26,32.22,733
56.783,50.18,0.12,0.69,1.10,11.35,0.11,733
56.800,16.77,0.09,0.70,1.06,11.54,0.10,731
56.817,16.73,0.14,0.87,0.40,11.56,0.00,730
56.833,16.74,0.12,0.83,1.49,11.49,0.20,729
56.850,16.74,0.17,1.26,0.51,11.56,0.00,732
56.867,16.73,0.25,1.21,34.21,11.47,33.24,732
56.904,36.96,0.07,0.49,0.78,11.47,0.09,739
56.917,13.24,0.08,0.48,16.97,21.35,0.00,740
56.935,17.98,0.19,0.68,16.68,7.28,0.21,739
56.953,18.10,0.14,0.83,14.14,12.02,0.00,735
56.968,15.36,0.16,1.40,16.62,12.14,0.30,736
56.987,18.35,0.24,1.50,13.13,12.05,0.00,735
57.002,14.99,0.15,1.48,50.77,12.28,35.20,734
57.068,66.45,0.13,0.73,1.24,12.13,0.14,728
57.085,16.37,0.12,0.70,1.17,11.96,0.10,726
57.101,16.46,0.10,0.60,0.43,11.87,0.00,724
57.118,16.68,0.06,0.50,0.84,12.04,0.12,718
57.134,16.70,0.07,0.52,0.33,11.82,0.00,716
57.151,16.82,0.14,1.26,33.28,11.86,32.43,713
57.201,50.13,0.09,0.51,0.94,11.63,0.09,708
57.218,16.72,0.08,0.64,1.32,11.51,0.12,708
57.235,16.75,0.22,1.15,0.54,11.81,0.00,764
57.252,16.78,0.16,1.20,2.16,12.55,0.40,763
57.268,16.74,0.18,1.21,0.54,12.42,0.00,762
57.285,16.80,0.23,1.12,34.84,12.44,33.85,762
57.335,50.09,0.13,0.61,0.93,12.31,0.10,756
57.352,16.72,0.09,0.77,1.29,12.13,0.12,754
57.369,16.75,0.11,0.79,0.38,11.98,0.00,751
57.385,16.77,0.16,1.16,2.11,11.86,0.30,746
57.402,16.73,0.16,1.13,0.48,11.80,0.00,746
57.419,16.73,0.15,1.15,33.22,11.72,32.40,746
57.469,50.20,0.13,0.56,1.05,11.75,0.11,747
57.486,16.71,0.10,0.78,1.34,11.74,0.12,748
57.503,16.76,0.11,1.10,0.52,11.78,0.00,748
57.519,16.75,0.15,1.17,2.09,11.66,0.31,745
57.532,13.01,0.17,1.10,3.61,11.63,0.00,739
57.553,20.50,0.16,1.24,32.83,11.67,31.99,736
57.587,34.28,0.07,0.47,0.75,11.67,0.07,735
57.603,15.93,0.10,0.52,16.97,21.85,0.00,734
57.621,17.69,0.08,0.57,17.72,11.42,0.33,732
57.639,18.51,0.09,0.76,14.12,11.20,0.00,729
57.654,15.09,0.12,1.25,16.94,11.22,0.33,727
57.673,18.58,0.12,1.14,13.50,11.05,0.00,723
57.688,14.93,0.13,1.15,49.34,11.13,33.48,722
57.739,50.91,0.07,0.45,0.77,11.13,0.12,713
57.754,14.85,0.11,0.53,17.91,20.20,0.13,713
57.772,18.66,0.09,0.76,14.94,6.50,0.00,714
57.788,15.91,0.12,1.12,17.13,8.27,0.28,714
57.807,18.70,0.12,1.18,13.47,10.65,0.00,712
57.825,18.29,0.21,1.14,42.91,10.95,30.59,729
57.871,45.58,0.08,0.49,0.77,10.95,0.07,736
57.887,16.71,0.08,0.56,1.05,11.47,0.08,737
57.904,16.75,0.09,0.67,0.37,7.59,0.00,737
57.921,16.73,0.11,0.83,1.44,8.87,0.17,738
57.938,16.76,0.14,1.16,0.57,10.11,0.00,739
57.954,16.74,0.14,1.24,33.04,11.13,32.18,739
57.989,35.06,0.06,0.47,0.73,11.13,0.06,735
58.005,15.19,0.09,0.53,16.96,20.25,0.00,735
58.022,17.67,0.06,0.57,17.77,11.02,0.28,733
58.041,18.53,0.17,0.77,14.01,10.79,0.00,735
58.056,15.05,0.11,1.17,17.01,10.95,0.27,735
58.074,18.49,0.12,1.19,13.54,10.81,0.00,737
58.089,14.97,0.11,1.19,49.45,10.85,33.50,739
58.155,65.82,0.11,0.62,1.08,10.78,0.10,733
58.172,16.72,0.09,0.73,1.31,10.66,0.11,736
58.189,16.74,0.09,0.83,0.43,10.71,0.00,734
58.205,16.76,0.12,1.15,2.03,10.66,0.28,734
58.222,16.74,0.12,1.19,0.52,10.74,0.00,731
58.239,16.73,0.12,1.11,34.31,10.72,33.35,730
58.289,50.18,0.19,0.51,0.91,10.85,0.09,762
58.306,16.73,0.07,0.68,1.30,11.52,0.11,756
58.323,16.74,0.08,0.75,0.38,11.56,0.00,756
58.338,15.93,0.12,1.33,2.66,11.54,0.37,763
58.356,17.58,0.04,0.30,0.39,12.17,0.00,762
58.373,16.75,0.10,0.87,33.83,12.29,32.91,762
58.423,50.15,0.10,0.53,1.20,12.17,0.10,755
58.440,16.76,0.08,0.84,1.43,12.26,0.12,755
58.456,16.74,0.12,1.17,0.55,12.38,0.00,755
58.473,16.76,0.13,1.25,2.19,12.50,0.30,754
58.490,16.74,0.27,1.15,0.75,12.51,0.00,753
58.508,18.00,0.14,1.14,33.82,12.48,32.84,752
58.557,48.88,0.09,0.59,1.10,12.73,0.12,752
58.574,16.74,0.09,0.71,1.29,12.77,0.12,749
58.590,16.73,0.09,0.99,0.54,12.63,0.00,744
58.607,16.77,0.11,1.07,2.07,12.48,0.30,742
58.624,16.71,0.13,1.07,0.53,12.45,0.00,742
58.641,16.73,0.12,1.07,34.21,12.44,33.25,741
58.691,50.18,0.08,0.48,0.95,12.49,0.11,739
58.707,16.73,0.07,0.65,1.32,12.33,0.13,737
58.724,16.74,0.08,0.72,0.38,12.31,0.00,733
58.741,16.75,0.12,1.08,2.10,12.24,0.30,733
58.758,16.73,0.14,1.24,0.64,12.39,0.00,733
58.774,16.74,0.11,1.04,33.21,12.32,32.26,735
58.809,34.47,0.07,0.47,0.83,12.32,0.07,726
58.825,15.74,0.10,0.46,17.19,22.77,0.00,723
58.842,17.86,0.08,0.74,17.49,5.84,0.32,722
58.861,18.49,0.25,1.04,13.66,9.34,0.00,721
58.876,15.07,0.10,0.99,17.09,11.78,0.30,720
58.894,18.37,0.16,1.03,13.68,11.63,0.00,720
58.909,14.98,0.11,1.02,48.61,11.54,32.80,719
58.959,49.80,0.06,0.39,0.75,11.54,0.06,708
58.975,16.11,0.08,0.48,18.05,19.35,0.13,709
58.994,18.72,0.08,0.76,14.91,11.07,0.00,707
59.010,15.88,0.11,1.05,16.98,11.31,0.30,704
59.028,18.39,0.15,0.99,13.73,11.13,0.00,699
59.043,14.99,0.10,1.10,49.98,11.09,34.08,699
59.109,65.86,0.09,0.53,1.14,10.91,0.12,692
59.126,16.75,0.08,0.72,1.42,10.53,0.12,691
59.143,16.73,0.08,0.97,0.56,10.49,0.00,691
59.159,16.75,0.12,1.01,2.17,10.38,0.31,690
59.176,16.73,0.12,0.98,0.52,10.38,0.00,688
59.193,16.74,0.12,0.95,34.91,10.30,33.90,686
59.243,50.15,0.17,0.55,0.93,10.30,0.21,781
59.260,16.78,0.07,0.55,0.76,14.82,0.08,779
59.276,16.68,0.06,0.54,0.28,14.82,0.00,780
59.293,16.78,0.05,0.51,0.82,14.79,0.11,778
59.310,16.67,0.06,0.52,0.26,14.81,0.00,777
59.327,16.80,0.06,0.54,24.11,14.75,23.23,773
59.351,24.81,0.08,0.54,0.79,14.75,0.10,771
59.360,8.66,0.06,0.49,16.84,14.95,0.00,770
59.379,18.92,0.06,0.52,15.15,10.12,0.13,777
59.395,16.10,0.09,0.55,15.06,10.48,0.00,776
59.411,15.95,0.06,0.58,15.86,11.95,0.00,774
59.428,16.67,0.06,0.59,16.45,12.26,0.16,774
59.445,17.24,0.07,0.51,15.61,13.50,0.00,775
59.461,16.27,0.07,0.56,40.96,15.34,24.42,774
59.511,49.48,0.08,0.57,0.85,15.34,0.10,771
59.528,16.76,0.10,1.19,1.44,15.61,0.13,773
59.544,16.74,0.17,1.67,0.66,8.53,0.00,772
59.562,17.98,0.15,1.60,2.19,10.94,0.33,772
59.578,15.81,0.13,1.43,0.58,10.94,0.00,770
59.594,16.42,0.13,1.54,32.96,12.89,32.11,770
59.645,50.20,0.10,0.81,1.12,12.86,0.11,765
59.661,16.73,0.09,0.80,1.09,12.49,0.09,767
59.678,16.73,0.09,1.05,0.40,12.64,0.00,767
59.695,16.77,0.25,1.45,2.20,12.61,0.31,767
59.712,16.69,0.14,1.58,0.61,12.58,0.00,768
59.728,16.80,0.12,1.41,34.12,12.58,33.14,768
59.779,50.13,0.10,0.71,0.94,12.63,0.11,766
59.795,16.76,0.07,0.93,1.46,12.91,0.13,765
59.812,16.72,0.08,1.02,0.35,13.01,0.00,762
59.829,16.69,0.12,1.45,2.08,13.04,0.31,758
59.845,16.81,0.13,1.58,0.55,13.07,0.00,757
59.862,16.73,0.13,1.52,33.54,13.07,32.58,757
59.912,50.20,0.11,0.84,1.11,13.10,0.12,752
59.929,16.72,0.08,0.97,1.53,13.03,0.14,752
59.946,16.74,0.08,1.51,0.63,13.02,0.00,752
59.963,16.70,0.11,1.49,2.17,13.00,0.32,751
59.979,16.79,0.13,1.50,34.45,13.03,33.46,751
60.030,50.17,0.11,0.82,1.17,13.11,0.12,750
60.046,16.76,0.08,0.98,1.39,13.38,0.12,747
60.063,16.69,0.09,1.36,0.60,13.51,0.00,748
60.080,16.85,0.15,1.39,2.21,13.54,0.30,747
60.097,16.66,0.13,1.53,0.56,13.57,0.00,746
60.113,16.74,0.19,1.38,32.93,13.52,32.11,745
60.164,50.25,0.08,0.67,0.93,13.59,0.10,739
60.180,16.67,0.09,1.13,1.44,13.27,0.13,738
60.197,16.67,0.09,1.03,0.40,13.20,0.00,736
60.214,16.86,0.21,1.38,2.18,13.11,0.30,735
60.230,16.71,0.13,1.50,0.59,13.26,0.00,734
60.247,16.68,0.11,1.42,33.09,13.20,32.27,733
60.297,50.22,0.19,0.66,0.96,13.26,0.12,744
60.314,16.76,0.06,0.85,1.40,13.69,0.12,742
60.331,16.66,0.09,1.37,0.54,13.66,0.00,741
60.348,16.77,0.13,1.41,2.19,13.70,0.30,741
60.364,16.74,0.13,1.47,0.61,13.63,0.00,742
60.381,16.75,0.11,1.34,35.29,13.47,34.20,742
60.431,50.15,0.11,0.86,1.11,13.42,0.13,741
60.448,16.78,0.08,0.91,1.43,13.12,0.13,739
60.465,16.68,0.12,1.37,0.52,13.16,0.00,739
60.481,16.79,0.13,1.33,2.17,13.10,0.30,739
60.498,16.71,0.14,1.45,0.58,13.05,0.00,739
60.515,16.76,0.13,1.36,34.07,12.99,33.10,741
60.565,50.11,0.10,0.63,0.95,13.00,0.10,741
60.582,16.81,0.07,0.94,1.37,12.91,0.12,741
60.599,16.73,0.08,0.94,0.36,12.89,0.00,736
60.614,15.68,0.12,1.45,2.68,12.77,0.31,741
60.632,17.76,0.05,0.40,0.13,13.23,0.00,737
60.649,16.72,0.07,0.56,33.66,13.31,32.65,735
60.683,34.42,0.09,0.64,0.93,13.31,0.10,728
60.699,15.80,0.08,0.72,16.96,22.93,0.00,727
60.717,17.86,0.08,0.94,17.21,7.47,0.31,722
60.735,18.41,0.14,1.36,13.44,10.77,0.00,717
60.750,15.09,0.11,1.39,16.67,12.82,0.30,715
60.769,18.48,0.15,1.38,13.26,11.36,0.00,711
60.784,14.91,0.10,1.36,50.21,11.48,34.61,711
60.850,66.50,0.19,0.66,1.01,11.35,0.11,696
60.867,16.34,0.10,0.66,1.10,11.15,0.09,694
60.883,16.46,0.08,0.89,0.41,11.10,0.00,693
60.900,16.82,0.12,1.26,2.21,11.17,0.30,694
60.917,16.73,0.12,1.26,0.61,11.16,0.00,693
60.933,16.81,0.17,1.23,33.19,11.07,32.19,691
60.983,50.10,0.07,0.56,0.94,11.09,0.10,685
61.000,16.74,0.07,0.67,1.09,10.99,0.10,680
61.017,16.74,0.07,0.92,0.36,11.17,0.00,681
61.034,16.84,0.18,1.21,2.20,11.18,0.31,680
61.054,20.18,0.12,1.25,0.65,11.23,0.00,689
61.067,13.13,0.10,1.41,30.62,11.91,29.59,687
61.101,33.50,0.06,0.48,0.80,11.91,0.08,686
61.117,16.79,0.07,0.57,0.34,11.97,0.00,686
61.134,16.67,0.06,0.65,1.28,11.31,0.16,685
61.151,16.72,0.09,1.14,0.48,9.21,0.00,678
61.168,16.81,0.13,1.37,2.29,10.84,0.31,675
61.185,17.83,0.22,1.81,0.60,11.90,0.00,673
61.201,16.00,0.12,1.26,33.51,11.89,32.64,670
61.251,49.82,0.09,0.38,0.94,11.93,0.09,661
61.268,16.74,0.16,0.56,1.13,12.21,0.15,675
61.285,16.73,0.10,0.73,0.35,12.67,0.00,675
61.301,16.78,0.15,1.01,2.13,12.64,0.30,675
61.318,16.68,0.14,1.11,0.51,12.65,0.00,676
61.335,16.81,0.12,1.11,34.73,12.60,33.72,677
61.385,50.14,0.09,0.49,0.91,12.71,0.09,674
61.402,16.66,0.07,0.67,1.40,12.42,0.12,674
61.419,16.81,0.08,0.76,0.38,12.40,0.00,675
61.435,16.80,0.12,1.09,2.12,12.32,0.30,672
61.452,16.62,0.13,1.15,0.52,12.25,0.00,672
61.469,16.81,0.13,1.11,33.35,12.33,32.39,672
61.519,50.18,0.10,0.51,1.01,12.34,0.12,669
61.536,16.68,0.08,0.60,1.14,12.22,0.09,671
61.553,16.86,0.11,0.72,0.38,12.22,0.00,673
61.569,16.69,0.12,1.11,2.07,12.24,0.32,673
61.586,16.70,0.14,1.26,0.48,12.19,0.00,672
61.606,20.21,0.15,1.07,30.55,12.07,29.47,683
61.653,46.76,0.09,0.52,1.12,12.51,0.11,686
61.670,16.79,0.08,0.60,1.14,12.14,0.09,686
61.686,16.65,0.07,0.43,0.36,12.14,0.00,686
61.703,16.75,0.12,1.14,2.31,12.01,0.31,684
61.720,16.77,0.14,1.15,0.56,11.96,0.00,684
61.737,16.73,0.11,1.23,33.43,11.84,32.40,683
61.772,35.62,0.08,0.49,0.83,11.84,0.08,681
61.787,14.56,0.07,0.42,16.52,21.39,0.00,683
61.804,17.10,0.06,0.57,17.07,6.02,0.21,681
61.822,17.80,0.08,0.77,15.00,7.82,0.00,680
61.838,15.99,0.11,1.11,16.97,11.55,0.38,677
61.856,18.43,0.13,1.20,13.58,11.30,0.00,676
61.871,15.03,0.12,1.07,49.41,11.25,33.67,676
61.937,66.31,0.12,0.61,1.11,11.11,0.12,676
61.954,16.70,0.08,0.80,1.39,10.88,0.12,675
61.971,16.75,0.13,1.18,0.48,10.83,0.00,674
61.988,16.73,0.12,1.12,2.12,10.79,0.30,674
62.004,16.76,0.13,1.16,0.53,10.75,0.00,674
62.021,16.71,0.13,1.13,34.45,10.83,33.50,674
62.071,50.18,0.08,0.50,0.88,10.82,0.10,670
62.088,16.75,0.07,0.70,1.33,10.63,0.12,669
62.103,15.06,0.09,0.75,1.40,10.62,0.00,679
62.121,18.37,0.10,1.06,1.54,11.06,0.21,680
62.138,16.72,0.08,0.88,0.40,11.09,0.00,678
62.155,16.83,0.20,1.16,32.05,11.01,31.01,676
62.189,33.54,0.07,0.43,0.89,11.01,0.16,671
62.205,16.62,0.05,0.46,16.58,20.64,0.00,669
62.222,17.19,0.07,0.82,18.04,7.62,0.46,667
62.242,19.92,0.13,0.85,12.60,10.81,0.00,663
62.257,14.28,0.11,1.05,16.64,11.04,0.46,664
62.277,20.70,0.09,0.69,11.39,10.92,0.00,672
62.290,12.61,0.12,1.11,46.98,11.67,32.01,668
62.339,49.12,0.09,0.41,0.49,11.67,0.07,664
62.356,16.78,0.08,0.44,17.36,18.69,0.13,664
62.374,18.00,0.07,0.73,14.78,10.52,0.00,660
62.389,15.70,0.05,0.40,18.14,11.37,0.38,660
62.408,18.74,0.18,1.11,13.74,11.11,0.00,659
62.424,16.13,0.12,1.12,47.54,11.09,32.95,657
62.474,49.19,0.07,0.41,0.74,11.09,0.07,654
62.490,16.15,0.09,0.39,17.40,20.67,0.11,654
62.508,17.99,0.07,0.70,15.10,11.19,0.00,664
62.524,15.99,0.10,0.97,17.01,11.47,0.24,665
62.542,18.24,0.15,1.12,13.91,11.40,0.00,664
62.557,15.29,0.10,0.98,50.16,11.58,34.35,663
62.624,66.36,0.09,0.52,1.10,11.47,0.11,646
62.640,16.73,0.07,0.62,1.34,11.21,0.12,646
62.657,16.77,0.07,0.84,0.47,11.16,0.00,647
62.674,16.71,0.11,0.98,2.17,11.04,0.30,646
62.690,16.74,0.10,0.96,0.50,11.19,0.00,645
62.707,16.73,0.10,0.94,34.96,11.16,33.96,642
62.757,50.17,0.08,0.42,0.91,11.25,0.10,639
62.774,16.76,0.06,0.51,1.38,11.49,0.14,638
62.791,16.74,0.09,0.66,0.36,11.59,0.00,637
62.808,16.76,0.09,0.98,2.20,11.78,0.31,635
62.824,16.71,0.10,0.91,0.49,11.81,0.00,634
62.841,16.78,0.18,0.88,34.47,11.68,33.52,626
62.891,50.19,0.10,0.42,0.91,11.68,0.10,621
62.908,16.67,0.07,0.52,1.34,11.19,0.12,618
62.925,16.81,0.06,0.77,0.47,11.25,0.00,617
62.942,16.72,0.10,0.93,2.16,11.12,0.31,615
62.958,16.73,0.12,0.92,0.48,11.16,0.00,614
62.975,16.73,0.10,0.91,35.44,11.14,34.40,612
63.013,38.29,0.06,0.36,0.74,11.14,0.08,618
63.025,11.86,0.06,0.35,16.43,17.75,0.00,614
63.042,17.13,0.04,0.36,17.50,11.16,0.24,614
63.060,18.25,0.08,0.73,14.51,12.05,0.00,612
63.076,15.53,0.10,0.91,16.81,12.19,0.13,612
63.097,20.78,0.13,1.02,11.57,11.84,0.00,622
63.110,13.13,0.10,1.00,46.11,12.31,30.99,623
63.160,49.73,0.06,0.35,0.76,12.31,0.09,620
63.176,16.11,0.07,0.44,1.00,12.14,0.10,619
63.192,16.71,0.09,0.49,0.34,13.14,0.00,617
63.209,16.73,0.09,0.70,1.60,6.44,0.21,616
63.226,16.75,0.10,1.04,0.53,6.44,0.00,615
63.239,13.55,0.26,0.68,36.39,9.06,33.29,659
63.277,37.69,0.07,0.40,0.91,9.06,0.13,660
63.293,15.70,0.05,0.40,16.59,21.79,0.00,659
63.310,17.14,0.07,0.73,17.55,5.74,0.39,658
63.329,18.52,0.10,1.00,13.79,9.02,0.00,655
63.344,14.99,0.09,1.05,17.16,11.39,0.38,656
63.362,18.45,0.24,1.01,13.66,11.30,0.00,654
63.377,15.01,0.09,0.98,50.35,11.27,34.40,652
63.444,66.54,0.10,0.57,1.06,11.02,0.12,652
63.460,16.71,0.07,0.67,1.34,10.56,0.12,653
63.477,16.74,0.09,1.09,0.52,10.66,0.00,655
63.494,16.73,0.09,0.98,2.08,10.55,0.30,654
63.511,16.79,0.09,1.09,0.51,10.56,0.00,651
63.527,16.68,0.09,1.07,34.81,10.52,33.86,650
63.577,50.19,0.08,0.48,0.94,10.52,0.11,647
63.594,16.73,0.06,0.59,1.32,10.49,0.13,646
63.611,16.74,0.07,0.75,0.35,10.51,0.00,644
63.628,16.77,0.09,1.10,2.21,10.37,0.30,640
63.644,16.72,0.11,1.03,0.47,10.39,0.00,638
63.661,16.74,0.09,1.04,34.49,10.26,33.54,639
63.711,50.17,0.10,0.58,1.00,10.34,0.18,691
63.728,16.71,0.07,0.88,1.42,14.32,0.12,691
63.745,16.76,0.07,0.88,0.35,14.39,0.00,687
63.761,16.69,0.11,1.33,2.17,14.36,0.30,687
63.778,16.81,0.11,1.31,0.56,14.36,0.00,687
63.795,16.74,0.11,1.39,33.29,14.43,32.30,689
63.845,50.24,0.12,0.60,0.93,14.64,0.10,689
63.862,16.63,0.07,0.91,1.37,14.74,0.10,688
63.877,15.03,0.08,0.93,1.11,14.74,0.00,697
63.895,18.44,0.10,1.42,1.57,15.46,0.18,699
63.912,16.79,0.09,1.08,0.43,9.71,0.00,699
63.929,16.71,0.12,1.54,30.74,12.68,29.62,700
63.962,33.46,0.08,0.55,0.91,12.68,0.08,699
63.979,16.80,0.07,0.72,16.02,26.75,0.00,697
63.996,16.90,0.20,1.00,17.52,7.90,0.44,700
64.015,18.90,0.12,1.43,14.49,11.54,0.15,701
64.031,16.17,0.20,1.68,13.62,14.01,0.00,698
64.048,16.91,0.13,1.44,48.96,15.90,35.00,699
64.099,50.86,0.05,0.54,0.79,15.90,0.07,694
64.113,14.12,0.07,0.61,16.42,24.13,0.00,693
64.130,17.20,0.06,0.73,17.45,9.80,0.38,693
64.149,18.44,0.26,0.91,15.21,12.45,0.16,694
64.165,16.54,0.11,1.43,13.62,12.73,0.00,693
64.180,15.29,0.10,1.36,15.14,12.76,0.00,692
64.197,16.75,0.11,1.40,49.03,12.82,33.63,694
64.248,50.64,0.14,0.59,0.91,12.82,0.12,721
64.264,15.80,0.09,0.63,16.85,24.41,0.11,720
64.281,17.72,0.07,0.89,15.14,13.18,0.00,718
64.298,16.22,0.11,1.67,16.28,13.43,0.28,720
64.316,18.26,0.20,1.62,47.06,13.29,33.57,721
64.366,50.12,0.14,0.66,0.80,13.29,0.09,753
64.381,14.85,0.09,0.89,15.87,23.25,0.00,751
64.398,17.23,0.13,0.96,16.55,7.65,0.28,748
64.416,18.13,0.08,1.19,15.44,10.49,0.17,747
64.433,17.22,0.12,1.69,12.55,12.93,0.00,748
64.448,14.49,0.10,0.68,16.43,13.99,0.00,747
64.465,17.35,0.18,2.11,47.96,13.93,33.54,795
64.515,50.32,0.09,0.81,0.73,13.93,0.06,792
64.532,16.41,0.15,0.88,16.12,25.76,0.11,792
64.549,17.58,0.08,1.07,15.13,12.67,0.11,788
64.566,16.59,0.10,1.43,14.31,12.98,0.00,787
64.582,16.00,0.13,2.07,14.49,13.60,0.00,788
64.599,16.84,0.20,2.07,50.14,13.82,35.48,789
64.665,66.34,0.12,1.12,1.14,13.82,0.13,778
64.682,16.70,0.10,1.49,1.38,14.32,0.12,777
64.699,16.76,0.15,2.12,0.61,9.71,0.00,776
64.715,16.74,0.16,2.28,2.09,11.95,0.30,774
64.732,16.73,0.15,2.13,0.52,13.90,0.00,774
64.749,16.74,0.15,2.17,33.84,14.30,32.87,774
64.799,50.23,0.18,1.30,1.26,14.30,0.23,833
64.816,16.70,0.14,1.66,1.24,12.48,0.12,834
64.833,16.73,0.15,1.70,0.42,12.65,0.00,834
64.849,16.80,0.25,2.58,2.09,13.80,0.31,840
64.866,16.68,0.30,2.53,32.73,13.94,31.75,837
64.916,50.22,0.13,1.09,0.94,13.94,0.10,841
64.933,16.68,0.10,1.31,1.07,18.91,0.11,843
64.950,16.79,0.16,1.73,0.41,11.73,0.00,851
64.966,16.74,0.25,2.65,2.09,11.22,0.33,848
64.983,16.74,0.20,2.78,0.54,12.26,0.00,849
65.000,16.73,0.27,2.71,32.80,15.13,31.83,849
65.037,37.25,0.08,1.01,0.78,15.13,0.09,864
65.050,13.03,0.10,0.95,15.78,19.03,0.00,864
65.067,17.21,0.12,1.43,15.94,11.13,0.22,863
65.085,17.77,0.16,1.85,13.44,6.45,0.00,859
65.101,15.65,0.18,2.25,16.03,8.41,0.33,857
65.119,18.63,0.23,2.71,12.11,11.71,0.00,857
65.135,15.19,0.26,2.79,47.44,13.72,33.76,858
65.201,66.13,0.14,1.15,0.98,13.72,0.11,850
65.218,17.39,0.11,1.43,1.11,10.61,0.10,842
65.234,16.26,0.13,1.75,0.39,13.02,0.00,844
65.251,16.48,0.18,2.69,2.09,13.45,0.32,841
65.268,16.77,0.18,2.70,0.51,12.56,0.00,840
65.284,16.77,0.26,2.61,33.21,13.76,32.26,840
65.335,50.23,0.14,1.11,0.97,15.26,0.10,842
65.351,16.75,0.12,1.80,1.31,15.45,0.12,845
65.368,16.70,0.14,1.81,0.37,10.02,0.00,846
65.385,16.76,0.18,2.64,2.10,12.34,0.32,844
65.402,16.73,0.27,2.54,0.56,12.34,0.00,843
65.418,16.73,0.25,2.62,32.92,12.63,31.95,841
65.469,50.23,0.15,1.10,0.93,13.69,0.11,841
65.485,16.65,0.11,1.67,1.27,15.57,0.16,842
65.502,16.80,0.14,1.70,0.40,15.57,0.00,841
65.519,16.74,0.18,2.50,2.10,11.34,0.33,842
65.536,16.74,0.17,2.63,0.52,13.75,0.00,842
65.552,16.75,0.28,2.56,31.97,13.84,31.12,840
65.602,50.20,0.12,1.08,0.98,14.55,0.11,835
65.619,16.75,0.11,1.29,1.17,16.13,0.13,836
65.636,16.72,0.11,1.67,0.41,10.98,0.00,836
65.653,16.75,0.16,2.43,2.08,13.65,0.30,832
65.669,16.68,0.29,2.68,0.52,13.44,0.00,831
65.690,20.25,0.17,2.25,29.30,14.95,28.62,837
65.736,46.77,0.12,0.95,1.00,14.95,0.11,835
65.753,16.62,0.09,1.43,1.27,14.16,0.12,838
65.770,16.79,0.14,1.54,0.53,8.79,0.00,835
65.787,16.77,0.17,2.36,2.18,9.72,0.31,835
65.803,16.73,0.17,2.74,0.56,12.27,0.00,834
65.820,16.73,0.17,2.17,32.54,16.07,31.65,834
65.855,35.42,0.09,0.90,0.76,16.07,0.07,831
65.870,14.79,0.14,0.89,15.93,26.64,0.00,828
65.887,17.05,0.09,1.14,16.54,10.17,0.24,828
65.905,17.88,0.13,1.44,14.11,13.00,0.00,825
65.921,15.83,0.16,2.27,15.71,12.90,0.37,822
65.939,18.39,0.17,2.05,12.86,14.39,0.00,817
65.955,15.21,0.16,2.19,50.20,14.90,35.76,814
66.021,66.24,0.13,1.08,1.10,14.90,0.12,803
66.038,16.70,0.11,1.47,1.40,14.40,0.11,803
66.054,16.72,0.12,1.41,0.43,8.07,0.00,801
66.071,16.77,0.15,2.02,2.15,10.54,0.32,801
66.088,16.84,0.21,2.06,0.55,10.48,0.00,797
66.105,16.66,0.13,2.21,33.54,12.90,32.50,792
66.155,50.24,0.13,1.07,1.13,13.99,0.12,788
66.171,16.66,0.09,1.35,1.44,13.85,0.17,790
66.186,14.94,0.11,1.33,1.02,13.85,0.00,800
66.205,18.53,0.12,1.67,1.53,14.28,0.21,797
66.222,16.79,0.09,1.30,0.46,14.16,0.00,792
66.238,16.68,0.15,1.92,30.16,14.08,29.21,790
66.272,33.46,0.14,0.69,0.79,14.08,0.11,822
66.289,16.73,0.11,0.70,16.72,23.48,0.00,816
66.306,17.65,0.10,1.25,16.58,9.96,0.37,812
66.324,18.12,0.25,1.83,12.88,11.57,0.00,811
66.339,15.08,0.15,1.85,16.26,11.67,0.38,810
66.358,18.44,0.16,1.75,12.92,12.68,0.00,808
66.373,14.95,0.32,1.85,48.77,12.75,33.94,824
66.424,51.46,0.09,0.72,0.77,12.75,0.09,816
66.435,11.06,0.10,0.54,20.87,24.15,0.12,814
66.459,23.71,0.13,0.75,12.92,12.80,0.00,823
66.473,14.10,0.11,0.84,16.72,13.50,0.21,822
66.492,18.63,0.13,1.02,13.86,13.26,0.00,821
66.507,15.43,0.24,1.51,47.09,13.37,32.39,817
66.556,49.20,0.09,0.64,0.85,13.37,0.07,814
66.573,16.71,0.13,0.62,17.15,24.39,0.11,815
66.591,18.00,0.09,0.80,14.92,6.52,0.00,815
66.607,15.89,0.11,1.12,17.27,7.98,0.40,812
66.626,18.65,0.17,1.52,13.22,12.49,0.00,808
66.641,15.03,0.22,1.47,49.05,13.13,33.78,807
66.707,66.35,0.14,0.83,1.10,12.98,0.13,802
66.724,16.72,0.11,1.06,1.42,12.97,0.12,801
66.737,13.40,0.12,0.95,2.31,12.98,0.00,800
66.758,20.59,0.18,1.54,2.15,13.14,0.30,800
66.774,16.23,0.17,1.18,0.55,12.95,0.00,798
66.791,16.73,0.17,1.20,34.25,12.90,33.28,797
66.841,50.19,0.12,0.51,0.91,13.01,0.10,794
66.858,16.68,0.10,0.61,1.08,12.91,0.10,795
66.874,16.79,0.15,0.75,0.38,12.94,0.00,794
66.891,16.75,0.17,1.11,2.12,12.91,0.32,791
66.908,16.74,0.31,1.09,0.56,12.91,0.00,791
66.925,16.72,0.28,1.11,34.48,13.00,33.43,791
66.975,50.19,0.12,0.62,1.08,13.02,0.12,786
66.992,16.77,0.11,0.75,1.39,12.82,0.12,785
67.008,16.71,0.12,1.03,0.52,12.86,0.00,786
67.025,16.76,0.17,1.12,2.12,12.94,0.30,778
67.042,16.73,0.26,1.07,0.50,12.90,0.00,777
67.059,16.77,0.24,1.03,34.73,12.83,33.72,778
67.109,50.16,0.09,0.51,0.89,12.82,0.11,766
67.125,16.71,0.07,0.66,1.43,12.74,0.13,760
67.142,16.77,0.09,0.80,0.37,12.68,0.00,759
67.159,16.72,0.12,1.17,2.23,12.62,0.31,757
67.179,20.48,0.14,1.08,0.62,12.55,0.00,765
67.192,12.93,0.10,0.81,30.53,13.08,29.46,764
67.226,33.53,0.09,0.42,0.99,13.08,0.09,761
67.243,16.72,0.07,0.54,0.25,13.03,0.00,760
67.259,16.68,0.07,0.61,1.28,15.76,0.18,757
67.276,16.81,0.11,0.83,0.46,7.12,0.00,754
67.293,16.73,0.14,1.16,2.24,7.33,0.31,751
67.310,16.77,0.14,1.21,0.59,8.95,0.00,746
67.326,16.72,0.28,1.10,33.68,12.71,32.71,743
67.376,50.19,0.09,0.49,1.07,12.76,0.10,741
67.390,13.32,0.09,0.70,3.72,12.22,0.12,740
67.410,20.61,0.13,1.08,0.57,12.12,0.00,739
67.427,16.24,0.13,1.12,2.15,12.03,0.30,735
67.443,16.80,0.10,0.74,0.41,12.05,0.00,732
67.460,16.69,0.12,1.15,34.14,11.94,33.15,731
67.510,50.16,0.09,0.48,0.92,11.93,0.09,724
67.527,16.77,0.06,0.46,0.86,11.67,0.08,722
67.544,16.79,0.08,0.70,0.44,11.66,0.00,720
67.561,16.68,0.13,1.11,2.17,11.72,0.31,720
67.577,16.78,0.13,1.03,0.51,11.65,0.00,719
67.594,16.77,0.16,1.00,34.59,11.59,33.57,716
67.644,50.19,0.13,0.64,1.05,11.51,0.22,763
67.661,16.69,0.11,0.76,1.14,15.39,0.10,763
67.678,16.83,0.12,0.94,0.43,15.37,0.00,763
67.694,16.67,0.17,1.45,2.25,12.16,0.30,760
67.711,16.68,0.16,1.50,0.63,12.03,0.00,757
67.728,16.79,0.17,1.42,33.97,12.04,33.00,756
67.765,36.91,0.10,0.54,0.80,12.04,0.09,758
67.774,9.35,0.10,0.54,20.34,23.47,0.00,756
67.796,21.55,0.11,0.83,16.46,11.02,0.24,754
67.814,17.79,0.12,1.03,14.23,13.70,0.00,752
67.829,15.60,0.25,1.38,16.47,14.11,0.34,751
67.847,18.28,0.17,1.54,13.26,14.11,0.00,747
67.862,15.11,0.25,1.53,48.42,13.17,33.36,747
67.913,50.25,0.09,0.58,0.75,13.17,0.08,741
67.929,16.03,0.13,0.66,17.16,29.47,0.12,738
67.948,18.99,0.11,0.75,13.98,8.72,0.00,735
67.963,15.41,0.10,0.94,16.75,10.35,0.37,739
67.981,17.97,0.29,1.45,13.23,11.59,0.00,742
67.996,15.09,0.13,1.54,48.95,14.41,33.78,741
68.063,66.42,0.12,0.81,1.10,15.51,0.12,735
68.079,16.75,0.12,1.12,1.45,12.66,0.26,788
68.096,16.64,0.12,1.22,0.40,12.66,0.00,787
68.113,16.76,0.19,1.85,2.19,12.45,0.30,785
68.130,16.77,0.26,1.91,0.51,12.15,0.00,784
68.146,16.67,0.25,1.77,32.59,13.23,31.69,783
68.197,50.27,0.16,1.03,1.13,15.27,0.12,789
68.213,16.71,0.11,1.27,1.32,15.27,0.15,792
68.230,16.75,0.14,1.85,0.48,9.72,0.00,791
68.247,16.75,0.19,1.74,2.15,12.21,0.30,796
68.264,16.80,0.28,1.74,0.54,11.98,0.00,798
68.280,16.60,0.24,1.76,32.58,13.19,31.73,801
68.330,50.28,0.17,0.95,1.16,13.19,0.13,802
68.347,16.69,0.11,1.18,1.31,14.92,0.11,802
68.364,16.74,0.15,1.62,0.51,10.72,0.00,801
68.381,16.76,0.44,1.71,2.16,10.95,0.34,836
68.397,16.73,0.27,1.76,0.81,13.93,0.00,835
68.414,16.73,0.28,1.71,34.29,17.43,33.33,838
68.464,50.22,0.13,0.81,0.98,17.43,0.15,838
68.481,16.65,0.15,1.25,1.35,14.57,0.12,839
68.498,16.80,0.14,1.24,0.40,10.35,0.00,845
68.514,16.73,0.28,1.72,2.11,12.94,0.30,844
68.531,16.75,0.24,1.75,0.58,12.94,0.00,858
68.548,16.73,0.29,1.87,33.44,10.89,32.42,858
68.585,37.21,0.09,0.70,0.79,10.89,0.09,870
68.598,12.93,0.10,0.77,16.74,21.11,0.00,869
68.616,18.02,0.12,1.00,16.35,13.07,0.21,870
68.634,17.86,0.17,1.35,13.94,12.88,0.00,873
68.650,15.79,0.20,1.91,15.94,13.67,0.31,875
68.668,18.25,0.23,1.88,12.71,13.67,0.00,875
68.683,14.99,0.25,1.83,49.79,16.49,34.79,876
68.749,65.79,0.13,0.77,0.94,16.49,0.12,875
68.766,17.34,0.12,0.98,1.11,14.87,0.11,871
68.782,16.31,0.19,1.16,0.40,10.09,0.00,867
68.799,16.53,0.19,1.75,2.24,11.65,0.30,867
68.816,16.72,0.14,1.26,0.45,11.65,0.00,866
68.832,16.75,0.30,1.80,33.26,14.21,32.26,864
68.883,50.24,0.15,0.81,0.97,15.43,0.10,866
68.899,16.73,0.14,1.19,1.24,15.43,0.09,867
68.916,16.70,0.14,1.22,0.37,10.56,0.00,867
68.933,16.75,0.18,1.80,2.08,11.97,0.25,869
68.950,16.73,0.28,1.69,0.54,13.47,0.00,870
68.966,16.73,0.24,1.77,33.75,14.14,32.69,869
69.017,50.22,0.13,0.93,1.13,14.14,0.12,866
69.031,14.57,0.11,0.98,2.85,17.15,0.16,874
69.050,18.85,0.17,1.30,0.41,9.87,0.00,872
69.067,16.93,0.13,0.66,2.05,10.13,0.11,874
69.083,16.61,0.29,1.73,0.54,11.59,0.00,872
69.100,16.72,0.17,1.87,31.53,14.15,30.41,871
69.134,33.69,0.12,0.77,0.78,14.15,0.09,874
69.150,16.52,0.11,0.86,16.54,29.32,0.00,871
69.168,17.67,0.13,1.21,17.06,7.98,0.31,870
69.187,18.59,0.28,1.67,14.57,11.59,0.18,867
69.205,17.93,0.22,1.69,11.93,12.43,0.00,866
69.219,14.45,0.20,2.00,47.02,14.99,32.86,864
69.284,65.23,0.14,0.96,1.11,15.63,0.12,858
69.301,16.70,0.12,1.22,1.44,15.56,0.12,858
69.318,16.75,0.19,1.73,0.68,15.54,0.00,856
69.334,16.73,0.25,1.62,2.17,8.95,0.30,854
69.351,16.75,0.30,1.64,0.61,12.24,0.00,856
69.368,16.72,0.26,1.64,33.01,13.39,32.15,857
69.418,50.25,0.13,0.74,0.99,15.55,0.11,855
69.435,16.60,0.10,1.12,1.39,15.47,0.12,854
69.452,16.74,0.13,1.55,0.53,15.42,0.00,854
69.468,16.76,0.23,1.21,1.55,15.32,0.24,854
69.485,16.69,0.10,0.74,0.28,12.52,0.00,855
69.502,16.86,0.20,1.66,32.89,13.56,32.06,855
69.552,50.19,0.13,0.80,0.94,15.48,0.10,847
69.569,16.63,0.11,1.13,1.38,15.31,0.13,846
69.585,16.75,0.12,1.58,0.57,15.46,0.00,844
69.602,16.75,0.17,1.58,2.12,13.38,0.30,839
69.619,16.74,0.38,1.23,0.50,12.25,0.00,824
69.636,16.71,0.18,1.29,34.42,11.74,33.43,824
69.686,50.25,0.15,0.61,0.95,13.70,0.12,811
69.703,16.69,0.11,0.82,1.32,13.22,0.12,810
69.719,16.75,0.12,0.84,0.40,13.14,0.00,811
69.736,16.72,0.17,1.24,2.12,13.09,0.31,811
69.753,16.72,0.17,1.23,0.52,13.14,0.00,810
69.770,16.78,0.17,1.27,34.48,13.07,33.52,807
69.820,50.15,0.12,0.59,0.95,13.16,0.10,804
69.836,16.76,0.10,0.78,1.30,13.27,0.12,803
69.853,16.75,0.13,0.82,0.35,13.29,0.00,798
69.870,16.73,0.18,1.24,2.19,13.29,0.30,798
69.887,16.72,0.20,1.34,0.50,13.27,0.00,796
69.903,16.78,0.18,1.23,34.39,13.14,33.41,795
69.954,50.19,0.11,0.60,0.92,13.12,0.10,787
69.970,16.70,0.08,0.80,1.43,12.98,0.12,780
69.987,16.74,0.10,0.81,0.38,13.00,0.00,777
70.004,16.82,0.21,1.15,2.15,13.03,0.31,773
70.021,16.66,0.16,1.23,0.48,13.07,0.00,747
70.037,16.80,0.22,1.16,34.03,12.95,33.05,743
70.087,50.07,0.11,0.45,0.95,13.00,0.11,728
70.104,16.74,0.08,0.62,1.30,13.13,0.12,729
70.121,16.74,0.10,0.64,0.38,13.06,0.00,730
70.138,16.75,0.14,0.92,2.13,12.97,0.31,728
70.154,16.74,0.23,0.87,0.53,13.05,0.00,728
70.171,16.80,0.16,0.87,35.06,13.04,34.11,729
70.208,36.36,0.08,0.40,0.81,13.04,0.09,725
70.219,11.60,0.07,0.37,19.26,24.27,0.00,735
70.239,20.07,0.09,0.48,17.03,7.47,0.21,734
70.257,18.02,0.16,0.63,14.67,7.76,0.00,733
70.273,16.03,0.19,0.96,16.37,11.86,0.31,733
70.291,17.99,0.22,0.91,13.30,13.40,0.00,732
70.306,14.54,0.07,0.43,51.65,13.44,34.69,732
70.372,66.23,0.16,0.52,1.12,13.30,0.12,717
70.389,16.68,0.24,0.73,1.38,12.95,0.12,739
70.405,16.75,0.16,1.04,0.54,13.26,0.00,739
70.419,13.44,0.15,0.89,4.77,13.24,0.31,739
70.439,20.04,0.17,1.00,0.52,13.18,0.00,739
70.456,16.72,0.15,1.02,34.10,12.99,33.12,735
70.506,50.18,0.10,0.51,0.95,12.96,0.10,732
70.523,16.74,0.09,0.70,1.43,12.70,0.12,730
70.539,16.73,0.11,0.67,0.37,12.65,0.00,728
70.556,16.76,0.16,0.98,2.09,12.54,0.31,726
70.573,16.73,0.15,1.01,0.51,12.64,0.00,726
70.590,16.75,0.23,0.93,34.85,12.66,33.86,722
70.640,50.20,0.10,0.50,0.94,12.50,0.10,719
70.656,16.71,0.08,0.62,1.40,12.31,0.14,719
70.673,16.76,0.10,0.70,0.39,12.27,0.00,718
70.690,16.74,0.14,0.98,2.15,12.16,0.31,718
70.707,16.72,0.14,0.98,0.51,12.16,0.00,717
70.723,16.75,0.14,0.96,33.10,12.31,32.26,717
70.758,34.26,0.09,0.40,0.78,12.31,0.08,715
70.774,15.94,0.09,0.46,17.17,21.12,0.00,714
70.791,17.83,0.10,0.62,17.63,9.97,0.32,712
70.810,18.74,0.14,0.91,13.60,12.21,0.00,713
70.828,18.29,0.15,0.95,13.67,12.35,0.30,721
70.844,15.25,0.24,0.98,12.99,12.76,0.00,724
70.858,14.27,0.06,0.37,52.69,12.99,35.56,724
70.924,66.25,0.12,0.60,1.08,12.88,0.11,714
70.941,16.70,0.10,0.75,1.37,12.75,0.11,713
70.958,16.69,0.11,0.68,0.46,12.71,0.00,712
70.974,16.80,0.15,1.08,2.25,12.88,0.30,711
70.988,13.58,0.15,0.93,2.97,12.68,0.00,712
71.008,20.13,0.19,0.94,34.14,13.06,33.17,711
71.058,49.94,0.09,0.45,0.94,12.88,0.09,705
71.075,16.72,0.08,0.68,1.38,13.03,0.11,705
71.091,16.68,0.09,0.66,0.39,13.08,0.00,706
71.108,16.82,0.16,0.98,2.16,13.01,0.27,710
71.125,16.74,0.28,0.95,0.51,13.04,0.00,707
71.142,16.67,0.14,1.02,34.85,13.04,33.89,707
71.192,50.28,0.09,0.45,0.92,13.02,0.09,706
71.209,16.71,0.09,0.57,1.03,12.70,0.11,705
71.225,16.74,0.09,0.74,0.37,12.85,0.00,706
71.242,16.75,0.14,1.01,2.15,12.75,0.28,707
71.259,16.77,0.23,0.97,0.51,12.79,0.00,706
71.276,16.61,0.18,1.07,33.36,12.74,32.49,759
71.326,50.30,0.10,0.53,0.95,13.56,0.09,755
71.343,16.71,0.08,0.80,1.36,13.25,0.11,753
71.359,16.72,0.10,1.18,0.50,13.31,0.00,750
71.376,16.71,0.14,1.19,2.16,13.15,0.28,749
71.393,16.81,0.16,1.31,0.55,13.22,0.00,749
71.409,16.65,0.14,1.20,34.81,13.17,34.02,749
71.460,50.26,0.11,0.55,0.96,13.27,0.09,746
71.476,16.74,0.08,0.79,1.35,12.89,0.11,746
71.493,16.64,0.10,0.76,0.37,12.82,0.00,746
71.510,16.85,0.27,1.14,2.13,12.79,0.27,748
71.527,16.67,0.17,1.24,0.50,12.70,0.00,748
71.543,16.70,0.14,1.20,34.72,12.56,33.75,746
71.581,37.26,0.07,0.47,0.79,12.56,0.09,750
71.594,12.95,0.08,0.54,16.96,23.23,0.00,749
71.612,18.58,0.09,0.67,16.11,13.08,0.21,748
71.630,18.16,0.12,0.88,13.23,12.88,0.00,751
71.645,14.84,0.11,0.83,15.98,13.06,0.12,757
71.662,17.09,0.16,1.44,14.50,12.87,0.00,756
71.678,16.22,0.13,1.28,51.00,12.90,35.37,755
71.732,53.12,0.09,0.51,0.82,12.90,0.08,748
71.744,12.61,0.06,0.56,17.69,22.54,0.11,747
71.763,18.41,0.08,0.68,15.16,6.43,0.00,748
71.779,15.99,0.09,0.88,17.43,7.26,0.31,745
71.797,18.55,0.19,1.21,13.57,11.13,0.00,744
71.812,15.07,0.12,1.31,48.93,12.67,33.28,743
71.878,65.82,0.09,0.55,0.97,12.42,0.10,741
71.895,16.72,0.08,0.67,1.03,12.35,0.10,738
71.911,16.78,0.09,0.83,0.35,12.35,0.00,736
71.928,16.73,0.13,1.23,2.07,12.37,0.31,734
71.945,16.70,0.14,1.17,0.53,12.41,0.00,732
71.962,16.78,0.15,1.20,33.09,12.48,32.26,731
72.012,50.16,0.10,0.54,0.98,12.40,0.10,732
72.029,16.74,0.08,0.81,1.33,12.35,0.12,732
72.045,16.76,0.12,1.17,0.55,12.39,0.00,729
72.066,20.49,0.14,1.22,2.00,12.42,0.32,736
72.079,12.98,0.11,0.93,0.44,12.42,0.00,734
72.096,16.69,0.14,0.52,31.80,12.26,30.79,734
72.129,33.44,0.09,0.48,0.89,12.26,0.10,729
72.146,16.74,0.10,0.53,0.32,10.19,0.00,726
72.162,16.78,0.08,0.60,1.12,12.85,0.16,725
72.179,16.77,0.14,1.14,0.47,6.47,0.00,723
72.196,16.69,0.15,1.26,2.20,9.25,0.31,724
72.214,17.89,0.14,1.24,0.63,10.96,0.00,725
72.230,15.86,0.17,1.17,33.20,12.82,32.34,724
72.280,49.96,0.09,0.58,0.99,12.81,0.10,718
72.296,16.71,0.09,0.84,1.36,12.69,0.12,716
72.313,16.74,0.08,0.84,0.40,12.70,0.00,714
72.330,16.75,0.15,1.23,2.09,12.60,0.31,715
72.347,16.83,0.23,1.18,0.58,12.74,0.00,711
72.363,16.65,0.14,1.09,33.68,12.68,32.72,709
72.413,50.13,0.20,0.56,0.94,12.75,0.11,725
72.430,16.74,0.07,0.66,1.05,13.29,0.10,725
72.447,16.77,0.10,1.20,0.55,13.32,0.00,721
72.464,16.74,0.15,1.14,2.16,13.42,0.31,721
72.480,16.72,0.15,1.14,0.48,13.26,0.00,723
72.497,16.74,0.12,1.17,34.20,13.28,33.24,722
72.549,52.13,0.10,0.55,0.99,13.29,0.10,731
72.564,14.81,0.11,0.61,1.15,13.80,0.11,730
72.581,16.72,0.09,0.89,0.49,13.74,0.00,730
72.598,16.73,0.13,1.15,2.19,10.92,0.36,725
72.614,16.78,0.27,1.50,0.56,12.87,0.00,782
72.631,16.70,0.12,1.17,33.44,17.42,32.48,778
72.681,50.22,0.15,0.71,0.96,17.42,0.11,782
72.698,16.76,0.10,1.11,1.35,9.86,0.12,778
72.715,16.67,0.14,1.17,0.39,11.98,0.00,784
72.731,16.75,0.18,1.66,2.30,12.70,0.30,781
72.748,16.77,0.19,1.73,0.49,12.97,0.00,780
72.765,16.70,0.20,1.74,32.71,14.86,31.84,782
72.815,50.31,0.19,0.97,1.27,16.90,0.12,787
72.832,16.64,0.10,1.15,1.45,15.38,0.12,785
72.850,17.97,0.13,1.24,0.46,10.71,0.00,787
72.866,15.87,0.17,1.72,2.23,11.40,0.34,792
72.882,16.36,0.17,1.76,0.59,13.77,0.00,793
72.899,16.75,0.24,1.73,33.97,15.68,32.96,796
72.949,50.25,0.13,0.81,0.95,15.68,0.11,799
72.966,16.74,0.09,1.15,1.39,12.87,0.12,798
72.982,16.69,0.11,1.26,0.35,13.95,0.00,796
72.999,16.81,0.18,1.81,2.14,14.08,0.31,794
73.016,16.75,0.26,1.77,0.60,14.08,0.00,792
73.037,20.48,0.18,1.80,29.46,13.18,28.60,808
73.083,46.41,0.12,0.81,0.99,14.08,0.13,808
73.100,16.67,0.10,1.24,1.40,13.79,0.12,808
73.116,16.82,0.10,0.72,0.39,13.78,0.00,809
73.133,16.68,0.12,1.24,1.50,13.67,0.21,810
73.150,16.81,0.18,1.25,0.37,13.74,0.00,809
73.167,16.67,0.18,1.95,33.90,13.67,32.90,807
73.217,50.86,0.11,0.95,0.96,13.59,0.10,804
73.234,16.31,0.18,1.19,1.32,13.33,0.12,801
73.250,16.50,0.14,1.20,0.37,13.39,0.00,799
73.267,16.73,0.16,1.72,2.18,13.28,0.30,798
73.284,16.74,0.16,1.79,0.50,13.23,0.00,796
73.300,16.73,0.16,1.67,32.88,13.14,32.03,797
73.351,50.26,0.12,0.81,1.03,13.12,0.11,793
73.367,16.70,0.20,1.27,1.36,13.07,0.19,809
73.384,16.71,0.12,1.31,0.36,13.62,0.00,809
73.401,16.81,0.25,1.82,2.14,13.54,0.30,806
73.418,16.69,0.18,1.91,0.48,13.50,0.00,804
73.434,16.79,0.23,1.77,32.70,13.40,31.87,803
73.485,50.18,0.12,0.82,0.98,13.57,0.11,797
73.501,16.72,0.10,1.16,1.30,13.44,0.11,795
73.518,16.75,0.12,1.27,0.38,13.48,0.00,791
73.535,16.73,0.15,1.78,2.12,13.43,0.30,788
73.552,16.74,0.15,1.83,0.48,13.61,0.00,788
73.568,16.80,0.23,1.69,34.35,13.58,33.39,779
73.618,50.19,0.13,1.04,1.20,13.61,0.15,778
73.635,16.64,0.10,1.21,1.42,13.53,0.12,768
73.652,16.72,0.11,1.77,0.52,13.68,0.00,768
73.669,16.80,0.27,1.68,2.51,13.70,0.49,767
73.685,16.72,0.13,1.69,0.68,13.72,0.00,765
73.702,16.71,0.13,1.69,33.19,11.36,32.19,766
73.738,36.40,0.05,0.64,0.75,11.36,0.06,772
73.752,13.86,0.09,0.63,16.92,20.57,0.00,771
73.770,18.08,0.11,0.98,16.32,12.20,0.22,766
73.788,17.87,0.11,1.16,13.97,13.64,0.00,767
73.804,15.45,0.12,1.52,15.09,14.24,0.11,763
73.821,16.88,0.07,0.76,15.52,13.92,0.00,762
73.837,16.46,0.13,1.73,50.81,14.19,35.54,761
73.892,54.77,0.07,0.61,0.86,14.19,0.10,759
73.903,11.02,0.06,0.57,17.54,24.46,0.08,758
73.921,18.27,0.07,0.86,15.21,8.18,0.00,758
73.938,16.56,0.10,1.14,16.94,8.82,0.34,758
73.957,18.83,0.14,1.32,12.91,11.25,0.00,756
73.971,14.56,0.12,1.64,49.86,14.95,34.74,756
74.023,52.32,0.06,0.64,0.82,14.95,0.07,750
74.037,13.33,0.07,0.68,17.57,23.69,0.12,747
74.055,18.42,0.07,0.89,14.94,9.27,0.00,747
74.071,15.98,0.08,1.12,17.19,11.12,0.31,740
74.090,18.60,0.21,1.55,13.34,12.77,0.00,739
74.105,15.22,0.11,1.67,49.49,14.36,34.27,738
74.171,65.79,0.14,0.82,1.00,14.20,0.19,786
74.187,16.68,0.09,1.27,1.40,16.18,0.12,786
74.204,16.68,0.12,1.21,0.39,16.18,0.00,785
74.221,16.75,0.17,1.82,2.11,13.69,0.30,784
74.238,16.73,0.16,1.74,0.61,7.60,0.00,783
74.254,16.74,0.16,1.81,32.84,9.47,32.02,783
74.305,50.28,0.14,0.78,1.01,15.96,0.11,779
74.321,16.67,0.10,1.15,1.37,15.71,0.11,779
74.338,16.74,0.13,1.70,0.61,15.65,0.00,779
74.355,16.78,0.26,1.81,2.12,14.13,0.30,777
74.372,16.70,0.20,1.85,0.50,12.04,0.00,777
74.388,16.76,0.16,1.67,33.08,11.64,32.11,776
74.438,50.14,0.22,0.82,0.96,15.54,0.14,789
74.455,16.72,0.10,0.93,1.08,15.88,0.09,786
74.472,16.74,0.11,1.19,0.37,10.57,0.00,783
74.489,16.75,0.16,1.72,2.09,13.12,0.30,782
74.505,16.74,0.16,1.77,0.49,13.95,0.00,779
74.522,16.73,0.16,1.79,34.07,14.38,33.11,778
74.572,50.26,0.12,0.96,1.11,14.38,0.14,770
74.589,16.66,0.08,0.88,1.31,12.76,0.12,768
74.606,16.74,0.10,1.30,0.52,9.49,0.00,761
74.623,16.79,0.20,1.30,2.09,11.72,0.30,762
74.639,16.71,0.13,1.40,0.55,12.77,0.00,760
74.656,16.74,0.15,1.40,33.93,12.73,32.97,766
74.706,50.19,0.10,0.66,0.91,12.78,0.11,759
74.723,16.75,0.08,0.89,1.38,12.87,0.12,760
74.740,16.72,0.09,0.90,0.37,12.76,0.00,759
74.756,16.75,0.13,1.30,2.12,12.70,0.30,757
74.773,16.74,0.12,1.39,0.52,12.73,0.00,756
74.790,16.74,0.13,1.37,34.46,12.69,33.45,753
74.840,50.24,0.09,0.63,0.94,12.75,0.10,748
74.857,16.72,0.07,0.95,1.35,12.75,0.12,749
74.872,15.10,0.09,0.93,1.46,12.75,0.00,759
74.890,18.36,0.15,1.36,1.53,13.29,0.21,758
74.907,16.72,0.10,1.09,0.50,13.30,0.00,758
74.924,16.74,0.16,1.43,31.17,13.47,30.20,758
74.957,33.44,0.09,0.56,0.80,13.47,0.09,759
74.974,16.83,0.08,0.67,16.94,22.04,0.00,760
74.992,17.80,0.09,0.99,17.13,12.15,0.30,759
75.010,18.41,0.17,1.47,13.32,13.19,0.00,762
75.026,16.22,0.14,1.45,15.30,13.43,0.31,762
75.044,17.92,0.12,1.30,12.80,13.39,0.00,766
75.059,14.58,0.19,1.44,50.81,13.55,35.41,763
75.125,65.63,0.13,0.78,1.16,13.38,0.13,765
75.141,16.70,0.09,0.91,1.34,13.39,0.12,765
75.158,16.75,0.13,1.36,0.52,13.40,0.00,762
75.175,16.74,0.13,1.32,2.09,13.37,0.31,759
75.191,16.73,0.13,1.35,0.48,13.39,0.00,757
75.208,16.73,0.13,1.28,33.11,13.44,32.28,755
75.258,50.26,0.10,0.64,0.98,13.54,0.10,755
75.275,16.72,0.07,0.87,1.40,13.47,0.11,755
75.292,16.74,0.08,1.25,0.53,13.53,0.00,756
75.309,16.72,0.12,1.34,2.10,13.50,0.30,757
75.325,16.74,0.12,1.42,0.51,13.69,0.00,759
75.342,16.80,0.18,1.15,34.22,13.63,33.27,757
75.392,50.21,0.09,0.59,0.93,13.74,0.10,753
75.409,16.66,0.07,0.78,1.34,13.93,0.13,749
75.426,16.73,0.11,0.85,0.39,14.11,0.00,747
75.443,16.72,0.11,1.13,2.09,14.10,0.30,746
75.459,16.80,0.21,1.23,0.48,14.11,0.00,743
75.476,16.72,0.12,1.28,34.36,14.01,33.37,741
75.526,50.17,0.12,0.61,0.92,14.02,0.10,736
75.543,16.69,0.07,0.73,1.34,13.88,0.12,735
75.560,16.76,0.09,0.86,0.37,13.88,0.00,733
75.576,16.77,0.13,1.30,2.26,13.78,0.31,730
75.593,16.69,0.10,0.98,0.72,13.78,0.00,726
75.610,16.80,0.15,1.21,33.71,14.01,32.68,722
75.658,48.02,0.10,0.55,1.04,14.01,0.12,714
75.677,18.86,0.09,0.71,1.10,12.32,0.09,713
75.694,16.77,0.14,1.10,0.43,12.40,0.00,769
75.710,16.72,0.31,1.47,2.43,16.17,0.56,766
75.727,16.72,0.19,1.61,0.57,16.17,0.00,766
75.746,19.10,0.13,1.07,30.36,15.04,29.15,775
75.778,32.10,0.12,0.29,0.37,15.04,0.06,775
75.790,12.18,0.10,0.67,20.31,27.82,0.00,776
75.812,21.60,0.11,0.86,16.92,9.41,0.22,775
75.830,18.06,0.16,1.22,13.86,11.13,0.00,775
75.845,15.36,0.17,1.68,16.45,15.74,0.40,775
75.864,18.56,0.20,1.63,13.00,15.74,0.00,774
75.879,14.94,0.16,1.65,49.06,12.43,34.07,776
75.930,51.38,0.07,0.59,0.72,12.43,0.05,772
75.945,14.27,0.09,0.70,17.61,23.66,0.11,771
75.963,18.51,0.10,0.87,14.88,12.00,0.00,771
75.979,15.93,0.11,1.11,17.23,13.64,0.31,772
75.998,18.60,0.26,1.60,13.20,14.45,0.00,772
76.013,15.18,0.24,1.71,49.96,15.55,34.89,773
76.078,65.66,0.18,1.03,1.22,15.55,0.24,826
76.095,16.70,0.15,1.37,1.30,15.13,0.12,823
76.112,16.74,0.15,1.34,0.38,9.32,0.00,820
76.129,16.75,0.22,1.93,2.12,9.88,0.31,823
76.145,16.74,0.19,1.72,0.48,11.29,0.00,810
76.162,16.81,0.29,1.96,32.42,14.88,31.53,810
76.212,50.23,0.14,0.76,1.01,14.88,0.12,817
76.229,16.64,0.12,0.94,1.03,16.75,0.09,824
76.246,16.77,0.13,1.21,0.37,9.51,0.00,823
76.263,16.71,0.21,1.82,2.14,8.91,0.31,823
76.279,16.76,0.29,1.81,0.48,13.96,0.00,832
76.296,16.71,0.30,1.75,34.04,13.35,33.07,831
76.346,50.24,0.15,1.03,1.15,13.35,0.13,840
76.363,16.69,0.11,1.31,1.29,10.12,0.11,839
76.380,16.74,0.17,1.27,0.35,13.71,0.00,838
76.396,16.75,0.27,1.82,2.13,14.04,0.34,839
76.413,16.74,0.20,1.86,0.53,13.23,0.00,840
76.430,16.74,0.28,1.83,34.02,14.28,33.05,839
76.480,50.21,0.27,1.02,1.11,14.28,0.10,854
76.497,16.70,0.13,1.31,1.33,13.39,0.09,853
76.514,16.75,0.13,1.32,0.37,8.03,0.00,853
76.530,16.74,0.25,1.88,2.15,8.58,0.22,853
76.547,16.73,0.26,2.20,0.73,10.87,0.00,860
76.564,16.74,0.21,2.26,31.79,14.70,30.80,861
76.616,51.96,0.17,0.96,1.00,14.79,0.09,861
76.631,14.98,0.12,1.10,1.08,14.79,0.09,861
76.647,16.73,0.17,1.00,0.31,10.68,0.00,851
76.664,16.70,0.29,2.09,1.59,9.78,0.29,849
76.681,16.74,0.31,1.96,0.50,13.92,0.00,850
76.698,16.74,0.40,1.99,33.16,13.71,32.20,850
76.748,50.22,0.13,0.87,1.02,15.04,0.12,849
76.765,16.69,0.10,1.05,1.09,12.33,0.10,845
76.781,16.69,0.14,0.86,0.28,13.82,0.00,843
76.798,16.75,0.20,2.01,2.17,14.01,0.33,838
76.815,16.79,0.18,2.04,0.79,13.55,0.00,835
76.833,18.42,0.21,2.11,29.05,15.38,27.79,834
76.865,31.97,0.13,0.79,0.92,15.38,0.10,828
76.882,16.50,0.08,0.73,16.94,27.70,0.00,827
76.900,17.87,0.13,1.29,16.78,8.41,0.31,829
76.918,18.43,0.13,1.41,13.51,9.41,0.00,829
76.933,15.17,0.17,1.84,14.81,13.04,0.15,827
76.950,16.94,0.14,0.73,15.64,15.41,0.00,825
76.967,16.67,0.23,1.77,49.14,15.59,34.19,820
77.032,65.47,0.13,0.81,0.96,15.59,0.12,820
77.049,16.72,0.10,1.14,1.36,10.74,0.12,819
77.066,16.83,0.13,1.20,0.42,13.09,0.00,819
77.082,16.69,0.19,1.75,2.19,13.63,0.31,817
77.099,16.73,0.20,1.73,0.51,13.63,0.00,818
77.116,16.74,0.19,1.79,33.58,15.41,32.44,816
77.166,50.21,0.14,0.80,1.02,15.66,0.13,805
77.183,16.68,0.11,1.06,1.41,15.43,0.12,805
77.200,16.74,0.11,1.10,0.38,9.40,0.00,799
77.216,16.75,0.17,1.70,2.18,11.09,0.30,799
77.233,16.73,0.29,1.62,0.50,12.15,0.00,797
77.250,16.73,0.16,1.75,33.80,13.91,32.63,796
77.300,50.22,0.15,0.80,0.93,13.97,0.11,793
77.317,16.73,0.09,1.05,1.35,14.02,0.12,792
77.333,16.69,0.12,1.15,0.39,14.03,0.00,787
77.350,16.74,0.17,1.61,2.22,13.99,0.30,786
77.367,16.74,0.18,1.64,0.56,13.98,0.00,786
77.384,16.73,0.18,1.73,33.98,14.01,32.88,786
77.421,37.19,0.08,0.65,0.86,14.01,0.09,792
77.434,13.07,0.10,0.73,16.81,21.71,0.00,790
77.452,18.06,0.11,0.93,16.12,11.22,0.20,785
77.470,17.62,0.11,1.07,15.71,13.52,0.16,783
77.487,17.13,0.16,1.71,13.44,14.04,0.00,778
77.502,15.45,0.19,1.84,49.32,14.42,34.52,775
77.564,62.13,0.11,0.70,0.96,14.42,0.09,766
77.585,20.42,0.13,0.80,1.06,16.26,0.09,758
77.601,16.46,0.12,1.07,0.39,7.22,0.00,753
77.618,16.77,0.16,1.59,2.15,8.94,0.27,750
77.635,16.73,0.15,1.62,0.53,10.37,0.00,751
77.651,16.78,0.18,1.53,33.03,12.51,32.16,751
77.702,50.19,0.12,0.58,0.99,12.70,0.09,743
77.718,16.74,0.09,0.89,1.37,12.51,0.11,740
77.735,16.74,0.11,1.29,0.52,12.54,0.00,737
77.752,16.75,0.14,1.32,2.11,12.57,0.27,736
77.769,16.72,0.26,1.23,0.49,12.61,0.00,735
77.785,16.75,0.13,1.29,34.42,12.50,33.46,736
77.835,50.16,0.09,0.61,0.93,12.56,0.12,731
77.852,16.73,0.09,0.75,1.10,12.60,0.10,733
77.869,16.74,0.10,0.93,0.39,12.63,0.00,729
77.886,16.73,0.15,1.46,2.20,12.63,0.28,729
77.902,16.77,0.15,1.38,0.52,12.68,0.00,729
77.919,16.67,0.18,1.41,33.95,12.68,32.92,730
77.969,50.23,0.09,0.62,0.94,12.91,0.10,727
77.986,16.72,0.08,0.85,1.36,12.88,0.11,725
78.003,16.76,0.08,0.93,0.37,12.87,0.00,725
78.020,16.73,0.15,1.28,2.07,12.75,0.27,725
78.036,16.73,0.13,1.33,0.46,12.84,0.00,727
78.053,16.75,0.19,0.93,34.19,12.75,33.23,726
78.103,50.22,0.09,0.48,0.95,11.23,0.09,725
78.120,16.69,0.07,0.64,1.35,11.31,0.11,724
78.137,16.73,0.09,0.71,0.37,11.39,0.00,725
78.153,16.75,0.18,0.88,2.14,11.37,0.29,725
78.170,16.75,0.14,1.09,0.52,11.48,0.00,722
78.187,16.71,0.13,0.98,33.32,11.50,32.36,721
78.237,50.22,0.10,0.57,1.11,11.59,0.11,720
78.254,16.70,0.08,0.69,1.30,11.59,0.11,718
78.271,16.73,0.08,0.91,0.48,11.56,0.00,719
78.287,16.75,0.13,0.96,2.06,11.47,0.27,718
78.304,16.73,0.13,0.96,0.55,11.57,0.00,717
78.321,16.73,0.14,0.91,34.86,11.47,33.85,716
78.371,50.21,0.09,0.49,0.96,11.50,0.09,717
78.390,19.43,0.09,0.70,1.16,11.37,0.10,728
78.404,14.03,0.09,0.73,0.59,12.09,0.00,727
78.421,16.68,0.07,0.38,0.87,12.24,0.11,726
78.438,16.80,0.14,1.06,0.58,12.05,0.00,723
78.455,16.69,0.12,0.86,31.52,11.98,30.46,724
78.488,33.40,0.20,0.49,0.90,11.98,0.10,771
78.505,16.80,0.09,0.56,0.34,12.02,0.00,772
78.522,16.74,0.10,0.63,1.45,12.53,0.23,763
78.538,16.76,0.12,0.92,0.61,7.97,0.00,759
78.555,16.73,0.19,0.97,2.28,9.97,0.33,758
78.573,17.79,0.14,1.25,0.73,11.61,0.00,759
78.589,16.14,0.12,0.85,34.56,12.04,33.58,760
78.639,49.75,0.09,0.45,0.94,12.00,0.10,758
78.655,16.70,0.07,0.60,1.34,11.66,0.13,758
78.672,16.74,0.08,0.64,0.39,11.72,0.00,759
78.689,16.69,0.12,0.90,2.16,11.59,0.33,759
78.706,16.79,0.12,0.88,0.52,11.56,0.00,759
78.722,16.67,0.12,0.92,34.77,11.56,33.80,758
78.773,50.22,0.09,0.44,0.91,11.40,0.10,754
78.789,16.68,0.07,0.49,1.05,11.33,0.10,752
78.806,16.74,0.09,0.75,0.52,11.15,0.00,752
78.823,16.83,0.18,0.86,2.16,11.16,0.32,750
78.839,16.65,0.13,0.94,0.53,11.04,0.00,750
78.856,16.73,0.12,0.92,34.53,11.20,33.55,749
78.906,50.19,0.10,0.46,0.92,11.12,0.10,741
78.923,16.75,0.10,0.64,1.33,11.13,0.13,739
78.940,16.73,0.12,0.93,0.54,10.98,0.00,740
78.957,16.73,0.11,0.89,2.06,11.15,0.31,737
78.973,16.74,0.12,0.88,0.53,11.02,0.00,738
78.990,16.73,0.12,0.87,34.91,11.10,33.95,735
79.040,50.20,0.10,0.44,0.92,11.03,0.11,733
79.057,16.77,0.08,0.42,0.89,11.16,0.09,733
79.074,16.68,0.10,0.68,0.45,11.02,0.00,731
79.091,16.83,0.11,0.93,2.15,11.16,0.33,729
79.107,16.66,0.12,0.94,0.55,11.04,0.00,726
79.124,16.73,0.12,0.91,34.31,11.10,33.32,727
79.174,50.16,0.09,0.44,0.97,11.17,0.11,723
79.191,16.73,0.07,0.51,1.31,11.26,0.12,721
79.208,16.76,0.12,0.84,0.52,11.23,0.00,720
79.224,16.73,0.11,0.91,2.15,11.41,0.31,719
79.241,16.73,0.11,0.92,0.54,11.31,0.00,718
79.258,16.73,0.11,0.88,34.63,11.36,33.66,716
79.295,36.77,0.07,0.36,0.79,11.36,0.08,723
79.308,13.42,0.08,0.41,17.07,18.96,0.00,723
79.326,17.99,0.08,0.56,16.72,9.24,0.19,721
79.344,17.77,0.08,0.67,14.76,11.68,0.00,719
79.360,15.80,0.15,1.00,16.81,11.99,0.29,719
79.378,18.79,0.40,0.93,13.03,11.79,0.00,717
79.393,14.98,0.28,1.09,50.17,12.04,35.03,761
79.459,65.28,0.08,0.52,0.93,12.65,0.11,753
79.475,16.73,0.07,0.76,1.36,12.73,0.14,753
79.493,17.50,0.10,0.76,0.42,12.66,0.00,753
79.509,16.15,0.21,1.06,2.14,12.77,0.28,753
79.526,16.59,0.13,1.13,0.54,12.71,0.00,748
79.542,16.72,0.12,1.06,34.71,12.70,33.72,747
79.593,50.26,0.09,0.51,0.89,12.58,0.09,740
79.609,16.73,0.07,0.73,1.33,12.33,0.12,738
79.626,16.81,0.15,0.73,0.37,12.30,0.00,734
79.643,16.61,0.13,1.04,2.10,12.17,0.28,733
79.659,16.73,0.13,1.10,0.52,12.20,0.00,726
79.676,16.73,0.12,1.06,34.83,12.18,33.87,727
79.726,50.26,0.09,0.52,0.90,12.26,0.09,723
79.743,16.66,0.09,0.62,1.05,12.25,0.09,724
79.762,19.38,0.09,0.76,0.49,12.12,0.00,733
79.777,14.10,0.10,0.83,1.55,12.73,0.19,733
79.793,16.71,0.05,0.52,0.39,12.59,0.00,733
79.810,16.76,0.13,1.21,32.40,12.44,31.25,734
79.844,33.89,0.07,0.28,0.35,12.44,0.05,732
79.860,16.29,0.07,0.51,17.22,23.76,0.00,730
79.878,17.91,0.08,0.87,17.45,12.14,0.48,731
79.897,18.60,0.25,1.10,13.55,11.94,0.00,732
79.912,15.03,0.11,1.10,17.16,11.92,0.31,732
79.931,19.45,0.13,1.09,12.69,11.79,0.00,730
79.946,14.85,0.13,1.11,50.48,11.86,35.63,730
80.011,64.77,0.10,0.60,1.05,11.88,0.11,731
80.028,16.74,0.07,0.62,1.05,11.47,0.10,729
80.044,16.73,0.09,1.06,0.55,11.37,0.00,729
80.061,16.75,0.12,1.11,2.19,11.46,0.33,728
80.078,16.73,0.12,1.12,0.49,11.28,0.00,729
80.095,16.76,0.13,1.14,34.73,11.24,33.76,728
80.145,50.25,0.09,0.50,0.92,11.13,0.10,728
80.161,16.71,0.07,0.75,1.36,10.93,0.12,726
80.178,16.67,0.08,0.75,0.39,10.93,0.00,726
80.194,15.86,0.12,1.35,2.73,10.84,0.30,735
80.212,17.60,0.03,0.20,0.45,11.30,0.00,734
80.228,16.73,0.03,0.30,26.88,11.33,25.58,734
80.256,27.38,0.10,0.66,1.07,11.33,0.10,732
80.262,6.08,0.06,0.54,17.18,18.10,0.00,730
80.280,17.91,0.15,0.91,15.70,6.21,0.00,729
80.297,16.88,0.11,1.29,16.81,6.36,0.45,727
80.315,18.40,0.22,1.08,14.95,9.42,0.18,727
80.331,16.39,0.11,1.23,13.74,11.05,0.00,726
80.347,15.21,0.15,1.12,15.52,11.11,0.00,725
80.365,18.17,0.28,1.16,47.37,10.87,33.15,723
80.414,49.31,0.07,0.45,0.82,10.87,0.13,719
80.429,15.16,0.07,0.49,17.13,18.84,0.00,719
80.447,17.79,0.06,0.55,17.76,9.11,0.31,716
80.466,18.61,0.11,0.86,13.80,10.74,0.00,715
80.481,14.90,0.11,1.00,50.98,10.82,35.06,715
80.546,65.76,0.19,0.49,0.92,10.70,0.11,738
80.563,16.77,0.11,0.79,1.35,11.01,0.13,736
80.580,16.73,0.11,1.13,0.51,11.02,0.00,734
80.597,16.73,0.12,1.07,2.18,11.12,0.32,735
80.613,16.73,0.11,1.09,0.54,11.11,0.00,731
80.630,16.80,0.11,1.14,34.50,11.04,33.53,728
80.666,35.96,0.06,0.39,0.77,11.04,0.11,725
80.680,14.22,0.07,0.48,17.10,21.09,0.00,725
80.698,17.77,0.09,0.81,17.30,6.53,0.32,724
80.716,18.40,0.23,1.13,13.64,10.67,0.00,721
80.731,15.11,0.10,1.18,16.85,11.55,0.33,720
80.750,18.39,0.23,1.08,13.58,11.55,0.00,720
80.765,15.00,0.11,1.14,50.74,11.72,34.82,717
80.831,65.95,0.11,0.59,1.13,11.69,0.12,705
80.846,15.62,0.07,0.57,2.30,11.70,0.27,723
80.865,18.66,0.09,0.62,0.49,12.86,0.00,723
80.881,15.96,0.16,0.75,1.51,12.96,0.23,720
80.894,13.16,0.12,1.07,3.41,12.97,0.00,719
80.911,16.69,0.12,1.05,3.58,13.09,0.00,718
80.928,16.95,0.14,1.12,38.62,13.10,34.96,715
80.970,41.76,0.07,0.49,0.79,13.10,0.09,724
80.978,7.97,0.04,0.40,20.84,22.96,0.00,722
81.000,22.10,0.07,0.61,16.45,7.50,0.21,722
81.018,17.82,0.08,0.74,15.70,7.74,0.17,717
81.034,16.69,0.11,1.32,14.18,11.32,0.00,715
81.050,15.76,0.22,1.21,48.91,13.48,33.88,716
81.101,50.91,0.05,0.44,0.81,13.48,0.07,715
81.115,14.37,0.08,0.51,18.02,22.19,0.14,715
81.134,18.74,0.08,0.82,14.63,8.88,0.00,714
81.150,15.76,0.08,0.75,18.01,10.53,0.41,714
81.172,21.89,0.12,0.92,10.70,12.67,0.00,723
81.184,12.24,0.12,1.19,47.62,13.22,32.34,723
81.233,49.28,0.11,0.54,0.95,13.22,0.11,721
81.249,16.00,0.08,0.56,18.09,19.83,0.13,721
81.268,18.86,0.08,0.87,14.31,10.48,0.00,719
81.283,15.34,0.09,0.45,17.98,11.79,0.31,713
81.303,19.98,0.12,1.14,12.40,12.21,0.00,711
81.318,14.31,0.10,1.13,48.59,12.24,33.44,708
81.383,65.38,0.08,0.50,1.03,11.99,0.09,699
81.402,19.39,0.07,0.54,1.16,11.53,0.10,704
81.416,14.03,0.08,0.93,0.42,11.97,0.00,701
81.434,17.15,0.28,1.33,2.18,12.07,0.41,716
81.450,16.37,0.13,1.40,0.54,12.40,0.00,715
81.467,16.74,0.12,1.29,32.40,12.37,31.37,707
81.501,33.89,0.06,0.51,0.82,12.37,0.09,701
81.517,16.30,0.09,0.57,16.87,21.48,0.00,700
81.535,17.69,0.09,0.91,17.28,8.60,0.31,697
81.553,18.46,0.22,1.27,13.47,11.71,0.00,692
81.568,15.10,0.11,1.29,17.01,11.77,0.31,693
81.587,18.70,0.12,1.23,13.31,11.56,0.00,691
81.602,14.78,0.11,1.27,50.80,11.59,35.00,692
81.655,53.11,0.08,0.46,0.75,11.59,0.08,678
81.668,12.76,0.06,0.50,17.74,20.74,0.11,679
81.686,18.39,0.07,0.68,15.02,11.12,0.00,678
81.702,15.83,0.08,0.83,17.50,11.24,0.31,680
81.720,18.56,0.20,1.29,13.59,11.12,0.00,678
81.736,15.22,0.11,1.32,49.81,11.20,34.20,674
81.801,65.92,0.10,0.65,1.09,11.04,0.11,674
81.818,16.70,0.08,0.89,1.35,10.97,0.12,674
81.835,16.73,0.08,1.16,0.47,10.95,0.00,675
81.852,16.70,0.11,1.22,2.21,10.87,0.30,675
81.868,16.78,0.13,1.25,0.49,10.88,0.00,671
81.885,16.73,0.13,1.26,33.36,10.81,32.52,667
81.935,50.18,0.08,0.55,1.01,10.98,0.11,664
81.956,20.28,0.08,0.65,1.21,10.89,0.10,670
81.965,9.54,0.08,0.62,3.81,11.38,0.00,674
81.982,16.70,0.08,0.80,3.98,11.70,0.12,673
81.999,17.02,0.13,1.24,3.11,11.55,0.00,673
82.015,16.66,0.12,1.16,30.20,11.70,26.80,669
82.047,31.93,0.06,0.43,0.72,11.70,0.06,665
82.052,5.02,0.05,0.40,16.94,19.54,0.00,663
82.070,18.03,0.05,0.56,32.74,6.54,0.00,664
82.106,35.19,0.06,0.43,15.08,13.56,0.23,673
82.122,16.22,0.11,0.65,31.86,16.55,0.08,670
82.170,47.74,0.11,0.78,27.92,18.25,26.68,669
82.199,28.99,0.08,0.58,5.29,18.25,0.08,665
82.205,6.06,0.06,0.46,32.48,17.39,0.00,664
82.253,48.56,0.08,0.60,1.32,14.97,0.26,655
82.270,16.79,0.08,0.54,17.24,15.72,0.00,652
82.288,17.97,0.08,0.64,43.62,17.74,27.17,651
82.337,48.95,0.07,0.51,0.97,17.74,0.08,643
82.354,16.75,0.14,0.54,17.64,28.26,0.09,643
82.372,18.44,0.07,0.56,15.30,14.68,0.00,642
82.388,16.04,0.07,0.54,33.62,15.26,0.15,640
82.437,49.14,0.09,0.50,25.46,23.16,24.50,636
82.463,26.19,0.06,0.47,8.30,23.16,0.06,633
82.472,8.92,0.05,0.45,32.31,21.66,0.00,632
82.521,48.62,0.09,0.73,1.23,13.17,0.23,629
82.538,16.70,0.10,0.55,17.19,14.09,0.00,628
82.556,17.98,0.07,0.57,41.49,17.62,25.01,627
82.598,42.68,0.08,0.43,7.01,17.62,0.10,625
82.621,23.01,0.07,0.60,17.70,15.43,0.13,626
82.641,19.19,0.08,0.67,14.41,11.37,0.00,623
82.656,15.62,0.16,1.02,15.15,11.48,0.18,617
82.673,16.42,0.05,0.56,15.37,11.31,0.00,615
82.689,16.07,0.05,0.53,47.68,11.41,30.99,614
82.739,49.85,0.08,0.41,0.86,11.41,0.09,597
82.755,16.69,0.05,0.35,0.80,11.42,0.07,593
82.772,16.75,0.06,0.66,0.38,7.42,0.00,592
82.789,16.74,0.05,0.44,0.94,8.36,0.14,590
82.805,16.81,0.06,0.47,0.34,9.78,0.00,589
82.822,16.67,0.06,0.52,32.69,10.88,31.61,589
82.857,35.15,0.07,0.48,1.01,10.88,0.10,595
82.870,12.56,0.07,0.35,2.07,10.85,0.00,595
82.889,19.42,0.07,0.49,1.27,13.47,0.18,596
82.906,16.54,0.05,0.45,0.34,5.79,0.00,593
82.923,16.76,0.06,0.50,1.25,6.26,0.18,582
82.939,16.73,0.07,0.56,0.42,8.88,0.00,580
82.956,16.80,0.08,0.69,33.95,11.04,32.86,579
83.006,50.19,0.07,0.56,1.18,10.84,0.14,575
83.024,18.05,0.07,0.75,1.42,10.63,0.12,574
83.040,15.46,0.05,0.67,0.39,10.54,0.00,575
83.057,16.71,0.08,0.60,1.48,10.42,0.20,575
83.073,16.72,0.05,0.64,0.37,10.35,0.00,575
83.090,16.81,0.07,0.60,33.46,10.32,32.40,573
83.124,34.25,0.05,0.42,0.79,10.32,0.09,569
83.140,15.89,0.07,0.45,16.46,19.44,0.00,569
83.157,17.12,0.05,0.64,16.83,10.29,0.21,569
83.175,17.62,0.05,0.64,15.17,10.13,0.00,568
83.191,16.00,0.06,0.91,17.19,10.32,0.38,567
83.209,18.31,0.09,1.05,13.86,10.13,0.00,567
83.224,15.11,0.06,0.90,49.86,10.18,33.89,568
83.291,66.47,0.08,0.48,0.98,10.13,0.10,561
83.308,16.69,0.04,0.61,1.38,10.14,0.12,560
83.324,16.69,0.05,0.85,0.51,10.11,0.00,560
83.341,16.82,0.06,0.88,2.06,10.03,0.30,558
83.358,16.79,0.15,0.89,0.50,10.06,0.00,558
83.374,16.67,0.06,0.92,36.01,10.12,35.06,556
83.413,38.78,0.04,0.35,0.79,10.12,0.08,560
83.425,11.53,0.04,0.32,16.29,18.09,0.00,560
83.442,16.75,0.03,0.34,17.18,10.71,0.22,560
83.459,17.90,0.12,0.39,15.62,10.76,0.00,602
83.476,16.49,0.15,1.03,16.64,11.63,0.46,603
83.494,18.16,0.10,0.96,13.72,11.39,0.00,603
83.509,14.90,0.12,1.15,49.66,11.69,34.03,601
83.561,51.52,0.05,0.41,0.75,11.69,0.06,602
83.575,14.79,0.08,0.47,17.12,21.75,0.10,603
83.593,17.76,0.05,0.51,15.18,11.66,0.00,603
83.609,15.84,0.08,0.75,17.71,11.86,0.34,601
83.628,18.68,0.15,1.00,13.92,11.67,0.00,602
83.643,15.19,0.09,1.09,49.47,12.02,33.74,603
83.709,66.40,0.11,0.55,1.08,11.92,0.10,606
83.726,16.71,0.07,0.66,1.38,12.10,0.11,607
83.743,16.76,0.06,0.88,0.51,12.31,0.00,607
83.759,16.78,0.09,1.06,2.08,12.31,0.27,605
83.776,16.67,0.08,1.03,0.47,12.32,0.00,604
83.793,16.81,0.10,0.98,34.29,12.20,33.34,602
83.843,50.11,0.06,0.46,0.89,12.24,0.09,602
83.860,16.75,0.06,0.69,1.40,12.07,0.11,601
83.877,16.77,0.05,0.70,0.35,12.07,0.00,600
83.893,16.72,0.08,1.04,2.14,12.05,0.30,599
83.910,16.74,0.07,1.05,0.49,12.03,0.00,599
83.927,16.79,0.07,1.05,33.25,12.15,32.32,597
83.963,35.98,0.04,0.38,0.79,12.15,0.12,606
83.977,14.14,0.05,0.46,16.44,22.32,0.00,605
83.994,17.40,0.08,0.59,16.98,9.92,0.28,606
84.012,18.07,0.07,0.68,14.48,12.61,0.00,605
84.028,15.43,0.07,1.25,15.31,12.58,0.14,606
84.045,16.75,0.04,0.44,16.01,12.28,0.00,606
84.061,16.61,0.07,1.05,50.92,12.31,35.10,604
84.128,66.87,0.06,0.58,0.92,12.03,0.10,601
84.144,16.35,0.04,0.58,1.07,11.67,0.09,601
84.161,16.71,0.09,1.00,0.50,11.60,0.00,600
84.178,16.61,0.07,1.07,2.15,11.48,0.30,598
84.194,16.73,0.08,1.12,0.55,11.51,0.00,597
84.211,16.84,0.07,1.02,34.14,11.41,33.18,596
84.261,50.14,0.08,0.47,0.91,11.39,0.10,589
84.278,16.63,0.05,0.54,1.35,11.03,0.11,588
84.295,16.85,0.04,0.68,0.38,11.08,0.00,586
84.312,16.73,0.07,1.02,2.12,10.97,0.30,586
84.328,16.72,0.08,0.97,0.48,10.90,0.00,585
84.345,16.73,0.08,0.99,34.90,10.77,33.89,583
84.395,50.19,0.17,0.54,0.95,10.79,0.14,606
84.412,16.68,0.07,0.75,1.36,11.27,0.12,605
84.429,16.81,0.07,1.07,0.49,11.22,0.00,603
84.446,16.74,0.09,1.13,2.10,11.16,0.31,599
84.462,16.73,0.09,1.17,0.47,11.18,0.00,600
84.478,15.95,0.09,1.37,29.99,11.23,29.10,609
84.512,34.26,0.05,0.45,0.82,11.23,0.07,608
84.529,16.74,0.07,0.53,0.33,11.97,0.00,608
84.546,16.73,0.07,0.83,1.54,9.05,0.21,607
84.563,16.73,0.08,0.95,0.49,9.90,0.00,605
84.579,16.76,0.08,1.24,2.24,11.57,0.30,603
84.596,16.73,0.07,1.25,0.51,11.34,0.00,604
84.613,16.71,0.07,1.19,34.47,11.60,33.62,604
84.664,50.69,0.04,0.45,0.78,11.57,0.07,600
84.680,16.62,0.05,0.63,0.99,11.70,0.09,599
84.697,16.37,0.05,0.62,0.34,11.51,0.00,599
84.713,16.77,0.05,0.78,1.49,11.49,0.21,600
84.730,16.68,0.07,1.16,0.51,11.49,0.00,600
84.747,16.78,0.07,1.22,34.26,11.57,33.30,598
84.797,50.19,0.06,0.52,0.93,11.60,0.10,592
84.814,16.73,0.04,0.74,1.38,11.52,0.12,592
84.830,16.69,0.11,1.04,0.40,11.53,0.00,649
84.847,16.80,0.13,1.64,2.46,15.36,0.62,649
84.864,16.66,0.11,1.58,0.55,15.36,0.00,646
84.881,16.81,0.12,1.59,33.93,10.05,32.97,644
84.931,50.17,0.08,0.67,0.90,12.76,0.11,640
84.948,16.76,0.07,0.94,1.37,13.37,0.12,640
84.964,16.72,0.08,1.03,0.37,13.32,0.00,638
84.980,15.49,0.12,2.07,2.24,13.81,0.35,648
84.998,17.95,0.09,1.89,0.75,15.05,0.00,646
85.015,16.75,0.12,1.61,30.22,16.10,29.22,644
85.048,33.45,0.05,0.58,0.79,16.10,0.10,644
85.065,16.71,0.08,0.69,16.31,28.68,0.00,641
85.082,17.22,0.07,0.90,17.89,8.57,0.32,639
85.101,18.99,0.26,1.48,15.42,10.85,0.25,576
85.119,18.22,0.08,1.42,12.04,10.59,0.00,574
85.133,14.28,0.07,1.42,14.40,13.40,0.00,574
85.149,16.03,0.07,1.48,50.78,13.44,35.10,576
85.215,65.94,0.08,0.81,0.95,13.35,0.12,647
85.232,16.69,0.05,1.25,1.25,14.54,0.04,641
85.249,16.76,0.06,1.29,0.38,11.68,0.00,640
85.266,16.74,0.10,2.04,1.97,11.61,0.12,676
85.282,16.73,0.10,2.11,0.50,12.26,0.00,678
85.299,16.74,0.10,2.07,33.35,12.15,32.36,679
85.349,50.18,0.10,1.00,0.92,12.13,0.10,710
85.366,16.71,0.07,1.69,1.23,12.54,0.15,746
85.383,16.75,0.08,1.76,0.43,13.18,0.00,738
85.399,16.74,0.13,2.72,1.82,13.03,0.05,738
85.416,16.73,0.15,3.01,0.51,12.94,0.00,773
85.433,16.73,0.14,2.96,31.89,13.57,30.98,772
85.469,36.34,0.08,1.13,0.83,13.57,0.07,818
85.483,13.89,0.07,1.09,16.71,23.15,0.02,819
85.501,18.22,0.07,1.34,14.60,7.36,0.00,854
85.518,16.22,0.10,1.69,16.72,10.77,0.12,852
85.536,18.88,0.12,2.55,12.09,12.82,0.00,851
85.551,14.95,0.14,3.56,45.96,14.87,33.13,887
85.601,49.71,0.09,1.45,0.74,14.87,0.06,926
85.617,15.89,0.08,1.55,16.65,23.28,0.04,923
85.635,18.40,0.07,1.91,13.82,12.26,0.00,923
85.651,15.89,0.09,2.68,15.75,13.35,0.12,957
85.670,18.67,0.25,3.86,10.73,13.55,0.00,958
85.685,15.02,0.13,4.04,47.53,14.34,34.67,959
85.737,52.21,0.08,1.58,0.72,14.34,0.02,950
85.751,13.70,0.09,1.61,15.73,26.23,0.00,938
85.768,17.53,0.07,1.98,15.57,8.16,0.03,939
85.786,17.72,0.13,2.65,14.33,8.42,0.03,937
85.803,17.35,0.12,3.26,11.86,10.58,0.00,937
85.819,15.34,0.14,3.92,47.05,14.23,34.04,1010
85.885,65.93,0.11,2.11,1.08,15.04,0.05,999
85.901,16.73,0.08,2.10,1.01,14.52,0.03,996
85.918,16.73,0.10,2.75,0.40,14.37,0.00,994
85.935,16.73,0.13,3.60,1.23,14.25,0.02,995
85.952,16.73,0.14,3.65,0.41,14.21,0.00,994
85.968,16.73,0.26,4.07,30.24,14.07,29.29,991
86.019,50.18,0.16,2.26,1.46,14.00,0.42,1123
86.035,16.77,0.11,2.27,1.04,14.00,0.03,1117
86.052,16.73,0.21,3.22,0.43,15.16,0.00,1176
86.069,16.73,0.12,3.14,1.50,9.72,0.27,1164
86.086,16.77,0.18,3.90,0.40,10.12,0.00,1156
86.102,16.70,0.27,4.75,27.41,12.24,26.55,1239
86.136,33.39,0.11,1.90,0.83,12.24,0.14,1285
86.152,16.82,0.12,1.74,15.56,18.84,0.00,1278
86.170,17.52,0.10,2.51,15.08,10.21,0.04,1272
86.188,17.79,0.13,2.79,12.82,7.17,0.00,1257
86.204,15.85,0.12,3.20,14.79,9.49,0.03,1255
86.222,18.33,0.18,4.71,10.29,13.39,0.00,1251
86.237,15.30,0.17,4.71,46.70,14.15,34.38,1244
86.303,65.82,0.14,1.88,0.94,14.15,0.06,1209
86.320,16.70,0.10,2.41,1.23,12.90,0.24,1252
86.337,16.77,0.13,3.15,0.42,14.47,0.00,1246
86.353,16.66,0.21,4.66,1.27,14.08,0.03,1240
86.370,16.81,0.25,4.50,0.56,13.14,0.00,1229
86.387,16.73,0.17,4.40,28.86,14.57,28.05,1221
86.420,33.49,0.13,1.67,0.73,14.57,0.02,1198
86.437,16.79,0.13,1.68,15.54,27.10,0.00,1335
86.454,17.46,0.10,2.25,15.59,14.22,0.52,1332
86.473,18.11,0.16,2.62,12.66,14.55,0.00,1394
86.488,15.55,0.12,3.47,14.92,17.41,0.37,1381
86.507,18.67,0.19,3.79,10.83,14.13,0.00,1375
86.522,14.95,0.23,4.77,43.98,12.83,31.96,1374
86.571,49.09,0.20,1.97,0.75,12.83,0.02,1362
86.588,16.72,0.14,2.34,15.95,16.84,0.36,1497
86.606,18.55,0.11,2.87,12.88,15.13,0.00,1487
86.622,15.96,0.13,3.81,13.98,12.18,0.03,1482
86.640,18.07,0.18,3.76,11.39,12.86,0.00,1472
86.656,15.46,0.19,5.07,45.79,12.70,33.98,1467
86.721,65.84,0.13,2.83,1.04,12.70,0.03,1444
86.738,16.70,0.11,2.83,0.99,18.45,0.02,1438
86.755,16.77,0.15,2.78,0.38,19.83,0.00,1433
86.772,16.73,0.14,3.76,1.25,9.89,0.03,1425
86.788,16.72,0.14,3.65,0.43,10.39,0.00,1421
86.805,16.74,0.18,4.26,28.31,11.28,27.46,1422
86.838,33.41,0.11,1.99,0.73,11.28,0.02,1411
86.855,16.78,0.13,2.10,15.32,16.42,0.00,1409
86.873,17.64,0.11,2.36,14.89,13.78,0.03,1407
86.890,17.48,0.12,2.75,13.09,8.41,0.00,1403
86.906,16.07,0.13,3.41,13.95,10.56,0.02,1400
86.924,17.61,0.16,3.35,12.55,11.76,0.00,1397
86.940,16.20,0.21,4.27,48.12,12.99,35.66,1397
87.006,65.65,0.16,2.57,1.05,12.99,0.04,1391
87.023,16.69,0.11,2.79,1.18,20.55,0.21,1472
87.039,16.75,0.21,3.98,0.38,10.64,0.00,1548
87.056,16.76,0.16,3.91,1.28,11.86,0.25,1548
87.073,16.75,0.18,4.04,0.44,12.65,0.00,1547
87.090,16.73,0.14,4.01,28.12,12.65,27.31,1549
87.123,33.37,0.08,2.30,0.75,12.65,0.02,1551
87.140,16.79,0.11,2.05,15.50,24.70,0.00,1552
87.157,17.75,0.10,2.94,14.30,14.44,0.03,1552
87.175,17.46,0.18,3.65,11.97,13.97,0.00,1555
87.191,15.90,0.13,4.04,13.25,14.96,0.03,1553
87.208,17.55,0.14,4.10,11.79,13.07,0.00,1553
87.225,16.18,0.20,5.30,44.72,14.36,33.31,1553
87.290,65.75,0.17,2.49,0.92,14.36,0.04,1551
87.307,16.79,0.11,3.05,1.01,22.06,0.02,1549
87.324,16.72,0.11,3.10,0.36,10.22,0.00,1549
87.341,16.71,0.17,4.26,1.17,8.39,0.21,1615
87.357,16.72,0.16,4.36,0.41,12.23,0.00,1616
87.374,16.73,0.16,4.38,28.27,12.22,27.47,1615
87.407,33.44,0.10,2.52,0.71,12.22,0.01,1615
87.424,16.86,0.14,2.69,14.49,17.21,0.00,1618
87.442,17.45,0.17,3.44,14.36,13.47,0.28,1681
87.460,18.08,0.20,4.29,10.84,13.45,0.00,1680
87.475,15.41,0.14,4.53,12.78,14.56,0.02,1678
87.493,17.59,0.15,4.52,11.32,14.85,0.00,1678
87.509,16.10,0.14,5.44,42.34,15.19,30.72,1678
87.558,49.11,0.16,2.87,0.93,15.19,0.20,1816
87.575,16.82,0.18,3.08,14.49,21.24,0.02,1816
87.593,17.85,0.15,2.55,13.65,9.92,0.00,1816
87.609,16.44,0.22,4.15,13.26,11.90,0.03,1813
87.627,17.78,0.22,4.89,10.43,12.36,0.00,1814
87.643,15.65,0.18,5.10,41.95,13.05,30.08,1813
87.692,49.33,0.14,2.95,0.72,13.05,0.02,1815
87.709,16.84,0.17,2.68,14.89,29.18,0.04,1816
87.727,17.82,0.11,2.58,13.75,29.18,0.00,1815
87.743,16.60,0.24,4.23,12.84,14.70,0.03,1815
87.761,17.44,0.22,5.24,10.47,13.26,0.00,1884
87.777,16.08,0.33,5.70,38.21,15.09,27.48,1952
87.826,49.10,0.14,3.12,0.73,15.09,0.02,1952
87.843,16.73,0.19,2.98,14.65,29.24,0.07,1952
87.860,17.89,0.12,3.45,12.96,29.24,0.00,1952
87.877,16.61,0.19,4.45,12.70,13.28,0.02,1952
87.895,17.47,0.24,4.53,11.07,14.14,0.00,2031
87.910,15.95,0.20,5.02,38.28,15.18,26.58,2031
87.960,49.23,0.17,3.34,0.75,15.18,0.03,2031
87.976,16.79,0.19,3.52,14.00,25.83,0.02,2031
87.994,17.80,0.12,2.59,13.87,37.04,0.00,2031
88.011,16.67,0.28,5.48,11.74,11.82,0.28,2098
88.029,17.64,0.29,4.39,11.04,8.48,0.00,2098
88.044,15.83,0.24,5.15,44.67,10.55,32.96,2096
88.110,65.89,0.24,3.24,1.27,14.31,0.38,2227
88.127,16.74,0.17,4.04,0.88,16.28,0.02,2225
88.144,16.77,0.17,4.04,0.36,16.28,0.00,2225
88.161,16.70,0.17,4.09,1.06,16.03,0.02,2225
88.177,16.74,0.29,4.80,0.36,14.03,0.00,2291
88.194,16.73,0.28,5.23,24.66,14.43,23.83,2292
88.227,33.42,0.14,3.18,0.78,14.43,0.02,2292
88.244,16.83,0.18,2.92,14.19,22.02,0.00,2292
88.262,17.36,0.12,2.78,14.12,39.98,0.02,2290
88.279,17.11,0.13,2.83,13.21,23.93,0.00,2291
88.295,16.26,0.12,3.69,15.06,9.09,0.42,2368
88.314,19.02,0.32,8.26,33.57,10.96,27.02,2367
88.361,47.29,0.15,3.46,0.84,10.96,0.11,2430
88.378,16.82,0.17,3.08,14.26,24.97,0.00,2429
88.396,17.60,0.18,3.74,13.70,13.14,0.23,2500
88.413,17.71,0.21,4.09,11.43,13.14,0.00,2501
88.429,15.82,0.17,4.47,12.84,14.71,0.03,2501
88.447,17.62,0.25,4.68,10.63,12.72,0.00,2502
88.463,15.65,0.20,4.93,39.12,13.30,26.96,2568
88.512,49.40,0.15,3.38,0.73,13.30,0.01,2569
88.529,16.84,0.22,3.04,0.82,16.78,0.02,2569
88.545,16.68,0.15,3.11,0.31,22.83,0.00,2625
88.562,16.74,0.25,3.71,1.02,15.77,0.17,2620
88.579,16.76,0.23,4.16,0.39,12.69,0.00,2621
88.596,16.74,0.23,4.12,22.68,12.86,21.82,2620
88.623,27.11,0.24,3.14,0.73,12.86,0.01,2620
88.629,6.30,0.12,3.08,14.12,13.52,0.00,2619
88.646,17.36,0.15,3.12,13.50,15.17,0.00,2620
88.663,16.86,0.19,3.00,14.04,10.94,0.03,2618
88.681,17.34,0.21,3.30,13.22,11.39,0.02,2618
88.697,16.84,0.20,3.48,12.35,11.36,0.00,2619
88.714,16.12,0.18,4.12,12.40,11.45,0.00,2620
88.730,16.81,0.26,5.47,39.64,11.54,28.40,2618
88.780,49.25,0.14,3.22,0.73,11.54,0.02,2615
88.796,16.78,0.21,3.42,0.87,14.90,0.02,2614
88.813,16.73,0.16,3.37,0.34,22.13,0.00,2613
88.830,16.73,0.13,2.80,0.74,23.42,0.02,2612
88.847,16.74,0.24,4.24,0.41,15.13,0.00,2611
88.863,16.74,0.30,5.56,24.91,12.20,24.04,2611
88.897,33.43,0.16,3.24,0.74,12.20,0.02,2611
88.914,16.74,0.15,3.22,0.19,12.16,0.00,2611
88.930,16.81,0.24,3.17,0.76,13.94,0.03,2610
88.947,16.75,0.23,3.64,0.90,12.23,0.02,2609
88.964,16.71,0.17,3.44,0.34,12.25,0.00,2609
88.981,16.73,0.24,3.91,22.06,12.27,21.22,2609
89.007,26.30,0.23,3.05,0.20,12.27,0.00,2605
89.014,7.14,0.13,2.97,14.84,13.33,0.02,2604
89.032,17.98,0.15,3.07,12.90,13.05,0.00,2606
89.048,16.21,0.20,2.91,14.48,12.10,0.04,2604
89.066,17.72,0.19,3.54,12.30,11.98,0.00,2602
89.082,16.13,0.21,3.89,13.32,11.65,0.04,2600
89.100,17.56,0.31,4.34,10.86,12.02,0.00,2599
89.115,15.61,0.21,4.30,42.73,13.25,30.07,2599
89.165,49.42,0.18,2.77,0.72,13.25,0.02,2597
89.181,16.76,0.18,2.98,14.74,18.89,0.04,2597
89.199,17.99,0.16,2.58,13.60,32.31,0.00,2596
89.216,16.43,0.18,3.98,13.30,12.59,0.03,2596
89.233,17.59,0.25,4.73,10.69,10.83,0.00,2596
89.249,15.78,0.26,4.79,39.66,12.64,27.73,2597
89.299,49.36,0.20,2.67,0.73,12.64,0.02,2597
89.315,16.71,0.19,2.95,0.91,14.77,0.02,2597
89.332,16.73,0.17,2.97,0.34,14.88,0.00,2597
89.349,16.74,0.24,3.61,1.05,8.97,0.02,2596
89.365,16.74,0.19,3.68,0.39,10.24,0.00,2597
89.382,16.72,0.18,4.14,24.56,10.45,23.69,2595
89.411,28.96,0.26,2.83,0.20,10.45,0.00,2591
89.416,4.47,0.13,2.74,31.65,18.76,0.05,2590
89.466,50.29,0.33,4.05,1.10,12.53,0.03,2590
89.483,16.71,0.23,3.99,1.04,8.40,0.02,2589
89.499,16.76,0.35,4.49,0.39,11.00,0.00,2590
89.516,16.70,0.27,4.56,25.42,12.30,24.55,2590
89.550,33.51,0.19,2.09,0.72,12.30,0.02,2590
89.566,16.69,0.17,2.06,15.28,27.08,0.00,2590
89.584,17.59,0.18,2.97,14.56,15.79,0.03,2590
89.602,17.83,0.24,3.59,11.87,15.79,0.00,2590
89.617,15.82,0.29,4.07,13.08,12.88,0.02,2591
89.635,17.57,0.28,4.02,11.61,12.18,0.00,2591
89.651,16.09,0.35,4.43,45.11,14.18,33.09,2590
89.701,49.95,0.20,2.50,0.75,14.18,0.02,2589
89.717,15.83,0.22,2.45,15.46,28.21,0.04,2589
89.735,18.23,0.21,2.95,12.78,13.95,0.00,2588
89.751,16.02,0.24,3.19,14.15,14.11,0.02,2588
89.769,17.70,0.28,3.69,12.02,13.45,0.00,2588
89.785,16.14,0.33,3.94,44.75,13.89,32.13,2587
89.834,49.08,0.17,2.26,0.73,13.89,0.02,2587
89.851,16.69,0.21,2.27,15.72,21.19,0.03,2586
89.869,18.31,0.25,2.45,13.38,11.25,0.00,2586
89.885,16.16,0.25,3.25,13.94,6.92,0.02,2584
89.903,17.58,0.30,3.15,12.51,8.77,0.00,2582
89.919,16.11,0.33,4.25,45.30,11.14,33.19,2582
89.985,65.74,0.26,1.81,1.02,15.78,0.06,2579
90.001,16.71,0.21,2.24,1.08,15.78,0.03,2578
90.018,16.71,0.23,2.82,0.48,12.98,0.00,2578
90.035,16.75,0.47,4.24,1.40,12.83,0.03,2574
90.052,16.73,0.40,4.24,0.44,13.08,0.00,2574
90.068,16.73,0.38,4.29,30.52,13.67,29.62,2572
90.119,50.23,0.27,1.44,0.97,13.67,0.05,2553
90.135,16.66,0.26,2.26,1.44,17.04,0.02,2550
90.152,16.79,0.33,2.04,0.47,9.99,0.00,2522
90.169,16.81,0.43,3.00,2.01,10.53,0.04,2521
90.186,16.65,0.54,3.11,0.68,11.64,0.00,2517
90.202,16.72,0.41,3.24,34.33,14.84,33.30,2517
90.252,50.20,0.26,1.54,1.09,14.84,0.05,2510
90.269,16.74,0.18,1.82,1.15,14.74,0.03,2510
90.286,16.71,0.31,1.78,0.46,10.50,0.00,2507
90.303,16.77,0.42,2.75,1.95,12.20,0.03,2505
90.319,16.71,0.42,2.69,0.64,12.20,0.00,2499
90.336,16.70,0.40,2.27,33.47,12.71,32.45,2463
90.386,50.30,0.26,0.78,0.96,14.76,0.06,2428
90.403,16.67,0.19,1.06,1.36,15.76,0.02,2424
90.420,16.74,0.24,1.13,0.47,15.76,0.00,2415
90.437,16.75,0.37,1.34,2.01,9.57,0.07,2392
90.453,16.74,0.38,1.39,0.55,13.11,0.00,2388
90.470,16.73,0.46,1.40,33.27,13.82,32.23,2386
90.520,50.23,0.24,0.47,1.00,15.79,0.06,2288
90.537,16.63,0.17,0.56,1.14,15.31,0.02,2286
90.554,16.80,0.28,0.63,0.44,10.82,0.00,2283
90.570,16.75,0.41,0.91,1.93,12.11,0.03,2282
90.587,16.72,0.49,1.04,0.58,13.34,0.00,2280
90.604,16.75,0.40,1.00,28.80,14.92,27.75,2278
90.637,33.46,0.22,0.43,0.87,14.92,0.05,2276
90.654,16.72,0.14,0.35,0.29,14.91,0.00,2273
90.671,16.74,0.16,0.35,0.79,24.60,0.02,2271
90.687,16.68,0.15,0.35,0.31,7.23,0.00,2266
90.704,16.79,0.15,0.34,0.75,5.12,0.02,2262
90.721,16.66,0.14,0.37,0.32,7.70,0.00,2260
90.738,16.74,0.14,0.34,23.61,10.22,22.69,2261
90.762,24.21,0.22,0.39,0.33,10.22,0.00,2262
90.771,9.32,0.14,0.35,16.57,14.24,0.04,2259
90.788,17.14,0.15,0.37,15.80,10.23,0.00,2261
90.805,16.39,0.15,0.38,16.55,10.28,0.02,2260
90.822,17.19,0.15,0.35,15.74,12.95,0.00,2260
90.838,16.32,0.16,0.43,16.44,13.00,0.02,2260
90.855,17.14,0.14,0.35,15.70,13.69,0.00,2258
90.872,16.27,0.14,0.42,39.93,13.70,23.28,2254
90.922,50.19,0.21,0.41,0.85,13.70,0.05,2241
90.938,16.64,0.14,0.35,0.76,14.11,0.02,2240
90.955,16.81,0.16,0.36,0.31,7.53,0.00,2238
90.972,16.73,0.15,0.35,0.79,8.53,0.02,2237
90.989,16.74,0.16,0.34,0.30,10.08,0.00,2235
91.005,16.66,0.13,0.37,24.24,12.36,23.28,2230
91.030,24.86,0.21,0.40,0.36,12.36,0.00,2227
91.039,8.67,0.14,0.34,16.63,21.17,0.04,2224
91.056,17.20,0.20,0.39,15.64,6.44,0.00,2224
91.072,16.31,0.13,0.40,16.50,7.40,0.02,2220
91.090,17.13,0.17,0.35,15.74,9.53,0.00,2218
91.106,16.33,0.17,0.37,16.53,12.68,0.02,2215
91.123,17.16,0.14,0.36,15.87,12.46,0.00,2212
91.140,16.50,0.23,0.38,39.69,12.49,23.13,2205
91.190,50.00,0.21,0.41,0.82,12.49,0.05,2194
91.206,16.67,0.32,1.00,2.02,13.22,0.03,2193
91.223,16.80,0.36,0.96,0.59,12.10,0.00,2189
91.240,16.79,0.38,0.92,1.99,12.01,0.03,2187
91.257,16.68,0.37,0.92,0.55,11.98,0.00,2185
91.273,16.75,0.41,0.96,33.11,11.88,32.13,2181
91.323,50.17,0.23,0.50,0.95,11.87,0.05,2162
91.340,16.73,0.18,0.60,1.38,11.63,0.02,2158
91.357,16.72,0.30,0.64,0.40,11.57,0.00,2154
91.374,16.80,0.39,0.94,1.91,11.50,0.03,2147
91.390,16.75,0.41,0.96,0.63,11.46,0.00,2140
91.407,16.70,0.41,0.95,34.72,11.37,33.67,2135
91.457,50.17,0.24,0.48,0.93,11.36,0.05,2119
91.474,16.76,0.19,0.62,1.41,11.14,0.03,2112
91.491,16.66,0.23,0.73,0.42,11.11,0.00,2100
91.508,16.83,0.36,0.94,1.94,11.03,0.03,2094
91.524,16.77,0.43,0.93,0.58,10.98,0.00,2089
91.541,16.69,0.40,0.93,34.54,10.91,33.53,2082
91.591,50.17,0.22,0.48,0.94,10.90,0.06,2066
91.608,16.73,0.17,0.70,1.35,10.72,0.03,2058
91.625,16.69,0.21,0.70,0.45,10.68,0.00,2056
91.641,16.83,0.40,0.94,2.02,10.59,0.03,2049
91.658,16.72,0.39,1.08,0.77,10.54,0.00,2044
91.675,16.67,0.41,0.94,34.97,10.47,33.87,2034
91.725,50.25,0.23,0.57,1.12,10.47,0.05,2016
91.742,16.74,0.23,0.62,1.32,10.28,0.03,2013
91.759,16.75,0.33,0.91,0.57,10.25,0.00,2006
91.775,16.73,0.31,0.89,1.88,10.20,0.03,2003
91.792,16.74,0.32,0.94,0.56,10.18,0.00,1995
91.809,16.73,0.39,0.93,33.57,10.09,32.61,1993
91.859,50.23,0.24,0.43,0.92,10.10,0.04,1974
91.876,16.71,0.20,0.57,1.35,9.90,0.02,1965
91.892,16.68,0.20,0.69,0.42,9.90,0.00,1951
91.909,16.75,0.46,1.02,1.95,9.83,0.03,1943
91.926,16.83,0.40,0.90,0.56,9.81,0.00,1936
91.943,16.73,0.39,0.91,34.28,9.73,33.27,1932
91.993,50.13,0.20,0.48,0.91,9.76,0.05,1906
92.010,16.74,0.16,0.58,1.37,9.56,0.02,1900
92.026,16.73,0.24,0.61,0.43,9.55,0.00,1885
92.043,16.76,0.36,0.88,1.94,9.48,0.03,1876
92.060,16.74,0.38,0.88,0.54,9.48,0.00,1866
92.076,16.72,0.38,0.89,32.53,9.38,31.71,1856
92.110,33.86,0.17,0.37,0.74,9.38,0.03,1832
92.127,16.32,0.20,0.41,16.57,17.37,0.00,1825
92.144,17.30,0.23,0.74,17.17,9.29,0.04,1819
92.162,18.31,0.44,0.98,13.75,9.16,0.00,1806
92.178,15.28,0.29,0.87,16.63,9.20,0.04,1796
92.195,17.93,0.38,1.00,13.93,9.09,0.00,1786
92.211,15.46,0.38,0.86,50.22,9.14,34.49,1781
92.277,66.37,0.21,0.41,0.85,9.08,0.04,1747
92.294,16.65,0.19,0.65,1.37,8.89,0.03,1741
92.311,16.72,0.19,0.64,0.41,8.86,0.00,1734
92.328,16.82,0.35,0.84,1.92,8.82,0.03,1724
92.344,16.72,0.35,0.83,0.54,8.80,0.00,1714
92.361,16.73,0.27,0.82,34.92,8.72,33.89,1703
92.411,50.21,0.21,0.39,0.93,8.73,0.04,1686
92.428,16.75,0.20,0.45,0.99,8.63,0.02,1679
92.445,16.69,0.24,0.61,0.42,8.58,0.00,1665
92.461,16.81,0.37,0.84,1.94,8.55,0.04,1660
92.478,16.69,0.38,0.86,0.61,8.53,0.00,1652
92.495,16.75,0.28,0.90,33.47,8.54,32.49,1648
92.545,50.21,0.22,0.40,0.89,8.51,0.04,1620
92.562,16.72,0.16,0.52,1.29,8.34,0.02,1604
92.579,16.79,0.26,0.57,0.40,8.34,0.00,1595
92.595,16.69,0.41,0.83,1.95,8.31,0.03,1587
92.612,16.78,0.30,0.82,0.54,8.30,0.00,1574
92.629,16.71,0.33,0.81,34.75,8.21,33.75,1566
92.679,50.21,0.22,0.38,0.89,8.28,0.03,1538
92.696,16.68,0.17,0.50,1.25,8.12,0.02,1526
92.712,16.70,0.18,0.59,0.41,8.09,0.00,1523
92.729,16.83,0.33,0.79,1.93,8.09,0.03,1513
92.746,16.76,0.34,0.78,0.55,8.07,0.00,1505
92.763,16.69,0.32,0.80,34.53,7.99,33.55,1500
92.813,50.21,0.21,0.38,0.86,8.06,0.04,1481
92.830,16.68,0.15,0.48,1.29,7.91,0.02,1474
92.846,16.75,0.19,0.63,0.42,7.94,0.00,1466
92.863,16.76,0.35,0.79,1.86,7.89,0.03,1461
92.880,16.74,0.28,0.79,0.54,7.88,0.00,1453
92.897,16.72,0.26,0.77,34.49,7.85,33.51,1443
92.947,50.20,0.15,0.38,0.87,7.86,0.03,1421
92.963,16.74,0.16,0.63,1.30,7.76,0.03,1415
92.980,16.73,0.20,0.71,0.39,7.77,0.00,1411
92.997,16.75,0.27,0.75,1.89,7.72,0.03,1408
93.014,16.73,0.28,0.75,0.50,7.72,0.00,1406
93.030,16.74,0.28,0.75,34.31,7.65,33.32,1401
93.081,50.30,0.15,0.38,0.87,7.70,0.05,1381
93.097,16.66,0.15,0.54,1.35,7.58,0.03,1368
93.114,16.76,0.14,0.52,0.38,7.60,0.00,1356
93.131,16.70,0.27,0.71,1.89,7.56,0.03,1351
93.148,16.74,0.22,0.73,0.50,7.56,0.00,1343
93.164,16.81,0.28,0.71,35.17,7.51,34.18,1336
93.214,50.14,0.17,0.35,0.90,7.58,0.04,1306
93.231,16.70,0.11,0.40,1.24,7.54,0.02,1294
93.248,16.66,0.13,0.55,0.41,7.45,0.00,1288
93.265,16.89,0.26,0.70,1.92,7.40,0.03,1279
93.281,16.66,0.26,0.71,0.54,7.44,0.00,1271
93.298,16.68,0.20,0.74,34.96,7.36,33.95,1265
93.348,50.29,0.15,0.33,0.90,7.39,0.04,1244
93.365,16.68,0.11,0.46,1.32,7.31,0.03,1239
93.382,16.69,0.14,0.54,0.38,7.33,0.00,1234
93.399,16.79,0.19,0.72,1.86,7.27,0.03,1226
93.415,16.76,0.29,0.66,0.53,7.31,0.00,1214
93.432,16.75,0.25,0.70,33.41,7.24,32.58,1211
93.482,50.19,0.16,0.34,0.95,7.29,0.04,1183
93.499,16.70,0.12,0.54,1.30,7.19,0.02,1177
93.516,16.68,0.12,0.54,0.37,7.22,0.00,1167
93.532,16.85,0.28,0.66,1.92,7.15,0.04,1163
93.549,16.72,0.25,0.68,0.54,7.20,0.00,1155
93.566,16.76,0.19,0.83,33.90,7.13,32.94,1150
93.616,50.17,0.16,0.35,0.89,7.21,0.04,1120
93.633,16.70,0.11,0.36,0.97,7.09,0.02,1111
93.650,16.75,0.14,0.45,0.52,7.12,0.00,1105
93.666,16.75,0.19,0.70,1.85,7.05,0.03,1094
93.683,16.73,0.25,0.66,0.52,7.10,0.00,1092
93.700,16.75,0.19,0.72,34.81,7.04,33.84,1082
93.750,50.21,0.15,0.32,0.85,7.11,0.04,1057
93.767,16.68,0.10,0.37,1.29,7.00,0.04,1054
93.784,16.86,0.13,0.45,0.38,7.03,0.00,1048
93.800,16.65,0.24,0.64,1.83,7.00,0.03,1046
93.817,16.73,0.17,0.66,0.53,7.01,0.00,1039
93.834,16.73,0.16,0.73,34.22,6.94,33.25,1025
93.884,50.23,0.15,0.40,1.04,7.01,0.04,997
93.901,16.71,0.13,0.43,1.23,6.91,0.02,983
93.917,16.75,0.19,0.70,0.52,6.93,0.00,979
93.934,16.73,0.18,0.69,1.87,6.89,0.03,975
93.951,16.73,0.24,0.61,0.46,6.93,0.00,968
93.968,16.75,0.26,0.62,35.44,6.86,34.47,961
94.018,50.20,0.15,0.39,1.05,6.94,0.04,931
94.034,16.71,0.12,0.51,1.27,6.83,0.03,922
94.051,16.68,0.17,0.70,1.84,6.86,0.03,908
94.068,16.74,0.21,0.64,0.53,6.85,0.00,896
94.085,16.88,0.23,0.60,32.97,6.79,31.92,891
94.119,33.93,0.12,0.33,0.84,6.79,0.05,872
94.135,16.21,0.11,0.32,16.65,12.11,0.00,869
94.152,17.19,0.11,0.49,17.44,6.86,0.05,866
94.170,18.20,0.26,0.72,14.31,6.77,0.00,860
94.186,15.46,0.16,0.62,17.10,6.84,0.05,856
94.204,18.07,0.19,0.62,14.67,6.74,0.00,848
94.219,15.66,0.18,0.61,50.76,6.85,34.95,839
94.286,66.04,0.12,0.34,0.91,6.81,0.04,804
94.302,16.74,0.09,0.47,1.20,6.71,0.02,796
94.319,16.71,0.14,0.68,0.51,6.76,0.00,790
94.336,16.77,0.12,0.66,1.94,6.70,0.03,785
94.352,16.74,0.12,0.66,0.48,6.75,0.00,776
94.369,16.70,0.12,0.55,34.62,6.67,33.66,765
94.419,50.23,0.12,0.30,0.85,6.74,0.04,734
94.436,16.64,0.07,0.32,1.26,6.66,0.02,725
94.453,16.79,0.12,0.65,0.53,6.69,0.00,718
94.470,16.74,0.11,0.62,1.82,6.64,0.03,710
94.486,16.74,0.12,0.65,0.49,6.68,0.00,706
94.503,16.73,0.12,0.63,35.04,6.63,34.09,698
94.553,50.25,0.14,0.30,0.85,6.72,0.04,669
94.570,16.63,0.08,0.28,1.22,6.62,0.03,660
94.587,16.81,0.12,0.62,0.49,6.66,0.00,650
94.603,16.73,0.12,0.60,1.84,6.59,0.03,650
94.620,16.73,0.11,0.57,0.48,6.65,0.00,645
94.637,16.68,0.11,0.58,34.86,6.60,33.83,641
94.687,50.24,0.10,0.34,1.03,6.67,0.04,612
94.704,16.74,0.08,0.37,1.20,6.58,0.02,604
94.721,16.76,0.12,0.53,0.48,6.58,0.00,598
94.737,16.74,0.12,0.57,1.83,6.57,0.03,589
94.754,16.69,0.12,0.65,0.56,6.62,0.00,580
94.771,16.79,0.13,0.57,33.62,6.56,32.64,570
94.823,52.04,0.15,0.25,0.97,6.63,0.04,545
94.838,14.88,0.08,0.28,1.01,6.57,0.02,536
94.854,16.66,0.08,0.41,0.38,6.58,0.00,529
94.871,16.85,0.16,0.51,1.91,6.52,0.03,523
94.888,16.70,0.10,0.56,0.50,6.58,0.00,518
94.905,16.73,0.11,0.52,34.39,6.53,33.39,511
94.940,35.33,0.10,0.26,0.75,6.53,0.04,494
94.951,11.44,0.06,0.21,20.21,11.86,0.00,485
94.972,20.66,0.08,0.51,17.29,6.60,0.03,471
94.990,18.16,0.17,0.61,14.45,6.50,0.00,470
95.006,15.38,0.10,0.49,17.15,6.59,0.03,459
95.024,17.90,0.08,0.56,14.74,6.51,0.00,445
95.039,15.51,0.07,0.46,49.71,6.58,33.49,443
95.089,50.29,0.04,0.18,0.70,6.58,0.02,428
95.106,16.18,0.08,0.29,17.34,12.39,0.04,425
95.123,17.83,0.06,0.31,15.59,6.49,0.00,419
95.139,16.07,0.07,0.52,17.35,6.58,0.04,413
95.158,18.11,0.12,0.59,14.62,6.48,0.00,405
95.173,15.48,0.09,0.45,51.20,6.57,34.74,401
95.239,66.40,0.09,0.28,1.01,6.58,0.05,363
95.256,16.74,0.05,0.30,1.22,6.58,0.02,358
95.273,16.72,0.06,0.56,0.51,6.49,0.00,349
95.290,16.73,0.06,0.51,1.81,6.47,0.03,338
95.306,16.73,0.06,0.51,0.45,6.53,0.00,333
95.323,16.73,0.06,0.52,34.04,6.47,33.00,327
95.373,50.18,0.05,0.26,1.03,6.54,0.04,302
95.390,16.70,0.03,0.32,1.31,6.45,0.04,295
95.407,16.81,0.05,0.56,0.54,6.47,0.00,289
95.423,16.74,0.04,0.52,1.89,6.54,0.05,283
95.440,16.73,0.04,0.46,0.52,6.51,0.00,276
95.457,16.73,0.04,0.44,34.87,6.45,33.90,271
95.507,50.19,0.03,0.21,0.87,6.53,0.04,250
95.524,16.74,0.02,0.37,1.22,6.52,0.02,245
95.541,16.76,0.02,0.51,0.49,6.46,0.00,230
95.557,16.73,0.02,0.47,1.78,6.43,0.03,227
95.574,16.74,0.03,0.51,0.46,6.48,0.00,223
95.591,16.73,0.02,0.49,34.74,6.45,33.69,219
95.641,50.17,0.01,0.23,0.86,6.52,0.04,198
95.658,16.78,0.01,0.38,1.30,6.43,0.03,193
95.674,16.70,0.00,0.34,0.39,6.49,0.00,219
