t,frameMs,tickMs,buildMs,encodeMs,gpuMs,inkMs,instances
0.000,14.71,0.01,0.45,0.39,7.82,0.00,361
0.017,16.55,0.02,0.67,10.44,9.32,9.19,361
0.033,16.72,0.01,0.49,0.34,9.32,0.00,362
0.050,16.75,0.01,0.63,10.25,8.12,9.01,363
0.067,16.72,0.01,0.50,0.34,8.12,0.00,363
0.083,16.75,0.01,0.65,10.91,7.95,9.67,364
0.100,16.72,0.01,0.44,0.38,7.95,0.00,364
0.117,16.75,0.02,0.64,12.52,8.44,11.30,365
0.134,16.71,0.01,0.39,0.29,8.44,0.00,366
0.150,16.76,0.02,0.70,9.99,10.45,9.00,366
0.167,16.80,0.01,0.53,0.38,10.45,0.00,365
0.184,16.70,0.02,0.68,12.36,7.45,11.36,363
0.201,16.68,0.01,0.48,0.36,7.45,0.00,362
0.217,16.77,0.02,0.62,10.72,9.91,9.45,360
0.234,16.71,0.01,0.51,0.35,9.91,0.00,359
0.251,16.75,0.02,0.65,12.92,8.06,11.69,355
0.268,16.71,0.02,0.40,0.28,8.06,0.00,353
0.284,16.76,0.02,0.66,9.96,10.49,8.96,354
0.301,16.71,0.02,0.49,0.34,10.49,0.00,353
0.318,16.75,0.02,0.66,12.18,7.39,11.19,354
0.334,16.72,0.01,0.49,0.33,7.39,0.00,353
0.351,16.75,0.02,0.64,10.86,9.53,9.89,353
0.368,16.71,0.02,0.50,0.34,9.53,0.00,351
0.385,16.75,0.02,0.64,12.30,8.09,11.30,350
0.401,16.73,0.02,0.49,0.36,8.09,0.00,349
0.418,16.74,0.03,0.69,9.78,9.46,8.79,348
0.435,16.73,0.02,0.46,0.41,9.46,0.00,347
0.452,16.75,0.03,0.76,11.70,7.31,10.37,346
0.468,16.72,0.03,0.49,0.43,7.31,0.00,346
0.485,16.79,0.02,0.71,11.72,9.14,10.43,345
0.502,16.74,0.03,0.50,0.45,9.14,0.00,346
0.519,16.72,0.02,0.66,11.88,9.02,10.57,346
0.535,16.70,0.02,0.50,0.44,9.02,0.00,345
0.552,16.76,0.04,0.79,11.73,9.13,10.62,345
0.569,16.71,0.04,0.59,0.45,9.13,0.00,344
0.586,16.88,0.03,0.70,10.92,9.08,9.85,346
0.602,16.58,0.02,0.45,0.44,9.08,0.00,342
0.619,16.81,0.02,0.66,10.48,8.67,9.19,341
0.636,16.65,0.02,0.53,0.38,8.67,0.00,338
0.652,16.75,0.03,0.69,11.09,8.18,9.84,336
0.669,16.72,0.02,0.52,0.36,8.18,0.00,337
0.686,16.84,0.02,0.66,11.05,8.73,9.79,336
0.703,16.62,0.02,0.45,0.35,8.73,0.00,334
0.719,16.79,0.04,0.69,12.44,8.82,11.20,334
0.739,19.22,0.02,0.45,0.46,8.82,0.00,342
0.753,14.23,0.02,0.51,9.36,8.15,8.35,341
0.770,16.81,0.03,0.41,0.43,8.15,0.00,340
0.786,16.70,0.02,0.53,9.76,7.81,8.76,338
0.803,16.73,0.03,0.50,0.44,7.81,0.00,336
0.820,16.76,0.23,0.70,10.11,7.98,9.03,335
0.837,16.68,0.04,0.51,0.43,7.98,0.00,334
0.853,16.69,0.03,0.73,11.15,8.54,9.88,333
0.866,13.20,0.02,0.33,4.05,8.54,0.00,333
0.887,20.52,0.02,0.67,9.98,9.44,8.99,331
0.903,16.46,0.02,0.51,0.37,9.44,0.00,328
0.920,16.75,0.03,0.74,11.15,8.61,9.91,325
0.937,16.71,0.02,0.52,0.40,8.61,0.00,324
0.954,16.78,0.04,0.73,12.61,9.41,11.36,324
0.970,16.70,0.02,0.52,0.37,9.41,0.00,323
0.987,16.76,0.02,0.62,10.95,10.88,9.71,323
1.004,16.70,0.02,0.53,0.35,10.88,0.00,323
1.021,16.75,0.03,0.68,12.25,8.95,11.24,321
1.037,16.72,0.02,0.54,0.36,8.95,0.00,320
1.054,16.76,0.02,0.57,10.78,10.36,9.49,321
1.071,16.72,0.03,0.50,0.41,10.36,0.00,318
1.087,16.73,0.03,0.71,11.69,8.57,10.46,316
1.104,16.71,0.02,0.51,0.36,8.57,0.00,315
1.121,16.75,0.03,0.68,12.74,9.54,11.51,315
1.138,16.72,0.02,0.52,0.33,9.54,0.00,316
1.154,16.75,0.03,0.71,12.66,10.45,11.43,319
1.171,16.76,0.02,0.52,0.35,10.45,0.00,320
1.188,16.71,0.03,0.74,11.05,10.42,9.81,321
1.205,16.71,0.02,0.53,0.38,10.42,0.00,321
1.221,16.75,0.03,0.67,12.92,8.78,11.69,319
1.238,16.71,0.02,0.42,0.28,8.78,0.00,317
1.255,16.76,0.03,0.69,9.76,10.72,8.78,317
1.272,16.71,0.02,0.50,0.34,10.72,0.00,316
1.288,16.75,0.02,0.70,12.05,7.34,10.83,315
1.305,16.71,0.02,0.50,0.34,7.34,0.00,315
1.322,16.75,0.09,0.94,12.18,9.39,11.18,369
1.338,16.71,0.04,0.67,0.35,9.39,0.00,369
1.355,16.73,0.04,0.64,9.64,17.66,8.46,370
1.372,16.73,0.04,0.67,0.36,17.66,0.00,368
1.389,16.75,0.07,1.01,12.71,14.63,11.47,367
1.405,16.71,0.04,0.67,0.35,14.63,0.00,367
1.422,16.73,0.05,0.64,9.59,17.77,8.40,366
1.439,16.76,0.05,0.68,0.38,5.82,0.00,365
1.456,16.72,0.06,0.92,12.62,10.41,11.37,366
1.472,16.72,0.04,0.68,0.34,10.41,0.00,366
1.489,16.75,0.07,0.99,12.54,15.33,11.31,366
1.506,16.73,0.05,0.50,0.30,15.33,0.00,367
1.523,16.73,0.06,0.96,9.60,13.85,8.59,366
1.539,16.71,0.05,0.67,0.35,13.85,0.00,366
1.556,16.75,0.06,1.05,9.89,10.08,8.85,367
1.570,14.46,0.05,0.56,3.00,10.08,0.00,379
1.589,19.04,0.06,0.53,7.80,12.88,7.02,381
1.606,16.68,0.04,0.41,0.35,12.88,0.00,382
1.623,16.84,0.07,0.71,8.99,8.24,7.99,383
1.640,16.68,0.06,0.54,0.37,8.24,0.00,385
1.656,16.70,0.08,1.07,9.55,15.76,8.45,388
1.673,16.72,0.05,0.74,0.43,15.76,0.00,387
1.687,13.66,0.04,0.62,12.89,16.19,8.78,389
1.707,19.81,0.04,0.75,0.40,16.19,0.00,392
1.723,16.75,0.06,1.06,9.81,15.99,8.71,393
1.740,16.72,0.04,0.70,0.37,15.99,0.00,394
1.757,16.75,0.05,1.02,11.82,10.84,10.50,395
1.774,16.77,0.06,0.63,0.33,10.84,0.00,399
1.790,16.74,0.06,1.08,10.94,12.46,9.64,398
1.807,16.69,0.09,0.76,0.48,12.46,0.00,399
1.824,16.77,0.06,1.00,11.69,11.57,10.36,400
1.840,16.68,0.05,0.75,0.37,11.57,0.00,403
1.857,16.75,0.06,0.98,11.18,12.48,9.93,404
1.874,16.75,0.04,0.72,8.23,8.80,7.28,405
1.891,16.69,0.03,0.58,0.31,8.80,0.00,405
1.907,16.76,0.06,1.03,9.82,8.89,8.82,407
1.924,16.72,0.06,0.71,0.35,8.89,0.00,411
1.941,16.75,0.10,0.96,11.02,10.49,9.75,412
1.960,19.51,0.06,0.83,0.42,10.49,0.00,423
1.974,13.93,0.15,0.70,8.93,9.39,7.93,459
1.991,16.80,0.05,0.67,0.43,9.39,0.00,462
2.008,16.67,0.09,0.75,9.19,10.00,8.17,463
2.025,16.81,0.05,0.62,0.38,10.00,0.00,465
2.041,16.72,0.04,0.64,9.57,10.71,8.53,465
2.058,16.65,0.07,0.59,0.36,10.71,0.00,465
2.071,13.46,0.05,0.65,3.64,11.68,0.00,467
2.088,16.48,0.06,1.01,15.64,9.82,11.37,467
2.108,20.26,0.05,0.78,8.71,9.63,7.76,467
2.125,16.73,0.05,0.76,0.36,9.63,0.00,466
2.142,16.82,0.06,1.08,11.66,10.74,10.67,466
2.158,16.72,0.05,0.74,0.34,10.74,0.00,467
2.175,16.75,0.06,1.09,9.59,14.06,8.59,469
2.192,16.72,0.05,0.78,0.37,14.06,0.00,472
2.209,16.74,0.06,1.07,9.63,11.82,8.62,472
2.225,16.73,0.06,0.73,0.39,11.82,0.00,474
2.242,16.76,0.07,1.07,11.92,12.01,10.93,474
2.259,16.70,0.04,0.69,0.36,12.01,0.00,477
2.276,16.75,0.06,0.99,10.69,13.33,9.45,479
2.292,16.72,0.04,0.76,0.35,13.33,0.00,480
2.309,16.75,0.05,1.06,9.59,9.87,8.60,479
2.326,16.71,0.05,0.76,0.36,9.87,0.00,480
2.342,16.75,0.06,1.07,10.66,10.59,9.43,483
2.359,16.71,0.06,0.75,0.37,10.59,0.00,485
2.376,16.76,0.06,1.09,11.68,11.27,10.68,486
2.393,16.72,0.05,0.77,0.37,11.27,0.00,486
2.409,16.75,0.05,1.10,9.58,14.67,8.58,491
2.426,16.72,0.05,0.75,0.39,14.67,0.00,490
2.443,16.75,0.06,1.10,10.83,12.59,9.57,494
2.460,16.72,0.04,0.75,0.37,12.59,0.00,495
2.476,16.74,0.05,1.17,11.52,13.97,10.51,495
2.493,16.71,0.04,0.60,0.29,13.97,0.00,497
2.510,16.69,0.06,1.07,9.48,15.06,8.48,498
2.527,16.79,0.05,0.75,0.34,15.06,0.00,500
2.543,16.75,0.06,1.08,10.89,12.78,9.61,502
2.560,16.72,0.05,0.77,0.39,12.78,0.00,504
2.577,16.75,0.06,1.03,11.32,14.40,10.28,506
2.593,16.72,0.06,0.80,0.39,14.40,0.00,506
2.610,16.73,0.04,0.70,9.39,14.31,8.39,507
2.627,16.66,0.05,0.79,0.37,5.26,0.00,507
2.644,16.81,0.06,1.10,10.69,9.06,9.43,509
2.660,16.72,0.05,0.76,0.37,9.06,0.00,510
2.677,16.75,0.08,1.03,10.98,12.44,9.72,511
2.694,16.73,0.04,0.67,0.38,12.44,0.00,510
2.711,16.74,0.06,1.07,11.73,12.55,10.47,511
2.727,16.71,0.04,0.59,0.32,12.55,0.00,507
2.744,16.74,0.04,1.00,9.68,15.24,8.69,508
2.761,16.74,0.05,0.71,0.38,15.24,0.00,507
2.778,16.94,0.06,0.99,10.39,12.94,9.36,503
2.794,16.53,0.06,0.75,0.39,12.94,0.00,489
2.811,16.75,0.05,1.06,9.82,13.54,8.83,475
2.828,16.72,0.04,0.71,0.37,13.54,0.00,472
2.844,16.74,0.05,1.03,11.42,11.34,10.19,472
2.861,16.74,0.05,0.68,0.40,11.34,0.00,473
2.878,16.73,0.06,1.04,11.06,11.31,10.09,473
2.895,16.72,0.04,0.73,0.39,11.31,0.00,474
2.911,16.75,0.05,1.04,11.11,10.72,10.10,476
2.928,16.72,0.04,0.53,0.34,10.72,0.00,477
2.945,16.77,0.08,1.01,9.81,10.85,8.79,477
2.964,19.56,0.31,0.61,0.40,8.14,0.00,485
2.978,13.91,0.05,0.72,8.71,8.62,7.71,486
2.995,16.64,0.05,0.59,0.36,8.62,0.00,486
3.012,16.74,0.05,0.77,9.00,8.99,7.99,487
3.028,16.72,0.04,0.57,0.38,8.99,0.00,485
3.045,16.76,0.04,0.43,9.31,9.09,8.30,485
3.059,13.37,0.05,0.68,3.21,9.09,0.00,486
3.075,16.48,0.05,0.97,13.73,9.32,9.63,485
3.095,20.41,0.05,0.70,0.42,9.32,0.00,484
3.112,16.67,0.06,1.03,9.92,10.03,8.82,484
3.129,16.79,0.05,0.73,0.36,10.03,0.00,484
3.146,16.73,0.04,0.65,8.17,9.85,7.11,486
3.162,16.79,0.07,1.01,0.59,8.35,0.00,488
3.179,16.70,0.06,1.03,12.93,8.27,11.67,486
3.196,16.71,0.04,0.68,0.35,8.27,0.00,486
3.213,16.75,0.05,1.01,12.24,12.67,11.24,488
3.229,16.72,0.04,0.67,0.36,12.67,0.00,489
3.246,16.75,0.05,1.04,10.56,11.83,9.23,487
3.263,16.72,0.05,0.71,0.37,11.83,0.00,486
3.280,16.74,0.05,1.04,10.87,10.17,9.62,487
3.296,16.72,0.04,0.51,0.36,10.17,0.00,487
3.313,16.75,0.05,0.72,10.92,10.57,9.70,487
3.330,16.72,0.04,0.51,0.36,10.57,0.00,487
3.347,16.75,0.05,0.76,10.87,10.38,9.65,488
3.363,16.72,0.04,0.50,0.36,10.38,0.00,488
3.380,16.75,0.05,0.77,10.90,10.17,9.65,488
3.397,16.72,0.04,0.51,0.38,10.17,0.00,487
3.413,16.75,0.05,0.74,12.82,10.33,11.57,486
3.430,16.64,0.06,0.40,0.30,10.33,0.00,489
3.447,16.81,0.04,0.64,9.96,12.55,8.93,489
3.464,16.74,0.04,0.50,0.35,12.55,0.00,487
3.480,16.75,0.05,0.74,12.25,9.67,11.25,486
3.497,16.72,0.04,0.49,0.36,9.67,0.00,483
3.512,15.05,0.04,0.45,8.72,11.89,7.12,490
3.527,14.69,0.02,0.16,3.92,8.74,0.00,491
3.548,21.33,0.08,0.75,9.60,8.81,8.43,488
3.564,15.82,0.06,0.50,0.38,8.81,0.00,488
3.581,16.80,0.06,0.76,7.14,10.98,6.32,490
3.598,17.35,0.03,0.26,0.34,8.72,0.00,488
3.614,16.06,0.06,0.42,22.94,14.33,5.61,489
3.638,23.52,0.03,0.31,10.47,14.33,0.00,483
3.649,11.01,0.03,0.36,39.06,14.35,5.62,483
3.689,40.12,0.04,0.38,14.81,11.22,5.10,480
3.715,25.75,0.05,0.40,28.20,12.16,10.44,478
3.743,28.81,0.05,0.53,13.57,9.10,8.28,476
3.758,14.28,0.04,0.41,24.27,8.51,0.00,472
3.783,24.86,0.05,0.74,26.81,8.47,10.55,469
3.810,27.69,0.03,0.27,12.11,8.47,6.42,466
3.823,12.50,0.03,0.33,9.04,8.34,0.00,465
3.832,9.51,0.03,0.35,16.18,8.44,0.00,462
3.849,16.72,0.04,0.50,25.97,8.36,9.06,461
3.876,26.69,0.07,0.63,15.51,8.29,8.64,464
3.892,16.33,0.04,0.49,6.58,8.29,0.00,463
3.899,7.20,0.03,0.47,16.36,9.45,0.00,461
3.916,16.98,0.05,0.76,27.94,8.38,11.35,461
3.949,32.72,0.06,0.47,9.52,8.27,8.44,458
3.966,16.74,0.04,0.49,0.41,8.27,0.00,456
3.982,16.75,0.16,0.52,10.11,8.62,8.75,509
3.999,16.70,0.04,0.57,0.39,8.62,0.00,509
4.016,16.80,0.06,0.68,11.27,10.60,9.89,506
4.033,16.69,0.06,0.51,0.43,10.60,0.00,508
4.049,16.72,0.06,0.48,10.47,11.97,9.03,510
4.066,16.76,0.07,0.61,0.47,11.97,0.00,510
4.083,16.76,0.06,0.74,12.35,10.78,10.95,507
4.099,16.67,0.05,0.56,0.39,10.78,0.00,507
4.116,16.80,0.06,0.72,11.25,12.68,9.87,504
4.133,16.68,0.06,0.52,0.42,12.68,0.00,501
4.150,16.79,0.06,0.77,11.78,9.86,10.62,498
4.166,16.64,0.04,0.39,0.34,9.86,0.00,496
4.183,16.83,0.05,0.70,10.12,12.35,8.98,493
4.200,16.66,0.04,0.54,0.42,12.35,0.00,492
4.217,16.76,0.06,0.76,11.77,10.36,10.39,492
4.233,16.70,0.04,0.56,0.39,10.36,0.00,491
4.250,16.78,0.05,0.74,11.64,11.79,10.50,487
4.267,16.72,0.04,0.55,0.38,11.79,0.00,486
4.284,16.77,0.05,0.75,11.65,11.67,10.42,483
4.300,16.67,0.04,0.54,0.39,11.67,0.00,482
4.317,16.77,0.06,0.74,11.50,11.75,10.40,481
4.334,16.68,0.04,0.53,0.37,11.75,0.00,480
4.351,16.80,0.06,0.75,11.60,11.60,10.49,479
4.367,16.67,0.04,0.46,0.38,11.60,0.00,478
4.384,16.82,0.07,0.81,10.65,11.87,9.42,475
4.401,16.67,0.04,0.56,0.42,11.87,0.00,474
4.417,16.79,0.06,0.69,11.51,10.43,10.53,473
4.434,16.67,0.05,0.58,0.42,10.43,0.00,473
4.451,16.80,0.06,0.72,10.64,10.85,9.62,471
4.468,16.66,0.04,0.55,0.39,10.85,0.00,472
4.484,16.78,0.05,0.71,11.45,10.18,10.43,471
4.501,16.73,0.05,0.54,0.41,10.18,0.00,471
4.518,16.76,0.05,0.68,12.33,11.03,11.33,471
4.535,16.71,0.04,0.45,0.39,11.03,0.00,469
4.551,16.75,0.04,0.55,9.59,11.98,8.62,469
4.568,16.63,0.05,0.55,0.39,11.98,0.00,469
4.585,16.82,0.05,0.71,12.21,8.57,11.23,468
4.602,16.72,0.04,0.48,0.39,8.57,0.00,467
4.618,16.75,0.06,0.71,11.16,10.26,9.89,468
4.635,16.69,0.06,0.53,0.42,10.26,0.00,469
4.652,16.73,0.07,0.74,11.84,10.61,10.49,467
4.668,16.72,0.05,0.38,0.39,10.61,0.00,466
4.685,16.79,0.05,0.76,9.93,11.21,8.92,465
4.702,16.72,0.04,0.49,0.40,11.21,0.00,465
4.719,16.75,0.05,0.74,11.14,9.09,10.13,464
4.735,16.72,0.04,0.49,0.39,9.09,0.00,463
4.752,16.75,0.05,0.71,9.90,10.24,8.88,463
4.769,16.79,0.06,0.49,0.41,10.24,0.00,464
4.786,16.68,0.05,0.77,11.01,8.84,9.73,462
4.805,19.20,0.05,0.47,0.71,8.84,0.00,473
4.819,14.28,0.04,0.56,8.99,8.70,7.88,472
4.836,16.64,0.05,0.48,0.42,8.70,0.00,469
4.852,16.75,0.04,0.53,9.57,9.25,8.56,468
4.869,16.72,0.05,0.53,0.47,9.25,0.00,467
4.886,16.83,0.07,0.90,10.55,9.14,9.49,467
4.903,16.74,0.05,0.55,0.50,9.14,0.00,468
4.916,13.50,0.05,0.64,12.87,10.42,9.47,469
4.937,20.38,0.06,0.48,0.45,10.42,0.00,466
4.953,16.28,0.04,0.55,10.01,8.12,8.98,467
4.970,16.74,0.04,0.51,0.41,8.12,0.00,467
4.986,16.75,0.05,0.69,9.84,10.29,8.83,467
5.003,16.73,0.04,0.48,0.39,10.29,0.00,468
5.020,16.73,0.05,0.76,12.33,10.49,11.33,469
5.037,16.72,0.04,0.55,0.37,10.49,0.00,469
5.053,16.74,0.05,0.66,12.31,13.09,11.30,466
5.070,16.74,0.04,0.53,0.37,13.09,0.00,466
5.087,16.72,0.05,0.73,10.77,12.93,9.53,465
5.103,16.65,0.04,0.53,0.39,12.93,0.00,465
5.120,16.83,0.07,0.71,11.32,11.13,10.33,464
5.137,16.70,0.04,0.50,0.40,11.13,0.00,464
5.154,16.83,0.05,0.75,12.45,11.34,11.45,463
5.170,16.65,0.04,0.39,0.33,11.34,0.00,461
5.187,16.73,0.06,0.73,9.66,12.87,8.65,461
5.204,16.72,0.05,0.48,0.40,12.87,0.00,460
5.221,16.72,0.06,0.77,11.92,9.97,10.90,461
5.240,19.29,0.05,0.49,0.49,9.97,0.00,471
5.254,14.11,0.04,0.61,9.30,10.12,8.27,471
5.271,16.74,0.04,0.48,0.45,6.76,0.00,470
5.288,16.79,0.04,0.58,9.12,7.96,8.35,471
5.304,16.68,0.05,0.59,0.49,7.96,0.00,470
5.321,16.82,0.06,1.20,10.78,9.14,9.64,469
5.338,16.76,0.06,0.58,0.48,9.14,0.00,469
5.354,16.65,0.08,0.78,11.56,10.72,10.54,470
5.371,16.68,0.10,0.57,0.32,10.72,0.00,517
5.385,13.47,0.06,0.65,12.21,16.98,8.89,516
5.405,20.40,0.07,0.71,0.43,16.98,0.00,516
5.422,16.57,0.10,1.02,10.60,17.00,9.33,517
5.438,16.57,0.07,0.75,0.40,17.00,0.00,516
5.455,16.73,0.07,0.71,9.87,19.02,8.69,518
5.472,16.66,0.07,0.76,0.35,19.02,0.00,514
5.488,16.82,0.10,1.11,12.60,10.10,11.35,514
5.505,16.68,0.06,0.51,0.29,10.10,0.00,512
5.522,16.80,0.12,1.14,9.64,17.50,8.63,512
5.539,16.70,0.08,0.76,0.47,6.29,0.00,514
5.555,16.75,0.11,1.10,10.62,10.38,9.60,519
5.572,16.71,0.08,0.76,0.42,10.38,0.00,517
5.589,16.69,0.09,1.09,11.64,14.78,10.38,519
5.605,16.79,0.08,0.72,0.41,14.78,0.00,521
5.622,16.74,0.09,1.14,10.89,13.84,9.81,522
5.639,16.66,0.08,0.82,0.38,13.84,0.00,522
5.656,16.79,0.12,1.15,10.67,13.60,9.62,523
5.672,16.72,0.10,0.84,0.44,13.60,0.00,523
5.689,16.84,0.18,1.09,12.21,14.76,11.19,524
5.706,16.62,0.05,0.60,0.31,14.76,0.00,525
5.723,16.74,0.06,0.71,9.01,20.78,8.07,525
5.739,16.69,0.07,0.77,0.39,20.78,0.00,526
5.756,16.80,0.10,1.14,11.21,16.60,10.22,527
5.773,16.79,0.08,0.73,0.39,16.60,0.00,526
5.790,16.64,0.05,0.58,7.57,16.42,6.76,526
5.806,16.79,0.05,0.61,0.32,16.42,0.00,526
5.823,16.70,0.06,0.81,9.01,9.67,8.00,526
5.842,19.16,0.08,0.76,7.90,9.79,7.02,537
5.856,14.32,0.06,0.67,0.35,9.79,0.00,537
5.873,16.66,0.07,0.79,0.42,13.79,0.00,538
5.890,16.81,0.09,1.18,9.90,10.35,8.80,537
5.907,16.72,0.07,0.63,0.38,10.35,0.00,533
5.923,16.74,0.07,0.77,9.69,14.02,8.70,534
5.940,16.73,0.05,0.65,0.36,14.02,0.00,534
5.953,13.35,0.06,0.65,12.06,10.68,8.69,534
5.974,20.51,0.08,0.69,8.33,10.40,7.33,534
5.990,16.36,0.15,0.60,0.34,10.40,0.00,561
6.007,16.69,0.06,0.77,0.36,12.35,0.00,560
6.024,16.75,0.10,1.18,12.50,6.18,11.49,560
6.040,16.68,0.05,0.60,0.34,6.18,0.00,560
6.057,16.73,0.09,1.31,9.92,17.92,8.90,562
6.074,16.73,0.08,0.80,7.89,10.85,6.92,563
6.091,16.80,0.06,0.63,0.36,10.85,0.00,564
6.107,16.72,0.11,1.19,10.16,10.51,9.13,563
6.124,16.71,0.07,0.79,0.39,10.51,0.00,563
6.141,16.82,0.11,1.17,9.58,13.93,8.56,563
6.158,16.64,0.06,0.75,0.37,13.93,0.00,561
6.174,16.71,0.09,1.08,10.73,14.94,9.49,558
6.191,16.76,0.07,0.79,0.40,14.94,0.00,559
6.208,16.75,0.09,1.17,9.59,15.91,8.58,559
6.225,16.74,0.07,0.76,0.40,15.91,0.00,560
6.241,16.66,0.09,1.15,12.28,14.85,11.29,560
6.258,16.78,0.05,0.58,0.33,14.85,0.00,560
6.275,16.76,0.09,1.14,9.60,16.84,8.62,560
6.292,16.70,0.08,0.87,0.42,5.56,0.00,559
6.308,16.75,0.09,1.18,12.18,9.55,11.13,560
6.325,16.74,0.06,0.61,0.35,9.55,0.00,558
6.342,16.73,0.06,0.80,8.76,15.42,7.82,559
6.356,14.60,0.08,0.83,1.83,15.42,0.00,569
6.375,18.84,0.08,1.17,9.12,8.60,8.33,567
6.392,16.76,0.06,0.71,0.37,8.60,0.00,568
6.409,16.78,0.09,0.79,9.23,12.71,8.25,569
6.425,16.68,0.07,0.67,0.37,12.71,0.00,571
6.442,16.72,0.08,0.81,9.82,10.95,8.82,569
6.459,16.74,0.07,0.62,0.34,10.95,0.00,568
6.476,16.80,0.11,1.20,9.74,12.32,8.72,567
6.492,16.63,0.07,0.63,0.32,12.32,0.00,565
6.509,16.74,0.10,1.20,9.80,16.65,8.78,564
6.526,16.73,0.07,0.84,0.39,16.65,0.00,561
6.543,16.82,0.11,1.27,10.27,16.19,9.26,561
6.560,17.45,0.13,0.78,0.45,16.19,0.00,562
6.572,12.13,0.06,0.72,3.34,11.58,0.00,563
6.593,20.59,0.10,1.20,11.88,8.06,10.62,563
6.609,16.73,0.06,0.77,8.81,7.85,7.88,563
6.626,16.72,0.06,0.75,0.38,7.85,0.00,561
6.643,16.75,0.08,1.16,9.52,14.53,8.51,561
6.660,16.73,0.06,0.76,0.39,14.53,0.00,561
6.676,16.72,0.10,1.19,11.65,14.95,10.55,560
6.693,16.79,0.10,0.70,0.36,14.95,0.00,560
6.710,16.63,0.08,1.20,9.71,12.70,8.69,560
6.727,16.78,0.07,0.81,0.39,12.70,0.00,561
6.743,16.75,0.10,1.11,10.68,10.10,9.68,560
6.760,16.71,0.07,0.76,0.39,10.10,0.00,560
6.777,16.83,0.15,1.16,10.08,15.62,8.85,558
6.794,16.64,0.06,0.79,0.37,15.62,0.00,558
6.810,16.75,0.11,1.16,9.50,15.20,8.50,558
6.827,16.72,0.07,0.80,0.42,15.20,0.00,556
6.844,16.82,0.22,1.10,11.75,14.84,10.67,556
6.860,16.64,0.06,0.61,0.35,14.84,0.00,550
6.877,16.74,0.10,1.44,9.47,17.42,8.47,598
6.894,16.74,0.08,0.95,0.42,17.42,0.00,598
6.911,16.76,0.07,0.94,9.76,20.02,8.57,600
6.927,16.70,0.07,1.09,0.40,20.02,0.00,597
6.944,16.76,0.11,1.44,11.52,10.23,10.26,598
6.961,16.72,0.07,0.95,0.35,10.23,0.00,597
6.977,15.71,0.10,1.46,9.02,18.21,7.88,607
6.994,17.77,0.09,1.18,0.50,7.13,0.00,606
7.011,16.73,0.09,1.05,8.77,11.01,7.75,607
7.028,16.72,0.09,0.79,0.44,11.01,0.00,608
7.044,16.68,0.27,1.05,8.25,15.13,7.21,608
7.061,16.74,0.10,1.05,0.52,8.01,0.00,610
7.078,16.77,0.13,1.60,11.36,10.36,10.33,608
7.095,16.71,0.09,0.81,0.37,10.36,0.00,609
7.111,16.71,0.08,0.76,8.23,17.76,7.01,609
7.129,17.83,0.11,1.08,0.48,17.76,0.00,609
7.145,15.98,0.12,1.43,10.97,7.79,9.93,606
7.162,16.47,0.08,1.00,0.40,7.79,0.00,604
7.178,16.72,0.11,1.57,10.39,17.56,9.10,606
7.195,16.75,0.08,1.03,0.42,17.56,0.00,603
7.212,16.76,0.08,0.98,9.58,21.06,8.38,604
7.229,16.71,0.08,1.00,0.43,21.06,0.00,604
7.245,16.76,0.07,0.95,9.61,19.57,8.41,604
7.262,16.73,0.12,1.47,0.60,19.57,0.00,606
7.279,16.72,0.11,1.46,12.50,18.70,11.25,604
7.296,16.77,0.08,0.96,0.37,18.70,0.00,603
7.312,16.69,0.11,1.42,10.50,10.41,9.50,604
7.329,16.72,0.08,1.01,0.44,10.41,0.00,604
7.346,16.67,0.10,1.18,9.59,13.96,8.34,595
7.362,16.80,0.08,0.80,0.38,13.96,0.00,597
7.379,16.77,0.07,1.08,9.80,13.67,8.79,593
7.396,16.71,0.08,0.81,0.39,13.67,0.00,594
7.413,16.74,0.11,1.22,9.85,13.69,8.82,594
7.429,16.72,0.08,0.78,0.45,13.69,0.00,596
7.446,16.75,0.09,1.19,9.96,11.09,8.94,598
7.463,16.72,0.07,0.82,0.39,11.09,0.00,600
7.480,16.83,0.17,1.10,10.31,12.70,9.32,603
7.496,16.66,0.08,0.74,0.38,12.70,0.00,604
7.513,16.74,0.11,1.19,10.22,11.45,9.22,605
7.530,16.70,0.07,0.84,0.39,11.45,0.00,604
7.547,16.75,0.09,1.19,10.27,12.03,9.27,606
7.561,14.79,0.12,0.60,2.23,12.03,0.00,617
7.580,18.75,0.25,0.81,7.84,14.36,7.00,616
7.597,16.60,0.07,0.64,0.46,14.36,0.00,617
7.613,16.77,0.11,0.77,8.54,12.45,7.56,617
7.630,16.82,0.07,0.68,0.40,12.45,0.00,621
7.647,16.66,0.07,0.83,9.64,13.01,8.63,623
7.664,16.66,0.10,0.85,0.49,13.01,0.00,625
7.680,16.76,0.14,1.24,10.91,14.15,9.85,619
7.697,16.77,0.11,0.88,0.46,14.15,0.00,620
7.715,17.82,0.19,1.33,6.87,15.62,6.19,616
7.731,15.81,0.04,0.44,0.20,15.62,0.00,616
7.747,16.61,0.10,1.12,12.85,13.64,11.53,619
7.764,16.73,0.08,0.75,0.38,13.64,0.00,619
7.781,16.71,0.08,0.96,9.78,16.26,8.58,674
7.798,16.71,0.09,1.00,0.41,16.26,0.00,674
7.814,16.75,0.13,1.51,12.20,12.85,11.19,674
7.831,16.69,0.08,0.76,0.31,12.85,0.00,677
7.848,16.78,0.08,1.01,9.84,20.55,8.64,671
7.864,16.70,0.09,1.00,0.38,20.55,0.00,670
7.881,16.76,0.09,0.98,10.94,18.08,9.74,677
7.898,16.72,0.10,1.03,0.39,18.08,0.00,678
7.915,16.75,0.08,0.97,9.86,19.85,8.65,678
7.931,16.73,0.16,1.53,0.63,19.85,0.00,683
7.948,16.72,0.13,1.60,12.59,20.11,11.30,685
7.965,16.72,0.10,0.94,0.40,20.11,0.00,685
7.982,16.64,0.04,0.46,27.15,24.19,9.27,688
8.011,29.53,0.18,1.04,10.47,12.44,6.91,723
8.023,11.91,0.05,0.69,8.29,12.44,0.00,721
8.032,9.14,0.07,0.90,15.62,16.34,0.00,722
8.049,17.11,0.09,1.16,25.75,14.27,10.25,723
8.076,27.17,0.05,0.55,13.87,10.70,8.07,730
8.091,14.60,0.06,0.82,6.96,10.70,0.00,733
8.099,7.91,0.08,0.81,16.16,13.34,0.00,733
8.116,17.14,0.08,1.08,27.34,11.47,11.44,735
8.145,29.19,0.07,0.80,9.91,11.47,6.48,738
8.156,11.14,0.06,0.79,8.45,14.00,0.00,740
8.166,9.38,0.07,0.86,15.65,18.18,0.00,739
8.182,16.65,0.06,0.86,29.08,8.75,12.23,739
8.216,33.48,0.12,1.14,8.26,12.22,7.25,739
8.233,16.73,0.09,1.10,0.46,12.22,0.00,741
8.249,16.75,0.13,1.56,9.66,13.50,8.57,741
8.266,16.72,0.08,1.12,0.39,13.50,0.00,740
8.283,16.75,0.13,1.64,11.32,16.81,10.32,737
8.297,14.59,0.07,0.84,1.67,16.81,0.00,747
8.316,18.94,0.19,0.86,7.61,22.68,6.77,742
8.333,16.66,0.07,0.88,0.36,22.68,0.00,737
8.350,16.69,0.08,0.87,6.56,9.86,5.81,722
8.366,16.82,0.09,0.99,0.41,9.86,0.00,718
8.383,16.72,0.13,1.79,10.42,16.75,9.39,717
8.400,16.73,0.10,1.17,0.44,16.75,0.00,717
8.417,16.69,0.12,1.70,10.09,18.37,9.04,719
8.430,13.14,0.07,0.79,3.00,18.37,0.00,720
8.451,20.82,0.13,1.58,9.87,11.42,8.57,722
8.467,16.26,0.07,0.85,0.35,11.42,0.00,723
8.484,16.76,0.11,1.58,9.63,15.91,8.62,722
8.500,16.72,0.08,1.10,0.44,15.91,0.00,724
8.517,16.76,0.08,1.06,8.85,10.57,7.89,724
8.534,16.71,0.09,1.13,0.43,10.57,0.00,724
8.551,16.76,0.19,1.59,9.28,13.11,8.27,723
8.567,16.73,0.11,1.10,0.43,13.11,0.00,723
8.584,16.73,0.14,1.65,11.65,10.78,10.63,721
8.601,16.63,0.07,0.84,0.34,10.78,0.00,723
8.617,16.81,0.08,1.05,9.33,19.62,8.35,724
8.634,16.74,0.09,1.04,0.41,19.62,0.00,727
8.651,16.75,0.11,1.58,11.86,12.84,10.87,725
8.668,16.70,0.07,0.84,0.31,12.84,0.00,725
8.684,16.77,0.16,1.58,9.74,15.82,8.70,727
8.704,19.40,0.10,1.04,0.45,15.82,0.00,736
8.714,10.13,0.10,0.84,12.05,14.80,8.09,735
8.735,21.53,0.11,1.11,0.60,14.80,0.00,730
8.752,16.12,0.08,1.00,8.90,14.36,7.88,728
8.768,16.47,0.07,0.84,0.33,14.36,0.00,725
8.785,16.68,0.11,1.19,9.31,16.87,8.29,725
8.802,16.83,0.07,0.85,0.32,16.87,0.00,725
8.818,16.72,0.08,1.06,8.99,17.06,8.03,727
8.835,16.72,0.06,0.85,0.37,7.05,0.00,724
8.852,16.70,0.09,0.84,9.75,12.03,8.75,717
8.868,16.75,0.09,0.94,0.38,12.03,0.00,715
8.885,16.76,0.19,1.31,9.66,15.11,8.42,715
8.902,16.71,0.08,0.95,0.39,15.11,0.00,720
8.919,16.73,0.11,1.36,10.71,10.69,9.67,721
8.938,19.58,0.10,0.87,0.45,10.69,0.00,731
8.948,9.94,0.07,0.65,11.13,12.15,7.24,731
8.969,20.62,0.09,0.77,0.40,7.35,0.00,736
8.986,16.77,0.11,1.33,9.93,8.27,8.90,735
9.002,16.70,0.08,1.00,0.52,8.27,0.00,736
9.019,16.76,0.14,1.47,10.74,18.01,9.61,736
9.036,16.77,0.09,0.97,0.47,18.01,0.00,738
9.049,13.41,0.08,0.82,11.64,18.84,8.55,738
9.070,20.30,0.09,0.88,0.45,18.84,0.00,741
9.086,16.50,0.13,1.38,9.74,15.49,8.72,743
9.103,16.72,0.09,0.92,0.40,15.49,0.00,743
9.120,16.81,0.22,1.32,10.64,17.61,9.59,741
9.139,19.18,0.10,0.99,0.42,17.61,0.00,751
9.153,14.20,0.10,0.91,8.89,16.49,7.90,751
9.170,16.69,0.07,0.75,0.42,7.11,0.00,748
9.186,16.73,0.10,0.93,9.01,10.07,7.98,747
9.203,16.82,0.06,0.70,0.34,10.07,0.00,746
9.220,16.71,0.09,0.96,9.71,14.42,8.69,745
9.237,16.72,0.08,0.91,0.41,14.42,0.00,741
9.253,16.75,0.11,1.33,10.94,16.32,9.87,734
9.266,13.11,0.07,0.65,2.94,16.32,0.00,725
9.287,20.71,0.08,0.82,9.50,13.27,8.52,717
9.304,16.38,0.08,0.89,0.39,13.27,0.00,716
9.320,16.79,0.11,1.18,12.79,11.62,11.51,712
9.337,16.73,0.08,0.81,0.40,11.62,0.00,712
9.354,16.69,0.11,1.22,11.96,15.96,10.95,710
9.370,16.72,0.08,0.80,0.38,15.96,0.00,710
9.387,16.77,0.11,1.31,12.07,16.13,11.06,710
9.404,16.73,0.08,0.83,0.38,16.13,0.00,709
9.421,16.74,0.11,1.26,9.71,16.02,8.68,709
9.437,16.70,0.10,0.87,0.42,16.02,0.00,705
9.454,16.76,0.11,1.26,9.92,13.64,8.89,704
9.471,16.71,0.08,0.87,0.36,13.64,0.00,701
9.488,16.75,0.13,1.27,12.66,13.70,11.38,699
9.504,16.64,0.08,0.82,0.41,13.70,0.00,696
9.521,16.83,0.11,1.23,12.01,16.21,10.93,693
9.538,16.72,0.08,0.83,0.56,16.21,0.00,689
9.558,20.04,0.08,0.79,9.21,15.01,8.13,696
9.571,13.42,0.09,0.72,0.34,15.01,0.00,697
9.588,16.72,0.09,0.87,8.83,16.34,7.78,689
9.605,16.75,0.07,0.66,0.35,5.42,0.00,685
9.621,16.70,0.07,0.80,9.16,9.87,8.17,682
9.638,16.77,0.06,0.67,0.33,9.87,0.00,675
9.655,16.75,0.09,1.26,9.48,10.78,8.39,675
9.672,16.72,0.08,0.69,0.33,10.78,0.00,668
9.685,13.38,0.08,0.74,12.55,12.63,8.90,664
9.701,16.26,0.08,0.77,3.33,12.63,0.00,659
9.722,20.59,0.13,1.20,11.98,9.04,10.68,653
9.739,16.69,0.09,0.83,0.38,9.04,0.00,643
9.755,16.74,0.11,0.90,12.12,15.22,11.06,616
9.772,16.83,0.08,0.59,0.40,15.22,0.00,613
9.789,16.59,0.07,0.59,9.11,14.77,8.15,612
9.806,16.80,0.08,0.59,0.40,14.77,0.00,610
9.822,16.76,0.12,0.87,12.18,11.01,11.17,609
9.839,16.70,0.08,0.63,0.38,11.01,0.00,608
9.856,16.68,0.08,0.61,10.22,14.43,9.17,608
9.873,16.80,0.08,0.60,0.38,14.43,0.00,605
9.889,16.68,0.10,0.83,11.42,12.00,10.18,605
9.906,16.79,0.08,0.58,0.37,12.00,0.00,605
9.923,16.75,0.11,0.85,11.28,13.35,10.02,602
9.939,16.72,0.08,0.66,0.38,13.35,0.00,601
9.956,16.66,0.06,0.43,7.11,13.18,6.30,601
9.973,16.78,0.06,0.28,0.27,13.18,0.00,600
9.990,16.75,0.04,0.24,5.77,9.24,5.08,599
10.006,16.75,0.05,0.33,0.29,9.21,0.00,598
10.023,16.70,0.34,0.79,12.71,9.16,11.42,640
10.040,16.75,0.07,0.55,0.40,9.16,0.00,639
10.057,16.75,0.10,0.82,12.24,14.05,11.25,639
10.073,16.73,0.07,0.56,0.36,14.05,0.00,638
10.090,16.73,0.10,0.84,10.66,12.35,9.41,637
10.107,16.72,0.07,0.57,0.39,12.35,0.00,636
10.123,16.69,0.11,0.85,11.72,12.87,10.79,636
10.140,16.78,0.08,0.60,0.40,12.87,0.00,635
10.157,16.69,0.11,0.84,10.01,13.45,8.98,634
10.174,16.78,0.08,0.56,0.40,13.45,0.00,632
10.190,16.75,0.10,0.77,11.11,11.88,10.10,629
10.207,16.72,0.07,0.54,8.03,9.50,7.08,627
10.224,16.74,0.08,0.56,0.36,9.50,0.00,624
10.241,16.75,0.10,0.84,12.20,9.59,11.19,621
10.257,16.71,0.06,0.41,0.29,9.59,0.00,621
10.274,16.78,0.10,0.84,9.64,14.48,8.63,622
10.291,16.70,0.07,0.56,0.38,14.48,0.00,619
10.308,16.75,0.09,0.77,11.30,11.50,10.06,616
10.324,16.74,0.07,0.41,0.31,11.50,0.00,616
10.341,16.74,0.06,0.51,9.93,13.48,8.99,611
10.358,16.70,0.07,0.52,0.36,13.48,0.00,609
10.375,16.75,0.09,0.83,10.85,11.61,9.59,603
10.391,16.72,0.07,0.54,0.37,11.61,0.00,600
10.408,16.83,0.10,0.77,12.16,13.04,11.15,599
10.425,16.65,0.07,0.53,0.36,13.04,0.00,598
10.441,16.70,0.09,0.81,12.16,12.68,11.14,594
10.458,16.71,0.07,0.46,0.33,12.68,0.00,594
10.475,16.80,0.10,0.80,9.76,13.81,8.72,596
10.492,16.73,0.07,0.52,0.36,13.81,0.00,594
10.508,16.76,0.09,0.78,12.16,12.41,11.16,592
10.525,16.69,0.06,0.42,0.31,12.41,0.00,590
10.542,16.78,0.06,0.67,9.84,14.87,8.83,587
10.559,16.70,0.07,0.50,0.36,14.87,0.00,585
10.575,16.75,0.09,0.89,12.20,12.14,11.19,585
10.592,16.72,0.06,0.42,0.39,12.14,0.00,584
10.609,16.75,0.09,0.80,10.26,15.15,9.00,585
10.626,16.72,0.08,0.51,0.38,15.15,0.00,582
10.641,15.46,0.07,0.49,10.29,13.12,8.88,591
10.659,18.01,0.08,0.57,0.44,13.12,0.00,591
10.676,16.96,0.13,0.54,9.35,12.56,8.32,589
10.693,16.54,0.07,0.45,0.32,12.56,0.00,590
10.709,16.70,0.07,0.57,7.41,13.53,6.59,587
10.726,16.70,0.09,0.62,0.44,13.53,0.00,588
10.743,16.77,0.10,0.84,12.92,10.60,11.51,589
10.759,16.76,0.07,0.45,0.33,10.60,0.00,588
10.776,16.76,0.08,0.89,10.26,15.36,9.06,588
10.793,16.75,0.05,0.44,0.36,15.36,0.00,589
10.806,13.32,0.07,0.49,2.98,9.87,0.00,587
10.827,20.58,0.10,0.73,12.35,9.24,11.08,586
10.843,16.27,0.07,0.55,8.22,10.38,7.23,585
10.860,16.73,0.06,0.44,0.31,10.38,0.00,584
10.877,16.75,0.07,0.55,9.19,10.52,8.22,584
10.893,16.73,0.07,0.55,0.39,10.52,0.00,580
10.910,16.76,0.10,0.84,11.22,10.25,10.21,579
10.927,16.72,0.14,0.82,0.40,10.25,0.00,651
10.944,16.75,0.13,1.29,10.24,18.44,9.19,652
10.960,16.72,0.09,0.86,0.38,18.44,0.00,648
10.977,16.72,0.06,0.63,7.42,21.21,6.50,645
10.994,16.76,0.10,0.87,0.36,8.07,0.00,642
11.011,16.73,0.13,1.50,11.84,9.41,10.49,642
11.027,16.71,0.09,0.85,0.37,9.41,0.00,642
11.044,16.77,0.21,1.25,10.01,18.65,8.73,643
11.061,16.72,0.10,0.94,0.36,18.65,0.00,643
11.077,16.70,0.12,1.31,10.55,12.17,9.55,644
11.094,16.76,0.10,0.89,0.38,12.17,0.00,644
11.111,16.75,0.13,1.43,11.27,16.66,10.03,645
11.128,16.73,0.09,0.93,0.36,16.66,0.00,641
11.144,16.77,0.13,1.36,10.89,14.73,9.78,642
11.161,16.64,0.11,0.99,0.43,14.73,0.00,642
11.178,16.78,0.09,0.88,9.31,13.43,8.34,645
11.195,16.73,0.09,0.93,0.37,13.43,0.00,650
11.211,16.73,0.07,0.66,6.27,10.67,5.56,650
11.228,16.74,0.08,0.57,0.26,9.28,0.00,649
11.245,16.67,0.08,0.91,7.87,8.18,7.07,649
11.261,16.71,0.08,0.69,0.32,8.18,0.00,651
11.278,16.81,0.08,0.93,8.88,14.33,7.91,649
11.295,16.72,0.07,0.71,0.31,14.33,0.00,650
11.312,16.76,0.12,1.37,9.40,15.79,8.41,651
11.328,16.72,0.09,0.92,0.41,15.79,0.00,653
11.345,16.75,0.13,1.38,11.41,17.26,10.14,653
11.362,16.71,0.09,0.90,0.40,17.26,0.00,653
11.379,16.76,0.13,1.39,11.23,18.38,9.94,655
11.395,16.72,0.08,0.91,0.39,18.38,0.00,658
11.412,16.75,0.11,1.43,10.71,11.70,9.70,659
11.429,16.73,0.08,0.89,0.36,11.70,0.00,659
11.446,16.74,0.12,1.41,10.67,16.03,9.67,660
11.462,16.72,0.10,0.89,0.39,16.03,0.00,661
11.479,16.75,0.12,1.34,9.64,11.78,8.63,659
11.496,16.72,0.09,0.90,0.38,11.78,0.00,659
11.513,16.76,0.12,1.30,9.71,14.02,8.70,659
11.529,16.70,0.09,0.88,0.36,14.02,0.00,661
11.546,16.76,0.13,1.29,9.59,11.48,8.61,665
11.563,16.72,0.09,0.87,0.37,11.48,0.00,667
11.579,16.70,0.10,1.35,10.55,12.23,9.53,667
11.596,16.77,0.08,0.87,0.34,12.23,0.00,667
11.611,14.99,0.09,0.84,9.91,15.93,8.11,678
11.630,18.54,0.10,1.15,0.41,15.93,0.00,682
11.646,16.72,0.15,1.39,10.12,12.68,9.33,682
11.663,16.68,0.11,1.00,0.47,12.68,0.00,685
11.680,16.74,0.09,1.00,7.26,15.33,6.45,686
11.697,16.78,0.12,0.97,0.46,15.33,0.00,684
11.713,16.72,0.23,1.33,12.18,16.69,10.71,684
11.730,16.76,0.11,0.91,0.41,16.69,0.00,686
11.747,16.67,0.08,0.71,8.39,20.80,7.24,686
11.764,16.71,0.09,0.94,0.38,7.51,0.00,681
11.777,13.60,0.11,1.31,12.74,9.61,9.60,682
11.797,20.20,0.09,0.86,0.45,9.61,0.00,687
11.814,16.47,0.12,1.37,10.06,15.38,8.90,686
11.830,16.70,0.12,1.14,0.42,15.38,0.00,742
11.847,16.70,0.13,1.70,10.18,18.69,9.06,740
11.864,16.72,0.11,1.15,0.45,18.69,0.00,741
11.881,16.79,0.09,1.12,9.68,18.41,8.60,742
11.897,16.74,0.11,1.13,0.44,18.41,0.00,744
11.914,16.76,0.14,1.72,12.19,13.80,11.09,745
11.931,16.72,0.07,0.88,0.30,13.80,0.00,745
11.948,16.74,0.08,1.13,9.00,17.98,7.96,741
11.964,16.74,0.08,0.87,0.31,17.98,0.00,744
11.981,16.74,0.10,1.63,9.73,18.07,8.61,742
11.998,16.70,0.09,1.08,0.40,18.07,0.00,741
12.015,16.75,0.14,1.62,9.83,19.11,8.74,741
12.031,16.72,0.25,1.12,0.42,19.11,0.00,752
12.048,16.76,0.09,1.08,9.60,22.78,8.39,754
12.065,16.70,0.10,1.14,0.40,22.78,0.00,754
12.081,16.72,0.06,0.67,6.41,20.77,5.39,754
12.098,16.75,0.10,1.21,0.38,10.23,0.00,755
12.115,16.76,0.14,1.71,12.66,10.52,11.40,749
12.132,16.65,0.10,1.17,0.33,10.52,0.00,751
12.147,15.66,0.15,1.22,24.21,27.40,6.65,757
12.173,25.88,0.08,0.58,8.42,27.40,0.00,756
12.183,9.50,0.10,1.25,24.82,21.86,9.24,753
12.209,26.46,0.12,1.10,14.08,12.43,8.41,751
12.225,15.40,0.05,0.58,7.34,12.43,0.00,751
12.233,8.10,0.09,1.14,15.59,14.02,0.00,752
12.250,17.00,0.14,1.78,26.95,6.76,11.81,750
12.282,32.68,0.11,1.13,8.89,13.08,7.78,745
12.300,17.51,0.11,1.55,0.39,13.08,0.00,739
12.316,16.19,0.10,1.15,9.16,15.79,8.19,734
12.333,16.48,0.10,1.19,0.42,15.79,0.00,729
12.349,16.72,0.14,1.69,11.80,14.29,10.72,724
12.366,16.73,0.06,0.89,0.30,14.29,0.00,723
12.383,16.76,0.14,1.78,9.30,16.32,8.25,715
12.399,16.72,0.11,1.13,0.41,16.32,0.00,708
12.416,16.75,0.14,1.80,10.79,19.32,9.49,694
12.433,16.74,0.10,1.11,0.40,19.32,0.00,688
12.450,16.65,0.07,0.79,7.96,20.64,6.76,689
12.466,16.73,0.09,1.11,0.42,7.16,0.00,688
12.483,16.82,0.14,1.61,12.56,8.32,11.23,688
12.500,16.71,0.10,1.06,0.39,8.32,0.00,688
12.517,16.77,0.10,1.06,9.75,18.35,8.50,688
12.533,16.70,0.10,1.05,0.49,6.38,0.00,688
12.550,16.75,0.13,1.51,11.93,10.80,10.90,691
12.567,16.72,0.10,1.03,0.46,10.80,0.00,694
12.584,16.75,0.13,1.65,9.61,16.32,8.54,693
12.600,16.72,0.09,1.05,0.46,16.32,0.00,692
12.617,16.77,0.10,1.44,9.60,10.57,8.52,694
12.631,14.25,0.08,0.82,2.19,10.57,0.00,704
12.650,19.17,0.11,1.14,8.55,14.54,7.73,705
12.667,16.98,0.09,0.88,0.41,14.54,0.00,705
12.684,16.45,0.11,1.11,9.20,9.42,8.22,708
12.701,16.78,0.08,0.87,0.45,9.42,0.00,707
12.717,16.75,0.14,1.68,9.51,13.45,8.48,710
12.734,16.74,0.09,1.17,0.45,13.45,0.00,711
12.751,16.69,0.12,1.78,8.99,14.31,8.00,711
12.768,16.84,0.09,1.10,0.44,14.31,0.00,710
12.781,13.54,0.13,1.51,10.80,17.50,8.65,709
12.801,20.26,0.11,1.10,0.50,17.50,0.00,705
12.818,16.33,0.14,1.67,10.83,15.28,9.78,705
12.835,16.76,0.09,1.11,0.48,15.28,0.00,707
12.851,16.75,0.18,1.54,9.49,18.84,8.47,707
12.868,16.72,0.11,1.08,0.39,18.84,0.00,708
12.885,16.74,0.13,1.59,11.55,10.02,10.49,709
12.901,16.71,0.07,0.68,0.35,10.02,0.00,710
12.918,16.73,0.28,1.22,9.30,17.34,8.29,710
12.935,16.75,0.09,0.94,0.36,6.02,0.00,709
12.952,16.76,0.13,1.28,12.09,10.61,11.09,711
12.968,16.75,0.09,0.84,0.41,10.61,0.00,711
12.985,16.71,0.12,1.30,9.89,16.31,8.81,712
13.002,16.71,0.09,0.88,0.37,16.31,0.00,711
13.019,16.70,0.13,1.38,11.52,10.61,10.45,716
13.035,16.77,0.10,0.86,0.40,10.61,0.00,716
13.052,16.75,0.13,1.29,9.77,17.57,8.76,716
13.069,16.74,0.09,0.84,0.38,17.57,0.00,714
13.086,16.73,0.13,1.25,12.05,13.21,11.04,714
13.102,16.66,0.06,0.66,0.28,13.21,0.00,714
13.119,16.82,0.09,1.21,9.72,16.38,8.69,714
13.136,16.71,0.09,0.86,0.39,16.38,0.00,714
13.153,16.74,0.13,1.23,9.79,17.27,8.77,715
13.169,16.76,0.10,0.85,0.39,17.27,0.00,716
13.186,16.72,0.13,1.26,9.94,17.33,8.90,715
13.203,16.71,0.08,0.86,0.39,17.33,0.00,715
13.219,16.75,0.12,1.25,10.08,17.72,8.83,713
13.236,16.72,0.08,0.84,0.37,17.72,0.00,711
13.253,16.75,0.12,1.19,11.71,17.79,10.69,706
13.270,16.72,0.15,0.77,0.36,17.79,0.00,707
13.286,16.75,0.20,1.15,12.04,12.35,11.02,704
13.303,16.70,0.06,0.60,0.31,12.35,0.00,695
13.320,16.76,0.09,1.01,9.98,16.71,8.91,682
13.337,16.65,0.07,0.78,0.45,16.71,0.00,680
13.353,16.84,0.12,1.16,9.84,9.51,8.82,677
13.370,16.69,0.08,0.79,0.36,9.51,0.00,676
13.386,15.73,0.62,0.90,8.94,12.01,7.85,687
13.404,17.75,0.09,0.75,0.44,12.01,0.00,686
13.420,16.77,0.08,0.79,8.92,10.41,7.83,685
13.437,16.67,0.07,0.71,0.37,10.41,0.00,684
13.454,16.70,0.09,0.80,8.04,11.51,7.01,684
13.470,16.78,0.10,0.85,0.49,11.51,0.00,684
13.487,16.80,0.22,1.18,12.16,8.04,11.05,682
13.504,16.66,0.06,0.60,0.32,8.04,0.00,680
13.521,16.77,0.14,1.13,10.55,15.09,9.44,680
13.537,16.74,0.07,0.62,0.31,15.09,0.00,677
13.555,17.87,0.11,1.20,6.99,15.89,6.10,675
13.571,15.82,0.07,0.58,0.47,15.89,0.00,668
13.588,16.50,0.12,1.15,12.29,12.95,11.19,666
13.604,16.74,0.07,0.61,0.28,12.95,0.00,663
13.621,16.73,0.12,1.03,9.24,17.19,8.18,718
13.638,16.71,0.11,1.08,0.40,17.19,0.00,710
13.654,16.65,0.08,0.74,8.29,19.06,7.29,708
13.671,16.82,0.10,1.07,0.38,7.33,0.00,705
13.688,16.82,0.20,1.45,9.69,10.57,8.59,700
13.705,16.65,0.07,0.83,0.35,10.57,0.00,697
13.721,16.74,0.13,1.47,9.71,16.59,8.52,691
13.738,16.71,0.09,1.05,0.43,16.59,0.00,687
13.755,16.77,0.09,1.09,9.85,12.73,8.73,683
13.772,16.69,0.10,0.99,0.39,12.73,0.00,675
13.788,16.75,0.09,0.98,8.87,11.45,7.86,664
13.805,16.73,0.11,0.80,0.37,11.45,0.00,621
13.822,16.73,0.10,1.15,10.32,10.36,9.17,619
13.839,16.70,0.11,0.88,0.39,10.36,0.00,617
13.855,16.79,0.22,1.16,10.19,16.01,9.11,614
13.872,16.71,0.09,0.85,0.37,16.01,0.00,614
13.887,15.11,0.09,0.75,11.39,20.44,9.81,626
13.906,18.35,0.54,0.86,0.44,20.44,0.00,626
13.922,16.69,0.07,0.45,9.38,20.92,8.33,624
13.939,16.73,0.10,0.85,0.37,20.92,0.00,623
13.956,16.80,0.14,1.30,7.32,9.85,6.35,624
13.972,16.66,0.10,0.78,0.41,9.85,0.00,622
13.989,16.82,0.24,1.18,12.46,16.61,11.12,622
14.006,16.69,0.09,0.78,0.38,16.61,0.00,618
14.023,16.76,0.06,0.44,6.43,20.96,5.55,616
14.036,13.27,0.22,0.87,2.79,6.62,0.00,642
14.057,20.71,0.16,1.13,12.93,9.69,11.56,644
14.073,16.21,0.13,0.81,0.40,9.69,0.00,645
14.090,16.66,0.08,0.62,8.09,17.56,6.84,645
14.106,16.80,0.12,0.82,0.40,6.11,0.00,645
14.123,16.75,0.14,1.17,12.17,8.59,11.08,641
14.140,16.72,0.10,0.81,0.60,8.59,0.00,639
14.157,16.73,0.10,0.76,9.68,19.48,8.59,638
14.173,16.74,0.10,0.90,0.50,19.48,0.00,638
14.190,16.74,0.14,1.20,12.11,13.10,11.03,640
14.207,16.72,0.10,0.75,0.36,13.10,0.00,640
14.223,16.70,0.15,1.14,10.52,16.73,9.21,640
14.240,16.77,0.10,0.81,0.33,16.73,0.00,640
14.257,16.75,0.09,0.77,9.90,18.31,8.65,641
14.274,16.71,0.11,0.81,0.35,18.31,0.00,641
14.290,16.75,0.14,1.21,12.34,17.18,11.04,642
14.307,16.69,0.09,0.77,0.37,17.18,0.00,640
14.324,16.76,0.08,0.75,9.78,20.12,8.50,644
14.341,16.74,0.09,0.78,8.53,6.87,7.56,648
14.355,14.43,0.08,0.61,1.97,6.87,0.00,659
14.374,19.04,0.18,0.79,7.54,11.92,6.80,661
14.391,16.73,0.11,0.72,0.34,11.92,0.00,663
14.408,16.72,0.07,0.71,9.16,15.94,8.18,662
14.424,16.71,0.09,0.65,0.34,15.94,0.00,663
14.441,16.78,0.16,1.28,10.46,11.81,9.33,663
14.458,16.74,0.09,0.64,0.35,11.81,0.00,664
14.475,16.78,0.21,1.21,10.72,15.70,9.67,665
14.491,16.61,0.09,0.85,0.38,15.70,0.00,661
14.508,16.89,0.16,1.18,10.48,12.99,9.44,663
14.526,17.51,0.26,0.88,0.44,12.99,0.00,663
14.542,16.14,0.09,0.77,9.41,11.33,8.43,663
14.558,16.46,0.09,0.82,0.37,11.33,0.00,662
14.575,16.75,0.13,1.22,10.47,12.71,9.22,663
14.592,16.71,0.09,0.80,0.36,12.71,0.00,665
14.608,16.82,0.22,1.15,12.11,15.04,11.09,667
14.625,16.64,0.07,0.64,0.36,15.04,0.00,671
14.642,16.77,0.08,0.78,10.27,20.51,9.07,670
14.659,16.70,0.09,0.78,0.39,20.51,0.00,671
14.675,16.76,0.22,1.11,12.39,17.68,11.41,672
14.692,16.75,0.09,0.61,0.30,17.68,0.00,672
14.709,16.63,0.06,0.59,8.02,20.07,6.86,672
14.725,16.79,0.08,0.82,0.37,6.92,0.00,673
14.742,16.75,0.13,1.22,10.34,9.57,9.33,674
14.759,16.72,0.09,0.85,0.40,9.57,0.00,675
14.775,15.65,0.13,1.55,9.66,15.30,8.55,688
14.792,17.86,0.09,0.69,0.45,15.30,0.00,689
14.809,16.99,0.09,0.83,9.06,16.33,8.03,688
14.826,16.40,0.09,0.66,0.49,6.88,0.00,688
14.843,16.71,0.10,0.91,9.42,10.20,8.35,690
14.859,16.85,0.17,0.88,0.47,10.20,0.00,691
14.876,16.72,0.23,1.14,11.85,12.85,10.70,691
14.893,16.70,0.07,0.65,0.42,12.85,0.00,690
14.910,16.75,0.13,0.77,9.71,18.45,8.54,691
14.926,16.74,0.14,0.83,0.48,18.45,0.00,694
14.940,13.23,0.08,0.73,3.22,13.77,0.00,693
14.960,20.70,0.12,1.12,12.46,6.92,11.07,693
14.976,16.24,0.10,0.82,8.17,6.92,7.09,689
14.993,16.75,0.07,0.63,0.35,12.57,0.00,688
15.010,16.71,0.08,0.76,9.36,12.55,8.29,688
15.027,16.75,0.08,0.79,0.42,12.55,0.00,685
15.043,16.67,0.12,1.30,12.09,12.44,10.74,683
15.060,16.81,0.07,0.63,0.30,12.44,0.00,681
15.077,16.70,0.08,0.76,9.47,20.21,8.43,676
15.094,16.73,0.08,0.78,0.35,20.21,0.00,659
15.110,16.75,0.12,1.19,11.31,9.39,10.24,648
15.127,16.72,0.10,0.74,0.36,9.39,0.00,638
15.144,16.68,0.11,1.11,9.96,14.86,8.90,639
15.161,16.86,0.10,0.76,0.37,14.86,0.00,639
15.177,16.64,0.11,1.16,11.90,14.29,10.59,638
15.194,16.75,0.09,0.75,0.36,14.29,0.00,636
15.211,16.75,0.11,1.16,9.98,14.28,8.90,635
15.227,16.65,0.08,0.77,0.38,14.28,0.00,634
15.244,16.82,0.11,1.15,11.03,9.66,9.94,635
15.261,16.72,0.08,0.74,0.36,9.66,0.00,630
15.278,16.75,0.11,1.15,11.06,13.33,9.98,628
15.294,16.71,0.08,0.74,0.35,13.33,0.00,629
15.311,16.75,0.10,1.12,10.92,12.46,9.85,628
15.328,16.68,0.07,0.56,0.30,12.46,0.00,627
15.345,16.78,0.11,1.11,9.67,15.13,8.61,626
15.361,16.71,0.08,0.74,0.34,15.13,0.00,625
15.378,16.75,0.11,1.12,10.48,13.73,9.17,621
15.395,16.71,0.08,0.71,0.36,13.73,0.00,619
15.412,16.75,0.10,1.10,11.26,14.19,10.21,615
15.428,16.71,0.08,0.74,0.35,14.19,0.00,613
15.445,16.69,0.10,1.11,11.19,14.66,10.19,611
15.462,16.78,0.08,0.77,0.37,14.66,0.00,610
15.478,16.67,0.11,1.11,10.95,14.13,9.90,609
15.495,16.80,0.08,0.74,0.36,14.13,0.00,606
15.512,16.75,0.10,1.08,11.10,14.09,10.01,602
15.529,16.72,0.08,0.76,0.41,14.09,0.00,598
15.549,20.24,0.12,1.07,9.70,14.00,8.50,604
15.562,13.20,0.08,0.57,0.32,14.00,0.00,601
15.579,16.75,0.05,0.81,8.53,15.91,7.38,594
15.596,16.70,0.09,0.46,0.37,4.75,0.00,575
15.612,16.78,0.08,0.74,10.26,8.33,9.17,574
15.629,16.68,0.07,0.35,0.30,8.33,0.00,574
15.646,16.81,0.12,0.85,10.38,12.21,9.26,575
15.663,16.74,0.08,0.60,0.38,12.21,0.00,575
15.676,13.35,0.11,0.51,12.40,11.69,8.81,573
15.696,20.46,0.08,0.54,0.39,11.69,0.00,571
15.713,16.38,0.10,0.82,9.99,9.82,8.78,569
15.729,16.72,0.08,0.55,0.40,9.82,0.00,565
15.746,16.78,0.10,0.80,11.03,10.23,9.70,563
15.763,16.68,0.13,0.84,0.37,10.23,0.00,646
15.780,16.77,0.16,1.20,10.87,17.60,9.81,644
15.796,16.70,0.12,0.86,0.38,17.60,0.00,640
15.813,16.72,0.09,0.65,7.30,21.17,6.39,638
15.830,16.74,0.11,0.86,0.36,8.05,0.00,636
15.847,16.75,0.16,1.20,11.87,9.83,10.58,636
15.863,16.73,0.10,0.88,0.37,9.83,0.00,634
15.880,16.74,0.16,1.22,12.41,18.15,11.12,636
15.897,16.68,0.09,0.82,0.36,18.15,0.00,636
15.913,16.78,0.14,1.26,10.13,15.61,9.14,639
15.930,16.71,0.11,0.86,0.37,15.61,0.00,638
15.945,15.06,0.10,0.80,10.74,10.86,8.34,652
15.964,18.46,0.33,0.81,0.33,10.86,0.00,652
15.980,16.71,0.11,0.92,8.23,15.33,7.20,654
15.997,16.71,0.12,0.64,0.36,15.33,0.00,655
16.014,16.71,0.22,0.77,7.50,11.33,6.41,660
16.031,16.77,0.13,0.84,0.45,11.33,0.00,665
16.047,16.67,0.30,1.04,10.63,8.62,9.29,723
16.064,16.80,0.13,0.97,0.40,8.62,0.00,723
16.081,16.71,0.10,0.70,7.99,15.69,6.92,724
16.098,16.74,0.10,0.72,0.35,24.66,0.00,724
16.114,16.75,0.16,1.46,11.59,7.65,10.24,727
16.131,16.73,0.11,0.93,0.40,7.65,0.00,725
16.149,17.80,0.55,1.49,10.04,12.27,8.91,728
16.165,15.91,0.11,0.91,0.38,12.27,0.00,726
16.181,16.51,0.16,1.32,9.98,16.14,8.80,727
16.198,16.72,0.12,0.95,0.34,16.14,0.00,730
16.215,16.74,0.16,1.39,10.99,16.94,9.68,726
16.231,16.72,0.11,0.94,0.38,16.94,0.00,727
16.248,16.75,0.16,1.43,12.09,15.93,11.00,728
16.265,16.72,0.09,0.72,0.31,15.93,0.00,728
16.282,16.73,0.12,0.93,9.04,17.59,8.01,730
16.298,16.73,0.09,1.06,0.37,6.96,0.00,726
16.315,16.75,0.14,1.33,9.65,10.17,8.66,728
16.332,16.72,0.10,1.00,0.42,10.17,0.00,728
16.349,16.73,0.18,1.28,9.40,14.64,8.39,728
16.365,16.73,0.11,0.94,0.40,14.64,0.00,731
16.382,16.75,0.09,0.92,9.11,11.60,8.14,731
16.399,16.72,0.09,0.96,0.36,11.60,0.00,729
16.415,16.75,0.14,1.31,10.92,10.09,9.92,728
16.432,16.72,0.09,0.93,0.35,10.09,0.00,730
16.449,16.74,0.13,1.36,10.53,15.72,9.30,732
16.466,16.72,0.09,0.92,0.36,15.72,0.00,733
16.482,16.73,0.10,0.87,9.52,20.35,8.32,735
16.499,16.74,0.09,0.93,0.36,20.35,0.00,736
16.516,16.74,0.13,1.29,12.70,18.97,11.46,735
16.533,16.71,0.10,0.87,0.45,18.97,0.00,737
16.549,16.71,0.06,0.56,6.48,21.56,5.65,734
16.566,16.76,0.08,0.97,0.39,7.66,0.00,732
16.583,16.74,0.14,1.27,12.81,9.50,11.53,733
16.600,16.72,0.09,0.88,0.37,9.50,0.00,732
16.616,16.75,0.14,1.34,11.62,18.25,10.59,734
16.633,16.71,0.10,0.82,0.35,18.25,0.00,735
16.650,16.75,0.13,1.30,9.52,13.63,8.49,733
16.666,16.72,0.09,0.93,0.38,13.63,0.00,735
16.683,16.75,0.14,1.37,10.95,15.04,9.69,736
16.700,16.71,0.09,0.92,0.40,15.04,0.00,738
16.717,16.68,0.12,1.24,9.58,13.87,8.58,740
16.733,16.71,0.09,0.88,0.41,13.87,0.00,740
16.750,16.75,0.12,1.24,11.91,11.34,10.90,737
16.767,16.71,0.09,0.87,0.40,11.34,0.00,736
16.784,16.77,0.11,1.18,8.54,17.92,7.54,737
16.800,16.70,0.10,0.84,0.43,17.92,0.00,738
16.817,16.75,0.14,1.23,9.70,18.23,8.68,738
16.834,16.72,0.09,0.87,0.36,18.23,0.00,735
16.851,16.82,0.22,1.19,11.04,20.51,9.76,730
16.867,16.64,0.08,0.79,0.45,20.51,0.00,731
16.884,16.76,0.12,0.88,9.78,21.81,8.74,732
16.901,16.71,0.09,0.82,0.46,21.81,0.00,732
16.917,16.74,0.12,1.23,10.55,9.60,9.50,733
16.934,16.72,0.09,0.85,0.39,9.60,0.00,733
16.951,16.75,0.15,1.19,10.95,18.86,9.69,737
16.968,16.72,0.08,0.85,0.36,18.86,0.00,737
16.984,16.75,0.09,1.21,9.65,12.95,8.62,737
17.001,16.73,0.08,0.81,0.40,12.95,0.00,736
17.018,16.75,0.14,1.19,9.78,16.46,8.64,735
17.035,16.69,0.09,0.83,0.41,16.46,0.00,730
17.051,16.75,0.12,1.22,10.81,11.96,9.81,729
17.068,16.73,0.09,0.81,0.41,11.96,0.00,727
17.085,16.72,0.15,1.20,9.66,16.78,8.66,728
17.101,16.71,0.08,0.86,0.36,16.78,0.00,725
17.118,16.75,0.12,1.15,11.48,11.86,10.21,712
17.135,16.72,0.09,0.79,0.40,11.86,0.00,708
17.152,16.78,0.23,1.13,11.33,15.94,9.99,695
17.168,16.73,0.09,0.78,0.40,15.94,0.00,680
17.185,16.70,0.09,0.73,10.24,21.86,8.98,676
17.202,16.73,0.09,0.81,0.40,21.86,0.00,671
17.219,16.74,0.12,1.07,12.18,20.01,10.94,666
17.235,16.71,0.09,0.76,0.36,20.01,0.00,656
17.252,16.73,0.09,0.74,9.67,22.08,8.45,654
17.269,16.73,0.07,0.73,0.38,22.08,0.00,658
17.286,16.77,0.11,1.01,12.72,5.33,11.46,653
17.302,16.68,0.06,0.54,0.27,5.33,0.00,651
17.319,16.76,0.12,0.97,10.60,16.63,9.24,651
17.336,16.71,0.09,0.71,0.37,16.63,0.00,652
17.352,16.82,0.13,1.06,10.81,14.37,9.55,652
17.369,16.72,0.11,0.74,0.44,14.37,0.00,646
17.389,20.16,0.12,1.00,9.58,14.30,8.50,656
17.403,13.32,0.06,0.61,0.34,14.30,0.00,656
17.419,16.70,0.05,0.40,8.37,16.54,7.15,655
17.436,16.71,0.11,0.80,0.45,5.36,0.00,655
17.453,16.80,0.13,1.08,10.59,8.70,9.58,651
17.470,16.65,0.06,0.42,0.34,8.70,0.00,651
17.486,16.81,0.12,1.05,10.73,13.37,9.61,652
17.503,16.71,0.09,0.72,0.45,13.37,0.00,652
17.520,16.75,0.11,1.13,10.20,11.84,9.15,651
17.538,17.71,0.09,0.73,0.43,11.84,0.00,647
17.554,16.03,0.08,0.68,9.42,11.29,8.45,644
17.570,16.42,0.07,0.78,0.43,11.29,0.00,641
17.587,16.75,0.12,1.06,9.79,13.42,8.76,636
17.603,16.71,0.08,0.77,0.39,13.42,0.00,636
17.620,16.76,0.13,1.06,12.64,13.94,11.37,636
17.637,16.69,0.06,0.60,0.29,13.94,0.00,635
17.654,16.75,0.13,1.03,9.60,17.00,8.57,632
17.670,16.73,0.08,0.77,0.43,17.00,0.00,631
17.687,16.75,0.13,1.05,11.12,13.55,10.09,626
17.704,16.73,0.08,0.72,0.40,13.55,0.00,624
17.721,16.73,0.14,1.08,12.04,15.17,11.03,622
17.737,16.72,0.08,0.56,0.38,15.17,0.00,612
17.754,16.75,0.13,0.74,12.46,16.15,11.44,610
17.771,16.70,0.06,0.47,0.35,16.15,0.00,611
17.787,16.74,0.07,0.77,9.66,11.76,8.66,607
17.804,16.74,0.09,0.53,0.37,11.76,0.00,607
17.821,16.75,0.12,0.81,10.47,11.79,9.22,607
17.838,16.71,0.08,0.60,0.39,11.79,0.00,608
17.854,16.75,0.12,0.80,12.11,13.28,11.14,605
17.871,16.71,0.07,0.60,0.37,13.28,0.00,604
17.888,16.76,0.10,0.72,10.52,13.86,9.25,603
17.905,16.71,0.10,0.65,0.43,13.86,0.00,604
17.921,16.70,0.11,0.96,10.21,14.19,9.15,603
17.938,16.77,0.09,0.62,0.41,14.19,0.00,603
17.955,16.74,0.12,0.82,12.17,14.13,11.16,599
17.972,16.71,0.07,0.56,0.37,14.13,0.00,598
17.988,16.68,0.11,0.86,12.19,15.90,11.17,594
18.005,16.74,0.08,0.64,0.40,15.90,0.00,591
18.022,16.72,0.11,0.74,12.27,15.68,11.26,591
18.038,16.72,0.08,0.54,0.34,15.68,0.00,590
18.055,16.74,0.36,0.78,11.30,15.67,10.26,628
18.072,16.72,0.08,0.60,0.44,15.67,0.00,628
18.089,16.75,0.11,0.83,10.63,16.20,9.60,628
18.105,16.71,0.09,0.60,0.38,16.20,0.00,625
18.122,16.81,0.20,0.78,10.95,15.12,9.66,624
18.139,16.65,0.08,0.62,0.43,15.12,0.00,621
18.156,16.76,0.12,0.90,10.22,15.10,9.18,620
18.172,16.69,0.09,0.57,0.37,5.55,0.00,620
18.189,16.75,0.11,0.83,12.09,9.84,11.10,615
18.206,16.72,0.08,0.53,0.36,9.84,0.00,615
18.222,16.75,0.10,0.83,9.97,14.21,8.95,616
18.239,16.71,0.08,0.58,0.39,14.21,0.00,615
18.256,16.75,0.11,0.80,11.51,9.43,10.39,612
18.273,16.72,0.08,0.61,0.40,9.43,0.00,609
18.289,16.83,0.12,0.76,12.21,14.97,11.21,606
18.306,16.63,0.07,0.60,0.36,14.97,0.00,606
18.323,16.75,0.12,0.75,10.51,15.74,9.52,606
18.340,16.72,0.09,0.59,0.38,15.74,0.00,605
18.356,16.75,0.11,0.81,12.16,13.73,11.17,604
18.373,16.71,0.08,0.59,0.35,13.73,0.00,604
18.390,16.75,0.10,0.82,12.14,15.57,11.15,603
18.406,16.72,0.08,0.58,0.36,15.57,0.00,601
18.423,16.75,0.11,0.87,9.88,15.38,8.89,602
18.440,16.72,0.09,0.53,0.42,15.38,0.00,602
18.457,16.76,0.11,0.84,10.87,12.96,9.63,602
18.473,16.70,0.07,0.58,0.33,12.96,0.00,599
18.490,16.75,0.14,1.14,10.86,13.97,9.59,651
18.507,16.74,0.09,0.74,0.36,13.97,0.00,650
18.524,16.72,0.08,0.69,9.71,19.13,8.50,648
18.540,16.73,0.11,0.83,0.43,19.13,0.00,648
18.557,16.71,0.06,0.47,6.49,10.48,5.70,644
18.574,16.74,0.07,0.65,0.33,8.89,0.00,642
18.591,16.73,0.09,0.71,11.15,13.39,9.93,641
18.607,16.74,0.09,0.76,8.59,13.39,7.61,640
18.624,16.73,0.10,0.76,0.36,13.71,0.00,642
18.641,16.75,0.12,1.10,12.68,10.37,11.44,640
18.657,16.71,0.07,0.55,0.27,10.37,0.00,638
18.675,17.14,0.14,1.07,9.40,15.47,8.35,639
18.691,16.41,0.09,0.78,0.39,15.47,0.00,643
18.708,16.68,0.13,1.11,9.84,18.48,8.83,645
18.724,16.72,0.09,0.78,0.39,18.48,0.00,647
18.741,16.73,0.09,0.76,9.81,21.54,8.60,649
18.758,16.74,0.10,0.73,0.39,21.54,0.00,648
18.775,16.86,0.12,1.13,11.22,10.52,9.93,649
18.791,16.61,0.11,0.77,0.38,10.52,0.00,650
18.808,16.74,0.13,1.16,12.89,19.60,11.63,653
18.825,16.73,0.11,0.84,0.46,19.60,0.00,653
18.840,15.41,0.08,0.73,2.11,8.58,0.00,661
18.858,18.16,0.13,1.62,9.31,12.68,8.47,662
18.875,16.68,0.09,0.90,8.47,11.62,7.45,664
18.892,16.73,0.07,0.67,0.38,11.62,0.00,663
18.909,16.72,0.08,0.84,8.39,16.37,7.58,665
18.925,16.73,0.12,0.91,0.53,5.78,0.00,663
18.942,16.76,0.13,1.25,11.85,9.11,10.37,665
18.959,16.69,0.09,0.69,0.46,9.11,0.00,667
18.975,16.70,0.08,0.76,9.58,15.87,8.52,670
18.992,16.77,0.13,0.93,0.41,15.87,0.00,668
19.010,17.99,0.12,1.17,10.69,9.35,9.64,667
19.026,15.78,0.09,0.83,0.40,9.35,0.00,669
19.042,16.41,0.08,0.86,9.21,14.65,8.22,667
19.059,16.67,0.10,0.84,0.40,14.65,0.00,668
19.076,16.75,0.13,1.27,10.69,15.49,9.65,672
19.093,16.78,0.10,0.81,0.38,15.49,0.00,672
19.109,16.73,0.09,1.09,9.84,17.49,8.82,672
19.126,16.73,0.09,0.83,0.43,17.49,0.00,671
19.143,16.74,0.10,1.19,11.05,16.29,9.79,671
19.159,16.72,0.09,0.83,0.39,16.29,0.00,670
19.176,16.74,0.08,0.82,9.17,17.44,8.19,671
19.193,16.73,0.09,0.82,0.40,17.44,0.00,674
19.210,16.69,0.13,1.30,10.24,15.46,9.23,674
19.226,16.77,0.09,0.83,0.35,15.46,0.00,674
19.243,16.75,0.11,1.15,10.40,16.56,9.40,675
19.260,16.68,0.09,0.81,0.37,16.56,0.00,675
19.277,16.79,0.11,1.21,11.39,10.26,10.39,677
19.293,16.72,0.08,0.79,0.35,10.26,0.00,676
19.310,16.79,0.16,1.13,9.56,14.80,8.57,677
19.327,16.68,0.09,0.81,0.35,14.80,0.00,677
19.344,16.74,0.11,1.17,10.32,9.82,9.33,677
19.360,16.72,0.08,0.79,0.34,9.82,0.00,675
19.377,16.74,0.11,1.13,10.69,14.06,9.69,678
19.394,16.74,0.10,0.79,0.45,14.06,0.00,678
19.411,16.75,0.12,1.24,9.90,13.93,8.83,677
19.427,16.70,0.10,0.84,0.47,13.93,0.00,679
19.447,19.45,0.08,0.87,9.15,16.67,8.06,691
19.461,14.03,0.07,0.69,0.40,16.67,0.00,690
19.477,16.73,0.08,0.82,9.25,19.61,8.18,692
19.494,16.65,0.11,0.86,0.48,19.61,0.00,695
19.511,16.81,0.11,0.92,9.08,16.87,7.90,694
19.528,16.72,0.08,0.63,0.40,16.87,0.00,692
19.544,16.74,0.11,1.22,9.81,16.98,8.73,688
19.561,16.72,0.09,0.85,0.43,16.98,0.00,687
19.578,16.66,0.07,0.49,8.03,17.50,6.76,685
19.594,16.74,0.09,0.89,0.47,6.87,0.00,685
19.611,16.82,0.20,1.17,11.66,10.93,10.23,686
19.625,13.73,0.09,0.75,2.98,10.93,0.00,688
19.645,20.09,0.11,1.16,10.90,16.34,9.48,688
19.661,16.35,0.08,0.83,0.42,16.34,0.00,685
19.678,16.75,0.12,1.18,10.29,12.38,9.21,686
19.695,16.72,0.08,0.84,0.42,12.38,0.00,687
19.712,16.75,0.11,1.23,11.07,14.99,9.75,689
19.728,16.71,0.08,0.81,0.40,14.99,0.00,690
19.745,16.74,0.09,0.85,9.65,18.28,8.58,690
19.762,16.72,0.09,0.89,0.44,18.28,0.00,691
19.779,16.77,0.11,1.09,10.99,12.88,9.95,691
19.795,16.69,0.09,0.83,0.40,12.88,0.00,690
19.812,16.74,0.08,0.79,8.78,14.26,7.77,691
19.829,16.73,0.09,0.82,0.45,14.26,0.00,690
19.846,16.71,0.06,0.44,5.68,15.42,4.98,689
19.862,16.78,0.05,0.43,0.33,15.42,0.00,688
19.879,16.72,0.04,0.39,5.80,9.15,5.11,685
19.896,16.70,0.06,0.44,0.33,9.15,0.00,686
19.912,16.73,0.05,0.43,5.72,9.26,5.01,686
19.929,16.74,0.05,0.44,0.34,9.26,0.00,684
19.946,16.75,0.06,0.48,6.07,12.30,5.34,680
19.963,16.68,0.07,0.46,0.35,12.30,0.00,671
19.979,16.80,0.13,1.17,12.50,12.46,11.23,645
19.996,16.70,0.08,0.77,0.39,12.46,0.00,636
20.013,16.73,0.08,0.73,11.43,16.40,10.21,635
20.032,19.61,0.32,0.71,0.47,5.91,0.00,644
20.042,9.97,0.07,0.70,12.80,8.14,8.31,645
20.063,20.56,0.15,0.45,0.41,8.14,0.00,671
20.080,16.72,0.08,0.97,9.51,10.99,8.51,672
20.097,16.81,0.09,0.84,0.43,10.99,0.00,671
20.114,17.04,0.11,0.80,10.04,12.26,9.02,671
20.130,16.41,0.09,0.81,0.39,12.26,0.00,670
20.145,15.40,0.08,0.74,10.20,11.94,8.06,679
20.164,18.39,0.14,0.74,0.36,11.94,0.00,679
20.180,16.40,0.08,0.84,8.92,12.64,7.88,678
20.197,16.74,0.10,0.82,0.41,12.64,0.00,679
20.214,16.75,0.11,1.20,6.95,13.22,6.09,675
20.230,16.72,0.10,0.92,0.46,13.22,0.00,673
20.247,16.75,0.11,1.21,12.94,12.03,11.58,671
20.264,16.65,0.09,0.88,0.38,12.03,0.00,668
20.281,17.48,0.08,0.74,9.81,18.41,8.73,666
20.297,15.98,0.08,0.84,0.39,18.41,0.00,665
20.314,16.79,0.08,0.79,9.42,9.57,8.37,663
20.331,16.74,0.09,0.85,0.39,9.57,0.00,658
20.348,16.74,0.13,1.16,10.26,13.58,9.18,657
20.364,16.72,0.08,0.84,0.37,13.58,0.00,655
20.381,16.75,0.13,1.23,10.65,15.09,9.56,652
20.398,16.72,0.10,0.81,0.35,15.09,0.00,647
20.414,16.76,0.12,1.17,10.38,10.16,9.30,639
20.431,16.71,0.10,0.81,0.34,10.16,0.00,636
20.448,16.75,0.10,1.19,10.78,12.70,9.46,633
20.465,16.73,0.08,0.61,0.39,12.70,0.00,595
20.481,16.75,0.16,1.22,9.67,12.54,8.59,643
20.498,16.70,0.10,0.85,0.38,12.54,0.00,640
20.515,16.73,0.08,0.87,9.42,18.73,8.37,637
20.532,16.74,0.09,0.88,0.38,18.73,0.00,635
20.548,16.75,0.15,1.22,10.31,17.73,9.24,632
20.565,16.72,0.11,0.84,0.37,17.73,0.00,631
20.582,16.73,0.11,0.82,9.79,21.72,8.78,632
20.599,16.74,0.11,0.85,0.34,21.72,0.00,630
20.615,16.75,0.15,1.21,11.82,12.00,10.83,630
20.632,16.72,0.11,0.86,0.34,12.00,0.00,627
20.649,16.73,0.08,0.85,9.27,20.77,8.32,626
20.665,16.74,0.11,0.79,0.36,20.77,0.00,625
20.682,16.75,0.14,1.26,12.37,10.40,11.36,626
20.699,16.71,0.07,0.68,0.29,10.40,0.00,626
20.716,16.74,0.09,1.09,9.69,19.11,8.65,623
20.732,16.73,0.09,0.86,0.38,19.11,0.00,625
20.749,16.75,0.14,1.27,9.70,11.38,8.68,628
20.766,16.70,0.10,0.81,0.38,11.38,0.00,630
20.783,16.75,0.15,1.32,12.15,16.06,11.12,630
20.799,16.70,0.08,0.66,0.29,16.06,0.00,632
20.816,16.74,0.09,0.82,8.78,16.88,7.84,630
20.833,16.74,0.09,0.84,0.38,16.88,0.00,631
20.850,16.75,0.13,1.22,11.90,9.37,10.92,628
20.866,16.72,0.09,0.84,0.34,9.37,0.00,620
20.883,16.72,0.07,0.64,7.72,14.16,6.52,617
20.900,16.74,0.08,0.85,0.38,23.26,0.00,619
20.916,16.76,0.13,1.22,12.73,6.51,11.48,621
20.933,16.70,0.10,0.82,0.35,6.51,0.00,618
20.950,16.75,0.13,1.20,12.08,18.55,11.06,623
20.967,16.72,0.09,0.73,0.34,18.55,0.00,624
20.983,16.75,0.15,1.24,10.14,18.31,9.10,624
21.000,16.70,0.08,0.84,0.38,18.31,0.00,625
21.017,16.74,0.08,1.18,9.51,15.85,8.51,624
21.034,16.74,0.13,1.05,0.35,15.85,0.00,674
21.050,16.73,0.11,1.01,11.02,18.44,9.79,673
21.067,16.74,0.11,1.02,0.36,18.44,0.00,672
21.084,16.68,0.13,1.63,11.93,13.98,10.94,675
21.100,16.77,0.11,1.06,0.38,13.98,0.00,682
21.117,16.73,0.11,1.01,9.45,19.61,8.48,682
21.134,16.74,0.12,1.03,0.40,19.61,0.00,683
21.151,16.75,0.15,1.50,10.58,11.68,9.32,685
21.167,16.74,0.10,1.05,0.40,11.68,0.00,686
21.184,16.71,0.10,1.02,9.96,18.41,8.75,683
21.201,16.75,0.11,1.02,0.42,18.41,0.00,685
21.218,16.74,0.14,1.52,11.88,13.34,10.81,685
21.234,16.71,0.10,1.03,0.40,13.34,0.00,688
21.251,16.75,0.14,1.57,9.97,15.87,8.92,688
21.268,16.72,0.10,1.04,0.46,15.87,0.00,688
21.285,16.76,0.19,1.44,10.87,19.99,9.81,690
21.301,16.71,0.10,1.05,0.40,19.99,0.00,692
21.318,16.73,0.10,1.00,9.50,22.84,8.27,695
21.335,16.74,0.09,1.06,0.44,22.84,0.00,696
21.351,16.75,0.12,1.57,10.54,10.89,9.29,698
21.368,16.72,0.10,1.05,0.36,10.89,0.00,701
21.384,15.67,0.13,1.31,5.51,11.69,4.99,710
21.402,17.79,0.07,0.37,0.12,11.05,0.00,707
21.418,16.69,0.05,0.54,6.44,9.32,5.48,710
21.435,16.82,0.32,1.64,0.60,9.42,0.00,712
21.452,16.75,0.23,1.64,8.89,10.97,7.93,714
21.469,16.77,0.14,1.75,0.52,10.97,0.00,714
21.485,16.66,0.13,1.82,11.85,14.48,10.50,716
21.502,16.74,0.09,0.93,0.37,14.48,0.00,716
21.519,16.76,0.14,1.75,10.55,15.71,9.51,722
21.536,16.72,0.10,1.12,0.42,15.71,0.00,722
21.552,16.75,0.15,1.74,10.04,13.12,9.00,725
21.569,16.71,0.12,1.10,0.41,13.12,0.00,726
21.586,16.74,0.13,1.61,11.34,13.58,10.29,727
21.599,13.58,0.08,0.78,3.05,13.58,0.00,731
21.620,20.17,0.09,1.04,9.14,18.42,8.15,731
21.636,16.42,0.07,0.85,0.35,18.42,0.00,730
21.653,16.75,0.12,1.57,9.65,19.49,8.62,728
21.669,16.73,0.10,1.12,0.41,19.49,0.00,729
21.686,16.72,0.09,1.08,8.91,20.03,7.93,733
21.703,16.73,0.10,1.08,0.40,20.03,0.00,734
21.720,16.74,0.10,1.59,9.57,18.90,8.58,735
21.736,16.75,0.10,1.12,0.43,18.90,0.00,737
21.753,16.72,0.14,1.58,10.29,19.52,9.31,736
21.770,16.73,0.09,1.07,0.40,19.52,0.00,737
21.787,16.74,0.17,1.67,10.34,11.44,9.28,738
21.803,16.66,0.09,0.83,0.36,11.44,0.00,740
21.820,16.83,0.14,1.62,10.81,17.46,9.77,740
21.837,16.70,0.10,1.13,0.41,17.46,0.00,739
21.853,16.74,0.13,1.58,9.31,13.20,8.29,740
21.868,14.30,0.08,0.78,2.43,13.20,0.00,750
21.887,19.14,0.11,1.28,8.52,15.90,7.73,749
21.904,16.75,0.11,1.19,0.47,15.90,0.00,749
21.920,16.68,0.10,1.13,9.24,10.38,8.18,747
21.937,16.80,0.08,0.90,0.39,10.38,0.00,742
21.954,16.74,0.12,1.18,9.56,14.91,8.54,737
21.971,16.71,0.08,0.86,0.36,14.91,0.00,726
21.987,16.78,0.16,1.71,9.64,12.87,8.50,721
22.004,16.70,0.10,0.90,0.38,12.87,0.00,722
22.018,13.44,0.08,1.00,12.05,11.43,8.38,720
22.038,20.33,0.09,0.98,0.58,11.43,0.00,720
22.054,16.58,0.17,1.48,12.01,15.43,10.97,722
22.071,16.57,0.16,0.79,0.33,15.43,0.00,777
22.088,16.74,0.10,1.11,9.57,20.98,8.49,778
22.104,16.74,0.10,1.08,0.39,20.98,0.00,777
22.121,16.75,0.12,1.52,10.64,8.59,9.63,770
22.138,16.72,0.09,1.13,0.40,8.59,0.00,767
22.155,16.75,0.13,1.48,10.59,17.62,9.34,768
22.171,16.73,0.10,1.03,0.37,17.62,0.00,770
22.188,16.74,0.13,1.59,10.80,13.74,9.52,772
22.205,16.72,0.09,1.04,0.37,13.74,0.00,771
22.222,16.75,0.13,1.53,10.61,16.89,9.36,771
22.238,16.72,0.09,1.06,0.40,16.89,0.00,771
22.255,16.75,0.12,1.53,12.17,11.97,10.91,773
22.272,16.72,0.10,1.09,0.38,11.97,0.00,773
22.289,16.73,0.09,1.04,9.35,16.93,8.38,773
22.305,16.74,0.11,1.10,0.42,16.93,0.00,772
22.322,16.75,0.15,1.52,9.80,9.48,8.53,773
22.339,16.72,0.09,1.09,0.38,9.48,0.00,772
22.356,16.77,0.17,1.47,12.17,14.59,11.17,774
22.372,16.69,0.07,0.85,0.30,14.59,0.00,771
22.389,16.71,0.13,1.51,9.65,17.17,8.62,771
22.406,16.77,0.12,1.06,0.42,17.17,0.00,770
22.422,16.75,0.13,1.59,10.39,18.25,9.36,769
22.439,16.72,0.09,1.08,0.39,18.25,0.00,766
22.456,16.75,0.14,1.28,9.63,18.94,8.60,763
22.473,16.73,0.11,0.86,0.39,18.94,0.00,764
22.489,16.74,0.13,1.27,10.69,17.96,9.43,756
22.506,16.73,0.11,0.82,0.42,17.96,0.00,745
22.523,16.75,0.21,1.17,10.65,18.48,9.41,737
22.540,16.71,0.10,0.81,0.38,18.48,0.00,731
22.556,16.74,0.13,1.21,10.33,9.87,9.32,729
22.573,16.72,0.10,0.79,0.40,9.87,0.00,730
22.590,16.75,0.13,1.23,9.79,13.24,8.76,731
22.606,16.72,0.11,0.78,0.40,13.24,0.00,732
22.623,16.71,0.14,1.26,10.81,14.27,9.51,729
22.642,19.29,0.10,0.85,8.18,7.35,7.10,737
22.657,14.19,0.07,0.60,0.31,7.35,0.00,736
22.673,16.68,0.07,0.61,0.45,13.14,0.00,736
22.690,16.79,0.11,0.81,9.01,6.20,8.24,733
22.707,16.66,0.10,0.64,0.40,6.20,0.00,731
22.724,16.78,0.09,0.89,9.77,11.30,8.74,729
22.741,16.95,0.13,0.61,7.39,10.83,6.55,728
22.757,16.54,0.08,0.65,0.35,10.83,0.00,724
22.774,16.79,0.09,0.85,9.17,10.69,8.16,722
22.791,16.68,0.08,0.67,0.38,10.69,0.00,720
22.807,16.72,0.15,1.21,9.57,13.56,8.53,719
22.824,16.79,0.13,0.80,0.43,13.56,0.00,714
22.841,16.66,0.15,1.27,10.50,13.71,9.26,712
22.854,13.15,0.07,0.59,3.25,13.71,0.00,712
22.874,20.45,0.21,1.16,9.78,15.80,8.74,706
22.891,16.63,0.08,0.82,0.41,15.80,0.00,703
22.908,16.75,0.11,1.22,10.43,13.84,9.16,701
22.924,16.72,0.08,0.76,0.41,13.84,0.00,696
22.941,16.68,0.12,1.18,11.55,14.33,10.48,692
22.958,16.79,0.09,0.77,0.39,14.33,0.00,687
22.975,16.75,0.23,1.12,11.99,15.03,10.99,678
22.991,16.77,0.07,0.56,0.32,15.03,0.00,671
23.008,16.69,0.09,0.84,9.93,12.17,8.84,647
23.025,16.72,0.10,0.64,0.43,12.17,0.00,645
23.042,16.75,0.11,0.81,11.05,11.14,9.77,644
23.058,16.72,0.08,0.55,0.40,11.14,0.00,644
23.075,16.69,0.11,0.80,9.69,12.53,8.69,641
23.092,16.77,0.08,0.61,0.38,12.53,0.00,642
23.108,16.76,0.12,0.84,12.31,9.45,11.32,640
23.125,16.70,0.08,0.57,0.37,9.45,0.00,641
23.142,16.73,0.08,0.60,10.15,13.23,9.11,639
23.159,16.73,0.08,0.57,0.39,13.23,0.00,636
23.175,16.75,0.11,0.86,10.91,13.25,9.90,635
23.192,16.72,0.08,0.56,0.37,13.25,0.00,633
23.209,16.67,0.11,0.86,12.10,14.46,11.13,631
23.226,16.78,0.13,0.86,0.45,14.46,0.00,698
23.242,16.78,0.19,1.21,10.21,19.81,9.18,698
23.259,16.69,0.12,0.89,0.38,19.81,0.00,698
23.276,16.80,0.16,1.24,9.82,12.90,8.81,698
23.293,16.67,0.11,0.88,0.40,12.90,0.00,692
23.309,16.75,0.15,1.28,10.09,17.63,8.79,693
23.326,16.72,0.12,0.85,0.40,17.63,0.00,695
23.343,16.74,0.15,1.29,9.63,13.18,8.56,696
23.359,16.72,0.12,0.94,0.41,13.18,0.00,700
23.376,16.75,0.20,1.26,11.85,16.12,10.79,703
23.393,16.71,0.09,0.86,0.38,16.12,0.00,702
23.408,14.67,0.12,0.92,10.54,16.55,8.00,711
23.426,18.74,0.17,0.87,0.41,16.55,0.00,714
23.443,16.79,0.13,0.93,9.19,10.09,8.13,712
23.460,16.75,0.11,0.75,0.40,10.09,0.00,714
23.477,16.70,0.11,0.92,7.30,17.32,6.53,718
23.493,16.75,0.16,0.96,0.50,17.32,0.00,721
23.510,16.76,0.27,1.35,12.44,11.17,11.29,717
23.527,16.69,0.10,0.76,0.32,11.17,0.00,717
23.544,16.74,0.13,1.42,9.45,19.89,8.35,715
23.560,16.70,0.11,1.00,0.44,19.89,0.00,716
23.578,17.60,0.12,0.93,9.24,21.01,8.08,718
23.594,16.04,0.15,0.70,0.35,21.01,0.00,719
23.610,16.58,0.11,0.70,7.62,21.82,6.56,724
23.627,16.68,0.12,0.94,0.48,8.75,0.00,719
23.644,16.81,0.14,1.39,12.60,8.58,11.47,717
23.661,16.71,0.08,0.77,0.31,8.58,0.00,716
23.677,16.76,0.15,1.40,9.88,17.65,8.84,718
23.694,16.72,0.12,1.00,0.41,17.65,0.00,723
23.711,16.74,0.13,1.37,11.98,10.63,10.98,728
23.728,16.71,0.07,0.75,0.31,10.63,0.00,729
23.744,16.75,0.16,1.36,9.70,16.74,8.67,732
23.761,16.73,0.11,0.92,0.42,16.74,0.00,735
23.778,16.77,0.19,1.32,12.03,10.54,11.00,735
23.794,16.68,0.07,0.72,0.31,10.54,0.00,735
23.811,16.74,0.11,0.92,9.32,20.89,8.35,734
23.828,16.75,0.09,0.91,0.41,20.89,0.00,737
23.845,16.66,0.09,0.90,8.98,13.80,8.00,740
23.861,16.80,0.10,0.92,0.39,13.80,0.00,743
23.878,16.76,0.14,1.33,11.20,10.75,9.94,746
23.895,16.71,0.10,0.93,0.38,10.75,0.00,746
23.912,16.68,0.12,1.30,10.28,14.10,9.26,746
23.928,16.79,0.10,0.93,0.42,14.10,0.00,744
23.945,16.73,0.10,1.29,9.62,18.99,8.61,745
23.962,16.74,0.09,0.92,0.39,18.99,0.00,735
23.979,16.74,0.15,1.21,10.79,18.59,9.52,736
23.995,16.72,0.09,0.86,0.39,18.59,0.00,738
24.012,16.75,0.14,1.31,9.68,14.28,8.64,741
24.029,16.73,0.11,0.93,0.43,14.28,0.00,738
24.046,16.74,0.14,1.24,11.69,18.12,10.36,737
24.062,16.72,0.09,0.84,0.42,18.12,0.00,738
24.077,15.21,0.23,0.83,10.27,13.37,8.45,770
24.096,18.26,0.09,1.14,0.37,13.37,0.00,772
24.113,17.16,0.11,0.91,8.24,14.54,7.20,772
24.129,16.30,0.09,0.73,0.40,14.54,0.00,776
24.146,16.73,0.09,0.93,7.15,10.99,6.32,771
24.163,16.76,0.12,1.00,0.52,10.99,0.00,768
24.179,16.72,0.13,1.39,11.24,12.60,10.06,768
24.196,16.71,0.08,0.72,0.35,12.60,0.00,767
24.213,16.73,0.11,0.90,9.76,20.27,8.64,769
24.226,13.32,0.08,0.64,3.60,20.27,0.00,767
24.247,20.38,0.10,0.82,10.34,20.97,9.01,765
24.263,16.50,0.11,0.92,0.38,20.97,0.00,765
24.280,16.65,0.09,0.87,10.12,21.22,8.78,763
24.296,16.79,0.10,0.90,0.40,21.22,0.00,762
24.313,16.73,0.10,0.85,9.88,20.70,8.58,760
24.330,16.74,0.10,0.87,0.40,20.70,0.00,750
24.347,16.74,0.13,1.27,12.73,10.17,11.37,741
24.363,16.72,0.09,0.89,0.38,10.17,0.00,742
24.380,16.72,0.08,0.87,9.79,19.68,8.50,741
24.397,16.76,0.15,1.39,0.58,7.14,0.00,734
24.414,16.73,0.14,1.25,12.67,11.09,11.55,733
24.430,16.71,0.08,0.68,0.30,11.09,0.00,733
24.447,16.73,0.08,0.83,9.51,18.87,8.44,733
24.464,16.74,0.11,0.85,0.40,18.87,0.00,731
24.481,16.75,0.14,1.23,12.11,10.38,11.02,727
24.497,16.72,0.10,0.86,0.37,10.38,0.00,727
24.514,16.70,0.08,0.84,9.63,17.87,8.52,726
24.531,16.76,0.09,0.85,0.37,17.87,0.00,724
24.547,16.74,0.13,1.21,10.85,10.86,9.51,722
24.564,16.72,0.09,0.85,0.38,10.86,0.00,720
24.581,16.74,0.10,0.81,9.47,14.22,8.38,715
24.598,16.73,0.09,0.89,0.36,14.22,0.00,713
24.614,16.74,0.14,1.21,10.82,18.42,9.49,708
24.631,16.72,0.09,0.85,0.41,18.42,0.00,703
24.648,16.74,0.13,1.20,11.33,20.20,10.22,701
24.665,16.72,0.09,0.93,0.44,20.20,0.00,697
24.681,16.80,0.09,0.88,9.73,21.59,8.72,692
24.698,16.67,0.10,0.77,0.41,21.59,0.00,685
24.715,16.74,0.14,1.20,11.99,9.35,10.96,680
24.731,16.71,0.10,0.76,0.37,9.35,0.00,675
24.748,16.74,0.14,1.11,10.77,16.72,9.50,676
24.765,16.72,0.10,0.77,0.38,16.72,0.00,672
24.782,16.74,0.14,1.15,10.87,15.10,9.63,675
24.798,16.74,0.10,0.79,0.39,15.10,0.00,674
24.815,16.66,0.13,1.14,9.84,15.39,8.84,674
24.832,16.71,0.10,0.75,0.40,5.11,0.00,672
24.849,16.83,0.13,1.11,10.73,9.94,9.45,671
24.865,16.64,0.09,0.77,0.42,9.94,0.00,669
24.882,16.75,0.11,1.07,10.57,13.42,9.55,671
24.899,16.71,0.09,0.76,0.39,13.42,0.00,670
24.916,16.86,0.28,1.03,10.86,10.86,9.58,673
24.932,16.63,0.09,0.77,0.39,10.86,0.00,671
24.949,16.73,0.13,1.15,10.17,15.77,9.15,671
24.966,16.72,0.09,0.75,0.39,15.77,0.00,669
24.982,16.83,0.13,1.07,10.75,14.82,9.48,667
24.999,16.61,0.09,0.76,0.37,14.82,0.00,669
25.016,16.78,0.11,1.08,10.60,15.41,9.35,667
25.033,16.68,0.09,0.76,0.39,15.41,0.00,666
25.049,16.76,0.14,1.17,10.58,15.08,9.49,666
25.066,16.73,0.11,0.77,0.52,15.08,0.00,664
25.083,16.86,0.19,1.12,10.50,15.16,9.41,661
25.100,16.58,0.10,0.74,0.45,15.16,0.00,660
25.116,16.74,0.12,1.13,12.27,15.19,11.24,658
25.133,16.71,0.07,0.58,0.32,15.19,0.00,657
25.150,16.74,0.07,0.94,9.80,16.94,8.80,656
25.167,16.88,0.18,0.68,0.43,16.94,0.00,650
25.183,16.64,0.13,1.10,10.89,10.65,9.78,648
25.200,16.75,0.10,0.58,0.47,10.65,0.00,645
25.217,16.71,0.13,0.87,9.99,14.90,8.96,641
25.233,16.69,0.09,0.65,0.39,5.76,0.00,638
25.250,16.75,0.11,0.81,9.99,9.52,8.98,638
25.267,16.71,0.08,0.55,0.39,9.52,0.00,637
25.286,19.35,0.09,0.54,8.89,11.92,7.83,646
25.300,14.15,0.08,0.47,0.34,11.92,0.00,643
25.317,16.77,0.05,0.39,9.50,14.88,8.38,641
25.334,16.67,0.08,0.50,0.37,14.88,0.00,638
25.351,16.75,0.09,0.63,7.52,12.38,6.74,638
25.367,16.74,0.10,0.62,0.51,12.38,0.00,635
25.384,16.74,0.11,0.84,11.82,9.33,10.44,631
25.401,16.74,0.08,0.63,0.41,9.33,0.00,629
25.417,16.72,0.13,0.88,11.91,15.65,10.80,627
25.431,13.37,0.07,0.41,3.72,15.65,0.00,626
25.451,20.39,0.08,0.60,9.61,15.95,8.62,625
25.468,16.39,0.08,0.62,0.42,15.95,0.00,625
25.484,16.75,0.11,0.80,9.90,13.25,8.89,622
25.501,16.71,0.09,0.62,0.35,13.25,0.00,621
25.518,16.78,0.13,0.86,12.16,13.33,11.14,621
25.535,16.68,0.08,0.62,0.36,13.33,0.00,619
25.551,16.75,0.11,0.85,12.16,15.37,11.16,616
25.568,16.73,0.09,0.59,0.38,15.37,0.00,617
25.585,16.81,0.11,0.84,12.26,14.99,11.23,613
25.602,16.71,0.08,0.58,0.38,14.99,0.00,613
25.618,16.75,0.11,0.88,12.25,11.56,11.24,612
25.635,16.71,0.06,0.47,0.30,11.56,0.00,611
25.652,16.75,0.08,0.78,9.67,13.82,8.68,607
25.668,16.72,0.08,0.55,0.43,13.82,0.00,603
25.685,16.75,0.11,0.80,12.29,8.39,11.28,601
25.702,16.64,0.08,0.62,0.39,8.39,0.00,598
25.719,16.85,0.12,0.82,10.21,15.13,9.21,600
25.735,16.68,0.08,0.60,0.39,15.13,0.00,600
25.752,16.74,0.11,0.85,10.74,12.94,9.46,600
25.769,16.73,0.08,0.57,0.41,12.94,0.00,593
25.786,16.75,0.11,0.84,12.24,13.30,11.23,594
25.802,16.69,0.06,0.49,0.32,13.30,0.00,593
25.819,16.73,0.08,0.78,9.94,15.14,8.91,593
25.836,16.73,0.08,0.61,0.40,15.14,0.00,592
25.853,16.74,0.10,0.85,12.14,12.67,11.15,590
25.869,16.71,0.06,0.48,0.31,12.67,0.00,588
25.886,16.74,0.08,0.79,9.87,15.20,8.86,588
25.903,16.73,0.09,0.60,0.40,15.20,0.00,585
25.923,20.21,0.11,0.63,9.71,12.36,8.68,588
25.936,13.26,0.07,0.51,0.38,12.36,0.00,586
25.953,16.72,0.05,0.31,8.34,15.89,7.36,587
25.970,16.73,0.06,0.47,0.41,5.29,0.00,585
25.986,16.77,0.11,0.88,8.34,8.96,7.01,584
26.003,16.66,0.06,0.33,0.34,8.96,0.00,583
26.020,16.80,0.12,0.97,12.00,10.98,10.95,584
26.037,16.71,0.08,0.67,0.46,10.98,0.00,579
26.053,16.76,0.12,0.86,10.22,15.40,9.17,574
26.066,13.08,0.07,0.39,4.07,15.40,0.00,571
26.087,20.83,0.33,1.16,10.71,13.48,9.57,675
26.103,16.24,0.08,0.64,0.35,13.48,0.00,677
26.120,16.72,0.06,0.49,6.27,14.55,5.50,678
26.137,16.77,0.08,0.63,0.34,9.50,0.00,676
26.154,16.73,0.14,1.16,12.74,8.17,11.48,671
26.170,16.73,0.10,0.81,0.41,8.17,0.00,671
26.187,16.71,0.07,0.63,7.47,21.39,6.53,666
26.204,16.75,0.12,0.85,0.38,8.16,0.00,663
26.221,16.74,0.14,1.18,12.68,9.60,11.41,665
26.237,16.65,0.09,0.81,0.34,9.60,0.00,663
26.254,16.80,0.09,0.80,9.64,19.37,8.44,663
26.271,16.73,0.11,0.81,0.36,19.37,0.00,665
26.288,16.76,0.18,1.13,12.74,11.26,11.47,664
26.304,16.71,0.11,0.80,0.37,11.26,0.00,663
26.321,16.73,0.11,0.77,9.89,18.81,8.68,663
26.338,16.73,0.09,0.83,0.38,18.81,0.00,661
26.354,16.75,0.14,1.18,12.74,11.21,11.48,660
26.371,16.72,0.10,0.79,0.40,11.21,0.00,660
26.390,18.49,0.08,0.39,28.40,20.81,12.06,669
26.421,31.67,0.08,0.50,7.82,20.81,6.98,662
26.438,16.72,0.10,0.67,0.38,12.96,0.00,658
26.455,16.83,0.17,0.77,8.48,14.71,7.59,657
26.472,16.70,0.10,0.68,0.48,14.71,0.00,659
26.488,16.74,0.14,1.34,10.33,11.85,9.27,657
26.505,16.73,0.10,0.80,0.42,11.85,0.00,654
26.522,16.67,0.13,1.23,10.26,9.01,9.22,653
26.535,13.14,0.07,0.57,3.89,9.01,0.00,652
26.556,20.84,0.14,1.14,9.56,16.64,8.50,651
26.572,16.27,0.10,0.87,0.44,16.64,0.00,653
26.589,16.72,0.14,1.16,11.45,15.83,10.34,648
26.605,16.74,0.09,0.83,0.38,15.83,0.00,646
26.622,16.75,0.14,1.19,10.53,17.41,9.48,645
26.639,16.72,0.08,0.82,0.39,17.41,0.00,642
26.656,16.75,0.15,1.14,10.54,11.53,9.26,641
26.672,16.72,0.10,0.79,0.39,11.53,0.00,640
26.689,16.76,0.14,1.20,9.67,15.31,8.67,641
26.706,16.70,0.11,0.81,0.45,6.33,0.00,641
26.723,16.74,0.13,1.10,10.32,9.70,9.32,641
26.739,16.76,0.09,0.78,0.40,9.70,0.00,640
26.756,16.71,0.14,1.18,11.28,13.39,10.26,639
26.773,16.73,0.09,0.78,0.36,13.39,0.00,639
26.790,16.75,0.15,1.21,10.07,13.54,8.99,637
26.806,16.70,0.09,0.84,0.37,13.54,0.00,637
26.823,16.73,0.09,1.11,9.59,13.34,8.58,638
26.840,16.74,0.09,0.82,0.41,13.34,0.00,639
26.856,16.74,0.14,1.22,12.60,15.59,11.36,638
26.873,16.72,0.08,0.78,0.40,15.59,0.00,636
26.890,16.73,0.08,0.76,9.99,18.93,8.79,636
26.907,16.74,0.09,0.84,0.40,18.93,0.00,637
26.923,16.75,0.13,1.29,10.94,15.54,9.86,636
26.940,16.71,0.10,0.84,0.38,15.54,0.00,640
26.957,16.72,0.09,1.15,9.72,17.53,8.70,641
26.974,16.74,0.08,0.82,0.39,17.53,0.00,639
26.990,16.75,0.20,1.15,12.12,15.90,11.08,637
27.007,16.71,0.10,0.77,0.37,15.90,0.00,637
27.024,16.75,0.12,1.16,10.11,17.60,9.11,636
27.040,16.72,0.10,0.81,0.42,5.59,0.00,639
27.057,16.76,0.13,1.17,12.10,10.13,11.04,640
27.074,16.71,0.09,0.82,8.00,10.03,7.02,640
27.091,16.73,0.09,0.60,0.35,10.03,0.00,639
27.107,16.74,0.09,0.80,9.37,13.93,8.29,639
27.124,16.73,0.09,0.67,0.37,13.93,0.00,639
27.141,16.76,0.15,1.20,9.71,9.79,8.56,640
27.158,16.72,0.10,0.82,0.40,9.79,0.00,640
27.174,16.74,0.13,1.16,10.02,13.20,8.96,640
27.191,16.72,0.08,0.77,0.41,13.20,0.00,641
27.208,16.76,0.19,1.10,12.05,13.34,11.03,643
27.225,16.71,0.08,0.82,0.39,13.34,0.00,642
27.241,16.76,0.13,1.20,9.64,18.63,8.60,638
27.258,16.71,0.10,0.82,0.41,18.63,0.00,636
27.275,16.74,0.12,1.23,12.10,16.36,11.04,633
27.291,16.71,0.07,0.65,0.32,16.36,0.00,637
27.308,16.73,0.11,0.75,9.77,18.92,8.54,636
27.325,16.74,0.08,0.75,0.38,18.92,0.00,635
27.342,16.75,0.11,1.12,10.98,16.33,9.73,634
27.358,16.72,0.08,0.75,0.37,16.33,0.00,633
27.375,16.73,0.11,1.14,12.80,17.71,11.55,634
27.392,16.75,0.08,0.75,0.44,17.71,0.00,629
27.409,16.74,0.12,1.07,11.01,13.49,9.75,628
27.425,16.73,0.09,0.78,0.38,13.49,0.00,626
27.442,16.78,0.22,1.39,9.56,14.92,8.52,682
27.459,16.67,0.10,0.93,0.46,14.92,0.00,683
27.476,16.76,0.21,1.34,11.29,14.90,10.27,682
27.490,14.35,0.07,0.70,2.32,14.90,0.00,687
27.509,19.04,0.10,1.02,8.21,17.10,7.45,681
27.526,16.72,0.09,0.53,0.35,17.10,0.00,680
27.543,16.83,0.17,0.96,9.07,10.80,8.06,673
27.559,16.69,0.10,0.81,0.39,10.80,0.00,663
27.576,16.71,0.09,0.64,8.34,12.25,7.31,641
27.593,16.81,0.11,0.94,0.40,12.25,0.00,634
27.609,16.67,0.13,1.40,10.76,10.05,9.75,633
27.626,16.75,0.11,1.02,0.41,10.05,0.00,630
27.643,16.78,0.18,1.40,10.50,14.24,9.47,627
27.660,16.69,0.12,0.97,0.42,14.24,0.00,627
27.678,17.96,0.15,1.26,9.02,19.82,8.01,629
27.693,15.73,0.10,0.70,0.32,19.82,0.00,628
27.710,16.51,0.08,1.26,9.83,12.41,8.81,625
27.727,16.73,0.10,0.96,0.38,12.41,0.00,625
27.743,16.75,0.09,0.91,9.59,17.96,8.60,623
27.760,16.73,0.15,0.95,0.42,17.96,0.00,620
27.777,16.82,0.16,1.32,10.58,11.63,9.31,617
27.794,16.64,0.09,0.95,0.40,11.63,0.00,615
27.810,16.75,0.13,1.38,9.70,16.91,8.69,617
27.827,16.74,0.07,0.92,0.41,16.91,0.00,618
27.844,16.72,0.13,1.38,10.65,12.31,9.39,617
27.860,16.71,0.09,0.93,0.40,12.31,0.00,615
27.877,16.77,0.08,0.91,9.01,13.70,8.06,613
27.894,16.70,0.10,0.93,0.44,13.70,0.00,613
27.911,16.73,0.12,1.41,9.67,8.68,8.65,611
27.927,16.74,0.10,0.95,0.39,8.68,0.00,608
27.944,16.75,0.13,1.42,11.97,15.17,10.87,609
27.961,16.66,0.09,0.91,0.41,15.17,0.00,614
27.978,16.83,0.17,1.36,9.70,17.54,8.70,610
27.994,16.69,0.09,0.98,0.38,17.54,0.00,610
28.011,16.75,0.13,1.42,11.84,15.16,10.84,609
28.028,16.72,0.10,0.89,0.42,15.16,0.00,606
28.043,14.81,0.26,0.89,9.21,17.14,7.68,612
28.061,18.67,0.09,0.79,0.38,17.14,0.00,597
28.078,16.66,0.08,0.74,8.69,13.30,7.63,597
28.095,16.72,0.17,0.60,0.37,13.30,0.00,610
28.111,16.74,0.10,0.73,7.93,14.83,7.12,611
28.128,16.80,0.12,0.90,0.45,14.83,0.00,612
28.145,16.67,0.15,1.17,12.03,13.54,10.88,612
28.162,16.78,0.07,0.58,0.35,13.54,0.00,612
28.178,16.77,0.10,0.71,9.74,17.31,8.60,610
28.195,16.65,0.09,0.80,0.46,6.40,0.00,611
28.208,13.41,0.09,0.98,13.59,9.44,9.98,611
28.225,16.23,0.08,0.55,3.61,9.44,0.00,610
28.245,20.57,0.12,1.10,10.09,14.30,9.01,613
28.262,16.77,0.11,0.77,0.42,14.30,0.00,615
28.279,16.69,0.12,1.09,9.94,11.27,8.88,617
28.295,16.71,0.11,0.76,0.43,11.27,0.00,618
28.312,16.77,0.30,1.09,10.65,12.91,9.52,617
28.329,16.77,0.13,0.78,0.45,12.91,0.00,618
28.346,16.68,0.08,0.92,10.16,16.55,9.09,621
28.362,16.80,0.11,0.78,0.44,16.55,0.00,621
28.379,16.77,0.17,1.18,9.73,15.50,8.63,621
28.396,16.68,0.11,0.76,0.44,15.50,0.00,620
28.413,16.69,0.12,1.40,10.28,15.33,9.14,619
28.429,16.72,0.11,0.75,0.43,15.33,0.00,619
28.446,16.81,0.14,1.09,11.02,16.27,9.71,617
28.463,16.68,0.09,0.76,0.45,16.27,0.00,617
28.480,16.77,0.09,0.76,9.68,16.99,8.64,618
28.496,16.74,0.09,0.76,0.43,6.48,0.00,617
28.513,16.76,0.12,1.11,11.79,11.39,10.73,614
28.530,16.71,0.08,0.58,0.36,11.39,0.00,615
28.546,16.73,0.09,1.07,9.72,16.83,8.68,617
28.563,16.74,0.11,0.75,0.45,6.39,0.00,616
28.580,16.75,0.27,1.03,10.58,9.55,9.29,616
28.597,16.67,0.10,0.75,0.43,9.55,0.00,615
28.613,16.73,0.11,1.06,10.89,13.90,9.87,618
28.630,16.78,0.09,0.75,0.41,13.90,0.00,619
28.647,16.73,0.08,0.95,9.95,12.51,8.65,623
28.664,16.71,0.09,0.59,0.33,12.51,0.00,624
28.680,16.78,0.11,1.05,9.69,13.16,8.64,624
28.697,16.72,0.09,0.76,0.41,13.16,0.00,625
28.714,16.74,0.09,0.72,9.50,14.49,8.45,626
28.731,16.70,0.09,0.60,0.41,14.49,0.00,625
28.747,16.71,0.14,1.25,12.45,15.81,11.38,626
28.764,16.71,0.10,0.69,0.45,15.81,0.00,627
28.781,16.81,0.07,0.73,9.75,19.48,8.55,627
28.797,16.66,0.09,0.76,0.39,19.48,0.00,629
28.814,16.80,0.13,1.06,12.15,16.27,11.07,630
28.831,16.73,0.08,0.57,0.34,16.27,0.00,629
28.848,16.76,0.07,0.69,9.52,18.74,8.55,621
28.864,16.65,0.08,0.74,0.44,6.27,0.00,618
28.885,20.24,0.11,0.99,9.43,10.29,8.37,627
28.895,10.88,0.06,0.56,1.78,10.29,0.00,626
28.915,19.16,0.06,0.37,9.27,17.91,8.30,625
28.931,16.67,0.09,0.59,0.34,5.93,0.00,616
28.948,16.76,0.09,0.68,9.15,9.72,8.16,610
28.965,16.68,0.07,0.38,0.30,9.72,0.00,611
28.982,16.81,0.14,1.06,10.03,10.44,8.98,615
28.998,16.69,0.08,0.72,0.41,10.44,0.00,616
29.015,16.80,0.19,1.00,11.25,12.58,10.18,617
29.028,13.10,0.07,0.51,3.16,12.58,0.00,616
29.049,20.61,0.08,0.66,9.44,13.64,8.45,615
29.065,16.45,0.10,0.68,0.38,13.64,0.00,614
29.082,16.75,0.12,0.99,9.76,12.97,8.76,617
29.099,16.73,0.08,0.67,0.43,12.97,0.00,615
29.115,16.67,0.11,1.08,11.16,13.42,10.09,612
29.132,16.79,0.10,0.76,0.42,13.42,0.00,610
29.149,16.70,0.12,1.03,10.53,14.31,9.47,609
29.166,16.81,0.10,0.70,0.40,14.31,0.00,609
29.182,16.72,0.12,1.05,11.10,13.68,10.08,609
29.199,16.76,0.09,0.70,0.40,13.68,0.00,611
29.216,16.63,0.11,1.03,10.17,14.33,9.16,611
29.233,16.81,0.09,0.75,0.37,14.33,0.00,608
29.249,16.68,0.11,1.15,10.97,13.21,9.69,609
29.266,16.81,0.09,0.70,0.41,13.21,0.00,608
29.283,16.71,0.12,1.07,9.81,13.99,8.81,609
29.299,16.70,0.07,0.54,0.31,13.99,0.00,609
29.316,16.80,0.10,1.05,9.90,13.03,8.66,609
29.333,16.69,0.08,0.66,0.42,13.03,0.00,607
29.350,16.75,0.11,1.01,12.20,10.83,11.17,606
29.366,16.72,0.08,0.66,0.36,10.83,0.00,606
29.383,16.75,0.23,0.97,10.06,15.28,9.07,605
29.400,16.79,0.09,0.66,0.41,15.28,0.00,604
29.417,16.75,0.19,0.75,12.41,13.00,11.38,597
29.433,16.62,0.07,0.42,0.31,13.00,0.00,598
29.450,16.79,0.11,0.84,9.85,15.62,8.84,595
29.467,16.77,0.08,0.54,0.37,15.62,0.00,593
29.484,16.71,0.10,0.78,12.26,12.88,11.28,592
29.500,16.64,0.06,0.40,0.33,12.88,0.00,588
29.517,16.80,0.09,0.66,9.76,15.47,8.76,586
29.534,16.74,0.08,0.54,0.38,15.47,0.00,585
29.551,16.71,0.09,0.80,12.75,12.42,11.50,584
29.567,16.75,0.06,0.41,0.31,12.42,0.00,583
29.584,16.74,0.07,0.67,9.84,16.02,8.82,583
29.599,14.57,0.07,0.45,2.27,16.02,0.00,592
29.618,18.95,0.37,0.57,8.09,12.92,7.29,591
29.634,16.63,0.09,0.49,0.37,12.92,0.00,589
29.651,16.79,0.08,0.58,8.15,11.91,7.12,588
29.668,16.70,0.09,0.62,0.43,11.91,0.00,586
29.684,16.77,0.13,0.95,11.14,11.48,9.82,585
29.701,16.65,0.10,0.61,0.38,11.48,0.00,583
29.718,16.82,0.13,0.83,12.22,13.66,10.98,581
29.735,16.73,0.08,0.58,0.39,13.66,0.00,579
29.751,16.72,0.12,0.88,10.92,13.73,9.63,579
29.765,13.27,0.08,0.49,3.08,13.73,0.00,579
29.785,20.54,0.12,0.75,9.88,15.04,8.86,577
29.802,16.41,0.08,0.54,0.40,15.04,0.00,573
29.818,16.83,0.15,0.74,11.24,13.51,10.25,572
29.835,16.64,0.08,0.58,0.36,13.51,0.00,571
29.852,16.68,0.10,0.78,9.72,14.39,8.70,570
29.868,16.79,0.07,0.53,0.39,14.39,0.00,569
29.885,16.79,0.15,0.74,11.23,12.59,10.25,567
29.902,16.68,0.08,0.52,0.37,12.59,0.00,566
29.919,16.83,0.16,0.74,9.80,14.23,8.65,565
29.935,16.59,0.08,0.53,0.40,14.23,0.00,561
29.952,16.80,0.12,0.79,11.11,12.74,10.09,559
29.969,16.72,0.07,0.54,0.39,12.74,0.00,559
29.986,16.71,0.11,0.78,11.12,13.66,9.80,557
30.002,16.76,0.07,0.42,0.35,13.66,0.00,556
30.019,16.77,0.11,0.79,9.93,13.77,8.91,556
30.036,16.70,0.07,0.54,0.38,13.77,0.00,554
30.053,16.76,0.11,0.76,12.36,12.39,11.35,554
30.069,16.73,0.06,0.36,0.33,12.39,0.00,548
30.086,16.75,0.07,0.62,9.81,14.04,8.81,548
30.103,16.71,0.21,0.56,0.39,14.04,0.00,617
30.120,16.75,0.12,0.78,9.77,8.61,8.76,613
30.136,16.70,0.09,0.65,0.66,8.61,0.00,613
30.153,16.72,0.14,0.84,10.04,11.29,8.93,612
30.170,16.80,0.09,0.59,0.38,11.29,0.00,613
30.186,16.71,0.12,0.82,13.09,11.38,11.83,613
30.203,16.71,0.09,0.54,0.37,11.38,0.00,613
30.220,16.75,0.11,0.81,12.38,17.21,11.40,612
30.237,16.72,0.07,0.57,0.38,17.21,0.00,607
30.253,16.75,0.11,0.79,12.23,16.50,11.25,606
30.270,16.71,0.07,0.55,0.36,16.50,0.00,605
30.287,16.75,0.11,0.81,12.21,16.61,11.22,604
30.304,16.72,0.07,0.55,0.38,16.61,0.00,605
30.320,16.74,0.12,0.80,10.57,16.55,9.34,604
30.337,16.72,0.07,0.56,0.38,16.55,0.00,602
30.354,16.70,0.10,0.81,12.34,15.01,11.34,599
30.370,16.77,0.07,0.59,0.41,15.01,0.00,598
30.387,16.75,0.11,0.86,10.86,15.92,9.60,596
30.404,16.72,0.11,0.70,0.40,15.92,0.00,647
30.421,16.74,0.13,1.07,12.23,12.10,11.23,645
30.437,16.73,0.09,0.70,0.36,12.10,0.00,645
30.454,16.66,0.07,0.51,8.74,19.09,7.48,642
30.469,14.77,0.11,0.76,1.83,19.09,0.00,649
30.488,18.79,0.10,1.35,8.54,9.58,7.74,640
30.504,16.78,0.09,0.59,0.38,9.58,0.00,639
30.521,16.68,0.12,0.69,9.18,16.66,8.12,642
30.538,16.76,0.09,0.59,0.33,16.66,0.00,638
30.555,16.66,0.11,0.78,9.57,17.13,8.56,640
30.571,16.78,0.11,0.77,0.45,17.13,0.00,640
30.588,16.75,0.21,1.02,9.66,18.45,8.36,639
30.605,16.71,0.12,0.75,0.41,18.45,0.00,638
30.622,16.74,0.21,1.08,10.77,21.11,9.71,638
30.635,13.13,0.09,0.52,3.04,21.11,0.00,636
30.655,20.70,0.10,0.67,8.98,14.02,7.98,636
30.672,16.37,0.09,0.70,0.39,14.02,0.00,634
30.688,16.75,0.12,1.04,10.25,17.88,9.23,635
30.705,16.72,0.09,0.71,0.37,17.88,0.00,632
30.722,16.76,0.12,1.13,11.98,15.74,10.98,632
30.739,16.69,0.08,0.56,0.33,15.74,0.00,633
30.755,16.79,0.10,0.71,9.40,19.35,8.44,631
30.772,16.77,0.12,0.72,0.42,19.35,0.00,632
30.789,16.68,0.13,1.05,12.14,10.78,11.13,633
30.806,16.69,0.07,0.56,0.31,10.78,0.00,631
30.822,16.75,0.07,0.56,9.16,17.01,7.97,631
30.839,16.74,0.09,0.77,0.35,7.13,0.00,628
30.856,16.75,0.13,1.08,12.65,8.09,11.42,626
30.873,16.71,0.07,0.52,0.31,8.09,0.00,623
30.889,16.74,0.09,0.70,9.33,18.55,8.35,620
30.906,16.74,0.09,0.71,0.39,18.55,0.00,618
30.923,16.76,0.13,1.11,12.08,13.71,11.06,619
30.939,16.71,0.09,0.74,0.38,13.71,0.00,620
30.956,16.75,0.13,1.01,11.90,17.06,10.64,622
30.973,16.69,0.07,0.58,0.31,17.06,0.00,620
30.990,16.69,0.09,0.91,9.72,17.61,8.71,618
31.006,16.79,0.08,0.70,0.39,17.61,0.00,616
31.023,16.71,0.12,1.08,9.92,14.79,8.80,618
31.040,16.71,0.09,0.76,0.44,14.79,0.00,615
31.057,16.82,0.14,1.18,11.00,15.39,9.69,614
31.073,16.71,0.09,0.73,0.38,15.39,0.00,617
31.090,16.74,0.13,1.10,11.92,16.73,10.93,617
31.107,16.65,0.09,0.72,0.37,16.73,0.00,618
31.124,16.82,0.13,1.08,9.60,11.94,8.59,616
31.140,16.66,0.09,0.74,0.39,11.94,0.00,617
31.157,16.82,0.13,1.09,10.60,13.31,9.56,617
31.174,16.71,0.10,0.73,0.42,13.31,0.00,618
31.190,16.74,0.14,0.98,12.54,13.47,11.46,617
31.207,16.71,0.08,0.59,7.42,13.47,6.47,618
31.224,16.73,0.07,0.61,0.36,11.26,0.00,617
31.241,16.75,0.09,0.95,9.73,11.24,8.43,619
31.257,16.72,0.07,0.58,0.32,11.24,0.00,619
31.274,16.74,0.08,1.06,9.88,13.21,8.63,621
31.291,16.74,0.08,0.74,0.37,13.21,0.00,624
31.308,16.69,0.11,1.02,10.86,13.95,9.61,626
31.324,16.74,0.10,0.71,0.37,13.95,0.00,628
31.341,16.79,0.15,1.04,12.10,16.95,11.08,627
31.358,16.71,0.06,0.61,0.33,16.95,0.00,627
31.375,16.75,0.13,1.05,9.94,18.44,8.91,628
31.391,16.72,0.08,0.69,0.43,18.44,0.00,629
31.408,16.75,0.22,0.99,11.04,16.32,9.72,630
31.425,16.65,0.08,0.78,0.39,16.32,0.00,632
31.441,16.79,0.10,1.00,9.72,17.67,8.72,635
31.458,16.74,0.09,0.77,0.38,6.04,0.00,634
31.475,16.75,0.12,1.03,11.05,10.73,9.78,639
31.492,16.71,0.08,0.70,0.42,10.73,0.00,638
31.508,16.68,0.09,0.81,6.92,15.05,6.19,639
31.525,16.72,0.07,0.39,0.30,6.18,0.00,638
31.542,16.81,0.13,1.07,12.76,9.56,11.44,640
31.559,16.74,0.08,0.75,0.41,9.56,0.00,639
31.575,16.75,0.12,1.07,10.41,19.46,9.35,641
31.592,16.73,0.10,0.76,0.45,19.46,0.00,639
31.609,16.71,0.11,1.04,12.41,13.66,11.38,642
31.626,16.75,0.10,0.73,0.39,13.66,0.00,644
31.642,16.68,0.11,1.05,9.62,17.00,8.59,643
31.659,16.78,0.09,0.71,0.45,17.00,0.00,645
31.676,16.75,0.12,1.01,11.91,16.39,10.62,644
31.693,16.78,0.08,0.54,0.30,16.39,0.00,642
31.709,16.67,0.07,0.64,9.97,19.20,8.74,640
31.726,16.69,0.08,0.72,0.39,19.20,0.00,641
31.743,16.72,0.11,1.04,11.87,16.43,10.87,643
31.759,16.81,0.09,0.71,0.40,16.43,0.00,642
31.776,16.80,0.17,0.96,9.74,18.90,8.75,641
31.793,16.62,0.08,0.69,0.37,18.90,0.00,639
31.810,16.77,0.11,1.03,12.08,9.72,11.07,636
31.826,16.72,0.09,0.69,0.40,9.72,0.00,637
31.843,16.70,0.11,1.05,10.24,16.68,9.22,633
31.860,16.77,0.08,0.67,0.42,5.89,0.00,631
31.877,16.79,0.11,1.01,10.85,10.48,9.80,626
31.893,16.68,0.10,0.74,0.50,10.48,0.00,609
31.910,16.76,0.21,1.01,11.03,14.25,9.97,606
31.927,16.68,0.09,0.71,0.49,14.25,0.00,606
31.943,16.72,0.10,1.04,10.01,10.90,8.91,605
31.960,16.80,0.10,0.72,0.49,10.90,0.00,605
31.977,16.73,0.11,0.97,10.50,11.95,9.47,604
31.994,16.68,0.08,0.66,0.44,11.95,0.00,604
32.010,16.71,0.08,0.70,9.72,11.71,8.65,603
32.027,16.76,0.10,0.68,0.47,11.71,0.00,601
32.044,16.76,0.32,0.95,9.93,13.01,8.82,600
32.061,16.70,0.09,0.67,0.46,13.01,0.00,599
32.077,16.74,0.13,0.88,11.15,13.50,9.83,594
32.094,16.77,0.09,0.63,0.45,13.50,0.00,590
32.111,16.68,0.30,0.99,11.72,14.59,10.40,650
32.128,16.79,0.09,0.68,0.41,14.59,0.00,648
32.144,16.70,0.13,1.11,11.41,16.84,10.09,647
32.161,16.76,0.08,0.80,0.43,16.84,0.00,646
32.178,16.75,0.11,1.05,10.58,16.31,9.51,645
32.195,16.71,0.09,0.71,0.43,16.31,0.00,644
32.211,16.76,0.12,1.04,10.78,12.47,9.69,641
32.228,16.73,0.08,0.73,0.45,12.47,0.00,639
32.245,16.68,0.11,1.10,10.50,15.06,9.44,640
32.261,16.79,0.09,0.68,0.42,15.06,0.00,635
32.278,16.72,0.10,1.08,10.94,9.96,9.85,629
32.295,16.70,0.08,0.58,0.40,9.96,0.00,625
32.312,16.80,0.12,1.04,10.09,13.19,9.06,621
32.328,16.73,0.15,0.69,0.41,13.19,0.00,618
32.345,16.75,0.11,1.05,12.01,10.46,11.01,617
32.362,16.70,0.06,0.51,0.33,10.46,0.00,612
32.379,16.74,0.08,0.64,9.84,14.44,8.82,597
32.395,16.75,0.08,0.54,0.39,14.44,0.00,597
32.412,16.75,0.13,0.77,12.97,13.90,11.66,593
32.429,16.75,0.06,0.48,0.33,13.90,0.00,592
32.446,16.73,0.07,0.68,9.91,17.26,8.90,592
32.462,16.71,0.08,0.57,0.40,17.26,0.00,590
32.479,16.75,0.11,0.82,9.68,13.70,8.68,588
32.496,16.72,0.07,0.55,0.41,13.70,0.00,587
32.513,16.75,0.11,0.79,12.35,13.59,11.34,585
32.529,16.72,0.07,0.55,0.40,13.59,0.00,583
32.546,16.77,0.11,0.79,10.75,16.25,9.46,581
32.563,16.71,0.07,0.56,0.39,16.25,0.00,580
32.579,16.75,0.11,0.81,12.68,14.39,11.39,577
32.596,16.72,0.07,0.57,0.46,14.39,0.00,577
32.613,16.76,0.19,0.78,12.38,15.59,11.38,577
32.630,16.71,0.06,0.42,0.34,15.59,0.00,576
32.646,16.75,0.07,0.53,9.89,12.31,8.89,573
32.663,16.73,0.08,0.56,0.41,12.31,0.00,570
32.678,14.94,0.07,0.52,10.67,10.98,8.63,613
32.697,18.49,0.08,0.67,0.50,10.98,0.00,614
32.713,16.79,0.08,0.63,8.73,12.16,7.69,614
32.730,16.69,0.07,0.49,0.47,12.16,0.00,614
32.747,16.79,0.08,0.62,7.45,8.63,6.60,614
32.764,16.69,0.08,0.62,0.49,8.63,0.00,615
32.780,16.72,0.10,0.92,12.25,9.56,11.12,615
32.797,16.76,0.07,0.61,0.39,9.56,0.00,617
32.810,13.35,0.07,0.51,13.63,15.26,9.86,617
32.831,20.48,0.08,0.58,0.42,15.26,0.00,617
32.847,16.37,0.12,0.86,10.49,14.65,9.39,616
32.864,16.72,0.07,0.54,0.38,14.65,0.00,616
32.881,16.75,0.07,0.72,9.91,15.66,8.80,614
32.897,16.75,0.08,0.57,0.38,15.66,0.00,612
32.914,16.74,0.12,0.87,13.09,15.02,11.73,612
32.931,16.72,0.06,0.46,0.32,15.02,0.00,608
32.948,16.73,0.07,0.60,9.58,17.73,8.53,607
32.964,16.72,0.07,0.57,0.36,5.59,0.00,606
32.981,16.80,0.11,0.82,12.39,9.90,11.29,606
32.998,16.74,0.07,0.59,0.39,9.90,0.00,607
33.015,16.70,0.11,0.80,12.48,15.16,11.39,613
33.031,16.73,0.07,0.58,0.39,15.16,0.00,613
33.048,16.76,0.11,0.81,10.97,13.62,9.84,613
33.065,16.72,0.08,0.66,0.42,13.62,0.00,612
33.081,16.69,0.10,0.88,12.52,12.55,11.42,613
33.098,16.76,0.06,0.47,0.33,12.55,0.00,612
33.115,16.74,0.08,0.62,10.21,16.20,9.12,613
33.132,16.75,0.07,0.60,0.39,16.20,0.00,614
33.148,16.74,0.11,0.89,11.47,15.91,10.15,612
33.165,16.77,0.06,0.48,0.32,15.91,0.00,610
33.182,16.68,0.06,0.68,10.57,17.61,9.34,611
33.199,16.72,0.08,0.60,0.45,17.61,0.00,609
33.215,16.71,0.10,0.87,12.64,15.76,11.54,609
33.232,16.78,0.08,0.46,0.36,15.76,0.00,604
33.249,16.76,0.11,0.83,10.27,18.26,9.25,601
33.266,16.76,0.05,0.60,0.37,18.26,0.00,603
33.282,16.69,0.06,0.75,9.86,15.65,8.89,602
33.299,16.74,0.07,0.63,0.37,15.65,0.00,600
33.316,16.68,0.11,0.87,11.13,14.87,9.85,598
33.335,19.33,0.08,0.58,0.47,14.87,0.00,608
33.349,14.23,0.09,0.63,8.83,13.55,7.80,609
33.366,16.63,0.07,0.59,0.40,5.63,0.00,606
33.383,16.77,0.07,0.63,9.49,9.62,8.45,605
33.399,16.78,0.07,0.52,0.44,9.62,0.00,605
33.416,16.72,0.05,0.61,8.32,12.84,7.43,606
33.433,16.66,0.07,0.50,0.34,6.96,0.00,609
33.450,16.84,0.07,0.61,9.04,9.08,8.06,607
33.466,16.70,0.07,0.66,0.39,9.08,0.00,607
33.483,16.70,0.10,0.82,11.93,11.57,10.82,612
33.500,16.79,0.07,0.64,0.45,11.57,0.00,611
33.518,18.06,0.12,1.19,10.66,14.53,9.59,614
33.534,15.65,0.06,0.47,0.33,14.53,0.00,618
33.550,16.48,0.07,0.75,9.28,17.17,8.30,619
33.567,16.75,0.09,0.58,0.35,17.17,0.00,618
33.584,16.74,0.11,0.91,9.85,13.78,8.86,619
33.600,16.71,0.08,0.65,0.37,13.78,0.00,622
33.617,16.75,0.09,0.89,11.83,14.45,10.87,619
33.634,16.72,0.07,0.60,0.38,14.45,0.00,620
33.650,16.75,0.11,0.84,10.35,16.29,9.13,621
33.667,16.75,0.07,0.66,0.44,16.29,0.00,623
33.684,16.72,0.10,0.86,12.06,14.52,10.82,622
33.701,16.66,0.07,0.62,0.39,14.52,0.00,623
33.717,16.82,0.11,0.93,11.91,15.61,10.89,622
33.734,16.72,0.07,0.48,0.38,15.61,0.00,624
33.751,16.75,0.11,0.90,10.12,11.25,9.07,624
33.768,16.72,0.07,0.62,0.43,11.25,0.00,624
33.784,16.75,0.11,0.89,9.95,11.83,8.96,624
33.801,16.72,0.07,0.61,0.38,11.83,0.00,626
33.818,16.78,0.11,0.91,12.11,11.75,11.11,624
33.835,16.70,0.06,0.59,0.34,11.75,0.00,622
33.851,16.75,0.08,0.90,10.58,14.18,9.30,622
33.868,16.75,0.06,0.61,0.41,14.18,0.00,619
33.885,16.71,0.06,1.30,10.11,14.34,8.99,620
33.901,16.73,0.07,0.67,0.46,14.34,0.00,621
33.918,16.76,0.09,0.91,12.64,13.76,11.59,618
33.935,16.69,0.04,0.49,0.32,13.76,0.00,616
33.952,16.74,0.05,0.60,9.01,16.63,8.05,615
33.968,16.74,0.05,0.59,0.40,16.63,0.00,613
33.985,16.75,0.07,0.80,12.14,12.18,11.13,613
34.002,16.71,0.04,0.47,0.32,12.18,0.00,613
34.019,16.71,0.07,0.91,10.84,16.06,9.56,613
34.035,16.77,0.05,0.61,0.39,16.06,0.00,612
34.052,16.68,0.07,0.89,12.12,14.41,10.87,611
34.069,16.80,0.05,0.58,0.41,14.41,0.00,610
34.086,16.74,0.07,0.92,11.81,15.60,10.80,609
34.102,16.66,0.06,0.51,0.38,15.60,0.00,604
34.119,16.80,0.33,0.79,9.62,11.13,8.62,629
34.136,16.72,0.07,0.56,0.39,11.13,0.00,629
34.153,16.75,0.09,0.89,10.89,12.53,9.88,628
34.169,16.77,0.07,0.62,0.39,12.53,0.00,627
34.186,16.70,0.08,0.88,12.16,12.51,11.16,627
34.203,16.71,0.06,0.46,0.32,12.51,0.00,624
34.219,16.71,0.06,0.71,9.93,15.23,8.86,617
34.236,16.77,0.07,0.67,0.39,15.23,0.00,616
34.253,16.69,0.08,0.92,11.90,14.06,10.85,615
34.270,16.74,0.05,0.50,0.35,14.06,0.00,614
34.286,16.80,0.09,0.86,11.18,16.68,10.15,611
34.303,16.70,0.06,0.67,0.39,16.68,0.00,609
34.320,16.75,0.08,0.91,10.28,15.72,9.28,607
34.337,16.72,0.05,0.59,0.44,15.72,0.00,606
34.353,16.81,0.08,0.82,11.00,15.02,9.74,605
34.370,16.66,0.05,0.58,0.38,15.02,0.00,605
34.387,16.75,0.08,0.87,11.41,16.31,10.36,604
34.404,16.75,0.04,0.48,0.34,16.31,0.00,602
34.420,16.72,0.09,0.86,9.81,16.76,8.78,601
34.437,16.72,0.05,0.58,0.42,16.76,0.00,598
34.454,16.75,0.06,0.87,12.06,11.04,11.05,597
34.470,16.76,0.07,0.65,0.46,11.04,0.00,597
34.487,16.72,0.07,1.01,10.13,15.11,9.07,596
34.504,16.66,0.06,0.58,0.44,15.11,0.00,594
34.521,16.74,0.07,0.87,10.06,9.56,9.01,590
34.537,16.72,0.05,0.58,0.41,9.56,0.00,589
34.554,16.81,0.07,0.86,12.18,12.66,11.19,587
34.571,16.72,0.05,0.59,0.36,12.66,0.00,586
34.588,16.75,0.09,0.90,12.12,15.53,11.12,586
34.604,16.76,0.05,0.55,0.42,15.53,0.00,586
34.621,16.70,0.06,0.88,12.29,17.89,11.27,585
34.638,16.77,0.05,0.60,0.38,17.89,0.00,582
34.655,16.70,0.08,0.85,11.89,18.15,10.65,580
34.671,16.72,0.05,0.59,0.38,18.15,0.00,579
34.688,16.84,0.11,0.80,10.83,17.76,9.84,579
34.705,16.63,0.05,0.59,0.42,17.76,0.00,580
34.721,16.74,0.15,1.41,10.31,16.55,9.25,642
34.738,16.74,0.10,0.85,0.45,16.55,0.00,636
34.755,16.63,0.05,0.43,29.38,21.62,11.91,636
34.788,33.55,0.09,0.87,8.38,12.23,7.34,633
34.805,16.74,0.08,0.91,0.38,12.23,0.00,629
34.822,16.75,0.08,0.91,9.25,15.69,8.30,628
34.839,16.71,0.09,0.89,0.42,15.69,0.00,629
34.855,16.75,0.13,1.38,11.50,9.28,10.26,626
34.872,16.67,0.07,0.72,0.31,9.28,0.00,629
34.889,16.69,0.05,0.43,27.56,19.88,10.04,630
34.919,29.89,0.10,0.92,9.83,19.88,6.51,642
34.930,11.08,0.05,0.55,8.83,14.89,0.00,643
34.939,9.53,0.09,0.81,15.96,10.67,0.00,645
34.956,17.28,0.15,0.96,25.79,5.57,9.64,647
34.984,27.21,0.08,0.93,13.41,10.64,8.08,649
34.998,14.55,0.06,0.71,7.22,10.64,0.00,649
35.006,8.06,0.06,0.90,15.87,12.53,0.00,648
35.023,16.95,0.08,1.06,26.89,11.38,10.84,650
35.051,28.15,0.09,0.96,10.78,9.43,6.54,652
35.064,12.49,0.06,0.69,8.51,9.43,0.00,651
35.074,9.61,0.06,0.72,15.56,12.99,0.00,652
35.090,16.46,0.18,1.10,28.38,12.15,12.31,686
35.123,33.11,0.11,1.15,7.75,12.15,6.76,685
35.140,16.71,0.08,0.85,0.38,12.12,0.00,687
35.157,16.79,0.10,1.58,9.70,11.49,8.55,686
35.173,16.70,0.10,1.11,0.44,11.49,0.00,690
35.190,16.76,0.13,1.72,9.51,16.15,8.40,690
35.207,16.77,0.12,1.08,0.45,16.15,0.00,690
35.224,16.70,0.13,1.73,9.62,15.66,8.59,688
35.240,16.72,0.10,1.16,0.45,15.66,0.00,689
35.257,16.76,0.13,1.60,11.33,14.34,10.21,691
35.274,16.72,0.09,0.90,0.41,14.34,0.00,690
35.290,16.73,0.08,1.08,9.20,19.75,8.19,692
35.307,16.74,0.08,0.88,7.42,12.66,6.46,692
35.324,16.72,0.07,0.87,0.38,12.66,0.00,690
35.341,16.76,0.08,1.51,9.67,11.84,8.54,691
35.357,16.69,0.07,0.83,0.35,11.84,0.00,689
35.374,16.75,0.08,1.58,9.56,18.41,8.53,689
35.391,16.72,0.07,0.90,0.35,18.41,0.00,692
35.408,16.74,0.08,1.17,9.49,21.32,8.48,692
35.424,16.79,0.10,1.17,0.41,21.32,0.00,693
35.441,16.71,0.13,1.77,12.13,14.97,11.00,695
35.458,16.71,0.06,0.83,0.31,14.97,0.00,700
35.474,16.65,0.05,0.60,5.43,14.30,4.76,703
35.491,16.78,0.09,0.91,0.34,9.15,0.00,704
35.511,20.24,0.16,1.67,10.22,9.63,9.10,712
35.524,12.39,0.07,0.88,0.32,9.63,0.00,712
35.541,17.56,0.05,0.56,25.73,22.42,8.54,715
35.568,26.89,0.12,1.44,5.37,22.42,0.00,717
35.576,7.25,0.09,1.11,27.70,16.90,11.72,718
35.608,32.80,0.10,1.31,6.44,16.90,5.50,722
35.625,16.77,0.12,1.16,0.49,9.74,0.00,722
35.642,16.70,0.11,1.75,12.57,8.35,11.15,722
35.659,16.72,0.09,1.15,0.43,8.35,0.00,722
35.676,17.45,0.16,0.84,8.66,24.11,7.27,724
35.692,16.26,0.07,0.87,0.35,24.11,0.00,721
35.709,16.52,0.08,0.92,9.10,16.28,7.76,776
35.726,16.75,0.09,1.34,0.41,16.28,0.00,780
35.742,16.72,0.07,0.94,8.53,19.05,7.14,780
35.759,16.77,0.13,1.38,0.41,19.05,0.00,779
35.776,16.78,0.12,1.23,10.82,19.93,9.60,779
35.792,16.68,0.10,1.27,0.40,19.93,0.00,777
35.809,16.75,0.14,1.82,11.31,24.06,10.07,777
35.826,16.69,0.07,0.76,0.27,24.06,0.00,777
35.843,16.68,0.06,1.47,10.53,20.23,9.28,775
35.859,16.82,0.10,1.25,0.38,20.23,0.00,776
35.876,16.82,0.20,1.85,11.98,12.37,10.97,774
35.893,16.57,0.08,0.91,0.29,12.37,0.00,774
35.909,16.73,0.05,0.60,28.03,25.67,10.59,776
35.938,28.79,0.09,1.18,3.45,25.67,0.00,769
35.943,4.79,0.08,1.27,45.28,23.59,11.64,766
35.993,50.19,0.10,1.23,8.31,23.59,7.34,757
36.010,16.73,0.08,0.82,26.15,15.32,9.00,756
36.037,27.16,0.09,0.90,5.53,15.32,0.00,754
36.046,9.04,0.07,0.89,19.23,21.44,5.74,760
36.067,20.39,0.07,0.79,9.58,21.44,0.00,755
36.077,10.83,0.08,0.93,25.83,11.02,9.62,752
36.104,27.06,0.07,0.85,5.18,11.02,0.00,737
36.111,6.24,0.08,1.18,23.07,14.08,7.50,732
36.135,24.42,0.12,0.65,8.24,14.08,0.00,743
36.144,9.09,0.09,1.27,25.59,13.49,9.55,743
36.171,27.06,0.12,1.13,4.66,13.49,0.00,785
36.177,5.98,0.10,1.18,26.75,21.98,10.01,778
36.206,28.91,0.11,1.06,3.36,21.98,0.00,746
36.211,4.94,0.11,1.07,45.17,24.37,11.89,743
36.258,46.65,0.12,1.35,9.78,24.37,7.33,735
36.278,19.89,0.12,0.84,28.92,16.39,11.90,735
36.311,33.58,0.14,1.09,7.68,16.39,6.73,736
36.328,16.63,0.10,1.01,16.68,13.62,0.00,733
36.346,17.87,0.12,1.33,27.95,12.14,12.01,732
36.378,32.40,0.14,1.43,8.01,12.14,6.98,734
36.395,16.70,0.11,1.07,16.78,18.27,0.00,736
36.413,18.08,0.17,2.02,26.91,9.39,12.00,736
36.445,32.15,0.13,1.41,7.87,9.39,6.90,732
36.462,16.70,0.11,1.06,16.80,18.86,0.00,729
36.480,18.09,0.16,1.96,26.36,9.37,11.97,728
36.512,32.16,0.15,1.45,8.21,9.37,7.24,729
36.529,16.70,0.09,1.21,16.17,16.70,0.00,729
36.546,17.59,0.14,1.97,26.91,11.30,11.98,731
36.579,32.64,0.10,1.41,8.26,11.30,7.29,728
36.596,16.68,0.06,0.70,16.96,13.16,0.00,729
36.614,17.87,0.13,1.99,26.94,11.91,11.80,726
36.646,32.37,0.13,1.41,8.21,11.91,7.22,726
36.663,16.73,0.08,1.11,0.35,12.71,0.00,720
36.679,16.75,0.15,2.01,9.48,12.39,8.46,720
36.696,16.80,0.09,0.98,0.37,12.39,0.00,713
36.713,16.70,0.18,1.75,10.03,16.11,8.97,711
36.730,16.70,0.08,0.91,0.38,16.11,0.00,714
36.746,16.69,0.13,1.73,9.40,13.59,8.37,716
36.763,16.79,0.09,1.19,0.43,13.59,0.00,718
36.780,16.74,0.15,1.73,10.02,11.54,9.00,719
36.797,16.73,0.09,1.14,0.40,11.54,0.00,717
36.813,16.75,0.15,1.78,9.47,15.34,8.42,720
36.830,16.72,0.09,1.16,0.39,15.34,0.00,721
36.847,16.73,0.10,1.11,9.34,21.22,8.38,724
36.863,16.74,0.10,1.15,0.39,21.22,0.00,727
36.880,16.74,0.09,1.13,9.73,20.51,8.51,724
36.897,16.72,0.09,1.20,0.39,20.51,0.00,724
36.914,16.73,0.09,1.15,9.81,20.85,8.56,725
36.930,16.74,0.10,1.16,0.42,20.85,0.00,726
36.947,16.68,0.14,1.80,10.20,10.79,9.08,726
36.964,16.72,0.11,1.17,0.44,10.79,0.00,731
36.981,16.75,0.14,1.77,10.41,18.42,9.37,729
36.997,16.78,0.11,1.16,0.39,18.42,0.00,729
37.014,16.76,0.15,1.75,9.52,13.24,8.50,728
37.031,16.71,0.10,1.16,0.46,13.24,0.00,726
37.048,16.73,0.09,1.61,9.43,16.41,8.43,725
37.064,16.74,0.10,1.07,0.43,16.41,0.00,728
37.081,16.68,0.13,1.64,11.91,12.48,10.88,726
37.098,16.70,0.07,0.82,0.32,12.48,0.00,725
37.114,16.79,0.06,0.66,6.95,19.09,5.76,728
37.135,20.20,0.11,1.12,0.50,8.60,0.00,747
37.148,13.28,0.10,1.13,9.13,9.82,8.11,745
37.165,16.69,0.09,0.88,0.41,9.82,0.00,742
37.181,16.74,0.14,1.29,9.44,15.99,8.40,797
37.198,16.81,0.10,1.04,0.38,15.99,0.00,796
37.215,17.07,0.20,1.29,9.36,21.72,8.32,794
37.232,16.32,0.15,1.40,0.44,21.72,0.00,796
37.248,16.75,0.11,0.92,8.06,20.65,6.77,800
37.265,16.72,0.21,1.33,0.54,20.65,0.00,806
37.282,16.72,0.13,1.24,10.04,19.88,8.79,808
37.299,16.79,0.14,1.33,0.39,19.88,0.00,813
37.316,17.57,0.47,2.15,10.84,16.33,9.71,812
37.332,16.12,0.11,0.93,0.30,16.33,0.00,814
37.349,16.45,0.08,0.62,6.13,12.88,5.02,813
37.365,16.78,0.07,0.72,0.24,9.89,0.00,811
37.382,16.77,0.26,1.84,11.44,11.12,10.15,813
37.399,16.71,0.13,1.29,0.41,11.12,0.00,818
37.416,16.65,0.07,0.64,30.71,23.48,12.17,815
37.449,33.55,0.26,1.85,9.52,23.48,8.52,811
37.466,16.73,0.17,0.90,16.83,12.63,0.00,810
37.484,18.02,0.15,1.84,27.14,10.85,11.96,811
37.516,32.19,0.13,1.28,7.79,10.85,6.82,809
37.533,16.69,0.11,1.02,16.55,20.23,0.00,803
37.551,17.80,0.16,1.85,27.22,8.66,11.85,796
37.583,32.43,0.14,1.28,7.96,8.66,7.00,786
37.600,16.72,0.13,0.91,16.87,16.97,0.00,782
37.618,18.03,0.15,1.80,26.93,7.77,11.78,778
37.650,32.19,0.16,1.25,8.40,7.77,7.40,765
37.665,14.60,0.12,1.06,2.30,13.93,0.00,773
37.683,18.81,0.13,1.12,7.79,12.90,6.99,768
37.700,16.78,0.12,0.87,0.41,8.21,0.00,770
37.717,16.72,0.13,1.09,8.93,11.45,7.93,768
37.734,16.73,0.10,0.84,0.38,11.45,0.00,768
37.750,16.74,0.15,1.18,9.28,15.68,8.27,768
37.767,16.73,0.11,0.90,0.37,15.68,0.00,767
37.784,16.73,0.28,1.53,9.54,14.91,8.52,769
37.800,16.73,0.14,1.13,0.42,14.91,0.00,769
37.817,16.77,0.24,1.51,9.66,12.97,8.62,766
37.830,13.14,0.10,0.78,3.51,12.97,0.00,764
37.851,20.65,0.17,1.53,10.22,15.48,9.18,761
37.867,16.38,0.13,1.10,0.40,15.48,0.00,762
37.884,16.73,0.12,1.06,9.82,17.78,8.61,762
37.901,16.74,0.12,1.07,0.39,17.78,0.00,762
37.918,16.75,0.17,1.59,10.08,13.81,9.05,760
37.934,16.72,0.12,1.13,0.40,13.81,0.00,759
37.951,16.75,0.17,1.65,10.79,15.15,9.77,757
37.968,16.72,0.12,1.10,0.36,15.15,0.00,753
37.985,16.73,0.19,1.02,9.42,18.93,8.44,752
38.001,16.73,0.14,1.09,0.38,18.93,0.00,753
38.018,16.75,0.17,1.59,9.42,16.88,8.42,752
38.035,16.73,0.13,1.09,0.40,16.88,0.00,752
38.052,16.74,0.18,1.63,11.80,17.20,10.77,752
38.068,16.71,0.09,0.83,0.33,17.20,0.00,750
38.085,16.74,0.13,1.09,9.22,19.30,8.23,750
38.102,16.74,0.14,1.10,0.39,6.59,0.00,748
38.118,16.75,0.22,1.44,9.73,10.58,8.62,750
38.135,16.71,0.29,0.81,0.40,10.58,0.00,762
38.152,16.78,0.24,1.16,10.36,14.71,9.36,766
38.169,16.70,0.14,0.81,0.40,14.71,0.00,767
38.185,16.84,0.42,1.14,9.78,14.71,8.76,769
38.202,16.62,0.13,0.83,0.38,14.71,0.00,775
38.219,16.75,0.18,1.21,11.24,11.52,10.25,770
38.236,16.72,0.13,0.82,0.37,11.52,0.00,772
38.252,16.74,0.18,1.28,9.42,15.73,8.41,775
38.269,16.72,0.13,0.80,0.41,15.73,0.00,773
38.286,16.77,0.27,1.29,10.65,11.29,9.61,775
38.303,16.71,0.15,0.83,0.40,11.29,0.00,777
38.319,16.76,0.22,1.28,10.26,13.27,9.15,773
38.336,16.71,0.17,0.87,0.46,13.27,0.00,772
38.356,20.02,0.18,1.29,9.06,18.95,8.02,780
38.369,13.39,0.10,0.68,0.36,18.95,0.00,777
38.386,16.73,0.07,0.52,7.62,22.04,6.65,774
38.403,16.78,0.15,0.88,0.42,7.56,0.00,773
38.420,16.75,0.18,1.23,10.40,9.05,9.37,764
38.436,16.65,0.09,0.45,0.31,9.05,0.00,760
38.453,16.83,0.20,1.30,10.07,18.10,9.00,759
38.470,16.70,0.13,0.82,0.37,18.10,0.00,760
38.488,17.74,0.17,1.32,9.35,14.59,8.35,756
38.504,16.03,0.13,0.82,0.43,14.59,0.00,757
38.520,16.45,0.18,1.23,10.25,17.58,9.23,756
38.537,16.71,0.13,0.83,0.41,17.58,0.00,757
38.554,16.75,0.17,1.19,11.35,11.78,10.34,760
38.570,16.72,0.13,0.84,0.39,11.78,0.00,760
38.587,16.75,0.17,1.21,10.11,16.67,9.08,758
38.604,16.72,0.11,0.86,0.42,16.67,0.00,755
38.620,16.74,0.18,1.18,10.67,12.17,9.37,752
38.637,16.76,0.16,0.83,0.47,12.17,0.00,756
38.654,16.65,0.18,1.24,9.73,13.79,8.61,745
38.671,16.79,0.13,0.84,0.40,13.79,0.00,735
38.687,16.76,0.18,1.16,12.70,17.14,11.45,724
38.704,16.71,0.12,0.82,0.39,17.14,0.00,724
38.721,16.73,0.11,0.79,9.81,19.06,8.60,723
38.738,16.70,0.08,0.61,0.36,19.06,0.00,723
38.754,16.77,0.10,0.79,8.70,16.18,7.69,721
38.771,16.69,0.10,0.80,0.41,16.18,0.00,724
38.788,16.80,0.18,1.07,9.73,14.86,8.72,725
38.805,16.72,0.10,0.79,0.37,14.86,0.00,723
38.821,16.75,0.15,1.20,12.67,16.04,11.41,722
38.838,16.71,0.09,0.79,0.37,16.04,0.00,721
38.855,16.73,0.10,0.78,9.61,17.89,8.39,723
38.871,16.74,0.09,0.82,0.37,5.96,0.00,723
38.888,16.76,0.13,1.14,12.61,9.99,11.36,723
38.905,16.71,0.07,0.65,0.32,9.99,0.00,723
38.922,16.76,0.13,1.27,9.48,15.88,8.48,722
38.938,16.72,0.09,0.81,0.37,15.88,0.00,721
38.955,16.75,0.13,1.12,10.26,9.43,9.25,717
38.972,16.72,0.10,0.81,0.40,9.43,0.00,715
38.989,16.75,0.24,1.07,11.75,13.01,10.71,716
39.005,16.72,0.09,0.76,0.41,13.01,0.00,713
39.022,16.71,0.13,1.14,9.65,15.15,8.60,709
39.039,16.76,0.09,0.80,0.37,15.15,0.00,709
39.056,16.75,0.14,1.23,11.97,15.24,10.94,707
39.072,16.71,0.07,0.60,0.30,15.24,0.00,706
39.089,16.78,0.15,0.73,9.05,17.74,8.04,707
39.106,16.71,0.10,0.83,0.43,17.74,0.00,708
39.123,16.75,0.19,1.08,9.71,14.12,8.68,707
39.139,16.71,0.09,0.77,0.40,14.12,0.00,707
39.156,16.78,0.13,0.92,12.24,15.30,10.96,709
39.173,16.67,0.07,0.49,0.34,15.30,0.00,709
39.189,16.75,0.10,0.86,9.91,17.99,8.89,706
39.206,16.73,0.09,0.61,0.35,17.99,0.00,707
39.223,16.75,0.12,0.78,12.18,12.46,11.17,709
39.240,16.72,0.09,0.58,0.38,12.46,0.00,709
39.256,16.75,0.13,0.88,10.38,16.67,9.12,708
39.273,16.72,0.09,0.63,0.45,5.74,0.00,710
39.290,16.74,0.12,0.88,12.08,9.97,11.07,708
39.307,16.73,0.09,0.60,0.36,9.97,0.00,711
39.323,16.75,0.15,0.80,12.29,14.75,11.23,707
39.340,16.72,0.09,0.55,0.43,14.75,0.00,706
39.357,16.68,0.10,0.85,9.99,15.07,8.93,707
39.374,16.79,0.07,0.54,0.35,15.07,0.00,708
39.390,16.77,0.19,0.79,9.74,12.18,8.74,706
39.407,16.71,0.09,0.64,0.44,12.18,0.00,702
39.424,16.75,0.15,0.85,9.74,12.86,8.72,703
39.440,16.71,0.08,0.61,0.39,12.86,0.00,703
39.457,16.76,0.23,0.77,12.25,15.01,11.26,702
39.474,16.71,0.07,0.50,0.33,15.01,0.00,698
39.491,16.74,0.09,0.84,9.93,17.79,8.90,697
39.507,16.74,0.09,0.57,8.25,11.04,7.24,696
39.524,16.73,0.09,0.61,0.43,11.04,0.00,695
39.541,16.75,0.14,0.75,10.45,12.96,9.41,693
39.558,16.72,0.09,0.60,0.43,12.96,0.00,694
39.574,16.75,0.14,0.83,10.79,15.56,9.75,692
39.591,16.72,0.11,0.59,0.54,15.56,0.00,689
39.608,16.76,0.15,0.85,11.21,15.61,9.89,685
39.625,16.72,0.08,0.63,0.43,15.61,0.00,683
39.641,16.74,0.14,0.83,9.58,13.34,8.53,683
39.658,16.73,0.09,0.56,0.44,13.34,0.00,680
39.675,16.75,0.13,0.78,12.15,14.13,11.15,678
39.691,16.73,0.09,0.56,0.38,14.13,0.00,678
39.708,16.74,0.14,0.80,10.14,13.30,9.14,676
39.725,16.70,0.09,0.59,0.40,13.30,0.00,677
39.742,16.77,0.14,0.84,12.22,11.21,11.21,673
39.758,16.71,0.07,0.48,0.35,11.21,0.00,672
39.775,16.75,0.08,0.72,9.81,16.39,8.80,672
39.792,16.73,0.09,0.60,0.38,16.39,0.00,669
39.809,16.68,0.11,0.82,12.20,14.31,11.21,668
39.825,16.78,0.09,0.61,0.39,14.31,0.00,666
39.842,16.75,0.14,0.81,10.65,16.64,9.42,662
39.859,16.72,0.08,0.58,0.35,16.64,0.00,662
39.876,16.77,0.19,0.72,10.88,15.14,9.63,660
39.892,16.70,0.11,0.56,0.39,15.14,0.00,660
39.912,19.99,0.13,0.80,10.42,15.43,9.31,668
39.926,13.47,0.08,0.47,0.34,15.43,0.00,664
39.942,16.74,0.05,0.31,7.59,18.95,6.36,661
39.959,16.74,0.10,0.66,0.50,6.32,0.00,656
39.976,16.73,0.24,0.78,12.27,10.30,10.96,652
39.993,16.66,0.06,0.34,0.33,10.30,0.00,652
40.009,16.83,0.27,0.81,11.54,15.64,10.48,650
40.026,16.71,0.10,0.59,0.43,15.64,0.00,648
40.043,16.73,0.08,0.72,9.87,11.53,8.84,643
40.056,13.15,0.07,0.40,4.02,11.53,0.00,641
40.077,20.77,0.12,0.76,9.80,12.30,8.74,638
40.093,16.29,0.09,0.60,0.39,12.30,0.00,636
40.110,16.75,0.13,0.77,10.88,10.85,9.85,633
40.127,16.72,0.08,0.58,0.38,10.85,0.00,632
40.143,16.75,0.32,0.82,11.66,14.28,10.59,692
40.160,16.71,0.08,0.52,0.35,14.28,0.00,692
40.177,16.74,0.08,0.81,9.82,18.29,8.77,691
40.194,16.74,0.13,0.72,0.44,18.29,0.00,692
40.210,16.75,0.15,0.95,12.21,15.71,11.16,693
40.227,16.73,0.11,0.56,0.44,15.71,0.00,691
40.244,16.74,0.15,0.89,9.85,18.80,8.81,690
40.260,16.72,0.08,0.61,0.41,18.80,0.00,685
40.277,16.74,0.12,0.90,12.17,16.13,11.11,683
40.294,16.72,0.08,0.60,0.42,16.13,0.00,683
40.311,16.74,0.14,0.86,10.63,18.28,9.40,681
40.327,16.72,0.10,0.62,0.37,18.28,0.00,680
40.344,16.75,0.13,0.87,12.20,10.55,11.16,679
40.361,16.72,0.10,0.66,0.41,10.55,0.00,677
40.378,16.75,0.14,0.93,12.80,15.79,11.48,677
40.394,16.71,0.07,0.50,0.34,15.79,0.00,675
40.411,16.74,0.07,0.61,9.49,14.16,8.51,669
40.428,16.74,0.12,0.81,0.40,14.16,0.00,724
40.445,16.74,0.15,1.16,12.22,11.21,11.23,722
40.461,16.71,0.07,0.64,0.29,11.21,0.00,721
40.478,16.69,0.06,0.50,29.32,26.66,11.32,720
40.511,33.53,0.11,0.77,8.74,26.66,7.76,720
40.528,16.66,0.08,0.64,0.33,14.29,0.00,719
40.545,16.80,0.09,0.62,8.80,16.44,7.58,720
40.564,18.96,0.12,0.80,0.45,16.44,0.00,727
40.578,14.54,0.12,0.94,9.20,13.41,8.16,726
40.595,16.70,0.07,0.47,0.38,13.41,0.00,726
40.612,16.74,0.12,0.81,9.32,19.97,8.31,724
40.629,16.73,0.08,0.68,0.36,19.97,0.00,723
40.645,16.72,0.13,0.85,9.38,21.32,8.36,722
40.662,16.74,0.11,0.84,0.39,21.32,0.00,723
40.679,16.76,0.11,0.85,9.12,11.26,8.06,725
40.696,16.71,0.10,0.86,0.40,11.26,0.00,724
40.709,13.34,0.10,0.77,13.07,16.47,9.12,720
40.729,20.47,0.15,0.79,0.44,16.47,0.00,717
40.746,16.36,0.17,1.21,10.40,14.34,9.35,713
40.762,16.77,0.12,0.85,0.39,14.34,0.00,713
40.779,16.76,0.14,1.23,10.69,19.94,9.65,711
40.796,16.70,0.11,0.84,0.38,19.94,0.00,712
40.813,16.73,0.11,0.81,9.93,17.39,8.70,711
40.829,16.74,0.10,0.85,0.37,17.39,0.00,709
40.846,16.75,0.14,1.20,12.69,12.08,11.43,709
40.863,16.72,0.11,0.81,0.39,12.08,0.00,705
40.880,16.78,0.18,1.13,10.33,14.64,9.07,705
40.896,16.68,0.11,0.83,0.37,14.64,0.00,703
40.913,16.75,0.16,1.16,10.84,17.17,9.57,705
40.930,16.72,0.09,0.86,0.37,17.17,0.00,704
40.947,16.75,0.15,1.23,12.73,17.44,11.49,699
40.963,16.72,0.11,0.80,0.39,17.44,0.00,699
40.980,16.73,0.10,0.79,9.76,19.41,8.54,698
40.997,16.74,0.12,0.80,0.41,19.41,0.00,698
41.013,16.74,0.16,1.25,12.64,15.84,11.39,698
41.030,16.66,0.09,0.84,0.41,15.84,0.00,698
41.047,16.80,0.10,0.80,10.10,19.06,8.82,695
41.064,16.74,0.11,0.80,0.43,6.21,0.00,693
41.080,16.75,0.15,1.13,12.89,10.46,11.55,691
41.097,16.65,0.09,0.76,0.40,10.46,0.00,691
41.114,16.82,0.15,1.16,12.11,16.71,11.04,692
41.131,16.72,0.11,0.79,0.44,16.71,0.00,691
41.147,16.80,0.14,1.16,10.43,12.86,9.28,689
41.164,16.68,0.10,0.83,0.44,12.86,0.00,686
41.181,16.74,0.14,1.16,11.90,13.87,10.84,687
41.198,16.74,0.13,0.79,0.56,13.87,0.00,672
41.214,16.73,0.16,1.18,12.42,16.48,11.31,674
41.231,16.72,0.10,0.80,0.38,16.48,0.00,671
41.248,16.73,0.10,0.76,9.36,18.73,8.40,672
41.264,16.68,0.09,0.79,0.38,18.73,0.00,670
41.281,16.82,0.14,1.16,11.71,13.15,10.70,668
41.298,16.69,0.09,0.76,0.39,13.15,0.00,668
41.315,16.77,0.18,1.09,12.18,17.10,11.15,667
41.331,16.72,0.09,0.81,0.37,17.10,0.00,669
41.348,16.72,0.10,0.76,9.28,19.77,8.33,669
41.365,16.74,0.10,0.80,0.37,19.77,0.00,669
41.382,16.75,0.16,1.14,12.04,16.54,10.73,667
41.398,16.74,0.11,0.86,0.40,16.54,0.00,667
41.415,16.73,0.15,1.12,10.60,19.08,9.59,666
41.432,16.72,0.10,0.77,0.35,19.08,0.00,669
41.449,16.76,0.13,1.14,10.66,10.69,9.40,669
41.465,16.71,0.10,0.76,0.37,10.69,0.00,671
41.482,16.75,0.14,1.17,9.63,15.52,8.62,671
41.499,16.72,0.10,0.77,0.39,15.52,0.00,672
41.515,16.75,0.13,1.09,12.09,10.54,11.07,673
41.532,16.72,0.08,0.78,0.37,10.54,0.00,674
41.549,16.75,0.17,1.04,10.01,16.20,8.88,673
41.566,16.72,0.08,0.79,0.37,16.20,0.00,676
41.582,16.75,0.14,1.06,10.84,11.03,9.59,673
41.599,16.72,0.09,0.78,0.36,11.03,0.00,671
41.616,16.75,0.13,1.14,9.69,13.42,8.54,671
41.633,16.72,0.08,0.77,0.35,13.42,0.00,668
41.649,16.75,0.13,1.07,10.72,17.43,9.45,671
41.666,16.72,0.09,0.76,0.37,17.43,0.00,675
41.683,16.74,0.14,1.11,10.70,18.96,9.45,675
41.700,16.73,0.10,0.73,0.44,18.96,0.00,673
41.716,16.74,0.12,1.13,10.26,18.91,9.21,672
41.733,16.72,0.09,0.78,0.40,18.91,0.00,669
41.750,16.75,0.13,1.08,10.84,18.37,9.49,668
41.766,16.72,0.09,0.79,0.40,18.37,0.00,669
41.783,16.75,0.13,1.19,9.85,18.68,8.82,670
41.800,16.67,0.11,0.86,0.41,18.68,0.00,670
41.817,16.76,0.12,1.23,11.25,10.64,9.86,665
41.833,16.72,0.10,0.76,0.54,10.64,0.00,663
41.850,16.76,0.11,0.77,9.54,16.07,8.50,655
41.867,16.71,0.09,0.81,0.48,6.20,0.00,652
41.884,16.75,0.14,1.09,10.79,10.30,9.44,649
41.900,16.70,0.10,0.78,0.50,10.30,0.00,635
41.917,16.82,0.14,1.09,10.86,14.80,9.53,627
41.934,16.66,0.11,0.75,0.51,14.80,0.00,621
41.953,19.31,0.08,0.79,7.62,11.95,6.81,629
41.967,14.15,0.09,0.60,0.47,11.95,0.00,627
41.984,16.78,0.15,1.15,10.03,10.93,8.91,626
42.001,16.69,0.09,0.65,0.41,10.93,0.00,626
42.017,16.73,0.09,0.74,9.46,13.33,8.45,625
42.034,16.74,0.10,0.79,0.49,13.33,0.00,623
42.051,16.76,0.13,1.15,11.03,14.57,9.85,621
42.068,16.76,0.11,0.77,0.47,14.57,0.00,620
42.084,16.76,0.13,1.10,10.99,16.47,9.69,619
42.098,13.18,0.07,0.54,3.68,16.47,0.00,617
42.118,20.63,0.17,1.34,10.14,16.93,9.08,657
42.135,16.35,0.11,0.90,0.45,16.93,0.00,658
42.151,16.70,0.13,0.54,29.55,21.38,11.61,734
42.185,33.48,0.12,1.06,8.75,21.38,7.75,731
42.202,16.84,0.14,1.00,0.42,12.77,0.00,730
42.218,16.74,0.15,1.49,11.35,12.52,10.01,733
42.235,16.75,0.16,1.02,0.46,12.52,0.00,734
42.252,16.68,0.08,0.85,8.78,19.02,7.55,733
42.268,16.67,0.12,1.37,0.63,19.02,0.00,734
42.285,16.81,0.21,1.54,11.15,10.28,10.05,735
42.302,16.63,0.13,1.09,0.42,10.28,0.00,735
42.319,16.73,0.08,0.66,6.86,19.07,5.99,735
42.335,16.75,0.13,1.06,0.48,10.02,0.00,735
42.352,16.81,0.16,1.55,11.81,8.86,10.52,732
42.369,16.72,0.11,1.04,0.43,8.86,0.00,735
42.386,16.76,0.15,1.47,28.87,25.05,11.89,733
42.419,33.44,0.12,0.92,9.56,25.05,8.50,720
42.436,16.72,0.09,0.58,0.35,13.72,0.00,722
42.453,16.77,0.10,0.72,8.90,15.95,7.67,722
42.469,16.65,0.11,0.90,0.46,15.95,0.00,724
42.486,16.76,0.15,1.30,11.25,14.44,9.93,722
42.503,16.72,0.11,0.88,0.38,14.44,0.00,722
42.520,16.76,0.10,0.87,10.00,20.71,8.75,720
42.536,16.76,0.10,0.89,0.39,20.71,0.00,719
42.553,16.70,0.15,1.30,12.67,10.09,11.36,720
42.570,16.72,0.10,0.89,0.40,10.09,0.00,720
42.586,16.81,0.15,1.36,11.22,17.41,9.94,719
42.603,16.66,0.10,0.93,0.46,17.41,0.00,718
42.620,16.81,0.14,1.31,10.90,12.47,9.57,717
42.637,16.74,0.12,0.92,0.43,12.47,0.00,720
42.653,16.74,0.23,1.39,11.36,15.53,10.04,720
42.670,16.71,0.13,0.91,0.44,15.53,0.00,717
42.687,16.73,0.09,1.30,9.89,14.22,8.86,718
42.704,16.74,0.11,0.96,0.45,14.22,0.00,717
42.720,16.73,0.14,1.31,9.63,11.14,8.58,714
42.737,16.68,0.10,0.99,0.44,11.14,0.00,715
42.754,16.81,0.16,1.35,12.16,13.25,10.84,716
42.771,16.74,0.08,0.71,0.37,13.25,0.00,718
42.787,16.74,0.08,0.68,8.03,21.63,6.85,719
42.804,16.73,0.11,0.92,0.43,21.63,0.00,719
42.821,16.74,0.15,1.36,11.97,16.58,10.65,718
42.837,16.66,0.10,0.92,0.41,16.58,0.00,720
42.854,16.79,0.10,0.88,9.86,20.89,8.62,717
42.871,16.74,0.11,0.90,0.42,20.89,0.00,716
42.888,16.76,0.13,1.32,10.78,9.73,9.49,714
42.904,16.72,0.09,0.89,0.39,9.73,0.00,714
42.921,16.75,0.13,1.34,10.39,17.05,9.35,715
42.938,16.71,0.09,0.88,0.38,17.05,0.00,709
42.955,16.70,0.15,1.33,10.13,11.99,9.01,711
42.969,14.21,0.08,0.67,2.54,11.99,0.00,722
42.988,19.30,0.10,0.90,7.77,16.51,6.92,722
43.005,16.74,0.09,0.56,0.42,7.36,0.00,721
43.022,16.69,0.16,1.44,9.06,10.33,7.72,721
43.038,16.78,0.10,0.95,0.44,10.33,0.00,723
43.055,16.74,0.15,1.47,10.66,14.98,9.29,722
43.072,16.73,0.10,0.93,0.42,14.98,0.00,722
43.088,16.70,0.10,0.98,9.97,17.59,8.90,723
43.105,16.74,0.09,0.80,0.42,17.59,0.00,722
43.119,13.36,0.10,0.85,12.49,18.29,8.65,722
43.135,16.33,0.11,0.90,3.58,18.29,0.00,722
43.155,20.55,0.14,1.37,11.42,20.21,10.12,723
43.172,16.73,0.12,0.92,0.42,20.21,0.00,721
43.189,16.72,0.09,0.71,7.71,21.61,6.75,734
43.206,16.74,0.15,0.92,0.41,7.81,0.00,730
43.222,16.70,0.15,1.34,11.94,9.15,10.64,728
43.239,16.77,0.10,0.90,0.43,9.15,0.00,729
43.256,16.74,0.14,1.32,10.96,19.17,9.93,731
43.273,16.72,0.10,0.91,0.42,19.17,0.00,730
43.289,16.71,0.13,1.33,10.74,12.67,9.45,729
43.306,16.79,0.09,0.70,0.33,12.67,0.00,729
43.323,16.70,0.15,1.32,10.41,16.87,9.38,722
43.340,16.76,0.10,0.89,0.44,16.87,0.00,724
43.356,16.76,0.15,1.28,9.70,12.52,8.66,723
43.373,16.64,0.10,0.95,0.41,12.52,0.00,723
43.390,16.81,0.15,1.42,10.94,15.28,9.91,723
43.406,16.69,0.10,0.92,0.42,15.28,0.00,724
43.423,16.80,0.23,1.34,10.62,14.31,9.25,724
43.440,16.66,0.10,0.74,0.37,14.31,0.00,725
43.457,16.81,0.15,1.40,9.57,15.70,8.52,724
43.473,16.70,0.09,0.93,0.47,15.70,0.00,724
43.490,16.74,0.13,1.31,10.02,16.28,8.99,724
43.507,16.75,0.11,0.93,0.41,16.28,0.00,721
43.524,16.69,0.15,1.32,11.35,19.50,10.32,716
43.540,16.69,0.08,0.73,0.35,19.50,0.00,716
43.557,16.79,0.13,1.08,10.12,20.88,9.14,764
43.574,16.74,0.12,1.08,0.42,20.88,0.00,762
43.591,16.73,0.10,1.09,9.84,22.24,8.62,754
43.607,16.73,0.11,1.07,0.39,22.24,0.00,748
43.624,16.75,0.16,1.55,9.59,13.34,8.56,743
43.641,16.73,0.11,1.05,7.69,9.67,6.74,742
43.658,16.76,0.08,0.85,0.35,9.67,0.00,739
43.674,16.70,0.11,1.08,9.44,18.56,8.49,744
43.691,16.80,0.12,1.06,0.46,18.56,0.00,745
43.708,16.77,0.16,1.66,9.33,12.35,8.29,746
43.724,16.64,0.11,1.08,0.42,12.35,0.00,749
43.741,16.75,0.11,1.13,9.41,17.43,8.41,750
43.758,16.72,0.11,1.11,0.38,17.43,0.00,748
43.775,16.82,0.18,1.58,11.25,12.71,10.16,747
43.789,14.44,0.08,0.82,1.81,12.71,0.00,756
43.808,18.97,0.11,0.87,7.20,18.24,6.34,752
43.825,16.65,0.09,0.90,0.36,18.24,0.00,753
43.842,16.75,0.10,1.18,8.92,11.73,7.94,751
43.858,16.74,0.08,0.89,0.36,11.73,0.00,750
43.875,16.76,0.11,1.23,9.40,16.20,8.34,750
43.892,16.76,0.12,1.21,0.41,16.20,0.00,747
43.908,16.70,0.24,1.58,11.37,17.92,10.31,746
43.925,16.74,0.10,1.17,0.39,17.92,0.00,746
43.942,16.74,0.08,0.86,7.58,22.66,6.51,745
43.959,16.67,0.09,1.10,0.42,8.95,0.00,740
43.975,16.78,0.14,1.80,11.50,7.83,10.20,737
43.989,14.08,0.10,1.05,1.59,7.83,0.00,738
44.009,19.88,0.15,1.48,9.19,18.35,8.21,736
44.026,16.25,0.08,0.82,0.33,18.35,0.00,737
44.042,16.76,0.08,1.65,9.48,16.22,8.43,735
44.059,16.75,0.08,0.88,0.37,16.22,0.00,733
44.076,16.70,0.09,1.52,9.69,13.26,8.64,729
44.093,16.72,0.07,0.77,0.42,13.26,0.00,686
44.109,16.75,0.09,1.27,9.64,15.49,8.56,683
44.126,16.72,0.10,0.83,0.42,15.49,0.00,683
44.143,16.77,0.14,1.12,9.55,10.64,8.49,685
44.160,16.76,0.29,0.83,0.42,10.64,0.00,731
44.176,16.69,0.15,1.29,9.99,13.98,9.00,729
44.193,16.71,0.10,0.89,0.36,13.98,0.00,731
44.210,16.75,0.14,1.20,10.09,13.38,8.78,731
44.226,16.72,0.12,0.84,0.37,13.38,0.00,731
44.243,16.77,0.14,1.28,9.68,14.00,8.65,733
44.260,16.70,0.10,0.86,0.40,14.00,0.00,734
44.277,16.75,0.14,1.32,10.61,19.05,9.60,735
44.293,16.65,0.10,0.83,0.39,19.05,0.00,732
44.310,16.80,0.09,0.85,8.91,19.92,7.97,732
44.327,16.75,0.10,0.88,0.40,19.92,0.00,731
44.344,16.73,0.21,1.22,9.61,17.36,8.59,731
44.358,14.69,0.09,0.70,2.08,17.36,0.00,746
44.377,18.72,0.10,0.91,8.43,18.92,7.67,745
44.394,16.77,0.08,0.78,0.35,7.35,0.00,745
44.411,16.75,0.12,0.99,9.11,10.78,8.11,745
44.427,16.74,0.08,0.70,0.31,10.78,0.00,745
44.444,16.81,0.21,0.96,9.32,15.27,8.27,744
44.461,16.64,0.13,1.02,0.40,15.27,0.00,744
44.477,16.71,0.16,1.36,11.79,13.03,10.77,742
44.494,16.78,0.12,0.96,0.42,13.03,0.00,742
44.508,13.35,0.09,0.82,12.82,17.05,8.76,738
44.528,20.49,0.11,0.93,0.41,17.05,0.00,737
44.544,16.30,0.09,0.93,9.00,9.89,8.03,736
44.561,16.79,0.10,0.90,0.38,9.89,0.00,735
44.578,16.75,0.16,1.35,11.91,14.93,10.90,736
44.595,16.72,0.10,0.87,0.36,14.93,0.00,737
44.611,16.77,0.21,1.24,10.21,19.26,9.21,739
44.628,16.69,0.10,0.88,0.37,19.26,0.00,738
44.645,16.75,0.14,1.28,10.96,19.95,9.94,739
44.662,16.72,0.10,0.88,0.35,19.95,0.00,738
44.678,16.73,0.09,0.85,9.72,20.52,8.52,737
44.695,16.80,0.11,0.87,0.37,20.52,0.00,735
44.712,16.69,0.14,1.31,10.46,13.07,9.46,735
44.726,14.09,0.07,0.71,2.43,13.07,0.00,744
44.745,19.31,0.11,0.99,9.03,20.34,8.30,743
44.762,16.72,0.10,0.74,0.33,20.34,0.00,740
44.779,16.86,0.20,1.35,9.45,10.46,8.42,738
44.795,16.66,0.10,0.72,0.35,10.46,0.00,736
44.812,16.80,0.12,1.01,9.27,16.13,8.24,733
44.829,16.64,0.08,0.69,0.37,16.13,0.00,731
44.846,16.77,0.17,1.17,9.49,11.27,8.47,731
44.863,17.51,0.18,0.91,0.46,11.27,0.00,732
44.879,16.26,0.09,0.85,9.05,13.95,8.07,731
44.896,16.43,0.10,0.90,0.44,13.95,0.00,730
44.913,16.69,0.13,1.30,9.55,10.94,8.54,727
44.929,16.78,0.10,0.87,0.38,10.94,0.00,722
44.946,16.74,0.12,1.33,12.46,14.31,11.20,722
44.963,16.72,0.09,0.89,0.40,14.31,0.00,721
44.979,16.74,0.12,1.35,11.61,18.70,10.61,720
44.996,16.72,0.09,0.90,0.38,18.70,0.00,719
45.013,16.72,0.09,0.91,9.13,21.15,8.16,716
45.030,16.74,0.10,0.89,0.39,21.15,0.00,708
45.046,16.75,0.13,1.29,10.76,17.81,9.52,700
45.063,16.73,0.10,0.84,0.38,17.81,0.00,687
45.080,16.76,0.12,1.22,12.05,18.20,11.02,686
45.097,16.70,0.09,0.80,0.37,18.20,0.00,684
45.113,16.75,0.19,1.17,10.10,17.30,9.05,683
45.130,16.72,0.09,0.84,0.38,17.30,0.00,684
45.147,16.75,0.12,1.21,10.66,12.38,9.38,683
45.164,16.73,0.10,0.84,0.36,12.38,0.00,682
45.180,16.74,0.12,1.28,11.88,15.60,10.86,694
45.197,16.71,0.07,0.66,0.34,15.60,0.00,694
45.214,16.75,0.08,1.17,9.38,12.06,8.33,693
45.230,16.74,0.09,0.89,0.41,12.06,0.00,693
45.247,16.74,0.12,1.21,10.43,11.69,9.41,694
45.264,16.72,0.09,0.85,0.40,11.69,0.00,691
45.281,16.75,0.19,0.77,8.85,12.83,7.87,691
45.297,16.71,0.07,0.69,0.35,12.83,0.00,688
45.314,16.75,0.11,1.23,9.73,8.44,8.68,686
45.331,16.73,0.09,0.82,0.40,8.44,0.00,683
45.348,16.72,0.08,1.16,9.72,14.34,8.68,683
45.364,16.70,0.08,0.78,0.37,14.34,0.00,682
45.381,16.77,0.08,1.12,9.38,14.49,8.37,679
45.398,16.75,0.09,0.80,0.37,14.49,0.00,681
45.413,15.57,0.08,0.78,9.20,14.11,7.75,687
45.431,17.89,0.11,0.88,0.51,14.11,0.00,686
45.448,16.75,0.10,0.88,9.34,13.25,8.03,682
45.465,16.73,0.12,0.89,0.45,13.25,0.00,676
45.481,16.68,0.10,0.94,9.08,15.07,7.96,671
45.499,17.34,0.09,0.74,0.38,15.07,0.00,668
45.515,16.17,0.10,0.88,9.84,14.43,8.71,662
45.532,16.73,0.07,0.56,0.35,14.43,0.00,644
45.548,16.74,0.10,0.64,10.01,15.97,8.86,641
45.565,16.74,0.11,0.75,0.45,5.36,0.00,638
45.583,17.55,0.09,0.59,9.50,10.12,8.29,639
45.599,16.11,0.14,0.48,0.37,10.12,0.00,634
45.615,16.55,0.10,0.65,10.32,13.50,8.95,633
45.632,16.75,0.11,0.68,0.42,13.50,0.00,633
45.649,16.73,0.13,0.94,11.12,10.58,9.72,634
45.666,16.73,0.12,0.71,0.41,10.58,0.00,634
45.682,16.72,0.07,0.48,8.61,17.67,7.32,633
45.699,16.70,0.13,0.99,0.54,17.67,0.00,629
45.716,16.79,0.14,0.93,13.07,10.46,11.69,627
45.732,16.65,0.09,0.62,0.37,10.46,0.00,626
45.749,16.80,0.09,0.61,10.41,16.75,9.01,615
45.769,19.35,0.11,0.73,0.50,16.75,0.00,627
45.783,14.11,0.09,0.68,9.08,13.87,7.92,626
45.799,16.73,0.07,0.43,0.37,13.87,0.00,626
45.816,16.67,0.09,0.66,9.25,16.37,8.10,625
45.833,16.74,0.11,0.50,0.43,16.37,0.00,622
45.850,16.80,0.09,0.71,9.16,16.24,7.97,619
45.866,16.74,0.09,0.55,0.39,16.24,0.00,618
45.883,16.71,0.10,0.63,9.72,16.03,8.60,619
45.896,13.30,0.08,0.47,3.85,16.03,0.00,619
45.917,20.45,0.10,0.57,9.88,16.38,8.82,619
45.933,16.40,0.08,0.80,0.44,5.53,0.00,613
45.950,16.80,0.12,0.90,10.81,10.42,9.78,614
45.967,16.71,0.09,0.63,0.45,10.42,0.00,612
45.983,16.73,0.08,0.65,9.97,13.99,8.73,613
46.000,16.74,0.08,0.65,0.42,13.99,0.00,612
46.017,16.75,0.19,0.90,11.56,9.57,10.27,609
46.034,16.70,0.10,0.68,0.41,9.57,0.00,611
46.050,16.67,0.08,0.52,9.25,17.37,7.48,613
46.067,16.83,0.13,0.97,0.59,17.37,0.00,609
46.084,16.73,0.11,0.93,13.16,10.95,11.88,610
46.101,16.64,0.09,0.68,0.37,10.95,0.00,608
46.117,16.73,0.09,0.66,11.72,15.37,10.48,606
46.134,16.76,0.10,0.63,0.40,15.37,0.00,606
46.151,16.72,0.07,0.47,8.36,16.48,7.15,607
46.168,16.83,0.38,0.89,0.54,16.48,0.00,638
46.184,16.65,0.11,0.94,12.75,12.42,11.48,632
46.201,16.72,0.09,0.63,0.36,12.42,0.00,631
46.218,16.71,0.06,0.42,6.59,19.25,5.78,629
46.234,16.87,0.14,0.70,0.44,6.26,0.00,627
46.251,16.63,0.14,0.90,12.19,9.74,10.92,627
46.268,16.72,0.08,0.65,0.36,9.74,0.00,624
46.285,16.74,0.09,0.66,9.99,15.74,8.76,624
46.301,16.72,0.09,0.67,0.42,6.38,0.00,624
46.318,16.80,0.17,0.97,11.52,11.47,10.44,622
46.335,16.74,0.10,0.64,0.45,11.47,0.00,621
46.352,16.65,0.09,0.65,10.01,15.22,8.78,619
46.368,16.75,0.10,0.68,0.45,6.56,0.00,617
46.385,16.74,0.11,0.92,13.11,9.13,11.81,616
46.402,16.72,0.09,0.66,0.42,9.13,0.00,615
46.418,16.72,0.07,0.47,8.07,18.72,7.07,615
46.435,16.77,0.12,0.93,0.55,18.72,0.00,616
46.452,16.72,0.12,0.83,12.99,10.48,11.73,615
46.469,16.72,0.09,0.65,0.36,10.48,0.00,614
46.485,16.73,0.12,0.63,10.20,15.26,8.95,613
46.502,16.74,0.11,0.69,0.40,15.26,0.00,613
46.519,16.83,0.24,0.89,11.79,14.94,10.68,613
46.538,19.36,0.08,0.56,0.42,14.94,0.00,622
46.552,14.01,0.09,0.52,8.79,15.08,7.94,620
46.569,16.77,0.07,0.45,0.41,15.08,0.00,621
46.586,16.69,0.11,0.68,8.89,14.57,7.89,621
46.603,16.75,0.10,0.53,0.46,14.57,0.00,619
46.619,16.74,0.12,0.70,9.81,14.82,8.78,618
46.636,16.74,0.09,0.52,0.35,14.82,0.00,618
46.653,16.72,0.09,0.67,9.76,15.79,8.77,616
46.669,16.72,0.08,0.64,0.44,15.79,0.00,616
46.686,16.86,0.11,0.98,10.05,12.42,9.03,615
46.703,16.66,0.14,0.89,0.47,12.42,0.00,663
46.720,17.33,0.07,0.69,9.03,16.99,8.03,663
46.737,16.38,0.12,0.82,0.46,16.99,0.00,659
46.753,16.44,0.10,0.83,10.06,12.14,8.83,658
46.770,16.81,0.12,0.84,0.38,12.14,0.00,660
46.787,16.68,0.14,1.26,11.28,11.89,10.01,662
46.803,16.72,0.10,0.89,0.36,11.89,0.00,663
46.820,16.73,0.10,0.85,11.80,14.44,10.57,664
46.837,16.74,0.11,0.92,0.41,14.44,0.00,665
46.854,16.71,0.08,0.53,6.48,20.60,5.68,669
46.870,16.76,0.11,0.87,0.43,20.60,0.00,671
46.887,16.80,0.10,0.89,10.84,16.07,9.57,676
46.904,16.71,0.11,0.88,0.44,16.07,0.00,676
46.920,16.67,0.06,0.46,5.88,13.22,5.19,679
46.937,16.75,0.08,0.60,0.31,8.85,0.00,678
46.954,16.74,0.09,0.85,10.13,10.17,8.88,681
46.971,16.76,0.14,1.28,0.53,10.17,0.00,682
46.987,16.71,0.12,0.87,9.82,19.09,8.57,685
47.004,16.75,0.11,0.88,0.48,19.09,0.00,686
47.021,16.73,0.09,0.95,10.28,14.86,9.00,686
47.038,16.74,0.14,1.38,0.57,14.86,0.00,686
47.054,16.71,0.08,0.67,8.22,17.77,6.97,687
47.071,16.78,0.16,1.35,0.68,8.74,0.00,689
47.088,16.72,0.13,1.34,12.90,10.58,11.57,690
47.105,16.72,0.11,0.89,0.44,10.58,0.00,690
47.121,16.74,0.14,1.23,31.21,21.85,13.22,689
47.155,33.48,0.16,1.35,11.74,11.04,10.43,690
47.170,15.15,0.11,0.92,1.43,11.04,0.00,699
47.188,18.30,0.07,0.50,26.97,21.50,8.78,695
47.216,27.91,0.10,0.88,13.62,14.10,7.63,698
47.231,14.89,0.07,0.68,7.58,14.10,0.00,697
47.239,8.47,0.08,1.02,15.15,15.74,0.00,696
47.256,16.39,0.07,0.60,28.25,8.14,10.67,694
47.289,32.78,0.11,0.96,8.98,9.67,7.91,693
47.305,16.70,0.11,1.00,0.46,9.67,0.00,694
47.322,16.71,0.09,0.70,8.31,18.88,7.03,694
47.335,13.33,0.10,0.85,3.50,7.74,0.00,696
47.356,20.63,0.13,1.30,12.43,10.46,11.36,697
47.372,16.25,0.09,0.74,0.32,10.46,0.00,697
47.389,16.76,0.12,1.35,10.09,19.44,9.01,697
47.406,16.71,0.09,0.93,0.38,19.44,0.00,698
47.422,16.73,0.09,0.91,9.89,11.64,8.67,697
47.439,16.74,0.11,0.98,0.45,11.64,0.00,698
47.456,16.74,0.10,0.94,9.92,15.39,8.68,700
47.473,16.73,0.10,0.98,0.41,15.39,0.00,698
47.489,16.75,0.15,1.35,12.36,11.84,11.30,701
47.506,16.74,0.10,0.76,0.40,11.84,0.00,698
47.523,16.72,0.12,1.02,9.91,17.81,8.88,699
47.540,16.78,0.10,0.98,0.46,17.81,0.00,700
47.556,16.66,0.08,0.71,8.13,19.12,7.04,698
47.573,16.77,0.11,0.93,0.47,19.12,0.00,694
47.590,16.81,0.28,1.32,12.87,11.22,11.57,698
47.607,16.64,0.09,0.97,0.44,11.22,0.00,698
47.623,16.75,0.07,0.68,8.05,19.91,7.05,699
47.638,15.05,0.11,0.92,1.84,19.91,0.00,710
47.657,18.41,0.12,1.28,9.09,17.17,8.26,709
47.674,16.77,0.11,1.01,0.47,17.17,0.00,710
47.690,16.71,0.07,0.58,6.74,20.42,5.94,708
47.707,16.71,0.10,0.98,0.44,8.03,0.00,704
47.724,16.79,0.16,1.48,12.71,10.35,11.37,706
47.740,16.67,0.11,0.95,0.40,10.35,0.00,708
47.757,16.79,0.14,1.32,29.31,19.78,12.10,708
47.791,33.42,0.11,1.39,9.38,19.78,8.34,706
47.804,13.18,0.07,0.67,3.73,12.75,0.00,708
47.824,20.56,0.15,0.89,9.70,13.58,8.69,709
47.841,16.46,0.10,0.98,8.08,11.46,7.09,711
47.858,16.72,0.09,0.76,0.34,11.46,0.00,713
47.874,16.74,0.09,0.89,9.49,13.86,8.49,712
47.891,16.78,0.10,0.94,0.41,13.86,0.00,710
47.908,16.69,0.09,0.94,10.22,14.16,8.96,708
47.924,16.74,0.10,0.95,0.42,14.16,0.00,706
47.941,16.73,0.09,0.88,9.94,17.14,8.72,706
47.958,16.74,0.11,0.91,0.39,17.14,0.00,710
47.975,16.73,0.09,0.69,8.61,19.98,7.39,712
47.991,16.76,0.10,0.94,0.43,19.98,0.00,712
48.008,16.69,0.06,0.59,6.44,19.95,5.64,712
48.025,16.77,0.10,0.98,0.46,19.95,0.00,712
48.042,16.71,0.09,0.91,10.52,16.74,9.29,715
48.058,16.76,0.14,1.40,0.54,16.74,0.00,714
48.075,16.70,0.09,0.69,7.82,19.49,6.85,716
48.092,16.75,0.09,0.98,0.41,7.91,0.00,714
48.109,16.74,0.13,1.31,12.36,10.59,11.09,715
48.125,16.72,0.10,0.90,0.37,10.59,0.00,712
48.142,16.71,0.05,0.52,6.44,19.07,5.66,707
48.159,16.76,0.10,0.86,0.42,7.63,0.00,705
48.176,16.74,0.36,1.29,12.76,10.36,11.48,733
48.192,16.73,0.10,0.90,0.42,10.36,0.00,728
48.209,16.73,0.15,0.67,30.98,20.03,12.52,727
48.242,33.47,0.09,0.93,9.00,10.55,7.98,720
48.259,16.72,0.11,0.91,0.42,10.55,0.00,720
48.276,16.74,0.12,1.30,10.14,11.13,9.11,719
48.293,16.73,0.10,0.92,0.44,11.13,0.00,719
48.309,16.74,0.10,1.20,10.16,13.66,9.10,719
48.326,16.76,0.10,0.97,0.45,13.66,0.00,716
48.343,16.76,0.07,0.67,8.10,19.66,7.13,716
48.360,16.74,0.09,0.94,0.42,19.66,0.00,717
48.376,16.72,0.08,0.88,10.21,16.71,8.93,716
48.393,16.73,0.09,0.91,0.44,16.71,0.00,713
48.410,16.73,0.07,0.69,9.27,19.89,8.04,713
48.427,16.76,0.14,1.38,0.54,7.46,0.00,710
48.443,16.75,0.14,1.27,12.68,10.25,11.40,709
48.460,16.71,0.10,0.89,0.37,10.25,0.00,705
48.477,16.74,0.07,0.63,7.98,18.67,6.91,703
48.493,16.69,0.13,1.36,0.59,7.25,0.00,702
48.514,20.19,0.16,1.55,10.94,11.02,9.79,711
48.527,13.24,0.07,0.69,0.32,11.02,0.00,710
48.544,16.79,0.10,0.90,25.55,21.54,8.74,705
48.571,26.99,0.10,0.82,5.97,21.54,0.00,703
48.578,7.15,0.09,0.86,26.75,15.40,10.42,700
48.606,27.87,0.08,0.81,4.49,15.40,0.00,698
48.611,5.46,0.08,0.82,25.18,14.71,8.91,697
48.637,26.19,0.07,0.65,6.13,14.71,0.00,696
48.644,6.99,0.06,0.60,26.23,11.22,9.57,695
48.672,27.58,0.07,0.50,5.22,11.22,0.00,691
48.678,6.30,0.07,0.46,26.04,12.81,9.54,689
48.705,26.68,0.07,0.51,5.75,12.81,0.00,687
48.711,6.48,0.08,0.62,28.89,15.52,12.08,685
48.745,33.15,0.09,0.71,8.37,15.52,7.40,679
48.761,16.66,0.06,0.38,17.03,13.78,0.00,674
48.779,17.61,0.12,0.95,28.22,7.77,12.19,673
48.811,32.66,0.10,0.72,8.55,7.77,7.56,668
48.828,16.71,0.10,0.57,16.56,12.57,0.00,667
48.846,17.37,0.11,0.91,28.26,10.26,12.08,664
48.878,32.81,0.27,0.91,8.73,10.26,7.72,715
48.895,16.79,0.11,0.93,0.42,13.06,0.00,715
48.912,16.73,0.11,0.88,9.70,13.83,8.70,713
48.929,16.71,0.12,0.93,0.41,13.83,0.00,721
48.945,16.74,0.06,0.55,6.92,16.93,5.76,719
48.962,16.77,0.17,0.99,0.39,9.59,0.00,717
48.979,16.79,0.23,1.37,11.88,9.05,10.60,724
48.996,16.66,0.12,1.01,0.39,9.05,0.00,723
49.012,16.72,0.17,1.35,28.03,27.37,11.50,722
49.044,31.41,0.12,0.99,8.54,27.37,6.71,740
49.062,18.82,0.11,0.93,16.21,18.96,0.00,739
49.080,17.66,0.12,1.08,26.34,10.79,10.60,745
49.108,27.78,0.08,0.79,11.87,10.79,7.16,746
49.121,12.88,0.10,0.79,25.20,18.46,0.00,747
49.147,26.25,0.11,1.14,27.43,11.30,11.50,755
49.180,32.61,0.20,1.11,7.96,11.30,6.97,762
49.196,16.65,0.10,0.84,16.49,15.38,0.00,763
49.214,17.57,0.15,1.50,26.67,12.90,11.15,766
49.243,29.11,0.10,0.87,10.70,12.90,7.21,766
49.255,12.14,0.10,0.84,24.65,14.63,0.00,769
49.281,25.75,0.14,1.65,27.37,13.18,12.09,771
49.313,32.62,0.13,1.20,8.42,13.18,7.44,774
49.330,16.66,0.09,0.71,16.73,10.27,0.00,778
49.348,17.65,0.14,1.68,27.27,10.44,12.10,779
49.380,32.63,0.12,1.23,8.34,10.44,7.35,782
49.397,16.67,0.18,0.70,16.78,15.64,0.00,780
49.415,17.79,0.14,1.68,27.12,13.96,12.09,784
49.447,32.47,0.11,1.20,8.41,13.96,7.40,786
49.464,16.68,0.13,0.83,16.49,15.24,0.00,785
49.482,17.58,0.14,1.65,27.33,7.54,12.06,788
49.514,32.63,0.11,1.17,8.38,7.54,7.38,789
49.531,16.72,0.18,0.76,16.62,14.13,0.00,791
49.549,17.67,0.14,1.62,26.46,9.89,11.22,791
49.577,28.35,0.11,1.14,11.69,9.89,7.78,788
49.590,13.03,0.07,0.85,24.56,13.33,0.00,789
49.616,25.60,0.15,1.66,26.29,12.86,11.19,791
49.644,28.21,0.09,1.08,11.96,12.86,8.03,788
49.657,13.25,0.10,0.81,7.04,12.51,0.00,785
49.665,8.07,0.07,0.79,15.90,12.97,0.00,783
49.682,16.85,0.10,1.08,26.12,11.38,9.48,783
49.709,27.47,0.09,1.07,13.42,12.59,8.15,783
49.724,14.70,0.07,0.78,7.32,12.59,0.00,780
49.732,8.27,0.09,1.03,14.93,14.45,0.00,777
49.749,16.12,0.08,0.82,26.88,8.29,9.59,777
49.777,27.94,0.09,1.06,13.26,8.29,8.08,775
49.791,14.50,0.07,0.81,6.80,14.52,0.00,775
49.799,7.73,0.05,0.58,15.99,15.64,0.00,774
49.815,16.68,0.05,0.55,27.57,7.59,10.25,770
49.844,28.30,0.09,1.03,12.65,7.59,7.75,771
49.858,13.85,0.09,0.79,7.61,13.34,0.00,770
49.866,8.57,0.07,0.72,15.66,14.32,0.00,767
49.883,16.59,0.09,0.99,29.10,10.68,12.46,767
49.916,33.22,0.12,1.05,8.96,10.68,7.97,765
49.933,16.73,0.11,1.04,0.43,12.54,0.00,762
49.949,16.73,0.09,0.94,10.04,12.29,8.80,762
49.966,16.74,0.10,1.03,0.42,12.29,0.00,758
49.983,16.69,0.16,1.51,12.97,14.92,11.66,759
50.000,16.78,0.12,0.96,0.41,14.92,0.00,755
50.016,16.67,0.14,1.38,28.53,20.03,12.04,754
50.050,33.46,0.10,0.96,8.49,20.03,7.45,751
50.066,16.74,0.10,0.70,16.70,10.86,0.00,748
50.084,17.63,0.13,1.33,27.56,10.66,12.05,747
50.117,32.64,0.12,1.00,8.55,10.66,7.56,746
50.133,16.68,0.12,0.52,16.89,16.15,0.00,743
50.151,17.65,0.12,1.26,27.09,14.32,11.35,744
50.181,30.26,0.23,0.91,8.99,14.32,7.09,768
50.200,18.99,0.08,0.51,16.79,17.94,0.00,763
50.218,17.78,0.09,0.84,27.40,8.70,11.15,756
50.251,32.44,0.13,1.12,7.97,8.70,7.12,738
50.267,16.75,0.10,0.68,16.47,15.84,0.00,733
50.285,17.39,0.10,0.86,26.89,10.59,10.54,730
50.313,27.95,0.09,0.69,12.28,10.59,7.38,723
50.326,13.16,0.06,0.61,24.99,14.34,0.00,720
50.352,25.79,0.12,1.23,27.42,13.04,11.53,715
50.381,29.36,0.09,0.79,11.02,13.04,7.54,707
50.401,20.52,0.06,0.53,0.29,13.08,0.00,701
50.418,16.59,0.14,0.80,10.24,9.19,8.97,697
50.435,16.63,0.09,0.81,0.43,9.19,0.00,693
50.451,16.69,0.06,0.61,8.51,16.23,7.25,693
50.468,16.79,0.14,1.26,0.60,16.23,0.00,690
50.485,16.74,0.13,1.23,12.68,9.93,11.35,686
50.502,16.72,0.10,0.79,0.42,9.93,0.00,686
50.518,16.68,0.12,1.13,28.15,20.50,11.31,686
50.552,33.53,0.09,0.80,8.44,20.50,7.51,680
50.569,16.74,0.09,0.84,0.41,13.28,0.00,679
50.585,16.74,0.09,0.82,9.67,12.63,8.67,680
50.602,16.67,0.10,0.90,0.42,12.63,0.00,675
50.619,16.85,0.10,0.76,10.20,14.85,8.95,676
50.636,16.70,0.11,0.80,0.39,14.85,0.00,674
50.652,16.70,0.08,0.61,8.64,18.94,7.44,673
50.669,16.76,0.10,0.85,0.39,7.12,0.00,672
50.686,16.74,0.13,1.21,12.86,10.00,11.59,671
50.702,16.72,0.10,0.79,0.36,10.00,0.00,668
50.719,16.73,0.07,0.60,8.62,17.67,7.41,669
50.736,16.72,0.14,1.27,0.57,6.60,0.00,667
50.753,16.79,0.13,1.21,12.75,10.48,11.45,662
50.769,16.67,0.10,0.84,0.42,10.48,0.00,659
50.786,16.75,0.06,0.46,6.37,17.60,5.64,657
50.803,16.73,0.07,0.46,0.29,6.35,0.00,655
50.820,16.75,0.05,0.42,5.91,8.19,5.21,652
50.836,16.75,0.06,0.43,0.28,8.54,0.00,648
50.853,16.73,0.05,0.30,5.91,12.18,5.20,621
50.870,16.73,0.07,0.35,0.31,12.18,0.00,620
50.887,16.69,0.05,0.30,5.88,11.93,5.17,620
50.903,16.78,0.07,0.34,0.29,7.34,0.00,614
50.918,14.32,0.05,0.31,8.70,7.60,5.90,631
50.937,19.08,0.08,0.40,0.33,7.60,0.00,629
50.953,16.76,0.06,0.35,6.47,11.09,5.72,632
50.970,16.76,0.07,0.35,0.32,11.09,0.00,632
50.987,16.77,0.06,0.37,5.88,8.61,5.14,629
51.004,16.72,0.06,0.36,0.30,10.45,0.00,628
51.022,18.25,0.06,0.33,7.06,10.19,5.96,638
51.033,11.49,0.06,0.35,3.43,10.19,0.00,640
51.054,20.53,0.08,0.38,6.44,18.66,5.69,636
51.071,16.65,0.07,0.39,0.31,7.55,0.00,634
51.087,16.68,0.07,0.36,6.29,12.51,5.53,631
51.104,16.74,0.07,0.38,0.36,12.51,0.00,632
51.121,16.75,0.08,0.44,6.63,13.94,5.86,629
51.138,17.33,0.07,0.50,0.33,13.94,0.00,629
51.154,16.33,0.14,0.37,6.16,14.85,5.41,627
51.171,16.70,0.24,0.97,0.54,6.80,0.00,625
51.188,16.64,0.14,1.02,12.01,9.61,10.68,625
51.204,16.66,0.07,0.44,0.32,9.61,0.00,622
51.221,16.74,0.09,0.60,30.21,18.30,12.38,618
51.255,33.54,0.09,0.70,7.65,18.30,6.61,616
51.271,16.73,0.08,0.51,0.37,10.39,0.00,613
51.288,16.68,0.09,0.73,9.56,11.17,8.44,603
51.305,16.80,0.10,0.72,0.45,11.17,0.00,598
51.322,16.72,0.19,1.26,10.13,12.70,8.99,652
51.338,16.74,0.09,0.69,0.32,12.70,0.00,653
51.355,16.70,0.11,0.93,28.64,24.26,11.49,653
51.389,33.51,0.12,0.83,8.60,24.26,7.55,649
51.405,16.70,0.13,0.78,16.71,14.46,0.00,649
51.423,17.74,0.16,1.29,27.84,12.76,12.32,654
51.455,32.42,0.11,0.95,7.94,12.76,6.96,651
51.472,16.79,0.09,0.70,16.43,14.67,0.00,656
51.490,17.36,0.14,1.36,23.79,12.97,8.15,657
51.515,25.40,0.08,0.68,14.41,12.78,6.61,657
51.530,15.29,0.10,0.92,8.42,12.78,0.00,667
51.540,9.55,0.14,1.37,14.47,16.20,0.00,667
51.556,16.05,0.06,0.62,27.33,11.35,10.30,667
51.584,28.15,0.10,0.98,13.78,11.35,8.52,671
51.599,14.96,0.08,0.72,23.88,10.64,0.00,670
51.624,24.80,0.14,1.40,26.72,10.43,11.29,671
51.652,28.37,0.10,0.96,11.56,10.43,7.66,673
51.665,12.71,0.07,0.70,24.37,18.08,0.00,672
51.690,25.24,0.08,0.49,21.76,8.16,5.45,674
51.713,22.41,0.06,0.50,16.00,15.17,5.20,672
51.729,16.66,0.05,0.49,10.51,15.17,0.00,670
51.740,11.13,0.05,0.48,16.04,11.76,0.00,669
51.757,16.67,0.07,0.50,21.89,7.93,5.52,670
51.780,22.55,0.06,0.50,15.99,12.54,5.31,669
51.796,16.64,0.06,0.49,10.42,12.54,0.00,671
51.807,11.03,0.06,0.49,16.01,13.94,0.00,671
51.824,16.66,0.08,0.52,22.01,12.88,5.65,670
51.847,22.70,0.06,0.50,15.82,12.70,5.17,668
51.863,16.46,0.06,0.50,10.54,12.70,0.00,672
51.874,11.18,0.06,0.50,22.10,13.70,5.69,671
51.897,22.76,0.06,0.49,10.41,13.70,0.00,672
51.908,11.05,0.09,0.69,21.58,13.58,5.60,671
51.931,22.50,0.07,0.53,10.03,6.14,0.00,668
51.943,12.26,0.06,0.53,25.42,9.50,10.24,677
51.975,31.87,0.12,1.04,9.03,12.57,7.85,674
51.991,16.41,0.10,0.55,0.31,12.57,0.00,680
52.008,16.64,0.06,0.53,7.77,14.58,6.91,677
52.024,16.78,0.12,1.03,0.49,14.58,0.00,675
52.041,16.82,0.12,1.10,10.19,7.68,8.91,672
52.058,16.70,0.09,1.10,0.40,7.68,0.00,671
52.075,16.73,0.14,1.50,12.27,10.65,10.97,670
52.091,16.66,0.09,1.01,0.41,10.65,0.00,670
52.108,16.80,0.07,0.48,29.09,20.82,11.30,669
52.142,33.41,0.10,1.06,8.98,11.35,7.95,667
52.158,16.77,0.09,0.81,0.46,11.35,0.00,664
52.172,13.29,0.08,0.64,2.83,12.58,0.00,666
52.192,20.54,0.21,0.94,12.05,8.78,10.79,682
52.209,16.42,0.09,0.98,8.19,9.70,7.21,680
52.225,16.73,0.08,0.74,0.33,9.70,0.00,678
52.242,16.72,0.07,0.70,8.33,15.77,7.38,675
52.259,16.77,0.10,0.93,0.39,6.11,0.00,675
52.276,16.71,0.15,1.37,10.46,9.13,9.41,677
52.292,16.77,0.10,1.02,0.42,9.13,0.00,677
52.309,16.68,0.07,0.74,9.12,14.46,7.91,669
52.326,16.79,0.10,1.00,0.41,14.46,0.00,661
52.343,16.75,0.13,1.40,11.02,8.09,9.76,653
52.359,16.70,0.11,0.95,0.44,8.09,0.00,650
52.376,16.76,0.08,0.58,7.53,19.40,6.31,649
52.393,16.75,0.10,0.94,0.44,19.40,0.00,650
52.409,16.67,0.09,0.90,12.04,11.18,10.81,649
52.426,16.80,0.09,0.94,0.42,11.18,0.00,643
52.443,16.72,0.09,0.85,11.85,15.30,10.60,639
52.460,16.74,0.09,0.92,0.39,15.30,0.00,640
52.476,16.66,0.06,0.45,11.09,19.69,9.87,638
52.493,16.80,0.07,0.74,0.31,19.69,0.00,640
52.510,16.75,0.08,0.88,11.87,10.97,10.61,638
52.527,16.73,0.09,0.91,0.41,10.97,0.00,636
52.545,18.68,0.07,0.52,8.74,18.63,7.48,646
52.560,14.81,0.10,1.02,0.38,18.63,0.00,647
52.577,16.73,0.09,0.87,11.25,11.15,10.23,645
52.594,16.69,0.09,0.96,0.44,11.15,0.00,644
52.610,16.82,0.20,0.93,9.50,15.36,8.46,644
52.627,16.70,0.11,0.95,0.55,15.36,0.00,643
52.644,16.67,0.14,1.47,10.23,10.60,9.02,642
52.660,16.78,0.11,0.96,0.42,10.60,0.00,638
52.677,16.70,0.07,0.71,8.94,15.01,7.56,637
52.694,16.78,0.10,1.00,0.43,15.01,0.00,635
52.708,13.56,0.13,1.23,13.86,8.99,10.67,636
52.728,20.19,0.11,0.86,0.42,8.99,0.00,637
52.744,16.39,0.13,1.18,29.10,20.11,12.02,636
52.778,33.52,0.09,0.86,8.54,20.11,7.44,630
52.794,16.65,0.08,0.62,16.81,13.99,0.00,626
52.812,17.63,0.11,1.16,27.99,7.96,12.18,620
52.845,32.66,0.09,0.86,8.62,7.96,7.54,613
52.861,16.64,0.06,0.41,16.70,12.30,0.00,611
52.878,17.30,0.11,1.12,28.57,7.02,12.34,612
52.911,33.01,0.09,0.79,8.43,7.02,7.29,608
52.928,16.66,0.09,0.68,0.37,12.14,0.00,610
52.945,16.83,0.08,0.73,9.44,9.65,8.32,609
52.962,16.70,0.08,0.77,0.41,9.65,0.00,608
52.978,16.73,0.08,0.96,9.98,12.22,8.84,609
52.995,16.81,0.10,0.79,0.44,12.22,0.00,608
53.012,16.66,0.08,0.78,10.18,14.93,8.82,608
53.029,16.74,0.09,0.85,0.40,14.93,0.00,609
53.045,16.77,0.11,1.25,11.34,9.66,9.95,605
53.062,16.71,0.09,0.85,0.43,9.66,0.00,605
53.079,16.76,0.07,0.63,9.01,15.06,7.88,605
53.096,16.72,0.09,0.83,0.44,15.06,0.00,606
53.112,16.74,0.12,1.17,11.50,8.66,10.10,603
53.129,16.71,0.09,0.79,0.40,8.66,0.00,605
53.146,16.74,0.06,0.52,6.99,18.44,6.06,603
53.163,16.79,0.10,0.81,0.40,18.44,0.00,604
53.179,16.69,0.13,1.20,12.94,9.77,11.54,604
53.196,16.72,0.08,0.79,0.39,9.77,0.00,601
53.213,16.80,0.09,0.74,11.37,15.72,10.24,598
53.229,16.69,0.10,0.80,0.40,15.72,0.00,601
53.246,16.71,0.07,0.60,11.38,17.95,10.04,601
53.263,16.74,0.08,0.88,0.39,17.95,0.00,599
53.280,16.76,0.06,0.66,11.45,17.61,10.13,601
53.296,16.70,0.08,0.59,0.37,17.61,0.00,601
53.313,16.76,0.12,0.92,13.30,10.47,11.90,599
53.330,16.71,0.07,0.63,0.37,10.47,0.00,597
53.347,16.68,0.06,0.43,11.41,17.21,10.07,596
53.363,16.78,0.10,0.61,0.39,17.21,0.00,595
53.380,16.76,0.13,0.90,11.05,10.42,9.85,591
53.399,19.26,0.11,0.63,0.47,10.42,0.00,611
53.413,14.12,0.09,0.66,8.80,11.84,7.76,611
53.430,16.77,0.06,0.41,0.38,6.88,0.00,607
53.447,16.72,0.08,0.64,9.52,9.27,8.49,605
53.464,16.79,0.08,0.48,0.37,9.27,0.00,603
53.480,16.74,0.06,0.44,9.42,12.67,8.37,602
53.497,16.70,0.08,0.69,0.48,12.67,0.00,599
53.514,16.76,0.13,0.97,10.11,10.08,9.06,602
53.531,16.72,0.09,0.69,0.43,10.08,0.00,596
53.547,16.75,0.19,0.90,10.12,11.68,9.00,596
53.560,13.08,0.07,0.45,3.57,11.68,0.00,596
53.581,20.68,0.09,0.57,10.17,16.78,8.87,595
53.598,16.42,0.08,0.66,0.43,16.78,0.00,595
53.614,16.73,0.07,0.56,10.04,15.92,8.80,587
53.631,16.75,0.09,0.71,0.42,15.92,0.00,586
53.648,16.73,0.08,0.68,11.52,15.22,10.25,586
53.665,16.75,0.08,0.66,0.41,15.22,0.00,588
53.681,16.72,0.07,0.49,10.44,17.41,9.22,587
53.698,16.81,0.13,0.97,0.54,5.61,0.00,586
53.718,19.86,0.12,1.19,7.72,10.51,6.38,598
53.731,13.55,0.07,0.47,0.37,10.51,0.00,600
53.748,16.70,0.08,0.73,12.05,15.45,10.63,600
53.765,16.72,0.09,0.67,0.43,15.45,0.00,599
53.782,16.81,0.10,0.63,10.44,13.17,9.09,603
53.798,16.75,0.09,0.70,0.43,13.17,0.00,605
53.815,16.71,0.22,0.95,10.93,10.53,9.64,604
53.832,16.72,0.10,0.73,0.41,10.53,0.00,604
53.849,16.70,0.06,0.49,9.04,18.30,7.67,604
53.865,16.77,0.14,1.03,0.56,18.30,0.00,604
53.882,16.76,0.13,1.02,11.96,11.39,10.58,604
53.899,16.71,0.09,0.71,0.41,11.39,0.00,600
53.916,17.58,0.16,0.60,10.08,15.21,8.92,599
53.933,16.19,0.08,0.64,0.43,15.21,0.00,600
53.949,16.50,0.08,0.49,8.94,17.28,7.58,599
53.966,16.68,0.09,0.67,0.46,17.28,0.00,598
53.983,16.73,0.10,0.91,12.28,15.26,11.04,647
53.999,16.67,0.10,0.99,0.44,15.26,0.00,649
54.016,16.81,0.15,1.22,29.40,22.90,12.77,649
54.049,33.47,0.11,0.92,7.97,22.90,7.00,650
54.066,16.71,0.11,0.69,16.82,13.15,0.00,647
54.084,17.75,0.12,1.28,27.60,12.88,12.07,645
54.116,32.48,0.12,0.92,8.46,12.88,7.47,651
54.133,16.71,0.10,0.63,16.76,11.76,0.00,649
54.151,17.62,0.12,1.33,27.64,11.00,12.07,648
54.183,32.62,0.12,0.90,8.32,11.00,7.34,642
54.200,16.69,0.22,0.86,16.24,18.42,0.00,695
54.217,17.46,0.13,1.30,27.79,8.52,12.05,695
54.250,32.80,0.10,1.03,8.47,8.52,7.48,696
54.267,16.66,0.09,0.76,15.92,17.95,0.00,695
54.284,16.83,0.05,1.29,28.20,8.53,11.71,695
54.315,31.33,0.11,0.96,8.92,8.53,7.11,706
54.334,18.85,0.10,0.81,16.32,18.24,0.00,705
54.352,17.80,0.10,0.94,25.36,11.53,9.71,705
54.378,26.66,0.07,0.71,12.76,11.53,6.96,704
54.392,13.66,0.07,0.71,8.23,14.40,0.00,702
54.401,9.12,0.05,0.47,16.30,13.16,0.00,701
54.418,16.96,0.08,0.63,27.45,10.15,10.93,701
54.446,28.26,0.09,0.92,12.68,10.36,8.21,699
54.460,13.78,0.07,0.73,7.28,10.36,0.00,699
54.468,8.15,0.08,0.92,15.16,14.02,0.00,699
54.485,16.24,0.07,0.74,26.75,9.25,9.84,701
54.512,27.70,0.09,0.94,14.63,11.65,8.80,701
54.529,16.36,0.08,0.68,5.73,11.65,0.00,702
54.536,7.01,0.08,0.88,14.79,13.11,0.00,701
54.552,15.86,0.07,0.76,27.08,8.01,10.26,704
54.580,28.02,0.08,0.90,13.76,13.85,8.21,707
54.594,14.87,0.09,0.93,6.48,13.85,0.00,709
54.602,7.63,0.08,0.87,15.59,13.47,0.00,708
54.619,16.68,0.09,0.94,27.93,6.22,11.29,708
54.652,33.22,0.12,1.06,8.77,12.33,7.73,708
54.669,16.71,0.13,0.98,0.42,12.33,0.00,711
54.685,16.75,0.07,0.67,8.37,19.52,7.19,714
54.702,16.75,0.10,0.99,0.40,19.52,0.00,714
54.719,16.72,0.07,0.70,8.38,18.50,7.16,715
54.736,16.76,0.10,1.01,0.40,7.68,0.00,710
54.752,16.74,0.14,1.36,12.60,12.00,11.31,714
54.769,16.79,0.12,0.87,0.36,12.00,0.00,714
54.786,16.63,0.05,0.58,7.17,19.16,5.96,715
54.803,16.78,0.10,1.01,0.42,7.50,0.00,716
54.819,16.74,0.14,1.35,12.88,9.80,11.58,711
54.836,16.72,0.11,0.95,0.40,9.80,0.00,714
54.853,16.65,0.05,0.44,29.78,18.70,12.05,718
54.886,33.56,0.10,0.91,8.51,18.70,7.53,718
54.903,16.64,0.06,0.46,16.77,10.22,0.00,721
54.920,17.43,0.11,1.29,27.83,9.70,12.06,714
54.953,32.89,0.11,0.95,8.61,9.70,7.60,718
54.970,16.66,0.08,0.51,16.71,14.44,0.00,717
54.987,17.44,0.11,1.30,27.43,13.35,11.66,719
55.020,32.83,0.11,0.95,8.10,13.35,7.10,718
55.037,16.64,0.06,0.48,16.84,14.36,0.00,715
55.054,17.51,0.12,1.26,28.01,7.30,12.29,715
55.087,32.79,0.10,0.99,8.43,7.30,7.43,714
55.104,16.66,0.11,0.66,16.85,13.08,0.00,716
55.121,17.73,0.11,1.27,26.78,10.21,11.29,715
55.150,28.26,0.09,0.86,11.67,10.21,7.59,714
55.162,12.71,0.15,0.71,7.38,13.63,0.00,746
55.171,8.29,0.05,0.66,16.17,11.67,0.00,746
55.188,17.02,0.09,0.97,26.22,11.14,9.93,748
55.215,27.41,0.08,0.96,15.30,10.72,9.40,752
55.232,16.45,0.08,0.97,5.11,10.72,0.00,751
55.238,6.24,0.11,0.94,15.34,14.17,0.00,750
55.254,16.49,0.06,0.64,27.17,9.74,10.18,750
55.282,27.99,0.09,1.01,13.80,12.96,8.61,749
55.297,14.98,0.06,0.74,6.93,12.96,0.00,751
55.305,7.85,0.08,0.98,15.22,13.46,0.00,749
55.322,16.44,0.08,0.95,28.86,9.62,12.29,750
55.355,33.24,0.12,1.07,7.86,9.62,6.87,748
55.371,16.67,0.08,0.74,16.76,14.88,0.00,748
55.389,17.72,0.12,1.47,27.57,8.87,12.20,749
55.422,32.55,0.10,1.09,8.38,8.87,7.40,747
55.438,16.66,0.11,0.71,16.68,14.45,0.00,749
55.456,17.62,0.11,1.44,27.56,9.17,12.14,746
55.489,32.64,0.10,1.05,8.33,9.17,7.33,743
55.505,16.71,0.10,0.70,16.72,12.59,0.00,745
55.523,17.66,0.12,1.42,27.77,11.61,12.20,744
55.556,32.59,0.10,1.06,9.02,12.27,7.92,743
55.572,16.74,0.09,1.06,0.41,12.27,0.00,742
55.589,16.72,0.08,0.74,8.92,14.35,7.67,743
55.606,16.75,0.09,1.08,0.42,5.89,0.00,740
55.623,16.76,0.13,1.50,12.34,8.15,11.32,739
55.639,16.71,0.07,0.78,0.39,8.15,0.00,739
55.656,16.64,0.05,0.48,27.83,22.81,10.02,739
55.686,30.20,0.09,0.98,10.61,22.81,7.29,746
55.698,11.96,0.06,0.69,24.36,12.41,0.00,744
55.724,25.56,0.09,1.05,26.06,12.58,10.40,745
55.751,27.40,0.05,0.52,29.92,13.83,7.62,745
55.790,38.92,0.14,1.91,10.39,13.72,9.18,740
55.807,16.63,0.12,1.08,16.10,13.60,0.00,737
55.824,17.43,0.12,1.32,27.45,13.07,11.62,727
55.857,32.80,0.09,1.04,8.77,13.07,7.63,724
55.874,17.45,0.11,1.22,7.99,12.80,6.89,716
55.890,16.12,0.06,0.81,0.34,12.80,0.00,716
55.907,16.66,0.10,0.99,0.37,12.32,0.00,712
55.924,17.07,0.12,1.42,9.80,12.56,8.59,701
55.941,16.40,0.07,0.73,0.35,12.56,0.00,698
55.957,16.74,0.08,0.75,9.61,17.07,8.51,694
55.974,16.66,0.08,0.73,0.43,17.07,0.00,691
55.991,16.85,0.14,1.12,10.17,9.73,9.02,689
56.008,16.70,0.09,0.75,7.65,10.75,6.59,686
56.024,16.73,0.07,0.63,0.37,10.75,0.00,687
56.041,16.69,0.13,1.07,10.17,13.24,8.98,687
56.058,16.81,0.20,0.76,0.46,13.24,0.00,684
56.074,16.74,0.08,0.99,10.02,13.42,8.85,683
56.091,16.71,0.11,0.73,0.40,13.42,0.00,680
56.108,16.75,0.12,1.10,12.22,14.30,11.12,679
56.125,16.70,0.09,0.74,0.33,14.30,0.00,733
56.141,16.73,0.07,0.72,8.44,23.33,7.39,734
56.158,16.75,0.10,1.01,0.45,23.33,0.00,733
56.175,16.72,0.06,0.55,6.70,9.79,5.82,729
56.192,16.75,0.08,0.71,0.32,9.79,0.00,722
56.207,14.99,0.21,1.01,0.63,12.82,0.00,749
56.225,18.52,0.26,1.88,11.04,9.91,10.03,749
56.242,16.70,0.12,1.06,8.43,9.91,7.29,745
56.258,16.68,0.11,0.85,0.34,12.23,0.00,746
56.275,16.78,0.06,0.57,8.28,20.49,7.04,743
56.292,16.78,0.11,1.03,0.55,8.44,0.00,741
56.309,16.70,0.10,1.02,9.45,11.13,8.38,738
56.325,16.73,0.08,0.81,0.43,11.13,0.00,737
56.342,16.79,0.15,1.49,9.67,19.81,8.55,735
56.359,16.71,0.10,1.02,0.41,19.81,0.00,735
56.372,13.18,0.10,0.92,2.58,14.07,0.00,733
56.393,20.82,0.22,1.66,11.91,10.07,10.70,731
56.409,16.20,0.08,0.78,7.56,10.07,6.53,730
56.426,16.64,0.09,0.74,16.54,18.39,0.00,729
56.443,17.46,0.09,0.96,28.15,14.96,12.07,730
56.476,32.81,0.11,1.01,8.47,14.96,7.42,716
56.493,16.66,0.08,0.64,16.72,17.70,0.00,714
56.510,17.56,0.13,1.44,27.55,9.80,12.03,712
56.543,32.73,0.11,1.01,8.39,9.80,7.33,710
56.560,16.66,0.08,0.62,16.88,14.84,0.00,711
56.577,17.72,0.13,1.45,27.91,9.37,12.55,710
56.610,32.57,0.10,1.04,8.04,9.37,6.95,704
56.627,16.72,0.08,0.76,0.33,13.65,0.00,702
56.643,16.77,0.09,0.96,8.95,11.64,7.88,701
56.660,16.70,0.09,0.97,0.39,11.64,0.00,700
56.677,16.75,0.12,1.41,9.74,12.86,8.56,697
56.694,16.80,0.12,0.97,0.53,12.86,0.00,693
56.710,16.68,0.13,1.46,12.36,16.23,11.12,689
56.727,16.74,0.08,0.88,0.42,16.23,0.00,669
56.744,16.70,0.06,0.68,9.30,16.66,8.27,669
56.761,16.76,0.10,0.87,0.39,16.66,0.00,671
56.777,16.81,0.18,1.30,12.24,9.87,11.12,668
56.794,16.64,0.08,0.69,0.32,9.87,0.00,669
56.811,16.67,0.05,0.47,5.66,13.80,4.89,669
56.827,16.72,0.07,0.61,0.29,10.44,0.00,667
56.844,16.83,0.12,1.36,12.91,7.11,11.54,665
56.861,16.71,0.09,0.89,0.38,7.11,0.00,663
56.878,16.72,0.05,0.47,5.75,13.19,4.97,664
56.894,16.75,0.08,0.70,0.32,9.12,0.00,663
56.911,16.76,0.11,1.36,12.79,7.97,11.46,663
56.928,16.71,0.09,0.89,0.38,7.97,0.00,664
56.945,16.75,0.08,0.89,9.44,20.83,8.38,664
56.961,16.72,0.09,0.90,0.36,20.83,0.00,663
56.978,16.75,0.12,1.31,10.66,9.93,9.56,660
56.995,16.72,0.08,0.87,0.37,9.93,0.00,658
57.012,16.76,0.12,1.35,10.97,17.81,9.53,660
57.028,16.65,0.10,0.90,0.39,17.81,0.00,659
57.048,20.03,0.10,0.90,9.63,13.61,8.44,667
57.062,13.47,0.08,0.76,0.41,13.61,0.00,668
57.078,16.76,0.05,0.46,7.88,19.31,6.72,668
57.095,16.73,0.09,0.77,0.34,8.01,0.00,667
57.112,16.82,0.16,1.29,9.24,9.16,8.18,668
57.129,16.66,0.08,0.67,0.42,9.16,0.00,668
57.145,16.71,0.10,0.87,10.08,16.17,8.90,668
57.162,16.75,0.08,0.65,0.37,16.17,0.00,668
57.179,16.72,0.11,1.11,9.23,13.82,8.17,710
57.196,16.71,0.10,1.20,0.43,13.82,0.00,710
57.213,17.64,0.30,1.87,8.10,16.36,6.90,711
57.229,16.22,0.11,1.09,0.40,16.36,0.00,713
57.246,16.38,0.16,1.70,10.90,19.18,9.55,717
57.263,16.74,0.08,1.07,0.42,19.18,0.00,714
57.279,16.64,0.06,0.56,5.69,13.68,4.95,714
57.296,16.75,0.18,1.67,0.50,24.60,0.00,716
57.313,16.74,0.06,0.65,11.47,13.78,10.18,717
57.330,16.77,0.12,1.10,0.38,13.78,0.00,718
57.346,16.76,0.12,1.06,11.94,16.98,10.61,722
57.363,16.64,0.10,1.09,0.36,16.98,0.00,721
57.380,16.82,0.14,1.56,27.74,23.22,11.25,722
57.413,33.39,0.11,1.12,8.92,23.22,7.86,726
57.430,16.73,0.10,1.07,0.44,14.90,0.00,727
57.447,16.79,0.08,0.87,9.13,13.74,7.82,728
57.463,16.75,0.11,1.18,0.36,6.95,0.00,729
57.480,16.75,0.15,1.63,12.02,9.08,10.87,721
57.497,16.73,0.08,0.82,0.36,9.08,0.00,722
57.514,16.72,0.08,0.81,8.13,12.79,6.87,723
57.530,16.72,0.10,1.12,0.37,24.56,0.00,721
57.547,16.75,0.10,1.10,12.13,10.45,10.82,721
57.564,16.74,0.11,1.08,0.40,10.45,0.00,719
57.580,16.68,0.14,1.60,11.82,13.98,10.81,722
57.597,16.77,0.07,0.83,0.35,13.98,0.00,723
57.614,16.78,0.10,1.65,9.47,15.84,8.43,724
57.631,16.72,0.08,0.86,0.34,15.84,0.00,725
57.647,16.71,0.09,1.56,9.76,18.36,8.72,731
57.664,16.77,0.08,1.08,0.40,18.36,0.00,729
57.681,16.70,0.09,1.05,9.40,19.41,8.40,728
57.698,16.75,0.10,1.10,0.40,19.41,0.00,731
57.714,16.70,0.10,1.11,9.30,11.71,8.30,732
57.731,16.73,0.14,1.14,0.40,11.71,0.00,733
57.750,19.39,0.35,1.18,9.15,16.45,8.06,745
57.765,14.11,0.08,0.92,0.32,16.45,0.00,743
57.781,16.81,0.11,1.01,9.90,14.58,8.83,744
57.798,16.60,0.09,0.85,0.39,14.58,0.00,744
57.815,16.78,0.10,1.09,7.96,17.04,6.61,743
57.831,16.71,0.13,1.21,0.42,7.56,0.00,742
57.848,16.75,0.14,1.68,12.04,9.56,10.89,743
57.865,16.73,0.07,0.82,0.35,9.56,0.00,743
57.882,16.73,0.06,0.64,7.07,13.59,5.80,745
57.898,16.74,0.10,1.13,0.43,9.64,0.00,746
57.915,16.68,0.13,1.64,10.67,7.73,9.52,744
57.933,17.63,0.11,1.47,0.47,7.73,0.00,744
57.949,16.20,0.10,1.07,9.38,19.93,8.30,749
57.965,16.43,0.08,0.87,0.38,19.93,0.00,749
57.982,16.74,0.09,1.13,9.95,20.04,8.65,751
57.999,16.73,0.12,1.10,0.40,20.04,0.00,751
58.016,16.76,0.10,1.04,9.86,20.13,8.55,755
58.032,16.64,0.10,1.14,0.41,20.13,0.00,756
58.049,16.82,0.15,1.65,12.08,17.43,10.95,757
58.066,16.64,0.08,0.87,0.32,17.43,0.00,757
58.083,16.79,0.05,0.56,5.64,13.68,4.88,759
58.099,16.76,0.12,1.00,0.40,7.77,0.00,762
58.116,16.75,0.14,1.37,12.92,9.93,11.56,762
58.133,16.70,0.10,0.92,0.37,9.93,0.00,764
58.149,16.73,0.09,0.93,10.22,19.04,9.00,767
58.166,16.78,0.10,0.90,0.40,19.04,0.00,767
58.183,16.71,0.14,1.20,11.92,11.32,10.91,767
58.200,16.72,0.09,0.84,0.37,11.32,0.00,768
58.216,16.77,0.20,0.85,9.40,17.91,8.44,784
58.233,16.72,0.14,0.89,0.38,17.91,0.00,786
58.250,16.74,0.14,1.33,9.54,11.47,8.54,784
58.267,16.72,0.09,0.92,0.40,11.47,0.00,785
58.283,16.75,0.14,1.35,9.58,11.48,8.55,785
58.300,16.71,0.10,0.88,0.35,11.48,0.00,788
58.317,16.75,0.15,1.36,9.77,13.73,8.75,788
58.331,14.35,0.09,0.69,2.38,13.73,0.00,799
58.350,19.04,0.13,0.84,7.77,21.59,6.91,799
58.367,16.78,0.09,0.75,0.41,21.59,0.00,800
58.384,16.74,0.07,0.84,8.23,20.63,7.26,800
58.401,16.80,0.13,0.73,0.42,20.63,0.00,800
58.417,16.73,0.12,1.01,9.46,18.16,8.45,796
58.434,16.68,0.09,0.72,0.36,18.16,0.00,795
58.451,16.74,0.11,0.89,10.05,21.05,9.03,794
58.467,16.70,0.09,0.90,0.38,21.05,0.00,794
58.484,16.79,0.13,0.98,9.84,11.76,8.56,795
58.502,17.47,0.10,1.10,0.47,11.76,0.00,793
58.518,16.26,0.09,0.88,9.00,15.77,8.00,790
58.534,16.48,0.08,0.74,0.33,15.77,0.00,782
58.551,16.70,0.09,1.24,9.64,12.09,8.62,780
58.568,16.74,0.09,0.95,0.40,12.09,0.00,771
58.585,16.73,0.10,0.91,8.76,16.20,7.80,766
58.601,16.75,0.10,0.94,0.39,16.20,0.00,760
58.618,16.78,0.21,1.30,11.95,10.86,10.93,758
58.635,16.67,0.07,0.72,0.34,10.86,0.00,753
58.651,16.72,0.06,0.54,6.72,14.05,5.53,748
58.668,16.76,0.07,0.72,0.35,23.57,0.00,747
58.685,16.72,0.08,0.85,10.83,11.68,9.61,743
58.702,16.70,0.14,1.35,0.57,11.68,0.00,741
58.718,16.79,0.14,1.31,12.38,10.49,11.32,739
58.735,16.72,0.09,0.82,0.40,10.49,0.00,736
58.752,16.73,0.09,0.90,10.48,20.37,9.49,733
58.769,16.70,0.09,0.95,0.41,20.37,0.00,732
58.785,16.69,0.09,0.85,9.28,17.57,8.31,728
58.802,16.81,0.10,0.98,0.43,17.57,0.00,724
58.819,16.72,0.09,1.17,10.01,15.61,8.94,723
58.836,16.73,0.09,0.94,0.43,15.61,0.00,722
58.852,16.75,0.13,1.26,11.53,17.03,10.54,720
58.869,16.71,0.07,0.69,0.38,17.03,0.00,718
58.886,16.75,0.14,1.22,9.62,14.47,8.61,713
58.903,16.73,0.10,0.89,0.39,14.47,0.00,710
58.919,16.71,0.15,1.31,9.94,14.68,8.92,709
58.936,16.76,0.09,0.91,0.38,14.68,0.00,708
58.953,16.75,0.14,1.31,11.68,10.62,10.68,707
58.969,16.72,0.10,0.86,0.41,10.62,0.00,706
58.986,16.73,0.08,1.21,9.65,15.36,8.65,702
59.003,16.74,0.09,0.92,0.38,15.36,0.00,698
59.020,16.73,0.09,0.84,9.36,10.27,8.39,698
59.036,16.74,0.09,0.87,0.43,10.27,0.00,697
59.053,16.75,0.14,1.27,9.65,9.56,8.41,694
59.070,16.73,0.09,0.88,0.43,9.56,0.00,690
59.087,16.74,0.13,1.25,12.36,12.38,11.29,689
59.103,16.72,0.08,0.62,0.35,12.38,0.00,686
59.120,16.66,0.09,0.81,10.20,19.35,9.07,681
59.137,16.76,0.10,0.88,0.39,19.35,0.00,680
59.154,16.79,0.13,0.86,12.37,16.31,11.35,625
59.170,16.76,0.07,0.48,0.29,16.31,0.00,626
59.187,16.68,0.09,0.59,9.36,18.93,8.38,623
59.204,16.73,0.11,0.68,0.43,6.59,0.00,619
59.224,20.16,0.14,0.84,9.61,9.55,8.52,629
59.237,13.31,0.09,0.46,0.29,9.55,0.00,628
59.254,16.75,0.07,0.35,8.58,17.71,7.57,625
59.271,16.69,0.11,0.50,0.37,6.27,0.00,623
59.287,16.73,0.14,0.88,9.78,10.13,8.74,623
59.304,16.71,0.07,0.39,0.34,10.13,0.00,621
59.324,20.39,0.10,0.56,9.30,13.86,8.24,627
59.335,10.54,0.07,0.42,2.31,13.86,0.00,624
59.354,19.31,0.09,0.56,9.11,17.90,8.11,621
59.371,16.70,0.06,0.33,0.31,17.90,0.00,619
59.388,16.80,0.12,0.89,9.68,10.69,8.66,618
59.405,16.73,0.07,0.48,0.35,10.69,0.00,616
59.421,16.74,0.10,0.67,9.57,12.95,8.56,613
59.438,16.70,0.09,0.64,0.41,12.95,0.00,613
59.455,16.79,0.23,0.85,10.12,13.37,9.05,613
59.472,17.40,0.10,0.64,0.41,13.37,0.00,607
59.488,16.09,0.22,0.80,11.90,17.14,10.93,607
59.505,16.72,0.08,0.60,0.40,17.14,0.00,604
59.522,16.72,0.11,0.77,9.51,19.39,8.55,662
59.538,16.74,0.10,0.85,0.37,19.39,0.00,663
59.555,16.68,0.17,1.20,10.91,22.03,9.88,661
59.572,16.79,0.08,0.64,0.29,22.03,0.00,657
59.589,16.74,0.10,0.77,10.88,14.34,9.91,656
59.605,16.74,0.10,0.83,0.35,14.34,0.00,653
59.622,16.78,0.10,0.77,9.70,19.87,8.50,651
59.639,16.69,0.10,0.84,0.36,19.87,0.00,649
59.656,16.75,0.28,1.17,12.64,15.05,11.36,647
59.672,16.72,0.11,0.79,0.38,15.05,0.00,645
59.689,16.73,0.08,0.61,7.99,17.71,6.81,643
59.706,16.74,0.10,0.86,0.38,17.71,0.00,642
59.723,16.75,0.14,1.21,12.80,10.45,11.54,640
59.739,16.65,0.10,0.84,0.40,10.45,0.00,638
59.756,16.78,0.22,0.99,29.41,26.96,12.23,635
59.789,33.52,0.14,0.89,7.82,26.96,7.01,634
59.806,16.64,0.08,0.61,16.73,17.36,0.00,632
59.824,17.50,0.09,0.80,27.42,8.12,11.17,630
59.852,28.41,0.09,0.79,11.84,8.12,7.66,629
59.865,12.78,0.07,0.58,24.80,16.53,0.00,627
59.890,25.60,0.14,1.17,28.09,10.18,12.09,628
59.923,32.91,0.11,0.84,8.38,10.18,7.41,625
59.940,16.68,0.10,0.62,16.37,13.37,0.00,625
59.957,17.27,0.13,1.18,28.04,10.48,12.00,622
59.990,32.99,0.11,0.81,8.41,10.48,7.42,624
60.007,16.73,0.09,0.83,0.43,12.63,0.00,623
60.024,16.75,0.16,1.17,10.55,9.18,9.30,622
60.040,16.72,0.09,0.81,0.43,9.18,0.00,625
60.057,16.75,0.13,1.28,11.86,15.42,10.83,627
60.074,16.75,0.08,0.61,0.32,15.42,0.00,628
60.091,16.71,0.09,0.84,9.49,15.51,8.52,629
60.107,16.72,0.09,0.81,7.64,10.18,6.70,628
60.124,16.76,0.08,0.62,0.33,10.18,0.00,628
60.141,16.79,0.16,1.14,9.61,10.79,8.56,628
60.158,16.66,0.09,0.86,0.40,10.79,0.00,630
60.174,16.73,0.08,0.77,8.96,16.68,8.03,633
60.191,16.73,0.09,0.75,0.38,16.68,0.00,633
60.206,14.86,0.09,0.71,1.60,12.95,0.00,644
60.225,18.59,0.42,1.62,9.17,10.57,8.35,666
60.241,16.72,0.11,0.86,8.24,10.65,7.24,665
60.258,16.70,0.09,0.68,0.33,10.65,0.00,664
60.275,16.75,0.09,0.84,7.98,17.47,7.22,665
60.291,16.78,0.12,0.96,0.42,17.47,0.00,665
60.308,16.68,0.14,1.35,10.53,17.99,9.31,666
60.325,16.74,0.08,0.67,0.31,17.99,0.00,666
60.342,16.79,0.14,1.00,9.78,12.89,8.64,665
60.355,13.29,0.09,0.60,2.95,12.89,0.00,667
60.375,20.41,0.09,0.78,9.81,17.62,8.74,665
60.392,16.49,0.09,0.85,0.39,17.62,0.00,663
60.409,16.69,0.13,1.22,9.92,11.80,8.82,664
60.425,16.77,0.09,0.84,0.35,11.80,0.00,662
60.442,16.75,0.12,1.29,10.70,15.57,9.35,665
60.459,16.73,0.13,0.79,0.39,15.57,0.00,666
60.476,16.72,0.08,0.80,9.10,14.53,8.04,667
60.492,16.71,0.07,0.68,0.33,14.53,0.00,701
60.509,16.77,0.13,1.28,9.38,10.34,8.38,703
60.526,16.71,0.09,0.86,0.37,10.34,0.00,703
60.542,16.75,0.13,1.26,11.92,13.42,10.93,706
60.559,16.72,0.10,0.84,0.38,13.42,0.00,707
60.576,16.73,0.09,0.81,9.24,21.37,8.29,712
60.593,16.75,0.09,0.84,0.39,21.37,0.00,712
60.608,15.40,0.09,0.81,10.39,18.70,8.53,722
60.626,18.06,0.09,0.73,0.58,18.70,0.00,724
60.643,16.73,0.10,0.86,8.16,19.58,7.15,727
60.660,16.73,0.10,0.96,0.42,8.00,0.00,728
60.676,16.76,0.13,1.30,8.27,10.21,7.21,733
60.693,16.71,0.11,0.95,0.40,10.21,0.00,734
60.710,16.74,0.14,1.37,12.53,16.20,11.09,732
60.727,16.71,0.09,0.71,0.39,16.20,0.00,734
60.743,16.74,0.12,1.26,9.98,19.13,8.86,738
60.760,16.74,0.18,0.86,0.46,19.13,0.00,741
60.778,18.16,0.20,1.44,10.07,11.73,8.75,740
60.794,15.66,0.10,0.69,0.35,11.73,0.00,742
60.810,16.39,0.10,0.87,9.80,17.76,8.46,742
60.827,16.74,0.09,0.89,0.40,17.76,0.00,743
60.844,16.75,0.14,1.26,12.23,11.63,11.15,746
60.860,16.71,0.07,0.68,0.32,11.63,0.00,749
60.877,16.74,0.10,1.09,9.97,16.64,8.86,748
60.894,16.74,0.10,0.87,0.42,16.64,0.00,751
60.911,16.73,0.10,0.90,9.12,18.98,8.04,750
60.927,16.67,0.09,0.88,0.41,18.98,0.00,748
60.944,16.79,0.11,1.25,10.21,20.28,8.84,749
60.961,16.74,0.11,0.85,0.37,20.28,0.00,751
60.978,16.73,0.11,0.85,9.95,21.66,8.65,750
60.994,16.67,0.09,0.87,0.35,21.66,0.00,744
61.011,16.82,0.14,1.29,12.71,10.74,11.36,734
61.028,16.72,0.09,0.85,0.35,10.74,0.00,726
61.044,16.66,0.09,1.00,10.29,19.17,8.91,725
61.061,16.80,0.11,0.82,0.39,19.17,0.00,725
61.078,16.75,0.13,1.24,11.12,10.44,9.74,724
61.095,16.72,0.09,0.84,0.39,10.44,0.00,726
61.111,16.75,0.14,1.19,10.51,16.45,9.39,726
61.128,16.72,0.08,0.84,0.39,16.45,0.00,725
61.145,16.75,0.14,1.24,11.58,11.56,10.44,725
61.162,16.73,0.11,0.82,0.42,11.56,0.00,724
61.182,19.94,0.13,0.91,5.94,16.12,5.07,735
61.195,13.53,0.07,0.54,0.44,16.12,0.00,733
61.212,16.70,0.12,1.24,11.75,10.56,10.31,730
61.229,16.77,0.11,0.81,0.42,10.56,0.00,731
61.245,16.69,0.10,0.87,8.96,21.44,8.08,727
61.262,16.80,0.12,0.91,0.53,21.44,0.00,730
61.279,16.73,0.18,1.33,11.23,13.82,10.11,730
61.295,16.71,0.11,0.88,0.40,13.82,0.00,732
61.312,16.75,0.15,1.36,11.94,16.39,10.60,731
61.329,16.70,0.08,0.85,0.38,16.39,0.00,727
61.346,16.75,0.11,0.87,9.64,21.34,8.58,727
61.363,17.42,0.10,0.86,0.59,7.34,0.00,727
61.379,16.35,0.12,1.17,10.37,10.09,9.28,726
61.396,16.43,0.10,0.86,0.38,10.09,0.00,721
61.413,16.75,0.13,1.24,11.05,17.87,9.71,718
61.429,16.65,0.09,0.85,0.35,17.87,0.00,716
61.446,16.82,0.23,1.14,9.63,14.50,8.55,713
61.463,16.71,0.09,0.85,0.35,14.50,0.00,709
61.480,16.75,0.12,1.21,10.60,16.87,9.27,701
61.496,16.71,0.08,0.62,0.39,16.87,0.00,691
61.513,16.76,0.15,0.87,12.28,11.75,11.18,691
61.530,16.71,0.09,0.63,0.38,11.75,0.00,692
61.546,16.75,0.12,0.86,10.87,16.53,9.52,690
61.563,16.72,0.09,0.58,0.37,16.53,0.00,689
61.580,16.75,0.11,0.87,10.77,12.20,9.49,689
61.597,16.72,0.08,0.64,0.42,12.20,0.00,688
61.613,16.78,0.15,0.83,11.00,11.57,9.73,687
61.630,16.68,0.07,0.43,0.33,11.57,0.00,681
61.647,16.74,0.09,0.85,9.88,14.23,8.88,682
61.664,16.74,0.08,0.56,0.36,14.23,0.00,680
61.680,16.75,0.19,0.84,10.53,16.94,9.51,679
61.697,16.71,0.09,0.67,0.38,16.94,0.00,678
61.714,16.74,0.15,0.86,10.92,17.54,9.92,677
61.731,16.72,0.09,0.63,0.38,17.54,0.00,676
61.747,16.75,0.14,0.89,12.64,17.86,11.39,677
61.764,16.71,0.07,0.48,0.38,17.86,0.00,677
61.781,16.69,0.09,0.63,9.99,19.68,8.96,677
61.797,16.74,0.09,0.63,0.47,6.57,0.00,676
61.814,16.74,0.14,0.98,11.48,9.80,10.41,673
61.831,16.70,0.09,0.64,0.36,9.80,0.00,670
61.848,16.74,0.12,0.88,12.14,16.27,11.16,667
61.864,16.72,0.08,0.56,0.35,16.27,0.00,672
61.881,16.75,0.12,0.90,9.72,12.97,8.73,669
61.898,16.71,0.09,0.63,0.36,12.97,0.00,669
61.915,16.78,0.11,0.90,10.68,13.78,9.43,665
61.931,16.69,0.08,0.58,0.37,13.78,0.00,666
61.948,16.75,0.11,0.87,12.66,12.03,11.41,663
61.965,16.72,0.09,0.62,0.39,12.03,0.00,663
61.981,16.73,0.08,0.78,9.85,17.19,8.86,664
61.998,16.75,0.09,0.62,0.41,17.19,0.00,665
62.015,16.73,0.12,0.85,10.45,13.16,9.46,665
62.032,16.72,0.09,0.65,0.39,13.16,0.00,664
62.049,16.91,0.15,0.83,10.87,13.37,9.57,664
62.065,16.56,0.11,0.62,0.39,13.37,0.00,664
62.082,16.74,0.13,0.89,12.73,17.66,11.47,663
62.099,16.72,0.07,0.46,0.32,17.66,0.00,662
62.115,16.74,0.10,0.67,9.81,19.67,8.79,661
62.132,16.72,0.09,0.60,0.43,19.67,0.00,656
62.149,16.75,0.11,0.97,10.69,15.96,9.66,653
62.166,16.80,0.09,0.62,0.39,15.96,0.00,655
62.182,16.67,0.12,0.92,10.87,17.12,9.61,655
62.199,16.72,0.08,0.58,0.33,17.12,0.00,652
62.216,16.78,0.11,0.78,12.19,12.74,11.19,651
62.232,16.69,0.24,0.57,0.55,12.74,0.00,683
62.253,20.06,0.12,1.08,9.58,17.23,8.44,689
62.266,13.45,0.09,0.48,0.37,17.23,0.00,689
62.283,16.69,0.06,0.35,9.32,15.73,8.31,687
62.299,16.77,0.11,0.75,0.50,7.29,0.00,684
62.316,16.76,0.11,0.88,9.84,8.62,8.71,683
62.333,16.68,0.07,0.45,0.32,8.62,0.00,681
62.350,16.79,0.15,0.97,11.30,14.72,10.21,681
62.366,16.70,0.10,0.66,0.39,14.72,0.00,677
62.383,16.73,0.13,0.94,11.20,16.42,9.94,675
62.400,16.70,0.08,0.70,0.42,16.42,0.00,673
62.413,13.51,0.08,0.58,13.16,19.57,8.86,672
62.434,20.20,0.11,0.59,0.43,19.57,0.00,673
62.450,16.51,0.11,0.97,9.84,17.69,8.83,673
62.467,16.71,0.09,0.67,0.37,17.69,0.00,674
62.484,16.75,0.12,0.97,10.92,18.44,9.67,673
62.500,16.72,0.10,0.64,0.36,18.44,0.00,672
62.517,16.75,0.11,0.90,11.00,19.69,9.77,672
62.534,16.81,0.08,0.63,0.36,19.69,0.00,672
62.550,16.67,0.12,0.97,10.92,11.35,9.68,673
62.567,16.71,0.09,0.63,0.33,11.35,0.00,672
62.584,16.75,0.13,0.93,12.10,17.06,10.87,672
62.601,16.73,0.08,0.64,0.39,17.06,0.00,671
62.617,16.74,0.11,0.93,10.85,13.44,9.61,669
62.634,16.71,0.09,0.67,0.38,13.44,0.00,669
62.651,16.76,0.20,0.90,10.99,15.22,9.74,669
62.668,16.72,0.09,0.68,0.37,15.22,0.00,670
62.684,16.75,0.11,0.97,9.98,12.92,8.99,668
62.701,16.70,0.09,0.66,0.35,12.92,0.00,668
62.717,15.78,0.10,0.63,10.29,11.59,8.54,694
62.735,17.72,0.09,0.59,0.41,11.59,0.00,694
62.752,17.07,0.08,0.62,9.61,13.03,8.53,694
62.765,13.78,0.08,0.52,2.99,13.03,0.00,705
62.785,19.47,0.09,0.75,8.95,16.76,7.94,705
62.801,16.64,0.10,0.63,0.38,16.76,0.00,706
62.818,16.75,0.11,1.01,9.12,19.73,8.03,703
62.835,16.75,0.10,0.61,0.34,19.73,0.00,704
62.848,13.45,0.08,0.65,12.50,19.43,8.63,701
62.868,19.94,0.10,0.73,0.43,19.43,0.00,700
62.885,16.77,0.13,1.04,10.91,18.72,9.65,698
62.902,16.70,0.09,0.72,0.41,18.72,0.00,697
62.916,13.65,0.11,0.95,14.80,14.67,10.99,696
62.935,19.94,0.08,0.63,0.44,14.67,0.00,696
62.952,16.60,0.08,0.68,9.94,18.95,8.71,695
62.969,16.74,0.08,0.69,0.44,6.38,0.00,694
62.986,16.79,0.11,0.99,12.78,10.62,11.48,694
63.002,16.68,0.07,0.50,0.31,10.62,0.00,693
63.019,16.73,0.08,0.67,9.40,17.90,8.42,689
63.036,16.74,0.09,0.67,0.40,17.90,0.00,689
63.052,16.75,0.11,0.95,12.11,9.44,11.08,687
63.069,16.74,0.09,0.76,0.44,9.44,0.00,686
63.086,16.71,0.10,0.68,9.49,19.65,8.50,686
63.103,16.74,0.09,0.72,0.39,19.65,0.00,684
63.119,16.75,0.11,1.02,10.82,12.51,9.56,682
63.136,16.74,0.09,0.68,0.35,12.51,0.00,682
63.153,16.74,0.11,1.00,12.73,14.84,11.46,680
63.170,16.77,0.07,0.55,0.29,14.84,0.00,681
63.186,16.67,0.08,0.68,9.08,19.96,8.13,678
63.203,16.87,0.24,0.78,0.41,19.96,0.00,726
63.220,16.62,0.13,1.28,9.47,15.50,8.47,726
63.237,16.72,0.10,0.84,0.40,15.50,0.00,725
63.253,16.77,0.12,1.22,12.03,17.51,11.02,724
63.270,16.70,0.09,0.83,0.38,17.51,0.00,725
63.287,16.73,0.09,0.79,9.63,19.24,8.42,723
63.303,16.75,0.09,0.91,0.40,6.56,0.00,721
63.320,16.80,0.12,1.22,12.67,10.55,11.42,721
63.337,16.74,0.09,0.80,0.37,10.55,0.00,721
63.354,16.73,0.13,1.21,10.45,16.36,9.18,719
63.370,16.71,0.08,0.82,0.36,16.36,0.00,716
63.387,16.75,0.12,1.18,11.03,10.69,9.69,715
63.404,16.72,0.09,0.80,0.37,10.69,0.00,712
63.421,16.74,0.14,1.25,11.54,15.09,10.29,710
63.437,16.71,0.08,0.86,0.37,15.09,0.00,716
63.454,16.75,0.14,1.21,11.09,14.89,10.07,715
63.471,16.72,0.10,0.80,0.41,14.89,0.00,713
63.488,16.75,0.14,1.25,11.68,15.89,10.65,713
63.504,16.71,0.07,0.66,0.32,15.89,0.00,712
63.521,16.74,0.07,0.83,9.33,19.82,8.38,711
63.538,16.74,0.09,0.84,0.36,19.82,0.00,709
63.555,16.74,0.11,1.19,10.81,16.80,9.80,709
63.571,16.72,0.09,0.80,0.39,16.80,0.00,708
63.588,16.74,0.12,1.15,10.92,18.68,9.54,709
63.605,16.72,0.08,0.83,0.38,18.68,0.00,709
63.621,16.75,0.12,1.15,10.87,18.86,9.63,702
63.638,16.66,0.08,0.83,0.39,18.86,0.00,700
63.655,16.81,0.11,1.17,9.61,13.11,8.61,698
63.672,16.73,0.07,0.79,0.40,13.11,0.00,696
63.688,16.77,0.12,1.14,10.26,17.07,9.27,697
63.705,16.69,0.08,0.79,0.37,17.07,0.00,697
63.722,16.75,0.10,1.10,10.62,10.90,9.33,695
63.739,16.70,0.08,0.78,0.42,10.90,0.00,695
63.759,19.95,0.08,0.75,9.06,15.23,7.97,702
63.772,13.55,0.07,0.67,0.39,15.23,0.00,698
63.789,16.71,0.05,0.47,9.19,15.24,8.23,697
63.805,16.72,0.09,0.85,0.48,15.24,0.00,697
63.822,16.79,0.09,0.79,9.42,9.71,8.32,695
63.839,16.74,0.10,0.90,0.56,9.71,0.00,694
63.856,16.75,0.21,1.15,10.59,13.97,9.45,695
63.872,16.69,0.09,0.78,0.47,13.97,0.00,695
63.889,16.75,0.13,1.20,11.44,16.30,10.01,695
63.903,13.43,0.10,0.56,3.36,16.30,0.00,693
63.923,20.16,0.15,0.72,9.66,21.77,8.66,693
63.939,16.59,0.08,0.82,0.43,21.77,0.00,692
63.956,16.73,0.08,0.77,9.69,18.87,8.46,692
63.973,16.74,0.10,0.80,0.43,18.87,0.00,692
63.990,16.75,0.14,1.12,11.99,18.88,10.69,690
64.006,16.71,0.08,0.78,0.38,18.88,0.00,687
64.023,16.75,0.12,1.13,10.89,16.43,9.59,684
64.040,16.72,0.08,0.79,0.38,16.43,0.00,686
64.057,16.74,0.12,1.09,10.81,18.25,9.53,684
64.073,16.72,0.07,0.75,0.32,18.25,0.00,680
64.090,16.76,0.16,1.05,10.83,11.98,9.59,678
64.107,16.71,0.08,0.73,0.38,11.98,0.00,678
64.123,16.75,0.13,1.12,9.53,15.79,8.52,676
64.140,16.72,0.08,0.77,0.44,15.79,0.00,677
64.157,16.75,0.12,1.12,12.06,10.60,11.06,677
64.174,16.72,0.07,0.76,0.37,10.60,0.00,673
64.190,16.73,0.12,0.66,9.72,18.14,8.75,524
64.207,16.74,0.05,0.57,0.39,18.14,0.00,523
64.224,16.76,0.08,0.87,12.03,8.51,11.03,522
64.241,16.71,0.06,0.73,0.36,8.51,0.00,553
64.257,16.76,0.07,1.13,10.55,13.52,9.26,554
64.274,16.71,0.06,0.74,8.60,9.40,7.61,554
64.291,16.69,0.06,0.64,0.34,9.40,0.00,587
64.308,16.77,0.05,1.06,9.26,11.14,8.27,588
64.324,16.74,0.06,0.82,0.36,11.14,0.00,588
64.341,16.70,0.08,1.54,10.88,12.35,9.60,623
64.358,16.77,0.06,0.93,0.37,12.35,0.00,624
64.375,16.75,0.07,1.45,11.94,15.34,10.96,625
64.391,16.76,0.07,0.82,0.33,15.34,0.00,658
64.408,16.71,0.11,1.49,9.07,16.91,8.05,655
64.425,16.73,0.08,1.08,0.38,6.16,0.00,654
64.441,16.72,0.08,1.12,8.82,10.70,7.86,688
64.458,16.75,0.09,1.16,0.42,10.70,0.00,688
64.475,16.74,0.11,1.76,9.22,14.05,8.12,687
64.492,16.72,0.09,1.38,0.41,14.05,0.00,725
64.508,16.75,0.08,1.36,8.77,12.48,7.79,725
64.525,16.72,0.08,1.38,0.42,12.48,0.00,724
64.542,16.75,0.13,2.29,8.86,10.87,7.89,762
64.559,16.72,0.08,1.57,0.41,10.87,0.00,764
64.575,16.75,0.11,2.28,9.21,13.13,8.17,767
64.592,16.72,0.10,1.66,0.39,13.13,0.00,804
64.609,16.73,0.07,2.46,8.66,13.37,7.66,811
64.626,16.78,0.07,1.26,0.33,13.37,0.00,816
64.642,16.69,0.10,2.62,9.45,16.78,8.48,850
64.659,16.73,0.07,1.40,0.34,16.78,0.00,853
64.676,16.74,0.08,1.79,8.07,18.44,7.09,855
64.693,16.81,0.09,1.51,0.34,18.44,0.00,892
64.709,16.60,0.07,2.04,8.41,15.93,7.43,892
64.726,16.79,0.07,1.52,0.33,15.93,0.00,895
64.743,16.74,0.13,2.86,9.13,16.79,8.16,932
64.759,16.73,0.07,1.68,0.34,16.79,0.00,932
64.776,16.80,0.10,2.12,8.35,18.06,7.39,932
64.793,16.68,0.08,1.74,0.32,6.42,0.00,967
64.810,16.72,0.08,2.91,8.94,10.72,7.98,964
64.826,16.74,0.07,1.71,0.34,10.72,0.00,963
64.843,16.71,0.09,2.33,8.44,14.57,7.45,995
64.860,16.77,0.12,2.40,0.47,7.85,0.00,995
64.877,16.70,0.08,2.39,8.95,9.96,7.97,994
64.893,16.71,0.10,1.95,0.39,9.96,0.00,1026
64.910,16.82,0.14,3.04,8.68,14.22,7.68,1023
64.927,16.70,0.08,1.95,0.37,14.22,0.00,1020
64.943,16.74,0.09,2.55,8.05,12.16,7.04,1052
64.960,16.80,0.09,1.92,0.36,12.16,0.00,1050
64.977,16.68,0.08,2.54,8.12,10.19,7.14,1049
64.994,16.73,0.08,1.95,0.31,10.19,0.00,1049
65.010,16.68,0.09,2.60,7.77,11.21,6.80,1043
65.027,16.78,0.08,1.94,0.35,11.21,0.00,1039
65.044,16.73,0.08,2.54,7.72,15.97,6.76,1038
65.061,16.73,0.08,1.89,0.37,15.97,0.00,1026
65.077,16.75,0.10,2.50,8.47,14.87,7.50,1012
65.094,16.76,0.07,1.85,0.34,14.87,0.00,1004
65.111,16.69,0.08,2.44,7.88,14.96,6.90,1001
65.128,16.70,0.08,1.82,0.33,14.96,0.00,999
65.144,16.77,0.10,2.36,7.99,13.70,7.02,998
65.161,16.81,0.09,1.77,0.35,13.70,0.00,991
65.178,16.67,0.09,2.26,8.42,13.03,7.45,987
65.194,16.72,0.07,1.71,0.36,13.03,0.00,981
65.211,16.74,0.08,2.21,8.33,12.83,7.38,977
65.228,16.74,0.09,2.04,0.33,12.83,0.00,970
65.245,16.73,0.08,2.16,8.25,11.83,7.28,964
65.261,16.77,0.07,1.65,0.41,7.49,0.00,960
65.278,16.72,0.08,2.96,9.04,9.93,8.07,956
65.295,16.74,0.08,1.64,0.35,9.93,0.00,952
65.312,16.70,0.08,2.09,8.42,11.52,7.45,944
65.328,16.73,0.07,1.55,0.34,11.52,0.00,934
65.345,16.74,0.07,1.94,9.31,8.25,8.34,921
65.362,16.74,0.11,2.22,0.40,8.25,0.00,986
65.379,16.73,0.10,2.95,8.77,12.27,7.80,974
65.395,16.79,0.09,1.82,0.33,12.27,0.00,1036
65.412,16.62,0.08,2.47,8.73,15.53,7.75,1022
65.429,16.84,0.07,1.86,0.40,15.53,0.00,1021
65.446,16.71,0.13,3.28,9.05,16.44,8.09,1011
65.462,16.71,0.07,1.72,0.35,16.44,0.00,999
65.479,16.74,0.08,2.19,8.39,17.71,7.41,995
65.496,16.76,0.08,1.71,0.37,7.32,0.00,990
65.512,16.70,0.08,2.95,9.02,11.13,8.05,978
65.529,16.74,0.07,1.64,0.36,11.13,0.00,972
65.546,16.69,0.09,2.08,8.30,16.40,7.35,958
65.563,16.78,0.18,2.02,0.39,5.83,0.00,947
65.579,16.74,0.09,2.72,8.64,9.69,7.66,940
65.596,16.77,0.07,1.54,0.32,9.69,0.00,930
65.613,16.64,0.09,1.95,8.54,13.52,7.59,923
65.630,16.83,0.10,1.66,0.48,7.26,0.00,979
65.646,16.72,0.13,3.02,8.58,10.13,7.60,975
65.663,16.71,0.07,1.55,0.36,10.13,0.00,960
65.680,16.74,0.08,2.00,8.60,14.82,7.63,945
65.697,16.79,0.09,1.48,0.37,14.82,0.00,935
65.713,16.68,0.07,1.87,8.46,11.33,7.50,922
65.730,16.76,0.10,1.43,0.33,11.33,0.00,911
65.747,16.63,0.08,1.88,9.06,11.68,8.08,903
65.763,16.80,0.10,2.02,0.34,11.68,0.00,970
65.780,16.66,0.10,2.37,8.93,19.97,7.97,1079
65.797,16.84,0.08,1.83,0.34,19.97,0.00,1074
65.814,16.62,0.04,1.16,28.19,24.08,11.45,1066
65.847,33.55,0.11,2.54,8.11,24.08,7.09,1087
65.864,16.76,0.07,2.44,0.36,14.30,0.00,1079
65.881,16.66,0.07,1.26,6.44,18.30,5.24,1080
65.897,16.79,0.10,2.65,0.45,7.92,0.00,1070
65.914,16.74,0.12,3.78,10.11,10.84,9.06,1067
65.931,16.72,0.07,1.95,0.37,10.84,0.00,1067
65.948,16.72,0.05,1.20,28.10,20.96,11.57,1065
65.981,33.43,0.09,2.52,8.25,20.96,7.28,1048
65.998,16.75,0.10,1.41,15.59,13.99,0.00,1119
66.015,17.20,0.11,2.69,25.82,12.20,11.19,1116
66.044,28.72,0.10,2.73,8.73,12.20,6.59,1112
66.055,11.64,0.09,1.93,24.61,19.75,0.00,1165
66.082,26.71,0.12,2.84,26.63,8.67,12.29,1165
66.115,32.93,0.15,3.27,7.87,8.67,6.90,1226
66.132,16.69,0.11,1.70,15.08,21.14,0.00,1221
66.149,16.99,0.12,3.16,25.38,15.78,10.94,1221
66.177,28.75,0.08,2.35,8.74,15.78,6.17,1213
66.189,11.25,0.08,1.86,24.70,18.99,0.00,1206
66.215,26.73,0.12,3.27,24.59,14.13,9.76,1199
66.243,28.08,0.11,2.63,10.00,14.13,6.78,1191
66.256,12.82,0.08,2.31,7.04,15.58,0.00,1191
66.266,9.54,0.09,2.41,14.06,16.09,0.00,1190
66.282,16.71,0.12,3.18,23.18,9.50,9.11,1190
66.309,26.58,0.09,2.52,11.05,11.16,6.38,1242
66.323,13.75,0.08,2.34,7.54,11.16,0.00,1241
66.333,10.03,0.09,2.54,13.71,14.06,0.00,1240
66.349,16.42,0.09,2.66,23.14,12.57,8.35,1239
66.375,25.99,0.09,2.54,11.90,12.90,6.43,1236
66.390,14.62,0.08,2.48,6.98,12.90,0.00,1236
66.399,9.60,0.12,2.62,14.26,16.39,0.00,1235
66.417,17.09,0.18,3.01,22.18,12.66,8.38,1236
66.442,25.46,0.10,2.67,11.79,13.18,6.46,1304
66.457,14.64,0.07,2.12,7.78,13.18,0.00,1306
66.467,10.03,0.08,2.17,14.49,14.22,0.00,1306
66.483,16.84,0.12,3.73,22.88,10.89,9.36,1305
66.510,26.83,0.13,2.80,9.88,11.14,6.15,1364
66.523,12.89,0.08,2.24,8.04,11.14,0.00,1366
66.534,10.42,0.09,2.83,13.40,13.18,0.00,1364
66.550,16.40,0.11,3.01,22.65,11.45,8.41,1364
66.576,25.87,0.09,2.84,10.91,12.16,5.85,1364
66.590,13.91,0.07,2.25,8.40,12.16,0.00,1363
66.601,10.80,0.11,2.87,13.60,15.46,0.00,1365
66.617,16.66,0.10,2.90,22.85,13.10,8.62,1365
66.643,25.94,0.10,2.84,11.35,13.10,6.46,1365
66.658,14.37,0.08,2.44,7.09,16.47,0.00,1364
66.667,9.73,0.09,2.32,14.03,19.33,0.00,1364
66.684,16.50,0.08,1.99,22.62,19.58,7.07,1365
66.709,24.79,0.13,3.34,14.21,9.10,8.04,1363
66.726,17.76,0.09,2.85,4.99,9.10,0.00,1363
66.734,8.00,0.10,2.95,13.76,12.90,0.00,1362
66.751,16.91,0.12,3.42,21.99,10.41,8.43,1363
66.777,25.63,0.09,2.89,11.23,13.41,6.25,1360
66.791,14.30,0.08,2.44,7.32,13.41,0.00,1416
66.801,9.91,0.10,2.85,13.77,17.85,0.00,1415
66.818,16.84,0.10,3.10,22.43,15.10,8.44,1416
66.844,25.73,0.09,3.05,11.25,11.97,6.24,1416
66.858,14.48,0.09,2.75,6.97,11.97,0.00,1416
66.868,9.88,0.12,2.81,13.67,11.74,0.00,1418
66.885,16.68,0.11,3.68,22.45,7.81,8.54,1419
66.911,26.36,0.10,3.10,10.70,11.26,6.24,1416
66.925,13.96,0.08,2.46,7.71,11.26,0.00,1416
66.935,10.32,0.09,3.11,13.41,13.18,0.00,1417
66.952,16.71,0.14,3.74,21.25,11.28,8.01,1476
66.977,25.22,0.10,3.23,11.00,11.28,6.08,1476
66.992,14.41,0.08,2.62,7.34,14.76,0.00,1475
67.002,10.09,0.08,2.65,14.33,16.64,0.00,1475
67.019,17.14,0.11,3.25,21.15,18.67,7.49,1474
67.044,24.59,0.10,3.21,11.87,7.53,6.18,1474
67.059,15.26,0.08,2.61,7.62,9.46,0.00,1474
67.069,10.39,0.11,2.80,13.75,12.26,0.00,1545
67.086,16.74,0.10,3.46,21.73,12.66,8.24,1547
67.111,25.39,0.10,3.33,10.67,12.66,5.93,1547
67.125,14.18,0.08,2.74,7.77,15.27,0.00,1547
67.136,10.65,0.15,2.77,13.39,14.77,0.00,1547
67.153,16.39,0.13,3.31,20.96,9.35,6.93,1547
67.177,24.49,0.10,3.13,12.32,11.66,6.15,1545
67.193,15.63,0.08,2.64,7.16,11.66,0.00,1548
67.203,9.93,0.08,2.85,13.83,14.74,0.00,1547
67.219,16.84,0.20,3.60,21.48,10.39,7.70,1622
67.245,25.37,0.10,3.24,10.35,10.39,5.23,1623
67.259,13.77,0.08,2.79,8.47,14.80,0.00,1623
67.270,11.40,0.10,2.89,13.20,21.49,0.00,1623
67.286,16.26,0.10,3.61,20.70,15.40,6.87,1623
67.311,24.51,0.10,3.53,12.59,11.17,6.52,1623
67.327,16.30,0.10,2.94,6.37,11.17,0.00,1624
67.336,9.47,0.11,3.10,13.71,15.26,0.00,1624
67.354,17.03,0.14,3.84,21.55,13.12,8.37,1625
67.379,25.61,0.12,2.93,10.88,13.12,5.90,1701
67.393,14.01,0.09,2.45,8.04,14.72,0.00,1699
67.404,10.63,0.10,2.68,13.86,15.62,0.00,1699
67.421,16.73,0.17,3.96,21.25,9.91,8.12,1898
67.446,25.49,0.18,4.07,10.43,13.91,6.39,2043
67.461,14.76,0.13,3.20,6.55,13.91,0.00,2044
67.471,9.94,0.13,3.50,13.04,15.05,0.00,2043
67.487,16.75,0.16,3.96,19.56,12.99,6.65,2045
67.511,23.77,0.13,3.36,11.53,10.16,5.36,2044
67.526,15.09,0.11,3.27,7.71,10.16,0.00,2044
67.537,11.15,0.13,3.47,12.90,11.45,0.00,2045
67.554,16.59,0.22,3.82,19.52,8.84,6.14,2171
67.578,23.64,0.13,3.41,11.48,12.21,4.84,2170
67.593,15.06,0.13,3.49,8.21,12.21,0.00,2171
67.605,11.92,0.16,3.26,12.88,12.51,0.00,2171
67.621,16.40,0.16,3.78,20.00,12.18,6.55,2171
67.645,24.03,0.12,3.68,10.88,13.43,5.00,2171
67.660,14.75,0.11,3.22,8.36,13.43,0.00,2171
67.672,11.78,0.17,3.77,12.34,15.27,0.00,2220
67.688,16.35,0.17,3.93,18.40,12.93,5.50,2269
67.711,22.58,0.12,3.27,12.43,13.72,4.63,2269
67.726,15.90,0.12,3.13,8.39,13.72,0.00,2269
67.738,11.71,0.15,3.17,13.25,14.04,0.00,2268
67.755,16.63,0.12,3.02,19.30,13.82,5.31,2267
67.777,22.51,0.13,3.01,13.03,13.16,4.88,2327
67.794,16.22,0.11,3.04,8.31,13.16,0.00,2327
67.805,11.53,0.16,3.09,13.39,14.54,0.00,2327
67.822,16.71,0.12,3.01,19.08,14.28,5.19,2326
67.844,22.29,0.11,2.90,20.76,12.48,11.57,2324
67.872,27.92,0.25,5.11,0.36,12.48,0.00,2323
67.889,16.72,0.19,4.48,7.57,19.19,6.72,2397
67.905,16.75,0.15,3.62,0.34,19.19,0.00,2395
67.922,16.70,0.13,3.03,5.54,19.72,4.84,2394
67.939,16.75,0.28,3.92,0.34,19.72,0.00,2470
67.956,16.72,0.17,4.77,6.91,13.40,6.18,2468
67.972,16.71,0.16,3.50,0.32,13.40,0.00,2448
67.989,16.75,0.19,4.00,5.75,17.46,5.01,2447
68.006,16.70,0.17,3.53,0.32,17.46,0.00,2444
68.023,16.79,0.16,3.48,5.94,15.40,5.22,2443
68.039,16.75,0.16,3.38,0.32,15.40,0.00,2443
68.056,16.73,0.20,3.90,5.83,14.58,5.10,2442
68.073,16.73,0.17,3.41,0.32,14.58,0.00,2442
68.090,16.74,0.17,3.32,5.86,15.16,5.16,2441
68.106,16.79,0.16,2.78,0.33,15.16,0.00,2442
68.123,16.68,0.17,3.23,5.80,18.44,5.00,2442
68.140,16.67,0.13,2.76,0.31,24.55,0.00,2442
68.156,16.83,0.13,2.75,6.21,16.56,5.32,2440
68.173,16.72,0.15,3.35,0.34,9.48,0.00,2439
68.190,16.72,0.26,3.71,6.49,10.80,5.68,2440
68.207,16.71,0.15,3.27,0.31,10.80,0.00,2440
68.223,16.76,0.15,3.31,6.23,13.50,5.42,2439
68.240,16.69,0.15,3.29,0.32,13.50,0.00,2439
68.257,16.74,0.17,3.73,6.58,11.40,5.76,2439
68.274,16.77,0.15,3.15,0.30,11.40,0.00,2439
68.290,16.74,0.15,3.15,6.55,11.70,5.73,2437
68.307,16.71,0.16,3.08,0.31,11.70,0.00,2438
68.324,16.70,0.14,3.20,6.40,9.81,5.57,2437
68.340,16.75,0.16,3.18,0.32,9.81,0.00,2438
68.357,16.79,0.17,3.15,6.00,11.11,5.15,2439
68.374,16.70,0.16,3.19,0.33,11.11,0.00,2439
68.391,16.78,0.18,3.15,6.35,12.29,5.53,2438
68.407,16.67,0.16,2.84,4.89,12.03,4.11,2438
68.424,16.81,0.16,2.92,0.34,12.03,0.00,2438
68.441,16.73,0.15,3.14,6.20,12.77,5.40,2436
68.458,16.71,0.16,3.08,0.30,12.77,0.00,2436
68.474,16.76,0.14,3.09,6.24,15.54,5.41,2437
68.491,16.77,0.16,3.01,0.36,15.54,0.00,2436
68.508,16.67,0.20,3.73,20.18,30.48,6.79,2436
68.532,24.24,0.20,3.33,6.26,9.02,0.00,2435
68.542,9.86,0.24,3.78,19.92,12.56,6.83,2433
68.566,24.05,0.19,3.21,5.33,12.56,0.00,2435
68.575,8.79,0.15,3.02,20.79,16.39,6.47,2434
68.599,24.06,0.17,2.91,6.60,16.39,0.00,2434
68.609,9.75,0.14,3.00,20.77,12.80,6.70,2433
68.633,24.02,0.16,2.99,5.89,12.80,0.00,2434
68.642,9.11,0.14,3.04,20.95,11.09,6.62,2432
68.666,24.24,0.16,2.95,6.08,11.09,0.00,2434
68.675,9.25,0.14,3.04,20.55,11.59,6.23,2433
68.699,23.84,0.16,2.93,6.85,11.59,0.00,2434
68.709,10.00,0.15,3.07,20.64,10.86,6.66,2434
68.733,23.96,0.16,2.87,6.00,10.86,0.00,2433
68.742,9.11,0.14,3.02,21.01,12.20,6.74,2432
68.766,24.30,0.21,2.74,6.41,12.20,0.00,2433
68.777,10.19,0.15,2.75,20.77,13.29,7.01,2432
68.801,23.90,0.17,2.52,6.52,13.29,0.00,2431
68.810,9.27,0.14,2.77,20.31,15.65,6.26,2430
68.833,23.32,0.16,2.75,6.92,15.65,0.00,2431
68.843,9.89,0.14,2.77,20.78,16.84,6.51,2430
68.867,23.80,0.16,2.77,6.63,16.84,0.00,2430
68.876,9.62,0.15,2.79,42.70,28.11,11.48,2429
68.926,49.86,0.22,3.41,6.65,28.11,5.82,2429
68.943,16.70,0.22,2.99,21.94,20.65,7.77,2429
68.968,25.26,0.17,2.95,5.67,20.65,0.00,2429
68.977,8.86,0.17,3.32,20.50,14.25,7.10,2426
69.001,24.09,0.19,2.74,5.86,14.25,0.00,2426
69.010,8.85,0.15,2.72,21.29,12.20,6.64,2425
69.034,24.27,0.15,2.47,6.84,12.20,0.00,2426
69.044,9.52,0.16,2.57,21.38,9.78,6.78,2425
69.068,24.23,0.18,2.63,6.08,9.78,0.00,2424
69.077,8.96,0.18,2.55,21.58,10.25,6.77,2424
69.101,24.43,0.16,2.49,6.68,10.25,0.00,2425
69.111,9.39,0.14,2.47,20.75,10.75,6.22,2421
69.134,23.45,0.19,2.47,7.27,10.75,0.00,2422
69.144,9.98,0.15,2.51,21.25,12.45,6.79,2422
69.168,24.03,0.16,2.46,6.74,12.45,0.00,2422
69.178,9.43,0.14,2.50,21.10,15.70,6.60,2420
69.202,23.86,0.15,2.43,6.57,15.70,0.00,2421
69.211,9.21,0.14,2.45,21.97,18.58,6.84,2420
69.236,24.68,0.20,2.43,6.53,18.58,0.00,2418
69.245,9.24,0.21,2.95,20.46,20.23,6.73,2416
69.268,23.72,0.17,2.74,6.45,24.91,0.00,2416
69.278,9.40,0.14,2.03,23.37,8.85,7.88,2414
69.304,25.66,0.19,2.97,4.57,8.85,0.00,2413
69.311,7.79,0.20,3.10,21.29,12.04,6.95,2412
69.336,24.70,0.19,2.49,5.97,12.04,0.00,2412
69.345,8.71,0.15,2.21,21.57,15.15,6.68,2406
69.369,24.04,0.17,2.20,7.51,15.15,0.00,2396
69.379,9.97,0.15,2.18,21.40,13.44,6.92,2393
69.403,23.84,0.17,1.69,7.54,13.44,0.00,2325
69.412,9.45,0.15,1.32,23.15,11.78,7.25,2314
69.437,24.74,0.18,1.65,6.50,11.78,0.00,2313
69.445,8.39,0.22,1.66,23.44,13.29,7.88,2311
69.471,25.45,0.19,1.66,6.14,13.29,0.00,2311
69.479,8.05,0.20,1.67,23.56,18.12,7.84,2310
69.504,25.54,0.18,1.67,5.95,18.12,0.00,2308
69.512,7.87,0.19,1.62,23.91,19.53,8.06,2305
69.538,25.85,0.19,1.34,6.25,19.53,0.00,2293
69.546,7.93,0.21,1.72,24.60,21.68,9.20,2291
69.573,26.65,0.20,1.35,4.98,21.68,0.00,2290
69.579,6.59,0.21,1.33,24.13,22.33,8.27,2289
69.605,25.80,0.20,1.33,6.12,22.33,0.00,2286
69.613,7.78,0.18,1.36,24.12,14.05,8.36,2285
69.638,25.78,0.19,1.12,6.16,14.05,0.00,2260
69.646,7.53,0.17,1.16,26.09,17.72,9.57,2257
69.674,27.56,0.19,0.96,4.77,17.72,0.00,2248
69.680,6.04,0.19,0.95,26.08,19.63,9.43,2247
69.707,27.36,0.24,1.14,4.79,19.63,0.00,2245
69.713,6.25,0.22,1.20,24.96,16.20,9.08,2244
69.740,26.50,0.19,0.87,6.02,16.20,0.00,2242
69.747,7.16,0.26,1.13,27.59,13.01,11.64,2240
69.780,32.99,0.25,1.15,7.96,11.12,6.96,2236
69.797,16.76,0.24,1.18,0.46,11.12,0.00,2236
69.813,16.71,0.22,1.12,8.65,13.68,7.65,2232
69.830,16.73,0.19,0.89,0.39,13.68,0.00,2229
69.847,16.76,0.36,1.82,9.37,16.54,8.29,2224
69.864,16.73,0.20,0.80,0.37,16.54,0.00,2220
69.880,16.72,0.21,1.43,9.73,21.19,8.66,2210
69.897,16.75,0.30,1.04,0.44,21.19,0.00,2204
69.914,16.73,0.21,0.61,8.83,21.38,7.86,2126
69.931,16.73,0.26,0.64,0.41,21.38,0.00,2124
69.947,16.76,0.38,0.91,9.53,9.75,8.46,2119
69.964,16.67,0.25,0.73,0.42,9.75,0.00,2120
69.981,16.80,0.45,0.96,12.22,17.29,11.15,2119
69.997,16.72,0.20,0.59,0.37,17.29,0.00,2118
70.014,16.74,0.27,0.63,9.17,21.29,8.15,2116
70.031,16.74,0.25,0.66,0.47,21.29,0.00,2113
70.048,16.70,0.39,0.91,12.04,12.63,11.00,2110
70.064,16.77,0.29,0.65,0.44,12.63,0.00,2110
70.081,16.73,0.23,0.62,9.67,17.94,8.42,2108
70.098,16.74,0.28,0.65,0.44,17.94,0.00,2107
70.115,16.75,0.39,0.93,10.71,10.89,9.66,2106
70.131,16.72,0.25,0.65,0.46,10.89,0.00,2105
70.148,16.70,0.41,0.95,9.74,17.89,8.76,2105
70.165,16.82,0.29,0.65,0.42,17.89,0.00,2102
70.182,16.71,0.41,0.91,9.67,18.33,8.63,2099
70.198,16.71,0.26,0.66,0.43,18.33,0.00,2096
70.215,16.76,0.39,0.93,10.94,19.64,9.63,2093
70.232,16.74,0.28,0.66,0.45,19.64,0.00,2089
70.249,16.72,0.23,0.61,9.81,20.61,8.56,2088
70.265,16.74,0.25,0.65,0.44,20.61,0.00,2084
70.282,16.75,0.45,0.93,12.47,12.92,11.17,2084
70.299,16.75,0.20,0.54,0.35,12.92,0.00,2082
70.315,16.73,0.23,0.63,9.23,20.53,8.23,2078
70.332,16.72,0.26,0.67,0.40,7.01,0.00,2076
70.349,16.75,0.39,0.93,11.95,9.95,10.92,2071
70.366,16.74,0.27,0.65,0.45,9.95,0.00,2068
70.382,16.74,0.40,0.95,9.73,16.47,8.61,2059
70.399,16.73,0.26,0.68,0.48,16.47,0.00,2060
70.416,16.73,0.26,0.65,9.28,10.71,8.25,2059
70.433,16.73,0.27,0.66,0.43,10.71,0.00,2058
70.449,16.75,0.40,0.94,9.50,13.22,8.44,2058
70.466,16.72,0.26,0.64,0.42,13.22,0.00,2057
70.483,16.76,0.39,0.93,11.92,11.06,10.87,2056
70.500,16.71,0.29,0.63,0.42,11.06,0.00,2052
70.516,16.78,0.31,0.94,9.50,18.51,8.44,2051
70.533,16.71,0.24,0.68,0.49,18.51,0.00,2048
70.550,16.74,0.38,0.90,12.10,16.41,11.07,2045
70.567,16.74,0.19,0.50,0.35,16.41,0.00,2042
70.583,16.74,0.23,0.92,9.56,18.98,8.54,2040
70.600,16.75,0.26,0.66,0.43,18.98,0.00,2038
70.617,16.71,0.39,0.96,9.68,15.90,8.64,2035
70.633,16.72,0.31,0.68,0.46,15.90,0.00,2033
70.650,16.70,0.37,1.02,10.20,15.85,8.85,2031
70.667,16.78,0.28,0.68,0.47,15.85,0.00,2030
70.684,16.75,0.40,0.98,11.89,16.12,10.85,2022
70.700,16.71,0.26,0.66,0.44,16.12,0.00,2018
70.717,16.68,0.37,0.93,10.34,17.46,9.04,2013
70.734,16.78,0.29,0.65,0.42,5.54,0.00,2011
70.751,16.75,0.40,0.93,11.99,10.52,10.94,2009
70.767,16.79,0.25,0.67,0.48,10.52,0.00,2008
70.784,16.64,0.38,0.91,10.34,14.62,9.04,2002
70.801,16.76,0.30,0.64,0.41,14.62,0.00,1995
70.818,16.76,0.40,0.95,12.01,9.93,10.97,1987
70.834,16.71,0.25,0.65,0.45,9.93,0.00,1983
70.851,16.78,0.34,0.93,10.33,14.92,9.04,1974
70.868,16.68,0.28,0.65,0.45,14.92,0.00,1969
70.884,16.75,0.40,1.00,12.70,11.94,11.39,1966
70.901,16.72,0.22,0.66,0.47,11.94,0.00,1965
70.918,16.76,0.42,0.93,11.92,15.05,10.89,1957
70.935,16.71,0.25,0.64,0.45,15.05,0.00,1953
70.951,16.74,0.36,0.97,11.17,16.06,9.86,1952
70.971,19.26,0.26,0.51,0.46,16.06,0.00,1943
70.985,14.15,0.35,0.66,9.03,12.61,7.94,1932
71.002,16.73,0.35,0.76,0.54,12.61,0.00,1925
71.018,16.75,0.38,0.93,9.77,12.09,8.70,1918
71.035,16.78,0.33,0.67,0.53,12.09,0.00,1908
71.054,18.50,0.26,0.74,9.37,13.12,8.30,1903
71.069,15.17,0.24,0.63,0.44,13.12,0.00,1897
71.085,16.47,0.37,0.89,10.35,13.95,9.32,1893
71.102,16.80,0.28,0.64,0.44,13.95,0.00,1888
71.119,16.74,0.38,0.92,9.44,13.34,8.37,1884
71.135,16.72,0.28,0.67,0.50,13.34,0.00,1876
71.152,16.75,0.42,0.93,11.46,12.29,10.09,1869
71.169,16.75,0.25,0.56,0.46,12.29,0.00,1865
71.186,16.69,0.22,0.86,9.74,13.82,8.68,1855
71.202,16.74,0.23,0.67,0.43,6.20,0.00,1847
71.219,16.74,0.37,0.86,11.89,8.66,10.87,1834
71.236,16.75,0.19,0.51,0.36,8.66,0.00,1827
71.253,16.73,0.31,0.90,9.57,14.62,8.57,1822
71.269,16.72,0.21,0.63,0.43,14.62,0.00,1813
71.286,16.74,0.38,0.89,10.33,11.81,9.04,1807
71.303,16.72,0.24,0.64,0.39,11.81,0.00,1794
71.320,16.75,0.38,0.97,12.62,12.46,11.33,1785
71.336,16.71,0.19,0.46,0.34,12.46,0.00,1777
71.353,16.74,0.22,0.86,9.51,15.05,8.47,1766
71.370,16.74,0.22,0.61,0.40,15.05,0.00,1758
71.387,16.78,0.71,0.90,9.75,11.18,8.69,1752
71.403,16.69,0.31,0.62,0.44,11.18,0.00,1749
71.420,16.76,0.37,0.86,10.42,11.72,9.39,1743
71.437,16.72,0.25,0.64,0.42,11.72,0.00,1734
71.453,16.75,0.35,0.84,9.67,11.80,8.63,1727
71.470,16.71,0.24,0.62,0.43,11.80,0.00,1719
71.487,16.76,0.37,0.83,9.54,10.83,8.52,1714
71.504,16.72,0.27,0.61,0.41,10.83,0.00,1706
71.519,14.92,0.21,0.56,10.29,10.59,8.42,1701
71.537,18.49,0.18,0.51,0.39,10.59,0.00,1692
71.554,16.78,0.27,0.87,9.62,9.31,8.59,1682
71.571,16.79,0.24,0.61,0.45,9.31,0.00,1676
71.587,16.65,0.35,0.86,10.86,10.33,9.80,1670
71.601,13.39,0.15,0.44,3.19,10.33,0.00,1667
71.621,20.47,0.29,0.86,9.73,12.10,8.57,1658
71.638,16.38,0.24,0.63,0.47,12.10,0.00,1647
71.654,16.76,0.35,0.85,9.90,10.55,8.87,1634
71.671,16.67,0.22,0.60,0.41,10.55,0.00,1631
71.688,16.87,0.39,0.85,12.02,10.45,10.99,1623
71.705,16.68,0.18,0.48,0.32,10.45,0.00,1617
71.721,16.70,0.21,0.85,9.59,12.76,8.56,1611
71.738,16.73,0.22,0.64,0.42,12.76,0.00,1606
71.755,16.75,0.34,0.83,9.39,9.68,8.36,1600
71.771,16.79,0.25,0.59,0.45,9.68,0.00,1594
71.788,16.68,0.35,0.80,11.92,9.54,10.91,1582
71.805,16.65,0.21,0.61,0.42,9.54,0.00,1580
71.822,16.80,0.20,0.72,9.85,11.87,8.80,1567
71.838,16.74,0.24,0.59,0.41,11.87,0.00,1555
71.855,16.75,0.32,0.82,11.84,9.42,10.80,1543
71.872,16.72,0.26,0.58,0.38,9.42,0.00,1532
71.889,16.73,0.20,0.86,9.51,11.69,8.47,1527
71.905,16.73,0.27,0.58,0.40,11.69,0.00,1522
71.922,16.74,0.31,0.79,10.65,9.05,9.64,1515
71.939,16.74,0.27,0.59,0.45,9.05,0.00,1510
71.956,16.74,0.33,0.78,9.67,10.02,8.66,1503
71.972,16.72,0.26,0.57,0.40,10.02,0.00,1499
71.989,16.75,0.34,0.77,10.68,9.02,9.63,1494
72.006,16.74,0.27,0.60,0.45,9.02,0.00,1491
72.022,16.69,0.34,0.86,11.91,9.82,10.87,1484
72.039,16.78,0.18,0.49,0.42,9.82,0.00,1480
72.056,16.73,0.35,0.81,9.67,11.40,8.64,1477
72.073,16.72,0.27,0.60,0.47,11.40,0.00,1471
72.089,16.75,0.37,0.84,12.40,8.80,11.34,1462
72.106,16.74,0.17,0.46,0.34,8.80,0.00,1456
72.123,16.71,0.16,0.57,8.94,11.84,7.93,1447
72.140,16.67,0.15,0.61,0.45,11.84,0.00,1439
72.156,16.82,0.21,0.83,12.11,7.91,11.09,1422
72.173,16.72,0.20,0.58,0.41,7.91,0.00,1419
72.190,16.75,0.29,0.77,10.03,10.95,9.01,1411
72.207,16.71,0.18,0.56,0.40,10.95,0.00,1402
72.223,16.76,0.28,0.80,11.72,8.88,10.72,1395
72.240,16.72,0.16,0.60,0.43,8.88,0.00,1390
72.257,16.75,0.28,0.76,9.96,10.37,8.71,1386
72.273,16.72,0.18,0.50,0.41,10.37,0.00,1378
72.290,16.76,0.28,0.70,12.69,8.58,11.39,1371
72.307,16.72,0.13,0.44,0.35,8.58,0.00,1363
72.324,16.80,0.21,0.72,9.51,11.28,8.49,1358
72.340,16.66,0.17,0.53,0.47,6.57,0.00,1351
72.357,16.75,0.28,0.71,11.92,7.63,10.91,1345
72.374,16.72,0.15,0.54,0.37,7.63,0.00,1340
72.391,16.77,0.26,0.71,9.96,10.32,8.94,1329
72.407,16.64,0.15,0.54,0.41,10.32,0.00,1317
72.424,16.81,0.26,0.72,11.90,8.15,10.89,1312
72.441,16.73,0.13,0.52,7.49,7.58,6.69,1306
72.458,16.71,0.12,0.43,0.33,7.55,0.00,1301
72.474,16.74,0.15,0.48,8.90,7.54,7.92,1289
72.491,16.74,0.15,0.54,0.43,7.51,0.00,1285
72.508,16.77,0.28,0.70,9.62,7.52,8.48,1278
72.524,16.70,0.15,0.52,0.40,7.52,0.00,1272
72.541,16.75,0.26,0.69,10.59,7.55,9.34,1262
72.558,16.74,0.18,0.50,0.40,7.55,0.00,1249
72.575,16.73,0.27,0.72,11.49,8.40,10.22,1243
72.591,16.72,0.14,0.52,0.37,8.40,0.00,1237
72.608,16.68,0.18,0.78,11.21,9.45,9.95,1230
72.625,16.79,0.15,0.55,0.39,9.45,0.00,1217
72.642,16.75,0.28,0.69,11.49,8.85,10.23,1208
72.658,16.74,0.13,0.41,0.36,8.85,0.00,1195
72.675,16.74,0.26,0.72,9.40,9.35,8.37,1192
72.692,16.77,0.21,0.49,0.39,9.35,0.00,1185
72.709,16.69,0.27,0.67,12.10,7.28,11.10,1183
72.725,16.71,0.15,0.52,0.40,7.28,0.00,1176
72.742,16.75,0.20,0.68,9.64,9.67,8.64,1172
72.759,16.72,0.15,0.49,0.38,9.67,0.00,1171
72.776,16.82,0.25,0.67,12.71,7.25,11.47,1162
72.792,16.67,0.12,0.40,0.32,7.25,0.00,1156
72.809,16.74,0.28,0.70,9.60,10.55,8.60,1151
72.826,16.71,0.19,0.48,0.40,10.55,0.00,1146
72.842,16.73,0.17,0.75,11.98,7.23,10.98,1135
72.859,16.73,0.15,0.49,0.39,7.23,0.00,1126
72.876,16.75,0.19,0.74,10.37,9.30,9.35,1117
72.893,16.72,0.21,0.48,0.40,9.30,0.00,1106
72.909,16.75,0.18,0.66,11.88,7.69,10.85,1098
72.926,16.72,0.15,0.49,0.42,7.69,0.00,1096
72.943,16.75,0.18,0.71,9.81,9.03,8.55,1090
72.960,16.72,0.14,0.48,0.40,9.03,0.00,1083
72.976,16.75,0.19,0.70,11.86,7.09,10.87,1080
72.993,16.72,0.14,0.50,0.39,7.09,0.00,1072
73.010,16.75,0.18,0.69,11.62,8.90,10.57,1061
73.027,16.72,0.15,0.56,0.42,8.90,0.00,1057
73.043,16.71,0.20,0.70,10.44,8.46,9.39,1049
73.060,16.75,0.13,0.51,0.42,8.46,0.00,1044
73.077,16.77,0.18,0.74,11.09,7.24,9.79,1033
73.093,16.73,0.14,0.49,0.44,7.24,0.00,1025
73.110,16.75,0.29,0.64,12.18,8.05,10.93,1018
73.127,16.70,0.14,0.47,0.40,8.05,0.00,1012
73.144,16.76,0.19,0.72,11.44,9.18,10.43,1006
73.160,16.77,0.20,0.45,0.40,9.18,0.00,1001
73.177,16.70,0.17,0.69,9.73,8.47,8.75,997
73.194,16.70,0.15,0.49,0.40,8.47,0.00,987
73.211,16.73,0.18,0.69,10.31,6.92,9.22,977
73.227,16.78,0.14,0.53,0.41,6.92,0.00,971
73.244,16.72,0.18,0.71,10.97,7.06,9.96,966
73.261,16.74,0.14,0.49,0.38,7.06,0.00,958
73.278,16.75,0.17,0.67,11.82,7.83,10.58,953
73.294,16.72,0.13,0.47,0.40,7.83,0.00,943
73.311,16.75,0.24,0.62,12.07,8.57,11.07,932
73.328,16.72,0.13,0.47,0.40,8.57,0.00,924
73.344,16.75,0.18,0.71,11.99,8.74,10.98,918
73.361,16.75,0.12,0.38,0.31,8.74,0.00,909
73.378,16.70,0.13,0.54,9.94,8.96,8.91,905
73.395,16.73,0.15,0.51,0.46,8.96,0.00,893
73.411,16.76,0.16,0.68,9.97,6.81,8.71,890
73.428,16.72,0.13,0.47,0.39,6.81,0.00,884
73.445,16.75,0.17,0.66,12.10,6.80,11.07,873
73.462,16.72,0.13,0.43,0.39,6.80,0.00,863
73.478,16.76,0.17,0.65,12.10,8.71,11.10,857
73.495,16.75,0.11,0.37,0.32,8.71,0.00,849
73.512,16.74,0.12,0.53,9.55,8.93,8.53,841
73.529,16.70,0.13,0.48,0.45,6.78,0.00,834
73.545,16.75,0.22,0.59,11.78,6.75,10.53,828
73.562,16.74,0.10,0.47,0.40,6.75,0.00,819
73.579,16.73,0.12,0.67,10.97,8.07,9.70,813
73.596,16.72,0.09,0.49,0.39,8.07,0.00,805
73.612,16.77,0.18,0.60,12.23,7.37,10.99,799
73.629,16.70,0.08,0.36,0.34,7.37,0.00,794
73.646,16.73,0.09,0.51,9.57,8.93,8.58,784
73.662,16.73,0.09,0.46,0.41,6.73,0.00,778
73.679,16.75,0.11,0.65,10.85,6.71,9.61,770
73.696,16.78,0.10,0.46,0.40,6.71,0.00,765
73.713,16.68,0.12,0.65,12.29,7.13,11.05,753
73.729,16.73,0.09,0.43,0.40,7.13,0.00,745
73.746,16.74,0.11,0.65,12.09,8.57,11.09,734
73.763,16.74,0.09,0.44,0.40,8.57,0.00,721
73.780,16.81,0.19,0.59,9.64,8.47,8.60,713
73.796,16.60,0.10,0.48,0.40,8.47,0.00,698
73.813,16.79,0.11,0.60,12.66,6.64,11.35,693
73.830,16.75,0.07,0.31,0.36,6.64,0.00,685
73.847,16.70,0.08,0.45,9.64,9.09,8.60,674
73.863,16.74,0.09,0.38,0.37,6.65,0.00,670
73.880,16.78,0.27,0.56,10.73,6.62,9.47,660
73.897,16.71,0.08,0.39,0.38,6.62,0.00,646
73.913,16.74,0.11,0.57,12.73,6.97,11.47,644
73.930,16.71,0.08,0.41,0.33,6.97,0.00,635
73.947,16.75,0.11,0.60,12.08,8.85,11.08,627
73.964,16.72,0.08,0.41,0.37,8.85,0.00,618
73.980,16.72,0.08,0.36,9.78,8.30,8.83,604
73.997,16.75,0.08,0.39,0.41,6.62,0.00,602
74.014,16.73,0.11,0.54,12.13,6.58,11.14,591
74.031,16.73,0.08,0.37,0.37,6.58,0.00,583
74.047,16.69,0.11,0.55,12.44,8.26,11.39,577
74.064,16.74,0.10,0.57,0.42,8.26,0.00,562
74.081,16.78,0.07,0.43,9.87,8.35,8.86,554
74.098,16.74,0.08,0.37,0.41,6.59,0.00,547
74.114,16.75,0.12,0.55,12.58,6.56,11.34,536
74.131,16.72,0.10,0.40,0.44,6.56,0.00,527
74.148,16.74,0.12,0.57,12.26,8.67,11.23,521
74.165,16.77,0.09,0.36,0.37,8.67,0.00,518
74.181,16.68,0.07,0.41,9.73,8.33,8.73,513
74.198,16.74,0.07,0.38,0.41,6.57,0.00,508
74.215,16.75,0.12,0.58,12.10,6.55,11.10,497
74.231,16.72,0.08,0.40,0.38,6.55,0.00,492
74.248,16.75,0.09,0.55,10.10,8.18,8.83,487
74.265,16.73,0.09,0.36,0.38,8.18,0.00,478
74.282,16.75,0.11,0.57,10.87,6.54,9.62,475
74.298,16.68,0.07,0.37,0.37,6.54,0.00,465
74.315,16.79,0.09,0.49,11.96,6.95,10.70,456
74.332,16.72,0.05,0.40,0.38,6.95,0.00,450
74.349,16.76,0.08,0.52,12.10,7.74,11.12,445
74.365,16.71,0.05,0.40,0.37,7.74,0.00,440
74.382,16.70,0.07,0.58,11.33,8.11,10.05,430
74.399,16.77,0.06,0.36,0.38,8.11,0.00,422
74.416,16.76,0.09,0.53,12.14,7.15,11.15,409
74.432,16.71,0.05,0.37,0.37,7.15,0.00,403
74.449,16.75,0.09,0.53,10.02,8.19,8.76,396
74.466,16.71,0.05,0.40,0.36,8.19,0.00,391
74.482,16.75,0.08,0.54,11.53,6.49,10.22,387
74.499,16.70,0.07,0.42,0.45,6.49,0.00,382
74.516,16.80,0.08,0.52,12.42,7.39,11.42,373
74.533,16.71,0.05,0.38,0.39,7.39,0.00,366
74.549,16.74,0.06,0.51,12.15,8.31,11.17,358
74.566,16.72,0.05,0.36,0.37,8.31,0.00,352
74.583,16.73,0.04,0.33,9.71,8.18,8.71,346
74.600,16.74,0.05,0.42,0.36,6.49,0.00,340
74.616,16.75,0.05,0.54,12.39,6.48,11.15,326
74.633,16.74,0.04,0.28,0.36,6.48,0.00,320
74.650,16.73,0.04,0.52,10.14,8.36,9.14,313
74.667,16.73,0.03,0.35,0.39,8.36,0.00,302
74.683,16.74,0.04,0.49,12.10,6.47,11.11,294
74.700,16.72,0.03,0.35,0.35,6.47,0.00,283
74.717,16.75,0.04,0.46,11.38,7.91,10.38,277
74.733,16.72,0.03,0.37,0.37,7.91,0.00,273
74.750,16.78,0.06,0.47,9.91,7.28,8.68,269
74.767,16.70,0.04,0.33,0.39,7.28,0.00,264
74.784,16.74,0.03,0.49,11.14,6.45,9.91,257
74.800,16.72,0.02,0.36,0.37,6.45,0.00,257
74.817,16.75,0.02,0.50,12.77,7.15,11.53,251
74.834,16.72,0.02,0.32,0.35,7.15,0.00,244
74.851,16.76,0.02,0.49,12.06,8.75,11.07,240
74.867,16.73,0.02,0.29,0.37,8.75,0.00,233
74.884,16.76,0.03,0.49,12.25,7.78,11.26,226
74.901,16.70,0.01,0.34,0.36,7.78,0.00,218
74.918,16.76,0.01,0.49,10.31,8.00,9.05,208
74.934,16.71,0.01,0.34,0.36,8.00,0.00,202
74.951,16.75,0.01,0.50,12.12,6.52,11.13,197
74.968,16.72,0.01,0.34,0.38,6.52,0.00,224
