t,frameMs,tickMs,buildMs,encodeMs,gpuMs,inkMs,instances
0.000,18.89,0.02,0.72,0.51,6.17,0.00,363
0.017,16.72,0.02,0.64,0.52,5.97,0.00,362
0.033,16.73,0.01,0.64,0.52,6.17,0.00,362
0.050,16.73,0.01,0.68,0.52,6.05,0.00,362
0.067,16.73,0.01,0.66,0.50,6.05,0.00,362
0.084,16.73,0.01,0.69,0.53,6.09,0.00,362
0.100,16.73,0.02,0.68,0.51,5.98,0.00,361
0.117,16.73,0.02,0.71,0.51,5.95,0.00,362
0.134,16.73,0.02,0.65,0.47,6.06,0.00,363
0.151,16.73,0.02,0.68,0.47,6.01,0.00,363
0.167,16.73,0.02,0.65,0.50,6.01,0.00,365
0.184,16.73,0.02,0.63,0.51,5.97,0.00,366
0.201,16.75,0.02,0.63,0.48,5.90,0.00,366
0.218,16.73,0.02,0.66,0.48,5.88,0.00,367
0.234,16.71,0.02,0.64,0.45,5.84,0.00,367
0.251,16.73,0.02,0.64,0.48,5.82,0.00,367
0.268,16.73,0.02,0.69,0.53,5.82,0.00,369
0.284,16.73,0.02,0.67,0.50,5.86,0.00,370
0.301,16.73,0.02,0.66,0.46,5.82,0.00,370
0.318,16.73,0.02,0.66,0.45,5.80,0.00,371
0.335,16.73,0.02,0.65,0.45,5.79,0.00,366
0.351,16.74,0.02,0.66,0.47,5.76,0.00,366
0.368,16.73,0.02,0.65,0.46,5.75,0.00,366
0.385,16.74,0.02,0.69,0.52,5.76,0.00,365
0.402,16.72,0.02,0.65,0.47,5.69,0.00,364
0.418,16.74,0.02,0.66,0.51,5.69,0.00,364
0.435,16.73,0.02,0.64,0.51,5.79,0.00,366
0.452,16.73,0.02,0.65,0.47,5.76,0.00,365
0.468,16.76,0.02,0.65,0.47,5.76,0.00,363
0.485,16.71,0.02,0.66,0.47,5.72,0.00,363
0.502,16.74,0.02,0.65,0.46,5.70,0.00,364
0.519,16.72,0.02,0.63,0.47,5.68,0.00,362
0.535,16.73,0.02,0.65,0.50,5.68,0.00,362
0.552,16.74,0.02,0.64,0.46,5.69,0.00,360
0.569,16.72,0.02,0.67,0.52,5.66,0.00,361
0.586,16.74,0.02,0.67,0.50,5.79,0.00,358
0.602,16.73,0.02,0.67,0.49,5.77,0.00,358
0.619,16.73,0.02,0.63,0.51,5.78,0.00,356
0.636,16.73,0.02,0.67,0.51,5.77,0.00,357
0.653,16.73,0.02,0.63,0.51,5.79,0.00,355
0.669,16.74,0.02,0.65,0.50,5.79,0.00,358
0.686,16.73,0.02,0.66,0.51,5.76,0.00,359
0.703,16.74,0.02,0.69,0.53,5.77,0.00,359
0.719,16.72,0.02,0.67,0.51,5.74,0.00,358
0.736,16.78,0.02,0.70,0.50,5.84,0.00,355
0.753,16.64,0.02,0.49,0.43,5.84,0.00,356
0.770,16.77,0.02,0.69,0.67,5.87,0.00,355
0.786,16.76,0.02,0.66,0.59,5.82,0.00,355
0.803,16.72,0.02,0.77,0.57,5.78,0.00,355
0.820,16.73,0.02,0.74,0.57,5.76,0.00,354
0.837,16.74,0.02,0.65,0.58,5.75,0.00,353
0.853,16.73,0.02,0.65,0.52,5.72,0.00,354
0.870,16.73,0.03,0.66,0.55,5.73,0.00,354
0.887,16.72,0.02,0.69,0.54,6.02,0.00,352
0.904,16.76,0.02,0.67,0.53,6.04,0.00,352
0.920,16.72,0.02,0.62,0.50,5.97,0.00,351
0.937,16.74,0.02,0.67,0.58,5.98,0.00,349
0.954,17.00,0.02,0.63,0.66,5.97,0.00,380
0.970,16.48,0.02,0.63,0.53,6.03,0.00,383
0.987,16.71,0.02,0.70,0.55,6.06,0.00,384
1.004,16.75,0.02,0.65,0.53,6.04,0.00,384
1.021,16.73,0.03,0.67,0.51,6.07,0.00,387
1.037,16.72,0.02,0.68,0.51,6.01,0.00,390
1.054,16.73,0.02,0.69,0.49,6.00,0.00,393
1.071,16.73,0.02,0.66,0.48,5.99,0.00,394
1.088,16.74,0.02,0.66,0.49,5.99,0.00,394
1.104,16.72,0.02,0.63,0.48,6.03,0.00,393
1.121,16.74,0.02,0.72,0.51,5.97,0.00,394
1.138,16.72,0.02,0.67,0.51,5.96,0.00,394
1.154,16.73,0.02,0.66,0.48,5.97,0.00,394
1.171,16.74,0.02,0.64,0.47,5.97,0.00,396
1.188,16.73,0.02,0.65,0.47,6.07,0.00,396
1.205,16.74,0.02,0.65,0.47,6.04,0.00,394
1.221,16.73,0.02,0.65,0.47,6.04,0.00,394
1.238,16.73,0.02,0.64,0.45,6.01,0.00,393
1.255,16.73,0.02,0.64,0.46,5.99,0.00,370
1.272,16.74,0.02,0.68,0.54,5.95,0.00,368
1.288,16.72,0.02,0.69,0.53,5.90,0.00,367
1.305,16.74,0.02,0.68,0.51,5.89,0.00,367
1.322,16.72,0.02,0.65,0.48,5.89,0.00,366
1.339,16.73,0.02,0.67,0.50,5.96,0.00,366
1.355,16.69,0.02,0.69,0.51,5.95,0.00,368
1.372,16.77,0.02,0.67,0.48,5.93,0.00,370
1.389,16.74,0.02,0.66,0.48,5.93,0.00,371
1.405,16.72,0.02,0.65,0.47,5.97,0.00,371
1.422,16.73,0.02,0.67,0.52,5.95,0.00,371
1.439,16.77,0.02,0.73,0.55,5.90,0.00,372
1.456,16.70,0.02,0.65,0.54,5.93,0.00,372
1.472,16.75,0.02,0.66,0.50,5.91,0.00,374
1.489,16.71,0.02,0.65,0.49,6.11,0.00,376
1.506,16.73,0.02,0.64,0.51,6.03,0.00,378
1.523,16.73,0.02,0.65,0.48,6.01,0.00,380
1.539,16.73,0.02,0.65,0.49,6.04,0.00,379
1.556,16.73,0.02,0.65,0.46,6.01,0.00,379
1.573,16.73,0.02,0.65,0.47,6.00,0.00,380
1.608,35.01,0.02,0.33,0.37,5.98,0.00,389
1.609,1.00,0.01,0.24,0.29,5.98,0.00,388
1.623,14.10,0.01,0.28,22.13,11.45,0.00,391
1.645,22.57,0.01,0.28,11.24,6.42,0.00,391
1.657,11.64,0.01,0.17,16.49,6.50,0.00,389
1.674,16.72,0.01,0.13,16.51,6.42,0.00,386
1.691,16.68,0.00,0.11,16.31,6.36,0.00,385
1.708,17.53,0.00,0.09,15.62,6.31,0.00,383
1.724,16.46,0.00,0.09,15.93,6.31,0.00,383
1.741,16.16,0.00,0.09,16.57,6.33,0.00,381
1.758,17.04,0.00,0.11,16.08,6.28,0.00,379
1.774,16.26,0.00,0.10,16.59,6.16,0.00,376
1.791,16.71,0.00,0.11,16.76,6.30,0.00,375
1.808,16.90,0.00,0.12,16.60,6.24,0.00,376
1.824,16.75,0.00,0.12,16.55,6.18,0.00,375
1.841,16.70,0.00,0.14,16.59,6.17,0.00,375
1.858,16.78,0.01,0.22,16.43,6.08,0.00,373
1.874,16.69,0.00,0.22,16.66,6.01,0.00,373
1.891,16.99,0.01,0.32,16.45,5.99,0.00,373
1.908,16.90,0.02,0.50,16.28,5.95,0.00,374
1.925,16.94,0.03,0.59,15.81,5.90,0.00,372
1.942,16.56,0.02,0.63,16.01,6.00,0.00,372
1.959,16.80,0.02,0.55,16.00,5.89,0.00,371
1.975,16.71,0.20,0.69,15.72,5.85,0.00,420
1.992,16.75,0.03,0.68,15.88,6.28,0.00,419
2.009,16.72,0.02,0.66,15.96,6.22,0.00,417
2.026,16.79,0.03,0.68,15.82,6.18,0.00,416
2.042,16.67,0.03,0.68,15.87,6.15,0.00,414
2.059,16.72,0.02,0.69,15.94,6.12,0.00,412
2.076,16.79,0.03,0.65,15.83,6.13,0.00,411
2.092,16.65,0.03,0.72,15.90,6.22,0.00,410
2.109,16.80,0.03,0.64,15.96,6.22,0.00,410
2.126,16.79,0.03,0.69,15.49,6.14,0.00,410
2.142,16.29,0.02,0.34,16.19,6.16,0.00,409
2.159,16.62,0.01,0.25,16.37,6.00,0.00,407
2.176,16.70,0.01,0.26,16.56,6.13,0.00,406
2.193,16.90,0.01,0.25,16.21,6.13,0.00,403
2.209,16.55,0.01,0.34,16.31,6.12,0.00,403
2.226,16.73,0.02,0.27,16.86,6.07,0.00,403
2.243,17.31,0.03,0.69,15.71,6.21,0.00,400
2.260,16.56,0.02,0.67,16.07,6.20,0.00,400
2.277,16.91,0.03,0.69,15.77,6.30,0.00,399
2.293,16.62,0.02,0.64,15.89,6.23,0.00,398
2.310,16.69,0.03,0.71,15.86,6.24,0.00,394
2.327,16.75,0.02,0.72,15.98,6.25,0.00,393
2.344,16.87,0.02,0.75,15.71,6.30,0.00,390
2.360,16.63,0.04,0.67,15.90,6.28,0.00,389
2.377,16.74,0.03,0.65,15.83,6.27,0.00,388
2.394,16.70,0.02,0.67,15.97,6.44,0.00,388
2.410,16.81,0.02,0.73,15.83,6.47,0.00,387
2.427,16.72,0.02,0.71,15.87,6.48,0.00,385
2.444,16.74,0.02,0.64,16.03,6.48,0.00,384
2.461,16.83,0.02,0.69,15.77,6.49,0.00,384
2.477,16.61,0.02,0.69,15.85,6.52,0.00,384
2.494,16.68,0.02,0.64,16.03,6.53,0.00,383
2.511,16.83,0.02,0.70,15.89,6.57,0.00,382
2.528,16.74,0.08,1.04,15.38,6.58,0.00,433
2.544,16.64,0.06,0.96,15.66,11.05,0.00,432
2.561,16.82,0.06,1.04,15.49,10.60,0.00,434
2.578,16.73,0.05,1.07,15.52,10.52,0.00,431
2.595,16.79,0.05,1.05,15.38,10.50,0.00,429
2.611,16.63,0.06,1.05,15.52,10.56,0.00,429
2.631,20.08,0.04,0.44,13.09,10.51,0.00,438
2.646,14.21,0.07,1.08,14.73,11.09,0.00,439
2.661,15.99,0.06,1.13,15.22,11.22,0.00,439
2.679,17.01,0.06,0.78,15.61,11.12,0.00,438
2.696,17.13,0.07,1.11,14.77,11.16,0.00,438
2.712,16.18,0.06,1.14,15.31,11.09,0.00,435
2.729,17.11,0.18,1.22,14.68,10.97,0.00,435
2.745,16.33,0.14,1.26,15.09,11.04,0.00,435
2.763,17.77,0.06,1.07,14.30,11.07,0.00,435
2.779,16.12,0.06,1.00,15.02,11.07,0.00,434
2.795,16.22,0.05,1.09,15.42,11.03,0.00,438
2.812,16.70,0.05,1.10,15.42,11.05,0.00,437
2.829,16.72,0.06,1.07,15.42,10.99,0.00,439
2.845,16.70,0.06,1.05,15.54,11.03,0.00,438
2.862,16.78,0.06,1.07,15.33,11.09,0.00,440
2.879,16.60,0.05,1.01,15.53,10.95,0.00,438
2.896,16.73,0.05,1.02,15.60,10.97,0.00,439
2.912,16.82,0.05,1.07,15.45,10.89,0.00,439
2.929,16.73,0.05,1.08,15.58,10.83,0.00,438
2.946,16.87,0.05,1.06,15.09,8.02,0.00,439
2.962,16.32,0.04,0.61,15.92,8.00,0.00,440
2.979,16.65,0.03,0.40,16.10,7.95,0.00,442
2.996,16.61,0.02,0.44,16.19,8.08,0.00,441
3.012,16.72,0.02,0.37,16.76,8.02,0.00,442
3.030,17.30,0.05,1.18,15.28,8.01,0.00,441
3.046,16.68,0.05,1.10,14.92,8.02,0.00,440
3.062,16.14,0.02,0.38,16.71,7.86,0.00,442
3.080,17.25,0.05,1.03,15.52,7.99,0.00,442
3.096,16.74,0.05,1.03,15.50,7.98,0.00,442
3.113,16.72,0.05,1.04,15.66,7.99,0.00,442
3.130,16.89,0.06,1.15,15.35,7.97,0.00,442
3.147,16.69,0.05,1.02,15.40,8.12,0.00,443
3.163,16.62,0.05,0.99,15.65,8.10,0.00,444
3.180,16.84,0.05,1.12,15.33,8.09,0.00,443
3.197,16.64,0.05,1.02,15.55,8.09,0.00,444
3.214,16.76,0.05,0.99,15.50,8.08,0.00,447
3.230,16.67,0.05,1.01,15.67,8.11,0.00,449
3.247,16.86,0.05,1.07,15.48,8.10,0.00,449
3.264,16.74,0.05,1.03,15.43,8.09,0.00,449
3.281,16.65,0.05,1.07,15.53,8.13,0.00,452
3.297,16.78,0.05,1.02,15.54,8.24,0.00,451
3.314,16.75,0.05,1.25,15.31,8.28,0.00,453
3.334,20.36,0.06,1.01,11.87,8.23,0.00,462
3.348,13.45,0.04,0.81,15.00,8.92,0.00,463
3.364,15.93,0.02,0.39,16.31,8.89,0.00,464
3.381,17.16,0.04,0.58,15.83,8.88,0.00,466
3.398,16.80,0.04,0.74,15.84,8.84,0.00,466
3.415,16.87,0.06,1.31,14.71,8.82,0.00,467
3.431,16.19,0.03,0.39,16.48,8.95,0.00,466
3.448,17.11,0.05,1.01,15.46,8.98,0.00,466
3.466,17.97,0.18,1.14,14.03,8.75,0.00,467
3.482,16.05,0.05,1.03,14.97,8.86,0.00,468
3.498,16.48,0.05,1.10,15.12,8.86,0.00,470
3.515,16.43,0.05,1.11,15.40,8.82,0.00,469
3.532,16.69,0.05,1.09,15.49,8.77,0.00,469
3.548,16.76,0.05,1.10,15.42,8.76,0.00,471
3.565,16.71,0.05,1.04,15.48,8.80,0.00,475
3.582,16.71,0.05,1.05,15.52,8.81,0.00,476
3.598,16.77,0.05,1.06,15.38,8.76,0.00,476
3.615,16.63,0.05,1.12,15.39,8.75,0.00,478
3.632,16.70,0.05,1.07,15.47,8.79,0.00,479
3.649,16.74,0.05,1.03,15.49,8.70,0.00,479
3.665,16.72,0.05,1.01,15.60,8.71,0.00,481
3.682,16.80,0.05,1.11,15.50,8.68,0.00,481
3.699,16.81,0.05,1.12,15.42,8.61,0.00,482
3.716,16.72,0.05,1.07,15.46,8.62,0.00,479
3.732,16.71,0.05,1.06,15.41,8.68,0.00,479
3.749,16.66,0.05,1.04,15.60,8.69,0.00,481
3.766,16.84,0.05,1.05,15.40,8.67,0.00,480
3.782,16.66,0.05,1.03,15.60,8.66,0.00,479
3.799,16.82,0.05,0.98,15.56,8.68,0.00,479
3.816,16.73,0.05,1.04,15.49,8.59,0.00,479
3.833,16.72,0.05,1.04,15.52,8.62,0.00,477
3.849,16.75,0.05,1.02,15.38,8.56,0.00,476
3.866,16.59,0.10,1.37,15.26,8.55,0.00,535
3.883,16.86,0.09,1.41,15.08,12.52,0.00,535
3.900,16.72,0.09,1.44,15.15,12.49,0.00,532
3.916,16.83,0.09,1.51,14.97,12.43,0.00,529
3.933,16.72,0.09,1.43,15.12,12.36,0.00,527
3.950,16.82,0.10,1.29,15.13,12.32,0.00,524
3.967,16.69,0.10,1.32,15.10,12.31,0.00,522
3.983,16.66,0.27,1.42,14.79,12.28,0.00,576
4.000,16.62,0.09,1.37,15.22,13.10,0.00,576
4.017,16.83,0.10,1.40,15.10,13.14,0.00,575
4.034,16.74,0.09,1.36,15.14,13.04,0.00,573
4.050,16.73,0.09,1.46,15.01,11.65,0.00,574
4.067,16.70,0.09,1.41,15.11,11.56,0.00,573
4.084,16.75,0.09,1.54,15.13,11.59,0.00,574
4.104,19.99,0.13,1.33,12.06,11.61,0.00,586
4.118,14.09,0.11,1.45,14.47,12.22,0.00,586
4.134,16.16,0.13,0.47,16.04,12.13,0.00,589
4.151,17.27,0.11,1.50,14.38,12.31,0.00,589
4.168,16.44,0.11,1.48,14.40,12.20,0.00,589
4.184,16.08,0.04,0.51,16.04,12.33,0.00,586
4.200,16.72,0.05,0.52,16.54,12.30,0.00,586
4.218,17.29,0.09,1.50,14.84,12.31,0.00,586
4.235,17.69,0.11,1.40,13.93,12.27,0.00,588
4.252,16.07,0.11,1.45,14.56,12.27,0.00,589
4.268,16.53,0.09,1.38,14.80,12.18,0.00,589
4.285,16.45,0.09,1.45,14.97,9.35,0.00,587
4.301,16.65,0.08,1.44,15.08,9.31,0.00,586
4.318,16.74,0.09,1.41,15.09,9.31,0.00,585
4.335,16.74,0.09,1.43,15.12,9.37,0.00,586
4.351,16.78,0.09,1.44,15.11,9.35,0.00,586
4.368,16.79,0.09,1.40,14.97,9.39,0.00,587
4.385,16.59,0.08,1.35,15.17,9.32,0.00,582
4.402,16.75,0.09,1.40,15.10,9.31,0.00,581
4.418,16.74,0.09,1.43,15.05,9.18,0.00,581
4.435,16.69,0.08,1.41,15.08,9.19,0.00,576
4.452,16.71,0.08,1.34,15.29,9.10,0.00,573
4.469,16.85,0.09,1.46,14.99,9.09,0.00,571
4.485,16.68,0.08,1.35,15.15,9.16,0.00,569
4.502,16.79,0.09,1.09,15.40,9.06,0.00,566
4.519,16.73,0.09,1.15,15.35,9.08,0.00,566
4.535,16.74,0.09,1.13,15.34,8.99,0.00,566
4.552,16.75,0.09,1.05,15.47,8.95,0.00,567
4.569,16.74,0.09,1.11,15.30,8.89,0.00,564
4.586,16.64,0.08,1.11,15.38,8.84,0.00,563
4.602,16.72,0.09,1.11,15.39,8.83,0.00,566
4.619,16.72,0.09,1.09,15.43,8.78,0.00,568
4.636,16.75,0.09,1.18,15.32,8.89,0.00,569
4.653,16.74,0.08,1.05,15.45,8.80,0.00,568
4.669,16.72,0.08,1.18,15.31,8.81,0.00,565
4.686,16.71,0.08,1.14,15.51,8.71,0.00,565
4.703,16.94,0.09,1.21,15.10,8.82,0.00,565
4.719,16.54,0.09,1.14,15.34,8.76,0.00,565
4.736,16.71,0.08,1.08,15.46,8.69,0.00,567
4.753,16.76,0.08,1.13,15.34,8.62,0.00,569
4.770,16.70,0.09,1.07,15.45,8.61,0.00,570
4.786,16.74,0.08,1.14,15.38,8.74,0.00,571
4.803,16.75,0.08,1.05,15.52,8.70,0.00,573
4.820,16.80,0.08,1.17,15.35,8.67,0.00,572
4.837,16.75,0.08,1.10,15.32,8.65,0.00,573
4.853,16.64,0.08,1.14,15.38,8.66,0.00,575
4.870,16.75,0.08,1.14,15.36,8.66,0.00,571
4.887,16.73,0.08,1.09,15.39,8.61,0.00,571
4.903,16.69,0.08,1.09,15.46,8.63,0.00,572
4.920,16.77,0.09,1.16,15.28,8.60,0.00,573
4.937,16.67,0.08,1.09,15.47,8.73,0.00,574
4.954,16.79,0.08,1.07,15.52,8.75,0.00,574
4.971,16.81,0.08,1.07,15.38,8.75,0.00,577
4.987,16.68,0.08,1.12,15.41,8.76,0.00,573
5.004,16.75,0.08,1.08,15.48,8.80,0.00,572
5.021,16.84,0.10,1.15,15.19,8.75,0.00,570
5.037,16.57,0.08,1.12,15.48,8.76,0.00,571
5.054,16.82,0.08,1.09,15.45,8.78,0.00,567
5.074,19.52,0.07,0.75,13.18,8.80,0.00,579
5.088,14.78,0.14,1.24,13.98,9.60,0.00,580
5.104,15.43,0.04,0.52,16.58,9.60,0.00,581
5.122,17.90,0.10,1.16,14.70,9.67,0.00,581
5.138,16.44,0.09,1.22,14.75,9.56,0.00,579
5.154,16.25,0.21,1.16,15.38,9.55,0.00,580
5.172,17.37,0.26,1.25,14.13,9.60,0.00,582
5.188,15.71,0.05,0.56,16.55,9.58,0.00,579
5.206,18.45,0.14,1.17,14.06,9.56,0.00,579
5.222,15.96,0.09,1.07,14.94,9.54,0.00,580
5.239,16.55,0.09,1.16,14.97,9.62,0.00,580
5.255,16.39,0.09,1.09,15.38,9.66,0.00,579
5.272,16.70,0.09,1.11,15.50,9.62,0.00,576
5.288,16.84,0.08,1.14,15.27,9.63,0.00,575
5.305,16.62,0.08,1.12,15.38,9.56,0.00,571
5.322,16.72,0.08,1.12,15.48,9.47,0.00,566
5.339,16.83,0.09,1.18,15.30,9.43,0.00,557
5.355,16.74,0.08,1.15,15.25,9.35,0.00,550
5.372,16.62,0.09,1.12,15.43,9.31,0.00,547
5.389,16.78,0.08,1.05,15.47,7.80,0.00,546
5.405,16.73,0.08,1.10,15.43,7.88,0.00,546
5.422,16.77,0.08,1.05,15.43,7.78,0.00,545
5.439,16.70,0.08,1.15,15.30,7.66,0.00,543
5.456,16.67,0.09,1.06,15.54,7.64,0.00,543
5.472,16.82,0.08,1.07,15.36,7.57,0.00,542
5.489,16.65,0.08,1.06,15.46,7.53,0.00,540
5.506,16.73,0.08,1.08,15.43,7.56,0.00,540
5.525,19.48,0.08,0.98,12.99,7.46,0.00,600
5.540,14.53,0.10,1.56,13.96,12.25,0.00,600
5.556,15.69,0.04,0.53,16.39,11.90,0.00,600
5.573,17.46,0.11,1.04,15.32,12.04,0.00,599
5.590,17.03,0.12,1.40,14.64,12.12,0.00,596
5.606,16.34,0.10,1.46,15.27,12.15,0.00,597
5.623,17.03,0.21,1.48,14.58,11.94,0.00,595
5.640,16.43,0.11,1.54,14.98,11.90,0.00,594
5.658,17.87,0.10,1.42,13.95,11.78,0.00,594
5.674,16.19,0.15,1.45,14.35,11.56,0.00,594
5.690,16.32,0.11,1.51,14.15,11.66,0.00,593
5.706,15.95,0.10,1.49,14.49,11.59,0.00,593
5.722,16.18,0.09,0.65,16.00,11.51,0.00,592
5.739,16.87,0.05,0.51,15.83,11.34,0.00,594
5.756,16.48,0.04,0.51,16.70,11.59,0.00,593
5.773,17.34,0.04,0.51,16.13,11.32,0.00,593
5.790,16.75,0.05,0.52,16.59,11.42,0.00,590
5.807,17.31,0.10,1.55,14.99,11.43,0.00,590
5.827,19.70,0.09,0.81,12.78,11.51,0.00,578
5.841,13.88,0.11,1.20,15.03,11.46,0.00,576
5.857,16.46,0.10,1.30,15.19,11.40,0.00,577
5.874,16.70,0.09,1.32,15.23,11.50,0.00,577
5.891,16.76,0.10,1.29,15.29,11.38,0.00,580
5.907,16.86,0.10,1.34,15.18,11.37,0.00,580
5.926,19.05,0.10,1.14,13.01,11.16,0.00,581
5.941,14.75,0.11,1.17,14.97,8.54,0.00,579
5.958,16.62,0.10,1.09,15.10,8.56,0.00,579
5.974,16.46,0.10,1.08,15.48,8.55,0.00,583
5.991,16.80,0.28,1.17,14.96,8.85,0.00,651
6.008,16.58,0.10,1.13,15.44,9.36,0.00,653
6.024,16.81,0.11,1.19,15.32,9.34,0.00,652
6.041,16.76,0.09,1.21,15.33,9.45,0.00,657
6.058,16.79,0.10,1.45,15.01,9.40,0.00,658
6.078,19.83,0.10,1.39,12.12,9.40,0.00,670
6.092,14.13,0.11,1.29,14.61,10.02,0.00,670
6.108,16.17,0.11,1.28,15.14,10.04,0.00,675
6.126,17.34,0.12,1.23,14.76,10.05,0.00,674
6.142,16.68,0.11,1.22,14.62,9.99,0.00,673
6.158,16.22,0.10,1.25,14.87,9.98,0.00,673
6.175,16.37,0.06,0.46,16.47,9.91,0.00,673
6.192,17.20,0.10,1.24,15.06,9.91,0.00,673
6.209,16.52,0.14,1.28,15.43,9.98,0.00,673
6.227,18.13,0.14,1.25,13.82,9.94,0.00,676
6.242,15.84,0.09,1.19,14.82,9.81,0.00,673
6.259,16.67,0.11,1.17,14.92,9.85,0.00,674
6.276,16.49,0.10,1.27,15.17,9.79,0.00,679
6.292,16.79,0.12,1.26,15.07,9.92,0.00,674
6.309,16.60,0.14,1.19,15.22,9.83,0.00,675
6.326,16.70,0.10,1.33,15.14,9.88,0.00,657
6.342,16.71,0.10,1.25,15.23,9.80,0.00,657
6.359,16.71,0.10,1.26,15.22,9.75,0.00,661
6.376,16.73,0.10,1.31,15.15,9.69,0.00,662
6.393,16.68,0.09,1.23,15.24,9.69,0.00,663
6.409,16.70,0.09,1.23,15.28,9.58,0.00,664
6.426,16.75,0.10,1.27,15.22,9.56,0.00,667
6.443,16.72,0.09,1.16,15.37,9.70,0.00,670
6.460,16.76,0.10,1.21,15.28,9.66,0.00,673
6.476,16.72,0.10,1.24,15.31,9.67,0.00,672
6.493,16.79,0.10,1.29,15.19,9.70,0.00,674
6.510,16.72,0.10,1.24,15.22,9.63,0.00,674
6.526,16.69,0.10,1.21,15.35,9.63,0.00,676
6.543,16.79,0.09,1.21,15.30,9.57,0.00,677
6.560,16.80,0.10,1.41,15.00,9.56,0.00,679
6.577,16.64,0.10,1.20,15.33,9.54,0.00,679
6.593,16.76,0.10,1.24,15.20,9.78,0.00,681
6.610,16.68,0.10,1.19,15.34,9.69,0.00,684
6.627,16.78,0.11,1.24,15.23,9.73,0.00,681
6.644,16.72,0.09,1.27,15.22,9.73,0.00,683
6.660,16.75,0.10,1.21,15.17,9.75,0.00,683
6.677,16.63,0.10,1.24,15.34,9.74,0.00,685
6.694,16.88,0.11,1.22,15.18,9.74,0.00,689
6.711,16.67,0.10,1.19,15.30,9.74,0.00,691
6.727,16.73,0.09,1.27,15.14,9.77,0.00,692
6.744,16.64,0.10,1.27,15.27,9.88,0.00,692
6.761,16.78,0.10,1.14,15.42,9.91,0.00,693
6.777,16.81,0.09,1.14,15.27,9.93,0.00,693
6.794,16.65,0.10,1.22,15.32,9.84,0.00,690
6.811,16.78,0.09,1.15,15.38,9.89,0.00,689
6.828,16.77,0.09,1.17,15.33,9.88,0.00,691
6.844,16.73,0.09,1.13,15.33,9.87,0.00,691
6.861,16.69,0.09,1.17,15.35,9.81,0.00,689
6.878,16.76,0.10,1.13,15.34,9.75,0.00,688
6.895,16.71,0.09,1.20,15.30,9.92,0.00,685
6.911,16.74,0.09,1.19,14.91,9.92,0.00,681
6.928,16.34,0.11,1.17,15.01,9.88,0.00,673
6.947,19.79,0.07,0.74,12.50,9.78,0.00,676
6.961,13.64,0.11,0.81,15.10,10.19,0.00,671
6.977,16.10,0.05,0.47,16.74,10.22,0.00,662
6.995,17.68,0.08,0.85,15.63,10.12,0.00,651
7.012,17.11,0.11,1.26,14.73,10.00,0.00,641
7.028,16.32,0.09,0.80,15.29,9.98,0.00,635
7.045,16.38,0.10,1.24,15.46,8.48,0.00,634
7.062,16.96,0.10,1.19,15.39,8.44,0.00,633
7.080,18.20,0.07,0.75,14.15,8.38,0.00,627
7.095,15.63,0.10,1.09,14.77,8.29,0.00,627
7.112,16.34,0.18,1.06,15.04,8.27,0.00,625
7.128,16.45,0.09,1.08,15.34,8.27,0.00,625
7.145,16.66,0.09,1.23,15.34,8.13,0.00,626
7.162,16.81,0.09,1.10,15.38,8.18,0.00,626
7.178,16.71,0.10,1.16,15.35,8.18,0.00,626
7.195,16.76,0.09,1.13,15.45,8.16,0.00,626
7.212,16.81,0.09,1.10,15.38,8.05,0.00,626
7.229,16.72,0.09,1.06,15.32,7.99,0.00,623
7.245,16.60,0.09,1.12,15.55,7.99,0.00,625
7.262,16.91,0.11,1.15,15.11,7.92,0.00,625
7.279,16.52,0.09,1.07,15.44,7.81,0.00,624
7.296,16.74,0.09,1.05,15.53,7.75,0.00,623
7.312,16.82,0.09,1.18,15.28,7.68,0.00,619
7.329,16.70,0.09,1.13,15.53,7.58,0.00,618
7.349,20.20,0.10,1.10,12.32,7.65,0.00,629
7.363,13.95,0.10,1.23,14.02,8.13,0.00,626
7.379,15.42,0.05,0.41,17.06,8.10,0.00,622
7.397,18.07,0.10,1.19,14.78,7.99,0.00,620
7.413,16.61,0.10,1.18,14.84,7.95,0.00,617
7.430,16.34,0.09,1.25,14.82,7.90,0.00,616
7.446,16.31,0.05,0.41,16.65,7.84,0.00,612
7.463,17.23,0.09,1.39,15.01,7.70,0.00,608
7.481,17.87,0.11,1.13,13.96,7.65,0.00,599
7.497,15.87,0.10,0.75,15.17,7.74,0.00,575
7.513,16.16,0.09,0.80,15.69,7.62,0.00,575
7.530,16.72,0.09,0.75,15.80,7.47,0.00,572
7.547,16.79,0.09,0.82,15.66,7.42,0.00,572
7.563,16.72,0.09,0.75,15.70,7.36,0.00,569
7.580,16.68,0.12,0.89,15.64,7.28,0.00,569
7.597,16.80,0.09,0.79,15.69,7.28,0.00,568
7.614,16.71,0.09,0.82,15.62,7.22,0.00,566
7.630,16.68,0.09,0.75,15.79,7.13,0.00,564
7.647,16.78,0.09,0.78,15.93,7.23,0.00,565
7.664,17.01,0.13,0.75,15.47,7.19,0.00,563
7.680,16.49,0.10,0.76,15.67,7.13,0.00,561
7.697,16.67,0.09,0.76,15.77,7.15,0.00,562
7.714,16.76,0.09,0.79,15.67,7.10,0.00,562
7.731,16.70,0.09,0.77,15.64,7.06,0.00,562
7.747,16.72,0.09,0.75,15.74,7.01,0.00,561
7.764,16.73,0.09,0.75,15.77,7.01,0.00,560
7.781,16.76,0.09,0.80,15.66,7.10,0.00,559
7.798,16.70,0.12,0.79,15.66,7.14,0.00,558
7.814,16.72,0.09,0.80,15.73,7.14,0.00,558
7.831,16.78,0.09,0.80,15.65,7.05,0.00,556
7.848,16.69,0.09,0.74,15.84,7.09,0.00,555
7.865,16.83,0.09,0.82,15.60,7.03,0.00,554
7.881,16.66,0.09,0.81,15.71,7.07,0.00,552
7.898,16.76,0.09,0.85,15.69,7.05,0.00,548
7.915,16.77,0.09,0.82,15.92,7.04,0.00,548
7.935,20.30,0.09,0.78,12.08,7.15,0.00,565
7.949,13.54,0.09,0.92,15.41,7.72,0.00,562
7.965,16.54,0.09,0.81,15.62,7.72,0.00,557
7.982,17.17,0.20,0.77,15.12,7.65,0.00,557
7.999,16.44,0.28,0.79,15.24,7.66,0.00,615
8.015,16.57,0.09,0.85,15.33,8.08,0.00,614
8.032,16.57,0.06,0.33,16.57,8.10,0.00,615
8.050,17.73,0.14,0.85,14.62,8.10,0.00,617
8.065,15.76,0.10,0.75,15.63,7.99,0.00,617
8.082,16.59,0.09,0.75,15.90,8.15,0.00,615
8.100,17.74,0.10,0.83,14.67,8.14,0.00,612
8.116,16.11,0.09,0.81,15.30,8.05,0.00,612
8.132,16.31,0.09,0.79,15.78,8.02,0.00,610
8.149,16.81,0.09,0.84,15.59,8.00,0.00,611
8.166,16.67,0.16,0.78,15.70,7.97,0.00,608
8.182,16.78,0.09,0.76,15.74,7.90,0.00,607
8.199,16.72,0.08,0.76,15.70,7.90,0.00,605
8.216,16.70,0.09,0.81,15.72,7.84,0.00,605
8.233,16.76,0.08,0.75,15.72,7.91,0.00,604
8.249,16.70,0.09,0.73,15.76,7.93,0.00,604
8.266,16.72,0.09,0.75,15.78,7.94,0.00,601
8.283,16.78,0.09,0.81,15.69,7.81,0.00,600
8.300,16.73,0.08,0.82,15.71,7.77,0.00,597
8.316,16.76,0.09,0.77,15.66,7.70,0.00,597
8.333,16.67,0.08,0.79,15.77,7.70,0.00,597
8.350,16.80,0.09,0.80,15.64,7.71,0.00,597
8.366,16.68,0.09,0.82,15.69,7.63,0.00,597
8.383,16.75,0.08,0.80,15.68,7.73,0.00,597
8.400,16.71,0.09,0.75,15.74,7.68,0.00,597
8.417,16.73,0.09,0.78,15.70,7.67,0.00,596
8.433,16.72,0.08,0.79,15.77,7.66,0.00,593
8.450,16.80,0.09,0.80,15.77,7.59,0.00,592
8.467,16.80,0.08,0.82,15.59,7.60,0.00,592
8.484,16.65,0.08,0.76,15.68,7.64,0.00,591
8.500,16.66,0.09,0.77,15.77,7.55,0.00,589
8.517,16.78,0.09,0.78,15.74,7.49,0.00,592
8.534,16.79,0.09,0.76,15.81,7.56,0.00,588
8.554,20.19,0.09,0.71,12.43,7.50,0.00,590
8.567,13.38,0.08,0.84,15.63,7.61,0.00,587
8.584,16.67,0.09,0.87,15.59,7.46,0.00,585
8.601,16.67,0.08,0.82,15.83,7.48,0.00,584
8.618,16.87,0.12,0.73,15.55,7.47,0.00,580
8.634,16.56,0.11,0.83,15.75,7.39,0.00,580
8.651,16.79,0.09,0.82,15.80,7.44,0.00,575
8.669,18.32,0.09,0.73,14.21,7.34,0.00,575
8.685,15.41,0.10,0.88,15.40,7.47,0.00,573
8.701,16.80,0.09,0.75,15.37,7.46,0.00,572
8.718,16.38,0.08,0.77,15.69,7.50,0.00,570
8.735,16.70,0.12,0.72,15.76,7.42,0.00,571
8.751,16.75,0.08,0.73,15.75,7.45,0.00,574
8.768,16.71,0.08,0.79,15.73,7.45,0.00,572
8.785,16.75,0.08,0.71,15.84,7.33,0.00,573
8.802,16.79,0.08,0.75,15.94,7.35,0.00,572
8.818,16.92,0.09,0.70,15.60,7.31,0.00,576
8.835,16.54,0.08,0.98,15.47,7.41,0.00,578
8.852,16.68,0.08,0.76,15.69,7.42,0.00,578
8.868,16.68,0.12,0.73,15.67,7.41,0.00,576
8.885,16.71,0.08,0.69,15.84,7.44,0.00,577
8.902,16.75,0.08,0.68,15.76,7.34,0.00,571
8.919,16.72,0.09,0.72,15.88,7.30,0.00,570
8.935,16.85,0.09,0.74,15.88,7.26,0.00,570
8.952,16.86,0.09,0.76,15.58,7.30,0.00,568
8.969,16.58,0.09,0.77,15.90,7.27,0.00,570
8.989,19.75,0.08,0.53,13.19,7.37,0.00,582
9.003,14.23,0.14,0.73,14.64,7.96,0.00,577
9.018,15.61,0.04,0.30,17.13,7.83,0.00,576
9.037,18.16,0.15,0.90,15.09,7.78,0.00,575
9.053,16.74,0.11,0.95,15.07,7.83,0.00,574
9.070,16.40,0.19,0.79,15.55,7.78,0.00,575
9.087,16.80,0.10,1.13,14.89,7.49,0.00,574
9.103,16.25,0.09,0.82,15.54,7.64,0.00,575
9.119,16.57,0.09,0.85,15.85,7.59,0.00,576
9.137,18.08,0.10,0.75,14.45,7.59,0.00,577
9.153,15.96,0.08,0.73,15.19,7.53,0.00,578
9.170,16.25,0.08,0.75,15.75,7.54,0.00,577
9.186,16.73,0.08,0.79,15.68,7.46,0.00,575
9.203,16.70,0.13,0.74,15.71,7.53,0.00,575
9.220,16.72,0.11,0.72,15.78,7.41,0.00,575
9.237,16.77,0.08,0.73,15.71,7.39,0.00,576
9.253,16.80,0.08,0.75,15.68,7.31,0.00,576
9.270,16.65,0.15,0.74,15.66,7.38,0.00,573
9.287,16.71,0.08,0.72,15.72,7.42,0.00,573
9.303,16.70,0.08,0.75,15.89,7.41,0.00,574
9.320,16.86,0.08,0.76,15.78,7.41,0.00,571
9.337,16.77,0.08,0.75,15.74,7.46,0.00,571
9.354,16.71,0.06,0.75,15.81,7.36,0.00,560
9.371,16.76,0.06,0.78,15.67,7.26,0.00,559
9.387,16.65,0.06,0.71,15.88,7.31,0.00,558
9.404,16.79,0.06,0.76,15.76,7.26,0.00,558
9.421,16.72,0.06,0.73,15.84,7.28,0.00,557
9.437,16.79,0.06,0.75,15.69,7.35,0.00,556
9.454,16.65,0.06,0.73,15.88,7.36,0.00,557
9.471,16.80,0.06,0.74,16.09,7.43,0.00,555
9.491,19.98,0.05,0.48,13.06,7.54,0.00,565
9.505,14.19,0.09,0.84,14.42,8.04,0.00,564
9.520,15.42,0.04,0.38,16.65,8.11,0.00,564
9.538,17.48,0.07,0.56,16.03,8.02,0.00,565
9.555,17.08,0.09,0.86,15.38,8.16,0.00,564
9.572,16.57,0.09,0.83,15.99,8.01,0.00,565
9.589,17.22,0.12,1.06,14.37,8.19,0.00,566
9.605,16.35,0.06,0.42,15.83,8.02,0.00,563
9.622,17.01,0.07,0.75,15.04,8.07,0.00,561
9.638,16.25,0.10,0.76,15.46,7.96,0.00,560
9.655,16.50,0.06,0.75,15.77,7.89,0.00,558
9.672,16.71,0.06,0.81,15.72,7.83,0.00,555
9.688,16.74,0.06,0.83,15.70,7.88,0.00,554
9.705,16.73,0.06,0.79,15.74,7.83,0.00,554
9.722,16.74,0.06,0.78,15.73,7.93,0.00,554
9.739,16.72,0.06,0.76,15.76,8.11,0.00,553
9.755,16.73,0.06,0.76,15.74,8.22,0.00,551
9.772,16.70,0.06,0.72,15.75,8.20,0.00,548
9.789,16.67,0.06,0.72,15.90,8.20,0.00,548
9.806,16.82,0.06,0.77,15.80,8.16,0.00,546
9.822,16.78,0.06,0.77,15.70,8.09,0.00,545
9.839,16.68,0.06,0.76,15.78,7.98,0.00,544
9.856,16.76,0.06,0.77,15.72,7.91,0.00,543
9.872,16.69,0.06,0.76,15.73,7.73,0.00,544
9.889,16.69,0.06,0.72,15.85,7.75,0.00,544
9.906,16.76,0.06,0.72,15.80,7.66,0.00,544
9.923,16.73,0.06,0.77,15.80,7.59,0.00,543
9.939,16.79,0.06,0.77,15.75,7.55,0.00,543
9.956,16.72,0.05,0.75,15.74,7.52,0.00,542
9.973,16.69,0.06,0.72,15.82,7.49,0.00,541
9.990,16.75,0.05,0.67,15.83,7.51,0.00,540
10.006,16.69,0.29,0.73,15.64,7.50,0.00,585
10.023,16.80,0.06,0.82,15.57,8.05,0.00,583
10.040,16.67,0.06,0.75,15.82,8.15,0.00,582
10.056,16.77,0.06,0.77,15.94,8.02,0.00,581
10.073,16.94,0.06,0.75,15.64,7.97,0.00,578
10.090,16.67,0.07,0.83,15.57,7.87,0.00,577
10.107,16.63,0.06,0.79,15.65,7.71,0.00,576
10.123,16.64,0.06,0.75,15.79,7.57,0.00,574
10.140,16.75,0.06,0.74,15.87,7.57,0.00,573
10.157,16.81,0.06,0.79,15.72,7.45,0.00,572
10.174,16.71,0.06,0.75,15.90,7.37,0.00,572
10.191,16.86,0.16,0.79,15.75,7.43,0.00,571
10.211,20.45,0.07,0.75,11.82,7.38,0.00,581
10.224,12.97,0.14,0.79,15.74,7.92,0.00,579
10.241,16.79,0.06,0.43,16.13,7.90,0.00,579
10.258,17.07,0.05,0.57,15.61,7.83,0.00,578
10.274,16.64,0.17,0.88,15.30,7.74,0.00,578
10.291,16.55,0.06,0.75,15.42,7.69,0.00,577
10.307,16.36,0.03,0.34,16.60,7.65,0.00,578
10.324,17.10,0.07,0.81,15.60,7.63,0.00,578
10.341,16.59,0.06,0.81,15.78,7.66,0.00,578
10.359,18.00,0.06,0.79,14.56,7.62,0.00,576
10.375,16.07,0.07,0.76,15.05,7.48,0.00,571
10.391,16.27,0.06,0.77,15.52,7.44,0.00,569
10.408,16.52,0.06,0.80,15.66,7.35,0.00,568
10.425,16.67,0.06,0.76,15.83,7.35,0.00,568
10.441,16.79,0.06,0.84,15.68,7.29,0.00,566
10.458,16.71,0.06,0.79,15.84,7.26,0.00,566
10.475,16.83,0.11,1.17,15.20,7.22,0.00,610
10.492,16.62,0.09,1.11,15.40,11.79,0.00,609
10.508,16.74,0.09,1.09,15.41,12.03,0.00,611
10.525,16.73,0.09,1.18,15.31,11.47,0.00,606
10.542,16.73,0.09,1.07,15.41,11.41,0.00,606
10.558,16.72,0.09,1.14,15.37,11.45,0.00,605
10.575,16.75,0.10,1.13,15.37,11.21,0.00,605
10.592,16.75,0.10,1.18,15.33,11.38,0.00,605
10.609,16.74,0.18,1.07,15.25,11.31,0.00,604
10.625,16.65,0.10,1.19,15.40,11.25,0.00,604
10.642,16.83,0.10,1.17,15.23,11.64,0.00,608
10.659,16.75,0.12,1.25,15.18,11.31,0.00,609
10.676,16.70,0.10,1.19,15.39,11.36,0.00,607
10.693,16.98,0.11,1.24,15.42,11.53,0.00,611
10.712,19.77,0.08,0.91,12.52,11.61,0.00,622
10.726,14.04,0.17,1.18,14.15,12.05,0.00,623
10.742,15.62,0.05,0.45,16.73,11.90,0.00,625
10.760,17.55,0.05,0.47,16.04,12.14,0.00,626
10.777,16.97,0.22,1.21,15.04,12.04,0.00,630
10.793,16.73,0.10,1.28,14.88,12.29,0.00,633
10.810,16.47,0.14,1.50,14.79,12.26,0.00,631
10.826,16.54,0.09,1.30,15.40,12.12,0.00,630
10.843,16.93,0.10,1.43,14.94,12.27,0.00,634
10.860,16.60,0.09,1.29,15.12,12.23,0.00,633
10.876,16.62,0.09,1.16,15.48,12.29,0.00,637
10.894,17.67,0.09,1.56,13.87,9.26,0.00,636
10.910,15.80,0.04,0.42,16.07,9.39,0.00,636
10.927,16.67,0.10,1.25,15.24,9.41,0.00,637
10.943,16.73,0.09,1.19,15.34,9.51,0.00,641
10.960,16.75,0.09,1.21,15.23,9.61,0.00,643
10.977,16.68,0.18,1.16,15.29,9.61,0.00,642
10.993,16.77,0.09,1.21,15.28,9.50,0.00,643
11.010,16.73,0.10,1.19,15.34,9.64,0.00,646
11.027,16.76,0.09,1.12,15.34,9.66,0.00,646
11.044,16.69,0.09,1.10,15.44,9.69,0.00,647
11.060,16.78,0.09,1.12,15.36,9.75,0.00,647
11.077,16.73,0.10,1.14,15.51,9.71,0.00,649
11.094,16.90,0.09,1.20,15.14,9.79,0.00,651
11.111,16.59,0.09,1.21,15.24,9.75,0.00,654
11.127,16.71,0.09,1.22,15.26,9.74,0.00,655
11.144,16.71,0.09,1.15,15.44,9.66,0.00,652
11.161,16.82,0.09,1.20,15.25,9.69,0.00,651
11.178,16.69,0.09,1.24,15.27,9.58,0.00,654
11.194,16.74,0.09,1.19,15.26,9.62,0.00,656
11.211,16.68,0.09,1.19,15.30,9.65,0.00,657
11.228,16.72,0.10,1.12,15.41,9.65,0.00,656
11.244,16.77,0.09,1.16,15.24,9.79,0.00,657
11.261,16.71,0.10,1.31,15.24,9.85,0.00,656
11.278,16.80,0.09,1.19,15.24,9.84,0.00,655
11.295,16.67,0.09,1.18,15.42,9.87,0.00,656
11.312,16.84,0.09,1.24,15.29,9.86,0.00,655
11.328,16.77,0.09,1.15,15.23,9.86,0.00,656
11.345,16.62,0.09,1.21,15.38,9.83,0.00,657
11.362,16.82,0.09,1.21,15.17,9.79,0.00,659
11.378,16.62,0.09,1.11,15.47,9.79,0.00,660
11.395,16.82,0.09,1.16,15.25,9.89,0.00,658
11.412,16.64,0.09,1.16,15.29,9.80,0.00,659
11.428,16.68,0.09,1.21,15.37,9.82,0.00,659
11.445,16.81,0.09,1.18,15.35,9.81,0.00,658
11.462,16.77,0.09,1.14,15.29,9.83,0.00,658
11.479,16.66,0.09,1.15,15.33,9.84,0.00,658
11.495,16.71,0.09,1.09,15.41,9.93,0.00,655
11.512,16.74,0.09,1.20,15.33,9.84,0.00,656
11.529,16.77,0.10,1.12,15.37,9.86,0.00,658
11.546,16.73,0.09,1.18,15.25,9.99,0.00,658
11.562,16.66,0.16,1.08,15.42,10.05,0.00,657
11.579,16.82,0.09,1.11,15.53,9.92,0.00,656
11.596,16.88,0.09,1.36,14.97,9.86,0.00,654
11.613,16.56,0.09,1.11,15.34,9.84,0.00,654
11.629,16.70,0.09,1.21,15.32,9.82,0.00,654
11.646,16.77,0.08,1.16,15.35,9.77,0.00,652
11.663,16.73,0.08,1.07,15.42,9.77,0.00,652
11.680,16.72,0.09,1.19,15.36,9.69,0.00,652
11.696,16.79,0.09,1.17,15.33,9.78,0.00,652
11.713,16.74,0.09,1.16,15.27,9.75,0.00,652
11.730,16.67,0.09,1.12,15.39,9.70,0.00,650
11.746,16.75,0.09,1.13,15.34,9.71,0.00,646
11.763,16.70,0.09,1.06,15.48,9.69,0.00,646
11.780,16.79,0.09,1.17,15.33,9.62,0.00,643
11.797,16.74,0.09,1.13,15.76,9.59,0.00,641
11.817,20.50,0.10,0.92,12.05,9.51,0.00,653
11.831,13.63,0.10,1.19,14.31,10.11,0.00,653
11.847,15.82,0.11,1.39,15.25,10.06,0.00,652
11.864,17.25,0.09,0.87,15.15,10.08,0.00,644
11.880,16.47,0.06,0.64,15.37,9.90,0.00,641
11.897,16.17,0.04,0.41,16.28,9.83,0.00,639
11.913,16.82,0.04,0.50,16.60,9.78,0.00,635
11.931,17.30,0.10,1.41,15.18,9.79,0.00,628
11.949,18.11,0.10,1.13,13.87,9.67,0.00,620
11.964,15.74,0.11,1.11,14.84,9.64,0.00,617
11.981,16.45,0.12,0.98,15.23,9.67,0.00,613
11.997,16.50,0.13,1.00,15.48,8.10,0.00,612
12.014,16.75,0.24,1.12,15.23,7.96,0.00,645
12.031,16.73,0.09,1.18,15.29,8.39,0.00,642
12.048,16.70,0.08,1.12,15.36,8.35,0.00,639
12.064,16.71,0.08,1.16,15.32,8.38,0.00,637
12.081,16.70,0.09,1.21,15.35,8.47,0.00,636
12.098,16.79,0.08,1.20,15.35,8.31,0.00,633
12.115,16.79,0.09,1.16,15.32,8.31,0.00,634
12.131,16.72,0.09,1.12,15.30,8.41,0.00,634
12.148,16.65,0.08,1.15,15.39,8.28,0.00,634
12.165,16.78,0.09,1.10,15.40,8.35,0.00,632
12.182,16.74,0.09,1.15,15.26,8.36,0.00,629
12.198,16.65,0.09,1.08,15.41,8.30,0.00,627
12.215,16.71,0.17,1.13,15.31,8.31,0.00,625
12.232,16.75,0.08,1.14,15.38,8.31,0.00,625
12.248,16.74,0.08,1.10,15.52,8.41,0.00,623
12.265,16.84,0.09,1.19,15.24,8.46,0.00,622
12.282,16.66,0.09,1.18,15.35,8.56,0.00,618
12.299,16.76,0.08,1.15,15.36,8.61,0.00,617
12.315,16.74,0.09,1.17,14.98,8.69,0.00,615
12.332,16.41,0.08,1.17,15.65,8.69,0.00,613
12.349,17.06,0.09,1.16,15.31,8.79,0.00,613
12.366,16.70,0.08,1.10,15.36,8.70,0.00,609
12.382,16.70,0.09,1.11,15.40,8.67,0.00,608
12.399,16.75,0.08,1.16,15.36,8.59,0.00,608
12.416,16.74,0.08,1.10,15.40,8.62,0.00,607
12.432,16.72,0.08,1.36,15.14,8.69,0.00,603
12.449,16.74,0.09,0.81,15.80,8.71,0.00,588
12.466,16.84,0.08,0.78,15.63,8.67,0.00,585
12.483,16.64,0.08,0.80,15.64,8.76,0.00,584
12.499,16.68,0.08,0.76,15.84,8.81,0.00,583
12.516,16.82,0.08,0.79,15.71,8.81,0.00,583
12.533,16.74,0.08,0.75,15.66,8.85,0.00,582
12.550,16.66,0.16,0.91,15.55,8.84,0.00,582
12.566,16.76,0.07,0.73,15.85,8.86,0.00,579
12.583,16.81,0.06,0.87,15.61,8.95,0.00,578
12.600,16.73,0.07,0.82,15.65,8.87,0.00,578
12.617,16.68,0.06,0.79,15.72,8.74,0.00,575
12.633,16.71,0.06,0.82,15.67,8.66,0.00,574
12.650,16.68,0.06,0.71,15.85,8.58,0.00,571
12.667,16.77,0.06,0.76,15.76,8.48,0.00,571
12.683,16.72,0.06,0.76,15.82,8.43,0.00,569
12.700,16.79,0.06,0.86,15.64,8.39,0.00,568
12.717,16.72,0.07,0.77,15.74,8.36,0.00,569
12.734,16.73,0.06,0.76,15.77,8.43,0.00,569
12.750,16.73,0.06,0.78,15.66,8.36,0.00,567
12.767,16.64,0.13,0.71,15.83,8.40,0.00,564
12.784,16.81,0.06,0.76,15.83,8.31,0.00,564
12.801,16.80,0.06,0.78,15.67,8.29,0.00,563
12.817,16.65,0.06,0.82,15.81,8.18,0.00,562
12.834,16.84,0.06,0.76,15.65,8.13,0.00,561
12.851,16.66,0.06,0.72,15.95,8.00,0.00,561
12.871,19.71,0.23,0.76,12.78,7.89,0.00,643
12.885,14.38,0.11,1.23,14.38,13.02,0.00,641
12.901,15.82,0.04,0.45,16.46,13.05,0.00,641
12.918,17.40,0.14,0.85,15.30,12.83,0.00,638
12.935,16.80,0.14,1.19,15.01,12.73,0.00,635
12.951,16.58,0.27,1.25,15.64,12.49,0.00,634
12.969,17.32,0.11,1.25,14.32,12.58,0.00,633
12.985,15.80,0.27,1.51,15.07,12.48,0.00,674
13.002,17.85,0.14,1.49,13.90,13.04,0.00,674
13.019,16.28,0.13,1.51,14.39,13.17,0.00,677
13.035,16.48,0.12,1.42,14.66,13.13,0.00,676
13.052,16.37,0.12,1.40,15.02,13.13,0.00,676
13.068,16.70,0.11,1.37,15.14,13.10,0.00,676
13.085,16.77,0.11,1.44,15.02,13.19,0.00,676
13.102,16.71,0.11,1.53,15.10,13.14,0.00,696
13.119,16.90,0.12,1.48,14.87,13.21,0.00,697
13.135,16.62,0.11,1.51,15.00,13.31,0.00,699
13.152,16.77,0.16,1.45,15.06,13.47,0.00,699
13.169,16.84,0.18,1.43,14.95,13.41,0.00,701
13.186,16.72,0.11,1.53,14.99,13.44,0.00,702
13.202,16.82,0.11,1.54,14.63,13.36,0.00,702
13.219,16.44,0.11,1.47,15.03,13.41,0.00,702
13.236,16.76,0.11,1.56,14.91,13.47,0.00,704
13.252,16.73,0.10,1.47,14.91,13.51,0.00,706
13.269,16.67,0.17,1.55,14.94,13.44,0.00,707
13.286,16.82,0.11,1.55,15.01,13.47,0.00,709
13.303,16.84,0.10,1.54,14.77,10.72,0.00,710
13.319,16.56,0.18,1.54,14.98,10.73,0.00,713
13.336,16.85,0.11,1.53,14.88,10.82,0.00,713
13.353,16.66,0.11,1.53,14.98,10.82,0.00,714
13.370,16.77,0.11,1.58,14.79,10.88,0.00,714
13.386,16.63,0.14,1.51,14.95,10.90,0.00,713
13.403,16.74,0.11,1.52,14.98,10.89,0.00,712
13.420,16.76,0.10,1.52,15.03,10.98,0.00,713
13.436,16.80,0.10,1.59,14.82,10.93,0.00,715
13.453,16.67,0.11,1.59,14.94,10.98,0.00,716
13.470,16.78,0.11,1.57,14.86,10.98,0.00,720
13.487,16.69,0.11,1.49,14.98,11.16,0.00,719
13.503,16.72,0.15,1.56,14.87,11.20,0.00,718
13.520,16.73,0.11,1.52,14.92,11.22,0.00,717
13.537,16.70,0.14,1.52,14.95,11.26,0.00,715
13.554,16.76,0.10,1.51,14.92,11.20,0.00,713
13.570,16.68,0.15,1.44,15.09,11.22,0.00,714
13.587,16.82,0.10,1.50,14.94,11.25,0.00,713
13.604,16.70,0.12,1.63,14.85,11.28,0.00,712
13.621,16.76,0.11,1.54,14.90,11.34,0.00,713
13.637,16.70,0.10,1.51,14.96,11.47,0.00,709
13.654,16.75,0.13,1.42,15.04,11.60,0.00,710
13.671,16.73,0.10,1.46,15.01,11.51,0.00,709
13.687,16.71,0.10,1.49,14.99,11.55,0.00,706
13.704,16.72,0.10,1.52,14.98,11.62,0.00,704
13.721,16.84,0.10,1.50,14.88,11.57,0.00,705
13.738,16.63,0.10,1.45,15.05,11.61,0.00,707
13.754,16.75,0.10,1.49,14.98,11.67,0.00,707
13.771,16.72,0.14,1.39,15.09,11.62,0.00,701
13.788,16.77,0.10,1.44,15.04,11.83,0.00,701
13.805,16.72,0.10,1.37,15.13,11.74,0.00,702
13.821,16.74,0.10,1.42,15.04,11.80,0.00,699
13.838,16.71,0.10,1.42,15.05,11.76,0.00,696
13.855,16.71,0.09,1.30,15.24,11.82,0.00,692
13.871,16.78,0.10,1.43,15.00,11.83,0.00,691
13.888,16.67,0.09,1.29,15.22,11.82,0.00,689
13.905,16.76,0.10,1.38,15.11,11.80,0.00,687
13.922,16.74,0.10,1.28,15.33,11.87,0.00,687
13.939,16.88,0.11,1.35,14.55,11.97,0.00,686
13.955,16.11,0.05,0.54,16.69,12.01,0.00,686
13.972,17.44,0.10,1.39,14.88,12.00,0.00,683
13.989,16.53,0.09,1.23,15.34,12.06,0.00,682
14.005,16.80,0.09,1.24,15.22,12.00,0.00,684
14.022,16.70,0.28,1.34,14.93,12.15,0.00,695
14.039,16.72,0.10,1.27,15.11,12.62,0.00,697
14.055,16.67,0.10,1.42,15.22,12.62,0.00,697
14.072,16.90,0.11,1.29,15.11,12.63,0.00,695
14.089,16.66,0.09,1.24,15.50,12.80,0.00,694
14.109,20.25,0.09,0.86,12.29,12.61,0.00,703
14.123,13.71,0.13,1.41,14.27,13.38,0.00,702
14.139,16.01,0.10,1.39,15.64,13.21,0.00,703
14.157,17.90,0.13,1.56,14.16,13.12,0.00,700
14.173,16.37,0.14,1.38,14.42,13.02,0.00,699
14.189,16.15,0.23,1.51,14.80,12.91,0.00,696
14.206,16.96,0.19,1.48,14.63,12.94,0.00,696
14.223,16.47,0.11,1.20,15.31,12.79,0.00,695
14.240,16.75,0.10,1.36,15.20,12.82,0.00,694
14.258,18.05,0.22,1.27,13.86,12.76,0.00,688
14.274,16.14,0.10,1.20,14.52,12.58,0.00,686
14.290,16.56,0.11,1.22,14.66,12.51,0.00,685
14.307,16.16,0.10,1.28,15.07,12.48,0.00,684
14.323,16.67,0.10,1.21,15.34,12.30,0.00,677
14.340,16.80,0.09,1.22,15.25,12.27,0.00,671
14.357,16.72,0.10,1.15,15.34,12.04,0.00,662
14.373,16.72,0.09,1.10,15.41,11.92,0.00,658
14.390,16.75,0.10,1.17,15.31,9.01,0.00,657
14.407,16.73,0.10,1.08,15.31,8.84,0.00,656
14.424,16.72,0.16,1.06,15.39,8.80,0.00,655
14.440,16.76,0.09,1.21,15.41,8.66,0.00,655
14.457,16.87,0.09,1.25,15.32,8.68,0.00,652
14.474,16.79,0.09,1.13,15.25,8.59,0.00,649
14.491,16.62,0.09,1.17,15.28,8.50,0.00,647
14.507,16.69,0.09,1.06,15.56,8.41,0.00,644
14.524,16.85,0.18,1.47,14.84,8.36,0.00,689
14.541,16.65,0.11,1.44,15.08,12.73,0.00,684
14.558,16.79,0.11,1.54,14.91,12.71,0.00,685
14.574,16.70,0.11,1.51,15.02,12.72,0.00,684
14.591,16.79,0.11,1.48,14.95,12.40,0.00,683
14.608,16.72,0.11,1.51,14.94,12.76,0.00,685
14.625,16.72,0.11,1.51,15.16,12.35,0.00,685
14.644,19.91,0.10,1.06,12.56,12.20,0.00,695
14.659,14.24,0.12,1.69,13.69,12.82,0.00,695
14.675,16.52,0.18,1.62,14.54,12.56,0.00,697
14.692,17.11,0.14,1.58,14.18,12.66,0.00,695
14.709,16.23,0.12,1.54,14.89,12.69,0.00,695
14.725,16.71,0.12,1.73,14.33,12.48,0.00,693
14.742,16.34,0.13,2.18,14.41,12.66,0.00,692
14.758,16.85,0.12,1.60,15.15,12.75,0.00,692
14.777,18.08,0.11,1.54,13.71,12.52,0.00,693
14.793,16.00,0.12,1.63,14.19,12.55,0.00,694
14.809,16.37,0.12,1.58,14.59,12.72,0.00,695
14.825,16.45,0.12,1.60,14.88,12.56,0.00,696
14.842,16.76,0.11,1.45,14.96,12.79,0.00,694
14.859,16.66,0.11,1.30,15.19,12.83,0.00,695
14.876,16.76,0.11,1.39,15.05,12.77,0.00,694
14.892,16.68,0.11,1.29,15.22,12.83,0.00,696
14.909,16.76,0.10,1.40,15.04,12.99,0.00,699
14.926,16.69,0.13,1.46,15.10,12.84,0.00,699
14.943,16.85,0.11,1.50,14.95,10.10,0.00,700
14.959,16.70,0.11,1.30,15.02,10.06,0.00,700
14.976,16.60,0.18,1.31,15.14,10.11,0.00,702
14.993,16.77,0.11,1.26,15.25,10.30,0.00,698
15.009,16.75,0.11,1.29,15.25,10.35,0.00,701
15.026,16.80,0.11,1.32,15.10,10.32,0.00,701
15.043,16.66,0.11,1.21,15.28,10.46,0.00,703
15.060,16.73,0.11,1.34,15.13,10.63,0.00,703
15.076,16.71,0.10,1.33,15.20,10.51,0.00,704
15.093,16.79,0.11,1.34,15.12,10.58,0.00,705
15.110,16.70,0.10,1.37,15.12,10.61,0.00,707
15.126,16.73,0.12,1.36,15.12,10.67,0.00,707
15.143,16.74,0.10,1.30,15.15,10.93,0.00,706
15.160,16.68,0.10,1.31,15.31,10.94,0.00,705
15.177,16.87,0.10,1.35,15.13,10.91,0.00,705
15.193,16.73,0.19,1.24,15.12,10.99,0.00,706
15.210,16.70,0.14,1.36,15.06,10.99,0.00,707
15.227,16.71,0.10,1.21,15.25,11.05,0.00,707
15.244,16.70,0.15,1.34,15.08,11.05,0.00,708
15.260,16.74,0.11,1.26,15.24,11.07,0.00,710
15.277,16.76,0.11,1.27,15.24,11.14,0.00,712
15.294,16.77,0.10,1.24,15.24,11.28,0.00,712
15.311,16.72,0.10,1.26,15.23,11.33,0.00,713
15.327,16.74,0.11,1.36,15.14,11.22,0.00,714
15.344,16.77,0.10,1.30,15.28,11.28,0.00,713
15.361,16.83,0.13,1.36,14.99,11.23,0.00,715
15.378,16.63,0.10,1.37,15.05,11.22,0.00,712
15.394,16.66,0.10,1.24,15.32,11.14,0.00,712
15.411,16.81,0.10,1.36,15.10,11.14,0.00,713
15.428,16.71,0.11,1.23,15.34,11.10,0.00,714
15.445,16.83,0.10,1.27,15.09,11.21,0.00,715
15.461,16.60,0.10,1.31,15.21,11.35,0.00,718
15.478,16.78,0.10,1.32,15.09,11.17,0.00,718
15.495,16.66,0.10,1.21,15.29,11.20,0.00,717
15.511,16.74,0.10,1.36,15.13,11.20,0.00,715
15.528,16.75,0.10,1.26,15.27,11.09,0.00,713
15.545,16.78,0.10,1.32,15.13,11.03,0.00,712
15.562,16.70,0.11,1.29,15.18,11.02,0.00,713
15.578,16.72,0.14,1.37,15.08,11.03,0.00,715
15.595,16.74,0.11,1.32,15.22,11.12,0.00,716
15.612,16.80,0.10,1.32,15.12,11.08,0.00,715
15.629,16.69,0.10,1.20,15.28,10.97,0.00,715
15.645,16.72,0.09,1.18,15.30,10.86,0.00,715
15.662,16.72,0.10,1.31,15.17,10.88,0.00,713
15.679,16.72,0.10,1.25,15.25,10.78,0.00,713
15.695,16.74,0.10,1.19,15.34,10.81,0.00,714
15.712,16.78,0.11,1.35,15.08,10.78,0.00,714
15.729,16.69,0.10,1.26,14.99,10.69,0.00,712
15.745,16.50,0.08,0.87,15.87,10.74,0.00,712
15.762,16.97,0.10,1.31,15.12,10.80,0.00,711
15.779,16.67,0.10,1.27,15.46,10.82,0.00,709
15.796,16.97,0.10,1.46,15.05,10.77,0.00,709
15.816,20.29,0.16,1.22,11.63,10.75,0.00,716
15.830,13.70,0.19,1.18,14.14,11.13,0.00,715
15.846,15.60,0.06,0.46,16.70,11.06,0.00,715
15.863,17.75,0.11,1.36,14.61,11.12,0.00,712
15.880,16.56,0.15,1.37,14.84,10.94,0.00,712
15.897,16.60,0.11,1.38,14.50,11.08,0.00,709
15.913,16.11,0.07,0.48,16.53,10.97,0.00,707
15.930,17.22,0.10,1.39,15.12,10.91,0.00,705
15.948,18.02,0.14,1.27,13.73,10.80,0.00,702
15.964,15.67,0.10,1.24,14.87,10.77,0.00,700
15.980,16.64,0.15,1.20,14.92,10.68,0.00,696
15.997,16.43,0.09,1.07,15.49,10.66,0.00,695
16.013,16.80,0.10,1.07,15.37,10.54,0.00,693
16.030,16.68,0.29,1.58,14.78,10.46,0.00,771
16.047,16.79,0.12,1.63,14.78,13.46,0.00,770
16.064,16.66,0.12,1.57,15.04,13.43,0.00,770
16.080,16.88,0.22,1.63,14.62,13.43,0.00,767
16.097,16.62,0.12,1.61,14.81,13.25,0.00,768
16.114,16.69,0.12,1.63,14.78,13.37,0.00,769
16.130,16.76,0.13,1.54,14.91,13.32,0.00,768
16.147,16.73,0.12,1.58,14.87,13.19,0.00,769
16.164,16.72,0.13,1.54,14.83,13.18,0.00,769
16.181,16.68,0.12,1.70,14.86,13.15,0.00,769
16.197,16.84,0.13,1.63,14.89,13.19,0.00,769
16.214,16.81,0.13,1.63,14.79,13.32,0.00,769
16.231,16.72,0.13,1.61,14.73,13.21,0.00,769
16.248,16.62,0.12,1.57,14.95,13.17,0.00,769
16.264,16.81,0.13,1.63,14.84,13.35,0.00,770
16.285,20.31,0.13,1.64,11.46,13.27,0.00,781
16.298,13.74,0.18,1.72,13.80,13.95,0.00,781
16.314,15.81,0.06,0.63,16.28,13.88,0.00,781
16.332,17.66,0.27,1.73,14.05,14.01,0.00,781
16.348,16.56,0.14,1.68,14.46,13.90,0.00,780
16.365,16.49,0.15,1.86,14.19,13.90,0.00,780
16.381,16.48,0.25,2.24,14.08,13.88,0.00,776
16.398,16.71,0.12,1.71,14.99,13.83,0.00,774
16.416,18.15,0.14,1.69,13.47,13.74,0.00,772
16.432,15.98,0.12,1.59,14.29,13.80,0.00,771
16.449,16.45,0.13,1.66,14.47,10.90,0.00,769
16.465,16.44,0.14,1.74,14.67,10.94,0.00,766
16.482,16.71,0.12,1.66,14.81,11.01,0.00,758
16.499,16.74,0.12,1.24,15.25,10.95,0.00,695
16.515,16.76,0.12,1.26,15.10,10.81,0.00,696
16.532,16.64,0.12,1.28,15.17,10.84,0.00,695
16.549,16.71,0.11,1.26,15.14,10.81,0.00,696
16.565,16.71,0.12,1.26,15.31,10.85,0.00,696
16.582,16.86,0.12,1.30,15.10,10.80,0.00,697
16.599,16.66,0.12,1.30,15.15,10.83,0.00,698
16.616,16.72,0.12,1.21,15.50,10.87,0.00,701
16.633,16.98,0.12,1.33,15.28,10.96,0.00,700
16.653,19.86,0.12,0.97,12.48,10.96,0.00,711
16.667,14.21,0.12,1.41,13.85,11.46,0.00,714
16.682,15.50,0.11,0.48,16.56,11.49,0.00,716
16.700,17.79,0.13,1.33,14.60,11.48,0.00,714
16.717,16.55,0.13,1.31,14.93,11.48,0.00,714
16.733,16.64,0.21,1.33,14.36,11.44,0.00,714
16.749,16.13,0.12,2.02,14.76,11.44,0.00,714
16.766,17.02,0.13,1.34,15.17,11.43,0.00,716
16.784,17.74,0.12,1.32,14.08,11.55,0.00,716
16.800,16.17,0.12,1.23,14.71,11.52,0.00,716
16.817,16.47,0.14,1.28,14.95,11.48,0.00,715
16.833,16.55,0.13,1.28,15.24,11.46,0.00,716
16.850,16.81,0.12,1.36,14.94,11.46,0.00,715
16.867,16.56,0.12,1.22,15.29,11.51,0.00,716
16.883,16.77,0.12,1.30,15.15,11.42,0.00,715
16.900,16.70,0.12,1.22,15.26,11.37,0.00,716
16.917,16.75,0.12,1.32,15.14,11.36,0.00,718
16.934,16.72,0.15,1.23,15.24,11.55,0.00,719
16.950,16.79,0.11,1.32,15.13,11.50,0.00,721
16.967,16.71,0.13,1.28,15.13,11.45,0.00,719
16.984,16.68,0.12,1.28,15.19,11.39,0.00,720
17.001,16.72,0.11,1.24,15.25,11.32,0.00,718
17.017,16.75,0.11,1.24,15.30,11.26,0.00,719
17.034,16.80,0.12,1.29,15.09,11.35,0.00,719
17.051,16.65,0.12,1.29,15.17,11.36,0.00,718
17.067,16.72,0.12,1.23,15.27,11.35,0.00,717
17.084,16.77,0.11,1.22,15.24,11.38,0.00,717
17.101,16.72,0.12,1.30,15.31,11.30,0.00,717
17.118,16.88,0.11,1.30,15.09,11.24,0.00,717
17.134,16.65,0.20,1.34,15.18,11.15,0.00,718
17.151,16.87,0.11,1.29,15.07,11.05,0.00,716
17.168,16.63,0.12,1.24,15.30,10.99,0.00,716
17.185,16.82,0.11,1.28,15.15,10.95,0.00,714
17.201,16.68,0.12,1.35,15.15,10.88,0.00,712
17.218,16.79,0.12,1.24,15.26,10.84,0.00,712
17.235,16.79,0.14,1.31,15.04,10.89,0.00,713
17.252,16.64,0.11,1.25,15.28,10.88,0.00,713
17.268,16.79,0.11,1.24,15.31,10.92,0.00,711
17.285,16.82,0.11,1.25,15.09,10.78,0.00,709
17.302,16.61,0.13,1.26,15.18,10.72,0.00,708
17.319,16.72,0.11,1.29,15.17,10.67,0.00,707
17.335,16.75,0.12,1.17,15.23,10.64,0.00,706
17.352,16.67,0.11,1.30,15.22,10.66,0.00,706
17.369,16.78,0.11,1.21,15.25,10.58,0.00,707
17.386,16.73,0.11,1.29,15.14,10.65,0.00,707
17.402,16.69,0.11,1.20,15.33,10.59,0.00,706
17.419,16.80,0.11,1.19,15.22,10.56,0.00,702
17.436,16.66,0.11,1.18,15.33,10.65,0.00,701
17.452,16.77,0.15,1.24,15.27,10.58,0.00,703
17.469,16.80,0.11,1.18,15.19,10.50,0.00,701
17.486,16.63,0.11,1.15,15.36,10.51,0.00,702
17.503,16.77,0.11,1.20,15.28,10.40,0.00,702
17.519,16.74,0.11,1.21,15.37,10.46,0.00,702
17.536,16.83,0.11,1.13,15.28,10.58,0.00,698
17.553,16.68,0.11,1.21,15.22,8.93,0.00,698
17.570,16.69,0.11,1.17,15.37,8.97,0.00,694
17.586,16.81,0.11,1.13,15.41,9.00,0.00,695
17.603,16.80,0.12,1.15,15.23,8.90,0.00,695
17.620,16.65,0.10,1.13,15.34,8.93,0.00,694
17.637,16.74,0.11,1.09,15.36,9.00,0.00,693
17.653,16.71,0.10,1.14,15.27,8.95,0.00,691
17.670,16.67,0.11,1.07,15.40,8.98,0.00,692
17.687,16.72,0.11,1.13,15.62,9.02,0.00,693
17.707,20.33,0.09,0.75,12.47,8.92,0.00,701
17.721,13.87,0.11,1.25,14.03,9.37,0.00,698
17.736,15.48,0.04,0.45,16.84,9.32,0.00,697
17.754,18.09,0.14,1.22,14.59,9.39,0.00,696
17.771,16.33,0.11,1.17,15.07,9.32,0.00,694
17.787,16.53,0.11,1.24,14.33,9.29,0.00,693
17.803,15.93,0.02,0.14,17.21,9.38,0.00,690
17.821,17.56,0.13,1.17,15.30,9.44,0.00,690
17.839,17.86,0.12,1.15,14.17,9.55,0.00,689
17.855,16.10,0.10,1.11,14.69,9.46,0.00,680
17.871,16.29,0.12,1.10,15.11,9.39,0.00,680
17.888,16.50,0.10,1.06,15.37,9.40,0.00,677
17.904,16.69,0.11,1.16,15.34,9.29,0.00,673
17.921,16.77,0.11,1.09,15.37,9.27,0.00,668
17.938,16.72,0.10,1.17,15.34,9.25,0.00,669
17.955,16.75,0.10,1.05,15.40,9.16,0.00,669
17.971,16.69,0.11,1.08,15.39,9.15,0.00,668
17.988,16.72,0.10,1.04,15.45,9.33,0.00,668
18.005,16.75,0.11,0.71,15.76,9.25,0.00,640
18.021,16.72,0.11,0.67,15.88,9.27,0.00,637
18.038,16.80,0.32,0.79,15.28,9.18,0.00,686
18.055,16.64,0.11,0.80,15.75,10.02,0.00,685
18.072,16.80,0.10,0.80,15.67,10.04,0.00,685
18.088,16.71,0.10,0.84,15.55,10.02,0.00,684
18.105,16.70,0.17,0.84,15.60,9.90,0.00,683
18.122,16.76,0.11,0.82,15.65,9.92,0.00,680
18.139,16.71,0.10,0.79,15.70,9.87,0.00,680
18.155,16.72,0.10,0.79,15.59,9.74,0.00,680
18.172,16.71,0.11,0.80,15.77,9.74,0.00,675
18.189,16.91,0.11,0.76,15.63,9.68,0.00,674
18.205,16.65,0.11,0.79,15.65,9.62,0.00,673
18.222,16.69,0.17,0.81,15.60,9.50,0.00,671
18.239,16.75,0.11,0.84,16.02,9.49,0.00,670
18.259,20.36,0.33,0.57,12.09,9.45,0.00,679
18.273,13.33,0.09,0.65,15.16,9.97,0.00,677
18.289,15.96,0.04,0.37,16.93,10.12,0.00,674
18.307,18.03,0.12,0.85,15.03,10.16,0.00,673
18.323,16.52,0.11,0.88,15.24,10.12,0.00,667
18.340,16.43,0.11,0.86,15.95,10.00,0.00,666
18.357,17.59,0.15,0.94,14.65,9.78,0.00,664
18.373,15.87,0.10,0.88,15.60,9.69,0.00,659
18.390,16.70,0.10,0.80,15.74,9.57,0.00,657
18.407,16.77,0.10,0.80,15.64,9.54,0.00,657
18.423,16.65,0.12,0.80,15.66,9.30,0.00,657
18.440,16.70,0.11,0.86,15.78,9.34,0.00,656
18.458,18.19,0.11,0.83,14.28,9.25,0.00,655
18.474,15.84,0.11,0.80,15.12,9.16,0.00,653
18.490,16.49,0.11,0.78,15.36,9.08,0.00,650
18.507,16.41,0.10,0.81,15.66,8.99,0.00,648
18.524,16.71,0.10,0.84,15.64,8.94,0.00,643
18.540,16.74,0.10,0.83,15.65,8.87,0.00,643
18.557,16.73,0.10,0.84,15.68,8.86,0.00,641
18.574,16.76,0.11,0.84,15.73,8.88,0.00,639
18.591,16.83,0.10,0.83,15.69,8.93,0.00,638
18.607,16.79,0.11,0.80,15.52,8.87,0.00,638
18.624,16.57,0.10,0.86,15.62,8.72,0.00,636
18.641,16.76,0.11,1.02,15.91,8.74,0.00,636
18.658,17.17,0.10,0.82,15.74,8.55,0.00,637
18.675,16.79,0.10,0.84,15.63,8.49,0.00,636
18.691,16.71,0.10,0.81,15.69,8.46,0.00,636
18.708,16.75,0.10,0.85,15.66,8.54,0.00,635
18.725,16.74,0.10,0.81,15.69,8.46,0.00,636
18.742,16.76,0.10,0.80,15.70,8.58,0.00,637
18.758,16.73,0.10,0.82,15.54,8.45,0.00,637
18.775,16.59,0.11,0.77,15.83,8.49,0.00,637
18.792,16.85,0.10,0.89,15.61,8.40,0.00,639
18.809,16.74,0.12,0.83,15.74,8.44,0.00,640
18.825,16.83,0.15,0.84,15.47,8.34,0.00,642
18.842,16.61,0.10,0.84,15.59,8.40,0.00,641
18.859,16.68,0.10,0.83,15.90,8.31,0.00,641
18.876,16.99,0.11,0.88,15.41,8.32,0.00,644
18.892,16.54,0.10,0.82,15.67,8.40,0.00,643
18.909,16.73,0.10,0.84,15.71,8.38,0.00,642
18.926,16.79,0.10,0.87,15.64,8.33,0.00,644
18.942,16.75,0.09,0.82,15.66,8.27,0.00,644
18.959,16.73,0.10,0.77,15.66,8.31,0.00,641
18.976,16.67,0.10,0.87,15.81,8.24,0.00,640
18.993,16.93,0.10,0.84,15.50,8.20,0.00,639
19.009,16.59,0.32,1.01,15.23,8.17,0.00,702
19.026,16.70,0.10,1.03,15.48,8.86,0.00,704
19.043,16.76,0.10,1.05,15.47,8.97,0.00,702
19.060,16.77,0.10,0.98,15.34,9.00,0.00,700
19.076,16.56,0.11,1.04,15.61,9.04,0.00,697
19.093,16.91,0.10,0.99,15.45,8.97,0.00,696
19.110,16.67,0.10,0.93,15.54,8.88,0.00,695
19.126,16.71,0.10,1.04,15.38,8.90,0.00,695
19.143,16.66,0.10,1.01,15.56,8.85,0.00,696
19.160,16.80,0.10,0.94,15.56,8.82,0.00,697
19.177,16.73,0.10,0.99,15.53,8.83,0.00,696
19.193,16.77,0.11,1.03,15.44,8.92,0.00,697
19.210,16.72,0.10,1.03,15.46,8.83,0.00,697
19.227,16.73,0.11,1.15,15.35,8.88,0.00,696
19.244,16.75,0.11,0.96,15.60,8.93,0.00,694
19.260,16.83,0.10,1.04,15.33,8.91,0.00,695
19.277,16.67,0.11,0.93,15.40,8.96,0.00,694
19.294,16.58,0.10,1.27,15.40,9.02,0.00,696
19.314,20.48,0.12,0.98,12.12,8.98,0.00,706
19.328,13.85,0.11,1.18,14.51,9.65,0.00,706
19.344,15.94,0.14,1.15,15.46,9.59,0.00,706
19.362,17.59,0.12,1.11,14.72,9.63,0.00,704
19.378,16.41,0.12,1.12,14.73,9.56,0.00,701
19.394,16.16,0.22,1.11,15.02,9.54,0.00,700
19.411,16.46,0.05,0.46,16.41,9.41,0.00,700
19.429,18.35,0.18,1.20,13.89,9.42,0.00,698
19.448,18.80,0.11,1.01,12.27,9.30,0.00,708
19.462,13.83,0.21,1.05,14.42,9.86,0.00,708
19.477,15.74,0.06,0.36,16.83,9.68,0.00,709
19.495,17.93,0.11,1.18,14.79,9.97,0.00,707
19.512,16.68,0.14,1.09,15.14,9.96,0.00,707
19.530,17.99,0.11,1.20,13.13,9.98,0.00,705
19.545,14.91,0.06,0.75,15.77,9.96,0.00,704
19.562,16.72,0.20,1.03,15.28,9.96,0.00,702
19.578,16.70,0.16,1.19,15.35,9.93,0.00,702
19.595,16.85,0.10,1.06,15.39,9.88,0.00,701
19.612,16.69,0.10,1.08,15.40,9.84,0.00,702
19.629,16.77,0.11,1.09,15.32,9.66,0.00,704
19.645,16.66,0.15,1.05,15.42,9.70,0.00,702
19.662,16.77,0.10,1.05,15.34,9.61,0.00,701
19.679,16.63,0.10,1.07,15.53,9.49,0.00,698
19.695,16.84,0.10,1.14,15.33,9.40,0.00,697
19.712,16.73,0.10,1.16,15.33,9.39,0.00,696
19.729,16.74,0.11,1.01,15.50,9.25,0.00,694
19.746,16.77,0.10,1.04,15.42,9.17,0.00,692
19.762,16.69,0.10,1.04,15.42,9.25,0.00,692
19.779,16.70,0.10,1.00,15.50,9.11,0.00,693
19.796,16.73,0.09,1.07,15.34,9.27,0.00,692
19.812,16.64,0.14,0.99,15.51,9.18,0.00,688
19.829,16.80,0.10,1.02,15.58,9.14,0.00,687
19.846,16.87,0.11,1.07,15.29,9.01,0.00,684
19.863,16.60,0.09,1.03,15.52,9.00,0.00,679
19.879,16.77,0.10,0.99,15.54,8.83,0.00,678
19.896,16.78,0.10,0.94,15.56,8.66,0.00,678
19.913,16.74,0.10,1.07,15.35,8.66,0.00,678
19.930,16.67,0.10,0.98,15.60,8.56,0.00,677
19.946,16.82,0.10,1.09,15.38,8.48,0.00,677
19.963,16.71,0.09,0.99,15.37,8.50,0.00,674
19.980,16.60,0.10,0.99,15.50,8.43,0.00,672
19.996,16.71,0.09,0.96,15.66,8.35,0.00,671
20.013,16.85,0.10,0.91,15.47,8.33,0.00,669
20.030,16.62,0.10,0.90,15.72,8.30,0.00,669
20.047,16.86,0.34,0.96,15.29,8.31,0.00,708
20.064,16.74,0.10,1.01,15.42,8.68,0.00,708
20.080,16.68,0.10,1.01,15.54,8.68,0.00,708
20.097,16.80,0.10,1.01,15.48,8.71,0.00,706
20.114,16.74,0.10,1.03,15.47,8.74,0.00,705
20.131,16.74,0.10,1.00,15.31,8.68,0.00,705
20.147,16.57,0.10,1.05,15.69,8.48,0.00,705
20.164,17.00,0.11,1.04,15.24,8.50,0.00,705
20.181,16.53,0.09,0.96,15.66,8.43,0.00,703
20.197,16.86,0.10,1.06,15.37,8.45,0.00,700
20.214,16.67,0.10,0.97,15.56,8.46,0.00,702
20.231,16.80,0.10,1.05,15.42,8.51,0.00,700
20.248,16.72,0.09,0.94,15.56,8.43,0.00,698
20.264,16.74,0.09,1.12,15.42,8.45,0.00,696
20.281,16.80,0.10,0.93,15.78,8.51,0.00,694
20.301,19.48,0.08,0.73,13.03,8.42,0.00,704
20.315,14.41,0.11,1.12,14.50,9.11,0.00,705
20.331,15.90,0.10,1.20,15.59,9.09,0.00,702
20.349,17.67,0.11,1.04,14.85,9.05,0.00,703
20.365,16.55,0.11,1.03,14.94,9.03,0.00,703
20.382,16.36,0.13,1.06,15.51,9.09,0.00,701
20.398,16.91,0.11,1.30,14.96,9.02,0.00,700
20.416,17.59,0.10,1.08,14.26,9.03,0.00,700
20.432,16.10,0.09,0.99,15.01,9.02,0.00,701
20.449,16.47,0.13,1.04,15.26,9.00,0.00,701
20.465,16.60,0.10,1.04,15.45,8.98,0.00,699
20.482,16.73,0.09,1.03,14.85,8.99,0.00,697
20.498,16.13,0.09,1.06,15.51,9.04,0.00,697
20.515,16.80,0.10,0.95,15.49,9.04,0.00,695
20.532,16.68,0.09,0.95,15.50,9.14,0.00,693
20.548,16.70,0.09,1.06,15.43,9.18,0.00,694
20.565,16.72,0.10,0.97,15.62,9.24,0.00,693
20.582,16.83,0.09,0.96,15.90,9.20,0.00,689
20.599,17.10,0.09,0.95,15.66,9.27,0.00,688
20.616,16.84,0.09,1.03,15.47,9.32,0.00,689
20.632,16.73,0.09,1.04,15.46,9.34,0.00,688
20.649,16.80,0.10,1.06,15.35,9.32,0.00,689
20.666,16.64,0.09,0.98,15.55,9.33,0.00,689
20.683,16.76,0.09,0.93,15.57,9.37,0.00,690
20.699,16.74,0.10,1.03,15.43,9.42,0.00,691
20.716,16.70,0.09,0.92,15.53,9.41,0.00,689
20.733,16.68,0.09,1.08,15.24,9.45,0.00,688
20.749,16.53,0.07,0.62,16.16,9.41,0.00,687
20.766,16.99,0.09,0.99,15.54,9.45,0.00,685
20.783,16.76,0.09,0.94,15.54,9.49,0.00,685
20.800,16.71,0.09,0.93,15.52,9.60,0.00,685
20.816,16.66,0.09,0.94,15.68,9.60,0.00,686
20.833,16.86,0.09,1.02,15.37,9.75,0.00,685
20.850,16.61,0.09,0.95,15.62,9.78,0.00,684
20.867,16.80,0.08,0.99,15.51,9.67,0.00,681
20.883,16.71,0.09,0.94,15.56,9.70,0.00,681
20.900,16.72,0.09,0.93,15.65,9.61,0.00,681
20.917,16.81,0.09,0.93,15.56,9.57,0.00,681
20.934,16.72,0.09,0.89,15.58,9.50,0.00,680
20.950,16.70,0.09,0.94,15.55,9.42,0.00,679
20.967,16.74,0.10,0.99,15.49,9.45,0.00,679
20.984,16.72,0.09,0.83,15.68,9.46,0.00,678
21.001,16.74,0.09,0.82,15.74,9.47,0.00,678
21.017,16.78,0.32,1.06,15.14,9.48,0.00,699
21.034,16.66,0.09,1.09,15.42,10.03,0.00,697
21.051,16.74,0.09,1.07,15.43,10.19,0.00,698
21.067,16.73,0.09,1.09,15.40,10.20,0.00,698
21.084,16.73,0.09,1.08,15.40,10.16,0.00,699
21.101,16.72,0.10,1.04,15.68,10.09,0.00,700
21.118,16.97,0.10,1.13,15.16,10.06,0.00,701
21.134,16.54,0.09,1.01,15.51,10.10,0.00,701
21.151,16.76,0.10,1.06,15.36,9.99,0.00,699
21.168,16.66,0.09,1.07,15.45,9.82,0.00,697
21.185,16.76,0.09,1.04,15.43,9.76,0.00,695
21.201,16.71,0.09,1.06,15.50,9.57,0.00,695
21.218,16.79,0.10,1.05,15.38,9.48,0.00,695
21.235,16.67,0.10,0.98,15.56,9.46,0.00,693
21.252,16.77,0.09,1.00,15.55,9.45,0.00,693
21.271,19.33,0.07,0.87,13.28,9.36,0.00,704
21.286,14.77,0.11,1.08,14.43,10.02,0.00,704
21.301,15.71,0.05,0.43,16.77,10.04,0.00,704
21.319,17.93,0.19,1.18,14.50,9.91,0.00,703
21.336,16.38,0.15,1.10,15.07,9.82,0.00,700
21.352,16.56,0.10,1.20,15.74,9.76,0.00,700
21.371,18.37,0.14,1.03,13.56,9.68,0.00,698
21.386,15.47,0.09,1.13,14.68,9.47,0.00,694
21.402,16.05,0.09,1.06,15.40,9.39,0.00,693
21.419,16.70,0.10,1.03,15.46,9.34,0.00,693
21.436,16.73,0.10,1.01,15.50,9.57,0.00,692
21.452,16.75,0.09,1.00,15.53,9.41,0.00,692
21.469,16.77,0.10,1.08,15.37,9.37,0.00,692
21.486,16.69,0.09,1.03,15.46,9.39,0.00,692
21.503,16.73,0.10,1.02,15.47,9.25,0.00,692
21.519,16.72,0.09,1.10,15.52,9.22,0.00,692
21.539,19.49,0.11,0.77,13.40,9.25,0.00,702
21.554,14.83,0.10,1.17,14.13,9.77,0.00,702
21.569,15.47,0.04,0.40,16.77,9.86,0.00,702
21.587,17.88,0.10,1.39,14.47,9.74,0.00,702
21.603,16.51,0.10,1.17,14.92,9.69,0.00,703
21.621,17.42,0.10,1.07,13.95,9.64,0.00,700
21.637,15.77,0.10,1.58,14.82,9.29,0.00,698
21.654,16.95,0.12,1.13,14.94,9.21,0.00,698
21.670,16.36,0.09,1.21,15.23,9.13,0.00,698
21.687,16.72,0.09,1.12,15.35,9.06,0.00,698
21.703,16.73,0.10,1.10,15.33,9.03,0.00,698
21.720,16.68,0.10,1.09,15.44,8.96,0.00,699
21.737,16.77,0.09,1.18,15.26,9.01,0.00,698
21.754,16.69,0.09,1.08,15.25,9.03,0.00,693
21.770,16.54,0.07,0.73,16.13,8.91,0.00,692
21.787,17.08,0.10,1.17,15.24,8.88,0.00,690
21.804,16.67,0.09,1.03,15.42,8.93,0.00,685
21.820,16.67,0.08,1.01,15.53,8.85,0.00,685
21.837,16.77,0.09,1.04,15.48,8.87,0.00,685
21.854,16.75,0.09,1.01,15.39,8.86,0.00,683
21.871,16.63,0.09,0.95,15.54,8.81,0.00,682
21.887,16.71,0.08,0.97,15.56,8.88,0.00,682
21.904,16.75,0.09,1.01,15.53,8.87,0.00,681
21.921,16.82,0.09,1.04,15.50,8.85,0.00,679
21.938,16.76,0.09,1.03,15.48,8.82,0.00,669
21.954,16.75,0.08,1.09,15.31,8.81,0.00,667
21.971,16.62,0.09,0.98,15.53,8.79,0.00,666
21.988,16.75,0.09,0.96,15.61,8.84,0.00,664
22.005,16.79,0.08,0.97,15.51,8.84,0.00,664
22.021,16.70,0.07,0.91,15.54,8.90,0.00,660
22.038,16.66,0.06,0.91,15.69,9.18,0.00,660
22.055,16.81,0.06,0.84,15.68,9.25,0.00,659
22.071,16.72,0.07,0.91,15.63,9.36,0.00,657
22.088,16.77,0.07,0.87,15.61,9.50,0.00,654
22.105,16.69,0.06,0.90,15.70,9.51,0.00,654
22.122,16.80,0.06,0.89,15.54,9.54,0.00,654
22.138,16.63,0.06,0.92,15.70,9.56,0.00,653
22.155,16.82,0.06,0.90,15.61,9.48,0.00,652
22.172,16.72,0.07,0.85,15.68,9.47,0.00,652
22.189,16.73,0.06,0.93,15.45,9.48,0.00,653
22.205,16.59,0.06,0.84,15.43,9.51,0.00,651
22.222,16.43,0.04,0.46,16.07,9.46,0.00,649
22.238,16.63,0.03,0.33,16.28,9.32,0.00,649
22.255,16.70,0.03,0.34,16.91,9.60,0.00,648
22.272,17.43,0.06,0.84,15.52,9.63,0.00,646
22.289,16.57,0.06,0.90,15.62,9.82,0.00,645
22.306,16.73,0.06,0.90,15.67,9.96,0.00,645
22.322,16.78,0.07,0.91,15.80,10.03,0.00,644
22.342,19.44,0.08,0.77,13.29,10.19,0.00,644
22.356,14.30,0.08,0.92,15.36,10.14,0.00,643
22.373,16.48,0.06,0.92,15.54,10.04,0.00,639
22.389,16.77,0.06,0.93,15.52,9.92,0.00,638
22.406,16.62,0.06,0.93,15.60,9.78,0.00,636
22.423,16.83,0.06,0.88,15.61,9.67,0.00,633
22.440,16.67,0.06,0.87,15.70,9.55,0.00,632
22.456,16.80,0.06,0.92,15.47,9.39,0.00,632
22.473,16.59,0.11,0.87,15.65,9.34,0.00,631
22.490,16.82,0.06,0.86,15.62,9.42,0.00,630
22.507,16.76,0.06,1.03,15.60,9.45,0.00,614
22.525,18.26,0.06,0.82,14.16,9.46,0.00,611
22.540,15.39,0.13,0.78,15.44,9.50,0.00,609
22.557,16.68,0.06,0.83,15.58,9.48,0.00,610
22.574,16.64,0.06,0.84,15.62,9.49,0.00,608
22.590,16.66,0.06,0.79,15.70,9.43,0.00,604
22.607,16.69,0.06,0.82,15.74,9.35,0.00,604
22.624,16.77,0.07,0.78,15.68,9.27,0.00,601
22.640,16.68,0.06,0.87,15.79,9.15,0.00,601
22.657,16.86,0.06,0.81,15.73,9.00,0.00,599
22.674,16.74,0.06,0.82,15.67,8.77,0.00,597
22.691,16.68,0.06,0.89,15.71,8.69,0.00,595
22.707,16.81,0.06,0.87,15.59,8.53,0.00,593
22.724,16.65,0.06,0.83,15.64,8.45,0.00,589
22.741,16.66,0.06,0.77,15.76,8.44,0.00,587
22.757,16.73,0.06,0.73,15.90,8.41,0.00,586
22.774,16.83,0.06,0.82,15.61,8.33,0.00,586
22.791,16.63,0.06,0.78,15.83,8.46,0.00,586
22.808,16.82,0.06,0.77,15.68,8.49,0.00,584
22.824,16.66,0.13,0.93,15.57,8.33,0.00,581
22.845,20.27,0.06,0.73,12.27,8.30,0.00,558
22.858,13.21,0.13,0.87,15.58,8.18,0.00,556
22.875,16.80,0.06,0.81,15.69,8.07,0.00,553
22.891,16.67,0.05,0.88,15.60,7.94,0.00,552
22.908,16.65,0.05,0.91,15.77,7.86,0.00,552
22.925,16.91,0.06,0.79,15.80,7.78,0.00,550
22.943,18.35,0.06,0.82,14.05,7.74,0.00,550
22.958,15.19,0.06,0.79,15.66,7.70,0.00,547
22.975,16.86,0.11,0.74,14.93,7.72,0.00,542
22.991,15.96,0.05,0.71,15.75,7.64,0.00,539
23.008,16.65,0.05,0.68,15.88,7.73,0.00,531
23.025,16.74,0.24,0.87,15.59,7.65,0.00,546
23.042,16.85,0.06,0.82,15.61,8.39,0.00,542
23.058,16.63,0.06,0.90,15.76,8.48,0.00,541
23.075,16.87,0.07,0.82,15.65,8.44,0.00,542
23.095,19.91,0.07,1.04,12.12,8.72,0.00,552
23.109,13.66,0.05,0.90,14.99,9.14,0.00,550
23.125,16.01,0.03,0.36,16.86,9.12,0.00,548
23.142,17.79,0.12,0.92,15.16,9.18,0.00,549
23.159,16.64,0.07,0.94,15.22,9.22,0.00,549
23.175,16.43,0.06,1.02,14.91,9.18,0.00,550
23.192,16.11,0.03,0.35,16.84,9.18,0.00,548
23.209,17.38,0.07,0.87,15.62,9.16,0.00,549
23.227,18.03,0.07,0.96,14.10,9.15,0.00,551
23.243,15.76,0.06,0.91,15.09,9.28,0.00,550
23.259,16.50,0.07,0.87,15.37,9.30,0.00,550
23.276,16.46,0.06,0.91,15.58,9.31,0.00,550
23.292,16.70,0.06,0.92,15.67,9.15,0.00,550
23.309,16.79,0.06,0.89,15.55,9.26,0.00,549
23.326,16.66,0.06,0.94,15.74,9.32,0.00,549
23.343,16.88,0.06,0.85,15.59,9.29,0.00,549
23.359,16.65,0.06,0.90,15.71,9.27,0.00,548
23.376,16.82,0.15,1.34,14.98,9.29,0.00,631
23.393,16.61,0.10,1.40,15.08,13.56,0.00,632
23.410,16.73,0.10,1.35,15.10,13.50,0.00,634
23.426,16.68,0.10,1.31,15.20,13.46,0.00,635
23.443,16.76,0.10,1.43,15.18,13.46,0.00,634
23.460,16.89,0.11,1.42,14.60,13.47,0.00,636
23.476,16.29,0.07,0.87,16.09,13.59,0.00,635
23.493,17.17,0.11,1.44,15.09,13.55,0.00,635
23.513,20.10,0.11,1.40,11.35,13.72,0.00,638
23.526,12.97,0.08,0.97,15.95,13.71,0.00,642
23.544,17.12,0.11,1.42,14.97,13.69,0.00,643
23.560,16.61,0.11,1.46,15.14,13.92,0.00,644
23.577,16.82,0.10,1.40,15.12,14.10,0.00,643
23.594,16.74,0.10,1.34,15.24,14.05,0.00,645
23.610,16.80,0.10,1.39,15.05,14.40,0.00,645
23.627,16.66,0.10,1.44,15.12,14.16,0.00,644
23.646,18.40,0.11,1.38,13.40,14.13,0.00,648
23.661,15.30,0.11,1.41,14.71,14.14,0.00,651
23.678,16.67,0.13,1.43,14.80,14.06,0.00,654
23.694,16.53,0.10,1.38,15.02,14.16,0.00,651
23.711,16.64,0.10,1.44,15.04,14.27,0.00,654
23.727,16.73,0.10,1.39,15.16,14.21,0.00,656
23.744,16.80,0.10,1.48,14.90,14.24,0.00,656
23.761,16.65,0.10,1.33,15.18,14.47,0.00,661
23.778,16.75,0.17,1.34,15.10,14.58,0.00,661
23.794,16.75,0.10,1.49,15.00,11.77,0.00,662
23.811,16.74,0.10,1.44,15.08,11.88,0.00,661
23.828,16.76,0.10,1.40,15.07,11.96,0.00,662
23.845,16.70,0.10,1.49,15.03,12.07,0.00,668
23.861,16.77,0.10,1.43,15.03,12.06,0.00,668
23.878,16.70,0.10,1.42,15.08,12.06,0.00,667
23.895,16.76,0.10,1.34,15.14,11.99,0.00,668
23.912,16.72,0.12,1.43,15.03,11.90,0.00,670
23.928,16.73,0.09,1.35,15.12,11.88,0.00,670
23.945,16.70,0.09,1.42,15.18,11.73,0.00,670
23.962,16.84,0.09,1.32,15.18,11.72,0.00,669
23.979,16.73,0.10,1.36,15.14,11.75,0.00,673
23.995,16.74,0.10,1.38,15.23,11.88,0.00,674
24.012,16.86,0.28,1.62,14.50,11.91,0.00,712
24.029,16.55,0.10,1.63,15.35,12.57,0.00,711
24.046,17.22,0.10,1.62,14.95,12.62,0.00,710
24.063,16.81,0.26,1.75,14.59,12.59,0.00,728
24.079,16.75,0.10,1.72,14.62,13.16,0.00,724
24.096,16.58,0.10,1.67,14.93,13.06,0.00,721
24.113,16.84,0.10,1.70,14.67,13.02,0.00,715
24.130,16.62,0.10,1.64,14.94,13.04,0.00,713
24.146,16.83,0.10,1.64,14.75,13.11,0.00,713
24.163,16.63,0.10,1.62,14.99,13.05,0.00,712
24.180,16.86,0.10,1.67,14.70,13.04,0.00,708
24.196,16.62,0.10,1.67,14.78,12.99,0.00,707
24.213,16.71,0.10,1.62,14.95,12.90,0.00,704
24.230,16.83,0.10,1.72,14.73,12.85,0.00,702
24.247,16.69,0.10,1.61,14.83,12.81,0.00,702
24.263,16.71,0.10,1.67,14.91,12.81,0.00,701
24.280,16.83,0.11,1.60,14.86,12.81,0.00,699
24.297,16.72,0.10,1.66,14.86,12.90,0.00,697
24.314,16.76,0.10,1.61,14.90,12.87,0.00,696
24.330,16.76,0.10,1.62,14.84,12.86,0.00,691
24.347,16.71,0.10,1.66,14.74,12.81,0.00,688
24.364,16.65,0.10,1.62,15.00,12.78,0.00,688
24.381,16.88,0.10,1.54,14.87,12.78,0.00,685
24.397,16.65,0.09,1.53,14.90,12.74,0.00,680
24.414,16.66,0.10,1.54,15.01,12.69,0.00,681
24.431,16.80,0.09,1.61,14.81,12.85,0.00,680
24.447,16.64,0.09,1.48,15.06,12.80,0.00,678
24.464,16.78,0.09,1.64,14.87,12.77,0.00,674
24.481,16.74,0.10,1.52,14.94,12.72,0.00,669
24.498,16.70,0.09,1.55,14.97,12.69,0.00,667
24.514,16.74,0.09,1.62,14.92,12.69,0.00,669
24.531,16.76,0.09,1.51,14.92,12.71,0.00,671
24.548,16.65,0.09,1.54,15.07,12.69,0.00,671
24.565,16.84,0.09,1.53,14.98,12.69,0.00,674
24.581,16.75,0.10,1.48,14.93,12.92,0.00,673
24.598,16.65,0.10,1.56,14.99,12.80,0.00,674
24.615,16.79,0.09,1.52,14.90,12.85,0.00,669
24.635,19.82,0.08,1.05,12.60,12.88,0.00,676
24.649,14.34,0.12,1.60,13.78,13.28,0.00,677
24.665,15.56,0.10,0.56,16.48,13.13,0.00,675
24.682,17.72,0.22,1.55,14.40,13.19,0.00,671
24.699,16.71,0.10,1.56,14.42,13.18,0.00,671
24.715,16.38,0.10,1.87,14.23,13.18,0.00,669
24.732,17.02,0.05,0.67,15.49,13.26,0.00,668
24.749,16.76,0.10,1.43,14.67,13.16,0.00,667
24.766,16.59,0.10,1.52,14.74,13.21,0.00,665
24.782,16.53,0.10,1.57,14.75,13.25,0.00,667
24.799,16.56,0.10,1.49,15.01,13.29,0.00,665
24.816,16.74,0.09,1.47,15.08,13.32,0.00,659
24.832,16.79,0.09,1.51,14.96,13.32,0.00,653
24.849,16.70,0.09,1.47,15.08,13.33,0.00,652
24.866,16.78,0.10,1.57,14.93,13.33,0.00,649
24.883,16.73,0.09,1.49,14.96,13.30,0.00,643
24.899,16.68,0.09,1.39,15.21,10.30,0.00,643
24.916,16.83,0.09,1.45,14.96,10.28,0.00,642
24.933,16.64,0.09,1.51,15.03,10.27,0.00,644
24.949,16.78,0.09,1.58,14.98,10.32,0.00,644
24.969,19.61,0.07,0.99,12.63,10.27,0.00,645
24.983,13.89,0.16,1.42,14.94,10.28,0.00,645
25.000,16.64,0.09,1.38,15.05,10.25,0.00,645
25.016,16.63,0.10,1.57,15.03,10.35,0.00,647
25.033,16.85,0.31,1.60,14.79,10.43,0.00,711
25.050,16.84,0.18,1.59,14.85,11.21,0.00,711
25.067,16.83,0.10,1.61,14.65,11.26,0.00,710
25.083,16.48,0.17,1.62,15.00,11.19,0.00,709
25.101,18.11,0.13,1.52,13.77,11.21,0.00,709
25.117,15.70,0.13,1.67,14.53,11.27,0.00,708
25.134,16.47,0.10,1.53,14.94,11.17,0.00,708
25.150,16.71,0.09,1.58,14.90,11.18,0.00,708
25.167,16.71,0.10,1.61,14.87,11.13,0.00,708
25.184,16.73,0.09,1.57,14.95,11.26,0.00,708
25.200,16.75,0.09,1.56,14.98,11.24,0.00,706
25.217,16.78,0.10,1.54,14.99,11.18,0.00,703
25.234,16.78,0.09,1.52,15.05,11.02,0.00,702
25.251,16.81,0.10,1.48,14.94,10.94,0.00,695
25.267,16.67,0.10,1.60,15.00,10.91,0.00,694
25.284,16.86,0.10,1.59,14.76,10.78,0.00,693
25.301,16.59,0.09,1.58,14.97,10.70,0.00,693
25.318,16.79,0.10,1.42,14.97,10.62,0.00,694
25.334,16.64,0.10,1.52,15.03,10.64,0.00,694
25.351,16.79,0.10,1.24,15.14,10.64,0.00,693
25.368,16.64,0.09,1.21,15.31,10.46,0.00,691
25.385,16.77,0.10,1.28,15.23,10.43,0.00,690
25.401,16.77,0.09,1.28,15.10,10.33,0.00,690
25.418,16.62,0.10,1.19,15.40,10.20,0.00,689
25.435,16.82,0.09,1.19,15.32,10.11,0.00,686
25.454,19.29,0.10,0.95,12.99,10.05,0.00,693
25.469,14.61,0.11,1.25,14.35,10.53,0.00,691
25.484,15.77,0.04,0.46,16.57,10.54,0.00,690
25.502,17.78,0.12,1.30,14.72,10.46,0.00,690
25.519,16.51,0.14,1.24,14.91,10.30,0.00,690
25.535,16.55,0.10,1.28,15.66,10.24,0.00,688
25.552,17.26,0.11,1.21,14.52,10.17,0.00,686
25.568,15.97,0.13,1.24,15.47,9.98,0.00,686
25.587,18.21,0.13,1.20,13.75,9.89,0.00,686
25.602,15.63,0.08,0.81,15.41,9.88,0.00,685
25.619,16.73,0.11,1.21,14.98,9.71,0.00,685
25.635,16.46,0.10,1.25,14.64,9.87,0.00,685
25.652,16.15,0.10,1.26,15.81,9.75,0.00,685
25.669,17.31,0.09,1.21,15.29,9.65,0.00,684
25.686,16.79,0.10,1.61,14.72,9.55,0.00,685
25.702,16.63,0.09,1.31,15.23,9.44,0.00,685
25.719,16.77,0.09,1.24,15.14,9.42,0.00,683
25.736,16.68,0.10,1.26,14.97,9.41,0.00,682
25.752,16.42,0.07,0.87,16.02,9.35,0.00,682
25.769,17.11,0.10,1.23,15.16,9.28,0.00,682
25.786,16.63,0.09,1.19,15.37,9.34,0.00,681
25.803,16.80,0.09,1.34,15.10,9.29,0.00,680
25.819,16.66,0.09,1.22,15.36,9.25,0.00,676
25.836,16.83,0.09,1.15,15.27,9.25,0.00,676
25.853,16.66,0.09,1.27,15.27,9.24,0.00,673
25.870,16.77,0.09,1.19,15.30,9.23,0.00,673
25.886,16.70,0.09,1.14,15.39,9.23,0.00,672
25.903,16.77,0.09,1.31,15.14,9.21,0.00,670
25.920,16.68,0.10,1.23,15.24,9.18,0.00,670
25.937,16.70,0.09,1.20,15.40,9.32,0.00,669
25.953,16.82,0.09,1.19,15.35,9.31,0.00,667
25.970,16.78,0.09,1.21,15.15,9.27,0.00,665
25.987,16.59,0.09,1.06,15.56,9.30,0.00,665
26.004,16.85,0.09,1.00,15.49,9.30,0.00,665
26.020,16.72,0.09,1.10,15.40,9.28,0.00,664
26.037,16.74,0.09,0.95,15.55,9.27,0.00,658
26.054,16.74,0.10,1.00,15.44,9.32,0.00,658
26.070,16.67,0.09,1.21,15.39,9.33,0.00,658
26.091,20.10,0.12,0.91,12.22,9.49,0.00,659
26.104,13.43,0.10,1.05,15.47,9.51,0.00,659
26.121,16.72,0.09,1.07,15.40,9.49,0.00,658
26.137,16.68,0.09,1.01,15.47,9.52,0.00,657
26.154,16.80,0.09,0.98,15.42,9.52,0.00,657
26.171,16.67,0.09,0.99,15.50,9.48,0.00,654
26.188,16.70,0.09,0.97,15.67,9.52,0.00,653
26.204,16.89,0.08,0.95,15.43,9.46,0.00,651
26.221,16.60,0.07,0.97,15.85,9.49,0.00,651
26.240,18.55,0.07,0.94,13.84,9.65,0.00,650
26.255,15.24,0.07,0.87,15.39,9.63,0.00,648
26.271,16.47,0.06,0.86,15.59,9.69,0.00,646
26.288,16.64,0.06,0.92,15.71,9.68,0.00,645
26.305,16.83,0.06,0.88,15.63,9.78,0.00,641
26.321,16.73,0.07,0.98,15.52,9.78,0.00,640
26.338,16.72,0.07,0.91,15.57,9.75,0.00,640
26.355,16.68,0.06,0.94,15.59,9.89,0.00,640
26.372,16.73,0.07,0.91,15.63,9.81,0.00,640
26.388,16.75,0.06,0.89,15.68,9.92,0.00,641
26.405,16.78,0.06,0.87,15.71,9.89,0.00,640
26.422,16.79,0.06,0.93,15.46,9.78,0.00,638
26.439,16.59,0.06,0.91,15.69,9.78,0.00,638
26.455,16.81,0.07,0.90,15.61,9.75,0.00,637
26.472,16.72,0.06,0.91,15.64,9.77,0.00,636
26.489,16.75,0.06,0.89,15.59,9.81,0.00,633
26.505,16.69,0.07,0.89,15.62,9.79,0.00,633
26.522,16.73,0.07,0.90,15.59,9.84,0.00,631
26.539,16.69,0.06,0.89,15.63,10.01,0.00,629
26.556,16.74,0.07,0.94,15.56,10.00,0.00,630
26.572,16.71,0.06,0.90,15.67,10.09,0.00,628
26.589,16.76,0.06,0.87,15.70,10.09,0.00,627
26.606,16.76,0.06,0.86,15.72,10.15,0.00,623
26.623,16.78,0.06,0.81,15.65,10.05,0.00,622
26.639,16.65,0.06,0.89,15.68,9.97,0.00,619
26.660,20.45,0.07,0.85,12.24,9.84,0.00,628
26.673,13.65,0.08,0.91,14.66,10.32,0.00,625
26.690,16.30,0.04,0.36,16.17,10.21,0.00,625
26.708,18.71,0.07,0.78,13.74,10.29,0.00,624
26.724,15.61,0.07,0.98,14.12,10.25,0.00,622
26.740,15.63,0.03,0.33,15.45,10.28,0.00,621
26.756,16.32,0.09,0.34,16.27,10.25,0.00,620
26.773,16.81,0.07,0.86,15.67,9.98,0.00,619
26.790,16.74,0.06,0.89,15.52,10.01,0.00,618
26.806,16.62,0.06,0.90,15.66,9.99,0.00,617
26.823,16.78,0.07,0.97,15.62,9.85,0.00,617
26.843,20.15,0.07,0.87,12.65,9.95,0.00,626
26.857,14.27,0.08,1.13,14.39,10.24,0.00,627
26.873,15.66,0.03,0.34,16.19,10.12,0.00,625
26.890,16.95,0.08,0.64,15.91,10.10,0.00,625
26.907,17.21,0.07,0.93,15.34,9.90,0.00,622
26.924,16.69,0.07,0.91,14.82,9.73,0.00,621
26.940,15.98,0.08,1.47,15.41,9.67,0.00,621
26.957,17.07,0.06,0.96,15.65,9.55,0.00,621
26.975,18.30,0.11,0.90,13.77,9.44,0.00,621
26.990,15.24,0.05,0.45,15.92,9.41,0.00,620
27.007,16.80,0.12,0.75,15.42,9.36,0.00,619
27.024,16.47,0.06,0.79,15.74,9.25,0.00,618
27.040,16.72,0.06,0.76,15.69,9.24,0.00,616
27.057,16.66,0.06,0.81,15.78,9.28,0.00,615
27.074,16.81,0.07,0.83,15.66,9.20,0.00,615
27.091,16.69,0.06,0.82,15.73,9.10,0.00,613
27.107,16.75,0.06,0.80,15.70,8.98,0.00,613
27.124,16.70,0.06,0.77,15.67,8.91,0.00,613
27.141,16.68,0.06,0.83,15.78,8.90,0.00,613
27.158,16.82,0.06,0.83,15.62,8.82,0.00,613
27.174,16.67,0.14,0.76,15.73,8.70,0.00,611
27.191,16.78,0.06,0.81,15.76,8.60,0.00,610
27.208,16.78,0.06,0.87,15.63,8.54,0.00,609
27.224,16.70,0.06,0.80,15.72,8.54,0.00,608
27.241,16.93,0.06,0.87,15.42,8.44,0.00,608
27.258,16.49,0.08,0.78,15.77,8.52,0.00,607
27.275,16.78,0.06,0.78,15.73,8.43,0.00,607
27.291,16.73,0.06,0.85,15.72,8.63,0.00,607
27.308,16.78,0.06,0.79,15.73,8.56,0.00,607
27.325,16.73,0.06,0.79,15.67,8.55,0.00,606
27.342,16.67,0.06,0.76,15.79,8.59,0.00,605
27.358,16.75,0.06,0.83,15.79,8.57,0.00,605
27.375,16.82,0.06,0.82,15.61,8.58,0.00,605
27.392,16.65,0.06,0.75,15.76,8.65,0.00,605
27.409,16.72,0.06,0.79,16.15,8.49,0.00,604
27.429,20.31,0.08,0.89,12.40,8.59,0.00,614
27.443,13.99,0.08,0.74,15.12,9.03,0.00,613
27.459,16.13,0.05,0.35,16.22,9.00,0.00,613
27.476,17.51,0.07,0.89,14.73,8.97,0.00,612
27.492,15.83,0.03,0.30,16.53,9.01,0.00,611
27.509,17.02,0.06,1.10,14.69,8.95,0.00,610
27.525,16.11,0.07,1.05,15.82,9.06,0.00,610
27.542,17.05,0.06,0.86,15.82,9.15,0.00,609
27.561,18.13,0.06,0.92,14.14,9.27,0.00,609
27.576,15.78,0.07,0.83,15.15,9.39,0.00,609
27.593,16.50,0.07,0.78,15.42,9.54,0.00,609
27.609,16.44,0.11,0.83,15.61,9.70,0.00,610
27.626,16.69,0.11,0.82,15.75,9.68,0.00,608
27.643,16.83,0.06,0.83,15.63,9.66,0.00,609
27.660,16.67,0.06,0.79,15.76,9.65,0.00,608
27.676,16.74,0.06,0.76,15.78,9.49,0.00,608
27.693,16.74,0.06,0.80,15.73,9.53,0.00,608
27.710,16.75,0.06,0.87,15.60,9.44,0.00,608
27.726,16.68,0.12,1.17,15.33,9.48,0.00,664
27.743,16.77,0.16,1.08,15.33,13.29,0.00,665
27.760,16.71,0.10,1.06,15.52,13.34,0.00,665
27.777,16.82,0.10,1.20,15.23,13.39,0.00,663
27.793,16.67,0.10,1.08,15.39,13.73,0.00,663
27.810,16.72,0.10,1.20,15.32,13.64,0.00,662
27.827,16.77,0.10,1.19,15.19,13.78,0.00,662
27.844,16.72,0.11,1.18,15.23,13.97,0.00,660
27.860,16.69,0.10,1.16,15.24,14.00,0.00,661
27.877,16.72,0.10,1.11,15.39,14.12,0.00,661
27.894,16.74,0.10,1.09,15.48,14.10,0.00,660
27.911,16.81,0.10,1.13,15.18,13.93,0.00,658
27.927,16.64,0.10,1.09,15.36,13.84,0.00,655
27.944,16.77,0.15,1.15,15.32,13.72,0.00,654
27.961,16.78,0.13,1.29,15.12,13.55,0.00,651
27.977,16.68,0.10,1.14,15.33,13.64,0.00,651
27.994,16.72,0.10,1.12,15.35,13.47,0.00,652
28.011,16.71,0.19,1.13,15.33,13.40,0.00,653
28.028,16.80,0.26,1.34,14.95,13.60,0.00,666
28.044,16.70,0.13,1.29,15.05,14.18,0.00,665
28.061,16.69,0.11,1.41,15.12,14.35,0.00,665
28.078,16.80,0.33,1.39,14.85,14.47,0.00,681
28.095,16.71,0.11,1.34,15.14,15.01,0.00,676
28.111,16.74,0.11,1.45,14.97,15.01,0.00,675
28.128,16.71,0.10,1.42,15.02,15.15,0.00,674
28.145,16.79,0.11,1.48,15.04,12.03,0.00,673
28.162,16.78,0.12,1.47,15.13,11.80,0.00,674
28.181,19.67,0.08,0.95,12.99,11.61,0.00,684
28.196,14.58,0.11,1.55,13.74,11.93,0.00,682
28.211,15.48,0.05,0.59,16.56,11.79,0.00,677
28.229,17.86,0.11,1.54,14.44,11.57,0.00,675
28.246,16.55,0.18,1.51,14.04,11.35,0.00,674
28.262,15.85,0.09,0.51,16.90,11.35,0.00,673
28.280,17.96,0.12,1.57,14.23,11.33,0.00,672
28.296,16.05,0.18,1.44,14.88,11.32,0.00,673
28.312,16.62,0.10,1.54,15.08,11.38,0.00,672
28.329,16.84,0.10,1.48,15.16,11.33,0.00,673
28.347,18.30,0.11,1.61,13.30,11.23,0.00,672
28.363,15.69,0.10,1.39,14.52,11.16,0.00,671
28.379,16.38,0.13,1.55,14.63,11.03,0.00,671
28.396,16.49,0.10,1.47,14.98,10.94,0.00,671
28.413,16.71,0.17,1.46,14.98,10.80,0.00,671
28.429,16.75,0.10,1.45,15.06,10.68,0.00,671
28.446,16.76,0.10,1.44,15.20,10.70,0.00,672
28.463,16.90,0.11,1.49,14.78,10.58,0.00,672
28.480,16.50,0.10,1.37,15.10,10.56,0.00,672
28.496,16.71,0.10,1.48,15.04,10.52,0.00,674
28.513,16.76,0.10,1.45,15.06,10.47,0.00,672
28.530,16.76,0.10,1.42,15.01,10.41,0.00,671
28.546,16.67,0.10,1.46,15.12,10.46,0.00,670
28.563,16.82,0.10,1.43,15.07,10.44,0.00,669
28.580,16.75,0.11,1.50,14.95,10.39,0.00,671
28.597,16.70,0.10,1.53,14.93,10.49,0.00,673
28.613,16.70,0.10,1.44,15.06,10.59,0.00,673
28.630,16.74,0.10,1.45,14.99,10.53,0.00,673
28.647,16.69,0.10,1.38,15.13,10.45,0.00,673
28.664,16.77,0.10,1.48,15.03,10.47,0.00,674
28.680,16.75,0.11,1.50,14.95,10.44,0.00,674
28.697,16.70,0.10,1.42,15.10,10.43,0.00,674
28.714,16.76,0.10,1.44,15.01,10.37,0.00,674
28.731,16.69,0.11,1.43,15.33,10.40,0.00,674
28.751,20.03,0.21,1.40,11.77,10.53,0.00,673
28.764,13.54,0.10,1.36,15.21,10.42,0.00,674
28.781,16.80,0.10,1.50,15.01,10.57,0.00,674
28.798,16.73,0.10,1.40,15.08,10.45,0.00,676
28.814,16.70,0.11,1.43,15.12,10.55,0.00,677
28.831,16.80,0.18,1.57,14.80,10.66,0.00,680
28.848,16.65,0.10,1.48,15.05,10.56,0.00,680
28.865,16.75,0.10,1.50,14.98,10.63,0.00,680
28.881,16.70,0.10,1.42,15.18,10.86,0.00,679
28.900,18.39,0.11,1.44,13.44,10.76,0.00,681
28.915,15.25,0.13,1.35,14.86,10.72,0.00,682
28.932,16.71,0.14,1.36,14.89,10.75,0.00,680
28.948,16.56,0.09,1.34,15.21,10.71,0.00,678
28.965,16.79,0.10,1.43,14.97,10.67,0.00,678
28.982,16.65,0.10,1.39,15.11,10.68,0.00,679
28.998,16.75,0.10,1.40,15.19,10.69,0.00,679
29.015,16.82,0.10,1.34,15.26,10.77,0.00,678
29.032,16.88,0.10,1.47,14.87,10.85,0.00,681
29.049,16.59,0.33,1.62,14.61,10.99,0.00,717
29.065,16.71,0.11,1.62,14.82,11.63,0.00,718
29.082,16.70,0.11,1.64,14.80,11.72,0.00,718
29.099,16.70,0.11,1.67,14.84,11.82,0.00,719
29.115,16.76,0.11,1.58,14.81,11.85,0.00,719
29.132,16.66,0.10,1.63,14.88,11.86,0.00,718
29.149,16.76,0.11,1.62,15.27,11.87,0.00,718
29.166,17.15,0.11,1.65,14.98,11.86,0.00,715
29.183,16.89,0.11,1.64,14.76,11.92,0.00,712
29.200,16.66,0.10,1.67,14.92,11.80,0.00,708
29.216,16.84,0.10,1.67,14.70,11.66,0.00,703
29.233,16.62,0.11,1.63,14.92,11.58,0.00,701
29.250,16.80,0.10,1.63,14.87,9.98,0.00,701
29.267,16.73,0.10,1.63,14.89,10.05,0.00,701
29.283,16.77,0.10,1.58,14.93,10.05,0.00,700
29.300,16.76,0.11,1.61,14.68,10.14,0.00,701
29.317,16.55,0.10,1.53,15.15,10.30,0.00,702
29.334,16.95,0.11,1.67,14.77,10.33,0.00,701
29.350,16.69,0.10,1.61,14.83,10.40,0.00,694
29.367,16.67,0.09,1.52,14.90,10.38,0.00,693
29.384,16.66,0.10,1.52,15.04,10.33,0.00,691
29.400,16.80,0.11,1.52,14.88,10.21,0.00,691
29.417,16.68,0.10,1.57,14.92,10.06,0.00,692
29.434,16.73,0.10,1.63,14.96,9.91,0.00,691
29.454,20.29,0.12,1.52,11.74,9.97,0.00,700
29.468,13.98,0.13,1.61,13.85,10.53,0.00,700
29.484,15.70,0.12,0.60,16.31,10.40,0.00,694
29.502,17.74,0.17,1.62,14.16,10.27,0.00,692
29.518,16.33,0.11,1.68,14.54,10.30,0.00,690
29.534,16.55,0.26,1.58,14.63,10.09,0.00,678
29.553,18.75,0.12,1.33,13.10,10.07,0.00,677
29.568,15.25,0.11,1.69,14.13,10.04,0.00,666
29.584,16.04,0.10,1.46,15.14,9.95,0.00,668
29.601,16.85,0.10,1.53,14.92,10.06,0.00,662
29.618,16.70,0.10,1.47,15.03,9.95,0.00,662
29.635,16.74,0.09,1.50,14.96,9.78,0.00,659
29.651,16.68,0.09,1.54,15.03,9.65,0.00,659
29.668,16.80,0.10,1.59,14.91,9.53,0.00,658
29.685,16.73,0.10,1.51,14.40,9.39,0.00,658
29.701,16.15,0.10,1.14,15.45,9.23,0.00,656
29.718,16.83,0.10,1.18,15.27,9.06,0.00,658
29.735,16.70,0.10,1.15,15.26,9.11,0.00,658
29.751,16.65,0.10,1.24,15.30,9.04,0.00,657
29.768,16.78,0.10,1.19,15.35,8.93,0.00,657
29.785,16.75,0.07,0.77,15.85,8.84,0.00,656
29.802,16.85,0.10,1.24,15.12,8.80,0.00,654
29.818,16.61,0.10,1.41,15.20,8.75,0.00,650
29.835,16.86,0.09,1.15,15.22,8.67,0.00,649
29.852,16.61,0.09,1.30,15.26,8.62,0.00,649
29.869,16.85,0.10,1.16,15.27,8.59,0.00,648
29.885,16.69,0.10,1.22,15.24,8.61,0.00,648
29.902,16.71,0.10,1.22,15.20,8.55,0.00,648
29.919,16.67,0.09,1.25,15.26,8.43,0.00,647
29.935,16.75,0.10,1.24,15.24,8.40,0.00,645
29.952,16.73,0.09,1.27,15.40,8.36,0.00,646
29.969,16.91,0.10,1.16,14.84,8.30,0.00,645
29.985,16.27,0.07,0.81,16.02,8.28,0.00,645
30.002,17.05,0.10,1.08,15.47,8.23,0.00,645
30.019,16.79,0.10,1.04,15.36,8.43,0.00,644
30.036,16.64,0.26,1.25,15.16,8.30,0.00,668
30.053,16.85,0.11,1.20,15.47,8.93,0.00,668
30.073,20.33,0.11,1.16,11.66,8.90,0.00,677
30.086,13.34,0.08,0.87,14.82,9.46,0.00,676
30.102,15.83,0.04,0.47,16.76,9.40,0.00,677
30.120,17.86,0.17,1.36,14.81,9.38,0.00,675
30.137,16.85,0.11,1.18,14.85,9.33,0.00,675
30.153,16.42,0.14,1.29,14.99,9.24,0.00,674
30.170,16.57,0.11,1.28,15.21,9.40,0.00,675
30.188,18.12,0.30,1.24,12.84,9.21,0.00,675
30.203,14.63,0.02,0.16,16.84,9.29,0.00,674
30.220,17.43,0.10,0.84,15.56,9.22,0.00,674
30.237,16.69,0.12,1.23,15.16,9.24,0.00,673
30.253,16.65,0.11,1.31,15.17,9.28,0.00,672
30.270,16.74,0.10,1.22,15.24,9.35,0.00,672
30.287,16.71,0.11,1.21,15.84,9.23,0.00,669
30.304,17.30,0.10,1.24,15.25,9.39,0.00,667
30.321,16.81,0.25,1.16,15.09,9.45,0.00,666
30.338,16.64,0.10,1.19,15.20,9.45,0.00,664
30.354,16.61,0.09,1.19,15.41,9.39,0.00,663
30.371,16.82,0.09,1.18,15.33,9.50,0.00,660
30.388,16.75,0.10,1.25,15.18,9.41,0.00,658
30.404,16.66,0.10,1.17,15.30,9.43,0.00,658
30.421,16.70,0.10,1.13,15.47,9.45,0.00,655
30.438,16.83,0.10,1.21,15.28,9.44,0.00,655
30.455,16.73,0.10,1.14,15.39,9.62,0.00,654
30.471,16.79,0.10,1.11,15.39,9.65,0.00,654
30.488,16.74,0.10,1.18,15.30,9.68,0.00,653
30.505,16.73,0.10,1.12,15.34,9.67,0.00,651
30.522,16.69,0.10,1.14,15.42,9.73,0.00,650
30.538,16.78,0.09,1.10,15.37,9.73,0.00,650
30.555,16.70,0.09,1.13,14.80,9.77,0.00,652
30.571,16.17,0.10,1.12,15.43,9.77,0.00,654
30.588,16.78,0.09,1.06,15.48,9.89,0.00,655
30.605,16.77,0.10,1.09,15.31,9.87,0.00,655
30.621,16.64,0.10,1.11,15.36,9.91,0.00,655
30.638,16.71,0.10,1.15,15.37,9.85,0.00,656
30.655,16.76,0.09,1.11,15.36,9.85,0.00,654
30.672,16.70,0.10,1.10,15.42,9.86,0.00,654
30.688,16.75,0.10,1.19,15.32,9.85,0.00,649
30.705,16.76,0.10,1.03,15.54,9.82,0.00,649
30.722,16.81,0.10,1.17,15.31,9.79,0.00,649
30.739,16.72,0.09,1.06,15.17,9.92,0.00,641
30.755,16.45,0.07,0.68,16.06,9.84,0.00,640
30.772,16.96,0.09,1.09,15.95,9.79,0.00,640
30.789,17.27,0.09,1.07,15.41,9.76,0.00,636
30.806,16.72,0.09,1.14,15.37,9.69,0.00,634
30.823,16.75,0.09,1.14,15.37,9.64,0.00,627
30.840,16.74,0.09,1.03,15.44,9.62,0.00,625
30.856,16.72,0.09,0.96,15.49,9.58,0.00,625
30.873,16.67,0.09,1.05,15.46,9.56,0.00,627
30.890,16.73,0.09,1.05,15.48,9.58,0.00,622
30.906,16.77,0.09,1.07,15.38,9.58,0.00,621
30.923,16.68,0.09,1.01,15.54,9.43,0.00,620
30.940,16.77,0.10,1.04,15.41,9.35,0.00,619
30.957,16.69,0.09,1.08,15.53,9.31,0.00,618
30.973,16.85,0.09,1.05,15.39,9.23,0.00,613
30.990,16.67,0.09,1.02,15.44,9.20,0.00,614
31.010,20.17,0.11,0.70,12.51,9.15,0.00,624
31.024,13.93,0.11,0.95,14.48,9.59,0.00,624
31.040,15.61,0.04,0.34,16.84,9.53,0.00,623
31.058,17.87,0.10,1.03,14.74,9.68,0.00,620
31.074,16.27,0.07,0.67,15.71,9.53,0.00,617
31.091,16.63,0.12,1.05,15.52,9.59,0.00,618
31.107,16.93,0.11,1.04,14.77,9.48,0.00,617
31.123,16.00,0.05,0.50,16.61,9.37,0.00,615
31.142,18.49,0.10,0.93,14.25,9.26,0.00,613
31.158,15.84,0.13,1.26,14.79,9.17,0.00,662
31.174,16.55,0.16,1.24,14.87,13.22,0.00,662
31.191,16.43,0.12,1.30,15.15,13.19,0.00,663
31.208,16.72,0.14,1.21,15.34,13.09,0.00,662
31.224,16.85,0.11,1.20,15.18,13.28,0.00,661
31.241,16.62,0.11,1.38,15.21,13.04,0.00,659
31.258,16.85,0.11,1.34,15.01,13.10,0.00,657
31.274,16.59,0.11,1.29,15.37,12.94,0.00,657
31.291,16.91,0.11,1.34,15.00,12.83,0.00,658
31.308,16.59,0.12,1.31,15.18,12.92,0.00,650
31.325,16.76,0.11,1.37,15.20,12.89,0.00,649
31.342,16.83,0.12,1.25,15.19,12.86,0.00,651
31.358,16.71,0.11,1.32,15.00,12.90,0.00,650
31.375,16.57,0.11,1.28,15.29,12.92,0.00,648
31.392,16.82,0.11,1.29,15.22,12.83,0.00,650
31.408,16.75,0.11,1.37,15.08,12.87,0.00,650
31.425,16.70,0.11,1.35,15.19,12.81,0.00,651
31.442,16.79,0.10,1.31,15.15,12.89,0.00,651
31.459,16.70,0.10,1.35,15.18,12.89,0.00,651
31.478,19.43,0.08,0.86,12.94,12.93,0.00,663
31.492,14.28,0.09,0.87,15.74,13.43,0.00,662
31.509,16.87,0.14,1.40,14.84,13.51,0.00,660
31.526,17.03,0.14,1.34,14.25,13.38,0.00,661
31.542,16.12,0.10,0.89,15.61,13.39,0.00,661
31.559,16.80,0.12,1.37,15.52,13.38,0.00,661
31.576,17.19,0.19,1.39,14.52,10.69,0.00,661
31.593,16.23,0.11,1.38,15.07,10.70,0.00,660
31.609,16.74,0.18,1.53,14.88,10.60,0.00,659
31.627,17.92,0.13,1.28,13.87,10.58,0.00,658
31.643,15.93,0.10,1.31,14.73,10.61,0.00,658
31.659,16.29,0.10,1.28,15.15,10.60,0.00,658
31.676,16.67,0.10,1.29,15.22,10.56,0.00,657
31.693,16.75,0.11,1.36,15.21,10.59,0.00,660
31.710,16.83,0.11,1.38,15.06,10.68,0.00,661
31.726,16.70,0.11,1.37,15.18,10.63,0.00,661
31.743,16.81,0.11,1.35,14.98,10.62,0.00,658
31.760,16.58,0.11,1.30,15.19,10.62,0.00,660
31.776,16.75,0.11,1.33,15.26,10.56,0.00,659
31.793,16.83,0.11,1.36,15.05,10.63,0.00,657
31.810,16.66,0.10,1.35,15.13,10.67,0.00,658
31.827,16.72,0.10,1.26,15.24,10.64,0.00,661
31.843,16.75,0.11,1.32,15.18,10.82,0.00,661
31.860,16.75,0.10,1.31,15.17,10.98,0.00,659
31.877,16.73,0.10,1.27,15.17,10.89,0.00,658
31.894,16.68,0.10,1.28,15.20,10.93,0.00,658
31.910,16.72,0.10,1.26,15.27,10.97,0.00,657
31.927,16.76,0.10,1.30,15.26,10.97,0.00,656
31.944,16.80,0.10,1.28,15.12,10.99,0.00,656
31.961,16.69,0.10,1.28,15.19,10.92,0.00,655
31.977,16.72,0.10,1.30,15.10,11.13,0.00,654
31.994,16.63,0.10,1.23,15.38,11.11,0.00,654
32.011,16.85,0.10,1.14,15.29,11.14,0.00,655
32.027,16.67,0.11,1.21,15.30,11.09,0.00,654
32.044,16.76,0.10,1.20,15.26,11.15,0.00,653
32.061,16.69,0.09,1.13,15.45,11.20,0.00,652
32.078,16.83,0.10,1.24,15.21,11.45,0.00,648
32.094,16.68,0.30,1.21,15.05,11.53,0.00,689
32.111,16.71,0.11,1.27,15.23,12.33,0.00,689
32.128,16.75,0.10,1.34,15.14,12.55,0.00,689
32.145,16.72,0.10,1.30,15.29,12.52,0.00,689
32.161,16.84,0.10,1.42,14.96,12.45,0.00,689
32.182,20.15,0.12,1.27,11.87,12.36,0.00,697
32.195,13.90,0.12,1.31,14.11,12.81,0.00,695
32.211,15.60,0.05,0.47,16.61,12.69,0.00,695
32.229,17.85,0.11,1.45,14.52,12.52,0.00,694
32.245,16.55,0.17,1.30,14.73,12.47,0.00,695
32.262,16.53,0.15,1.28,15.40,12.47,0.00,695
32.279,17.03,0.12,1.39,14.21,12.56,0.00,695
32.296,16.56,0.08,0.61,15.55,12.49,0.00,695
32.312,16.75,0.11,1.25,14.85,12.46,0.00,695
32.329,16.83,0.14,1.41,14.65,12.48,0.00,693
32.346,16.43,0.14,1.35,14.69,12.45,0.00,694
32.362,16.32,0.09,0.83,15.77,12.45,0.00,692
32.379,16.85,0.10,0.93,15.82,12.47,0.00,693
32.396,17.03,0.12,1.08,15.35,12.37,0.00,694
32.413,16.70,0.10,1.28,14.99,12.25,0.00,693
32.429,16.52,0.11,1.23,15.32,12.07,0.00,694
32.446,16.79,0.10,1.24,15.30,11.91,0.00,694
32.463,16.78,0.10,1.28,15.14,11.74,0.00,694
32.479,16.69,0.11,1.25,15.21,11.57,0.00,693
32.496,16.71,0.10,1.26,15.23,11.51,0.00,693
32.513,16.74,0.11,1.22,15.31,11.34,0.00,693
32.530,16.80,0.10,1.26,15.24,11.43,0.00,693
32.546,16.77,0.11,1.31,15.06,11.32,0.00,693
32.563,16.63,0.10,1.24,15.23,11.33,0.00,692
32.580,16.72,0.10,1.25,15.23,11.23,0.00,689
32.596,16.72,0.10,1.20,15.42,11.25,0.00,687
32.613,16.87,0.10,1.23,15.18,11.14,0.00,683
32.630,16.66,0.11,1.27,15.11,11.04,0.00,680
32.647,16.64,0.10,1.27,15.26,10.90,0.00,668
32.663,16.76,0.09,1.19,15.28,10.96,0.00,667
32.680,16.71,0.10,1.23,15.34,9.41,0.00,665
32.697,16.83,0.10,1.23,15.17,9.09,0.00,664
32.713,16.64,0.09,1.34,15.16,9.09,0.00,663
32.730,16.72,0.10,1.27,15.23,9.05,0.00,663
32.747,16.73,0.10,1.18,15.37,8.93,0.00,660
32.764,16.79,0.10,1.28,15.21,8.84,0.00,660
32.780,16.71,0.10,1.18,15.27,8.95,0.00,660
32.797,16.68,0.09,1.22,15.33,8.96,0.00,660
32.814,16.79,0.09,1.27,15.46,8.95,0.00,659
32.834,19.62,0.08,0.84,12.73,8.92,0.00,669
32.848,14.09,0.08,0.85,15.51,9.47,0.00,669
32.864,16.57,0.16,1.31,15.11,9.48,0.00,669
32.881,17.11,0.10,1.34,14.56,9.34,0.00,668
32.898,16.32,0.11,0.88,15.47,9.36,0.00,667
32.914,16.71,0.14,1.78,15.05,9.27,0.00,721
32.932,17.20,0.13,1.68,13.90,13.95,0.00,718
32.947,15.79,0.07,0.83,16.09,13.34,0.00,719
32.964,17.15,0.12,1.68,14.71,14.17,0.00,716
32.981,16.72,0.13,1.67,15.14,14.33,0.00,714
33.000,18.33,0.16,1.62,13.20,13.22,0.00,714
33.015,15.76,0.13,1.56,14.35,13.44,0.00,713
33.032,16.62,0.13,1.61,14.26,13.51,0.00,713
33.048,16.17,0.12,1.60,14.87,13.46,0.00,712
33.065,16.74,0.28,1.92,14.35,13.62,0.00,768
33.082,16.72,0.13,1.89,14.56,14.36,0.00,764
33.098,16.73,0.13,1.84,14.62,14.26,0.00,761
33.115,16.73,0.12,1.78,14.65,14.33,0.00,758
33.132,16.69,0.12,1.46,15.02,14.14,0.00,742
33.148,16.74,0.13,1.44,15.00,14.21,0.00,739
33.165,16.71,0.13,1.46,15.01,14.28,0.00,739
33.182,16.73,0.13,1.50,14.98,14.17,0.00,739
33.199,16.74,0.13,1.45,15.15,14.35,0.00,738
33.216,16.91,0.13,1.45,14.84,14.26,0.00,736
33.232,16.57,0.12,1.51,15.10,14.20,0.00,735
33.249,16.88,0.12,1.57,14.74,14.27,0.00,734
33.266,16.57,0.12,1.51,15.12,14.28,0.00,733
33.282,16.90,0.12,1.55,14.79,14.36,0.00,731
33.299,16.59,0.12,1.57,14.97,14.33,0.00,732
33.316,16.80,0.27,1.62,14.71,14.34,0.00,735
33.333,16.75,0.12,1.59,14.82,11.80,0.00,734
33.349,16.68,0.12,1.61,14.91,11.86,0.00,735
33.366,16.78,0.12,1.56,14.81,11.84,0.00,737
33.383,16.63,0.12,1.50,15.05,11.86,0.00,732
33.399,16.80,0.11,1.61,14.85,11.83,0.00,732
33.416,16.70,0.11,1.60,14.63,11.80,0.00,726
33.433,16.44,0.08,0.98,15.76,11.85,0.00,726
33.450,16.96,0.11,1.51,15.03,11.86,0.00,724
33.466,16.82,0.11,1.51,14.87,11.83,0.00,726
33.483,16.65,0.12,1.51,15.03,11.78,0.00,726
33.500,16.80,0.12,1.48,14.93,11.78,0.00,726
33.517,16.66,0.12,1.57,14.97,11.76,0.00,726
33.533,16.80,0.11,1.49,15.05,11.77,0.00,722
33.550,16.81,0.11,1.55,14.98,11.76,0.00,723
33.567,16.86,0.12,1.57,14.73,11.81,0.00,726
33.584,16.56,0.12,1.57,14.87,11.94,0.00,730
33.600,16.69,0.11,1.56,14.96,12.02,0.00,728
33.617,16.78,0.11,1.51,14.92,12.01,0.00,728
33.634,16.67,0.12,1.57,14.90,11.99,0.00,726
33.650,16.73,0.11,1.54,14.97,11.90,0.00,729
33.667,16.75,0.11,1.50,15.03,11.86,0.00,729
33.684,16.79,0.11,1.57,14.85,11.77,0.00,729
33.701,16.75,0.12,1.51,14.91,11.66,0.00,727
33.717,16.68,0.11,1.57,14.97,11.72,0.00,727
33.734,16.88,0.11,1.64,14.67,11.66,0.00,727
33.751,16.56,0.11,1.58,14.86,11.60,0.00,728
33.768,16.84,0.11,1.49,14.87,11.57,0.00,727
33.784,16.62,0.11,1.51,15.04,11.57,0.00,729
33.801,16.80,0.12,1.51,14.93,11.58,0.00,728
33.818,16.70,0.14,1.49,14.97,11.52,0.00,724
33.835,16.74,0.11,1.45,14.99,11.61,0.00,728
33.851,16.69,0.11,1.49,14.98,11.80,0.00,730
33.868,16.73,0.11,1.47,14.99,11.71,0.00,732
33.885,16.71,0.10,1.49,14.99,11.67,0.00,732
33.901,16.71,0.11,1.46,15.11,11.60,0.00,733
33.918,16.82,0.10,1.56,14.98,11.54,0.00,732
33.935,16.79,0.10,1.55,14.93,11.48,0.00,731
33.955,19.71,0.08,0.98,12.41,11.38,0.00,744
33.969,13.92,0.11,1.05,15.29,12.05,0.00,744
33.985,16.60,0.24,1.63,14.61,11.96,0.00,743
34.002,17.16,0.12,1.67,14.16,11.91,0.00,740
34.019,16.27,0.13,1.00,15.28,11.85,0.00,736
34.035,16.74,0.11,1.52,14.63,11.81,0.00,736
34.052,16.37,0.13,0.68,15.77,11.79,0.00,767
34.068,16.67,0.07,1.56,15.24,12.40,0.00,763
34.085,17.00,0.14,1.79,14.87,12.24,0.00,763
34.104,18.29,0.33,1.74,13.09,12.38,0.00,779
34.120,15.80,0.11,1.73,14.18,12.67,0.00,777
34.136,16.45,0.13,1.66,14.47,12.67,0.00,775
34.152,16.42,0.11,1.73,14.87,12.51,0.00,773
34.169,16.86,0.12,1.77,14.60,12.46,0.00,769
34.186,16.64,0.12,1.78,14.76,12.33,0.00,770
34.203,16.80,0.12,1.82,14.60,12.32,0.00,770
34.219,16.67,0.12,1.85,14.60,12.23,0.00,770
34.236,16.70,0.12,1.69,14.82,12.31,0.00,768
34.253,16.77,0.11,1.79,14.67,12.25,0.00,768
34.270,16.72,0.12,1.68,14.78,12.19,0.00,768
34.286,16.72,0.11,1.77,14.72,12.08,0.00,767
34.303,16.75,0.12,1.76,14.76,12.01,0.00,765
34.320,16.79,0.11,1.84,14.59,11.94,0.00,765
34.336,16.68,0.12,1.70,14.83,11.85,0.00,758
34.353,16.79,0.12,1.74,14.68,11.79,0.00,755
34.370,16.67,0.12,1.83,14.70,11.85,0.00,754
34.387,16.79,0.11,1.65,14.79,11.81,0.00,751
34.403,16.70,0.11,1.69,14.74,11.75,0.00,742
34.420,16.69,0.12,1.76,14.71,11.69,0.00,739
34.437,16.73,0.11,1.67,14.82,10.05,0.00,740
34.454,16.74,0.11,1.65,14.89,10.11,0.00,739
34.470,16.80,0.12,1.72,14.66,10.11,0.00,740
34.487,16.64,0.11,1.60,14.55,10.15,0.00,739
34.503,16.35,0.07,0.87,15.63,10.16,0.00,736
34.520,16.63,0.05,0.55,16.05,10.12,0.00,736
34.537,16.72,0.04,0.56,16.13,10.13,0.00,734
34.554,16.81,0.04,0.55,16.12,9.91,0.00,733
34.570,16.81,0.06,0.57,15.93,10.05,0.00,731
34.587,16.65,0.08,0.57,15.94,10.18,0.00,728
34.604,16.66,0.06,0.56,16.04,10.06,0.00,729
34.620,16.72,0.04,0.55,16.09,10.30,0.00,729
34.637,16.77,0.04,0.55,16.08,10.25,0.00,729
34.654,16.75,0.04,0.56,16.03,10.27,0.00,728
34.671,16.71,0.05,0.55,16.03,10.25,0.00,725
34.687,16.69,0.05,0.57,16.08,10.29,0.00,726
34.704,16.77,0.04,0.54,16.05,10.36,0.00,726
34.721,16.71,0.05,0.60,16.01,10.43,0.00,723
34.738,16.73,0.05,0.56,16.07,10.36,0.00,722
34.754,16.74,0.05,0.60,16.05,10.54,0.00,719
34.771,16.77,0.05,0.56,16.09,10.52,0.00,718
34.788,16.79,0.06,0.59,16.08,10.56,0.00,717
34.805,16.84,0.06,0.60,16.11,10.59,0.00,715
34.822,16.90,0.06,0.57,15.94,10.56,0.00,714
34.838,16.68,0.06,0.65,15.81,10.58,0.00,714
34.855,16.63,0.07,0.57,16.21,10.67,0.00,712
34.872,16.99,0.19,0.78,15.33,10.65,0.00,787
34.888,16.40,0.08,0.57,15.93,14.86,0.00,775
34.905,16.67,0.09,0.60,15.98,15.12,0.00,774
34.922,16.77,0.08,0.59,16.68,14.78,0.00,771
34.939,17.54,0.19,0.92,15.23,15.17,0.00,770
34.956,16.50,0.16,1.67,14.56,15.09,0.00,771
34.972,16.53,0.15,1.67,14.90,15.50,0.00,768
34.989,16.94,0.16,1.86,14.09,14.90,0.00,770
35.007,17.84,0.07,0.61,14.35,14.74,0.00,781
35.022,15.39,0.07,0.61,15.89,13.53,0.00,782
35.039,16.95,0.09,0.58,15.98,14.51,0.00,782
35.057,17.31,0.19,1.66,14.16,15.12,0.00,782
35.073,16.30,0.23,1.80,14.57,15.41,0.00,782
35.090,16.78,0.17,1.63,14.54,15.31,0.00,780
35.106,16.48,0.16,1.62,14.76,15.42,0.00,778
35.123,16.67,0.30,1.98,14.50,15.21,0.00,779
35.141,17.97,0.17,1.61,13.60,15.31,0.00,777
35.157,16.12,0.16,1.68,14.16,15.20,0.00,772
35.173,16.13,0.15,1.56,14.84,15.12,0.00,769
35.190,16.70,0.16,1.63,14.67,14.91,0.00,768
35.206,16.57,0.10,0.80,15.94,14.86,0.00,768
35.223,16.99,0.15,1.70,14.63,14.84,0.00,769
35.240,16.69,0.15,1.60,14.64,14.70,0.00,766
35.258,18.22,0.29,0.69,13.97,14.66,0.00,779
35.274,15.36,0.08,0.60,15.46,14.94,0.00,778
35.290,16.44,0.13,0.60,15.89,12.14,0.00,778
35.307,16.92,0.10,0.66,15.48,12.09,0.00,776
35.323,16.38,0.09,0.69,15.91,11.96,0.00,776
35.340,16.81,0.12,0.59,15.79,11.92,0.00,771
35.357,16.58,0.09,0.59,15.89,11.81,0.00,769
35.373,16.64,0.07,0.58,16.07,11.73,0.00,768
35.390,16.80,0.07,0.59,16.02,11.64,0.00,770
35.407,16.75,0.07,0.58,16.09,11.58,0.00,769
35.424,17.40,0.08,0.62,15.30,11.53,0.00,769
35.441,16.43,0.06,0.55,15.66,11.47,0.00,770
35.457,16.49,0.06,0.54,15.97,11.46,0.00,771
35.474,16.69,0.07,0.53,16.13,11.51,0.00,764
35.491,16.89,0.10,0.58,15.81,11.64,0.00,759
35.508,16.61,0.08,0.54,15.85,11.44,0.00,761
35.524,16.54,0.07,0.57,16.60,11.62,0.00,760
35.541,17.40,0.15,1.51,14.81,11.53,0.00,762
35.558,16.63,0.15,1.57,14.76,11.50,0.00,762
35.575,16.67,0.17,1.55,14.99,11.55,0.00,763
35.592,16.88,0.15,1.52,14.80,11.48,0.00,765
35.608,16.63,0.15,1.57,14.79,11.56,0.00,767
35.625,16.65,0.15,1.50,14.94,11.58,0.00,766
35.642,16.72,0.15,1.56,14.94,11.65,0.00,767
35.658,16.82,0.15,1.48,14.90,11.71,0.00,767
35.675,16.67,0.14,1.55,14.91,11.71,0.00,768
35.692,16.75,0.14,1.47,14.96,11.65,0.00,769
35.709,16.72,0.14,1.62,14.68,11.63,0.00,768
35.725,16.55,0.13,1.09,15.20,11.65,0.00,771
35.742,16.52,0.08,0.74,15.91,11.66,0.00,773
35.758,16.81,0.08,1.06,15.52,11.72,0.00,775
35.778,19.31,0.11,1.29,12.94,11.72,0.00,791
35.793,15.09,0.16,1.58,13.99,12.34,0.00,789
35.809,15.80,0.06,0.55,16.45,12.30,0.00,788
35.826,17.74,0.17,1.61,14.11,12.38,0.00,784
35.843,16.49,0.23,1.51,14.33,12.43,0.00,785
35.859,16.47,0.24,1.52,14.30,12.39,0.00,788
35.876,16.21,0.15,0.57,16.42,12.21,0.00,790
35.894,18.63,0.20,1.32,13.17,12.39,0.00,789
35.909,15.16,0.09,0.77,15.84,12.48,0.00,785
35.927,17.17,0.13,1.49,14.52,12.30,0.00,782
35.943,16.32,0.12,1.53,14.92,12.37,0.00,778
35.960,16.71,0.12,1.44,15.10,12.29,0.00,779
35.976,16.82,0.12,1.40,15.01,12.36,0.00,766
35.993,16.69,0.12,1.40,15.15,12.25,0.00,760
36.010,16.82,0.12,1.47,14.78,12.29,0.00,759
36.026,16.54,0.13,1.36,15.27,12.39,0.00,760
36.043,16.95,0.12,1.28,15.16,12.30,0.00,759
36.060,16.72,0.13,1.26,15.18,12.46,0.00,744
36.077,16.71,0.12,1.21,15.25,12.44,0.00,739
36.094,16.74,0.13,1.12,15.31,12.59,0.00,737
36.110,16.72,0.32,1.26,14.99,12.47,0.00,788
36.127,16.73,0.13,1.34,15.03,13.30,0.00,785
36.144,16.66,0.12,1.29,15.23,13.27,0.00,784
36.160,16.80,0.14,1.36,15.11,13.24,0.00,782
36.177,16.77,0.12,1.35,14.91,13.29,0.00,781
36.194,16.56,0.13,1.28,15.23,13.35,0.00,781
36.211,16.79,0.12,1.20,15.34,13.27,0.00,778
36.227,16.82,0.12,1.26,14.96,13.16,0.00,776
36.244,16.50,0.12,1.20,15.49,13.07,0.00,771
36.261,16.98,0.13,1.27,15.20,13.14,0.00,763
36.278,16.76,0.12,1.30,15.01,13.05,0.00,756
36.294,16.59,0.13,1.26,15.24,13.15,0.00,751
36.311,16.79,0.13,1.36,15.11,13.15,0.00,742
36.328,16.76,0.12,1.42,15.06,13.21,0.00,738
36.345,16.76,0.12,1.29,15.10,13.24,0.00,737
36.361,16.66,0.12,1.25,15.19,13.24,0.00,737
36.378,16.71,0.11,1.20,15.30,13.18,0.00,734
36.397,19.29,0.08,0.76,13.30,10.55,0.00,735
36.412,14.32,0.12,1.30,14.92,10.40,0.00,732
36.428,16.80,0.13,1.20,15.07,10.41,0.00,731
36.445,16.55,0.12,1.29,15.08,10.25,0.00,730
36.461,16.60,0.18,1.18,15.39,10.15,0.00,730
36.478,16.93,0.11,1.36,14.91,10.07,0.00,729
36.495,16.52,0.12,1.19,15.33,9.88,0.00,730
36.512,16.77,0.14,0.96,15.26,9.87,0.00,729
36.528,16.45,0.07,0.65,16.40,9.76,0.00,727
36.547,18.85,0.12,1.17,13.40,9.83,0.00,727
36.562,14.96,0.12,1.23,15.27,9.96,0.00,727
36.579,17.11,0.12,1.15,14.91,9.83,0.00,728
36.595,16.37,0.12,1.19,15.40,9.83,0.00,726
36.612,16.89,0.11,1.26,15.14,9.79,0.00,726
36.629,16.69,0.12,1.29,15.08,9.78,0.00,724
36.646,16.64,0.11,1.28,15.19,9.68,0.00,724
36.662,16.74,0.12,1.24,15.09,9.60,0.00,722
36.679,16.59,0.11,1.18,15.46,9.52,0.00,723
36.696,16.91,0.12,1.20,15.25,9.45,0.00,716
36.713,16.78,0.12,1.26,15.15,9.39,0.00,716
36.729,16.68,0.11,1.20,15.31,9.17,0.00,715
36.746,16.78,0.11,1.14,14.93,9.19,0.00,712
36.762,16.29,0.07,0.60,16.31,9.00,0.00,711
36.780,17.15,0.11,1.17,15.25,8.92,0.00,710
36.796,16.67,0.11,1.32,15.00,8.85,0.00,707
36.813,16.58,0.11,1.22,15.37,8.83,0.00,708
36.830,16.85,0.11,1.11,15.37,9.17,0.00,703
36.846,16.73,0.11,0.86,15.47,9.10,0.00,700
36.863,16.59,0.16,0.85,15.84,9.07,0.00,700
36.880,17.01,0.12,0.93,15.08,8.99,0.00,700
36.896,16.23,0.08,0.58,16.05,8.87,0.00,701
36.913,16.84,0.07,0.39,16.36,8.87,0.00,699
36.930,16.98,0.11,0.86,15.64,8.81,0.00,700
36.947,16.78,0.10,0.93,15.88,8.73,0.00,700
36.964,17.12,0.14,1.10,14.61,8.68,0.00,700
36.980,15.94,0.05,0.40,16.07,8.54,0.00,700
36.996,16.61,0.06,0.45,16.06,8.51,0.00,698
37.014,17.75,0.08,0.33,15.09,8.40,0.00,707
37.030,15.68,0.05,0.36,16.18,8.92,0.00,706
37.047,16.86,0.07,0.34,16.04,8.78,0.00,703
37.063,16.63,0.05,0.39,16.05,8.75,0.00,704
37.080,16.58,0.04,0.32,16.39,8.85,0.00,702
37.097,16.81,0.05,0.37,16.26,8.83,0.00,701
37.114,16.75,0.05,0.34,16.73,8.85,0.00,699
37.131,17.23,0.17,1.05,15.38,8.85,0.00,700
37.148,16.73,0.19,1.23,15.56,8.81,0.00,700
37.168,20.02,0.33,1.02,11.56,8.92,0.00,700
37.181,13.28,0.05,0.37,16.33,8.72,0.00,698
37.198,16.89,0.11,0.87,15.43,8.70,0.00,697
37.214,16.54,0.10,0.88,15.32,8.80,0.00,697
37.231,16.37,0.05,0.34,16.25,8.73,0.00,698
37.247,16.69,0.04,0.35,16.77,8.70,0.00,698
37.265,17.30,0.10,0.87,15.28,8.76,0.00,697
37.281,16.32,0.04,0.31,16.21,8.67,0.00,696
37.298,16.64,0.05,0.30,16.19,8.66,0.00,694
37.314,16.61,0.04,0.29,17.08,8.81,0.00,692
37.332,17.57,0.11,0.86,14.81,8.95,0.00,692
37.348,15.83,0.04,0.28,16.65,9.11,0.00,694
37.365,17.06,0.06,0.34,16.13,9.19,0.00,696
37.381,16.59,0.04,0.32,16.66,9.33,0.00,696
37.398,17.17,0.11,0.86,15.83,9.41,0.00,694
37.415,16.96,0.12,0.78,15.50,9.46,0.00,693
37.432,16.56,0.12,0.85,15.53,9.48,0.00,691
37.449,16.63,0.08,0.60,15.79,9.45,0.00,692
37.465,16.58,0.07,0.52,15.80,10.42,0.00,692
37.482,16.48,0.05,0.30,16.32,9.62,0.00,693
37.498,16.76,0.05,0.33,16.58,9.44,0.00,691
37.515,17.10,0.10,0.89,15.53,9.45,0.00,692
37.532,16.66,0.15,0.90,15.41,9.52,0.00,695
37.549,16.58,0.12,0.59,16.35,9.62,0.00,695
37.566,17.23,0.11,0.91,15.46,9.87,0.00,694
37.583,16.62,0.10,0.90,15.05,10.02,0.00,694
37.599,16.12,0.04,0.35,16.33,10.36,0.00,694
37.615,16.80,0.06,0.78,16.26,10.60,0.00,694
37.633,17.25,0.10,0.83,15.56,10.80,0.00,692
37.649,16.64,0.10,0.91,15.62,10.85,0.00,689
37.666,16.77,0.10,0.83,15.69,10.83,0.00,688
37.683,16.76,0.09,0.93,15.60,10.79,0.00,685
37.700,16.75,0.09,0.87,15.70,10.53,0.00,682
37.716,16.81,0.10,0.88,15.56,10.30,0.00,681
37.733,16.68,0.09,0.88,15.64,10.32,0.00,678
37.750,16.83,0.11,0.87,15.56,10.12,0.00,678
37.767,16.68,0.10,0.89,15.60,10.07,0.00,677
37.783,16.72,0.09,0.85,15.59,10.03,0.00,674
37.800,16.68,0.10,0.86,15.62,10.16,0.00,673
37.817,16.73,0.09,0.90,15.62,10.22,0.00,673
37.834,16.77,0.10,0.88,15.61,10.38,0.00,672
37.850,16.73,0.10,0.89,15.58,10.54,0.00,672
37.867,16.71,0.09,0.88,15.68,10.80,0.00,672
37.884,16.80,0.10,0.86,15.65,10.85,0.00,670
37.904,20.01,0.10,0.98,12.33,10.89,0.00,682
37.918,14.01,0.13,0.91,14.64,11.20,0.00,682
37.934,15.74,0.04,0.36,16.67,10.89,0.00,681
37.952,18.74,0.11,0.92,14.05,10.68,0.00,679
37.968,16.19,0.11,1.04,14.34,10.38,0.00,680
37.987,18.74,0.04,0.27,12.70,10.37,0.00,688
38.000,13.22,0.01,0.11,16.99,10.27,0.00,688
38.018,17.32,0.13,0.97,14.89,10.10,0.00,688
38.034,16.05,0.04,0.32,16.92,9.82,0.00,687
38.052,17.91,0.20,0.93,14.85,9.99,0.00,685
38.068,16.38,0.28,1.18,14.73,10.02,0.00,733
38.085,16.48,0.11,1.17,15.45,10.53,0.00,726
38.102,17.12,0.21,1.19,14.74,10.43,0.00,727
38.118,16.29,0.11,1.38,15.09,10.53,0.00,726
38.136,17.55,0.11,1.05,14.58,10.43,0.00,724
38.152,16.15,0.11,1.06,15.06,10.26,0.00,720
38.168,16.34,0.10,1.02,15.57,10.07,0.00,710
38.185,16.84,0.10,1.04,15.52,9.94,0.00,708
38.202,16.81,0.10,0.98,15.42,9.66,0.00,705
38.218,16.64,0.10,1.04,15.53,9.60,0.00,704
38.235,16.80,0.11,0.99,15.41,9.52,0.00,704
38.252,16.66,0.10,1.04,15.46,9.34,0.00,703
38.268,16.74,0.10,1.02,15.51,9.37,0.00,702
38.285,16.79,0.10,1.17,15.24,9.21,0.00,700
38.302,16.65,0.10,1.05,15.51,9.22,0.00,699
38.319,16.82,0.10,1.09,15.40,9.08,0.00,699
38.335,16.73,0.10,1.04,15.47,9.11,0.00,697
38.352,16.75,0.10,1.09,15.38,9.13,0.00,695
38.369,16.72,0.11,1.02,15.49,9.09,0.00,695
38.386,16.77,0.10,1.04,15.29,9.05,0.00,696
38.402,16.58,0.11,1.05,15.62,9.05,0.00,694
38.419,16.94,0.11,1.11,15.23,9.05,0.00,694
38.436,16.59,0.11,1.01,15.48,8.99,0.00,694
38.453,16.76,0.10,1.01,15.45,8.95,0.00,694
38.469,16.71,0.11,1.01,15.48,8.94,0.00,692
38.486,16.76,0.14,1.44,15.02,8.79,0.00,746
38.503,16.74,0.12,1.43,15.07,13.05,0.00,744
38.520,16.77,0.12,1.42,14.93,12.92,0.00,745
38.536,16.61,0.12,1.59,14.92,12.99,0.00,742
38.553,16.78,0.12,1.55,15.20,13.00,0.00,741
38.570,17.05,0.12,1.58,14.55,13.06,0.00,740
38.586,16.40,0.12,1.57,14.88,13.04,0.00,739
38.603,16.73,0.13,1.42,14.98,13.08,0.00,738
38.620,16.69,0.13,1.45,14.88,13.15,0.00,740
38.636,16.57,0.11,0.77,16.17,13.10,0.00,740
38.654,17.24,0.13,1.55,14.88,13.23,0.00,739
38.670,16.73,0.13,1.43,14.75,13.18,0.00,740
38.687,16.48,0.12,1.56,14.77,13.24,0.00,737
38.703,16.57,0.08,1.00,15.58,13.12,0.00,735
38.720,16.81,0.12,1.45,15.03,13.20,0.00,733
38.737,16.75,0.12,1.53,14.89,13.09,0.00,730
38.754,16.67,0.12,1.38,15.11,13.07,0.00,730
38.770,16.75,0.12,1.39,15.18,13.21,0.00,731
38.787,16.84,0.11,1.47,15.01,13.24,0.00,729
38.807,19.44,0.09,1.07,12.86,13.19,0.00,741
38.821,14.63,0.13,1.63,14.22,13.87,0.00,740
38.837,16.21,0.13,1.58,14.82,13.97,0.00,741
38.855,17.27,0.14,1.60,14.31,14.06,0.00,741
38.871,16.50,0.12,1.43,14.61,14.16,0.00,737
38.888,16.42,0.12,1.47,15.32,14.20,0.00,735
38.905,17.14,0.13,1.46,14.44,11.58,0.00,735
38.921,16.15,0.12,1.53,14.99,11.57,0.00,734
38.938,16.80,0.17,1.43,14.95,11.49,0.00,735
38.954,16.71,0.12,1.59,14.98,11.42,0.00,733
38.972,17.86,0.12,1.49,13.88,11.28,0.00,732
38.989,16.18,0.11,1.45,14.53,11.19,0.00,730
39.005,16.47,0.11,1.37,14.80,11.06,0.00,729
39.021,16.48,0.11,1.51,14.91,11.21,0.00,729
39.038,16.68,0.12,1.43,15.12,11.26,0.00,728
39.055,16.82,0.31,1.70,14.68,11.35,0.00,756
39.072,16.85,0.13,1.58,14.67,11.80,0.00,756
39.088,16.53,0.29,1.80,14.50,11.84,0.00,774
39.105,16.74,0.14,1.83,14.64,12.24,0.00,776
39.122,16.76,0.14,1.81,14.64,12.26,0.00,772
39.139,16.72,0.14,1.80,14.60,12.35,0.00,773
39.155,16.70,0.15,1.82,14.69,12.28,0.00,774
39.172,16.80,0.14,1.90,14.49,12.42,0.00,773
39.189,16.68,0.14,1.80,14.79,12.19,0.00,772
39.206,16.88,0.15,1.81,14.57,12.11,0.00,772
39.222,16.66,0.14,1.88,14.47,12.07,0.00,773
39.239,16.65,0.15,1.80,14.69,12.10,0.00,776
39.256,16.79,0.14,1.83,14.60,12.04,0.00,774
39.272,16.71,0.14,1.82,14.58,12.10,0.00,776
39.289,16.69,0.13,1.89,14.50,12.15,0.00,768
39.306,16.66,0.18,1.82,14.90,12.15,0.00,768
39.325,19.57,0.17,1.23,12.59,12.00,0.00,776
39.340,14.51,0.16,1.96,14.13,12.63,0.00,774
39.356,16.40,0.13,1.89,14.61,12.58,0.00,766
39.374,17.52,0.15,1.90,13.63,12.50,0.00,769
39.390,16.08,0.23,1.81,14.16,12.46,0.00,768
39.406,16.39,0.13,1.85,15.07,12.51,0.00,768
39.423,17.26,0.14,1.94,13.96,12.52,0.00,769
39.440,16.18,0.12,1.90,14.56,12.43,0.00,768
39.458,17.87,0.13,1.82,13.04,12.35,0.00,766
39.473,15.70,0.15,1.87,14.53,12.34,0.00,766
39.490,16.95,0.13,1.85,14.29,12.26,0.00,765
39.507,16.43,0.12,1.79,14.67,12.12,0.00,763
39.523,16.72,0.12,1.87,14.50,12.10,0.00,766
39.540,16.63,0.12,1.82,14.81,12.08,0.00,764
39.557,16.90,0.13,1.89,14.52,12.04,0.00,762
39.574,16.68,0.12,1.82,14.63,11.94,0.00,762
39.590,16.71,0.13,1.85,14.49,11.88,0.00,764
39.607,16.61,0.12,1.82,14.67,11.80,0.00,764
39.624,16.76,0.12,1.82,14.75,11.77,0.00,766
39.640,16.83,0.12,1.79,14.72,11.67,0.00,766
39.657,16.78,0.12,1.82,14.52,11.66,0.00,769
39.674,16.62,0.12,1.93,14.56,11.59,0.00,768
39.691,16.76,0.12,1.76,14.75,11.55,0.00,769
39.707,16.78,0.11,1.98,14.42,11.47,0.00,765
39.724,16.65,0.12,1.78,14.62,11.42,0.00,764
39.741,16.67,0.11,1.71,14.88,11.32,0.00,760
39.758,16.85,0.12,1.88,14.56,11.30,0.00,761
39.774,16.74,0.12,1.80,14.62,11.21,0.00,751
39.791,16.69,0.12,1.70,14.67,11.14,0.00,751
39.808,16.62,0.12,1.70,14.95,11.25,0.00,750
39.825,16.91,0.12,1.71,14.67,11.21,0.00,748
39.841,16.65,0.11,1.73,14.79,11.07,0.00,747
39.858,16.77,0.12,1.80,14.61,11.08,0.00,748
39.875,16.66,0.11,1.69,14.89,11.04,0.00,748
39.891,16.83,0.11,1.68,14.74,11.01,0.00,745
39.908,16.68,0.11,1.69,14.76,11.00,0.00,744
39.925,16.70,0.11,1.65,14.88,10.90,0.00,743
39.942,16.78,0.11,1.64,14.71,11.04,0.00,740
39.958,16.61,0.12,1.63,14.98,11.04,0.00,735
39.975,16.89,0.11,1.64,14.84,10.96,0.00,731
39.992,16.74,0.11,1.62,14.73,11.07,0.00,727
40.008,16.62,0.11,1.59,14.97,9.27,0.00,725
40.025,16.81,0.12,1.72,14.70,9.33,0.00,722
40.042,16.68,0.11,1.56,14.96,9.29,0.00,722
40.059,16.77,0.11,1.53,14.93,9.61,0.00,720
40.075,16.71,0.11,1.52,15.00,9.40,0.00,714
40.092,16.79,0.11,1.49,14.93,9.32,0.00,712
40.109,16.67,0.10,1.54,14.98,9.42,0.00,710
40.126,16.78,0.28,1.54,14.74,9.37,0.00,726
40.142,16.70,0.11,1.59,14.87,9.79,0.00,725
40.159,16.71,0.12,1.60,14.83,9.76,0.00,723
40.176,16.70,0.11,1.54,15.04,9.92,0.00,721
40.193,16.83,0.12,1.59,14.85,10.00,0.00,719
40.209,16.71,0.11,1.61,14.80,10.06,0.00,719
40.226,16.66,0.11,1.61,14.81,10.08,0.00,717
40.243,16.68,0.11,1.69,14.72,10.03,0.00,715
40.259,16.68,0.11,1.68,15.00,10.03,0.00,712
40.276,16.95,0.11,1.59,14.89,10.08,0.00,709
40.293,16.74,0.11,1.73,14.68,10.09,0.00,708
40.310,16.66,0.16,1.92,14.76,10.04,0.00,759
40.327,17.02,0.19,1.81,14.28,14.17,0.00,758
40.343,16.43,0.13,1.83,14.57,14.18,0.00,757
40.360,16.67,0.13,1.78,14.80,14.29,0.00,756
40.377,16.86,0.13,1.78,14.56,14.24,0.00,755
40.393,16.61,0.13,2.06,14.61,14.19,0.00,744
40.413,20.11,0.16,1.86,11.13,14.17,0.00,748
40.427,13.78,0.14,1.22,14.48,14.59,0.00,744
40.443,15.90,0.06,0.72,16.26,14.47,0.00,743
40.461,17.62,0.17,1.69,14.57,14.55,0.00,734
40.478,16.96,0.17,1.56,14.40,14.42,0.00,734
40.494,16.33,0.21,1.47,14.28,14.34,0.00,736
40.510,16.08,0.06,0.55,16.47,14.39,0.00,732
40.527,17.23,0.14,1.57,14.84,14.42,0.00,733
40.545,17.56,0.20,1.68,14.00,14.09,0.00,732
40.562,16.68,0.14,1.55,14.01,14.06,0.00,729
40.578,16.07,0.13,1.49,14.85,14.31,0.00,727
40.594,16.64,0.13,1.50,14.80,14.35,0.00,719
40.611,16.57,0.13,1.43,15.00,14.14,0.00,718
40.628,16.71,0.13,1.48,15.21,14.05,0.00,700
40.644,16.97,0.13,1.43,14.86,14.07,0.00,700
40.661,16.56,0.12,1.45,15.01,13.96,0.00,699
40.678,16.73,0.12,1.45,15.10,13.86,0.00,699
40.695,16.84,0.13,1.37,15.02,13.79,0.00,700
40.711,16.69,0.13,1.40,15.01,13.81,0.00,697
40.728,16.68,0.15,1.51,14.61,10.92,0.00,698
40.744,16.39,0.09,0.98,15.93,10.83,0.00,699
40.762,17.16,0.13,1.38,14.89,10.86,0.00,692
40.778,16.53,0.15,1.45,15.15,10.67,0.00,691
40.795,16.92,0.12,1.37,16.46,10.64,0.00,691
40.813,18.10,0.12,1.76,13.38,10.42,0.00,691
40.828,15.40,0.13,1.37,15.05,10.49,0.00,693
40.845,16.68,0.12,1.24,14.87,10.56,0.00,689
40.862,16.35,0.07,0.75,16.13,10.58,0.00,692
40.879,17.11,0.12,1.38,15.02,10.58,0.00,694
40.895,16.66,0.12,1.38,15.08,10.39,0.00,694
40.912,16.72,0.12,1.43,15.05,10.43,0.00,695
40.932,20.04,0.13,1.22,12.14,10.36,0.00,707
40.946,14.05,0.14,1.42,14.18,10.95,0.00,706
40.962,15.82,0.05,0.52,16.40,10.97,0.00,705
40.980,17.74,0.14,1.48,14.31,10.87,0.00,706
40.996,16.42,0.13,1.44,14.62,10.95,0.00,707
41.012,16.38,0.12,1.57,14.54,10.81,0.00,706
41.029,16.34,0.06,0.54,16.21,10.55,0.00,705
41.046,16.93,0.18,1.38,15.00,10.64,0.00,703
41.062,16.72,0.09,0.91,15.79,10.57,0.00,701
41.079,16.91,0.17,1.31,15.04,10.60,0.00,703
41.097,17.86,0.13,1.30,14.09,10.65,0.00,703
41.113,16.21,0.14,1.24,14.63,10.65,0.00,703
41.130,16.39,0.13,1.23,14.99,10.67,0.00,702
41.146,16.51,0.11,1.28,15.10,10.66,0.00,704
41.163,16.63,0.11,1.23,15.28,10.60,0.00,696
41.180,16.77,0.11,1.25,15.17,10.49,0.00,697
41.196,16.67,0.12,1.17,15.33,10.52,0.00,691
41.213,16.76,0.12,1.25,15.28,10.50,0.00,692
41.230,16.80,0.11,1.23,15.23,10.58,0.00,692
41.247,16.72,0.12,1.18,15.31,10.48,0.00,692
41.263,16.75,0.12,1.22,15.21,10.43,0.00,695
41.280,16.68,0.11,1.25,15.30,10.47,0.00,698
41.297,16.81,0.11,1.26,15.11,10.52,0.00,699
41.314,16.64,0.12,1.29,14.68,10.49,0.00,698
41.330,16.24,0.11,1.29,15.69,10.46,0.00,700
41.347,17.24,0.12,1.23,15.10,10.44,0.00,704
41.364,16.59,0.11,1.28,15.31,10.61,0.00,704
41.380,16.85,0.11,1.21,15.26,10.67,0.00,704
41.397,16.72,0.11,1.28,15.04,10.65,0.00,708
41.414,16.58,0.11,1.23,15.25,10.66,0.00,711
41.430,16.72,0.11,1.29,15.27,10.67,0.00,715
41.447,16.80,0.11,1.23,15.31,10.57,0.00,714
41.464,16.79,0.11,1.23,15.12,10.57,0.00,717
41.481,16.62,0.11,1.21,15.37,10.70,0.00,719
41.498,16.84,0.12,1.21,15.23,10.68,0.00,719
41.514,16.69,0.11,1.33,15.15,10.75,0.00,718
41.531,16.74,0.11,1.23,15.27,10.74,0.00,722
41.548,16.76,0.11,1.21,15.26,10.66,0.00,725
41.564,16.72,0.11,1.29,15.19,10.71,0.00,726
41.581,16.73,0.11,1.21,15.17,10.81,0.00,726
41.598,16.65,0.17,1.29,15.32,10.72,0.00,726
41.615,16.95,0.11,1.21,15.16,10.90,0.00,724
41.631,16.63,0.11,1.22,15.15,11.03,0.00,725
41.648,16.64,0.11,1.26,15.25,11.13,0.00,724
41.665,16.77,0.12,1.30,15.18,11.06,0.00,723
41.682,16.73,0.11,1.27,15.14,11.05,0.00,725
41.698,16.66,0.11,1.27,15.37,11.02,0.00,724
41.715,16.93,0.11,1.29,15.03,11.00,0.00,719
41.732,16.59,0.12,1.29,15.19,10.94,0.00,714
41.748,16.73,0.11,1.28,15.17,11.03,0.00,712
41.765,16.70,0.11,1.26,15.33,11.02,0.00,703
41.782,16.86,0.11,1.21,15.33,10.99,0.00,687
41.799,16.80,0.12,1.19,15.24,10.97,0.00,679
41.816,16.70,0.11,1.21,15.25,10.96,0.00,675
41.832,16.72,0.11,1.16,15.21,9.61,0.00,675
41.849,16.64,0.11,1.15,15.34,9.54,0.00,672
41.866,16.77,0.12,1.27,15.25,9.59,0.00,672
41.882,16.81,0.11,1.23,15.19,9.84,0.00,671
41.899,16.69,0.11,1.18,15.27,9.71,0.00,670
41.916,16.70,0.11,1.17,15.24,9.74,0.00,669
41.933,16.69,0.15,1.14,15.37,9.65,0.00,670
41.949,16.83,0.11,1.18,15.20,9.59,0.00,670
41.966,16.64,0.11,1.15,15.37,9.51,0.00,669
41.983,16.80,0.11,1.16,15.13,9.50,0.00,668
41.999,16.56,0.12,1.12,15.21,9.48,0.00,665
42.016,16.56,0.07,0.84,15.81,9.38,0.00,665
42.035,19.26,0.09,0.76,13.64,9.44,0.00,674
42.050,15.00,0.12,1.28,14.90,9.81,0.00,673
42.067,16.99,0.14,1.23,14.52,9.88,0.00,671
42.084,16.47,0.12,1.31,14.54,9.89,0.00,671
42.100,16.18,0.11,1.01,16.17,9.80,0.00,667
42.117,17.56,0.13,1.37,14.37,9.87,0.00,667
42.133,16.03,0.36,1.28,14.82,10.16,0.00,722
42.150,16.63,0.12,1.25,15.29,10.79,0.00,722
42.168,18.22,0.12,1.13,13.89,10.66,0.00,720
42.184,15.67,0.11,1.22,14.93,10.49,0.00,718
42.201,16.79,0.11,1.26,14.85,10.30,0.00,716
42.217,16.41,0.09,0.81,15.65,10.05,0.00,716
42.234,16.70,0.12,1.25,15.18,9.91,0.00,712
42.251,16.70,0.11,1.23,15.20,9.79,0.00,709
42.267,16.70,0.12,1.22,15.26,9.85,0.00,701
42.284,16.76,0.11,0.88,15.49,9.69,0.00,692
42.301,16.63,0.11,0.90,15.57,9.59,0.00,691
42.317,16.74,0.11,1.02,15.43,9.59,0.00,689
42.334,16.72,0.12,0.91,15.64,9.53,0.00,687
42.351,16.82,0.11,0.87,15.46,9.42,0.00,686
42.368,16.59,0.11,0.90,15.32,9.38,0.00,684
42.384,16.44,0.08,0.47,16.45,9.26,0.00,685
42.401,17.16,0.11,0.87,15.54,9.40,0.00,683
42.418,16.67,0.10,0.90,15.58,9.29,0.00,682
42.435,16.72,0.11,0.86,15.56,9.14,0.00,681
42.451,16.68,0.11,0.85,15.63,9.12,0.00,680
42.468,16.74,0.11,0.80,15.73,8.93,0.00,677
42.485,16.79,0.11,0.85,15.62,8.91,0.00,675
42.501,16.72,0.12,0.87,15.48,8.76,0.00,676
42.518,16.61,0.11,0.83,15.80,8.82,0.00,676
42.535,16.88,0.11,0.86,15.59,8.75,0.00,676
42.552,16.71,0.11,0.92,15.53,8.73,0.00,673
42.568,16.69,0.11,0.85,15.61,8.68,0.00,671
42.585,16.70,0.10,0.90,15.65,8.74,0.00,669
42.602,16.80,0.11,0.82,15.59,8.63,0.00,667
42.618,16.66,0.11,0.85,15.68,8.60,0.00,666
42.635,16.79,0.11,0.85,15.57,8.61,0.00,666
42.652,16.67,0.11,0.89,15.60,8.75,0.00,664
42.669,16.74,0.11,0.82,15.72,8.75,0.00,664
42.685,16.80,0.11,0.89,15.53,8.84,0.00,664
42.702,16.67,0.11,0.94,15.61,8.61,0.00,661
42.719,16.83,0.11,0.88,15.82,8.61,0.00,660
42.739,19.68,0.21,0.57,12.99,8.53,0.00,669
42.753,14.47,0.14,0.87,14.46,9.07,0.00,667
42.769,15.53,0.07,0.49,16.22,9.07,0.00,720
42.786,17.15,0.10,0.42,16.13,13.71,0.00,718
42.803,17.16,0.14,1.24,14.73,13.49,0.00,718
42.819,16.44,0.13,1.21,15.67,13.15,0.00,717
42.837,17.17,0.14,1.33,14.57,13.37,0.00,715
42.853,16.18,0.22,1.30,15.09,13.81,0.00,714
42.871,17.80,0.30,1.34,13.95,13.02,0.00,711
42.887,16.31,0.13,1.24,14.49,13.32,0.00,709
42.903,16.24,0.20,1.22,15.04,13.36,0.00,710
42.920,16.63,0.13,1.22,15.11,13.39,0.00,710
42.936,16.60,0.13,1.23,15.38,13.36,0.00,708
42.953,16.89,0.13,1.23,15.06,13.46,0.00,709
42.970,16.56,0.13,1.14,15.44,13.48,0.00,709
42.987,16.84,0.12,1.24,15.21,13.47,0.00,711
43.003,16.72,0.13,1.31,15.12,13.51,0.00,710
43.020,16.70,0.13,1.21,15.38,13.54,0.00,711
43.037,16.86,0.13,1.23,15.06,13.66,0.00,711
43.053,16.57,0.13,1.31,15.20,13.76,0.00,713
43.070,16.78,0.13,1.26,15.13,13.74,0.00,715
43.087,16.66,0.13,1.23,15.24,13.76,0.00,714
43.104,16.76,0.13,1.38,15.06,13.86,0.00,714
43.120,16.71,0.12,1.22,15.34,13.89,0.00,714
43.137,16.83,0.12,1.26,15.08,14.17,0.00,712
43.154,16.60,0.13,1.27,15.18,14.26,0.00,715
43.171,16.72,0.12,1.20,15.27,14.40,0.00,712
43.187,16.73,0.12,1.26,15.30,11.77,0.00,710
43.204,16.83,0.13,1.24,15.33,11.65,0.00,710
43.221,16.87,0.13,1.21,15.09,11.62,0.00,711
43.238,16.57,0.12,1.21,15.36,11.49,0.00,710
43.254,16.84,0.12,1.20,15.19,11.39,0.00,711
43.271,16.64,0.12,1.25,15.21,11.35,0.00,712
43.288,16.73,0.12,1.24,15.17,11.27,0.00,713
43.304,16.68,0.12,1.23,15.32,11.36,0.00,714
43.321,16.82,0.12,1.19,15.22,11.34,0.00,714
43.338,16.67,0.12,1.26,15.24,11.37,0.00,713
43.355,16.76,0.11,1.25,15.27,11.50,0.00,714
43.371,16.77,0.12,1.17,15.24,11.57,0.00,715
43.388,16.68,0.12,1.23,15.31,11.69,0.00,715
43.405,16.80,0.12,1.19,15.35,11.69,0.00,715
43.425,20.17,0.13,1.43,11.60,11.78,0.00,725
43.439,13.70,0.13,1.30,14.67,12.45,0.00,725
43.455,16.23,0.12,0.69,15.95,12.35,0.00,726
43.473,17.47,0.13,1.57,14.25,12.21,0.00,725
43.489,16.58,0.13,1.27,14.72,12.01,0.00,723
43.505,16.40,0.12,1.34,14.61,11.87,0.00,723
43.522,16.19,0.06,0.53,16.21,11.48,0.00,722
43.539,16.90,0.09,0.93,15.74,11.64,0.00,724
43.555,16.92,0.13,1.48,15.15,11.65,0.00,723
43.573,17.94,0.13,1.35,13.90,11.40,0.00,722
43.590,16.12,0.14,1.29,14.50,11.56,0.00,723
43.606,16.30,0.18,1.21,15.11,11.69,0.00,720
43.623,16.66,0.12,1.26,15.10,11.53,0.00,720
43.639,16.62,0.12,1.29,15.16,11.56,0.00,720
43.656,16.70,0.11,1.17,15.37,11.58,0.00,718
43.673,16.78,0.12,1.27,15.15,11.56,0.00,719
43.689,16.70,0.11,1.27,15.28,11.63,0.00,719
43.706,16.81,0.12,1.32,15.13,11.48,0.00,718
43.723,16.71,0.12,1.20,15.24,11.36,0.00,717
43.740,16.69,0.12,1.26,15.14,11.22,0.00,715
43.756,16.67,0.12,1.25,15.33,11.29,0.00,715
43.773,16.87,0.13,1.30,15.28,11.06,0.00,714
43.790,16.90,0.14,1.29,15.07,11.00,0.00,711
43.807,16.67,0.13,1.25,15.08,10.96,0.00,709
43.823,16.64,0.13,1.24,15.05,11.23,0.00,705
43.840,16.62,0.19,1.28,15.21,11.11,0.00,705
43.857,16.82,0.11,1.29,15.17,11.08,0.00,705
43.873,16.72,0.12,1.25,15.19,11.12,0.00,706
43.890,16.72,0.11,1.21,15.19,11.13,0.00,705
43.907,16.66,0.11,1.23,15.29,11.14,0.00,701
43.924,16.77,0.11,1.23,15.12,11.07,0.00,700
43.940,16.59,0.11,1.22,15.38,11.08,0.00,702
43.957,16.85,0.11,1.34,15.22,11.18,0.00,702
43.974,16.81,0.12,1.31,15.04,11.21,0.00,702
43.990,16.60,0.11,1.26,15.40,11.10,0.00,702
44.007,16.93,0.16,1.18,15.08,11.05,0.00,700
44.024,16.55,0.11,1.22,15.30,11.05,0.00,699
44.041,16.77,0.11,1.29,15.12,11.01,0.00,699
44.057,16.71,0.11,1.31,15.08,10.99,0.00,696
44.074,16.66,0.20,1.23,15.33,11.05,0.00,695
44.091,16.91,0.30,1.48,14.75,11.05,0.00,725
44.108,16.69,0.12,1.29,15.11,11.77,0.00,722
44.124,16.67,0.12,1.32,15.09,11.66,0.00,722
44.141,16.67,0.31,1.34,15.04,11.62,0.00,739
44.158,16.83,0.12,1.46,14.92,11.86,0.00,739
44.174,16.64,0.12,1.34,15.23,11.84,0.00,737
44.191,16.83,0.12,1.37,15.08,11.80,0.00,738
44.208,16.73,0.12,1.42,15.05,11.86,0.00,738
44.225,16.74,0.12,1.40,14.94,11.92,0.00,734
44.241,16.59,0.12,1.34,15.23,11.79,0.00,734
44.258,16.83,0.12,1.46,14.96,11.68,0.00,732
44.275,16.68,0.12,1.35,15.20,11.69,0.00,730
44.292,16.79,0.11,1.38,15.17,10.22,0.00,728
44.309,16.81,0.24,1.35,14.91,10.21,0.00,727
44.325,16.64,0.12,1.41,15.07,10.14,0.00,727
44.342,16.73,0.12,1.41,15.07,10.30,0.00,727
44.359,16.75,0.11,1.37,15.07,10.30,0.00,726
44.375,16.69,0.11,1.42,15.08,10.34,0.00,726
44.392,16.75,0.11,1.45,15.08,10.40,0.00,724
44.409,16.81,0.12,1.29,15.09,10.42,0.00,722
44.426,16.64,0.11,1.26,15.13,10.45,0.00,722
44.442,16.65,0.12,1.44,15.15,10.49,0.00,719
44.459,16.86,0.12,1.39,14.99,10.51,0.00,719
44.476,16.63,0.11,1.33,15.17,10.63,0.00,719
44.492,16.76,0.12,1.53,14.96,10.56,0.00,718
44.509,16.75,0.11,1.30,15.22,10.57,0.00,717
44.526,16.77,0.11,1.30,15.18,10.51,0.00,717
44.543,16.73,0.11,1.43,14.89,10.46,0.00,717
44.559,16.59,0.27,1.45,15.05,10.46,0.00,715
44.576,16.92,0.12,1.42,14.93,10.49,0.00,716
44.593,16.61,0.11,1.47,14.97,10.63,0.00,717
44.610,16.70,0.12,1.34,15.22,10.73,0.00,716
44.626,16.83,0.11,1.38,15.01,10.87,0.00,716
44.643,16.65,0.11,1.47,15.05,10.90,0.00,718
44.660,16.79,0.11,1.40,15.06,11.00,0.00,717
44.677,16.76,0.11,1.41,15.06,11.03,0.00,717
44.693,16.73,0.11,1.44,14.96,10.97,0.00,716
44.710,16.65,0.11,1.32,15.13,11.06,0.00,715
44.727,16.70,0.11,1.36,15.14,11.12,0.00,714
44.743,16.75,0.11,1.05,15.42,11.01,0.00,711
44.760,16.73,0.11,1.09,15.55,10.92,0.00,712
44.777,16.92,0.13,1.19,15.12,10.78,0.00,710
44.794,16.58,0.11,1.14,15.40,10.83,0.00,708
44.810,16.86,0.18,1.13,15.23,10.74,0.00,708
44.827,16.68,0.11,1.05,15.36,10.68,0.00,707
44.844,16.66,0.12,1.04,15.46,10.76,0.00,709
44.861,16.76,0.11,1.03,15.33,10.87,0.00,708
44.877,16.61,0.11,1.03,15.51,10.98,0.00,703
44.894,16.79,0.11,1.05,15.46,10.87,0.00,703
44.911,16.76,0.12,1.02,15.49,10.88,0.00,705
44.928,16.78,0.11,1.09,15.32,10.94,0.00,705
44.944,16.65,0.11,1.11,15.51,10.80,0.00,702
44.964,19.90,0.09,0.73,12.98,10.67,0.00,710
44.978,14.38,0.14,1.12,14.25,11.19,0.00,710
44.994,15.56,0.05,0.42,16.59,11.12,0.00,709
45.012,17.63,0.06,0.42,15.67,10.88,0.00,707
45.028,16.56,0.21,1.12,14.89,10.81,0.00,706
45.045,16.41,0.11,1.14,15.04,10.69,0.00,704
45.061,16.42,0.10,0.41,16.37,10.33,0.00,703
45.078,17.08,0.12,1.21,15.29,10.47,0.00,701
45.096,17.78,0.11,1.00,14.42,10.30,0.00,702
45.112,16.22,0.32,1.26,14.47,10.32,0.00,724
45.128,16.19,0.11,1.22,15.26,10.78,0.00,723
45.145,16.74,0.12,1.40,15.07,10.74,0.00,724
45.162,16.73,0.12,1.29,15.18,10.62,0.00,720
45.178,16.72,0.12,1.38,15.10,10.48,0.00,718
45.195,16.73,0.12,1.38,15.11,10.36,0.00,717
45.212,16.75,0.12,1.26,15.12,10.32,0.00,715
45.229,16.63,0.12,1.38,15.14,10.15,0.00,716
45.245,16.77,0.12,1.34,15.18,10.24,0.00,713
45.262,16.78,0.11,1.30,15.09,10.04,0.00,714
45.279,16.66,0.12,1.24,15.25,9.92,0.00,714
45.296,16.77,0.11,1.24,15.34,9.80,0.00,709
45.312,16.88,0.28,1.30,14.92,9.70,0.00,709
45.329,16.64,0.13,1.34,14.99,9.59,0.00,707
45.346,16.61,0.12,1.29,15.23,9.61,0.00,706
45.362,16.77,0.12,1.36,15.08,9.46,0.00,707
45.379,16.70,0.12,1.32,15.18,9.53,0.00,706
45.396,16.77,0.12,1.23,15.26,9.52,0.00,703
45.413,16.75,0.12,1.30,15.16,9.40,0.00,701
45.429,16.72,0.11,1.26,15.25,9.39,0.00,700
45.446,16.79,0.12,1.30,15.19,9.31,0.00,700
45.463,16.76,0.12,1.31,15.03,9.35,0.00,699
45.480,16.60,0.11,1.25,15.24,9.34,0.00,698
45.496,16.76,0.19,1.78,14.68,9.36,0.00,769
45.513,16.78,0.16,1.75,14.67,13.97,0.00,764
45.530,16.72,0.16,1.70,14.62,13.83,0.00,764
45.546,16.63,0.16,1.68,14.86,13.80,0.00,761
45.563,16.86,0.17,1.72,14.59,13.79,0.00,757
45.580,16.62,0.17,1.75,14.75,13.81,0.00,757
45.597,16.82,0.16,1.66,14.85,13.79,0.00,754
45.614,16.82,0.19,1.81,14.52,13.75,0.00,755
45.630,16.67,0.25,1.75,14.56,13.88,0.00,751
45.650,20.18,0.20,1.67,11.22,13.91,0.00,761
45.664,13.67,0.13,1.23,14.86,14.34,0.00,756
45.681,16.46,0.22,1.79,14.52,14.32,0.00,755
45.698,17.22,0.34,1.76,13.96,14.33,0.00,756
45.714,16.73,0.19,1.80,13.64,14.30,0.00,755
45.730,15.73,0.10,0.64,15.93,14.36,0.00,749
45.747,16.83,0.10,0.82,16.17,14.35,0.00,754
45.764,17.20,0.18,1.72,14.42,14.47,0.00,752
45.781,16.44,0.16,1.77,14.84,14.44,0.00,753
45.798,16.95,0.18,1.75,14.13,14.50,0.00,752
45.814,16.20,0.17,1.34,15.07,14.43,0.00,752
45.831,16.70,0.16,1.81,14.70,14.48,0.00,752
45.847,16.79,0.16,1.76,14.78,14.48,0.00,752
45.865,17.89,0.16,1.70,13.58,14.59,0.00,751
45.881,16.05,0.16,1.66,14.12,14.50,0.00,752
45.898,16.38,0.15,1.77,14.45,14.59,0.00,752
45.914,16.55,0.19,1.74,14.56,11.92,0.00,751
45.931,16.65,0.13,1.79,14.68,11.90,0.00,751
45.948,16.75,0.13,1.71,14.71,11.87,0.00,752
45.964,16.70,0.13,1.71,14.79,11.84,0.00,752
45.981,16.77,0.13,1.70,14.91,11.86,0.00,754
45.998,16.88,0.13,1.62,14.80,11.85,0.00,754
46.015,16.74,0.14,1.74,14.50,11.85,0.00,752
46.031,16.52,0.13,1.69,14.79,12.01,0.00,753
46.048,16.75,0.14,1.71,14.77,11.95,0.00,754
46.065,16.77,0.12,1.59,14.83,12.01,0.00,756
46.081,16.70,0.13,1.91,14.58,12.00,0.00,754
46.098,16.78,0.15,1.64,14.74,11.99,0.00,755
46.115,16.67,0.13,1.49,14.93,12.09,0.00,751
46.132,16.69,0.12,1.48,14.99,12.09,0.00,751
46.148,16.75,0.32,1.63,14.68,12.22,0.00,777
46.165,16.78,0.12,1.60,14.85,12.80,0.00,777
46.182,16.72,0.13,1.64,14.81,12.77,0.00,775
46.199,16.72,0.12,1.58,14.92,12.73,0.00,776
46.215,16.78,0.13,1.60,14.82,12.77,0.00,777
46.232,16.69,0.13,1.59,14.86,12.81,0.00,777
46.249,16.72,0.13,1.59,14.81,12.78,0.00,775
46.265,16.68,0.14,1.61,14.89,12.82,0.00,777
46.282,16.79,0.12,1.72,14.74,12.91,0.00,777
46.299,16.74,0.12,1.60,14.86,12.87,0.00,777
46.316,16.73,0.17,1.59,14.83,12.87,0.00,775
46.332,16.73,0.12,1.65,14.85,12.83,0.00,775
46.349,16.76,0.12,1.65,14.85,12.81,0.00,772
46.366,16.77,0.12,1.55,14.81,12.80,0.00,771
46.383,16.64,0.12,1.47,15.02,12.78,0.00,770
46.399,16.75,0.13,1.51,15.03,12.71,0.00,769
46.416,16.80,0.13,1.55,14.82,12.87,0.00,769
46.433,16.65,0.12,1.48,14.99,12.79,0.00,768
46.450,16.74,0.13,1.44,14.97,12.77,0.00,768
46.466,16.69,0.12,1.44,15.07,12.79,0.00,767
46.483,16.78,0.12,1.49,14.99,12.73,0.00,768
46.500,16.74,0.12,1.44,15.01,12.71,0.00,767
46.516,16.70,0.12,1.38,15.10,12.67,0.00,767
46.533,16.74,0.12,1.45,15.08,12.69,0.00,767
46.550,16.80,0.12,1.47,14.95,12.76,0.00,766
46.567,16.69,0.12,1.49,14.95,12.74,0.00,766
46.583,16.70,0.12,1.44,15.00,12.71,0.00,766
46.600,16.72,0.12,1.50,14.97,12.72,0.00,765
46.617,16.74,0.12,1.43,15.13,12.72,0.00,765
46.634,16.82,0.12,1.39,15.01,12.73,0.00,765
46.650,16.67,0.12,1.43,15.00,12.67,0.00,765
46.667,16.71,0.14,1.47,14.96,12.71,0.00,762
46.684,16.71,0.12,1.43,15.03,12.73,0.00,761
46.700,16.73,0.11,1.37,15.15,12.68,0.00,759
46.717,16.79,0.12,1.45,14.98,12.63,0.00,759
46.734,16.69,0.12,1.38,15.07,12.66,0.00,756
46.751,16.72,0.12,1.31,15.23,12.67,0.00,753
46.768,16.82,0.12,1.34,15.12,12.61,0.00,752
46.784,16.73,0.17,1.71,14.62,12.59,0.00,804
46.801,16.68,0.16,1.57,15.08,12.59,0.00,805
46.818,16.99,0.17,1.96,14.74,14.97,0.00,803
46.838,20.24,0.17,1.21,11.69,13.47,0.00,811
46.852,13.54,0.20,1.78,13.49,14.14,0.00,808
46.867,15.54,0.07,0.58,16.75,14.57,0.00,805
46.885,18.15,0.23,1.71,13.98,15.12,0.00,800
46.902,16.28,0.25,1.67,14.61,15.12,0.00,792
46.918,16.72,0.27,1.43,14.50,15.96,0.00,787
46.935,16.37,0.12,1.17,15.43,9.61,0.00,782
46.952,16.85,0.17,1.77,14.62,13.20,0.00,777
46.968,16.69,0.14,1.82,14.64,13.40,0.00,768
46.985,16.72,0.13,1.81,14.68,13.57,0.00,761
47.003,18.14,0.25,1.58,12.87,13.78,0.00,760
47.018,15.00,0.05,0.58,16.53,12.43,0.00,761
47.036,17.63,0.17,1.71,14.10,12.72,0.00,762
47.052,16.16,0.14,1.64,14.78,13.77,0.00,763
47.069,16.71,0.20,1.55,14.70,13.63,0.00,762
47.085,16.64,0.13,1.52,14.96,13.57,0.00,761
47.102,16.76,0.13,1.56,14.87,13.55,0.00,762
47.119,16.71,0.20,1.52,14.91,13.51,0.00,761
47.136,16.78,0.13,1.50,14.87,13.59,0.00,758
47.152,16.70,0.13,1.46,15.02,13.59,0.00,757
47.169,16.76,0.13,1.46,14.99,13.66,0.00,753
47.186,16.75,0.12,1.58,14.87,13.65,0.00,753
47.202,16.73,0.13,1.47,14.98,10.87,0.00,756
47.219,16.73,0.20,1.55,14.84,10.92,0.00,756
47.236,16.74,0.13,1.53,14.85,10.83,0.00,755
47.253,16.64,0.12,1.55,14.94,10.86,0.00,755
47.269,16.76,0.17,1.54,14.86,10.87,0.00,754
47.286,16.72,0.12,1.51,14.87,10.88,0.00,755
47.303,16.71,0.13,1.51,15.06,10.88,0.00,756
47.320,16.85,0.12,1.54,14.89,11.00,0.00,756
47.336,16.68,0.12,1.53,14.84,10.99,0.00,756
47.353,16.60,0.09,1.05,15.62,11.12,0.00,755
47.370,16.90,0.12,1.59,14.87,11.08,0.00,753
47.387,16.74,0.12,1.54,15.01,11.20,0.00,753
47.403,16.84,0.13,1.60,14.72,11.24,0.00,752
47.420,16.59,0.16,1.55,14.87,11.30,0.00,749
47.437,16.72,0.17,1.59,14.80,11.33,0.00,745
47.453,16.70,0.17,1.49,15.03,11.52,0.00,738
47.470,16.84,0.13,1.26,15.10,11.54,0.00,715
47.487,16.64,0.12,1.13,15.41,11.43,0.00,715
47.504,16.83,0.13,1.22,15.17,11.44,0.00,715
47.520,16.65,0.12,1.21,15.27,11.40,0.00,714
47.537,16.74,0.12,1.20,15.23,11.44,0.00,712
47.554,16.70,0.15,1.26,15.21,11.33,0.00,713
47.571,16.80,0.13,1.22,15.18,11.44,0.00,712
47.587,16.68,0.13,1.22,15.15,11.45,0.00,712
47.604,16.67,0.16,1.20,15.27,11.48,0.00,711
47.621,16.78,0.12,1.21,15.22,11.52,0.00,710
47.637,16.70,0.19,1.16,15.27,11.59,0.00,709
47.654,16.76,0.12,1.18,15.33,11.65,0.00,707
47.671,16.78,0.16,1.21,15.19,11.60,0.00,703
47.688,16.71,0.13,1.15,15.35,11.55,0.00,704
47.704,16.77,0.15,1.26,15.22,11.64,0.00,703
47.721,16.77,0.12,1.14,15.23,11.67,0.00,702
47.738,16.65,0.18,1.20,15.16,11.55,0.00,702
47.755,16.69,0.15,1.12,15.32,11.45,0.00,702
47.771,16.74,0.12,1.15,15.29,11.44,0.00,701
47.788,16.71,0.12,1.21,15.26,11.31,0.00,700
47.805,16.73,0.12,1.29,15.23,11.25,0.00,698
47.822,16.80,0.13,1.19,15.46,11.21,0.00,699
47.838,16.97,0.13,1.21,15.05,11.22,0.00,699
47.855,16.54,0.20,1.17,15.06,11.30,0.00,701
47.872,16.61,0.12,1.17,15.36,11.27,0.00,701
47.888,16.80,0.19,1.15,15.22,11.21,0.00,701
47.905,16.72,0.12,1.19,15.29,11.23,0.00,700
47.922,16.75,0.12,1.17,15.26,11.18,0.00,699
47.939,16.70,0.12,1.30,15.28,11.10,0.00,699
47.955,16.85,0.12,1.27,15.05,11.12,0.00,699
47.972,16.60,0.12,1.18,15.37,11.10,0.00,697
47.989,16.82,0.13,1.16,15.32,11.09,0.00,696
48.006,16.76,0.13,1.17,15.26,11.05,0.00,694
48.022,16.70,0.12,1.17,15.44,10.96,0.00,695
48.039,16.88,0.13,1.19,15.19,10.94,0.00,693
48.056,16.66,0.27,1.25,15.07,10.92,0.00,692
48.073,16.93,0.17,1.09,15.11,10.99,0.00,690
48.093,20.01,0.12,1.16,11.58,10.94,0.00,699
48.106,13.20,0.09,1.17,14.84,11.64,0.00,698
48.122,16.17,0.05,0.44,16.85,11.53,0.00,697
48.140,18.06,0.14,1.19,14.55,11.56,0.00,697
48.157,16.34,0.35,1.29,14.59,11.49,0.00,711
48.173,16.32,0.05,0.42,15.86,11.83,0.00,708
48.189,16.48,0.07,0.44,16.51,11.74,0.00,707
48.207,17.15,0.13,1.30,15.09,11.70,0.00,707
48.223,16.65,0.12,1.35,15.11,11.79,0.00,707
48.240,16.74,0.12,1.22,15.12,11.67,0.00,706
48.257,16.58,0.13,1.15,15.42,11.61,0.00,706
48.273,16.83,0.12,1.34,15.26,11.53,0.00,703
48.291,17.66,0.12,1.30,14.32,11.49,0.00,701
48.307,16.28,0.13,1.17,14.67,9.88,0.00,699
48.323,16.15,0.11,1.24,15.31,9.86,0.00,695
48.340,16.82,0.18,1.51,14.83,9.79,0.00,751
48.357,16.67,0.17,1.45,14.89,14.04,0.00,749
48.374,16.74,0.16,1.44,15.01,13.98,0.00,749
48.390,16.75,0.17,1.47,14.95,14.03,0.00,750
48.407,16.73,0.16,1.47,14.86,13.96,0.00,750
48.424,16.73,0.37,1.78,14.45,14.00,0.00,802
48.441,16.75,0.19,1.73,14.67,15.71,0.00,802
48.457,16.75,0.19,1.81,14.65,13.92,0.00,802
48.474,16.81,0.20,1.83,14.43,14.50,0.00,809
48.491,16.61,0.19,1.82,14.59,14.44,0.00,807
48.508,16.76,0.19,1.83,14.46,14.76,0.00,808
48.524,16.72,0.20,1.79,14.60,15.32,0.00,809
48.541,16.73,0.19,1.82,14.59,15.36,0.00,809
48.558,16.77,0.19,1.80,14.36,15.19,0.00,810
48.574,16.61,0.27,1.87,14.49,15.26,0.00,810
48.591,16.80,0.20,1.81,14.42,15.25,0.00,810
48.608,16.70,0.20,1.88,14.40,15.24,0.00,812
48.625,16.72,0.28,1.84,14.35,15.28,0.00,812
48.641,16.72,0.31,1.92,14.35,15.27,0.00,812
48.658,16.83,0.27,1.87,14.30,15.18,0.00,811
48.675,16.63,0.18,1.88,14.68,15.25,0.00,810
48.692,16.88,0.19,1.80,14.54,15.24,0.00,811
48.708,16.68,0.25,1.92,14.54,15.29,0.00,811
48.725,16.87,0.23,1.80,14.44,15.21,0.00,810
48.742,16.63,0.22,1.91,14.45,15.12,0.00,811
48.759,16.73,0.19,1.63,14.85,15.12,0.00,809
48.775,16.81,0.22,1.58,14.89,14.92,0.00,810
48.792,16.85,0.20,1.56,14.75,14.93,0.00,810
48.809,16.67,0.18,1.57,14.66,14.86,0.00,811
48.825,16.56,0.27,1.59,14.85,14.96,0.00,813
48.842,16.86,0.23,1.64,14.71,12.27,0.00,812
48.859,16.73,0.17,1.61,14.78,12.20,0.00,812
48.876,16.72,0.17,1.59,14.80,12.32,0.00,813
48.892,16.71,0.17,1.64,14.91,12.28,0.00,812
48.912,20.02,0.19,1.37,11.91,12.27,0.00,821
48.927,14.03,0.21,1.65,13.68,13.00,0.00,821
48.942,15.61,0.08,0.66,16.49,12.81,0.00,822
48.960,17.52,0.12,0.63,15.71,12.78,0.00,821
48.977,16.89,0.24,1.71,14.46,12.87,0.00,821
48.993,16.75,0.17,1.85,14.33,12.73,0.00,820
49.010,16.57,0.20,1.72,14.44,12.73,0.00,819
49.026,16.48,0.20,1.72,14.79,12.65,0.00,815
49.043,16.84,0.17,1.95,14.50,12.62,0.00,814
49.061,17.97,0.21,1.61,13.51,12.49,0.00,812
49.077,16.05,0.18,1.77,14.06,12.47,0.00,810
49.094,16.41,0.18,1.69,14.51,12.64,0.00,807
49.110,16.54,0.18,1.63,14.61,12.51,0.00,805
49.127,16.57,0.18,1.61,14.75,12.66,0.00,807
49.143,16.69,0.18,1.55,14.86,12.57,0.00,806
49.160,16.75,0.17,1.64,14.77,12.62,0.00,803
49.177,16.73,0.17,1.62,14.76,12.60,0.00,802
49.194,16.69,0.16,1.62,14.82,12.60,0.00,799
49.210,16.76,0.17,1.60,14.88,12.55,0.00,800
49.227,16.80,0.17,1.68,14.67,12.56,0.00,799
49.244,16.66,0.16,1.66,14.80,12.55,0.00,800
49.261,16.76,0.16,1.59,14.78,12.46,0.00,796
49.277,16.69,0.16,1.57,14.89,12.51,0.00,797
49.294,16.77,0.17,1.57,14.83,12.47,0.00,796
49.311,16.73,0.20,1.65,14.73,12.40,0.00,795
49.327,16.72,0.23,1.53,14.84,12.34,0.00,795
49.344,16.73,0.17,1.62,14.84,12.49,0.00,795
49.361,16.77,0.16,1.63,14.89,12.55,0.00,795
49.378,16.84,0.17,1.55,14.72,12.54,0.00,795
49.394,16.59,0.22,1.56,14.82,12.54,0.00,796
49.411,16.75,0.16,1.57,14.84,12.56,0.00,795
49.428,16.72,0.16,1.62,14.79,12.56,0.00,795
49.445,16.71,0.16,1.62,14.79,12.51,0.00,793
49.461,16.72,0.17,1.54,14.88,12.48,0.00,790
49.478,16.74,0.17,1.63,14.82,12.59,0.00,784
49.495,16.76,0.16,1.58,14.88,12.56,0.00,786
49.512,16.77,0.16,1.60,14.76,12.50,0.00,790
49.528,16.66,0.15,1.62,14.81,12.49,0.00,790
49.545,16.73,0.16,1.60,14.89,12.50,0.00,788
49.562,16.80,0.16,1.62,14.78,12.40,0.00,787
49.578,16.70,0.16,1.62,14.78,12.39,0.00,779
49.595,16.71,0.16,1.56,15.13,12.37,0.00,780
49.612,17.01,0.16,1.53,14.65,12.55,0.00,777
49.629,16.49,0.15,1.57,14.83,12.56,0.00,777
49.645,16.70,0.16,1.60,14.81,12.50,0.00,778
49.662,16.72,0.16,1.52,14.91,12.49,0.00,777
49.679,16.73,0.25,1.57,14.84,12.47,0.00,776
49.696,16.80,0.16,1.63,14.95,12.46,0.00,773
49.716,20.37,0.17,1.65,11.02,12.41,0.00,780
49.729,13.30,0.18,1.59,14.65,13.16,0.00,779
49.746,16.54,0.19,0.79,15.73,13.13,0.00,780
49.763,17.35,0.17,1.86,13.94,13.06,0.00,781
49.780,16.57,0.23,1.54,14.30,13.07,0.00,781
49.796,16.18,0.07,0.55,15.94,13.00,0.00,783
49.815,19.13,0.09,0.58,13.96,12.80,0.00,792
49.831,15.56,0.18,1.69,13.35,13.44,0.00,791
49.846,15.29,0.07,0.55,16.40,13.41,0.00,790
49.864,17.72,0.20,1.77,14.21,11.94,0.00,788
49.880,16.67,0.23,1.55,14.29,11.96,0.00,785
49.897,16.33,0.26,1.64,14.16,11.85,0.00,778
49.913,16.75,0.09,0.57,15.70,11.84,0.00,766
49.930,16.80,0.16,1.59,14.58,11.77,0.00,760
49.947,16.45,0.16,1.49,14.81,10.20,0.00,752
49.963,16.62,0.15,1.55,14.87,10.13,0.00,751
49.980,16.72,0.16,1.58,14.83,10.04,0.00,751
49.997,16.71,0.15,1.51,15.08,10.14,0.00,749
50.014,16.90,0.16,1.59,14.73,10.10,0.00,748
50.030,16.63,0.15,1.57,14.84,9.95,0.00,748
50.047,16.71,0.15,1.58,14.91,9.95,0.00,748
50.064,16.79,0.15,1.58,14.82,9.86,0.00,748
50.080,16.71,0.16,1.49,14.91,9.86,0.00,748
50.097,16.72,0.16,1.50,14.92,9.81,0.00,747
50.114,16.73,0.35,1.72,14.50,9.81,0.00,821
50.131,16.72,0.17,1.61,14.77,10.64,0.00,819
50.147,16.70,0.16,1.62,14.79,10.71,0.00,821
50.164,16.72,0.37,1.71,14.56,10.58,0.00,838
50.181,16.78,0.17,1.72,14.72,11.26,0.00,838
50.198,16.75,0.16,1.83,14.58,11.18,0.00,836
50.214,16.73,0.17,1.76,14.64,11.19,0.00,834
50.231,16.71,0.16,1.85,14.72,11.15,0.00,833
50.248,16.89,0.25,1.74,14.49,11.06,0.00,834
50.264,16.62,0.17,1.85,14.53,11.20,0.00,833
50.281,16.71,0.17,1.77,14.65,11.15,0.00,833
50.298,16.74,0.16,1.80,14.94,11.12,0.00,833
50.319,20.60,0.19,1.13,11.63,11.12,0.00,842
50.332,13.46,0.17,1.68,14.10,11.43,0.00,840
50.348,16.12,0.07,0.53,16.22,11.41,0.00,838
50.366,17.59,0.20,1.69,14.02,11.33,0.00,837
50.382,16.23,0.17,1.61,14.69,11.39,0.00,838
50.399,16.60,0.17,1.49,14.37,11.33,0.00,825
50.415,16.19,0.10,0.49,16.38,11.25,0.00,826
50.432,17.12,0.17,1.33,15.22,11.10,0.00,827
50.449,16.85,0.17,1.56,14.99,11.02,0.00,828
50.467,17.98,0.24,1.24,13.78,10.98,0.00,827
50.483,15.93,0.19,1.21,14.53,10.91,0.00,824
50.499,16.33,0.17,1.19,15.04,10.85,0.00,823
50.516,16.58,0.23,1.25,15.00,10.83,0.00,823
50.532,16.63,0.16,1.31,15.08,10.74,0.00,821
50.549,16.70,0.16,1.20,15.38,10.63,0.00,822
50.566,16.90,0.18,1.25,15.12,10.56,0.00,821
50.582,16.68,0.18,1.29,15.03,10.54,0.00,822
50.599,16.64,0.16,1.25,15.25,10.35,0.00,822
50.616,16.81,0.16,1.29,15.13,10.31,0.00,819
50.633,16.72,0.16,1.27,15.11,10.15,0.00,821
50.649,16.69,0.16,1.22,15.18,10.20,0.00,822
50.666,16.69,0.16,1.32,15.15,10.10,0.00,824
50.683,16.77,0.16,1.20,15.26,10.01,0.00,823
50.700,16.76,0.16,1.22,15.25,9.99,0.00,823
50.716,16.78,0.16,1.28,15.39,9.86,0.00,824
50.737,20.26,0.17,1.33,11.57,9.66,0.00,828
50.750,13.48,0.13,0.83,15.38,10.44,0.00,827
50.767,16.48,0.23,1.34,15.17,10.47,0.00,825
50.784,17.43,0.24,1.35,14.45,10.23,0.00,824
50.800,16.56,0.21,1.24,14.59,10.22,0.00,824
50.817,16.23,0.20,1.27,14.65,10.14,0.00,820
50.833,16.27,0.09,0.44,16.59,10.14,0.00,816
50.850,17.26,0.32,1.38,14.90,9.97,0.00,813
50.868,18.18,0.18,1.21,13.65,9.92,0.00,811
50.884,15.63,0.16,1.11,14.87,9.88,0.00,809
50.901,16.59,0.16,1.24,14.82,9.92,0.00,810
50.917,16.40,0.18,1.19,15.13,9.89,0.00,810
50.934,16.65,0.16,1.16,15.28,9.86,0.00,810
50.950,16.74,0.15,1.17,15.23,9.79,0.00,809
50.967,16.70,0.16,1.12,15.35,9.77,0.00,808
50.984,16.79,0.16,1.17,15.19,9.68,0.00,806
51.001,16.67,0.16,1.20,15.30,9.68,0.00,803
51.017,16.82,0.16,1.17,15.38,9.66,0.00,800
51.034,16.88,0.17,1.21,15.12,9.76,0.00,795
51.051,16.65,0.24,1.17,15.08,9.72,0.00,794
51.068,16.64,0.16,1.14,15.34,9.66,0.00,793
51.084,16.79,0.16,1.16,15.17,9.68,0.00,791
51.101,16.67,0.16,1.16,15.23,9.61,0.00,788
51.118,16.70,0.15,1.17,15.27,9.65,0.00,787
51.135,16.80,0.16,1.22,15.10,9.72,0.00,783
51.151,16.61,0.16,1.22,15.26,9.69,0.00,782
51.168,16.79,0.15,1.15,15.25,9.84,0.00,779
51.185,16.69,0.23,1.13,15.30,9.89,0.00,777
51.201,16.82,0.16,1.10,15.30,9.77,0.00,777
51.218,16.71,0.16,1.14,15.28,9.80,0.00,774
51.235,16.73,0.16,1.20,15.18,9.79,0.00,773
51.252,16.69,0.13,1.15,15.33,9.85,0.00,772
51.268,16.75,0.13,1.17,15.27,9.74,0.00,770
51.285,16.72,0.13,1.17,15.30,9.81,0.00,771
51.302,16.76,0.13,1.25,14.95,9.84,0.00,770
51.318,16.48,0.07,0.56,15.66,9.81,0.00,761
51.335,16.36,0.05,0.42,16.18,9.88,0.00,759
51.351,16.73,0.05,0.37,16.34,9.77,0.00,757
51.368,16.84,0.05,0.39,16.13,9.82,0.00,756
51.385,16.64,0.05,0.40,16.19,9.95,0.00,756
51.402,16.78,0.05,0.36,16.23,9.91,0.00,754
51.418,16.72,0.05,0.38,16.13,10.03,0.00,754
51.435,16.65,0.05,0.39,16.16,10.03,0.00,754
51.452,16.80,0.05,0.36,16.22,10.14,0.00,754
51.469,16.71,0.05,0.38,16.80,10.11,0.00,753
51.486,17.37,0.13,1.11,15.30,10.11,0.00,753
51.503,16.69,0.13,1.08,15.46,10.10,0.00,754
51.520,16.90,0.22,1.11,15.39,10.02,0.00,753
51.536,16.92,0.19,1.06,15.10,10.01,0.00,752
51.553,16.60,0.26,1.17,15.17,10.12,0.00,749
51.570,16.81,0.16,1.15,15.01,10.05,0.00,748
51.586,16.50,0.13,1.09,15.26,10.22,0.00,746
51.603,16.63,0.12,1.11,15.38,10.01,0.00,745
51.620,16.76,0.12,1.07,15.41,10.03,0.00,743
51.636,16.75,0.12,1.06,15.40,10.09,0.00,742
51.653,16.73,0.12,1.12,15.28,10.09,0.00,739
51.670,16.66,0.12,1.13,15.38,10.19,0.00,742
51.687,16.78,0.12,1.14,15.33,10.40,0.00,740
51.703,16.75,0.12,0.99,15.46,10.43,0.00,740
51.720,16.71,0.12,1.04,15.42,10.46,0.00,740
51.737,16.72,0.12,1.05,15.40,10.44,0.00,737
51.754,16.71,0.11,0.96,15.52,10.30,0.00,735
51.770,16.74,0.12,1.06,15.43,10.31,0.00,731
51.787,16.75,0.12,0.99,15.57,10.23,0.00,730
51.804,16.82,0.12,1.03,15.31,10.32,0.00,730
51.820,16.61,0.11,0.98,15.54,10.32,0.00,729
51.837,16.77,0.11,0.99,15.53,10.20,0.00,726
51.854,16.84,0.12,1.10,15.21,10.16,0.00,725
51.871,16.58,0.11,1.03,15.63,10.15,0.00,725
51.888,16.94,0.11,0.99,15.37,10.16,0.00,725
51.904,16.63,0.12,1.06,15.57,10.23,0.00,723
51.921,16.98,0.13,1.07,15.21,10.19,0.00,724
51.938,16.57,0.12,0.95,15.36,10.31,0.00,723
51.954,16.58,0.11,1.03,15.54,10.33,0.00,723
51.971,16.83,0.12,1.13,15.45,10.24,0.00,724
51.991,20.21,0.12,1.01,11.92,10.15,0.00,733
52.005,13.81,0.11,0.77,14.67,10.50,0.00,732
52.021,15.62,0.05,0.44,16.73,10.45,0.00,731
52.039,17.82,0.13,1.26,14.81,10.30,0.00,730
52.055,16.78,0.13,1.15,14.82,10.23,0.00,730
52.072,16.33,0.15,1.22,14.83,10.20,0.00,729
52.088,16.33,0.06,0.40,16.58,10.12,0.00,727
52.105,17.26,0.13,0.96,15.19,10.08,0.00,725
52.122,16.41,0.11,1.04,15.62,10.00,0.00,725
52.140,18.04,0.11,0.83,14.44,9.94,0.00,722
52.156,15.91,0.11,0.81,15.11,9.89,0.00,720
52.172,16.49,0.33,0.89,15.03,9.84,0.00,732
52.189,16.42,0.12,0.97,15.52,10.32,0.00,732
52.205,16.76,0.11,0.92,15.53,10.34,0.00,732
52.222,16.70,0.11,0.93,15.56,10.27,0.00,731
52.239,16.75,0.12,0.95,15.53,10.13,0.00,728
52.256,16.75,0.11,0.93,15.51,9.96,0.00,727
52.272,16.73,0.11,1.02,15.33,9.93,0.00,727
52.289,16.63,0.12,0.87,15.74,9.88,0.00,725
52.306,16.89,0.12,1.01,15.40,9.78,0.00,726
52.322,16.67,0.11,0.86,15.58,9.87,0.00,726
52.339,16.69,0.11,0.92,15.60,9.74,0.00,725
52.356,16.79,0.11,0.97,15.57,9.68,0.00,725
52.373,16.80,0.12,0.95,15.46,9.64,0.00,722
52.389,16.68,0.11,0.95,15.48,9.51,0.00,720
52.406,16.68,0.11,0.92,15.57,9.52,0.00,718
52.423,16.75,0.15,0.92,15.49,9.55,0.00,716
52.440,16.71,0.11,0.94,15.43,9.48,0.00,717
52.456,16.62,0.11,0.92,15.63,9.54,0.00,717
52.473,16.81,0.11,0.87,15.81,9.57,0.00,717
52.490,16.95,0.11,1.04,15.24,9.46,0.00,716
52.507,16.54,0.11,0.94,15.59,9.44,0.00,716
52.523,16.78,0.11,0.91,15.49,9.50,0.00,716
52.540,16.65,0.12,0.97,15.55,9.43,0.00,715
52.557,16.80,0.11,0.89,15.60,9.38,0.00,713
52.574,16.76,0.12,0.97,15.52,9.37,0.00,714
52.590,16.75,0.11,0.92,15.46,9.52,0.00,714
52.607,16.65,0.11,0.90,15.62,9.48,0.00,713
52.624,16.77,0.10,0.97,15.45,9.48,0.00,713
52.640,16.67,0.12,0.94,15.53,9.46,0.00,712
52.657,16.75,0.11,0.89,15.70,9.49,0.00,710
52.674,16.85,0.11,0.97,15.37,9.55,0.00,711
52.691,16.60,0.11,0.88,15.61,9.59,0.00,709
52.707,16.75,0.12,0.98,15.42,9.54,0.00,710
52.724,16.67,0.11,0.90,15.64,9.73,0.00,709
52.741,16.80,0.11,0.99,15.50,9.76,0.00,710
52.758,16.73,0.11,0.88,15.70,9.77,0.00,707
52.774,16.84,0.12,0.88,15.80,9.76,0.00,704
52.795,20.33,0.12,0.79,12.18,9.76,0.00,710
52.808,13.67,0.12,0.93,14.80,10.33,0.00,708
52.824,15.92,0.06,0.44,16.31,10.35,0.00,761
52.842,17.58,0.18,1.39,14.60,14.28,0.00,761
52.858,16.56,0.24,1.32,14.80,14.28,0.00,759
52.875,16.55,0.20,1.38,14.79,14.31,0.00,759
52.891,16.53,0.58,1.36,14.70,14.75,0.00,759
52.908,16.76,0.14,1.34,15.01,14.32,0.00,759
52.925,16.62,0.22,1.21,15.50,14.26,0.00,759
52.943,18.45,0.28,1.32,13.71,14.18,0.00,758
52.959,16.10,0.15,1.26,14.12,14.57,0.00,758
52.975,15.98,0.14,1.22,14.86,14.42,0.00,758
52.992,16.39,0.13,1.27,15.06,14.67,0.00,755
53.008,16.69,0.14,1.18,15.33,14.47,0.00,755
53.025,16.79,0.13,1.30,15.15,14.53,0.00,756
53.042,16.75,0.14,1.26,15.15,14.55,0.00,755
53.059,16.71,0.13,1.25,15.09,14.49,0.00,754
53.075,16.70,0.13,1.22,15.26,14.46,0.00,753
53.092,16.75,0.13,1.21,15.14,14.38,0.00,755
53.109,16.67,0.13,1.31,15.11,14.56,0.00,754
53.126,16.74,0.13,1.19,15.18,14.50,0.00,753
53.142,16.72,0.13,1.26,15.15,14.63,0.00,752
53.159,16.75,0.13,1.23,15.14,14.57,0.00,751
53.176,16.71,0.13,1.26,15.14,14.75,0.00,751
53.192,16.72,0.12,1.27,15.25,14.78,0.00,750
53.209,16.79,0.18,1.19,15.13,14.81,0.00,749
53.226,16.72,0.21,1.18,15.11,14.74,0.00,746
53.243,16.74,0.14,1.31,15.10,11.87,0.00,747
53.259,16.70,0.13,1.19,15.27,11.68,0.00,747
53.276,16.74,0.12,1.31,15.17,11.47,0.00,747
53.293,16.75,0.12,1.21,15.35,11.33,0.00,747
53.310,16.84,0.13,1.32,15.03,11.18,0.00,744
53.326,16.63,0.12,1.32,15.12,11.04,0.00,743
53.343,16.70,0.13,1.19,15.31,11.00,0.00,748
53.360,16.77,0.12,1.22,15.24,11.16,0.00,744
53.377,16.75,0.16,1.18,15.20,11.16,0.00,745
53.393,16.68,0.12,1.15,15.30,11.15,0.00,747
53.410,16.72,0.19,1.28,15.53,11.21,0.00,745
53.430,20.28,0.15,1.04,12.26,11.16,0.00,758
53.444,13.87,0.17,1.36,13.92,11.72,0.00,757
53.460,15.51,0.05,0.53,16.73,11.69,0.00,759
53.478,18.00,0.16,1.31,14.56,11.50,0.00,758
53.494,16.53,0.19,1.42,14.51,11.48,0.00,756
53.510,16.28,0.16,0.91,15.29,11.39,0.00,756
53.527,16.53,0.06,0.54,16.31,11.22,0.00,756
53.544,17.06,0.15,1.39,15.03,11.05,0.00,755
53.561,16.70,0.12,1.30,15.17,10.95,0.00,755
53.577,16.72,0.12,1.39,15.11,10.88,0.00,751
53.595,17.79,0.16,1.25,14.10,10.90,0.00,750
53.612,16.29,0.13,1.22,14.53,10.82,0.00,752
53.628,16.29,0.13,1.29,14.85,10.94,0.00,750
53.644,16.45,0.20,1.25,15.10,10.97,0.00,749
53.661,16.70,0.12,1.25,15.19,10.95,0.00,750
53.678,16.71,0.18,1.28,15.16,10.88,0.00,748
53.694,16.77,0.19,1.20,15.17,10.87,0.00,746
53.711,16.73,0.12,1.31,15.04,10.80,0.00,746
53.728,16.66,0.19,1.29,15.18,10.79,0.00,745
53.745,16.81,0.13,1.23,15.11,10.79,0.00,744
53.761,16.71,0.12,1.29,15.24,10.92,0.00,744
53.778,16.81,0.12,1.30,15.09,10.76,0.00,744
53.795,16.66,0.11,1.28,15.19,10.82,0.00,744
53.812,16.75,0.13,1.24,15.19,10.75,0.00,744
53.828,16.71,0.13,1.28,15.28,10.73,0.00,745
53.845,16.84,0.13,1.30,14.96,10.76,0.00,743
53.862,16.62,0.12,1.21,15.28,10.77,0.00,743
53.879,16.76,0.13,1.29,15.16,10.88,0.00,742
53.895,16.72,0.19,1.20,15.17,10.96,0.00,743
53.912,16.71,0.20,1.27,15.05,10.96,0.00,742
53.929,16.73,0.12,1.23,15.17,11.02,0.00,742
53.945,16.73,0.12,1.29,15.33,10.96,0.00,741
53.962,16.91,0.12,1.27,15.03,10.99,0.00,740
53.979,16.60,0.20,1.24,15.01,11.00,0.00,739
53.996,16.66,0.20,1.21,15.33,11.03,0.00,738
54.012,16.89,0.12,1.30,14.93,11.09,0.00,736
54.029,16.59,0.11,1.24,15.36,11.07,0.00,735
54.046,16.86,0.11,1.23,15.35,11.06,0.00,733
54.063,16.85,0.11,1.28,15.10,11.04,0.00,733
54.079,16.64,0.12,1.17,15.36,11.10,0.00,731
54.096,16.79,0.11,1.26,15.45,11.07,0.00,732
54.113,16.94,0.08,0.87,15.86,11.15,0.00,732
54.130,16.96,0.11,1.30,15.14,11.16,0.00,731
54.147,16.72,0.11,1.16,15.29,11.28,0.00,730
54.164,16.71,0.11,1.21,15.24,11.38,0.00,729
54.180,16.70,0.28,1.35,14.96,11.43,0.00,744
54.197,16.73,0.12,1.30,14.92,12.05,0.00,740
54.213,16.49,0.12,1.31,14.55,12.02,0.00,740
54.230,16.07,0.13,0.67,15.81,12.03,0.00,740
54.246,16.71,0.06,0.72,16.01,12.07,0.00,737
54.263,16.95,0.08,0.90,15.89,11.94,0.00,738
54.280,17.03,0.11,1.27,15.22,12.06,0.00,738
54.297,16.75,0.12,1.31,14.87,11.94,0.00,736
54.313,16.46,0.12,1.32,15.62,11.87,0.00,734
54.331,17.24,0.12,1.25,15.01,11.85,0.00,730
54.347,16.51,0.11,1.31,15.21,10.42,0.00,724
54.364,16.77,0.11,1.28,15.12,10.49,0.00,723
54.381,16.65,0.11,1.19,15.26,10.67,0.00,719
54.397,16.70,0.10,1.18,15.59,10.87,0.00,718
54.414,17.04,0.12,1.22,14.97,10.99,0.00,716
54.431,16.45,0.11,1.26,15.22,11.12,0.00,716
54.448,16.74,0.10,1.15,15.38,11.27,0.00,713
54.464,16.79,0.10,1.31,15.09,11.26,0.00,711
54.481,16.65,0.10,1.28,15.23,11.28,0.00,708
54.498,16.75,0.10,1.19,15.46,11.19,0.00,705
54.515,16.91,0.11,1.25,15.12,11.05,0.00,705
54.531,16.65,0.11,1.20,15.25,10.98,0.00,706
54.548,16.70,0.10,1.27,15.17,10.90,0.00,704
54.565,16.69,0.10,1.26,15.16,10.78,0.00,703
54.581,16.67,0.10,1.24,15.28,10.74,0.00,702
54.598,16.76,0.14,1.21,15.32,10.70,0.00,702
54.615,16.82,0.10,1.14,15.56,10.79,0.00,699
54.632,16.96,0.11,1.23,15.10,10.88,0.00,697
54.648,16.59,0.15,1.15,15.25,10.95,0.00,696
54.665,16.71,0.11,1.18,15.21,11.21,0.00,695
54.682,16.65,0.10,1.19,15.29,11.22,0.00,694
54.699,16.74,0.10,1.21,15.25,11.23,0.00,694
54.715,16.71,0.10,1.15,15.30,11.24,0.00,689
54.732,16.70,0.12,1.17,15.30,11.09,0.00,684
54.749,16.74,0.10,1.17,15.37,10.94,0.00,681
54.765,16.78,0.10,1.19,15.24,10.78,0.00,679
54.782,16.68,0.10,1.11,15.36,10.62,0.00,680
54.799,16.71,0.10,0.83,15.72,10.51,0.00,677
54.816,16.80,0.10,0.90,15.52,10.42,0.00,676
54.832,16.67,0.12,0.83,15.71,10.33,0.00,687
54.849,16.80,0.10,0.83,15.61,10.22,0.00,687
54.866,16.70,0.10,0.85,15.71,10.23,0.00,686
54.883,16.81,0.10,0.86,15.59,10.18,0.00,680
54.899,16.71,0.11,0.84,15.60,10.21,0.00,680
54.916,16.69,0.10,0.88,15.49,10.31,0.00,679
54.933,16.61,0.11,0.89,15.68,10.23,0.00,676
54.949,16.81,0.10,0.89,15.57,10.20,0.00,675
54.966,16.71,0.10,0.89,15.63,10.04,0.00,672
54.983,16.78,0.12,0.85,15.70,9.95,0.00,672
55.000,16.83,0.11,0.84,15.70,9.85,0.00,670
55.017,16.81,0.18,0.95,15.44,9.74,0.00,665
55.037,20.31,0.11,0.88,11.85,9.60,0.00,670
55.051,13.62,0.12,1.01,14.30,10.12,0.00,670
55.066,15.50,0.04,0.35,16.99,10.05,0.00,670
55.084,18.06,0.16,1.15,14.71,9.95,0.00,668
55.101,16.45,0.11,1.03,15.03,9.94,0.00,664
55.117,16.27,0.11,0.42,15.76,9.83,0.00,703
55.133,16.41,0.06,0.43,16.56,10.34,0.00,703
55.150,17.19,0.36,1.37,14.94,10.32,0.00,736
55.168,17.98,0.15,1.30,13.90,10.91,0.00,737
55.184,16.00,0.12,1.40,14.47,10.93,0.00,736
55.201,16.43,0.13,1.34,14.78,10.82,0.00,736
55.217,16.42,0.16,1.35,15.09,10.80,0.00,736
55.234,16.74,0.12,1.36,15.08,10.71,0.00,736
55.251,16.70,0.11,1.33,15.15,10.56,0.00,735
55.267,16.73,0.12,1.41,15.07,10.52,0.00,736
55.284,16.74,0.13,1.39,15.17,10.44,0.00,736
55.301,16.83,0.12,1.45,15.02,10.43,0.00,736
55.318,16.75,0.12,1.46,14.97,10.47,0.00,736
55.334,16.71,0.12,1.43,14.95,10.53,0.00,735
55.351,16.65,0.12,1.48,15.05,10.40,0.00,734
55.368,16.78,0.11,1.41,14.96,10.29,0.00,735
55.385,16.63,0.15,1.39,15.10,10.29,0.00,734
55.401,16.79,0.14,1.41,15.02,10.30,0.00,733
55.418,16.72,0.12,1.35,15.15,10.30,0.00,734
55.435,16.77,0.12,1.42,15.01,10.35,0.00,732
55.451,16.69,0.12,1.46,15.00,10.31,0.00,729
55.468,16.72,0.11,1.40,15.03,10.33,0.00,730
55.485,16.69,0.12,1.36,15.15,10.37,0.00,729
55.502,16.78,0.11,1.44,15.04,10.32,0.00,725
55.518,16.74,0.12,1.46,14.96,10.35,0.00,724
55.535,16.67,0.17,1.38,15.10,10.30,0.00,723
55.552,16.81,0.12,1.41,15.20,10.32,0.00,723
55.572,19.75,0.15,0.97,12.75,10.43,0.00,735
55.586,14.42,0.13,1.67,13.59,10.85,0.00,736
55.602,15.63,0.06,0.51,16.48,10.81,0.00,737
55.620,17.87,0.13,1.57,14.29,10.79,0.00,737
55.636,16.25,0.12,1.43,14.86,10.81,0.00,737
55.652,16.56,0.12,1.80,15.26,10.80,0.00,737
55.670,17.36,0.12,1.59,14.25,10.81,0.00,737
55.686,16.10,0.16,1.78,14.65,10.80,0.00,793
55.703,16.71,0.14,1.75,14.82,14.79,0.00,794
55.721,18.02,0.16,1.70,13.43,14.80,0.00,794
55.737,16.03,0.16,1.79,13.83,14.74,0.00,793
55.753,16.03,0.15,1.71,14.81,14.98,0.00,792
55.769,16.84,0.14,1.74,14.72,14.71,0.00,790
55.786,16.75,0.14,1.77,14.61,14.74,0.00,790
55.803,16.69,0.14,1.74,14.65,14.86,0.00,787
55.820,16.67,0.18,1.73,14.74,14.83,0.00,789
55.836,16.79,0.13,1.77,14.78,14.74,0.00,785
55.857,20.28,0.20,1.82,11.01,14.71,0.00,796
55.870,13.52,0.14,1.78,13.72,15.19,0.00,796
55.886,15.75,0.06,0.63,16.70,15.17,0.00,797
55.904,18.07,0.15,1.94,13.85,15.07,0.00,796
55.921,16.50,0.18,1.75,14.23,14.95,0.00,794
55.937,16.37,0.15,1.80,14.12,14.86,0.00,795
55.953,16.20,0.10,0.62,16.43,15.17,0.00,793
55.970,17.27,0.14,1.92,14.55,15.06,0.00,792
55.987,16.74,0.13,1.88,14.83,14.93,0.00,794
56.006,18.93,0.16,1.72,13.20,14.77,0.00,807
56.022,15.90,0.17,1.77,13.23,14.77,0.00,807
56.038,15.59,0.18,1.74,14.32,11.91,0.00,807
56.054,16.41,0.13,1.73,14.61,9.24,0.00,805
56.071,16.63,0.13,1.77,14.66,12.68,0.00,802
56.087,16.72,0.13,1.66,14.72,14.58,0.00,798
56.104,16.69,0.13,1.74,14.86,11.61,0.00,796
56.121,16.87,0.13,1.80,14.54,11.56,0.00,793
56.137,16.62,0.12,1.69,14.76,11.45,0.00,790
56.154,16.72,0.13,1.61,14.87,11.33,0.00,789
56.171,16.76,0.15,1.60,14.90,11.29,0.00,787
56.188,16.82,0.34,1.61,14.69,11.23,0.00,804
56.205,16.80,0.13,1.63,14.74,11.66,0.00,804
56.221,16.66,0.13,1.67,14.73,11.62,0.00,803
56.238,16.68,0.12,1.70,14.73,11.59,0.00,802
56.255,16.70,0.17,1.56,14.84,11.52,0.00,801
56.271,16.73,0.12,1.60,14.88,11.44,0.00,801
56.288,16.74,0.12,1.66,14.78,11.33,0.00,800
56.305,16.72,0.13,1.65,14.84,11.28,0.00,798
56.322,16.77,0.14,1.68,14.46,11.21,0.00,796
56.338,16.42,0.09,1.08,15.70,11.30,0.00,794
56.355,17.01,0.13,1.68,14.90,11.32,0.00,790
56.372,16.86,0.12,1.66,14.70,11.18,0.00,786
56.388,16.61,0.12,1.65,14.75,11.13,0.00,786
56.405,16.75,0.12,1.56,14.87,11.16,0.00,785
56.422,16.69,0.12,1.59,14.91,11.03,0.00,785
56.439,16.78,0.12,1.59,14.93,11.04,0.00,781
56.455,16.78,0.12,1.60,14.80,10.97,0.00,782
56.472,16.67,0.12,1.59,14.82,11.09,0.00,781
56.489,16.68,0.20,1.63,14.83,11.11,0.00,781
56.506,16.80,0.12,1.65,14.93,11.08,0.00,778
56.526,20.36,0.13,1.58,11.34,10.94,0.00,787
56.540,13.85,0.14,1.67,14.12,11.33,0.00,786
56.556,16.06,0.12,0.86,15.71,11.32,0.00,785
56.573,17.33,0.16,1.69,14.19,11.33,0.00,782
56.590,16.77,0.15,1.65,14.09,11.23,0.00,783
56.606,15.98,0.05,0.60,16.32,11.38,0.00,779
56.623,17.20,0.22,2.02,13.97,11.41,0.00,776
56.640,16.33,0.12,1.66,14.93,11.36,0.00,775
56.656,16.84,0.12,1.62,14.84,11.31,0.00,774
56.673,16.70,0.12,1.55,15.08,11.22,0.00,773
56.691,18.36,0.13,1.54,13.20,11.20,0.00,767
56.707,15.43,0.12,1.50,14.49,11.20,0.00,768
56.723,16.56,0.16,1.50,14.71,11.19,0.00,766
56.740,16.54,0.11,1.54,14.83,11.24,0.00,764
56.757,16.64,0.12,1.52,14.95,11.29,0.00,763
56.773,16.73,0.12,1.47,14.98,11.17,0.00,759
56.790,16.71,0.17,1.46,15.02,11.22,0.00,758
56.807,16.81,0.11,1.58,14.81,11.15,0.00,758
56.824,16.65,0.12,1.50,14.97,11.16,0.00,755
56.840,16.73,0.12,1.51,14.90,11.10,0.00,756
56.857,16.84,0.12,1.43,14.93,11.26,0.00,754
56.874,16.63,0.15,1.53,14.93,11.26,0.00,754
56.890,16.75,0.12,1.82,14.64,11.21,0.00,753
56.907,16.73,0.12,1.54,14.96,11.23,0.00,751
56.924,16.76,0.12,1.50,14.91,11.16,0.00,748
56.941,16.67,0.11,1.48,15.04,11.18,0.00,746
56.957,16.78,0.11,1.53,15.10,11.28,0.00,744
56.974,16.90,0.12,1.54,14.65,11.19,0.00,745
56.991,16.51,0.12,1.55,14.95,11.35,0.00,745
57.008,16.76,0.12,1.46,15.14,11.37,0.00,745
57.024,16.89,0.15,1.47,14.82,11.40,0.00,745
57.041,16.60,0.11,1.45,15.02,11.41,0.00,743
57.058,16.76,0.12,1.55,14.83,11.49,0.00,742
57.074,16.65,0.11,1.50,14.98,11.47,0.00,742
57.091,16.75,0.11,1.38,15.09,11.55,0.00,742
57.108,16.73,0.12,1.37,15.13,11.48,0.00,741
57.125,16.76,0.11,1.28,15.17,11.67,0.00,738
57.141,16.73,0.11,1.33,15.08,11.74,0.00,739
57.158,16.68,0.11,1.23,15.23,11.67,0.00,738
57.175,16.71,0.11,1.31,15.19,11.70,0.00,738
57.192,16.76,0.11,1.19,15.35,11.90,0.00,730
57.208,16.80,0.11,1.24,15.18,10.69,0.00,729
57.225,16.68,0.10,1.24,15.23,10.82,0.00,728
57.242,16.71,0.11,1.22,15.27,10.80,0.00,728
57.259,16.75,0.11,1.19,15.29,10.90,0.00,727
57.275,16.73,0.11,1.25,15.44,10.88,0.00,727
57.292,16.96,0.11,1.33,15.02,10.93,0.00,725
57.309,16.62,0.11,1.29,15.10,10.84,0.00,723
57.325,16.65,0.11,1.20,15.32,10.73,0.00,721
57.342,16.77,0.11,1.27,15.14,10.73,0.00,720
57.359,16.65,0.11,1.20,15.40,10.75,0.00,715
57.376,16.86,0.10,1.17,15.23,10.70,0.00,714
57.392,16.65,0.14,1.26,15.16,10.74,0.00,714
57.409,16.71,0.10,1.17,15.33,10.79,0.00,712
57.426,16.74,0.10,1.23,15.23,10.81,0.00,709
57.443,16.72,0.10,1.23,15.26,10.97,0.00,707
57.459,16.77,0.12,1.23,15.20,10.86,0.00,706
57.476,16.69,0.10,1.25,15.26,10.95,0.00,705
57.493,16.76,0.14,1.64,14.84,10.91,0.00,749
57.510,16.77,0.12,1.55,14.96,14.75,0.00,749
57.526,16.79,0.13,1.62,14.64,14.71,0.00,748
57.543,16.62,0.13,1.57,14.85,14.68,0.00,744
57.560,16.73,0.20,1.64,14.65,14.46,0.00,746
57.576,16.68,0.12,1.57,14.96,14.32,0.00,745
57.593,16.80,0.13,1.62,14.86,14.25,0.00,744
57.610,16.78,0.13,1.68,14.89,14.20,0.00,742
57.630,20.26,0.18,1.66,11.26,13.90,0.00,747
57.644,13.68,0.14,1.70,13.92,14.33,0.00,748
57.660,15.86,0.08,0.54,16.45,14.42,0.00,744
57.677,17.73,0.20,1.53,14.40,14.42,0.00,743
57.694,16.56,0.22,1.39,14.62,14.28,0.00,745
57.710,16.43,0.22,1.51,14.40,14.26,0.00,744
57.727,16.28,0.06,0.50,16.42,14.34,0.00,745
57.744,17.10,0.13,1.48,15.02,14.29,0.00,742
57.761,16.75,0.14,1.41,15.00,14.26,0.00,742
57.779,18.22,0.26,1.38,13.40,14.15,0.00,745
57.795,15.79,0.15,1.35,14.47,14.06,0.00,743
57.811,16.39,0.13,1.34,14.78,13.93,0.00,743
57.827,16.41,0.12,1.29,15.19,13.88,0.00,720
57.844,16.74,0.12,1.36,15.12,13.79,0.00,718
57.861,16.75,0.15,1.36,15.05,13.63,0.00,717
57.878,16.70,0.13,1.41,15.23,13.70,0.00,718
57.895,16.96,0.19,1.68,14.49,13.68,0.00,715
57.911,16.50,0.12,1.34,15.13,10.89,0.00,714
57.928,16.74,0.12,1.37,15.26,10.93,0.00,711
57.945,16.91,0.12,1.40,14.91,10.81,0.00,708
57.961,16.57,0.12,1.35,15.32,10.79,0.00,708
57.981,19.74,0.09,0.97,12.76,10.81,0.00,717
57.995,14.40,0.13,1.42,13.91,11.46,0.00,715
58.011,15.51,0.11,0.68,16.53,11.34,0.00,769
58.029,18.02,0.17,1.83,14.19,15.61,0.00,767
58.046,16.80,0.19,1.79,14.53,15.64,0.00,769
58.063,16.74,0.18,1.86,13.85,15.64,0.00,770
58.079,16.50,0.48,1.79,13.83,13.83,0.00,772
58.095,16.23,0.19,1.86,14.46,13.73,0.00,772
58.112,16.63,0.17,1.75,14.80,14.24,0.00,773
58.130,17.92,0.20,1.76,13.71,14.69,0.00,773
58.146,16.24,0.18,1.78,13.94,15.19,0.00,773
58.162,16.31,0.18,1.67,14.42,15.50,0.00,772
58.179,16.46,0.18,1.75,14.70,15.44,0.00,773
58.196,16.77,0.37,1.83,14.40,11.92,0.00,806
58.212,16.75,0.19,1.85,14.43,13.69,0.00,807
58.229,16.65,0.18,1.77,14.63,14.23,0.00,808
58.246,16.76,0.18,1.73,14.74,15.54,0.00,807
58.263,16.80,0.17,1.88,14.46,15.54,0.00,805
58.279,16.65,0.20,1.86,14.55,16.17,0.00,806
58.296,16.76,0.17,1.97,14.49,10.70,0.00,807
58.313,16.79,0.17,1.88,14.44,6.96,0.00,808
58.329,16.63,0.18,1.85,14.60,9.98,0.00,806
58.346,16.77,0.17,1.87,14.60,10.66,0.00,807
58.363,16.80,0.17,1.83,14.51,13.41,0.00,807
58.380,16.65,0.18,1.91,14.48,13.41,0.00,806
58.396,16.71,0.25,1.94,14.45,12.70,0.00,807
58.413,16.80,0.18,1.84,14.51,13.10,0.00,806
58.430,16.68,0.17,1.85,14.65,10.79,0.00,806
58.447,16.82,0.20,1.90,14.29,11.60,0.00,805
58.463,16.74,0.18,1.82,14.57,13.13,0.00,804
58.480,16.72,0.17,1.86,14.39,14.72,0.00,806
58.497,16.64,0.18,1.76,14.63,14.86,0.00,808
58.513,16.71,0.19,1.90,14.57,14.84,0.00,808
58.530,16.81,0.26,1.84,14.43,14.94,0.00,813
58.547,16.72,0.18,2.00,14.34,15.02,0.00,813
58.564,16.70,0.22,1.79,14.58,15.05,0.00,813
58.580,16.73,0.17,1.76,14.53,15.18,0.00,812
58.597,16.71,0.16,1.86,14.55,15.09,0.00,811
58.614,16.79,0.16,1.85,14.51,15.11,0.00,812
58.631,16.70,0.15,1.78,14.56,15.37,0.00,812
58.647,16.72,0.23,1.90,14.51,15.32,0.00,814
58.664,16.79,0.15,1.89,14.55,15.44,0.00,815
58.681,16.74,0.15,1.90,14.46,15.33,0.00,813
58.697,16.65,0.15,1.75,14.75,15.49,0.00,813
58.714,16.81,0.15,1.78,14.66,15.55,0.00,813
58.731,16.74,0.15,1.87,14.49,15.55,0.00,814
58.748,16.68,0.15,1.71,14.77,15.51,0.00,814
58.764,16.79,0.15,1.90,14.26,15.48,0.00,815
58.781,16.49,0.11,1.15,15.83,15.48,0.00,817
58.798,17.23,0.20,1.77,14.38,15.38,0.00,816
58.815,16.51,0.15,1.83,14.57,15.44,0.00,817
58.831,16.70,0.14,1.76,14.73,15.36,0.00,816
58.848,16.78,0.15,1.81,14.57,15.40,0.00,816
58.865,16.67,0.15,1.82,14.61,15.30,0.00,815
58.882,16.74,0.15,1.72,15.03,15.30,0.00,816
58.902,20.17,0.10,1.33,12.02,15.38,0.00,826
58.916,13.95,0.16,1.77,13.48,15.38,0.00,827
58.931,15.48,0.06,0.64,16.57,9.38,0.00,828
58.949,18.03,0.20,1.85,13.91,12.83,0.00,827
58.966,16.43,0.16,1.82,14.32,13.28,0.00,829
58.982,16.50,0.28,1.84,14.54,13.76,0.00,827
58.999,16.81,0.58,2.06,13.87,14.84,0.00,824
59.016,16.64,0.19,1.85,14.42,14.18,0.00,824
59.033,17.88,0.14,1.69,13.44,14.06,0.00,823
59.049,15.96,0.16,1.85,14.35,13.87,0.00,823
59.069,19.98,0.16,1.87,10.98,13.95,0.00,834
59.083,13.39,0.16,1.96,13.50,14.26,0.00,833
59.099,15.75,0.06,0.64,16.57,14.19,0.00,833
59.116,17.93,0.19,2.12,13.80,14.08,0.00,830
59.133,16.54,0.16,1.80,14.46,13.99,0.00,830
59.150,16.63,0.15,1.94,13.82,14.05,0.00,827
59.166,16.06,0.07,0.64,16.27,13.95,0.00,826
59.183,17.11,0.15,1.91,14.57,13.88,0.00,825
59.201,17.79,0.15,1.68,13.87,13.84,0.00,824
59.217,16.35,0.15,1.80,13.92,13.85,0.00,825
59.233,16.26,0.14,1.73,14.36,13.87,0.00,824
59.250,16.48,0.15,1.73,14.62,13.75,0.00,824
59.266,16.69,0.15,1.71,14.75,13.65,0.00,824
59.283,16.77,0.15,1.76,14.88,13.53,0.00,824
59.300,16.95,0.14,1.64,14.71,13.46,0.00,823
59.317,16.64,0.21,1.79,14.61,13.31,0.00,823
59.333,16.76,0.14,1.91,14.54,13.39,0.00,822
59.350,16.76,0.16,1.76,14.68,13.31,0.00,820
59.367,16.75,0.18,1.75,14.70,13.18,0.00,818
59.384,16.77,0.17,1.69,14.65,13.15,0.00,816
59.400,16.67,0.14,1.84,14.66,13.10,0.00,813
59.417,16.80,0.21,1.70,14.62,13.13,0.00,810
59.434,16.68,0.17,1.75,14.64,13.06,0.00,806
59.451,16.71,0.14,1.70,14.70,13.12,0.00,802
59.467,16.69,0.14,1.49,14.90,13.02,0.00,798
59.484,16.69,0.15,1.47,15.02,12.96,0.00,798
59.501,16.78,0.14,1.46,15.01,12.99,0.00,794
59.518,16.76,0.15,1.47,14.95,12.92,0.00,792
59.534,16.71,0.15,1.32,15.24,11.32,0.00,791
59.551,16.86,0.22,1.41,14.82,11.24,0.00,791
59.568,16.59,0.21,1.66,14.74,11.22,0.00,850
59.584,16.76,0.19,1.77,14.73,15.67,0.00,849
59.601,16.86,0.19,1.70,14.58,15.46,0.00,848
59.618,16.61,0.20,1.75,14.47,15.40,0.00,848
59.635,16.60,0.19,1.69,14.81,15.27,0.00,846
59.651,16.84,0.23,1.68,14.54,15.25,0.00,845
59.668,16.64,0.20,1.86,14.60,15.29,0.00,843
59.685,16.82,0.20,1.74,14.65,13.65,0.00,844
59.702,16.75,0.26,1.80,14.53,14.43,0.00,845
59.718,16.74,0.25,1.87,14.38,14.80,0.00,850
59.735,16.65,0.27,1.83,14.51,15.23,0.00,849
59.752,16.75,0.20,1.84,14.58,15.19,0.00,848
59.768,16.76,0.19,1.87,14.59,15.05,0.00,858
59.785,16.81,0.20,2.01,14.30,15.14,0.00,857
59.802,16.67,0.19,1.89,14.57,15.06,0.00,856
59.819,16.80,0.21,1.99,14.41,15.03,0.00,865
59.836,16.74,0.20,2.04,14.25,15.00,0.00,863
59.852,16.65,0.19,1.99,14.42,15.06,0.00,858
59.869,16.74,0.18,1.98,14.44,15.04,0.00,857
59.886,16.76,0.18,1.94,14.46,14.90,0.00,855
59.902,16.73,0.18,1.97,14.42,15.07,0.00,854
59.919,16.73,0.18,2.04,14.31,15.17,0.00,853
59.936,16.67,0.18,1.98,14.44,15.16,0.00,853
59.953,16.74,0.18,1.96,14.46,15.17,0.00,850
59.969,16.78,0.18,2.05,14.36,15.30,0.00,846
59.986,16.74,0.17,1.73,14.91,12.52,0.00,841
60.006,20.33,0.19,1.75,11.06,12.48,0.00,850
60.020,13.47,0.25,1.73,14.44,12.92,0.00,850
60.036,16.55,0.18,0.82,15.64,12.87,0.00,850
60.054,17.29,0.19,1.83,13.97,12.73,0.00,851
60.070,16.62,0.22,1.80,14.33,12.72,0.00,851
60.087,16.66,0.26,1.72,14.04,12.55,0.00,848
60.103,16.18,0.10,0.65,15.96,12.61,0.00,845
60.120,16.84,0.23,1.89,14.48,12.54,0.00,845
60.138,17.98,0.20,1.68,13.39,12.50,0.00,844
60.154,15.93,0.33,1.83,14.08,12.58,0.00,891
60.170,16.40,0.24,1.81,14.47,13.28,0.00,890
60.187,16.67,0.19,1.83,14.40,13.28,0.00,887
60.204,16.57,0.37,2.07,14.04,13.32,0.00,898
60.220,16.57,0.13,0.98,15.70,13.86,0.00,897
60.237,16.95,0.19,1.97,14.34,13.86,0.00,895
60.254,16.64,0.19,1.85,14.51,13.78,0.00,895
60.270,16.73,0.20,1.89,14.56,13.73,0.00,895
60.287,16.80,0.33,2.05,14.30,13.66,0.00,894
60.304,16.84,0.22,1.88,14.45,13.39,0.00,895
60.321,16.71,0.24,2.06,14.38,13.29,0.00,895
60.338,16.83,0.19,1.91,14.35,13.12,0.00,894
60.354,16.60,0.22,1.94,14.44,13.07,0.00,892
60.371,16.74,0.19,1.87,14.51,13.08,0.00,888
60.388,16.73,0.19,1.92,14.44,12.96,0.00,885
60.404,16.70,0.18,1.85,14.62,12.84,0.00,885
60.421,16.82,0.19,1.91,14.55,12.91,0.00,883
60.442,20.30,0.31,1.82,10.68,12.78,0.00,892
60.455,13.21,0.18,1.90,14.44,13.27,0.00,892
60.471,16.59,0.08,0.79,15.89,13.16,0.00,890
60.489,17.52,0.20,1.93,13.71,13.23,0.00,888
60.505,16.24,0.34,1.98,13.93,13.11,0.00,881
60.522,16.45,0.42,2.01,14.05,12.99,0.00,880
60.538,16.71,0.20,2.38,14.38,12.93,0.00,880
60.557,18.71,0.20,1.79,12.64,12.62,0.00,881
60.572,15.30,0.19,1.80,14.06,12.75,0.00,881
60.589,16.44,0.20,1.81,14.28,12.78,0.00,875
60.605,16.47,0.18,1.81,14.85,12.55,0.00,876
60.622,17.05,0.21,1.93,13.76,12.52,0.00,875
60.638,16.01,0.18,1.29,15.67,12.55,0.00,875
60.655,17.29,0.23,1.74,14.45,12.47,0.00,874
60.672,16.57,0.18,1.80,14.67,12.38,0.00,873
60.689,16.80,0.18,1.75,14.66,12.33,0.00,871
60.706,16.74,0.18,1.78,14.54,12.29,0.00,870
60.722,16.65,0.17,1.83,14.60,12.29,0.00,866
60.739,16.75,0.18,2.02,14.50,12.22,0.00,867
60.756,16.85,0.24,1.72,14.54,12.33,0.00,869
60.773,16.66,0.18,1.73,14.63,12.32,0.00,867
60.789,16.68,0.18,1.70,14.85,12.20,0.00,863
60.806,16.87,0.17,1.67,14.60,12.21,0.00,863
60.823,16.59,0.17,1.68,14.70,12.15,0.00,865
60.839,16.71,0.18,1.75,14.71,12.17,0.00,863
60.856,16.79,0.17,1.72,14.64,12.10,0.00,861
60.873,16.67,0.17,1.74,14.71,12.12,0.00,861
60.890,16.77,0.16,1.68,14.72,12.31,0.00,858
60.906,16.72,0.18,1.67,14.74,12.23,0.00,858
60.923,16.73,0.17,1.60,14.78,12.26,0.00,851
60.940,16.69,0.16,1.62,14.80,12.29,0.00,849
60.956,16.74,0.17,1.70,14.74,12.24,0.00,844
60.973,16.76,0.17,1.72,14.69,12.30,0.00,838
60.990,16.72,0.16,1.63,14.79,12.29,0.00,831
61.007,16.72,0.16,1.59,14.77,12.34,0.00,831
61.023,16.66,0.20,1.62,14.86,12.29,0.00,823
61.040,16.85,0.25,1.57,14.76,12.26,0.00,816
61.057,16.73,0.17,1.52,14.86,12.17,0.00,810
61.074,16.71,0.16,1.53,14.83,12.16,0.00,805
61.090,16.68,0.16,1.54,15.01,10.54,0.00,802
61.107,16.85,0.19,1.45,14.87,10.52,0.00,799
61.124,16.67,0.18,1.51,15.08,10.51,0.00,800
61.141,16.93,0.22,1.44,14.77,10.68,0.00,799
61.157,16.57,0.16,1.50,15.10,10.58,0.00,798
61.178,20.44,0.33,1.54,10.78,10.62,0.00,830
61.191,12.75,0.12,1.57,15.29,11.22,0.00,830
61.208,17.12,0.17,1.66,14.66,11.31,0.00,828
61.224,16.61,0.16,1.72,14.82,11.16,0.00,825
61.241,16.81,0.17,1.65,14.68,11.13,0.00,822
61.258,16.61,0.17,1.76,14.78,11.11,0.00,821
61.275,16.83,0.17,1.71,14.67,11.27,0.00,822
61.291,16.67,0.22,1.69,14.76,11.27,0.00,823
61.308,16.79,0.16,1.74,14.70,11.25,0.00,824
61.326,18.25,0.16,1.66,13.16,11.19,0.00,823
61.342,15.34,0.20,1.53,14.64,11.18,0.00,820
61.358,16.75,0.17,1.58,14.74,11.24,0.00,819
61.375,16.66,0.17,1.59,14.62,11.21,0.00,820
61.392,16.53,0.16,1.66,14.79,11.31,0.00,810
61.408,16.75,0.16,1.53,14.98,11.26,0.00,805
61.425,16.81,0.16,1.57,14.80,11.21,0.00,808
61.442,16.67,0.16,1.64,14.82,11.18,0.00,807
61.459,16.76,0.16,1.66,14.71,11.26,0.00,807
61.475,16.67,0.16,1.55,14.86,11.14,0.00,804
61.492,16.72,0.15,1.54,14.90,11.20,0.00,802
61.509,16.75,0.17,1.56,14.95,11.13,0.00,803
61.525,16.82,0.15,1.61,14.72,11.32,0.00,803
61.542,16.63,0.16,1.23,15.32,11.22,0.00,803
61.559,16.87,0.18,1.29,15.01,11.16,0.00,802
61.576,16.63,0.16,1.27,15.13,11.12,0.00,795
61.592,16.71,0.15,1.22,15.32,11.12,0.00,793
61.609,16.84,0.20,1.22,15.12,11.07,0.00,794
61.626,16.68,0.15,1.32,15.08,10.99,0.00,793
61.643,16.70,0.13,1.25,15.23,10.93,0.00,793
61.659,16.75,0.13,1.32,15.21,11.04,0.00,794
61.680,20.26,0.16,1.20,11.84,11.01,0.00,803
61.693,13.74,0.18,1.32,14.78,11.45,0.00,804
61.710,16.41,0.23,0.88,15.35,11.46,0.00,805
61.727,17.10,0.16,1.35,14.55,11.38,0.00,806
61.743,16.65,0.18,1.27,14.70,11.26,0.00,805
61.760,16.42,0.23,1.41,15.15,11.22,0.00,801
61.777,16.97,0.15,1.33,14.25,11.12,0.00,800
61.793,15.81,0.11,0.66,15.89,11.20,0.00,800
61.810,17.36,0.06,0.53,15.34,11.13,0.00,799
61.826,16.26,0.05,0.46,15.85,11.07,0.00,797
61.843,16.56,0.05,0.44,16.04,11.04,0.00,797
61.859,16.61,0.05,0.43,16.20,10.91,0.00,796
61.876,16.75,0.05,0.43,16.84,10.86,0.00,794
61.894,17.48,0.14,1.28,14.54,10.79,0.00,794
61.910,16.04,0.05,0.44,16.76,10.84,0.00,792
61.927,17.41,0.15,1.26,15.12,10.90,0.00,793
61.944,16.68,0.13,1.26,15.10,10.73,0.00,791
61.960,16.64,0.13,1.24,15.23,10.80,0.00,789
61.977,16.73,0.13,1.17,15.26,10.53,0.00,787
61.994,16.70,0.12,1.24,15.23,10.50,0.00,786
62.011,16.72,0.12,1.25,15.52,10.43,0.00,784
62.028,17.04,0.13,1.21,15.02,10.40,0.00,783
62.044,16.52,0.13,1.29,15.13,10.50,0.00,782
62.061,16.72,0.13,1.29,15.09,10.37,0.00,781
62.078,16.65,0.12,1.27,15.25,10.26,0.00,779
62.094,16.78,0.13,1.25,15.16,10.29,0.00,779
62.111,16.68,0.14,1.26,15.24,10.17,0.00,778
62.128,16.79,0.13,1.07,15.41,10.10,0.00,775
62.145,16.77,0.14,1.12,15.63,10.05,0.00,774
62.164,19.87,0.13,0.75,12.76,9.98,0.00,772
62.178,13.79,0.12,1.05,15.20,10.18,0.00,770
62.195,16.53,0.12,1.09,15.40,10.01,0.00,772
62.211,16.73,0.35,1.19,15.07,10.01,0.00,786
62.228,16.72,0.13,1.21,15.33,10.37,0.00,786
62.245,16.78,0.16,1.21,15.27,10.27,0.00,784
62.262,16.76,0.13,1.26,15.34,10.15,0.00,784
62.279,16.88,0.12,1.28,15.05,10.15,0.00,781
62.295,16.59,0.15,1.41,15.17,10.07,0.00,782
62.314,18.53,0.12,1.19,13.42,10.29,0.00,779
62.329,15.11,0.13,1.08,15.14,10.17,0.00,776
62.346,16.78,0.13,1.17,15.08,10.10,0.00,774
62.362,16.55,0.18,1.20,15.06,10.07,0.00,772
62.379,16.58,0.12,1.09,15.35,10.07,0.00,767
62.395,16.71,0.12,1.07,15.54,10.09,0.00,761
62.412,16.88,0.17,1.10,15.36,10.04,0.00,761
62.429,16.79,0.12,1.09,15.22,10.16,0.00,759
62.446,16.59,0.12,1.21,15.26,10.15,0.00,757
62.462,16.73,0.12,1.12,15.34,10.12,0.00,757
62.479,16.73,0.12,1.10,15.37,10.13,0.00,756
62.496,16.74,0.12,1.04,15.36,10.20,0.00,755
62.513,16.66,0.11,1.07,15.51,10.16,0.00,756
62.529,16.84,0.12,1.09,15.88,10.14,0.00,753
62.550,20.38,0.13,0.80,12.45,10.01,0.00,763
62.563,13.68,0.08,0.61,14.68,10.81,0.00,762
62.579,15.43,0.05,0.41,17.29,10.71,0.00,764
62.597,18.48,0.15,1.15,14.75,10.79,0.00,764
62.614,16.61,0.13,1.11,14.91,10.85,0.00,762
62.630,16.40,0.20,1.09,15.22,10.78,0.00,760
62.647,16.80,0.18,1.23,14.56,10.77,0.00,760
62.663,16.10,0.12,1.09,15.37,10.87,0.00,759
62.680,16.70,0.12,1.18,15.39,10.82,0.00,760
62.697,16.81,0.12,1.06,15.44,10.95,0.00,759
62.715,17.85,0.13,1.08,14.57,10.99,0.00,758
62.731,16.36,0.13,1.15,15.03,11.03,0.00,757
62.748,16.80,0.12,1.15,14.82,11.06,0.00,756
62.764,16.26,0.12,1.10,15.27,11.02,0.00,756
62.781,16.64,0.11,1.08,15.58,11.04,0.00,754
62.798,16.91,0.12,1.09,15.37,11.11,0.00,752
62.814,16.72,0.12,1.08,15.41,11.10,0.00,753
62.831,16.74,0.11,1.02,15.44,11.20,0.00,754
62.848,16.72,0.11,1.14,15.34,11.24,0.00,752
62.865,16.72,0.11,1.09,15.30,11.18,0.00,751
62.881,16.65,0.11,1.13,15.45,11.24,0.00,751
62.898,16.84,0.16,1.01,15.43,11.17,0.00,750
62.915,16.75,0.11,1.09,15.35,11.13,0.00,748
62.931,16.70,0.11,1.11,15.32,11.12,0.00,747
62.948,16.69,0.11,1.07,15.45,11.21,0.00,746
62.965,16.76,0.11,1.02,15.35,11.29,0.00,746
62.982,16.62,0.11,1.14,15.40,11.15,0.00,746
62.998,16.79,0.11,1.10,15.37,11.23,0.00,745
63.015,16.71,0.11,1.09,15.40,11.11,0.00,745
63.032,16.76,0.11,1.03,15.43,10.99,0.00,745
63.049,16.72,0.11,1.00,15.57,11.03,0.00,744
63.065,16.82,0.11,1.03,15.32,10.95,0.00,744
63.082,16.61,0.12,1.02,15.45,11.02,0.00,744
63.099,16.74,0.11,1.12,15.35,10.92,0.00,742
63.115,16.74,0.11,1.02,15.57,10.88,0.00,742
63.132,16.85,0.11,1.09,15.43,10.72,0.00,742
63.149,16.79,0.11,0.94,15.51,10.67,0.00,741
63.166,16.72,0.13,0.94,15.50,10.59,0.00,740
63.182,16.71,0.11,1.01,15.44,10.72,0.00,738
63.199,16.70,0.12,0.97,15.43,10.65,0.00,738
63.216,16.66,0.11,0.95,15.72,10.81,0.00,736
63.236,19.79,0.08,0.83,12.91,10.73,0.00,744
63.250,14.34,0.13,0.96,14.45,11.21,0.00,743
63.266,15.60,0.05,0.39,16.65,10.98,0.00,742
63.283,17.73,0.12,1.12,14.83,10.88,0.00,741
63.300,16.45,0.18,0.97,15.37,10.69,0.00,741
63.316,16.73,0.11,1.07,15.92,10.58,0.00,740
63.334,17.42,0.13,0.99,14.60,10.41,0.00,738
63.350,15.92,0.12,1.10,15.28,10.53,0.00,738
63.367,16.71,0.12,1.08,15.36,10.33,0.00,738
63.383,16.66,0.14,1.10,15.41,10.22,0.00,738
63.400,16.80,0.12,1.07,15.31,10.12,0.00,738
63.417,16.62,0.16,1.04,15.52,10.08,0.00,737
63.435,18.03,0.12,0.97,14.18,9.98,0.00,736
63.451,15.96,0.12,0.97,15.16,9.95,0.00,737
63.467,16.41,0.12,1.01,15.25,10.02,0.00,735
63.484,16.52,0.11,0.98,15.61,9.98,0.00,735
63.500,16.84,0.11,0.96,15.52,9.88,0.00,733
63.517,16.74,0.11,1.08,15.43,9.83,0.00,732
63.534,16.78,0.12,1.08,15.37,9.69,0.00,732
63.551,16.71,0.11,0.98,15.45,9.65,0.00,729
63.567,16.67,0.11,0.97,15.55,9.60,0.00,727
63.584,16.78,0.13,0.93,15.46,9.56,0.00,724
63.601,16.66,0.11,0.98,15.53,9.60,0.00,723
63.617,16.76,0.11,0.93,15.60,9.61,0.00,723
63.634,16.79,0.11,1.01,15.46,9.52,0.00,720
63.651,16.72,0.11,1.00,15.49,9.49,0.00,720
63.668,16.74,0.11,0.97,15.47,9.43,0.00,718
63.684,16.69,0.11,0.99,15.51,9.47,0.00,718
63.701,16.75,0.11,0.99,15.48,9.49,0.00,716
63.718,16.71,0.11,1.05,15.43,9.54,0.00,715
63.735,16.73,0.10,1.01,15.48,9.71,0.00,714
63.751,16.74,0.11,0.94,15.54,9.68,0.00,713
63.768,16.72,0.11,1.02,15.39,9.65,0.00,712
63.785,16.65,0.11,0.95,15.65,9.57,0.00,711
63.802,16.86,0.11,0.98,15.46,9.59,0.00,710
63.818,16.68,0.10,0.98,15.49,9.52,0.00,709
63.835,16.71,0.10,0.97,15.58,9.52,0.00,704
63.852,16.80,0.11,1.08,15.31,9.50,0.00,704
63.868,16.63,0.10,0.99,15.45,9.66,0.00,703
63.885,16.68,0.10,0.95,15.54,9.74,0.00,701
63.902,16.74,0.10,0.97,15.63,9.67,0.00,700
63.919,16.85,0.11,0.97,15.49,9.70,0.00,699
63.935,16.78,0.10,0.96,15.45,9.74,0.00,697
63.952,16.65,0.10,1.00,15.43,9.74,0.00,698
63.969,16.70,0.11,1.02,15.48,9.78,0.00,699
63.989,20.18,0.25,0.96,11.81,10.02,0.00,705
64.003,13.62,0.08,0.70,15.30,10.41,0.00,704
64.019,16.14,0.04,0.35,16.62,10.35,0.00,703
64.036,17.68,0.18,1.06,14.78,10.35,0.00,701
64.053,16.39,0.16,1.04,15.05,10.31,0.00,699
64.069,16.45,0.11,1.19,14.88,10.15,0.00,699
64.086,16.29,0.05,0.43,16.54,9.95,0.00,700
64.103,17.13,0.12,1.08,14.93,10.05,0.00,698
64.119,16.19,0.05,0.41,16.19,10.21,0.00,699
64.136,16.74,0.05,0.76,16.18,10.24,0.00,699
64.153,17.13,0.11,1.10,15.24,10.24,0.00,699
64.169,16.55,0.06,0.40,16.11,10.32,0.00,698
64.186,16.64,0.05,0.36,16.12,10.35,0.00,696
64.203,17.12,0.05,0.30,15.79,10.69,0.00,695
64.220,16.55,0.04,0.29,16.00,10.72,0.00,695
64.236,16.53,0.05,0.31,16.12,10.96,0.00,695
64.253,16.56,0.04,0.30,16.78,11.24,0.00,696
64.270,17.27,0.10,0.88,15.11,11.13,0.00,696
64.286,16.25,0.10,0.88,15.68,10.92,0.00,696
64.303,16.81,0.10,0.87,15.53,10.74,0.00,695
64.320,16.65,0.10,0.89,15.78,10.56,0.00,694
64.337,16.93,0.10,0.85,15.51,10.37,0.00,694
64.353,16.61,0.11,0.88,15.65,10.20,0.00,692
64.370,16.78,0.10,0.82,15.58,10.11,0.00,692
64.387,16.65,0.10,0.89,15.53,10.22,0.00,692
64.403,16.67,0.10,0.82,16.25,10.29,0.00,691
64.421,17.33,0.10,0.86,15.59,10.42,0.00,691
64.437,16.70,0.10,0.86,15.66,10.68,0.00,689
64.454,16.77,0.10,0.88,15.45,10.73,0.00,687
64.471,16.56,0.10,0.88,15.60,10.81,0.00,684
64.487,16.71,0.10,0.82,15.68,10.96,0.00,684
64.504,16.74,0.10,0.86,15.78,11.00,0.00,681
64.521,16.88,0.10,0.84,15.67,10.77,0.00,677
64.538,16.76,0.10,0.79,15.71,10.69,0.00,676
64.555,16.74,0.10,0.84,15.52,10.44,0.00,674
64.571,16.60,0.11,0.87,15.73,10.22,0.00,680
64.588,16.85,0.10,0.93,15.52,9.98,0.00,678
64.605,16.69,0.10,0.80,15.73,9.87,0.00,674
64.621,16.78,0.11,0.89,15.50,9.80,0.00,674
64.638,16.63,0.10,0.80,15.66,9.82,0.00,674
64.655,16.70,0.10,0.84,15.81,9.80,0.00,672
64.672,16.88,0.10,0.78,15.65,9.83,0.00,672
64.688,16.67,0.10,0.88,15.67,9.90,0.00,670
64.705,16.80,0.10,0.83,15.62,9.86,0.00,669
64.722,16.69,0.10,0.87,15.65,9.81,0.00,667
64.739,16.75,0.09,0.86,15.08,9.86,0.00,662
64.755,16.18,0.10,0.82,15.67,9.71,0.00,661
64.771,16.74,0.09,0.81,15.69,9.71,0.00,660
64.788,16.73,0.10,0.82,15.70,9.61,0.00,659
64.805,16.76,0.09,0.77,15.68,9.48,0.00,659
64.822,16.69,0.10,0.83,15.64,9.41,0.00,654
64.838,16.71,0.09,0.77,15.80,9.24,0.00,653
64.855,16.81,0.10,0.82,15.60,9.09,0.00,652
64.872,16.65,0.10,0.75,15.72,9.09,0.00,650
64.889,16.72,0.10,0.83,15.68,8.95,0.00,651
64.905,16.75,0.10,0.87,15.71,9.08,0.00,650
64.922,16.82,0.09,0.78,15.70,9.04,0.00,650
64.939,16.79,0.10,0.86,15.50,8.98,0.00,649
64.956,16.60,0.09,0.87,15.62,9.00,0.00,649
64.972,16.73,0.09,0.83,15.67,8.99,0.00,649
64.989,16.72,0.10,0.84,15.58,8.91,0.00,646
65.006,16.66,0.18,0.81,15.67,8.92,0.00,646
65.022,16.80,0.09,0.80,15.76,8.96,0.00,646
65.039,16.82,0.10,0.82,15.65,8.84,0.00,645
65.056,16.72,0.09,0.91,15.62,8.82,0.00,645
65.076,20.17,0.10,0.77,12.39,8.72,0.00,644
65.090,13.43,0.10,0.87,15.44,8.80,0.00,644
65.106,16.55,0.09,0.83,15.72,8.78,0.00,642
65.123,16.76,0.09,0.78,15.71,8.68,0.00,640
65.140,16.74,0.10,0.83,15.67,8.66,0.00,641
65.156,16.71,0.26,1.11,15.36,8.75,0.00,657
65.173,16.85,0.10,1.07,15.57,9.41,0.00,656
65.190,16.89,0.30,1.26,15.16,9.39,0.00,697
65.209,19.15,0.13,1.27,12.59,10.08,0.00,697
65.224,14.47,0.11,1.26,14.78,10.01,0.00,698
65.240,16.53,0.12,1.25,14.98,10.16,0.00,699
65.257,16.53,0.11,1.29,15.13,10.23,0.00,698
65.273,16.68,0.15,1.32,15.13,10.22,0.00,700
65.290,16.76,0.11,1.32,15.30,10.43,0.00,702
65.307,16.89,0.12,1.40,14.99,10.53,0.00,702
65.324,16.66,0.11,1.30,15.18,10.47,0.00,704
65.340,16.73,0.11,1.42,15.02,10.54,0.00,719
65.357,16.70,0.11,1.38,15.15,10.68,0.00,722
65.374,16.78,0.11,1.28,15.10,10.68,0.00,722
65.391,16.63,0.11,1.23,15.23,10.77,0.00,723
65.407,16.72,0.11,1.39,15.15,10.78,0.00,723
65.424,16.82,0.11,1.26,15.16,10.78,0.00,723
65.441,16.68,0.11,1.37,15.07,10.82,0.00,724
65.458,16.70,0.11,1.43,15.23,11.11,0.00,724
65.478,20.19,0.11,1.36,11.52,11.16,0.00,724
65.491,13.11,0.08,1.12,15.60,11.39,0.00,723
65.508,16.92,0.11,1.32,15.24,11.43,0.00,723
65.525,16.81,0.20,1.38,15.06,11.52,0.00,724
65.541,16.76,0.11,1.47,15.02,11.66,0.00,723
65.558,16.72,0.11,1.47,15.01,11.63,0.00,724
65.575,16.73,0.13,1.45,15.14,11.57,0.00,718
65.594,18.86,0.11,1.30,13.08,11.40,0.00,717
65.609,14.90,0.11,1.33,14.74,11.43,0.00,717
65.625,16.56,0.16,1.26,14.98,11.35,0.00,714
65.642,16.59,0.11,1.28,15.08,11.30,0.00,713
65.658,16.63,0.11,1.34,15.16,11.38,0.00,712
65.675,16.76,0.10,1.24,15.34,11.53,0.00,712
65.692,16.82,0.10,1.36,15.04,11.62,0.00,708
65.709,16.65,0.11,1.40,15.06,11.79,0.00,708
65.725,16.71,0.10,1.30,14.89,11.83,0.00,708
65.742,16.47,0.08,0.79,16.01,11.95,0.00,708
65.759,17.03,0.11,1.33,15.11,11.98,0.00,707
65.775,16.70,0.11,1.34,15.24,12.01,0.00,704
65.792,16.84,0.11,1.52,14.79,11.81,0.00,704
65.809,16.56,0.18,1.28,15.09,11.85,0.00,701
65.826,16.75,0.10,1.21,15.28,11.64,0.00,696
65.842,16.74,0.11,1.25,15.26,11.41,0.00,694
65.859,16.76,0.10,1.33,15.14,11.18,0.00,694
65.876,16.72,0.10,1.24,15.27,11.09,0.00,695
65.893,16.75,0.10,1.22,15.21,11.08,0.00,691
65.909,16.69,0.10,1.18,15.30,10.96,0.00,690
65.926,16.71,0.14,1.18,15.35,10.98,0.00,689
65.943,16.82,0.09,1.31,15.18,11.17,0.00,690
65.960,16.74,0.10,1.20,15.20,11.12,0.00,689
65.976,16.65,0.09,1.20,15.29,11.05,0.00,687
65.993,16.74,0.10,1.15,15.38,11.07,0.00,687
66.010,16.76,0.10,1.16,15.29,11.10,0.00,687
66.026,16.68,0.18,1.23,15.43,10.93,0.00,686
66.043,16.99,0.15,1.12,15.10,10.77,0.00,685
66.060,16.52,0.10,1.22,15.25,10.69,0.00,684
66.077,16.71,0.09,1.11,15.43,10.47,0.00,683
66.093,16.78,0.09,1.19,15.27,10.47,0.00,682
66.110,16.70,0.09,1.22,15.25,10.24,0.00,682
66.127,16.71,0.09,1.13,15.42,10.09,0.00,678
66.144,16.78,0.09,1.14,15.35,10.02,0.00,677
66.160,16.72,0.09,1.15,15.32,9.97,0.00,674
66.177,16.71,0.10,1.11,15.37,9.92,0.00,675
66.194,16.74,0.32,1.30,15.04,10.03,0.00,703
66.211,16.83,0.10,1.29,15.16,10.74,0.00,705
66.227,16.72,0.11,1.40,14.99,10.55,0.00,703
66.244,16.66,0.10,1.35,15.10,10.51,0.00,704
66.261,16.70,0.14,1.30,15.18,10.57,0.00,703
66.277,16.77,0.10,1.32,15.08,10.47,0.00,702
66.294,16.65,0.10,1.47,15.08,10.32,0.00,699
66.311,16.81,0.10,1.31,15.14,10.42,0.00,698
66.328,16.70,0.10,1.44,15.21,10.34,0.00,698
66.348,19.99,0.08,0.89,12.64,10.33,0.00,705
66.362,14.20,0.11,1.44,14.67,10.83,0.00,704
66.378,16.42,0.32,1.58,14.44,10.76,0.00,704
66.395,16.67,0.05,0.51,16.02,10.68,0.00,704
66.412,17.14,0.11,1.56,14.41,10.69,0.00,701
66.428,16.31,0.28,1.46,14.62,10.63,0.00,697
66.445,17.04,0.16,1.44,14.41,10.68,0.00,698
66.461,16.14,0.10,1.45,15.19,10.72,0.00,698
66.480,18.22,0.14,1.33,13.49,10.58,0.00,695
66.495,15.33,0.05,0.55,15.93,10.57,0.00,694
66.512,16.89,0.11,1.31,14.88,10.55,0.00,694
66.528,16.49,0.10,1.32,15.30,10.48,0.00,694
66.545,16.88,0.12,1.31,14.98,10.46,0.00,690
66.562,16.55,0.11,1.21,15.39,10.41,0.00,690
66.579,16.87,0.11,1.34,15.03,10.50,0.00,690
66.595,16.62,0.10,1.26,15.19,10.59,0.00,688
66.612,16.69,0.10,1.28,15.26,10.51,0.00,690
66.629,16.80,0.10,1.31,15.18,10.48,0.00,689
66.646,16.73,0.10,1.33,15.15,10.42,0.00,689
66.662,16.72,0.10,1.27,15.21,10.41,0.00,690
66.679,16.71,0.10,1.32,15.14,10.39,0.00,689
66.696,16.69,0.10,1.34,15.22,10.34,0.00,690
66.712,16.81,0.09,1.35,15.03,10.49,0.00,689
66.729,16.63,0.10,1.27,15.23,10.50,0.00,670
66.746,16.74,0.10,1.23,15.58,10.50,0.00,672
66.766,19.89,0.07,0.86,12.79,10.51,0.00,681
66.780,14.18,0.11,1.30,14.93,11.04,0.00,681
66.796,16.50,0.15,1.35,15.06,11.09,0.00,680
66.814,17.15,0.10,1.37,14.65,11.01,0.00,679
66.830,16.49,0.11,1.24,14.73,11.01,0.00,679
66.846,16.36,0.11,1.61,14.79,11.06,0.00,680
66.863,16.66,0.11,1.94,14.69,11.00,0.00,681
66.880,16.87,0.13,1.34,15.18,10.93,0.00,681
66.898,18.18,0.14,1.20,13.86,10.96,0.00,681
66.914,15.77,0.10,1.30,14.57,10.93,0.00,681
66.930,16.40,0.10,1.27,14.90,10.98,0.00,680
66.947,16.44,0.10,1.25,15.19,10.97,0.00,681
66.963,16.69,0.10,1.33,15.13,11.20,0.00,680
66.980,16.71,0.10,1.28,15.21,11.23,0.00,680
66.997,16.73,0.10,1.32,15.22,11.28,0.00,678
67.014,16.78,0.09,1.23,15.25,11.44,0.00,675
67.030,16.71,0.09,1.32,15.29,11.37,0.00,675
67.047,16.85,0.10,1.23,15.37,11.31,0.00,675
67.067,19.73,0.08,0.87,12.75,11.18,0.00,683
67.081,14.23,0.11,1.28,14.07,11.49,0.00,682
67.097,15.53,0.04,0.50,16.87,11.56,0.00,681
67.115,18.07,0.10,1.35,14.57,11.43,0.00,681
67.131,16.43,0.15,1.26,14.82,11.33,0.00,682
67.148,16.41,0.19,1.22,15.43,11.28,0.00,667
67.165,17.44,0.17,1.27,14.44,11.19,0.00,663
67.181,16.00,0.09,1.09,15.40,11.03,0.00,664
67.198,16.74,0.26,1.29,15.24,11.21,0.00,717
67.216,18.27,0.12,1.41,13.84,11.76,0.00,716
67.232,16.18,0.15,1.29,14.24,11.72,0.00,714
67.248,16.14,0.11,1.32,14.80,11.64,0.00,713
67.265,16.40,0.11,1.30,15.06,11.67,0.00,713
67.281,16.62,0.10,1.32,15.16,11.56,0.00,713
67.298,16.74,0.11,1.27,15.18,11.50,0.00,713
67.315,16.71,0.10,1.34,15.19,11.41,0.00,711
67.332,16.81,0.11,1.41,15.17,11.35,0.00,710
67.352,20.10,0.23,1.32,11.96,11.23,0.00,720
67.366,14.03,0.12,1.38,13.84,11.84,0.00,720
67.381,15.40,0.04,0.47,16.84,11.73,0.00,718
67.399,18.12,0.12,1.42,14.44,11.58,0.00,716
67.416,16.56,0.12,1.32,14.60,11.60,0.00,712
67.432,16.26,0.20,1.36,14.66,11.31,0.00,709
67.449,16.41,0.05,0.48,16.43,11.19,0.00,707
67.466,17.13,0.12,1.39,14.94,11.09,0.00,703
67.484,17.86,0.13,1.29,13.85,11.10,0.00,701
67.499,15.99,0.11,1.21,14.66,10.96,0.00,692
67.516,16.13,0.10,1.22,15.24,10.86,0.00,691
67.532,16.70,0.10,1.26,15.34,10.72,0.00,689
67.549,16.84,0.12,1.27,15.10,10.59,0.00,687
67.566,16.64,0.10,1.27,15.24,10.45,0.00,685
67.583,16.76,0.11,1.26,15.16,10.42,0.00,692
67.599,16.68,0.11,1.18,15.30,10.38,0.00,691
67.616,16.75,0.10,1.29,15.14,10.33,0.00,691
67.633,16.68,0.10,1.17,15.35,10.26,0.00,688
67.649,16.77,0.10,1.21,15.26,10.18,0.00,687
67.666,16.72,0.09,1.22,15.29,10.06,0.00,685
67.683,16.75,0.10,1.29,15.19,9.85,0.00,684
67.700,16.73,0.10,1.17,15.30,9.82,0.00,682
67.716,16.72,0.09,1.21,15.28,9.82,0.00,680
67.733,16.72,0.10,1.21,15.28,9.74,0.00,679
67.750,16.72,0.09,1.16,15.33,9.60,0.00,675
67.767,16.72,0.09,1.17,15.35,9.65,0.00,668
67.783,16.76,0.10,1.25,15.23,9.59,0.00,667
67.800,16.74,0.10,1.19,15.29,9.45,0.00,666
67.817,16.72,0.09,1.22,15.29,9.47,0.00,666
67.834,16.74,0.09,1.15,15.34,9.38,0.00,666
67.850,16.73,0.09,1.20,15.30,9.44,0.00,665
67.867,16.74,0.11,1.27,15.28,9.26,0.00,665
67.884,16.80,0.08,1.20,15.21,9.33,0.00,663
67.900,16.63,0.07,1.28,15.26,9.33,0.00,660
67.917,16.76,0.07,1.19,15.33,9.33,0.00,659
67.934,16.74,0.07,1.19,15.34,9.37,0.00,658
67.951,16.75,0.07,1.16,15.35,9.19,0.00,655
67.967,16.73,0.07,1.18,15.32,9.31,0.00,651
67.984,16.71,0.13,1.59,14.96,9.20,0.00,704
68.001,16.83,0.11,1.57,14.84,13.37,0.00,704
68.018,16.67,0.11,1.53,14.94,13.41,0.00,699
68.034,16.72,0.10,1.58,14.95,13.34,0.00,697
68.051,16.79,0.11,1.52,14.95,13.50,0.00,696
68.068,16.73,0.11,1.52,14.96,13.31,0.00,696
68.085,16.74,0.11,1.56,14.87,13.57,0.00,696
68.101,16.68,0.10,1.55,14.93,13.55,0.00,697
68.118,16.74,0.11,1.58,14.86,13.42,0.00,694
68.135,16.69,0.11,1.60,15.12,13.33,0.00,694
68.155,20.25,0.12,1.63,11.34,13.43,0.00,703
68.169,13.76,0.12,1.63,13.87,14.16,0.00,702
68.184,15.69,0.05,0.60,16.66,14.20,0.00,704
68.202,17.92,0.17,1.65,14.13,14.18,0.00,700
68.219,16.47,0.12,1.63,14.67,14.33,0.00,700
68.235,16.62,0.29,1.69,14.27,14.43,0.00,714
68.252,16.75,0.15,2.11,14.36,14.99,0.00,714
68.269,17.30,0.13,1.61,14.06,15.15,0.00,713
68.285,15.95,0.18,1.60,14.61,15.25,0.00,712
68.302,16.55,0.20,1.68,15.07,15.22,0.00,708
68.320,18.29,0.12,1.64,13.62,15.22,0.00,707
68.336,15.92,0.12,1.66,14.17,15.05,0.00,708
68.352,16.15,0.20,1.55,14.92,15.12,0.00,708
68.369,16.81,0.11,1.54,14.81,9.82,0.00,706
68.386,16.61,0.12,1.59,15.41,12.08,0.00,704
68.403,17.26,0.11,1.62,14.79,12.45,0.00,703
68.420,16.66,0.11,1.60,14.95,12.44,0.00,701
68.436,16.80,0.11,1.54,14.86,12.47,0.00,701
68.453,16.64,0.11,1.55,14.50,12.57,0.00,700
68.469,16.30,0.12,1.66,14.81,12.59,0.00,699
68.486,16.74,0.11,1.58,14.84,12.66,0.00,698
68.503,16.68,0.11,1.56,14.96,12.61,0.00,700
68.520,16.77,0.11,1.57,15.29,12.69,0.00,701
68.537,17.11,0.10,1.66,15.01,12.67,0.00,700
68.554,16.92,0.10,1.54,14.79,12.67,0.00,700
68.570,16.57,0.12,1.57,15.06,12.55,0.00,699
68.587,16.89,0.10,1.55,14.81,12.43,0.00,695
68.604,16.61,0.11,1.53,15.08,12.38,0.00,695
68.621,16.86,0.11,1.53,14.92,12.28,0.00,694
68.637,16.70,0.10,1.51,14.91,12.37,0.00,695
68.654,16.67,0.10,1.55,15.05,12.49,0.00,695
68.671,16.84,0.10,1.53,14.85,12.44,0.00,694
68.687,16.62,0.10,1.53,14.92,12.42,0.00,694
68.704,16.71,0.11,1.49,15.01,12.30,0.00,693
68.721,16.76,0.11,1.52,14.96,12.44,0.00,694
68.738,16.72,0.10,1.52,14.90,12.28,0.00,693
68.754,16.66,0.10,1.51,15.03,12.30,0.00,693
68.771,16.78,0.10,1.46,15.11,12.26,0.00,692
68.788,16.84,0.11,1.48,15.04,12.29,0.00,689
68.805,16.78,0.10,1.47,14.89,12.25,0.00,688
68.821,16.61,0.10,1.47,15.08,12.20,0.00,688
68.838,16.80,0.10,1.52,14.99,12.17,0.00,687
68.855,16.76,0.10,1.51,14.90,11.95,0.00,685
68.871,16.66,0.10,1.59,14.89,11.91,0.00,684
68.888,16.72,0.10,1.51,14.96,11.80,0.00,682
68.905,16.70,0.10,1.51,14.95,11.77,0.00,683
68.922,16.69,0.10,1.43,15.20,11.86,0.00,681
68.938,16.87,0.10,1.52,14.90,11.90,0.00,681
68.955,16.66,0.10,1.45,15.14,11.92,0.00,681
68.972,16.84,0.10,1.46,14.94,11.85,0.00,682
68.989,16.64,0.10,1.51,15.03,11.85,0.00,682
69.005,16.78,0.10,1.47,15.06,11.86,0.00,683
69.022,16.76,0.10,1.44,14.96,11.78,0.00,684
69.039,16.64,0.10,1.55,14.98,11.85,0.00,683
69.055,16.79,0.10,1.48,14.96,11.86,0.00,684
69.072,16.68,0.09,1.39,15.12,11.83,0.00,685
69.089,16.76,0.27,1.54,14.92,11.78,0.00,687
69.109,20.37,0.13,1.45,11.44,11.77,0.00,697
69.123,13.53,0.11,1.49,14.53,12.26,0.00,697
69.139,16.31,0.18,0.54,15.98,12.25,0.00,695
69.157,17.69,0.08,0.53,14.78,12.18,0.00,696
69.173,15.85,0.08,0.98,15.61,12.25,0.00,695
69.190,16.88,0.20,1.52,14.37,12.24,0.00,697
69.206,16.31,0.11,1.51,15.24,12.12,0.00,697
69.224,18.22,0.11,1.47,13.65,12.11,0.00,697
69.240,15.80,0.10,1.44,14.72,12.08,0.00,697
69.257,16.64,0.13,1.41,15.08,12.01,0.00,697
69.276,19.40,0.08,1.00,12.79,12.01,0.00,705
69.291,14.60,0.16,1.61,13.63,12.33,0.00,704
69.306,15.49,0.04,0.57,16.49,12.46,0.00,702
69.324,17.75,0.11,1.48,14.54,12.34,0.00,702
69.340,16.62,0.16,1.52,14.60,12.23,0.00,699
69.357,16.47,0.10,1.44,15.42,12.20,0.00,696
69.374,17.21,0.11,1.40,14.31,12.08,0.00,691
69.390,15.94,0.10,1.46,15.24,12.02,0.00,685
69.407,17.00,0.11,1.54,14.91,11.94,0.00,682
69.425,17.72,0.15,1.79,13.55,11.87,0.00,741
69.441,16.13,0.12,1.70,14.26,11.87,0.00,740
69.457,16.56,0.13,1.69,14.40,16.06,0.00,739
69.474,16.38,0.12,1.76,14.66,10.52,0.00,734
69.491,16.68,0.12,1.69,14.76,7.29,0.00,732
69.507,16.72,0.13,1.72,14.75,8.40,0.00,731
69.524,16.73,0.12,1.65,14.84,9.86,0.00,730
69.541,16.77,0.13,1.75,14.73,13.59,0.00,729
69.557,16.76,0.12,1.70,14.64,14.51,0.00,729
69.574,16.61,0.13,1.79,14.79,14.41,0.00,724
69.591,16.85,0.13,1.72,14.75,14.37,0.00,722
69.608,16.74,0.13,1.76,14.65,14.29,0.00,721
69.624,16.68,0.12,1.81,14.66,14.36,0.00,721
69.641,16.73,0.12,1.73,14.81,14.28,0.00,722
69.658,16.80,0.12,1.72,14.78,14.34,0.00,721
69.675,16.76,0.12,1.65,14.69,14.27,0.00,717
69.691,16.60,0.12,1.74,14.76,14.38,0.00,717
69.708,16.76,0.12,1.69,14.84,14.53,0.00,715
69.725,16.80,0.12,1.68,14.79,14.51,0.00,713
69.742,16.73,0.12,1.78,14.59,14.47,0.00,710
69.758,16.63,0.12,1.72,14.87,14.64,0.00,709
69.775,16.86,0.12,1.79,14.59,14.51,0.00,708
69.792,16.64,0.11,1.63,14.92,14.56,0.00,706
69.809,16.83,0.12,1.67,14.67,14.52,0.00,706
69.825,16.61,0.12,1.73,14.75,14.66,0.00,705
69.842,16.74,0.12,1.64,14.85,11.80,0.00,705
69.859,16.75,0.11,1.69,14.84,11.81,0.00,705
69.875,16.79,0.11,1.69,14.70,11.76,0.00,702
69.892,16.65,0.11,1.74,14.73,11.81,0.00,704
69.909,16.72,0.11,1.70,14.82,11.82,0.00,701
69.926,16.78,0.11,1.65,14.81,11.78,0.00,699
69.942,16.72,0.11,1.64,14.82,11.79,0.00,699
69.959,16.73,0.11,1.30,15.24,12.09,0.00,690
69.976,16.80,0.11,1.28,15.10,11.98,0.00,687
69.992,16.64,0.11,1.32,15.28,12.03,0.00,688
70.009,16.84,0.12,1.27,15.10,12.10,0.00,686
70.026,16.62,0.11,1.26,15.40,12.05,0.00,686
70.043,17.09,0.13,1.29,14.94,12.03,0.00,685
70.059,16.51,0.11,1.25,15.11,11.98,0.00,686
70.076,16.62,0.11,1.33,15.14,11.99,0.00,686
70.093,16.72,0.11,1.23,15.30,11.97,0.00,685
70.110,16.79,0.11,1.23,15.24,11.92,0.00,687
70.126,16.72,0.10,1.15,15.29,11.96,0.00,687
70.143,16.68,0.10,1.25,15.20,11.87,0.00,688
70.160,16.70,0.11,1.27,15.23,11.89,0.00,688
70.176,16.75,0.11,1.25,15.25,11.84,0.00,685
70.193,16.76,0.32,1.44,14.89,11.87,0.00,710
70.210,16.80,0.12,1.46,15.04,12.40,0.00,706
70.227,16.77,0.11,1.42,14.93,12.63,0.00,707
70.243,16.61,0.29,1.51,14.78,12.47,0.00,727
70.260,16.72,0.12,1.52,14.96,12.91,0.00,727
70.277,16.74,0.12,1.53,14.98,12.87,0.00,727
70.294,16.79,0.16,1.50,15.03,12.78,0.00,727
70.314,20.31,0.14,1.60,11.43,12.69,0.00,736
70.328,13.72,0.13,1.53,13.94,13.00,0.00,737
70.343,15.67,0.05,0.53,16.50,13.13,0.00,736
70.361,17.78,0.19,1.59,14.30,13.03,0.00,736
70.378,16.49,0.13,1.58,14.21,12.78,0.00,734
70.395,17.30,0.06,1.27,14.66,12.55,0.00,744
70.413,18.14,0.15,1.52,12.67,13.23,0.00,743
70.428,14.67,0.22,1.79,14.28,13.16,0.00,743
70.445,16.97,0.19,1.59,14.39,12.91,0.00,744
70.461,16.77,0.13,1.56,14.44,12.88,0.00,745
70.478,16.47,0.19,1.88,14.64,12.97,0.00,745
70.495,17.12,0.19,1.59,14.29,12.84,0.00,745
70.512,17.33,0.13,1.51,13.68,12.77,0.00,745
70.528,15.87,0.12,1.47,14.64,12.69,0.00,747
70.545,16.38,0.13,1.59,14.89,12.56,0.00,748
70.561,16.76,0.12,1.55,14.95,12.44,0.00,748
70.578,16.76,0.13,1.62,14.78,12.40,0.00,753
70.595,16.68,0.12,1.62,14.79,12.45,0.00,755
70.612,16.67,0.12,1.57,14.97,12.44,0.00,755
70.628,16.88,0.12,1.50,14.87,12.21,0.00,754
70.645,16.63,0.12,1.54,14.98,12.18,0.00,755
70.662,16.78,0.12,1.55,14.87,12.16,0.00,753
70.678,16.68,0.13,1.58,14.91,12.11,0.00,754
70.695,16.76,0.11,1.53,14.95,12.11,0.00,754
70.712,16.74,0.13,1.61,14.86,12.07,0.00,758
70.729,16.74,0.12,1.65,14.57,12.13,0.00,757
70.745,16.45,0.09,1.07,15.66,12.21,0.00,757
70.762,16.97,0.12,1.52,14.95,12.16,0.00,758
70.779,16.73,0.12,1.62,14.96,12.18,0.00,761
70.796,16.85,0.12,1.64,14.92,12.10,0.00,760
70.813,16.92,0.41,1.52,14.48,12.06,0.00,759
70.829,16.56,0.12,1.56,14.88,12.11,0.00,759
70.846,16.70,0.12,1.61,14.85,12.01,0.00,759
70.863,16.73,0.12,1.57,14.79,12.14,0.00,759
70.879,16.61,0.12,1.53,14.96,12.22,0.00,756
70.896,16.76,0.12,1.59,14.90,12.08,0.00,749
70.913,16.77,0.12,1.58,14.89,12.08,0.00,743
70.930,16.74,0.11,1.56,14.85,12.13,0.00,740
70.946,16.66,0.11,1.49,15.01,10.78,0.00,739
70.963,16.74,0.11,1.43,15.11,10.88,0.00,738
70.980,16.78,0.12,1.54,14.88,10.91,0.00,737
70.996,16.68,0.12,1.52,15.05,11.05,0.00,734
71.013,16.83,0.12,1.48,14.90,11.18,0.00,733
71.030,16.64,0.11,1.59,14.93,11.08,0.00,733
71.047,16.78,0.11,1.64,14.72,11.25,0.00,733
71.063,16.61,0.12,1.53,15.02,11.22,0.00,731
71.080,16.81,0.12,1.54,14.99,11.20,0.00,730
71.097,16.80,0.15,1.84,14.58,11.05,0.00,787
71.114,16.71,0.14,1.72,14.71,15.05,0.00,785
71.130,16.72,0.14,1.78,14.67,15.06,0.00,783
71.147,16.73,0.14,1.74,14.67,15.06,0.00,781
71.164,16.68,0.14,1.85,14.64,15.17,0.00,781
71.180,16.77,0.14,1.81,14.69,14.99,0.00,780
71.197,16.77,0.14,1.72,14.63,15.09,0.00,779
71.214,16.63,0.14,1.69,14.81,15.04,0.00,775
71.231,16.79,0.14,1.70,14.64,15.16,0.00,773
71.247,16.61,0.14,1.71,14.79,13.74,0.00,770
71.264,16.79,0.14,1.77,14.66,14.20,0.00,767
71.281,16.71,0.14,1.67,14.80,14.62,0.00,764
71.298,16.76,0.13,1.66,14.80,15.23,0.00,762
71.314,16.76,0.14,1.61,14.89,15.02,0.00,763
71.331,16.79,0.13,1.65,14.88,14.94,0.00,761
71.348,16.80,0.13,1.64,14.70,14.93,0.00,758
71.365,16.62,0.14,1.73,14.74,14.78,0.00,756
71.381,16.75,0.13,1.66,14.80,14.85,0.00,755
71.398,16.74,0.13,1.52,14.94,14.76,0.00,747
71.415,16.73,0.14,1.43,14.99,14.58,0.00,748
71.431,16.70,0.18,1.39,14.92,14.78,0.00,748
71.448,16.60,0.09,0.97,15.72,14.62,0.00,749
71.465,16.92,0.13,1.40,15.14,14.58,0.00,749
71.482,16.80,0.13,1.45,15.07,14.82,0.00,747
71.499,16.79,0.13,1.46,14.98,14.79,0.00,744
71.515,16.71,0.13,1.50,14.79,11.93,0.00,744
71.532,16.55,0.10,0.98,15.34,11.91,0.00,744
71.548,16.55,0.09,0.94,16.07,11.78,0.00,743
71.568,19.73,0.11,1.02,12.79,11.67,0.00,751
71.583,14.50,0.16,1.59,14.06,12.08,0.00,748
71.599,16.08,0.08,0.64,16.24,11.88,0.00,746
71.616,17.76,0.21,1.50,13.80,11.77,0.00,746
71.632,15.79,0.07,0.55,16.17,11.83,0.00,745
71.649,17.13,0.15,1.45,14.33,11.82,0.00,745
71.665,15.98,0.04,0.21,16.64,11.62,0.00,744
71.682,17.03,0.11,1.06,15.60,11.75,0.00,743
71.699,16.92,0.23,1.65,14.69,11.65,0.00,743
71.717,18.08,0.14,1.36,13.72,11.62,0.00,743
71.733,15.97,0.14,1.40,14.45,11.51,0.00,741
71.750,16.52,0.14,1.50,14.52,11.52,0.00,742
71.766,16.36,0.13,1.46,14.90,11.55,0.00,742
71.783,16.65,0.13,1.39,15.02,11.57,0.00,741
71.800,16.70,0.13,1.44,14.99,11.50,0.00,740
71.816,16.72,0.13,1.40,15.06,11.36,0.00,740
71.833,16.75,0.19,1.44,14.99,11.42,0.00,739
71.850,16.77,0.13,1.50,14.86,11.33,0.00,739
71.866,16.65,0.13,1.45,14.98,11.27,0.00,738
71.883,16.70,0.14,1.38,15.10,11.16,0.00,739
71.900,16.77,0.13,1.38,15.05,11.29,0.00,738
71.917,16.71,0.13,1.41,15.04,11.25,0.00,737
71.933,16.73,0.13,1.37,15.11,11.24,0.00,735
71.950,16.76,0.12,1.40,15.16,11.20,0.00,733
71.967,16.84,0.12,1.39,15.03,11.13,0.00,733
71.984,16.69,0.15,1.54,14.98,11.17,0.00,731
72.000,16.82,0.13,1.51,14.79,11.14,0.00,733
72.017,16.58,0.12,1.37,15.11,11.32,0.00,732
72.034,16.78,0.12,1.38,15.15,11.18,0.00,731
72.051,16.81,0.13,1.45,15.00,11.14,0.00,731
72.067,16.72,0.12,1.46,14.91,11.19,0.00,731
72.084,16.65,0.12,1.35,15.13,11.08,0.00,733
72.101,16.76,0.12,1.40,15.10,11.07,0.00,733
72.118,16.78,0.12,1.46,14.94,11.10,0.00,732
72.134,16.67,0.12,1.40,14.71,11.06,0.00,733
72.151,16.32,0.07,0.69,15.78,11.13,0.00,732
72.167,16.61,0.05,0.43,16.70,11.05,0.00,731
72.185,17.33,0.12,1.24,15.19,11.11,0.00,731
72.201,16.78,0.33,1.47,14.71,11.08,0.00,753
72.218,16.66,0.13,1.38,15.08,11.77,0.00,752
72.235,16.74,0.13,1.38,15.03,11.75,0.00,750
72.251,16.70,0.29,1.44,14.85,11.74,0.00,764
72.268,16.73,0.14,1.50,14.53,12.16,0.00,765
72.284,16.32,0.17,1.51,14.92,12.29,0.00,766
72.301,16.75,0.13,1.51,14.89,12.19,0.00,766
72.318,16.69,0.15,1.44,15.18,12.24,0.00,765
72.335,16.94,0.14,1.51,14.89,12.26,0.00,766
72.352,16.72,0.14,1.57,14.71,12.24,0.00,766
72.368,16.57,0.25,1.61,14.85,12.39,0.00,766
72.389,20.48,0.14,1.48,11.09,12.33,0.00,775
72.402,13.06,0.11,1.06,14.88,12.91,0.00,777
72.418,16.13,0.08,0.54,16.63,12.99,0.00,778
72.436,17.93,0.15,1.64,14.25,13.05,0.00,778
72.452,16.66,0.15,1.66,14.24,13.05,0.00,780
72.469,16.26,0.14,1.65,15.42,13.02,0.00,782
72.486,17.39,0.16,1.69,13.98,12.97,0.00,783
72.502,15.96,0.15,1.61,14.89,13.07,0.00,784
72.519,16.78,0.19,1.66,14.73,13.06,0.00,783
72.536,17.69,0.25,1.85,13.03,13.01,0.00,782
72.552,15.45,0.05,0.56,16.19,13.18,0.00,782
72.569,17.15,0.11,1.09,15.35,13.19,0.00,781
72.586,16.73,0.13,1.53,14.67,13.30,0.00,777
72.602,16.48,0.13,1.46,14.98,13.24,0.00,773
72.619,16.74,0.14,1.49,14.94,11.91,0.00,773
72.636,16.72,0.13,1.52,14.94,11.99,0.00,772
72.652,16.74,0.14,1.59,14.88,11.93,0.00,774
72.669,16.77,0.13,1.56,14.87,12.19,0.00,772
72.686,16.70,0.13,1.57,14.90,12.13,0.00,772
72.703,16.75,0.13,1.50,14.94,12.13,0.00,773
72.719,16.72,0.13,1.48,14.95,11.94,0.00,773
72.736,16.71,0.16,1.54,14.91,11.99,0.00,774
72.753,16.76,0.13,1.47,15.00,11.93,0.00,773
72.770,16.75,0.13,1.51,14.94,12.00,0.00,773
72.786,16.73,0.14,1.69,14.73,12.00,0.00,775
72.803,16.70,0.13,1.59,14.90,12.01,0.00,773
72.820,16.79,0.13,1.53,14.88,12.02,0.00,772
72.837,16.69,0.13,1.54,14.87,12.00,0.00,772
72.853,16.68,0.13,1.48,15.02,11.93,0.00,771
72.870,16.77,0.13,1.53,14.89,11.81,0.00,772
72.887,16.70,0.13,1.52,14.98,11.72,0.00,772
72.903,16.77,0.13,1.54,14.97,11.81,0.00,769
72.920,16.78,0.13,1.54,14.82,11.67,0.00,769
72.937,16.64,0.13,1.50,15.10,11.79,0.00,769
72.954,16.89,0.13,1.51,14.84,11.54,0.00,770
72.970,16.63,0.13,1.48,14.96,11.45,0.00,770
72.987,16.71,0.13,1.52,15.00,11.32,0.00,770
73.004,16.80,0.12,1.51,14.86,11.22,0.00,768
73.021,16.64,0.13,1.50,15.13,11.31,0.00,766
73.037,16.90,0.13,1.80,14.56,11.04,0.00,767
73.054,16.64,0.13,1.50,14.88,11.27,0.00,767
73.071,16.65,0.12,1.21,15.26,11.08,0.00,766
73.087,16.75,0.13,1.20,15.26,10.93,0.00,767
73.104,16.73,0.16,1.22,15.28,10.79,0.00,764
73.121,16.80,0.34,1.17,15.17,10.73,0.00,763
73.138,16.84,0.13,1.18,15.11,10.61,0.00,763
73.154,16.57,0.15,1.23,15.22,10.55,0.00,760
73.171,16.79,0.13,1.21,15.18,10.45,0.00,761
73.188,16.67,0.13,1.19,15.38,10.55,0.00,760
73.205,16.84,0.12,1.25,15.13,10.35,0.00,760
73.221,16.65,0.12,1.16,15.25,10.50,0.00,759
73.238,16.68,0.12,1.15,15.33,10.33,0.00,758
73.255,16.76,0.12,1.09,15.40,10.38,0.00,757
73.272,16.75,0.12,1.09,15.46,10.30,0.00,757
73.288,16.81,0.12,1.19,15.55,10.36,0.00,754
73.308,19.73,0.09,0.79,12.97,10.20,0.00,765
73.322,14.32,0.13,1.15,14.15,10.70,0.00,764
73.338,15.50,0.05,0.42,17.06,10.76,0.00,763
73.356,18.20,0.22,1.29,14.47,10.54,0.00,761
73.373,16.66,0.16,1.20,14.63,10.62,0.00,760
73.389,16.36,0.13,1.14,14.63,10.45,0.00,760
73.405,16.11,0.13,1.93,14.80,10.30,0.00,760
73.422,16.98,0.12,1.27,15.16,10.27,0.00,758
73.439,16.67,0.12,1.36,15.26,10.25,0.00,757
73.457,18.26,0.14,1.18,13.74,10.39,0.00,757
73.473,15.69,0.12,1.14,14.80,10.35,0.00,756
73.489,16.45,0.16,1.19,14.98,10.31,0.00,754
73.506,16.51,0.12,1.16,15.24,10.29,0.00,751
73.522,16.67,0.16,1.12,15.34,10.22,0.00,751
73.539,16.77,0.12,1.23,15.31,10.30,0.00,739
73.556,16.81,0.12,1.17,15.21,10.25,0.00,735
73.573,16.65,0.11,1.18,15.32,10.30,0.00,733
73.589,16.75,0.11,1.18,15.24,10.22,0.00,727
73.606,16.69,0.12,1.18,15.33,10.14,0.00,725
73.623,16.77,0.12,1.15,15.36,10.23,0.00,723
73.640,16.77,0.11,1.19,15.20,10.10,0.00,723
73.656,16.65,0.15,1.22,15.36,10.05,0.00,720
73.673,16.87,0.11,1.23,15.12,10.07,0.00,718
73.690,16.61,0.15,1.55,14.89,10.02,0.00,771
73.707,16.74,0.14,1.50,14.87,14.16,0.00,771
73.723,16.70,0.14,1.49,14.94,14.38,0.00,772
73.740,16.72,0.14,1.48,15.00,14.35,0.00,762
73.757,16.76,0.22,1.49,14.97,14.93,0.00,763
73.774,16.83,0.14,1.52,14.81,14.39,0.00,763
73.790,16.63,0.14,1.53,14.95,14.47,0.00,762
73.807,16.77,0.21,1.53,14.78,14.33,0.00,760
73.824,16.66,0.23,1.52,15.12,14.40,0.00,760
73.843,19.83,0.12,0.99,12.69,14.49,0.00,770
73.858,14.42,0.15,1.68,13.75,14.85,0.00,770
73.874,16.13,0.14,1.65,14.95,15.03,0.00,769
73.892,17.59,0.18,1.53,14.14,12.83,0.00,767
73.908,16.14,0.18,1.51,14.64,13.91,0.00,767
73.924,16.49,0.27,1.52,14.66,14.83,0.00,767
73.941,16.60,0.47,1.82,14.35,14.70,0.00,768
73.958,16.76,0.15,1.65,14.80,14.66,0.00,769
73.974,16.72,0.14,1.51,15.00,14.86,0.00,768
73.991,16.80,0.15,1.59,14.83,14.92,0.00,768
74.008,16.68,0.13,1.70,14.84,15.02,0.00,767
74.026,17.83,0.29,1.65,13.22,15.08,0.00,762
74.041,15.60,0.08,0.78,15.78,15.00,0.00,761
74.058,17.03,0.21,1.49,14.43,15.14,0.00,759
74.075,16.38,0.14,1.55,14.99,15.00,0.00,759
74.091,16.84,0.13,1.52,14.88,15.05,0.00,758
74.108,16.68,0.13,1.57,14.84,12.21,0.00,759
74.125,16.70,0.13,1.56,14.97,12.12,0.00,759
74.142,16.80,0.13,1.67,14.79,12.07,0.00,757
74.158,16.73,0.13,1.62,14.89,11.99,0.00,757
74.175,16.79,0.13,1.44,15.11,11.88,0.00,756
74.192,16.84,0.19,1.42,14.92,11.85,0.00,754
74.209,16.67,0.22,1.42,14.86,11.82,0.00,754
74.225,16.65,0.13,1.32,15.06,12.07,0.00,754
74.242,16.66,0.13,1.35,15.25,12.01,0.00,754
74.259,16.87,0.37,1.35,14.91,12.07,0.00,770
74.276,16.79,0.14,1.42,15.00,12.61,0.00,769
74.292,16.72,0.14,1.45,14.88,12.69,0.00,768
74.309,16.64,0.13,1.41,14.99,12.60,0.00,767
74.326,16.69,0.13,1.44,15.02,12.49,0.00,766
74.342,16.75,0.14,1.39,15.07,12.50,0.00,766
74.359,16.74,0.14,1.37,15.05,12.47,0.00,763
74.376,16.73,0.14,1.46,15.11,12.44,0.00,762
74.393,16.86,0.13,1.44,15.12,12.25,0.00,762
74.410,16.86,0.13,1.40,15.21,12.18,0.00,762
74.430,20.06,0.15,1.20,12.20,12.06,0.00,773
74.444,14.16,0.16,1.66,13.62,12.60,0.00,772
74.459,15.52,0.05,0.50,16.35,12.54,0.00,770
74.477,17.69,0.20,1.51,14.29,12.53,0.00,769
74.494,16.55,0.14,1.49,14.43,12.63,0.00,770
74.510,16.26,0.23,1.62,14.41,12.59,0.00,769
74.526,16.46,0.13,1.27,15.38,12.58,0.00,770
74.543,16.91,0.13,1.49,14.98,12.50,0.00,770
74.560,16.74,0.14,1.44,15.11,12.45,0.00,771
74.577,16.81,0.13,1.46,15.01,12.42,0.00,769
74.595,18.21,0.15,1.42,13.44,12.31,0.00,770
74.611,15.77,0.15,1.42,14.40,12.33,0.00,769
74.627,16.39,0.17,1.42,14.67,12.25,0.00,769
74.644,16.43,0.13,1.36,15.12,12.24,0.00,770
74.660,16.76,0.13,1.49,14.97,12.08,0.00,772
74.677,16.74,0.13,1.42,15.00,12.03,0.00,771
74.694,16.69,0.15,1.43,15.02,11.99,0.00,779
74.711,16.75,0.13,1.47,14.96,11.98,0.00,780
74.727,16.71,0.14,1.42,15.07,11.93,0.00,780
74.744,16.77,0.13,1.44,15.04,12.00,0.00,779
74.761,16.75,0.14,1.40,15.05,11.96,0.00,779
74.778,16.74,0.13,1.48,14.90,12.01,0.00,779
74.794,16.66,0.13,1.38,15.09,11.87,0.00,780
74.811,16.75,0.13,1.43,15.04,11.88,0.00,783
74.828,16.74,0.13,1.37,15.06,11.79,0.00,785
74.844,16.71,0.13,1.42,15.07,11.81,0.00,784
74.861,16.78,0.19,1.82,14.59,11.78,0.00,840
74.878,16.75,0.18,1.69,14.80,11.78,0.00,839
74.895,16.82,0.25,1.81,14.33,16.39,0.00,842
74.911,16.53,0.17,1.80,14.70,10.24,0.00,842
74.928,16.81,0.18,1.84,14.56,11.75,0.00,844
74.945,16.72,0.18,1.82,14.58,13.61,0.00,844
74.962,16.72,0.18,1.73,14.76,14.35,0.00,844
74.978,16.81,0.18,1.68,14.59,14.62,0.00,847
74.995,16.65,0.26,1.72,14.68,14.57,0.00,847
75.012,16.80,0.17,1.78,14.51,14.49,0.00,847
75.028,16.66,0.18,1.76,14.72,14.94,0.00,842
75.045,16.82,0.18,1.86,14.59,15.68,0.00,838
75.062,16.79,0.22,1.72,14.57,16.00,0.00,836
75.079,16.67,0.17,1.76,14.70,15.95,0.00,832
75.096,16.78,0.17,1.88,14.42,13.11,0.00,827
75.112,16.61,0.17,1.85,14.58,9.89,0.00,828
75.129,16.74,0.17,1.72,14.85,13.12,0.00,826
75.146,16.89,0.17,1.77,14.50,13.12,0.00,827
75.162,16.64,0.18,1.76,14.62,16.03,0.00,822
75.179,16.75,0.18,1.77,14.56,9.14,0.00,821
75.196,16.65,0.16,1.81,14.65,10.99,0.00,819
75.213,16.76,0.17,1.86,14.71,10.27,0.00,821
75.229,16.89,0.38,1.97,14.04,12.24,0.00,839
75.246,16.55,0.18,1.94,14.34,15.20,0.00,840
75.263,16.69,0.19,1.90,14.45,15.40,0.00,841
75.279,16.74,0.25,1.98,14.42,12.66,0.00,845
75.296,16.79,0.18,1.95,14.41,12.72,0.00,843
75.313,16.69,0.18,1.97,14.77,12.96,0.00,842
75.333,19.94,0.13,1.40,12.19,12.97,0.00,850
75.347,14.12,0.31,2.11,13.33,13.52,0.00,853
75.363,15.94,0.25,2.18,14.60,13.58,0.00,853
75.381,17.67,0.27,2.07,13.94,13.56,0.00,854
75.397,16.77,0.20,2.07,13.89,13.59,0.00,854
75.414,16.38,0.24,2.07,14.00,13.52,0.00,852
75.430,16.77,0.34,2.10,13.79,13.55,0.00,853
75.447,16.34,0.23,2.02,14.37,13.47,0.00,854
75.464,16.75,0.23,1.96,14.32,13.56,0.00,855
75.480,16.63,0.18,2.05,14.45,13.66,0.00,855
75.497,16.80,0.17,2.13,14.32,13.85,0.00,856
75.514,16.75,0.18,2.02,14.45,13.92,0.00,856
75.532,17.98,0.23,1.99,13.35,13.97,0.00,856
75.548,16.25,0.18,2.09,13.58,14.07,0.00,856
75.564,16.31,0.22,2.00,13.99,14.13,0.00,857
75.581,16.39,0.18,1.96,14.37,13.97,0.00,857
75.597,16.65,0.18,2.07,14.33,13.97,0.00,856
75.614,16.72,0.26,1.96,14.34,13.99,0.00,857
75.631,16.75,0.24,2.01,14.41,13.86,0.00,854
75.648,16.82,0.17,2.02,14.38,13.63,0.00,855
75.664,16.71,0.17,1.63,14.81,13.56,0.00,856
75.681,16.76,0.17,1.64,14.69,13.52,0.00,856
75.698,16.65,0.18,1.68,14.86,13.36,0.00,859
75.715,16.87,0.18,1.65,14.72,13.43,0.00,859
75.731,16.70,0.17,1.81,14.25,13.53,0.00,856
75.748,16.39,0.12,1.08,15.66,13.43,0.00,855
75.765,17.02,0.18,1.61,14.90,13.47,0.00,852
75.782,16.85,0.17,1.64,14.70,13.43,0.00,850
75.798,16.66,0.17,1.57,14.78,13.45,0.00,849
75.815,16.66,0.17,1.67,14.67,13.36,0.00,848
75.832,16.66,0.26,1.64,14.79,13.30,0.00,847
75.848,16.84,0.17,1.68,14.74,13.15,0.00,848
75.865,16.73,0.16,1.65,14.78,13.18,0.00,845
75.882,16.74,0.16,1.61,14.78,13.07,0.00,846
75.899,16.70,0.16,1.62,14.90,12.88,0.00,846
75.915,16.84,0.17,1.77,14.53,12.85,0.00,847
75.932,16.63,0.16,1.65,14.74,12.75,0.00,845
75.949,16.70,0.16,1.56,14.85,12.70,0.00,845
75.965,16.71,0.17,1.66,14.81,12.72,0.00,843
75.982,16.78,0.17,1.55,14.87,12.74,0.00,840
75.999,16.74,0.20,1.65,14.76,12.74,0.00,838
76.016,16.82,0.42,1.61,14.45,12.70,0.00,837
76.032,16.63,0.16,1.63,15.00,12.64,0.00,837
76.052,19.93,0.13,1.04,12.60,12.64,0.00,847
76.067,14.33,0.18,1.61,13.99,13.15,0.00,847
76.082,15.85,0.07,0.57,16.34,13.07,0.00,843
76.100,17.67,0.18,1.89,13.81,13.01,0.00,841
76.117,16.35,0.18,1.78,14.29,13.05,0.00,839
76.133,16.44,0.20,2.00,13.59,12.93,0.00,837
76.149,16.03,0.07,0.32,16.63,12.89,0.00,837
76.166,17.18,0.19,1.73,14.79,12.79,0.00,835
76.183,16.83,0.20,1.81,14.68,12.75,0.00,834
76.201,18.06,0.17,1.65,13.43,12.71,0.00,833
76.217,15.92,0.17,1.59,14.30,12.62,0.00,831
76.233,16.20,0.16,1.52,14.93,12.75,0.00,831
76.250,16.76,0.23,1.41,14.94,12.66,0.00,828
76.267,16.72,0.37,1.61,14.59,12.60,0.00,840
76.283,16.73,0.16,1.48,14.99,12.99,0.00,837
76.300,16.79,0.17,1.50,14.90,12.84,0.00,835
76.317,16.72,0.21,1.52,14.90,12.85,0.00,834
76.334,16.84,0.18,1.57,14.67,12.81,0.00,835
76.350,16.56,0.16,1.58,14.88,12.87,0.00,832
76.367,16.78,0.17,1.51,14.88,12.70,0.00,827
76.384,16.70,0.16,1.45,15.01,11.08,0.00,826
76.401,16.77,0.17,1.52,15.04,11.05,0.00,826
76.417,16.88,0.22,1.46,14.87,10.97,0.00,824
76.434,16.73,0.17,1.46,14.86,11.01,0.00,823
76.451,16.65,0.14,1.51,14.88,10.99,0.00,820
76.467,16.68,0.14,1.53,14.89,10.89,0.00,819
76.484,16.71,0.13,1.52,14.95,11.08,0.00,819
76.501,16.74,0.14,1.48,15.02,11.02,0.00,815
76.518,16.79,0.13,1.45,14.95,11.06,0.00,812
76.534,16.68,0.13,1.70,14.75,10.96,0.00,812
76.551,16.73,0.13,1.43,15.05,10.95,0.00,810
76.568,16.78,0.13,1.48,15.00,10.97,0.00,809
76.585,16.77,0.14,1.47,14.92,11.00,0.00,807
76.601,16.67,0.13,1.45,14.96,11.03,0.00,805
76.618,16.68,0.18,1.40,14.98,10.98,0.00,801
76.635,16.70,0.14,1.47,14.99,11.00,0.00,801
76.651,16.74,0.13,1.45,15.08,10.94,0.00,800
76.668,16.81,0.13,1.51,14.94,10.77,0.00,784
76.685,16.72,0.17,1.50,14.93,10.85,0.00,784
76.702,16.74,0.15,1.46,14.98,10.79,0.00,784
76.718,16.74,0.13,1.42,14.90,10.92,0.00,780
76.735,16.63,0.13,1.33,15.31,11.02,0.00,778
76.752,16.93,0.12,1.42,14.91,11.05,0.00,776
76.769,16.60,0.13,1.46,15.13,11.17,0.00,771
76.785,16.87,0.12,1.58,14.78,11.13,0.00,768
76.802,16.63,0.13,1.41,15.03,11.28,0.00,762
76.819,16.73,0.20,1.44,14.99,11.26,0.00,757
76.836,16.76,0.13,1.11,15.29,11.21,0.00,747
76.852,16.67,0.12,1.04,15.45,11.22,0.00,747
76.869,16.76,0.12,1.06,15.39,11.07,0.00,745
76.886,16.73,0.12,1.12,15.36,11.02,0.00,743
76.903,16.75,0.13,1.13,15.31,10.95,0.00,743
76.919,16.70,0.12,1.11,15.40,10.81,0.00,741
76.936,16.79,0.17,0.99,15.47,10.77,0.00,740
76.953,16.93,0.17,0.98,15.34,10.74,0.00,648
76.973,20.07,0.08,0.82,12.08,7.61,0.00,656
76.986,13.48,0.06,0.57,15.11,8.01,0.00,653
77.002,15.80,0.03,0.32,17.11,7.97,0.00,653
77.021,18.33,0.15,1.44,14.14,7.92,0.00,686
77.037,16.14,0.11,1.21,15.01,8.96,0.00,686
77.053,16.52,0.11,1.48,14.42,8.91,0.00,719
77.069,16.13,0.06,0.53,16.55,9.61,0.00,716
77.087,17.26,0.10,1.44,15.00,9.45,0.00,715
77.103,16.69,0.12,1.58,14.83,9.35,0.00,749
77.120,16.63,0.10,1.66,14.95,9.97,0.00,750
77.137,16.84,0.10,1.70,15.01,9.78,0.00,752
77.154,16.97,0.14,1.94,14.31,9.69,0.00,785
77.170,16.51,0.10,2.03,14.49,10.04,0.00,785
77.188,17.60,0.11,1.84,13.82,9.99,0.00,789
77.205,16.58,0.12,2.01,13.63,9.79,0.00,823
77.220,15.91,0.10,2.09,14.39,10.51,0.00,823
77.237,16.72,0.10,2.08,14.40,10.35,0.00,823
77.254,16.74,0.12,2.18,14.26,10.56,0.00,858
77.271,16.70,0.11,2.30,14.24,10.78,0.00,856
77.287,16.80,0.10,2.25,14.15,10.56,0.00,861
77.304,16.65,0.11,2.56,13.96,10.48,0.00,899
77.321,16.78,0.11,2.64,13.84,11.01,0.00,900
77.338,16.74,0.11,2.62,13.85,10.82,0.00,898
77.354,16.73,0.12,2.93,13.55,10.65,0.00,933
77.371,16.73,0.11,2.86,13.58,11.26,0.00,934
77.388,16.70,0.11,2.89,13.68,11.09,0.00,935
77.405,16.83,0.12,3.17,13.26,10.94,0.00,974
77.421,16.69,0.26,3.03,13.35,11.86,0.00,973
77.438,16.82,0.16,3.04,13.35,11.81,0.00,974
77.455,16.73,0.15,3.36,12.99,11.37,0.00,1009
77.471,16.66,0.12,3.32,13.10,12.19,0.00,1008
77.488,16.68,0.11,3.34,13.11,11.90,0.00,1009
77.505,16.71,0.13,3.62,12.85,11.52,0.00,1046
77.522,16.73,0.11,3.63,12.89,12.61,0.00,1044
77.538,16.79,0.13,3.65,12.85,12.10,0.00,1045
77.555,16.79,0.18,3.84,12.60,11.91,0.00,1080
77.572,16.78,0.15,3.83,12.52,12.19,0.00,1073
77.589,16.65,0.16,4.03,12.37,11.87,0.00,1071
77.605,16.71,0.17,4.19,12.20,11.78,0.00,1106
77.622,16.69,0.16,4.19,12.26,12.20,0.00,1104
77.639,16.75,0.15,4.08,12.33,12.03,0.00,1101
77.655,16.70,0.17,4.37,12.09,11.73,0.00,1132
77.672,16.78,0.16,4.33,12.06,12.25,0.00,1131
77.689,16.69,0.15,4.27,12.17,12.53,0.00,1126
77.706,16.74,0.18,4.49,11.94,11.93,0.00,1158
77.722,16.76,0.16,4.49,11.95,12.33,0.00,1157
77.739,16.75,0.16,4.52,11.87,12.13,0.00,1155
77.756,16.70,0.21,4.79,11.71,12.23,0.00,1188
77.773,16.86,0.19,4.76,11.60,12.43,0.00,1185
77.789,16.71,0.16,4.77,11.55,12.61,0.00,1182
77.806,16.63,0.17,4.72,11.72,12.00,0.00,1175
77.823,16.76,0.16,4.65,11.72,11.70,0.00,1173
77.839,16.68,0.16,4.72,11.72,11.53,0.00,1168
77.856,16.74,0.16,4.59,11.83,11.37,0.00,1161
77.873,16.73,0.16,4.62,11.87,11.36,0.00,1155
77.890,16.80,0.16,4.68,11.70,10.79,0.00,1154
77.906,16.69,0.17,4.56,11.88,10.59,0.00,1146
77.923,16.75,0.16,4.58,11.89,10.43,0.00,1140
77.940,16.77,0.15,4.52,11.80,10.16,0.00,1134
77.957,16.63,0.17,4.38,12.05,10.02,0.00,1131
77.973,16.76,0.16,4.43,12.02,9.87,0.00,1122
77.990,16.75,0.18,4.60,11.82,9.69,0.00,1165
78.007,16.75,0.16,4.51,11.90,10.61,0.00,1155
78.024,16.72,0.35,4.73,11.53,10.45,0.00,1153
78.040,16.75,0.16,4.44,11.96,10.38,0.00,1148
78.057,16.70,0.16,4.62,11.86,10.23,0.00,1142
78.074,16.79,0.16,4.35,12.05,10.11,0.00,1134
78.091,16.71,0.20,5.17,11.25,9.97,0.00,1265
78.107,16.77,0.17,5.04,11.44,13.09,0.00,1258
78.124,16.80,0.16,5.19,11.16,12.89,0.00,1252
78.141,16.66,0.16,5.18,11.22,13.08,0.00,1244
78.157,16.71,0.16,5.15,11.26,12.79,0.00,1236
78.174,16.73,0.19,5.38,11.02,12.55,0.00,1311
78.191,16.74,0.17,5.41,11.06,14.07,0.00,1303
78.208,16.80,0.23,5.37,10.89,13.75,0.00,1299
78.224,16.64,0.18,5.26,11.14,14.38,0.00,1292
78.241,16.72,0.17,5.09,11.33,13.92,0.00,1282
78.258,16.74,0.17,5.03,11.29,13.83,0.00,1270
78.275,16.72,0.18,5.01,11.47,14.65,0.00,1257
78.291,16.82,0.17,5.01,11.42,14.57,0.00,1241
78.308,16.75,0.19,5.31,11.00,14.70,0.00,1303
78.325,16.65,0.18,5.13,11.53,15.66,0.00,1292
78.342,16.99,0.16,5.15,11.04,15.66,0.00,1279
78.358,16.56,0.24,4.96,11.32,11.99,0.00,1263
78.375,16.65,0.16,4.92,11.45,13.83,0.00,1252
78.392,16.68,0.27,4.76,11.53,13.95,0.00,1240
78.408,16.77,0.18,5.03,11.38,15.07,0.00,1312
78.425,16.74,0.18,5.06,11.36,15.07,0.00,1304
78.442,16.75,0.17,5.15,11.54,15.02,0.00,1297
78.459,17.03,0.19,4.98,11.22,9.43,0.00,1286
78.476,16.58,0.20,5.09,11.16,10.33,0.00,1348
78.492,16.59,0.18,5.55,10.87,13.91,0.00,1396
78.509,16.75,0.19,5.53,10.84,13.91,0.00,1382
78.526,16.71,0.18,5.29,11.14,15.48,0.00,1373
78.542,16.77,0.20,5.61,10.76,13.97,0.00,1431
78.559,16.72,0.30,5.63,10.66,15.22,0.00,1427
78.576,16.75,0.17,5.51,11.04,15.44,0.00,1422
78.593,16.88,0.18,5.46,10.81,15.69,0.00,1413
78.609,16.60,0.18,5.44,10.88,15.38,0.00,1405
78.626,16.67,0.18,5.45,10.96,15.61,0.00,1394
78.643,16.74,0.17,5.27,11.20,15.63,0.00,1387
78.659,16.79,0.17,5.37,11.07,15.93,0.00,1381
78.676,16.76,0.22,5.68,10.62,13.04,0.00,1435
78.693,16.69,0.17,5.66,10.73,15.61,0.00,1425
78.710,16.72,0.23,5.58,10.75,14.45,0.00,1417
78.726,16.71,0.23,5.59,10.76,14.40,0.00,1413
78.743,16.74,0.19,5.92,10.59,14.32,0.00,1482
78.760,16.87,0.23,6.01,10.32,15.82,0.00,1470
78.777,16.71,0.24,4.98,11.39,15.82,0.00,1460
78.793,16.78,0.21,5.59,10.64,14.51,0.00,1455
78.810,16.60,0.20,5.29,11.07,9.72,0.00,1520
78.827,16.72,0.18,5.95,10.42,12.89,0.00,1514
78.844,16.72,0.20,5.90,10.51,14.75,0.00,1512
78.860,16.77,0.18,5.86,10.42,15.10,0.00,1509
78.877,16.62,0.19,5.97,10.54,15.73,0.00,1507
78.894,16.85,0.25,5.88,10.43,15.78,0.00,1504
78.910,16.71,0.22,5.92,10.37,15.78,0.00,1500
78.927,16.66,0.18,5.85,10.61,13.12,0.00,1492
78.944,16.79,0.19,5.87,10.48,13.48,0.00,1484
78.961,16.68,0.18,5.87,10.59,14.62,0.00,1479
78.977,16.79,0.25,5.77,10.48,15.07,0.00,1476
78.994,16.89,0.21,5.85,10.39,15.40,0.00,1476
79.011,16.62,0.19,5.84,10.51,15.57,0.00,1470
79.028,16.69,0.22,5.96,10.38,15.11,0.00,1468
79.044,16.73,0.19,5.91,10.53,15.35,0.00,1464
79.061,16.79,0.19,5.85,10.51,15.57,0.00,1461
79.078,16.70,0.18,5.92,10.43,15.57,0.00,1457
79.095,16.70,0.21,5.86,10.47,13.66,0.00,1453
79.111,16.69,0.19,5.45,10.98,11.89,0.00,1448
79.128,16.77,0.18,5.85,10.51,12.34,0.00,1447
79.145,16.70,0.19,6.10,10.39,12.81,0.00,1501
79.162,16.85,0.19,6.04,10.17,14.15,0.00,1502
79.178,16.58,0.18,5.38,11.13,15.66,0.00,1502
79.195,16.88,0.20,5.37,11.10,15.66,0.00,1504
79.212,16.86,0.28,5.37,10.79,16.51,0.00,1504
79.228,16.60,0.23,5.46,10.82,12.18,0.00,1505
79.245,16.66,0.19,6.12,10.25,9.09,0.00,1505
79.262,16.70,0.18,4.79,11.60,10.85,0.00,1502
79.279,16.72,0.20,5.13,11.26,13.97,0.00,1574
79.295,16.75,0.20,6.62,9.73,14.56,0.00,1572
79.312,16.70,0.25,5.70,10.66,15.28,0.00,1571
79.329,16.77,0.19,6.12,10.20,15.21,0.00,1571
79.345,16.67,0.19,5.33,11.30,15.66,0.00,1567
79.362,16.98,0.22,6.64,9.45,15.10,0.00,1567
79.379,16.54,0.19,7.04,9.43,15.41,0.00,1566
79.396,16.85,0.20,6.72,9.58,15.28,0.00,1566
79.412,16.65,0.23,6.78,9.60,15.52,0.00,1565
79.429,16.76,0.19,6.79,9.46,15.19,0.00,1561
79.446,16.66,0.20,6.71,9.71,15.34,0.00,1561
79.463,16.78,0.19,6.67,9.79,15.22,0.00,1561
79.479,16.83,0.22,6.90,9.45,15.22,0.00,1560
79.496,16.74,0.19,6.67,9.55,19.59,0.00,1559
79.513,16.57,0.20,6.01,10.44,12.55,0.00,1559
79.530,16.81,0.22,5.36,11.06,11.43,0.00,1613
79.546,16.79,0.22,6.39,9.53,13.47,0.00,1735
79.563,16.28,0.16,5.09,11.71,13.47,0.00,1735
79.580,17.12,0.20,5.74,10.52,15.44,0.00,1735
79.596,16.57,0.14,5.13,11.44,10.82,0.00,1737
79.613,16.86,0.20,6.18,10.18,13.99,0.00,1737
79.630,16.71,0.29,5.70,10.26,14.79,0.00,1737
79.646,16.35,0.23,5.11,11.66,15.06,0.00,1737
79.663,17.15,0.20,5.71,10.68,15.61,0.00,1736
79.680,16.70,0.14,5.19,11.17,15.50,0.00,1736
79.697,16.61,0.13,5.15,11.25,15.42,0.00,1735
79.713,16.72,0.14,5.16,11.32,15.57,0.00,1734
79.730,16.73,0.14,5.16,11.48,15.72,0.00,1734
79.747,16.94,0.20,5.71,10.69,15.12,0.00,1734
79.764,16.75,0.20,5.36,10.69,15.45,0.00,1734
79.780,16.40,0.13,5.21,11.39,15.45,0.00,1732
79.797,16.84,0.14,5.17,11.10,11.94,0.00,1733
79.814,16.52,0.24,5.39,10.97,12.28,0.00,1798
79.830,16.72,0.24,5.34,11.35,14.21,0.00,1797
79.847,17.08,0.37,5.92,9.99,14.45,0.00,1799
79.864,16.39,0.25,5.36,10.99,14.78,0.00,1800
79.881,16.72,0.25,5.30,11.44,14.30,0.00,1799
79.898,17.15,0.26,5.94,10.41,14.01,0.00,1799
79.914,16.77,0.26,6.88,9.01,14.68,0.00,1800
79.931,16.27,0.26,5.38,11.49,15.85,0.00,1799
79.948,17.28,0.35,6.46,9.57,15.85,0.00,1935
79.964,16.48,0.24,5.94,10.55,16.21,0.00,2014
79.981,16.85,0.20,5.99,10.92,13.90,0.00,2013
79.999,17.21,0.23,5.70,10.69,12.26,0.00,2011
80.015,16.73,0.20,5.81,9.93,12.68,0.00,2011
80.031,16.06,0.20,5.40,10.98,13.68,0.00,2010
80.048,16.75,0.20,5.44,11.05,14.23,0.00,2008
80.065,16.80,0.20,4.52,11.72,14.66,0.00,2003
80.081,16.61,0.20,5.05,11.34,15.22,0.00,2003
80.098,16.76,0.24,5.07,11.46,15.62,0.00,2004
80.115,16.89,0.19,5.38,11.12,15.93,0.00,2004
80.132,16.80,0.19,5.50,10.84,15.93,0.00,2003
80.149,16.64,0.19,5.22,11.40,12.38,0.00,2002
80.166,16.95,0.33,5.90,9.95,12.78,0.00,2056
80.182,16.35,0.21,5.38,11.01,13.78,0.00,2056
80.199,16.75,0.24,5.86,10.54,14.12,0.00,2160
80.215,16.75,0.26,6.06,10.33,15.27,0.00,2231
80.232,16.78,0.21,5.79,10.54,15.08,0.00,2231
80.249,16.69,0.28,5.35,10.94,15.04,0.00,2232
80.266,16.71,0.26,5.92,10.54,15.30,0.00,2298
80.282,16.83,0.35,5.22,11.19,16.02,0.00,2298
80.299,16.87,0.26,5.43,10.92,16.02,0.00,2299
80.316,16.74,0.22,5.53,10.84,15.79,0.00,2299
80.333,16.71,0.28,5.43,10.89,12.95,0.00,2300
80.349,16.71,0.21,5.51,10.78,13.73,0.00,2298
80.366,16.60,0.23,6.16,10.16,14.76,0.00,2361
80.383,16.66,0.22,5.27,11.33,15.35,0.00,2361
80.400,16.94,0.22,5.16,11.19,15.45,0.00,2360
80.416,16.68,0.23,5.42,11.11,15.70,0.00,2359
80.433,16.92,0.30,5.49,10.68,15.30,0.00,2354
80.450,16.65,0.22,5.70,10.65,15.41,0.00,2353
80.467,16.69,0.22,4.92,11.51,15.54,0.00,2352
80.483,16.76,0.21,5.48,10.98,15.64,0.00,2352
80.500,16.80,0.22,5.35,11.09,15.71,0.00,2352
80.517,16.78,0.22,5.11,11.09,15.71,0.00,2352
80.533,16.53,0.22,5.22,11.25,13.54,0.00,2352
80.550,16.80,0.26,5.16,11.03,13.52,0.00,2351
80.567,16.57,0.24,5.46,10.88,13.29,0.00,2419
80.584,16.70,0.23,7.65,9.02,13.98,0.00,2419
80.601,17.06,0.32,6.62,9.64,13.95,0.00,2419
80.617,16.74,0.36,5.92,10.01,14.16,0.00,2419
80.634,16.42,0.24,5.37,10.92,14.14,0.00,2419
80.650,16.68,0.27,5.21,11.06,14.61,0.00,2476
80.667,16.72,0.22,5.28,11.43,15.61,0.00,2475
80.684,17.10,0.37,5.67,10.69,16.07,0.00,2475
80.701,16.92,0.33,7.83,7.92,16.07,0.00,2474
80.717,16.19,0.24,5.01,12.21,16.36,0.00,2536
80.735,17.70,0.42,5.45,10.72,14.33,0.00,2536
80.752,16.75,0.42,5.97,9.87,15.03,0.00,2536
80.768,16.37,0.27,5.06,11.16,15.11,0.00,2534
80.785,16.60,0.29,4.94,11.43,14.80,0.00,2533
80.802,16.77,0.24,4.96,11.43,14.58,0.00,2532
80.818,16.73,0.25,4.89,11.85,14.34,0.00,2531
80.835,17.15,0.33,5.49,10.63,14.37,0.00,2531
80.852,16.62,0.39,5.92,10.38,14.58,0.00,2531
80.869,16.84,0.36,7.42,8.80,14.82,0.00,2530
80.886,16.72,0.39,5.95,10.13,14.55,0.00,2529
80.902,16.62,0.39,5.92,10.22,14.77,0.00,2529
80.919,16.68,0.40,5.30,10.93,14.89,0.00,2529
80.936,16.77,0.37,6.01,10.21,15.05,0.00,2529
80.952,16.74,0.42,5.34,10.61,15.03,0.00,2529
80.969,16.47,0.26,4.95,11.68,15.03,0.00,2528
80.986,17.04,0.38,5.26,10.81,18.81,0.00,2527
81.002,16.56,0.27,5.01,11.52,12.33,0.00,2527
81.019,16.95,0.33,6.00,10.26,12.64,0.00,2525
81.036,16.74,0.34,6.04,10.08,13.22,0.00,2525
81.053,16.62,0.32,5.32,10.80,14.10,0.00,2525
81.069,16.57,0.23,4.97,11.60,14.67,0.00,2524
81.086,16.96,0.38,6.00,10.26,15.20,0.00,2522
81.103,16.79,0.33,5.37,10.73,15.58,0.00,2518
81.120,16.53,0.27,4.78,11.74,15.58,0.00,2518
81.137,16.94,0.39,7.20,9.03,15.77,0.00,2518
81.153,16.77,0.43,7.22,8.90,12.67,0.00,2515
81.170,16.70,0.32,7.24,8.98,12.25,0.00,2515
81.187,16.72,0.38,7.25,8.99,12.85,0.00,2515
81.204,16.78,0.32,7.30,8.85,13.83,0.00,2514
81.220,16.62,0.33,7.25,9.02,15.04,0.00,2513
81.237,16.75,0.32,7.24,9.08,15.32,0.00,2510
81.254,16.79,0.37,6.67,9.47,14.58,0.00,2506
81.270,16.65,0.35,6.52,9.76,14.94,0.00,2506
81.287,16.78,0.41,6.60,9.58,15.16,0.00,2506
81.304,16.75,0.34,4.62,11.61,15.23,0.00,2506
81.321,16.72,0.32,6.74,9.56,15.20,0.00,2505
81.337,16.77,0.36,6.55,9.61,15.20,0.00,2505
81.354,16.66,0.33,5.90,10.36,20.70,0.00,2505
81.371,16.74,0.37,6.58,9.59,12.39,0.00,2505
81.387,16.69,0.33,6.66,9.68,12.38,0.00,2505
81.404,16.83,0.41,6.56,9.60,12.43,0.00,2505
81.421,16.73,0.39,6.64,9.63,12.84,0.00,2504
81.438,16.83,0.32,6.49,9.59,14.05,0.00,2504
81.454,16.56,0.37,6.57,9.71,15.60,0.00,2504
81.471,16.81,0.39,6.61,9.60,15.60,0.00,2503
81.488,16.75,0.38,6.56,9.66,16.33,0.00,2502
81.505,16.74,0.32,6.16,10.19,11.33,0.00,2499
81.522,16.84,0.36,5.60,10.65,9.23,0.00,2493
81.538,16.79,0.38,5.51,10.57,11.40,0.00,2492
81.555,16.60,0.38,5.60,10.50,13.69,0.00,2493
81.572,16.64,0.38,5.61,10.58,14.34,0.00,2493
81.588,16.72,0.41,5.64,10.65,14.66,0.00,2492
81.605,16.84,0.38,5.53,10.41,14.98,0.00,2491
81.622,16.46,0.31,3.94,12.13,15.13,0.00,2488
81.638,16.48,0.21,2.78,13.71,15.21,0.00,2487
81.655,16.83,0.20,2.39,13.81,15.33,0.00,2486
81.671,16.48,0.15,3.00,13.13,15.33,0.00,2484
81.688,16.38,0.18,1.95,14.63,12.46,0.00,2484
81.705,16.92,0.27,2.71,13.92,13.59,0.00,2484
81.722,17.05,0.32,2.52,13.11,13.56,0.00,2484
81.738,16.04,0.15,2.00,14.93,14.05,0.00,2483
81.755,17.23,0.22,1.94,14.31,13.70,0.00,2481
81.772,16.63,0.41,1.95,14.09,14.32,0.00,2481
81.788,16.53,0.15,1.89,14.78,15.10,0.00,2481
81.805,17.00,0.26,1.87,14.55,15.67,0.00,2479
81.822,16.84,0.25,2.42,13.86,15.67,0.00,2476
81.839,16.67,0.24,2.15,13.98,16.03,0.00,2475
81.855,16.46,0.14,1.76,14.99,12.54,0.00,2474
81.872,16.98,0.18,1.85,15.08,8.90,0.00,2473
81.889,17.28,0.31,2.55,13.51,11.92,0.00,2471
81.906,16.57,0.35,5.51,10.29,12.60,0.00,2469
81.922,16.34,0.32,4.11,12.45,14.54,0.00,2447
81.939,17.06,0.34,3.13,13.29,15.90,0.00,2438
81.956,16.95,0.33,3.40,12.64,15.90,0.00,2437
81.973,16.53,0.33,3.52,12.56,11.45,0.00,2437
81.989,16.56,0.33,3.50,12.77,11.33,0.00,2434
82.006,16.76,0.32,3.51,12.84,13.76,0.00,2428
82.023,16.86,0.35,3.63,12.47,14.31,0.00,2427
82.040,16.61,0.32,3.46,12.95,14.65,0.00,2426
82.057,16.89,0.31,3.44,12.67,15.08,0.00,2423
82.073,16.57,0.32,3.42,12.90,15.07,0.00,2420
82.090,16.83,0.32,3.55,12.07,15.07,0.00,2416
82.106,16.02,0.15,1.42,15.12,15.65,0.00,2416
82.123,16.78,0.28,1.76,14.76,9.01,0.00,2409
82.140,16.93,0.25,2.75,13.95,11.14,0.00,2406
82.157,17.10,0.33,3.20,13.19,11.85,0.00,2402
82.174,16.86,0.30,2.74,13.41,12.97,0.00,2394
82.190,16.62,0.34,2.54,13.78,15.02,0.00,2391
82.207,16.82,0.33,2.50,13.62,15.17,0.00,2381
82.224,16.62,0.38,2.49,13.72,15.10,0.00,2374
82.240,16.74,0.37,1.90,14.35,14.94,0.00,2296
82.257,16.79,0.32,1.94,14.49,14.74,0.00,2296
82.274,16.93,0.34,2.02,13.96,14.58,0.00,2294
82.291,16.48,0.39,1.94,14.23,14.46,0.00,2295
82.307,16.75,0.37,2.07,14.21,14.37,0.00,2294
82.324,16.81,0.27,1.46,14.63,14.20,0.00,2293
82.341,16.51,0.28,1.22,15.24,14.17,0.00,2293
82.358,16.97,0.29,0.70,14.96,14.08,0.00,2291
82.374,16.03,0.16,0.66,15.88,13.99,0.00,2290
82.390,16.79,0.17,0.64,15.78,13.89,0.00,2289
82.407,16.69,0.16,0.65,16.57,13.80,0.00,2289
82.425,17.58,0.39,1.95,14.01,13.67,0.00,2288
82.441,16.51,0.34,1.72,13.84,13.63,0.00,2287
82.457,15.97,0.15,0.65,16.62,13.52,0.00,2285
82.475,17.62,0.40,2.01,14.02,13.42,0.00,2280
82.491,16.53,0.19,0.70,15.76,13.20,0.00,2277
82.508,16.81,0.32,1.66,13.89,13.20,0.00,2274
82.524,15.95,0.14,0.65,16.87,13.12,0.00,2272
82.542,17.86,0.36,1.46,14.29,13.08,0.00,2269
82.558,16.32,0.36,1.55,14.68,12.94,0.00,2267
82.575,16.75,0.27,1.02,15.81,12.86,0.00,2263
82.592,17.31,0.36,1.49,14.29,12.74,0.00,2253
82.609,16.33,0.33,1.42,14.09,12.64,0.00,2246
82.625,15.92,0.19,0.55,17.06,12.61,0.00,2209
82.644,19.63,0.36,1.16,13.34,12.47,0.00,2209
82.659,15.21,0.32,1.11,14.62,12.38,0.00,2208
82.676,16.18,0.27,0.85,15.49,12.23,0.00,2205
82.692,16.76,0.25,0.45,16.36,12.21,0.00,2200
82.710,17.32,0.41,0.94,14.96,12.12,0.00,2198
82.726,16.49,0.35,0.95,15.32,12.05,0.00,2196
82.743,16.80,0.33,1.06,14.70,12.02,0.00,2194
82.759,16.26,0.40,0.97,15.60,11.87,0.00,2192
82.776,17.13,0.34,0.93,15.25,11.82,0.00,2190
82.793,16.68,0.34,0.92,15.23,11.78,0.00,2189
82.810,16.70,0.39,1.26,15.07,11.63,0.00,2183
82.827,17.03,0.46,0.82,14.65,11.55,0.00,2177
82.843,16.05,0.20,0.47,15.74,11.49,0.00,2172
82.859,16.51,0.15,0.36,16.84,11.41,0.00,2168
82.877,17.55,0.38,0.98,14.98,11.37,0.00,2166
82.893,16.49,0.32,0.92,15.30,11.29,0.00,2164
82.910,16.69,0.32,0.90,15.36,11.21,0.00,2161
82.927,16.74,0.32,0.90,15.45,11.14,0.00,2160
82.944,16.84,0.33,0.93,15.48,11.02,0.00,2156
82.961,16.94,0.39,1.08,14.84,10.98,0.00,2156
82.977,16.46,0.32,0.98,15.47,10.89,0.00,2153
82.994,16.93,0.32,1.06,14.47,10.91,0.00,2152
83.010,15.91,0.16,0.50,16.70,10.77,0.00,2148
83.027,17.52,0.37,1.12,15.02,10.72,0.00,2143
83.044,16.68,0.33,0.95,15.44,10.61,0.00,2141
83.061,16.90,0.35,0.95,14.95,10.56,0.00,2138
83.077,16.42,0.34,1.05,15.17,10.53,0.00,2134
83.094,16.72,0.33,0.99,15.28,10.46,0.00,2130
83.111,16.76,0.31,0.94,15.35,10.41,0.00,2126
83.128,16.77,0.33,0.92,15.29,10.30,0.00,2121
83.144,16.70,0.32,0.92,15.36,10.24,0.00,2115
83.161,16.76,0.36,0.90,15.28,10.18,0.00,2111
83.178,16.73,0.38,0.89,15.27,10.13,0.00,2105
83.195,16.69,0.34,0.97,15.26,10.08,0.00,2099
83.211,16.73,0.32,0.92,14.94,9.96,0.00,2098
83.228,16.27,0.17,0.47,16.21,9.88,0.00,2097
83.245,16.97,0.22,0.63,15.81,9.87,0.00,2089
83.261,16.78,0.22,0.63,16.08,9.82,0.00,2084
83.278,17.08,0.30,0.99,15.19,9.72,0.00,2082
83.295,16.63,0.33,1.07,15.14,9.69,0.00,2078
83.312,16.70,0.34,0.95,15.39,9.60,0.00,2073
83.329,16.83,0.37,0.98,15.14,9.54,0.00,2068
83.345,16.64,0.33,1.09,15.19,9.52,0.00,2066
83.362,16.77,0.38,0.91,15.30,9.44,0.00,2062
83.379,16.75,0.32,1.02,15.09,9.38,0.00,2051
83.395,16.58,0.34,1.09,15.33,9.34,0.00,2045
83.412,16.96,0.46,1.05,14.86,9.27,0.00,2037
83.429,16.55,0.40,0.96,15.40,9.18,0.00,2034
83.446,16.94,0.50,1.12,14.59,9.17,0.00,2031
83.462,16.37,0.25,0.64,16.05,9.09,0.00,2029
83.479,17.13,0.35,1.23,15.02,9.05,0.00,2025
83.496,16.84,0.65,1.55,14.06,9.00,0.00,2022
83.513,16.58,0.33,0.68,15.38,8.88,0.00,2017
83.529,16.53,0.30,0.75,15.26,8.85,0.00,2018
83.546,16.43,0.20,0.38,16.55,8.82,0.00,2010
83.563,17.34,0.35,1.02,15.16,8.77,0.00,2007
83.580,16.76,0.37,1.09,14.78,8.68,0.00,2005
83.596,16.39,0.31,0.89,15.35,8.64,0.00,2002
83.613,16.71,0.34,0.98,15.22,8.56,0.00,1996
83.630,16.68,0.32,0.91,15.45,8.53,0.00,1992
83.646,16.84,0.34,0.92,14.80,8.47,0.00,1982
83.662,16.12,0.16,0.36,16.20,8.41,0.00,1980
83.679,16.80,0.15,0.64,16.36,8.39,0.00,1976
83.697,17.32,0.24,0.66,15.76,8.33,0.00,1968
83.713,16.83,0.15,0.37,15.41,8.28,0.00,1964
83.729,16.02,0.13,0.35,16.30,8.22,0.00,1956
83.746,16.86,0.14,0.38,16.11,8.23,0.00,1948
83.763,16.74,0.16,0.36,16.50,8.13,0.00,1938
83.780,17.15,0.24,0.50,15.60,8.05,0.00,1929
83.797,16.49,0.19,0.45,15.91,8.02,0.00,1924
83.813,16.67,0.16,0.40,15.90,7.96,0.00,1919
83.830,16.54,0.14,0.35,16.10,7.91,0.00,1916
83.847,16.67,0.13,0.37,16.15,7.87,0.00,1909
83.863,16.71,0.17,0.35,16.20,7.81,0.00,1902
83.880,16.80,0.14,0.37,16.60,7.78,0.00,1895
83.897,17.27,0.31,0.88,15.38,7.73,0.00,1883
83.914,16.72,0.30,0.86,15.39,7.69,0.00,1877
83.931,16.72,0.29,0.92,15.42,7.62,0.00,1865
83.948,16.77,0.29,0.95,15.20,7.61,0.00,1857
83.964,16.61,0.31,0.89,15.52,7.59,0.00,1853
83.981,16.88,0.29,0.88,15.44,7.55,0.00,1844
83.998,16.78,0.34,0.92,15.26,7.48,0.00,1840
84.014,16.66,0.31,0.86,15.30,7.42,0.00,1831
84.031,16.62,0.29,0.97,15.46,7.39,0.00,1821
84.048,16.87,0.29,1.00,15.35,7.32,0.00,1809
84.065,16.80,0.28,0.99,15.16,7.32,0.00,1804
84.081,16.58,0.29,0.39,15.84,7.28,0.00,1800
84.098,16.67,0.32,0.46,15.76,7.25,0.00,1789
84.115,16.65,0.20,0.58,16.11,7.14,0.00,1778
84.132,17.06,0.29,0.91,15.28,7.13,0.00,1770
84.148,16.62,0.31,0.97,15.36,7.10,0.00,1767
84.165,16.79,0.32,0.92,15.28,7.05,0.00,1760
84.182,16.68,0.28,0.92,15.37,7.07,0.00,1753
84.199,16.72,0.34,0.92,15.26,7.00,0.00,1748
84.215,16.67,0.29,0.95,15.63,6.95,0.00,1741
84.232,17.04,0.30,0.90,15.24,6.90,0.00,1728
84.249,16.60,0.30,0.89,15.36,6.86,0.00,1717
84.266,16.69,0.28,0.95,15.62,6.85,0.00,1708
84.283,17.06,0.32,1.03,14.67,6.79,0.00,1690
84.299,16.17,0.26,0.71,15.63,6.74,0.00,1681
84.316,16.75,0.22,0.44,15.66,6.74,0.00,1675
84.332,16.40,0.15,0.35,16.92,6.68,0.00,1663
84.350,17.66,0.41,1.20,14.71,6.63,0.00,1660
84.366,16.47,0.30,0.86,15.31,6.60,0.00,1651
84.383,16.68,0.37,0.84,15.21,6.59,0.00,1637
84.399,16.59,0.29,0.83,15.51,6.55,0.00,1627
84.416,16.78,0.29,0.84,14.93,6.51,0.00,1621
84.432,16.14,0.13,0.52,16.84,6.51,0.00,1613
84.450,17.75,0.30,0.34,15.13,6.48,0.00,1604
84.466,15.87,0.14,0.33,16.26,6.42,0.00,1601
84.483,16.83,0.15,0.35,16.53,6.39,0.00,1593
84.500,17.22,0.42,0.87,14.70,6.38,0.00,1583
84.516,16.14,0.28,0.36,16.26,6.36,0.00,1577
84.533,17.05,0.36,0.54,15.39,6.29,0.00,1572
84.549,16.40,0.17,0.33,16.34,6.26,0.00,1566
84.566,17.00,0.28,0.87,15.52,6.24,0.00,1562
84.583,16.86,0.30,0.41,15.86,6.20,0.00,1552
84.600,16.75,0.29,0.86,15.49,6.18,0.00,1542
84.617,16.84,0.38,0.59,15.02,6.14,0.00,1529
84.633,16.07,0.13,0.40,16.15,6.16,0.00,1525
84.650,16.75,0.12,0.39,16.21,6.14,0.00,1512
84.667,16.81,0.26,0.81,15.74,6.08,0.00,1505
84.683,16.90,0.14,0.34,16.35,6.09,0.00,1500
84.700,16.98,0.29,0.84,15.20,6.01,0.00,1494
84.717,16.41,0.13,0.31,16.05,5.98,0.00,1487
84.733,16.61,0.18,0.40,15.81,5.89,0.00,1481
84.750,16.46,0.08,0.37,16.62,5.94,0.00,1469
84.767,17.14,0.09,0.38,16.06,5.90,0.00,1462
84.784,16.60,0.09,0.32,16.19,5.90,0.00,1459
84.800,16.67,0.10,0.32,16.56,5.86,0.00,1451
84.818,17.17,0.27,0.42,15.52,5.84,0.00,1446
84.834,16.31,0.10,0.35,16.20,5.71,0.00,1437
84.851,16.72,0.09,0.30,16.33,5.82,0.00,1426
84.867,16.83,0.09,0.38,16.13,5.78,0.00,1415
84.884,16.69,0.12,0.45,16.16,5.76,0.00,1407
84.901,16.80,0.09,0.31,16.65,5.73,0.00,1397
84.918,17.21,0.22,0.81,15.60,5.71,0.00,1390
84.935,16.79,0.21,0.71,15.64,5.68,0.00,1376
84.952,16.75,0.26,0.95,15.41,5.66,0.00,1368
84.968,16.84,0.23,0.87,14.95,5.62,0.00,1364
84.985,16.11,0.12,0.29,16.83,5.61,0.00,1357
85.002,17.43,0.25,0.85,14.69,5.61,0.00,1351
85.018,15.86,0.10,0.33,16.69,5.59,0.00,1344
85.035,17.23,0.14,0.93,15.46,5.56,0.00,1337
85.052,16.68,0.21,0.71,15.41,5.54,0.00,1328
85.068,16.42,0.14,0.33,16.41,5.50,0.00,1317
85.085,16.95,0.09,0.28,16.40,5.49,0.00,1308
85.102,16.91,0.19,0.71,15.26,5.47,0.00,1303
85.118,16.23,0.08,0.30,16.88,5.47,0.00,1296
85.136,17.41,0.20,0.70,15.55,5.43,0.00,1287
85.152,16.57,0.15,0.49,16.05,5.41,0.00,1276
85.169,16.84,0.19,0.72,15.66,5.40,0.00,1272
85.186,16.73,0.20,0.70,15.46,5.40,0.00,1265
85.202,16.51,0.19,0.70,15.94,5.37,0.00,1264
85.219,17.00,0.19,0.72,15.58,5.35,0.00,1257
85.236,16.63,0.19,0.68,15.72,5.33,0.00,1249
85.253,16.78,0.20,0.74,15.59,5.31,0.00,1244
85.269,16.68,0.19,0.70,15.87,5.32,0.00,1237
85.286,16.93,0.21,0.75,15.45,5.28,0.00,1230
85.303,16.57,0.19,0.70,15.67,5.27,0.00,1226
85.320,16.72,0.20,0.69,15.71,5.26,0.00,1216
85.336,16.75,0.19,0.69,15.13,5.24,0.00,1212
85.353,16.08,0.08,0.25,16.49,5.13,0.00,1203
85.369,16.91,0.10,0.36,16.31,5.21,0.00,1196
85.386,16.89,0.13,0.45,16.27,5.19,0.00,1186
85.403,17.01,0.17,0.75,15.67,5.19,0.00,1178
85.420,16.74,0.18,0.69,15.74,5.18,0.00,1174
85.437,16.76,0.18,0.71,15.69,5.15,0.00,1171
85.454,16.73,0.18,0.72,15.64,5.14,0.00,1160
85.470,16.68,0.17,0.78,15.75,5.12,0.00,1155
85.487,16.85,0.18,0.69,15.74,5.11,0.00,1145
85.504,16.76,0.19,0.78,14.96,5.12,0.00,1131
85.520,16.08,0.17,0.78,16.12,5.09,0.00,1126
85.537,17.22,0.17,0.88,15.60,5.09,0.00,1121
85.554,16.79,0.26,0.81,15.39,5.07,0.00,1107
85.571,16.62,0.17,0.84,15.88,5.05,0.00,1104
85.588,17.07,0.19,0.73,15.41,5.05,0.00,1098
85.604,16.57,0.24,0.71,15.69,5.02,0.00,1090
85.621,16.80,0.20,0.67,15.52,5.02,0.00,1084
85.638,16.56,0.18,0.66,15.75,5.00,0.00,1083
85.654,16.74,0.17,0.70,15.63,5.00,0.00,1073
85.671,16.64,0.17,0.75,15.70,4.99,0.00,1062
85.688,16.78,0.17,0.66,15.80,4.98,0.00,1054
85.704,16.78,0.17,0.65,15.73,4.96,0.00,1043
85.721,16.70,0.17,0.64,15.71,4.94,0.00,1040
85.738,16.72,0.25,0.70,15.45,4.94,0.00,1034
85.754,16.51,0.12,0.43,16.32,4.94,0.00,1027
85.771,17.01,0.19,0.67,15.64,4.92,0.00,1019
85.788,16.65,0.17,0.67,15.77,4.92,0.00,1012
85.805,16.76,0.19,0.66,15.77,4.91,0.00,1004
85.822,16.77,0.17,0.63,15.89,4.89,0.00,998
85.838,16.85,0.17,0.65,15.57,4.88,0.00,987
85.855,16.64,0.19,0.68,15.69,4.87,0.00,980
85.872,16.71,0.16,0.72,15.80,4.87,0.00,974
85.889,16.83,0.16,0.65,15.56,4.86,0.00,969
85.905,16.53,0.17,0.66,15.79,4.85,0.00,965
85.922,16.76,0.16,0.63,15.78,4.84,0.00,961
85.939,16.72,0.16,0.73,15.69,4.83,0.00,957
85.955,16.73,0.16,0.69,15.75,4.81,0.00,948
85.972,16.75,0.16,0.66,15.75,4.80,0.00,941
85.989,16.72,0.16,0.74,15.67,4.79,0.00,936
86.006,16.71,0.15,0.65,15.81,4.82,0.00,928
86.022,16.76,0.16,0.72,15.97,4.78,0.00,918
86.039,17.13,0.20,0.76,15.25,4.78,0.00,912
86.056,16.41,0.19,0.70,15.62,4.78,0.00,905
86.073,16.66,0.16,0.66,15.78,4.76,0.00,896
86.089,16.78,0.28,0.73,15.75,4.75,0.00,889
86.106,16.98,0.22,0.72,15.70,4.75,0.00,884
86.123,16.83,0.17,0.74,14.94,4.74,0.00,876
86.139,15.97,0.11,0.35,16.09,4.70,0.00,871
86.156,16.63,0.09,0.29,16.36,4.70,0.00,861
86.173,16.84,0.07,0.36,16.21,4.69,0.00,853
86.189,16.74,0.08,0.35,16.20,4.70,0.00,847
86.206,16.73,0.10,0.27,16.14,4.60,0.00,841
86.223,16.58,0.07,0.26,16.33,4.67,0.00,837
86.239,16.75,0.07,0.25,16.80,4.61,0.00,833
86.257,17.27,0.13,0.61,15.35,4.71,0.00,832
86.273,16.17,0.07,0.29,16.73,4.58,0.00,824
86.290,17.26,0.15,0.75,15.68,4.68,0.00,819
86.307,16.74,0.12,0.60,15.64,4.68,0.00,814
86.323,16.53,0.13,0.59,16.10,4.66,0.00,810
86.340,16.99,0.12,0.59,15.41,4.66,0.00,801
86.357,16.20,0.06,0.24,16.68,4.64,0.00,793
86.374,17.13,0.11,0.61,15.97,4.65,0.00,787
86.390,16.85,0.11,0.69,15.76,4.64,0.00,778
86.407,16.72,0.26,0.65,15.55,4.64,0.00,775
86.424,16.62,0.11,0.61,15.53,4.63,0.00,767
86.440,16.32,0.06,0.26,16.40,4.53,0.00,756
86.457,16.81,0.06,0.33,16.34,4.65,0.00,743
86.474,16.84,0.10,0.38,16.38,4.62,0.00,738
86.491,17.06,0.25,0.55,16.04,4.61,0.00,728
86.508,17.09,0.20,0.75,15.64,4.60,0.00,723
86.525,16.81,0.28,0.87,14.74,4.60,0.00,720
86.541,16.00,0.10,0.53,16.01,4.60,0.00,715
86.558,16.79,0.07,0.30,16.14,4.50,0.00,707
86.574,16.61,0.09,0.33,16.21,4.49,0.00,697
86.591,16.76,0.06,0.27,16.19,4.58,0.00,691
86.608,16.60,0.06,0.35,16.28,4.58,0.00,679
86.624,16.81,0.05,0.30,16.59,4.47,0.00,672
86.641,17.09,0.10,0.31,15.79,4.56,0.00,670
86.658,16.27,0.05,0.22,16.70,4.46,0.00,662
86.675,17.11,0.11,0.64,15.69,4.55,0.00,657
86.691,16.61,0.13,0.70,15.72,4.57,0.00,654
86.708,16.68,0.07,0.27,16.25,4.58,0.00,646
86.725,16.72,0.08,0.29,16.59,4.56,0.00,639
86.742,17.14,0.11,0.22,15.75,4.56,0.00,634
86.758,16.16,0.06,0.22,16.78,4.58,0.00,626
86.775,17.21,0.10,0.50,15.95,4.57,0.00,619
86.792,16.72,0.10,0.56,15.83,4.55,0.00,615
86.809,16.64,0.11,0.57,15.97,4.54,0.00,609
86.826,16.83,0.11,0.63,15.77,4.57,0.00,602
86.842,16.66,0.11,0.28,16.31,4.54,0.00,597
86.859,16.86,0.11,0.54,15.87,4.55,0.00,592
86.876,16.68,0.10,0.62,15.80,4.54,0.00,587
86.892,16.67,0.10,0.49,15.98,4.55,0.00,584
86.909,16.72,0.10,0.49,15.54,4.53,0.00,577
86.925,16.20,0.07,0.22,16.74,4.50,0.00,568
86.942,17.17,0.10,0.49,16.08,4.53,0.00,563
86.959,16.82,0.11,0.63,15.86,4.50,0.00,557
86.976,16.75,0.10,0.49,15.91,4.51,0.00,547
86.993,16.65,0.07,0.19,16.38,4.49,0.00,538
87.009,16.80,0.10,0.50,15.93,4.53,0.00,530
87.026,16.68,0.09,0.48,15.85,4.49,0.00,525
87.043,16.54,0.07,0.32,16.44,4.48,0.00,523
87.060,16.99,0.10,0.59,16.00,4.49,0.00,519
87.077,16.90,0.13,0.60,15.73,4.49,0.00,513
87.093,16.63,0.11,0.48,15.66,4.48,0.00,504
87.110,16.42,0.09,0.45,15.86,4.48,0.00,503
87.126,16.49,0.04,0.19,16.44,4.48,0.00,499
87.143,16.76,0.04,0.19,16.79,4.46,0.00,493
87.160,17.18,0.07,0.48,15.59,4.48,0.00,488
87.176,16.21,0.03,0.18,16.94,4.48,0.00,479
87.194,17.30,0.07,0.47,16.03,4.47,0.00,476
87.210,16.70,0.07,0.45,16.02,4.47,0.00,470
87.227,16.70,0.07,0.50,15.97,4.48,0.00,460
87.244,16.70,0.07,0.46,16.12,4.46,0.00,448
87.261,16.81,0.07,0.46,16.00,4.50,0.00,443
87.277,16.76,0.07,0.62,15.86,4.45,0.00,439
87.294,16.71,0.07,0.48,15.97,4.45,0.00,435
87.311,16.67,0.07,0.44,16.04,4.46,0.00,421
87.327,16.70,0.07,0.54,16.09,4.44,0.00,408
87.344,16.83,0.06,0.44,16.06,4.45,0.00,404
87.361,16.72,0.06,0.47,15.57,4.45,0.00,396
87.377,16.19,0.03,0.17,16.49,4.35,0.00,391
87.394,16.77,0.04,0.24,16.57,4.46,0.00,383
87.411,16.95,0.04,0.32,16.45,4.44,0.00,374
87.428,16.97,0.07,0.52,15.99,4.44,0.00,366
87.444,16.72,0.05,0.49,16.16,4.43,0.00,359
87.461,16.88,0.04,0.50,15.93,4.43,0.00,351
87.478,16.61,0.04,0.49,16.05,4.43,0.00,348
87.495,16.72,0.04,0.51,16.05,4.43,0.00,337
87.511,16.75,0.04,0.47,16.04,4.47,0.00,332
87.528,16.70,0.04,0.44,16.11,4.43,0.00,320
87.545,16.75,0.04,0.53,16.08,4.42,0.00,319
87.562,16.81,0.04,0.43,16.06,4.43,0.00,309
87.578,16.68,0.04,0.41,16.28,4.43,0.00,303
87.595,16.94,0.04,0.58,15.81,4.44,0.00,298
87.612,16.61,0.03,0.47,15.66,4.42,0.00,293
87.628,16.25,0.02,0.21,16.67,4.42,0.00,289
87.645,17.10,0.02,0.29,16.02,4.43,0.00,279
87.662,16.46,0.02,0.26,15.88,4.43,0.00,268
87.678,16.30,0.02,0.27,16.57,4.45,0.00,259
87.695,16.97,0.01,0.22,16.81,4.40,0.00,254
87.712,17.24,0.02,0.56,15.36,4.42,0.00,246
87.728,16.02,0.01,0.16,16.71,4.40,0.00,238
87.745,16.98,0.01,0.17,16.80,4.45,0.00,231
87.762,17.12,0.01,0.45,15.75,4.41,0.00,224
87.779,16.31,0.01,0.20,16.31,4.40,0.00,251
