t,frameMs,tickMs,buildMs,encodeMs,gpuMs,inkMs,instances
0.000,24.15,0.00,0.17,559.50,0.00,0.00,387
0.563,563.28,0.00,0.10,11.31,9.98,9.88,387
0.585,22.16,0.00,0.09,1.33,7.53,0.00,386
0.602,16.74,0.02,0.09,19.12,8.26,2.22,388
0.621,19.26,0.00,0.09,13.83,7.94,0.00,388
0.636,14.15,0.00,0.10,35.94,8.43,2.55,388
0.686,50.25,0.01,0.14,2.58,7.69,2.17,388
0.703,16.74,0.01,0.16,20.22,7.94,3.11,388
0.723,20.45,0.00,0.19,16.20,7.77,3.04,391
0.739,16.47,0.01,0.19,13.01,7.79,0.00,391
0.753,13.27,0.00,0.23,16.92,8.61,0.00,392
0.770,17.27,0.01,0.34,23.48,8.56,6.94,390
0.794,23.96,0.01,0.31,15.29,7.87,6.02,389
0.810,15.74,0.01,0.32,9.97,7.82,0.00,389
0.820,10.41,0.01,0.40,16.04,8.44,0.00,389
0.837,16.64,0.01,0.45,26.61,8.46,9.29,389
0.864,27.27,0.02,0.48,14.99,7.77,8.41,387
0.880,15.66,0.02,0.46,7.50,7.77,0.00,388
0.888,8.12,0.01,0.47,15.58,7.63,0.00,386
0.904,16.26,0.02,0.70,26.17,8.25,9.83,388
0.931,27.09,0.02,0.48,15.87,7.74,9.33,389
0.948,16.54,0.01,0.47,5.53,7.74,0.00,387
0.954,6.15,0.02,0.46,16.09,9.50,0.00,385
0.971,16.82,0.01,0.46,27.14,8.23,9.69,387
0.999,27.88,0.02,0.72,16.28,7.56,10.26,389
1.016,17.20,0.01,0.47,4.55,7.56,0.00,390
1.021,5.16,0.01,0.43,16.14,10.40,0.00,388
1.038,16.73,0.01,0.48,28.26,8.09,11.08,387
1.071,33.09,0.03,0.57,9.06,7.92,8.01,384
1.087,16.73,0.02,0.49,0.39,7.92,0.00,383
1.104,16.70,0.02,0.69,10.54,8.01,9.35,382
1.121,16.77,0.02,0.60,0.38,8.01,0.00,379
1.138,16.72,0.01,0.48,10.27,8.79,9.21,377
1.154,16.74,0.02,0.55,0.36,8.79,0.00,377
1.171,16.74,0.02,0.74,10.29,8.29,9.16,376
1.188,16.71,0.02,0.59,0.39,8.29,0.00,374
1.205,16.75,0.03,0.73,12.65,8.45,11.52,370
1.221,16.70,0.02,0.45,0.37,8.45,0.00,370
1.238,16.76,0.02,0.73,11.60,11.12,10.22,370
1.255,16.72,0.02,0.55,0.37,11.12,0.00,370
1.272,16.75,0.02,0.74,11.29,9.90,9.93,366
1.288,16.71,0.02,0.58,0.42,9.90,0.00,365
1.305,16.74,0.02,0.69,11.05,9.18,9.94,363
1.322,16.72,0.02,0.46,0.33,9.18,0.00,363
1.338,16.71,0.01,0.35,8.27,9.12,7.23,363
1.355,16.74,0.02,0.45,0.35,7.13,0.00,362
1.372,16.74,0.02,0.52,11.45,7.94,9.60,359
1.389,16.73,0.02,0.49,0.41,7.94,0.00,359
1.405,16.76,0.02,0.69,13.24,9.59,11.89,359
1.422,16.69,0.02,0.44,0.32,9.59,0.00,385
1.439,16.76,0.02,0.71,11.26,11.84,10.07,391
1.456,16.72,0.02,0.52,0.44,11.84,0.00,392
1.472,16.73,0.02,0.81,10.21,9.75,9.03,390
1.489,16.74,0.03,0.58,0.41,9.75,0.00,390
1.506,16.76,0.04,0.74,10.70,8.82,9.52,392
1.523,16.70,0.03,0.51,0.43,8.82,0.00,395
1.539,16.75,0.02,0.58,11.16,9.31,9.79,396
1.556,16.73,0.02,0.52,0.42,9.31,0.00,400
1.573,16.76,0.03,0.76,11.25,9.59,9.83,399
1.589,16.64,0.03,0.57,0.51,9.59,0.00,403
1.606,16.82,0.03,0.72,11.96,9.92,10.56,401
1.623,16.69,0.02,0.53,8.93,8.00,7.84,403
1.640,16.72,0.03,0.45,0.37,8.00,0.00,406
1.656,16.79,0.02,0.71,10.96,8.20,9.80,407
1.673,16.71,0.02,0.41,0.37,8.20,0.00,409
1.690,16.73,0.02,0.54,10.76,9.96,9.66,413
1.707,16.74,0.02,0.65,0.45,9.96,0.00,415
1.723,16.70,0.02,0.72,10.44,9.17,9.27,398
1.740,16.78,0.02,0.49,0.41,9.17,0.00,400
1.757,16.73,0.02,0.71,11.31,8.64,10.18,399
1.773,16.72,0.02,0.51,0.43,8.64,0.00,399
1.790,16.71,0.03,0.69,10.90,9.49,9.77,401
1.807,16.76,0.02,0.50,0.44,9.49,0.00,401
1.824,16.70,0.02,0.71,11.94,9.09,10.55,402
1.840,16.78,0.02,0.53,0.44,9.09,0.00,404
1.857,16.67,0.02,0.68,10.87,10.22,9.53,406
1.874,16.78,0.02,0.51,0.38,10.22,0.00,405
1.891,16.72,0.02,0.80,9.91,9.13,8.77,403
1.907,16.70,0.02,0.52,0.44,9.13,0.00,404
1.924,16.81,0.02,0.72,10.74,8.05,9.56,404
1.941,16.66,0.03,0.35,0.36,8.05,0.00,407
1.958,16.75,0.03,0.32,6.77,9.37,5.79,407
1.974,16.77,0.02,0.31,0.33,7.57,0.00,407
1.991,16.73,0.01,0.32,7.77,7.64,5.95,410
2.008,16.77,0.02,0.74,0.53,7.57,0.00,411
2.025,16.73,0.02,0.74,13.02,7.66,11.71,410
2.041,16.71,0.01,0.51,0.34,7.66,0.00,409
2.058,16.76,0.02,0.72,12.60,11.33,11.51,410
2.075,16.72,0.02,0.54,0.38,11.33,0.00,411
2.091,16.74,0.02,0.74,9.89,10.71,8.81,406
2.108,16.72,0.02,0.56,0.37,10.71,0.00,405
2.125,16.74,0.02,0.73,12.46,8.15,11.38,402
2.142,16.72,0.02,0.50,0.37,8.15,0.00,401
2.158,16.75,0.02,0.63,9.58,10.61,8.55,403
2.175,16.71,0.01,0.29,0.30,10.61,0.00,402
2.192,16.73,0.01,0.29,5.85,7.92,5.08,402
2.209,16.73,0.02,0.27,0.28,7.44,0.00,402
2.225,16.70,0.01,0.27,5.76,7.51,5.01,403
2.242,16.77,0.02,0.32,0.30,7.41,0.00,403
2.259,16.73,0.01,0.27,5.97,7.62,5.21,404
2.275,16.73,0.01,0.28,0.28,7.51,0.00,405
2.292,16.73,0.01,0.29,5.81,7.59,5.05,404
2.309,16.74,0.01,0.40,0.30,7.47,0.00,405
2.326,16.75,0.02,0.29,6.44,7.53,5.59,404
2.342,16.73,0.02,0.28,0.27,7.44,0.00,404
2.359,16.73,0.01,0.29,7.38,7.52,5.58,402
2.376,16.77,0.03,0.80,0.53,7.43,0.00,402
2.393,16.73,0.02,0.74,13.05,7.45,11.74,403
2.409,16.72,0.02,0.48,0.35,7.45,0.00,403
2.426,16.76,0.02,0.60,12.34,11.33,11.27,404
2.443,16.70,0.28,0.44,0.37,11.33,0.00,452
2.460,16.77,0.02,0.64,12.32,10.70,11.26,451
2.476,16.70,0.02,0.43,0.31,10.70,0.00,450
2.493,16.73,0.02,0.71,11.53,11.46,10.38,450
2.510,16.75,0.03,0.52,0.47,11.46,0.00,448
2.527,16.75,0.03,0.77,10.55,10.37,9.39,448
2.543,16.70,0.02,0.56,0.42,10.37,0.00,447
2.560,16.75,0.02,1.18,11.45,9.46,10.07,445
2.577,16.72,0.02,0.54,0.36,9.46,0.00,445
2.593,16.74,0.02,0.72,10.97,10.95,9.65,442
2.610,16.72,0.02,0.47,0.34,10.95,0.00,442
2.627,16.78,0.02,0.72,13.06,9.89,11.74,439
2.644,16.68,0.02,0.42,0.28,9.89,0.00,437
2.660,16.74,0.02,0.61,10.02,12.13,8.97,438
2.677,16.74,0.02,0.54,0.40,12.13,0.00,437
2.694,16.74,0.03,0.66,12.52,8.38,11.47,434
2.711,16.71,0.02,0.45,0.31,8.38,0.00,430
2.727,16.75,0.03,0.67,10.01,11.28,8.94,430
2.744,16.72,0.02,0.50,0.39,11.28,0.00,429
2.761,16.74,0.02,0.67,12.41,8.48,11.37,427
2.777,16.72,0.02,0.54,0.36,8.48,0.00,424
2.794,16.75,0.02,0.72,9.98,10.76,8.90,423
2.811,16.75,0.02,0.49,0.40,10.76,0.00,422
2.828,16.73,0.02,0.72,12.59,8.11,11.51,420
2.844,16.71,0.02,0.55,0.36,8.11,0.00,418
2.861,16.76,0.02,0.69,10.45,10.71,9.33,417
2.878,16.64,0.02,0.53,0.40,10.71,0.00,417
2.895,16.81,0.02,0.71,10.95,8.69,9.71,416
2.911,16.72,0.02,0.57,0.37,8.69,0.00,415
2.928,16.76,0.02,0.75,10.82,8.91,9.59,412
2.945,16.71,0.02,0.51,0.35,8.91,0.00,412
2.962,16.75,0.02,0.69,12.85,8.76,11.62,411
2.978,16.72,0.02,0.46,0.37,8.76,0.00,412
2.995,16.75,0.03,0.69,9.83,10.66,8.85,413
3.012,16.73,0.02,0.54,0.39,10.66,0.00,409
3.028,16.74,0.03,0.68,10.96,7.96,9.70,406
3.045,16.72,0.02,0.53,0.40,7.96,0.00,406
3.062,16.75,0.02,0.72,10.99,9.11,9.72,405
3.079,16.72,0.02,0.53,0.38,9.11,0.00,447
3.095,16.75,0.02,0.66,12.21,9.30,11.22,450
3.112,16.72,0.02,0.53,0.37,9.30,0.00,450
3.129,16.75,0.02,0.67,12.11,10.69,11.13,451
3.146,16.72,0.02,0.53,0.43,10.69,0.00,450
3.162,16.77,0.02,0.53,10.34,10.76,9.25,453
3.179,16.71,0.02,0.46,0.34,10.76,0.00,455
3.196,16.71,0.01,0.36,5.93,8.99,5.28,454
3.213,16.74,0.02,0.26,0.37,7.88,0.00,455
3.229,16.78,0.02,0.63,7.10,8.04,6.31,459
3.246,16.68,0.02,0.27,0.27,7.93,0.00,460
3.263,16.79,0.03,0.32,9.21,8.11,8.24,461
3.279,16.72,0.02,0.37,0.32,8.11,0.00,462
3.296,16.70,0.02,0.26,6.34,8.21,5.52,464
3.313,16.73,0.02,0.29,0.30,8.18,0.00,464
3.330,16.74,0.03,0.57,6.67,8.29,5.78,464
3.346,16.81,0.03,0.66,0.33,8.23,0.00,463
3.363,16.63,0.02,0.28,6.21,8.30,5.43,463
3.380,16.78,0.01,0.25,0.25,8.21,0.00,448
3.397,16.75,0.01,0.23,5.39,8.19,4.62,446
3.413,16.66,0.02,0.27,0.25,8.18,0.00,445
3.430,16.81,0.02,0.64,9.56,8.17,8.68,445
3.447,16.68,0.02,0.31,0.33,8.17,0.00,445
3.463,16.72,0.02,0.26,11.38,9.46,10.50,444
3.480,16.76,0.02,0.48,0.44,9.46,0.00,443
3.497,16.71,0.02,0.42,8.80,11.16,7.87,445
3.514,16.80,0.02,0.29,0.27,11.16,0.00,447
3.530,16.70,0.03,0.64,12.53,8.90,11.39,445
3.547,16.77,0.03,0.72,0.51,8.90,0.00,446
3.564,16.71,0.03,0.44,9.10,12.23,8.14,446
3.581,16.75,0.01,0.32,0.34,12.23,0.00,446
3.597,16.67,0.01,0.24,6.85,8.51,5.96,445
3.614,16.85,0.03,0.73,0.60,8.28,0.00,444
3.640,26.00,0.02,0.37,7.09,8.32,6.16,457
3.648,7.92,0.02,0.29,0.29,8.32,0.00,457
3.664,16.14,0.01,0.13,19.17,16.85,2.03,458
3.684,19.37,0.01,0.15,14.22,8.69,0.00,462
3.698,14.57,0.00,0.13,18.65,8.76,2.22,461
3.717,19.06,0.01,0.16,13.92,8.66,0.00,459
3.732,14.26,0.00,0.13,20.56,8.67,4.20,459
3.753,21.00,0.01,0.09,12.45,8.56,0.00,457
3.765,12.83,0.02,0.30,23.64,8.80,7.16,459
3.789,24.04,0.02,0.29,15.40,8.63,6.24,459
3.805,15.77,0.01,0.27,9.52,8.41,0.00,456
3.815,9.86,0.01,0.33,16.19,8.33,0.00,455
3.832,16.60,0.01,0.29,24.59,8.25,7.19,454
3.857,25.02,0.02,0.46,17.44,8.09,8.37,452
3.875,18.03,0.02,0.47,6.77,8.09,0.00,451
3.882,7.37,0.03,0.45,16.78,8.50,0.00,449
3.899,17.38,0.09,1.02,25.90,7.95,9.88,450
3.927,27.15,0.03,0.47,12.13,7.94,6.21,450
3.939,12.74,0.02,0.39,9.43,7.84,0.00,452
3.949,9.90,0.01,0.29,16.41,7.92,0.00,449
3.966,16.84,0.02,0.70,28.52,7.94,11.57,447
3.999,32.88,0.03,0.37,6.43,7.82,5.58,446
4.016,16.73,0.03,0.27,0.32,7.70,0.00,445
4.032,16.77,0.02,0.26,7.34,7.74,6.42,445
4.049,16.80,0.04,0.34,0.25,7.67,0.00,443
4.066,16.72,0.03,0.65,10.26,7.69,8.94,441
4.083,16.73,0.05,0.74,0.63,7.69,0.00,440
4.099,16.73,0.03,0.67,12.43,7.95,11.55,437
4.116,16.71,0.02,0.51,0.39,7.95,0.00,435
4.133,16.75,0.02,0.64,12.68,10.77,11.35,437
4.150,16.72,0.03,0.50,0.37,10.77,0.00,437
4.166,16.75,0.03,0.65,7.99,10.80,7.06,437
4.183,16.74,0.04,0.36,0.27,7.62,0.00,436
4.200,16.72,0.03,0.63,12.39,7.67,11.52,435
4.217,16.71,0.02,0.47,0.37,7.67,0.00,432
4.233,16.81,0.04,0.52,7.54,10.78,6.58,435
4.250,16.64,0.06,0.62,0.48,7.74,0.00,433
4.267,16.80,0.02,0.26,6.34,7.70,5.46,433
4.283,16.70,0.03,0.74,0.54,7.74,0.00,432
4.300,16.68,0.02,0.78,12.26,7.81,11.29,430
4.317,16.78,0.02,0.48,0.27,7.81,0.00,430
4.334,16.76,0.02,0.74,12.68,11.00,11.03,431
4.350,16.74,0.03,0.62,0.47,11.00,0.00,429
4.367,16.66,0.02,0.52,11.12,11.04,9.66,430
4.384,16.75,0.01,0.47,0.36,11.04,0.00,430
4.401,16.82,0.02,0.37,7.41,9.76,6.47,429
4.417,16.68,0.03,0.62,0.50,7.80,0.00,430
4.434,16.68,0.02,0.46,9.11,7.87,8.08,440
4.451,16.77,0.13,0.31,0.31,7.87,0.00,495
4.468,16.72,0.02,0.35,9.93,9.31,8.38,496
4.484,16.77,0.03,0.80,0.40,9.31,0.00,496
4.501,16.68,0.03,0.28,9.45,10.30,8.51,497
4.518,16.69,0.03,0.31,0.45,10.30,0.00,498
4.534,16.77,0.03,0.73,9.44,10.40,8.36,498
4.551,16.78,0.03,0.54,0.46,10.40,0.00,498
4.569,17.68,0.04,0.92,9.76,10.26,8.64,497
4.585,16.07,0.03,0.54,0.49,10.26,0.00,485
4.601,16.48,0.03,0.70,11.95,11.21,10.94,485
4.618,16.71,0.03,0.48,0.40,11.21,0.00,484
4.635,16.68,0.03,0.66,7.89,12.52,6.92,483
4.652,16.79,0.04,0.71,0.53,8.68,0.00,483
4.668,16.72,0.03,0.88,14.05,8.85,12.55,481
4.685,16.68,0.03,0.51,0.40,8.85,0.00,481
4.702,16.80,0.03,0.52,9.88,14.78,8.99,482
4.719,16.74,0.03,0.54,0.43,14.78,0.00,484
4.735,16.69,0.03,0.77,7.10,10.38,6.19,482
4.752,16.80,0.03,0.71,0.51,8.98,0.00,482
4.769,16.67,0.03,0.71,12.88,9.03,11.54,479
4.785,16.78,0.03,0.49,0.37,9.03,0.00,480
4.802,16.69,0.03,0.87,8.50,13.74,7.02,482
4.819,16.75,0.03,0.56,0.39,7.21,0.00,481
4.836,16.79,0.03,0.67,12.58,8.74,11.25,479
4.852,16.71,0.02,0.49,0.36,8.74,0.00,477
4.869,16.78,0.05,0.69,12.43,13.01,11.06,476
4.884,15.17,0.02,0.46,2.45,13.01,0.00,486
4.903,18.17,0.03,0.56,7.26,13.47,6.40,487
4.919,16.84,0.03,0.52,0.41,9.17,0.00,487
4.936,16.73,0.02,0.58,10.09,9.15,8.96,485
4.953,16.73,0.26,0.90,0.50,9.15,0.00,525
4.970,17.03,0.07,1.19,10.40,14.79,9.16,523
4.986,16.41,0.05,0.61,0.40,14.79,0.00,523
5.000,13.27,0.05,0.69,12.44,19.47,8.88,520
5.020,20.34,0.07,0.77,0.38,7.08,0.00,515
5.036,16.61,0.08,1.14,9.97,10.26,8.68,510
5.053,16.72,0.05,0.78,0.35,10.26,0.00,510
5.070,16.75,0.08,1.15,12.25,15.46,11.16,511
5.087,16.71,0.06,0.78,0.36,15.46,0.00,511
5.103,16.76,0.05,0.76,9.70,17.85,8.42,513
5.120,16.71,0.05,0.81,0.36,17.85,0.00,514
5.137,16.74,0.07,1.18,12.75,11.83,11.59,512
5.154,16.75,0.05,0.64,0.30,11.83,0.00,512
5.170,16.64,0.04,0.59,8.02,21.70,6.89,512
5.187,16.78,0.11,1.05,0.52,21.70,0.00,516
5.204,16.72,0.07,0.96,9.08,13.04,8.02,516
5.220,16.71,0.04,0.53,0.35,13.04,0.00,520
5.237,16.75,0.03,0.45,6.12,12.05,5.32,525
5.254,16.73,0.05,0.50,0.31,9.43,0.00,527
5.271,16.77,0.03,0.43,6.62,7.34,5.77,529
5.288,16.78,0.03,0.42,0.26,7.34,0.00,530
5.304,16.70,0.06,1.16,12.00,11.14,11.04,528
5.321,16.74,0.04,0.44,0.29,11.14,0.00,530
5.338,16.74,0.03,0.54,6.67,17.40,5.74,531
5.356,18.43,0.08,1.15,9.78,12.90,8.78,542
5.371,14.98,0.06,0.82,0.40,12.90,0.00,546
5.388,16.79,0.07,0.74,0.27,15.76,0.00,548
5.405,16.77,0.06,0.68,7.50,8.54,6.59,548
5.421,16.62,0.04,0.43,0.31,8.54,0.00,549
5.438,16.77,0.05,0.53,7.00,10.65,5.98,554
5.455,16.73,0.05,1.15,0.66,10.65,0.00,554
5.472,16.81,0.09,1.20,9.36,10.50,8.34,556
5.489,17.27,0.06,0.47,0.35,10.50,0.00,558
5.505,16.33,0.05,0.50,6.61,13.32,5.66,560
5.522,16.60,0.08,1.19,0.58,5.21,0.00,564
5.539,16.74,0.09,0.50,7.09,7.76,6.26,566
5.555,16.69,0.07,1.17,0.48,9.71,0.00,568
5.572,16.79,0.09,0.96,11.64,10.35,10.23,571
5.589,16.65,0.07,0.81,0.42,10.35,0.00,572
5.605,16.82,0.04,0.82,10.12,15.37,9.30,576
5.622,16.69,0.05,0.76,0.42,15.37,0.00,579
5.639,16.71,0.03,0.49,6.88,13.84,5.85,579
5.656,16.78,0.04,0.62,0.32,13.84,0.00,580
5.672,16.71,0.07,1.17,12.82,8.47,11.49,579
5.689,16.72,0.04,0.75,0.37,8.47,0.00,577
5.706,16.76,0.07,1.16,12.11,14.01,10.69,580
5.723,16.74,0.06,0.92,0.50,14.01,0.00,585
5.739,16.63,0.04,0.91,10.77,15.77,9.56,586
5.756,16.80,0.05,0.90,0.41,15.77,0.00,586
5.773,16.67,0.05,0.45,7.16,14.28,6.18,585
5.790,16.83,0.07,0.49,6.77,10.31,5.86,585
5.806,16.69,0.08,1.14,0.57,10.23,0.00,587
5.823,16.84,0.14,1.45,12.53,10.17,11.48,587
5.840,16.59,0.07,0.51,0.37,10.17,0.00,589
5.856,16.81,0.04,0.43,7.13,15.93,6.05,590
5.873,16.66,0.06,0.44,0.30,5.35,0.00,589
5.890,16.76,0.06,0.54,7.03,8.28,6.03,591
5.907,16.73,0.05,0.45,0.30,8.63,0.00,592
5.923,16.80,0.06,1.08,12.38,10.40,11.47,591
5.940,16.66,0.05,0.77,0.40,10.40,0.00,591
5.957,16.70,0.04,0.72,9.86,16.75,8.53,592
5.974,16.81,0.05,0.78,0.45,16.75,0.00,591
5.990,16.74,0.06,1.06,10.88,13.77,9.53,592
6.007,16.64,0.04,0.57,0.30,13.77,0.00,591
6.024,16.82,0.05,0.69,8.76,15.96,7.42,588
6.040,16.73,0.05,0.75,0.41,15.96,0.00,586
6.057,16.74,0.02,0.41,6.09,13.16,5.29,585
6.074,16.72,0.03,0.51,0.28,13.16,0.00,572
6.091,16.74,0.04,0.73,9.98,10.61,8.67,570
6.107,16.76,0.06,1.14,0.52,10.61,0.00,572
6.124,16.73,0.07,1.09,12.86,13.57,11.54,570
6.141,16.72,0.05,0.75,0.36,13.57,0.00,569
6.158,16.76,0.04,0.70,9.95,17.33,8.66,567
6.174,16.71,0.04,0.74,0.37,5.47,0.00,564
6.191,16.71,0.06,1.09,11.21,10.21,9.80,561
6.208,16.78,0.05,0.76,0.40,10.21,0.00,559
6.227,19.55,0.05,0.69,9.94,13.85,8.70,565
6.241,13.86,0.05,0.68,0.35,13.85,0.00,565
6.258,17.11,0.05,0.72,9.76,14.96,8.59,564
6.275,16.41,0.06,0.79,0.45,14.96,0.00,563
6.292,16.74,0.06,1.14,7.39,10.67,6.30,563
6.308,16.71,0.09,1.50,0.59,8.92,0.00,560
6.325,16.70,0.06,1.09,12.98,9.53,11.51,557
6.342,16.78,0.07,0.75,0.44,9.53,0.00,552
6.359,17.51,0.14,1.00,9.91,17.89,8.78,553
6.376,16.33,0.05,0.71,0.40,17.89,0.00,552
6.392,16.36,0.05,1.17,11.17,14.92,10.09,550
6.409,16.72,0.04,0.71,0.38,14.92,0.00,549
6.425,16.74,0.05,1.02,12.21,15.66,11.13,545
6.442,16.71,0.04,0.52,0.33,15.66,0.00,539
6.459,16.80,0.16,0.66,9.72,16.82,8.62,572
6.476,16.67,0.05,0.74,0.37,16.82,0.00,572
6.492,16.82,0.06,1.00,10.94,12.79,9.61,570
6.509,16.58,0.05,0.70,0.37,12.79,0.00,569
6.526,16.82,0.06,1.09,10.55,13.97,9.43,569
6.543,16.71,0.06,0.75,0.39,13.97,0.00,568
6.559,16.81,0.08,1.10,11.21,12.87,10.12,564
6.576,16.66,0.04,0.54,0.32,12.87,0.00,563
6.593,16.78,0.05,0.72,10.05,13.49,8.88,564
6.609,16.71,0.06,0.83,0.42,13.49,0.00,563
6.626,16.81,0.06,1.04,10.71,11.29,9.56,563
6.643,16.64,0.05,0.72,0.37,11.29,0.00,562
6.660,16.75,0.05,1.05,12.29,12.00,11.22,561
6.676,16.71,0.03,0.53,0.29,12.00,0.00,561
6.693,16.68,0.05,1.03,9.49,12.41,8.39,561
6.710,16.79,0.05,0.73,0.38,12.41,0.00,561
6.727,16.69,0.04,0.68,9.51,10.67,8.43,559
6.743,16.76,0.06,0.77,0.39,10.67,0.00,558
6.760,16.76,0.05,1.03,12.29,10.17,11.21,556
6.777,16.71,0.04,0.56,0.31,10.17,0.00,553
6.794,16.74,0.04,0.87,10.10,13.82,9.00,549
6.810,16.75,0.05,0.74,0.41,13.82,0.00,546
6.827,16.72,0.05,0.69,10.11,10.73,8.70,545
6.844,16.70,0.04,0.58,0.31,10.73,0.00,540
6.861,16.85,0.09,1.13,11.29,10.73,9.84,536
6.877,16.66,0.06,0.73,0.42,10.73,0.00,530
6.894,16.66,0.05,0.41,6.70,11.90,5.72,529
6.911,16.74,0.04,0.47,0.32,8.69,0.00,524
6.927,16.82,0.07,0.76,12.35,8.64,11.02,521
6.944,16.70,0.04,0.52,0.40,8.64,0.00,520
6.961,16.73,0.06,0.73,11.15,12.50,9.85,520
6.978,16.74,0.05,0.51,0.41,12.50,0.00,521
6.994,16.75,0.06,0.80,9.54,11.24,8.44,519
7.011,16.77,0.04,0.34,0.31,11.24,0.00,519
7.028,16.61,0.03,0.29,6.63,9.97,5.83,520
7.044,16.73,0.04,0.45,0.32,8.59,0.00,521
7.061,16.77,0.04,0.49,9.71,8.66,8.42,521
7.078,16.77,0.08,0.85,0.62,8.66,0.00,521
7.095,16.68,0.03,0.26,5.75,8.50,5.06,520
7.112,16.81,0.06,0.81,0.53,4.79,0.00,520
7.128,16.73,0.06,0.74,11.85,5.72,10.59,520
7.145,16.74,0.06,0.56,0.45,5.72,0.00,517
7.162,16.67,0.04,0.37,8.21,11.67,7.21,516
7.178,16.80,0.04,0.30,0.29,11.67,0.00,516
7.195,16.73,0.07,0.72,13.13,8.57,11.83,513
7.212,16.72,0.04,0.49,0.35,8.57,0.00,513
7.229,16.74,0.05,0.75,12.12,13.77,11.12,514
7.245,16.72,0.04,0.52,0.38,13.77,0.00,513
7.262,16.75,0.05,0.73,10.61,12.59,9.37,515
7.279,16.73,0.04,0.50,0.37,12.59,0.00,515
7.296,16.76,0.06,0.74,11.33,10.98,10.06,515
7.312,16.72,0.05,0.59,0.40,10.98,0.00,516
7.329,16.77,0.04,0.39,10.10,11.51,8.83,516
7.346,16.69,0.05,0.56,0.41,11.51,0.00,516
7.362,16.69,0.06,0.76,12.88,10.17,11.59,516
7.379,16.72,0.05,0.56,0.44,10.17,0.00,515
7.396,16.80,0.06,0.75,11.41,13.27,10.12,514
7.413,16.74,0.05,0.52,0.41,13.27,0.00,514
7.430,16.79,0.25,0.86,12.11,11.97,11.10,602
7.446,16.66,0.05,0.63,0.38,11.97,0.00,602
7.463,16.71,0.06,0.88,12.25,14.97,11.25,602
7.480,16.76,0.04,0.60,0.37,14.97,0.00,602
7.496,16.69,0.07,0.91,10.19,14.97,8.92,603
7.513,16.78,0.04,0.62,0.40,14.97,0.00,601
7.530,16.67,0.05,0.61,12.88,13.12,11.61,601
7.547,16.85,0.04,0.61,0.38,13.12,0.00,601
7.563,16.71,0.06,0.86,9.70,15.53,8.69,600
7.580,16.72,0.04,0.68,0.37,15.53,0.00,599
7.597,16.74,0.05,0.95,12.08,12.39,11.06,599
7.614,16.73,0.06,0.71,0.40,12.39,0.00,599
7.630,16.73,0.07,0.97,10.25,14.66,9.18,600
7.647,16.73,0.05,0.68,0.37,14.66,0.00,601
7.664,16.75,0.06,0.88,11.18,13.07,10.19,600
7.680,16.73,0.04,0.59,0.37,13.07,0.00,599
7.697,16.74,0.06,0.94,9.94,14.27,8.78,597
7.714,16.72,0.05,0.66,0.39,14.27,0.00,597
7.731,16.74,0.06,0.97,11.54,10.35,10.23,597
7.747,16.71,0.04,0.69,0.41,10.35,0.00,597
7.764,16.71,0.06,0.96,11.39,13.17,10.11,596
7.781,16.79,0.04,0.65,0.36,13.17,0.00,595
7.798,16.73,0.08,0.92,10.55,12.30,9.29,651
7.814,16.73,0.07,0.88,0.40,12.30,0.00,649
7.831,16.73,0.05,0.63,7.95,20.67,6.99,648
7.848,16.70,0.10,1.05,0.48,20.67,0.00,645
7.864,16.71,0.07,0.81,10.52,12.54,9.30,645
7.881,16.77,0.10,1.31,0.51,12.54,0.00,645
7.898,16.78,0.10,1.40,12.26,15.06,11.00,644
7.915,16.72,0.07,0.85,0.37,15.06,0.00,642
7.931,16.76,0.06,0.79,9.71,21.47,8.51,641
7.948,16.70,0.07,0.99,0.50,21.47,0.00,642
7.964,15.49,0.10,1.45,8.32,9.50,7.33,650
7.982,17.95,0.08,1.12,0.40,9.50,0.00,651
7.998,16.76,0.23,1.26,11.22,14.55,10.15,649
8.015,16.72,0.08,0.96,0.43,14.55,0.00,650
8.032,16.75,0.07,0.88,8.09,19.36,7.36,650
8.049,16.69,0.08,0.98,0.50,6.91,0.00,649
8.065,16.77,0.09,1.40,12.54,9.66,11.27,649
8.082,16.76,0.07,0.89,0.45,9.66,0.00,648
8.099,17.43,0.17,0.90,8.86,18.48,7.88,651
8.116,16.22,0.06,0.68,0.33,18.48,0.00,648
8.132,16.56,0.10,1.29,9.69,10.90,8.69,647
8.149,16.72,0.07,0.89,0.36,10.90,0.00,645
8.166,16.75,0.10,1.35,9.45,16.00,8.45,645
8.182,16.71,0.07,0.88,0.37,16.00,0.00,645
8.199,16.76,0.11,1.33,11.21,16.28,10.20,642
8.216,16.72,0.06,0.65,0.32,16.28,0.00,642
8.233,16.76,0.06,1.22,9.58,15.68,8.57,641
8.249,16.71,0.08,0.91,0.40,15.68,0.00,638
8.266,16.74,0.09,1.31,10.90,13.34,9.65,637
8.283,16.75,0.07,0.86,0.38,13.34,0.00,637
8.300,16.66,0.09,1.31,9.62,14.72,8.62,635
8.316,16.78,0.07,0.87,0.41,14.72,0.00,634
8.333,16.74,0.08,1.28,11.70,13.21,10.71,635
8.350,16.72,0.06,0.85,0.38,13.21,0.00,637
8.367,16.76,0.10,1.33,10.26,15.15,9.27,636
8.383,16.65,0.07,0.88,0.35,15.15,0.00,636
8.400,16.81,0.11,1.29,11.89,13.65,10.91,638
8.417,16.72,0.06,0.85,0.40,13.65,0.00,638
8.434,16.83,0.17,1.15,9.54,15.01,8.53,638
8.448,13.96,0.06,0.58,2.76,5.16,0.00,649
8.467,19.43,0.24,0.86,7.49,9.74,6.70,675
8.484,16.72,0.07,0.49,0.32,9.74,0.00,674
8.500,16.79,0.09,0.87,9.21,10.95,8.17,675
8.517,16.69,0.06,0.70,0.40,10.95,0.00,675
8.534,16.83,0.08,0.89,9.38,12.40,8.35,674
8.551,16.61,0.09,1.00,0.52,12.40,0.00,674
8.567,16.74,0.10,1.32,10.78,10.03,9.73,674
8.584,16.71,0.08,0.92,0.47,10.03,0.00,674
8.601,16.79,0.10,0.84,9.39,12.88,8.45,675
8.618,16.72,0.07,0.96,0.43,12.88,0.00,675
8.634,16.69,0.12,1.33,12.04,13.96,10.74,673
8.651,16.77,0.11,0.91,0.46,13.96,0.00,671
8.668,16.73,0.14,1.39,10.55,16.81,9.51,671
8.684,16.69,0.08,0.93,0.44,16.81,0.00,670
8.698,13.36,0.08,0.80,11.99,15.82,8.68,671
8.718,20.15,0.08,0.86,0.38,15.82,0.00,671
8.735,16.75,0.09,1.29,10.60,13.67,9.38,671
8.751,16.72,0.08,0.87,0.39,13.67,0.00,668
8.768,16.75,0.09,1.33,12.01,16.11,11.00,668
8.785,16.64,0.05,0.62,0.29,16.11,0.00,666
8.802,16.74,0.07,1.08,9.71,12.75,8.69,667
8.818,16.85,0.06,0.81,0.39,12.75,0.00,665
8.835,16.74,0.10,1.26,9.74,12.85,8.69,664
8.852,16.70,0.07,0.84,0.41,12.85,0.00,663
8.869,16.75,0.09,1.29,12.06,10.73,11.05,661
8.885,16.69,0.05,0.62,0.28,10.73,0.00,660
8.902,16.71,0.07,0.82,9.69,18.89,8.68,658
8.919,16.81,0.08,0.87,0.43,18.89,0.00,658
8.936,16.73,0.09,1.29,12.17,12.51,11.15,657
8.952,16.64,0.07,0.87,0.49,12.51,0.00,656
8.969,16.82,0.09,1.31,11.95,15.33,10.95,656
8.986,16.73,0.07,0.78,0.37,15.33,0.00,656
9.002,16.67,0.09,1.25,10.11,18.73,9.12,653
9.019,16.86,0.07,0.79,0.39,18.73,0.00,651
9.036,16.64,0.05,0.74,7.71,17.05,6.91,651
9.053,16.75,0.05,0.64,0.30,17.05,0.00,646
9.069,16.76,0.06,0.78,9.18,14.37,8.23,645
9.086,16.70,0.07,0.84,0.40,14.37,0.00,643
9.103,16.77,0.12,1.21,10.23,15.60,9.23,642
9.120,16.69,0.07,0.84,0.42,15.60,0.00,639
9.136,16.75,0.08,1.21,12.01,16.55,11.03,639
9.153,16.69,0.05,0.62,0.25,16.55,0.00,639
9.170,16.79,0.07,1.18,9.53,13.10,8.53,638
9.186,16.65,0.07,0.85,0.40,13.10,0.00,638
9.203,16.81,0.10,1.18,9.68,13.52,8.68,634
9.220,16.72,0.07,0.85,0.42,13.52,0.00,633
9.237,16.74,0.10,1.20,11.88,10.54,10.91,633
9.253,16.77,0.06,0.79,0.42,10.54,0.00,632
9.270,16.71,0.10,1.15,9.74,18.33,8.74,631
9.287,16.71,0.07,0.79,0.39,18.33,0.00,628
9.304,16.73,0.09,1.15,10.62,14.87,9.63,627
9.320,16.75,0.07,0.80,0.39,14.87,0.00,626
9.337,16.74,0.10,1.16,9.66,12.68,8.67,626
9.354,16.68,0.06,0.79,0.40,12.68,0.00,623
9.371,16.79,0.11,1.26,11.00,12.40,9.73,623
9.387,16.64,0.07,0.78,0.39,12.40,0.00,622
9.404,16.83,0.11,1.11,11.64,13.64,10.39,620
9.421,16.70,0.06,0.59,0.31,13.64,0.00,620
9.438,16.77,0.06,0.68,10.30,14.14,9.08,618
9.454,16.72,0.08,0.76,0.42,14.14,0.00,618
9.471,16.74,0.09,1.08,12.30,12.10,10.99,618
9.488,16.71,0.07,0.69,0.43,12.10,0.00,614
9.504,16.70,0.09,1.08,11.26,14.71,10.21,611
9.521,16.73,0.08,0.73,0.44,14.71,0.00,610
9.538,16.80,0.15,1.02,11.02,13.24,10.00,609
9.555,16.71,0.07,0.73,0.47,13.24,0.00,609
9.571,16.77,0.07,0.80,9.05,12.84,8.04,608
9.588,16.64,0.07,0.77,0.41,6.35,0.00,605
9.605,16.76,0.10,1.16,10.67,9.13,9.31,603
9.622,16.84,0.10,0.72,0.41,9.13,0.00,601
9.638,16.68,0.10,1.05,9.57,11.48,8.54,601
9.655,16.72,0.08,0.83,0.41,11.48,0.00,598
9.672,16.75,0.11,1.03,11.24,8.87,10.20,595
9.689,16.72,0.07,0.72,0.39,8.87,0.00,594
9.705,16.75,0.10,1.05,10.07,11.60,9.07,595
9.722,16.73,0.07,0.72,0.41,11.60,0.00,594
9.739,16.68,0.09,1.08,12.10,11.50,11.10,589
9.755,16.83,0.07,0.72,0.38,11.50,0.00,586
9.772,16.70,0.10,0.76,10.04,13.50,9.05,583
9.789,16.76,0.06,0.53,0.36,13.50,0.00,583
9.806,16.72,0.11,0.85,10.94,11.42,9.69,582
9.822,16.72,0.07,0.54,0.51,11.42,0.00,581
9.839,16.75,0.11,0.74,10.46,12.20,9.43,580
9.856,16.71,0.07,0.47,0.36,12.20,0.00,580
9.873,16.75,0.08,0.76,10.49,11.59,9.52,580
9.889,16.70,0.07,0.54,0.39,11.59,0.00,579
9.906,16.75,0.09,0.75,11.13,11.45,9.86,578
9.923,16.76,0.08,0.58,8.51,9.02,7.51,578
9.942,18.77,0.07,0.42,0.37,9.04,0.00,584
9.956,14.68,0.07,0.56,8.87,9.53,7.84,583
9.973,16.72,0.07,0.45,0.45,9.53,0.00,583
9.990,16.73,0.08,0.55,8.87,10.58,7.85,582
10.006,16.73,0.07,0.46,0.39,10.58,0.00,582
10.023,16.74,0.08,0.56,9.42,9.51,8.38,580
10.040,16.75,0.09,0.80,0.42,9.51,0.00,616
10.053,13.22,0.08,0.71,3.10,12.17,0.00,617
10.074,20.83,0.11,1.13,12.41,7.11,11.07,616
10.090,16.09,0.09,0.78,8.03,7.11,6.98,616
10.107,16.75,0.08,0.64,0.42,13.24,0.00,613
10.124,16.77,0.07,0.44,6.18,13.07,5.39,611
10.140,16.75,0.06,0.45,0.33,13.07,0.00,613
10.157,16.74,0.07,0.58,6.10,9.95,5.35,612
10.174,16.77,0.12,1.20,0.55,9.95,0.00,611
10.191,16.70,0.25,1.24,10.13,13.60,9.08,612
10.207,16.73,0.06,0.51,0.29,13.60,0.00,612
10.224,16.70,0.06,0.59,7.77,19.02,6.77,613
10.241,16.68,0.09,0.80,0.38,7.16,0.00,617
10.257,16.77,0.10,1.19,12.88,10.58,11.60,617
10.274,16.77,0.10,0.77,0.38,10.58,0.00,621
10.291,16.74,0.07,0.82,9.65,18.17,8.45,618
10.308,16.74,0.08,0.80,0.38,18.17,0.00,622
10.323,14.86,0.08,0.74,1.61,10.31,0.00,634
10.341,18.56,0.12,1.63,9.28,10.11,8.44,636
10.358,16.76,0.09,0.81,6.18,10.11,5.17,637
10.375,16.75,0.08,0.55,0.26,12.99,0.00,637
10.391,16.67,0.15,1.29,8.07,7.72,6.94,637
10.408,16.78,0.11,0.88,0.42,7.72,0.00,636
10.425,16.73,0.10,1.28,11.36,15.72,10.09,638
10.442,16.75,0.07,0.81,0.43,15.72,0.00,635
10.458,16.75,0.12,1.12,10.97,16.84,9.71,639
10.475,16.72,0.19,0.82,0.39,16.84,0.00,666
10.488,13.33,0.08,0.75,3.31,11.63,0.00,665
10.509,20.59,0.12,1.18,13.32,9.97,11.99,668
10.525,16.28,0.07,0.84,7.71,8.26,6.77,667
10.542,16.72,0.06,0.68,0.33,8.26,0.00,665
10.559,16.76,0.09,0.86,8.75,15.27,7.71,669
10.575,16.71,0.06,0.69,0.33,15.27,0.00,671
10.592,16.77,0.10,0.81,9.29,16.32,8.33,672
10.609,16.71,0.07,0.87,0.42,6.94,0.00,672
10.626,16.78,0.11,1.17,9.39,12.13,8.39,673
10.642,16.69,0.10,0.82,0.39,12.13,0.00,677
10.659,16.74,0.13,1.28,12.02,15.51,10.98,676
10.676,16.72,0.09,0.90,0.43,15.51,0.00,677
10.693,16.71,0.12,1.20,10.29,14.07,9.25,679
10.709,16.75,0.09,0.84,0.40,14.07,0.00,679
10.726,16.75,0.11,1.17,10.67,11.07,9.42,678
10.743,16.72,0.06,0.64,0.31,11.07,0.00,678
10.759,16.78,0.28,1.13,10.10,15.11,9.09,678
10.776,16.70,0.08,0.84,0.37,15.11,0.00,678
10.793,16.75,0.12,1.15,10.57,17.71,9.31,678
10.810,16.72,0.08,0.83,0.39,17.71,0.00,681
10.826,16.75,0.10,1.17,10.53,18.00,9.47,683
10.843,16.72,0.07,0.79,0.37,18.00,0.00,680
10.860,16.75,0.10,1.16,10.79,17.72,9.56,680
10.877,16.72,0.08,0.82,0.35,17.72,0.00,681
10.893,16.73,0.09,1.06,10.01,17.47,8.94,681
10.910,16.74,0.08,0.84,0.38,17.47,0.00,682
10.927,16.75,0.11,1.16,10.00,16.40,8.99,682
10.944,16.71,0.08,0.82,0.43,16.40,0.00,684
10.960,16.75,0.11,1.16,11.93,16.29,10.88,684
10.977,16.71,0.06,0.74,0.37,16.29,0.00,684
10.994,16.74,0.07,1.08,10.09,15.11,8.80,684
11.010,16.75,0.07,0.85,0.42,15.11,0.00,684
11.027,16.74,0.11,1.17,12.00,12.09,11.02,681
11.044,16.72,0.08,0.80,0.38,12.09,0.00,682
11.061,16.75,0.10,1.18,10.51,15.54,9.26,680
11.077,16.73,0.07,0.77,0.38,15.54,0.00,681
11.094,16.74,0.11,1.17,10.77,10.93,9.52,682
11.111,16.73,0.08,0.77,0.40,10.93,0.00,682
11.128,16.73,0.10,1.15,9.88,16.10,8.89,682
11.144,16.72,0.08,0.77,0.38,16.10,0.00,681
11.161,16.75,0.11,1.14,10.76,15.38,9.52,679
11.178,16.72,0.08,0.76,0.37,15.38,0.00,680
11.195,16.75,0.10,1.15,12.02,16.44,10.97,680
11.211,16.71,0.06,0.56,0.30,16.44,0.00,679
11.228,16.76,0.10,1.15,9.71,18.09,8.72,680
11.245,16.78,0.07,0.76,0.37,18.09,0.00,682
11.261,16.64,0.10,1.19,9.65,15.40,8.65,681
11.278,16.77,0.07,0.77,0.36,15.40,0.00,680
11.295,16.78,0.13,1.14,12.15,15.43,11.14,679
11.312,16.73,0.06,0.56,0.34,15.43,0.00,678
11.328,16.66,0.09,1.06,9.77,17.80,8.78,675
11.345,16.78,0.07,0.75,0.37,5.73,0.00,669
11.362,16.76,0.09,1.12,12.12,10.36,11.09,669
11.379,16.71,0.06,0.59,0.31,10.36,0.00,667
11.395,16.73,0.09,0.87,9.77,15.32,8.79,667
11.412,16.74,0.07,0.71,0.41,6.37,0.00,669
11.429,16.75,0.09,1.06,9.56,9.73,8.56,666
11.446,16.73,0.07,0.75,0.38,9.73,0.00,662
11.462,16.71,0.10,1.18,12.00,12.71,11.00,658
11.479,16.73,0.05,0.55,0.30,12.71,0.00,656
11.496,16.71,0.09,1.09,9.66,16.66,8.62,656
11.513,16.78,0.09,0.73,0.40,16.66,0.00,652
11.529,16.74,0.09,1.09,11.42,14.77,10.42,649
11.546,16.72,0.07,0.72,0.34,14.77,0.00,645
11.563,16.75,0.09,1.13,10.55,15.48,9.24,644
11.579,16.65,0.07,0.75,0.38,15.48,0.00,646
11.596,16.75,0.09,1.05,10.87,14.43,9.88,641
11.613,16.80,0.07,0.82,0.37,14.43,0.00,642
11.630,16.82,0.16,1.00,11.78,14.34,10.79,640
11.646,16.65,0.06,0.66,0.38,14.34,0.00,640
11.663,16.75,0.08,1.09,9.44,15.58,8.44,640
11.680,16.73,0.07,0.74,0.37,15.58,0.00,639
11.697,16.74,0.11,1.09,12.96,13.40,11.65,639
11.713,16.72,0.07,0.78,0.39,13.40,0.00,636
11.730,16.72,0.10,1.06,11.99,16.75,10.92,636
11.747,16.76,0.07,0.78,0.41,16.75,0.00,633
11.764,16.74,0.10,1.08,10.11,11.34,9.06,632
11.780,16.73,0.07,0.72,0.43,11.34,0.00,629
11.797,16.75,0.06,0.90,9.72,12.47,8.69,626
11.814,16.70,0.07,0.73,0.37,12.47,0.00,624
11.830,16.76,0.09,1.07,12.14,11.47,11.12,618
11.847,16.76,0.06,0.56,0.32,11.47,0.00,619
11.862,14.81,0.09,0.68,8.48,14.97,6.67,627
11.881,18.59,0.10,0.80,0.77,9.89,0.00,626
11.897,16.71,0.08,0.77,9.61,10.71,8.60,623
11.914,16.76,0.08,0.87,0.44,10.71,0.00,619
11.931,16.72,0.09,1.26,8.11,13.47,7.27,618
11.948,16.80,0.10,0.85,0.44,13.47,0.00,616
11.964,16.66,0.09,1.12,11.09,12.49,9.75,613
11.981,16.77,0.07,0.76,0.39,12.49,0.00,609
11.999,18.39,0.11,1.28,9.44,15.99,8.35,604
12.015,15.41,0.07,0.40,0.32,15.99,0.00,593
12.031,16.35,0.11,0.54,9.15,16.28,8.11,590
12.048,16.80,0.06,0.55,0.35,16.28,0.00,585
12.065,16.79,0.11,0.81,12.58,13.05,11.49,584
12.081,16.68,0.06,0.43,0.31,13.05,0.00,582
12.098,16.76,0.06,0.67,9.82,16.32,8.75,579
12.115,16.72,0.06,0.55,0.35,4.97,0.00,575
12.132,16.76,0.10,0.81,12.34,9.45,11.25,573
12.148,16.71,0.10,0.71,0.39,9.45,0.00,623
12.165,16.76,0.12,1.12,10.65,15.74,9.33,624
12.182,16.71,0.08,0.78,0.40,15.74,0.00,623
12.199,16.76,0.13,1.17,12.25,13.89,11.17,617
12.215,16.70,0.06,0.61,0.34,13.89,0.00,617
12.232,16.68,0.08,0.73,9.24,17.78,8.17,612
12.247,14.70,0.07,0.62,2.10,17.78,0.00,621
12.266,18.79,0.08,0.61,7.84,18.82,6.98,621
12.282,16.75,0.07,0.48,0.31,18.82,0.00,620
12.299,16.75,0.10,0.77,8.82,13.94,7.76,621
12.316,16.79,0.09,0.65,0.37,13.94,0.00,620
12.333,16.70,0.12,1.33,10.41,15.63,9.25,621
12.349,16.73,0.09,0.83,0.43,15.63,0.00,619
12.366,16.78,0.08,0.74,9.78,20.99,8.54,619
12.383,16.73,0.08,0.78,0.41,20.99,0.00,618
12.401,17.82,0.26,1.53,11.35,10.12,10.05,618
12.416,15.88,0.10,0.79,0.41,10.12,0.00,619
12.433,16.52,0.09,0.74,9.97,19.07,8.75,619
12.450,16.70,0.09,0.73,0.38,19.07,0.00,616
12.466,16.77,0.14,1.14,11.08,11.21,10.06,615
12.481,14.13,0.14,0.62,2.21,11.21,0.00,649
12.500,19.31,0.10,0.94,7.94,18.32,7.12,649
12.517,16.73,0.07,0.49,0.31,18.32,0.00,648
12.533,16.78,0.09,1.18,9.72,10.56,8.67,649
12.550,16.63,0.09,0.70,0.34,10.56,0.00,648
12.567,16.82,0.18,0.83,9.19,14.99,8.17,648
12.584,16.69,0.07,0.69,0.37,14.99,0.00,647
12.601,17.78,0.40,1.39,9.14,9.31,8.09,645
12.617,16.06,0.07,0.63,0.36,9.31,0.00,644
12.634,16.38,0.10,0.83,9.05,17.01,8.09,645
12.651,16.74,0.08,0.85,0.36,17.01,0.00,645
12.667,16.67,0.11,1.26,9.59,14.59,8.59,644
12.684,16.73,0.08,0.84,0.40,14.59,0.00,645
12.701,16.80,0.11,1.26,11.16,15.47,10.09,645
12.717,16.73,0.11,1.00,0.46,15.47,0.00,648
12.734,16.74,0.15,1.22,9.95,16.60,8.91,652
12.751,16.73,0.34,1.12,0.37,16.60,0.00,745
12.768,16.70,0.35,1.76,11.20,19.23,10.12,746
12.784,16.76,0.11,0.83,0.29,19.23,0.00,744
12.801,16.74,0.12,1.10,9.83,16.43,8.61,742
12.818,16.74,0.13,1.10,0.36,16.43,0.00,745
12.835,16.75,0.17,1.67,9.59,16.52,8.34,745
12.851,16.71,0.15,1.09,0.37,16.52,0.00,747
12.868,16.75,0.17,1.73,12.03,15.46,11.03,746
12.885,16.71,0.09,0.85,0.32,15.46,0.00,747
12.901,16.73,0.08,0.69,6.23,18.68,5.43,751
12.918,16.78,0.20,1.73,0.38,10.60,0.00,753
12.935,16.72,0.16,1.67,11.55,8.98,10.26,756
12.952,16.72,0.12,1.16,0.36,8.98,0.00,758
12.968,16.74,0.16,0.94,29.32,26.71,11.86,786
13.002,33.45,0.28,1.65,8.66,26.71,7.65,785
13.019,16.72,0.07,0.58,17.15,16.28,0.00,785
13.037,17.95,0.15,1.75,27.56,9.23,12.14,785
13.069,32.28,0.12,1.19,7.85,9.23,6.90,785
13.086,16.70,0.10,0.83,17.05,17.78,0.00,786
13.104,18.09,0.14,1.63,27.19,11.83,11.84,785
13.136,32.11,0.11,1.14,8.50,11.83,7.53,788
13.152,16.75,0.08,0.72,0.25,14.52,0.00,787
13.169,16.73,0.08,0.89,8.64,14.31,7.42,788
13.186,16.74,0.12,1.13,0.42,7.97,0.00,783
13.203,16.72,0.23,1.59,10.98,12.19,9.93,783
13.219,16.76,0.12,1.17,0.40,12.19,0.00,783
13.236,16.75,0.17,1.66,10.31,17.54,9.28,782
13.253,16.73,0.20,1.09,0.40,17.54,0.00,780
13.270,16.67,0.09,0.87,7.88,13.16,6.91,782
13.286,16.79,0.14,1.16,0.41,7.31,0.00,781
13.303,16.77,0.25,1.63,12.75,8.23,11.48,781
13.320,16.69,0.13,1.13,0.38,8.23,0.00,780
13.337,16.73,0.16,0.65,29.33,25.42,11.77,781
13.370,33.47,0.14,1.09,8.50,8.98,7.54,783
13.387,16.73,0.12,1.12,0.38,8.98,0.00,782
13.404,16.74,0.16,1.69,9.24,15.02,8.24,784
13.420,16.73,0.12,1.10,0.37,15.02,0.00,786
13.437,16.74,0.16,1.68,10.62,18.69,9.37,784
13.454,16.72,0.12,1.09,0.35,18.69,0.00,784
13.470,16.73,0.12,1.11,9.81,21.73,8.59,781
13.487,16.74,0.11,1.09,0.35,21.73,0.00,781
13.504,16.75,0.16,1.66,12.14,11.30,11.14,781
13.521,16.70,0.08,0.84,0.31,11.30,0.00,775
13.541,20.16,0.14,1.04,9.12,20.22,8.12,784
13.554,13.31,0.08,0.87,0.32,20.22,0.00,782
13.571,16.78,0.14,1.10,9.10,16.44,8.09,780
13.588,16.70,0.09,0.93,0.37,6.49,0.00,779
13.604,16.75,0.14,1.73,7.43,9.32,6.09,779
13.621,16.73,0.13,1.16,0.43,9.32,0.00,777
13.638,16.76,0.20,1.56,11.15,13.77,9.79,777
13.654,16.65,0.11,1.04,0.39,13.77,0.00,779
13.671,16.79,0.12,1.09,10.06,17.79,8.77,781
13.688,16.67,0.13,1.14,0.39,17.79,0.00,780
13.706,17.92,0.19,1.69,10.25,11.72,9.07,778
13.722,15.89,0.09,1.04,0.36,11.72,0.00,777
13.738,16.45,0.14,1.63,10.01,14.21,8.84,778
13.755,16.75,0.10,1.18,0.42,14.21,0.00,780
13.772,16.72,0.11,1.07,9.42,18.42,8.36,781
13.788,16.68,0.09,1.10,0.38,18.42,0.00,782
13.805,16.81,0.27,1.50,10.60,19.00,9.49,781
13.822,16.72,0.09,1.10,0.38,19.00,0.00,780
13.839,16.72,0.10,1.08,9.47,20.71,8.42,777
13.855,16.74,0.08,1.07,0.37,20.71,0.00,775
13.872,16.75,0.14,1.56,10.35,8.96,9.27,773
13.889,16.72,0.09,1.08,0.36,8.96,0.00,772
13.906,16.74,0.13,1.55,10.98,17.90,9.64,774
13.922,16.72,0.08,1.04,0.36,17.90,0.00,774
13.939,16.75,0.13,1.53,9.60,12.67,8.53,774
13.956,16.72,0.08,1.05,0.36,12.67,0.00,774
13.972,16.75,0.14,1.57,10.53,15.89,9.17,775
13.989,16.73,0.08,1.07,0.37,15.89,0.00,772
14.006,16.74,0.13,1.50,12.00,12.90,10.94,768
14.023,16.71,0.07,0.82,0.29,12.90,0.00,761
14.039,16.69,0.09,1.05,9.21,21.70,8.12,760
14.056,16.79,0.10,1.09,8.03,11.51,7.09,760
14.073,16.72,0.07,0.83,0.31,11.51,0.00,760
14.090,16.75,0.09,1.00,8.87,13.35,7.90,757
14.106,16.72,0.07,0.81,0.31,13.35,0.00,757
14.123,16.75,0.12,1.24,9.56,13.89,8.54,753
14.140,16.72,0.10,0.81,0.37,13.89,0.00,750
14.157,16.74,0.13,1.21,11.98,15.74,10.97,746
14.173,16.72,0.08,0.82,0.34,15.74,0.00,742
14.190,16.73,0.08,0.81,9.79,21.79,8.82,741
14.207,16.73,0.08,0.84,0.36,21.79,0.00,735
14.223,16.74,0.12,1.17,9.53,8.77,8.52,718
14.240,16.73,0.08,0.81,0.37,8.77,0.00,709
14.257,16.75,0.12,1.15,10.57,17.23,9.54,704
14.274,16.70,0.09,0.80,0.41,17.23,0.00,702
14.290,16.72,0.11,1.16,11.99,14.69,10.95,703
14.307,16.71,0.08,0.80,0.43,14.69,0.00,700
14.324,16.76,0.11,0.90,9.02,15.95,8.23,698
14.341,16.77,0.07,0.50,0.34,5.33,0.00,693
14.357,16.76,0.08,0.59,11.17,9.86,9.90,690
14.374,16.70,0.08,0.81,0.41,9.86,0.00,686
14.391,16.74,0.12,1.05,11.91,12.92,10.88,685
14.408,16.72,0.07,0.76,0.39,12.92,0.00,684
14.424,16.75,0.11,1.07,10.04,13.68,8.77,682
14.441,16.73,0.08,0.71,0.38,13.68,0.00,682
14.458,16.75,0.11,1.28,9.54,11.40,8.49,681
14.474,16.71,0.08,0.73,0.39,11.40,0.00,677
14.491,16.74,0.33,1.13,10.16,13.25,9.13,704
14.508,16.73,0.08,0.79,0.37,13.25,0.00,704
14.525,16.74,0.13,1.18,12.04,15.72,11.04,699
14.541,16.71,0.07,0.65,0.30,15.72,0.00,699
14.558,16.76,0.12,1.14,9.65,18.10,8.63,699
14.575,16.72,0.08,0.84,0.39,18.10,0.00,699
14.592,16.74,0.22,1.27,12.01,15.05,10.96,698
14.608,16.72,0.08,0.71,0.41,15.05,0.00,695
14.625,16.77,0.11,1.09,10.76,17.80,9.45,693
14.642,16.71,0.08,0.79,0.42,17.80,0.00,689
14.659,16.74,0.13,1.15,10.83,15.66,9.55,688
14.675,16.73,0.10,0.73,0.43,15.66,0.00,688
14.692,16.75,0.13,1.12,9.57,15.73,8.43,686
14.709,16.67,0.09,0.84,0.45,5.45,0.00,685
14.726,16.80,0.12,0.84,11.04,10.14,9.75,677
14.742,16.72,0.07,0.61,0.39,10.14,0.00,673
14.759,16.75,0.12,0.82,12.18,14.20,11.13,672
14.776,16.72,0.07,0.52,0.33,14.20,0.00,670
14.792,16.74,0.10,0.83,9.89,13.95,8.88,669
14.809,16.73,0.08,0.57,0.45,13.95,0.00,668
14.826,16.75,0.12,0.84,9.82,10.78,8.80,667
14.843,16.72,0.09,0.58,0.40,10.78,0.00,667
14.859,16.74,0.12,0.80,10.86,13.17,9.62,665
14.876,16.72,0.08,0.61,0.38,13.17,0.00,662
14.893,16.75,0.13,0.86,12.93,15.31,11.67,660
14.910,16.70,0.06,0.47,0.30,15.31,0.00,659
14.926,16.77,0.10,0.83,9.85,17.85,8.82,659
14.946,19.60,0.10,0.59,0.42,17.85,0.00,668
14.960,13.80,0.08,0.59,9.04,11.98,7.98,664
14.977,16.79,0.08,0.52,0.45,11.98,0.00,664
14.993,16.74,0.09,0.56,9.10,14.12,8.06,665
15.010,16.72,0.07,0.51,0.37,14.12,0.00,664
15.027,16.79,0.17,0.84,10.41,14.41,9.06,664
15.043,16.67,0.08,0.49,0.34,14.41,0.00,662
15.060,16.76,0.13,0.91,9.81,15.93,8.78,659
15.077,16.67,0.08,0.63,0.46,15.93,0.00,659
15.094,16.77,0.13,0.85,10.55,11.88,9.47,658
15.107,13.12,0.06,0.40,4.03,11.88,0.00,657
15.128,20.76,0.11,0.79,9.88,14.51,8.54,655
15.144,16.34,0.08,0.59,0.43,14.51,0.00,654
15.161,16.74,0.12,0.85,12.24,9.53,11.24,653
15.177,16.72,0.08,0.57,0.35,9.53,0.00,652
15.194,16.75,0.12,0.77,11.50,16.42,10.52,652
15.211,16.67,0.08,0.57,0.39,16.42,0.00,650
15.228,16.80,0.13,0.90,10.50,15.38,9.49,647
15.244,16.72,0.08,0.57,0.43,15.38,0.00,647
15.261,16.75,0.12,0.81,12.28,14.17,11.24,646
15.278,16.72,0.08,0.57,0.38,14.17,0.00,646
15.295,16.76,0.11,0.83,10.04,15.65,9.04,643
15.311,16.70,0.08,0.59,0.38,15.65,0.00,643
15.328,16.75,0.12,0.82,12.15,13.42,11.16,641
15.345,16.72,0.08,0.62,0.34,13.42,0.00,640
15.361,16.78,0.22,0.79,10.24,15.21,9.20,640
15.378,16.72,0.09,0.60,0.46,15.21,0.00,640
15.395,16.73,0.11,0.75,11.15,12.92,9.89,639
15.412,16.72,0.07,0.55,0.37,12.92,0.00,637
15.427,14.98,0.08,0.57,11.16,13.76,8.55,645
15.445,18.43,0.15,0.91,0.46,13.76,0.00,696
15.462,16.79,0.12,0.85,9.28,15.63,8.19,696
15.479,16.76,0.13,0.87,0.47,15.63,0.00,695
15.495,16.76,0.09,0.83,8.06,11.26,7.24,692
15.512,16.92,0.11,0.92,0.45,11.26,0.00,692
15.529,16.52,0.12,1.26,10.46,13.68,9.38,691
15.542,13.05,0.08,0.59,3.55,13.68,0.00,690
15.560,18.34,0.12,1.22,9.96,15.76,8.61,700
15.579,18.76,0.14,1.20,0.44,15.76,0.00,698
15.596,16.75,0.10,1.05,9.29,10.16,8.26,698
15.613,16.82,0.10,0.71,0.37,10.16,0.00,698
15.629,16.72,0.09,0.87,7.99,14.62,7.18,699
15.646,16.66,0.12,0.91,0.44,14.62,0.00,698
15.663,16.79,0.20,1.25,11.56,19.76,10.40,698
15.679,16.72,0.12,0.93,0.38,19.76,0.00,697
15.697,17.24,0.06,0.57,6.73,14.51,5.76,696
15.713,16.65,0.09,0.84,0.43,8.28,0.00,695
15.730,16.32,0.11,1.27,11.97,9.16,10.51,694
15.746,16.72,0.09,0.62,0.35,9.16,0.00,695
15.763,16.73,0.08,0.82,10.31,19.55,8.89,695
15.780,16.68,0.10,0.89,0.40,19.55,0.00,695
15.797,16.80,0.13,1.28,10.67,12.47,9.46,695
15.813,16.71,0.10,0.65,0.39,12.47,0.00,694
15.830,16.73,0.08,0.82,9.54,18.08,8.44,695
15.847,16.77,0.09,0.81,0.43,18.08,0.00,694
15.864,16.74,0.11,1.29,10.92,10.28,9.51,694
15.880,16.72,0.09,0.86,0.40,10.28,0.00,695
15.897,16.67,0.13,1.24,11.25,14.69,10.15,697
15.914,16.79,0.10,0.81,0.41,14.69,0.00,696
15.930,16.74,0.11,0.79,9.73,13.34,8.40,696
15.947,16.66,0.11,0.87,0.48,13.34,0.00,695
15.964,16.88,0.12,1.25,9.80,10.39,8.74,697
15.981,16.68,0.09,0.88,0.43,10.39,0.00,698
15.997,16.74,0.11,1.19,9.69,13.47,8.68,698
16.014,16.78,0.08,0.84,0.40,13.47,0.00,700
16.031,16.68,0.07,1.15,9.70,17.20,8.70,700
16.048,16.73,0.09,0.86,0.37,17.20,0.00,702
16.064,16.75,0.11,1.23,9.81,17.52,8.80,702
16.081,16.74,0.09,0.82,0.40,17.52,0.00,701
16.098,16.74,0.11,1.27,9.82,17.60,8.81,702
16.115,16.72,0.09,0.83,0.39,17.60,0.00,704
16.131,16.76,0.11,1.30,11.57,17.30,10.53,705
16.148,16.71,0.09,0.87,0.38,17.30,0.00,706
16.165,16.75,0.10,1.20,12.08,14.52,11.04,705
16.181,16.74,0.07,0.63,0.30,14.52,0.00,705
16.198,16.70,0.08,0.81,9.51,17.63,8.57,706
16.215,16.74,0.09,0.93,0.38,6.17,0.00,708
16.234,19.54,0.08,0.77,8.98,9.57,7.96,708
16.248,13.93,0.07,0.66,0.34,9.57,0.00,707
16.265,16.76,0.08,0.83,9.07,15.38,8.07,708
16.282,16.69,0.07,0.65,0.39,15.38,0.00,709
16.299,16.75,0.08,1.07,10.10,9.21,8.78,711
16.315,16.73,0.09,0.70,0.37,9.21,0.00,712
16.332,16.68,0.08,1.05,9.67,13.90,8.64,712
16.349,16.82,0.09,0.83,0.44,13.90,0.00,713
16.366,16.74,0.21,1.17,11.59,13.75,10.58,714
16.382,16.70,0.09,0.81,0.42,13.75,0.00,716
16.402,19.35,0.13,0.87,9.05,17.63,8.06,716
16.416,14.37,0.07,0.63,0.32,17.63,0.00,716
16.433,16.54,0.07,0.74,9.03,17.06,8.06,714
16.449,16.70,0.09,0.81,0.40,17.06,0.00,714
16.466,16.75,0.11,1.09,9.72,14.06,8.70,713
16.483,16.72,0.08,0.75,0.38,14.06,0.00,713
16.499,16.76,0.43,1.12,12.03,15.12,11.02,738
16.516,16.70,0.07,0.58,0.29,15.12,0.00,738
16.533,16.80,0.08,0.75,9.37,18.31,8.41,737
16.550,16.72,0.10,0.78,0.37,5.90,0.00,734
16.566,16.75,0.11,1.19,10.81,9.99,9.78,736
16.583,16.69,0.09,0.79,0.39,9.99,0.00,736
16.598,15.33,0.08,0.80,9.01,14.06,7.65,734
16.617,18.13,0.09,0.70,0.34,5.51,0.00,731
16.633,16.79,0.10,1.23,9.68,9.02,8.64,731
16.650,16.70,0.09,0.79,0.38,9.02,0.00,732
16.667,16.74,0.13,1.17,9.60,12.89,8.38,733
16.684,16.71,0.08,0.81,0.44,12.89,0.00,733
16.700,16.72,0.11,1.25,10.96,10.96,9.64,732
16.717,16.75,0.12,0.77,0.45,10.96,0.00,730
16.734,16.73,0.08,0.80,9.12,13.60,8.15,730
16.752,18.02,0.12,0.87,0.45,13.60,0.00,729
16.768,15.80,0.08,0.75,9.55,12.95,8.57,727
16.784,16.35,0.09,0.78,0.41,12.95,0.00,727
16.801,16.79,0.24,1.21,10.48,15.15,9.39,725
16.817,16.70,0.11,0.90,0.40,15.15,0.00,725
16.834,16.79,0.12,1.18,12.24,16.42,11.22,723
16.851,16.67,0.07,0.59,0.30,16.42,0.00,722
16.868,16.81,0.07,1.06,9.52,18.51,8.51,720
16.884,16.76,0.09,0.84,0.34,6.01,0.00,716
16.901,16.70,0.08,0.79,10.06,10.13,8.73,714
16.918,16.73,0.08,0.79,0.40,10.13,0.00,712
16.935,16.77,0.10,1.18,11.08,13.01,9.75,708
16.951,16.62,0.09,0.82,0.42,13.01,0.00,706
16.968,16.81,0.13,1.14,9.73,14.88,8.71,704
16.985,16.74,0.09,0.87,0.42,6.04,0.00,701
17.005,20.19,0.11,1.02,9.29,8.95,8.24,706
17.018,13.30,0.07,0.65,0.33,8.95,0.00,713
17.035,16.77,0.09,0.77,9.75,17.77,8.68,715
17.052,16.61,0.08,0.60,0.40,17.77,0.00,716
17.068,16.80,0.09,0.79,9.26,12.42,8.30,716
17.085,16.69,0.08,0.78,0.43,12.42,0.00,713
17.102,16.75,0.16,1.24,10.42,10.73,9.35,716
17.115,13.25,0.09,0.72,2.96,10.73,0.00,715
17.132,16.51,0.11,1.04,12.98,16.08,9.51,715
17.152,20.48,0.09,0.79,0.40,16.08,0.00,713
17.169,16.74,0.07,0.98,9.71,13.79,8.68,712
17.186,16.74,0.08,0.76,0.39,13.79,0.00,712
17.202,16.74,0.12,1.11,9.65,14.15,8.66,712
17.219,16.72,0.08,0.73,0.38,14.15,0.00,712
17.236,16.75,0.12,1.09,12.09,14.46,11.09,712
17.253,16.73,0.08,0.73,0.38,14.46,0.00,713
17.269,16.74,0.12,1.08,8.65,17.05,7.63,712
17.286,16.73,0.07,0.61,0.38,5.83,0.00,711
17.303,16.81,0.18,1.06,12.87,10.28,11.59,710
17.320,16.70,0.08,0.70,0.39,10.28,0.00,710
17.336,16.70,0.11,1.22,11.73,15.76,10.73,710
17.353,16.70,0.06,0.70,0.38,15.76,0.00,709
17.370,16.78,0.12,1.03,11.54,12.54,10.27,707
17.386,16.69,0.08,0.73,0.39,12.54,0.00,704
17.403,16.77,0.13,1.15,10.89,13.42,9.55,704
17.422,19.31,0.10,0.59,0.48,13.42,0.00,715
17.437,14.16,0.08,0.70,8.90,12.09,7.87,715
17.453,16.64,0.07,0.36,0.34,12.09,0.00,712
17.470,16.76,0.22,0.97,9.89,12.18,8.84,739
17.487,16.80,0.07,0.59,0.37,12.18,0.00,739
17.504,16.68,0.10,0.78,9.39,13.98,8.36,738
17.520,16.76,0.08,0.82,0.49,13.98,0.00,738
17.538,17.87,0.12,1.24,9.35,16.56,8.35,736
17.554,15.84,0.10,0.72,0.40,16.56,0.00,738
17.571,16.53,0.14,0.72,9.38,18.43,8.39,736
17.587,16.69,0.07,0.59,0.31,18.43,0.00,737
17.604,16.74,0.08,1.07,9.62,17.18,8.55,735
17.621,16.80,0.08,0.61,0.39,17.18,0.00,737
17.637,16.68,0.08,1.10,9.74,16.92,8.66,740
17.657,19.25,0.10,0.76,7.54,5.92,6.66,748
17.671,14.22,0.07,0.66,0.34,5.92,0.00,748
17.688,16.66,0.08,0.85,0.47,13.61,0.00,751
17.704,16.81,0.12,1.20,9.81,12.38,8.74,750
17.721,16.70,0.10,0.79,0.41,12.38,0.00,751
17.738,16.82,0.11,1.42,9.91,15.19,8.85,750
17.755,16.62,0.09,0.86,0.43,15.19,0.00,747
17.771,16.79,0.11,1.18,9.79,11.62,8.51,745
17.788,16.75,0.15,0.80,0.48,11.62,0.00,745
17.806,17.68,0.19,1.30,9.06,10.86,8.02,743
17.822,16.08,0.08,0.63,0.38,10.86,0.00,743
17.838,16.43,0.13,1.19,9.75,12.79,8.67,743
17.855,16.72,0.09,0.86,0.43,12.79,0.00,744
17.872,16.74,0.12,1.20,10.99,16.30,9.74,743
17.888,16.72,0.10,0.77,0.41,16.30,0.00,743
17.905,16.77,0.19,1.12,10.77,17.06,9.50,743
17.922,16.70,0.09,0.84,0.39,17.06,0.00,745
17.939,16.70,0.12,1.31,10.99,16.41,9.93,742
17.955,16.78,0.10,0.79,0.42,16.41,0.00,741
17.972,16.74,0.12,1.18,12.08,16.75,11.06,741
17.989,16.71,0.08,0.84,0.40,16.75,0.00,742
18.006,16.74,0.13,1.12,9.72,17.02,8.71,742
18.022,16.73,0.08,0.85,0.38,5.58,0.00,742
18.039,16.74,0.12,1.17,11.89,10.13,10.90,742
18.056,16.72,0.08,0.80,0.38,10.13,0.00,738
18.072,16.72,0.11,1.16,10.20,14.34,9.18,742
18.089,16.74,0.08,0.88,0.39,14.34,0.00,741
18.106,16.76,0.17,1.13,10.36,9.51,9.34,736
18.123,16.71,0.08,0.83,0.38,9.51,0.00,732
18.139,16.74,0.13,1.18,12.04,12.50,11.02,734
18.156,16.71,0.07,0.65,7.43,12.50,6.45,732
18.173,16.74,0.07,0.67,0.31,8.66,0.00,731
18.190,16.72,0.08,1.16,6.59,9.27,5.76,731
18.206,16.75,0.08,0.81,0.45,9.44,0.00,725
18.223,16.75,0.12,1.15,12.78,10.50,11.52,717
18.240,16.72,0.09,0.80,0.38,10.50,0.00,716
18.257,16.75,0.13,1.16,12.70,16.68,11.45,715
18.273,16.71,0.06,0.59,0.31,16.68,0.00,712
18.290,16.74,0.12,1.41,9.76,17.21,8.78,761
18.307,16.73,0.07,1.03,0.39,17.21,0.00,759
18.324,16.73,0.08,0.76,8.01,20.45,6.82,756
18.340,16.75,0.10,1.09,0.37,8.07,0.00,753
18.357,16.76,0.14,1.48,11.41,10.46,10.14,753
18.374,16.71,0.10,1.04,0.36,10.46,0.00,751
18.390,16.75,0.15,1.50,11.84,17.88,10.86,749
18.407,16.72,0.10,1.06,0.38,17.88,0.00,747
18.424,16.75,0.15,1.57,10.36,15.03,9.10,745
18.441,16.73,0.11,1.04,0.39,15.03,0.00,744
18.457,16.70,0.09,1.05,9.15,12.01,8.16,743
18.474,16.78,0.10,1.02,0.41,12.01,0.00,745
18.490,15.51,0.12,1.60,7.01,15.04,6.47,755
18.508,17.96,0.07,0.28,0.11,15.04,0.00,774
18.524,16.69,0.02,0.18,3.30,10.29,2.75,773
18.541,16.81,0.07,0.84,0.37,9.98,0.00,772
18.558,16.76,0.26,1.45,10.06,13.61,9.07,771
18.575,16.69,0.11,1.16,0.43,13.61,0.00,774
18.591,16.72,0.08,0.78,8.09,15.70,6.86,774
18.608,16.76,0.07,0.75,0.34,23.98,0.00,774
18.625,16.76,0.22,1.47,12.14,7.52,10.74,772
18.639,14.52,0.07,0.75,1.62,7.52,0.00,771
18.658,19.17,0.16,1.43,9.70,14.81,8.56,773
18.675,16.41,0.09,1.04,0.42,14.81,0.00,775
18.692,16.82,0.12,1.49,11.98,16.15,10.90,773
18.708,16.73,0.07,0.76,0.28,16.15,0.00,775
18.725,16.74,0.08,0.92,8.98,18.55,7.93,773
18.742,16.73,0.09,1.06,0.37,6.99,0.00,771
18.759,16.75,0.12,1.47,11.93,11.26,10.89,772
18.775,16.75,0.07,0.82,0.35,11.26,0.00,771
18.792,16.71,0.08,0.97,9.02,17.98,7.99,771
18.809,16.74,0.09,0.99,0.43,17.98,0.00,771
18.826,16.77,0.16,1.39,12.18,10.19,11.05,771
18.842,16.70,0.08,0.80,0.34,10.19,0.00,770
18.859,16.67,0.06,0.59,7.53,18.52,6.26,763
18.876,16.80,0.09,1.15,0.39,8.62,0.00,764
18.892,16.70,0.13,1.44,12.85,8.06,11.65,763
18.909,16.76,0.08,0.77,0.32,8.06,0.00,761
18.926,16.67,0.05,0.50,27.10,23.87,9.61,761
18.954,27.82,0.09,1.00,4.89,23.87,0.00,757
18.960,6.06,0.08,0.90,25.12,21.21,8.66,756
18.986,26.23,0.09,0.96,6.16,21.21,0.00,757
18.993,7.30,0.07,1.02,21.91,19.69,6.13,756
19.016,23.12,0.06,0.63,9.29,19.69,0.00,757
19.027,10.10,0.07,0.68,26.14,16.83,8.79,745
19.054,27.08,0.13,1.26,5.38,16.83,0.00,743
19.061,6.87,0.11,1.41,27.70,19.55,12.06,743
19.093,32.78,0.08,0.93,8.49,7.12,7.53,743
19.110,16.80,0.10,0.97,0.42,7.12,0.00,740
19.127,16.69,0.12,1.43,9.80,13.14,8.77,741
19.144,16.78,0.09,0.99,0.39,13.14,0.00,739
19.160,16.74,0.13,1.39,12.05,16.98,11.04,739
19.177,16.72,0.07,0.73,0.32,16.98,0.00,739
19.194,16.73,0.13,1.38,9.64,15.04,8.63,740
19.210,16.73,0.07,0.89,0.40,15.04,0.00,741
19.227,16.73,0.07,1.23,9.66,10.63,8.67,741
19.244,16.73,0.09,0.95,0.39,10.63,0.00,739
19.258,14.54,0.08,0.89,11.28,14.51,8.80,749
19.278,19.03,0.36,0.77,0.37,14.51,0.00,748
19.294,16.66,0.12,1.02,9.35,11.31,8.34,748
19.311,16.66,0.10,1.09,0.47,11.31,0.00,748
19.328,16.78,0.13,1.40,7.70,12.77,6.36,747
19.344,16.79,0.11,1.06,0.44,12.77,0.00,748
19.361,16.64,0.15,1.46,12.91,16.75,11.54,745
19.378,16.82,0.09,1.01,0.42,16.75,0.00,744
19.394,16.61,0.06,0.59,6.96,21.79,5.69,741
19.411,16.83,0.11,1.02,0.47,7.42,0.00,737
19.428,16.70,0.14,1.50,12.79,9.05,11.39,736
19.443,15.25,0.10,0.85,1.29,9.05,0.00,734
19.461,18.23,0.08,1.19,10.06,18.82,8.95,728
19.478,16.74,0.10,0.86,0.38,18.82,0.00,725
19.495,16.75,0.13,1.32,9.70,11.03,8.58,726
19.512,16.68,0.09,0.89,0.41,11.03,0.00,724
19.528,16.79,0.13,1.31,9.50,15.12,8.49,724
19.545,16.73,0.10,0.94,0.46,15.12,0.00,724
19.562,16.74,0.15,1.26,10.90,10.73,9.61,722
19.579,16.71,0.10,0.91,0.44,10.73,0.00,722
19.595,16.70,0.13,1.38,10.54,15.32,9.39,719
19.612,16.77,0.09,0.91,0.46,15.32,0.00,720
19.629,16.76,0.11,1.52,10.38,12.74,9.37,717
19.646,16.70,0.09,0.88,0.39,12.74,0.00,716
19.662,16.76,0.12,1.29,9.66,13.74,8.65,716
19.679,16.73,0.12,0.92,0.41,13.74,0.00,714
19.696,16.74,0.13,1.31,11.09,17.57,9.82,714
19.712,16.64,0.07,0.88,0.39,17.57,0.00,714
19.729,16.82,0.13,1.28,9.51,19.11,8.50,711
19.746,16.72,0.08,0.90,0.39,19.11,0.00,711
19.763,16.75,0.13,1.32,10.70,17.12,9.43,710
19.779,16.72,0.08,0.88,0.34,17.12,0.00,706
19.796,16.76,0.11,1.30,11.93,18.40,10.67,703
19.813,16.71,0.08,0.84,0.37,18.40,0.00,703
19.830,16.76,0.12,1.25,10.22,14.04,9.23,703
19.846,16.72,0.08,0.88,0.36,14.04,0.00,701
19.863,16.68,0.11,1.35,12.19,15.06,11.14,699
19.880,16.79,0.08,0.75,0.36,15.06,0.00,698
19.897,16.72,0.07,0.85,9.04,16.42,8.05,697
19.913,16.74,0.08,0.90,0.37,5.25,0.00,696
19.930,16.74,0.11,1.24,10.84,8.87,9.54,692
19.947,16.72,0.09,0.81,0.40,8.87,0.00,692
19.964,16.76,0.11,1.23,12.03,13.11,10.99,692
19.980,16.72,0.07,0.80,0.38,13.11,0.00,690
19.995,14.97,0.08,0.80,8.08,14.98,6.65,700
20.014,18.52,0.08,0.83,0.34,14.98,0.00,699
20.030,16.67,0.14,0.89,8.67,10.97,7.29,700
20.047,16.82,0.09,0.93,0.40,10.97,0.00,697
20.064,16.63,0.06,0.45,7.23,10.19,6.43,696
20.081,16.89,0.21,1.30,0.62,10.19,0.00,693
20.098,16.89,0.12,1.19,11.67,7.95,10.32,754
20.114,16.49,0.12,1.20,0.41,7.95,0.00,754
20.131,16.68,0.06,0.57,28.85,23.60,11.12,753
20.165,34.24,0.11,1.12,8.99,12.83,7.84,745
20.181,16.13,0.15,0.90,0.35,12.83,0.00,742
20.198,16.58,0.06,0.60,5.71,15.41,4.98,736
20.215,16.75,0.10,1.22,0.39,8.74,0.00,728
20.231,16.75,0.13,1.68,11.83,10.88,10.48,724
20.248,16.72,0.09,1.16,0.36,10.88,0.00,721
20.265,16.71,0.06,0.57,6.35,20.06,5.48,692
20.281,16.76,0.09,0.99,0.42,8.04,0.00,693
20.298,16.76,0.19,1.38,13.58,9.56,12.13,692
20.315,16.64,0.10,0.97,0.40,9.56,0.00,691
20.332,16.81,0.13,1.32,28.81,28.10,11.76,694
20.365,33.45,0.09,0.95,8.13,28.10,7.08,693
20.382,16.67,0.10,0.89,16.94,17.60,0.00,693
20.400,18.04,0.13,1.36,27.64,12.92,11.83,696
20.432,32.22,0.10,1.03,8.55,12.92,7.52,697
20.449,16.66,0.08,0.69,17.10,16.92,0.00,695
20.467,18.00,0.12,1.33,27.43,9.35,11.47,694
20.499,32.24,0.11,0.99,8.85,9.35,7.74,692
20.516,16.71,0.17,0.71,16.64,13.81,0.00,722
20.533,17.61,0.07,0.72,24.86,9.33,8.31,723
20.559,25.75,0.07,0.76,14.73,13.64,7.13,721
20.575,15.67,0.07,0.77,7.89,13.64,0.00,723
20.585,10.69,0.07,0.73,14.16,13.74,0.00,732
20.601,15.26,0.11,0.85,25.06,8.99,8.93,733
20.627,26.42,0.09,0.76,13.43,9.72,7.21,733
20.642,14.54,0.07,0.55,8.16,9.72,0.00,733
20.651,8.89,0.06,0.80,15.73,13.08,0.00,733
20.667,16.71,0.17,1.36,27.86,7.92,11.58,733
20.700,32.63,0.18,1.07,8.01,7.92,7.01,732
20.717,16.71,0.08,0.78,0.32,13.82,0.00,731
20.734,17.51,0.09,0.96,9.07,9.39,8.06,729
20.750,16.24,0.09,0.97,0.40,9.39,0.00,727
20.767,16.45,0.10,1.03,9.34,14.96,8.36,728
20.783,16.74,0.09,1.02,0.38,14.96,0.00,728
20.800,16.77,0.26,1.42,12.26,14.91,11.25,729
20.817,16.68,0.08,0.79,0.28,14.91,0.00,724
20.834,16.74,0.10,0.94,9.21,21.38,8.25,727
20.850,16.74,0.10,1.01,0.37,21.38,0.00,727
20.867,16.73,0.10,1.02,10.07,18.83,9.07,726
20.884,16.73,0.09,1.03,0.39,18.83,0.00,726
20.901,16.75,0.11,0.94,10.09,19.48,9.11,724
20.917,16.73,0.10,0.98,0.41,19.48,0.00,723
20.934,16.74,0.14,1.44,10.91,10.39,9.63,725
20.951,16.72,0.10,0.96,0.34,10.39,0.00,725
20.968,16.75,0.19,1.31,10.75,17.36,9.52,727
20.984,16.72,0.11,1.00,0.39,17.36,0.00,730
21.001,16.75,0.14,1.40,10.57,12.66,9.32,731
21.018,16.73,0.11,0.92,0.39,12.66,0.00,732
21.035,16.74,0.14,1.38,9.41,16.27,8.37,731
21.051,16.72,0.08,0.99,0.38,16.27,0.00,731
21.068,16.74,0.13,1.36,10.76,11.31,9.52,732
21.085,16.72,0.09,0.94,0.37,11.31,0.00,734
21.101,16.73,0.08,0.98,9.95,16.49,8.75,735
21.118,16.74,0.08,0.96,0.40,16.49,0.00,737
21.135,16.78,0.15,1.37,12.47,12.49,11.43,738
21.152,16.68,0.07,0.73,0.29,12.49,0.00,738
21.168,16.75,0.14,1.45,9.54,16.07,8.53,740
21.185,16.72,0.08,0.90,0.39,16.07,0.00,736
21.202,16.73,0.09,1.27,9.52,18.91,8.52,737
21.219,16.74,0.08,0.94,0.39,18.91,0.00,740
21.235,16.75,0.14,1.26,10.94,20.69,9.95,740
21.252,16.72,0.08,0.89,0.36,20.69,0.00,739
21.269,16.76,0.11,1.34,9.96,12.48,8.95,739
21.286,16.71,0.08,0.87,0.36,12.48,0.00,741
21.302,16.75,0.13,1.36,12.50,18.42,11.48,742
21.319,16.70,0.06,0.69,0.26,18.42,0.00,743
21.336,16.74,0.08,1.23,9.67,16.33,8.64,742
21.352,16.77,0.08,0.91,0.45,16.33,0.00,740
21.368,15.09,0.08,0.85,9.69,14.88,7.54,751
21.386,18.37,0.22,0.89,0.37,14.88,0.00,753
21.403,16.70,0.08,0.91,9.18,11.98,8.15,752
21.419,16.77,0.07,0.71,0.38,11.98,0.00,751
21.436,16.73,0.08,0.89,6.83,16.12,6.00,750
21.453,16.75,0.11,1.08,0.42,9.35,0.00,751
21.470,16.73,0.12,1.36,12.28,9.83,10.91,751
21.486,16.72,0.26,1.03,0.40,9.83,0.00,782
21.504,17.24,0.08,0.58,30.58,26.29,12.59,781
21.537,33.41,0.13,1.49,11.91,14.40,10.75,774
21.553,16.28,0.08,0.78,0.32,14.40,0.00,773
21.570,16.70,0.07,0.64,28.99,25.78,11.11,773
21.603,33.52,0.11,1.01,8.92,25.78,7.87,761
21.620,16.75,0.09,1.02,0.40,13.33,0.00,760
21.637,16.72,0.15,1.46,10.68,11.37,9.66,758
21.654,16.72,0.10,0.97,0.36,11.37,0.00,757
21.670,16.74,0.14,1.47,10.65,14.83,9.63,759
21.687,16.73,0.09,0.96,0.38,14.83,0.00,759
21.704,16.74,0.14,1.41,10.03,17.79,9.04,756
21.721,16.73,0.10,0.98,0.43,6.06,0.00,756
21.737,16.74,0.14,1.47,10.82,10.55,9.56,754
21.754,16.72,0.10,1.02,0.37,10.55,0.00,754
21.771,16.75,0.14,1.45,10.11,15.09,9.12,753
21.788,16.72,0.08,1.00,0.36,15.09,0.00,749
21.804,16.75,0.13,1.46,11.91,11.38,10.88,748
21.821,16.72,0.10,1.01,0.37,11.38,0.00,746
21.838,16.72,0.08,0.96,9.29,19.58,8.35,742
21.854,16.74,0.08,1.01,0.40,19.58,0.00,742
21.871,16.75,0.14,1.50,11.80,11.97,10.79,740
21.888,16.72,0.09,1.01,0.41,11.97,0.00,738
21.905,16.70,0.11,1.32,10.20,15.34,9.13,738
21.921,16.72,0.11,1.07,0.42,15.34,0.00,736
21.938,16.86,0.23,1.35,10.60,16.64,9.60,733
21.955,16.58,0.09,0.98,0.38,16.64,0.00,731
21.972,16.73,0.08,1.40,9.65,17.19,8.62,728
21.988,16.86,0.09,0.99,0.38,17.19,0.00,727
22.005,16.60,0.09,1.40,9.69,15.54,8.67,725
22.022,16.78,0.08,0.76,0.30,15.54,0.00,723
22.038,16.68,0.09,1.43,9.47,15.83,8.48,716
22.055,16.74,0.09,1.02,0.41,15.83,0.00,715
22.072,16.75,0.12,1.16,10.28,15.41,9.29,711
22.089,16.72,0.09,0.80,0.38,15.41,0.00,709
22.105,16.76,0.13,1.20,11.51,15.87,10.48,706
22.122,16.71,0.08,0.80,0.39,15.87,0.00,705
22.139,16.75,0.12,1.13,10.58,11.60,9.33,702
22.156,16.72,0.09,0.73,0.39,11.60,0.00,696
22.172,16.75,0.11,1.08,9.73,13.30,8.61,696
22.189,16.72,0.09,0.73,0.42,13.30,0.00,694
22.206,16.77,0.12,1.10,12.16,9.88,11.14,693
22.223,16.71,0.07,0.56,0.33,9.88,0.00,692
22.239,16.73,0.11,1.11,9.58,17.64,8.54,692
22.256,16.72,0.09,0.75,0.41,17.64,0.00,690
22.273,16.75,0.11,1.08,9.69,14.59,8.65,687
22.289,16.72,0.09,0.73,8.06,10.92,7.09,687
22.306,16.73,0.07,0.58,0.35,10.92,0.00,685
22.323,16.74,0.08,1.03,9.85,12.86,8.81,684
22.340,16.74,0.09,0.73,0.40,12.86,0.00,683
22.356,16.80,0.11,1.15,11.14,14.70,10.08,679
22.376,19.29,0.10,0.73,0.44,14.70,0.00,689
22.390,14.17,0.09,0.75,9.14,14.07,8.03,688
22.407,16.78,0.06,0.50,0.45,14.07,0.00,684
22.423,16.63,0.05,0.43,9.29,14.69,8.32,681
22.440,16.82,0.08,0.75,0.47,14.69,0.00,678
22.457,16.71,0.56,1.16,9.97,13.85,8.79,679
22.474,16.70,0.09,0.75,0.38,13.85,0.00,677
22.490,16.79,0.11,1.07,9.85,15.45,8.84,676
22.507,16.69,0.09,0.67,0.50,6.06,0.00,675
22.521,13.65,0.36,1.08,3.07,9.92,0.00,702
22.541,20.31,0.12,1.03,11.89,10.76,10.60,704
22.557,16.22,0.09,0.81,8.33,11.43,7.34,702
22.574,16.73,0.09,0.79,0.43,11.43,0.00,701
22.591,16.75,0.12,1.19,9.78,12.40,8.72,698
22.607,16.79,0.12,0.79,0.42,12.40,0.00,697
22.624,16.68,0.11,1.09,12.24,11.31,11.17,692
22.641,16.71,0.07,0.68,0.40,11.31,0.00,692
22.658,16.79,0.08,0.88,9.67,14.95,8.62,690
22.674,16.69,0.08,0.74,0.40,14.95,0.00,690
22.691,16.91,0.15,0.97,10.86,15.03,9.55,688
22.708,16.56,0.08,0.68,0.42,15.03,0.00,687
22.725,16.84,0.19,0.98,10.32,16.55,9.24,687
22.741,16.69,0.08,0.72,0.41,16.55,0.00,687
22.758,16.75,0.12,1.10,12.07,15.97,11.04,681
22.775,16.66,0.08,0.71,0.36,15.97,0.00,680
22.792,16.81,0.13,1.01,10.78,17.92,9.50,679
22.808,16.72,0.08,0.68,0.37,17.92,0.00,677
22.825,16.75,0.12,1.02,9.64,10.76,8.62,676
22.842,16.72,0.07,0.66,0.37,10.76,0.00,675
22.858,16.75,0.12,0.96,10.53,14.00,9.54,675
22.875,16.72,0.08,0.72,0.39,14.00,0.00,675
22.892,16.75,0.13,1.03,10.76,15.00,9.52,675
22.909,16.72,0.07,0.71,0.37,15.00,0.00,674
22.925,16.75,0.12,1.06,10.06,11.30,8.97,675
22.942,16.72,0.10,0.79,0.43,11.30,0.00,676
22.959,16.72,0.07,0.96,9.90,13.39,8.89,678
22.976,16.74,0.07,0.71,0.37,13.39,0.00,678
22.992,16.75,0.11,0.98,10.37,11.55,9.37,678
23.009,16.73,0.07,0.73,0.34,11.55,0.00,678
23.026,16.74,0.12,1.00,12.10,13.15,11.06,679
23.042,16.68,0.09,0.67,0.38,13.15,0.00,676
23.059,16.79,0.12,0.94,9.94,19.18,8.92,675
23.076,16.72,0.07,0.71,0.38,19.18,0.00,676
23.093,16.75,0.12,0.98,11.65,16.88,10.65,676
23.109,16.71,0.07,0.70,0.36,16.88,0.00,675
23.126,16.74,0.11,0.96,9.71,18.73,8.72,674
23.143,16.72,0.07,0.64,0.37,18.73,0.00,673
23.160,16.75,0.12,0.93,12.21,10.84,11.22,673
23.176,16.72,0.07,0.69,0.39,10.84,0.00,672
23.193,16.75,0.12,0.98,10.51,17.83,9.27,671
23.210,16.72,0.07,0.69,0.38,17.83,0.00,671
23.227,16.75,0.11,0.96,10.76,10.21,9.53,669
23.243,16.72,0.07,0.69,0.39,10.21,0.00,669
23.260,16.68,0.10,1.00,11.53,14.30,10.52,667
23.277,16.79,0.07,0.70,0.40,14.30,0.00,666
23.294,16.73,0.07,0.63,9.52,12.87,8.51,664
23.310,16.74,0.08,0.68,0.41,12.87,0.00,662
23.327,16.74,0.11,0.91,10.80,9.89,9.56,659
23.344,16.67,0.09,0.70,0.46,9.89,0.00,659
23.360,16.77,0.12,1.05,10.79,16.37,9.67,660
23.377,16.75,0.09,0.71,0.51,16.37,0.00,656
23.394,16.72,0.05,0.38,6.10,15.82,5.39,657
23.411,16.69,0.11,1.00,0.68,11.15,0.00,656
23.427,16.79,0.12,0.99,12.31,11.17,11.04,655
23.444,16.72,0.08,0.66,0.45,11.17,0.00,654
23.461,16.70,0.10,0.90,11.06,17.29,9.81,648
23.478,16.76,0.07,0.60,0.38,17.29,0.00,641
23.494,16.68,0.36,1.07,10.02,15.68,8.85,690
23.511,16.70,0.06,0.56,0.38,15.68,0.00,690
23.528,16.72,0.06,0.62,7.98,16.38,7.00,689
23.544,16.80,0.08,0.80,0.44,16.38,0.00,687
23.561,16.69,0.11,1.07,12.89,12.98,11.57,686
23.578,16.71,0.08,0.75,0.39,12.98,0.00,685
23.595,16.75,0.10,1.05,11.85,16.94,10.53,684
23.611,16.73,0.08,0.74,0.42,16.94,0.00,682
23.628,16.81,0.12,1.08,10.82,11.23,9.56,682
23.645,16.66,0.08,0.72,0.39,11.23,0.00,681
23.662,16.73,0.11,1.05,12.06,13.31,11.07,681
23.678,16.72,0.08,0.75,0.37,13.31,0.00,681
23.695,16.74,0.16,1.44,11.88,14.75,10.86,734
23.712,16.73,0.09,0.97,0.38,14.75,0.00,735
23.729,16.78,0.13,0.58,29.48,24.59,11.68,736
23.762,33.45,0.12,1.44,9.06,8.34,8.05,734
23.779,16.76,0.10,1.03,0.41,8.34,0.00,733
23.795,16.69,0.15,1.47,12.07,17.44,10.93,733
23.812,16.71,0.07,0.78,0.30,17.44,0.00,732
23.829,16.73,0.06,0.62,6.25,13.56,5.43,732
23.846,16.79,0.13,1.02,0.40,8.46,0.00,729
23.862,16.71,0.13,1.47,12.14,9.43,11.13,728
23.879,16.71,0.07,0.76,0.31,9.43,0.00,729
23.896,16.76,0.15,1.50,9.42,20.01,8.38,730
23.913,16.72,0.10,0.96,0.41,20.01,0.00,730
23.929,16.75,0.13,1.51,9.79,11.75,8.74,730
23.946,16.72,0.10,1.06,0.44,11.75,0.00,729
23.963,16.74,0.14,1.39,10.71,16.97,9.67,730
23.979,16.72,0.09,0.96,0.36,16.97,0.00,731
23.996,16.75,0.14,2.83,9.31,14.41,8.31,740
24.013,16.76,0.09,0.82,0.34,14.41,0.00,739
24.030,16.68,0.05,0.59,9.18,13.67,8.17,742
24.046,16.76,0.10,1.22,0.45,13.67,0.00,740
24.063,16.73,0.09,1.09,9.01,9.14,8.00,738
24.080,16.71,0.09,0.86,0.35,9.14,0.00,740
24.097,16.73,0.09,1.35,7.48,20.60,6.11,740
24.113,16.74,0.10,1.14,0.41,20.60,0.00,742
24.130,16.76,0.14,1.57,12.18,12.02,11.18,742
24.147,16.69,0.07,0.79,0.33,12.02,0.00,742
24.164,16.77,0.14,1.59,11.19,17.70,10.39,739
24.180,16.80,0.11,1.12,0.41,17.70,0.00,740
24.197,16.64,0.09,1.01,9.36,20.23,8.32,738
24.214,16.81,0.10,1.05,0.40,20.23,0.00,738
24.231,16.74,0.13,1.62,10.38,10.54,9.27,738
24.247,16.72,0.09,1.13,0.39,10.54,0.00,736
24.264,16.75,0.14,1.59,10.26,18.60,9.23,736
24.281,16.72,0.09,1.05,0.35,18.60,0.00,735
24.297,16.74,0.14,1.66,8.18,11.58,6.90,735
24.314,16.73,0.09,1.12,0.38,11.58,0.00,734
24.331,16.71,0.15,1.59,10.68,15.40,9.60,732
24.348,16.76,0.09,1.15,0.39,15.40,0.00,730
24.364,16.74,0.13,1.57,9.46,13.08,8.42,730
24.381,16.71,0.08,1.21,0.39,13.08,0.00,730
24.398,16.69,0.06,0.56,7.22,15.42,5.99,730
24.415,16.81,0.16,1.74,0.49,9.52,0.00,729
24.431,16.72,0.13,1.58,12.60,9.44,11.34,728
24.448,16.72,0.15,1.06,0.39,9.44,0.00,728
24.465,16.72,0.07,0.82,8.01,23.36,6.79,728
24.481,16.68,0.09,1.05,0.41,23.36,0.00,727
24.498,16.81,0.13,1.47,12.23,10.29,11.21,726
24.515,16.71,0.06,0.80,0.28,10.29,0.00,726
24.532,16.75,0.36,1.54,9.41,16.13,8.39,741
24.548,16.73,0.09,1.11,0.39,16.13,0.00,740
24.565,16.75,0.14,1.53,10.11,20.14,9.11,737
24.582,16.71,0.09,1.10,0.37,20.14,0.00,739
24.599,16.73,0.10,1.05,10.42,21.44,9.19,739
24.615,16.73,0.08,1.06,0.39,21.44,0.00,739
24.632,16.75,0.13,1.53,10.22,11.83,9.21,737
24.649,16.72,0.08,1.06,0.36,11.83,0.00,735
24.666,16.75,0.14,1.50,11.08,17.56,10.10,735
24.682,16.72,0.08,1.03,0.38,17.56,0.00,734
24.699,16.76,0.12,1.50,10.48,14.45,9.45,733
24.716,16.71,0.09,1.06,0.40,14.45,0.00,733
24.733,16.74,0.13,1.49,9.37,17.20,8.37,732
24.749,16.72,0.09,1.06,0.37,17.20,0.00,732
24.766,16.78,0.19,1.40,12.25,12.36,11.23,731
24.783,16.67,0.07,0.79,0.31,12.36,0.00,732
24.799,16.76,0.13,1.50,10.18,19.16,9.15,730
24.816,16.71,0.07,0.86,0.39,19.16,0.00,729
24.833,16.73,0.08,0.96,9.36,19.90,8.41,727
24.850,16.74,0.08,1.02,0.37,19.90,0.00,727
24.866,16.74,0.13,1.47,12.29,13.29,11.04,725
24.883,16.71,0.08,1.02,0.36,13.29,0.00,725
24.900,16.75,0.14,1.47,12.19,18.23,10.95,726
24.917,16.71,0.06,0.76,0.32,18.23,0.00,726
24.933,16.74,0.08,1.01,9.65,22.62,8.68,725
24.950,16.73,0.10,1.00,0.39,22.62,0.00,723
24.967,16.77,0.15,1.50,9.84,10.14,8.75,724
24.983,16.64,0.09,1.05,0.39,10.14,0.00,723
25.000,16.74,0.11,1.52,10.15,18.67,9.11,722
25.017,16.75,0.07,0.78,0.35,18.67,0.00,721
25.034,16.78,0.11,1.48,9.68,13.00,8.65,721
25.050,16.65,0.08,0.96,0.42,13.00,0.00,722
25.067,16.74,0.09,1.30,9.57,17.40,8.56,722
25.084,16.74,0.08,0.97,0.41,17.40,0.00,722
25.101,16.75,0.12,1.37,10.67,12.14,9.41,721
25.117,16.71,0.09,0.94,0.38,12.14,0.00,721
25.134,16.74,0.08,0.96,8.87,17.35,7.90,722
25.151,16.75,0.10,1.00,0.44,17.35,0.00,723
25.168,16.74,0.12,1.48,10.48,10.62,9.44,723
25.184,16.72,0.09,1.00,0.36,10.62,0.00,724
25.201,16.72,0.09,0.95,9.72,16.81,8.52,724
25.218,16.75,0.08,0.96,0.38,16.81,0.00,724
25.234,16.74,0.11,1.44,12.38,10.69,11.13,725
25.251,16.73,0.09,0.97,0.35,10.69,0.00,722
25.268,16.74,0.11,1.50,11.99,14.95,10.93,722
25.285,16.71,0.08,0.95,0.36,14.95,0.00,723
25.301,16.79,0.12,1.46,9.26,20.52,8.26,723
25.318,16.68,0.06,0.61,0.33,20.52,0.00,723
25.335,16.75,0.06,0.53,5.98,18.16,5.28,722
25.352,16.76,0.13,1.42,0.64,18.16,0.00,723
25.368,16.72,0.11,1.44,12.83,12.78,11.57,723
25.385,16.72,0.08,0.98,0.38,12.78,0.00,721
25.402,16.75,0.08,0.94,9.65,19.62,8.44,720
25.418,16.72,0.08,1.04,0.39,6.44,0.00,719
25.435,16.75,0.11,1.40,10.86,10.23,9.57,718
25.452,16.72,0.08,0.96,0.42,10.23,0.00,716
25.469,16.71,0.05,0.58,8.44,15.25,7.25,715
25.485,16.75,0.08,0.89,0.39,6.13,0.00,709
25.502,16.74,0.11,1.25,12.62,9.92,11.36,708
25.519,16.72,0.08,0.90,0.36,9.92,0.00,708
25.536,16.75,0.11,1.19,12.39,17.37,11.15,709
25.552,16.71,0.07,0.70,0.32,17.37,0.00,707
25.569,16.74,0.08,1.17,9.91,18.09,8.91,707
25.586,16.73,0.08,0.89,0.38,18.09,0.00,705
25.603,16.75,0.12,1.30,10.24,15.82,9.22,704
25.619,16.73,0.08,0.85,0.43,15.82,0.00,701
25.636,16.72,0.08,0.87,9.04,16.32,8.05,701
25.653,16.73,0.07,0.70,0.32,16.32,0.00,702
25.669,16.73,0.07,0.65,9.47,14.93,8.48,701
25.686,16.74,0.08,0.63,0.36,14.93,0.00,701
25.703,16.82,0.13,0.96,10.76,15.17,9.51,700
25.720,16.65,0.09,0.68,0.35,15.17,0.00,698
25.736,16.76,0.11,0.91,11.04,17.13,9.76,698
25.753,16.78,0.09,0.67,0.41,17.13,0.00,697
25.770,16.68,0.12,0.89,9.95,17.48,8.91,696
25.787,16.72,0.08,0.67,0.41,6.14,0.00,697
25.803,16.75,0.12,1.00,11.04,11.02,9.73,696
25.820,16.72,0.08,0.65,0.41,11.02,0.00,695
25.837,16.75,0.11,0.90,9.74,15.68,8.68,694
25.854,16.73,0.08,0.64,0.40,15.68,0.00,692
25.870,16.73,0.10,0.88,10.90,10.41,9.58,692
25.887,16.72,0.08,0.65,0.40,10.41,0.00,691
25.904,16.75,0.10,0.93,12.16,14.56,11.11,691
25.920,16.74,0.08,0.60,0.41,14.56,0.00,690
25.937,16.72,0.12,0.89,11.85,16.13,10.76,690
25.954,16.72,0.09,0.65,0.40,16.13,0.00,690
25.971,16.73,0.08,0.66,10.03,18.57,8.97,688
25.987,16.74,0.09,0.62,0.42,18.57,0.00,688
26.004,16.78,0.11,0.84,10.69,16.59,9.62,686
26.021,16.74,0.08,0.56,0.42,16.59,0.00,685
26.038,16.69,0.11,0.80,10.90,17.72,9.63,684
26.054,16.72,0.08,0.58,0.39,17.72,0.00,685
26.071,16.74,0.11,0.79,12.27,17.91,11.25,683
26.088,16.71,0.06,0.48,0.33,17.91,0.00,683
26.105,16.74,0.08,0.68,9.85,19.16,8.83,683
26.121,16.74,0.07,0.52,0.41,19.16,0.00,683
26.138,16.75,0.10,0.78,10.82,10.20,9.57,680
26.155,16.72,0.07,0.54,0.35,10.20,0.00,680
26.171,16.75,0.11,0.76,10.93,16.19,9.67,681
26.188,16.72,0.07,0.58,0.34,16.19,0.00,680
26.205,16.75,0.11,0.82,12.73,12.22,11.49,679
26.222,16.77,0.06,0.45,0.30,12.22,0.00,679
26.238,16.74,0.08,0.93,9.57,16.13,8.57,680
26.255,16.76,0.09,0.65,0.49,6.43,0.00,682
26.272,16.72,0.12,0.80,11.07,8.92,9.80,680
26.289,16.72,0.07,0.63,0.39,8.92,0.00,679
26.305,16.75,0.11,0.83,9.80,13.43,8.78,679
26.322,16.71,0.07,0.56,0.38,13.43,0.00,678
26.339,16.75,0.12,0.84,12.15,10.34,11.16,678
26.356,16.72,0.07,0.59,0.37,10.34,0.00,676
26.372,16.74,0.09,0.85,10.37,12.93,9.14,676
26.389,16.68,0.07,0.59,0.36,12.93,0.00,676
26.406,16.78,0.11,0.81,12.33,14.09,11.33,676
26.423,16.72,0.07,0.62,0.40,14.09,0.00,676
26.439,16.75,0.09,0.86,11.77,15.84,10.76,677
26.456,16.73,0.07,0.60,0.36,15.84,0.00,675
26.473,16.78,0.19,0.77,9.88,15.15,8.77,673
26.489,16.68,0.20,0.71,8.61,10.13,7.61,684
26.506,16.72,0.07,0.54,0.34,10.13,0.00,683
26.523,16.75,0.12,0.91,9.68,13.17,8.68,682
26.540,16.72,0.07,0.67,0.42,13.17,0.00,683
26.556,16.68,0.10,0.93,9.47,14.37,8.42,683
26.573,16.78,0.08,0.70,0.40,14.37,0.00,683
26.590,16.76,0.17,0.89,10.72,13.99,9.47,682
26.607,16.71,0.08,0.68,0.36,13.99,0.00,680
26.623,16.78,0.14,0.89,10.95,12.92,9.70,680
26.640,16.68,0.07,0.67,0.40,12.92,0.00,677
26.657,16.74,0.11,0.96,9.64,11.37,8.64,676
26.674,16.72,0.08,0.79,0.39,11.37,0.00,677
26.690,16.74,0.11,0.95,12.14,10.71,11.14,678
26.707,16.72,0.08,0.68,0.35,10.71,0.00,678
26.724,16.74,0.11,0.95,10.34,16.62,9.09,678
26.740,16.73,0.08,0.66,0.36,16.62,0.00,680
26.757,16.76,0.10,0.98,10.85,14.90,9.60,681
26.774,16.70,0.08,0.66,0.34,14.90,0.00,679
26.791,16.75,0.10,1.00,10.21,15.65,9.20,679
26.807,16.72,0.08,0.67,0.36,15.65,0.00,680
26.824,16.74,0.11,0.98,11.96,15.26,10.96,680
26.841,16.72,0.08,0.63,0.37,15.26,0.00,680
26.858,16.75,0.11,0.97,10.26,17.14,9.03,680
26.874,16.72,0.08,0.79,0.39,17.14,0.00,679
26.891,16.76,0.10,1.03,11.06,15.24,9.79,679
26.908,16.66,0.09,0.70,0.45,15.24,0.00,678
26.925,16.80,0.11,1.04,12.08,15.88,10.81,677
26.941,16.71,0.08,0.62,0.40,15.88,0.00,677
26.958,16.75,0.10,0.98,9.92,11.92,8.91,677
26.975,16.72,0.07,0.69,0.41,11.92,0.00,677
26.991,16.75,0.11,1.01,11.43,12.97,10.09,679
27.008,16.66,0.09,0.65,0.42,12.97,0.00,677
27.025,16.75,0.12,1.08,9.98,13.90,8.90,676
27.042,16.76,0.08,0.70,0.40,13.90,0.00,674
27.058,16.75,0.10,0.94,10.64,13.04,9.40,674
27.075,16.71,0.07,0.65,0.38,13.04,0.00,675
27.092,16.70,0.12,0.96,10.67,14.94,9.44,673
27.109,16.77,0.07,0.65,0.37,14.94,0.00,674
27.125,16.74,0.10,0.97,12.76,17.05,11.50,672
27.142,16.72,0.06,0.50,0.32,17.05,0.00,672
27.159,16.75,0.10,0.92,9.87,19.27,8.90,671
27.175,16.72,0.07,0.69,0.38,19.27,0.00,670
27.192,16.74,0.10,0.96,11.56,15.85,10.32,667
27.209,16.68,0.09,0.71,0.43,15.85,0.00,666
27.226,16.77,0.07,0.51,7.10,17.49,6.28,666
27.242,16.75,0.11,1.03,0.57,17.49,0.00,667
27.259,16.74,0.10,0.98,12.76,12.12,11.49,666
27.276,16.71,0.08,0.63,0.34,12.12,0.00,664
27.293,16.75,0.11,0.98,10.87,18.12,9.64,664
27.309,16.72,0.07,0.68,0.37,18.12,0.00,663
27.326,16.73,0.07,0.88,9.73,11.09,8.72,663
27.343,16.74,0.07,0.66,0.35,11.09,0.00,661
27.360,16.74,0.09,0.91,10.15,13.42,9.15,660
27.376,16.72,0.07,0.63,0.36,13.42,0.00,659
27.393,16.74,0.09,0.94,12.08,11.15,11.09,659
27.410,16.72,0.07,0.61,0.35,11.15,0.00,657
27.426,16.73,0.07,0.60,10.16,17.95,8.92,657
27.443,16.74,0.08,0.68,0.38,17.95,0.00,660
27.460,16.74,0.09,0.89,12.77,14.50,11.49,659
27.477,16.71,0.06,0.51,0.29,14.50,0.00,659
27.493,16.76,0.09,0.92,9.75,18.00,8.74,656
27.510,16.72,0.18,0.75,0.36,18.00,0.00,669
27.527,16.75,0.13,1.18,12.20,15.49,11.19,668
27.544,16.71,0.07,0.77,0.38,15.49,0.00,666
27.560,16.75,0.13,1.03,10.93,19.31,9.67,661
27.577,16.71,0.06,0.61,0.31,19.31,0.00,661
27.594,16.72,0.11,1.06,10.43,17.67,9.37,660
27.611,16.70,0.09,0.81,0.43,17.67,0.00,660
27.627,16.79,0.07,0.75,10.07,16.73,8.85,661
27.644,16.75,0.08,0.74,0.49,6.47,0.00,660
27.661,16.74,0.11,1.07,12.73,11.36,11.70,661
27.677,16.69,0.06,0.60,0.30,11.36,0.00,661
27.694,16.76,0.09,1.12,10.20,16.52,9.17,662
27.711,16.72,0.08,0.76,0.39,16.52,0.00,662
27.728,16.75,0.10,1.08,11.06,9.61,10.04,661
27.744,16.72,0.08,0.74,0.39,9.61,0.00,661
27.761,16.75,0.09,1.01,11.54,13.71,10.55,662
27.778,16.72,0.07,0.75,0.39,13.71,0.00,662
27.795,16.75,0.10,1.16,9.76,14.17,8.70,643
27.811,16.72,0.07,0.75,0.38,14.17,0.00,646
27.828,16.75,0.11,1.08,10.73,14.80,9.49,635
27.845,16.71,0.08,0.70,0.35,14.80,0.00,635
27.862,16.75,0.10,1.12,10.82,15.50,9.55,635
27.878,16.72,0.07,0.73,0.37,15.50,0.00,636
27.895,16.74,0.11,1.08,10.34,15.26,9.34,636
27.912,16.72,0.07,0.73,0.36,15.26,0.00,637
27.929,16.75,0.09,1.10,10.91,14.65,9.66,635
27.945,16.72,0.08,0.76,0.39,14.65,0.00,634
27.962,16.76,0.10,1.09,9.78,14.95,8.77,617
27.979,16.71,0.07,0.70,0.40,14.95,0.00,618
27.995,16.74,0.09,1.02,10.11,13.61,9.12,612
28.012,16.73,0.08,0.75,0.39,13.61,0.00,611
28.029,16.74,0.10,1.09,11.22,13.66,10.15,609
28.046,16.73,0.10,0.87,0.46,13.66,0.00,611
28.062,16.72,0.12,1.09,11.15,14.61,10.10,612
28.079,16.74,0.08,0.78,0.42,14.61,0.00,610
28.096,16.75,0.11,1.09,12.15,10.34,11.13,609
28.113,16.71,0.07,0.75,0.39,10.34,0.00,609
28.129,16.75,0.09,1.13,9.68,14.04,8.63,609
28.146,16.68,0.07,0.74,0.43,14.04,0.00,610
28.163,16.78,0.09,1.03,11.70,8.84,10.66,610
28.179,16.69,0.07,0.57,0.36,8.84,0.00,610
28.196,16.79,0.12,1.03,9.75,15.35,8.71,614
28.213,16.70,0.08,0.74,0.38,15.35,0.00,614
28.230,16.75,0.11,1.02,11.55,13.44,10.52,615
28.246,16.71,0.06,0.59,0.31,13.44,0.00,614
28.263,16.74,0.07,1.02,9.84,15.48,8.55,614
28.280,16.73,0.06,0.58,0.32,15.48,0.00,616
28.297,16.78,0.11,1.04,9.74,14.04,8.72,612
28.313,16.71,0.07,0.74,0.40,14.04,0.00,612
28.330,16.73,0.09,1.00,11.05,13.92,9.76,611
28.347,16.72,0.07,0.74,0.38,13.92,0.00,612
28.364,16.75,0.12,1.09,12.03,15.49,11.01,611
28.380,16.71,0.05,0.57,0.31,15.49,0.00,611
28.397,16.75,0.07,1.11,9.42,16.83,8.43,612
28.414,16.67,0.05,0.72,0.39,5.36,0.00,610
28.431,16.81,0.07,1.06,10.32,9.95,9.30,609
28.447,16.70,0.05,0.69,0.38,9.95,0.00,609
28.464,16.76,0.07,0.96,10.95,13.34,9.69,609
28.481,16.71,0.06,0.66,0.38,13.34,0.00,608
28.497,16.75,0.33,1.07,9.83,11.51,8.81,646
28.514,16.72,0.07,0.72,0.40,11.51,0.00,641
28.531,16.74,0.10,1.09,10.28,13.50,9.27,640
28.548,16.72,0.08,0.75,0.43,13.50,0.00,638
28.564,16.74,0.10,1.08,12.16,14.04,11.15,637
28.581,16.72,0.07,0.75,0.39,14.04,0.00,636
28.598,16.74,0.11,1.13,9.63,19.17,8.64,636
28.615,16.72,0.08,0.77,0.37,19.17,0.00,635
28.631,16.75,0.09,1.17,10.84,16.69,9.58,634
28.648,16.73,0.08,0.77,0.45,16.69,0.00,634
28.665,16.74,0.09,1.26,9.79,17.76,8.78,634
28.681,16.73,0.11,0.90,0.48,17.76,0.00,633
28.698,16.75,0.10,1.07,9.95,16.13,8.94,632
28.715,16.70,0.07,0.80,0.39,16.13,0.00,630
28.732,16.76,0.10,1.09,10.62,16.44,9.37,630
28.748,16.72,0.07,0.72,0.34,16.44,0.00,628
28.765,16.75,0.10,1.11,10.78,16.92,9.52,615
28.782,16.72,0.07,0.73,0.35,16.92,0.00,612
28.799,16.69,0.10,1.09,12.70,10.96,11.45,608
28.815,16.78,0.06,0.58,0.27,10.96,0.00,609
28.832,16.74,0.10,1.08,9.62,16.36,8.64,610
28.849,16.72,0.07,0.77,0.39,16.36,0.00,609
28.866,16.74,0.09,1.08,9.67,9.34,8.67,609
28.882,16.72,0.08,0.76,0.41,9.34,0.00,608
28.899,16.75,0.10,1.15,10.33,12.76,9.26,607
28.916,16.72,0.07,0.76,0.35,12.76,0.00,607
28.933,16.77,0.09,1.07,12.14,13.31,11.14,606
28.949,16.65,0.08,0.75,0.34,13.31,0.00,594
28.966,16.80,0.10,1.09,9.63,17.18,8.61,594
28.983,16.72,0.07,0.76,0.35,17.18,0.00,594
28.999,16.70,0.09,1.06,10.53,14.45,9.29,593
29.016,16.78,0.07,0.75,0.34,14.45,0.00,588
29.033,16.77,0.10,1.06,9.76,15.03,8.71,583
29.050,16.70,0.09,0.79,0.44,15.03,0.00,572
29.066,16.76,0.08,1.06,12.80,13.98,11.74,566
29.083,16.71,0.05,0.61,0.32,13.98,0.00,565
29.100,16.74,0.08,1.05,9.89,17.12,8.88,568
29.117,16.71,0.05,0.71,0.40,5.96,0.00,568
29.133,16.70,0.07,1.08,9.96,10.12,8.90,565
29.150,16.79,0.07,0.80,0.39,10.12,0.00,563
29.167,16.73,0.07,1.09,10.40,13.41,9.38,561
29.184,16.72,0.05,0.68,0.37,13.41,0.00,561
29.200,16.75,0.07,1.00,10.71,13.74,9.45,554
29.217,16.72,0.06,0.74,0.39,13.74,0.00,557
29.234,16.74,0.07,1.05,9.80,9.69,8.78,555
29.250,16.73,0.06,0.68,0.38,9.69,0.00,556
29.267,16.76,0.21,0.95,12.14,11.28,11.14,556
29.284,16.70,0.05,0.71,0.39,11.28,0.00,556
29.301,16.75,0.07,1.03,10.03,13.90,9.02,553
29.317,16.71,0.06,0.72,0.40,13.90,0.00,553
29.334,16.75,0.06,0.97,10.71,13.08,9.70,553
29.351,16.72,0.05,0.68,0.38,13.08,0.00,553
29.368,16.76,0.08,1.04,10.76,13.58,9.50,547
29.384,16.71,0.06,0.69,0.41,13.58,0.00,544
29.401,16.74,0.07,1.02,12.23,13.38,11.23,545
29.418,16.73,0.05,0.70,0.36,13.38,0.00,545
29.435,16.73,0.10,1.01,10.63,15.24,9.39,543
29.451,16.72,0.05,0.69,0.36,15.24,0.00,542
29.468,16.74,0.06,0.95,10.88,13.59,9.63,541
29.485,16.72,0.05,0.66,0.38,13.59,0.00,539
29.501,16.75,0.08,0.90,10.29,13.77,9.29,539
29.518,16.71,0.22,0.69,0.39,13.77,0.00,597
29.535,16.75,0.11,1.03,11.72,13.51,10.70,597
29.552,16.73,0.08,0.78,0.36,13.51,0.00,598
29.568,16.72,0.07,1.10,9.63,15.22,8.59,597
29.585,16.73,0.07,0.74,0.43,6.39,0.00,597
29.602,16.75,0.11,1.09,10.60,8.91,9.33,596
29.619,16.72,0.07,0.77,0.38,8.91,0.00,596
29.635,16.75,0.11,1.08,11.67,12.99,10.65,595
29.652,16.72,0.07,0.73,0.40,12.99,0.00,590
29.669,16.75,0.09,1.06,9.95,13.87,8.94,588
29.686,16.72,0.05,0.74,0.35,13.87,0.00,588
29.702,16.74,0.09,1.05,10.14,14.57,9.15,589
29.719,16.72,0.05,0.74,0.38,14.57,0.00,588
29.736,16.75,0.08,1.02,11.45,15.00,10.20,588
29.752,16.72,0.06,0.70,0.38,15.00,0.00,587
29.769,16.75,0.09,1.07,12.75,16.42,11.51,588
29.786,16.71,0.04,0.58,0.28,16.42,0.00,588
29.803,16.76,0.05,0.73,9.51,18.09,8.54,587
29.819,16.71,0.05,0.71,0.42,18.09,0.00,587
29.836,16.75,0.08,1.07,10.08,14.52,9.09,586
29.853,16.72,0.06,0.75,0.35,14.52,0.00,586
29.870,16.74,0.07,1.14,12.07,15.42,11.05,586
29.886,16.73,0.06,0.73,0.34,15.42,0.00,585
29.903,16.76,0.08,1.08,12.19,16.57,11.19,582
29.920,16.72,0.05,0.71,0.40,16.57,0.00,583
29.937,16.74,0.08,1.08,10.53,12.13,9.27,579
29.953,16.72,0.05,0.79,0.37,12.13,0.00,580
29.970,16.74,0.07,1.04,10.70,13.16,9.45,580
29.987,16.72,0.05,0.73,0.33,13.16,0.00,579
30.003,16.74,0.07,1.05,10.51,11.84,9.27,581
30.020,16.74,0.06,0.72,0.36,11.84,0.00,579
30.037,16.72,0.07,1.09,10.77,14.34,9.48,576
30.054,16.72,0.06,0.76,0.41,14.34,0.00,575
30.070,16.75,0.08,1.07,10.40,16.60,9.34,572
30.087,16.73,0.07,0.82,0.42,16.60,0.00,573
30.104,16.74,0.07,1.03,12.29,16.18,11.26,569
30.121,16.71,0.04,0.61,0.28,16.18,0.00,568
30.137,16.74,0.05,0.93,9.65,18.26,8.65,568
30.154,16.74,0.06,0.73,0.36,18.26,0.00,570
30.171,16.73,0.07,1.08,10.82,14.96,9.53,570
30.188,16.75,0.07,0.75,0.42,14.96,0.00,570
30.204,16.74,0.07,1.08,12.27,16.07,11.27,567
30.221,16.71,0.04,0.56,0.31,16.07,0.00,566
30.238,16.73,0.05,0.91,10.06,17.64,9.06,565
30.254,16.69,0.05,0.74,0.37,5.56,0.00,564
30.271,16.80,0.09,1.10,9.66,10.18,8.65,565
30.288,16.73,0.05,0.72,0.36,10.18,0.00,565
30.305,16.74,0.07,1.08,11.92,12.92,10.90,563
30.321,16.71,0.04,0.54,0.32,12.92,0.00,562
30.338,16.74,0.05,1.01,9.50,15.34,8.52,560
30.355,16.75,0.05,0.70,0.39,15.34,0.00,559
30.372,16.74,0.06,1.05,10.80,8.77,9.80,556
30.388,16.72,0.05,0.75,0.38,8.77,0.00,554
30.405,16.74,0.06,1.10,10.48,15.31,9.46,555
30.422,16.66,0.05,0.72,0.41,15.31,0.00,553
30.438,16.76,0.06,1.02,10.99,14.77,9.72,551
30.455,16.70,0.06,0.70,0.43,14.77,0.00,552
30.472,16.84,0.07,0.91,11.12,15.01,9.86,550
30.489,16.69,0.05,0.65,0.40,15.01,0.00,550
30.505,16.77,0.09,0.92,10.58,15.12,9.58,549
30.522,16.69,0.05,0.65,0.37,15.12,0.00,548
30.539,16.74,0.06,0.93,10.93,14.49,9.67,546
30.556,16.72,0.05,0.60,0.36,14.49,0.00,545
30.572,16.75,0.06,0.91,11.45,14.72,10.45,543
30.589,16.71,0.05,0.65,0.39,14.72,0.00,542
30.606,16.70,0.07,0.90,9.61,14.85,8.61,543
30.623,16.77,0.05,0.65,0.37,14.85,0.00,542
30.639,16.74,0.07,0.90,11.58,12.81,10.38,540
30.656,16.72,0.05,0.61,0.37,12.81,0.00,539
30.673,16.75,0.07,0.92,10.69,14.40,9.68,539
30.689,16.72,0.05,0.61,8.34,6.02,7.34,539
30.706,16.72,0.04,0.50,0.32,6.86,0.00,539
30.723,16.75,0.06,0.93,9.40,9.98,8.40,536
30.740,16.72,0.05,0.62,0.41,9.98,0.00,537
30.756,16.76,0.06,0.93,10.41,11.49,9.40,536
30.773,16.70,0.05,0.66,0.40,11.49,0.00,536
30.790,16.75,0.06,0.90,10.97,11.50,9.71,532
30.807,16.72,0.04,0.65,0.37,11.50,0.00,528
30.823,16.74,0.06,0.86,10.69,13.69,9.47,525
30.840,16.72,0.04,0.62,0.37,13.69,0.00,525
30.857,16.75,0.06,0.88,11.61,13.27,10.33,523
30.874,16.69,0.05,0.62,0.39,13.27,0.00,523
30.890,16.77,0.08,0.88,9.73,14.08,8.71,524
30.907,16.71,0.04,0.62,0.38,14.08,0.00,523
30.924,16.75,0.06,0.86,10.97,12.33,9.72,523
30.940,16.66,0.04,0.63,0.37,12.33,0.00,523
30.957,16.80,0.06,0.84,10.85,13.59,9.61,522
30.974,16.72,0.04,0.55,0.36,13.59,0.00,520
30.991,16.76,0.06,0.83,11.36,13.46,10.11,520
31.007,16.71,0.04,0.61,0.38,13.46,0.00,520
31.024,16.75,0.06,0.83,11.09,14.03,10.10,520
31.041,16.71,0.05,0.60,0.34,14.03,0.00,522
31.058,16.75,0.06,0.83,11.04,13.96,10.04,522
31.074,16.72,0.04,0.58,0.37,13.96,0.00,522
31.091,16.76,0.06,0.89,10.09,10.50,9.05,522
31.108,16.71,0.06,0.65,0.38,10.50,0.00,520
31.125,16.72,0.04,0.62,8.22,11.78,7.24,520
31.141,16.72,0.03,0.43,0.30,7.24,0.00,519
31.158,16.73,0.03,0.44,8.48,8.29,7.30,519
31.175,16.74,0.04,0.60,0.38,8.29,0.00,518
31.191,16.74,0.06,0.82,12.84,9.77,11.58,517
31.208,16.72,0.05,0.60,0.36,9.77,0.00,517
31.225,16.68,0.06,0.82,11.16,14.48,9.92,517
31.242,16.78,0.05,0.58,0.35,14.48,0.00,516
31.258,16.75,0.07,0.88,11.20,15.54,9.95,515
31.275,16.65,0.05,0.59,0.37,15.54,0.00,516
31.292,16.81,0.07,0.89,10.98,16.31,9.66,517
31.309,16.72,0.04,0.60,0.35,16.31,0.00,517
31.325,16.74,0.06,0.84,10.81,16.41,9.58,517
31.342,16.72,0.05,0.57,0.35,16.41,0.00,518
31.359,16.76,0.06,0.89,10.80,16.41,9.57,518
31.376,16.71,0.04,0.57,0.37,16.41,0.00,518
31.392,16.75,0.05,0.83,10.89,12.55,9.64,516
31.409,16.72,0.04,0.59,0.35,12.55,0.00,517
31.426,16.69,0.06,0.85,12.80,14.50,11.52,517
31.442,16.77,0.04,0.48,0.31,14.50,0.00,516
31.459,16.74,0.04,0.68,9.75,14.87,8.76,515
31.476,16.68,0.04,0.72,0.42,14.87,0.00,516
31.493,16.81,0.28,0.89,12.05,10.15,11.04,533
31.509,16.72,0.05,0.64,0.36,10.15,0.00,532
31.526,16.75,0.07,0.94,12.18,18.91,11.18,531
31.543,16.73,0.06,0.67,0.39,18.91,0.00,529
31.560,16.74,0.07,0.91,10.99,19.21,9.74,529
31.576,16.65,0.05,0.66,0.35,19.21,0.00,528
31.593,16.82,0.08,0.94,9.68,17.94,8.67,527
31.610,16.72,0.05,0.64,0.39,17.94,0.00,526
31.627,16.76,0.06,1.00,10.84,15.93,9.59,526
31.643,16.70,0.06,0.67,0.35,15.93,0.00,525
31.660,16.75,0.07,1.00,11.13,16.57,9.88,525
31.677,16.72,0.06,0.67,0.35,16.57,0.00,525
31.694,16.78,0.08,0.96,10.12,16.47,8.92,523
31.710,16.69,0.05,0.68,0.39,16.47,0.00,520
31.727,16.74,0.08,1.03,10.87,14.99,9.88,518
31.744,16.72,0.05,0.68,0.36,14.99,0.00,519
31.760,16.74,0.07,0.97,10.64,15.55,9.39,519
31.777,16.73,0.05,0.66,0.38,15.55,0.00,518
31.794,16.72,0.07,0.93,10.84,10.18,9.59,516
31.811,16.74,0.05,0.69,0.35,10.18,0.00,517
31.827,16.74,0.06,0.94,11.90,13.29,10.85,517
31.844,16.72,0.04,0.67,0.34,13.29,0.00,515
31.861,16.75,0.06,0.98,11.51,14.71,10.51,515
31.878,16.72,0.04,0.67,0.35,14.71,0.00,515
31.894,16.75,0.06,0.98,10.08,15.46,8.89,514
31.911,16.72,0.05,0.71,0.40,15.46,0.00,514
31.928,16.74,0.06,1.02,10.96,13.53,9.70,513
31.944,16.72,0.05,0.68,0.38,13.53,0.00,514
31.961,16.68,0.06,0.96,9.89,14.38,8.87,513
31.978,16.78,0.05,0.68,0.37,14.38,0.00,513
31.995,16.75,0.06,0.95,10.80,13.16,9.56,512
32.011,16.72,0.05,0.69,0.36,13.16,0.00,511
32.028,16.75,0.06,0.97,10.21,14.05,9.21,512
32.045,16.72,0.05,0.64,0.39,14.05,0.00,511
32.062,16.74,0.06,0.94,10.67,13.39,9.45,511
32.078,16.72,0.04,0.67,0.36,13.39,0.00,511
32.095,16.75,0.06,1.00,12.24,13.81,11.20,512
32.112,16.73,0.06,0.68,0.41,13.81,0.00,511
32.129,16.74,0.07,1.03,12.79,15.36,11.50,510
32.145,16.71,0.04,0.55,0.29,15.36,0.00,509
32.162,16.74,0.04,0.90,9.78,12.75,8.78,509
32.179,16.74,0.04,0.69,0.36,12.75,0.00,507
32.195,16.73,0.04,0.86,9.68,10.67,8.69,505
32.212,16.74,0.05,0.64,0.40,10.67,0.00,507
32.229,16.75,0.06,0.97,10.60,11.77,9.62,507
32.246,16.72,0.05,0.67,0.37,11.77,0.00,505
32.262,16.75,0.06,0.93,12.12,11.96,11.13,503
32.279,16.73,0.05,0.62,0.37,11.96,0.00,503
32.296,16.75,0.06,0.97,9.74,15.39,8.72,501
32.313,16.72,0.04,0.65,0.37,15.39,0.00,501
32.329,16.75,0.05,0.95,10.86,13.03,9.56,500
32.346,16.73,0.06,0.66,0.43,13.03,0.00,499
32.363,16.75,0.08,0.91,10.96,13.99,9.71,498
32.380,16.71,0.05,0.68,0.38,13.99,0.00,497
32.396,16.75,0.06,0.91,11.74,14.10,10.72,496
32.413,16.72,0.04,0.65,0.36,14.10,0.00,496
32.430,16.75,0.07,0.88,9.71,15.05,8.69,496
32.447,16.72,0.04,0.64,0.35,15.05,0.00,495
32.463,16.76,0.07,0.89,12.09,12.87,11.11,496
32.480,16.70,0.04,0.64,0.37,12.87,0.00,494
32.497,16.76,0.06,0.97,10.52,15.27,9.26,495
32.513,16.71,0.24,0.72,0.37,5.24,0.00,524
32.530,16.74,0.06,1.09,10.79,9.81,9.55,521
32.547,16.73,0.06,0.73,0.38,9.81,0.00,522
32.564,16.75,0.06,1.08,11.45,13.47,10.15,523
32.580,16.73,0.05,0.74,0.37,13.47,0.00,522
32.597,16.69,0.06,1.11,11.07,13.30,9.80,517
32.614,16.73,0.06,0.74,0.41,13.30,0.00,514
32.631,16.75,0.06,1.13,12.35,13.87,11.33,513
32.647,16.77,0.05,0.72,0.38,13.87,0.00,513
32.664,16.76,0.07,1.08,10.29,17.89,9.29,512
32.681,16.71,0.05,0.70,0.37,17.89,0.00,510
32.698,16.75,0.06,1.14,11.83,15.37,10.53,510
32.714,16.72,0.05,0.71,0.36,15.37,0.00,509
32.731,16.75,0.05,1.03,11.29,17.26,10.32,510
32.748,16.72,0.04,0.68,0.36,17.26,0.00,509
32.764,16.75,0.06,1.02,12.23,17.05,11.25,511
32.781,16.75,0.04,0.55,0.30,17.05,0.00,511
32.798,16.73,0.06,1.06,9.65,18.68,8.64,512
32.815,16.72,0.05,0.71,0.38,6.22,0.00,511
32.831,16.75,0.06,1.05,12.13,10.33,11.15,511
32.848,16.73,0.05,0.69,0.36,10.33,0.00,511
32.865,16.68,0.06,1.12,9.84,16.10,8.86,510
32.882,16.75,0.04,0.69,0.38,16.10,0.00,511
32.898,16.79,0.06,1.04,11.66,10.05,10.67,509
32.915,16.71,0.04,0.55,0.29,10.05,0.00,509
32.932,16.70,0.06,1.09,9.73,14.99,8.71,509
32.949,16.78,0.05,0.72,0.36,14.99,0.00,509
32.965,16.75,0.05,1.08,11.05,9.79,9.98,508
32.982,16.67,0.06,0.81,0.40,9.79,0.00,508
32.999,16.80,0.08,1.07,12.25,16.77,11.26,509
33.016,16.76,0.04,0.56,0.30,16.77,0.00,509
33.032,16.72,0.04,0.90,9.74,18.96,8.73,509
33.049,16.71,0.05,0.69,0.38,18.96,0.00,507
33.066,16.80,0.07,1.13,12.15,16.20,11.17,506
33.082,16.69,0.04,0.56,0.28,16.20,0.00,504
33.099,16.80,0.08,1.04,9.70,19.13,8.67,502
33.116,16.64,0.04,0.72,0.38,19.13,0.00,502
33.133,16.75,0.06,1.06,12.42,15.77,11.37,501
33.149,16.71,0.05,0.61,0.31,15.77,0.00,500
33.166,16.78,0.04,0.83,10.00,17.94,9.01,500
33.183,16.70,0.04,0.69,0.44,6.18,0.00,500
33.200,16.76,0.05,0.98,11.16,10.02,10.18,498
33.216,16.71,0.04,0.73,0.35,10.02,0.00,497
33.233,16.75,0.05,1.10,10.65,15.32,9.66,495
33.250,16.72,0.05,0.67,0.36,15.32,0.00,494
33.267,16.75,0.05,1.07,12.04,11.84,11.06,494
33.283,16.73,0.04,0.53,0.29,11.84,0.00,494
33.300,16.77,0.06,1.00,10.26,14.45,9.23,495
33.317,16.69,0.05,0.72,0.39,14.45,0.00,494
33.333,16.75,0.05,1.05,12.65,9.98,11.60,493
33.350,16.72,0.05,0.67,0.36,9.98,0.00,493
33.367,16.77,0.05,1.04,10.20,16.67,9.21,491
33.384,16.69,0.05,0.72,0.36,16.67,0.00,493
33.400,16.75,0.05,1.04,11.88,13.70,10.87,494
33.417,16.71,0.04,0.52,0.30,13.70,0.00,491
33.434,16.69,0.05,0.94,10.03,15.25,9.06,491
33.451,16.79,0.04,0.68,0.35,15.25,0.00,492
33.467,16.75,0.05,0.90,12.17,12.78,11.18,492
33.484,16.73,0.03,0.46,0.32,12.78,0.00,492
33.501,16.80,0.23,1.03,9.57,15.04,8.55,523
33.518,16.70,0.05,0.70,0.37,15.04,0.00,523
33.534,16.71,0.06,1.13,9.79,13.59,8.77,521
33.551,16.71,0.05,0.75,0.40,13.59,0.00,519
33.568,16.75,0.07,1.10,9.66,13.45,8.66,518
33.584,16.72,0.05,0.76,0.37,13.45,0.00,519
33.601,16.76,0.09,1.12,12.66,13.36,11.60,520
33.618,16.72,0.04,0.57,0.29,13.36,0.00,520
33.635,16.75,0.04,1.03,9.58,15.81,8.59,518
33.651,16.76,0.05,0.70,0.36,5.50,0.00,516
33.668,16.71,0.08,1.13,9.55,8.75,8.54,516
33.685,16.71,0.05,0.78,0.39,8.75,0.00,514
33.702,16.75,0.29,0.88,9.57,11.25,8.53,460
33.718,16.65,0.04,0.69,0.39,11.25,0.00,457
33.735,16.84,0.07,0.95,11.35,8.37,10.37,455
33.752,16.69,0.04,0.81,0.48,8.37,0.00,490
33.769,16.75,0.04,1.20,9.38,12.56,8.38,491
33.785,16.72,0.04,0.77,0.36,12.56,0.00,490
33.802,16.75,0.09,1.38,11.95,11.36,10.93,525
33.819,16.72,0.05,0.91,0.37,11.36,0.00,523
33.835,16.76,0.09,1.49,9.66,15.35,8.61,524
33.852,16.71,0.06,0.81,0.35,15.35,0.00,557
33.869,16.72,0.03,0.55,5.74,13.66,5.05,557
33.886,16.73,0.04,0.63,0.25,10.37,0.00,558
33.902,16.74,0.04,0.61,5.52,10.33,4.84,592
33.919,16.68,0.05,0.65,0.29,10.88,0.00,593
33.936,16.80,0.03,0.66,5.56,10.78,4.88,588
33.953,16.65,0.05,0.74,0.27,10.69,0.00,622
33.969,16.81,0.03,0.69,5.67,11.35,4.98,622
33.986,16.67,0.04,0.72,0.30,11.35,0.00,624
34.003,16.80,0.05,0.77,5.54,11.20,4.87,659
34.019,16.65,0.06,0.78,0.28,11.20,0.00,659
34.036,16.82,0.04,0.76,5.45,11.85,4.78,660
34.053,16.66,0.06,0.90,0.33,11.85,0.00,694
34.070,16.80,0.05,0.90,5.59,11.94,4.89,695
34.086,16.66,0.05,0.89,0.29,7.92,0.00,692
34.103,16.80,0.06,0.95,5.64,9.31,4.95,727
34.120,16.72,0.06,0.97,0.30,10.91,0.00,725
34.137,16.74,0.05,1.10,12.72,10.80,11.40,727
34.153,16.75,0.10,2.16,0.47,10.80,0.00,762
34.170,16.73,0.08,2.05,10.14,18.26,8.91,763
34.187,16.67,0.08,2.11,0.40,18.26,0.00,763
34.204,16.79,0.08,2.21,9.64,17.56,8.44,800
34.220,16.74,0.07,2.20,0.37,17.56,0.00,802
34.237,16.72,0.08,2.30,8.95,18.05,7.97,802
34.254,16.67,0.09,2.48,0.45,7.04,0.00,837
34.271,16.80,0.15,2.51,8.95,12.24,7.97,894
34.287,16.72,0.07,1.93,0.32,12.24,0.00,894
34.304,16.74,0.08,2.52,8.39,17.15,7.40,894
34.321,16.73,0.10,2.55,0.42,6.72,0.00,893
34.337,16.76,0.11,2.50,9.02,10.42,8.03,893
34.354,16.72,0.07,1.95,0.33,10.42,0.00,895
34.371,16.65,0.08,2.53,7.86,14.50,6.88,892
34.388,16.83,0.07,1.96,0.37,7.93,0.00,890
34.404,16.70,0.08,2.48,8.36,9.79,7.40,890
34.421,16.77,0.07,1.91,0.37,9.79,0.00,888
34.438,16.71,0.14,2.49,8.35,13.04,7.38,883
34.455,16.66,0.07,1.91,0.34,13.04,0.00,879
34.471,16.81,0.08,2.47,8.43,10.86,7.46,874
34.488,16.74,0.10,2.02,0.39,10.86,0.00,937
34.505,16.70,0.10,2.64,7.94,12.89,6.95,935
34.522,16.75,0.07,2.00,0.34,12.89,0.00,933
34.538,16.72,0.15,3.12,8.32,18.12,7.33,1052
34.555,16.72,0.10,2.36,0.33,18.12,0.00,1051
34.572,16.65,0.06,1.50,27.20,22.01,10.80,1050
34.600,28.87,0.12,3.20,8.43,22.01,6.43,1143
34.612,11.83,0.08,2.11,7.55,13.88,0.00,1140
34.622,9.82,0.09,2.42,14.05,16.65,0.00,1135
34.639,16.72,0.13,3.38,22.61,7.91,8.74,1202
34.665,26.23,0.09,2.54,11.48,11.44,6.41,1197
34.679,14.19,0.10,2.46,7.09,11.44,0.00,1269
34.689,9.76,0.10,2.61,13.94,15.26,0.00,1263
34.706,16.78,0.13,3.34,22.32,14.75,8.62,1319
34.732,25.88,0.09,2.90,11.34,14.75,6.38,1312
34.746,14.41,0.09,2.71,7.02,15.97,0.00,1309
34.756,9.90,0.09,2.82,31.31,24.40,0.00,1306
34.806,49.95,0.31,6.21,15.83,12.31,14.92,1356
34.828,22.47,0.10,2.65,5.84,12.31,5.11,1420
34.839,10.96,0.08,2.17,15.07,22.40,0.00,1418
34.857,17.40,0.08,2.53,21.50,17.10,6.82,1405
34.881,24.20,0.09,3.07,6.03,17.10,0.00,1401
34.890,9.26,0.09,2.90,21.64,10.85,7.33,1396
34.915,24.73,0.08,2.43,6.15,10.85,0.00,1387
34.924,8.73,0.09,3.17,21.02,10.61,6.78,1383
34.948,24.39,0.09,2.63,6.38,10.61,0.00,1371
34.957,9.18,0.09,2.84,22.24,13.93,7.74,1369
34.983,25.28,0.11,2.72,5.16,13.93,0.00,1361
34.991,8.05,0.09,2.84,21.40,17.99,6.96,1358
35.015,24.41,0.08,2.33,6.63,17.99,0.00,1353
35.024,9.10,0.09,2.96,42.03,30.70,10.50,1348
35.074,49.49,0.14,3.41,6.98,30.70,6.17,1321
35.090,16.71,0.11,2.20,23.50,19.48,7.73,1311
35.116,25.90,0.09,2.72,5.44,19.48,0.00,1297
35.125,8.33,0.09,2.72,19.67,18.85,5.43,1296
35.147,22.57,0.07,2.13,8.72,24.72,0.00,1287
35.158,11.02,0.10,2.97,22.72,11.39,8.46,1354
35.184,25.90,0.13,3.18,4.23,11.39,0.00,1465
35.192,7.62,0.11,3.23,22.69,17.68,8.67,1528
35.218,26.15,0.10,2.95,3.98,17.68,0.00,1525
35.225,7.09,0.09,3.24,20.53,17.99,6.57,1523
35.249,23.96,0.09,2.54,6.99,17.99,0.00,1517
35.259,9.69,0.08,2.62,21.58,11.73,7.06,1514
35.283,24.37,0.09,2.82,5.96,11.73,0.00,1506
35.292,8.94,0.10,3.12,21.35,11.41,7.21,1503
35.316,24.66,0.10,2.80,5.92,11.41,0.00,1498
35.325,8.88,0.11,3.03,20.43,12.37,6.48,1495
35.349,23.66,0.09,2.50,7.19,12.37,0.00,1490
35.359,9.89,0.10,2.92,21.36,13.87,7.20,1486
35.383,24.47,0.09,2.72,5.88,13.87,0.00,1484
35.392,8.74,0.09,2.71,21.76,17.47,6.97,1556
35.417,24.65,0.10,2.81,5.87,17.47,0.00,1549
35.426,8.84,0.09,2.63,40.38,32.10,8.79,1545
35.475,49.58,0.18,4.54,7.01,32.10,6.17,1538
35.492,16.65,0.12,3.33,6.11,17.72,5.29,1535
35.509,16.73,0.09,2.23,15.33,17.48,0.00,1531
35.526,17.73,0.10,3.22,22.21,14.22,8.31,1529
35.552,25.63,0.10,3.15,4.37,14.22,0.00,1523
35.560,7.69,0.12,3.37,20.37,17.83,6.59,1582
35.584,23.95,0.10,3.30,6.01,25.52,0.00,1583
35.593,9.47,0.10,3.38,20.70,13.08,6.70,1581
35.617,24.27,0.10,3.39,5.80,13.08,0.00,1581
35.627,9.37,0.10,3.52,21.20,10.48,7.57,1579
35.652,24.92,0.10,3.34,4.87,10.48,0.00,1579
35.660,8.37,0.10,3.34,20.73,11.44,6.99,1578
35.684,24.26,0.09,2.76,6.40,11.44,0.00,1631
35.694,9.32,0.10,3.51,20.68,13.06,6.96,1630
35.718,24.39,0.10,3.11,5.86,13.06,0.00,1632
35.727,9.14,0.10,3.48,20.31,16.12,6.63,1631
35.751,23.99,0.12,3.38,5.72,16.12,0.00,1707
35.760,9.28,0.11,3.52,20.81,18.69,7.14,1706
35.785,24.52,0.09,2.95,6.04,18.69,0.00,1705
35.794,9.16,0.09,2.98,20.70,22.23,6.54,1703
35.818,23.87,0.10,3.20,5.94,22.23,0.00,1703
35.827,9.30,0.09,3.00,20.82,17.68,6.54,1702
35.851,23.99,0.09,2.96,6.49,17.68,0.00,1703
35.861,9.68,0.12,3.44,20.55,13.53,6.80,1702
35.885,24.21,0.11,3.46,5.38,13.53,0.00,1762
35.894,9.01,0.09,3.22,20.80,13.83,6.80,1761
35.918,24.18,0.11,3.28,5.85,13.83,0.00,1813
35.928,9.31,0.12,3.43,20.64,13.08,6.94,1812
35.952,24.27,0.11,3.27,5.74,13.08,0.00,1813
35.961,9.18,0.12,3.37,20.61,13.48,6.65,1812
35.985,24.20,0.12,3.33,6.02,13.48,0.00,1814
35.995,9.52,0.12,3.39,20.30,12.77,6.59,1812
36.019,23.90,0.11,3.30,5.89,12.77,0.00,1814
36.028,9.36,0.12,3.41,20.25,11.66,6.39,1813
36.052,23.87,0.12,3.48,5.96,11.66,0.00,1881
36.061,9.62,0.13,3.61,20.29,12.50,6.82,1880
36.086,24.11,0.12,3.24,5.90,12.50,0.00,1881
36.095,9.31,0.13,3.55,19.39,15.38,5.89,1880
36.118,23.16,0.12,3.27,7.03,15.38,0.00,1881
36.129,10.48,0.12,3.62,19.32,16.04,5.83,1881
36.152,23.15,0.11,3.24,6.87,16.04,0.00,1881
36.162,10.28,0.12,3.59,18.97,18.85,5.50,1879
36.185,22.76,0.11,2.98,7.74,18.85,0.00,1880
36.196,10.89,0.12,3.59,20.24,20.06,6.78,1880
36.220,24.06,0.13,3.57,5.42,20.06,0.00,1880
36.229,9.19,0.12,3.59,20.10,18.17,6.52,1879
36.253,23.91,0.13,3.48,5.79,18.17,0.00,1880
36.262,9.46,0.14,3.53,20.33,15.31,6.69,1879
36.286,24.08,0.12,3.22,6.05,15.31,0.00,1880
36.296,9.45,0.12,3.53,19.51,11.98,5.98,1879
36.319,23.24,0.12,3.24,6.79,11.98,0.00,1880
36.329,10.24,0.13,3.59,19.17,10.12,5.57,1879
36.352,22.98,0.13,3.46,6.98,10.12,0.00,1954
36.363,10.62,0.13,3.95,19.93,11.83,6.95,2015
36.387,24.08,0.14,3.90,5.12,11.83,0.00,2084
36.396,9.21,0.14,3.73,19.17,15.53,6.01,2083
36.419,23.11,0.11,3.29,6.90,15.53,0.00,2084
36.430,10.36,0.13,3.69,19.31,13.36,5.74,2084
36.453,23.20,0.13,3.52,6.61,13.36,0.00,2084
36.463,10.31,0.12,3.66,19.43,13.48,5.94,2084
36.486,23.29,0.12,3.53,6.45,13.48,0.00,2082
36.497,10.15,0.13,3.88,18.70,14.78,5.65,2082
36.519,22.78,0.11,2.94,7.63,14.78,0.00,2078
36.530,10.75,0.13,3.64,19.56,14.60,6.17,2078
36.554,23.43,0.13,3.34,6.37,14.60,0.00,2132
36.563,9.91,0.12,3.15,20.21,18.12,6.12,2127
36.587,23.56,0.14,3.29,6.43,18.12,0.00,2198
36.597,9.92,0.14,3.46,19.12,16.60,5.56,2255
36.620,22.79,0.11,3.36,7.20,23.13,0.00,2326
36.630,10.75,0.15,3.70,19.98,15.51,6.80,2327
36.654,23.91,0.13,3.13,6.16,15.51,0.00,2325
36.664,9.47,0.13,3.51,20.39,11.63,6.69,2324
36.688,24.12,0.13,3.17,6.05,11.63,0.00,2324
36.697,9.41,0.17,3.27,20.27,10.21,6.40,2322
36.721,23.79,0.13,3.13,6.33,10.21,0.00,2325
36.731,9.64,0.15,3.45,19.66,10.69,5.91,2324
36.754,23.34,0.13,3.20,6.75,10.69,0.00,2325
36.764,10.14,0.14,3.24,20.35,10.49,6.37,2325
36.788,23.83,0.14,3.11,6.35,10.49,0.00,2324
36.798,9.67,0.14,3.45,20.29,12.80,6.67,2323
36.822,23.96,0.13,2.94,6.32,12.80,0.00,2325
36.831,9.45,0.14,3.02,20.62,15.18,6.47,2324
36.855,23.86,0.13,2.95,6.64,15.18,0.00,2326
36.865,9.77,0.14,2.99,20.62,16.22,6.61,2326
36.889,23.83,0.13,3.00,6.39,16.22,0.00,2327
36.898,9.59,0.14,3.38,20.69,18.22,6.86,2325
36.923,24.31,0.16,3.21,5.60,18.22,0.00,2325
36.932,9.03,0.13,2.99,20.70,17.74,6.43,2323
36.956,23.91,0.17,3.42,5.99,24.12,0.00,2323
36.965,9.67,0.17,3.78,20.56,14.89,7.24,2321
36.990,24.61,0.16,3.14,11.77,9.48,5.83,2321
37.005,15.15,0.12,2.72,7.60,9.48,0.00,2321
37.015,10.51,0.14,3.14,13.45,10.24,0.00,2322
37.032,16.81,0.18,4.05,20.30,10.19,7.38,2395
37.057,24.62,0.14,3.17,11.40,12.90,5.64,2394
37.072,14.78,0.13,3.07,7.31,12.90,0.00,2393
37.082,10.57,0.14,3.19,13.53,13.93,0.00,2392
37.099,16.94,0.18,3.54,20.40,13.85,7.04,2392
37.123,24.21,0.14,3.09,11.93,12.75,5.65,2392
37.139,15.23,0.14,3.07,7.29,12.75,0.00,2389
37.149,10.57,0.14,2.88,13.76,14.67,0.00,2389
37.166,16.86,0.18,3.58,22.17,10.73,8.57,2448
37.192,26.04,0.17,3.46,9.88,12.48,5.67,2447
37.206,13.60,0.14,2.60,7.74,12.48,0.00,2447
37.216,10.55,0.14,2.87,13.79,12.75,0.00,2447
37.233,16.89,0.18,3.54,21.19,15.39,7.81,2447
37.258,25.02,0.16,3.37,11.06,12.19,6.09,2447
37.273,14.67,0.14,2.79,7.24,12.19,0.00,2447
37.283,10.23,0.14,2.86,13.86,13.52,0.00,2447
37.300,16.92,0.17,3.63,21.99,12.19,8.46,2447
37.326,25.88,0.16,3.49,9.90,12.19,5.66,2447
37.339,13.63,0.16,2.81,7.62,13.08,0.00,2447
37.350,10.67,0.15,2.88,13.61,13.94,0.00,2447
37.367,16.72,0.19,3.43,21.42,10.78,7.70,2446
37.392,25.13,0.17,3.20,11.15,13.52,5.81,2445
37.407,14.61,0.14,2.63,7.47,13.52,0.00,2445
37.417,10.30,0.15,2.68,14.04,13.86,0.00,2445
37.434,16.95,0.18,3.43,22.06,11.08,8.43,2444
37.460,25.76,0.16,2.94,10.13,11.92,5.27,2443
37.473,13.30,0.13,2.52,8.35,11.92,0.00,2443
37.484,11.06,0.14,2.79,13.71,11.64,0.00,2442
37.501,16.72,0.18,3.41,21.46,8.88,7.72,2442
37.526,25.16,0.16,3.00,11.12,12.52,5.76,2441
37.540,14.37,0.13,2.45,7.79,12.52,0.00,2442
37.551,10.44,0.14,2.48,13.86,13.35,0.00,2442
37.567,16.57,0.21,3.21,21.37,10.80,7.55,2442
37.592,24.88,0.16,2.92,11.34,11.57,5.73,2440
37.607,14.51,0.13,2.31,8.38,11.57,0.00,2439
37.618,10.93,0.15,2.54,13.69,15.05,0.00,2438
37.634,16.49,0.20,3.14,20.90,13.05,6.99,2438
37.658,24.33,0.14,2.45,12.50,14.17,5.69,2437
37.674,15.17,0.14,2.41,8.25,14.17,0.00,2437
37.684,10.87,0.20,2.44,14.42,15.71,0.00,2437
37.702,17.15,0.17,3.08,22.41,17.17,8.39,2436
37.727,25.76,0.17,2.82,11.08,9.70,6.17,2434
37.741,14.14,0.15,2.34,7.72,9.70,0.00,2433
37.752,10.27,0.17,2.94,13.63,11.95,0.00,2434
37.769,16.83,0.24,3.19,22.03,9.81,8.26,2432
37.794,25.58,0.16,2.74,10.95,9.81,5.81,2430
37.808,13.98,0.13,2.25,7.94,13.46,0.00,2430
37.819,10.40,0.18,2.67,14.01,15.97,0.00,2430
37.835,16.95,0.22,3.19,22.00,9.57,8.37,2428
37.861,25.50,0.16,2.60,11.47,10.52,6.06,2416
37.875,14.29,0.13,2.05,7.80,10.52,0.00,2416
37.885,10.05,0.16,2.00,14.83,10.02,0.00,2415
37.902,17.06,0.27,2.48,22.32,8.84,7.82,2415
37.928,25.17,0.16,2.39,12.28,11.39,6.39,2415
37.942,14.91,0.14,1.90,7.77,11.39,0.00,2415
37.952,9.87,0.18,2.26,14.40,13.51,0.00,2413
37.969,16.93,0.22,3.25,23.49,12.73,9.58,2412
37.996,27.05,0.17,2.38,10.69,12.73,6.42,2411
38.010,13.32,0.16,2.28,7.30,14.52,0.00,2410
38.019,9.81,0.17,2.19,14.24,17.83,0.00,2409
38.036,16.70,0.28,2.51,22.77,16.90,8.29,2410
38.062,25.67,0.17,2.13,12.41,6.69,6.46,2409
38.077,14.80,0.16,1.76,7.75,8.71,0.00,2408
38.086,9.75,0.18,2.19,14.44,11.44,0.00,2405
38.103,16.89,0.25,2.86,25.38,11.40,11.30,2407
38.136,32.44,0.32,2.71,7.20,11.40,6.35,2407
38.152,16.71,0.15,1.42,16.16,20.39,0.00,2407
38.170,17.83,0.22,2.79,26.10,10.13,11.75,2408
38.203,32.39,0.31,2.85,7.42,10.13,6.37,2408
38.219,16.73,0.20,2.16,14.87,20.60,0.00,2408
38.237,17.29,0.13,1.45,28.38,11.09,11.93,2408
38.270,32.91,0.36,2.92,8.20,11.09,7.14,2405
38.286,16.69,0.19,1.77,15.74,17.03,0.00,2403
38.304,17.84,0.31,4.21,24.69,12.68,11.82,2402
38.336,32.39,0.23,2.35,7.95,12.68,6.93,2373
38.353,16.68,0.13,1.03,16.71,15.43,0.00,2343
38.371,18.01,0.32,2.96,25.75,13.69,11.82,2342
38.403,32.25,0.30,1.98,9.00,13.69,7.95,2341
38.420,16.72,0.21,1.62,0.37,14.47,0.00,2341
38.437,16.74,0.27,2.01,8.75,14.01,7.74,2341
38.454,16.73,0.23,1.54,0.38,14.01,0.00,2339
38.470,16.76,0.28,2.00,8.80,10.88,7.78,2338
38.487,16.70,0.19,1.62,0.37,10.88,0.00,2335
38.504,16.74,0.29,2.02,8.93,19.77,7.89,2330
38.521,16.75,0.30,1.91,0.48,19.77,0.00,2325
38.537,16.66,0.23,1.99,8.68,15.00,7.64,2324
38.554,16.80,0.30,1.60,0.48,15.00,0.00,2311
38.571,16.73,0.23,1.97,9.41,13.42,8.34,2272
38.587,16.72,0.18,0.93,0.37,13.42,0.00,2271
38.604,16.74,0.31,1.68,9.26,16.17,8.22,2270
38.621,16.74,0.19,1.23,0.46,16.17,0.00,2270
38.638,16.73,0.28,1.14,9.07,19.67,8.06,2272
38.654,16.74,0.30,1.15,0.45,19.67,0.00,2274
38.671,16.72,0.27,1.67,9.39,20.90,8.27,2272
38.688,16.74,0.31,1.15,0.46,20.90,0.00,2271
38.705,16.71,0.25,0.85,7.59,22.21,6.49,2273
38.721,16.75,0.29,1.18,0.43,8.94,0.00,2274
38.738,16.74,0.39,1.70,11.71,10.12,10.34,2273
38.755,16.72,0.30,1.14,0.43,10.12,0.00,2271
38.772,16.75,0.40,1.70,10.30,19.78,9.19,2268
38.788,16.72,0.29,1.15,0.43,19.78,0.00,2267
38.805,16.75,0.39,1.68,10.19,13.71,9.14,2266
38.822,16.71,0.19,0.90,0.36,13.71,0.00,2264
38.838,16.74,0.23,1.68,9.13,18.24,8.06,2263
38.855,16.75,0.30,1.16,0.46,18.24,0.00,2262
38.872,16.74,0.40,1.70,9.97,12.09,8.65,2261
38.889,16.71,0.20,0.94,0.39,12.09,0.00,2259
38.905,16.76,0.35,1.70,9.35,12.68,8.29,2258
38.922,16.72,0.25,1.15,0.49,12.68,0.00,2255
38.939,16.75,0.31,1.15,9.78,11.49,8.49,2252
38.956,16.71,0.31,1.14,0.44,11.49,0.00,2248
38.972,16.75,0.36,1.65,10.01,13.93,8.96,2245
38.989,16.65,0.22,1.21,0.44,13.93,0.00,2237
39.006,16.81,0.40,1.31,10.95,21.79,9.93,2197
39.023,16.71,0.30,0.90,0.41,21.79,0.00,2190
39.039,16.69,0.39,1.32,9.53,13.95,8.48,2186
39.056,16.78,0.29,0.91,0.43,13.95,0.00,2183
39.073,16.74,0.40,1.37,11.64,20.02,10.32,2180
39.089,16.71,0.19,0.74,7.36,6.89,6.38,2175
39.106,16.73,0.18,0.78,0.35,6.89,0.00,2167
39.123,16.73,0.28,1.33,9.36,12.25,8.31,2162
39.140,16.75,0.30,0.64,0.40,12.25,0.00,2112
39.156,16.75,0.40,0.91,10.31,17.41,9.24,2108
39.173,16.72,0.29,0.63,0.41,17.41,0.00,2104
39.190,16.74,0.38,0.89,10.16,11.40,9.11,2102
39.207,16.73,0.30,0.62,0.41,11.40,0.00,2101
39.223,16.74,0.43,0.96,10.78,14.88,9.45,2102
39.240,16.72,0.26,0.67,0.44,14.88,0.00,2098
39.257,16.75,0.33,0.93,11.38,13.15,10.27,2094
39.274,16.72,0.32,0.66,0.49,13.15,0.00,2094
39.290,16.73,0.28,0.63,9.29,14.25,8.26,2092
39.307,16.73,0.28,0.64,0.47,14.25,0.00,2089
39.324,16.74,0.35,0.91,10.63,10.61,9.30,2090
39.340,16.72,0.23,0.68,0.45,10.61,0.00,2088
39.357,16.75,0.42,0.92,9.99,14.92,8.92,2086
39.374,16.71,0.23,0.68,0.43,14.92,0.00,2085
39.391,16.75,0.33,0.90,10.61,17.91,9.30,2082
39.407,16.72,0.29,0.65,0.43,17.91,0.00,2076
39.424,16.75,0.36,0.93,10.71,18.34,9.40,2072
39.441,16.72,0.29,0.65,0.43,18.34,0.00,2068
39.458,16.72,0.22,0.98,9.45,18.10,8.42,2064
39.474,16.74,0.29,0.63,0.44,18.10,0.00,2060
39.491,16.75,0.38,0.89,11.10,16.40,9.80,2058
39.508,16.72,0.23,0.64,0.43,16.40,0.00,2056
39.525,16.75,0.36,1.00,10.94,15.21,9.63,2055
39.541,16.72,0.23,0.71,0.45,15.21,0.00,2053
39.558,16.75,0.38,0.92,10.62,16.35,9.32,2050
39.575,16.73,0.22,0.66,0.43,16.35,0.00,2047
39.591,16.74,0.38,0.90,10.60,10.51,9.28,2041
39.608,16.72,0.29,0.64,0.41,10.51,0.00,2036
39.625,16.77,0.36,0.93,9.61,13.71,8.57,2030
39.642,16.70,0.23,0.68,0.43,13.71,0.00,2025
39.658,16.74,0.33,0.91,9.76,10.10,8.61,2021
39.675,16.72,0.29,0.65,0.44,10.10,0.00,2018
39.692,16.76,0.40,0.93,10.64,12.49,9.33,2015
39.709,16.71,0.22,0.69,0.41,12.49,0.00,2010
39.725,16.75,0.38,0.89,9.41,12.95,8.34,2010
39.742,16.72,0.23,0.66,0.42,12.95,0.00,2003
39.759,16.74,0.37,0.91,12.58,14.59,11.25,2001
39.775,16.65,0.17,0.55,0.35,14.59,0.00,1993
39.792,16.83,0.40,0.91,9.61,17.92,8.57,1989
39.809,16.72,0.29,0.63,0.42,17.92,0.00,1988
39.826,16.69,0.40,0.91,9.82,14.54,8.60,1984
39.842,16.78,0.29,0.65,0.44,14.54,0.00,1981
39.859,16.75,0.44,0.91,10.89,14.26,9.56,1975
39.876,16.69,0.23,0.70,0.44,14.26,0.00,1971
39.893,16.77,0.27,0.65,8.82,15.45,7.82,1969
39.909,16.72,0.23,0.65,0.43,15.45,0.00,1965
39.926,16.75,0.38,0.92,10.23,12.78,9.19,1962
39.943,16.72,0.29,0.63,0.45,12.78,0.00,1954
39.960,16.68,0.35,0.88,12.06,13.85,11.01,1949
39.976,16.77,0.20,0.55,0.34,13.85,0.00,1942
39.993,16.75,0.36,0.93,9.74,12.50,8.65,1939
40.010,16.73,0.16,0.45,0.34,12.50,0.00,1936
40.027,16.72,0.18,0.54,8.10,10.41,6.84,1927
40.043,16.76,0.29,0.62,0.45,10.41,0.00,1918
40.060,16.73,0.36,0.89,12.74,10.22,11.45,1909
40.077,16.72,0.27,0.60,0.41,10.22,0.00,1907
40.094,16.78,0.39,0.90,11.87,14.24,10.83,1896
40.110,16.70,0.20,0.67,0.40,14.24,0.00,1889
40.127,16.74,0.36,0.96,12.06,15.24,10.98,1880
40.144,16.71,0.21,0.68,0.43,15.24,0.00,1871
40.160,16.75,0.37,0.92,11.95,14.98,10.90,1864
40.177,16.72,0.21,0.69,0.43,14.98,0.00,1861
40.194,16.75,0.41,0.95,10.52,14.69,9.20,1853
40.211,16.71,0.31,0.60,0.44,14.69,0.00,1847
40.227,16.75,0.33,0.89,11.57,13.43,10.27,1840
40.244,16.71,0.18,0.50,0.36,13.43,0.00,1836
40.261,16.73,0.35,0.91,9.64,14.55,8.56,1830
40.278,16.75,0.24,0.71,0.47,14.55,0.00,1822
40.294,16.79,0.40,0.93,11.71,11.87,10.35,1817
40.311,16.67,0.26,0.63,0.42,11.87,0.00,1809
40.328,16.68,0.34,0.88,9.63,14.12,8.61,1804
40.344,16.79,0.22,0.60,0.41,5.12,0.00,1793
40.361,16.66,0.19,0.65,9.28,8.78,8.28,1790
40.378,16.80,0.21,0.64,0.42,8.78,0.00,1781
40.395,16.75,0.35,0.88,10.06,9.93,8.76,1773
40.411,16.67,0.20,0.67,0.42,9.93,0.00,1772
40.428,16.79,0.35,0.86,11.37,10.86,10.10,1766
40.445,16.72,0.27,0.60,0.41,10.86,0.00,1757
40.462,16.69,0.33,0.84,12.02,11.07,11.00,1748
40.478,16.77,0.21,0.63,0.42,11.07,0.00,1738
40.495,16.75,0.43,0.88,10.03,13.58,8.98,1731
40.512,16.72,0.21,0.60,0.42,13.58,0.00,1725
40.529,16.75,0.35,0.87,9.58,11.72,8.50,1714
40.545,16.71,0.27,0.61,0.41,11.72,0.00,1705
40.562,16.75,0.37,0.84,11.78,11.00,10.75,1698
40.579,16.72,0.24,0.60,0.41,11.00,0.00,1691
40.595,16.75,0.35,0.87,11.30,13.06,10.27,1688
40.612,16.70,0.18,0.50,0.35,13.06,0.00,1683
40.629,16.84,0.32,0.86,10.52,12.74,9.24,1673
40.646,16.58,0.20,0.60,0.42,12.74,0.00,1669
40.662,16.82,0.36,0.84,10.41,11.60,9.12,1661
40.679,16.71,0.23,0.60,0.49,11.60,0.00,1650
40.696,16.75,0.35,0.85,9.55,11.18,8.51,1642
40.713,16.74,0.28,0.60,0.42,11.18,0.00,1633
40.729,16.73,0.36,0.82,11.88,10.13,10.85,1624
40.746,16.72,0.16,0.46,0.32,10.13,0.00,1618
40.763,16.78,0.40,1.01,9.31,12.55,8.29,1610
40.780,16.70,0.21,0.58,0.42,12.55,0.00,1602
40.796,16.68,0.36,0.84,9.58,9.33,8.53,1596
40.813,16.80,0.21,0.58,0.44,9.33,0.00,1587
40.830,16.74,0.35,0.83,10.46,9.80,9.39,1585
40.846,16.72,0.23,0.60,0.42,9.80,0.00,1573
40.863,16.76,0.35,0.84,12.08,10.65,11.02,1570
40.880,16.70,0.26,0.58,0.39,10.65,0.00,1566
40.897,16.73,0.19,0.67,10.14,12.22,8.87,1559
40.913,16.75,0.24,0.58,0.42,12.22,0.00,1556
40.930,16.74,0.37,0.82,9.81,9.74,8.71,1547
40.947,16.71,0.25,0.58,0.42,9.74,0.00,1538
40.964,16.70,0.35,0.82,12.17,9.74,11.13,1536
40.980,16.81,0.20,0.45,0.35,9.74,0.00,1532
40.997,16.70,0.21,0.69,9.84,12.20,8.82,1529
41.014,16.73,0.20,0.58,0.42,12.20,0.00,1523
41.031,16.75,0.34,0.81,9.77,9.37,8.67,1515
41.047,16.72,0.21,0.61,0.40,9.37,0.00,1503
41.064,16.75,0.35,0.83,11.90,9.42,10.87,1493
41.081,16.74,0.23,0.57,0.41,9.42,0.00,1484
41.098,16.73,0.30,0.80,10.33,11.55,9.04,1477
41.114,16.71,0.23,0.56,0.42,11.55,0.00,1467
41.131,16.76,0.33,0.80,12.02,9.76,11.01,1459
41.148,16.71,0.20,0.59,0.41,9.76,0.00,1452
41.164,16.75,0.28,0.79,10.41,11.43,9.12,1446
41.181,16.72,0.16,0.58,0.45,11.43,0.00,1442
41.198,16.72,0.21,0.85,12.07,9.68,11.06,1433
41.215,16.75,0.17,0.60,0.39,9.68,0.00,1425
41.231,16.75,0.28,0.81,10.39,11.19,9.11,1413
41.248,16.73,0.22,0.56,0.42,11.19,0.00,1409
41.265,16.74,0.21,0.86,11.75,9.55,10.74,1403
41.282,16.72,0.16,0.57,0.40,9.55,0.00,1389
41.298,16.73,0.17,0.58,9.61,10.89,8.58,1381
41.315,16.68,0.18,0.63,0.48,10.89,0.00,1373
41.332,16.81,0.21,0.82,9.90,8.12,8.80,1366
41.348,16.72,0.15,0.51,0.43,8.12,0.00,1358
41.365,16.76,0.27,0.71,11.88,8.75,10.85,1352
41.382,16.70,0.15,0.55,0.38,8.75,0.00,1344
41.399,16.75,0.27,0.74,9.90,10.63,8.66,1340
41.415,16.72,0.16,0.56,0.38,10.63,0.00,1337
41.432,16.75,0.25,0.71,11.44,8.44,10.18,1328
41.449,16.75,0.13,0.42,0.35,8.44,0.00,1323
41.466,16.72,0.28,0.71,9.46,10.25,8.44,1317
41.482,16.72,0.15,0.53,0.41,10.25,0.00,1309
41.499,16.81,0.28,0.76,12.07,7.98,11.03,1302
41.516,16.68,0.16,0.50,0.40,7.98,0.00,1290
41.533,16.73,0.25,0.72,9.66,10.77,8.62,1289
41.549,16.72,0.14,0.52,0.40,10.77,0.00,1286
41.566,16.76,0.26,0.75,12.14,7.96,11.11,1276
41.583,16.71,0.14,0.51,0.40,7.96,0.00,1270
41.600,16.75,0.25,0.73,9.51,10.47,8.46,1268
41.616,16.72,0.14,0.57,0.40,10.47,0.00,1263
41.633,16.75,0.18,0.71,12.08,7.78,11.08,1254
41.650,16.72,0.13,0.54,0.37,7.78,0.00,1248
41.666,16.75,0.24,0.68,10.37,10.03,9.12,1243
41.683,16.70,0.13,0.52,0.39,10.03,0.00,1230
41.700,16.79,0.30,0.71,11.93,8.42,10.91,1227
41.717,16.67,0.11,0.46,0.40,8.42,0.00,1218
41.733,16.71,0.20,0.76,10.32,10.12,9.06,1212
41.750,16.80,0.13,0.52,0.40,10.12,0.00,1210
41.767,16.78,0.27,0.73,10.81,8.16,9.54,1204
41.784,16.70,0.14,0.55,0.49,8.16,0.00,1196
41.800,16.74,0.13,0.47,8.83,8.78,7.84,1189
41.817,16.72,0.14,0.47,0.42,7.41,0.00,1181
41.834,16.75,0.18,0.72,11.89,7.42,10.62,1178
41.851,16.73,0.14,0.49,0.38,7.42,0.00,1173
41.867,16.67,0.20,0.75,12.02,9.75,10.72,1167
41.884,16.74,0.13,0.53,0.40,9.75,0.00,1158
41.901,16.77,0.19,0.81,10.44,9.84,9.12,1149
41.917,16.76,0.16,0.47,0.40,9.84,0.00,1145
41.934,16.74,0.17,0.69,11.12,8.17,9.85,1140
41.951,16.72,0.13,0.53,0.39,8.17,0.00,1131
41.968,16.74,0.17,0.75,11.96,8.78,10.95,1119
41.984,16.70,0.11,0.40,0.39,8.78,0.00,1111
42.001,16.77,0.22,0.67,10.40,9.83,9.14,1105
42.018,16.76,0.13,0.50,0.42,9.83,0.00,1100
42.035,16.64,0.19,0.75,12.13,8.01,11.11,1091
42.051,16.78,0.13,0.46,0.40,8.01,0.00,1084
42.068,16.75,0.17,0.73,9.76,9.76,8.73,1078
42.085,16.71,0.13,0.51,0.39,9.76,0.00,1073
42.102,16.76,0.17,0.70,12.73,7.31,11.47,1066
42.118,16.71,0.10,0.40,0.36,7.31,0.00,1062
42.135,16.74,0.12,0.48,9.49,10.28,8.28,1053
42.152,16.74,0.12,0.45,0.40,10.28,0.00,1047
42.168,16.75,0.16,0.73,12.60,7.17,11.34,1042
42.185,16.72,0.13,0.45,0.38,7.17,0.00,1035
42.202,16.75,0.17,0.71,11.26,9.95,10.23,1032
42.219,16.71,0.13,0.52,0.39,9.95,0.00,1028
42.235,16.78,0.17,0.70,11.98,8.63,10.97,1021
42.252,16.68,0.11,0.38,0.32,8.63,0.00,1017
42.269,16.70,0.28,0.64,9.36,9.56,8.34,1014
42.286,16.78,0.14,0.46,0.40,9.56,0.00,1004
42.302,16.75,0.17,0.70,12.70,7.09,11.42,997
42.319,16.72,0.13,0.43,0.36,7.09,0.00,993
42.336,16.75,0.18,0.70,9.76,9.99,8.70,989
42.352,16.66,0.15,0.55,0.41,9.99,0.00,982
42.369,16.75,0.19,0.77,11.02,7.04,9.68,976
42.386,16.78,0.15,0.49,0.40,7.04,0.00,967
42.403,16.70,0.16,0.72,12.40,7.99,11.37,961
42.419,16.77,0.13,0.48,0.40,7.99,0.00,957
42.436,16.74,0.16,0.71,10.03,9.31,8.76,948
42.453,16.72,0.13,0.47,0.39,9.31,0.00,942
42.470,16.75,0.16,0.71,11.54,7.15,10.52,937
42.486,16.71,0.12,0.46,0.37,7.15,0.00,930
42.503,16.76,0.16,0.68,9.78,8.40,8.77,923
42.520,16.70,0.12,0.48,0.39,8.40,0.00,917
42.537,16.83,0.26,0.63,11.62,6.93,10.60,910
42.553,16.64,0.12,0.47,0.38,6.93,0.00,902
42.570,16.69,0.15,0.67,10.46,8.69,9.21,894
42.587,16.79,0.11,0.44,0.39,8.69,0.00,886
42.604,16.74,0.16,0.69,9.64,7.34,8.64,873
42.620,16.78,0.12,0.45,0.39,7.34,0.00,863
42.637,16.68,0.16,0.67,11.01,6.86,10.00,855
42.654,16.67,0.14,0.48,0.43,6.86,0.00,847
42.670,16.80,0.16,0.64,12.18,7.78,11.17,844
42.687,16.72,0.11,0.44,0.40,7.78,0.00,836
42.704,16.76,0.09,0.65,9.52,8.84,8.52,827
42.721,16.72,0.09,0.46,0.38,8.84,0.00,819
42.737,16.73,0.12,0.62,12.47,6.82,11.21,812
42.754,16.70,0.08,0.34,0.32,6.82,0.00,801
42.771,16.77,0.12,0.67,9.99,9.30,8.97,795
42.788,16.72,0.11,0.43,0.43,9.30,0.00,788
42.804,16.75,0.12,0.65,9.66,6.80,8.66,778
42.821,16.73,0.10,0.45,0.40,6.80,0.00,775
42.838,16.74,0.12,0.65,12.33,6.79,11.07,771
42.855,16.76,0.09,0.43,0.38,6.79,0.00,765
42.871,16.71,0.12,0.67,11.97,8.92,10.96,758
42.888,16.65,0.08,0.35,0.40,8.92,0.00,749
42.905,16.79,0.08,0.48,9.56,8.59,8.55,742
42.921,16.75,0.09,0.47,0.47,6.79,0.00,735
42.938,16.82,0.17,0.56,10.71,6.79,9.47,732
42.955,16.66,0.09,0.44,0.36,6.79,0.00,726
42.972,16.67,0.12,0.65,11.74,7.27,10.48,722
42.988,16.79,0.09,0.43,0.38,7.27,0.00,715
43.005,16.75,0.11,0.60,11.82,8.24,10.57,705
43.022,16.77,0.09,0.42,0.37,8.24,0.00,700
43.039,16.70,0.12,0.71,11.68,8.20,10.64,694
43.055,16.72,0.08,0.44,0.39,8.20,0.00,693
43.072,16.67,0.11,0.56,10.77,8.13,9.50,687
43.089,16.79,0.08,0.42,0.36,8.13,0.00,679
43.106,16.75,0.11,0.59,11.55,7.09,10.53,668
43.122,16.72,0.08,0.41,0.37,7.09,0.00,659
43.139,16.75,0.10,0.60,11.39,7.88,10.39,654
43.156,16.71,0.08,0.39,0.40,7.88,0.00,651
43.172,16.75,0.11,0.57,10.15,7.88,8.91,647
43.189,16.72,0.09,0.43,0.39,7.88,0.00,640
43.206,16.74,0.11,0.58,11.80,6.76,10.57,636
43.223,16.72,0.08,0.43,0.34,6.76,0.00,623
43.239,16.68,0.11,0.57,11.84,8.25,10.58,617
43.256,16.79,0.09,0.39,8.29,6.73,7.34,613
43.273,16.70,0.07,0.34,0.31,6.70,0.00,607
43.290,16.78,0.10,0.58,9.67,6.76,8.65,598
43.306,16.71,0.08,0.42,0.44,6.76,0.00,593
43.323,16.74,0.10,0.55,11.32,6.75,10.28,583
43.340,16.73,0.10,0.44,0.40,6.75,0.00,573
43.357,16.75,0.12,0.58,11.37,7.58,10.33,566
43.373,16.70,0.08,0.43,0.39,7.58,0.00,558
43.390,16.74,0.10,0.55,11.65,7.73,10.42,549
43.407,16.72,0.08,0.42,0.34,7.73,0.00,538
43.423,16.75,0.10,0.58,11.66,8.04,10.40,528
43.440,16.72,0.08,0.41,0.38,8.04,0.00,522
43.457,16.74,0.10,0.53,10.64,7.97,9.39,519
43.474,16.72,0.08,0.37,0.37,7.97,0.00,510
43.490,16.76,0.10,0.55,11.19,6.97,9.96,506
43.507,16.70,0.08,0.39,0.37,6.97,0.00,498
43.524,16.76,0.12,0.57,11.45,7.49,10.18,491
43.541,16.71,0.08,0.44,0.37,7.49,0.00,481
43.557,16.74,0.12,0.47,11.50,7.68,10.26,478
43.574,16.72,0.08,0.38,0.38,7.68,0.00,473
43.591,16.74,0.08,0.54,11.51,7.73,10.27,466
43.608,16.72,0.06,0.39,0.37,7.73,0.00,460
43.624,16.77,0.07,0.50,11.24,7.67,10.00,454
43.641,16.69,0.06,0.41,0.33,7.67,0.00,449
43.658,16.74,0.08,0.53,12.60,7.46,11.37,441
43.674,16.72,0.05,0.40,0.36,7.46,0.00,432
43.691,16.75,0.06,0.54,10.76,8.81,9.54,424
43.708,16.72,0.05,0.42,0.38,8.81,0.00,417
43.725,16.74,0.07,0.50,12.73,6.93,11.50,411
43.741,16.72,0.05,0.40,0.33,6.93,0.00,401
43.758,16.75,0.07,0.54,10.78,9.01,9.79,398
43.775,16.72,0.06,0.40,0.34,9.01,0.00,390
43.792,16.75,0.07,0.51,11.18,7.06,9.93,386
43.808,16.72,0.06,0.36,0.36,7.06,0.00,378
43.825,16.75,0.07,0.51,11.10,7.41,9.83,370
43.842,16.73,0.05,0.41,0.38,7.41,0.00,368
43.858,16.69,0.07,0.56,10.98,7.21,9.74,358
43.875,16.78,0.05,0.41,0.36,7.21,0.00,354
43.892,16.74,0.06,0.49,10.87,7.19,9.64,339
43.909,16.72,0.05,0.39,0.36,7.19,0.00,336
43.925,16.75,0.05,0.53,10.85,7.10,9.60,331
43.942,16.72,0.03,0.40,0.35,7.10,0.00,324
43.959,16.75,0.04,0.56,12.78,7.11,11.53,316
43.976,16.72,0.04,0.36,0.36,7.11,0.00,311
43.992,16.75,0.05,0.48,10.72,9.04,9.48,302
44.009,16.72,0.03,0.36,0.34,9.04,0.00,299
44.026,16.74,0.04,0.42,11.54,6.94,10.29,293
44.043,16.73,0.03,0.36,0.33,6.94,0.00,292
44.059,16.74,0.04,0.44,12.62,7.69,11.42,281
44.076,16.72,0.03,0.37,0.34,7.69,0.00,273
44.093,16.76,0.04,0.45,10.89,8.78,9.66,261
44.110,16.71,0.02,0.36,0.34,8.78,0.00,256
44.126,16.74,0.02,0.48,12.66,7.05,11.43,246
44.143,16.65,0.02,0.34,0.35,7.05,0.00,234
44.160,16.82,0.04,0.48,12.23,8.91,11.26,224
44.176,16.72,0.01,0.38,0.31,8.91,0.00,219
44.193,16.75,0.01,0.47,9.61,8.44,8.62,219
44.210,16.72,0.01,0.38,0.34,6.55,0.00,212
44.227,16.74,0.02,0.49,12.86,6.62,11.62,204
44.243,16.72,0.01,0.39,0.35,6.62,0.00,199
44.260,16.75,0.01,0.50,12.12,8.92,11.14,193
44.277,16.72,0.00,0.40,0.36,8.92,0.00,220
